booking_id,customer_id,booking_date,dive_date,dive_type,num_dives,price_inr,status,cancellation_reason,trip_id,boat_slot,lead_time_days,price_quarantined,season_year,dive_month,dive_ym,is_weekend,revenue_inr
B000001,C00001,2023-12-18,2024-01-01,Course,4,26700.0,Completed,,T00001,1,14,False,2023-24 (half),1,2024-01,False,26700.0
B000002,C00002,2023-11-17,2024-01-01,Fun Dive,3,11500.0,Completed,,T00001,2,45,False,2023-24 (half),1,2024-01,False,11500.0
B000003,C00003,2023-12-23,2024-01-01,Fun Dive,1,3600.0,Completed,,T00001,4,9,False,2023-24 (half),1,2024-01,False,3600.0
B000004,C00004,2023-12-19,2024-01-01,Fun Dive,1,3750.0,Completed,,T00001,5,13,False,2023-24 (half),1,2024-01,False,3750.0
B000005,C00004,2023-11-21,2024-01-01,Fun Dive,3,12050.0,Cancelled,Customer,T00001,6,41,False,2023-24 (half),1,2024-01,False,
B000006,C00005,2023-12-26,2024-01-01,Fun Dive,1,3800.0,Completed,,T00001,7,6,False,2023-24 (half),1,2024-01,False,3800.0
B000007,C00006,2023-11-26,2024-01-01,Course,4,24650.0,Cancelled,Customer,T00001,8,36,False,2023-24 (half),1,2024-01,False,
B000008,C00007,2023-12-04,2024-01-01,Fun Dive,1,3850.0,Completed,,T00001,9,28,False,2023-24 (half),1,2024-01,False,3850.0
B000009,C00007,2023-11-21,2024-01-01,Fun Dive,2,7900.0,Completed,,T00001,10,41,False,2023-24 (half),1,2024-01,False,7900.0
B000010,C00001,2023-12-10,2024-01-01,Fun Dive,2,7750.0,Completed,,T00001,11,22,False,2023-24 (half),1,2024-01,False,7750.0
B000011,C00007,2023-11-27,2024-01-01,Fun Dive,1,3800.0,Completed,,T00001,12,35,False,2023-24 (half),1,2024-01,False,3800.0
B000012,C00002,2023-11-26,2024-01-01,Fun Dive,2,7400.0,Completed,,T00002,2,36,False,2023-24 (half),1,2024-01,False,7400.0
B000013,C00007,2023-12-11,2024-01-01,Fun Dive,3,11000.0,Completed,,T00002,3,21,False,2023-24 (half),1,2024-01,False,11000.0
B000014,C00008,2023-11-25,2024-01-01,Discovery Dive,2,9550.0,Completed,,T00002,4,37,False,2023-24 (half),1,2024-01,False,9550.0
B000015,C00009,2023-11-23,2024-01-01,Fun Dive,2,6150.0,Completed,,T00002,5,39,False,2023-24 (half),1,2024-01,False,6150.0
B000016,C00010,2023-12-30,2024-01-01,Course,5,24350.0,Completed,,T00002,7,2,False,2023-24 (half),1,2024-01,False,24350.0
B000017,C00011,2023-11-29,2024-01-01,Discovery Dive,1,5450.0,Completed,,T00002,8,33,False,2023-24 (half),1,2024-01,False,5450.0
B000018,C00012,2023-12-02,2024-01-01,Fun Dive,2,7450.0,Completed,,T00002,10,30,False,2023-24 (half),1,2024-01,False,7450.0
B000019,C00010,2023-12-22,2024-01-01,Fun Dive,1,3450.0,Completed,,T00002,11,10,False,2023-24 (half),1,2024-01,False,3450.0
B000020,C00013,2023-11-20,2024-01-01,Fun Dive,2,7950.0,Completed,,T00002,12,42,False,2023-24 (half),1,2024-01,False,7950.0
B000021,C00014,2023-12-06,2024-01-02,Fun Dive,2,6700.0,Completed,,T00003,1,27,False,2023-24 (half),1,2024-01,False,6700.0
B000022,C00015,2023-12-21,2024-01-02,Discovery Dive,1,4800.0,Completed,,T00003,2,12,False,2023-24 (half),1,2024-01,False,4800.0
B000023,C00016,2023-12-22,2024-01-02,Discovery Dive,1,5300.0,Completed,,T00003,3,11,False,2023-24 (half),1,2024-01,False,5300.0
B000024,C00012,2023-12-19,2024-01-02,Fun Dive,2,7250.0,Completed,,T00003,4,14,False,2023-24 (half),1,2024-01,False,7250.0
B000025,C00011,2023-12-28,2024-01-02,Fun Dive,2,7700.0,Cancelled,Customer,T00003,6,5,False,2023-24 (half),1,2024-01,False,
B000026,C00012,2023-11-30,2024-01-02,Course,4,27150.0,Completed,,T00003,7,33,False,2023-24 (half),1,2024-01,False,27150.0
B000027,C00017,2023-12-08,2024-01-02,Discovery Dive,1,5900.0,Completed,,T00003,8,25,False,2023-24 (half),1,2024-01,False,5900.0
B000028,C00018,2023-12-07,2024-01-02,Discovery Dive,1,5600.0,Completed,,T00003,9,26,False,2023-24 (half),1,2024-01,False,5600.0
B000029,C00019,2023-12-11,2024-01-02,Fun Dive,1,3750.0,Completed,,T00004,2,22,False,2023-24 (half),1,2024-01,False,3750.0
B000030,C00012,2023-11-27,2024-01-02,Fun Dive,1,4050.0,Completed,,T00004,3,36,False,2023-24 (half),1,2024-01,False,4050.0
B000031,C00020,2023-12-03,2024-01-02,Discovery Dive,1,5100.0,Completed,,T00004,4,30,False,2023-24 (half),1,2024-01,False,5100.0
B000032,C00021,2023-12-22,2024-01-02,Fun Dive,4,11650.0,Completed,,T00004,5,11,False,2023-24 (half),1,2024-01,False,11650.0
B000033,C00022,2023-12-08,2024-01-02,Course,4,25950.0,Completed,,T00004,6,25,False,2023-24 (half),1,2024-01,False,25950.0
B000034,C00023,2023-11-23,2024-01-02,Fun Dive,1,3700.0,Completed,,T00004,7,40,False,2023-24 (half),1,2024-01,False,3700.0
B000035,C00024,2023-11-20,2024-01-02,Fun Dive,3,9200.0,Completed,,T00004,8,43,False,2023-24 (half),1,2024-01,False,9200.0
B000036,C00025,2023-12-08,2024-01-02,Discovery Dive,1,5700.0,Completed,,T00004,9,25,False,2023-24 (half),1,2024-01,False,5700.0
B000037,C00012,2023-12-26,2024-01-03,Fun Dive,2,7600.0,Completed,,T00005,3,8,False,2023-24 (half),1,2024-01,False,7600.0
B000038,C00016,2023-12-18,2024-01-03,Fun Dive,1,3750.0,Completed,,T00005,4,16,False,2023-24 (half),1,2024-01,False,3750.0
B000039,C00026,2023-11-30,2024-01-03,Discovery Dive,2,10800.0,Completed,,T00005,6,34,False,2023-24 (half),1,2024-01,False,10800.0
B000040,C00027,2023-12-12,2024-01-03,Fun Dive,1,3050.0,Cancelled,Medical,T00005,7,22,False,2023-24 (half),1,2024-01,False,
B000041,C00028,2023-12-18,2024-01-03,Discovery Dive,1,5450.0,Completed,,T00005,8,16,False,2023-24 (half),1,2024-01,False,5450.0
B000042,C00014,2023-12-06,2024-01-03,Course,4,24850.0,Completed,,T00005,9,28,False,2023-24 (half),1,2024-01,False,24850.0
B000043,C00029,2023-12-05,2024-01-03,Course,4,24150.0,Completed,,T00005,10,29,False,2023-24 (half),1,2024-01,False,24150.0
B000044,C00030,2023-12-14,2024-01-03,Course,5,25900.0,Completed,,T00006,1,20,False,2023-24 (half),1,2024-01,False,25900.0
B000045,C00029,2024-01-03,2024-01-03,Course,5,26650.0,Completed,,T00006,3,0,False,2023-24 (half),1,2024-01,False,26650.0
B000046,C00031,2023-12-12,2024-01-03,Discovery Dive,1,5300.0,Completed,,T00006,4,22,False,2023-24 (half),1,2024-01,False,5300.0
B000047,C00026,2023-12-10,2024-01-03,Fun Dive,2,7850.0,No-show,,T00006,6,24,False,2023-24 (half),1,2024-01,False,
B000048,C00032,2024-01-03,2024-01-03,Discovery Dive,1,5200.0,Completed,,T00006,7,0,False,2023-24 (half),1,2024-01,False,5200.0
B000049,C00033,2023-12-28,2024-01-03,Fun Dive,1,3500.0,Completed,,T00006,8,6,False,2023-24 (half),1,2024-01,False,3500.0
B000050,C00034,2023-12-12,2024-01-04,Fun Dive,4,15250.0,Completed,,T00007,1,23,False,2023-24 (half),1,2024-01,False,15250.0
B000051,C00035,2023-12-09,2024-01-04,Course,4,26750.0,Completed,,T00007,2,26,False,2023-24 (half),1,2024-01,False,26750.0
B000052,C00036,2023-12-09,2024-01-04,Discovery Dive,2,11150.0,Completed,,T00007,3,26,False,2023-24 (half),1,2024-01,False,11150.0
B000053,C00037,2023-12-15,2024-01-04,Fun Dive,4,14800.0,Completed,,T00007,4,20,False,2023-24 (half),1,2024-01,False,14800.0
B000054,C00017,2023-12-10,2024-01-04,Discovery Dive,1,5300.0,Completed,,T00007,6,25,False,2023-24 (half),1,2024-01,False,5300.0
B000055,C00038,2023-12-08,2024-01-04,Fun Dive,3,12200.0,Completed,,T00007,7,27,False,2023-24 (half),1,2024-01,False,12200.0
B000056,C00039,2023-12-08,2024-01-04,Fun Dive,4,14250.0,Completed,,T00007,8,27,False,2023-24 (half),1,2024-01,False,14250.0
B000057,C00029,2023-12-08,2024-01-04,Fun Dive,3,10400.0,Completed,,T00007,9,27,False,2023-24 (half),1,2024-01,False,10400.0
B000058,C00040,2023-11-27,2024-01-04,Course,5,26500.0,Completed,,T00007,11,38,False,2023-24 (half),1,2024-01,False,26500.0
B000059,C00035,2023-11-21,2024-01-04,Fun Dive,4,15300.0,No-show,,T00008,1,44,False,2023-24 (half),1,2024-01,False,
B000060,C00041,2023-12-18,2024-01-04,Discovery Dive,1,5050.0,Cancelled,Weather,T00008,2,17,False,2023-24 (half),1,2024-01,False,
B000061,C00042,2023-11-30,2024-01-04,Discovery Dive,1,5500.0,Cancelled,Weather,T00008,3,35,False,2023-24 (half),1,2024-01,False,
B000062,C00026,2023-12-03,2024-01-04,Fun Dive,1,3800.0,Completed,,T00008,4,32,False,2023-24 (half),1,2024-01,False,3800.0
B000063,C00043,2023-12-20,2024-01-04,Fun Dive,4,15200.0,Completed,,T00008,6,15,False,2023-24 (half),1,2024-01,False,15200.0
B000064,C00044,2023-12-15,2024-01-04,Discovery Dive,2,9700.0,Cancelled,Medical,T00008,7,20,False,2023-24 (half),1,2024-01,False,
B000065,C00002,2023-11-25,2024-01-04,Fun Dive,4,14350.0,Completed,,T00008,8,40,False,2023-24 (half),1,2024-01,False,14350.0
B000066,C00045,2023-11-20,2024-01-04,Course,5,27550.0,Completed,,T00008,9,45,False,2023-24 (half),1,2024-01,False,27550.0
B000067,C00046,2023-12-20,2024-01-04,Course,5,27600.0,Completed,,T00008,10,15,False,2023-24 (half),1,2024-01,False,27600.0
B000068,C00047,2023-11-30,2024-01-04,Discovery Dive,2,10000.0,Completed,,T00008,11,35,False,2023-24 (half),1,2024-01,False,10000.0
B000069,C00048,2023-12-07,2024-01-05,Course,4,22950.0,Completed,,T00009,2,29,False,2023-24 (half),1,2024-01,False,22950.0
B000070,C00049,2023-12-27,2024-01-05,Course,5,27900.0,Completed,,T00009,3,9,False,2023-24 (half),1,2024-01,False,27900.0
B000071,C00050,2023-12-10,2024-01-05,Fun Dive,4,13200.0,Completed,,T00009,4,26,False,2023-24 (half),1,2024-01,False,13200.0
B000072,C00036,2024-01-03,2024-01-05,Fun Dive,1,3650.0,Cancelled,Customer,T00009,5,2,False,2023-24 (half),1,2024-01,False,
B000073,C00051,2023-12-12,2024-01-05,Course,5,25950.0,Completed,,T00009,7,24,False,2023-24 (half),1,2024-01,False,25950.0
B000074,C00018,2023-11-30,2024-01-05,Discovery Dive,1,5000.0,Completed,,T00009,9,36,False,2023-24 (half),1,2024-01,False,5000.0
B000075,C00052,2023-12-18,2024-01-05,Fun Dive,2,7200.0,Completed,,T00009,10,18,False,2023-24 (half),1,2024-01,False,7200.0
B000076,C00053,2023-12-24,2024-01-05,Fun Dive,2,7700.0,Completed,,T00010,1,12,False,2023-24 (half),1,2024-01,False,7700.0
B000077,C00054,2023-12-14,2024-01-05,Fun Dive,1,3650.0,Completed,,T00010,2,22,False,2023-24 (half),1,2024-01,False,3650.0
B000078,C00055,2023-12-21,2024-01-05,Discovery Dive,1,5550.0,Completed,,T00010,3,15,False,2023-24 (half),1,2024-01,False,5550.0
B000079,C00056,2023-12-03,2024-01-05,Course,4,26100.0,Completed,,T00010,4,33,False,2023-24 (half),1,2024-01,False,26100.0
B000080,C00057,2023-12-17,2024-01-05,Discovery Dive,1,5450.0,No-show,,T00010,5,19,False,2023-24 (half),1,2024-01,False,
B000081,C00050,2023-11-27,2024-01-05,Fun Dive,1,3250.0,No-show,,T00010,7,39,False,2023-24 (half),1,2024-01,False,
B000082,C00058,2023-11-21,2024-01-05,Fun Dive,1,3750.0,Completed,,T00010,9,45,False,2023-24 (half),1,2024-01,False,3750.0
B000083,C00059,2023-12-07,2024-01-05,Discovery Dive,1,5100.0,Completed,,T00010,11,29,False,2023-24 (half),1,2024-01,False,5100.0
B000084,C00060,2023-12-02,2024-01-06,Course,4,27250.0,Completed,,T00011,2,35,False,2023-24 (half),1,2024-01,True,27250.0
B000085,C00028,2023-11-25,2024-01-06,Fun Dive,2,7550.0,Completed,,T00011,3,42,False,2023-24 (half),1,2024-01,True,7550.0
B000086,C00007,2023-11-29,2024-01-06,Fun Dive,1,3950.0,Completed,,T00011,5,38,False,2023-24 (half),1,2024-01,True,3950.0
B000087,C00061,2023-11-24,2024-01-06,Fun Dive,2,7300.0,Completed,,T00011,6,43,False,2023-24 (half),1,2024-01,True,7300.0
B000088,C00062,2023-12-12,2024-01-06,Fun Dive,4,15300.0,Completed,,T00011,7,25,False,2023-24 (half),1,2024-01,True,15300.0
B000089,C00063,2023-12-29,2024-01-06,Fun Dive,1,3850.0,Completed,,T00011,8,8,False,2023-24 (half),1,2024-01,True,3850.0
B000090,C00064,2023-12-03,2024-01-06,Fun Dive,2,7100.0,Completed,,T00011,9,34,False,2023-24 (half),1,2024-01,True,7100.0
B000091,C00065,2023-12-03,2024-01-06,Fun Dive,2,7800.0,Completed,,T00011,10,34,False,2023-24 (half),1,2024-01,True,7800.0
B000092,C00066,2023-12-01,2024-01-06,Discovery Dive,1,5900.0,Completed,,T00011,11,36,False,2023-24 (half),1,2024-01,True,5900.0
B000093,C00067,2023-11-25,2024-01-06,Fun Dive,3,11300.0,Completed,,T00011,12,42,False,2023-24 (half),1,2024-01,True,11300.0
B000094,C00068,2024-01-03,2024-01-06,Fun Dive,4,13950.0,Completed,,T00012,1,3,False,2023-24 (half),1,2024-01,True,13950.0
B000095,C00069,2023-12-10,2024-01-06,Fun Dive,4,13650.0,Completed,,T00012,2,27,False,2023-24 (half),1,2024-01,True,13650.0
B000096,C00051,2023-12-04,2024-01-06,Fun Dive,3,11000.0,Completed,,T00012,4,33,False,2023-24 (half),1,2024-01,True,11000.0
B000097,C00070,2023-11-29,2024-01-06,Fun Dive,1,4000.0,Completed,,T00012,5,38,False,2023-24 (half),1,2024-01,True,4000.0
B000098,C00071,2023-12-27,2024-01-06,Course,4,27850.0,Completed,,T00012,6,10,False,2023-24 (half),1,2024-01,True,27850.0
B000099,C00072,2023-12-09,2024-01-06,Discovery Dive,1,5750.0,Completed,,T00012,7,28,False,2023-24 (half),1,2024-01,True,5750.0
B000100,C00058,2023-12-28,2024-01-06,Course,4,28250.0,Cancelled,Weather,T00012,8,9,False,2023-24 (half),1,2024-01,True,
B000101,C00073,2023-12-14,2024-01-07,Fun Dive,3,10900.0,Completed,,T00013,1,24,False,2023-24 (half),1,2024-01,True,10900.0
B000102,C00074,2024-01-06,2024-01-07,Fun Dive,1,3700.0,Completed,,T00013,2,1,False,2023-24 (half),1,2024-01,True,3700.0
B000103,C00075,2023-12-27,2024-01-07,Course,4,29350.0,Cancelled,Customer,T00013,4,11,False,2023-24 (half),1,2024-01,True,
B000104,C00076,2023-12-02,2024-01-07,Course,5,23250.0,Completed,,T00013,5,36,False,2023-24 (half),1,2024-01,True,23250.0
B000105,C00077,2023-12-27,2024-01-07,Fun Dive,2,7700.0,Cancelled,Unknown,T00013,7,11,False,2023-24 (half),1,2024-01,True,
B000106,C00078,2023-12-19,2024-01-07,Fun Dive,1,3750.0,Completed,,T00013,8,19,False,2023-24 (half),1,2024-01,True,3750.0
B000107,C00047,2023-12-25,2024-01-07,Fun Dive,4,13750.0,Completed,,T00013,9,13,False,2023-24 (half),1,2024-01,True,13750.0
B000108,C00059,2023-12-07,2024-01-07,Course,5,28800.0,Completed,,T00014,1,31,False,2023-24 (half),1,2024-01,True,28800.0
B000109,C00079,2023-11-29,2024-01-07,Fun Dive,2,7400.0,Completed,,T00014,2,39,False,2023-24 (half),1,2024-01,True,7400.0
B000110,C00035,2023-12-09,2024-01-07,Course,4,27000.0,Completed,,T00014,3,29,False,2023-24 (half),1,2024-01,True,27000.0
B000111,C00079,2023-12-05,2024-01-07,Fun Dive,2,7450.0,Completed,,T00014,5,33,False,2023-24 (half),1,2024-01,True,7450.0
B000112,C00080,2023-12-08,2024-01-07,Discovery Dive,1,4850.0,Completed,,T00014,6,30,False,2023-24 (half),1,2024-01,True,4850.0
B000113,C00081,2023-11-23,2024-01-07,Discovery Dive,1,5100.0,Completed,,T00014,7,45,False,2023-24 (half),1,2024-01,True,5100.0
B000114,C00082,2023-12-21,2024-01-07,Discovery Dive,1,5700.0,Completed,,T00014,8,17,False,2023-24 (half),1,2024-01,True,5700.0
B000115,C00083,2023-12-23,2024-01-07,Course,4,25650.0,Completed,,T00014,9,15,False,2023-24 (half),1,2024-01,True,25650.0
B000116,C00084,2023-12-10,2024-01-07,Fun Dive,2,7450.0,Completed,,T00014,10,28,False,2023-24 (half),1,2024-01,True,7450.0
B000117,C00064,2023-12-30,2024-01-07,Course,4,26550.0,Cancelled,Customer,T00015,1,8,False,2023-24 (half),1,2024-01,True,
B000118,C00085,2023-12-20,2024-01-07,Course,4,28850.0,Completed,,T00015,2,18,False,2023-24 (half),1,2024-01,True,28850.0
B000119,C00086,2023-11-23,2024-01-07,Discovery Dive,1,5500.0,Completed,,T00015,4,45,False,2023-24 (half),1,2024-01,True,5500.0
B000120,C00069,2023-12-09,2024-01-07,Fun Dive,4,14300.0,Completed,,T00015,5,29,False,2023-24 (half),1,2024-01,True,14300.0
B000121,C00087,2024-01-06,2024-01-07,Fun Dive,1,3100.0,Cancelled,Customer,T00015,6,1,False,2023-24 (half),1,2024-01,True,
B000122,C00088,2023-11-30,2024-01-07,Discovery Dive,2,11250.0,Completed,,T00015,7,38,False,2023-24 (half),1,2024-01,True,11250.0
B000123,C00089,2023-12-12,2024-01-07,Fun Dive,2,7050.0,Completed,,T00015,8,26,False,2023-24 (half),1,2024-01,True,7050.0
B000124,C00023,2023-12-15,2024-01-08,Fun Dive,3,11650.0,Completed,,T00016,1,24,False,2023-24 (half),1,2024-01,False,11650.0
B000125,C00090,2023-11-25,2024-01-08,Discovery Dive,1,4650.0,Completed,,T00016,4,44,False,2023-24 (half),1,2024-01,False,4650.0
B000126,C00091,2023-11-25,2024-01-08,Discovery Dive,1,5050.0,Completed,,T00016,5,44,False,2023-24 (half),1,2024-01,False,5050.0
B000127,C00046,2023-11-29,2024-01-08,Course,4,28200.0,Completed,,T00016,6,40,False,2023-24 (half),1,2024-01,False,28200.0
B000128,C00092,2023-12-29,2024-01-08,Fun Dive,2,7350.0,Completed,,T00016,7,10,False,2023-24 (half),1,2024-01,False,7350.0
B000129,C00093,2023-12-01,2024-01-08,Fun Dive,2,6450.0,Completed,,T00016,8,38,False,2023-24 (half),1,2024-01,False,6450.0
B000130,C00094,2024-01-06,2024-01-08,Course,5,25400.0,Completed,,T00016,10,2,False,2023-24 (half),1,2024-01,False,25400.0
B000131,C00045,2023-12-17,2024-01-08,Course,4,28650.0,Completed,,T00017,1,22,False,2023-24 (half),1,2024-01,False,28650.0
B000132,C00028,2024-01-02,2024-01-08,Fun Dive,4,13800.0,No-show,,T00017,2,6,False,2023-24 (half),1,2024-01,False,
B000133,C00095,2023-12-19,2024-01-08,Fun Dive,3,11450.0,Completed,,T00017,3,20,False,2023-24 (half),1,2024-01,False,11450.0
B000134,C00096,2023-12-14,2024-01-08,Fun Dive,2,6750.0,Completed,,T00017,5,25,False,2023-24 (half),1,2024-01,False,6750.0
B000135,C00014,2023-12-27,2024-01-08,Fun Dive,4,13800.0,Completed,,T00017,6,12,False,2023-24 (half),1,2024-01,False,13800.0
B000136,C00092,2023-12-17,2024-01-08,Fun Dive,2,7750.0,Completed,,T00017,7,22,False,2023-24 (half),1,2024-01,False,7750.0
B000137,C00097,2023-12-20,2024-01-08,Discovery Dive,1,5250.0,Completed,,T00017,8,19,False,2023-24 (half),1,2024-01,False,5250.0
B000138,C00098,2024-01-01,2024-01-08,Discovery Dive,1,5550.0,Completed,,T00017,10,7,False,2023-24 (half),1,2024-01,False,5550.0
B000139,C00099,2024-01-05,2024-01-08,Course,4,27500.0,Completed,,T00017,11,3,False,2023-24 (half),1,2024-01,False,27500.0
B000140,C00100,2023-11-26,2024-01-09,Discovery Dive,1,5050.0,Completed,,T00018,1,44,False,2023-24 (half),1,2024-01,False,5050.0
B000141,C00101,2023-12-19,2024-01-09,Course,5,28050.0,Completed,,T00018,3,21,False,2023-24 (half),1,2024-01,False,28050.0
B000142,C00102,2023-12-03,2024-01-09,Discovery Dive,1,5450.0,Completed,,T00018,4,37,False,2023-24 (half),1,2024-01,False,5450.0
B000143,C00027,2023-11-28,2024-01-09,Fun Dive,1,3300.0,Completed,,T00018,5,42,False,2023-24 (half),1,2024-01,False,3300.0
B000144,C00103,2023-12-13,2024-01-09,Fun Dive,4,14900.0,Completed,,T00018,6,27,False,2023-24 (half),1,2024-01,False,14900.0
B000145,C00104,2023-12-31,2024-01-09,Course,4,28400.0,Completed,,T00018,8,9,False,2023-24 (half),1,2024-01,False,28400.0
B000146,C00105,2023-12-02,2024-01-09,Fun Dive,2,6900.0,Completed,,T00018,9,38,False,2023-24 (half),1,2024-01,False,6900.0
B000147,C00106,2023-12-06,2024-01-09,Course,4,22350.0,No-show,,T00019,1,34,False,2023-24 (half),1,2024-01,False,
B000148,C00107,2023-12-16,2024-01-09,Discovery Dive,1,5850.0,Completed,,T00019,2,24,False,2023-24 (half),1,2024-01,False,5850.0
B000149,C00108,2023-11-29,2024-01-09,Discovery Dive,1,5100.0,Completed,,T00019,3,41,False,2023-24 (half),1,2024-01,False,5100.0
B000150,C00109,2024-01-06,2024-01-09,Fun Dive,3,10700.0,No-show,,T00019,5,3,False,2023-24 (half),1,2024-01,False,
B000151,C00110,2023-12-10,2024-01-09,Course,5,27550.0,Completed,,T00019,6,30,False,2023-24 (half),1,2024-01,False,27550.0
B000152,C00037,2023-12-04,2024-01-09,Course,4,26350.0,Completed,,T00019,7,36,False,2023-24 (half),1,2024-01,False,26350.0
B000153,C00111,2023-11-25,2024-01-09,Fun Dive,4,15150.0,Completed,,T00019,8,45,False,2023-24 (half),1,2024-01,False,15150.0
B000154,C00112,2023-12-25,2024-01-09,Discovery Dive,1,5750.0,Completed,,T00019,9,15,False,2023-24 (half),1,2024-01,False,5750.0
B000155,C00089,2024-01-05,2024-01-09,Fun Dive,1,3650.0,Completed,,T00019,10,4,False,2023-24 (half),1,2024-01,False,3650.0
B000156,C00113,2023-12-29,2024-01-09,Discovery Dive,1,4700.0,No-show,,T00019,11,11,False,2023-24 (half),1,2024-01,False,
B001335,C00214,2024-02-14,2024-03-29,Fun Dive,1,4100.0,Completed,,T00167,2,44,False,2023-24 (half),3,2024-03,False,4100.0
B000157,C00040,2023-12-14,2024-01-10,Fun Dive,2,7950.0,Completed,,T00020,1,27,False,2023-24 (half),1,2024-01,False,7950.0
B000158,C00114,2023-12-10,2024-01-10,Discovery Dive,1,5350.0,Completed,,T00020,2,31,False,2023-24 (half),1,2024-01,False,5350.0
B000159,C00115,2024-01-06,2024-01-10,Course,5,24300.0,Completed,,T00020,3,4,False,2023-24 (half),1,2024-01,False,24300.0
B000160,C00116,2024-01-10,2024-01-10,Course,5,26100.0,Completed,,T00020,4,0,False,2023-24 (half),1,2024-01,False,26100.0
B000161,C00117,2024-01-09,2024-01-10,Fun Dive,1,3500.0,Completed,,T00020,5,1,False,2023-24 (half),1,2024-01,False,3500.0
B000162,C00118,2023-12-17,2024-01-10,Discovery Dive,1,5150.0,Completed,,T00020,6,24,False,2023-24 (half),1,2024-01,False,5150.0
B000163,C00024,2023-12-27,2024-01-10,Fun Dive,2,5850.0,Completed,,T00020,8,14,False,2023-24 (half),1,2024-01,False,5850.0
B000164,C00119,2024-01-04,2024-01-10,Fun Dive,1,3550.0,Completed,,T00020,9,6,False,2023-24 (half),1,2024-01,False,3550.0
B000165,C00120,2023-12-25,2024-01-10,Fun Dive,1,3850.0,Completed,,T00020,10,16,False,2023-24 (half),1,2024-01,False,3850.0
B000166,C00089,2023-12-02,2024-01-10,Fun Dive,3,11500.0,Completed,,T00021,1,39,False,2023-24 (half),1,2024-01,False,11500.0
B000167,C00105,2023-11-30,2024-01-10,Course,5,28250.0,Completed,,T00021,2,41,False,2023-24 (half),1,2024-01,False,28250.0
B000168,C00121,2023-11-26,2024-01-10,Discovery Dive,1,5650.0,Cancelled,Weather,T00021,4,45,False,2023-24 (half),1,2024-01,False,
B000169,C00122,2023-12-24,2024-01-10,Fun Dive,1,2900.0,Completed,,T00021,5,17,False,2023-24 (half),1,2024-01,False,2900.0
B000170,C00058,2023-12-27,2024-01-10,Fun Dive,1,3700.0,Completed,,T00021,6,14,False,2023-24 (half),1,2024-01,False,3700.0
B000171,C00123,2023-12-29,2024-01-10,Fun Dive,1,3750.0,Completed,,T00021,7,12,False,2023-24 (half),1,2024-01,False,3750.0
B000172,C00124,2024-01-03,2024-01-10,Fun Dive,1,3450.0,Completed,,T00021,10,7,False,2023-24 (half),1,2024-01,False,3450.0
B000173,C00125,2024-01-04,2024-01-10,Fun Dive,4,14100.0,Completed,,T00021,11,6,False,2023-24 (half),1,2024-01,False,14100.0
B000174,C00094,2023-12-30,2024-01-11,Fun Dive,1,3650.0,Completed,,T00022,2,12,False,2023-24 (half),1,2024-01,False,3650.0
B000175,C00065,2023-12-27,2024-01-11,Course,4,28550.0,Completed,,T00022,3,15,False,2023-24 (half),1,2024-01,False,28550.0
B000176,C00115,2024-01-02,2024-01-11,Discovery Dive,1,5500.0,No-show,,T00022,5,9,False,2023-24 (half),1,2024-01,False,
B000177,C00022,2023-12-06,2024-01-11,Discovery Dive,1,4900.0,Completed,,T00022,6,36,False,2023-24 (half),1,2024-01,False,4900.0
B000178,C00126,2023-12-03,2024-01-11,Fun Dive,2,7400.0,Completed,,T00022,7,39,False,2023-24 (half),1,2024-01,False,7400.0
B000179,C00127,2023-12-23,2024-01-11,Fun Dive,1,4000.0,Completed,,T00022,8,19,False,2023-24 (half),1,2024-01,False,4000.0
B000180,C00128,2023-12-27,2024-01-11,Course,5,27500.0,Completed,,T00023,1,15,False,2023-24 (half),1,2024-01,False,27500.0
B000181,C00129,2023-11-28,2024-01-11,Course,5,27150.0,Completed,,T00023,2,44,False,2023-24 (half),1,2024-01,False,27150.0
B000182,C00130,2024-01-04,2024-01-11,Course,5,29400.0,Completed,,T00023,4,7,False,2023-24 (half),1,2024-01,False,29400.0
B000183,C00131,2023-12-16,2024-01-11,Course,4,25300.0,Completed,,T00023,5,26,False,2023-24 (half),1,2024-01,False,25300.0
B000184,C00132,2023-12-17,2024-01-11,Fun Dive,1,3750.0,Completed,,T00023,6,25,False,2023-24 (half),1,2024-01,False,3750.0
B000185,C00133,2023-12-08,2024-01-11,Fun Dive,1,3750.0,Completed,,T00023,7,34,False,2023-24 (half),1,2024-01,False,3750.0
B000186,C00134,2023-12-22,2024-01-11,Discovery Dive,1,5200.0,Completed,,T00023,8,20,False,2023-24 (half),1,2024-01,False,5200.0
B005716,C03650,2025-11-29,2026-01-01,Fun Dive,3,9150.0,Completed,,T00743,10,33,False,2025-26,1,2026-01,False,9150.0
B000187,C00135,2024-01-04,2024-01-11,Discovery Dive,1,5100.0,Completed,,T00023,9,7,False,2023-24 (half),1,2024-01,False,5100.0
B000188,C00136,2023-12-07,2024-01-11,Fun Dive,1,3950.0,Completed,,T00023,11,35,False,2023-24 (half),1,2024-01,False,3950.0
B000189,C00137,2023-12-21,2024-01-12,Fun Dive,2,7600.0,Completed,,T00024,1,22,False,2023-24 (half),1,2024-01,False,7600.0
B000190,C00077,2023-12-16,2024-01-12,Course,5,28150.0,Completed,,T00024,2,27,False,2023-24 (half),1,2024-01,False,28150.0
B000191,C00138,2023-12-17,2024-01-12,Fun Dive,1,3600.0,Completed,,T00024,5,26,False,2023-24 (half),1,2024-01,False,3600.0
B000192,C00139,2023-12-15,2024-01-12,Fun Dive,3,10100.0,Completed,,T00024,6,28,False,2023-24 (half),1,2024-01,False,10100.0
B000193,C00140,2023-12-26,2024-01-12,Fun Dive,1,3650.0,Completed,,T00024,7,17,False,2023-24 (half),1,2024-01,False,3650.0
B000194,C00141,2023-12-04,2024-01-12,Fun Dive,4,11650.0,Completed,,T00024,8,39,False,2023-24 (half),1,2024-01,False,11650.0
B000195,C00014,2023-12-10,2024-01-12,Fun Dive,1,3800.0,Completed,,T00024,9,33,False,2023-24 (half),1,2024-01,False,3800.0
B000196,C00142,2023-12-03,2024-01-12,Discovery Dive,1,4600.0,No-show,,T00025,1,40,False,2023-24 (half),1,2024-01,False,
B000197,C00014,2023-12-15,2024-01-12,Fun Dive,2,6950.0,Completed,,T00025,2,28,False,2023-24 (half),1,2024-01,False,6950.0
B000198,C00029,2024-01-09,2024-01-12,Fun Dive,2,7250.0,Completed,,T00025,3,3,False,2023-24 (half),1,2024-01,False,7250.0
B000199,C00143,2023-12-02,2024-01-12,Fun Dive,2,7550.0,Completed,,T00025,4,41,False,2023-24 (half),1,2024-01,False,7550.0
B000200,C00144,2024-01-09,2024-01-12,Fun Dive,3,11350.0,Completed,,T00025,5,3,False,2023-24 (half),1,2024-01,False,11350.0
B000201,C00145,2023-12-31,2024-01-12,Fun Dive,2,7800.0,Completed,,T00025,6,12,False,2023-24 (half),1,2024-01,False,7800.0
B000202,C00146,2023-12-03,2024-01-12,Fun Dive,4,15400.0,Completed,,T00025,8,40,False,2023-24 (half),1,2024-01,False,15400.0
B000203,C00147,2024-01-10,2024-01-12,Discovery Dive,1,5000.0,Completed,,T00025,9,2,False,2023-24 (half),1,2024-01,False,5000.0
B000204,C00068,2024-01-06,2024-01-13,Fun Dive,1,3850.0,Completed,,T00026,2,7,False,2023-24 (half),1,2024-01,True,3850.0
B000205,C00148,2023-12-21,2024-01-13,Discovery Dive,2,11200.0,Completed,,T00026,3,23,False,2023-24 (half),1,2024-01,True,11200.0
B000206,C00149,2023-12-12,2024-01-13,Fun Dive,1,3100.0,Completed,,T00026,4,32,False,2023-24 (half),1,2024-01,True,3100.0
B000207,C00150,2023-12-29,2024-01-13,Discovery Dive,1,5150.0,Completed,,T00026,6,15,False,2023-24 (half),1,2024-01,True,5150.0
B000208,C00151,2023-12-20,2024-01-13,Fun Dive,2,6800.0,Completed,,T00026,7,24,False,2023-24 (half),1,2024-01,True,6800.0
B000209,C00048,2023-12-27,2024-01-13,Fun Dive,1,3150.0,Completed,,T00026,8,17,False,2023-24 (half),1,2024-01,True,3150.0
B000210,C00152,2023-12-03,2024-01-13,Discovery Dive,1,5350.0,Completed,,T00027,1,41,False,2023-24 (half),1,2024-01,True,5350.0
B000211,C00153,2023-12-21,2024-01-13,Discovery Dive,1,5000.0,Completed,,T00027,2,23,False,2023-24 (half),1,2024-01,True,5000.0
B000212,C00154,2023-12-23,2024-01-13,Course,5,28800.0,Completed,,T00027,3,21,False,2023-24 (half),1,2024-01,True,28800.0
B000213,C00049,2024-01-03,2024-01-13,Discovery Dive,1,5900.0,Completed,,T00027,5,10,False,2023-24 (half),1,2024-01,True,5900.0
B000214,C00048,2023-12-11,2024-01-13,Course,5,22300.0,Completed,,T00027,6,33,False,2023-24 (half),1,2024-01,True,22300.0
B000215,C00155,2023-12-07,2024-01-13,Course,5,27000.0,Completed,,T00027,7,37,False,2023-24 (half),1,2024-01,True,27000.0
B000216,C00156,2023-12-21,2024-01-14,Fun Dive,2,7050.0,Completed,,T00028,2,24,False,2023-24 (half),1,2024-01,True,7050.0
B000217,C00157,2023-12-19,2024-01-14,Fun Dive,2,7950.0,Completed,,T00028,3,26,False,2023-24 (half),1,2024-01,True,7950.0
B000218,C00158,2024-01-10,2024-01-14,Discovery Dive,2,10750.0,Completed,,T00028,5,4,False,2023-24 (half),1,2024-01,True,10750.0
B000219,C00044,2023-12-03,2024-01-14,Fun Dive,2,5950.0,Cancelled,Customer,T00028,7,42,False,2023-24 (half),1,2024-01,True,
B000220,C00159,2023-12-30,2024-01-14,Course,5,27300.0,Completed,,T00028,8,15,False,2023-24 (half),1,2024-01,True,27300.0
B000221,C00035,2023-12-03,2024-01-14,Fun Dive,3,10150.0,Completed,,T00028,9,42,False,2023-24 (half),1,2024-01,True,10150.0
B000222,C00160,2023-12-03,2024-01-14,Course,4,27400.0,Cancelled,Weather,T00028,10,42,False,2023-24 (half),1,2024-01,True,
B000223,C00154,2023-12-09,2024-01-14,Fun Dive,4,15450.0,Completed,,T00028,11,36,False,2023-24 (half),1,2024-01,True,15450.0
B000224,C00161,2024-01-11,2024-01-14,Fun Dive,1,3950.0,Completed,,T00029,1,3,False,2023-24 (half),1,2024-01,True,3950.0
B000225,C00061,2023-12-28,2024-01-14,Fun Dive,2,8150.0,Completed,,T00029,2,17,False,2023-24 (half),1,2024-01,True,8150.0
B000226,C00162,2023-12-25,2024-01-14,Discovery Dive,1,5700.0,Completed,,T00029,3,20,False,2023-24 (half),1,2024-01,True,5700.0
B000227,C00163,2023-12-27,2024-01-14,Course,5,26600.0,Completed,,T00029,5,18,False,2023-24 (half),1,2024-01,True,26600.0
B000228,C00164,2024-01-09,2024-01-14,Discovery Dive,2,9900.0,Completed,,T00029,6,5,False,2023-24 (half),1,2024-01,True,9900.0
B000229,C00165,2023-12-20,2024-01-14,Course,5,26300.0,Completed,,T00029,7,25,False,2023-24 (half),1,2024-01,True,26300.0
B000230,C00166,2023-12-22,2024-01-14,Fun Dive,3,9200.0,Completed,,T00029,8,23,False,2023-24 (half),1,2024-01,True,9200.0
B000231,C00167,2023-12-27,2024-01-15,Fun Dive,1,3800.0,Completed,,T00030,1,19,False,2023-24 (half),1,2024-01,False,3800.0
B000232,C00168,2024-01-09,2024-01-15,Fun Dive,3,10100.0,Completed,,T00030,2,6,False,2023-24 (half),1,2024-01,False,10100.0
B000233,C00169,2023-12-06,2024-01-15,Fun Dive,3,11050.0,Completed,,T00030,4,40,False,2023-24 (half),1,2024-01,False,11050.0
B000234,C00056,2023-12-03,2024-01-15,Fun Dive,1,3600.0,Completed,,T00030,6,43,False,2023-24 (half),1,2024-01,False,3600.0
B000235,C00011,2023-12-29,2024-01-15,Course,4,25100.0,Completed,,T00030,7,17,False,2023-24 (half),1,2024-01,False,25100.0
B000236,C00170,2024-01-07,2024-01-15,Discovery Dive,1,4950.0,Completed,,T00030,8,8,False,2023-24 (half),1,2024-01,False,4950.0
B000237,C00171,2024-01-10,2024-01-15,Fun Dive,3,11000.0,Completed,,T00030,9,5,False,2023-24 (half),1,2024-01,False,11000.0
B000238,C00172,2024-01-08,2024-01-15,Discovery Dive,2,11850.0,Completed,,T00030,10,7,False,2023-24 (half),1,2024-01,False,11850.0
B000239,C00023,2023-12-22,2024-01-15,Course,5,25200.0,Completed,,T00030,11,24,False,2023-24 (half),1,2024-01,False,25200.0
B000240,C00173,2024-01-08,2024-01-15,Fun Dive,1,3750.0,Completed,,T00031,1,7,False,2023-24 (half),1,2024-01,False,3750.0
B000241,C00174,2023-12-17,2024-01-15,Fun Dive,3,11600.0,No-show,,T00031,2,29,False,2023-24 (half),1,2024-01,False,
B000242,C00175,2023-12-01,2024-01-15,Discovery Dive,1,5250.0,Completed,,T00031,3,45,False,2023-24 (half),1,2024-01,False,5250.0
B000243,C00058,2023-12-21,2024-01-15,Fun Dive,1,4050.0,Completed,,T00031,5,25,False,2023-24 (half),1,2024-01,False,4050.0
B000244,C00176,2024-01-12,2024-01-15,Discovery Dive,1,4950.0,Completed,,T00031,6,3,False,2023-24 (half),1,2024-01,False,4950.0
B000245,C00177,2024-01-09,2024-01-15,Fun Dive,4,14650.0,Completed,,T00031,8,6,False,2023-24 (half),1,2024-01,False,14650.0
B000246,C00178,2023-12-04,2024-01-15,Course,5,21550.0,Completed,,T00031,9,42,False,2023-24 (half),1,2024-01,False,21550.0
B000247,C00031,2023-12-09,2024-01-15,Course,4,25400.0,Completed,,T00031,10,37,False,2023-24 (half),1,2024-01,False,25400.0
B000248,C00138,2023-12-14,2024-01-16,Course,5,24350.0,Completed,,T00032,2,33,False,2023-24 (half),1,2024-01,False,24350.0
B000249,C00179,2023-12-13,2024-01-16,Fun Dive,1,4100.0,Completed,,T00032,3,34,False,2023-24 (half),1,2024-01,False,4100.0
B000250,C00180,2024-01-04,2024-01-16,Fun Dive,2,6000.0,Cancelled,Medical,T00032,4,12,False,2023-24 (half),1,2024-01,False,
B000251,C00181,2023-12-03,2024-01-16,Discovery Dive,1,5400.0,Cancelled,Customer,T00032,5,44,False,2023-24 (half),1,2024-01,False,
B000252,C00182,2024-01-02,2024-01-16,Course,5,24350.0,Completed,,T00032,6,14,False,2023-24 (half),1,2024-01,False,24350.0
B000253,C00183,2023-12-23,2024-01-16,Discovery Dive,1,5250.0,Completed,,T00032,7,24,False,2023-24 (half),1,2024-01,False,5250.0
B000254,C00184,2024-01-05,2024-01-16,Course,5,26600.0,Completed,,T00032,8,11,False,2023-24 (half),1,2024-01,False,26600.0
B000255,C00185,2023-12-29,2024-01-16,Discovery Dive,1,5050.0,Completed,,T00032,9,18,False,2023-24 (half),1,2024-01,False,5050.0
B000256,C00186,2024-01-01,2024-01-16,Discovery Dive,1,4700.0,Completed,,T00032,10,15,False,2023-24 (half),1,2024-01,False,4700.0
B000257,C00187,2024-01-09,2024-01-16,Fun Dive,1,3750.0,Completed,,T00032,11,7,False,2023-24 (half),1,2024-01,False,3750.0
B000258,C00188,2024-01-07,2024-01-16,Fun Dive,1,3700.0,Completed,,T00033,1,9,False,2023-24 (half),1,2024-01,False,3700.0
B000259,C00102,2023-12-19,2024-01-16,Discovery Dive,1,5700.0,Completed,,T00033,3,28,False,2023-24 (half),1,2024-01,False,5700.0
B000260,C00182,2024-01-14,2024-01-16,Course,4,23150.0,Completed,,T00033,4,2,False,2023-24 (half),1,2024-01,False,23150.0
B000261,C00189,2023-12-04,2024-01-16,Fun Dive,1,3600.0,Cancelled,Weather,T00033,5,43,False,2023-24 (half),1,2024-01,False,
B000262,C00190,2023-12-17,2024-01-16,Fun Dive,1,3800.0,Completed,,T00033,6,30,False,2023-24 (half),1,2024-01,False,3800.0
B000263,C00039,2023-12-20,2024-01-16,Fun Dive,1,3200.0,Completed,,T00033,7,27,False,2023-24 (half),1,2024-01,False,3200.0
B000264,C00191,2024-01-14,2024-01-16,Discovery Dive,1,4500.0,No-show,,T00033,10,2,False,2023-24 (half),1,2024-01,False,
B000265,C00111,2024-01-16,2024-01-16,Course,5,27050.0,Completed,,T00033,11,0,False,2023-24 (half),1,2024-01,False,27050.0
B000266,C00192,2024-01-04,2024-01-16,Fun Dive,2,6750.0,Completed,,T00033,12,12,False,2023-24 (half),1,2024-01,False,6750.0
B000267,C00065,2023-12-25,2024-01-17,Fun Dive,3,12050.0,Completed,,T00034,2,23,False,2023-24 (half),1,2024-01,False,12050.0
B000268,C00129,2023-12-12,2024-01-17,Fun Dive,1,3600.0,Completed,,T00034,4,36,False,2023-24 (half),1,2024-01,False,3600.0
B000269,C00193,2023-12-16,2024-01-17,Discovery Dive,1,4200.0,Completed,,T00034,5,32,False,2023-24 (half),1,2024-01,False,4200.0
B000270,C00194,2024-01-02,2024-01-17,Discovery Dive,2,10150.0,Completed,,T00034,6,15,False,2023-24 (half),1,2024-01,False,10150.0
B000271,C00095,2023-12-09,2024-01-17,Fun Dive,4,15650.0,Completed,,T00034,8,39,False,2023-24 (half),1,2024-01,False,15650.0
B000272,C00195,2024-01-03,2024-01-17,Discovery Dive,1,5050.0,Completed,,T00034,9,14,False,2023-24 (half),1,2024-01,False,5050.0
B000273,C00095,2024-01-06,2024-01-17,Course,4,26800.0,Completed,,T00034,10,11,False,2023-24 (half),1,2024-01,False,26800.0
B000274,C00045,2024-01-09,2024-01-17,Fun Dive,2,7800.0,Completed,,T00035,1,8,False,2023-24 (half),1,2024-01,False,7800.0
B000275,C00196,2023-12-03,2024-01-17,Course,4,28250.0,Completed,,T00035,2,45,False,2023-24 (half),1,2024-01,False,28250.0
B000276,C00197,2024-01-03,2024-01-17,Fun Dive,1,3750.0,Completed,,T00035,3,14,False,2023-24 (half),1,2024-01,False,3750.0
B000277,C00176,2024-01-10,2024-01-17,Discovery Dive,2,11000.0,Completed,,T00035,4,7,False,2023-24 (half),1,2024-01,False,11000.0
B000278,C00022,2023-12-05,2024-01-17,Fun Dive,2,6900.0,Completed,,T00035,6,43,False,2023-24 (half),1,2024-01,False,6900.0
B000279,C00198,2023-12-31,2024-01-17,Course,4,23250.0,Completed,,T00035,7,17,False,2023-24 (half),1,2024-01,False,23250.0
B000280,C00109,2023-12-07,2024-01-17,Fun Dive,4,13950.0,Completed,,T00035,8,41,False,2023-24 (half),1,2024-01,False,13950.0
B000281,C00199,2024-01-10,2024-01-18,Fun Dive,4,14200.0,Completed,,T00036,1,8,False,2023-24 (half),1,2024-01,False,14200.0
B000282,C00036,2023-12-22,2024-01-18,Course,5,26150.0,Completed,,T00036,3,27,False,2023-24 (half),1,2024-01,False,26150.0
B000283,C00200,2023-12-08,2024-01-18,Fun Dive,4,15200.0,Completed,,T00036,4,41,False,2023-24 (half),1,2024-01,False,15200.0
B000284,C00193,2023-12-20,2024-01-18,Course,4,22300.0,Completed,,T00036,5,29,False,2023-24 (half),1,2024-01,False,22300.0
B000285,C00201,2023-12-05,2024-01-18,Discovery Dive,1,5900.0,Completed,,T00036,7,44,False,2023-24 (half),1,2024-01,False,5900.0
B000286,C00202,2023-12-09,2024-01-18,Course,5,28100.0,Completed,,T00036,8,40,False,2023-24 (half),1,2024-01,False,28100.0
B000287,C00124,2023-12-24,2024-01-18,Course,4,28600.0,Cancelled,Customer,T00036,9,25,False,2023-24 (half),1,2024-01,False,
B000288,C00203,2023-12-09,2024-01-18,Fun Dive,1,3450.0,Completed,,T00036,10,40,False,2023-24 (half),1,2024-01,False,3450.0
B000289,C00204,2024-01-05,2024-01-18,Fun Dive,2,7900.0,Completed,,T00036,11,13,False,2023-24 (half),1,2024-01,False,7900.0
B000290,C00205,2023-12-13,2024-01-18,Course,5,27400.0,Completed,,T00037,1,36,False,2023-24 (half),1,2024-01,False,27400.0
B000291,C00206,2023-12-14,2024-01-18,Fun Dive,4,12850.0,Completed,,T00037,2,35,False,2023-24 (half),1,2024-01,False,12850.0
B000292,C00207,2024-01-14,2024-01-18,Fun Dive,4,14750.0,Completed,,T00037,3,4,False,2023-24 (half),1,2024-01,False,14750.0
B000293,C00117,2024-01-16,2024-01-18,Course,4,26150.0,Completed,,T00037,4,2,False,2023-24 (half),1,2024-01,False,26150.0
B000294,C00208,2023-12-16,2024-01-18,Discovery Dive,1,5200.0,Completed,,T00037,5,33,False,2023-24 (half),1,2024-01,False,5200.0
B000295,C00209,2023-12-14,2024-01-18,Course,4,26400.0,Completed,,T00037,7,35,False,2023-24 (half),1,2024-01,False,26400.0
B000296,C00210,2024-01-10,2024-01-18,Fun Dive,3,11050.0,Completed,,T00037,8,8,False,2023-24 (half),1,2024-01,False,11050.0
B000297,C00179,2023-12-06,2024-01-18,Fun Dive,1,3750.0,Completed,,T00037,9,43,False,2023-24 (half),1,2024-01,False,3750.0
B000298,C00211,2023-12-15,2024-01-18,Course,4,24600.0,Completed,,T00037,10,34,False,2023-24 (half),1,2024-01,False,24600.0
B000299,C00212,2023-12-17,2024-01-18,Fun Dive,3,10500.0,Completed,,T00037,11,32,False,2023-24 (half),1,2024-01,False,10500.0
B000300,C00213,2024-01-19,2024-01-19,Fun Dive,1,3950.0,Completed,,T00038,1,0,False,2023-24 (half),1,2024-01,False,3950.0
B000301,C00210,2023-12-23,2024-01-19,Fun Dive,3,11150.0,Completed,,T00038,2,27,False,2023-24 (half),1,2024-01,False,11150.0
B000302,C00214,2023-12-10,2024-01-19,Discovery Dive,1,5550.0,Completed,,T00038,4,40,False,2023-24 (half),1,2024-01,False,5550.0
B000303,C00215,2023-12-09,2024-01-19,Course,5,28200.0,Completed,,T00038,5,41,False,2023-24 (half),1,2024-01,False,28200.0
B000304,C00216,2023-12-27,2024-01-19,Discovery Dive,1,5200.0,Completed,,T00038,6,23,False,2023-24 (half),1,2024-01,False,5200.0
B000305,C00125,2023-12-22,2024-01-19,Fun Dive,1,3850.0,Completed,,T00038,7,28,False,2023-24 (half),1,2024-01,False,3850.0
B000306,C00156,2023-12-12,2024-01-19,Fun Dive,1,3600.0,Completed,,T00038,8,38,False,2023-24 (half),1,2024-01,False,3600.0
B000307,C00217,2024-01-14,2024-01-19,Course,5,26100.0,Completed,,T00038,9,5,False,2023-24 (half),1,2024-01,False,26100.0
B000308,C00218,2023-12-23,2024-01-19,Discovery Dive,1,4850.0,Completed,,T00038,10,27,False,2023-24 (half),1,2024-01,False,4850.0
B000309,C00219,2023-12-27,2024-01-19,Discovery Dive,1,4750.0,Completed,,T00039,2,23,False,2023-24 (half),1,2024-01,False,4750.0
B000310,C00055,2023-12-12,2024-01-19,Discovery Dive,1,5700.0,Completed,,T00039,3,38,False,2023-24 (half),1,2024-01,False,5700.0
B000311,C00220,2023-12-12,2024-01-19,Fun Dive,1,3300.0,Completed,,T00039,4,38,False,2023-24 (half),1,2024-01,False,3300.0
B000312,C00221,2023-12-24,2024-01-19,Discovery Dive,1,4850.0,Completed,,T00039,5,26,False,2023-24 (half),1,2024-01,False,4850.0
B000313,C00222,2024-01-19,2024-01-19,Discovery Dive,1,4850.0,Completed,,T00039,6,0,False,2023-24 (half),1,2024-01,False,4850.0
B000314,C00198,2023-12-06,2024-01-19,Fun Dive,4,13500.0,Completed,,T00039,7,44,False,2023-24 (half),1,2024-01,False,13500.0
B000315,C00085,2023-12-13,2024-01-19,Fun Dive,3,11250.0,Completed,,T00039,9,37,False,2023-24 (half),1,2024-01,False,11250.0
B000316,C00223,2023-12-15,2024-01-19,Fun Dive,1,3300.0,Completed,,T00039,10,35,False,2023-24 (half),1,2024-01,False,3300.0
B000317,C00046,2024-01-01,2024-01-20,Fun Dive,3,11900.0,Completed,,T00040,1,19,False,2023-24 (half),1,2024-01,True,11900.0
B000318,C00224,2024-01-13,2024-01-20,Discovery Dive,1,5500.0,Completed,,T00040,2,7,False,2023-24 (half),1,2024-01,True,5500.0
B000319,C00091,2023-12-19,2024-01-20,Discovery Dive,2,9350.0,Completed,,T00040,4,32,False,2023-24 (half),1,2024-01,True,9350.0
B000320,C00225,2024-01-18,2024-01-20,Discovery Dive,1,5900.0,Completed,,T00040,5,2,False,2023-24 (half),1,2024-01,True,5900.0
B000321,C00226,2024-01-09,2024-01-20,Discovery Dive,1,5150.0,No-show,,T00040,7,11,False,2023-24 (half),1,2024-01,True,
B000322,C00227,2023-12-29,2024-01-20,Fun Dive,4,13800.0,No-show,,T00040,8,22,False,2023-24 (half),1,2024-01,True,
B000323,C00228,2023-12-29,2024-01-20,Discovery Dive,1,5350.0,Completed,,T00040,9,22,False,2023-24 (half),1,2024-01,True,5350.0
B000324,C00078,2023-12-13,2024-01-20,Fun Dive,4,15600.0,Completed,,T00040,10,38,False,2023-24 (half),1,2024-01,True,15600.0
B000325,C00229,2024-01-18,2024-01-20,Fun Dive,2,7550.0,Completed,,T00041,1,2,False,2023-24 (half),1,2024-01,True,7550.0
B000326,C00230,2024-01-02,2024-01-20,Discovery Dive,1,5100.0,Completed,,T00041,2,18,False,2023-24 (half),1,2024-01,True,5100.0
B000327,C00079,2023-12-19,2024-01-20,Course,4,28150.0,Cancelled,Customer,T00041,3,32,False,2023-24 (half),1,2024-01,True,
B000328,C00231,2023-12-31,2024-01-20,Course,4,25500.0,Completed,,T00041,4,20,False,2023-24 (half),1,2024-01,True,25500.0
B000329,C00079,2023-12-24,2024-01-20,Course,5,27300.0,Completed,,T00041,6,27,False,2023-24 (half),1,2024-01,True,27300.0
B000330,C00232,2023-12-15,2024-01-20,Fun Dive,3,11250.0,Completed,,T00041,7,36,False,2023-24 (half),1,2024-01,True,11250.0
B000331,C00196,2023-12-30,2024-01-20,Fun Dive,2,7000.0,Cancelled,Medical,T00041,10,21,False,2023-24 (half),1,2024-01,True,
B000332,C00233,2023-12-12,2024-01-20,Fun Dive,2,7900.0,Completed,,T00041,11,39,False,2023-24 (half),1,2024-01,True,7900.0
B000333,C00234,2023-12-12,2024-01-21,Fun Dive,3,11700.0,Completed,,T00042,1,40,False,2023-24 (half),1,2024-01,True,11700.0
B000334,C00122,2024-01-04,2024-01-21,Fun Dive,1,2950.0,Completed,,T00042,2,17,False,2023-24 (half),1,2024-01,True,2950.0
B000335,C00235,2023-12-20,2024-01-21,Discovery Dive,2,11000.0,Cancelled,Customer,T00042,7,32,False,2023-24 (half),1,2024-01,True,
B000336,C00236,2023-12-16,2024-01-21,Course,5,27150.0,Completed,,T00042,8,36,False,2023-24 (half),1,2024-01,True,27150.0
B000337,C00237,2024-01-06,2024-01-21,Fun Dive,1,3000.0,Completed,,T00042,9,15,False,2023-24 (half),1,2024-01,True,3000.0
B000338,C00238,2023-12-16,2024-01-21,Discovery Dive,1,5700.0,Completed,,T00042,10,36,False,2023-24 (half),1,2024-01,True,5700.0
B000339,C00239,2023-12-11,2024-01-21,Fun Dive,2,7700.0,Completed,,T00042,11,41,False,2023-24 (half),1,2024-01,True,7700.0
B000340,C00240,2023-12-30,2024-01-21,Discovery Dive,1,5350.0,Completed,,T00043,1,22,False,2023-24 (half),1,2024-01,True,5350.0
B000341,C00239,2023-12-15,2024-01-21,Fun Dive,1,3900.0,Completed,,T00043,2,37,False,2023-24 (half),1,2024-01,True,3900.0
B000342,C00228,2023-12-10,2024-01-21,Fun Dive,1,3850.0,Completed,,T00043,5,42,False,2023-24 (half),1,2024-01,True,3850.0
B000343,C00241,2023-12-30,2024-01-21,Fun Dive,3,8850.0,Completed,,T00043,6,22,False,2023-24 (half),1,2024-01,True,8850.0
B000344,C00117,2023-12-09,2024-01-21,Fun Dive,3,10400.0,Completed,,T00043,7,43,False,2023-24 (half),1,2024-01,True,10400.0
B000345,C00111,2023-12-29,2024-01-21,Fun Dive,2,7200.0,Completed,,T00043,8,23,False,2023-24 (half),1,2024-01,True,7200.0
B000346,C00242,2024-01-19,2024-01-21,Discovery Dive,1,5200.0,Completed,,T00043,9,2,False,2023-24 (half),1,2024-01,True,5200.0
B000347,C00243,2024-01-01,2024-01-21,Course,5,28300.0,Completed,,T00043,10,20,False,2023-24 (half),1,2024-01,True,28300.0
B000348,C00244,2023-12-08,2024-01-21,Discovery Dive,1,5200.0,Completed,,T00043,11,44,False,2023-24 (half),1,2024-01,True,5200.0
B000349,C00005,2023-12-25,2024-01-21,Fun Dive,2,6900.0,Completed,,T00044,1,27,False,2023-24 (half),1,2024-01,True,6900.0
B000350,C00245,2024-01-15,2024-01-21,Discovery Dive,1,5700.0,Completed,,T00044,3,6,False,2023-24 (half),1,2024-01,True,5700.0
B000351,C00246,2024-01-19,2024-01-21,Fun Dive,4,15600.0,Completed,,T00044,4,2,False,2023-24 (half),1,2024-01,True,15600.0
B000352,C00247,2024-01-16,2024-01-21,Fun Dive,2,7850.0,Completed,,T00044,5,5,False,2023-24 (half),1,2024-01,True,7850.0
B000353,C00248,2023-12-15,2024-01-21,Discovery Dive,1,5150.0,Completed,,T00044,8,37,False,2023-24 (half),1,2024-01,True,5150.0
B000354,C00066,2024-01-06,2024-01-21,Course,5,29100.0,Completed,,T00044,9,15,False,2023-24 (half),1,2024-01,True,29100.0
B000355,C00094,2023-12-11,2024-01-21,Fun Dive,1,3650.0,Completed,,T00044,10,41,False,2023-24 (half),1,2024-01,True,3650.0
B000356,C00249,2024-01-20,2024-01-22,Discovery Dive,1,5400.0,Completed,,T00045,3,2,False,2023-24 (half),1,2024-01,False,5400.0
B000357,C00250,2023-12-20,2024-01-22,Fun Dive,4,14350.0,Completed,,T00045,4,33,False,2023-24 (half),1,2024-01,False,14350.0
B000358,C00251,2024-01-08,2024-01-22,Discovery Dive,1,5200.0,Completed,,T00045,6,14,False,2023-24 (half),1,2024-01,False,5200.0
B000359,C00252,2024-01-10,2024-01-22,Fun Dive,2,7650.0,Completed,,T00045,7,12,False,2023-24 (half),1,2024-01,False,7650.0
B000360,C00183,2024-01-18,2024-01-22,Fun Dive,3,9750.0,Cancelled,Customer,T00045,8,4,False,2023-24 (half),1,2024-01,False,
B000361,C00253,2023-12-16,2024-01-22,Course,5,26300.0,No-show,,T00046,1,37,False,2023-24 (half),1,2024-01,False,
B000362,C00254,2024-01-09,2024-01-22,Course,5,24450.0,Completed,,T00046,2,13,False,2023-24 (half),1,2024-01,False,24450.0
B000363,C00071,2023-12-15,2024-01-22,Fun Dive,1,3450.0,Completed,,T00046,3,38,False,2023-24 (half),1,2024-01,False,3450.0
B000364,C00194,2024-01-10,2024-01-22,Course,5,24450.0,Completed,,T00046,4,12,False,2023-24 (half),1,2024-01,False,24450.0
B000365,C00188,2024-01-15,2024-01-22,Fun Dive,1,3700.0,Completed,,T00046,5,7,False,2023-24 (half),1,2024-01,False,3700.0
B000366,C00188,2024-01-18,2024-01-22,Fun Dive,4,15650.0,Completed,,T00046,6,4,False,2023-24 (half),1,2024-01,False,15650.0
B000367,C00199,2023-12-20,2024-01-22,Course,5,27800.0,Cancelled,Weather,T00046,7,33,False,2023-24 (half),1,2024-01,False,
B000368,C00057,2024-01-04,2024-01-22,Fun Dive,1,3450.0,Completed,,T00046,9,18,False,2023-24 (half),1,2024-01,False,3450.0
B000369,C00178,2023-12-13,2024-01-22,Fun Dive,2,6450.0,Cancelled,Customer,T00046,10,40,False,2023-24 (half),1,2024-01,False,
B000370,C00255,2024-01-07,2024-01-22,Fun Dive,4,15550.0,Completed,,T00046,11,15,False,2023-24 (half),1,2024-01,False,15550.0
B000371,C00256,2023-12-18,2024-01-22,Discovery Dive,1,5300.0,Completed,,T00046,12,35,False,2023-24 (half),1,2024-01,False,5300.0
B000372,C00257,2023-12-19,2024-01-23,Discovery Dive,1,5650.0,Cancelled,Weather,T00047,1,35,False,2023-24 (half),1,2024-01,False,
B000373,C00258,2023-12-29,2024-01-23,Course,5,25700.0,Cancelled,Customer,T00047,2,25,False,2023-24 (half),1,2024-01,False,
B000374,C00111,2023-12-30,2024-01-23,Fun Dive,3,11000.0,Completed,,T00047,3,24,False,2023-24 (half),1,2024-01,False,11000.0
B000375,C00259,2024-01-22,2024-01-23,Course,5,23900.0,Completed,,T00047,4,1,False,2023-24 (half),1,2024-01,False,23900.0
B000376,C00193,2023-12-10,2024-01-23,Discovery Dive,1,4850.0,Completed,,T00047,6,44,False,2023-24 (half),1,2024-01,False,4850.0
B000377,C00191,2024-01-09,2024-01-23,Fun Dive,3,9350.0,No-show,,T00047,7,14,False,2023-24 (half),1,2024-01,False,
B000378,C00260,2024-01-04,2024-01-23,Discovery Dive,1,5450.0,Cancelled,Weather,T00047,8,19,False,2023-24 (half),1,2024-01,False,
B000379,C00261,2024-01-16,2024-01-23,Fun Dive,1,3850.0,Cancelled,Weather,T00048,1,7,False,2023-24 (half),1,2024-01,False,
B000380,C00215,2023-12-11,2024-01-23,Discovery Dive,1,5450.0,Completed,,T00048,2,43,False,2023-24 (half),1,2024-01,False,5450.0
B000381,C00262,2024-01-23,2024-01-23,Course,4,25500.0,Completed,,T00048,3,0,False,2023-24 (half),1,2024-01,False,25500.0
B000382,C00263,2023-12-17,2024-01-23,Discovery Dive,2,10350.0,Completed,,T00048,4,37,False,2023-24 (half),1,2024-01,False,10350.0
B000383,C00264,2023-12-15,2024-01-23,Fun Dive,3,11050.0,Completed,,T00048,6,39,False,2023-24 (half),1,2024-01,False,11050.0
B000384,C00047,2024-01-19,2024-01-23,Fun Dive,2,6500.0,No-show,,T00048,7,4,False,2023-24 (half),1,2024-01,False,
B000385,C00265,2024-01-10,2024-01-23,Discovery Dive,1,5250.0,Completed,,T00048,9,13,False,2023-24 (half),1,2024-01,False,5250.0
B000386,C00266,2024-01-01,2024-01-24,Course,4,27200.0,Cancelled,Customer,T00049,1,23,False,2023-24 (half),1,2024-01,False,
B000387,C00023,2023-12-10,2024-01-24,Fun Dive,3,10850.0,Cancelled,Unknown,T00049,2,45,False,2023-24 (half),1,2024-01,False,
B000388,C00267,2023-12-10,2024-01-24,Discovery Dive,1,5700.0,Completed,,T00049,3,45,False,2023-24 (half),1,2024-01,False,5700.0
B000389,C00268,2024-01-12,2024-01-24,Course,5,25950.0,Completed,,T00049,4,12,False,2023-24 (half),1,2024-01,False,25950.0
B000390,C00102,2024-01-05,2024-01-24,Fun Dive,2,7550.0,Completed,,T00049,5,19,False,2023-24 (half),1,2024-01,False,7550.0
B000391,C00269,2024-01-09,2024-01-24,Fun Dive,1,3550.0,Completed,,T00049,6,15,False,2023-24 (half),1,2024-01,False,3550.0
B000392,C00270,2024-01-01,2024-01-24,Discovery Dive,1,5300.0,Completed,,T00049,8,23,False,2023-24 (half),1,2024-01,False,5300.0
B000393,C00271,2024-01-11,2024-01-24,Fun Dive,2,8000.0,Completed,,T00049,9,13,False,2023-24 (half),1,2024-01,False,8000.0
B000394,C00272,2024-01-23,2024-01-24,Discovery Dive,1,4450.0,Completed,,T00050,2,1,False,2023-24 (half),1,2024-01,False,4450.0
B000395,C00273,2024-01-23,2024-01-24,Fun Dive,2,7550.0,Completed,,T00050,3,1,False,2023-24 (half),1,2024-01,False,7550.0
B000396,C00274,2024-01-15,2024-01-24,Fun Dive,3,10250.0,No-show,,T00050,4,9,False,2023-24 (half),1,2024-01,False,
B000397,C00275,2024-01-09,2024-01-24,Course,4,26950.0,Completed,,T00050,7,15,False,2023-24 (half),1,2024-01,False,26950.0
B000398,C00168,2024-01-20,2024-01-24,Fun Dive,3,11250.0,Completed,,T00050,8,4,False,2023-24 (half),1,2024-01,False,11250.0
B000399,C00189,2024-01-20,2024-01-24,Fun Dive,2,7050.0,Completed,,T00050,9,4,False,2023-24 (half),1,2024-01,False,7050.0
B000400,C00247,2024-01-19,2024-01-25,Course,5,,Completed,,T00051,2,6,True,2023-24 (half),1,2024-01,False,
B000401,C00276,2023-12-16,2024-01-25,Course,4,28200.0,Completed,,T00051,3,40,False,2023-24 (half),1,2024-01,False,28200.0
B000402,C00277,2024-01-22,2024-01-25,Fun Dive,1,3900.0,Completed,,T00051,4,3,False,2023-24 (half),1,2024-01,False,3900.0
B000403,C00278,2024-01-23,2024-01-25,Discovery Dive,1,5450.0,Completed,,T00051,5,2,False,2023-24 (half),1,2024-01,False,5450.0
B000404,C00279,2024-01-21,2024-01-25,Discovery Dive,1,5700.0,Completed,,T00051,6,4,False,2023-24 (half),1,2024-01,False,5700.0
B000405,C00280,2024-01-18,2024-01-25,Fun Dive,3,11850.0,Completed,,T00051,7,7,False,2023-24 (half),1,2024-01,False,11850.0
B000406,C00281,2024-01-24,2024-01-25,Fun Dive,4,12850.0,Completed,,T00051,8,1,False,2023-24 (half),1,2024-01,False,12850.0
B000407,C00163,2023-12-11,2024-01-25,Course,4,28500.0,Completed,,T00051,11,45,False,2023-24 (half),1,2024-01,False,28500.0
B000408,C00282,2023-12-23,2024-01-25,Fun Dive,2,7700.0,Completed,,T00052,1,33,False,2023-24 (half),1,2024-01,False,7700.0
B000409,C00283,2024-01-19,2024-01-25,Discovery Dive,2,10450.0,Completed,,T00052,2,6,False,2023-24 (half),1,2024-01,False,10450.0
B000410,C00284,2023-12-16,2024-01-25,Course,4,26000.0,Completed,,T00052,3,40,False,2023-24 (half),1,2024-01,False,26000.0
B000411,C00285,2024-01-13,2024-01-25,Discovery Dive,1,5450.0,Completed,,T00052,4,12,False,2023-24 (half),1,2024-01,False,5450.0
B000412,C00210,2024-01-20,2024-01-25,Fun Dive,1,3700.0,Completed,,T00052,5,5,False,2023-24 (half),1,2024-01,False,3700.0
B000413,C00286,2024-01-14,2024-01-25,Fun Dive,2,7200.0,Completed,,T00052,6,11,False,2023-24 (half),1,2024-01,False,7200.0
B000414,C00287,2023-12-22,2024-01-25,Fun Dive,2,7800.0,Completed,,T00052,7,34,False,2023-24 (half),1,2024-01,False,7800.0
B000415,C00288,2023-12-14,2024-01-25,Fun Dive,2,7950.0,Completed,,T00052,9,42,False,2023-24 (half),1,2024-01,False,7950.0
B000416,C00289,2023-12-17,2024-01-26,Fun Dive,2,7200.0,Completed,,T00053,2,40,False,2023-24 (half),1,2024-01,False,7200.0
B000417,C00150,2024-01-17,2024-01-26,Fun Dive,1,3550.0,Completed,,T00053,3,9,False,2023-24 (half),1,2024-01,False,3550.0
B000418,C00290,2024-01-26,2024-01-26,Fun Dive,1,3450.0,Completed,,T00053,4,0,False,2023-24 (half),1,2024-01,False,3450.0
B000419,C00062,2023-12-24,2024-01-26,Fun Dive,2,7200.0,Completed,,T00053,6,33,False,2023-24 (half),1,2024-01,False,7200.0
B000420,C00291,2024-01-15,2024-01-26,Discovery Dive,1,5550.0,Completed,,T00053,8,11,False,2023-24 (half),1,2024-01,False,5550.0
B000421,C00292,2024-01-23,2024-01-26,Discovery Dive,1,5600.0,Completed,,T00053,9,3,False,2023-24 (half),1,2024-01,False,5600.0
B000422,C00293,2023-12-17,2024-01-26,Discovery Dive,1,5300.0,Completed,,T00053,10,40,False,2023-24 (half),1,2024-01,False,5300.0
B000423,C00091,2023-12-23,2024-01-26,Discovery Dive,1,4800.0,Completed,,T00053,11,34,False,2023-24 (half),1,2024-01,False,4800.0
B000424,C00227,2024-01-12,2024-01-26,Fun Dive,3,11400.0,Completed,,T00054,1,14,False,2023-24 (half),1,2024-01,False,11400.0
B000425,C00294,2023-12-31,2024-01-26,Discovery Dive,1,5900.0,Completed,,T00054,2,26,False,2023-24 (half),1,2024-01,False,5900.0
B000426,C00295,2023-12-31,2024-01-26,Discovery Dive,1,5000.0,Completed,,T00054,3,26,False,2023-24 (half),1,2024-01,False,5000.0
B000427,C00296,2023-12-20,2024-01-26,Course,4,24600.0,Completed,,T00054,4,37,False,2023-24 (half),1,2024-01,False,24600.0
B000428,C00297,2023-12-31,2024-01-26,Fun Dive,1,3500.0,Completed,,T00054,5,26,False,2023-24 (half),1,2024-01,False,3500.0
B000429,C00298,2024-01-03,2024-01-26,Fun Dive,4,15250.0,Completed,,T00054,6,23,False,2023-24 (half),1,2024-01,False,15250.0
B000430,C00171,2024-01-18,2024-01-26,Course,5,26650.0,Completed,,T00054,8,8,False,2023-24 (half),1,2024-01,False,26650.0
B000431,C00299,2024-01-19,2024-01-26,Discovery Dive,1,5700.0,Completed,,T00054,9,7,False,2023-24 (half),1,2024-01,False,5700.0
B000432,C00300,2023-12-28,2024-01-26,Discovery Dive,1,5100.0,Completed,,T00054,10,29,False,2023-24 (half),1,2024-01,False,5100.0
B000433,C00301,2023-12-12,2024-01-26,Discovery Dive,1,5500.0,Completed,,T00054,12,45,False,2023-24 (half),1,2024-01,False,5500.0
B000434,C00302,2024-01-03,2024-01-27,Fun Dive,1,3900.0,Completed,,T00055,1,24,False,2023-24 (half),1,2024-01,True,3900.0
B000435,C00195,2023-12-25,2024-01-27,Fun Dive,1,3700.0,Completed,,T00055,3,33,False,2023-24 (half),1,2024-01,True,3700.0
B000436,C00303,2024-01-08,2024-01-27,Fun Dive,2,7900.0,Completed,,T00055,4,19,False,2023-24 (half),1,2024-01,True,7900.0
B000437,C00200,2024-01-25,2024-01-27,Fun Dive,1,4100.0,Completed,,T00055,5,2,False,2023-24 (half),1,2024-01,True,4100.0
B000438,C00304,2023-12-16,2024-01-27,Course,4,29450.0,Completed,,T00055,6,42,False,2023-24 (half),1,2024-01,True,29450.0
B000439,C00192,2023-12-28,2024-01-27,Fun Dive,1,3550.0,Completed,,T00055,7,30,False,2023-24 (half),1,2024-01,True,3550.0
B000440,C00269,2024-01-23,2024-01-27,Course,4,25650.0,Completed,,T00055,9,4,False,2023-24 (half),1,2024-01,True,25650.0
B000441,C00305,2023-12-22,2024-01-27,Fun Dive,2,6450.0,Completed,,T00055,10,36,False,2023-24 (half),1,2024-01,True,6450.0
B000442,C00169,2024-01-10,2024-01-27,Fun Dive,2,7750.0,Completed,,T00056,1,17,False,2023-24 (half),1,2024-01,True,7750.0
B000443,C00306,2023-12-18,2024-01-27,Fun Dive,1,3150.0,Completed,,T00056,2,40,False,2023-24 (half),1,2024-01,True,3150.0
B000444,C00307,2023-12-16,2024-01-27,Course,5,26200.0,Completed,,T00056,3,42,False,2023-24 (half),1,2024-01,True,26200.0
B000445,C00308,2024-01-16,2024-01-27,Discovery Dive,1,5900.0,Completed,,T00056,4,11,False,2023-24 (half),1,2024-01,True,5900.0
B000446,C00102,2023-12-25,2024-01-27,Fun Dive,2,7500.0,Completed,,T00056,6,33,False,2023-24 (half),1,2024-01,True,7500.0
B000447,C00309,2024-01-09,2024-01-27,Fun Dive,4,13300.0,Completed,,T00056,7,18,False,2023-24 (half),1,2024-01,True,13300.0
B000448,C00310,2024-01-17,2024-01-27,Discovery Dive,1,5750.0,Completed,,T00056,9,10,False,2023-24 (half),1,2024-01,True,5750.0
B000449,C00311,2024-01-21,2024-01-27,Fun Dive,3,11550.0,Cancelled,Customer,T00056,10,6,False,2023-24 (half),1,2024-01,True,
B000450,C00278,2024-01-06,2024-01-27,Fun Dive,2,7150.0,Completed,,T00056,11,21,False,2023-24 (half),1,2024-01,True,7150.0
B000451,C00312,2023-12-27,2024-01-28,Course,4,27150.0,Completed,,T00057,1,32,False,2023-24 (half),1,2024-01,True,27150.0
B000452,C00276,2024-01-22,2024-01-28,Fun Dive,1,3750.0,Completed,,T00057,2,6,False,2023-24 (half),1,2024-01,True,3750.0
B000453,C00313,2023-12-30,2024-01-28,Fun Dive,2,7500.0,Completed,,T00057,3,29,False,2023-24 (half),1,2024-01,True,7500.0
B000454,C00314,2024-01-06,2024-01-28,Fun Dive,3,11450.0,Completed,,T00057,4,22,False,2023-24 (half),1,2024-01,True,11450.0
B000455,C00315,2024-01-14,2024-01-28,Course,4,25150.0,Completed,,T00057,5,14,False,2023-24 (half),1,2024-01,True,25150.0
B000456,C00316,2023-12-27,2024-01-28,Course,5,26100.0,Completed,,T00057,6,32,False,2023-24 (half),1,2024-01,True,26100.0
B000457,C00317,2024-01-23,2024-01-28,Fun Dive,3,12100.0,Completed,,T00057,7,5,False,2023-24 (half),1,2024-01,True,12100.0
B000458,C00318,2023-12-31,2024-01-28,Discovery Dive,1,5900.0,Completed,,T00057,8,28,False,2023-24 (half),1,2024-01,True,5900.0
B000459,C00319,2023-12-15,2024-01-28,Fun Dive,2,5850.0,Completed,,T00057,9,44,False,2023-24 (half),1,2024-01,True,5850.0
B000460,C00244,2023-12-15,2024-01-28,Discovery Dive,1,5200.0,Completed,,T00057,10,44,False,2023-24 (half),1,2024-01,True,5200.0
B000461,C00320,2024-01-20,2024-01-28,Course,4,24000.0,Cancelled,Customer,T00058,1,8,False,2023-24 (half),1,2024-01,True,
B000462,C00321,2024-01-02,2024-01-28,Fun Dive,2,7700.0,Completed,,T00058,4,26,False,2023-24 (half),1,2024-01,True,7700.0
B000463,C00322,2024-01-07,2024-01-28,Fun Dive,2,6800.0,Completed,,T00058,5,21,False,2023-24 (half),1,2024-01,True,6800.0
B000464,C00047,2024-01-07,2024-01-28,Course,4,23850.0,Completed,,T00058,6,21,False,2023-24 (half),1,2024-01,True,23850.0
B000465,C00031,2024-01-08,2024-01-28,Fun Dive,1,3200.0,No-show,,T00058,7,20,False,2023-24 (half),1,2024-01,True,
B000466,C00323,2024-01-27,2024-01-28,Fun Dive,4,14550.0,Completed,,T00058,8,1,False,2023-24 (half),1,2024-01,True,14550.0
B000467,C00324,2024-01-04,2024-01-28,Discovery Dive,2,11400.0,Completed,,T00058,9,24,False,2023-24 (half),1,2024-01,True,11400.0
B000468,C00247,2024-01-23,2024-01-29,Fun Dive,3,11900.0,Completed,,T00059,2,6,False,2023-24 (half),1,2024-01,False,11900.0
B000469,C00325,2023-12-29,2024-01-29,Fun Dive,2,7050.0,Completed,,T00059,4,31,False,2023-24 (half),1,2024-01,False,7050.0
B000470,C00326,2023-12-28,2024-01-29,Course,4,26600.0,Cancelled,Medical,T00059,5,32,False,2023-24 (half),1,2024-01,False,
B000471,C00327,2023-12-18,2024-01-29,Course,5,26050.0,Completed,,T00059,6,42,False,2023-24 (half),1,2024-01,False,26050.0
B000472,C00328,2024-01-12,2024-01-29,Fun Dive,4,15100.0,Completed,,T00059,7,17,False,2023-24 (half),1,2024-01,False,15100.0
B000473,C00329,2023-12-26,2024-01-29,Discovery Dive,1,5150.0,Completed,,T00059,8,34,False,2023-24 (half),1,2024-01,False,5150.0
B000474,C00330,2024-01-21,2024-01-30,Fun Dive,3,10700.0,Completed,,T00060,1,9,False,2023-24 (half),1,2024-01,False,10700.0
B000475,C00331,2024-01-02,2024-01-30,Fun Dive,1,3650.0,Completed,,T00060,2,28,False,2023-24 (half),1,2024-01,False,3650.0
B000476,C00332,2024-01-06,2024-01-30,Course,5,25550.0,Cancelled,Unknown,T00060,4,24,False,2023-24 (half),1,2024-01,False,
B000477,C00333,2024-01-21,2024-01-30,Course,4,24300.0,Completed,,T00060,5,9,False,2023-24 (half),1,2024-01,False,24300.0
B000478,C00199,2024-01-01,2024-01-30,Fun Dive,4,14250.0,Cancelled,Medical,T00060,7,29,False,2023-24 (half),1,2024-01,False,
B000479,C00334,2023-12-25,2024-01-30,Course,4,26350.0,Completed,,T00060,8,36,False,2023-24 (half),1,2024-01,False,26350.0
B000480,C00335,2024-01-29,2024-01-30,Fun Dive,3,11850.0,Completed,,T00060,10,1,False,2023-24 (half),1,2024-01,False,11850.0
B000481,C00080,2024-01-15,2024-01-30,Fun Dive,2,7600.0,Completed,,T00060,11,15,False,2023-24 (half),1,2024-01,False,7600.0
B000482,C00336,2024-01-21,2024-01-30,Fun Dive,4,14100.0,Completed,,T00060,12,9,False,2023-24 (half),1,2024-01,False,14100.0
B000483,C00078,2023-12-21,2024-01-30,Course,4,28750.0,Completed,,T00061,2,40,False,2023-24 (half),1,2024-01,False,28750.0
B000484,C00337,2024-01-09,2024-01-30,Fun Dive,4,16350.0,Completed,,T00061,3,21,False,2023-24 (half),1,2024-01,False,16350.0
B000485,C00077,2024-01-12,2024-01-30,Course,5,28650.0,Completed,,T00061,4,18,False,2023-24 (half),1,2024-01,False,28650.0
B000486,C00338,2024-01-02,2024-01-30,Fun Dive,2,8100.0,Cancelled,Customer,T00061,5,28,False,2023-24 (half),1,2024-01,False,
B000487,C00338,2023-12-25,2024-01-30,Course,5,26100.0,Completed,,T00061,6,36,False,2023-24 (half),1,2024-01,False,26100.0
B000488,C00339,2023-12-19,2024-01-30,Discovery Dive,1,5350.0,Completed,,T00061,8,42,False,2023-24 (half),1,2024-01,False,5350.0
B000489,C00125,2024-01-26,2024-01-30,Course,4,25700.0,Completed,,T00061,9,4,False,2023-24 (half),1,2024-01,False,25700.0
B000490,C00340,2023-12-17,2024-01-31,Course,4,27500.0,Completed,,T00062,1,45,False,2023-24 (half),1,2024-01,False,27500.0
B000491,C00341,2023-12-22,2024-01-31,Discovery Dive,1,5400.0,Completed,,T00062,2,40,False,2023-24 (half),1,2024-01,False,5400.0
B000492,C00342,2023-12-17,2024-01-31,Discovery Dive,1,5450.0,Completed,,T00062,3,45,False,2023-24 (half),1,2024-01,False,5450.0
B000493,C00343,2023-12-25,2024-01-31,Fun Dive,3,10800.0,Completed,,T00062,4,37,False,2023-24 (half),1,2024-01,False,10800.0
B000494,C00344,2024-01-31,2024-01-31,Discovery Dive,1,5350.0,Completed,,T00062,5,0,False,2023-24 (half),1,2024-01,False,5350.0
B000495,C00345,2024-01-21,2024-01-31,Course,4,27600.0,Completed,,T00062,6,10,False,2023-24 (half),1,2024-01,False,27600.0
B000496,C00346,2024-01-10,2024-01-31,Course,5,27250.0,Completed,,T00062,7,21,False,2023-24 (half),1,2024-01,False,27250.0
B000497,C00347,2024-01-10,2024-01-31,Discovery Dive,2,11000.0,Completed,,T00062,8,21,False,2023-24 (half),1,2024-01,False,11000.0
B000498,C00348,2024-01-14,2024-01-31,Fun Dive,2,6850.0,Completed,,T00062,9,17,False,2023-24 (half),1,2024-01,False,6850.0
B000499,C00349,2023-12-24,2024-01-31,Discovery Dive,1,5350.0,Completed,,T00062,10,38,False,2023-24 (half),1,2024-01,False,5350.0
B000500,C00350,2024-01-25,2024-01-31,Fun Dive,2,7700.0,Completed,,T00063,1,6,False,2023-24 (half),1,2024-01,False,7700.0
B000501,C00301,2024-01-08,2024-01-31,Course,5,24800.0,Completed,,T00063,2,23,False,2023-24 (half),1,2024-01,False,24800.0
B000502,C00351,2023-12-17,2024-01-31,Fun Dive,1,3450.0,Completed,,T00063,3,45,False,2023-24 (half),1,2024-01,False,3450.0
B000503,C00352,2024-01-17,2024-01-31,Discovery Dive,1,5000.0,Completed,,T00063,5,14,False,2023-24 (half),1,2024-01,False,5000.0
B000504,C00022,2024-01-11,2024-01-31,Course,5,28000.0,Completed,,T00063,6,20,False,2023-24 (half),1,2024-01,False,28000.0
B000505,C00353,2024-01-21,2024-01-31,Discovery Dive,1,5600.0,Completed,,T00063,7,10,False,2023-24 (half),1,2024-01,False,5600.0
B000506,C00354,2024-01-18,2024-01-31,Fun Dive,2,7950.0,Completed,,T00063,8,13,False,2023-24 (half),1,2024-01,False,7950.0
B000507,C00355,2023-12-30,2024-01-31,Fun Dive,2,7550.0,Completed,,T00063,9,32,False,2023-24 (half),1,2024-01,False,7550.0
B000508,C00356,2024-01-30,2024-01-31,Fun Dive,4,14300.0,No-show,,T00063,10,1,False,2023-24 (half),1,2024-01,False,
B000509,C00357,2024-01-12,2024-01-31,Discovery Dive,1,5300.0,Cancelled,Medical,T00063,11,19,False,2023-24 (half),1,2024-01,False,
B000510,C00016,2024-01-02,2024-01-31,Fun Dive,4,14550.0,Completed,,T00063,12,29,False,2023-24 (half),1,2024-01,False,14550.0
B000511,C00212,2024-01-15,2024-02-01,Course,4,26350.0,Completed,,T00064,1,17,False,2023-24 (half),2,2024-02,False,26350.0
B000512,C00358,2024-01-09,2024-02-01,Course,5,28650.0,Completed,,T00064,2,23,False,2023-24 (half),2,2024-02,False,28650.0
B000513,C00359,2024-01-06,2024-02-01,Fun Dive,1,3700.0,Completed,,T00064,3,26,False,2023-24 (half),2,2024-02,False,3700.0
B000514,C00360,2024-01-19,2024-02-01,Fun Dive,3,11700.0,Completed,,T00064,4,13,False,2023-24 (half),2,2024-02,False,11700.0
B000515,C00361,2024-01-07,2024-02-01,Fun Dive,2,6700.0,Completed,,T00064,5,25,False,2023-24 (half),2,2024-02,False,6700.0
B000516,C00362,2024-01-07,2024-02-01,Fun Dive,2,7700.0,Completed,,T00064,8,25,False,2023-24 (half),2,2024-02,False,7700.0
B000517,C00363,2023-12-24,2024-02-01,Course,5,27000.0,Completed,,T00064,9,39,False,2023-24 (half),2,2024-02,False,27000.0
B000518,C00364,2024-01-27,2024-02-01,Fun Dive,3,11950.0,Completed,,T00064,10,5,False,2023-24 (half),2,2024-02,False,11950.0
B000519,C00365,2023-12-27,2024-02-01,Course,4,25100.0,Completed,,T00065,2,36,False,2023-24 (half),2,2024-02,False,25100.0
B000520,C00366,2024-01-21,2024-02-01,Fun Dive,1,3700.0,Cancelled,Medical,T00065,3,11,False,2023-24 (half),2,2024-02,False,
B000521,C00253,2024-01-24,2024-02-01,Discovery Dive,1,5400.0,Completed,,T00065,4,8,False,2023-24 (half),2,2024-02,False,5400.0
B000522,C00367,2024-01-07,2024-02-01,Discovery Dive,1,5050.0,Completed,,T00065,5,25,False,2023-24 (half),2,2024-02,False,5050.0
B000523,C00341,2023-12-21,2024-02-01,Course,5,27850.0,Completed,,T00065,7,42,False,2023-24 (half),2,2024-02,False,27850.0
B000524,C00368,2024-01-02,2024-02-01,Discovery Dive,1,5850.0,Completed,,T00065,8,30,False,2023-24 (half),2,2024-02,False,5850.0
B000525,C00369,2024-01-08,2024-02-02,Fun Dive,1,3550.0,Completed,,T00066,1,25,False,2023-24 (half),2,2024-02,False,3550.0
B000526,C00370,2024-01-24,2024-02-02,Fun Dive,2,7550.0,Completed,,T00066,2,9,False,2023-24 (half),2,2024-02,False,7550.0
B000527,C00175,2024-01-01,2024-02-02,Discovery Dive,1,5100.0,Completed,,T00066,4,32,False,2023-24 (half),2,2024-02,False,5100.0
B000528,C00371,2024-01-14,2024-02-02,Course,5,26100.0,Completed,,T00066,5,19,False,2023-24 (half),2,2024-02,False,26100.0
B000529,C00097,2023-12-21,2024-02-02,Fun Dive,4,14450.0,Completed,,T00066,6,43,False,2023-24 (half),2,2024-02,False,14450.0
B000530,C00061,2024-01-12,2024-02-02,Fun Dive,4,15600.0,Completed,,T00066,8,21,False,2023-24 (half),2,2024-02,False,15600.0
B000531,C00291,2024-01-09,2024-02-02,Discovery Dive,1,5350.0,Completed,,T00066,9,24,False,2023-24 (half),2,2024-02,False,5350.0
B000532,C00372,2024-01-29,2024-02-02,Discovery Dive,1,5750.0,Completed,,T00067,3,4,False,2023-24 (half),2,2024-02,False,5750.0
B000533,C00365,2024-01-26,2024-02-02,Fun Dive,2,6900.0,Completed,,T00067,4,7,False,2023-24 (half),2,2024-02,False,6900.0
B000534,C00310,2023-12-29,2024-02-02,Fun Dive,1,3850.0,Completed,,T00067,5,35,False,2023-24 (half),2,2024-02,False,3850.0
B000535,C00373,2024-02-02,2024-02-02,Fun Dive,2,8100.0,Completed,,T00067,6,0,False,2023-24 (half),2,2024-02,False,8100.0
B000536,C00374,2024-01-02,2024-02-02,Fun Dive,2,7450.0,Completed,,T00067,8,31,False,2023-24 (half),2,2024-02,False,7450.0
B000537,C00375,2024-01-03,2024-02-02,Discovery Dive,1,5100.0,Completed,,T00067,9,30,False,2023-24 (half),2,2024-02,False,5100.0
B000538,C00218,2024-01-04,2024-02-03,Course,4,21750.0,Completed,,T00068,1,30,False,2023-24 (half),2,2024-02,True,21750.0
B000539,C00376,2024-01-20,2024-02-03,Fun Dive,1,3900.0,Completed,,T00068,2,14,False,2023-24 (half),2,2024-02,True,3900.0
B000540,C00051,2024-01-23,2024-02-03,Fun Dive,2,7950.0,Completed,,T00068,3,11,False,2023-24 (half),2,2024-02,True,7950.0
B000541,C00377,2024-02-03,2024-02-03,Discovery Dive,1,5150.0,Completed,,T00068,4,0,False,2023-24 (half),2,2024-02,True,5150.0
B000542,C00378,2024-02-01,2024-02-03,Course,4,21350.0,Completed,,T00068,5,2,False,2023-24 (half),2,2024-02,True,21350.0
B000543,C00347,2023-12-24,2024-02-03,Fun Dive,2,7900.0,Completed,,T00068,6,41,False,2023-24 (half),2,2024-02,True,7900.0
B000544,C00379,2024-01-14,2024-02-03,Discovery Dive,1,5300.0,Completed,,T00068,8,20,False,2023-24 (half),2,2024-02,True,5300.0
B000545,C00380,2024-01-31,2024-02-03,Fun Dive,3,11250.0,Completed,,T00068,10,3,False,2023-24 (half),2,2024-02,True,11250.0
B000546,C00381,2024-01-21,2024-02-03,Discovery Dive,1,4700.0,No-show,,T00069,1,13,False,2023-24 (half),2,2024-02,True,
B000547,C00382,2023-12-29,2024-02-03,Discovery Dive,1,5250.0,Completed,,T00069,4,36,False,2023-24 (half),2,2024-02,True,5250.0
B000548,C00383,2023-12-29,2024-02-03,Fun Dive,1,3800.0,Completed,,T00069,6,36,False,2023-24 (half),2,2024-02,True,3800.0
B000549,C00384,2024-01-18,2024-02-03,Course,4,28600.0,Completed,,T00069,7,16,False,2023-24 (half),2,2024-02,True,28600.0
B000550,C00385,2024-01-18,2024-02-03,Fun Dive,3,11050.0,Completed,,T00069,8,16,False,2023-24 (half),2,2024-02,True,11050.0
B000551,C00386,2023-12-23,2024-02-03,Discovery Dive,1,4800.0,Completed,,T00069,9,42,False,2023-24 (half),2,2024-02,True,4800.0
B000552,C00387,2024-01-14,2024-02-03,Fun Dive,1,3900.0,Completed,,T00069,10,20,False,2023-24 (half),2,2024-02,True,3900.0
B000553,C00388,2024-02-04,2024-02-04,Course,4,29700.0,Completed,,T00070,1,0,False,2023-24 (half),2,2024-02,True,29700.0
B000554,C00389,2024-01-17,2024-02-04,Fun Dive,3,11150.0,Completed,,T00070,2,18,False,2023-24 (half),2,2024-02,True,11150.0
B000555,C00390,2024-01-07,2024-02-04,Fun Dive,1,3450.0,Completed,,T00070,3,28,False,2023-24 (half),2,2024-02,True,3450.0
B000556,C00391,2024-02-01,2024-02-04,Fun Dive,3,9200.0,Completed,,T00070,4,3,False,2023-24 (half),2,2024-02,True,9200.0
B000557,C00204,2023-12-21,2024-02-04,Fun Dive,4,14850.0,Completed,,T00070,7,45,False,2023-24 (half),2,2024-02,True,14850.0
B000558,C00213,2024-01-04,2024-02-04,Course,5,26150.0,Cancelled,Customer,T00070,9,31,False,2023-24 (half),2,2024-02,True,
B000559,C00392,2023-12-29,2024-02-04,Fun Dive,3,10500.0,Completed,,T00070,11,37,False,2023-24 (half),2,2024-02,True,10500.0
B000560,C00393,2023-12-28,2024-02-04,Fun Dive,3,11200.0,Completed,,T00070,12,38,False,2023-24 (half),2,2024-02,True,11200.0
B000561,C00231,2024-01-01,2024-02-04,Discovery Dive,1,4900.0,Completed,,T00071,1,34,False,2023-24 (half),2,2024-02,True,4900.0
B000562,C00393,2023-12-24,2024-02-04,Fun Dive,1,3800.0,Cancelled,Medical,T00071,2,42,False,2023-24 (half),2,2024-02,True,
B000563,C00394,2024-01-08,2024-02-04,Discovery Dive,1,5100.0,Completed,,T00071,3,27,False,2023-24 (half),2,2024-02,True,5100.0
B000564,C00278,2024-02-04,2024-02-04,Fun Dive,2,7150.0,Completed,,T00071,5,0,False,2023-24 (half),2,2024-02,True,7150.0
B000565,C00395,2024-02-03,2024-02-04,Course,4,28050.0,Completed,,T00071,6,1,False,2023-24 (half),2,2024-02,True,28050.0
B000566,C00354,2024-01-11,2024-02-04,Fun Dive,2,7900.0,No-show,,T00071,7,24,False,2023-24 (half),2,2024-02,True,
B000567,C00396,2024-02-03,2024-02-04,Fun Dive,2,7850.0,Cancelled,Customer,T00071,9,1,False,2023-24 (half),2,2024-02,True,
B000568,C00397,2024-01-28,2024-02-05,Discovery Dive,1,4800.0,Cancelled,Customer,T00072,1,8,False,2023-24 (half),2,2024-02,False,
B000569,C00272,2024-01-18,2024-02-05,Discovery Dive,1,4700.0,No-show,,T00072,2,18,False,2023-24 (half),2,2024-02,False,
B000570,C00398,2023-12-22,2024-02-05,Fun Dive,4,15100.0,Completed,,T00072,3,45,False,2023-24 (half),2,2024-02,False,15100.0
B000571,C00399,2024-01-06,2024-02-05,Fun Dive,4,15500.0,Completed,,T00072,5,30,False,2023-24 (half),2,2024-02,False,15500.0
B000572,C00127,2023-12-27,2024-02-05,Course,4,28250.0,Completed,,T00072,6,40,False,2023-24 (half),2,2024-02,False,28250.0
B000573,C00400,2024-01-28,2024-02-05,Course,5,25800.0,Completed,,T00072,7,8,False,2023-24 (half),2,2024-02,False,25800.0
B000574,C00362,2024-01-24,2024-02-05,Discovery Dive,1,5250.0,Completed,,T00072,8,12,False,2023-24 (half),2,2024-02,False,5250.0
B000575,C00401,2023-12-23,2024-02-05,Fun Dive,4,13900.0,Completed,,T00072,11,44,False,2023-24 (half),2,2024-02,False,13900.0
B000576,C00064,2024-01-08,2024-02-05,Fun Dive,1,3400.0,Completed,,T00072,12,28,False,2023-24 (half),2,2024-02,False,3400.0
B000577,C00031,2024-01-18,2024-02-05,Fun Dive,2,6550.0,Completed,,T00073,1,18,False,2023-24 (half),2,2024-02,False,6550.0
B000578,C00402,2024-01-01,2024-02-05,Fun Dive,1,3650.0,Completed,,T00073,3,35,False,2023-24 (half),2,2024-02,False,3650.0
B000579,C00051,2023-12-31,2024-02-05,Fun Dive,3,11950.0,No-show,,T00073,4,36,False,2023-24 (half),2,2024-02,False,
B000580,C00403,2023-12-31,2024-02-05,Discovery Dive,2,10750.0,Completed,,T00073,7,36,False,2023-24 (half),2,2024-02,False,10750.0
B000581,C00218,2023-12-29,2024-02-05,Discovery Dive,1,4600.0,Completed,,T00073,8,38,False,2023-24 (half),2,2024-02,False,4600.0
B000582,C00404,2024-02-01,2024-02-05,Fun Dive,1,3650.0,Completed,,T00073,9,4,False,2023-24 (half),2,2024-02,False,3650.0
B000583,C00405,2024-01-31,2024-02-05,Discovery Dive,2,10400.0,Completed,,T00073,10,5,False,2023-24 (half),2,2024-02,False,10400.0
B000584,C00337,2024-01-10,2024-02-05,Fun Dive,3,12200.0,Completed,,T00073,11,26,False,2023-24 (half),2,2024-02,False,12200.0
B000585,C00406,2024-01-25,2024-02-05,Discovery Dive,1,4300.0,Completed,,T00073,12,11,False,2023-24 (half),2,2024-02,False,4300.0
B000586,C00407,2024-01-24,2024-02-06,Fun Dive,3,11750.0,Completed,,T00074,1,13,False,2023-24 (half),2,2024-02,False,11750.0
B000587,C00408,2024-01-09,2024-02-06,Fun Dive,2,8150.0,Completed,,T00074,2,28,False,2023-24 (half),2,2024-02,False,8150.0
B000588,C00409,2024-01-07,2024-02-06,Fun Dive,1,3850.0,Completed,,T00074,3,30,False,2023-24 (half),2,2024-02,False,3850.0
B000589,C00065,2024-01-03,2024-02-06,Fun Dive,1,4000.0,Completed,,T00074,4,34,False,2023-24 (half),2,2024-02,False,4000.0
B000590,C00092,2023-12-24,2024-02-06,Course,4,28450.0,Completed,,T00074,7,44,False,2023-24 (half),2,2024-02,False,28450.0
B000591,C00378,2024-02-04,2024-02-06,Fun Dive,2,6450.0,Completed,,T00074,8,2,False,2023-24 (half),2,2024-02,False,6450.0
B000592,C00410,2024-01-30,2024-02-06,Fun Dive,1,3600.0,Completed,,T00074,10,7,False,2023-24 (half),2,2024-02,False,3600.0
B000593,C00411,2024-01-17,2024-02-06,Discovery Dive,1,5750.0,Completed,,T00074,11,20,False,2023-24 (half),2,2024-02,False,5750.0
B000594,C00412,2023-12-26,2024-02-06,Course,4,26700.0,Completed,,T00074,12,42,False,2023-24 (half),2,2024-02,False,26700.0
B000595,C00286,2024-01-04,2024-02-06,Fun Dive,2,8050.0,Completed,,T00075,1,33,False,2023-24 (half),2,2024-02,False,8050.0
B000596,C00110,2024-01-04,2024-02-06,Fun Dive,4,14250.0,Completed,,T00075,2,33,False,2023-24 (half),2,2024-02,False,14250.0
B000597,C00413,2024-01-19,2024-02-06,Fun Dive,1,2950.0,Completed,,T00075,4,18,False,2023-24 (half),2,2024-02,False,2950.0
B000598,C00414,2024-01-14,2024-02-06,Course,4,29650.0,Completed,,T00075,5,23,False,2023-24 (half),2,2024-02,False,29650.0
B000599,C00415,2024-01-04,2024-02-06,Discovery Dive,1,5100.0,Completed,,T00075,6,33,False,2023-24 (half),2,2024-02,False,5100.0
B000600,C00416,2024-01-24,2024-02-06,Discovery Dive,1,4650.0,Cancelled,Medical,T00075,7,13,False,2023-24 (half),2,2024-02,False,
B000601,C00417,2024-01-25,2024-02-06,Discovery Dive,1,5650.0,Completed,,T00075,8,12,False,2023-24 (half),2,2024-02,False,5650.0
B000602,C00418,2024-01-04,2024-02-06,Course,4,28050.0,Completed,,T00075,9,33,False,2023-24 (half),2,2024-02,False,28050.0
B000603,C00419,2024-01-13,2024-02-07,Discovery Dive,2,11750.0,Completed,,T00076,1,25,False,2023-24 (half),2,2024-02,False,11750.0
B000604,C00420,2024-01-28,2024-02-07,Course,4,28200.0,Completed,,T00076,2,10,False,2023-24 (half),2,2024-02,False,28200.0
B000605,C00040,2024-01-05,2024-02-07,Course,5,27600.0,Completed,,T00076,4,33,False,2023-24 (half),2,2024-02,False,27600.0
B000606,C00421,2024-02-04,2024-02-07,Fun Dive,4,15800.0,Completed,,T00076,6,3,False,2023-24 (half),2,2024-02,False,15800.0
B000607,C00422,2024-02-01,2024-02-07,Fun Dive,1,3800.0,Completed,,T00076,7,6,False,2023-24 (half),2,2024-02,False,3800.0
B000608,C00423,2023-12-27,2024-02-07,Fun Dive,4,15900.0,Completed,,T00076,9,42,False,2023-24 (half),2,2024-02,False,15900.0
B000609,C00424,2023-12-24,2024-02-07,Course,4,25450.0,Completed,,T00076,10,45,False,2023-24 (half),2,2024-02,False,25450.0
B000610,C00425,2024-01-09,2024-02-07,Fun Dive,2,6500.0,Completed,,T00076,11,29,False,2023-24 (half),2,2024-02,False,6500.0
B000611,C00327,2024-01-06,2024-02-07,Fun Dive,1,3700.0,No-show,,T00076,12,32,False,2023-24 (half),2,2024-02,False,
B000612,C00426,2024-01-15,2024-02-07,Fun Dive,1,3500.0,Completed,,T00077,1,23,False,2023-24 (half),2,2024-02,False,3500.0
B000613,C00427,2024-01-29,2024-02-07,Fun Dive,2,7450.0,Completed,,T00077,2,9,False,2023-24 (half),2,2024-02,False,7450.0
B000614,C00428,2024-01-02,2024-02-07,Discovery Dive,1,5150.0,Completed,,T00077,3,36,False,2023-24 (half),2,2024-02,False,5150.0
B000615,C00429,2023-12-31,2024-02-07,Fun Dive,3,10300.0,Completed,,T00077,4,38,False,2023-24 (half),2,2024-02,False,10300.0
B000616,C00430,2024-02-04,2024-02-07,Course,4,25350.0,Completed,,T00077,5,3,False,2023-24 (half),2,2024-02,False,25350.0
B000617,C00431,2024-01-13,2024-02-07,Fun Dive,2,6800.0,Completed,,T00077,7,25,False,2023-24 (half),2,2024-02,False,6800.0
B000618,C00432,2024-02-03,2024-02-07,Discovery Dive,1,4450.0,Completed,,T00077,8,4,False,2023-24 (half),2,2024-02,False,4450.0
B000619,C00433,2023-12-31,2024-02-07,Course,5,29300.0,Completed,,T00077,9,38,False,2023-24 (half),2,2024-02,False,29300.0
B000620,C00343,2024-01-26,2024-02-07,Fun Dive,2,7450.0,Completed,,T00077,10,12,False,2023-24 (half),2,2024-02,False,7450.0
B000621,C00434,2024-01-29,2024-02-07,Fun Dive,3,11400.0,Completed,,T00077,11,9,False,2023-24 (half),2,2024-02,False,11400.0
B000622,C00435,2023-12-26,2024-02-07,Course,5,26450.0,Completed,,T00077,12,43,False,2023-24 (half),2,2024-02,False,26450.0
B000623,C00436,2024-01-14,2024-02-08,Fun Dive,1,3700.0,Cancelled,Medical,T00078,1,25,False,2023-24 (half),2,2024-02,False,
B000624,C00437,2024-02-02,2024-02-08,Course,4,23600.0,Completed,,T00078,2,6,False,2023-24 (half),2,2024-02,False,23600.0
B000625,C00438,2024-02-07,2024-02-08,Discovery Dive,1,5500.0,Completed,,T00078,3,1,False,2023-24 (half),2,2024-02,False,5500.0
B000626,C00439,2024-01-04,2024-02-08,Fun Dive,1,3500.0,Completed,,T00078,4,35,False,2023-24 (half),2,2024-02,False,3500.0
B000627,C00440,2024-01-15,2024-02-08,Fun Dive,4,11950.0,Completed,,T00078,5,24,False,2023-24 (half),2,2024-02,False,11950.0
B000628,C00441,2024-02-06,2024-02-08,Fun Dive,3,10800.0,Completed,,T00078,7,2,False,2023-24 (half),2,2024-02,False,10800.0
B000629,C00442,2024-02-06,2024-02-08,Course,4,27150.0,Completed,,T00078,8,2,False,2023-24 (half),2,2024-02,False,27150.0
B000630,C00304,2024-01-24,2024-02-08,Fun Dive,1,4000.0,Completed,,T00079,2,15,False,2023-24 (half),2,2024-02,False,4000.0
B000631,C00443,2024-01-15,2024-02-08,Fun Dive,3,12200.0,Completed,,T00079,3,24,False,2023-24 (half),2,2024-02,False,12200.0
B000632,C00444,2024-01-04,2024-02-08,Fun Dive,1,3800.0,Completed,,T00079,5,35,False,2023-24 (half),2,2024-02,False,3800.0
B000633,C00445,2024-01-18,2024-02-08,Fun Dive,2,7050.0,Completed,,T00079,6,21,False,2023-24 (half),2,2024-02,False,7050.0
B000634,C00046,2024-01-28,2024-02-08,Discovery Dive,1,5400.0,Completed,,T00079,7,11,False,2023-24 (half),2,2024-02,False,5400.0
B000635,C00446,2023-12-31,2024-02-08,Fun Dive,4,13050.0,Cancelled,Customer,T00079,8,39,False,2023-24 (half),2,2024-02,False,
B000636,C00415,2024-01-03,2024-02-09,Fun Dive,3,10750.0,Completed,,T00080,1,37,False,2023-24 (half),2,2024-02,False,10750.0
B000637,C00362,2024-01-19,2024-02-09,Discovery Dive,1,5450.0,Completed,,T00080,2,21,False,2023-24 (half),2,2024-02,False,5450.0
B000638,C00447,2024-02-07,2024-02-09,Discovery Dive,1,4950.0,Completed,,T00080,3,2,False,2023-24 (half),2,2024-02,False,4950.0
B000639,C00448,2024-01-29,2024-02-09,Fun Dive,1,3600.0,Completed,,T00080,5,11,False,2023-24 (half),2,2024-02,False,3600.0
B000640,C00198,2024-01-26,2024-02-09,Fun Dive,4,13750.0,Cancelled,Weather,T00080,6,14,False,2023-24 (half),2,2024-02,False,
B000641,C00449,2024-02-05,2024-02-09,Course,4,28950.0,Completed,,T00080,7,4,False,2023-24 (half),2,2024-02,False,28950.0
B000642,C00450,2024-01-18,2024-02-09,Fun Dive,2,7150.0,Completed,,T00080,8,22,False,2023-24 (half),2,2024-02,False,7150.0
B000643,C00451,2024-02-03,2024-02-09,Discovery Dive,1,5450.0,Cancelled,Weather,T00080,10,6,False,2023-24 (half),2,2024-02,False,
B000644,C00452,2024-01-01,2024-02-09,Fun Dive,1,3450.0,Completed,,T00080,11,39,False,2023-24 (half),2,2024-02,False,3450.0
B000645,C00453,2024-01-27,2024-02-09,Fun Dive,3,10800.0,Completed,,T00080,12,13,False,2023-24 (half),2,2024-02,False,10800.0
B000646,C00454,2024-01-12,2024-02-10,Fun Dive,1,3550.0,Completed,,T00081,2,29,False,2023-24 (half),2,2024-02,True,3550.0
B000647,C00071,2023-12-29,2024-02-10,Fun Dive,2,7700.0,Completed,,T00081,3,43,False,2023-24 (half),2,2024-02,True,7700.0
B000648,C00455,2024-01-05,2024-02-10,Discovery Dive,2,11450.0,Completed,,T00081,4,36,False,2023-24 (half),2,2024-02,True,11450.0
B000649,C00456,2024-02-03,2024-02-10,Discovery Dive,1,5800.0,Completed,,T00081,7,7,False,2023-24 (half),2,2024-02,True,5800.0
B000650,C00457,2024-01-09,2024-02-10,Fun Dive,1,3000.0,Completed,,T00081,8,32,False,2023-24 (half),2,2024-02,True,3000.0
B000651,C00458,2023-12-30,2024-02-10,Fun Dive,4,14600.0,Completed,,T00081,9,42,False,2023-24 (half),2,2024-02,True,14600.0
B000652,C00093,2024-01-08,2024-02-10,Course,5,21100.0,Completed,,T00081,10,33,False,2023-24 (half),2,2024-02,True,21100.0
B000653,C00459,2024-01-30,2024-02-10,Fun Dive,1,3850.0,Completed,,T00081,11,11,False,2023-24 (half),2,2024-02,True,3850.0
B000654,C00460,2024-01-03,2024-02-10,Course,5,28050.0,Completed,,T00082,1,38,False,2023-24 (half),2,2024-02,True,28050.0
B000655,C00461,2024-02-01,2024-02-10,Discovery Dive,1,5650.0,Completed,,T00082,2,9,False,2023-24 (half),2,2024-02,True,5650.0
B000656,C00462,2023-12-31,2024-02-10,Discovery Dive,1,5300.0,Completed,,T00082,3,41,False,2023-24 (half),2,2024-02,True,5300.0
B000657,C00463,2024-01-13,2024-02-10,Fun Dive,4,16300.0,Completed,,T00082,5,28,False,2023-24 (half),2,2024-02,True,16300.0
B000658,C00464,2024-01-28,2024-02-10,Fun Dive,1,3550.0,Completed,,T00082,6,13,False,2023-24 (half),2,2024-02,True,3550.0
B000659,C00047,2024-01-18,2024-02-10,Discovery Dive,1,4650.0,Cancelled,Customer,T00082,7,23,False,2023-24 (half),2,2024-02,True,
B000660,C00465,2024-01-24,2024-02-10,Course,5,28050.0,Completed,,T00082,8,17,False,2023-24 (half),2,2024-02,True,28050.0
B000661,C00466,2024-01-14,2024-02-11,Discovery Dive,1,5650.0,Completed,,T00083,1,28,False,2023-24 (half),2,2024-02,True,5650.0
B000662,C00467,2024-01-05,2024-02-11,Course,5,27850.0,Completed,,T00083,2,37,False,2023-24 (half),2,2024-02,True,27850.0
B000663,C00468,2024-01-31,2024-02-11,Course,4,25250.0,Completed,,T00083,3,11,False,2023-24 (half),2,2024-02,True,25250.0
B000664,C00469,2024-01-16,2024-02-11,Fun Dive,3,10900.0,Completed,,T00083,4,26,False,2023-24 (half),2,2024-02,True,10900.0
B000665,C00246,2024-01-29,2024-02-11,Fun Dive,1,3950.0,Completed,,T00083,5,13,False,2023-24 (half),2,2024-02,True,3950.0
B000666,C00470,2023-12-31,2024-02-11,Fun Dive,2,6550.0,Cancelled,Weather,T00083,9,42,False,2023-24 (half),2,2024-02,True,
B000667,C00471,2024-01-08,2024-02-11,Fun Dive,2,5950.0,Cancelled,Medical,T00083,10,34,False,2023-24 (half),2,2024-02,True,
B000668,C00472,2024-02-06,2024-02-11,Course,5,26650.0,Cancelled,Customer,T00084,1,5,False,2023-24 (half),2,2024-02,True,
B000669,C00473,2024-01-17,2024-02-11,Course,5,22400.0,Completed,,T00084,2,25,False,2023-24 (half),2,2024-02,True,22400.0
B000670,C00061,2024-02-09,2024-02-11,Fun Dive,3,11950.0,Completed,,T00084,3,2,False,2023-24 (half),2,2024-02,True,11950.0
B000671,C00354,2024-01-13,2024-02-11,Fun Dive,1,3850.0,Completed,,T00084,4,29,False,2023-24 (half),2,2024-02,True,3850.0
B000672,C00340,2024-01-18,2024-02-11,Fun Dive,4,14950.0,Completed,,T00084,5,24,False,2023-24 (half),2,2024-02,True,14950.0
B000673,C00034,2024-01-20,2024-02-11,Fun Dive,1,3550.0,Completed,,T00084,7,22,False,2023-24 (half),2,2024-02,True,3550.0
B000674,C00294,2024-01-28,2024-02-11,Fun Dive,3,11050.0,Completed,,T00084,8,14,False,2023-24 (half),2,2024-02,True,11050.0
B000675,C00474,2023-12-31,2024-02-11,Discovery Dive,1,5850.0,Completed,,T00084,9,42,False,2023-24 (half),2,2024-02,True,5850.0
B000676,C00475,2024-01-02,2024-02-12,Course,4,26650.0,Completed,,T00085,1,41,False,2023-24 (half),2,2024-02,False,26650.0
B000677,C00433,2024-01-10,2024-02-12,Course,5,27550.0,Completed,,T00085,2,33,False,2023-24 (half),2,2024-02,False,27550.0
B000678,C00476,2024-01-04,2024-02-12,Fun Dive,4,14800.0,Completed,,T00085,4,39,False,2023-24 (half),2,2024-02,False,14800.0
B000679,C00477,2024-01-05,2024-02-12,Fun Dive,3,10150.0,Completed,,T00085,5,38,False,2023-24 (half),2,2024-02,False,10150.0
B000680,C00478,2024-01-20,2024-02-12,Discovery Dive,1,4700.0,Completed,,T00085,6,23,False,2023-24 (half),2,2024-02,False,4700.0
B000681,C00363,2024-01-06,2024-02-12,Fun Dive,3,11100.0,Completed,,T00085,7,37,False,2023-24 (half),2,2024-02,False,11100.0
B000682,C00479,2024-01-20,2024-02-12,Fun Dive,1,3800.0,Completed,,T00085,8,23,False,2023-24 (half),2,2024-02,False,3800.0
B000683,C00480,2024-01-17,2024-02-12,Course,5,27950.0,Completed,,T00085,9,26,False,2023-24 (half),2,2024-02,False,27950.0
B000684,C00178,2024-02-01,2024-02-12,Discovery Dive,1,4650.0,Completed,,T00085,10,11,False,2023-24 (half),2,2024-02,False,4650.0
B000685,C00452,2024-02-08,2024-02-12,Fun Dive,3,10600.0,Completed,,T00085,11,4,False,2023-24 (half),2,2024-02,False,10600.0
B000686,C00056,2024-02-04,2024-02-12,Discovery Dive,1,5300.0,Completed,,T00086,1,8,False,2023-24 (half),2,2024-02,False,5300.0
B000687,C00481,2024-01-27,2024-02-12,Fun Dive,1,3500.0,Completed,,T00086,2,16,False,2023-24 (half),2,2024-02,False,3500.0
B000688,C00198,2024-02-02,2024-02-12,Fun Dive,2,6850.0,Completed,,T00086,4,10,False,2023-24 (half),2,2024-02,False,6850.0
B000689,C00482,2024-02-08,2024-02-12,Course,4,22550.0,Completed,,T00086,5,4,False,2023-24 (half),2,2024-02,False,22550.0
B000690,C00483,2024-02-02,2024-02-12,Fun Dive,1,3800.0,Completed,,T00086,6,10,False,2023-24 (half),2,2024-02,False,3800.0
B000691,C00484,2024-01-29,2024-02-12,Fun Dive,3,10600.0,Completed,,T00086,7,14,False,2023-24 (half),2,2024-02,False,10600.0
B000692,C00118,2024-02-06,2024-02-12,Fun Dive,1,3800.0,Completed,,T00086,8,6,False,2023-24 (half),2,2024-02,False,3800.0
B000693,C00485,2024-01-20,2024-02-12,Discovery Dive,1,5200.0,Completed,,T00086,11,23,False,2023-24 (half),2,2024-02,False,5200.0
B000694,C00486,2024-01-14,2024-02-13,Course,4,28750.0,Completed,,T00087,1,30,False,2023-24 (half),2,2024-02,False,28750.0
B000695,C00442,2024-01-27,2024-02-13,Fun Dive,2,7500.0,Completed,,T00087,2,17,False,2023-24 (half),2,2024-02,False,7500.0
B000696,C00487,2024-02-10,2024-02-13,Course,5,29650.0,Completed,,T00087,3,3,False,2023-24 (half),2,2024-02,False,29650.0
B000697,C00104,2023-12-31,2024-02-13,Fun Dive,1,3650.0,No-show,,T00087,5,44,False,2023-24 (half),2,2024-02,False,
B000698,C00488,2024-01-09,2024-02-13,Course,5,26750.0,Completed,,T00087,6,35,False,2023-24 (half),2,2024-02,False,26750.0
B000699,C00489,2024-02-01,2024-02-13,Course,5,23800.0,No-show,,T00087,8,12,False,2023-24 (half),2,2024-02,False,
B000700,C00490,2024-02-09,2024-02-13,Discovery Dive,1,5850.0,Completed,,T00087,9,4,False,2023-24 (half),2,2024-02,False,5850.0
B000701,C00303,2024-01-09,2024-02-13,Discovery Dive,1,5000.0,Completed,,T00088,1,35,False,2023-24 (half),2,2024-02,False,5000.0
B000702,C00491,2024-02-06,2024-02-13,Discovery Dive,1,5600.0,Completed,,T00088,2,7,False,2023-24 (half),2,2024-02,False,5600.0
B000703,C00492,2024-01-04,2024-02-13,Discovery Dive,1,4650.0,Completed,,T00088,3,40,False,2023-24 (half),2,2024-02,False,4650.0
B000704,C00493,2024-02-05,2024-02-13,Discovery Dive,1,5500.0,Completed,,T00088,4,8,False,2023-24 (half),2,2024-02,False,5500.0
B000705,C00494,2024-01-28,2024-02-13,Course,4,26600.0,Completed,,T00088,5,16,False,2023-24 (half),2,2024-02,False,26600.0
B000706,C00495,2024-02-10,2024-02-13,Course,4,23800.0,No-show,,T00088,8,3,False,2023-24 (half),2,2024-02,False,
B000707,C00496,2024-01-11,2024-02-13,Fun Dive,4,14350.0,Cancelled,Customer,T00088,9,33,False,2023-24 (half),2,2024-02,False,
B000708,C00200,2024-02-09,2024-02-13,Fun Dive,2,8150.0,No-show,,T00088,11,4,False,2023-24 (half),2,2024-02,False,
B000709,C00497,2024-02-14,2024-02-14,Fun Dive,1,3450.0,Completed,,T00089,1,0,False,2023-24 (half),2,2024-02,False,3450.0
B000710,C00498,2024-01-28,2024-02-14,Fun Dive,1,3800.0,Completed,,T00089,2,17,False,2023-24 (half),2,2024-02,False,3800.0
B000711,C00499,2024-01-03,2024-02-14,Course,4,25600.0,Completed,,T00089,4,42,False,2023-24 (half),2,2024-02,False,25600.0
B000712,C00452,2024-01-30,2024-02-14,Fun Dive,3,10800.0,Completed,,T00089,5,15,False,2023-24 (half),2,2024-02,False,10800.0
B000713,C00500,2024-01-05,2024-02-14,Discovery Dive,1,5900.0,Completed,,T00089,6,40,False,2023-24 (half),2,2024-02,False,5900.0
B000714,C00501,2024-02-14,2024-02-14,Discovery Dive,2,10200.0,Completed,,T00089,8,0,False,2023-24 (half),2,2024-02,False,10200.0
B000715,C00502,2024-01-27,2024-02-14,Discovery Dive,1,5600.0,Completed,,T00089,10,18,False,2023-24 (half),2,2024-02,False,5600.0
B000716,C00503,2024-02-14,2024-02-14,Discovery Dive,1,5250.0,Completed,,T00090,1,0,False,2023-24 (half),2,2024-02,False,5250.0
B000717,C00369,2024-01-08,2024-02-14,Fun Dive,4,14950.0,Completed,,T00090,3,37,False,2023-24 (half),2,2024-02,False,14950.0
B000718,C00253,2024-02-11,2024-02-14,Course,4,25050.0,Completed,,T00090,4,3,False,2023-24 (half),2,2024-02,False,25050.0
B000719,C00504,2024-01-27,2024-02-14,Fun Dive,1,3600.0,Cancelled,Customer,T00090,6,18,False,2023-24 (half),2,2024-02,False,
B000720,C00505,2024-01-19,2024-02-14,Fun Dive,3,10050.0,Cancelled,Unknown,T00090,8,26,False,2023-24 (half),2,2024-02,False,
B000721,C00506,2023-12-31,2024-02-14,Discovery Dive,1,5350.0,Completed,,T00090,9,45,False,2023-24 (half),2,2024-02,False,5350.0
B000722,C00507,2024-02-09,2024-02-15,Discovery Dive,1,5200.0,Completed,,T00091,1,6,False,2023-24 (half),2,2024-02,False,5200.0
B000723,C00508,2024-01-12,2024-02-15,Fun Dive,3,10150.0,Completed,,T00091,2,34,False,2023-24 (half),2,2024-02,False,10150.0
B000724,C00046,2024-01-03,2024-02-15,Discovery Dive,1,5750.0,No-show,,T00091,5,43,False,2023-24 (half),2,2024-02,False,
B000725,C00509,2024-02-04,2024-02-15,Fun Dive,2,6000.0,Completed,,T00091,6,11,False,2023-24 (half),2,2024-02,False,6000.0
B000726,C00510,2024-02-05,2024-02-15,Discovery Dive,1,5100.0,Completed,,T00091,7,10,False,2023-24 (half),2,2024-02,False,5100.0
B000727,C00064,2024-01-19,2024-02-15,Fun Dive,4,14200.0,Completed,,T00091,8,27,False,2023-24 (half),2,2024-02,False,14200.0
B000728,C00042,2024-02-05,2024-02-15,Fun Dive,4,15100.0,Completed,,T00091,9,10,False,2023-24 (half),2,2024-02,False,15100.0
B000729,C00511,2024-01-14,2024-02-15,Course,4,29300.0,Completed,,T00091,10,32,False,2023-24 (half),2,2024-02,False,29300.0
B000730,C00066,2024-01-30,2024-02-15,Fun Dive,3,11000.0,Completed,,T00092,1,16,False,2023-24 (half),2,2024-02,False,11000.0
B000731,C00512,2024-01-29,2024-02-15,Fun Dive,3,10300.0,Completed,,T00092,2,17,False,2023-24 (half),2,2024-02,False,10300.0
B000732,C00513,2024-01-01,2024-02-15,Course,4,24800.0,Completed,,T00092,3,45,False,2023-24 (half),2,2024-02,False,24800.0
B000733,C00514,2024-01-27,2024-02-15,Discovery Dive,1,5200.0,Completed,,T00092,4,19,False,2023-24 (half),2,2024-02,False,5200.0
B000734,C00515,2024-01-14,2024-02-15,Course,5,25100.0,Completed,,T00092,6,32,False,2023-24 (half),2,2024-02,False,25100.0
B000735,C00516,2024-01-30,2024-02-15,Discovery Dive,1,4850.0,Completed,,T00092,7,16,False,2023-24 (half),2,2024-02,False,4850.0
B000736,C00517,2024-01-28,2024-02-15,Discovery Dive,1,5250.0,Completed,,T00092,9,18,False,2023-24 (half),2,2024-02,False,5250.0
B000737,C00518,2024-01-08,2024-02-15,Fun Dive,4,12800.0,Completed,,T00092,10,38,False,2023-24 (half),2,2024-02,False,12800.0
B000738,C00138,2024-01-24,2024-02-16,Fun Dive,4,14050.0,Completed,,T00093,1,23,False,2023-24 (half),2,2024-02,False,14050.0
B000739,C00036,2024-01-14,2024-02-16,Fun Dive,1,3600.0,Completed,,T00093,2,33,False,2023-24 (half),2,2024-02,False,3600.0
B000740,C00519,2024-01-26,2024-02-16,Discovery Dive,2,11200.0,Completed,,T00093,3,21,False,2023-24 (half),2,2024-02,False,11200.0
B000741,C00520,2024-01-26,2024-02-16,Fun Dive,1,3350.0,Cancelled,Unknown,T00093,4,21,False,2023-24 (half),2,2024-02,False,
B000742,C00521,2024-02-05,2024-02-16,Fun Dive,1,4000.0,Completed,,T00093,6,11,False,2023-24 (half),2,2024-02,False,4000.0
B000743,C00522,2024-02-10,2024-02-16,Fun Dive,2,7150.0,Completed,,T00093,7,6,False,2023-24 (half),2,2024-02,False,7150.0
B000744,C00523,2024-02-05,2024-02-16,Fun Dive,1,4000.0,Completed,,T00093,8,11,False,2023-24 (half),2,2024-02,False,4000.0
B000745,C00511,2024-01-04,2024-02-16,Course,4,28250.0,Completed,,T00093,9,43,False,2023-24 (half),2,2024-02,False,28250.0
B000746,C00524,2024-02-15,2024-02-17,Course,5,27100.0,Completed,,T00094,2,2,False,2023-24 (half),2,2024-02,True,27100.0
B000747,C00525,2024-02-12,2024-02-17,Course,5,28700.0,Completed,,T00094,3,5,False,2023-24 (half),2,2024-02,True,28700.0
B000748,C00360,2024-01-07,2024-02-17,Fun Dive,2,7300.0,No-show,,T00094,4,41,False,2023-24 (half),2,2024-02,True,
B000749,C00526,2024-02-06,2024-02-17,Fun Dive,1,3500.0,Completed,,T00094,5,11,False,2023-24 (half),2,2024-02,True,3500.0
B000750,C00527,2024-02-10,2024-02-17,Fun Dive,1,3550.0,Completed,,T00094,6,7,False,2023-24 (half),2,2024-02,True,3550.0
B000751,C00528,2024-01-21,2024-02-17,Course,4,28250.0,Completed,,T00094,7,27,False,2023-24 (half),2,2024-02,True,28250.0
B000752,C00529,2024-01-06,2024-02-17,Discovery Dive,1,5200.0,Completed,,T00094,8,42,False,2023-24 (half),2,2024-02,True,5200.0
B000753,C00530,2024-01-18,2024-02-17,Fun Dive,1,3550.0,Completed,,T00094,9,30,False,2023-24 (half),2,2024-02,True,3550.0
B000754,C00531,2024-01-23,2024-02-17,Course,4,28300.0,Completed,,T00094,10,25,False,2023-24 (half),2,2024-02,True,28300.0
B000755,C00375,2024-02-01,2024-02-17,Discovery Dive,1,5100.0,Completed,,T00094,11,16,False,2023-24 (half),2,2024-02,True,5100.0
B000756,C00385,2024-02-06,2024-02-17,Fun Dive,1,3650.0,Completed,,T00095,1,11,False,2023-24 (half),2,2024-02,True,3650.0
B000757,C00016,2024-02-08,2024-02-17,Course,5,27600.0,Completed,,T00095,2,9,False,2023-24 (half),2,2024-02,True,27600.0
B000758,C00532,2024-01-10,2024-02-17,Discovery Dive,1,4950.0,Completed,,T00095,3,38,False,2023-24 (half),2,2024-02,True,4950.0
B000759,C00533,2024-01-04,2024-02-17,Discovery Dive,1,5500.0,Completed,,T00095,5,44,False,2023-24 (half),2,2024-02,True,5500.0
B000760,C00534,2024-01-17,2024-02-17,Discovery Dive,1,5000.0,Completed,,T00095,6,31,False,2023-24 (half),2,2024-02,True,5000.0
B000761,C00535,2024-01-29,2024-02-17,Discovery Dive,1,4900.0,Completed,,T00095,7,19,False,2023-24 (half),2,2024-02,True,4900.0
B000762,C00536,2024-01-19,2024-02-17,Discovery Dive,1,5750.0,Completed,,T00095,8,29,False,2023-24 (half),2,2024-02,True,5750.0
B000763,C00211,2024-01-15,2024-02-17,Course,4,24750.0,Cancelled,Customer,T00095,9,33,False,2023-24 (half),2,2024-02,True,
B000764,C00537,2024-02-13,2024-02-17,Fun Dive,4,12150.0,Completed,,T00096,2,4,False,2023-24 (half),2,2024-02,True,12150.0
B000765,C00538,2024-01-22,2024-02-17,Fun Dive,3,9500.0,Cancelled,Weather,T00096,3,26,False,2023-24 (half),2,2024-02,True,
B000766,C00539,2024-01-18,2024-02-17,Fun Dive,1,3000.0,Completed,,T00096,4,30,False,2023-24 (half),2,2024-02,True,3000.0
B000767,C00380,2024-02-17,2024-02-17,Fun Dive,3,10850.0,Completed,,T00096,5,0,False,2023-24 (half),2,2024-02,True,10850.0
B000768,C00540,2024-01-23,2024-02-17,Discovery Dive,1,5450.0,Completed,,T00096,6,25,False,2023-24 (half),2,2024-02,True,5450.0
B000769,C00541,2024-02-03,2024-02-17,Fun Dive,1,3350.0,Completed,,T00096,7,14,False,2023-24 (half),2,2024-02,True,3350.0
B000770,C00196,2024-02-05,2024-02-17,Fun Dive,1,3850.0,Completed,,T00096,9,12,False,2023-24 (half),2,2024-02,True,3850.0
B000771,C00542,2024-01-07,2024-02-18,Fun Dive,4,14200.0,Completed,,T00097,1,42,False,2023-24 (half),2,2024-02,True,14200.0
B000772,C00310,2024-01-26,2024-02-18,Course,4,26200.0,Completed,,T00097,2,23,False,2023-24 (half),2,2024-02,True,26200.0
B000773,C00543,2024-02-12,2024-02-18,Fun Dive,1,3450.0,Completed,,T00097,4,6,False,2023-24 (half),2,2024-02,True,3450.0
B000774,C00452,2024-02-18,2024-02-18,Course,5,26900.0,Completed,,T00097,5,0,False,2023-24 (half),2,2024-02,True,26900.0
B000775,C00544,2024-02-03,2024-02-18,Fun Dive,3,11200.0,Completed,,T00097,6,15,False,2023-24 (half),2,2024-02,True,11200.0
B000776,C00017,2024-02-15,2024-02-18,Course,5,29550.0,Completed,,T00097,8,3,False,2023-24 (half),2,2024-02,True,29550.0
B000777,C00545,2024-02-15,2024-02-18,Fun Dive,3,10450.0,Completed,,T00097,10,3,False,2023-24 (half),2,2024-02,True,10450.0
B000778,C00546,2024-01-04,2024-02-18,Fun Dive,3,11200.0,Completed,,T00097,11,45,False,2023-24 (half),2,2024-02,True,11200.0
B000779,C00547,2024-01-10,2024-02-18,Discovery Dive,1,5400.0,Completed,,T00097,12,39,False,2023-24 (half),2,2024-02,True,5400.0
B000780,C00548,2024-01-31,2024-02-18,Fun Dive,1,3850.0,No-show,,T00098,1,18,False,2023-24 (half),2,2024-02,True,
B000781,C00267,2024-02-18,2024-02-18,Fun Dive,3,11800.0,Completed,,T00098,2,0,False,2023-24 (half),2,2024-02,True,11800.0
B000782,C00549,2024-01-06,2024-02-18,Discovery Dive,1,5250.0,Completed,,T00098,4,43,False,2023-24 (half),2,2024-02,True,5250.0
B000783,C00187,2024-01-29,2024-02-18,Fun Dive,2,6950.0,Completed,,T00098,5,20,False,2023-24 (half),2,2024-02,True,6950.0
B000784,C00550,2024-02-08,2024-02-18,Discovery Dive,1,5050.0,Completed,,T00098,6,10,False,2023-24 (half),2,2024-02,True,5050.0
B000785,C00421,2024-01-24,2024-02-18,Fun Dive,1,3600.0,Completed,,T00098,7,25,False,2023-24 (half),2,2024-02,True,3600.0
B000786,C00551,2024-02-04,2024-02-18,Fun Dive,3,10600.0,Completed,,T00098,8,14,False,2023-24 (half),2,2024-02,True,10600.0
B000787,C00161,2024-02-07,2024-02-18,Course,5,26300.0,Completed,,T00098,9,11,False,2023-24 (half),2,2024-02,True,26300.0
B000788,C00552,2024-01-25,2024-02-18,Discovery Dive,1,5250.0,No-show,,T00099,2,24,False,2023-24 (half),2,2024-02,True,
B000789,C00553,2024-01-10,2024-02-18,Discovery Dive,1,5200.0,Completed,,T00099,3,39,False,2023-24 (half),2,2024-02,True,5200.0
B000790,C00066,2024-01-31,2024-02-18,Course,4,26600.0,Completed,,T00099,4,18,False,2023-24 (half),2,2024-02,True,26600.0
B000791,C00554,2024-01-23,2024-02-18,Fun Dive,1,3950.0,Cancelled,Weather,T00099,5,26,False,2023-24 (half),2,2024-02,True,
B000792,C00166,2024-01-09,2024-02-18,Fun Dive,1,3100.0,No-show,,T00099,6,40,False,2023-24 (half),2,2024-02,True,
B000793,C00002,2024-02-08,2024-02-18,Fun Dive,2,6900.0,Completed,,T00099,7,10,False,2023-24 (half),2,2024-02,True,6900.0
B000794,C00168,2024-01-14,2024-02-18,Fun Dive,3,11600.0,Completed,,T00099,9,35,False,2023-24 (half),2,2024-02,True,11600.0
B000795,C00413,2024-02-13,2024-02-19,Course,4,21800.0,Completed,,T00100,1,6,False,2023-24 (half),2,2024-02,False,21800.0
B000796,C00232,2024-02-05,2024-02-19,Fun Dive,1,3800.0,Completed,,T00100,3,14,False,2023-24 (half),2,2024-02,False,3800.0
B000797,C00555,2024-02-13,2024-02-19,Fun Dive,2,7100.0,Completed,,T00100,4,6,False,2023-24 (half),2,2024-02,False,7100.0
B000798,C00556,2024-01-07,2024-02-19,Fun Dive,2,7200.0,Completed,,T00100,6,43,False,2023-24 (half),2,2024-02,False,7200.0
B000799,C00557,2024-01-23,2024-02-19,Fun Dive,4,14600.0,Completed,,T00100,7,27,False,2023-24 (half),2,2024-02,False,14600.0
B000800,C00558,2024-01-15,2024-02-19,Fun Dive,2,6350.0,Completed,,T00100,8,35,False,2023-24 (half),2,2024-02,False,6350.0
B000801,C00559,2024-01-13,2024-02-19,Discovery Dive,1,4850.0,Completed,,T00100,9,37,False,2023-24 (half),2,2024-02,False,4850.0
B000802,C00560,2024-02-09,2024-02-19,Discovery Dive,1,4300.0,Completed,,T00100,10,10,False,2023-24 (half),2,2024-02,False,4300.0
B000803,C00561,2024-02-13,2024-02-19,Discovery Dive,1,5700.0,Completed,,T00101,1,6,False,2023-24 (half),2,2024-02,False,5700.0
B000804,C00380,2024-01-07,2024-02-19,Fun Dive,1,3650.0,Completed,,T00101,2,43,False,2023-24 (half),2,2024-02,False,3650.0
B000805,C00562,2024-02-18,2024-02-19,Course,4,24700.0,Cancelled,Medical,T00101,3,1,False,2023-24 (half),2,2024-02,False,
B000806,C00563,2024-01-23,2024-02-19,Fun Dive,2,7100.0,Completed,,T00101,4,27,False,2023-24 (half),2,2024-02,False,7100.0
B000807,C00130,2024-01-30,2024-02-19,Course,5,28100.0,Completed,,T00101,5,20,False,2023-24 (half),2,2024-02,False,28100.0
B000808,C00564,2024-02-05,2024-02-19,Course,4,25450.0,Completed,,T00101,8,14,False,2023-24 (half),2,2024-02,False,25450.0
B000809,C00231,2024-01-28,2024-02-19,Discovery Dive,1,4900.0,Completed,,T00101,9,22,False,2023-24 (half),2,2024-02,False,4900.0
B000810,C00475,2024-01-12,2024-02-20,Discovery Dive,1,5350.0,Completed,,T00102,1,39,False,2023-24 (half),2,2024-02,False,5350.0
B000811,C00565,2024-01-28,2024-02-20,Course,4,24050.0,Completed,,T00102,3,23,False,2023-24 (half),2,2024-02,False,24050.0
B000812,C00566,2024-01-14,2024-02-20,Discovery Dive,1,5650.0,Completed,,T00102,4,37,False,2023-24 (half),2,2024-02,False,5650.0
B000813,C00209,2024-01-25,2024-02-20,Course,4,24900.0,Cancelled,Customer,T00102,7,26,False,2023-24 (half),2,2024-02,False,
B000814,C00187,2024-01-16,2024-02-20,Fun Dive,1,3600.0,Completed,,T00102,9,35,False,2023-24 (half),2,2024-02,False,3600.0
B000815,C00567,2024-01-19,2024-02-20,Course,4,26100.0,Completed,,T00102,10,32,False,2023-24 (half),2,2024-02,False,26100.0
B000816,C00568,2024-01-27,2024-02-20,Discovery Dive,1,5300.0,Completed,,T00102,11,24,False,2023-24 (half),2,2024-02,False,5300.0
B000817,C00569,2024-01-18,2024-02-20,Fun Dive,3,9250.0,Completed,,T00103,1,33,False,2023-24 (half),2,2024-02,False,9250.0
B000818,C00570,2024-01-09,2024-02-20,Discovery Dive,1,4600.0,Completed,,T00103,2,42,False,2023-24 (half),2,2024-02,False,4600.0
B000819,C00463,2024-02-04,2024-02-20,Fun Dive,2,8100.0,Completed,,T00103,3,16,False,2023-24 (half),2,2024-02,False,8100.0
B000820,C00571,2024-02-15,2024-02-20,Course,4,27800.0,Completed,,T00103,5,5,False,2023-24 (half),2,2024-02,False,27800.0
B000821,C00024,2024-01-11,2024-02-20,Fun Dive,2,6650.0,Completed,,T00103,6,40,False,2023-24 (half),2,2024-02,False,6650.0
B000822,C00572,2024-01-09,2024-02-20,Course,5,26650.0,Completed,,T00103,7,42,False,2023-24 (half),2,2024-02,False,26650.0
B000823,C00247,2024-01-15,2024-02-20,Fun Dive,1,3600.0,Completed,,T00103,8,36,False,2023-24 (half),2,2024-02,False,3600.0
B000824,C00573,2024-02-07,2024-02-20,Discovery Dive,1,5850.0,Completed,,T00103,9,13,False,2023-24 (half),2,2024-02,False,5850.0
B000825,C00451,2024-02-07,2024-02-20,Course,5,26300.0,Completed,,T00103,10,13,False,2023-24 (half),2,2024-02,False,26300.0
B000826,C00385,2024-02-15,2024-02-21,Fun Dive,2,7150.0,Completed,,T00104,2,6,False,2023-24 (half),2,2024-02,False,7150.0
B000827,C00574,2024-02-05,2024-02-21,Fun Dive,2,7000.0,Completed,,T00104,3,16,False,2023-24 (half),2,2024-02,False,7000.0
B000828,C00499,2024-01-12,2024-02-21,Fun Dive,4,14150.0,Completed,,T00104,4,40,False,2023-24 (half),2,2024-02,False,14150.0
B000829,C00194,2024-02-12,2024-02-21,Fun Dive,2,6850.0,No-show,,T00104,5,9,False,2023-24 (half),2,2024-02,False,
B000830,C00270,2024-01-15,2024-02-21,Fun Dive,3,11050.0,Completed,,T00104,6,37,False,2023-24 (half),2,2024-02,False,11050.0
B000831,C00575,2024-01-30,2024-02-21,Fun Dive,4,15300.0,Completed,,T00104,7,22,False,2023-24 (half),2,2024-02,False,15300.0
B000832,C00576,2024-02-19,2024-02-21,Fun Dive,3,12050.0,Completed,,T00104,9,2,False,2023-24 (half),2,2024-02,False,12050.0
B000833,C00577,2024-02-09,2024-02-21,Course,5,27300.0,Completed,,T00104,10,12,False,2023-24 (half),2,2024-02,False,27300.0
B000834,C00271,2024-02-07,2024-02-21,Fun Dive,4,16250.0,Completed,,T00104,11,14,False,2023-24 (half),2,2024-02,False,16250.0
B000835,C00279,2024-01-17,2024-02-21,Course,4,26700.0,Completed,,T00105,1,35,False,2023-24 (half),2,2024-02,False,26700.0
B000836,C00578,2024-02-08,2024-02-21,Discovery Dive,1,5350.0,Completed,,T00105,3,13,False,2023-24 (half),2,2024-02,False,5350.0
B000837,C00579,2024-02-12,2024-02-21,Fun Dive,2,7700.0,Completed,,T00105,4,9,False,2023-24 (half),2,2024-02,False,7700.0
B000838,C00033,2024-02-13,2024-02-21,Fun Dive,3,10450.0,Completed,,T00105,6,8,False,2023-24 (half),2,2024-02,False,10450.0
B000839,C00580,2024-01-23,2024-02-21,Discovery Dive,1,5150.0,Completed,,T00105,7,29,False,2023-24 (half),2,2024-02,False,5150.0
B000840,C00254,2024-01-11,2024-02-21,Fun Dive,2,7150.0,Cancelled,Customer,T00105,8,41,False,2023-24 (half),2,2024-02,False,
B000841,C00287,2024-02-17,2024-02-21,Fun Dive,3,12050.0,Completed,,T00105,9,4,False,2023-24 (half),2,2024-02,False,12050.0
B000842,C00149,2024-02-10,2024-02-21,Fun Dive,3,9100.0,Completed,,T00105,10,11,False,2023-24 (half),2,2024-02,False,9100.0
B000843,C00277,2024-01-15,2024-02-21,Fun Dive,1,3850.0,Completed,,T00105,11,37,False,2023-24 (half),2,2024-02,False,3850.0
B000844,C00477,2024-02-05,2024-02-22,Fun Dive,1,3650.0,Completed,,T00106,1,17,False,2023-24 (half),2,2024-02,False,3650.0
B000845,C00159,2024-01-16,2024-02-22,Fun Dive,1,3700.0,Completed,,T00106,3,37,False,2023-24 (half),2,2024-02,False,3700.0
B000846,C00581,2024-02-22,2024-02-22,Discovery Dive,1,5150.0,Completed,,T00106,4,0,False,2023-24 (half),2,2024-02,False,5150.0
B000847,C00582,2024-01-20,2024-02-22,Course,4,25450.0,Cancelled,Customer,T00106,5,33,False,2023-24 (half),2,2024-02,False,
B000848,C00583,2024-02-22,2024-02-22,Fun Dive,2,7400.0,Completed,,T00106,6,0,False,2023-24 (half),2,2024-02,False,7400.0
B000849,C00584,2024-01-28,2024-02-22,Discovery Dive,1,4900.0,Completed,,T00106,7,25,False,2023-24 (half),2,2024-02,False,4900.0
B000850,C00585,2024-01-16,2024-02-22,Course,5,21450.0,Completed,,T00106,8,37,False,2023-24 (half),2,2024-02,False,21450.0
B000851,C00586,2024-02-05,2024-02-22,Discovery Dive,1,5350.0,Completed,,T00106,9,17,False,2023-24 (half),2,2024-02,False,5350.0
B000852,C00307,2024-02-02,2024-02-22,Fun Dive,4,13600.0,Completed,,T00106,10,20,False,2023-24 (half),2,2024-02,False,13600.0
B000853,C00587,2024-01-15,2024-02-22,Discovery Dive,1,5500.0,Completed,,T00106,11,38,False,2023-24 (half),2,2024-02,False,5500.0
B000854,C00143,2024-01-13,2024-02-23,Fun Dive,2,7150.0,Completed,,T00107,1,41,False,2023-24 (half),2,2024-02,False,7150.0
B000855,C00588,2024-02-09,2024-02-23,Course,5,25400.0,Completed,,T00107,3,14,False,2023-24 (half),2,2024-02,False,25400.0
B000856,C00154,2024-02-17,2024-02-23,Fun Dive,4,15100.0,Completed,,T00107,4,6,False,2023-24 (half),2,2024-02,False,15100.0
B000857,C00589,2024-01-25,2024-02-23,Fun Dive,1,3200.0,Completed,,T00107,5,29,False,2023-24 (half),2,2024-02,False,3200.0
B000858,C00438,2024-01-09,2024-02-23,Course,4,25200.0,Completed,,T00107,6,45,False,2023-24 (half),2,2024-02,False,25200.0
B000859,C00590,2024-02-22,2024-02-23,Discovery Dive,1,4750.0,Completed,,T00107,7,1,False,2023-24 (half),2,2024-02,False,4750.0
B000860,C00210,2024-01-28,2024-02-23,Fun Dive,1,4000.0,Completed,,T00107,8,26,False,2023-24 (half),2,2024-02,False,4000.0
B000861,C00130,2024-01-29,2024-02-23,Fun Dive,3,10900.0,No-show,,T00107,9,25,False,2023-24 (half),2,2024-02,False,
B000862,C00591,2024-01-17,2024-02-23,Fun Dive,2,6850.0,Completed,,T00107,10,37,False,2023-24 (half),2,2024-02,False,6850.0
B000863,C00315,2024-02-16,2024-02-23,Course,5,28300.0,Completed,,T00108,2,7,False,2023-24 (half),2,2024-02,False,28300.0
B000864,C00592,2024-02-11,2024-02-23,Fun Dive,3,10250.0,Completed,,T00108,3,12,False,2023-24 (half),2,2024-02,False,10250.0
B000865,C00593,2024-01-29,2024-02-23,Course,4,27450.0,Completed,,T00108,5,25,False,2023-24 (half),2,2024-02,False,27450.0
B000866,C00594,2024-02-17,2024-02-23,Fun Dive,3,10350.0,Cancelled,Medical,T00108,6,6,False,2023-24 (half),2,2024-02,False,
B000867,C00209,2024-01-17,2024-02-23,Fun Dive,1,3550.0,Completed,,T00108,7,37,False,2023-24 (half),2,2024-02,False,3550.0
B000868,C00215,2024-01-23,2024-02-23,Discovery Dive,2,11550.0,Completed,,T00108,8,31,False,2023-24 (half),2,2024-02,False,11550.0
B000869,C00595,2024-01-14,2024-02-23,Fun Dive,1,3800.0,Completed,,T00108,9,40,False,2023-24 (half),2,2024-02,False,3800.0
B000870,C00596,2024-02-20,2024-02-23,Fun Dive,2,6700.0,Completed,,T00108,11,3,False,2023-24 (half),2,2024-02,False,6700.0
B000871,C00597,2024-02-18,2024-02-24,Course,4,23850.0,Completed,,T00109,1,6,False,2023-24 (half),2,2024-02,True,23850.0
B000872,C00598,2024-02-17,2024-02-24,Fun Dive,1,3850.0,Completed,,T00109,2,7,False,2023-24 (half),2,2024-02,True,3850.0
B000873,C00599,2024-02-01,2024-02-24,Fun Dive,3,9050.0,Completed,,T00109,3,23,False,2023-24 (half),2,2024-02,True,9050.0
B000874,C00600,2024-02-11,2024-02-24,Fun Dive,3,11700.0,Completed,,T00109,5,13,False,2023-24 (half),2,2024-02,True,11700.0
B000875,C00601,2024-02-20,2024-02-24,Discovery Dive,1,5250.0,Cancelled,Weather,T00109,6,4,False,2023-24 (half),2,2024-02,True,
B000876,C00602,2024-01-23,2024-02-24,Discovery Dive,2,10700.0,Completed,,T00109,7,32,False,2023-24 (half),2,2024-02,True,10700.0
B000877,C00603,2024-02-03,2024-02-24,Course,4,26300.0,Completed,,T00109,8,21,False,2023-24 (half),2,2024-02,True,26300.0
B000878,C00604,2024-01-26,2024-02-24,Fun Dive,3,11200.0,Cancelled,Weather,T00109,9,29,False,2023-24 (half),2,2024-02,True,
B000879,C00493,2024-02-18,2024-02-24,Discovery Dive,1,5300.0,Completed,,T00109,10,6,False,2023-24 (half),2,2024-02,True,5300.0
B000880,C00605,2024-01-15,2024-02-25,Course,4,27300.0,No-show,,T00110,1,41,False,2023-24 (half),2,2024-02,True,
B000881,C00606,2024-02-09,2024-02-25,Course,4,27000.0,Cancelled,Medical,T00110,3,16,False,2023-24 (half),2,2024-02,True,
B000882,C00241,2024-02-16,2024-02-25,Fun Dive,2,5800.0,Completed,,T00110,4,9,False,2023-24 (half),2,2024-02,True,5800.0
B000883,C00607,2024-02-04,2024-02-25,Fun Dive,3,11100.0,Completed,,T00110,5,21,False,2023-24 (half),2,2024-02,True,11100.0
B000884,C00608,2024-02-21,2024-02-25,Fun Dive,1,4000.0,Completed,,T00110,7,4,False,2023-24 (half),2,2024-02,True,4000.0
B000885,C00609,2024-01-29,2024-02-25,Course,5,24950.0,Completed,,T00110,8,27,False,2023-24 (half),2,2024-02,True,24950.0
B000886,C00610,2024-02-24,2024-02-25,Fun Dive,2,8050.0,Completed,,T00110,9,1,False,2023-24 (half),2,2024-02,True,8050.0
B000887,C00260,2024-02-15,2024-02-25,Fun Dive,2,7200.0,Completed,,T00111,1,10,False,2023-24 (half),2,2024-02,True,7200.0
B000888,C00611,2024-01-18,2024-02-25,Fun Dive,3,11550.0,Completed,,T00111,3,38,False,2023-24 (half),2,2024-02,True,11550.0
B000889,C00612,2024-01-27,2024-02-25,Discovery Dive,1,4500.0,Completed,,T00111,4,29,False,2023-24 (half),2,2024-02,True,4500.0
B000890,C00613,2024-02-23,2024-02-25,Course,5,27800.0,No-show,,T00111,5,2,False,2023-24 (half),2,2024-02,True,
B000891,C00614,2024-02-10,2024-02-25,Course,5,25750.0,Completed,,T00111,6,15,False,2023-24 (half),2,2024-02,True,25750.0
B000892,C00202,2024-02-22,2024-02-25,Fun Dive,3,11900.0,Completed,,T00111,7,3,False,2023-24 (half),2,2024-02,True,11900.0
B000893,C00035,2024-01-12,2024-02-25,Discovery Dive,1,5250.0,Completed,,T00111,8,44,False,2023-24 (half),2,2024-02,True,5250.0
B000894,C00615,2024-02-08,2024-02-25,Discovery Dive,2,10400.0,Completed,,T00111,9,17,False,2023-24 (half),2,2024-02,True,10400.0
B000895,C00616,2024-02-21,2024-02-25,Course,4,26900.0,Completed,,T00111,10,4,False,2023-24 (half),2,2024-02,True,26900.0
B000896,C00617,2024-02-20,2024-02-26,Fun Dive,3,11450.0,Completed,,T00112,1,6,False,2023-24 (half),2,2024-02,False,11450.0
B000897,C00618,2024-02-05,2024-02-26,Discovery Dive,1,5050.0,Completed,,T00112,2,21,False,2023-24 (half),2,2024-02,False,5050.0
B000898,C00596,2024-01-20,2024-02-26,Fun Dive,1,3700.0,Cancelled,Medical,T00112,4,37,False,2023-24 (half),2,2024-02,False,
B000899,C00619,2024-02-26,2024-02-26,Fun Dive,1,3950.0,Completed,,T00112,5,0,False,2023-24 (half),2,2024-02,False,3950.0
B000900,C00620,2024-02-08,2024-02-26,Discovery Dive,2,10000.0,Completed,,T00112,6,18,False,2023-24 (half),2,2024-02,False,10000.0
B000901,C00621,2024-01-27,2024-02-26,Discovery Dive,1,4300.0,Completed,,T00112,8,30,False,2023-24 (half),2,2024-02,False,4300.0
B000902,C00622,2024-01-22,2024-02-26,Discovery Dive,1,4700.0,Completed,,T00113,1,35,False,2023-24 (half),2,2024-02,False,4700.0
B000903,C00623,2024-02-01,2024-02-26,Fun Dive,2,8000.0,Completed,,T00113,3,25,False,2023-24 (half),2,2024-02,False,8000.0
B000904,C00624,2024-02-15,2024-02-26,Discovery Dive,1,5300.0,Completed,,T00113,4,11,False,2023-24 (half),2,2024-02,False,5300.0
B000905,C00006,2024-01-15,2024-02-26,Fun Dive,2,6750.0,Completed,,T00113,5,42,False,2023-24 (half),2,2024-02,False,6750.0
B000906,C00625,2024-01-15,2024-02-26,Fun Dive,1,3500.0,Completed,,T00113,6,42,False,2023-24 (half),2,2024-02,False,3500.0
B000907,C00421,2024-01-30,2024-02-26,Course,5,28000.0,Completed,,T00113,7,27,False,2023-24 (half),2,2024-02,False,28000.0
B000908,C00626,2024-02-06,2024-02-27,Fun Dive,3,9950.0,Completed,,T00114,2,21,False,2023-24 (half),2,2024-02,False,9950.0
B000909,C00066,2024-02-25,2024-02-27,Fun Dive,2,7700.0,Completed,,T00114,4,2,False,2023-24 (half),2,2024-02,False,7700.0
B000910,C00627,2024-02-13,2024-02-27,Discovery Dive,1,5400.0,Completed,,T00114,5,14,False,2023-24 (half),2,2024-02,False,5400.0
B000911,C00628,2024-02-02,2024-02-27,Course,5,26200.0,Completed,,T00114,6,25,False,2023-24 (half),2,2024-02,False,26200.0
B000912,C00629,2024-01-25,2024-02-27,Fun Dive,2,7050.0,Completed,,T00114,7,33,False,2023-24 (half),2,2024-02,False,7050.0
B000913,C00463,2024-01-29,2024-02-27,Fun Dive,4,14950.0,Completed,,T00114,8,29,False,2023-24 (half),2,2024-02,False,14950.0
B000914,C00630,2024-01-25,2024-02-27,Fun Dive,2,7100.0,Completed,,T00114,9,33,False,2023-24 (half),2,2024-02,False,7100.0
B000915,C00631,2024-02-02,2024-02-27,Fun Dive,1,3650.0,Completed,,T00114,10,25,False,2023-24 (half),2,2024-02,False,3650.0
B000916,C00632,2024-02-01,2024-02-27,Fun Dive,3,10350.0,Completed,,T00115,2,26,False,2023-24 (half),2,2024-02,False,10350.0
B000917,C00633,2024-02-23,2024-02-27,Course,4,28550.0,Completed,,T00115,5,4,False,2023-24 (half),2,2024-02,False,28550.0
B000918,C00063,2024-02-27,2024-02-27,Fun Dive,2,6900.0,Completed,,T00115,6,0,False,2023-24 (half),2,2024-02,False,6900.0
B000919,C00634,2024-02-27,2024-02-27,Discovery Dive,1,5050.0,Completed,,T00115,7,0,False,2023-24 (half),2,2024-02,False,5050.0
B000920,C00212,2024-02-22,2024-02-27,Fun Dive,2,7050.0,Completed,,T00115,8,5,False,2023-24 (half),2,2024-02,False,7050.0
B000921,C00635,2024-01-20,2024-02-27,Fun Dive,1,3650.0,Completed,,T00115,9,38,False,2023-24 (half),2,2024-02,False,3650.0
B000922,C00636,2024-01-15,2024-02-27,Discovery Dive,1,5300.0,Completed,,T00115,10,43,False,2023-24 (half),2,2024-02,False,5300.0
B000923,C00637,2024-02-18,2024-02-28,Course,4,29300.0,Completed,,T00116,1,10,False,2023-24 (half),2,2024-02,False,29300.0
B000924,C00638,2024-02-24,2024-02-28,Fun Dive,2,7650.0,Completed,,T00116,2,4,False,2023-24 (half),2,2024-02,False,7650.0
B000925,C00639,2024-02-17,2024-02-28,Fun Dive,4,13950.0,Completed,,T00116,3,11,False,2023-24 (half),2,2024-02,False,13950.0
B000926,C00640,2024-02-18,2024-02-28,Fun Dive,3,11650.0,Completed,,T00116,4,10,False,2023-24 (half),2,2024-02,False,11650.0
B000927,C00641,2024-02-28,2024-02-28,Course,5,26600.0,Completed,,T00116,5,0,False,2023-24 (half),2,2024-02,False,26600.0
B000928,C00642,2024-01-15,2024-02-28,Course,4,25150.0,Completed,,T00116,8,44,False,2023-24 (half),2,2024-02,False,25150.0
B000929,C00643,2024-01-26,2024-02-28,Fun Dive,1,3650.0,Completed,,T00116,9,33,False,2023-24 (half),2,2024-02,False,3650.0
B000930,C00497,2024-02-12,2024-02-28,Fun Dive,4,15200.0,Completed,,T00116,11,16,False,2023-24 (half),2,2024-02,False,15200.0
B000931,C00644,2024-01-29,2024-02-28,Fun Dive,3,9050.0,Completed,,T00117,1,30,False,2023-24 (half),2,2024-02,False,9050.0
B000932,C00645,2024-02-16,2024-02-28,Discovery Dive,1,,Completed,,T00117,3,12,True,2023-24 (half),2,2024-02,False,
B000933,C00005,2024-02-03,2024-02-28,Fun Dive,1,3450.0,Completed,,T00117,4,25,False,2023-24 (half),2,2024-02,False,3450.0
B000934,C00646,2024-01-29,2024-02-28,Discovery Dive,1,5100.0,Completed,,T00117,6,30,False,2023-24 (half),2,2024-02,False,5100.0
B000935,C00647,2024-02-22,2024-02-28,Fun Dive,4,15900.0,Completed,,T00117,7,6,False,2023-24 (half),2,2024-02,False,15900.0
B000936,C00559,2024-01-25,2024-02-28,Fun Dive,4,11650.0,Completed,,T00117,8,34,False,2023-24 (half),2,2024-02,False,11650.0
B000937,C00648,2024-02-10,2024-02-28,Discovery Dive,1,5350.0,Completed,,T00117,10,18,False,2023-24 (half),2,2024-02,False,5350.0
B000938,C00124,2024-01-20,2024-02-28,Fun Dive,1,3950.0,Completed,,T00117,11,39,False,2023-24 (half),2,2024-02,False,3950.0
B000939,C00174,2024-01-23,2024-02-28,Course,5,27000.0,Completed,,T00117,12,36,False,2023-24 (half),2,2024-02,False,27000.0
B000940,C00649,2024-02-25,2024-02-29,Course,4,27700.0,Completed,,T00118,2,4,False,2023-24 (half),2,2024-02,False,27700.0
B000941,C00650,2024-02-05,2024-02-29,Course,4,26400.0,Completed,,T00118,4,24,False,2023-24 (half),2,2024-02,False,26400.0
B000942,C00651,2024-02-26,2024-02-29,Course,5,26050.0,Completed,,T00118,5,3,False,2023-24 (half),2,2024-02,False,26050.0
B000943,C00047,2024-02-10,2024-02-29,Fun Dive,4,14350.0,Completed,,T00118,6,19,False,2023-24 (half),2,2024-02,False,14350.0
B000944,C00652,2024-01-26,2024-02-29,Discovery Dive,2,10300.0,Completed,,T00118,7,34,False,2023-24 (half),2,2024-02,False,10300.0
B000945,C00653,2024-02-17,2024-02-29,Discovery Dive,1,5400.0,Completed,,T00118,8,12,False,2023-24 (half),2,2024-02,False,5400.0
B000946,C00567,2024-01-28,2024-02-29,Fun Dive,4,15400.0,Completed,,T00118,9,32,False,2023-24 (half),2,2024-02,False,15400.0
B000947,C00654,2024-02-08,2024-02-29,Course,5,26150.0,Completed,,T00118,10,21,False,2023-24 (half),2,2024-02,False,26150.0
B000948,C00655,2024-02-11,2024-02-29,Fun Dive,1,3800.0,Completed,,T00118,11,18,False,2023-24 (half),2,2024-02,False,3800.0
B000949,C00656,2024-02-05,2024-02-29,Fun Dive,2,6700.0,No-show,,T00119,1,24,False,2023-24 (half),2,2024-02,False,
B000950,C00460,2024-02-14,2024-02-29,Course,5,26900.0,Cancelled,Unknown,T00119,2,15,False,2023-24 (half),2,2024-02,False,
B000951,C00657,2024-02-28,2024-02-29,Course,4,26250.0,Completed,,T00119,3,1,False,2023-24 (half),2,2024-02,False,26250.0
B000952,C00658,2024-02-21,2024-02-29,Discovery Dive,1,5150.0,Cancelled,Customer,T00119,4,8,False,2023-24 (half),2,2024-02,False,
B000953,C00659,2024-01-20,2024-02-29,Fun Dive,4,13200.0,Completed,,T00119,5,40,False,2023-24 (half),2,2024-02,False,13200.0
B000954,C00660,2024-02-03,2024-02-29,Discovery Dive,1,5500.0,Completed,,T00119,6,26,False,2023-24 (half),2,2024-02,False,5500.0
B000955,C00555,2024-02-03,2024-02-29,Fun Dive,2,7400.0,Completed,,T00119,7,26,False,2023-24 (half),2,2024-02,False,7400.0
B000956,C00375,2024-02-01,2024-02-29,Discovery Dive,1,5150.0,No-show,,T00119,9,28,False,2023-24 (half),2,2024-02,False,
B000957,C00077,2024-02-06,2024-03-01,Course,5,26050.0,Completed,,T00120,1,24,False,2023-24 (half),3,2024-03,False,26050.0
B000958,C00479,2024-01-20,2024-03-01,Fun Dive,1,3600.0,Completed,,T00120,2,41,False,2023-24 (half),3,2024-03,False,3600.0
B000959,C00661,2024-02-01,2024-03-01,Fun Dive,2,7300.0,Completed,,T00120,3,29,False,2023-24 (half),3,2024-03,False,7300.0
B000960,C00662,2024-02-21,2024-03-01,Fun Dive,2,7450.0,Completed,,T00120,4,9,False,2023-24 (half),3,2024-03,False,7450.0
B000961,C00415,2024-02-20,2024-03-01,Discovery Dive,1,5550.0,Completed,,T00120,5,10,False,2023-24 (half),3,2024-03,False,5550.0
B000962,C00663,2024-02-26,2024-03-01,Fun Dive,1,3850.0,Completed,,T00120,6,4,False,2023-24 (half),3,2024-03,False,3850.0
B000963,C00664,2024-02-13,2024-03-01,Course,4,28950.0,Completed,,T00120,7,17,False,2023-24 (half),3,2024-03,False,28950.0
B000964,C00583,2024-03-01,2024-03-01,Fun Dive,2,7300.0,Completed,,T00120,9,0,False,2023-24 (half),3,2024-03,False,7300.0
B000965,C00665,2024-01-23,2024-03-02,Discovery Dive,1,4650.0,No-show,,T00121,2,39,False,2023-24 (half),3,2024-03,True,
B000966,C00039,2024-01-19,2024-03-02,Fun Dive,3,10000.0,Cancelled,Medical,T00121,3,43,False,2023-24 (half),3,2024-03,True,
B000967,C00666,2024-01-22,2024-03-02,Discovery Dive,1,5250.0,Completed,,T00121,4,40,False,2023-24 (half),3,2024-03,True,5250.0
B000968,C00667,2024-02-27,2024-03-02,Fun Dive,3,11450.0,Completed,,T00121,5,4,False,2023-24 (half),3,2024-03,True,11450.0
B000969,C00322,2024-02-05,2024-03-02,Course,4,25600.0,Completed,,T00121,6,26,False,2023-24 (half),3,2024-03,True,25600.0
B000970,C00605,2024-01-17,2024-03-02,Discovery Dive,1,5200.0,Completed,,T00121,7,45,False,2023-24 (half),3,2024-03,True,5200.0
B000971,C00668,2024-01-25,2024-03-02,Fun Dive,4,15650.0,Completed,,T00121,8,37,False,2023-24 (half),3,2024-03,True,15650.0
B000972,C00669,2024-01-20,2024-03-02,Fun Dive,2,7000.0,Completed,,T00121,9,42,False,2023-24 (half),3,2024-03,True,7000.0
B000973,C00670,2024-01-20,2024-03-03,Fun Dive,2,7150.0,Completed,,T00122,1,43,False,2023-24 (half),3,2024-03,True,7150.0
B000974,C00557,2024-02-12,2024-03-03,Course,5,26750.0,Cancelled,Weather,T00122,2,20,False,2023-24 (half),3,2024-03,True,
B000975,C00671,2024-01-30,2024-03-03,Discovery Dive,1,5350.0,Cancelled,Weather,T00122,3,33,False,2023-24 (half),3,2024-03,True,
B000976,C00065,2024-02-13,2024-03-03,Fun Dive,2,7450.0,Cancelled,Weather,T00122,4,19,False,2023-24 (half),3,2024-03,True,
B000977,C00672,2024-03-01,2024-03-03,Course,5,28000.0,Cancelled,Weather,T00122,6,2,False,2023-24 (half),3,2024-03,True,
B000978,C00063,2024-03-02,2024-03-03,Course,5,25600.0,Cancelled,Weather,T00122,8,1,False,2023-24 (half),3,2024-03,True,
B000979,C00673,2024-02-01,2024-03-03,Fun Dive,4,14900.0,Cancelled,Weather,T00123,1,31,False,2023-24 (half),3,2024-03,True,
B000980,C00674,2024-01-22,2024-03-03,Discovery Dive,1,5000.0,Completed,,T00123,3,41,False,2023-24 (half),3,2024-03,True,5000.0
B000981,C00675,2024-02-09,2024-03-03,Discovery Dive,1,4500.0,Cancelled,Weather,T00123,4,23,False,2023-24 (half),3,2024-03,True,
B000982,C00536,2024-01-25,2024-03-03,Fun Dive,1,3700.0,Completed,,T00123,5,38,False,2023-24 (half),3,2024-03,True,3700.0
B000983,C00676,2024-02-14,2024-03-03,Fun Dive,2,7800.0,Cancelled,Weather,T00123,6,18,False,2023-24 (half),3,2024-03,True,
B000984,C00677,2024-02-23,2024-03-03,Discovery Dive,1,5250.0,Completed,,T00123,8,9,False,2023-24 (half),3,2024-03,True,5250.0
B000985,C00678,2024-02-16,2024-03-04,Discovery Dive,1,5600.0,Completed,,T00124,1,17,False,2023-24 (half),3,2024-03,False,5600.0
B000986,C00478,2024-02-13,2024-03-04,Fun Dive,2,7100.0,Cancelled,Weather,T00124,2,20,False,2023-24 (half),3,2024-03,False,
B000987,C00679,2024-02-23,2024-03-04,Fun Dive,2,6700.0,Completed,,T00124,4,10,False,2023-24 (half),3,2024-03,False,6700.0
B000988,C00680,2024-01-24,2024-03-04,Fun Dive,1,3950.0,Completed,,T00124,5,40,False,2023-24 (half),3,2024-03,False,3950.0
B000989,C00536,2024-03-03,2024-03-04,Fun Dive,4,15450.0,Cancelled,Weather,T00124,6,1,False,2023-24 (half),3,2024-03,False,
B000990,C00681,2024-02-06,2024-03-04,Discovery Dive,2,10400.0,Completed,,T00124,7,27,False,2023-24 (half),3,2024-03,False,10400.0
B000991,C00682,2024-02-05,2024-03-04,Discovery Dive,1,5250.0,Completed,,T00124,9,28,False,2023-24 (half),3,2024-03,False,5250.0
B000992,C00683,2024-01-31,2024-03-04,Fun Dive,2,,Completed,,T00124,10,33,True,2023-24 (half),3,2024-03,False,
B000993,C00215,2024-01-23,2024-03-04,Course,4,25850.0,Completed,,T00124,11,41,False,2023-24 (half),3,2024-03,False,25850.0
B000994,C00684,2024-02-03,2024-03-04,Fun Dive,2,7100.0,Completed,,T00125,1,30,False,2023-24 (half),3,2024-03,False,7100.0
B000995,C00685,2024-02-02,2024-03-04,Fun Dive,3,11250.0,Cancelled,Weather,T00125,2,31,False,2023-24 (half),3,2024-03,False,
B000996,C00686,2024-02-10,2024-03-04,Discovery Dive,2,8700.0,Cancelled,Weather,T00125,3,23,False,2023-24 (half),3,2024-03,False,
B000997,C00687,2024-02-28,2024-03-04,Fun Dive,2,7650.0,Completed,,T00125,4,5,False,2023-24 (half),3,2024-03,False,7650.0
B000998,C00688,2024-02-27,2024-03-04,Fun Dive,2,7400.0,Completed,,T00125,5,6,False,2023-24 (half),3,2024-03,False,7400.0
B000999,C00689,2024-02-21,2024-03-04,Discovery Dive,1,5000.0,Cancelled,Weather,T00125,6,12,False,2023-24 (half),3,2024-03,False,
B001000,C00690,2024-02-29,2024-03-04,Fun Dive,1,3850.0,Completed,,T00125,7,4,False,2023-24 (half),3,2024-03,False,3850.0
B001001,C00691,2024-01-25,2024-03-04,Discovery Dive,2,10900.0,Completed,,T00125,8,39,False,2023-24 (half),3,2024-03,False,10900.0
B001002,C00692,2024-02-14,2024-03-04,Fun Dive,1,3600.0,Completed,,T00125,9,19,False,2023-24 (half),3,2024-03,False,3600.0
B001003,C00132,2024-01-23,2024-03-04,Fun Dive,1,3750.0,Completed,,T00125,11,41,False,2023-24 (half),3,2024-03,False,3750.0
B001004,C00693,2024-01-30,2024-03-05,Discovery Dive,1,5350.0,Completed,,T00126,2,35,False,2023-24 (half),3,2024-03,False,5350.0
B001005,C00694,2024-02-12,2024-03-05,Discovery Dive,1,4500.0,Completed,,T00126,3,22,False,2023-24 (half),3,2024-03,False,4500.0
B001006,C00695,2024-03-02,2024-03-05,Discovery Dive,1,5050.0,Completed,,T00126,4,3,False,2023-24 (half),3,2024-03,False,5050.0
B001007,C00696,2024-03-03,2024-03-05,Course,4,28850.0,Completed,,T00126,5,2,False,2023-24 (half),3,2024-03,False,28850.0
B001008,C00697,2024-03-03,2024-03-05,Course,5,25800.0,No-show,,T00126,6,2,False,2023-24 (half),3,2024-03,False,
B001009,C00663,2024-02-26,2024-03-05,Fun Dive,1,3950.0,Completed,,T00126,7,8,False,2023-24 (half),3,2024-03,False,3950.0
B001010,C00492,2024-03-04,2024-03-05,Course,4,21850.0,Completed,,T00126,9,1,False,2023-24 (half),3,2024-03,False,21850.0
B001011,C00698,2024-02-18,2024-03-05,Discovery Dive,1,4650.0,Completed,,T00127,1,16,False,2023-24 (half),3,2024-03,False,4650.0
B001012,C00699,2024-02-06,2024-03-05,Course,4,25850.0,Completed,,T00127,2,28,False,2023-24 (half),3,2024-03,False,25850.0
B001013,C00275,2024-02-05,2024-03-05,Course,4,28350.0,Completed,,T00127,3,29,False,2023-24 (half),3,2024-03,False,28350.0
B001014,C00370,2024-02-13,2024-03-05,Course,4,26550.0,Completed,,T00127,4,21,False,2023-24 (half),3,2024-03,False,26550.0
B001015,C00700,2024-02-11,2024-03-05,Discovery Dive,1,5250.0,Completed,,T00127,7,23,False,2023-24 (half),3,2024-03,False,5250.0
B001016,C00278,2024-01-30,2024-03-05,Fun Dive,2,7900.0,Completed,,T00127,8,35,False,2023-24 (half),3,2024-03,False,7900.0
B001017,C00701,2024-02-22,2024-03-05,Fun Dive,3,9900.0,Completed,,T00127,9,12,False,2023-24 (half),3,2024-03,False,9900.0
B001018,C00702,2024-01-31,2024-03-05,Course,4,26150.0,Completed,,T00127,10,34,False,2023-24 (half),3,2024-03,False,26150.0
B001019,C00513,2024-02-29,2024-03-05,Course,4,27950.0,Completed,,T00127,11,5,False,2023-24 (half),3,2024-03,False,27950.0
B001020,C00703,2024-01-29,2024-03-05,Discovery Dive,1,5400.0,Completed,,T00127,12,36,False,2023-24 (half),3,2024-03,False,5400.0
B001021,C00704,2024-01-25,2024-03-06,Fun Dive,2,7600.0,Completed,,T00128,1,41,False,2023-24 (half),3,2024-03,False,7600.0
B001022,C00705,2024-02-20,2024-03-06,Course,5,27100.0,Completed,,T00128,2,15,False,2023-24 (half),3,2024-03,False,27100.0
B001023,C00706,2024-02-19,2024-03-06,Course,4,26000.0,Cancelled,Customer,T00128,3,16,False,2023-24 (half),3,2024-03,False,
B001024,C00707,2024-03-04,2024-03-06,Discovery Dive,1,5800.0,Completed,,T00128,4,2,False,2023-24 (half),3,2024-03,False,5800.0
B001025,C00708,2024-01-31,2024-03-06,Fun Dive,1,3700.0,Completed,,T00128,5,35,False,2023-24 (half),3,2024-03,False,3700.0
B001026,C00490,2024-02-22,2024-03-06,Fun Dive,3,11450.0,Completed,,T00128,7,13,False,2023-24 (half),3,2024-03,False,11450.0
B001027,C00089,2024-01-23,2024-03-06,Fun Dive,1,3900.0,Completed,,T00128,8,43,False,2023-24 (half),3,2024-03,False,3900.0
B001028,C00709,2024-02-08,2024-03-06,Discovery Dive,2,11550.0,Cancelled,Medical,T00128,9,27,False,2023-24 (half),3,2024-03,False,
B001029,C00710,2024-02-20,2024-03-06,Discovery Dive,2,10100.0,Completed,,T00128,10,15,False,2023-24 (half),3,2024-03,False,10100.0
B001030,C00316,2024-01-24,2024-03-06,Fun Dive,1,3600.0,Completed,,T00128,11,42,False,2023-24 (half),3,2024-03,False,3600.0
B001031,C00346,2024-03-02,2024-03-06,Course,4,27850.0,Completed,,T00128,12,4,False,2023-24 (half),3,2024-03,False,27850.0
B001032,C00711,2024-02-03,2024-03-06,Discovery Dive,2,10550.0,Completed,,T00129,2,32,False,2023-24 (half),3,2024-03,False,10550.0
B001033,C00712,2024-02-11,2024-03-06,Fun Dive,3,10750.0,No-show,,T00129,3,24,False,2023-24 (half),3,2024-03,False,
B001034,C00106,2024-01-28,2024-03-06,Fun Dive,1,3200.0,Completed,,T00129,4,38,False,2023-24 (half),3,2024-03,False,3200.0
B001035,C00713,2024-03-06,2024-03-06,Discovery Dive,1,5250.0,Completed,,T00129,5,0,False,2023-24 (half),3,2024-03,False,5250.0
B001036,C00714,2024-03-05,2024-03-06,Discovery Dive,1,5550.0,Completed,,T00129,7,1,False,2023-24 (half),3,2024-03,False,5550.0
B001037,C00715,2024-02-06,2024-03-06,Fun Dive,2,7400.0,Completed,,T00129,8,29,False,2023-24 (half),3,2024-03,False,7400.0
B001038,C00716,2024-02-05,2024-03-06,Course,4,29300.0,Completed,,T00129,9,30,False,2023-24 (half),3,2024-03,False,29300.0
B001039,C00717,2024-02-21,2024-03-06,Fun Dive,4,12800.0,Completed,,T00129,10,14,False,2023-24 (half),3,2024-03,False,12800.0
B001040,C00718,2024-01-29,2024-03-07,Fun Dive,2,7050.0,Completed,,T00130,1,38,False,2023-24 (half),3,2024-03,False,7050.0
B001041,C00719,2024-01-30,2024-03-07,Fun Dive,1,3550.0,Completed,,T00130,2,37,False,2023-24 (half),3,2024-03,False,3550.0
B001042,C00720,2024-01-24,2024-03-07,Fun Dive,1,3250.0,Completed,,T00130,4,43,False,2023-24 (half),3,2024-03,False,3250.0
B001043,C00033,2024-02-21,2024-03-07,Fun Dive,2,6850.0,Completed,,T00130,5,15,False,2023-24 (half),3,2024-03,False,6850.0
B001044,C00721,2024-02-22,2024-03-07,Discovery Dive,1,5300.0,Completed,,T00130,6,14,False,2023-24 (half),3,2024-03,False,5300.0
B001045,C00722,2024-01-29,2024-03-07,Discovery Dive,1,5450.0,Completed,,T00130,7,38,False,2023-24 (half),3,2024-03,False,5450.0
B001046,C00723,2024-03-07,2024-03-07,Fun Dive,1,3600.0,Completed,,T00130,8,0,False,2023-24 (half),3,2024-03,False,3600.0
B001047,C00724,2024-02-22,2024-03-07,Fun Dive,1,3650.0,Completed,,T00130,10,14,False,2023-24 (half),3,2024-03,False,3650.0
B001048,C00725,2024-01-29,2024-03-07,Course,4,26250.0,Completed,,T00130,11,38,False,2023-24 (half),3,2024-03,False,26250.0
B001049,C00223,2024-02-02,2024-03-07,Course,4,26600.0,Completed,,T00130,12,34,False,2023-24 (half),3,2024-03,False,26600.0
B001050,C00726,2024-01-31,2024-03-07,Discovery Dive,1,5450.0,No-show,,T00131,1,36,False,2023-24 (half),3,2024-03,False,
B001051,C00727,2024-02-23,2024-03-07,Course,4,25800.0,Completed,,T00131,3,13,False,2023-24 (half),3,2024-03,False,25800.0
B001052,C00600,2024-01-26,2024-03-07,Course,5,26600.0,Completed,,T00131,4,41,False,2023-24 (half),3,2024-03,False,26600.0
B001053,C00728,2024-03-03,2024-03-07,Course,5,27600.0,Completed,,T00131,5,4,False,2023-24 (half),3,2024-03,False,27600.0
B001054,C00729,2024-02-23,2024-03-07,Fun Dive,2,6350.0,Completed,,T00131,6,13,False,2023-24 (half),3,2024-03,False,6350.0
B001055,C00032,2024-02-09,2024-03-07,Fun Dive,3,10550.0,Completed,,T00131,7,27,False,2023-24 (half),3,2024-03,False,10550.0
B001056,C00287,2024-02-13,2024-03-07,Fun Dive,2,8000.0,Completed,,T00131,8,23,False,2023-24 (half),3,2024-03,False,8000.0
B001057,C00730,2024-01-30,2024-03-07,Fun Dive,1,3900.0,Completed,,T00131,11,37,False,2023-24 (half),3,2024-03,False,3900.0
B001058,C00731,2024-01-26,2024-03-08,Fun Dive,1,3800.0,Completed,,T00132,1,42,False,2023-24 (half),3,2024-03,False,3800.0
B001059,C00473,2024-03-08,2024-03-08,Fun Dive,4,13350.0,Completed,,T00132,2,0,False,2023-24 (half),3,2024-03,False,13350.0
B001060,C00732,2024-02-28,2024-03-08,Discovery Dive,1,5400.0,Completed,,T00132,3,9,False,2023-24 (half),3,2024-03,False,5400.0
B001061,C00733,2024-02-10,2024-03-08,Fun Dive,3,11450.0,Completed,,T00132,4,27,False,2023-24 (half),3,2024-03,False,11450.0
B001062,C00734,2024-02-09,2024-03-08,Fun Dive,4,14300.0,Completed,,T00132,6,28,False,2023-24 (half),3,2024-03,False,14300.0
B001063,C00735,2024-03-07,2024-03-08,Discovery Dive,2,10550.0,Completed,,T00132,7,1,False,2023-24 (half),3,2024-03,False,10550.0
B001064,C00193,2024-03-05,2024-03-08,Course,5,23550.0,Cancelled,Customer,T00132,9,3,False,2023-24 (half),3,2024-03,False,
B001065,C00487,2024-02-03,2024-03-08,Discovery Dive,2,11400.0,Completed,,T00132,10,34,False,2023-24 (half),3,2024-03,False,11400.0
B001066,C00349,2024-02-21,2024-03-09,Course,4,26950.0,Completed,,T00133,1,17,False,2023-24 (half),3,2024-03,True,26950.0
B001067,C00736,2024-03-04,2024-03-09,Discovery Dive,1,4750.0,Completed,,T00133,2,5,False,2023-24 (half),3,2024-03,True,4750.0
B001068,C00106,2024-01-25,2024-03-09,Fun Dive,2,6450.0,Completed,,T00133,3,44,False,2023-24 (half),3,2024-03,True,6450.0
B001069,C00737,2024-02-18,2024-03-09,Fun Dive,1,3650.0,Completed,,T00133,5,20,False,2023-24 (half),3,2024-03,True,3650.0
B001070,C00738,2024-02-28,2024-03-09,Discovery Dive,2,10650.0,Completed,,T00133,6,10,False,2023-24 (half),3,2024-03,True,10650.0
B001071,C00739,2024-02-29,2024-03-09,Course,5,23050.0,Completed,,T00133,7,9,False,2023-24 (half),3,2024-03,True,23050.0
B001072,C00740,2024-03-02,2024-03-10,Fun Dive,3,12200.0,Cancelled,Medical,T00134,2,8,False,2023-24 (half),3,2024-03,True,
B001073,C00741,2024-02-15,2024-03-10,Discovery Dive,1,5550.0,Completed,,T00134,3,24,False,2023-24 (half),3,2024-03,True,5550.0
B001074,C00050,2024-02-08,2024-03-10,Fun Dive,3,9950.0,Completed,,T00134,4,31,False,2023-24 (half),3,2024-03,True,9950.0
B001075,C00742,2024-02-14,2024-03-10,Discovery Dive,1,5600.0,Completed,,T00134,5,25,False,2023-24 (half),3,2024-03,True,5600.0
B001076,C00537,2024-02-29,2024-03-10,Fun Dive,1,3250.0,Cancelled,Customer,T00134,6,10,False,2023-24 (half),3,2024-03,True,
B001077,C00743,2024-02-24,2024-03-10,Discovery Dive,1,4850.0,Cancelled,Customer,T00134,8,15,False,2023-24 (half),3,2024-03,True,
B001078,C00430,2024-02-27,2024-03-11,Course,4,23500.0,Completed,,T00135,1,13,False,2023-24 (half),3,2024-03,False,23500.0
B001079,C00744,2024-02-08,2024-03-11,Fun Dive,1,3300.0,Completed,,T00135,2,32,False,2023-24 (half),3,2024-03,False,3300.0
B001080,C00745,2024-02-03,2024-03-11,Discovery Dive,1,5250.0,Completed,,T00135,5,37,False,2023-24 (half),3,2024-03,False,5250.0
B001081,C00076,2024-02-15,2024-03-11,Fun Dive,3,9700.0,No-show,,T00135,6,25,False,2023-24 (half),3,2024-03,False,
B001082,C00746,2024-02-14,2024-03-11,Discovery Dive,1,5700.0,Completed,,T00135,7,26,False,2023-24 (half),3,2024-03,False,5700.0
B001083,C00747,2024-02-21,2024-03-11,Fun Dive,2,6900.0,Completed,,T00135,8,19,False,2023-24 (half),3,2024-03,False,6900.0
B001084,C00344,2024-02-29,2024-03-11,Fun Dive,1,3350.0,Completed,,T00135,10,11,False,2023-24 (half),3,2024-03,False,3350.0
B001085,C00455,2024-01-30,2024-03-11,Discovery Dive,1,5650.0,Completed,,T00135,11,41,False,2023-24 (half),3,2024-03,False,5650.0
B001086,C00748,2024-03-06,2024-03-11,Fun Dive,4,14200.0,Completed,,T00135,12,5,False,2023-24 (half),3,2024-03,False,14200.0
B001087,C00749,2024-03-05,2024-03-11,Fun Dive,3,10950.0,Completed,,T00136,1,6,False,2023-24 (half),3,2024-03,False,10950.0
B001088,C00750,2024-02-15,2024-03-11,Course,4,23600.0,Completed,,T00136,4,25,False,2023-24 (half),3,2024-03,False,23600.0
B001089,C00751,2024-02-02,2024-03-11,Discovery Dive,2,9200.0,Completed,,T00136,5,38,False,2023-24 (half),3,2024-03,False,9200.0
B001090,C00752,2024-03-10,2024-03-11,Fun Dive,4,15000.0,No-show,,T00136,6,1,False,2023-24 (half),3,2024-03,False,
B001091,C00753,2024-03-09,2024-03-11,Course,4,23300.0,Cancelled,Medical,T00136,7,2,False,2023-24 (half),3,2024-03,False,
B001092,C00609,2024-02-18,2024-03-11,Fun Dive,1,3950.0,Completed,,T00136,8,22,False,2023-24 (half),3,2024-03,False,3950.0
B001093,C00754,2024-01-30,2024-03-11,Fun Dive,1,3150.0,Completed,,T00136,9,41,False,2023-24 (half),3,2024-03,False,3150.0
B001094,C00572,2024-03-01,2024-03-12,Fun Dive,2,6900.0,Completed,,T00137,1,11,False,2023-24 (half),3,2024-03,False,6900.0
B001095,C00245,2024-02-21,2024-03-12,Discovery Dive,1,5650.0,Completed,,T00137,2,20,False,2023-24 (half),3,2024-03,False,5650.0
B001096,C00755,2024-02-06,2024-03-12,Fun Dive,1,3350.0,Cancelled,Customer,T00137,4,35,False,2023-24 (half),3,2024-03,False,
B001097,C00756,2024-02-28,2024-03-12,Discovery Dive,2,10700.0,Completed,,T00137,5,13,False,2023-24 (half),3,2024-03,False,10700.0
B001098,C00757,2024-02-25,2024-03-12,Discovery Dive,1,5600.0,Completed,,T00137,6,16,False,2023-24 (half),3,2024-03,False,5600.0
B001099,C00758,2024-02-03,2024-03-12,Course,5,25800.0,Completed,,T00137,7,38,False,2023-24 (half),3,2024-03,False,25800.0
B001100,C00759,2024-01-28,2024-03-12,Fun Dive,2,7250.0,Completed,,T00137,9,44,False,2023-24 (half),3,2024-03,False,7250.0
B001101,C00760,2024-02-20,2024-03-12,Course,5,29000.0,Completed,,T00137,11,21,False,2023-24 (half),3,2024-03,False,29000.0
B001102,C00565,2024-01-29,2024-03-13,Discovery Dive,1,4800.0,Completed,,T00138,1,44,False,2023-24 (half),3,2024-03,False,4800.0
B001103,C00359,2024-03-11,2024-03-13,Fun Dive,2,6800.0,Completed,,T00138,2,2,False,2023-24 (half),3,2024-03,False,6800.0
B001104,C00761,2024-03-05,2024-03-13,Course,4,25100.0,Completed,,T00138,3,8,False,2023-24 (half),3,2024-03,False,25100.0
B001105,C00762,2024-03-03,2024-03-13,Discovery Dive,1,5250.0,Completed,,T00138,4,10,False,2023-24 (half),3,2024-03,False,5250.0
B001106,C00763,2024-03-04,2024-03-13,Discovery Dive,1,5100.0,Completed,,T00138,5,9,False,2023-24 (half),3,2024-03,False,5100.0
B001107,C00764,2024-02-17,2024-03-13,Fun Dive,3,11700.0,Cancelled,Customer,T00138,6,25,False,2023-24 (half),3,2024-03,False,
B001108,C00765,2024-01-28,2024-03-13,Fun Dive,3,11700.0,Completed,,T00138,7,45,False,2023-24 (half),3,2024-03,False,11700.0
B001109,C00766,2024-02-13,2024-03-13,Fun Dive,1,3600.0,Completed,,T00138,10,29,False,2023-24 (half),3,2024-03,False,3600.0
B001110,C00767,2024-02-14,2024-03-13,Fun Dive,2,7500.0,Completed,,T00138,11,28,False,2023-24 (half),3,2024-03,False,7500.0
B001111,C00768,2024-02-09,2024-03-13,Discovery Dive,1,5100.0,Completed,,T00139,1,33,False,2023-24 (half),3,2024-03,False,5100.0
B001112,C00769,2024-01-30,2024-03-13,Fun Dive,3,10650.0,Completed,,T00139,2,43,False,2023-24 (half),3,2024-03,False,10650.0
B001113,C00046,2024-03-10,2024-03-13,Course,4,27850.0,Completed,,T00139,3,3,False,2023-24 (half),3,2024-03,False,27850.0
B001114,C00559,2024-02-19,2024-03-13,Discovery Dive,1,4250.0,Completed,,T00139,4,23,False,2023-24 (half),3,2024-03,False,4250.0
B001115,C00770,2024-02-27,2024-03-13,Fun Dive,3,10200.0,Completed,,T00139,5,15,False,2023-24 (half),3,2024-03,False,10200.0
B001116,C00771,2024-02-07,2024-03-13,Discovery Dive,1,4850.0,Completed,,T00139,6,35,False,2023-24 (half),3,2024-03,False,4850.0
B001117,C00381,2024-02-01,2024-03-13,Course,4,23600.0,Completed,,T00139,7,41,False,2023-24 (half),3,2024-03,False,23600.0
B001118,C00772,2024-02-10,2024-03-13,Discovery Dive,1,5500.0,Completed,,T00139,9,32,False,2023-24 (half),3,2024-03,False,5500.0
B001119,C00760,2024-03-12,2024-03-13,Discovery Dive,1,5900.0,Completed,,T00139,10,1,False,2023-24 (half),3,2024-03,False,5900.0
B001120,C00296,2024-03-03,2024-03-14,Fun Dive,4,14100.0,Completed,,T00140,1,11,False,2023-24 (half),3,2024-03,False,14100.0
B001121,C00469,2024-03-03,2024-03-14,Fun Dive,1,3600.0,Completed,,T00140,2,11,False,2023-24 (half),3,2024-03,False,3600.0
B001122,C00773,2024-03-13,2024-03-14,Fun Dive,1,3650.0,Completed,,T00140,3,1,False,2023-24 (half),3,2024-03,False,3650.0
B001123,C00774,2024-02-22,2024-03-14,Fun Dive,1,3900.0,Completed,,T00140,4,21,False,2023-24 (half),3,2024-03,False,3900.0
B001124,C00703,2024-02-26,2024-03-14,Course,4,27000.0,Completed,,T00140,6,17,False,2023-24 (half),3,2024-03,False,27000.0
B001125,C00411,2024-02-10,2024-03-14,Fun Dive,4,15250.0,Completed,,T00140,7,33,False,2023-24 (half),3,2024-03,False,15250.0
B001126,C00775,2024-02-16,2024-03-14,Fun Dive,2,7450.0,Cancelled,Medical,T00140,8,27,False,2023-24 (half),3,2024-03,False,
B001127,C00776,2024-01-29,2024-03-14,Discovery Dive,1,5800.0,Completed,,T00141,2,45,False,2023-24 (half),3,2024-03,False,5800.0
B001128,C00777,2024-02-28,2024-03-14,Fun Dive,1,4100.0,Completed,,T00141,3,15,False,2023-24 (half),3,2024-03,False,4100.0
B001129,C00099,2024-02-21,2024-03-14,Fun Dive,1,3900.0,Cancelled,Customer,T00141,4,22,False,2023-24 (half),3,2024-03,False,
B001130,C00778,2024-02-22,2024-03-14,Discovery Dive,1,5450.0,Completed,,T00141,5,21,False,2023-24 (half),3,2024-03,False,5450.0
B001131,C00779,2024-03-12,2024-03-14,Fun Dive,1,3950.0,Completed,,T00141,7,2,False,2023-24 (half),3,2024-03,False,3950.0
B001132,C00101,2024-02-19,2024-03-14,Fun Dive,3,11200.0,Completed,,T00141,8,24,False,2023-24 (half),3,2024-03,False,11200.0
B001133,C00410,2024-02-16,2024-03-14,Fun Dive,3,11950.0,Completed,,T00141,9,27,False,2023-24 (half),3,2024-03,False,11950.0
B001134,C00780,2024-02-17,2024-03-14,Fun Dive,4,14450.0,Completed,,T00141,11,26,False,2023-24 (half),3,2024-03,False,14450.0
B001135,C00781,2024-02-26,2024-03-14,Discovery Dive,1,4950.0,Completed,,T00141,12,17,False,2023-24 (half),3,2024-03,False,4950.0
B001136,C00782,2024-01-31,2024-03-15,Course,5,23950.0,Completed,,T00142,1,44,False,2023-24 (half),3,2024-03,False,23950.0
B001137,C00783,2024-03-11,2024-03-15,Fun Dive,1,3750.0,Completed,,T00142,2,4,False,2023-24 (half),3,2024-03,False,3750.0
B001138,C00784,2024-02-08,2024-03-15,Fun Dive,3,11150.0,Completed,,T00142,3,36,False,2023-24 (half),3,2024-03,False,11150.0
B001139,C00785,2024-02-04,2024-03-15,Course,4,25200.0,Completed,,T00142,4,40,False,2023-24 (half),3,2024-03,False,25200.0
B001140,C00786,2024-02-28,2024-03-15,Fun Dive,1,3750.0,Completed,,T00142,5,16,False,2023-24 (half),3,2024-03,False,3750.0
B001141,C00787,2024-03-14,2024-03-15,Fun Dive,2,7550.0,Completed,,T00142,6,1,False,2023-24 (half),3,2024-03,False,7550.0
B001142,C00788,2024-02-17,2024-03-15,Course,5,26050.0,Completed,,T00142,7,27,False,2023-24 (half),3,2024-03,False,26050.0
B001143,C00789,2024-02-27,2024-03-15,Fun Dive,1,3750.0,Completed,,T00142,8,17,False,2023-24 (half),3,2024-03,False,3750.0
B001144,C00658,2024-02-29,2024-03-16,Course,5,27650.0,Completed,,T00143,2,16,False,2023-24 (half),3,2024-03,True,27650.0
B001145,C00267,2024-02-15,2024-03-16,Fun Dive,4,15950.0,Completed,,T00143,3,30,False,2023-24 (half),3,2024-03,True,15950.0
B001146,C00790,2024-02-09,2024-03-16,Course,5,26300.0,Completed,,T00143,5,36,False,2023-24 (half),3,2024-03,True,26300.0
B001147,C00791,2024-02-15,2024-03-16,Fun Dive,4,15400.0,Completed,,T00143,6,30,False,2023-24 (half),3,2024-03,True,15400.0
B001148,C00792,2024-03-12,2024-03-16,Fun Dive,1,3750.0,Completed,,T00143,7,4,False,2023-24 (half),3,2024-03,True,3750.0
B001149,C00793,2024-03-03,2024-03-16,Fun Dive,2,7200.0,Completed,,T00143,8,13,False,2023-24 (half),3,2024-03,True,7200.0
B001150,C00471,2024-02-19,2024-03-16,Discovery Dive,1,4500.0,Completed,,T00143,9,26,False,2023-24 (half),3,2024-03,True,4500.0
B001151,C00644,2024-03-01,2024-03-16,Fun Dive,2,6550.0,Completed,,T00143,10,15,False,2023-24 (half),3,2024-03,True,6550.0
B001152,C00794,2024-02-19,2024-03-16,Course,5,27500.0,Completed,,T00143,11,26,False,2023-24 (half),3,2024-03,True,27500.0
B001153,C00795,2024-02-21,2024-03-16,Fun Dive,1,3900.0,Cancelled,Customer,T00144,1,24,False,2023-24 (half),3,2024-03,True,
B001154,C00492,2024-03-11,2024-03-16,Discovery Dive,1,4400.0,Completed,,T00144,2,5,False,2023-24 (half),3,2024-03,True,4400.0
B001155,C00796,2024-03-01,2024-03-16,Course,4,25250.0,Completed,,T00144,3,15,False,2023-24 (half),3,2024-03,True,25250.0
B001156,C00797,2024-02-08,2024-03-16,Discovery Dive,1,5150.0,Completed,,T00144,4,37,False,2023-24 (half),3,2024-03,True,5150.0
B001157,C00514,2024-03-10,2024-03-16,Fun Dive,3,10800.0,Completed,,T00144,5,6,False,2023-24 (half),3,2024-03,True,10800.0
B001158,C00798,2024-02-16,2024-03-16,Discovery Dive,1,5000.0,Completed,,T00144,6,29,False,2023-24 (half),3,2024-03,True,5000.0
B001159,C00799,2024-03-06,2024-03-16,Fun Dive,2,7500.0,Completed,,T00144,8,10,False,2023-24 (half),3,2024-03,True,7500.0
B001160,C00800,2024-03-14,2024-03-16,Fun Dive,2,7300.0,Completed,,T00144,9,2,False,2023-24 (half),3,2024-03,True,7300.0
B001161,C00132,2024-02-03,2024-03-17,Course,4,25850.0,Completed,,T00145,1,43,False,2023-24 (half),3,2024-03,True,25850.0
B001162,C00801,2024-02-14,2024-03-17,Fun Dive,2,6900.0,Completed,,T00145,2,32,False,2023-24 (half),3,2024-03,True,6900.0
B001163,C00802,2024-02-01,2024-03-17,Discovery Dive,1,5650.0,Completed,,T00145,3,45,False,2023-24 (half),3,2024-03,True,5650.0
B001164,C00803,2024-03-12,2024-03-17,Fun Dive,1,3550.0,Completed,,T00145,4,5,False,2023-24 (half),3,2024-03,True,3550.0
B001165,C00804,2024-02-09,2024-03-17,Fun Dive,2,8050.0,Completed,,T00145,5,37,False,2023-24 (half),3,2024-03,True,8050.0
B001166,C00202,2024-03-12,2024-03-17,Fun Dive,4,14500.0,Completed,,T00145,7,5,False,2023-24 (half),3,2024-03,True,14500.0
B001167,C00128,2024-02-18,2024-03-17,Fun Dive,1,3450.0,Cancelled,Unknown,T00145,8,28,False,2023-24 (half),3,2024-03,True,
B001168,C00805,2024-02-20,2024-03-17,Fun Dive,2,7700.0,Completed,,T00146,2,26,False,2023-24 (half),3,2024-03,True,7700.0
B001169,C00767,2024-02-02,2024-03-17,Fun Dive,3,11800.0,Completed,,T00146,3,44,False,2023-24 (half),3,2024-03,True,11800.0
B001170,C00806,2024-03-05,2024-03-17,Course,5,27350.0,Completed,,T00146,5,12,False,2023-24 (half),3,2024-03,True,27350.0
B001171,C00807,2024-02-29,2024-03-17,Course,5,21500.0,Cancelled,Medical,T00146,6,17,False,2023-24 (half),3,2024-03,True,
B001172,C00133,2024-03-15,2024-03-17,Course,4,26250.0,Completed,,T00146,7,2,False,2023-24 (half),3,2024-03,True,26250.0
B001173,C00808,2024-02-08,2024-03-17,Fun Dive,2,7350.0,Completed,,T00146,8,38,False,2023-24 (half),3,2024-03,True,7350.0
B001174,C00585,2024-02-02,2024-03-17,Fun Dive,4,12700.0,Completed,,T00146,9,44,False,2023-24 (half),3,2024-03,True,12700.0
B001175,C00809,2024-02-12,2024-03-18,Discovery Dive,2,11500.0,Completed,,T00147,2,35,False,2023-24 (half),3,2024-03,False,11500.0
B001176,C00810,2024-02-27,2024-03-18,Discovery Dive,1,5050.0,Completed,,T00147,3,20,False,2023-24 (half),3,2024-03,False,5050.0
B001177,C00811,2024-03-15,2024-03-18,Fun Dive,4,15850.0,Completed,,T00147,4,3,False,2023-24 (half),3,2024-03,False,15850.0
B001178,C00581,2024-02-21,2024-03-18,Discovery Dive,1,5400.0,Completed,,T00147,5,26,False,2023-24 (half),3,2024-03,False,5400.0
B001179,C00812,2024-02-24,2024-03-18,Course,4,25850.0,Completed,,T00147,6,23,False,2023-24 (half),3,2024-03,False,25850.0
B001180,C00813,2024-03-09,2024-03-18,Fun Dive,3,11000.0,Completed,,T00147,7,9,False,2023-24 (half),3,2024-03,False,11000.0
B001181,C00701,2024-02-16,2024-03-18,Fun Dive,1,3200.0,Completed,,T00147,8,31,False,2023-24 (half),3,2024-03,False,3200.0
B001182,C00299,2024-02-27,2024-03-18,Fun Dive,2,8100.0,Completed,,T00147,9,20,False,2023-24 (half),3,2024-03,False,8100.0
B001183,C00814,2024-03-05,2024-03-18,Discovery Dive,1,5700.0,Completed,,T00147,10,13,False,2023-24 (half),3,2024-03,False,5700.0
B001184,C00815,2024-02-03,2024-03-18,Course,4,25350.0,Completed,,T00148,1,44,False,2023-24 (half),3,2024-03,False,25350.0
B001185,C00323,2024-03-03,2024-03-18,Fun Dive,1,4000.0,Completed,,T00148,2,15,False,2023-24 (half),3,2024-03,False,4000.0
B001186,C00816,2024-03-10,2024-03-18,Fun Dive,3,12300.0,Completed,,T00148,3,8,False,2023-24 (half),3,2024-03,False,12300.0
B001187,C00817,2024-03-13,2024-03-18,Fun Dive,1,3750.0,Completed,,T00148,4,5,False,2023-24 (half),3,2024-03,False,3750.0
B005826,C04370,2026-01-04,2026-01-11,Fun Dive,4,14150.0,Cancelled,Customer,T00757,3,7,False,2025-26,1,2026-01,True,
B001188,C00818,2024-03-01,2024-03-18,Fun Dive,1,3700.0,Completed,,T00148,6,17,False,2023-24 (half),3,2024-03,False,3700.0
B001189,C00819,2024-03-01,2024-03-18,Fun Dive,2,7350.0,Completed,,T00148,7,17,False,2023-24 (half),3,2024-03,False,7350.0
B001190,C00820,2024-02-24,2024-03-18,Fun Dive,2,7200.0,Completed,,T00148,8,23,False,2023-24 (half),3,2024-03,False,7200.0
B001191,C00821,2024-03-15,2024-03-18,Fun Dive,1,3350.0,Completed,,T00148,9,3,False,2023-24 (half),3,2024-03,False,3350.0
B001192,C00822,2024-03-03,2024-03-19,Course,4,24350.0,Completed,,T00149,1,16,False,2023-24 (half),3,2024-03,False,24350.0
B001193,C00823,2024-02-05,2024-03-19,Fun Dive,2,7250.0,Completed,,T00149,3,43,False,2023-24 (half),3,2024-03,False,7250.0
B001194,C00824,2024-02-08,2024-03-19,Discovery Dive,1,5150.0,Completed,,T00149,4,40,False,2023-24 (half),3,2024-03,False,5150.0
B001195,C00486,2024-03-03,2024-03-19,Fun Dive,3,11950.0,Completed,,T00149,5,16,False,2023-24 (half),3,2024-03,False,11950.0
B001196,C00825,2024-02-24,2024-03-19,Fun Dive,2,7550.0,Cancelled,Customer,T00149,6,24,False,2023-24 (half),3,2024-03,False,
B001197,C00826,2024-02-03,2024-03-19,Fun Dive,4,14100.0,Completed,,T00149,7,45,False,2023-24 (half),3,2024-03,False,14100.0
B001198,C00827,2024-03-16,2024-03-19,Fun Dive,3,10600.0,No-show,,T00149,8,3,False,2023-24 (half),3,2024-03,False,
B001199,C00269,2024-03-19,2024-03-19,Fun Dive,1,3550.0,Completed,,T00149,9,0,False,2023-24 (half),3,2024-03,False,3550.0
B001200,C00828,2024-03-10,2024-03-19,Fun Dive,2,7550.0,Completed,,T00150,2,9,False,2023-24 (half),3,2024-03,False,7550.0
B001201,C00829,2024-03-13,2024-03-19,Discovery Dive,1,5150.0,Completed,,T00150,3,6,False,2023-24 (half),3,2024-03,False,5150.0
B001202,C00830,2024-02-28,2024-03-19,Fun Dive,1,3700.0,Completed,,T00150,4,20,False,2023-24 (half),3,2024-03,False,3700.0
B001203,C00831,2024-02-20,2024-03-19,Discovery Dive,1,5850.0,Completed,,T00150,5,28,False,2023-24 (half),3,2024-03,False,5850.0
B001204,C00659,2024-02-16,2024-03-19,Fun Dive,3,9850.0,Completed,,T00150,7,32,False,2023-24 (half),3,2024-03,False,9850.0
B001205,C00832,2024-02-23,2024-03-19,Fun Dive,2,8100.0,Cancelled,Weather,T00150,8,25,False,2023-24 (half),3,2024-03,False,
B001206,C00678,2024-03-10,2024-03-19,Fun Dive,2,7950.0,Completed,,T00150,9,9,False,2023-24 (half),3,2024-03,False,7950.0
B001207,C00833,2024-03-17,2024-03-19,Fun Dive,3,10250.0,Completed,,T00150,10,2,False,2023-24 (half),3,2024-03,False,10250.0
B001208,C00834,2024-02-12,2024-03-19,Fun Dive,3,10800.0,No-show,,T00150,11,36,False,2023-24 (half),3,2024-03,False,
B001209,C00118,2024-02-25,2024-03-19,Fun Dive,2,7450.0,Completed,,T00150,12,23,False,2023-24 (half),3,2024-03,False,7450.0
B001210,C00647,2024-03-10,2024-03-20,Fun Dive,4,15300.0,Completed,,T00151,1,10,False,2023-24 (half),3,2024-03,False,15300.0
B001211,C00775,2024-03-11,2024-03-20,Course,5,26650.0,Completed,,T00151,3,9,False,2023-24 (half),3,2024-03,False,26650.0
B001212,C00835,2024-03-04,2024-03-20,Discovery Dive,1,5800.0,Completed,,T00151,4,16,False,2023-24 (half),3,2024-03,False,5800.0
B001213,C00312,2024-03-15,2024-03-20,Course,5,24650.0,Completed,,T00151,6,5,False,2023-24 (half),3,2024-03,False,24650.0
B001214,C00836,2024-02-05,2024-03-20,Course,5,29250.0,Completed,,T00151,7,44,False,2023-24 (half),3,2024-03,False,29250.0
B001215,C00837,2024-02-07,2024-03-20,Discovery Dive,1,,Completed,,T00151,8,42,True,2023-24 (half),3,2024-03,False,
B001216,C00838,2024-02-21,2024-03-20,Discovery Dive,1,5100.0,Completed,,T00151,9,28,False,2023-24 (half),3,2024-03,False,5100.0
B001217,C00839,2024-03-19,2024-03-20,Discovery Dive,1,5100.0,Completed,,T00151,10,1,False,2023-24 (half),3,2024-03,False,5100.0
B001218,C00485,2024-02-28,2024-03-20,Discovery Dive,2,9750.0,Completed,,T00152,1,21,False,2023-24 (half),3,2024-03,False,9750.0
B001219,C00343,2024-02-17,2024-03-20,Fun Dive,1,3950.0,Cancelled,Unknown,T00152,4,32,False,2023-24 (half),3,2024-03,False,
B001220,C00840,2024-02-20,2024-03-20,Course,4,27300.0,Completed,,T00152,5,29,False,2023-24 (half),3,2024-03,False,27300.0
B001221,C00457,2024-02-21,2024-03-20,Course,4,22550.0,Completed,,T00152,6,28,False,2023-24 (half),3,2024-03,False,22550.0
B001222,C00841,2024-03-17,2024-03-20,Fun Dive,1,3300.0,Completed,,T00152,7,3,False,2023-24 (half),3,2024-03,False,3300.0
B001223,C00834,2024-03-04,2024-03-20,Fun Dive,1,3950.0,Completed,,T00152,8,16,False,2023-24 (half),3,2024-03,False,3950.0
B001224,C00842,2024-02-14,2024-03-20,Fun Dive,2,8150.0,Completed,,T00152,9,35,False,2023-24 (half),3,2024-03,False,8150.0
B001225,C00843,2024-03-01,2024-03-20,Discovery Dive,2,11100.0,Cancelled,Customer,T00152,10,19,False,2023-24 (half),3,2024-03,False,
B001226,C00844,2024-03-15,2024-03-20,Discovery Dive,1,5200.0,Completed,,T00152,11,5,False,2023-24 (half),3,2024-03,False,5200.0
B001227,C00206,2024-02-20,2024-03-21,Fun Dive,2,7200.0,Completed,,T00153,2,30,False,2023-24 (half),3,2024-03,False,7200.0
B001228,C00845,2024-03-12,2024-03-21,Course,4,26950.0,Completed,,T00153,3,9,False,2023-24 (half),3,2024-03,False,26950.0
B001229,C00846,2024-02-07,2024-03-21,Discovery Dive,1,5000.0,Completed,,T00153,4,43,False,2023-24 (half),3,2024-03,False,5000.0
B001230,C00785,2024-03-09,2024-03-21,Fun Dive,2,7850.0,Completed,,T00153,5,12,False,2023-24 (half),3,2024-03,False,7850.0
B001231,C00847,2024-03-04,2024-03-21,Discovery Dive,2,9450.0,Completed,,T00153,6,17,False,2023-24 (half),3,2024-03,False,9450.0
B001232,C00848,2024-02-28,2024-03-21,Course,4,24750.0,Completed,,T00153,7,22,False,2023-24 (half),3,2024-03,False,24750.0
B001233,C00849,2024-03-14,2024-03-21,Discovery Dive,1,5900.0,Completed,,T00153,8,7,False,2023-24 (half),3,2024-03,False,5900.0
B001234,C00807,2024-03-02,2024-03-21,Discovery Dive,1,4500.0,Completed,,T00153,9,19,False,2023-24 (half),3,2024-03,False,4500.0
B001235,C00850,2024-02-21,2024-03-21,Fun Dive,3,11000.0,Completed,,T00153,10,29,False,2023-24 (half),3,2024-03,False,11000.0
B001236,C00851,2024-02-16,2024-03-21,Course,5,25150.0,Completed,,T00154,3,34,False,2023-24 (half),3,2024-03,False,25150.0
B001237,C00103,2024-02-20,2024-03-21,Fun Dive,3,11250.0,Cancelled,Customer,T00154,4,30,False,2023-24 (half),3,2024-03,False,
B001238,C00849,2024-03-19,2024-03-21,Fun Dive,3,10800.0,Completed,,T00154,5,2,False,2023-24 (half),3,2024-03,False,10800.0
B001239,C00275,2024-02-21,2024-03-21,Fun Dive,2,7000.0,Completed,,T00154,6,29,False,2023-24 (half),3,2024-03,False,7000.0
B001240,C00119,2024-03-21,2024-03-21,Fun Dive,4,14900.0,Completed,,T00154,7,0,False,2023-24 (half),3,2024-03,False,14900.0
B001241,C00389,2024-02-14,2024-03-21,Fun Dive,4,14300.0,Completed,,T00154,9,36,False,2023-24 (half),3,2024-03,False,14300.0
B001242,C00852,2024-03-09,2024-03-21,Fun Dive,3,9900.0,No-show,,T00154,10,12,False,2023-24 (half),3,2024-03,False,
B001243,C00853,2024-02-24,2024-03-22,Course,4,21450.0,Completed,,T00155,1,27,False,2023-24 (half),3,2024-03,False,21450.0
B001244,C00854,2024-02-19,2024-03-22,Discovery Dive,1,5700.0,Completed,,T00155,3,32,False,2023-24 (half),3,2024-03,False,5700.0
B001245,C00309,2024-03-03,2024-03-22,Fun Dive,3,9850.0,Completed,,T00155,4,19,False,2023-24 (half),3,2024-03,False,9850.0
B001246,C00703,2024-03-08,2024-03-22,Fun Dive,2,7650.0,Completed,,T00155,5,14,False,2023-24 (half),3,2024-03,False,7650.0
B001247,C00855,2024-03-13,2024-03-22,Course,5,26150.0,Completed,,T00155,6,9,False,2023-24 (half),3,2024-03,False,26150.0
B001248,C00856,2024-02-06,2024-03-22,Course,5,24250.0,No-show,,T00155,7,45,False,2023-24 (half),3,2024-03,False,
B001249,C00857,2024-03-05,2024-03-22,Fun Dive,3,10350.0,Completed,,T00155,9,17,False,2023-24 (half),3,2024-03,False,10350.0
B001250,C00077,2024-03-07,2024-03-22,Fun Dive,4,15150.0,Completed,,T00155,10,15,False,2023-24 (half),3,2024-03,False,15150.0
B001251,C00858,2024-02-25,2024-03-22,Fun Dive,3,8750.0,Cancelled,Medical,T00156,1,26,False,2023-24 (half),3,2024-03,False,
B001252,C00859,2024-02-19,2024-03-22,Discovery Dive,1,4350.0,Completed,,T00156,2,32,False,2023-24 (half),3,2024-03,False,4350.0
B001253,C00490,2024-02-26,2024-03-22,Fun Dive,1,3750.0,Cancelled,Customer,T00156,3,25,False,2023-24 (half),3,2024-03,False,
B001254,C00860,2024-02-22,2024-03-22,Course,5,27450.0,Completed,,T00156,5,29,False,2023-24 (half),3,2024-03,False,27450.0
B001255,C00593,2024-02-29,2024-03-22,Fun Dive,2,7800.0,Completed,,T00156,6,22,False,2023-24 (half),3,2024-03,False,7800.0
B001256,C00861,2024-02-24,2024-03-22,Fun Dive,3,12150.0,Completed,,T00156,7,27,False,2023-24 (half),3,2024-03,False,12150.0
B001257,C00862,2024-02-21,2024-03-22,Course,4,26150.0,Completed,,T00156,9,30,False,2023-24 (half),3,2024-03,False,26150.0
B001258,C00111,2024-03-20,2024-03-23,Fun Dive,2,7850.0,Cancelled,Customer,T00157,2,3,False,2023-24 (half),3,2024-03,True,
B001259,C00863,2024-02-22,2024-03-23,Course,5,27250.0,Completed,,T00157,4,30,False,2023-24 (half),3,2024-03,True,27250.0
B001260,C00864,2024-03-17,2024-03-23,Course,4,25150.0,Completed,,T00157,5,6,False,2023-24 (half),3,2024-03,True,25150.0
B001261,C00865,2024-03-13,2024-03-23,Discovery Dive,1,5600.0,Completed,,T00157,6,10,False,2023-24 (half),3,2024-03,True,5600.0
B001262,C00457,2024-03-18,2024-03-23,Fun Dive,2,6600.0,Completed,,T00157,7,5,False,2023-24 (half),3,2024-03,True,6600.0
B001263,C00866,2024-03-06,2024-03-23,Course,4,21400.0,Completed,,T00157,8,17,False,2023-24 (half),3,2024-03,True,21400.0
B001264,C00867,2024-02-18,2024-03-23,Discovery Dive,1,5150.0,Completed,,T00157,10,34,False,2023-24 (half),3,2024-03,True,5150.0
B001265,C00182,2024-02-13,2024-03-24,Fun Dive,4,12800.0,Completed,,T00158,1,40,False,2023-24 (half),3,2024-03,True,12800.0
B001266,C00868,2024-03-04,2024-03-24,Fun Dive,3,12000.0,Completed,,T00158,3,20,False,2023-24 (half),3,2024-03,True,12000.0
B001267,C00869,2024-02-13,2024-03-24,Fun Dive,2,7000.0,Completed,,T00158,4,40,False,2023-24 (half),3,2024-03,True,7000.0
B001268,C00870,2024-02-21,2024-03-24,Fun Dive,3,12150.0,Completed,,T00158,6,32,False,2023-24 (half),3,2024-03,True,12150.0
B001269,C00093,2024-03-15,2024-03-24,Fun Dive,3,9250.0,Completed,,T00158,7,9,False,2023-24 (half),3,2024-03,True,9250.0
B001270,C00871,2024-02-28,2024-03-24,Discovery Dive,1,5300.0,Completed,,T00158,8,25,False,2023-24 (half),3,2024-03,True,5300.0
B001271,C00379,2024-02-25,2024-03-24,Course,5,24900.0,Completed,,T00158,10,28,False,2023-24 (half),3,2024-03,True,24900.0
B001272,C00872,2024-02-13,2024-03-24,Fun Dive,2,7050.0,Completed,,T00159,1,40,False,2023-24 (half),3,2024-03,True,7050.0
B001273,C00873,2024-03-10,2024-03-24,Discovery Dive,1,5300.0,Completed,,T00159,2,14,False,2023-24 (half),3,2024-03,True,5300.0
B001274,C00874,2024-03-02,2024-03-24,Fun Dive,1,4000.0,Completed,,T00159,4,22,False,2023-24 (half),3,2024-03,True,4000.0
B001275,C00875,2024-03-09,2024-03-24,Discovery Dive,1,5750.0,Cancelled,Customer,T00159,5,15,False,2023-24 (half),3,2024-03,True,
B001276,C00876,2024-03-15,2024-03-24,Fun Dive,1,3150.0,Completed,,T00159,6,9,False,2023-24 (half),3,2024-03,True,3150.0
B001277,C00877,2024-03-19,2024-03-24,Course,5,26450.0,Completed,,T00159,7,5,False,2023-24 (half),3,2024-03,True,26450.0
B001278,C00878,2024-02-17,2024-03-25,Course,5,26550.0,Cancelled,Weather,T00160,1,37,False,2023-24 (half),3,2024-03,False,
B001279,C00662,2024-03-17,2024-03-25,Fun Dive,2,7850.0,Cancelled,Weather,T00160,2,8,False,2023-24 (half),3,2024-03,False,
B001280,C00879,2024-03-22,2024-03-25,Fun Dive,1,3650.0,Completed,,T00160,3,3,False,2023-24 (half),3,2024-03,False,3650.0
B001281,C00696,2024-02-15,2024-03-25,Fun Dive,2,7700.0,Completed,,T00160,4,39,False,2023-24 (half),3,2024-03,False,7700.0
B001282,C00880,2024-02-19,2024-03-25,Fun Dive,1,3900.0,Completed,,T00160,7,35,False,2023-24 (half),3,2024-03,False,3900.0
B001283,C00351,2024-02-14,2024-03-25,Fun Dive,2,7400.0,Completed,,T00160,8,40,False,2023-24 (half),3,2024-03,False,7400.0
B001284,C00881,2024-02-09,2024-03-25,Fun Dive,1,3750.0,Completed,,T00160,9,45,False,2023-24 (half),3,2024-03,False,3750.0
B001285,C00724,2024-02-17,2024-03-25,Fun Dive,1,3800.0,Completed,,T00160,10,37,False,2023-24 (half),3,2024-03,False,3800.0
B001286,C00673,2024-03-17,2024-03-25,Fun Dive,3,11600.0,Completed,,T00160,11,8,False,2023-24 (half),3,2024-03,False,11600.0
B001287,C00882,2024-02-09,2024-03-25,Fun Dive,4,15500.0,Completed,,T00161,2,45,False,2023-24 (half),3,2024-03,False,15500.0
B001288,C00883,2024-02-14,2024-03-25,Fun Dive,3,11600.0,Completed,,T00161,3,40,False,2023-24 (half),3,2024-03,False,11600.0
B001289,C00884,2024-03-13,2024-03-25,Fun Dive,3,11300.0,Completed,,T00161,4,12,False,2023-24 (half),3,2024-03,False,11300.0
B001290,C00885,2024-03-05,2024-03-25,Course,4,27550.0,Completed,,T00161,5,20,False,2023-24 (half),3,2024-03,False,27550.0
B001291,C00161,2024-03-12,2024-03-25,Course,5,29650.0,Completed,,T00161,6,13,False,2023-24 (half),3,2024-03,False,29650.0
B001292,C00886,2024-03-16,2024-03-25,Discovery Dive,1,5050.0,Completed,,T00161,7,9,False,2023-24 (half),3,2024-03,False,5050.0
B001293,C00887,2024-03-07,2024-03-25,Fun Dive,1,3100.0,Completed,,T00161,8,18,False,2023-24 (half),3,2024-03,False,3100.0
B001294,C00547,2024-03-21,2024-03-25,Fun Dive,2,6850.0,Completed,,T00161,9,4,False,2023-24 (half),3,2024-03,False,6850.0
B001295,C00888,2024-02-10,2024-03-25,Discovery Dive,1,4850.0,Cancelled,Weather,T00161,10,44,False,2023-24 (half),3,2024-03,False,
B001296,C00889,2024-02-19,2024-03-26,Fun Dive,2,8000.0,Completed,,T00162,1,36,False,2023-24 (half),3,2024-03,False,8000.0
B001297,C00890,2024-03-25,2024-03-26,Course,4,26300.0,Completed,,T00162,2,1,False,2023-24 (half),3,2024-03,False,26300.0
B001298,C00650,2024-02-24,2024-03-26,Discovery Dive,1,5100.0,Cancelled,Weather,T00162,3,31,False,2023-24 (half),3,2024-03,False,
B001299,C00891,2024-03-05,2024-03-26,Course,5,26000.0,Completed,,T00162,4,21,False,2023-24 (half),3,2024-03,False,26000.0
B001300,C00768,2024-02-26,2024-03-26,Fun Dive,2,7000.0,Completed,,T00162,6,29,False,2023-24 (half),3,2024-03,False,7000.0
B001301,C00892,2024-02-28,2024-03-26,Discovery Dive,1,5250.0,Completed,,T00162,7,27,False,2023-24 (half),3,2024-03,False,5250.0
B001302,C00893,2024-03-16,2024-03-27,Course,5,29100.0,Completed,,T00163,1,11,False,2023-24 (half),3,2024-03,False,29100.0
B001303,C00894,2024-02-19,2024-03-27,Discovery Dive,2,9850.0,Completed,,T00163,2,37,False,2023-24 (half),3,2024-03,False,9850.0
B001304,C00895,2024-03-21,2024-03-27,Fun Dive,2,7450.0,Completed,,T00163,3,6,False,2023-24 (half),3,2024-03,False,7450.0
B001305,C00630,2024-02-29,2024-03-27,Fun Dive,2,6350.0,Completed,,T00163,4,27,False,2023-24 (half),3,2024-03,False,6350.0
B001306,C00896,2024-03-19,2024-03-27,Fun Dive,3,10300.0,Completed,,T00163,5,8,False,2023-24 (half),3,2024-03,False,10300.0
B001307,C00897,2024-02-24,2024-03-27,Fun Dive,3,11950.0,Completed,,T00163,6,32,False,2023-24 (half),3,2024-03,False,11950.0
B001308,C00898,2024-03-10,2024-03-27,Fun Dive,2,7700.0,Completed,,T00163,8,17,False,2023-24 (half),3,2024-03,False,7700.0
B001309,C00899,2024-02-20,2024-03-27,Fun Dive,2,7200.0,Completed,,T00164,1,36,False,2023-24 (half),3,2024-03,False,7200.0
B001310,C00900,2024-03-14,2024-03-27,Fun Dive,4,15200.0,Completed,,T00164,2,13,False,2023-24 (half),3,2024-03,False,15200.0
B001311,C00901,2024-03-15,2024-03-27,Fun Dive,3,11100.0,Completed,,T00164,3,12,False,2023-24 (half),3,2024-03,False,11100.0
B001312,C00146,2024-02-13,2024-03-27,Fun Dive,1,3750.0,Completed,,T00164,4,43,False,2023-24 (half),3,2024-03,False,3750.0
B001313,C00829,2024-03-24,2024-03-27,Discovery Dive,1,5050.0,Completed,,T00164,6,3,False,2023-24 (half),3,2024-03,False,5050.0
B001314,C00729,2024-02-12,2024-03-27,Fun Dive,1,3000.0,Completed,,T00164,7,44,False,2023-24 (half),3,2024-03,False,3000.0
B001315,C00177,2024-03-10,2024-03-27,Course,5,25850.0,Completed,,T00164,8,17,False,2023-24 (half),3,2024-03,False,25850.0
B001316,C00902,2024-02-15,2024-03-27,Course,5,21550.0,Completed,,T00164,9,41,False,2023-24 (half),3,2024-03,False,21550.0
B001317,C00903,2024-02-26,2024-03-28,Discovery Dive,1,5300.0,Completed,,T00165,1,31,False,2023-24 (half),3,2024-03,False,5300.0
B001318,C00636,2024-03-19,2024-03-28,Course,5,26050.0,Completed,,T00165,2,9,False,2023-24 (half),3,2024-03,False,26050.0
B001319,C00681,2024-02-19,2024-03-28,Discovery Dive,2,11100.0,Completed,,T00165,3,38,False,2023-24 (half),3,2024-03,False,11100.0
B001320,C00904,2024-02-22,2024-03-28,Course,5,28450.0,Completed,,T00165,5,35,False,2023-24 (half),3,2024-03,False,28450.0
B001321,C00905,2024-02-25,2024-03-28,Fun Dive,1,3500.0,Completed,,T00165,6,32,False,2023-24 (half),3,2024-03,False,3500.0
B001322,C00906,2024-02-13,2024-03-28,Course,4,25850.0,Completed,,T00165,7,44,False,2023-24 (half),3,2024-03,False,25850.0
B001323,C00907,2024-03-12,2024-03-28,Course,5,26050.0,Completed,,T00165,8,16,False,2023-24 (half),3,2024-03,False,26050.0
B001324,C00584,2024-03-28,2024-03-28,Fun Dive,2,6900.0,No-show,,T00165,9,0,False,2023-24 (half),3,2024-03,False,
B001325,C00908,2024-03-25,2024-03-29,Course,4,25300.0,Cancelled,Customer,T00166,1,4,False,2023-24 (half),3,2024-03,False,
B001326,C00909,2024-03-13,2024-03-29,Fun Dive,1,3500.0,Completed,,T00166,2,16,False,2023-24 (half),3,2024-03,False,3500.0
B001327,C00910,2024-02-15,2024-03-29,Fun Dive,3,11400.0,Completed,,T00166,4,43,False,2023-24 (half),3,2024-03,False,11400.0
B001328,C00852,2024-02-23,2024-03-29,Fun Dive,2,6650.0,Completed,,T00166,5,35,False,2023-24 (half),3,2024-03,False,6650.0
B001329,C00911,2024-03-20,2024-03-29,Course,4,25750.0,Cancelled,Weather,T00166,7,9,False,2023-24 (half),3,2024-03,False,
B001330,C00832,2024-02-28,2024-03-29,Fun Dive,1,3600.0,Completed,,T00166,8,30,False,2023-24 (half),3,2024-03,False,3600.0
B001331,C00791,2024-03-01,2024-03-29,Fun Dive,1,3500.0,Completed,,T00166,9,28,False,2023-24 (half),3,2024-03,False,3500.0
B001332,C00912,2024-03-06,2024-03-29,Discovery Dive,1,5200.0,Cancelled,Customer,T00166,11,23,False,2023-24 (half),3,2024-03,False,
B001333,C00913,2024-03-24,2024-03-29,Fun Dive,3,10100.0,Completed,,T00166,12,5,False,2023-24 (half),3,2024-03,False,10100.0
B001334,C00914,2024-03-13,2024-03-29,Course,4,28100.0,Completed,,T00167,1,16,False,2023-24 (half),3,2024-03,False,28100.0
B001336,C00915,2024-02-14,2024-03-29,Discovery Dive,1,4500.0,Completed,,T00167,3,44,False,2023-24 (half),3,2024-03,False,4500.0
B001337,C00916,2024-02-28,2024-03-29,Course,5,28950.0,Completed,,T00167,5,30,False,2023-24 (half),3,2024-03,False,28950.0
B001338,C00917,2024-03-18,2024-03-29,Fun Dive,2,7550.0,Completed,,T00167,6,11,False,2023-24 (half),3,2024-03,False,7550.0
B001339,C00918,2024-02-24,2024-03-29,Discovery Dive,1,4550.0,Completed,,T00167,7,34,False,2023-24 (half),3,2024-03,False,4550.0
B001340,C00581,2024-03-21,2024-03-29,Fun Dive,4,14250.0,Cancelled,Medical,T00167,8,8,False,2023-24 (half),3,2024-03,False,
B001341,C00919,2024-03-11,2024-03-29,Fun Dive,1,4000.0,Completed,,T00167,9,18,False,2023-24 (half),3,2024-03,False,4000.0
B001342,C00920,2024-03-08,2024-03-29,Fun Dive,1,3950.0,Completed,,T00167,10,21,False,2023-24 (half),3,2024-03,False,3950.0
B001343,C00921,2024-02-18,2024-03-29,Fun Dive,3,11900.0,Completed,,T00167,12,40,False,2023-24 (half),3,2024-03,False,11900.0
B001344,C00922,2024-03-16,2024-03-30,Course,4,23900.0,Completed,,T00168,1,14,False,2023-24 (half),3,2024-03,True,23900.0
B001345,C00687,2024-02-26,2024-03-30,Fun Dive,1,3550.0,Completed,,T00168,2,33,False,2023-24 (half),3,2024-03,True,3550.0
B001346,C00923,2024-02-17,2024-03-30,Fun Dive,4,14700.0,Cancelled,Customer,T00168,4,42,False,2023-24 (half),3,2024-03,True,
B001347,C00215,2024-03-03,2024-03-30,Fun Dive,4,14600.0,Completed,,T00168,6,27,False,2023-24 (half),3,2024-03,True,14600.0
B001348,C00924,2024-03-02,2024-03-30,Fun Dive,3,8900.0,Completed,,T00168,7,28,False,2023-24 (half),3,2024-03,True,8900.0
B001349,C00925,2024-02-18,2024-03-30,Fun Dive,3,12050.0,Completed,,T00168,8,41,False,2023-24 (half),3,2024-03,True,12050.0
B001350,C00848,2024-02-19,2024-03-30,Fun Dive,1,3850.0,Completed,,T00168,9,40,False,2023-24 (half),3,2024-03,True,3850.0
B001351,C00926,2024-03-16,2024-03-30,Fun Dive,4,15000.0,Completed,,T00168,11,14,False,2023-24 (half),3,2024-03,True,15000.0
B001352,C00927,2024-03-09,2024-03-30,Discovery Dive,1,5550.0,Completed,,T00168,12,21,False,2023-24 (half),3,2024-03,True,5550.0
B001353,C00200,2024-02-15,2024-03-30,Fun Dive,1,3850.0,Completed,,T00169,1,44,False,2023-24 (half),3,2024-03,True,3850.0
B001354,C00928,2024-02-14,2024-03-30,Discovery Dive,1,5100.0,Completed,,T00169,3,45,False,2023-24 (half),3,2024-03,True,5100.0
B001355,C00929,2024-03-17,2024-03-30,Discovery Dive,1,5000.0,Cancelled,Customer,T00169,4,13,False,2023-24 (half),3,2024-03,True,
B001356,C00930,2024-03-09,2024-03-30,Course,5,26900.0,Completed,,T00169,5,21,False,2023-24 (half),3,2024-03,True,26900.0
B001357,C00246,2024-03-11,2024-03-30,Fun Dive,2,7550.0,Completed,,T00169,6,19,False,2023-24 (half),3,2024-03,True,7550.0
B001358,C00931,2024-02-18,2024-03-30,Fun Dive,3,10300.0,Completed,,T00169,7,41,False,2023-24 (half),3,2024-03,True,10300.0
B001359,C00434,2024-02-17,2024-03-30,Fun Dive,1,3400.0,Completed,,T00169,8,42,False,2023-24 (half),3,2024-03,True,3400.0
B001360,C00932,2024-03-03,2024-03-30,Course,4,28200.0,Cancelled,Customer,T00169,9,27,False,2023-24 (half),3,2024-03,True,
B001361,C00933,2024-02-22,2024-03-31,Discovery Dive,2,8850.0,Completed,,T00170,1,38,False,2023-24 (half),3,2024-03,True,8850.0
B001362,C00934,2024-03-24,2024-03-31,Fun Dive,1,3500.0,Completed,,T00170,2,7,False,2023-24 (half),3,2024-03,True,3500.0
B001363,C00935,2024-02-17,2024-03-31,Fun Dive,2,6400.0,Completed,,T00170,3,43,False,2023-24 (half),3,2024-03,True,6400.0
B001364,C00725,2024-03-06,2024-03-31,Fun Dive,1,3450.0,Completed,,T00170,6,25,False,2023-24 (half),3,2024-03,True,3450.0
B001365,C00936,2024-02-28,2024-03-31,Course,4,27300.0,Completed,,T00170,7,32,False,2023-24 (half),3,2024-03,True,27300.0
B001366,C00381,2024-03-15,2024-03-31,Fun Dive,3,8750.0,Completed,,T00170,9,16,False,2023-24 (half),3,2024-03,True,8750.0
B001367,C00937,2024-03-27,2024-03-31,Discovery Dive,1,5500.0,Completed,,T00171,1,4,False,2023-24 (half),3,2024-03,True,5500.0
B001368,C00938,2024-03-06,2024-03-31,Fun Dive,4,13750.0,Completed,,T00171,2,25,False,2023-24 (half),3,2024-03,True,13750.0
B001369,C00939,2024-03-05,2024-03-31,Discovery Dive,1,5550.0,Completed,,T00171,3,26,False,2023-24 (half),3,2024-03,True,5550.0
B001370,C00416,2024-02-16,2024-03-31,Discovery Dive,1,4550.0,Completed,,T00171,4,44,False,2023-24 (half),3,2024-03,True,4550.0
B001371,C00861,2024-02-16,2024-03-31,Fun Dive,1,3850.0,Completed,,T00171,5,44,False,2023-24 (half),3,2024-03,True,3850.0
B001372,C00940,2024-03-18,2024-03-31,Discovery Dive,1,5150.0,Completed,,T00171,6,13,False,2023-24 (half),3,2024-03,True,5150.0
B001373,C00941,2024-02-15,2024-03-31,Fun Dive,4,14000.0,Completed,,T00171,8,45,False,2023-24 (half),3,2024-03,True,14000.0
B001374,C00942,2024-03-06,2024-04-01,Fun Dive,1,3550.0,Completed,,T00172,1,26,False,2023-24 (half),4,2024-04,False,3550.0
B001375,C00943,2024-03-07,2024-04-01,Fun Dive,2,7350.0,Completed,,T00172,2,25,False,2023-24 (half),4,2024-04,False,7350.0
B001376,C00944,2024-03-06,2024-04-01,Discovery Dive,1,5800.0,Completed,,T00172,3,26,False,2023-24 (half),4,2024-04,False,5800.0
B001377,C00163,2024-03-01,2024-04-01,Fun Dive,1,4100.0,Completed,,T00172,4,31,False,2023-24 (half),4,2024-04,False,4100.0
B001378,C00945,2024-02-18,2024-04-01,Discovery Dive,1,5850.0,Completed,,T00172,7,43,False,2023-24 (half),4,2024-04,False,5850.0
B001379,C00233,2024-03-06,2024-04-01,Fun Dive,4,14950.0,Completed,,T00172,8,26,False,2023-24 (half),4,2024-04,False,14950.0
B001380,C00721,2024-02-17,2024-04-01,Discovery Dive,1,5750.0,No-show,,T00172,9,44,False,2023-24 (half),4,2024-04,False,
B001381,C00946,2024-03-10,2024-04-01,Fun Dive,3,11550.0,Completed,,T00172,10,22,False,2023-24 (half),4,2024-04,False,11550.0
B001382,C00947,2024-03-25,2024-04-01,Discovery Dive,1,4850.0,Completed,,T00172,11,7,False,2023-24 (half),4,2024-04,False,4850.0
B001383,C00948,2024-02-26,2024-04-02,Fun Dive,3,11000.0,Completed,,T00173,1,36,False,2023-24 (half),4,2024-04,False,11000.0
B001384,C00949,2024-03-03,2024-04-02,Fun Dive,1,3650.0,Completed,,T00173,3,30,False,2023-24 (half),4,2024-04,False,3650.0
B001385,C00950,2024-03-04,2024-04-02,Fun Dive,3,10200.0,Completed,,T00173,4,29,False,2023-24 (half),4,2024-04,False,10200.0
B001386,C00896,2024-03-17,2024-04-02,Fun Dive,1,3400.0,Completed,,T00173,5,16,False,2023-24 (half),4,2024-04,False,3400.0
B001387,C00951,2024-02-17,2024-04-02,Fun Dive,2,7700.0,Completed,,T00173,6,45,False,2023-24 (half),4,2024-04,False,7700.0
B001388,C00952,2024-03-23,2024-04-02,Fun Dive,3,11600.0,No-show,,T00173,7,10,False,2023-24 (half),4,2024-04,False,
B001389,C00953,2024-03-08,2024-04-02,Fun Dive,2,7800.0,Completed,,T00173,8,25,False,2023-24 (half),4,2024-04,False,7800.0
B001390,C00954,2024-02-17,2024-04-02,Fun Dive,3,11500.0,Completed,,T00173,9,45,False,2023-24 (half),4,2024-04,False,11500.0
B001391,C00955,2024-03-10,2024-04-02,Fun Dive,2,7200.0,Completed,,T00174,1,23,False,2023-24 (half),4,2024-04,False,7200.0
B001392,C00956,2024-03-19,2024-04-02,Discovery Dive,1,4850.0,Completed,,T00174,2,14,False,2023-24 (half),4,2024-04,False,4850.0
B001393,C00957,2024-03-16,2024-04-02,Fun Dive,1,3650.0,Completed,,T00174,3,17,False,2023-24 (half),4,2024-04,False,3650.0
B001394,C00651,2024-03-20,2024-04-02,Fun Dive,2,8050.0,Cancelled,Medical,T00174,4,13,False,2023-24 (half),4,2024-04,False,
B001395,C00422,2024-02-29,2024-04-02,Course,4,27050.0,Completed,,T00174,5,33,False,2023-24 (half),4,2024-04,False,27050.0
B001396,C00958,2024-03-31,2024-04-02,Course,5,26050.0,Completed,,T00174,7,2,False,2023-24 (half),4,2024-04,False,26050.0
B001397,C00202,2024-03-16,2024-04-02,Fun Dive,2,7550.0,Completed,,T00174,8,17,False,2023-24 (half),4,2024-04,False,7550.0
B001398,C00959,2024-03-10,2024-04-02,Discovery Dive,1,4800.0,Completed,,T00174,9,23,False,2023-24 (half),4,2024-04,False,4800.0
B001399,C00960,2024-02-24,2024-04-02,Fun Dive,1,4000.0,Completed,,T00174,10,38,False,2023-24 (half),4,2024-04,False,4000.0
B001400,C00961,2024-02-20,2024-04-03,Fun Dive,3,11900.0,Completed,,T00175,1,43,False,2023-24 (half),4,2024-04,False,11900.0
B001401,C00962,2024-03-07,2024-04-03,Discovery Dive,1,5200.0,Completed,,T00175,2,27,False,2023-24 (half),4,2024-04,False,5200.0
B001402,C00963,2024-02-25,2024-04-03,Course,4,25100.0,Completed,,T00175,3,38,False,2023-24 (half),4,2024-04,False,25100.0
B001403,C00925,2024-03-04,2024-04-03,Fun Dive,2,7950.0,Completed,,T00175,4,30,False,2023-24 (half),4,2024-04,False,7950.0
B001404,C00017,2024-03-10,2024-04-03,Fun Dive,3,12200.0,Completed,,T00175,5,24,False,2023-24 (half),4,2024-04,False,12200.0
B001405,C00964,2024-02-25,2024-04-03,Fun Dive,1,3800.0,Cancelled,Weather,T00175,6,38,False,2023-24 (half),4,2024-04,False,
B001406,C00965,2024-03-07,2024-04-03,Fun Dive,2,7500.0,Completed,,T00175,9,27,False,2023-24 (half),4,2024-04,False,7500.0
B001407,C00966,2024-03-18,2024-04-03,Discovery Dive,1,4900.0,Completed,,T00175,10,16,False,2023-24 (half),4,2024-04,False,4900.0
B001408,C00967,2024-03-29,2024-04-03,Fun Dive,2,7200.0,Completed,,T00175,11,5,False,2023-24 (half),4,2024-04,False,7200.0
B001409,C00968,2024-03-21,2024-04-04,Discovery Dive,1,5350.0,Completed,,T00176,1,14,False,2023-24 (half),4,2024-04,False,5350.0
B001410,C00969,2024-04-04,2024-04-04,Course,4,26850.0,Completed,,T00176,3,0,False,2023-24 (half),4,2024-04,False,26850.0
B001411,C00970,2024-02-20,2024-04-04,Discovery Dive,2,10600.0,Completed,,T00176,4,44,False,2023-24 (half),4,2024-04,False,10600.0
B001412,C00971,2024-04-04,2024-04-04,Fun Dive,1,3650.0,Completed,,T00176,5,0,False,2023-24 (half),4,2024-04,False,3650.0
B001413,C00972,2024-03-11,2024-04-04,Course,4,27250.0,Completed,,T00176,6,24,False,2023-24 (half),4,2024-04,False,27250.0
B001414,C00973,2024-03-30,2024-04-04,Fun Dive,2,,Completed,,T00176,7,5,True,2023-24 (half),4,2024-04,False,
B001415,C00974,2024-04-03,2024-04-04,Discovery Dive,2,11200.0,Completed,,T00176,8,1,False,2023-24 (half),4,2024-04,False,11200.0
B001416,C00318,2024-02-28,2024-04-04,Course,4,27950.0,Completed,,T00176,9,36,False,2023-24 (half),4,2024-04,False,27950.0
B001417,C00975,2024-03-09,2024-04-04,Fun Dive,1,4000.0,Completed,,T00176,10,26,False,2023-24 (half),4,2024-04,False,4000.0
B001418,C00976,2024-02-22,2024-04-04,Fun Dive,3,9650.0,Cancelled,Weather,T00176,11,42,False,2023-24 (half),4,2024-04,False,
B001419,C00977,2024-03-11,2024-04-05,Fun Dive,4,15750.0,Completed,,T00177,3,25,False,2023-24 (half),4,2024-04,False,15750.0
B001420,C00978,2024-03-10,2024-04-05,Discovery Dive,2,11700.0,Completed,,T00177,4,26,False,2023-24 (half),4,2024-04,False,11700.0
B001421,C00979,2024-03-04,2024-04-05,Discovery Dive,1,5800.0,Completed,,T00177,5,32,False,2023-24 (half),4,2024-04,False,5800.0
B001422,C00405,2024-03-05,2024-04-05,Fun Dive,2,8100.0,Completed,,T00177,6,31,False,2023-24 (half),4,2024-04,False,8100.0
B001423,C00196,2024-03-09,2024-04-05,Fun Dive,2,7950.0,Completed,,T00177,7,27,False,2023-24 (half),4,2024-04,False,7950.0
B001424,C00980,2024-03-03,2024-04-05,Fun Dive,1,3900.0,Completed,,T00177,8,33,False,2023-24 (half),4,2024-04,False,3900.0
B001425,C00981,2024-03-11,2024-04-05,Fun Dive,3,10800.0,Completed,,T00177,9,25,False,2023-24 (half),4,2024-04,False,10800.0
B001426,C00982,2024-04-06,2024-04-06,Fun Dive,2,7300.0,Completed,,T00178,1,0,False,2023-24 (half),4,2024-04,True,7300.0
B001427,C00983,2024-03-11,2024-04-06,Fun Dive,3,10600.0,Completed,,T00178,3,26,False,2023-24 (half),4,2024-04,True,10600.0
B001428,C00927,2024-02-29,2024-04-06,Fun Dive,1,3900.0,Completed,,T00178,4,37,False,2023-24 (half),4,2024-04,True,3900.0
B001429,C00984,2024-03-03,2024-04-06,Fun Dive,3,11700.0,Completed,,T00178,6,34,False,2023-24 (half),4,2024-04,True,11700.0
B001430,C00985,2024-03-28,2024-04-06,Course,5,29550.0,Completed,,T00178,7,9,False,2023-24 (half),4,2024-04,True,29550.0
B001431,C00986,2024-03-03,2024-04-06,Discovery Dive,1,5650.0,Completed,,T00178,8,34,False,2023-24 (half),4,2024-04,True,5650.0
B001432,C00987,2024-03-22,2024-04-07,Course,4,26850.0,No-show,,T00179,1,16,False,2023-24 (half),4,2024-04,True,
B001433,C00988,2024-03-14,2024-04-07,Discovery Dive,1,5150.0,Completed,,T00179,2,24,False,2023-24 (half),4,2024-04,True,5150.0
B001434,C00406,2024-04-02,2024-04-07,Course,5,21100.0,Completed,,T00179,3,5,False,2023-24 (half),4,2024-04,True,21100.0
B001435,C00585,2024-03-14,2024-04-07,Course,5,22150.0,Completed,,T00179,5,24,False,2023-24 (half),4,2024-04,True,22150.0
B001436,C00989,2024-02-28,2024-04-07,Fun Dive,3,12200.0,Completed,,T00179,6,39,False,2023-24 (half),4,2024-04,True,12200.0
B001437,C00990,2024-04-04,2024-04-07,Fun Dive,2,7050.0,Completed,,T00179,7,3,False,2023-24 (half),4,2024-04,True,7050.0
B001438,C00991,2024-03-20,2024-04-08,Discovery Dive,1,5650.0,Cancelled,Customer,T00180,2,19,False,2023-24 (half),4,2024-04,False,
B001439,C00992,2024-02-23,2024-04-08,Fun Dive,2,6850.0,Completed,,T00180,3,45,False,2023-24 (half),4,2024-04,False,6850.0
B001440,C00661,2024-03-13,2024-04-08,Fun Dive,1,3900.0,Completed,,T00180,4,26,False,2023-24 (half),4,2024-04,False,3900.0
B001441,C00993,2024-03-14,2024-04-08,Fun Dive,1,3900.0,Completed,,T00180,5,25,False,2023-24 (half),4,2024-04,False,3900.0
B001442,C00994,2024-03-23,2024-04-08,Course,5,28850.0,Completed,,T00180,6,16,False,2023-24 (half),4,2024-04,False,28850.0
B001443,C00995,2024-03-04,2024-04-08,Discovery Dive,1,5300.0,Completed,,T00180,7,35,False,2023-24 (half),4,2024-04,False,5300.0
B001444,C00968,2024-03-14,2024-04-08,Course,4,27300.0,Completed,,T00180,8,25,False,2023-24 (half),4,2024-04,False,27300.0
B001445,C00996,2024-03-25,2024-04-08,Discovery Dive,1,4350.0,Completed,,T00180,10,14,False,2023-24 (half),4,2024-04,False,4350.0
B001446,C00997,2024-03-24,2024-04-09,Course,4,26200.0,Completed,,T00181,1,16,False,2023-24 (half),4,2024-04,False,26200.0
B001447,C00200,2024-03-24,2024-04-09,Fun Dive,2,7500.0,Completed,,T00181,2,16,False,2023-24 (half),4,2024-04,False,7500.0
B001448,C00998,2024-03-15,2024-04-09,Fun Dive,1,3700.0,Completed,,T00181,3,25,False,2023-24 (half),4,2024-04,False,3700.0
B001449,C00999,2024-02-28,2024-04-09,Discovery Dive,1,5950.0,Completed,,T00181,4,41,False,2023-24 (half),4,2024-04,False,5950.0
B001450,C00321,2024-03-27,2024-04-09,Course,4,27500.0,Cancelled,Medical,T00181,5,13,False,2023-24 (half),4,2024-04,False,
B001451,C00548,2024-04-05,2024-04-09,Fun Dive,2,7700.0,Completed,,T00181,6,4,False,2023-24 (half),4,2024-04,False,7700.0
B001452,C01000,2024-03-28,2024-04-09,Discovery Dive,1,4800.0,Completed,,T00181,7,12,False,2023-24 (half),4,2024-04,False,4800.0
B001453,C01001,2024-02-25,2024-04-10,Discovery Dive,1,5850.0,Completed,,T00182,3,45,False,2023-24 (half),4,2024-04,False,5850.0
B001454,C01002,2024-03-24,2024-04-10,Discovery Dive,1,5000.0,Completed,,T00182,4,17,False,2023-24 (half),4,2024-04,False,5000.0
B001455,C01003,2024-03-24,2024-04-10,Discovery Dive,1,4400.0,No-show,,T00182,5,17,False,2023-24 (half),4,2024-04,False,
B001456,C00897,2024-02-25,2024-04-10,Fun Dive,2,7750.0,Completed,,T00182,6,45,False,2023-24 (half),4,2024-04,False,7750.0
B001457,C00418,2024-03-29,2024-04-10,Fun Dive,1,3650.0,Completed,,T00182,7,12,False,2023-24 (half),4,2024-04,False,3650.0
B001458,C00607,2024-03-10,2024-04-10,Fun Dive,3,10700.0,Completed,,T00182,8,31,False,2023-24 (half),4,2024-04,False,10700.0
B001459,C00258,2024-04-05,2024-04-10,Fun Dive,3,11100.0,Completed,,T00182,9,5,False,2023-24 (half),4,2024-04,False,11100.0
B001460,C00814,2024-03-11,2024-04-10,Discovery Dive,1,5900.0,Completed,,T00182,10,30,False,2023-24 (half),4,2024-04,False,5900.0
B001461,C01004,2024-02-29,2024-04-10,Fun Dive,2,8000.0,Completed,,T00182,11,41,False,2023-24 (half),4,2024-04,False,8000.0
B001462,C01005,2024-03-26,2024-04-11,Discovery Dive,1,5400.0,Completed,,T00183,1,16,False,2023-24 (half),4,2024-04,False,5400.0
B001463,C01006,2024-04-10,2024-04-11,Course,5,25900.0,Completed,,T00183,3,1,False,2023-24 (half),4,2024-04,False,25900.0
B001464,C01007,2024-02-29,2024-04-11,Fun Dive,3,9350.0,Completed,,T00183,4,42,False,2023-24 (half),4,2024-04,False,9350.0
B001465,C01008,2024-03-03,2024-04-11,Fun Dive,3,10400.0,Completed,,T00183,5,39,False,2023-24 (half),4,2024-04,False,10400.0
B001466,C01009,2024-04-08,2024-04-11,Fun Dive,4,13150.0,Completed,,T00183,7,3,False,2023-24 (half),4,2024-04,False,13150.0
B002193,C01068,2024-10-08,2024-10-31,Course,4,25950.0,Completed,,T00282,2,23,False,2024-25,10,2024-10,False,25950.0
B001467,C00343,2024-03-04,2024-04-11,Fun Dive,2,7550.0,Completed,,T00183,8,38,False,2023-24 (half),4,2024-04,False,7550.0
B001468,C01010,2024-03-20,2024-04-11,Fun Dive,1,3500.0,Completed,,T00183,10,22,False,2023-24 (half),4,2024-04,False,3500.0
B001469,C01011,2024-03-29,2024-04-11,Fun Dive,4,14200.0,Completed,,T00184,1,13,False,2023-24 (half),4,2024-04,False,14200.0
B001470,C01012,2024-03-30,2024-04-11,Discovery Dive,1,5400.0,Completed,,T00184,2,12,False,2023-24 (half),4,2024-04,False,5400.0
B001471,C01013,2024-04-09,2024-04-11,Fun Dive,2,6450.0,Completed,,T00184,5,2,False,2023-24 (half),4,2024-04,False,6450.0
B001472,C01014,2024-04-03,2024-04-11,Fun Dive,4,15750.0,Completed,,T00184,6,8,False,2023-24 (half),4,2024-04,False,15750.0
B001473,C01015,2024-03-10,2024-04-11,Course,4,24250.0,Completed,,T00184,7,32,False,2023-24 (half),4,2024-04,False,24250.0
B001474,C00506,2024-03-06,2024-04-12,Fun Dive,1,3550.0,Completed,,T00185,2,37,False,2023-24 (half),4,2024-04,False,3550.0
B001475,C01016,2024-02-29,2024-04-12,Fun Dive,3,12150.0,Completed,,T00185,3,43,False,2023-24 (half),4,2024-04,False,12150.0
B001476,C00568,2024-04-11,2024-04-12,Fun Dive,4,15450.0,Completed,,T00185,4,1,False,2023-24 (half),4,2024-04,False,15450.0
B001477,C01017,2024-03-22,2024-04-12,Fun Dive,1,3950.0,Completed,,T00185,5,21,False,2023-24 (half),4,2024-04,False,3950.0
B001478,C01018,2024-03-11,2024-04-12,Fun Dive,3,11450.0,Completed,,T00185,6,32,False,2023-24 (half),4,2024-04,False,11450.0
B001479,C01019,2024-02-27,2024-04-12,Discovery Dive,1,5450.0,Completed,,T00185,8,45,False,2023-24 (half),4,2024-04,False,5450.0
B001480,C01020,2024-04-11,2024-04-13,Fun Dive,4,13100.0,Completed,,T00186,1,2,False,2023-24 (half),4,2024-04,True,13100.0
B001481,C01021,2024-03-25,2024-04-13,Fun Dive,4,13850.0,Completed,,T00186,2,19,False,2023-24 (half),4,2024-04,True,13850.0
B001482,C01022,2024-03-18,2024-04-13,Discovery Dive,1,5300.0,Completed,,T00186,4,26,False,2023-24 (half),4,2024-04,True,5300.0
B001483,C01023,2024-03-27,2024-04-13,Fun Dive,3,11300.0,Completed,,T00186,6,17,False,2023-24 (half),4,2024-04,True,11300.0
B001484,C01024,2024-04-13,2024-04-13,Discovery Dive,1,5350.0,Completed,,T00186,7,0,False,2023-24 (half),4,2024-04,True,5350.0
B001485,C01025,2024-03-04,2024-04-13,Fun Dive,2,7800.0,Completed,,T00186,9,40,False,2023-24 (half),4,2024-04,True,7800.0
B003003,C02161,2024-12-02,2025-01-02,Fun Dive,1,3650.0,Completed,,T00385,1,31,False,2024-25,1,2025-01,False,3650.0
B001486,C01026,2024-03-24,2024-04-13,Discovery Dive,1,5350.0,Completed,,T00186,10,20,False,2023-24 (half),4,2024-04,True,5350.0
B001487,C01027,2024-04-13,2024-04-13,Fun Dive,2,7750.0,Completed,,T00186,11,0,False,2023-24 (half),4,2024-04,True,7750.0
B001488,C00981,2024-03-18,2024-04-13,Fun Dive,1,3550.0,Completed,,T00186,12,26,False,2023-24 (half),4,2024-04,True,3550.0
B001489,C00079,2024-02-29,2024-04-14,Fun Dive,1,3800.0,Completed,,T00187,2,45,False,2023-24 (half),4,2024-04,True,3800.0
B001490,C00322,2024-03-19,2024-04-14,Fun Dive,2,7050.0,Completed,,T00187,3,26,False,2023-24 (half),4,2024-04,True,7050.0
B001491,C00278,2024-02-29,2024-04-14,Discovery Dive,1,5950.0,Completed,,T00187,5,45,False,2023-24 (half),4,2024-04,True,5950.0
B001492,C01028,2024-03-22,2024-04-14,Fun Dive,2,7150.0,Completed,,T00187,6,23,False,2023-24 (half),4,2024-04,True,7150.0
B001493,C01029,2024-03-27,2024-04-14,Discovery Dive,1,5050.0,Completed,,T00187,7,18,False,2023-24 (half),4,2024-04,True,5050.0
B001494,C00725,2024-04-10,2024-04-14,Discovery Dive,2,10850.0,Completed,,T00187,8,4,False,2023-24 (half),4,2024-04,True,10850.0
B001495,C00577,2024-04-05,2024-04-14,Fun Dive,1,3700.0,Completed,,T00187,11,9,False,2023-24 (half),4,2024-04,True,3700.0
B001496,C01030,2024-03-25,2024-04-14,Discovery Dive,1,5150.0,Completed,,T00187,12,20,False,2023-24 (half),4,2024-04,True,5150.0
B001497,C01031,2024-04-11,2024-04-15,Fun Dive,2,7100.0,Completed,,T00188,1,4,False,2023-24 (half),4,2024-04,False,7100.0
B001498,C01032,2024-03-26,2024-04-15,Course,5,25900.0,Completed,,T00188,2,20,False,2023-24 (half),4,2024-04,False,25900.0
B001499,C01033,2024-04-08,2024-04-15,Course,5,27950.0,Completed,,T00188,3,7,False,2023-24 (half),4,2024-04,False,27950.0
B001500,C01034,2024-03-16,2024-04-15,Fun Dive,1,3600.0,No-show,,T00188,4,30,False,2023-24 (half),4,2024-04,False,
B001501,C00826,2024-03-18,2024-04-15,Fun Dive,4,13700.0,Completed,,T00188,6,28,False,2023-24 (half),4,2024-04,False,13700.0
B001502,C00553,2024-04-05,2024-04-15,Discovery Dive,1,,Completed,,T00188,8,10,True,2023-24 (half),4,2024-04,False,
B001503,C01035,2024-03-23,2024-04-16,Fun Dive,2,7250.0,Completed,,T00189,1,24,False,2023-24 (half),4,2024-04,False,7250.0
B001504,C00452,2024-03-28,2024-04-16,Fun Dive,2,7400.0,Cancelled,Weather,T00189,2,19,False,2023-24 (half),4,2024-04,False,
B001505,C01036,2024-03-20,2024-04-16,Fun Dive,1,3450.0,Completed,,T00189,3,27,False,2023-24 (half),4,2024-04,False,3450.0
B001506,C00263,2024-04-12,2024-04-16,Fun Dive,4,15550.0,Completed,,T00189,4,4,False,2023-24 (half),4,2024-04,False,15550.0
B001507,C01037,2024-03-16,2024-04-16,Course,5,24500.0,Completed,,T00189,5,31,False,2023-24 (half),4,2024-04,False,24500.0
B001508,C01038,2024-03-09,2024-04-16,Fun Dive,1,3650.0,Completed,,T00189,6,38,False,2023-24 (half),4,2024-04,False,3650.0
B001509,C00564,2024-03-10,2024-04-16,Fun Dive,2,7450.0,Completed,,T00189,8,37,False,2023-24 (half),4,2024-04,False,7450.0
B001510,C01039,2024-03-25,2024-04-16,Fun Dive,3,11400.0,Completed,,T00189,9,22,False,2023-24 (half),4,2024-04,False,11400.0
B001511,C01040,2024-03-05,2024-04-16,Fun Dive,2,7250.0,Completed,,T00189,10,42,False,2023-24 (half),4,2024-04,False,7250.0
B001512,C00833,2024-04-04,2024-04-16,Fun Dive,3,10350.0,Cancelled,Weather,T00189,11,12,False,2023-24 (half),4,2024-04,False,
B001513,C01041,2024-03-25,2024-04-17,Fun Dive,2,7650.0,Completed,,T00190,1,23,False,2023-24 (half),4,2024-04,False,7650.0
B001514,C00854,2024-04-10,2024-04-17,Fun Dive,3,12250.0,Completed,,T00190,2,7,False,2023-24 (half),4,2024-04,False,12250.0
B001515,C01042,2024-03-05,2024-04-17,Fun Dive,4,14150.0,Completed,,T00190,3,43,False,2023-24 (half),4,2024-04,False,14150.0
B001516,C01043,2024-03-26,2024-04-17,Fun Dive,1,3700.0,Completed,,T00190,4,22,False,2023-24 (half),4,2024-04,False,3700.0
B001517,C01044,2024-03-12,2024-04-17,Discovery Dive,2,10550.0,Completed,,T00190,5,36,False,2023-24 (half),4,2024-04,False,10550.0
B001518,C01045,2024-04-08,2024-04-17,Fun Dive,1,3600.0,Cancelled,Unknown,T00190,7,9,False,2023-24 (half),4,2024-04,False,
B001519,C00844,2024-03-16,2024-04-17,Course,5,25050.0,Completed,,T00190,8,32,False,2023-24 (half),4,2024-04,False,25050.0
B001520,C01046,2024-03-25,2024-04-18,Fun Dive,3,11100.0,Completed,,T00191,2,24,False,2023-24 (half),4,2024-04,False,11100.0
B001521,C00429,2024-03-04,2024-04-18,Fun Dive,3,10850.0,Completed,,T00191,3,45,False,2023-24 (half),4,2024-04,False,10850.0
B001522,C01047,2024-03-13,2024-04-18,Course,5,28000.0,Cancelled,Weather,T00191,4,36,False,2023-24 (half),4,2024-04,False,
B001523,C01048,2024-03-11,2024-04-18,Fun Dive,1,3600.0,Completed,,T00191,6,38,False,2023-24 (half),4,2024-04,False,3600.0
B001524,C01049,2024-04-11,2024-04-18,Fun Dive,1,3650.0,Completed,,T00191,8,7,False,2023-24 (half),4,2024-04,False,3650.0
B001525,C01050,2024-03-11,2024-04-18,Fun Dive,3,8850.0,Completed,,T00191,9,38,False,2023-24 (half),4,2024-04,False,8850.0
B001526,C00155,2024-03-13,2024-04-18,Fun Dive,1,3750.0,Completed,,T00191,10,36,False,2023-24 (half),4,2024-04,False,3750.0
B001527,C01051,2024-04-07,2024-04-18,Course,5,27000.0,Completed,,T00192,1,11,False,2023-24 (half),4,2024-04,False,27000.0
B001528,C01052,2024-04-12,2024-04-18,Discovery Dive,1,4950.0,Completed,,T00192,2,6,False,2023-24 (half),4,2024-04,False,4950.0
B001529,C01053,2024-04-07,2024-04-18,Discovery Dive,1,5550.0,Completed,,T00192,3,11,False,2023-24 (half),4,2024-04,False,5550.0
B001530,C01054,2024-03-08,2024-04-18,Fun Dive,1,3950.0,Completed,,T00192,4,41,False,2023-24 (half),4,2024-04,False,3950.0
B001531,C01055,2024-04-16,2024-04-18,Fun Dive,3,11700.0,Cancelled,Customer,T00192,5,2,False,2023-24 (half),4,2024-04,False,
B001532,C01010,2024-04-01,2024-04-18,Fun Dive,1,3850.0,Completed,,T00192,7,17,False,2023-24 (half),4,2024-04,False,3850.0
B001533,C01056,2024-04-07,2024-04-18,Discovery Dive,1,5600.0,Completed,,T00192,9,11,False,2023-24 (half),4,2024-04,False,5600.0
B001534,C01057,2024-03-13,2024-04-19,Discovery Dive,1,5600.0,Completed,,T00193,2,37,False,2023-24 (half),4,2024-04,False,5600.0
B001535,C01058,2024-03-11,2024-04-19,Discovery Dive,1,5200.0,Completed,,T00193,3,39,False,2023-24 (half),4,2024-04,False,5200.0
B001536,C01059,2024-04-09,2024-04-19,Discovery Dive,1,4550.0,Completed,,T00193,4,10,False,2023-24 (half),4,2024-04,False,4550.0
B001537,C01060,2024-03-12,2024-04-19,Course,4,28100.0,Completed,,T00193,6,38,False,2023-24 (half),4,2024-04,False,28100.0
B001538,C00879,2024-04-03,2024-04-19,Fun Dive,3,10650.0,Cancelled,Medical,T00193,7,16,False,2023-24 (half),4,2024-04,False,
B001539,C01061,2024-04-15,2024-04-19,Fun Dive,2,7700.0,Completed,,T00193,8,4,False,2023-24 (half),4,2024-04,False,7700.0
B001540,C01062,2024-04-14,2024-04-19,Fun Dive,1,3800.0,Completed,,T00193,9,5,False,2023-24 (half),4,2024-04,False,3800.0
B001541,C01063,2024-03-18,2024-04-19,Course,5,25700.0,Completed,,T00193,10,32,False,2023-24 (half),4,2024-04,False,25700.0
B001542,C00077,2024-04-18,2024-04-19,Fun Dive,1,3700.0,Completed,,T00193,11,1,False,2023-24 (half),4,2024-04,False,3700.0
B001543,C01064,2024-03-24,2024-04-19,Fun Dive,1,3650.0,Completed,,T00194,2,26,False,2023-24 (half),4,2024-04,False,3650.0
B001544,C00909,2024-03-21,2024-04-19,Fun Dive,1,3550.0,Completed,,T00194,4,29,False,2023-24 (half),4,2024-04,False,3550.0
B001545,C01065,2024-03-15,2024-04-19,Fun Dive,3,9650.0,Completed,,T00194,5,35,False,2023-24 (half),4,2024-04,False,9650.0
B001546,C01066,2024-03-10,2024-04-19,Fun Dive,1,4000.0,Completed,,T00194,6,40,False,2023-24 (half),4,2024-04,False,4000.0
B001547,C01067,2024-03-07,2024-04-19,Discovery Dive,1,5700.0,Completed,,T00194,7,43,False,2023-24 (half),4,2024-04,False,5700.0
B001548,C01068,2024-03-12,2024-04-19,Fun Dive,3,11850.0,Cancelled,Medical,T00194,8,38,False,2023-24 (half),4,2024-04,False,
B001549,C01069,2024-03-08,2024-04-19,Fun Dive,4,13900.0,Completed,,T00194,10,42,False,2023-24 (half),4,2024-04,False,13900.0
B001550,C01070,2024-03-09,2024-04-19,Fun Dive,2,7750.0,Completed,,T00194,11,41,False,2023-24 (half),4,2024-04,False,7750.0
B001551,C01071,2024-04-19,2024-04-20,Course,4,24350.0,Completed,,T00195,1,1,False,2023-24 (half),4,2024-04,True,24350.0
B001552,C01072,2024-04-20,2024-04-20,Course,4,24850.0,Completed,,T00195,2,0,False,2023-24 (half),4,2024-04,True,24850.0
B001553,C01073,2024-03-08,2024-04-20,Course,5,26750.0,Completed,,T00195,3,43,False,2023-24 (half),4,2024-04,True,26750.0
B001554,C00377,2024-03-15,2024-04-20,Fun Dive,2,7600.0,Completed,,T00195,4,36,False,2023-24 (half),4,2024-04,True,7600.0
B001555,C00963,2024-04-15,2024-04-20,Fun Dive,2,6850.0,Completed,,T00195,6,5,False,2023-24 (half),4,2024-04,True,6850.0
B001556,C00218,2024-04-13,2024-04-20,Fun Dive,4,12900.0,Completed,,T00195,7,7,False,2023-24 (half),4,2024-04,True,12900.0
B001557,C01074,2024-04-15,2024-04-20,Discovery Dive,2,11350.0,Completed,,T00195,8,5,False,2023-24 (half),4,2024-04,True,11350.0
B001558,C01075,2024-03-10,2024-04-20,Fun Dive,1,3600.0,Completed,,T00196,1,41,False,2023-24 (half),4,2024-04,True,3600.0
B001559,C01076,2024-04-15,2024-04-20,Discovery Dive,1,5350.0,Completed,,T00196,5,5,False,2023-24 (half),4,2024-04,True,5350.0
B001560,C00649,2024-04-17,2024-04-20,Fun Dive,1,3650.0,Completed,,T00196,6,3,False,2023-24 (half),4,2024-04,True,3650.0
B001561,C01077,2024-03-30,2024-04-20,Course,5,29200.0,Completed,,T00196,7,21,False,2023-24 (half),4,2024-04,True,29200.0
B001562,C00368,2024-04-04,2024-04-20,Fun Dive,4,15550.0,Completed,,T00196,8,16,False,2023-24 (half),4,2024-04,True,15550.0
B001563,C01078,2024-03-19,2024-04-20,Discovery Dive,1,5200.0,Completed,,T00196,9,32,False,2023-24 (half),4,2024-04,True,5200.0
B001564,C01079,2024-03-30,2024-04-21,Fun Dive,1,3550.0,Completed,,T00197,2,22,False,2023-24 (half),4,2024-04,True,3550.0
B001565,C00909,2024-04-20,2024-04-21,Fun Dive,3,10500.0,Completed,,T00197,3,1,False,2023-24 (half),4,2024-04,True,10500.0
B001566,C01080,2024-03-12,2024-04-21,Discovery Dive,1,5100.0,Completed,,T00197,4,40,False,2023-24 (half),4,2024-04,True,5100.0
B001567,C01081,2024-03-13,2024-04-21,Fun Dive,3,11300.0,Completed,,T00197,5,39,False,2023-24 (half),4,2024-04,True,11300.0
B001568,C01010,2024-04-15,2024-04-21,Fun Dive,1,3850.0,Completed,,T00197,6,6,False,2023-24 (half),4,2024-04,True,3850.0
B001569,C01082,2024-03-10,2024-04-21,Discovery Dive,1,5350.0,Cancelled,Weather,T00197,7,42,False,2023-24 (half),4,2024-04,True,
B001570,C01083,2024-04-11,2024-04-21,Discovery Dive,1,5350.0,Completed,,T00197,8,10,False,2023-24 (half),4,2024-04,True,5350.0
B001571,C01084,2024-03-15,2024-04-21,Fun Dive,1,3650.0,Completed,,T00197,10,37,False,2023-24 (half),4,2024-04,True,3650.0
B001572,C00998,2024-04-01,2024-04-22,Fun Dive,4,15150.0,Completed,,T00198,1,21,False,2023-24 (half),4,2024-04,False,15150.0
B001573,C01085,2024-04-09,2024-04-22,Discovery Dive,1,5600.0,Completed,,T00198,2,13,False,2023-24 (half),4,2024-04,False,5600.0
B001574,C01086,2024-03-09,2024-04-22,Fun Dive,3,11750.0,Completed,,T00198,3,44,False,2023-24 (half),4,2024-04,False,11750.0
B001575,C01087,2024-03-12,2024-04-22,Course,5,25400.0,Completed,,T00198,4,41,False,2023-24 (half),4,2024-04,False,25400.0
B001576,C01057,2024-04-21,2024-04-22,Fun Dive,4,13950.0,Completed,,T00198,7,1,False,2023-24 (half),4,2024-04,False,13950.0
B001577,C01088,2024-03-20,2024-04-22,Fun Dive,2,6400.0,Completed,,T00198,8,33,False,2023-24 (half),4,2024-04,False,6400.0
B001578,C01089,2024-03-28,2024-04-22,Discovery Dive,1,4800.0,Completed,,T00198,9,25,False,2023-24 (half),4,2024-04,False,4800.0
B001579,C01090,2024-03-26,2024-04-23,Fun Dive,3,11550.0,Completed,,T00199,1,28,False,2023-24 (half),4,2024-04,False,11550.0
B001580,C01091,2024-03-27,2024-04-23,Fun Dive,3,11600.0,Completed,,T00199,2,27,False,2023-24 (half),4,2024-04,False,11600.0
B001581,C01092,2024-04-08,2024-04-23,Fun Dive,2,7950.0,Completed,,T00199,3,15,False,2023-24 (half),4,2024-04,False,7950.0
B001582,C00085,2024-03-22,2024-04-23,Fun Dive,2,7750.0,Completed,,T00199,4,32,False,2023-24 (half),4,2024-04,False,7750.0
B001583,C01093,2024-04-12,2024-04-23,Course,5,25300.0,Completed,,T00199,5,11,False,2023-24 (half),4,2024-04,False,25300.0
B001584,C00969,2024-03-09,2024-04-23,Fun Dive,2,7950.0,Completed,,T00199,6,45,False,2023-24 (half),4,2024-04,False,7950.0
B001585,C01094,2024-03-29,2024-04-23,Course,4,23750.0,Completed,,T00199,8,25,False,2023-24 (half),4,2024-04,False,23750.0
B001586,C01095,2024-03-30,2024-04-23,Discovery Dive,1,5250.0,Cancelled,Weather,T00199,9,24,False,2023-24 (half),4,2024-04,False,
B001587,C00569,2024-04-05,2024-04-23,Fun Dive,1,3300.0,Completed,,T00199,10,18,False,2023-24 (half),4,2024-04,False,3300.0
B001588,C00782,2024-04-01,2024-04-23,Discovery Dive,2,9900.0,Completed,,T00199,11,22,False,2023-24 (half),4,2024-04,False,9900.0
B006866,C05235,2026-03-21,2026-04-26,Discovery Dive,1,4650.0,Completed,,T00887,3,36,False,2025-26,4,2026-04,True,4650.0
B001589,C01096,2024-03-22,2024-04-23,Fun Dive,1,3550.0,Completed,,T00199,12,32,False,2023-24 (half),4,2024-04,False,3550.0
B001590,C01097,2024-04-07,2024-04-24,Fun Dive,4,11850.0,Completed,,T00200,2,17,False,2023-24 (half),4,2024-04,False,11850.0
B001591,C01098,2024-04-05,2024-04-24,Fun Dive,1,3450.0,Completed,,T00200,3,19,False,2023-24 (half),4,2024-04,False,3450.0
B001592,C01099,2024-04-03,2024-04-24,Fun Dive,2,6500.0,Completed,,T00200,5,21,False,2023-24 (half),4,2024-04,False,6500.0
B001593,C01100,2024-03-12,2024-04-24,Fun Dive,1,3300.0,Completed,,T00200,6,43,False,2023-24 (half),4,2024-04,False,3300.0
B001594,C01101,2024-04-09,2024-04-24,Fun Dive,1,3300.0,Completed,,T00200,7,15,False,2023-24 (half),4,2024-04,False,3300.0
B001595,C00496,2024-04-18,2024-04-24,Fun Dive,3,10700.0,Completed,,T00200,8,6,False,2023-24 (half),4,2024-04,False,10700.0
B001596,C01102,2024-03-10,2024-04-24,Discovery Dive,1,5600.0,Completed,,T00200,10,45,False,2023-24 (half),4,2024-04,False,5600.0
B001597,C01103,2024-04-21,2024-04-25,Discovery Dive,1,5250.0,Completed,,T00201,1,4,False,2023-24 (half),4,2024-04,False,5250.0
B001598,C01104,2024-03-13,2024-04-25,Fun Dive,2,7100.0,Completed,,T00201,4,43,False,2023-24 (half),4,2024-04,False,7100.0
B001599,C01105,2024-04-21,2024-04-25,Fun Dive,1,3850.0,Completed,,T00201,5,4,False,2023-24 (half),4,2024-04,False,3850.0
B001600,C01106,2024-04-08,2024-04-25,Fun Dive,3,11050.0,Completed,,T00201,6,17,False,2023-24 (half),4,2024-04,False,11050.0
B001601,C00529,2024-04-16,2024-04-25,Fun Dive,1,3550.0,No-show,,T00201,8,9,False,2023-24 (half),4,2024-04,False,
B001602,C00590,2024-03-23,2024-04-25,Course,4,24850.0,Completed,,T00201,9,33,False,2023-24 (half),4,2024-04,False,24850.0
B001603,C01062,2024-03-21,2024-04-26,Fun Dive,4,14550.0,Completed,,T00202,1,36,False,2023-24 (half),4,2024-04,False,14550.0
B001604,C00514,2024-03-14,2024-04-26,Course,5,23050.0,Cancelled,Weather,T00202,2,43,False,2023-24 (half),4,2024-04,False,
B001605,C01107,2024-04-20,2024-04-26,Discovery Dive,2,10250.0,Cancelled,Weather,T00202,3,6,False,2023-24 (half),4,2024-04,False,
B001606,C01108,2024-04-12,2024-04-26,Discovery Dive,2,9850.0,Completed,,T00202,4,14,False,2023-24 (half),4,2024-04,False,9850.0
B001607,C01109,2024-03-19,2024-04-26,Discovery Dive,1,5750.0,Cancelled,Weather,T00202,5,38,False,2023-24 (half),4,2024-04,False,
B001608,C01110,2024-03-16,2024-04-26,Fun Dive,3,12300.0,Cancelled,Weather,T00202,6,41,False,2023-24 (half),4,2024-04,False,
B001609,C00389,2024-03-21,2024-04-26,Fun Dive,4,14600.0,Cancelled,Weather,T00202,7,36,False,2023-24 (half),4,2024-04,False,
B001610,C00016,2024-04-01,2024-04-26,Fun Dive,2,7250.0,Completed,,T00202,9,25,False,2023-24 (half),4,2024-04,False,7250.0
B001611,C01039,2024-04-13,2024-04-26,Fun Dive,4,15900.0,Cancelled,Unknown,T00202,10,13,False,2023-24 (half),4,2024-04,False,
B001612,C00037,2024-03-30,2024-04-26,Fun Dive,4,15650.0,Cancelled,Customer,T00202,11,27,False,2023-24 (half),4,2024-04,False,
B001613,C01111,2024-03-24,2024-04-26,Discovery Dive,1,5600.0,Completed,,T00203,1,33,False,2023-24 (half),4,2024-04,False,5600.0
B001614,C00435,2024-03-25,2024-04-26,Fun Dive,2,7300.0,Completed,,T00203,2,32,False,2023-24 (half),4,2024-04,False,7300.0
B001615,C01112,2024-04-21,2024-04-26,Discovery Dive,1,5450.0,Completed,,T00203,3,5,False,2023-24 (half),4,2024-04,False,5450.0
B001616,C01113,2024-04-23,2024-04-26,Course,4,26750.0,Completed,,T00203,4,3,False,2023-24 (half),4,2024-04,False,26750.0
B001617,C01114,2024-03-15,2024-04-26,Discovery Dive,1,5450.0,Cancelled,Weather,T00203,5,42,False,2023-24 (half),4,2024-04,False,
B001618,C01115,2024-03-14,2024-04-26,Fun Dive,3,11700.0,Completed,,T00203,6,43,False,2023-24 (half),4,2024-04,False,11700.0
B001619,C01116,2024-04-05,2024-04-26,Discovery Dive,1,5500.0,Cancelled,Weather,T00203,7,21,False,2023-24 (half),4,2024-04,False,
B001620,C00706,2024-03-29,2024-04-26,Fun Dive,4,14600.0,Completed,,T00203,9,28,False,2023-24 (half),4,2024-04,False,14600.0
B001621,C00576,2024-04-08,2024-04-27,Fun Dive,4,16350.0,Cancelled,Weather,T00204,1,19,False,2023-24 (half),4,2024-04,True,
B001622,C01117,2024-04-26,2024-04-27,Fun Dive,1,4000.0,Completed,,T00204,3,1,False,2023-24 (half),4,2024-04,True,4000.0
B001623,C00649,2024-04-13,2024-04-27,Fun Dive,1,3700.0,Cancelled,Weather,T00204,4,14,False,2023-24 (half),4,2024-04,True,
B001624,C01118,2024-03-15,2024-04-27,Discovery Dive,1,5900.0,No-show,,T00204,5,43,False,2023-24 (half),4,2024-04,True,
B001625,C00694,2024-04-15,2024-04-27,Course,4,21500.0,Cancelled,Weather,T00204,7,12,False,2023-24 (half),4,2024-04,True,
B001626,C01119,2024-04-12,2024-04-27,Discovery Dive,1,5800.0,Cancelled,Unknown,T00204,8,15,False,2023-24 (half),4,2024-04,True,
B001627,C01120,2024-04-14,2024-04-27,Discovery Dive,1,4300.0,Cancelled,Weather,T00204,9,13,False,2023-24 (half),4,2024-04,True,
B001628,C01121,2024-03-26,2024-04-28,Course,4,23200.0,Completed,,T00205,2,33,False,2023-24 (half),4,2024-04,True,23200.0
B004369,C03205,2025-04-04,2025-04-12,Fun Dive,1,3400.0,Completed,,T00564,5,8,False,2024-25,4,2025-04,True,3400.0
B001629,C01122,2024-03-31,2024-04-28,Fun Dive,1,3900.0,Completed,,T00205,3,28,False,2023-24 (half),4,2024-04,True,3900.0
B001630,C01123,2024-04-03,2024-04-28,Course,4,28400.0,Completed,,T00205,4,25,False,2023-24 (half),4,2024-04,True,28400.0
B001631,C01124,2024-03-23,2024-04-28,Fun Dive,2,7700.0,Completed,,T00205,5,36,False,2023-24 (half),4,2024-04,True,7700.0
B001632,C01014,2024-04-25,2024-04-28,Course,5,25400.0,Completed,,T00205,6,3,False,2023-24 (half),4,2024-04,True,25400.0
B001633,C01125,2024-03-24,2024-04-28,Discovery Dive,1,4500.0,Completed,,T00205,7,35,False,2023-24 (half),4,2024-04,True,4500.0
B001634,C01126,2024-04-17,2024-04-28,Discovery Dive,1,5200.0,Completed,,T00205,9,11,False,2023-24 (half),4,2024-04,True,5200.0
B001635,C00719,2024-04-04,2024-04-29,Fun Dive,1,3750.0,Cancelled,Weather,T00206,1,25,False,2023-24 (half),4,2024-04,False,
B001636,C01127,2024-03-18,2024-04-29,Fun Dive,2,7500.0,Completed,,T00206,2,42,False,2023-24 (half),4,2024-04,False,7500.0
B001637,C01128,2024-03-16,2024-04-29,Fun Dive,4,16000.0,Completed,,T00206,6,44,False,2023-24 (half),4,2024-04,False,16000.0
B001638,C01129,2024-04-27,2024-04-29,Fun Dive,1,3950.0,Completed,,T00206,7,2,False,2023-24 (half),4,2024-04,False,3950.0
B001639,C01130,2024-03-24,2024-04-29,Discovery Dive,1,5100.0,Completed,,T00206,8,36,False,2023-24 (half),4,2024-04,False,5100.0
B001640,C01131,2024-03-28,2024-04-29,Discovery Dive,1,5250.0,Cancelled,Medical,T00206,9,32,False,2023-24 (half),4,2024-04,False,
B001641,C01132,2024-04-11,2024-04-30,Discovery Dive,1,5600.0,Completed,,T00207,2,19,False,2023-24 (half),4,2024-04,False,5600.0
B001642,C00017,2024-04-22,2024-04-30,Fun Dive,1,3700.0,Completed,,T00207,3,8,False,2023-24 (half),4,2024-04,False,3700.0
B001643,C00758,2024-04-17,2024-04-30,Course,4,29150.0,Completed,,T00207,4,13,False,2023-24 (half),4,2024-04,False,29150.0
B001644,C01066,2024-04-12,2024-04-30,Course,5,27700.0,Completed,,T00207,5,18,False,2023-24 (half),4,2024-04,False,27700.0
B001645,C00543,2024-04-25,2024-04-30,Fun Dive,2,7400.0,Completed,,T00207,6,5,False,2023-24 (half),4,2024-04,False,7400.0
B001646,C00576,2024-04-04,2024-04-30,Fun Dive,4,14300.0,Completed,,T00207,7,26,False,2023-24 (half),4,2024-04,False,14300.0
B001647,C01133,2024-04-23,2024-04-30,Fun Dive,2,7400.0,Completed,,T00207,9,7,False,2023-24 (half),4,2024-04,False,7400.0
B001648,C01134,2024-04-29,2024-04-30,Fun Dive,2,7350.0,Completed,,T00207,10,1,False,2023-24 (half),4,2024-04,False,7350.0
B001649,C00489,2024-04-11,2024-04-30,Fun Dive,2,6450.0,Completed,,T00207,11,19,False,2023-24 (half),4,2024-04,False,6450.0
B001650,C01135,2024-03-28,2024-04-30,Fun Dive,1,4000.0,Completed,,T00207,12,33,False,2023-24 (half),4,2024-04,False,4000.0
B001651,C00478,2024-04-01,2024-05-01,Fun Dive,1,3400.0,Cancelled,Unknown,T00208,1,30,False,2023-24 (half),5,2024-05,False,
B001652,C01136,2024-04-07,2024-05-01,Fun Dive,1,2900.0,Completed,,T00208,2,24,False,2023-24 (half),5,2024-05,False,2900.0
B001653,C00629,2024-04-17,2024-05-01,Course,5,25600.0,Completed,,T00208,3,14,False,2023-24 (half),5,2024-05,False,25600.0
B001654,C01137,2024-03-24,2024-05-01,Discovery Dive,1,5700.0,Completed,,T00208,5,38,False,2023-24 (half),5,2024-05,False,5700.0
B001655,C00818,2024-04-04,2024-05-01,Fun Dive,2,7300.0,Completed,,T00208,7,27,False,2023-24 (half),5,2024-05,False,7300.0
B001656,C01085,2024-03-26,2024-05-01,Fun Dive,1,3550.0,Completed,,T00208,8,36,False,2023-24 (half),5,2024-05,False,3550.0
B001657,C01138,2024-04-06,2024-05-01,Discovery Dive,1,5300.0,Completed,,T00208,9,25,False,2023-24 (half),5,2024-05,False,5300.0
B001658,C01139,2024-03-24,2024-05-01,Fun Dive,1,3850.0,Completed,,T00208,11,38,False,2023-24 (half),5,2024-05,False,3850.0
B001659,C01140,2024-04-17,2024-05-01,Discovery Dive,1,5300.0,Completed,,T00208,12,14,False,2023-24 (half),5,2024-05,False,5300.0
B001660,C01141,2024-03-24,2024-05-02,Fun Dive,3,11700.0,Completed,,T00209,2,39,False,2023-24 (half),5,2024-05,False,11700.0
B001661,C00689,2024-03-27,2024-05-02,Discovery Dive,1,4650.0,Completed,,T00209,3,36,False,2023-24 (half),5,2024-05,False,4650.0
B001662,C00669,2024-03-25,2024-05-02,Fun Dive,3,10050.0,Completed,,T00209,5,38,False,2023-24 (half),5,2024-05,False,10050.0
B001663,C01142,2024-03-30,2024-05-02,Fun Dive,1,3650.0,Completed,,T00209,6,33,False,2023-24 (half),5,2024-05,False,3650.0
B001664,C01143,2024-04-20,2024-05-02,Fun Dive,1,3650.0,Completed,,T00209,7,12,False,2023-24 (half),5,2024-05,False,3650.0
B001665,C01144,2024-04-22,2024-05-02,Discovery Dive,1,5350.0,Completed,,T00209,8,10,False,2023-24 (half),5,2024-05,False,5350.0
B001666,C01145,2024-04-29,2024-05-02,Fun Dive,2,7250.0,Completed,,T00209,9,3,False,2023-24 (half),5,2024-05,False,7250.0
B001667,C01146,2024-03-22,2024-05-02,Fun Dive,2,7550.0,Completed,,T00209,10,41,False,2023-24 (half),5,2024-05,False,7550.0
B001668,C01147,2024-04-26,2024-05-02,Fun Dive,3,11300.0,Completed,,T00209,11,6,False,2023-24 (half),5,2024-05,False,11300.0
B001669,C01148,2024-03-27,2024-05-02,Discovery Dive,1,5000.0,Completed,,T00209,12,36,False,2023-24 (half),5,2024-05,False,5000.0
B001670,C01149,2024-04-12,2024-05-03,Course,4,27200.0,Completed,,T00210,1,21,False,2023-24 (half),5,2024-05,False,27200.0
B001671,C01150,2024-04-02,2024-05-03,Fun Dive,1,3850.0,Completed,,T00210,2,31,False,2023-24 (half),5,2024-05,False,3850.0
B001672,C01151,2024-03-23,2024-05-03,Course,5,28700.0,Completed,,T00210,3,41,False,2023-24 (half),5,2024-05,False,28700.0
B001673,C01152,2024-04-02,2024-05-03,Fun Dive,1,3600.0,No-show,,T00210,4,31,False,2023-24 (half),5,2024-05,False,
B001674,C01153,2024-04-01,2024-05-03,Discovery Dive,1,5400.0,Completed,,T00210,6,32,False,2023-24 (half),5,2024-05,False,5400.0
B001675,C01154,2024-04-14,2024-05-03,Discovery Dive,1,4900.0,Completed,,T00210,7,19,False,2023-24 (half),5,2024-05,False,4900.0
B001676,C01155,2024-04-01,2024-05-03,Fun Dive,1,3500.0,Completed,,T00210,8,32,False,2023-24 (half),5,2024-05,False,3500.0
B001677,C01156,2024-04-03,2024-05-04,Fun Dive,1,3600.0,Completed,,T00211,1,31,False,2023-24 (half),5,2024-05,True,3600.0
B001678,C01157,2024-03-27,2024-05-04,Fun Dive,3,9700.0,Completed,,T00211,2,38,False,2023-24 (half),5,2024-05,True,9700.0
B001679,C00894,2024-05-04,2024-05-04,Discovery Dive,1,5500.0,Cancelled,Customer,T00211,3,0,False,2023-24 (half),5,2024-05,True,
B001680,C01158,2024-04-21,2024-05-04,Fun Dive,1,3950.0,Cancelled,Medical,T00211,4,13,False,2023-24 (half),5,2024-05,True,
B001681,C01159,2024-03-31,2024-05-04,Course,5,25400.0,Completed,,T00211,5,34,False,2023-24 (half),5,2024-05,True,25400.0
B001682,C01160,2024-04-21,2024-05-04,Fun Dive,1,3450.0,Completed,,T00211,8,13,False,2023-24 (half),5,2024-05,True,3450.0
B001683,C00341,2024-04-14,2024-05-05,Fun Dive,1,4100.0,Completed,,T00212,2,21,False,2023-24 (half),5,2024-05,True,4100.0
B001684,C01161,2024-04-09,2024-05-05,Fun Dive,2,7650.0,Completed,,T00212,3,26,False,2023-24 (half),5,2024-05,True,7650.0
B001685,C00512,2024-04-10,2024-05-05,Course,4,26100.0,Cancelled,Customer,T00212,5,25,False,2023-24 (half),5,2024-05,True,
B001686,C01162,2024-03-30,2024-05-05,Fun Dive,1,3150.0,Completed,,T00212,6,36,False,2023-24 (half),5,2024-05,True,3150.0
B001687,C01163,2024-03-30,2024-05-05,Discovery Dive,1,5600.0,Completed,,T00212,7,36,False,2023-24 (half),5,2024-05,True,5600.0
B001688,C00656,2024-04-20,2024-05-05,Fun Dive,3,11650.0,Completed,,T00212,8,15,False,2023-24 (half),5,2024-05,True,11650.0
B001689,C01164,2024-05-06,2024-05-06,Discovery Dive,2,11150.0,Completed,,T00213,1,0,False,2023-24 (half),5,2024-05,False,11150.0
B001690,C00757,2024-04-05,2024-05-06,Course,5,28350.0,Completed,,T00213,3,31,False,2023-24 (half),5,2024-05,False,28350.0
B001691,C00458,2024-04-26,2024-05-06,Fun Dive,3,10400.0,Completed,,T00213,5,10,False,2023-24 (half),5,2024-05,False,10400.0
B001692,C01165,2024-04-14,2024-05-06,Discovery Dive,1,5100.0,Completed,,T00213,6,22,False,2023-24 (half),5,2024-05,False,5100.0
B001693,C01166,2024-04-19,2024-05-06,Fun Dive,3,10400.0,Completed,,T00213,7,17,False,2023-24 (half),5,2024-05,False,10400.0
B001694,C01167,2024-04-05,2024-05-06,Discovery Dive,1,5500.0,Completed,,T00213,8,31,False,2023-24 (half),5,2024-05,False,5500.0
B001695,C00027,2024-04-24,2024-05-07,Course,4,22950.0,Cancelled,Unknown,T00214,1,13,False,2023-24 (half),5,2024-05,False,
B001696,C01168,2024-04-13,2024-05-07,Fun Dive,2,6850.0,Cancelled,Weather,T00214,2,24,False,2023-24 (half),5,2024-05,False,
B001697,C00669,2024-04-15,2024-05-07,Course,5,25400.0,Completed,,T00214,3,22,False,2023-24 (half),5,2024-05,False,25400.0
B001698,C01169,2024-04-29,2024-05-07,Fun Dive,3,10650.0,Completed,,T00214,6,8,False,2023-24 (half),5,2024-05,False,10650.0
B001699,C01170,2024-04-07,2024-05-07,Fun Dive,3,11650.0,Cancelled,Weather,T00214,7,30,False,2023-24 (half),5,2024-05,False,
B001700,C00392,2024-03-28,2024-05-07,Fun Dive,2,7150.0,Cancelled,Weather,T00214,8,40,False,2023-24 (half),5,2024-05,False,
B001701,C00541,2024-04-17,2024-05-07,Fun Dive,2,6700.0,Completed,,T00214,9,20,False,2023-24 (half),5,2024-05,False,6700.0
B001702,C01171,2024-04-27,2024-05-08,Discovery Dive,1,5350.0,Completed,,T00215,1,11,False,2023-24 (half),5,2024-05,False,5350.0
B001703,C01172,2024-04-12,2024-05-08,Discovery Dive,1,5650.0,Cancelled,Customer,T00215,3,26,False,2023-24 (half),5,2024-05,False,
B001704,C00836,2024-03-26,2024-05-08,Fun Dive,1,3800.0,Completed,,T00215,4,43,False,2023-24 (half),5,2024-05,False,3800.0
B001705,C01173,2024-04-16,2024-05-08,Discovery Dive,1,5250.0,Completed,,T00215,5,22,False,2023-24 (half),5,2024-05,False,5250.0
B001706,C00755,2024-03-31,2024-05-08,Course,4,26250.0,No-show,,T00215,7,38,False,2023-24 (half),5,2024-05,False,
B001707,C01174,2024-04-04,2024-05-08,Discovery Dive,1,5250.0,Cancelled,Weather,T00215,8,34,False,2023-24 (half),5,2024-05,False,
B001708,C01175,2024-03-28,2024-05-09,Fun Dive,4,14450.0,Completed,,T00216,1,42,False,2023-24 (half),5,2024-05,False,14450.0
B001709,C01176,2024-03-26,2024-05-09,Discovery Dive,2,10450.0,Completed,,T00216,2,44,False,2023-24 (half),5,2024-05,False,10450.0
B001710,C01177,2024-04-24,2024-05-09,Fun Dive,4,14300.0,Completed,,T00216,3,15,False,2023-24 (half),5,2024-05,False,14300.0
B001711,C01178,2024-05-08,2024-05-09,Discovery Dive,1,5000.0,Completed,,T00216,4,1,False,2023-24 (half),5,2024-05,False,5000.0
B001712,C01179,2024-04-16,2024-05-09,Course,4,24850.0,Completed,,T00216,5,23,False,2023-24 (half),5,2024-05,False,24850.0
B001713,C01180,2024-04-05,2024-05-09,Discovery Dive,1,4350.0,Completed,,T00216,6,34,False,2023-24 (half),5,2024-05,False,4350.0
B001714,C01181,2024-04-14,2024-05-09,Fun Dive,2,6750.0,Completed,,T00216,8,25,False,2023-24 (half),5,2024-05,False,6750.0
B001715,C01182,2024-04-12,2024-05-09,Fun Dive,4,13950.0,Completed,,T00216,10,27,False,2023-24 (half),5,2024-05,False,13950.0
B001716,C01183,2024-05-07,2024-05-09,Discovery Dive,1,5100.0,Completed,,T00216,11,2,False,2023-24 (half),5,2024-05,False,5100.0
B001717,C01033,2024-04-21,2024-05-10,Fun Dive,4,15300.0,Completed,,T00217,1,19,False,2023-24 (half),5,2024-05,False,15300.0
B001718,C01184,2024-04-07,2024-05-10,Discovery Dive,1,4650.0,Completed,,T00217,2,33,False,2023-24 (half),5,2024-05,False,4650.0
B001719,C01185,2024-05-04,2024-05-10,Fun Dive,2,7900.0,Completed,,T00217,3,6,False,2023-24 (half),5,2024-05,False,7900.0
B001720,C01186,2024-04-03,2024-05-10,Fun Dive,3,11300.0,Completed,,T00217,4,37,False,2023-24 (half),5,2024-05,False,11300.0
B001721,C01187,2024-05-08,2024-05-10,Fun Dive,3,9300.0,Completed,,T00217,5,2,False,2023-24 (half),5,2024-05,False,9300.0
B001722,C01188,2024-04-15,2024-05-10,Fun Dive,2,7900.0,Completed,,T00217,6,25,False,2023-24 (half),5,2024-05,False,7900.0
B001723,C01189,2024-04-14,2024-05-10,Discovery Dive,1,5150.0,No-show,,T00217,7,26,False,2023-24 (half),5,2024-05,False,
B001724,C01190,2024-05-02,2024-05-10,Fun Dive,1,3800.0,Completed,,T00217,8,8,False,2023-24 (half),5,2024-05,False,3800.0
B001725,C00105,2024-04-04,2024-05-10,Fun Dive,2,7200.0,Completed,,T00217,9,36,False,2023-24 (half),5,2024-05,False,7200.0
B001726,C00021,2024-03-27,2024-05-10,Course,5,22200.0,Completed,,T00217,12,44,False,2023-24 (half),5,2024-05,False,22200.0
B001727,C01191,2024-05-03,2024-05-11,Fun Dive,2,7500.0,Completed,,T00218,2,8,False,2023-24 (half),5,2024-05,True,7500.0
B001728,C00765,2024-04-13,2024-05-11,Course,4,27200.0,Completed,,T00218,3,28,False,2023-24 (half),5,2024-05,True,27200.0
B001729,C01192,2024-04-24,2024-05-11,Fun Dive,2,6600.0,Completed,,T00218,4,17,False,2023-24 (half),5,2024-05,True,6600.0
B001730,C01193,2024-05-06,2024-05-11,Discovery Dive,1,5300.0,Completed,,T00218,5,5,False,2023-24 (half),5,2024-05,True,5300.0
B001731,C01194,2024-04-22,2024-05-11,Discovery Dive,1,5350.0,Completed,,T00218,6,19,False,2023-24 (half),5,2024-05,True,5350.0
B001732,C01195,2024-05-04,2024-05-11,Fun Dive,3,10750.0,Cancelled,Unknown,T00218,7,7,False,2023-24 (half),5,2024-05,True,
B001733,C01196,2024-04-09,2024-05-11,Fun Dive,2,7300.0,Completed,,T00218,8,32,False,2023-24 (half),5,2024-05,True,7300.0
B001734,C01197,2024-03-30,2024-05-12,Course,5,27800.0,Cancelled,Weather,T00219,1,43,False,2023-24 (half),5,2024-05,True,
B001735,C01198,2024-04-17,2024-05-12,Discovery Dive,1,5550.0,Cancelled,Weather,T00219,2,25,False,2023-24 (half),5,2024-05,True,
B001736,C01199,2024-05-09,2024-05-12,Discovery Dive,1,,Cancelled,Weather,T00219,4,3,True,2023-24 (half),5,2024-05,True,
B001737,C01200,2024-04-06,2024-05-12,Fun Dive,2,7100.0,Cancelled,Medical,T00219,5,36,False,2023-24 (half),5,2024-05,True,
B001738,C01201,2024-04-27,2024-05-12,Discovery Dive,1,5450.0,Completed,,T00219,6,15,False,2023-24 (half),5,2024-05,True,5450.0
B001739,C01202,2024-04-28,2024-05-12,Fun Dive,1,3800.0,Cancelled,Weather,T00219,7,14,False,2023-24 (half),5,2024-05,True,
B001740,C01203,2024-04-13,2024-05-12,Course,4,25450.0,Cancelled,Medical,T00219,8,29,False,2023-24 (half),5,2024-05,True,
B001741,C01204,2024-05-02,2024-05-12,Discovery Dive,1,5700.0,Cancelled,Weather,T00219,9,10,False,2023-24 (half),5,2024-05,True,
B001742,C00478,2024-04-25,2024-05-12,Discovery Dive,2,9550.0,Cancelled,Weather,T00219,12,17,False,2023-24 (half),5,2024-05,True,
B001743,C01205,2024-03-31,2024-05-13,Discovery Dive,2,9550.0,Completed,,T00220,1,43,False,2023-24 (half),5,2024-05,False,9550.0
B001744,C01206,2024-04-08,2024-05-13,Discovery Dive,1,5700.0,Cancelled,Weather,T00220,2,35,False,2023-24 (half),5,2024-05,False,
B001745,C00747,2024-04-08,2024-05-13,Fun Dive,1,3300.0,Completed,,T00220,4,35,False,2023-24 (half),5,2024-05,False,3300.0
B001746,C00825,2024-04-20,2024-05-13,Course,4,26000.0,Completed,,T00220,5,23,False,2023-24 (half),5,2024-05,False,26000.0
B001747,C01207,2024-04-16,2024-05-13,Course,5,26150.0,Completed,,T00220,6,27,False,2023-24 (half),5,2024-05,False,26150.0
B001748,C01208,2024-04-06,2024-05-13,Fun Dive,1,3850.0,Completed,,T00220,7,37,False,2023-24 (half),5,2024-05,False,3850.0
B001749,C01209,2024-05-04,2024-05-13,Course,4,28150.0,Cancelled,Weather,T00220,8,9,False,2023-24 (half),5,2024-05,False,
B001750,C01101,2024-05-13,2024-05-13,Fun Dive,4,13050.0,Cancelled,Weather,T00220,10,0,False,2023-24 (half),5,2024-05,False,
B001751,C01135,2024-05-06,2024-05-14,Fun Dive,4,15600.0,Completed,,T00221,1,8,False,2023-24 (half),5,2024-05,False,15600.0
B001752,C01210,2024-04-23,2024-05-14,Fun Dive,1,3650.0,Completed,,T00221,2,21,False,2023-24 (half),5,2024-05,False,3650.0
B001753,C01211,2024-04-18,2024-05-14,Fun Dive,1,3500.0,Completed,,T00221,3,26,False,2023-24 (half),5,2024-05,False,3500.0
B001754,C01212,2024-04-15,2024-05-14,Fun Dive,2,7250.0,Completed,,T00221,5,29,False,2023-24 (half),5,2024-05,False,7250.0
B001755,C01213,2024-05-07,2024-05-14,Fun Dive,2,7300.0,Completed,,T00221,6,7,False,2023-24 (half),5,2024-05,False,7300.0
B001756,C01214,2024-03-30,2024-05-14,Fun Dive,1,2900.0,Completed,,T00221,8,45,False,2023-24 (half),5,2024-05,False,2900.0
B001757,C01215,2024-04-21,2024-05-14,Course,4,26450.0,Completed,,T00221,10,23,False,2023-24 (half),5,2024-05,False,26450.0
B001758,C01216,2024-05-06,2024-05-15,Fun Dive,2,6350.0,Cancelled,Weather,T00222,1,9,False,2023-24 (half),5,2024-05,False,
B001759,C00595,2024-04-07,2024-05-15,Fun Dive,1,3700.0,Completed,,T00222,2,38,False,2023-24 (half),5,2024-05,False,3700.0
B001760,C01217,2024-05-07,2024-05-15,Discovery Dive,2,8950.0,Cancelled,Weather,T00222,5,8,False,2023-24 (half),5,2024-05,False,
B001761,C00636,2024-05-02,2024-05-15,Discovery Dive,2,11400.0,Cancelled,Weather,T00222,6,13,False,2023-24 (half),5,2024-05,False,
B001762,C01218,2024-04-03,2024-05-15,Discovery Dive,1,5450.0,Completed,,T00222,7,42,False,2023-24 (half),5,2024-05,False,5450.0
B001763,C01219,2024-04-27,2024-05-15,Discovery Dive,1,5750.0,Completed,,T00222,8,18,False,2023-24 (half),5,2024-05,False,5750.0
B001764,C01220,2024-05-02,2024-05-16,Discovery Dive,2,10700.0,Completed,,T00223,2,14,False,2023-24 (half),5,2024-05,False,10700.0
B001765,C01221,2024-04-27,2024-05-16,Discovery Dive,1,5200.0,Completed,,T00223,3,19,False,2023-24 (half),5,2024-05,False,5200.0
B001766,C01222,2024-04-16,2024-05-16,Fun Dive,2,7250.0,Completed,,T00223,4,30,False,2023-24 (half),5,2024-05,False,7250.0
B001767,C01223,2024-04-09,2024-05-16,Discovery Dive,1,5450.0,Completed,,T00223,5,37,False,2023-24 (half),5,2024-05,False,5450.0
B001768,C01224,2024-04-09,2024-05-16,Discovery Dive,1,5300.0,Completed,,T00223,7,37,False,2023-24 (half),5,2024-05,False,5300.0
B001769,C01225,2024-04-04,2024-05-16,Fun Dive,1,3750.0,Completed,,T00223,8,42,False,2023-24 (half),5,2024-05,False,3750.0
B001770,C01179,2024-05-14,2024-05-16,Fun Dive,1,3550.0,Completed,,T00223,9,2,False,2023-24 (half),5,2024-05,False,3550.0
B001771,C00440,2024-04-02,2024-05-16,Fun Dive,1,3250.0,Completed,,T00223,10,44,False,2023-24 (half),5,2024-05,False,3250.0
B001772,C00601,2024-04-04,2024-05-16,Fun Dive,3,11400.0,Completed,,T00223,11,42,False,2023-24 (half),5,2024-05,False,11400.0
B001773,C01226,2024-04-26,2024-05-17,Fun Dive,1,3950.0,Completed,,T00224,1,21,False,2023-24 (half),5,2024-05,False,3950.0
B001774,C01152,2024-04-04,2024-05-17,Fun Dive,2,7150.0,Cancelled,Medical,T00224,2,43,False,2023-24 (half),5,2024-05,False,
B001775,C01227,2024-05-12,2024-05-17,Discovery Dive,1,5100.0,Completed,,T00224,3,5,False,2023-24 (half),5,2024-05,False,5100.0
B001776,C01228,2024-04-23,2024-05-17,Discovery Dive,1,5100.0,Completed,,T00224,4,24,False,2023-24 (half),5,2024-05,False,5100.0
B001777,C01229,2024-05-12,2024-05-17,Fun Dive,3,12250.0,Completed,,T00224,6,5,False,2023-24 (half),5,2024-05,False,12250.0
B001778,C01230,2024-05-14,2024-05-17,Fun Dive,1,4050.0,Completed,,T00224,8,3,False,2023-24 (half),5,2024-05,False,4050.0
B001779,C00111,2024-04-02,2024-05-17,Fun Dive,1,3700.0,Completed,,T00224,9,45,False,2023-24 (half),5,2024-05,False,3700.0
B001780,C01231,2024-05-07,2024-05-17,Discovery Dive,1,5400.0,Completed,,T00224,10,10,False,2023-24 (half),5,2024-05,False,5400.0
B001781,C01232,2024-04-02,2024-05-17,Discovery Dive,1,5550.0,Completed,,T00224,11,45,False,2023-24 (half),5,2024-05,False,5550.0
B001782,C01227,2024-04-17,2024-05-17,Fun Dive,1,3700.0,Completed,,T00224,12,30,False,2023-24 (half),5,2024-05,False,3700.0
B001783,C00502,2024-04-26,2024-05-18,Discovery Dive,1,5650.0,Completed,,T00225,1,22,False,2023-24 (half),5,2024-05,True,5650.0
B001784,C01233,2024-04-06,2024-05-18,Fun Dive,1,3950.0,No-show,,T00225,3,42,False,2023-24 (half),5,2024-05,True,
B001785,C01234,2024-04-17,2024-05-18,Discovery Dive,1,5900.0,Completed,,T00225,4,31,False,2023-24 (half),5,2024-05,True,5900.0
B001786,C01235,2024-04-26,2024-05-18,Discovery Dive,2,11000.0,Completed,,T00225,5,22,False,2023-24 (half),5,2024-05,True,11000.0
B001787,C01236,2024-04-24,2024-05-18,Discovery Dive,1,5800.0,Completed,,T00225,7,24,False,2023-24 (half),5,2024-05,True,5800.0
B001788,C01237,2024-05-08,2024-05-18,Discovery Dive,1,5200.0,Completed,,T00225,8,10,False,2023-24 (half),5,2024-05,True,5200.0
B001789,C01238,2024-04-12,2024-05-18,Course,4,27800.0,Cancelled,Customer,T00225,9,36,False,2023-24 (half),5,2024-05,True,
B001790,C01239,2024-04-09,2024-05-18,Fun Dive,2,7650.0,Completed,,T00225,11,39,False,2023-24 (half),5,2024-05,True,7650.0
B001791,C00708,2024-05-04,2024-05-19,Fun Dive,3,11300.0,Completed,,T00226,1,15,False,2023-24 (half),5,2024-05,True,11300.0
B001792,C01240,2024-04-16,2024-05-19,Discovery Dive,1,5700.0,Cancelled,Customer,T00226,3,33,False,2023-24 (half),5,2024-05,True,
B001793,C01241,2024-05-01,2024-05-19,Fun Dive,3,11100.0,Completed,,T00226,4,18,False,2023-24 (half),5,2024-05,True,11100.0
B001794,C01242,2024-05-07,2024-05-19,Discovery Dive,2,10350.0,Completed,,T00226,5,12,False,2023-24 (half),5,2024-05,True,10350.0
B001795,C01243,2024-04-09,2024-05-19,Discovery Dive,1,4950.0,Completed,,T00226,6,40,False,2023-24 (half),5,2024-05,True,4950.0
B001796,C01244,2024-04-07,2024-05-19,Fun Dive,4,14450.0,Completed,,T00226,8,42,False,2023-24 (half),5,2024-05,True,14450.0
B001797,C01245,2024-05-18,2024-05-19,Fun Dive,4,15850.0,Completed,,T00226,9,1,False,2023-24 (half),5,2024-05,True,15850.0
B001798,C00757,2024-04-30,2024-05-20,Fun Dive,3,11350.0,Completed,,T00227,2,20,False,2023-24 (half),5,2024-05,False,11350.0
B001799,C00538,2024-04-18,2024-05-20,Fun Dive,2,6600.0,Completed,,T00227,3,32,False,2023-24 (half),5,2024-05,False,6600.0
B001800,C01246,2024-05-15,2024-05-20,Fun Dive,1,3700.0,No-show,,T00227,4,5,False,2023-24 (half),5,2024-05,False,
B001801,C01247,2024-04-14,2024-05-20,Discovery Dive,1,5900.0,Completed,,T00227,5,36,False,2023-24 (half),5,2024-05,False,5900.0
B001802,C00350,2024-04-23,2024-05-20,Fun Dive,1,3600.0,Completed,,T00227,6,27,False,2023-24 (half),5,2024-05,False,3600.0
B001803,C01248,2024-04-25,2024-05-20,Discovery Dive,1,4500.0,No-show,,T00227,7,25,False,2023-24 (half),5,2024-05,False,
B001804,C01249,2024-04-16,2024-05-20,Discovery Dive,1,5150.0,Completed,,T00227,8,34,False,2023-24 (half),5,2024-05,False,5150.0
B001805,C00783,2024-04-20,2024-05-20,Fun Dive,1,3750.0,Completed,,T00227,9,30,False,2023-24 (half),5,2024-05,False,3750.0
B001806,C00743,2024-04-13,2024-05-20,Course,4,26150.0,Completed,,T00227,11,37,False,2023-24 (half),5,2024-05,False,26150.0
B001807,C01250,2024-04-08,2024-05-21,Course,4,26750.0,Cancelled,Medical,T00228,1,43,False,2023-24 (half),5,2024-05,False,
B001808,C01251,2024-04-28,2024-05-21,Discovery Dive,1,5350.0,Completed,,T00228,2,23,False,2023-24 (half),5,2024-05,False,5350.0
B001809,C01252,2024-04-06,2024-05-21,Discovery Dive,1,5150.0,Cancelled,Customer,T00228,3,45,False,2023-24 (half),5,2024-05,False,
B001810,C01253,2024-04-17,2024-05-21,Course,5,28700.0,Completed,,T00228,4,34,False,2023-24 (half),5,2024-05,False,28700.0
B001811,C01254,2024-04-29,2024-05-21,Discovery Dive,2,10300.0,Completed,,T00228,6,22,False,2023-24 (half),5,2024-05,False,10300.0
B001812,C01255,2024-04-22,2024-05-21,Fun Dive,2,7550.0,Completed,,T00228,7,29,False,2023-24 (half),5,2024-05,False,7550.0
B001813,C01256,2024-04-29,2024-05-21,Fun Dive,1,3600.0,Completed,,T00228,10,22,False,2023-24 (half),5,2024-05,False,3600.0
B001814,C01257,2024-05-13,2024-05-21,Fun Dive,2,,Completed,,T00228,11,8,True,2023-24 (half),5,2024-05,False,
B001815,C01258,2024-04-25,2024-05-22,Discovery Dive,1,5150.0,Cancelled,Weather,T00229,1,27,False,2023-24 (half),5,2024-05,False,
B001816,C01259,2024-04-20,2024-05-22,Fun Dive,4,14600.0,Completed,,T00229,2,32,False,2023-24 (half),5,2024-05,False,14600.0
B001817,C01260,2024-04-22,2024-05-22,Discovery Dive,1,5200.0,Completed,,T00229,3,30,False,2023-24 (half),5,2024-05,False,5200.0
B001818,C01199,2024-04-20,2024-05-22,Discovery Dive,1,5550.0,Completed,,T00229,4,32,False,2023-24 (half),5,2024-05,False,5550.0
B001819,C01261,2024-04-27,2024-05-22,Discovery Dive,1,5350.0,Completed,,T00229,5,25,False,2023-24 (half),5,2024-05,False,5350.0
B001820,C01262,2024-05-03,2024-05-22,Discovery Dive,1,5350.0,Completed,,T00229,6,19,False,2023-24 (half),5,2024-05,False,5350.0
B001821,C00703,2024-05-21,2024-05-22,Fun Dive,3,11400.0,Completed,,T00229,7,1,False,2023-24 (half),5,2024-05,False,11400.0
B001822,C01263,2024-04-10,2024-05-22,Course,5,29500.0,Cancelled,Customer,T00229,8,42,False,2023-24 (half),5,2024-05,False,
B001823,C01264,2024-04-11,2024-05-22,Discovery Dive,1,5350.0,Completed,,T00229,10,41,False,2023-24 (half),5,2024-05,False,5350.0
B001824,C01265,2024-05-15,2024-05-23,Course,5,27400.0,No-show,,T00230,1,8,False,2023-24 (half),5,2024-05,False,
B001825,C01266,2024-05-09,2024-05-23,Fun Dive,3,11600.0,Completed,,T00230,2,14,False,2023-24 (half),5,2024-05,False,11600.0
B001826,C01267,2024-05-23,2024-05-23,Fun Dive,3,11250.0,Completed,,T00230,3,0,False,2023-24 (half),5,2024-05,False,11250.0
B001827,C00920,2024-05-13,2024-05-23,Fun Dive,3,11700.0,Completed,,T00230,4,10,False,2023-24 (half),5,2024-05,False,11700.0
B001828,C01268,2024-04-30,2024-05-23,Fun Dive,1,3900.0,Completed,,T00230,5,23,False,2023-24 (half),5,2024-05,False,3900.0
B001829,C01269,2024-05-01,2024-05-23,Discovery Dive,1,5600.0,Completed,,T00230,8,22,False,2023-24 (half),5,2024-05,False,5600.0
B001830,C01022,2024-05-21,2024-05-23,Discovery Dive,1,5650.0,Completed,,T00230,9,2,False,2023-24 (half),5,2024-05,False,5650.0
B001831,C00549,2024-05-11,2024-05-23,Fun Dive,3,11950.0,No-show,,T00230,10,12,False,2023-24 (half),5,2024-05,False,
B001832,C01270,2024-04-29,2024-05-23,Fun Dive,1,4050.0,Completed,,T00230,11,24,False,2023-24 (half),5,2024-05,False,4050.0
B001833,C01249,2024-05-20,2024-05-23,Discovery Dive,1,5300.0,Completed,,T00230,12,3,False,2023-24 (half),5,2024-05,False,5300.0
B001834,C01271,2024-05-02,2024-05-24,Fun Dive,1,3950.0,Completed,,T00231,1,22,False,2023-24 (half),5,2024-05,False,3950.0
B001835,C01272,2024-05-18,2024-05-24,Discovery Dive,2,10750.0,Completed,,T00231,2,6,False,2023-24 (half),5,2024-05,False,10750.0
B001836,C01273,2024-04-23,2024-05-24,Course,4,26800.0,Completed,,T00231,3,31,False,2023-24 (half),5,2024-05,False,26800.0
B001837,C01274,2024-05-14,2024-05-24,Course,4,23900.0,Completed,,T00231,4,10,False,2023-24 (half),5,2024-05,False,23900.0
B001838,C00848,2024-05-11,2024-05-24,Fun Dive,4,14400.0,Completed,,T00231,6,13,False,2023-24 (half),5,2024-05,False,14400.0
B001839,C00894,2024-05-02,2024-05-24,Discovery Dive,1,5550.0,Completed,,T00231,8,22,False,2023-24 (half),5,2024-05,False,5550.0
B001840,C00567,2024-05-11,2024-05-24,Fun Dive,2,7850.0,Completed,,T00231,10,13,False,2023-24 (half),5,2024-05,False,7850.0
B001841,C01275,2024-05-17,2024-05-25,Fun Dive,4,15750.0,Completed,,T00232,1,8,False,2023-24 (half),5,2024-05,True,15750.0
B001842,C01276,2024-04-30,2024-05-25,Fun Dive,1,4000.0,Completed,,T00232,3,25,False,2023-24 (half),5,2024-05,True,4000.0
B001843,C01277,2024-05-03,2024-05-25,Discovery Dive,1,5300.0,Completed,,T00232,4,22,False,2023-24 (half),5,2024-05,True,5300.0
B001844,C00804,2024-05-11,2024-05-25,Course,5,27600.0,Completed,,T00232,5,14,False,2023-24 (half),5,2024-05,True,27600.0
B001845,C01278,2024-05-10,2024-05-25,Discovery Dive,2,10950.0,Completed,,T00232,7,15,False,2023-24 (half),5,2024-05,True,10950.0
B001846,C01279,2024-04-24,2024-05-25,Fun Dive,3,11700.0,Completed,,T00232,8,31,False,2023-24 (half),5,2024-05,True,11700.0
B001847,C01150,2024-05-23,2024-05-25,Fun Dive,4,14450.0,Completed,,T00232,9,2,False,2023-24 (half),5,2024-05,True,14450.0
B001848,C00157,2024-05-25,2024-05-25,Fun Dive,4,15250.0,Completed,,T00232,10,0,False,2023-24 (half),5,2024-05,True,15250.0
B001849,C01280,2024-05-02,2024-05-26,Fun Dive,1,3550.0,Completed,,T00233,2,24,False,2023-24 (half),5,2024-05,True,3550.0
B001850,C01281,2024-04-25,2024-05-26,Fun Dive,4,15250.0,Completed,,T00233,3,31,False,2023-24 (half),5,2024-05,True,15250.0
B001851,C01282,2024-05-16,2024-05-26,Discovery Dive,2,10250.0,Completed,,T00233,4,10,False,2023-24 (half),5,2024-05,True,10250.0
B001852,C01283,2024-04-15,2024-05-26,Discovery Dive,2,10400.0,Completed,,T00233,5,41,False,2023-24 (half),5,2024-05,True,10400.0
B001853,C00985,2024-05-17,2024-05-26,Fun Dive,1,4000.0,Completed,,T00233,7,9,False,2023-24 (half),5,2024-05,True,4000.0
B001854,C00834,2024-05-06,2024-05-27,Course,5,26400.0,Completed,,T00234,1,21,False,2023-24 (half),5,2024-05,False,26400.0
B001855,C01284,2024-04-14,2024-05-27,Fun Dive,1,3650.0,Completed,,T00234,3,43,False,2023-24 (half),5,2024-05,False,3650.0
B001856,C01285,2024-05-09,2024-05-27,Course,5,26450.0,Completed,,T00234,4,18,False,2023-24 (half),5,2024-05,False,26450.0
B001857,C00719,2024-05-07,2024-05-27,Fun Dive,4,14950.0,Completed,,T00234,5,20,False,2023-24 (half),5,2024-05,False,14950.0
B001858,C01286,2024-04-30,2024-05-27,Fun Dive,2,6900.0,Completed,,T00234,8,27,False,2023-24 (half),5,2024-05,False,6900.0
B001859,C01119,2024-05-23,2024-05-27,Fun Dive,2,7600.0,Completed,,T00234,9,4,False,2023-24 (half),5,2024-05,False,7600.0
B001860,C01278,2024-04-29,2024-05-27,Fun Dive,2,7050.0,Completed,,T00234,10,28,False,2023-24 (half),5,2024-05,False,7050.0
B001861,C01174,2024-05-26,2024-05-27,Discovery Dive,1,5100.0,Completed,,T00234,11,1,False,2023-24 (half),5,2024-05,False,5100.0
B001862,C01287,2024-05-14,2024-05-28,Fun Dive,3,12250.0,Completed,,T00235,1,14,False,2023-24 (half),5,2024-05,False,12250.0
B001863,C01288,2024-05-23,2024-05-28,Course,5,25600.0,Completed,,T00235,2,5,False,2023-24 (half),5,2024-05,False,25600.0
B001864,C01289,2024-05-28,2024-05-28,Fun Dive,1,3450.0,Completed,,T00235,3,0,False,2023-24 (half),5,2024-05,False,3450.0
B001865,C01290,2024-05-09,2024-05-28,Fun Dive,1,3700.0,Completed,,T00235,4,19,False,2023-24 (half),5,2024-05,False,3700.0
B001866,C00658,2024-05-27,2024-05-28,Course,4,25600.0,Completed,,T00235,6,1,False,2023-24 (half),5,2024-05,False,25600.0
B001867,C01291,2024-05-28,2024-05-28,Fun Dive,1,3500.0,Completed,,T00235,7,0,False,2023-24 (half),5,2024-05,False,3500.0
B001868,C01292,2024-05-12,2024-05-28,Fun Dive,2,7250.0,Completed,,T00235,8,16,False,2023-24 (half),5,2024-05,False,7250.0
B001869,C01293,2024-05-27,2024-05-28,Fun Dive,2,6950.0,Completed,,T00235,10,1,False,2023-24 (half),5,2024-05,False,6950.0
B001870,C01294,2024-05-13,2024-05-29,Course,4,26800.0,Completed,,T00236,1,16,False,2023-24 (half),5,2024-05,False,26800.0
B001871,C00719,2024-05-20,2024-05-29,Course,4,25950.0,Completed,,T00236,2,9,False,2023-24 (half),5,2024-05,False,25950.0
B001872,C00692,2024-04-27,2024-05-29,Fun Dive,3,11300.0,Completed,,T00236,5,32,False,2023-24 (half),5,2024-05,False,11300.0
B001873,C01295,2024-04-29,2024-05-29,Fun Dive,2,6950.0,Completed,,T00236,6,30,False,2023-24 (half),5,2024-05,False,6950.0
B001874,C01296,2024-05-13,2024-05-29,Fun Dive,1,3700.0,Completed,,T00236,7,16,False,2023-24 (half),5,2024-05,False,3700.0
B001875,C01297,2024-05-21,2024-05-29,Discovery Dive,1,5650.0,Completed,,T00236,8,8,False,2023-24 (half),5,2024-05,False,5650.0
B001876,C01298,2024-05-05,2024-05-29,Fun Dive,4,15600.0,Cancelled,Weather,T00236,9,24,False,2023-24 (half),5,2024-05,False,
B001877,C01299,2024-05-01,2024-05-30,Discovery Dive,1,5400.0,Completed,,T00237,1,29,False,2023-24 (half),5,2024-05,False,5400.0
B001878,C01300,2024-04-21,2024-05-30,Discovery Dive,1,5150.0,Completed,,T00237,3,39,False,2023-24 (half),5,2024-05,False,5150.0
B001879,C01301,2024-05-04,2024-05-30,Discovery Dive,1,5250.0,Completed,,T00237,4,26,False,2023-24 (half),5,2024-05,False,5250.0
B001880,C01302,2024-05-25,2024-05-30,Discovery Dive,1,5250.0,No-show,,T00237,5,5,False,2023-24 (half),5,2024-05,False,
B001881,C01303,2024-04-18,2024-05-30,Course,5,26150.0,Completed,,T00237,6,42,False,2023-24 (half),5,2024-05,False,26150.0
B001882,C00692,2024-05-17,2024-05-30,Course,5,26150.0,Completed,,T00237,7,13,False,2023-24 (half),5,2024-05,False,26150.0
B001883,C01304,2024-05-03,2024-05-30,Fun Dive,1,4050.0,Completed,,T00237,8,27,False,2023-24 (half),5,2024-05,False,4050.0
B001884,C01305,2024-05-27,2024-05-30,Discovery Dive,1,5650.0,Completed,,T00237,9,3,False,2023-24 (half),5,2024-05,False,5650.0
B001885,C00800,2024-04-24,2024-05-31,Fun Dive,1,3600.0,Completed,,T00238,2,37,False,2023-24 (half),5,2024-05,False,3600.0
B001886,C01306,2024-05-12,2024-05-31,Course,5,25650.0,Cancelled,Weather,T00238,3,19,False,2023-24 (half),5,2024-05,False,
B001887,C00689,2024-04-22,2024-05-31,Fun Dive,2,7250.0,Completed,,T00238,4,39,False,2023-24 (half),5,2024-05,False,7250.0
B001888,C00867,2024-05-12,2024-05-31,Fun Dive,2,7000.0,Completed,,T00238,5,19,False,2023-24 (half),5,2024-05,False,7000.0
B001889,C01073,2024-05-09,2024-05-31,Discovery Dive,1,5050.0,Completed,,T00238,6,22,False,2023-24 (half),5,2024-05,False,5050.0
B001890,C01274,2024-05-04,2024-05-31,Fun Dive,4,12700.0,Completed,,T00238,7,27,False,2023-24 (half),5,2024-05,False,12700.0
B001891,C00700,2024-05-13,2024-05-31,Fun Dive,1,3750.0,Completed,,T00238,8,18,False,2023-24 (half),5,2024-05,False,3750.0
B001892,C01307,2024-04-24,2024-06-01,Fun Dive,1,3800.0,Cancelled,Weather,T00239,3,38,False,2024-25,6,2024-06,True,
B001893,C01308,2024-04-28,2024-06-01,Course,4,24000.0,Cancelled,Weather,T00239,4,34,False,2024-25,6,2024-06,True,
B001894,C01309,2024-05-16,2024-06-01,Discovery Dive,1,4800.0,Cancelled,Weather,T00239,8,16,False,2024-25,6,2024-06,True,
B001895,C01310,2024-05-19,2024-06-01,Fun Dive,2,7800.0,Cancelled,Weather,T00239,10,13,False,2024-25,6,2024-06,True,
B001896,C01311,2024-05-06,2024-06-01,Fun Dive,3,8850.0,Cancelled,Weather,T00239,11,26,False,2024-25,6,2024-06,True,
B001897,C01312,2024-05-10,2024-06-05,Fun Dive,1,3450.0,Completed,,T00240,1,26,False,2024-25,6,2024-06,False,3450.0
B001898,C01313,2024-05-02,2024-06-05,Course,5,24900.0,Cancelled,Weather,T00240,3,34,False,2024-25,6,2024-06,False,
B001899,C01314,2024-06-07,2024-06-10,Course,5,27950.0,Completed,,T00241,2,3,False,2024-25,6,2024-06,False,27950.0
B001900,C01315,2024-05-16,2024-06-10,Fun Dive,2,6750.0,Completed,,T00241,9,25,False,2024-25,6,2024-06,False,6750.0
B001901,C01316,2024-05-04,2024-06-15,Fun Dive,2,7100.0,Cancelled,Weather,T00242,1,42,False,2024-25,6,2024-06,True,
B001902,C01317,2024-06-14,2024-06-15,Course,5,26000.0,Cancelled,Weather,T00242,7,1,False,2024-25,6,2024-06,True,
B001903,C01318,2024-05-28,2024-06-15,Course,4,25450.0,Cancelled,Weather,T00242,8,18,False,2024-25,6,2024-06,True,
B001904,C01319,2024-05-26,2024-06-15,Fun Dive,3,11000.0,Completed,,T00242,9,20,False,2024-25,6,2024-06,True,11000.0
B001905,C00713,2024-08-21,2024-09-18,Fun Dive,1,3850.0,No-show,,T00243,1,28,False,2024-25,9,2024-09,False,
B001906,C00987,2024-08-18,2024-09-18,Discovery Dive,1,5150.0,Cancelled,Weather,T00243,4,31,False,2024-25,9,2024-09,False,
B001907,C01320,2024-08-20,2024-09-18,Discovery Dive,2,10600.0,Cancelled,Weather,T00243,8,29,False,2024-25,9,2024-09,False,
B001908,C01321,2024-08-24,2024-09-18,Fun Dive,2,7000.0,Completed,,T00243,10,25,False,2024-25,9,2024-09,False,7000.0
B001909,C00593,2024-08-21,2024-09-19,Fun Dive,4,13450.0,Cancelled,Weather,T00244,1,29,False,2024-25,9,2024-09,False,
B001910,C01322,2024-09-16,2024-09-19,Fun Dive,4,12300.0,Cancelled,Weather,T00244,2,3,False,2024-25,9,2024-09,False,
B001911,C01323,2024-08-15,2024-09-19,Discovery Dive,1,4700.0,Cancelled,Weather,T00244,9,35,False,2024-25,9,2024-09,False,
B001912,C01324,2024-08-14,2024-09-19,Discovery Dive,2,10350.0,Completed,,T00244,10,36,False,2024-25,9,2024-09,False,10350.0
B001913,C01325,2024-08-21,2024-09-19,Course,5,24600.0,Cancelled,Weather,T00244,11,29,False,2024-25,9,2024-09,False,
B001914,C00550,2024-09-17,2024-09-20,Course,4,25200.0,Cancelled,Weather,T00245,1,3,False,2024-25,9,2024-09,False,
B001915,C01326,2024-09-09,2024-09-20,Fun Dive,1,3250.0,Cancelled,Weather,T00245,5,11,False,2024-25,9,2024-09,False,
B001916,C00240,2024-08-08,2024-09-20,Discovery Dive,1,5350.0,Cancelled,Weather,T00245,8,43,False,2024-25,9,2024-09,False,
B001917,C01327,2024-09-17,2024-09-21,Course,4,22550.0,Cancelled,Weather,T00246,2,4,False,2024-25,9,2024-09,True,
B001918,C01328,2024-08-28,2024-09-21,Course,4,25650.0,Completed,,T00246,4,24,False,2024-25,9,2024-09,True,25650.0
B001919,C00681,2024-09-16,2024-09-21,Discovery Dive,1,5000.0,Cancelled,Weather,T00246,5,5,False,2024-25,9,2024-09,True,
B001920,C01329,2024-09-04,2024-09-21,Fun Dive,3,10550.0,Completed,,T00246,7,17,False,2024-25,9,2024-09,True,10550.0
B001921,C01330,2024-09-15,2024-09-29,Discovery Dive,1,5200.0,Completed,,T00247,1,14,False,2024-25,9,2024-09,True,5200.0
B001922,C00679,2024-09-10,2024-09-29,Fun Dive,2,6300.0,Cancelled,Unknown,T00247,2,19,False,2024-25,9,2024-09,True,
B001923,C01331,2024-08-29,2024-09-29,Discovery Dive,1,5600.0,Cancelled,Weather,T00247,6,31,False,2024-25,9,2024-09,True,
B001924,C01003,2024-08-20,2024-09-29,Course,5,23700.0,Cancelled,Weather,T00247,9,40,False,2024-25,9,2024-09,True,
B001925,C01332,2024-08-29,2024-09-30,Fun Dive,1,3450.0,Completed,,T00248,1,32,False,2024-25,9,2024-09,False,3450.0
B001926,C01333,2024-08-22,2024-09-30,Course,4,21950.0,Cancelled,Unknown,T00248,2,39,False,2024-25,9,2024-09,False,
B001927,C01077,2024-09-14,2024-09-30,Discovery Dive,1,5000.0,Cancelled,Weather,T00248,3,16,False,2024-25,9,2024-09,False,
B001928,C01334,2024-08-17,2024-09-30,Course,4,24650.0,Cancelled,Weather,T00248,5,44,False,2024-25,9,2024-09,False,
B001929,C01335,2024-08-16,2024-09-30,Discovery Dive,1,4400.0,Cancelled,Customer,T00248,6,45,False,2024-25,9,2024-09,False,
B001930,C01336,2024-09-14,2024-10-01,Discovery Dive,1,4750.0,Completed,,T00249,1,17,False,2024-25,10,2024-10,False,4750.0
B001931,C00326,2024-09-05,2024-10-01,Discovery Dive,1,4500.0,Completed,,T00249,3,26,False,2024-25,10,2024-10,False,4500.0
B001932,C01337,2024-09-04,2024-10-01,Fun Dive,1,3100.0,Completed,,T00249,6,27,False,2024-25,10,2024-10,False,3100.0
B001933,C01338,2024-09-15,2024-10-01,Fun Dive,2,6750.0,Completed,,T00249,7,16,False,2024-25,10,2024-10,False,6750.0
B001934,C01339,2024-08-21,2024-10-01,Fun Dive,2,7050.0,Completed,,T00249,8,41,False,2024-25,10,2024-10,False,7050.0
B001935,C01340,2024-08-21,2024-10-01,Fun Dive,3,9550.0,Cancelled,Weather,T00249,9,41,False,2024-25,10,2024-10,False,
B001936,C01341,2024-09-17,2024-10-02,Discovery Dive,1,5500.0,Completed,,T00250,1,15,False,2024-25,10,2024-10,False,5500.0
B001937,C01342,2024-09-03,2024-10-02,Fun Dive,1,3750.0,Completed,,T00250,3,29,False,2024-25,10,2024-10,False,3750.0
B001938,C01343,2024-09-27,2024-10-02,Fun Dive,2,7900.0,Completed,,T00250,4,5,False,2024-25,10,2024-10,False,7900.0
B001939,C01344,2024-09-10,2024-10-02,Discovery Dive,1,4600.0,Completed,,T00250,7,22,False,2024-25,10,2024-10,False,4600.0
B001940,C01345,2024-09-10,2024-10-02,Fun Dive,4,15100.0,Completed,,T00250,8,22,False,2024-25,10,2024-10,False,15100.0
B001941,C01346,2024-08-21,2024-10-02,Fun Dive,2,7550.0,No-show,,T00250,9,42,False,2024-25,10,2024-10,False,
B001942,C01347,2024-09-01,2024-10-03,Discovery Dive,1,5400.0,Completed,,T00251,2,32,False,2024-25,10,2024-10,False,5400.0
B001943,C01348,2024-09-26,2024-10-03,Course,4,22350.0,Cancelled,Weather,T00251,3,7,False,2024-25,10,2024-10,False,
B001944,C01349,2024-09-17,2024-10-03,Discovery Dive,1,4450.0,Cancelled,Weather,T00251,4,16,False,2024-25,10,2024-10,False,
B001945,C01350,2024-09-13,2024-10-03,Course,5,27300.0,Completed,,T00251,5,20,False,2024-25,10,2024-10,False,27300.0
B001946,C01351,2024-09-17,2024-10-03,Fun Dive,1,4000.0,Completed,,T00251,6,16,False,2024-25,10,2024-10,False,4000.0
B001947,C01352,2024-09-21,2024-10-03,Fun Dive,2,5800.0,Cancelled,Weather,T00251,7,12,False,2024-25,10,2024-10,False,
B001948,C01090,2024-08-23,2024-10-03,Course,5,23850.0,Completed,,T00251,9,41,False,2024-25,10,2024-10,False,23850.0
B001949,C01353,2024-08-21,2024-10-03,Course,4,22850.0,Completed,,T00251,11,43,False,2024-25,10,2024-10,False,22850.0
B001950,C01354,2024-09-02,2024-10-03,Fun Dive,1,3950.0,Completed,,T00251,12,31,False,2024-25,10,2024-10,False,3950.0
B001951,C01355,2024-09-01,2024-10-04,Discovery Dive,1,5250.0,Completed,,T00252,1,33,False,2024-25,10,2024-10,False,5250.0
B001952,C01356,2024-08-27,2024-10-04,Discovery Dive,2,9350.0,Completed,,T00252,2,38,False,2024-25,10,2024-10,False,9350.0
B001953,C01357,2024-09-18,2024-10-04,Fun Dive,1,3300.0,Completed,,T00252,3,16,False,2024-25,10,2024-10,False,3300.0
B001954,C01014,2024-08-27,2024-10-04,Fun Dive,3,10650.0,Completed,,T00252,4,38,False,2024-25,10,2024-10,False,10650.0
B001955,C01358,2024-08-23,2024-10-04,Discovery Dive,2,10750.0,Completed,,T00252,5,42,False,2024-25,10,2024-10,False,10750.0
B001956,C01359,2024-10-03,2024-10-04,Discovery Dive,2,8300.0,Completed,,T00252,6,1,False,2024-25,10,2024-10,False,8300.0
B001957,C01360,2024-10-04,2024-10-04,Fun Dive,3,10100.0,Completed,,T00252,8,0,False,2024-25,10,2024-10,False,10100.0
B001958,C01361,2024-09-01,2024-10-04,Discovery Dive,1,4750.0,Cancelled,Unknown,T00252,10,33,False,2024-25,10,2024-10,False,
B001959,C01362,2024-09-20,2024-10-04,Course,5,25750.0,Completed,,T00252,11,14,False,2024-25,10,2024-10,False,25750.0
B001960,C01119,2024-08-28,2024-10-04,Fun Dive,4,15350.0,Cancelled,Medical,T00252,12,37,False,2024-25,10,2024-10,False,
B001961,C01033,2024-08-23,2024-10-05,Course,5,25250.0,Cancelled,Weather,T00253,1,43,False,2024-25,10,2024-10,True,
B001962,C01016,2024-10-01,2024-10-05,Course,5,26500.0,Cancelled,Weather,T00253,4,4,False,2024-25,10,2024-10,True,
B001963,C01092,2024-09-26,2024-10-05,Fun Dive,2,7600.0,Completed,,T00253,5,9,False,2024-25,10,2024-10,True,7600.0
B001964,C01363,2024-09-14,2024-10-05,Discovery Dive,1,4400.0,Completed,,T00253,7,21,False,2024-25,10,2024-10,True,4400.0
B001965,C00443,2024-09-02,2024-10-05,Fun Dive,4,15400.0,Cancelled,Customer,T00253,8,33,False,2024-25,10,2024-10,True,
B001966,C01364,2024-09-29,2024-10-05,Fun Dive,2,7650.0,Cancelled,Weather,T00253,9,6,False,2024-25,10,2024-10,True,
B001967,C00781,2024-09-17,2024-10-06,Fun Dive,3,9850.0,Completed,,T00254,1,19,False,2024-25,10,2024-10,True,9850.0
B001968,C01365,2024-09-02,2024-10-06,Course,5,24450.0,Completed,,T00254,2,34,False,2024-25,10,2024-10,True,24450.0
B001969,C01366,2024-10-06,2024-10-06,Course,4,26000.0,Cancelled,Weather,T00254,5,0,False,2024-25,10,2024-10,True,
B001970,C01367,2024-09-13,2024-10-06,Course,4,24800.0,Cancelled,Weather,T00254,6,23,False,2024-25,10,2024-10,True,
B001971,C01368,2024-10-02,2024-10-06,Fun Dive,4,11950.0,Cancelled,Weather,T00254,7,4,False,2024-25,10,2024-10,True,
B001972,C00476,2024-09-05,2024-10-06,Fun Dive,4,14850.0,Completed,,T00254,8,31,False,2024-25,10,2024-10,True,14850.0
B001973,C01369,2024-09-06,2024-10-06,Fun Dive,1,3700.0,Cancelled,Weather,T00254,9,30,False,2024-25,10,2024-10,True,
B001974,C01370,2024-09-07,2024-10-06,Discovery Dive,1,5050.0,Completed,,T00254,10,29,False,2024-25,10,2024-10,True,5050.0
B001975,C01330,2024-10-06,2024-10-06,Discovery Dive,1,5350.0,Completed,,T00255,2,0,False,2024-25,10,2024-10,True,5350.0
B001976,C01278,2024-09-03,2024-10-06,Discovery Dive,1,5250.0,Completed,,T00255,3,33,False,2024-25,10,2024-10,True,5250.0
B001977,C01371,2024-09-03,2024-10-06,Fun Dive,4,15900.0,Completed,,T00255,4,33,False,2024-25,10,2024-10,True,15900.0
B001978,C01372,2024-09-30,2024-10-06,Course,5,26750.0,Cancelled,Weather,T00255,5,6,False,2024-25,10,2024-10,True,
B001979,C01373,2024-09-21,2024-10-06,Discovery Dive,1,5500.0,Completed,,T00255,6,15,False,2024-25,10,2024-10,True,5500.0
B001980,C01374,2024-09-12,2024-10-06,Fun Dive,3,10250.0,Cancelled,Weather,T00255,10,24,False,2024-25,10,2024-10,True,
B001981,C00862,2024-08-31,2024-10-06,Fun Dive,3,11100.0,Completed,,T00255,11,36,False,2024-25,10,2024-10,True,11100.0
B001982,C00259,2024-08-30,2024-10-06,Fun Dive,2,6450.0,Cancelled,Customer,T00255,12,37,False,2024-25,10,2024-10,True,
B001983,C01375,2024-09-14,2024-10-07,Fun Dive,3,10750.0,Completed,,T00256,1,23,False,2024-25,10,2024-10,False,10750.0
B001984,C01376,2024-09-04,2024-10-07,Discovery Dive,1,5750.0,Completed,,T00256,2,33,False,2024-25,10,2024-10,False,5750.0
B001985,C00866,2024-09-11,2024-10-07,Fun Dive,1,3250.0,No-show,,T00256,3,26,False,2024-25,10,2024-10,False,
B001986,C01377,2024-09-23,2024-10-07,Fun Dive,2,7200.0,Completed,,T00256,4,14,False,2024-25,10,2024-10,False,7200.0
B001987,C01378,2024-10-05,2024-10-07,Discovery Dive,1,5050.0,Completed,,T00256,5,2,False,2024-25,10,2024-10,False,5050.0
B001988,C01379,2024-10-06,2024-10-07,Course,5,25350.0,Cancelled,Customer,T00256,6,1,False,2024-25,10,2024-10,False,
B001989,C01380,2024-08-31,2024-10-08,Course,4,27850.0,Cancelled,Unknown,T00257,1,38,False,2024-25,10,2024-10,False,
B001990,C00740,2024-09-27,2024-10-08,Fun Dive,3,10450.0,Completed,,T00257,2,11,False,2024-25,10,2024-10,False,10450.0
B001991,C01381,2024-08-25,2024-10-08,Discovery Dive,1,5400.0,Cancelled,Customer,T00257,3,44,False,2024-25,10,2024-10,False,
B001992,C01382,2024-09-07,2024-10-08,Fun Dive,1,3900.0,Completed,,T00257,5,31,False,2024-25,10,2024-10,False,3900.0
B001993,C01383,2024-08-29,2024-10-08,Fun Dive,4,14850.0,Cancelled,Medical,T00257,6,40,False,2024-25,10,2024-10,False,
B001994,C01384,2024-08-26,2024-10-08,Fun Dive,1,3900.0,Completed,,T00257,7,43,False,2024-25,10,2024-10,False,3900.0
B001995,C01248,2024-09-02,2024-10-08,Course,4,20450.0,No-show,,T00257,9,36,False,2024-25,10,2024-10,False,
B001996,C01385,2024-08-31,2024-10-08,Fun Dive,1,3250.0,Completed,,T00257,10,38,False,2024-25,10,2024-10,False,3250.0
B001997,C01386,2024-08-28,2024-10-08,Course,4,20500.0,Completed,,T00257,11,41,False,2024-25,10,2024-10,False,20500.0
B001998,C00021,2024-09-18,2024-10-09,Fun Dive,1,2850.0,Completed,,T00258,1,21,False,2024-25,10,2024-10,False,2850.0
B001999,C01387,2024-10-06,2024-10-09,Course,4,26450.0,Completed,,T00258,3,3,False,2024-25,10,2024-10,False,26450.0
B002000,C01388,2024-09-19,2024-10-09,Discovery Dive,1,4100.0,Completed,,T00258,4,20,False,2024-25,10,2024-10,False,4100.0
B002001,C01389,2024-08-28,2024-10-09,Discovery Dive,1,4950.0,Completed,,T00258,5,42,False,2024-25,10,2024-10,False,4950.0
B002002,C01390,2024-09-04,2024-10-09,Discovery Dive,2,10950.0,Completed,,T00258,6,35,False,2024-25,10,2024-10,False,10950.0
B002003,C01252,2024-09-05,2024-10-09,Fun Dive,2,7900.0,Cancelled,Medical,T00258,7,34,False,2024-25,10,2024-10,False,
B002004,C01391,2024-10-06,2024-10-09,Fun Dive,2,6400.0,Completed,,T00258,8,3,False,2024-25,10,2024-10,False,6400.0
B002005,C01392,2024-09-04,2024-10-10,Course,5,22850.0,Completed,,T00259,1,36,False,2024-25,10,2024-10,False,22850.0
B002006,C01393,2024-09-07,2024-10-10,Discovery Dive,1,5300.0,Completed,,T00259,2,33,False,2024-25,10,2024-10,False,5300.0
B002007,C01394,2024-09-18,2024-10-10,Discovery Dive,1,5200.0,Completed,,T00259,3,22,False,2024-25,10,2024-10,False,5200.0
B002008,C01395,2024-09-09,2024-10-10,Fun Dive,3,10250.0,Completed,,T00259,4,31,False,2024-25,10,2024-10,False,10250.0
B002009,C01396,2024-09-20,2024-10-10,Fun Dive,2,8000.0,Completed,,T00259,5,20,False,2024-25,10,2024-10,False,8000.0
B002010,C01056,2024-09-12,2024-10-10,Discovery Dive,1,5050.0,Completed,,T00259,7,28,False,2024-25,10,2024-10,False,5050.0
B002011,C01397,2024-09-11,2024-10-10,Fun Dive,2,7150.0,Completed,,T00259,8,29,False,2024-25,10,2024-10,False,7150.0
B002012,C00657,2024-08-26,2024-10-10,Fun Dive,1,3500.0,Completed,,T00259,9,45,False,2024-25,10,2024-10,False,3500.0
B002013,C01398,2024-09-18,2024-10-10,Course,5,24900.0,Completed,,T00259,11,22,False,2024-25,10,2024-10,False,24900.0
B002014,C01399,2024-09-05,2024-10-10,Fun Dive,2,7150.0,Completed,,T00259,12,35,False,2024-25,10,2024-10,False,7150.0
B002015,C01400,2024-09-12,2024-10-11,Fun Dive,1,3450.0,Completed,,T00260,1,29,False,2024-25,10,2024-10,False,3450.0
B002016,C01129,2024-10-11,2024-10-11,Course,4,24700.0,Cancelled,Customer,T00260,3,0,False,2024-25,10,2024-10,False,
B002017,C01357,2024-09-25,2024-10-11,Fun Dive,2,7250.0,Completed,,T00260,5,16,False,2024-25,10,2024-10,False,7250.0
B002018,C01401,2024-10-09,2024-10-11,Fun Dive,3,8750.0,Completed,,T00260,6,2,False,2024-25,10,2024-10,False,8750.0
B002019,C01402,2024-08-28,2024-10-11,Course,4,28950.0,Completed,,T00260,7,44,False,2024-25,10,2024-10,False,28950.0
B002020,C01403,2024-09-30,2024-10-11,Course,5,23750.0,Completed,,T00260,8,11,False,2024-25,10,2024-10,False,23750.0
B002021,C01404,2024-08-29,2024-10-11,Discovery Dive,1,4150.0,Completed,,T00260,9,43,False,2024-25,10,2024-10,False,4150.0
B002022,C00159,2024-10-02,2024-10-12,Fun Dive,2,7600.0,Completed,,T00261,1,10,False,2024-25,10,2024-10,True,7600.0
B002023,C01405,2024-09-16,2024-10-12,Course,4,21950.0,No-show,,T00261,2,26,False,2024-25,10,2024-10,True,
B002024,C01406,2024-08-30,2024-10-12,Fun Dive,1,3800.0,Completed,,T00261,3,43,False,2024-25,10,2024-10,True,3800.0
B002025,C01407,2024-08-29,2024-10-12,Fun Dive,2,6150.0,Completed,,T00261,4,44,False,2024-25,10,2024-10,True,6150.0
B002026,C01408,2024-09-09,2024-10-12,Fun Dive,2,7600.0,Completed,,T00261,5,33,False,2024-25,10,2024-10,True,7600.0
B002027,C01409,2024-10-07,2024-10-12,Fun Dive,3,11350.0,Completed,,T00261,6,5,False,2024-25,10,2024-10,True,11350.0
B002028,C01410,2024-09-03,2024-10-12,Discovery Dive,1,5450.0,Completed,,T00261,7,39,False,2024-25,10,2024-10,True,5450.0
B002029,C01411,2024-10-12,2024-10-12,Fun Dive,1,3500.0,Cancelled,Medical,T00261,8,0,False,2024-25,10,2024-10,True,
B002030,C01412,2024-10-08,2024-10-12,Discovery Dive,1,5150.0,Completed,,T00261,9,4,False,2024-25,10,2024-10,True,5150.0
B002031,C01413,2024-09-27,2024-10-13,Discovery Dive,2,8600.0,Completed,,T00262,1,16,False,2024-25,10,2024-10,True,8600.0
B002032,C01414,2024-08-31,2024-10-13,Discovery Dive,1,4900.0,Completed,,T00262,2,43,False,2024-25,10,2024-10,True,4900.0
B002033,C01415,2024-10-10,2024-10-13,Course,4,27200.0,Completed,,T00262,3,3,False,2024-25,10,2024-10,True,27200.0
B002034,C01416,2024-09-08,2024-10-13,Fun Dive,2,6900.0,Completed,,T00262,5,35,False,2024-25,10,2024-10,True,6900.0
B002035,C01417,2024-09-19,2024-10-13,Discovery Dive,1,4900.0,Completed,,T00262,6,24,False,2024-25,10,2024-10,True,4900.0
B002036,C01418,2024-09-01,2024-10-13,Fun Dive,4,12800.0,Cancelled,Customer,T00262,7,42,False,2024-25,10,2024-10,True,
B002037,C01419,2024-09-24,2024-10-13,Course,4,25300.0,Completed,,T00263,3,19,False,2024-25,10,2024-10,True,25300.0
B002038,C01420,2024-09-02,2024-10-13,Fun Dive,1,3700.0,Cancelled,Customer,T00263,4,41,False,2024-25,10,2024-10,True,
B002039,C01421,2024-09-05,2024-10-13,Discovery Dive,2,9000.0,Completed,,T00263,5,38,False,2024-25,10,2024-10,True,9000.0
B002040,C01422,2024-09-13,2024-10-13,Fun Dive,4,12850.0,Completed,,T00263,6,30,False,2024-25,10,2024-10,True,12850.0
B002041,C01423,2024-09-30,2024-10-13,Course,4,23300.0,Completed,,T00263,7,13,False,2024-25,10,2024-10,True,23300.0
B002042,C00840,2024-09-27,2024-10-13,Course,5,26600.0,No-show,,T00263,8,16,False,2024-25,10,2024-10,True,
B002043,C01424,2024-10-09,2024-10-13,Discovery Dive,1,4850.0,Completed,,T00263,9,4,False,2024-25,10,2024-10,True,4850.0
B002044,C01425,2024-10-11,2024-10-13,Fun Dive,2,7450.0,Completed,,T00263,10,2,False,2024-25,10,2024-10,True,7450.0
B002045,C01426,2024-10-08,2024-10-13,Discovery Dive,1,5450.0,Cancelled,Customer,T00263,11,5,False,2024-25,10,2024-10,True,
B002046,C01427,2024-10-10,2024-10-14,Course,4,21800.0,Cancelled,Weather,T00264,2,4,False,2024-25,10,2024-10,False,
B002047,C01428,2024-09-18,2024-10-14,Fun Dive,1,3750.0,Completed,,T00264,3,26,False,2024-25,10,2024-10,False,3750.0
B002048,C01429,2024-09-04,2024-10-14,Fun Dive,1,3900.0,Completed,,T00264,4,40,False,2024-25,10,2024-10,False,3900.0
B002049,C01430,2024-09-28,2024-10-14,Fun Dive,3,11450.0,Completed,,T00264,6,16,False,2024-25,10,2024-10,False,11450.0
B002050,C01431,2024-10-08,2024-10-14,Discovery Dive,1,5050.0,Cancelled,Customer,T00264,8,6,False,2024-25,10,2024-10,False,
B002051,C00633,2024-09-06,2024-10-14,Fun Dive,1,3550.0,Completed,,T00264,9,38,False,2024-25,10,2024-10,False,3550.0
B002052,C01432,2024-10-02,2024-10-14,Fun Dive,2,6950.0,Completed,,T00264,10,12,False,2024-25,10,2024-10,False,6950.0
B002053,C01433,2024-09-25,2024-10-14,Fun Dive,4,15200.0,Completed,,T00264,11,19,False,2024-25,10,2024-10,False,15200.0
B002054,C01434,2024-09-09,2024-10-14,Fun Dive,1,3050.0,Completed,,T00264,12,35,False,2024-25,10,2024-10,False,3050.0
B002055,C01435,2024-09-19,2024-10-15,Discovery Dive,1,4750.0,Completed,,T00265,2,26,False,2024-25,10,2024-10,False,4750.0
B002056,C01436,2024-09-24,2024-10-15,Course,5,28450.0,No-show,,T00265,3,21,False,2024-25,10,2024-10,False,
B002057,C01437,2024-09-28,2024-10-15,Fun Dive,1,2900.0,Completed,,T00265,5,17,False,2024-25,10,2024-10,False,2900.0
B002058,C01438,2024-09-06,2024-10-15,Fun Dive,1,3800.0,Completed,,T00265,6,39,False,2024-25,10,2024-10,False,3800.0
B002059,C01439,2024-09-11,2024-10-15,Course,4,21650.0,Completed,,T00265,7,34,False,2024-25,10,2024-10,False,21650.0
B002060,C01440,2024-09-21,2024-10-15,Course,4,26900.0,No-show,,T00265,8,24,False,2024-25,10,2024-10,False,
B002061,C01441,2024-09-16,2024-10-15,Fun Dive,1,3700.0,Completed,,T00265,9,29,False,2024-25,10,2024-10,False,3700.0
B002062,C01442,2024-09-23,2024-10-16,Course,5,26500.0,Completed,,T00266,1,23,False,2024-25,10,2024-10,False,26500.0
B002063,C01443,2024-09-06,2024-10-16,Discovery Dive,1,4450.0,Completed,,T00266,2,40,False,2024-25,10,2024-10,False,4450.0
B002064,C01444,2024-09-24,2024-10-16,Fun Dive,2,6700.0,Cancelled,Customer,T00266,4,22,False,2024-25,10,2024-10,False,
B002065,C00942,2024-10-10,2024-10-16,Fun Dive,1,3550.0,Completed,,T00266,7,6,False,2024-25,10,2024-10,False,3550.0
B002066,C00812,2024-10-01,2024-10-16,Course,5,23100.0,Completed,,T00266,8,15,False,2024-25,10,2024-10,False,23100.0
B002067,C01445,2024-09-17,2024-10-16,Fun Dive,3,10500.0,Completed,,T00266,9,29,False,2024-25,10,2024-10,False,10500.0
B002068,C01058,2024-09-17,2024-10-16,Course,5,27700.0,Completed,,T00266,10,29,False,2024-25,10,2024-10,False,27700.0
B002069,C00045,2024-09-21,2024-10-17,Fun Dive,4,14950.0,Completed,,T00267,2,26,False,2024-25,10,2024-10,False,14950.0
B002070,C01446,2024-10-03,2024-10-17,Fun Dive,2,7300.0,Completed,,T00267,3,14,False,2024-25,10,2024-10,False,7300.0
B002071,C00876,2024-10-16,2024-10-17,Fun Dive,4,12500.0,Completed,,T00267,4,1,False,2024-25,10,2024-10,False,12500.0
B002072,C01447,2024-09-16,2024-10-17,Fun Dive,1,3400.0,Completed,,T00267,5,31,False,2024-25,10,2024-10,False,3400.0
B002073,C01305,2024-09-15,2024-10-17,Fun Dive,3,10900.0,Completed,,T00267,6,32,False,2024-25,10,2024-10,False,10900.0
B002074,C01241,2024-09-15,2024-10-17,Fun Dive,4,15200.0,Completed,,T00267,7,32,False,2024-25,10,2024-10,False,15200.0
B002075,C00055,2024-10-04,2024-10-17,Fun Dive,2,6750.0,Completed,,T00267,8,13,False,2024-25,10,2024-10,False,6750.0
B002076,C01448,2024-09-13,2024-10-17,Discovery Dive,1,5400.0,Completed,,T00267,9,34,False,2024-25,10,2024-10,False,5400.0
B002077,C00782,2024-09-17,2024-10-17,Fun Dive,1,3300.0,Completed,,T00267,10,30,False,2024-25,10,2024-10,False,3300.0
B002078,C01449,2024-10-02,2024-10-18,Discovery Dive,2,8700.0,Completed,,T00268,1,16,False,2024-25,10,2024-10,False,8700.0
B002079,C01450,2024-10-03,2024-10-18,Fun Dive,2,6750.0,Completed,,T00268,3,15,False,2024-25,10,2024-10,False,6750.0
B002080,C01451,2024-10-04,2024-10-18,Fun Dive,2,7250.0,Completed,,T00268,5,14,False,2024-25,10,2024-10,False,7250.0
B002081,C01443,2024-10-10,2024-10-18,Discovery Dive,1,4300.0,Completed,,T00268,7,8,False,2024-25,10,2024-10,False,4300.0
B002082,C01452,2024-09-07,2024-10-18,Fun Dive,2,7000.0,Completed,,T00268,8,41,False,2024-25,10,2024-10,False,7000.0
B002083,C01453,2024-10-14,2024-10-18,Discovery Dive,1,5400.0,Cancelled,Customer,T00268,9,4,False,2024-25,10,2024-10,False,
B002084,C01454,2024-10-17,2024-10-18,Fun Dive,4,13400.0,Completed,,T00268,11,1,False,2024-25,10,2024-10,False,13400.0
B002085,C00536,2024-10-16,2024-10-18,Fun Dive,2,7500.0,Completed,,T00268,12,2,False,2024-25,10,2024-10,False,7500.0
B002086,C01455,2024-10-19,2024-10-19,Fun Dive,3,9500.0,Completed,,T00269,3,0,False,2024-25,10,2024-10,True,9500.0
B002087,C00813,2024-09-08,2024-10-19,Fun Dive,2,7100.0,Completed,,T00269,4,41,False,2024-25,10,2024-10,True,7100.0
B002088,C01456,2024-10-02,2024-10-19,Fun Dive,2,7950.0,Completed,,T00269,5,17,False,2024-25,10,2024-10,True,7950.0
B002089,C01457,2024-09-25,2024-10-19,Fun Dive,3,10200.0,Completed,,T00269,6,24,False,2024-25,10,2024-10,True,10200.0
B002090,C01458,2024-09-24,2024-10-19,Discovery Dive,1,4950.0,Completed,,T00269,7,25,False,2024-25,10,2024-10,True,4950.0
B002091,C01459,2024-09-10,2024-10-19,Course,5,23700.0,Completed,,T00269,9,39,False,2024-25,10,2024-10,True,23700.0
B002092,C01460,2024-10-09,2024-10-19,Fun Dive,1,3950.0,Completed,,T00269,10,10,False,2024-25,10,2024-10,True,3950.0
B002093,C01461,2024-10-18,2024-10-19,Discovery Dive,1,4200.0,Cancelled,Weather,T00269,11,1,False,2024-25,10,2024-10,True,
B002094,C01462,2024-10-12,2024-10-20,Fun Dive,2,5650.0,Cancelled,Customer,T00270,2,8,False,2024-25,10,2024-10,True,
B002095,C01463,2024-09-11,2024-10-20,Discovery Dive,2,8600.0,Completed,,T00270,3,39,False,2024-25,10,2024-10,True,8600.0
B002096,C01464,2024-09-05,2024-10-20,Fun Dive,2,6500.0,Cancelled,Unknown,T00270,4,45,False,2024-25,10,2024-10,True,
B002097,C01465,2024-10-05,2024-10-20,Discovery Dive,1,4650.0,Completed,,T00270,5,15,False,2024-25,10,2024-10,True,4650.0
B002098,C01466,2024-09-08,2024-10-20,Fun Dive,2,7750.0,Completed,,T00270,6,42,False,2024-25,10,2024-10,True,7750.0
B002099,C00193,2024-10-05,2024-10-20,Fun Dive,1,3000.0,Completed,,T00270,7,15,False,2024-25,10,2024-10,True,3000.0
B002100,C01187,2024-09-29,2024-10-20,Fun Dive,2,5900.0,Cancelled,Customer,T00270,8,21,False,2024-25,10,2024-10,True,
B002101,C01467,2024-09-30,2024-10-20,Discovery Dive,1,5500.0,Completed,,T00270,10,20,False,2024-25,10,2024-10,True,5500.0
B002102,C01468,2024-09-23,2024-10-21,Fun Dive,4,14900.0,Completed,,T00271,1,28,False,2024-25,10,2024-10,False,14900.0
B002103,C01469,2024-09-18,2024-10-21,Fun Dive,2,6750.0,Completed,,T00271,2,33,False,2024-25,10,2024-10,False,6750.0
B002104,C01470,2024-10-20,2024-10-21,Fun Dive,3,9650.0,Cancelled,Weather,T00271,3,1,False,2024-25,10,2024-10,False,
B002105,C01089,2024-09-23,2024-10-21,Fun Dive,1,3250.0,Completed,,T00271,4,28,False,2024-25,10,2024-10,False,3250.0
B002106,C01471,2024-10-05,2024-10-21,Fun Dive,2,6500.0,Cancelled,Customer,T00271,5,16,False,2024-25,10,2024-10,False,
B002107,C01439,2024-10-10,2024-10-21,Fun Dive,2,6400.0,Cancelled,Weather,T00271,8,11,False,2024-25,10,2024-10,False,
B002108,C01472,2024-09-11,2024-10-21,Discovery Dive,1,4850.0,Cancelled,Unknown,T00271,9,40,False,2024-25,10,2024-10,False,
B002109,C01473,2024-09-20,2024-10-21,Discovery Dive,1,5150.0,Completed,,T00271,10,31,False,2024-25,10,2024-10,False,5150.0
B002110,C00181,2024-10-15,2024-10-21,Discovery Dive,1,5400.0,Completed,,T00271,11,6,False,2024-25,10,2024-10,False,5400.0
B002111,C01413,2024-10-20,2024-10-22,Fun Dive,1,3100.0,Completed,,T00272,1,2,False,2024-25,10,2024-10,False,3100.0
B002112,C00792,2024-09-14,2024-10-22,Fun Dive,2,6900.0,Completed,,T00272,2,38,False,2024-25,10,2024-10,False,6900.0
B002113,C01273,2024-09-10,2024-10-22,Fun Dive,1,3550.0,Completed,,T00272,3,42,False,2024-25,10,2024-10,False,3550.0
B002114,C01474,2024-09-21,2024-10-22,Discovery Dive,1,4100.0,Completed,,T00272,5,31,False,2024-25,10,2024-10,False,4100.0
B002115,C01475,2024-09-26,2024-10-22,Course,4,20800.0,No-show,,T00272,6,26,False,2024-25,10,2024-10,False,
B002116,C01476,2024-09-16,2024-10-22,Discovery Dive,1,4750.0,Completed,,T00272,7,36,False,2024-25,10,2024-10,False,4750.0
B002117,C01477,2024-10-13,2024-10-22,Discovery Dive,1,5450.0,Completed,,T00272,8,9,False,2024-25,10,2024-10,False,5450.0
B002118,C01478,2024-09-08,2024-10-22,Discovery Dive,1,4300.0,Cancelled,Customer,T00272,9,44,False,2024-25,10,2024-10,False,
B002119,C01479,2024-09-27,2024-10-23,Fun Dive,4,13900.0,Cancelled,Weather,T00273,2,26,False,2024-25,10,2024-10,False,
B002120,C01221,2024-09-18,2024-10-23,Fun Dive,2,7750.0,Cancelled,Weather,T00273,3,35,False,2024-25,10,2024-10,False,
B002121,C01480,2024-10-03,2024-10-23,Discovery Dive,1,5600.0,Cancelled,Weather,T00273,6,20,False,2024-25,10,2024-10,False,
B002122,C01481,2024-09-20,2024-10-23,Fun Dive,1,3550.0,Completed,,T00273,8,33,False,2024-25,10,2024-10,False,3550.0
B002123,C01482,2024-10-13,2024-10-23,Fun Dive,4,15300.0,Completed,,T00273,9,10,False,2024-25,10,2024-10,False,15300.0
B002124,C01483,2024-10-11,2024-10-23,Course,4,28000.0,Completed,,T00273,10,12,False,2024-25,10,2024-10,False,28000.0
B002125,C01133,2024-09-12,2024-10-23,Fun Dive,3,11550.0,Cancelled,Weather,T00273,11,41,False,2024-25,10,2024-10,False,
B002126,C01484,2024-10-23,2024-10-23,Fun Dive,3,9150.0,Cancelled,Weather,T00273,12,0,False,2024-25,10,2024-10,False,
B002127,C01485,2024-09-11,2024-10-23,Fun Dive,2,6850.0,Completed,,T00274,2,42,False,2024-25,10,2024-10,False,6850.0
B002128,C01486,2024-09-12,2024-10-23,Fun Dive,4,13700.0,Completed,,T00274,3,41,False,2024-25,10,2024-10,False,13700.0
B002129,C01487,2024-10-15,2024-10-23,Fun Dive,3,8500.0,Cancelled,Customer,T00274,4,8,False,2024-25,10,2024-10,False,
B002130,C01488,2024-09-30,2024-10-23,Discovery Dive,2,10850.0,No-show,,T00274,5,23,False,2024-25,10,2024-10,False,
B002131,C00823,2024-09-12,2024-10-23,Fun Dive,2,7150.0,Completed,,T00274,7,41,False,2024-25,10,2024-10,False,7150.0
B002132,C01489,2024-10-23,2024-10-23,Discovery Dive,1,4300.0,Completed,,T00274,8,0,False,2024-25,10,2024-10,False,4300.0
B002133,C01490,2024-10-05,2024-10-23,Course,4,24350.0,Cancelled,Weather,T00274,9,18,False,2024-25,10,2024-10,False,
B002134,C01491,2024-09-18,2024-10-23,Fun Dive,1,3500.0,Completed,,T00274,10,35,False,2024-25,10,2024-10,False,3500.0
B002135,C00733,2024-10-22,2024-10-23,Fun Dive,1,3400.0,Cancelled,Customer,T00274,11,1,False,2024-25,10,2024-10,False,
B002136,C01492,2024-10-24,2024-10-24,Course,4,22550.0,Cancelled,Medical,T00275,1,0,False,2024-25,10,2024-10,False,
B002137,C01493,2024-10-23,2024-10-24,Discovery Dive,1,5650.0,Completed,,T00275,2,1,False,2024-25,10,2024-10,False,5650.0
B002138,C01494,2024-09-17,2024-10-24,Discovery Dive,1,4450.0,Completed,,T00275,3,37,False,2024-25,10,2024-10,False,4450.0
B002139,C00812,2024-09-17,2024-10-24,Course,5,24700.0,Completed,,T00275,5,37,False,2024-25,10,2024-10,False,24700.0
B002140,C01495,2024-09-14,2024-10-24,Discovery Dive,1,5350.0,Completed,,T00275,6,40,False,2024-25,10,2024-10,False,5350.0
B002141,C01496,2024-09-30,2024-10-24,Fun Dive,2,7250.0,Completed,,T00275,8,24,False,2024-25,10,2024-10,False,7250.0
B002142,C00414,2024-10-02,2024-10-24,Fun Dive,1,3500.0,Completed,,T00275,9,22,False,2024-25,10,2024-10,False,3500.0
B002143,C01497,2024-10-16,2024-10-24,Course,4,27350.0,Completed,,T00275,10,8,False,2024-25,10,2024-10,False,27350.0
B002144,C01279,2024-10-12,2024-10-25,Fun Dive,3,11900.0,Completed,,T00276,1,13,False,2024-25,10,2024-10,False,11900.0
B002145,C01295,2024-09-24,2024-10-25,Fun Dive,4,13450.0,Completed,,T00276,2,31,False,2024-25,10,2024-10,False,13450.0
B002146,C01045,2024-09-15,2024-10-25,Fun Dive,1,3400.0,No-show,,T00276,4,40,False,2024-25,10,2024-10,False,
B002147,C01498,2024-10-02,2024-10-25,Fun Dive,4,11800.0,Completed,,T00276,5,23,False,2024-25,10,2024-10,False,11800.0
B002148,C01499,2024-10-18,2024-10-25,Course,4,26050.0,Completed,,T00276,6,7,False,2024-25,10,2024-10,False,26050.0
B002149,C01500,2024-09-16,2024-10-25,Course,4,27300.0,Completed,,T00276,7,39,False,2024-25,10,2024-10,False,27300.0
B002150,C00919,2024-09-25,2024-10-25,Fun Dive,1,3700.0,Completed,,T00276,8,30,False,2024-25,10,2024-10,False,3700.0
B002151,C01501,2024-10-25,2024-10-25,Fun Dive,3,10050.0,Completed,,T00276,9,0,False,2024-25,10,2024-10,False,10050.0
B002152,C01177,2024-10-01,2024-10-26,Fun Dive,3,10100.0,Completed,,T00277,1,25,False,2024-25,10,2024-10,True,10100.0
B002153,C01502,2024-09-28,2024-10-26,Discovery Dive,1,4950.0,Completed,,T00277,2,28,False,2024-25,10,2024-10,True,4950.0
B002154,C01503,2024-09-22,2024-10-26,Fun Dive,1,3450.0,Cancelled,Customer,T00277,3,34,False,2024-25,10,2024-10,True,
B002155,C01504,2024-09-11,2024-10-26,Fun Dive,2,7600.0,Completed,,T00277,6,45,False,2024-25,10,2024-10,True,7600.0
B002156,C01505,2024-09-11,2024-10-26,Fun Dive,1,3750.0,Completed,,T00277,7,45,False,2024-25,10,2024-10,True,3750.0
B002157,C01506,2024-09-23,2024-10-26,Fun Dive,3,9050.0,No-show,,T00277,8,33,False,2024-25,10,2024-10,True,
B002158,C00650,2024-10-03,2024-10-26,Discovery Dive,1,5100.0,Completed,,T00277,9,23,False,2024-25,10,2024-10,True,5100.0
B002159,C01507,2024-10-10,2024-10-26,Discovery Dive,1,5200.0,Completed,,T00277,10,16,False,2024-25,10,2024-10,True,5200.0
B002160,C01508,2024-10-24,2024-10-27,Discovery Dive,1,4450.0,No-show,,T00278,1,3,False,2024-25,10,2024-10,True,
B002161,C01509,2024-09-12,2024-10-27,Discovery Dive,1,5250.0,Completed,,T00278,2,45,False,2024-25,10,2024-10,True,5250.0
B002162,C01510,2024-09-27,2024-10-27,Fun Dive,1,3900.0,Completed,,T00278,4,30,False,2024-25,10,2024-10,True,3900.0
B002163,C01511,2024-09-30,2024-10-27,Discovery Dive,1,4400.0,Completed,,T00278,5,27,False,2024-25,10,2024-10,True,4400.0
B002164,C01512,2024-10-03,2024-10-27,Fun Dive,3,11350.0,Completed,,T00278,6,24,False,2024-25,10,2024-10,True,11350.0
B002165,C01220,2024-10-01,2024-10-27,Discovery Dive,1,5550.0,Cancelled,Customer,T00278,7,26,False,2024-25,10,2024-10,True,
B002166,C01513,2024-09-29,2024-10-27,Fun Dive,2,6800.0,Completed,,T00278,9,28,False,2024-25,10,2024-10,True,6800.0
B002167,C01514,2024-10-11,2024-10-27,Fun Dive,1,3550.0,Completed,,T00278,10,16,False,2024-25,10,2024-10,True,3550.0
B002168,C01515,2024-09-13,2024-10-27,Discovery Dive,1,5500.0,Completed,,T00278,11,44,False,2024-25,10,2024-10,True,5500.0
B002169,C01516,2024-10-13,2024-10-28,Course,4,27700.0,Cancelled,Weather,T00279,1,15,False,2024-25,10,2024-10,False,
B002170,C01517,2024-10-16,2024-10-28,Discovery Dive,1,5250.0,Cancelled,Weather,T00279,2,12,False,2024-25,10,2024-10,False,
B002171,C01518,2024-10-04,2024-10-28,Discovery Dive,1,5550.0,Cancelled,Weather,T00279,3,24,False,2024-25,10,2024-10,False,
B002172,C01519,2024-09-22,2024-10-28,Fun Dive,1,3800.0,Cancelled,Weather,T00279,4,36,False,2024-25,10,2024-10,False,
B002173,C01520,2024-09-29,2024-10-28,Discovery Dive,1,5150.0,Cancelled,Weather,T00279,5,29,False,2024-25,10,2024-10,False,
B002174,C01521,2024-10-12,2024-10-28,Discovery Dive,1,4200.0,Cancelled,Weather,T00279,7,16,False,2024-25,10,2024-10,False,
B002175,C01522,2024-09-30,2024-10-28,Fun Dive,1,3500.0,Completed,,T00279,8,28,False,2024-25,10,2024-10,False,3500.0
B002176,C01523,2024-10-13,2024-10-28,Discovery Dive,1,5000.0,Cancelled,Weather,T00279,9,15,False,2024-25,10,2024-10,False,
B002177,C01430,2024-10-06,2024-10-28,Fun Dive,1,3850.0,Cancelled,Weather,T00279,10,22,False,2024-25,10,2024-10,False,
B002178,C01524,2024-10-02,2024-10-29,Discovery Dive,1,5650.0,Completed,,T00280,1,27,False,2024-25,10,2024-10,False,5650.0
B002179,C01525,2024-09-20,2024-10-29,Fun Dive,1,2900.0,Completed,,T00280,2,39,False,2024-25,10,2024-10,False,2900.0
B002180,C00994,2024-09-17,2024-10-29,Fun Dive,3,11650.0,Completed,,T00280,5,42,False,2024-25,10,2024-10,False,11650.0
B002181,C01526,2024-10-23,2024-10-29,Fun Dive,3,9800.0,Completed,,T00280,6,6,False,2024-25,10,2024-10,False,9800.0
B002182,C01527,2024-09-26,2024-10-29,Fun Dive,4,12550.0,Completed,,T00280,7,33,False,2024-25,10,2024-10,False,12550.0
B002183,C01528,2024-09-18,2024-10-29,Fun Dive,2,7550.0,Completed,,T00280,8,41,False,2024-25,10,2024-10,False,7550.0
B002184,C01529,2024-10-06,2024-10-29,Discovery Dive,1,5450.0,No-show,,T00280,9,23,False,2024-25,10,2024-10,False,
B002185,C01530,2024-10-11,2024-10-29,Course,5,23700.0,Completed,,T00280,12,18,False,2024-25,10,2024-10,False,23700.0
B002186,C00585,2024-10-29,2024-10-30,Fun Dive,1,2900.0,Cancelled,Weather,T00281,1,1,False,2024-25,10,2024-10,False,
B002187,C01531,2024-10-24,2024-10-30,Fun Dive,1,3550.0,Completed,,T00281,3,6,False,2024-25,10,2024-10,False,3550.0
B002188,C01308,2024-09-20,2024-10-30,Fun Dive,3,10300.0,Completed,,T00281,4,40,False,2024-25,10,2024-10,False,10300.0
B002189,C01532,2024-09-17,2024-10-30,Fun Dive,2,6950.0,Completed,,T00281,5,43,False,2024-25,10,2024-10,False,6950.0
B002190,C01533,2024-09-30,2024-10-30,Fun Dive,1,3150.0,No-show,,T00281,6,30,False,2024-25,10,2024-10,False,
B002191,C01299,2024-09-16,2024-10-30,Fun Dive,2,7600.0,Completed,,T00281,8,44,False,2024-25,10,2024-10,False,7600.0
B002192,C01534,2024-10-23,2024-10-31,Course,4,25600.0,Completed,,T00282,1,8,False,2024-25,10,2024-10,False,25600.0
B002194,C01418,2024-10-19,2024-10-31,Fun Dive,4,12300.0,Cancelled,Unknown,T00282,3,12,False,2024-25,10,2024-10,False,
B002195,C01176,2024-10-15,2024-10-31,Course,4,26950.0,Completed,,T00282,5,16,False,2024-25,10,2024-10,False,26950.0
B002196,C01535,2024-09-17,2024-10-31,Fun Dive,1,3500.0,Completed,,T00282,6,44,False,2024-25,10,2024-10,False,3500.0
B002197,C01536,2024-10-21,2024-10-31,Discovery Dive,1,4850.0,Cancelled,Weather,T00282,7,10,False,2024-25,10,2024-10,False,
B002198,C01537,2024-10-17,2024-10-31,Discovery Dive,2,9450.0,Cancelled,Customer,T00282,8,14,False,2024-25,10,2024-10,False,
B002199,C01538,2024-10-13,2024-11-01,Fun Dive,3,10500.0,Completed,,T00283,1,19,False,2024-25,11,2024-11,False,10500.0
B002200,C01539,2024-10-03,2024-11-01,Discovery Dive,1,4550.0,Cancelled,Unknown,T00283,2,29,False,2024-25,11,2024-11,False,
B002201,C01540,2024-10-29,2024-11-01,Fun Dive,4,15250.0,Cancelled,Unknown,T00283,4,3,False,2024-25,11,2024-11,False,
B002202,C00212,2024-10-27,2024-11-01,Fun Dive,1,3250.0,Completed,,T00283,5,5,False,2024-25,11,2024-11,False,3250.0
B002203,C01541,2024-09-29,2024-11-01,Fun Dive,2,7600.0,Completed,,T00283,6,33,False,2024-25,11,2024-11,False,7600.0
B002204,C01542,2024-10-06,2024-11-01,Fun Dive,1,3050.0,Completed,,T00283,7,26,False,2024-25,11,2024-11,False,3050.0
B002205,C01543,2024-10-20,2024-11-02,Course,5,25850.0,Completed,,T00284,1,13,False,2024-25,11,2024-11,True,25850.0
B002206,C00153,2024-09-20,2024-11-02,Discovery Dive,1,5400.0,Completed,,T00284,2,43,False,2024-25,11,2024-11,True,5400.0
B002207,C01283,2024-10-02,2024-11-02,Fun Dive,2,7900.0,Completed,,T00284,3,31,False,2024-25,11,2024-11,True,7900.0
B002208,C01544,2024-10-20,2024-11-02,Course,4,28900.0,Completed,,T00284,4,13,False,2024-25,11,2024-11,True,28900.0
B002209,C01545,2024-10-02,2024-11-02,Discovery Dive,1,5400.0,Completed,,T00284,5,31,False,2024-25,11,2024-11,True,5400.0
B002210,C01368,2024-10-04,2024-11-02,Fun Dive,2,6050.0,Cancelled,Customer,T00284,6,29,False,2024-25,11,2024-11,True,
B002211,C01546,2024-10-13,2024-11-03,Discovery Dive,1,4300.0,Completed,,T00285,3,21,False,2024-25,11,2024-11,True,4300.0
B002212,C01547,2024-10-18,2024-11-03,Fun Dive,4,11350.0,Cancelled,Unknown,T00285,4,16,False,2024-25,11,2024-11,True,
B002213,C01548,2024-10-12,2024-11-03,Fun Dive,4,14000.0,Completed,,T00285,6,22,False,2024-25,11,2024-11,True,14000.0
B002214,C01549,2024-10-24,2024-11-03,Course,4,25600.0,No-show,,T00285,7,10,False,2024-25,11,2024-11,True,
B002215,C01550,2024-09-25,2024-11-03,Fun Dive,1,3750.0,Completed,,T00285,8,39,False,2024-25,11,2024-11,True,3750.0
B002216,C01551,2024-10-30,2024-11-03,Course,4,24500.0,Completed,,T00285,9,4,False,2024-25,11,2024-11,True,24500.0
B002217,C01552,2024-10-23,2024-11-03,Fun Dive,2,7050.0,Completed,,T00285,10,11,False,2024-25,11,2024-11,True,7050.0
B002218,C01553,2024-10-05,2024-11-03,Discovery Dive,1,5050.0,Completed,,T00285,11,29,False,2024-25,11,2024-11,True,5050.0
B002219,C01554,2024-10-21,2024-11-03,Fun Dive,4,12450.0,Completed,,T00285,12,13,False,2024-25,11,2024-11,True,12450.0
B002220,C01555,2024-10-09,2024-11-03,Fun Dive,1,3450.0,Completed,,T00286,1,25,False,2024-25,11,2024-11,True,3450.0
B002221,C01556,2024-09-25,2024-11-03,Course,5,23500.0,Completed,,T00286,2,39,False,2024-25,11,2024-11,True,23500.0
B002222,C01557,2024-09-22,2024-11-03,Discovery Dive,1,5400.0,Completed,,T00286,3,42,False,2024-25,11,2024-11,True,5400.0
B002223,C00345,2024-10-17,2024-11-03,Discovery Dive,1,5150.0,Completed,,T00286,4,17,False,2024-25,11,2024-11,True,5150.0
B002224,C01558,2024-10-03,2024-11-03,Fun Dive,2,7400.0,Completed,,T00286,5,31,False,2024-25,11,2024-11,True,7400.0
B002225,C01559,2024-10-10,2024-11-03,Fun Dive,1,3500.0,Completed,,T00286,6,24,False,2024-25,11,2024-11,True,3500.0
B002226,C01560,2024-10-22,2024-11-03,Course,4,27500.0,Completed,,T00286,10,12,False,2024-25,11,2024-11,True,27500.0
B002227,C01561,2024-10-25,2024-11-03,Fun Dive,3,11450.0,Cancelled,Unknown,T00287,2,9,False,2024-25,11,2024-11,True,
B002228,C01562,2024-10-24,2024-11-03,Course,5,27450.0,Completed,,T00287,3,10,False,2024-25,11,2024-11,True,27450.0
B002229,C01563,2024-09-22,2024-11-03,Fun Dive,4,14850.0,Completed,,T00287,4,42,False,2024-25,11,2024-11,True,14850.0
B002230,C01564,2024-10-18,2024-11-03,Discovery Dive,1,5350.0,Completed,,T00287,5,16,False,2024-25,11,2024-11,True,5350.0
B002231,C01565,2024-10-06,2024-11-03,Fun Dive,2,7150.0,Completed,,T00287,6,28,False,2024-25,11,2024-11,True,7150.0
B002232,C01566,2024-10-13,2024-11-03,Discovery Dive,1,5200.0,Completed,,T00287,7,21,False,2024-25,11,2024-11,True,5200.0
B002233,C01567,2024-10-29,2024-11-03,Discovery Dive,1,4900.0,Completed,,T00287,8,5,False,2024-25,11,2024-11,True,4900.0
B002234,C01568,2024-09-27,2024-11-03,Fun Dive,2,7450.0,Completed,,T00287,9,37,False,2024-25,11,2024-11,True,7450.0
B002235,C01569,2024-10-18,2024-11-03,Discovery Dive,1,4400.0,Cancelled,Customer,T00287,10,16,False,2024-25,11,2024-11,True,
B002236,C01570,2024-10-04,2024-11-03,Course,4,27550.0,Completed,,T00287,11,30,False,2024-25,11,2024-11,True,27550.0
B002237,C01517,2024-11-03,2024-11-04,Fun Dive,1,3750.0,Completed,,T00288,1,1,False,2024-25,11,2024-11,False,3750.0
B002238,C01520,2024-10-31,2024-11-04,Discovery Dive,1,4700.0,Completed,,T00288,2,4,False,2024-25,11,2024-11,False,4700.0
B002239,C00535,2024-10-20,2024-11-04,Discovery Dive,1,4750.0,Completed,,T00288,3,15,False,2024-25,11,2024-11,False,4750.0
B002240,C01571,2024-10-06,2024-11-04,Course,5,25100.0,Completed,,T00288,4,29,False,2024-25,11,2024-11,False,25100.0
B002241,C01572,2024-10-08,2024-11-04,Fun Dive,2,5750.0,Completed,,T00288,5,27,False,2024-25,11,2024-11,False,5750.0
B002242,C01573,2024-10-05,2024-11-04,Discovery Dive,1,5200.0,Completed,,T00288,6,30,False,2024-25,11,2024-11,False,5200.0
B002243,C01574,2024-10-30,2024-11-04,Fun Dive,2,7400.0,Completed,,T00288,8,5,False,2024-25,11,2024-11,False,7400.0
B002244,C01161,2024-09-30,2024-11-04,Fun Dive,2,7500.0,Completed,,T00288,9,35,False,2024-25,11,2024-11,False,7500.0
B002245,C01575,2024-10-18,2024-11-04,Course,4,24600.0,Completed,,T00288,11,17,False,2024-25,11,2024-11,False,24600.0
B002246,C01576,2024-10-27,2024-11-05,Course,4,27050.0,Completed,,T00289,1,9,False,2024-25,11,2024-11,False,27050.0
B002247,C01577,2024-09-21,2024-11-05,Fun Dive,2,7650.0,Completed,,T00289,2,45,False,2024-25,11,2024-11,False,7650.0
B002248,C01578,2024-10-24,2024-11-05,Discovery Dive,2,10200.0,Completed,,T00289,3,12,False,2024-25,11,2024-11,False,10200.0
B002249,C01579,2024-09-27,2024-11-05,Fun Dive,2,5750.0,Completed,,T00289,4,39,False,2024-25,11,2024-11,False,5750.0
B002250,C01580,2024-10-17,2024-11-05,Fun Dive,1,4000.0,Completed,,T00289,6,19,False,2024-25,11,2024-11,False,4000.0
B002251,C01581,2024-09-24,2024-11-05,Fun Dive,4,12350.0,Completed,,T00289,7,42,False,2024-25,11,2024-11,False,12350.0
B002252,C01582,2024-11-02,2024-11-05,Fun Dive,3,10250.0,Completed,,T00289,8,3,False,2024-25,11,2024-11,False,10250.0
B002253,C00828,2024-10-09,2024-11-06,Course,5,25350.0,Completed,,T00290,1,28,False,2024-25,11,2024-11,False,25350.0
B002254,C01583,2024-10-23,2024-11-06,Discovery Dive,1,5250.0,Completed,,T00290,2,14,False,2024-25,11,2024-11,False,5250.0
B002255,C01584,2024-10-21,2024-11-06,Fun Dive,3,10700.0,Completed,,T00290,3,16,False,2024-25,11,2024-11,False,10700.0
B002256,C01585,2024-10-08,2024-11-06,Fun Dive,3,10100.0,Completed,,T00290,6,29,False,2024-25,11,2024-11,False,10100.0
B002257,C01586,2024-11-05,2024-11-06,Fun Dive,2,7450.0,Completed,,T00290,7,1,False,2024-25,11,2024-11,False,7450.0
B002258,C01587,2024-11-02,2024-11-06,Discovery Dive,1,4350.0,Completed,,T00290,8,4,False,2024-25,11,2024-11,False,4350.0
B002259,C01025,2024-09-29,2024-11-07,Fun Dive,1,3700.0,Cancelled,Customer,T00291,2,39,False,2024-25,11,2024-11,False,
B002260,C01588,2024-09-23,2024-11-07,Fun Dive,3,11800.0,Completed,,T00291,3,45,False,2024-25,11,2024-11,False,11800.0
B002261,C01589,2024-10-17,2024-11-07,Discovery Dive,1,5000.0,Completed,,T00291,4,21,False,2024-25,11,2024-11,False,5000.0
B002262,C01433,2024-10-19,2024-11-07,Fun Dive,3,11100.0,Completed,,T00291,5,19,False,2024-25,11,2024-11,False,11100.0
B002263,C01590,2024-10-22,2024-11-07,Course,4,25450.0,Completed,,T00291,6,16,False,2024-25,11,2024-11,False,25450.0
B002264,C01498,2024-11-03,2024-11-07,Fun Dive,3,8800.0,Completed,,T00291,7,4,False,2024-25,11,2024-11,False,8800.0
B002265,C00670,2024-09-27,2024-11-07,Fun Dive,4,13600.0,Completed,,T00291,8,41,False,2024-25,11,2024-11,False,13600.0
B002266,C01591,2024-10-13,2024-11-07,Discovery Dive,1,5050.0,Completed,,T00292,1,25,False,2024-25,11,2024-11,False,5050.0
B002267,C01534,2024-10-19,2024-11-07,Discovery Dive,1,5300.0,Completed,,T00292,2,19,False,2024-25,11,2024-11,False,5300.0
B002268,C01592,2024-10-16,2024-11-07,Discovery Dive,1,4300.0,Completed,,T00292,3,22,False,2024-25,11,2024-11,False,4300.0
B002269,C01593,2024-10-17,2024-11-07,Course,5,26200.0,Completed,,T00292,4,21,False,2024-25,11,2024-11,False,26200.0
B002270,C01594,2024-10-27,2024-11-07,Course,5,25700.0,Completed,,T00292,6,11,False,2024-25,11,2024-11,False,25700.0
B002271,C00795,2024-10-17,2024-11-07,Fun Dive,2,6950.0,Completed,,T00292,7,21,False,2024-25,11,2024-11,False,6950.0
B002272,C01595,2024-10-08,2024-11-07,Course,5,25600.0,Completed,,T00292,8,30,False,2024-25,11,2024-11,False,25600.0
B002273,C01174,2024-09-28,2024-11-07,Fun Dive,2,6950.0,Completed,,T00292,10,40,False,2024-25,11,2024-11,False,6950.0
B002274,C01596,2024-11-03,2024-11-08,Fun Dive,1,3100.0,No-show,,T00293,2,5,False,2024-25,11,2024-11,False,
B002275,C01597,2024-10-11,2024-11-08,Discovery Dive,1,5300.0,Completed,,T00293,3,28,False,2024-25,11,2024-11,False,5300.0
B002276,C01173,2024-10-22,2024-11-08,Fun Dive,1,3750.0,Completed,,T00293,5,17,False,2024-25,11,2024-11,False,3750.0
B002277,C00184,2024-10-03,2024-11-08,Fun Dive,1,3800.0,Completed,,T00293,6,36,False,2024-25,11,2024-11,False,3800.0
B002278,C00637,2024-10-11,2024-11-08,Course,5,25400.0,Cancelled,Weather,T00293,7,28,False,2024-25,11,2024-11,False,
B002279,C01598,2024-10-01,2024-11-08,Fun Dive,2,7550.0,Completed,,T00293,9,38,False,2024-25,11,2024-11,False,7550.0
B002280,C01599,2024-11-07,2024-11-08,Course,5,22650.0,No-show,,T00293,10,1,False,2024-25,11,2024-11,False,
B002281,C01600,2024-10-27,2024-11-08,Course,5,26800.0,Completed,,T00293,11,12,False,2024-25,11,2024-11,False,26800.0
B002282,C01601,2024-11-02,2024-11-08,Fun Dive,2,7700.0,Completed,,T00294,1,6,False,2024-25,11,2024-11,False,7700.0
B002283,C01278,2024-10-13,2024-11-08,Fun Dive,3,10250.0,Completed,,T00294,2,26,False,2024-25,11,2024-11,False,10250.0
B002284,C01602,2024-10-08,2024-11-08,Fun Dive,3,11550.0,Completed,,T00294,5,31,False,2024-25,11,2024-11,False,11550.0
B002285,C01603,2024-10-22,2024-11-08,Discovery Dive,1,5350.0,Completed,,T00294,6,17,False,2024-25,11,2024-11,False,5350.0
B002286,C01604,2024-09-24,2024-11-08,Fun Dive,3,11350.0,Completed,,T00294,8,45,False,2024-25,11,2024-11,False,11350.0
B002287,C00922,2024-10-30,2024-11-08,Discovery Dive,1,4600.0,Cancelled,Customer,T00294,9,9,False,2024-25,11,2024-11,False,
B002288,C00480,2024-09-28,2024-11-09,Fun Dive,1,3400.0,Cancelled,Unknown,T00295,1,42,False,2024-25,11,2024-11,True,
B002289,C01605,2024-09-26,2024-11-09,Discovery Dive,1,5200.0,Completed,,T00295,2,44,False,2024-25,11,2024-11,True,5200.0
B002290,C01345,2024-10-03,2024-11-09,Fun Dive,4,15050.0,Completed,,T00295,4,37,False,2024-25,11,2024-11,True,15050.0
B002291,C01350,2024-11-01,2024-11-09,Fun Dive,1,3700.0,Completed,,T00295,5,8,False,2024-25,11,2024-11,True,3700.0
B002292,C01606,2024-10-06,2024-11-09,Fun Dive,3,8700.0,Cancelled,Medical,T00295,6,34,False,2024-25,11,2024-11,True,
B002293,C01607,2024-10-19,2024-11-09,Fun Dive,1,3600.0,Completed,,T00295,7,21,False,2024-25,11,2024-11,True,3600.0
B002294,C01608,2024-10-27,2024-11-09,Discovery Dive,2,9000.0,Completed,,T00295,8,13,False,2024-25,11,2024-11,True,9000.0
B002295,C01609,2024-10-26,2024-11-09,Discovery Dive,1,5350.0,Completed,,T00296,1,14,False,2024-25,11,2024-11,True,5350.0
B002296,C01610,2024-10-17,2024-11-09,Fun Dive,1,3400.0,Completed,,T00296,3,23,False,2024-25,11,2024-11,True,3400.0
B002297,C01611,2024-10-14,2024-11-09,Fun Dive,3,10200.0,Completed,,T00296,4,26,False,2024-25,11,2024-11,True,10200.0
B002298,C01612,2024-10-28,2024-11-09,Fun Dive,3,10700.0,Completed,,T00296,7,12,False,2024-25,11,2024-11,True,10700.0
B002299,C01613,2024-11-08,2024-11-09,Course,4,24650.0,Completed,,T00296,8,1,False,2024-25,11,2024-11,True,24650.0
B002300,C01448,2024-10-31,2024-11-09,Fun Dive,4,14300.0,Completed,,T00296,9,9,False,2024-25,11,2024-11,True,14300.0
B002301,C01614,2024-10-09,2024-11-09,Course,4,24500.0,Completed,,T00296,10,31,False,2024-25,11,2024-11,True,24500.0
B002302,C01615,2024-10-16,2024-11-09,Discovery Dive,1,4550.0,Completed,,T00296,11,24,False,2024-25,11,2024-11,True,4550.0
B002303,C01211,2024-10-10,2024-11-09,Fun Dive,3,10600.0,Completed,,T00296,12,30,False,2024-25,11,2024-11,True,10600.0
B002304,C00513,2024-10-10,2024-11-09,Fun Dive,1,3650.0,Cancelled,Weather,T00297,1,30,False,2024-25,11,2024-11,True,
B002305,C00848,2024-10-12,2024-11-09,Fun Dive,1,3650.0,Cancelled,Weather,T00297,2,28,False,2024-25,11,2024-11,True,
B002306,C01616,2024-11-04,2024-11-09,Fun Dive,1,3000.0,Completed,,T00297,3,5,False,2024-25,11,2024-11,True,3000.0
B002307,C01582,2024-10-24,2024-11-09,Fun Dive,4,13450.0,Completed,,T00297,5,16,False,2024-25,11,2024-11,True,13450.0
B002308,C01617,2024-09-26,2024-11-09,Course,5,27150.0,Completed,,T00297,7,44,False,2024-25,11,2024-11,True,27150.0
B002309,C01618,2024-10-13,2024-11-09,Course,4,26100.0,Completed,,T00297,8,27,False,2024-25,11,2024-11,True,26100.0
B002310,C01619,2024-10-27,2024-11-09,Discovery Dive,1,5100.0,Cancelled,Weather,T00297,9,13,False,2024-25,11,2024-11,True,
B002311,C01620,2024-10-04,2024-11-09,Discovery Dive,1,4450.0,Completed,,T00297,10,36,False,2024-25,11,2024-11,True,4450.0
B002312,C01621,2024-09-30,2024-11-10,Discovery Dive,1,5400.0,Completed,,T00298,1,41,False,2024-25,11,2024-11,True,5400.0
B002313,C01622,2024-10-27,2024-11-10,Discovery Dive,1,4800.0,Completed,,T00298,2,14,False,2024-25,11,2024-11,True,4800.0
B002314,C01623,2024-11-06,2024-11-10,Course,5,27000.0,Completed,,T00298,3,4,False,2024-25,11,2024-11,True,27000.0
B002315,C01624,2024-09-26,2024-11-10,Discovery Dive,1,5650.0,Completed,,T00298,5,45,False,2024-25,11,2024-11,True,5650.0
B002316,C01625,2024-11-09,2024-11-10,Discovery Dive,1,4200.0,Cancelled,Customer,T00298,6,1,False,2024-25,11,2024-11,True,
B002317,C01626,2024-10-01,2024-11-10,Discovery Dive,1,5300.0,Cancelled,Weather,T00298,8,40,False,2024-25,11,2024-11,True,
B002318,C01627,2024-11-03,2024-11-11,Fun Dive,2,7650.0,Completed,,T00299,1,8,False,2024-25,11,2024-11,False,7650.0
B002319,C01628,2024-10-13,2024-11-11,Fun Dive,3,11550.0,Completed,,T00299,2,29,False,2024-25,11,2024-11,False,11550.0
B002320,C01629,2024-10-05,2024-11-11,Course,5,23350.0,Completed,,T00299,5,37,False,2024-25,11,2024-11,False,23350.0
B002321,C01630,2024-09-30,2024-11-11,Course,5,25550.0,Completed,,T00299,6,42,False,2024-25,11,2024-11,False,25550.0
B002322,C01631,2024-10-19,2024-11-11,Discovery Dive,2,9050.0,Completed,,T00299,8,23,False,2024-25,11,2024-11,False,9050.0
B002323,C01632,2024-10-13,2024-11-11,Discovery Dive,1,4450.0,Completed,,T00299,9,29,False,2024-25,11,2024-11,False,4450.0
B002324,C01343,2024-10-15,2024-11-11,Fun Dive,2,6950.0,Completed,,T00299,10,27,False,2024-25,11,2024-11,False,6950.0
B002325,C01633,2024-10-16,2024-11-11,Fun Dive,1,3800.0,Cancelled,Medical,T00299,11,26,False,2024-25,11,2024-11,False,
B002326,C01634,2024-10-14,2024-11-12,Course,5,24250.0,Completed,,T00300,2,29,False,2024-25,11,2024-11,False,24250.0
B002327,C01635,2024-10-29,2024-11-12,Fun Dive,4,11350.0,Cancelled,Customer,T00300,3,14,False,2024-25,11,2024-11,False,
B002328,C01636,2024-10-17,2024-11-12,Fun Dive,1,2900.0,Completed,,T00300,4,26,False,2024-25,11,2024-11,False,2900.0
B002329,C01637,2024-09-30,2024-11-12,Fun Dive,2,6950.0,Completed,,T00300,5,43,False,2024-25,11,2024-11,False,6950.0
B002330,C01638,2024-11-10,2024-11-12,Fun Dive,2,7400.0,Completed,,T00300,6,2,False,2024-25,11,2024-11,False,7400.0
B002331,C00747,2024-11-04,2024-11-12,Course,5,25400.0,Completed,,T00300,7,8,False,2024-25,11,2024-11,False,25400.0
B002332,C00933,2024-11-04,2024-11-12,Course,5,23250.0,No-show,,T00300,8,8,False,2024-25,11,2024-11,False,
B002333,C01639,2024-10-29,2024-11-12,Fun Dive,1,3450.0,Completed,,T00300,9,14,False,2024-25,11,2024-11,False,3450.0
B002334,C01640,2024-10-26,2024-11-13,Discovery Dive,1,5500.0,Completed,,T00301,1,18,False,2024-25,11,2024-11,False,5500.0
B002335,C01641,2024-10-26,2024-11-13,Fun Dive,1,3650.0,Completed,,T00301,2,18,False,2024-25,11,2024-11,False,3650.0
B002336,C01642,2024-11-06,2024-11-13,Fun Dive,3,8500.0,Completed,,T00301,3,7,False,2024-25,11,2024-11,False,8500.0
B002337,C01643,2024-11-05,2024-11-13,Fun Dive,2,7650.0,Completed,,T00301,4,8,False,2024-25,11,2024-11,False,7650.0
B002338,C01644,2024-10-31,2024-11-13,Discovery Dive,1,4200.0,Completed,,T00301,6,13,False,2024-25,11,2024-11,False,4200.0
B002339,C01215,2024-11-06,2024-11-13,Fun Dive,4,15600.0,Completed,,T00301,7,7,False,2024-25,11,2024-11,False,15600.0
B002340,C01645,2024-10-12,2024-11-13,Fun Dive,3,9300.0,Completed,,T00302,1,32,False,2024-25,11,2024-11,False,9300.0
B002341,C01646,2024-11-04,2024-11-13,Fun Dive,3,10350.0,Completed,,T00302,2,9,False,2024-25,11,2024-11,False,10350.0
B002342,C01647,2024-10-22,2024-11-13,Discovery Dive,1,4550.0,Completed,,T00302,3,22,False,2024-25,11,2024-11,False,4550.0
B002343,C01648,2024-11-08,2024-11-13,Course,4,24500.0,Completed,,T00302,4,5,False,2024-25,11,2024-11,False,24500.0
B002344,C01649,2024-11-08,2024-11-13,Course,4,25450.0,Completed,,T00302,5,5,False,2024-25,11,2024-11,False,25450.0
B002345,C01300,2024-10-02,2024-11-13,Fun Dive,1,3700.0,Completed,,T00302,8,42,False,2024-25,11,2024-11,False,3700.0
B002346,C01650,2024-10-30,2024-11-14,Discovery Dive,1,5550.0,Completed,,T00303,1,15,False,2024-25,11,2024-11,False,5550.0
B002347,C01651,2024-10-22,2024-11-14,Fun Dive,4,12350.0,No-show,,T00303,2,23,False,2024-25,11,2024-11,False,
B002348,C01652,2024-11-02,2024-11-14,Discovery Dive,1,4250.0,Completed,,T00303,3,12,False,2024-25,11,2024-11,False,4250.0
B002349,C01653,2024-09-30,2024-11-14,Discovery Dive,1,4450.0,Completed,,T00303,4,45,False,2024-25,11,2024-11,False,4450.0
B002350,C01079,2024-11-06,2024-11-14,Fun Dive,4,15600.0,Completed,,T00303,5,8,False,2024-25,11,2024-11,False,15600.0
B002351,C01608,2024-10-18,2024-11-14,Discovery Dive,1,4500.0,Completed,,T00303,6,27,False,2024-25,11,2024-11,False,4500.0
B002352,C00942,2024-10-20,2024-11-14,Fun Dive,3,11000.0,Completed,,T00303,7,25,False,2024-25,11,2024-11,False,11000.0
B002353,C01654,2024-10-23,2024-11-14,Discovery Dive,1,5750.0,Completed,,T00303,9,22,False,2024-25,11,2024-11,False,5750.0
B002354,C01655,2024-11-02,2024-11-14,Discovery Dive,1,5050.0,Completed,,T00303,10,12,False,2024-25,11,2024-11,False,5050.0
B002355,C01656,2024-10-26,2024-11-14,Fun Dive,2,7600.0,Completed,,T00303,11,19,False,2024-25,11,2024-11,False,7600.0
B002356,C01657,2024-10-06,2024-11-14,Fun Dive,1,3450.0,Completed,,T00304,1,39,False,2024-25,11,2024-11,False,3450.0
B002357,C01658,2024-11-13,2024-11-14,Fun Dive,4,14750.0,Completed,,T00304,2,1,False,2024-25,11,2024-11,False,14750.0
B002358,C01659,2024-10-02,2024-11-14,Fun Dive,4,12850.0,Completed,,T00304,3,43,False,2024-25,11,2024-11,False,12850.0
B002359,C01660,2024-10-30,2024-11-14,Course,4,26250.0,No-show,,T00304,4,15,False,2024-25,11,2024-11,False,
B002360,C01661,2024-10-13,2024-11-14,Course,4,28150.0,Completed,,T00304,5,32,False,2024-25,11,2024-11,False,28150.0
B002361,C01662,2024-10-06,2024-11-14,Discovery Dive,2,10400.0,Completed,,T00304,8,39,False,2024-25,11,2024-11,False,10400.0
B002362,C01663,2024-10-12,2024-11-14,Fun Dive,4,12300.0,Completed,,T00304,9,33,False,2024-25,11,2024-11,False,12300.0
B002363,C00678,2024-11-08,2024-11-14,Course,4,24400.0,Completed,,T00304,11,6,False,2024-25,11,2024-11,False,24400.0
B002364,C01351,2024-10-02,2024-11-15,Fun Dive,1,4000.0,Completed,,T00305,1,44,False,2024-25,11,2024-11,False,4000.0
B002365,C01664,2024-10-06,2024-11-15,Fun Dive,3,10550.0,Completed,,T00305,2,40,False,2024-25,11,2024-11,False,10550.0
B002366,C01665,2024-10-09,2024-11-15,Discovery Dive,1,4950.0,Completed,,T00305,4,37,False,2024-25,11,2024-11,False,4950.0
B002367,C01666,2024-10-31,2024-11-15,Course,4,27250.0,Cancelled,Weather,T00305,5,15,False,2024-25,11,2024-11,False,
B002368,C01667,2024-10-28,2024-11-15,Course,5,27350.0,Completed,,T00305,6,18,False,2024-25,11,2024-11,False,27350.0
B002369,C01141,2024-10-25,2024-11-15,Fun Dive,1,3650.0,Completed,,T00305,7,21,False,2024-25,11,2024-11,False,3650.0
B002370,C01668,2024-10-26,2024-11-15,Discovery Dive,1,5200.0,Cancelled,Weather,T00305,9,20,False,2024-25,11,2024-11,False,
B002371,C01669,2024-11-07,2024-11-15,Fun Dive,3,11600.0,No-show,,T00306,1,8,False,2024-25,11,2024-11,False,
B002372,C01670,2024-10-10,2024-11-15,Fun Dive,4,15450.0,Completed,,T00306,3,36,False,2024-25,11,2024-11,False,15450.0
B002373,C01671,2024-10-14,2024-11-15,Fun Dive,1,3650.0,Cancelled,Weather,T00306,4,32,False,2024-25,11,2024-11,False,
B002374,C01672,2024-11-06,2024-11-15,Fun Dive,1,,Completed,,T00306,5,9,True,2024-25,11,2024-11,False,
B002375,C00433,2024-11-15,2024-11-15,Fun Dive,2,7250.0,Cancelled,Weather,T00306,7,0,False,2024-25,11,2024-11,False,
B002376,C01673,2024-11-12,2024-11-15,Fun Dive,2,5850.0,Cancelled,Weather,T00306,8,3,False,2024-25,11,2024-11,False,
B002377,C01607,2024-10-31,2024-11-15,Fun Dive,3,10600.0,Completed,,T00306,9,15,False,2024-25,11,2024-11,False,10600.0
B002378,C01674,2024-10-24,2024-11-15,Fun Dive,3,10450.0,Completed,,T00306,10,22,False,2024-25,11,2024-11,False,10450.0
B002379,C01675,2024-10-06,2024-11-15,Fun Dive,3,10250.0,Cancelled,Weather,T00306,11,40,False,2024-25,11,2024-11,False,
B002380,C01485,2024-10-05,2024-11-16,Fun Dive,2,7200.0,Completed,,T00307,1,42,False,2024-25,11,2024-11,True,7200.0
B002381,C01676,2024-10-20,2024-11-16,Discovery Dive,1,4500.0,Cancelled,Weather,T00307,2,27,False,2024-25,11,2024-11,True,
B002382,C01164,2024-11-01,2024-11-16,Course,4,28000.0,Cancelled,Weather,T00307,3,15,False,2024-25,11,2024-11,True,
B002383,C01157,2024-10-10,2024-11-16,Fun Dive,1,3350.0,Cancelled,Weather,T00307,5,37,False,2024-25,11,2024-11,True,
B002384,C01677,2024-10-28,2024-11-16,Fun Dive,1,3700.0,Completed,,T00307,6,19,False,2024-25,11,2024-11,True,3700.0
B002385,C01678,2024-10-28,2024-11-16,Fun Dive,1,3650.0,Completed,,T00307,7,19,False,2024-25,11,2024-11,True,3650.0
B002386,C01679,2024-10-18,2024-11-16,Fun Dive,2,7450.0,Completed,,T00307,9,29,False,2024-25,11,2024-11,True,7450.0
B002387,C01680,2024-10-08,2024-11-16,Discovery Dive,1,5100.0,Completed,,T00307,10,39,False,2024-25,11,2024-11,True,5100.0
B002388,C01681,2024-11-16,2024-11-16,Fun Dive,1,3800.0,Completed,,T00307,12,0,False,2024-25,11,2024-11,True,3800.0
B002389,C01682,2024-10-23,2024-11-17,Fun Dive,3,10950.0,Completed,,T00308,1,25,False,2024-25,11,2024-11,True,10950.0
B002390,C01683,2024-10-22,2024-11-17,Discovery Dive,1,5550.0,Cancelled,Weather,T00308,2,26,False,2024-25,11,2024-11,True,
B002391,C01684,2024-10-15,2024-11-17,Discovery Dive,1,5200.0,Cancelled,Weather,T00308,3,33,False,2024-25,11,2024-11,True,
B002392,C00016,2024-10-26,2024-11-17,Fun Dive,1,3600.0,Completed,,T00308,5,22,False,2024-25,11,2024-11,True,3600.0
B002393,C01685,2024-10-31,2024-11-17,Discovery Dive,1,5200.0,Completed,,T00308,6,17,False,2024-25,11,2024-11,True,5200.0
B002394,C01686,2024-11-14,2024-11-17,Fun Dive,1,3550.0,Cancelled,Weather,T00308,7,3,False,2024-25,11,2024-11,True,
B002395,C01687,2024-11-14,2024-11-17,Fun Dive,2,7350.0,Completed,,T00308,8,3,False,2024-25,11,2024-11,True,7350.0
B002396,C01688,2024-10-13,2024-11-18,Fun Dive,3,10650.0,Cancelled,Weather,T00309,1,36,False,2024-25,11,2024-11,False,
B002397,C01689,2024-10-06,2024-11-18,Course,4,22550.0,Cancelled,Weather,T00309,2,43,False,2024-25,11,2024-11,False,
B002398,C01114,2024-11-12,2024-11-18,Fun Dive,3,10050.0,Completed,,T00309,3,6,False,2024-25,11,2024-11,False,10050.0
B002399,C01690,2024-11-16,2024-11-18,Fun Dive,4,15000.0,Completed,,T00309,4,2,False,2024-25,11,2024-11,False,15000.0
B002400,C01180,2024-10-26,2024-11-18,Fun Dive,4,12600.0,Cancelled,Weather,T00309,6,23,False,2024-25,11,2024-11,False,
B002401,C01691,2024-10-31,2024-11-18,Discovery Dive,1,4950.0,Completed,,T00309,7,18,False,2024-25,11,2024-11,False,4950.0
B002402,C01692,2024-10-22,2024-11-18,Fun Dive,3,9750.0,Cancelled,Weather,T00309,8,27,False,2024-25,11,2024-11,False,
B002403,C01693,2024-11-10,2024-11-18,Discovery Dive,1,5300.0,Cancelled,Weather,T00309,9,8,False,2024-25,11,2024-11,False,
B002404,C01694,2024-10-26,2024-11-18,Discovery Dive,1,5400.0,Completed,,T00309,10,23,False,2024-25,11,2024-11,False,5400.0
B002405,C01695,2024-10-21,2024-11-18,Course,4,26750.0,Completed,,T00309,12,28,False,2024-25,11,2024-11,False,26750.0
B002406,C01696,2024-10-23,2024-11-18,Fun Dive,1,3750.0,Cancelled,Weather,T00310,1,26,False,2024-25,11,2024-11,False,
B002407,C01697,2024-10-07,2024-11-18,Discovery Dive,1,4100.0,Cancelled,Unknown,T00310,2,42,False,2024-25,11,2024-11,False,
B002408,C01698,2024-10-29,2024-11-18,Discovery Dive,1,4250.0,Completed,,T00310,4,20,False,2024-25,11,2024-11,False,4250.0
B002409,C01699,2024-11-01,2024-11-18,Discovery Dive,1,5150.0,Completed,,T00310,5,17,False,2024-25,11,2024-11,False,5150.0
B002410,C01294,2024-10-08,2024-11-18,Fun Dive,2,6900.0,Cancelled,Weather,T00310,7,41,False,2024-25,11,2024-11,False,
B002411,C01496,2024-11-05,2024-11-18,Fun Dive,3,10650.0,Completed,,T00310,8,13,False,2024-25,11,2024-11,False,10650.0
B002412,C01060,2024-10-15,2024-11-18,Course,4,27950.0,Completed,,T00310,9,34,False,2024-25,11,2024-11,False,27950.0
B002413,C01700,2024-10-04,2024-11-18,Fun Dive,1,3300.0,Cancelled,Weather,T00310,10,45,False,2024-25,11,2024-11,False,
B002414,C01701,2024-10-28,2024-11-19,Discovery Dive,1,5400.0,Cancelled,Weather,T00311,1,22,False,2024-25,11,2024-11,False,
B002415,C01702,2024-11-16,2024-11-19,Fun Dive,3,9800.0,Cancelled,Weather,T00311,2,3,False,2024-25,11,2024-11,False,
B002416,C01703,2024-11-09,2024-11-19,Fun Dive,3,9050.0,Cancelled,Weather,T00311,4,10,False,2024-25,11,2024-11,False,
B002417,C01704,2024-10-15,2024-11-19,Course,4,27550.0,Cancelled,Weather,T00311,6,35,False,2024-25,11,2024-11,False,
B002418,C00660,2024-10-18,2024-11-19,Discovery Dive,1,5350.0,Cancelled,Unknown,T00311,7,32,False,2024-25,11,2024-11,False,
B002419,C01705,2024-10-07,2024-11-19,Discovery Dive,1,5550.0,Cancelled,Weather,T00311,8,43,False,2024-25,11,2024-11,False,
B002420,C01706,2024-10-27,2024-11-19,Fun Dive,2,7450.0,Cancelled,Weather,T00311,9,23,False,2024-25,11,2024-11,False,
B002421,C01707,2024-10-05,2024-11-19,Discovery Dive,2,10350.0,Cancelled,Weather,T00311,10,45,False,2024-25,11,2024-11,False,
B002422,C01091,2024-10-24,2024-11-19,Fun Dive,3,10150.0,Cancelled,Weather,T00312,1,26,False,2024-25,11,2024-11,False,
B002423,C00203,2024-10-24,2024-11-19,Fun Dive,1,3350.0,Completed,,T00312,2,26,False,2024-25,11,2024-11,False,3350.0
B002424,C01708,2024-10-10,2024-11-19,Discovery Dive,1,5050.0,Cancelled,Customer,T00312,5,40,False,2024-25,11,2024-11,False,
B002425,C01109,2024-10-07,2024-11-19,Fun Dive,3,10750.0,Cancelled,Weather,T00312,6,43,False,2024-25,11,2024-11,False,
B002426,C01709,2024-10-20,2024-11-19,Fun Dive,1,3650.0,Cancelled,Customer,T00312,7,30,False,2024-25,11,2024-11,False,
B002427,C01349,2024-10-23,2024-11-19,Discovery Dive,2,8950.0,Cancelled,Weather,T00312,8,27,False,2024-25,11,2024-11,False,
B002428,C01492,2024-10-14,2024-11-19,Fun Dive,2,6800.0,Cancelled,Unknown,T00312,9,36,False,2024-25,11,2024-11,False,
B002429,C01710,2024-10-22,2024-11-19,Fun Dive,4,13800.0,Completed,,T00312,10,28,False,2024-25,11,2024-11,False,13800.0
B002430,C01704,2024-10-16,2024-11-19,Fun Dive,2,7350.0,Cancelled,Weather,T00312,12,34,False,2024-25,11,2024-11,False,
B002431,C01711,2024-10-08,2024-11-20,Fun Dive,1,3550.0,Cancelled,Weather,T00313,1,43,False,2024-25,11,2024-11,False,
B002432,C01712,2024-11-14,2024-11-20,Discovery Dive,1,4150.0,Cancelled,Weather,T00313,2,6,False,2024-25,11,2024-11,False,
B002433,C00011,2024-10-12,2024-11-20,Fun Dive,4,13750.0,Cancelled,Weather,T00313,3,39,False,2024-25,11,2024-11,False,
B002434,C01713,2024-10-25,2024-11-20,Discovery Dive,1,5100.0,Cancelled,Weather,T00313,4,26,False,2024-25,11,2024-11,False,
B002435,C01714,2024-10-08,2024-11-20,Discovery Dive,1,5050.0,Cancelled,Weather,T00313,7,43,False,2024-25,11,2024-11,False,
B002436,C01715,2024-11-10,2024-11-20,Discovery Dive,1,4600.0,Cancelled,Weather,T00313,8,10,False,2024-25,11,2024-11,False,
B002437,C01716,2024-10-09,2024-11-20,Discovery Dive,1,5250.0,Cancelled,Unknown,T00313,9,42,False,2024-25,11,2024-11,False,
B002438,C01717,2024-10-26,2024-11-21,Fun Dive,1,3250.0,Cancelled,Medical,T00314,1,26,False,2024-25,11,2024-11,False,
B002439,C01020,2024-10-08,2024-11-21,Discovery Dive,1,4850.0,Completed,,T00314,2,44,False,2024-25,11,2024-11,False,4850.0
B002440,C01718,2024-10-21,2024-11-21,Discovery Dive,1,5350.0,Cancelled,Weather,T00314,3,31,False,2024-25,11,2024-11,False,
B002441,C01719,2024-10-07,2024-11-21,Fun Dive,3,11200.0,Completed,,T00314,4,45,False,2024-25,11,2024-11,False,11200.0
B002442,C01720,2024-10-11,2024-11-21,Fun Dive,1,3600.0,Cancelled,Weather,T00314,6,41,False,2024-25,11,2024-11,False,
B002443,C01130,2024-10-12,2024-11-21,Course,5,25650.0,Cancelled,Weather,T00314,7,40,False,2024-25,11,2024-11,False,
B002444,C01721,2024-10-27,2024-11-21,Discovery Dive,1,5600.0,Completed,,T00314,8,25,False,2024-25,11,2024-11,False,5600.0
B002445,C01722,2024-11-07,2024-11-21,Discovery Dive,1,4200.0,Completed,,T00314,9,14,False,2024-25,11,2024-11,False,4200.0
B002446,C01723,2024-10-18,2024-11-21,Fun Dive,2,7100.0,Completed,,T00314,11,34,False,2024-25,11,2024-11,False,7100.0
B002447,C01724,2024-10-13,2024-11-21,Course,4,25200.0,Completed,,T00315,1,39,False,2024-25,11,2024-11,False,25200.0
B002448,C01725,2024-11-17,2024-11-21,Discovery Dive,1,4550.0,Completed,,T00315,2,4,False,2024-25,11,2024-11,False,4550.0
B002449,C01726,2024-11-06,2024-11-21,Course,5,24600.0,Cancelled,Weather,T00315,3,15,False,2024-25,11,2024-11,False,
B002450,C00996,2024-10-21,2024-11-21,Course,4,21250.0,Completed,,T00315,4,31,False,2024-25,11,2024-11,False,21250.0
B002451,C01727,2024-10-26,2024-11-21,Fun Dive,1,2900.0,Completed,,T00315,5,26,False,2024-25,11,2024-11,False,2900.0
B002452,C01728,2024-11-12,2024-11-21,Fun Dive,2,7350.0,Completed,,T00315,6,9,False,2024-25,11,2024-11,False,7350.0
B002453,C00030,2024-11-03,2024-11-21,Fun Dive,2,7000.0,Completed,,T00315,7,18,False,2024-25,11,2024-11,False,7000.0
B002454,C01729,2024-10-15,2024-11-21,Course,4,23450.0,Cancelled,Customer,T00315,10,37,False,2024-25,11,2024-11,False,
B002455,C01730,2024-10-21,2024-11-22,Discovery Dive,2,10500.0,Completed,,T00316,1,32,False,2024-25,11,2024-11,False,10500.0
B002456,C01731,2024-10-26,2024-11-22,Fun Dive,4,12300.0,Completed,,T00316,3,27,False,2024-25,11,2024-11,False,12300.0
B002457,C01732,2024-10-15,2024-11-22,Course,5,27300.0,Cancelled,Weather,T00316,4,38,False,2024-25,11,2024-11,False,
B002458,C01733,2024-11-15,2024-11-22,Fun Dive,1,3100.0,Cancelled,Unknown,T00316,5,7,False,2024-25,11,2024-11,False,
B002459,C01734,2024-10-24,2024-11-22,Fun Dive,2,7600.0,Completed,,T00316,6,29,False,2024-25,11,2024-11,False,7600.0
B002460,C01735,2024-10-20,2024-11-22,Discovery Dive,1,4500.0,No-show,,T00316,7,33,False,2024-25,11,2024-11,False,
B002461,C00381,2024-11-03,2024-11-22,Fun Dive,3,8700.0,Completed,,T00316,9,19,False,2024-25,11,2024-11,False,8700.0
B002462,C01736,2024-11-21,2024-11-23,Fun Dive,1,3450.0,Completed,,T00317,1,2,False,2024-25,11,2024-11,True,3450.0
B002463,C01737,2024-11-04,2024-11-23,Course,5,28700.0,Completed,,T00317,2,19,False,2024-25,11,2024-11,True,28700.0
B002464,C01738,2024-11-11,2024-11-23,Fun Dive,1,3200.0,Completed,,T00317,3,12,False,2024-25,11,2024-11,True,3200.0
B002465,C00946,2024-10-24,2024-11-23,Fun Dive,4,14800.0,Completed,,T00317,4,30,False,2024-25,11,2024-11,True,14800.0
B002466,C00996,2024-10-26,2024-11-23,Fun Dive,2,6550.0,Completed,,T00317,5,28,False,2024-25,11,2024-11,True,6550.0
B002467,C01739,2024-10-30,2024-11-23,Fun Dive,1,3850.0,Completed,,T00317,7,24,False,2024-25,11,2024-11,True,3850.0
B002468,C01369,2024-11-16,2024-11-23,Fun Dive,1,3800.0,Completed,,T00317,8,7,False,2024-25,11,2024-11,True,3800.0
B002469,C01285,2024-10-14,2024-11-23,Fun Dive,3,10350.0,Completed,,T00317,9,40,False,2024-25,11,2024-11,True,10350.0
B002470,C01293,2024-11-08,2024-11-23,Fun Dive,1,3100.0,Completed,,T00317,11,15,False,2024-25,11,2024-11,True,3100.0
B002471,C01740,2024-10-21,2024-11-24,Discovery Dive,1,4550.0,Completed,,T00318,1,34,False,2024-25,11,2024-11,True,4550.0
B002472,C01741,2024-10-20,2024-11-24,Discovery Dive,1,5600.0,Completed,,T00318,2,35,False,2024-25,11,2024-11,True,5600.0
B002473,C01742,2024-10-29,2024-11-24,Fun Dive,2,7000.0,Completed,,T00318,4,26,False,2024-25,11,2024-11,True,7000.0
B002474,C01743,2024-10-12,2024-11-24,Discovery Dive,1,4700.0,Completed,,T00318,5,43,False,2024-25,11,2024-11,True,4700.0
B002475,C01744,2024-10-25,2024-11-24,Fun Dive,2,7550.0,Cancelled,Weather,T00318,7,30,False,2024-25,11,2024-11,True,
B002476,C01745,2024-10-22,2024-11-24,Course,4,27650.0,Completed,,T00318,8,33,False,2024-25,11,2024-11,True,27650.0
B002477,C01746,2024-10-25,2024-11-24,Course,5,25650.0,Completed,,T00318,9,30,False,2024-25,11,2024-11,True,25650.0
B002478,C01260,2024-11-10,2024-11-25,Discovery Dive,1,5300.0,Completed,,T00319,1,15,False,2024-25,11,2024-11,False,5300.0
B002479,C01747,2024-11-21,2024-11-25,Fun Dive,3,11100.0,Completed,,T00319,2,4,False,2024-25,11,2024-11,False,11100.0
B002480,C01748,2024-11-23,2024-11-25,Discovery Dive,1,4150.0,Completed,,T00319,3,2,False,2024-25,11,2024-11,False,4150.0
B002481,C01749,2024-11-15,2024-11-25,Fun Dive,3,9400.0,Cancelled,Medical,T00319,4,10,False,2024-25,11,2024-11,False,
B002482,C01750,2024-10-14,2024-11-25,Fun Dive,1,3700.0,Completed,,T00319,6,42,False,2024-25,11,2024-11,False,3700.0
B002483,C01573,2024-11-02,2024-11-25,Discovery Dive,1,5000.0,Completed,,T00319,7,23,False,2024-25,11,2024-11,False,5000.0
B002484,C01751,2024-10-16,2024-11-25,Discovery Dive,1,4450.0,Cancelled,Customer,T00319,8,40,False,2024-25,11,2024-11,False,
B002485,C01092,2024-10-18,2024-11-26,Fun Dive,1,3550.0,Completed,,T00320,2,39,False,2024-25,11,2024-11,False,3550.0
B002486,C01752,2024-10-31,2024-11-26,Course,5,26250.0,Completed,,T00320,3,26,False,2024-25,11,2024-11,False,26250.0
B002487,C01753,2024-11-15,2024-11-26,Fun Dive,2,7300.0,Completed,,T00320,4,11,False,2024-25,11,2024-11,False,7300.0
B002488,C01754,2024-11-12,2024-11-26,Fun Dive,1,2950.0,Cancelled,Unknown,T00320,5,14,False,2024-25,11,2024-11,False,
B002489,C01755,2024-10-31,2024-11-26,Fun Dive,1,3800.0,Completed,,T00320,6,26,False,2024-25,11,2024-11,False,3800.0
B002490,C01756,2024-11-11,2024-11-26,Fun Dive,4,14200.0,Completed,,T00320,8,15,False,2024-25,11,2024-11,False,14200.0
B002491,C01757,2024-11-14,2024-11-27,Course,4,27700.0,Completed,,T00321,1,13,False,2024-25,11,2024-11,False,27700.0
B002492,C01758,2024-10-27,2024-11-27,Course,5,27050.0,Completed,,T00321,2,31,False,2024-25,11,2024-11,False,27050.0
B002493,C01759,2024-11-03,2024-11-27,Fun Dive,2,7750.0,Completed,,T00321,3,24,False,2024-25,11,2024-11,False,7750.0
B002494,C01760,2024-11-22,2024-11-27,Discovery Dive,1,5250.0,Completed,,T00321,5,5,False,2024-25,11,2024-11,False,5250.0
B002495,C01761,2024-11-21,2024-11-27,Fun Dive,1,3550.0,Completed,,T00321,6,6,False,2024-25,11,2024-11,False,3550.0
B002496,C01294,2024-10-27,2024-11-27,Discovery Dive,1,5300.0,Completed,,T00321,7,31,False,2024-25,11,2024-11,False,5300.0
B002497,C01762,2024-11-08,2024-11-27,Discovery Dive,1,4350.0,Completed,,T00321,8,19,False,2024-25,11,2024-11,False,4350.0
B002498,C01763,2024-11-19,2024-11-27,Fun Dive,2,7050.0,Completed,,T00322,2,8,False,2024-25,11,2024-11,False,7050.0
B002499,C01764,2024-10-19,2024-11-27,Fun Dive,1,3300.0,Completed,,T00322,3,39,False,2024-25,11,2024-11,False,3300.0
B002500,C01765,2024-11-20,2024-11-27,Fun Dive,3,10700.0,Completed,,T00322,4,7,False,2024-25,11,2024-11,False,10700.0
B002501,C01708,2024-11-09,2024-11-27,Fun Dive,4,13550.0,Completed,,T00322,6,18,False,2024-25,11,2024-11,False,13550.0
B002502,C01766,2024-11-27,2024-11-27,Fun Dive,1,3550.0,Completed,,T00322,7,0,False,2024-25,11,2024-11,False,3550.0
B002503,C01767,2024-10-21,2024-11-27,Fun Dive,4,11400.0,Completed,,T00322,8,37,False,2024-25,11,2024-11,False,11400.0
B002504,C01768,2024-10-15,2024-11-27,Discovery Dive,1,4650.0,Completed,,T00322,9,43,False,2024-25,11,2024-11,False,4650.0
B002505,C01769,2024-10-30,2024-11-27,Course,4,27050.0,Completed,,T00322,10,28,False,2024-25,11,2024-11,False,27050.0
B002506,C01770,2024-10-18,2024-11-27,Fun Dive,2,7250.0,Completed,,T00322,11,40,False,2024-25,11,2024-11,False,7250.0
B002507,C01771,2024-11-24,2024-11-27,Fun Dive,2,7950.0,Completed,,T00322,12,3,False,2024-25,11,2024-11,False,7950.0
B002508,C01772,2024-10-31,2024-11-28,Discovery Dive,2,9300.0,Completed,,T00323,2,28,False,2024-25,11,2024-11,False,9300.0
B002509,C01773,2024-11-15,2024-11-28,Course,5,24300.0,Completed,,T00323,3,13,False,2024-25,11,2024-11,False,24300.0
B002510,C01479,2024-11-26,2024-11-28,Fun Dive,2,7850.0,Completed,,T00323,4,2,False,2024-25,11,2024-11,False,7850.0
B002511,C01099,2024-11-13,2024-11-28,Fun Dive,2,6850.0,Completed,,T00323,5,15,False,2024-25,11,2024-11,False,6850.0
B002512,C01774,2024-11-07,2024-11-28,Fun Dive,1,3600.0,Completed,,T00323,6,21,False,2024-25,11,2024-11,False,3600.0
B002513,C01775,2024-10-27,2024-11-28,Fun Dive,1,3650.0,Completed,,T00323,7,32,False,2024-25,11,2024-11,False,3650.0
B002514,C01776,2024-11-26,2024-11-28,Discovery Dive,2,8500.0,Completed,,T00323,9,2,False,2024-25,11,2024-11,False,8500.0
B002515,C00761,2024-10-23,2024-11-28,Fun Dive,3,11150.0,Completed,,T00323,10,36,False,2024-25,11,2024-11,False,11150.0
B002516,C01777,2024-11-23,2024-11-28,Course,5,21650.0,Completed,,T00323,11,5,False,2024-25,11,2024-11,False,21650.0
B002517,C01778,2024-11-04,2024-11-29,Fun Dive,2,7350.0,Completed,,T00324,1,25,False,2024-25,11,2024-11,False,7350.0
B002518,C01779,2024-11-14,2024-11-29,Fun Dive,3,11450.0,Completed,,T00324,2,15,False,2024-25,11,2024-11,False,11450.0
B002519,C01780,2024-10-25,2024-11-29,Fun Dive,1,3550.0,Completed,,T00324,3,35,False,2024-25,11,2024-11,False,3550.0
B002520,C01781,2024-11-24,2024-11-29,Fun Dive,1,3550.0,Completed,,T00324,4,5,False,2024-25,11,2024-11,False,3550.0
B002521,C01782,2024-10-21,2024-11-29,Discovery Dive,1,5300.0,Completed,,T00324,5,39,False,2024-25,11,2024-11,False,5300.0
B002522,C00083,2024-10-17,2024-11-29,Fun Dive,4,12600.0,Completed,,T00324,7,43,False,2024-25,11,2024-11,False,12600.0
B002523,C01783,2024-11-11,2024-11-29,Fun Dive,2,7200.0,Completed,,T00324,8,18,False,2024-25,11,2024-11,False,7200.0
B002524,C01784,2024-11-23,2024-11-30,Fun Dive,2,6850.0,Completed,,T00325,1,7,False,2024-25,11,2024-11,True,6850.0
B002525,C01785,2024-10-25,2024-11-30,Fun Dive,3,11300.0,Completed,,T00325,2,36,False,2024-25,11,2024-11,True,11300.0
B002526,C01786,2024-10-31,2024-11-30,Fun Dive,4,12400.0,Completed,,T00325,4,30,False,2024-25,11,2024-11,True,12400.0
B002527,C01408,2024-11-16,2024-11-30,Fun Dive,1,3850.0,Completed,,T00325,5,14,False,2024-25,11,2024-11,True,3850.0
B002528,C01787,2024-11-25,2024-11-30,Fun Dive,4,12400.0,Completed,,T00325,6,5,False,2024-25,11,2024-11,True,12400.0
B002529,C01514,2024-11-30,2024-11-30,Fun Dive,3,10950.0,Completed,,T00325,7,0,False,2024-25,11,2024-11,True,10950.0
B002530,C01788,2024-11-30,2024-11-30,Fun Dive,2,6850.0,Completed,,T00325,8,0,False,2024-25,11,2024-11,True,6850.0
B002531,C01789,2024-11-20,2024-11-30,Discovery Dive,1,4850.0,Completed,,T00325,9,10,False,2024-25,11,2024-11,True,4850.0
B002532,C01790,2024-10-23,2024-11-30,Discovery Dive,1,5600.0,No-show,,T00325,11,38,False,2024-25,11,2024-11,True,
B002533,C01791,2024-11-30,2024-12-01,Course,4,26450.0,Completed,,T00326,2,1,False,2024-25,12,2024-12,True,26450.0
B002534,C01025,2024-11-16,2024-12-01,Fun Dive,1,3550.0,Cancelled,Unknown,T00326,3,15,False,2024-25,12,2024-12,True,
B002535,C01792,2024-11-09,2024-12-01,Discovery Dive,1,5650.0,Completed,,T00326,4,22,False,2024-25,12,2024-12,True,5650.0
B002536,C01517,2024-11-18,2024-12-01,Discovery Dive,1,5150.0,Cancelled,Customer,T00326,6,13,False,2024-25,12,2024-12,True,
B002537,C01229,2024-10-22,2024-12-01,Fun Dive,2,7800.0,Completed,,T00326,7,40,False,2024-25,12,2024-12,True,7800.0
B002538,C01793,2024-11-09,2024-12-01,Course,5,26700.0,Completed,,T00326,8,22,False,2024-25,12,2024-12,True,26700.0
B002539,C01226,2024-11-18,2024-12-01,Course,5,27500.0,Completed,,T00326,11,13,False,2024-25,12,2024-12,True,27500.0
B002540,C01794,2024-11-22,2024-12-01,Discovery Dive,1,4350.0,Cancelled,Customer,T00327,2,9,False,2024-25,12,2024-12,True,
B002541,C01795,2024-11-04,2024-12-01,Fun Dive,3,11850.0,Completed,,T00327,3,27,False,2024-25,12,2024-12,True,11850.0
B002542,C01796,2024-11-22,2024-12-01,Fun Dive,2,6700.0,Completed,,T00327,4,9,False,2024-25,12,2024-12,True,6700.0
B002543,C01122,2024-11-04,2024-12-01,Fun Dive,1,3550.0,Completed,,T00327,5,27,False,2024-25,12,2024-12,True,3550.0
B002544,C01797,2024-11-27,2024-12-01,Fun Dive,3,9950.0,Cancelled,Customer,T00327,8,4,False,2024-25,12,2024-12,True,
B002545,C01798,2024-11-17,2024-12-01,Fun Dive,3,11750.0,Completed,,T00327,9,14,False,2024-25,12,2024-12,True,11750.0
B002546,C01799,2024-11-09,2024-12-01,Fun Dive,2,7200.0,Completed,,T00327,10,22,False,2024-25,12,2024-12,True,7200.0
B002547,C01800,2024-11-12,2024-12-01,Fun Dive,1,3000.0,Cancelled,Weather,T00327,11,19,False,2024-25,12,2024-12,True,
B002548,C01801,2024-11-20,2024-12-02,Fun Dive,1,3550.0,No-show,,T00328,1,12,False,2024-25,12,2024-12,False,
B002549,C01802,2024-11-29,2024-12-02,Discovery Dive,1,5400.0,Cancelled,Customer,T00328,2,3,False,2024-25,12,2024-12,False,
B002550,C01803,2024-11-23,2024-12-02,Course,4,22600.0,Completed,,T00328,4,9,False,2024-25,12,2024-12,False,22600.0
B002551,C01804,2024-11-09,2024-12-02,Course,4,27350.0,Completed,,T00328,5,23,False,2024-25,12,2024-12,False,27350.0
B002552,C01805,2024-11-01,2024-12-02,Fun Dive,2,7200.0,Cancelled,Customer,T00328,6,31,False,2024-25,12,2024-12,False,
B002553,C01806,2024-11-30,2024-12-02,Fun Dive,1,3900.0,Completed,,T00328,8,2,False,2024-25,12,2024-12,False,3900.0
B002554,C01807,2024-10-21,2024-12-02,Discovery Dive,1,5050.0,Cancelled,Customer,T00328,9,42,False,2024-25,12,2024-12,False,
B002555,C01808,2024-10-27,2024-12-02,Fun Dive,4,13100.0,Completed,,T00328,10,36,False,2024-25,12,2024-12,False,13100.0
B002556,C01809,2024-11-10,2024-12-02,Course,4,21050.0,Completed,,T00328,12,22,False,2024-25,12,2024-12,False,21050.0
B002557,C01810,2024-11-25,2024-12-02,Fun Dive,2,6250.0,Completed,,T00329,1,7,False,2024-25,12,2024-12,False,6250.0
B002558,C01811,2024-12-01,2024-12-02,Fun Dive,1,3400.0,Completed,,T00329,3,1,False,2024-25,12,2024-12,False,3400.0
B002559,C01812,2024-10-31,2024-12-02,Course,5,27200.0,Completed,,T00329,5,32,False,2024-25,12,2024-12,False,27200.0
B002560,C01813,2024-11-14,2024-12-02,Fun Dive,2,7050.0,Completed,,T00329,6,18,False,2024-25,12,2024-12,False,7050.0
B002561,C01814,2024-11-08,2024-12-02,Course,4,23900.0,Completed,,T00329,7,24,False,2024-25,12,2024-12,False,23900.0
B002562,C01815,2024-12-01,2024-12-02,Fun Dive,1,3500.0,Completed,,T00329,8,1,False,2024-25,12,2024-12,False,3500.0
B002563,C01816,2024-11-24,2024-12-03,Fun Dive,1,3750.0,Completed,,T00330,1,9,False,2024-25,12,2024-12,False,3750.0
B002564,C01519,2024-11-30,2024-12-03,Fun Dive,2,8000.0,Completed,,T00330,2,3,False,2024-25,12,2024-12,False,8000.0
B002565,C01817,2024-11-05,2024-12-03,Discovery Dive,1,4650.0,Completed,,T00330,3,28,False,2024-25,12,2024-12,False,4650.0
B002566,C01818,2024-11-07,2024-12-03,Fun Dive,3,8650.0,Completed,,T00330,4,26,False,2024-25,12,2024-12,False,8650.0
B002567,C01819,2024-12-02,2024-12-03,Discovery Dive,2,9800.0,Completed,,T00330,5,1,False,2024-25,12,2024-12,False,9800.0
B002568,C01820,2024-10-27,2024-12-03,Fun Dive,2,7550.0,Completed,,T00330,7,37,False,2024-25,12,2024-12,False,7550.0
B002569,C01821,2024-11-25,2024-12-03,Discovery Dive,2,10200.0,Completed,,T00330,8,8,False,2024-25,12,2024-12,False,10200.0
B002570,C01822,2024-11-19,2024-12-03,Discovery Dive,1,5300.0,Cancelled,Customer,T00330,9,14,False,2024-25,12,2024-12,False,
B002571,C01823,2024-10-24,2024-12-04,Fun Dive,2,7150.0,Completed,,T00331,3,41,False,2024-25,12,2024-12,False,7150.0
B002572,C01068,2024-11-05,2024-12-04,Fun Dive,4,15400.0,Completed,,T00331,4,29,False,2024-25,12,2024-12,False,15400.0
B002573,C01326,2024-11-05,2024-12-04,Fun Dive,1,3550.0,Cancelled,Customer,T00331,5,29,False,2024-25,12,2024-12,False,
B002574,C01824,2024-11-21,2024-12-04,Fun Dive,2,7100.0,Completed,,T00331,7,13,False,2024-25,12,2024-12,False,7100.0
B002575,C01825,2024-11-28,2024-12-04,Fun Dive,4,15100.0,Completed,,T00331,8,6,False,2024-25,12,2024-12,False,15100.0
B002576,C01826,2024-11-08,2024-12-04,Fun Dive,4,15450.0,Completed,,T00331,9,26,False,2024-25,12,2024-12,False,15450.0
B002577,C01416,2024-12-04,2024-12-04,Fun Dive,4,14400.0,Completed,,T00332,1,0,False,2024-25,12,2024-12,False,14400.0
B002578,C01827,2024-11-24,2024-12-04,Discovery Dive,2,11300.0,Completed,,T00332,3,10,False,2024-25,12,2024-12,False,11300.0
B002579,C01828,2024-11-29,2024-12-04,Fun Dive,1,3100.0,Completed,,T00332,4,5,False,2024-25,12,2024-12,False,3100.0
B002580,C00384,2024-11-23,2024-12-04,Fun Dive,1,3800.0,Cancelled,Weather,T00332,5,11,False,2024-25,12,2024-12,False,
B002581,C01829,2024-10-27,2024-12-04,Fun Dive,3,11000.0,Completed,,T00332,6,38,False,2024-25,12,2024-12,False,11000.0
B002582,C01052,2024-11-05,2024-12-04,Discovery Dive,2,10400.0,Completed,,T00332,7,29,False,2024-25,12,2024-12,False,10400.0
B002583,C01830,2024-11-30,2024-12-04,Fun Dive,3,9700.0,Cancelled,Weather,T00332,9,4,False,2024-25,12,2024-12,False,
B002584,C01831,2024-10-23,2024-12-04,Discovery Dive,1,5400.0,Cancelled,Weather,T00332,11,42,False,2024-25,12,2024-12,False,
B002585,C01832,2024-11-28,2024-12-05,Discovery Dive,1,4450.0,Cancelled,Weather,T00333,1,7,False,2024-25,12,2024-12,False,
B002586,C01833,2024-12-02,2024-12-05,Discovery Dive,1,5200.0,Completed,,T00333,2,3,False,2024-25,12,2024-12,False,5200.0
B002587,C01834,2024-11-25,2024-12-05,Fun Dive,3,10850.0,Completed,,T00333,3,10,False,2024-25,12,2024-12,False,10850.0
B002588,C01835,2024-11-06,2024-12-05,Fun Dive,2,6900.0,Cancelled,Weather,T00333,6,29,False,2024-25,12,2024-12,False,
B002589,C01836,2024-11-13,2024-12-05,Fun Dive,1,3950.0,Completed,,T00333,7,22,False,2024-25,12,2024-12,False,3950.0
B002590,C01837,2024-11-02,2024-12-05,Fun Dive,1,3500.0,Completed,,T00333,8,33,False,2024-25,12,2024-12,False,3500.0
B002591,C01838,2024-10-23,2024-12-05,Discovery Dive,1,5050.0,Completed,,T00334,1,43,False,2024-25,12,2024-12,False,5050.0
B002592,C01839,2024-10-24,2024-12-05,Course,4,27700.0,Cancelled,Weather,T00334,2,42,False,2024-25,12,2024-12,False,
B002593,C01840,2024-11-17,2024-12-05,Course,4,26850.0,Completed,,T00334,3,18,False,2024-25,12,2024-12,False,26850.0
B002594,C01841,2024-10-25,2024-12-05,Discovery Dive,1,5050.0,Completed,,T00334,4,41,False,2024-25,12,2024-12,False,5050.0
B002595,C01842,2024-10-29,2024-12-05,Discovery Dive,2,10800.0,Completed,,T00334,5,37,False,2024-25,12,2024-12,False,10800.0
B002596,C01843,2024-11-29,2024-12-05,Discovery Dive,1,4100.0,Cancelled,Weather,T00334,7,6,False,2024-25,12,2024-12,False,
B002597,C01844,2024-11-07,2024-12-05,Fun Dive,1,3800.0,No-show,,T00334,8,28,False,2024-25,12,2024-12,False,
B002598,C01845,2024-10-26,2024-12-05,Fun Dive,4,14150.0,Completed,,T00334,9,40,False,2024-25,12,2024-12,False,14150.0
B002599,C01846,2024-11-11,2024-12-06,Fun Dive,1,3700.0,Cancelled,Weather,T00335,1,25,False,2024-25,12,2024-12,False,
B002600,C01847,2024-11-05,2024-12-06,Fun Dive,4,13400.0,Cancelled,Customer,T00335,2,31,False,2024-25,12,2024-12,False,
B002601,C00574,2024-11-10,2024-12-06,Fun Dive,3,11050.0,Completed,,T00335,4,26,False,2024-25,12,2024-12,False,11050.0
B002602,C01848,2024-11-26,2024-12-06,Discovery Dive,1,5350.0,Completed,,T00335,5,10,False,2024-25,12,2024-12,False,5350.0
B002603,C01849,2024-12-01,2024-12-06,Discovery Dive,1,5050.0,Cancelled,Weather,T00335,6,5,False,2024-25,12,2024-12,False,
B002604,C01850,2024-11-20,2024-12-06,Fun Dive,1,3250.0,Completed,,T00335,7,16,False,2024-25,12,2024-12,False,3250.0
B002605,C01851,2024-11-16,2024-12-06,Course,5,20650.0,Cancelled,Unknown,T00335,9,20,False,2024-25,12,2024-12,False,
B002606,C01852,2024-11-21,2024-12-06,Fun Dive,2,6900.0,Completed,,T00335,10,15,False,2024-25,12,2024-12,False,6900.0
B002607,C01853,2024-10-22,2024-12-06,Course,4,26600.0,Cancelled,Weather,T00336,1,45,False,2024-25,12,2024-12,False,
B002608,C01854,2024-11-02,2024-12-06,Fun Dive,2,7350.0,Completed,,T00336,2,34,False,2024-25,12,2024-12,False,7350.0
B002609,C01855,2024-11-04,2024-12-06,Course,4,24650.0,Cancelled,Medical,T00336,3,32,False,2024-25,12,2024-12,False,
B002610,C01678,2024-11-05,2024-12-06,Fun Dive,4,14150.0,Completed,,T00336,5,31,False,2024-25,12,2024-12,False,14150.0
B002611,C00985,2024-10-25,2024-12-06,Fun Dive,4,14950.0,Completed,,T00336,6,42,False,2024-25,12,2024-12,False,14950.0
B002612,C01856,2024-11-04,2024-12-06,Fun Dive,2,6750.0,Cancelled,Unknown,T00336,7,32,False,2024-25,12,2024-12,False,
B002613,C01857,2024-10-24,2024-12-06,Discovery Dive,1,5100.0,Completed,,T00336,8,43,False,2024-25,12,2024-12,False,5100.0
B002614,C01858,2024-11-22,2024-12-07,Discovery Dive,1,5500.0,Completed,,T00337,1,15,False,2024-25,12,2024-12,True,5500.0
B002615,C01859,2024-11-06,2024-12-07,Discovery Dive,1,4900.0,Completed,,T00337,2,31,False,2024-25,12,2024-12,True,4900.0
B002616,C01533,2024-10-25,2024-12-07,Fun Dive,4,12750.0,Cancelled,Weather,T00337,3,43,False,2024-25,12,2024-12,True,
B002617,C01860,2024-11-08,2024-12-07,Course,5,24650.0,Cancelled,Weather,T00337,4,29,False,2024-25,12,2024-12,True,
B002618,C01861,2024-10-23,2024-12-07,Fun Dive,4,12200.0,Cancelled,Weather,T00337,5,45,False,2024-25,12,2024-12,True,
B002619,C01862,2024-11-23,2024-12-07,Fun Dive,1,3550.0,Completed,,T00337,6,14,False,2024-25,12,2024-12,True,3550.0
B002620,C01863,2024-11-25,2024-12-07,Discovery Dive,1,5600.0,Cancelled,Customer,T00337,8,12,False,2024-25,12,2024-12,True,
B002621,C01289,2024-11-20,2024-12-07,Course,5,24500.0,No-show,,T00337,9,17,False,2024-25,12,2024-12,True,
B002622,C01864,2024-11-01,2024-12-07,Fun Dive,3,10300.0,Completed,,T00337,11,36,False,2024-25,12,2024-12,True,10300.0
B002623,C01536,2024-11-13,2024-12-07,Fun Dive,4,14200.0,Completed,,T00337,12,24,False,2024-25,12,2024-12,True,14200.0
B002624,C01865,2024-12-05,2024-12-07,Discovery Dive,1,5350.0,Cancelled,Weather,T00338,1,2,False,2024-25,12,2024-12,True,
B002625,C01866,2024-10-26,2024-12-07,Discovery Dive,1,5750.0,Completed,,T00338,2,42,False,2024-25,12,2024-12,True,5750.0
B002626,C01867,2024-11-18,2024-12-07,Discovery Dive,1,5400.0,Cancelled,Weather,T00338,4,19,False,2024-25,12,2024-12,True,
B002627,C01868,2024-11-01,2024-12-07,Fun Dive,1,4000.0,Completed,,T00338,5,36,False,2024-25,12,2024-12,True,4000.0
B004894,C03615,2025-10-11,2025-10-11,Fun Dive,3,8300.0,Completed,,T00643,1,0,False,2025-26,10,2025-10,True,8300.0
B002628,C01869,2024-11-04,2024-12-07,Discovery Dive,1,5350.0,Cancelled,Customer,T00338,6,33,False,2024-25,12,2024-12,True,
B002629,C01622,2024-12-02,2024-12-07,Discovery Dive,1,4900.0,Cancelled,Weather,T00338,7,5,False,2024-25,12,2024-12,True,
B002630,C01368,2024-11-19,2024-12-07,Fun Dive,1,3150.0,Completed,,T00338,8,18,False,2024-25,12,2024-12,True,3150.0
B002631,C01870,2024-11-29,2024-12-07,Discovery Dive,1,4400.0,Completed,,T00338,9,8,False,2024-25,12,2024-12,True,4400.0
B002632,C01779,2024-10-30,2024-12-07,Course,4,25300.0,Completed,,T00338,11,38,False,2024-25,12,2024-12,True,25300.0
B002633,C01871,2024-12-02,2024-12-08,Course,5,23050.0,Completed,,T00339,1,6,False,2024-25,12,2024-12,True,23050.0
B002634,C01872,2024-12-04,2024-12-08,Fun Dive,4,13350.0,Cancelled,Unknown,T00339,4,4,False,2024-25,12,2024-12,True,
B002635,C01747,2024-12-02,2024-12-08,Fun Dive,4,15250.0,No-show,,T00339,5,6,False,2024-25,12,2024-12,True,
B002636,C00974,2024-11-22,2024-12-08,Discovery Dive,1,5050.0,Completed,,T00339,6,16,False,2024-25,12,2024-12,True,5050.0
B002637,C01873,2024-11-17,2024-12-08,Fun Dive,4,12650.0,Completed,,T00339,7,21,False,2024-25,12,2024-12,True,12650.0
B002638,C01845,2024-12-05,2024-12-08,Fun Dive,2,7750.0,Completed,,T00339,8,3,False,2024-25,12,2024-12,True,7750.0
B002639,C01874,2024-10-29,2024-12-08,Discovery Dive,1,5600.0,Completed,,T00340,2,40,False,2024-25,12,2024-12,True,5600.0
B002640,C01875,2024-11-11,2024-12-08,Fun Dive,4,14050.0,Cancelled,Unknown,T00340,3,27,False,2024-25,12,2024-12,True,
B002641,C00079,2024-11-07,2024-12-08,Fun Dive,2,6850.0,Completed,,T00340,4,31,False,2024-25,12,2024-12,True,6850.0
B002642,C01803,2024-11-27,2024-12-08,Fun Dive,3,8950.0,Completed,,T00340,5,11,False,2024-25,12,2024-12,True,8950.0
B002643,C01876,2024-11-16,2024-12-08,Course,5,24550.0,Cancelled,Medical,T00340,6,22,False,2024-25,12,2024-12,True,
B002644,C01877,2024-11-07,2024-12-08,Fun Dive,3,9700.0,Completed,,T00340,7,31,False,2024-25,12,2024-12,True,9700.0
B002645,C01878,2024-11-27,2024-12-08,Discovery Dive,1,5450.0,Completed,,T00340,8,11,False,2024-25,12,2024-12,True,5450.0
B002646,C01879,2024-11-06,2024-12-08,Discovery Dive,1,5150.0,Cancelled,Customer,T00340,9,32,False,2024-25,12,2024-12,True,
B002647,C01880,2024-11-17,2024-12-08,Discovery Dive,1,5300.0,Completed,,T00340,10,21,False,2024-25,12,2024-12,True,5300.0
B002648,C01881,2024-11-14,2024-12-08,Fun Dive,2,6800.0,Cancelled,Customer,T00340,11,24,False,2024-25,12,2024-12,True,
B002649,C01882,2024-10-25,2024-12-08,Discovery Dive,1,5700.0,Completed,,T00341,1,44,False,2024-25,12,2024-12,True,5700.0
B003593,C02377,2025-02-08,2025-02-10,Discovery Dive,1,5300.0,Completed,,T00460,11,2,False,2024-25,2,2025-02,False,5300.0
B002650,C01883,2024-11-11,2024-12-08,Discovery Dive,1,5300.0,Completed,,T00341,2,27,False,2024-25,12,2024-12,True,5300.0
B002651,C01884,2024-11-09,2024-12-08,Discovery Dive,2,10600.0,Completed,,T00341,3,29,False,2024-25,12,2024-12,True,10600.0
B002652,C01885,2024-12-05,2024-12-08,Discovery Dive,1,4600.0,Completed,,T00341,4,3,False,2024-25,12,2024-12,True,4600.0
B002653,C01886,2024-11-05,2024-12-08,Fun Dive,1,3450.0,Cancelled,Customer,T00341,5,33,False,2024-25,12,2024-12,True,
B002654,C01887,2024-11-26,2024-12-08,Course,4,22900.0,Cancelled,Customer,T00341,6,12,False,2024-25,12,2024-12,True,
B002655,C00464,2024-10-29,2024-12-08,Fun Dive,2,6950.0,Completed,,T00341,7,40,False,2024-25,12,2024-12,True,6950.0
B002656,C01888,2024-11-28,2024-12-08,Discovery Dive,1,5350.0,Completed,,T00341,8,10,False,2024-25,12,2024-12,True,5350.0
B002657,C01669,2024-11-19,2024-12-09,Fun Dive,1,3800.0,Completed,,T00342,1,20,False,2024-25,12,2024-12,False,3800.0
B002658,C01889,2024-12-09,2024-12-09,Course,5,24700.0,Completed,,T00342,5,0,False,2024-25,12,2024-12,False,24700.0
B002659,C01853,2024-12-03,2024-12-09,Fun Dive,1,3600.0,Completed,,T00342,6,6,False,2024-25,12,2024-12,False,3600.0
B002660,C01890,2024-11-28,2024-12-09,Fun Dive,3,9750.0,Completed,,T00342,7,11,False,2024-25,12,2024-12,False,9750.0
B002661,C01891,2024-11-23,2024-12-09,Discovery Dive,1,5000.0,Completed,,T00342,8,16,False,2024-25,12,2024-12,False,5000.0
B002662,C01892,2024-12-09,2024-12-09,Discovery Dive,1,4400.0,Cancelled,Customer,T00342,9,0,False,2024-25,12,2024-12,False,
B002663,C00742,2024-11-25,2024-12-09,Discovery Dive,1,5250.0,Completed,,T00342,10,14,False,2024-25,12,2024-12,False,5250.0
B002664,C01893,2024-12-05,2024-12-10,Fun Dive,2,7400.0,Completed,,T00343,1,5,False,2024-25,12,2024-12,False,7400.0
B002665,C01668,2024-12-08,2024-12-10,Fun Dive,3,10050.0,Completed,,T00343,2,2,False,2024-25,12,2024-12,False,10050.0
B002666,C01894,2024-11-30,2024-12-10,Fun Dive,2,7150.0,Completed,,T00343,3,10,False,2024-25,12,2024-12,False,7150.0
B002667,C01895,2024-11-01,2024-12-10,Discovery Dive,1,5450.0,Cancelled,Customer,T00343,4,39,False,2024-25,12,2024-12,False,
B002668,C01459,2024-12-06,2024-12-10,Course,4,20800.0,Completed,,T00343,6,4,False,2024-25,12,2024-12,False,20800.0
B002669,C01896,2024-11-18,2024-12-10,Fun Dive,3,11400.0,Completed,,T00343,7,22,False,2024-25,12,2024-12,False,11400.0
B002670,C01897,2024-11-01,2024-12-10,Fun Dive,2,7150.0,Completed,,T00343,8,39,False,2024-25,12,2024-12,False,7150.0
B002671,C01898,2024-11-18,2024-12-10,Fun Dive,1,3500.0,Cancelled,Customer,T00344,1,22,False,2024-25,12,2024-12,False,
B002672,C01899,2024-11-03,2024-12-10,Discovery Dive,1,4150.0,Cancelled,Customer,T00344,2,37,False,2024-25,12,2024-12,False,
B002673,C01900,2024-11-19,2024-12-10,Fun Dive,2,6350.0,Completed,,T00344,3,21,False,2024-25,12,2024-12,False,6350.0
B002674,C01901,2024-10-27,2024-12-10,Fun Dive,3,10400.0,No-show,,T00344,4,44,False,2024-25,12,2024-12,False,
B002675,C01902,2024-12-05,2024-12-10,Discovery Dive,1,4250.0,Completed,,T00344,5,5,False,2024-25,12,2024-12,False,4250.0
B002676,C01903,2024-11-27,2024-12-10,Discovery Dive,1,4900.0,Completed,,T00344,6,13,False,2024-25,12,2024-12,False,4900.0
B002677,C01904,2024-11-23,2024-12-10,Discovery Dive,1,5500.0,Completed,,T00344,8,17,False,2024-25,12,2024-12,False,5500.0
B002678,C01905,2024-11-22,2024-12-10,Fun Dive,4,15800.0,Completed,,T00344,9,18,False,2024-25,12,2024-12,False,15800.0
B002679,C01906,2024-11-05,2024-12-10,Fun Dive,3,11750.0,Completed,,T00344,10,35,False,2024-25,12,2024-12,False,11750.0
B002680,C01907,2024-11-05,2024-12-10,Course,4,27500.0,Cancelled,Medical,T00344,12,35,False,2024-25,12,2024-12,False,
B002681,C01908,2024-11-29,2024-12-11,Fun Dive,2,7150.0,Completed,,T00345,1,12,False,2024-25,12,2024-12,False,7150.0
B002682,C01909,2024-11-08,2024-12-11,Discovery Dive,1,4650.0,No-show,,T00345,2,33,False,2024-25,12,2024-12,False,
B002683,C01809,2024-11-22,2024-12-11,Fun Dive,3,9800.0,No-show,,T00345,3,19,False,2024-25,12,2024-12,False,
B002684,C01910,2024-11-26,2024-12-11,Discovery Dive,1,5050.0,Cancelled,Customer,T00345,4,15,False,2024-25,12,2024-12,False,
B002685,C01911,2024-10-27,2024-12-11,Discovery Dive,1,5000.0,Completed,,T00345,5,45,False,2024-25,12,2024-12,False,5000.0
B002686,C01912,2024-11-22,2024-12-11,Fun Dive,2,7100.0,Completed,,T00345,6,19,False,2024-25,12,2024-12,False,7100.0
B002687,C01913,2024-12-09,2024-12-11,Course,5,24450.0,Completed,,T00345,7,2,False,2024-25,12,2024-12,False,24450.0
B002688,C01914,2024-11-05,2024-12-11,Fun Dive,1,3500.0,Completed,,T00345,8,36,False,2024-25,12,2024-12,False,3500.0
B002689,C01915,2024-11-18,2024-12-11,Discovery Dive,1,5300.0,Completed,,T00345,10,23,False,2024-25,12,2024-12,False,5300.0
B002690,C01339,2024-11-04,2024-12-11,Fun Dive,4,14350.0,Completed,,T00345,12,37,False,2024-25,12,2024-12,False,14350.0
B002691,C01916,2024-11-14,2024-12-12,Fun Dive,2,6850.0,Completed,,T00346,2,28,False,2024-25,12,2024-12,False,6850.0
B002692,C00066,2024-12-05,2024-12-12,Fun Dive,2,8000.0,Completed,,T00346,3,7,False,2024-25,12,2024-12,False,8000.0
B002693,C01917,2024-11-05,2024-12-12,Discovery Dive,1,4550.0,Cancelled,Customer,T00346,5,37,False,2024-25,12,2024-12,False,
B002694,C01918,2024-11-10,2024-12-12,Course,4,25600.0,Completed,,T00346,6,32,False,2024-25,12,2024-12,False,25600.0
B002695,C00708,2024-12-10,2024-12-12,Fun Dive,1,3850.0,Completed,,T00346,7,2,False,2024-25,12,2024-12,False,3850.0
B002696,C01919,2024-11-15,2024-12-12,Course,4,24950.0,No-show,,T00346,8,27,False,2024-25,12,2024-12,False,
B002697,C01920,2024-11-06,2024-12-12,Fun Dive,1,3600.0,Completed,,T00346,9,36,False,2024-25,12,2024-12,False,3600.0
B002698,C01921,2024-12-10,2024-12-12,Fun Dive,1,3800.0,Completed,,T00346,11,2,False,2024-25,12,2024-12,False,3800.0
B002699,C01062,2024-11-15,2024-12-12,Fun Dive,2,6600.0,Completed,,T00347,2,27,False,2024-25,12,2024-12,False,6600.0
B002700,C01922,2024-11-17,2024-12-12,Discovery Dive,2,10900.0,Completed,,T00347,3,25,False,2024-25,12,2024-12,False,10900.0
B002701,C01923,2024-11-01,2024-12-12,Discovery Dive,1,4600.0,No-show,,T00347,4,41,False,2024-25,12,2024-12,False,
B002702,C01678,2024-11-01,2024-12-12,Fun Dive,3,11000.0,Cancelled,Customer,T00347,6,41,False,2024-25,12,2024-12,False,
B002703,C01924,2024-12-03,2024-12-12,Fun Dive,1,3400.0,Completed,,T00347,7,9,False,2024-25,12,2024-12,False,3400.0
B002704,C01925,2024-12-01,2024-12-12,Discovery Dive,1,4500.0,Completed,,T00347,8,11,False,2024-25,12,2024-12,False,4500.0
B002705,C01926,2024-11-21,2024-12-13,Discovery Dive,2,9300.0,Completed,,T00348,1,22,False,2024-25,12,2024-12,False,9300.0
B002706,C01927,2024-11-13,2024-12-13,Fun Dive,1,3300.0,Completed,,T00348,2,30,False,2024-25,12,2024-12,False,3300.0
B002707,C01928,2024-11-28,2024-12-13,Course,4,25900.0,Cancelled,Weather,T00348,3,15,False,2024-25,12,2024-12,False,
B002708,C01929,2024-11-02,2024-12-13,Fun Dive,4,15100.0,Completed,,T00348,4,41,False,2024-25,12,2024-12,False,15100.0
B002709,C01930,2024-12-04,2024-12-13,Course,5,24350.0,Completed,,T00348,5,9,False,2024-25,12,2024-12,False,24350.0
B002710,C01931,2024-11-09,2024-12-13,Discovery Dive,2,10450.0,Completed,,T00348,6,34,False,2024-25,12,2024-12,False,10450.0
B002711,C01405,2024-11-13,2024-12-13,Fun Dive,1,3200.0,Completed,,T00348,7,30,False,2024-25,12,2024-12,False,3200.0
B002712,C01326,2024-12-08,2024-12-13,Course,5,23800.0,Completed,,T00348,8,5,False,2024-25,12,2024-12,False,23800.0
B002713,C01932,2024-11-16,2024-12-13,Fun Dive,2,7000.0,Completed,,T00348,9,27,False,2024-25,12,2024-12,False,7000.0
B002714,C01933,2024-11-06,2024-12-13,Fun Dive,4,11550.0,Completed,,T00348,10,37,False,2024-25,12,2024-12,False,11550.0
B002715,C01934,2024-11-11,2024-12-13,Fun Dive,3,10650.0,Completed,,T00349,1,32,False,2024-25,12,2024-12,False,10650.0
B002716,C01935,2024-12-10,2024-12-13,Discovery Dive,1,5700.0,Completed,,T00349,2,3,False,2024-25,12,2024-12,False,5700.0
B002717,C01936,2024-11-02,2024-12-13,Fun Dive,1,3500.0,Completed,,T00349,3,41,False,2024-25,12,2024-12,False,3500.0
B002718,C01165,2024-12-12,2024-12-13,Course,5,23600.0,Completed,,T00349,5,1,False,2024-25,12,2024-12,False,23600.0
B002719,C01937,2024-11-24,2024-12-13,Fun Dive,1,3550.0,Completed,,T00349,6,19,False,2024-25,12,2024-12,False,3550.0
B002720,C01938,2024-11-06,2024-12-14,Course,4,25800.0,Completed,,T00350,1,38,False,2024-25,12,2024-12,True,25800.0
B002721,C01939,2024-12-11,2024-12-14,Fun Dive,2,6950.0,Completed,,T00350,2,3,False,2024-25,12,2024-12,True,6950.0
B002722,C01940,2024-11-06,2024-12-14,Course,5,26550.0,Cancelled,Weather,T00350,3,38,False,2024-25,12,2024-12,True,
B002723,C01941,2024-12-07,2024-12-14,Course,4,23800.0,Completed,,T00350,4,7,False,2024-25,12,2024-12,True,23800.0
B002724,C01942,2024-11-20,2024-12-14,Fun Dive,1,3250.0,Cancelled,Medical,T00350,5,24,False,2024-25,12,2024-12,True,
B002725,C01943,2024-11-02,2024-12-14,Course,4,26300.0,No-show,,T00350,6,42,False,2024-25,12,2024-12,True,
B002726,C01944,2024-10-30,2024-12-14,Discovery Dive,1,5200.0,Completed,,T00350,8,45,False,2024-25,12,2024-12,True,5200.0
B002727,C01945,2024-11-21,2024-12-14,Fun Dive,1,3450.0,Completed,,T00350,10,23,False,2024-25,12,2024-12,True,3450.0
B002728,C01946,2024-11-26,2024-12-14,Fun Dive,4,15300.0,Completed,,T00350,11,18,False,2024-25,12,2024-12,True,15300.0
B002729,C01551,2024-11-03,2024-12-14,Fun Dive,1,3650.0,Cancelled,Unknown,T00351,1,41,False,2024-25,12,2024-12,True,
B002730,C01947,2024-12-13,2024-12-14,Fun Dive,3,9700.0,Completed,,T00351,2,1,False,2024-25,12,2024-12,True,9700.0
B002731,C01948,2024-12-07,2024-12-14,Fun Dive,2,6350.0,Completed,,T00351,3,7,False,2024-25,12,2024-12,True,6350.0
B002732,C01949,2024-11-25,2024-12-14,Course,4,27150.0,Completed,,T00351,4,19,False,2024-25,12,2024-12,True,27150.0
B002733,C01950,2024-11-10,2024-12-14,Fun Dive,1,3450.0,Cancelled,Customer,T00351,5,34,False,2024-25,12,2024-12,True,
B002734,C01951,2024-12-10,2024-12-14,Fun Dive,4,12950.0,Completed,,T00351,6,4,False,2024-25,12,2024-12,True,12950.0
B002735,C01952,2024-10-31,2024-12-14,Discovery Dive,1,5550.0,Completed,,T00351,7,44,False,2024-25,12,2024-12,True,5550.0
B002736,C01953,2024-11-17,2024-12-15,Discovery Dive,1,5050.0,Cancelled,Customer,T00352,1,28,False,2024-25,12,2024-12,True,
B002737,C01954,2024-12-03,2024-12-15,Discovery Dive,1,5500.0,Completed,,T00352,2,12,False,2024-25,12,2024-12,True,5500.0
B002738,C01209,2024-12-14,2024-12-15,Discovery Dive,1,4950.0,Completed,,T00352,3,1,False,2024-25,12,2024-12,True,4950.0
B002739,C01568,2024-11-27,2024-12-15,Fun Dive,1,3800.0,Completed,,T00352,5,18,False,2024-25,12,2024-12,True,3800.0
B002740,C01955,2024-11-06,2024-12-15,Discovery Dive,1,5550.0,Completed,,T00352,6,39,False,2024-25,12,2024-12,True,5550.0
B002741,C01956,2024-11-12,2024-12-15,Fun Dive,2,7050.0,Completed,,T00352,7,33,False,2024-25,12,2024-12,True,7050.0
B002742,C01957,2024-11-28,2024-12-15,Course,4,26900.0,No-show,,T00352,8,17,False,2024-25,12,2024-12,True,
B002743,C01958,2024-12-13,2024-12-15,Discovery Dive,1,5600.0,Completed,,T00352,9,2,False,2024-25,12,2024-12,True,5600.0
B002744,C01490,2024-11-05,2024-12-15,Fun Dive,4,14100.0,Completed,,T00352,10,40,False,2024-25,12,2024-12,True,14100.0
B002745,C01959,2024-11-29,2024-12-15,Fun Dive,2,6550.0,Cancelled,Customer,T00353,2,16,False,2024-25,12,2024-12,True,
B002746,C01960,2024-11-20,2024-12-15,Fun Dive,1,3600.0,Completed,,T00353,3,25,False,2024-25,12,2024-12,True,3600.0
B002747,C01961,2024-12-03,2024-12-15,Fun Dive,2,6550.0,Cancelled,Unknown,T00353,4,12,False,2024-25,12,2024-12,True,
B002748,C01626,2024-12-15,2024-12-15,Fun Dive,1,3900.0,Completed,,T00353,6,0,False,2024-25,12,2024-12,True,3900.0
B002749,C01885,2024-11-10,2024-12-15,Course,4,20600.0,Cancelled,Customer,T00353,7,35,False,2024-25,12,2024-12,True,
B002750,C01962,2024-12-02,2024-12-15,Discovery Dive,1,5100.0,Completed,,T00353,8,13,False,2024-25,12,2024-12,True,5100.0
B002751,C01852,2024-11-20,2024-12-15,Fun Dive,1,3800.0,Completed,,T00353,9,25,False,2024-25,12,2024-12,True,3800.0
B002752,C01963,2024-12-12,2024-12-15,Discovery Dive,1,4650.0,Completed,,T00353,10,3,False,2024-25,12,2024-12,True,4650.0
B002753,C01964,2024-12-01,2024-12-15,Fun Dive,4,14600.0,Completed,,T00353,11,14,False,2024-25,12,2024-12,True,14600.0
B002754,C01159,2024-12-12,2024-12-15,Fun Dive,2,7200.0,Completed,,T00353,12,3,False,2024-25,12,2024-12,True,7200.0
B002755,C01965,2024-12-15,2024-12-16,Discovery Dive,1,5300.0,Completed,,T00354,1,1,False,2024-25,12,2024-12,False,5300.0
B002756,C01966,2024-11-20,2024-12-16,Fun Dive,4,15400.0,Cancelled,Customer,T00354,2,26,False,2024-25,12,2024-12,False,
B002757,C01967,2024-12-14,2024-12-16,Fun Dive,4,15850.0,Completed,,T00354,3,2,False,2024-25,12,2024-12,False,15850.0
B002758,C01968,2024-11-07,2024-12-16,Fun Dive,3,10150.0,Completed,,T00354,4,39,False,2024-25,12,2024-12,False,10150.0
B002759,C01969,2024-11-30,2024-12-16,Fun Dive,3,11500.0,Completed,,T00354,5,16,False,2024-25,12,2024-12,False,11500.0
B002760,C01970,2024-11-20,2024-12-16,Course,5,21000.0,Completed,,T00354,6,26,False,2024-25,12,2024-12,False,21000.0
B002761,C00716,2024-12-14,2024-12-16,Fun Dive,3,11900.0,Completed,,T00354,7,2,False,2024-25,12,2024-12,False,11900.0
B002762,C01971,2024-11-30,2024-12-16,Fun Dive,2,5800.0,Completed,,T00355,2,16,False,2024-25,12,2024-12,False,5800.0
B002763,C01972,2024-11-01,2024-12-16,Discovery Dive,1,5050.0,Completed,,T00355,4,45,False,2024-25,12,2024-12,False,5050.0
B002764,C01973,2024-11-04,2024-12-16,Discovery Dive,1,5200.0,No-show,,T00355,5,42,False,2024-25,12,2024-12,False,
B002765,C01974,2024-11-15,2024-12-16,Fun Dive,1,3100.0,Completed,,T00355,6,31,False,2024-25,12,2024-12,False,3100.0
B002766,C01965,2024-11-03,2024-12-16,Discovery Dive,1,5450.0,Completed,,T00355,7,43,False,2024-25,12,2024-12,False,5450.0
B002767,C01975,2024-11-23,2024-12-16,Discovery Dive,1,4450.0,Completed,,T00355,8,23,False,2024-25,12,2024-12,False,4450.0
B002768,C00435,2024-11-12,2024-12-17,Course,5,25750.0,Completed,,T00356,1,35,False,2024-25,12,2024-12,False,25750.0
B002769,C00424,2024-12-17,2024-12-17,Fun Dive,2,7200.0,Completed,,T00356,2,0,False,2024-25,12,2024-12,False,7200.0
B002770,C01976,2024-12-15,2024-12-17,Discovery Dive,1,4700.0,Completed,,T00356,5,2,False,2024-25,12,2024-12,False,4700.0
B002771,C01977,2024-12-15,2024-12-17,Fun Dive,1,2850.0,Completed,,T00356,6,2,False,2024-25,12,2024-12,False,2850.0
B002772,C01757,2024-12-05,2024-12-17,Fun Dive,2,7100.0,Cancelled,Medical,T00356,7,12,False,2024-25,12,2024-12,False,
B002773,C01978,2024-11-10,2024-12-17,Course,4,25250.0,Completed,,T00356,9,37,False,2024-25,12,2024-12,False,25250.0
B002774,C01979,2024-11-27,2024-12-17,Fun Dive,1,3800.0,Completed,,T00356,10,20,False,2024-25,12,2024-12,False,3800.0
B002775,C01980,2024-12-03,2024-12-17,Discovery Dive,2,10450.0,Completed,,T00356,11,14,False,2024-25,12,2024-12,False,10450.0
B002776,C01981,2024-12-07,2024-12-17,Fun Dive,3,8500.0,No-show,,T00356,12,10,False,2024-25,12,2024-12,False,
B002777,C01266,2024-11-20,2024-12-18,Fun Dive,2,7000.0,Completed,,T00357,1,28,False,2024-25,12,2024-12,False,7000.0
B002778,C01982,2024-11-04,2024-12-18,Fun Dive,1,3700.0,Completed,,T00357,2,44,False,2024-25,12,2024-12,False,3700.0
B002779,C01983,2024-11-04,2024-12-18,Discovery Dive,1,4800.0,Completed,,T00357,3,44,False,2024-25,12,2024-12,False,4800.0
B002780,C01984,2024-12-08,2024-12-18,Course,5,26350.0,Completed,,T00357,4,10,False,2024-25,12,2024-12,False,26350.0
B002781,C01985,2024-11-25,2024-12-18,Discovery Dive,2,11450.0,Completed,,T00357,5,23,False,2024-25,12,2024-12,False,11450.0
B002782,C01986,2024-12-13,2024-12-18,Course,5,27200.0,Cancelled,Customer,T00357,6,5,False,2024-25,12,2024-12,False,
B007082,C05420,2026-04-12,2026-05-21,Fun Dive,1,3400.0,Completed,,T00912,6,39,False,2025-26,5,2026-05,False,3400.0
B002783,C01987,2024-12-08,2024-12-18,Discovery Dive,1,5050.0,No-show,,T00357,8,10,False,2024-25,12,2024-12,False,
B002784,C01988,2024-11-18,2024-12-18,Course,5,24650.0,Completed,,T00357,9,30,False,2024-25,12,2024-12,False,24650.0
B002785,C01989,2024-12-01,2024-12-18,Discovery Dive,1,5250.0,Completed,,T00357,10,17,False,2024-25,12,2024-12,False,5250.0
B002786,C01990,2024-12-01,2024-12-18,Discovery Dive,1,4600.0,Completed,,T00358,1,17,False,2024-25,12,2024-12,False,4600.0
B002787,C01991,2024-11-18,2024-12-18,Discovery Dive,1,5100.0,Completed,,T00358,2,30,False,2024-25,12,2024-12,False,5100.0
B002788,C01992,2024-11-18,2024-12-18,Course,4,27200.0,Completed,,T00358,3,30,False,2024-25,12,2024-12,False,27200.0
B002789,C01993,2024-12-16,2024-12-18,Fun Dive,3,11550.0,Cancelled,Unknown,T00358,4,2,False,2024-25,12,2024-12,False,
B002790,C01994,2024-12-03,2024-12-18,Fun Dive,2,7250.0,Cancelled,Medical,T00358,5,15,False,2024-25,12,2024-12,False,
B002791,C01961,2024-11-06,2024-12-18,Fun Dive,4,14800.0,Completed,,T00358,6,42,False,2024-25,12,2024-12,False,14800.0
B002792,C01995,2024-11-24,2024-12-18,Discovery Dive,2,10750.0,Completed,,T00358,9,24,False,2024-25,12,2024-12,False,10750.0
B002793,C01996,2024-12-01,2024-12-18,Discovery Dive,1,4700.0,Cancelled,Medical,T00358,10,17,False,2024-25,12,2024-12,False,
B002794,C01997,2024-12-18,2024-12-19,Discovery Dive,1,5400.0,Completed,,T00359,1,1,False,2024-25,12,2024-12,False,5400.0
B002795,C01434,2024-11-22,2024-12-19,Course,5,22100.0,Cancelled,Medical,T00359,2,27,False,2024-25,12,2024-12,False,
B002796,C01998,2024-12-05,2024-12-19,Fun Dive,3,10800.0,Completed,,T00359,4,14,False,2024-25,12,2024-12,False,10800.0
B002797,C01999,2024-11-16,2024-12-19,Discovery Dive,1,5650.0,Completed,,T00359,5,33,False,2024-25,12,2024-12,False,5650.0
B002798,C01812,2024-12-06,2024-12-19,Fun Dive,1,3550.0,Completed,,T00359,6,13,False,2024-25,12,2024-12,False,3550.0
B002799,C02000,2024-11-19,2024-12-19,Fun Dive,1,3800.0,Cancelled,Unknown,T00359,7,30,False,2024-25,12,2024-12,False,
B002800,C01177,2024-11-18,2024-12-19,Fun Dive,2,6950.0,Completed,,T00359,8,31,False,2024-25,12,2024-12,False,6950.0
B002801,C02001,2024-12-06,2024-12-19,Course,5,26950.0,Completed,,T00359,9,13,False,2024-25,12,2024-12,False,26950.0
B002802,C02002,2024-12-12,2024-12-19,Fun Dive,2,7650.0,Completed,,T00359,10,7,False,2024-25,12,2024-12,False,7650.0
B002803,C02003,2024-12-17,2024-12-19,Fun Dive,2,6000.0,Completed,,T00359,12,2,False,2024-25,12,2024-12,False,6000.0
B002804,C02004,2024-11-19,2024-12-19,Discovery Dive,1,5450.0,Completed,,T00360,1,30,False,2024-25,12,2024-12,False,5450.0
B002805,C02005,2024-11-19,2024-12-19,Course,4,28300.0,Completed,,T00360,2,30,False,2024-25,12,2024-12,False,28300.0
B002806,C02006,2024-11-06,2024-12-19,Fun Dive,2,7300.0,No-show,,T00360,3,43,False,2024-25,12,2024-12,False,
B002807,C02007,2024-11-13,2024-12-19,Discovery Dive,1,5050.0,Cancelled,Unknown,T00360,4,36,False,2024-25,12,2024-12,False,
B002808,C02008,2024-11-30,2024-12-19,Discovery Dive,1,5400.0,Completed,,T00360,5,19,False,2024-25,12,2024-12,False,5400.0
B002809,C02009,2024-12-07,2024-12-19,Discovery Dive,2,10700.0,Completed,,T00360,6,12,False,2024-25,12,2024-12,False,10700.0
B002810,C02010,2024-11-11,2024-12-19,Fun Dive,1,3550.0,Completed,,T00360,7,38,False,2024-25,12,2024-12,False,3550.0
B002811,C02011,2024-11-14,2024-12-19,Fun Dive,3,10400.0,Completed,,T00360,8,35,False,2024-25,12,2024-12,False,10400.0
B002812,C02012,2024-11-04,2024-12-19,Discovery Dive,1,5650.0,Completed,,T00360,9,45,False,2024-25,12,2024-12,False,5650.0
B002813,C02013,2024-11-29,2024-12-20,Fun Dive,1,3500.0,Completed,,T00361,1,21,False,2024-25,12,2024-12,False,3500.0
B002814,C01451,2024-12-17,2024-12-20,Fun Dive,1,3650.0,Cancelled,Customer,T00361,2,3,False,2024-25,12,2024-12,False,
B002815,C00005,2024-12-01,2024-12-20,Fun Dive,4,13800.0,Completed,,T00361,3,19,False,2024-25,12,2024-12,False,13800.0
B002816,C02014,2024-11-09,2024-12-20,Course,4,26900.0,Completed,,T00361,4,41,False,2024-25,12,2024-12,False,26900.0
B002817,C02015,2024-11-06,2024-12-20,Fun Dive,3,10950.0,Completed,,T00361,5,44,False,2024-25,12,2024-12,False,10950.0
B002818,C01385,2024-11-13,2024-12-20,Fun Dive,1,3550.0,Cancelled,Weather,T00361,7,37,False,2024-25,12,2024-12,False,
B002819,C02016,2024-11-16,2024-12-20,Discovery Dive,1,5550.0,Cancelled,Customer,T00361,9,34,False,2024-25,12,2024-12,False,
B002820,C02017,2024-11-13,2024-12-20,Course,5,20950.0,Completed,,T00362,1,37,False,2024-25,12,2024-12,False,20950.0
B002821,C02018,2024-12-10,2024-12-20,Discovery Dive,1,4950.0,Completed,,T00362,2,10,False,2024-25,12,2024-12,False,4950.0
B002822,C02019,2024-12-05,2024-12-20,Discovery Dive,1,5150.0,Completed,,T00362,3,15,False,2024-25,12,2024-12,False,5150.0
B002823,C02020,2024-11-23,2024-12-20,Fun Dive,4,14700.0,Completed,,T00362,4,27,False,2024-25,12,2024-12,False,14700.0
B002824,C01954,2024-11-12,2024-12-20,Course,5,27050.0,Cancelled,Unknown,T00362,5,38,False,2024-25,12,2024-12,False,
B002825,C02021,2024-12-13,2024-12-20,Discovery Dive,1,4100.0,Completed,,T00362,6,7,False,2024-25,12,2024-12,False,4100.0
B002826,C02022,2024-12-03,2024-12-20,Fun Dive,4,16000.0,Completed,,T00362,7,17,False,2024-25,12,2024-12,False,16000.0
B002827,C02023,2024-11-08,2024-12-20,Course,5,24300.0,Completed,,T00362,9,42,False,2024-25,12,2024-12,False,24300.0
B002828,C02024,2024-11-19,2024-12-20,Discovery Dive,1,4900.0,Completed,,T00362,10,31,False,2024-25,12,2024-12,False,4900.0
B002829,C02025,2024-11-13,2024-12-21,Course,4,27600.0,Completed,,T00363,1,38,False,2024-25,12,2024-12,True,27600.0
B002830,C02026,2024-12-10,2024-12-21,Discovery Dive,2,9700.0,Cancelled,Customer,T00363,3,11,False,2024-25,12,2024-12,True,
B002831,C02027,2024-11-14,2024-12-21,Fun Dive,2,6950.0,Completed,,T00363,4,37,False,2024-25,12,2024-12,True,6950.0
B002832,C02028,2024-11-18,2024-12-21,Fun Dive,1,3300.0,Completed,,T00363,5,33,False,2024-25,12,2024-12,True,3300.0
B002833,C01768,2024-11-24,2024-12-21,Discovery Dive,1,4700.0,Completed,,T00363,7,27,False,2024-25,12,2024-12,True,4700.0
B002834,C01614,2024-11-16,2024-12-21,Course,5,26750.0,Completed,,T00363,8,35,False,2024-25,12,2024-12,True,26750.0
B002835,C01387,2024-11-22,2024-12-21,Discovery Dive,1,5100.0,Completed,,T00363,9,29,False,2024-25,12,2024-12,True,5100.0
B002836,C02029,2024-12-04,2024-12-21,Fun Dive,1,3500.0,Completed,,T00363,10,17,False,2024-25,12,2024-12,True,3500.0
B002837,C02030,2024-12-21,2024-12-21,Discovery Dive,1,5650.0,No-show,,T00364,1,0,False,2024-25,12,2024-12,True,
B002838,C00210,2024-11-25,2024-12-21,Fun Dive,3,10800.0,Completed,,T00364,2,26,False,2024-25,12,2024-12,True,10800.0
B002839,C02031,2024-12-13,2024-12-21,Fun Dive,4,13850.0,Completed,,T00364,4,8,False,2024-25,12,2024-12,True,13850.0
B002840,C02032,2024-12-02,2024-12-21,Fun Dive,1,3400.0,Cancelled,Customer,T00364,6,19,False,2024-25,12,2024-12,True,
B002841,C02033,2024-12-16,2024-12-21,Course,5,24450.0,No-show,,T00364,7,5,False,2024-25,12,2024-12,True,
B002842,C00790,2024-12-04,2024-12-21,Fun Dive,1,3400.0,Cancelled,Customer,T00364,8,17,False,2024-25,12,2024-12,True,
B002843,C02034,2024-11-22,2024-12-21,Discovery Dive,2,10500.0,Completed,,T00364,9,29,False,2024-25,12,2024-12,True,10500.0
B002844,C02035,2024-11-08,2024-12-21,Fun Dive,2,7850.0,Completed,,T00364,11,43,False,2024-25,12,2024-12,True,7850.0
B002845,C02036,2024-12-13,2024-12-22,Fun Dive,4,14750.0,Completed,,T00365,1,9,False,2024-25,12,2024-12,True,14750.0
B002846,C02037,2024-11-11,2024-12-22,Discovery Dive,1,4250.0,Cancelled,Customer,T00365,2,41,False,2024-25,12,2024-12,True,
B002847,C02038,2024-12-05,2024-12-22,Discovery Dive,1,5600.0,Cancelled,Weather,T00365,3,17,False,2024-25,12,2024-12,True,
B002848,C02039,2024-11-30,2024-12-22,Discovery Dive,1,4300.0,Cancelled,Unknown,T00365,4,22,False,2024-25,12,2024-12,True,
B002849,C02040,2024-11-28,2024-12-22,Fun Dive,2,7500.0,Completed,,T00365,6,24,False,2024-25,12,2024-12,True,7500.0
B002850,C02041,2024-11-09,2024-12-22,Fun Dive,1,3450.0,Cancelled,Weather,T00365,7,43,False,2024-25,12,2024-12,True,
B002851,C02042,2024-11-24,2024-12-22,Discovery Dive,1,5100.0,Completed,,T00365,8,28,False,2024-25,12,2024-12,True,5100.0
B002852,C02043,2024-12-16,2024-12-22,Discovery Dive,1,4200.0,Cancelled,Customer,T00365,9,6,False,2024-25,12,2024-12,True,
B002853,C02044,2024-12-01,2024-12-22,Discovery Dive,1,4750.0,No-show,,T00365,10,21,False,2024-25,12,2024-12,True,
B002854,C01917,2024-11-21,2024-12-23,Fun Dive,4,13200.0,Completed,,T00366,1,32,False,2024-25,12,2024-12,False,13200.0
B002855,C02045,2024-12-23,2024-12-23,Discovery Dive,1,4250.0,Completed,,T00366,2,0,False,2024-25,12,2024-12,False,4250.0
B002856,C01871,2024-12-17,2024-12-23,Fun Dive,4,13700.0,Completed,,T00366,3,6,False,2024-25,12,2024-12,False,13700.0
B002857,C02046,2024-11-29,2024-12-23,Fun Dive,3,9100.0,Completed,,T00366,4,24,False,2024-25,12,2024-12,False,9100.0
B002858,C01120,2024-12-22,2024-12-23,Fun Dive,1,2850.0,Completed,,T00366,5,1,False,2024-25,12,2024-12,False,2850.0
B002859,C01382,2024-12-15,2024-12-23,Fun Dive,2,6900.0,Completed,,T00366,6,8,False,2024-25,12,2024-12,False,6900.0
B002860,C02047,2024-11-13,2024-12-23,Discovery Dive,1,4600.0,Completed,,T00366,7,40,False,2024-25,12,2024-12,False,4600.0
B002861,C01732,2024-12-19,2024-12-23,Fun Dive,2,7700.0,Cancelled,Unknown,T00366,9,4,False,2024-25,12,2024-12,False,
B002862,C02048,2024-12-01,2024-12-23,Fun Dive,4,11850.0,Completed,,T00366,10,22,False,2024-25,12,2024-12,False,11850.0
B002863,C02049,2024-12-05,2024-12-23,Discovery Dive,1,5350.0,Completed,,T00367,1,18,False,2024-25,12,2024-12,False,5350.0
B002864,C02050,2024-11-19,2024-12-23,Fun Dive,1,3250.0,Completed,,T00367,2,34,False,2024-25,12,2024-12,False,3250.0
B002865,C02051,2024-11-30,2024-12-23,Fun Dive,1,3150.0,Completed,,T00367,3,23,False,2024-25,12,2024-12,False,3150.0
B002866,C02052,2024-12-01,2024-12-23,Fun Dive,1,3500.0,Completed,,T00367,4,22,False,2024-25,12,2024-12,False,3500.0
B002867,C02053,2024-11-30,2024-12-23,Fun Dive,2,6950.0,Completed,,T00367,5,23,False,2024-25,12,2024-12,False,6950.0
B002868,C02054,2024-11-23,2024-12-23,Fun Dive,1,3450.0,Completed,,T00367,6,30,False,2024-25,12,2024-12,False,3450.0
B002869,C02055,2024-12-22,2024-12-23,Course,4,22500.0,Completed,,T00367,8,1,False,2024-25,12,2024-12,False,22500.0
B002870,C02056,2024-12-20,2024-12-24,Course,4,23250.0,Completed,,T00368,1,4,False,2024-25,12,2024-12,False,23250.0
B002871,C02057,2024-11-19,2024-12-24,Discovery Dive,1,5400.0,No-show,,T00368,3,35,False,2024-25,12,2024-12,False,
B002872,C02058,2024-12-19,2024-12-24,Discovery Dive,1,4150.0,Completed,,T00368,4,5,False,2024-25,12,2024-12,False,4150.0
B002873,C02052,2024-12-01,2024-12-24,Fun Dive,3,11350.0,Completed,,T00368,5,23,False,2024-25,12,2024-12,False,11350.0
B002874,C02059,2024-12-10,2024-12-24,Discovery Dive,1,5450.0,Completed,,T00368,7,14,False,2024-25,12,2024-12,False,5450.0
B002875,C02060,2024-11-25,2024-12-24,Course,5,27900.0,Cancelled,Customer,T00368,8,29,False,2024-25,12,2024-12,False,
B002876,C01449,2024-11-18,2024-12-24,Fun Dive,2,6500.0,Completed,,T00368,9,36,False,2024-25,12,2024-12,False,6500.0
B002877,C02061,2024-12-24,2024-12-24,Course,4,25900.0,Completed,,T00368,10,0,False,2024-25,12,2024-12,False,25900.0
B002878,C02062,2024-12-21,2024-12-24,Discovery Dive,1,5300.0,Completed,,T00368,11,3,False,2024-25,12,2024-12,False,5300.0
B002879,C02063,2024-12-14,2024-12-24,Fun Dive,1,3600.0,Completed,,T00368,12,10,False,2024-25,12,2024-12,False,3600.0
B002880,C02064,2024-12-09,2024-12-25,Discovery Dive,1,5150.0,Completed,,T00369,1,16,False,2024-25,12,2024-12,False,5150.0
B002881,C02065,2024-11-26,2024-12-25,Discovery Dive,2,9550.0,Completed,,T00369,4,29,False,2024-25,12,2024-12,False,9550.0
B002882,C02066,2024-12-06,2024-12-25,Fun Dive,2,7050.0,Completed,,T00369,5,19,False,2024-25,12,2024-12,False,7050.0
B002883,C02067,2024-12-17,2024-12-25,Course,5,28350.0,Completed,,T00369,6,8,False,2024-25,12,2024-12,False,28350.0
B002884,C02068,2024-12-22,2024-12-25,Discovery Dive,2,11100.0,Completed,,T00369,7,3,False,2024-25,12,2024-12,False,11100.0
B002885,C01933,2024-12-24,2024-12-25,Fun Dive,1,3150.0,Cancelled,Customer,T00369,8,1,False,2024-25,12,2024-12,False,
B002886,C00536,2024-12-25,2024-12-25,Discovery Dive,1,5300.0,Completed,,T00369,9,0,False,2024-25,12,2024-12,False,5300.0
B002887,C02069,2024-11-28,2024-12-25,Fun Dive,1,3650.0,Completed,,T00369,10,27,False,2024-25,12,2024-12,False,3650.0
B002888,C02070,2024-12-08,2024-12-25,Course,5,20700.0,Completed,,T00369,11,17,False,2024-25,12,2024-12,False,20700.0
B002889,C02071,2024-11-13,2024-12-25,Fun Dive,1,3550.0,Cancelled,Customer,T00369,12,42,False,2024-25,12,2024-12,False,
B002890,C02072,2024-12-13,2024-12-26,Discovery Dive,1,4900.0,No-show,,T00370,1,13,False,2024-25,12,2024-12,False,
B002891,C02073,2024-12-01,2024-12-26,Fun Dive,2,5750.0,Completed,,T00370,2,25,False,2024-25,12,2024-12,False,5750.0
B002892,C01387,2024-11-13,2024-12-26,Discovery Dive,1,5400.0,Completed,,T00370,3,43,False,2024-25,12,2024-12,False,5400.0
B002893,C01564,2024-12-20,2024-12-26,Fun Dive,1,3750.0,Cancelled,Weather,T00370,5,6,False,2024-25,12,2024-12,False,
B002894,C02074,2024-12-10,2024-12-26,Course,4,25450.0,Completed,,T00370,7,16,False,2024-25,12,2024-12,False,25450.0
B002895,C02075,2024-12-24,2024-12-26,Fun Dive,2,,Completed,,T00370,8,2,True,2024-25,12,2024-12,False,
B002896,C02076,2024-12-01,2024-12-26,Course,5,28600.0,Cancelled,Unknown,T00370,9,25,False,2024-25,12,2024-12,False,
B002897,C02077,2024-12-22,2024-12-26,Course,5,27800.0,Completed,,T00370,11,4,False,2024-25,12,2024-12,False,27800.0
B002898,C02078,2024-11-27,2024-12-26,Fun Dive,4,14150.0,Completed,,T00371,1,29,False,2024-25,12,2024-12,False,14150.0
B002899,C00306,2024-12-02,2024-12-26,Fun Dive,4,11650.0,Completed,,T00371,2,24,False,2024-25,12,2024-12,False,11650.0
B002900,C02079,2024-11-18,2024-12-26,Course,5,27750.0,Cancelled,Customer,T00371,3,38,False,2024-25,12,2024-12,False,
B002901,C02080,2024-11-28,2024-12-26,Fun Dive,1,3550.0,Completed,,T00371,6,28,False,2024-25,12,2024-12,False,3550.0
B002902,C02081,2024-12-05,2024-12-26,Discovery Dive,1,4900.0,Completed,,T00371,7,21,False,2024-25,12,2024-12,False,4900.0
B002903,C02082,2024-12-20,2024-12-26,Course,5,25400.0,Completed,,T00371,8,6,False,2024-25,12,2024-12,False,25400.0
B002904,C02083,2024-12-16,2024-12-26,Fun Dive,3,10350.0,Completed,,T00371,9,10,False,2024-25,12,2024-12,False,10350.0
B002905,C01593,2024-12-03,2024-12-27,Fun Dive,3,10800.0,Completed,,T00372,2,24,False,2024-25,12,2024-12,False,10800.0
B002906,C02084,2024-11-20,2024-12-27,Discovery Dive,1,4800.0,Completed,,T00372,3,37,False,2024-25,12,2024-12,False,4800.0
B002907,C00805,2024-11-27,2024-12-27,Fun Dive,1,3600.0,Completed,,T00372,4,30,False,2024-25,12,2024-12,False,3600.0
B002908,C02085,2024-12-16,2024-12-27,Fun Dive,2,7100.0,Completed,,T00372,5,11,False,2024-25,12,2024-12,False,7100.0
B002909,C02086,2024-11-14,2024-12-27,Fun Dive,1,3200.0,Completed,,T00372,6,43,False,2024-25,12,2024-12,False,3200.0
B002910,C01604,2024-11-22,2024-12-27,Course,5,27600.0,Completed,,T00372,7,35,False,2024-25,12,2024-12,False,27600.0
B002911,C02087,2024-12-22,2024-12-27,Fun Dive,3,11750.0,Completed,,T00372,8,5,False,2024-25,12,2024-12,False,11750.0
B002912,C02088,2024-12-19,2024-12-27,Fun Dive,3,10300.0,Cancelled,Customer,T00373,2,8,False,2024-25,12,2024-12,False,
B002913,C02089,2024-12-18,2024-12-27,Fun Dive,3,9950.0,Completed,,T00373,3,9,False,2024-25,12,2024-12,False,9950.0
B002914,C02090,2024-12-04,2024-12-27,Discovery Dive,1,5500.0,No-show,,T00373,4,23,False,2024-25,12,2024-12,False,
B002915,C02091,2024-12-02,2024-12-27,Fun Dive,1,3350.0,Completed,,T00373,5,25,False,2024-25,12,2024-12,False,3350.0
B002916,C02092,2024-11-30,2024-12-27,Fun Dive,3,9800.0,Completed,,T00373,6,27,False,2024-25,12,2024-12,False,9800.0
B002917,C02093,2024-11-24,2024-12-27,Course,4,24500.0,Completed,,T00373,7,33,False,2024-25,12,2024-12,False,24500.0
B002918,C02094,2024-11-25,2024-12-27,Discovery Dive,1,5200.0,Completed,,T00373,8,32,False,2024-25,12,2024-12,False,5200.0
B002919,C02095,2024-12-04,2024-12-27,Discovery Dive,1,4600.0,Completed,,T00373,9,23,False,2024-25,12,2024-12,False,4600.0
B002920,C02096,2024-11-18,2024-12-28,Fun Dive,4,13650.0,Completed,,T00374,1,40,False,2024-25,12,2024-12,True,13650.0
B002921,C02097,2024-11-18,2024-12-28,Fun Dive,1,3500.0,Completed,,T00374,3,40,False,2024-25,12,2024-12,True,3500.0
B002922,C02098,2024-11-23,2024-12-28,Course,5,25150.0,No-show,,T00374,4,35,False,2024-25,12,2024-12,True,
B002923,C02099,2024-11-29,2024-12-28,Fun Dive,3,9950.0,Completed,,T00374,5,29,False,2024-25,12,2024-12,True,9950.0
B002924,C02100,2024-12-10,2024-12-28,Fun Dive,3,10250.0,Completed,,T00374,6,18,False,2024-25,12,2024-12,True,10250.0
B002925,C02101,2024-12-27,2024-12-28,Fun Dive,4,14700.0,Completed,,T00374,8,1,False,2024-25,12,2024-12,True,14700.0
B002926,C02102,2024-12-12,2024-12-28,Discovery Dive,1,4750.0,Completed,,T00374,9,16,False,2024-25,12,2024-12,True,4750.0
B002927,C02103,2024-12-26,2024-12-28,Fun Dive,3,11100.0,Completed,,T00375,1,2,False,2024-25,12,2024-12,True,11100.0
B002928,C00171,2024-12-26,2024-12-28,Fun Dive,2,7400.0,Completed,,T00375,2,2,False,2024-25,12,2024-12,True,7400.0
B002929,C02104,2024-12-23,2024-12-28,Fun Dive,4,12550.0,Completed,,T00375,3,5,False,2024-25,12,2024-12,True,12550.0
B002930,C01584,2024-11-25,2024-12-28,Fun Dive,3,11300.0,Completed,,T00375,5,33,False,2024-25,12,2024-12,True,11300.0
B002931,C02105,2024-12-22,2024-12-28,Discovery Dive,1,5600.0,Completed,,T00375,6,6,False,2024-25,12,2024-12,True,5600.0
B002932,C01745,2024-12-06,2024-12-28,Fun Dive,4,14850.0,Cancelled,Customer,T00375,7,22,False,2024-25,12,2024-12,True,
B002933,C02106,2024-11-29,2024-12-28,Fun Dive,1,3200.0,Completed,,T00375,8,29,False,2024-25,12,2024-12,True,3200.0
B002934,C00727,2024-11-21,2024-12-28,Fun Dive,4,14000.0,Completed,,T00376,1,37,False,2024-25,12,2024-12,True,14000.0
B002935,C02081,2024-12-26,2024-12-28,Fun Dive,3,10750.0,Completed,,T00376,2,2,False,2024-25,12,2024-12,True,10750.0
B002936,C02107,2024-12-03,2024-12-28,Fun Dive,2,6300.0,Cancelled,Customer,T00376,3,25,False,2024-25,12,2024-12,True,
B002937,C02078,2024-12-21,2024-12-28,Fun Dive,3,10350.0,Cancelled,Customer,T00376,5,7,False,2024-25,12,2024-12,True,
B002938,C02108,2024-11-16,2024-12-28,Fun Dive,1,3550.0,Cancelled,Customer,T00376,6,42,False,2024-25,12,2024-12,True,
B002939,C02109,2024-12-06,2024-12-28,Fun Dive,2,6550.0,Completed,,T00376,8,22,False,2024-25,12,2024-12,True,6550.0
B002940,C02110,2024-12-25,2024-12-28,Discovery Dive,1,5450.0,Completed,,T00376,9,3,False,2024-25,12,2024-12,True,5450.0
B002941,C02111,2024-11-21,2024-12-28,Course,4,24950.0,Completed,,T00376,10,37,False,2024-25,12,2024-12,True,24950.0
B002942,C02112,2024-12-26,2024-12-29,Discovery Dive,2,9750.0,Completed,,T00377,1,3,False,2024-25,12,2024-12,True,9750.0
B002943,C02090,2024-11-28,2024-12-29,Discovery Dive,1,5200.0,Completed,,T00377,2,31,False,2024-25,12,2024-12,True,5200.0
B002944,C02113,2024-12-28,2024-12-29,Course,4,27750.0,Completed,,T00377,3,1,False,2024-25,12,2024-12,True,27750.0
B002945,C02114,2024-12-20,2024-12-29,Fun Dive,1,3450.0,Completed,,T00377,4,9,False,2024-25,12,2024-12,True,3450.0
B002946,C02115,2024-12-28,2024-12-29,Discovery Dive,2,9500.0,Completed,,T00377,6,1,False,2024-25,12,2024-12,True,9500.0
B002947,C02116,2024-11-29,2024-12-29,Fun Dive,3,10300.0,Cancelled,Unknown,T00377,8,30,False,2024-25,12,2024-12,True,
B002948,C02117,2024-11-16,2024-12-29,Discovery Dive,1,5450.0,Completed,,T00377,9,43,False,2024-25,12,2024-12,True,5450.0
B002949,C02118,2024-11-21,2024-12-29,Fun Dive,3,11700.0,Completed,,T00377,10,38,False,2024-25,12,2024-12,True,11700.0
B002950,C01765,2024-12-28,2024-12-29,Fun Dive,3,11550.0,Completed,,T00377,11,1,False,2024-25,12,2024-12,True,11550.0
B002951,C02119,2024-11-14,2024-12-29,Fun Dive,1,3450.0,Completed,,T00378,1,45,False,2024-25,12,2024-12,True,3450.0
B002952,C02120,2024-11-19,2024-12-29,Fun Dive,4,12850.0,Completed,,T00378,2,40,False,2024-25,12,2024-12,True,12850.0
B002953,C01464,2024-11-20,2024-12-29,Fun Dive,3,9650.0,Completed,,T00378,3,39,False,2024-25,12,2024-12,True,9650.0
B002954,C02121,2024-12-16,2024-12-29,Fun Dive,1,3750.0,Completed,,T00378,4,13,False,2024-25,12,2024-12,True,3750.0
B002955,C02122,2024-11-27,2024-12-29,Fun Dive,2,7500.0,Completed,,T00378,5,32,False,2024-25,12,2024-12,True,7500.0
B002956,C02123,2024-11-22,2024-12-29,Discovery Dive,1,5600.0,Completed,,T00378,6,37,False,2024-25,12,2024-12,True,5600.0
B002957,C02124,2024-11-22,2024-12-29,Discovery Dive,1,5200.0,Completed,,T00378,8,37,False,2024-25,12,2024-12,True,5200.0
B002958,C02125,2024-12-16,2024-12-29,Fun Dive,1,3600.0,Completed,,T00378,9,13,False,2024-25,12,2024-12,True,3600.0
B002959,C02126,2024-12-26,2024-12-30,Fun Dive,1,3550.0,Completed,,T00379,1,4,False,2024-25,12,2024-12,False,3550.0
B002960,C02127,2024-12-23,2024-12-30,Fun Dive,2,7350.0,Completed,,T00379,4,7,False,2024-25,12,2024-12,False,7350.0
B002961,C01508,2024-12-04,2024-12-30,Course,4,22550.0,Completed,,T00379,5,26,False,2024-25,12,2024-12,False,22550.0
B002962,C02128,2024-11-17,2024-12-30,Course,4,28300.0,Completed,,T00379,6,43,False,2024-25,12,2024-12,False,28300.0
B002963,C02129,2024-12-27,2024-12-30,Discovery Dive,1,5100.0,Completed,,T00379,7,3,False,2024-25,12,2024-12,False,5100.0
B002964,C02130,2024-12-12,2024-12-30,Discovery Dive,1,4750.0,Completed,,T00379,9,18,False,2024-25,12,2024-12,False,4750.0
B002965,C02131,2024-11-27,2024-12-30,Discovery Dive,1,5100.0,Completed,,T00379,10,33,False,2024-25,12,2024-12,False,5100.0
B002966,C00189,2024-11-30,2024-12-30,Fun Dive,4,14950.0,Completed,,T00379,11,30,False,2024-25,12,2024-12,False,14950.0
B002967,C02132,2024-12-26,2024-12-30,Course,4,27000.0,Completed,,T00380,1,4,False,2024-25,12,2024-12,False,27000.0
B002968,C00423,2024-11-25,2024-12-30,Fun Dive,3,11300.0,Completed,,T00380,2,35,False,2024-25,12,2024-12,False,11300.0
B002969,C02133,2024-12-23,2024-12-30,Discovery Dive,1,5050.0,Completed,,T00380,3,7,False,2024-25,12,2024-12,False,5050.0
B002970,C02134,2024-12-13,2024-12-30,Fun Dive,2,7250.0,Completed,,T00380,6,17,False,2024-25,12,2024-12,False,7250.0
B002971,C02135,2024-12-05,2024-12-30,Fun Dive,1,3100.0,Completed,,T00380,7,25,False,2024-25,12,2024-12,False,3100.0
B002972,C02136,2024-12-01,2024-12-30,Fun Dive,2,6700.0,Completed,,T00380,8,29,False,2024-25,12,2024-12,False,6700.0
B002973,C02137,2024-11-29,2024-12-31,Fun Dive,1,3450.0,Completed,,T00381,2,32,False,2024-25,12,2024-12,False,3450.0
B002974,C02138,2024-12-15,2024-12-31,Course,5,24700.0,Completed,,T00381,4,16,False,2024-25,12,2024-12,False,24700.0
B002975,C02139,2024-12-01,2024-12-31,Fun Dive,1,3900.0,Completed,,T00381,5,30,False,2024-25,12,2024-12,False,3900.0
B002976,C00920,2024-12-13,2024-12-31,Fun Dive,4,14800.0,Completed,,T00381,6,18,False,2024-25,12,2024-12,False,14800.0
B002977,C02140,2024-12-05,2024-12-31,Fun Dive,3,11650.0,Completed,,T00381,7,26,False,2024-25,12,2024-12,False,11650.0
B002978,C00447,2024-11-25,2024-12-31,Discovery Dive,1,5100.0,Completed,,T00381,8,36,False,2024-25,12,2024-12,False,5100.0
B002979,C02141,2024-11-27,2024-12-31,Discovery Dive,1,5400.0,Completed,,T00381,9,34,False,2024-25,12,2024-12,False,5400.0
B002980,C02142,2024-11-16,2024-12-31,Fun Dive,3,9550.0,Completed,,T00381,10,45,False,2024-25,12,2024-12,False,9550.0
B002981,C02143,2024-12-24,2024-12-31,Fun Dive,2,8000.0,Completed,,T00381,11,7,False,2024-25,12,2024-12,False,8000.0
B002982,C02144,2024-11-21,2024-12-31,Discovery Dive,1,5300.0,Completed,,T00381,12,40,False,2024-25,12,2024-12,False,5300.0
B002983,C01977,2024-11-25,2025-01-01,Course,5,20600.0,Completed,,T00382,1,37,False,2024-25,1,2025-01,False,20600.0
B002984,C01649,2024-12-27,2025-01-01,Fun Dive,3,11350.0,Completed,,T00382,2,5,False,2024-25,1,2025-01,False,11350.0
B002985,C02145,2024-12-26,2025-01-01,Fun Dive,2,6250.0,Completed,,T00382,3,6,False,2024-25,1,2025-01,False,6250.0
B002986,C02146,2024-11-22,2025-01-01,Fun Dive,3,9850.0,Completed,,T00382,4,40,False,2024-25,1,2025-01,False,9850.0
B002987,C02147,2024-11-17,2025-01-01,Fun Dive,1,3650.0,Completed,,T00382,5,45,False,2024-25,1,2025-01,False,3650.0
B002988,C02148,2024-12-22,2025-01-01,Course,4,23600.0,Completed,,T00382,6,10,False,2024-25,1,2025-01,False,23600.0
B002989,C02149,2024-12-10,2025-01-01,Discovery Dive,2,9900.0,Completed,,T00382,8,22,False,2024-25,1,2025-01,False,9900.0
B002990,C02150,2024-12-04,2025-01-01,Course,4,26700.0,Completed,,T00383,2,28,False,2024-25,1,2025-01,False,26700.0
B002991,C02151,2024-12-13,2025-01-01,Discovery Dive,1,5450.0,Completed,,T00383,3,19,False,2024-25,1,2025-01,False,5450.0
B002992,C02152,2024-12-20,2025-01-01,Discovery Dive,1,4250.0,No-show,,T00383,4,12,False,2024-25,1,2025-01,False,
B002993,C02153,2024-11-20,2025-01-01,Discovery Dive,2,10050.0,Completed,,T00383,5,42,False,2024-25,1,2025-01,False,10050.0
B002994,C02154,2024-11-30,2025-01-01,Course,5,25350.0,Completed,,T00383,7,32,False,2024-25,1,2025-01,False,25350.0
B002995,C02155,2024-12-13,2025-01-01,Discovery Dive,1,4300.0,Completed,,T00383,8,19,False,2024-25,1,2025-01,False,4300.0
B002996,C02156,2024-12-10,2025-01-02,Course,4,26000.0,Completed,,T00384,2,23,False,2024-25,1,2025-01,False,26000.0
B002997,C02052,2024-12-08,2025-01-02,Fun Dive,1,3750.0,Completed,,T00384,3,25,False,2024-25,1,2025-01,False,3750.0
B002998,C02157,2024-11-20,2025-01-02,Fun Dive,2,7800.0,Completed,,T00384,5,43,False,2024-25,1,2025-01,False,7800.0
B002999,C02158,2024-12-08,2025-01-02,Discovery Dive,1,4250.0,Completed,,T00384,6,25,False,2024-25,1,2025-01,False,4250.0
B003000,C01943,2024-11-22,2025-01-02,Fun Dive,1,3850.0,Completed,,T00384,7,41,False,2024-25,1,2025-01,False,3850.0
B003001,C02159,2024-12-20,2025-01-02,Discovery Dive,1,4400.0,Completed,,T00384,8,13,False,2024-25,1,2025-01,False,4400.0
B003002,C02160,2024-11-21,2025-01-02,Course,4,27700.0,Completed,,T00384,9,42,False,2024-25,1,2025-01,False,27700.0
B003004,C01706,2024-11-20,2025-01-02,Fun Dive,2,7150.0,Completed,,T00385,2,43,False,2024-25,1,2025-01,False,7150.0
B003005,C02162,2025-01-01,2025-01-02,Discovery Dive,1,4700.0,Completed,,T00385,3,1,False,2024-25,1,2025-01,False,4700.0
B003006,C00521,2024-12-12,2025-01-02,Fun Dive,1,3950.0,Completed,,T00385,4,21,False,2024-25,1,2025-01,False,3950.0
B003007,C02163,2024-11-28,2025-01-02,Fun Dive,4,15800.0,Completed,,T00385,5,35,False,2024-25,1,2025-01,False,15800.0
B003008,C02164,2024-12-08,2025-01-02,Course,4,22250.0,Completed,,T00385,6,25,False,2024-25,1,2025-01,False,22250.0
B003009,C02165,2024-12-09,2025-01-02,Fun Dive,3,11900.0,Cancelled,Customer,T00385,7,24,False,2024-25,1,2025-01,False,
B003010,C00438,2024-12-28,2025-01-02,Fun Dive,1,3650.0,Completed,,T00385,9,5,False,2024-25,1,2025-01,False,3650.0
B003011,C02166,2024-12-01,2025-01-02,Fun Dive,1,3150.0,Cancelled,Customer,T00385,10,32,False,2024-25,1,2025-01,False,
B003012,C02167,2024-12-13,2025-01-02,Fun Dive,1,3400.0,Completed,,T00385,12,20,False,2024-25,1,2025-01,False,3400.0
B003013,C01509,2024-12-20,2025-01-03,Discovery Dive,1,5000.0,Completed,,T00386,2,14,False,2024-25,1,2025-01,False,5000.0
B003014,C01443,2025-01-01,2025-01-03,Discovery Dive,1,4350.0,Completed,,T00386,3,2,False,2024-25,1,2025-01,False,4350.0
B003015,C02168,2024-12-14,2025-01-03,Course,4,25400.0,Completed,,T00386,4,20,False,2024-25,1,2025-01,False,25400.0
B003016,C01885,2024-12-06,2025-01-03,Discovery Dive,1,4600.0,Completed,,T00386,6,28,False,2024-25,1,2025-01,False,4600.0
B003017,C02169,2024-12-18,2025-01-03,Fun Dive,2,6750.0,Completed,,T00386,7,16,False,2024-25,1,2025-01,False,6750.0
B003018,C02170,2024-12-30,2025-01-03,Fun Dive,1,3450.0,Cancelled,Customer,T00386,8,4,False,2024-25,1,2025-01,False,
B003019,C02171,2024-12-09,2025-01-03,Discovery Dive,1,5400.0,Completed,,T00386,9,25,False,2024-25,1,2025-01,False,5400.0
B003020,C02172,2024-12-01,2025-01-03,Fun Dive,1,3500.0,Completed,,T00386,10,33,False,2024-25,1,2025-01,False,3500.0
B003021,C02173,2024-12-07,2025-01-03,Fun Dive,4,14300.0,Completed,,T00386,11,27,False,2024-25,1,2025-01,False,14300.0
B003022,C02174,2024-11-27,2025-01-03,Fun Dive,1,3750.0,Completed,,T00387,1,37,False,2024-25,1,2025-01,False,3750.0
B003023,C01744,2024-11-19,2025-01-03,Fun Dive,4,13450.0,Completed,,T00387,2,45,False,2024-25,1,2025-01,False,13450.0
B003024,C02175,2024-12-01,2025-01-03,Fun Dive,1,3250.0,Completed,,T00387,3,33,False,2024-25,1,2025-01,False,3250.0
B003025,C02176,2024-12-06,2025-01-03,Fun Dive,4,14650.0,Completed,,T00387,4,28,False,2024-25,1,2025-01,False,14650.0
B003026,C02177,2024-11-28,2025-01-03,Fun Dive,2,6900.0,Completed,,T00387,6,36,False,2024-25,1,2025-01,False,6900.0
B003027,C02178,2024-12-15,2025-01-03,Discovery Dive,1,5100.0,Completed,,T00387,8,19,False,2024-25,1,2025-01,False,5100.0
B003028,C02179,2024-12-13,2025-01-03,Discovery Dive,1,5400.0,Completed,,T00387,9,21,False,2024-25,1,2025-01,False,5400.0
B003029,C02180,2024-12-18,2025-01-03,Discovery Dive,1,4450.0,Completed,,T00387,10,16,False,2024-25,1,2025-01,False,4450.0
B003030,C02181,2025-01-03,2025-01-04,Fun Dive,1,3450.0,Completed,,T00388,2,1,False,2024-25,1,2025-01,True,3450.0
B003031,C02182,2024-12-03,2025-01-04,Fun Dive,2,7700.0,Completed,,T00388,4,32,False,2024-25,1,2025-01,True,7700.0
B003032,C02183,2024-12-28,2025-01-04,Fun Dive,3,9100.0,Completed,,T00388,5,7,False,2024-25,1,2025-01,True,9100.0
B003033,C02184,2024-11-24,2025-01-04,Fun Dive,3,10550.0,Completed,,T00388,6,41,False,2024-25,1,2025-01,True,10550.0
B003034,C02185,2024-11-30,2025-01-04,Fun Dive,2,7250.0,Completed,,T00388,7,35,False,2024-25,1,2025-01,True,7250.0
B003035,C01696,2024-11-30,2025-01-05,Fun Dive,2,7200.0,Completed,,T00389,1,36,False,2024-25,1,2025-01,True,7200.0
B003036,C02186,2024-12-16,2025-01-05,Course,4,23550.0,Cancelled,Weather,T00389,2,20,False,2024-25,1,2025-01,True,
B003037,C01679,2024-12-28,2025-01-05,Fun Dive,3,10250.0,Completed,,T00389,3,8,False,2024-25,1,2025-01,True,10250.0
B003038,C01543,2024-12-14,2025-01-05,Fun Dive,4,15400.0,Completed,,T00389,4,22,False,2024-25,1,2025-01,True,15400.0
B003039,C02187,2024-12-28,2025-01-05,Course,5,,Completed,,T00389,5,8,True,2024-25,1,2025-01,True,
B003040,C02188,2024-12-01,2025-01-05,Discovery Dive,1,4850.0,Completed,,T00389,6,35,False,2024-25,1,2025-01,True,4850.0
B003041,C02189,2024-12-25,2025-01-05,Fun Dive,2,7000.0,Completed,,T00389,7,11,False,2024-25,1,2025-01,True,7000.0
B003042,C02190,2025-01-01,2025-01-05,Discovery Dive,2,9400.0,Completed,,T00389,8,4,False,2024-25,1,2025-01,True,9400.0
B003043,C02191,2025-01-05,2025-01-05,Fun Dive,4,14050.0,Completed,,T00389,10,0,False,2024-25,1,2025-01,True,14050.0
B003044,C02192,2024-12-04,2025-01-05,Fun Dive,4,14150.0,Completed,,T00389,12,32,False,2024-25,1,2025-01,True,14150.0
B003045,C02193,2024-12-08,2025-01-05,Discovery Dive,1,4250.0,Completed,,T00390,1,28,False,2024-25,1,2025-01,True,4250.0
B003046,C02194,2024-12-16,2025-01-05,Fun Dive,3,11150.0,Completed,,T00390,3,20,False,2024-25,1,2025-01,True,11150.0
B003047,C01683,2024-12-25,2025-01-05,Course,5,27700.0,Completed,,T00390,5,11,False,2024-25,1,2025-01,True,27700.0
B003048,C02195,2024-12-10,2025-01-05,Fun Dive,4,14850.0,Completed,,T00390,6,26,False,2024-25,1,2025-01,True,14850.0
B003049,C02196,2024-12-27,2025-01-05,Fun Dive,4,15300.0,Completed,,T00390,7,9,False,2024-25,1,2025-01,True,15300.0
B003050,C02197,2024-12-13,2025-01-05,Course,4,22950.0,Completed,,T00390,9,23,False,2024-25,1,2025-01,True,22950.0
B003051,C01987,2024-12-09,2025-01-05,Discovery Dive,1,5450.0,No-show,,T00390,10,27,False,2024-25,1,2025-01,True,
B003052,C01986,2024-12-05,2025-01-05,Fun Dive,2,7800.0,Completed,,T00390,12,31,False,2024-25,1,2025-01,True,7800.0
B003053,C02198,2024-12-14,2025-01-06,Fun Dive,4,13350.0,Cancelled,Unknown,T00391,1,23,False,2024-25,1,2025-01,False,
B003054,C02199,2024-12-24,2025-01-06,Course,5,23550.0,Completed,,T00391,2,13,False,2024-25,1,2025-01,False,23550.0
B003055,C02200,2024-12-02,2025-01-06,Discovery Dive,1,5200.0,Cancelled,Customer,T00391,3,35,False,2024-25,1,2025-01,False,
B003056,C02201,2024-12-07,2025-01-06,Fun Dive,1,3500.0,Completed,,T00391,4,30,False,2024-25,1,2025-01,False,3500.0
B003057,C02202,2024-12-05,2025-01-06,Fun Dive,1,3700.0,Completed,,T00391,5,32,False,2024-25,1,2025-01,False,3700.0
B003058,C02203,2024-12-15,2025-01-06,Fun Dive,1,3950.0,Completed,,T00391,6,22,False,2024-25,1,2025-01,False,3950.0
B003059,C02204,2024-12-23,2025-01-06,Discovery Dive,1,5200.0,Cancelled,Weather,T00391,7,14,False,2024-25,1,2025-01,False,
B003060,C02205,2024-12-25,2025-01-06,Course,5,20700.0,Cancelled,Weather,T00391,11,12,False,2024-25,1,2025-01,False,
B003061,C02206,2024-12-17,2025-01-06,Course,5,26650.0,Cancelled,Customer,T00392,1,20,False,2024-25,1,2025-01,False,
B003062,C00245,2024-12-16,2025-01-06,Fun Dive,1,3550.0,Completed,,T00392,2,21,False,2024-25,1,2025-01,False,3550.0
B003063,C02207,2024-12-30,2025-01-06,Fun Dive,4,14000.0,Cancelled,Unknown,T00392,3,7,False,2024-25,1,2025-01,False,
B003064,C02208,2024-12-07,2025-01-06,Discovery Dive,1,5150.0,Completed,,T00392,5,30,False,2024-25,1,2025-01,False,5150.0
B003065,C02209,2025-01-04,2025-01-06,Fun Dive,2,7500.0,Completed,,T00392,6,2,False,2024-25,1,2025-01,False,7500.0
B003066,C02210,2024-12-19,2025-01-06,Course,4,23100.0,Completed,,T00392,7,18,False,2024-25,1,2025-01,False,23100.0
B003067,C01430,2024-12-08,2025-01-06,Fun Dive,2,6900.0,Completed,,T00392,8,29,False,2024-25,1,2025-01,False,6900.0
B003068,C02211,2024-12-18,2025-01-06,Fun Dive,1,3050.0,Completed,,T00392,9,19,False,2024-25,1,2025-01,False,3050.0
B003069,C02212,2025-01-01,2025-01-06,Fun Dive,1,3950.0,Completed,,T00392,11,5,False,2024-25,1,2025-01,False,3950.0
B003070,C02213,2024-12-22,2025-01-06,Fun Dive,1,3200.0,Cancelled,Unknown,T00392,12,15,False,2024-25,1,2025-01,False,
B003071,C02214,2024-12-12,2025-01-07,Discovery Dive,1,4300.0,Completed,,T00393,2,26,False,2024-25,1,2025-01,False,4300.0
B003072,C02215,2024-11-26,2025-01-07,Fun Dive,2,7400.0,No-show,,T00393,5,42,False,2024-25,1,2025-01,False,
B003073,C02111,2024-12-02,2025-01-07,Fun Dive,1,3350.0,Completed,,T00393,6,36,False,2024-25,1,2025-01,False,3350.0
B003074,C02216,2024-12-10,2025-01-07,Course,5,22600.0,Completed,,T00393,7,28,False,2024-25,1,2025-01,False,22600.0
B003075,C02217,2025-01-05,2025-01-07,Course,4,26300.0,Completed,,T00393,8,2,False,2024-25,1,2025-01,False,26300.0
B003076,C02218,2024-12-10,2025-01-07,Discovery Dive,1,5300.0,Completed,,T00393,9,28,False,2024-25,1,2025-01,False,5300.0
B003077,C02219,2024-12-03,2025-01-07,Fun Dive,2,6800.0,Completed,,T00393,10,35,False,2024-25,1,2025-01,False,6800.0
B003078,C02220,2024-12-16,2025-01-07,Fun Dive,2,7400.0,Completed,,T00394,1,22,False,2024-25,1,2025-01,False,7400.0
B003079,C02221,2025-01-04,2025-01-07,Discovery Dive,1,5750.0,Completed,,T00394,2,3,False,2024-25,1,2025-01,False,5750.0
B003080,C02222,2024-12-28,2025-01-07,Fun Dive,1,3150.0,Cancelled,Customer,T00394,4,10,False,2024-25,1,2025-01,False,
B003081,C02223,2024-11-29,2025-01-07,Fun Dive,1,3500.0,Completed,,T00394,5,39,False,2024-25,1,2025-01,False,3500.0
B003082,C02224,2024-12-14,2025-01-07,Discovery Dive,1,4400.0,Completed,,T00394,6,24,False,2024-25,1,2025-01,False,4400.0
B003083,C01544,2024-12-12,2025-01-07,Fun Dive,1,3700.0,Completed,,T00394,7,26,False,2024-25,1,2025-01,False,3700.0
B003084,C02225,2024-12-10,2025-01-07,Fun Dive,4,13850.0,Cancelled,Customer,T00394,8,28,False,2024-25,1,2025-01,False,
B003085,C02226,2025-01-07,2025-01-08,Fun Dive,1,3700.0,Completed,,T00395,1,1,False,2024-25,1,2025-01,False,3700.0
B003086,C00932,2024-12-21,2025-01-08,Discovery Dive,1,5300.0,Completed,,T00395,2,18,False,2024-25,1,2025-01,False,5300.0
B003087,C02227,2024-12-10,2025-01-08,Discovery Dive,1,5550.0,Completed,,T00395,3,29,False,2024-25,1,2025-01,False,5550.0
B003088,C00380,2024-12-21,2025-01-08,Fun Dive,1,3500.0,Completed,,T00395,6,18,False,2024-25,1,2025-01,False,3500.0
B003089,C02228,2025-01-03,2025-01-08,Discovery Dive,1,4950.0,Completed,,T00395,7,5,False,2024-25,1,2025-01,False,4950.0
B003090,C02229,2024-11-25,2025-01-08,Fun Dive,2,7250.0,Completed,,T00395,8,44,False,2024-25,1,2025-01,False,7250.0
B003091,C02230,2024-12-07,2025-01-08,Discovery Dive,1,4650.0,Completed,,T00396,1,32,False,2024-25,1,2025-01,False,4650.0
B003092,C02231,2024-11-30,2025-01-08,Course,4,26050.0,Completed,,T00396,2,39,False,2024-25,1,2025-01,False,26050.0
B003093,C02232,2024-12-27,2025-01-08,Course,4,26100.0,Cancelled,Medical,T00396,3,12,False,2024-25,1,2025-01,False,
B003094,C02233,2024-12-08,2025-01-08,Discovery Dive,1,4700.0,No-show,,T00396,4,31,False,2024-25,1,2025-01,False,
B003095,C01651,2024-12-19,2025-01-08,Course,4,22050.0,Cancelled,Customer,T00396,5,20,False,2024-25,1,2025-01,False,
B003096,C02234,2024-12-28,2025-01-08,Course,4,27500.0,Completed,,T00396,8,11,False,2024-25,1,2025-01,False,27500.0
B003097,C02235,2025-01-03,2025-01-08,Discovery Dive,1,5550.0,Completed,,T00396,9,5,False,2024-25,1,2025-01,False,5550.0
B003098,C02236,2024-12-06,2025-01-09,Fun Dive,3,10300.0,Completed,,T00397,1,34,False,2024-25,1,2025-01,False,10300.0
B003099,C02237,2024-12-24,2025-01-09,Discovery Dive,1,5150.0,Completed,,T00397,2,16,False,2024-25,1,2025-01,False,5150.0
B003100,C02238,2024-12-16,2025-01-09,Discovery Dive,1,4850.0,Completed,,T00397,3,24,False,2024-25,1,2025-01,False,4850.0
B003101,C02239,2024-12-30,2025-01-09,Discovery Dive,2,9200.0,Completed,,T00397,4,10,False,2024-25,1,2025-01,False,9200.0
B003102,C01250,2025-01-05,2025-01-09,Course,5,26400.0,Completed,,T00397,5,4,False,2024-25,1,2025-01,False,26400.0
B003103,C02240,2024-12-05,2025-01-09,Course,5,24400.0,Completed,,T00397,6,35,False,2024-25,1,2025-01,False,24400.0
B003104,C02078,2024-12-02,2025-01-09,Fun Dive,3,10900.0,Completed,,T00397,8,38,False,2024-25,1,2025-01,False,10900.0
B003105,C02241,2024-12-20,2025-01-09,Discovery Dive,1,4900.0,Completed,,T00397,10,20,False,2024-25,1,2025-01,False,4900.0
B003106,C02074,2024-11-27,2025-01-09,Fun Dive,2,7600.0,Completed,,T00397,11,43,False,2024-25,1,2025-01,False,7600.0
B003107,C02242,2024-12-19,2025-01-09,Fun Dive,3,10300.0,Completed,,T00398,1,21,False,2024-25,1,2025-01,False,10300.0
B003108,C02243,2024-12-06,2025-01-09,Fun Dive,1,3100.0,Cancelled,Customer,T00398,2,34,False,2024-25,1,2025-01,False,
B003109,C01695,2024-12-07,2025-01-09,Course,5,25000.0,Completed,,T00398,3,33,False,2024-25,1,2025-01,False,25000.0
B003110,C02244,2024-12-01,2025-01-09,Fun Dive,2,7450.0,Completed,,T00398,5,39,False,2024-25,1,2025-01,False,7450.0
B003111,C00388,2024-12-02,2025-01-09,Course,5,28000.0,Cancelled,Unknown,T00398,6,38,False,2024-25,1,2025-01,False,
B003112,C02245,2025-01-05,2025-01-09,Discovery Dive,1,5500.0,Cancelled,Medical,T00398,7,4,False,2024-25,1,2025-01,False,
B003113,C01690,2024-11-29,2025-01-09,Course,4,27100.0,Completed,,T00398,8,41,False,2024-25,1,2025-01,False,27100.0
B003114,C02246,2024-12-22,2025-01-09,Fun Dive,1,3950.0,Completed,,T00398,9,18,False,2024-25,1,2025-01,False,3950.0
B003115,C02247,2025-01-04,2025-01-10,Fun Dive,1,3400.0,Completed,,T00399,2,6,False,2024-25,1,2025-01,False,3400.0
B003116,C02129,2024-12-20,2025-01-10,Course,5,24500.0,Completed,,T00399,4,21,False,2024-25,1,2025-01,False,24500.0
B003117,C02248,2024-12-13,2025-01-10,Fun Dive,2,7400.0,Completed,,T00399,5,28,False,2024-25,1,2025-01,False,7400.0
B003118,C02249,2024-11-26,2025-01-10,Course,5,23150.0,No-show,,T00399,6,45,False,2024-25,1,2025-01,False,
B003119,C02250,2025-01-01,2025-01-10,Fun Dive,2,7950.0,Completed,,T00399,7,9,False,2024-25,1,2025-01,False,7950.0
B003120,C02251,2024-12-15,2025-01-10,Fun Dive,4,14400.0,Completed,,T00399,10,26,False,2024-25,1,2025-01,False,14400.0
B003121,C02252,2024-11-28,2025-01-10,Discovery Dive,1,5550.0,Completed,,T00399,11,43,False,2024-25,1,2025-01,False,5550.0
B003122,C02253,2025-01-08,2025-01-10,Discovery Dive,2,11250.0,Cancelled,Unknown,T00400,1,2,False,2024-25,1,2025-01,False,
B003123,C02254,2024-12-14,2025-01-10,Discovery Dive,1,4500.0,No-show,,T00400,2,27,False,2024-25,1,2025-01,False,
B003124,C02255,2025-01-08,2025-01-10,Course,5,25500.0,Completed,,T00400,3,2,False,2024-25,1,2025-01,False,25500.0
B003125,C01866,2024-12-24,2025-01-10,Discovery Dive,1,5700.0,Completed,,T00400,4,17,False,2024-25,1,2025-01,False,5700.0
B003126,C01905,2024-12-20,2025-01-10,Fun Dive,3,11150.0,Cancelled,Weather,T00400,5,21,False,2024-25,1,2025-01,False,
B003127,C02256,2025-01-01,2025-01-10,Fun Dive,4,14950.0,Completed,,T00400,6,9,False,2024-25,1,2025-01,False,14950.0
B003128,C01967,2025-01-08,2025-01-10,Course,4,25900.0,Completed,,T00400,10,2,False,2024-25,1,2025-01,False,25900.0
B003129,C02257,2024-12-24,2025-01-10,Discovery Dive,1,4250.0,Completed,,T00400,11,17,False,2024-25,1,2025-01,False,4250.0
B003130,C02258,2025-01-10,2025-01-11,Fun Dive,1,3700.0,Completed,,T00401,1,1,False,2024-25,1,2025-01,True,3700.0
B003131,C01560,2024-12-30,2025-01-11,Fun Dive,1,3500.0,Completed,,T00401,2,12,False,2024-25,1,2025-01,True,3500.0
B003132,C02259,2024-12-21,2025-01-11,Fun Dive,2,6200.0,Completed,,T00401,3,21,False,2024-25,1,2025-01,True,6200.0
B003133,C02260,2024-12-08,2025-01-11,Discovery Dive,2,10400.0,Cancelled,Weather,T00401,4,34,False,2024-25,1,2025-01,True,
B003134,C02261,2024-12-21,2025-01-11,Fun Dive,2,7750.0,Completed,,T00401,5,21,False,2024-25,1,2025-01,True,7750.0
B003135,C01923,2024-12-14,2025-01-11,Fun Dive,4,12700.0,Completed,,T00401,6,28,False,2024-25,1,2025-01,True,12700.0
B003136,C02262,2024-12-25,2025-01-11,Course,4,26650.0,Completed,,T00401,7,17,False,2024-25,1,2025-01,True,26650.0
B003137,C02263,2024-12-07,2025-01-11,Discovery Dive,1,4550.0,Completed,,T00401,9,35,False,2024-25,1,2025-01,True,4550.0
B003138,C02264,2024-12-28,2025-01-11,Course,4,27450.0,Completed,,T00402,1,14,False,2024-25,1,2025-01,True,27450.0
B003139,C02265,2024-12-23,2025-01-11,Discovery Dive,1,5750.0,Completed,,T00402,2,19,False,2024-25,1,2025-01,True,5750.0
B003140,C02061,2024-11-29,2025-01-11,Fun Dive,2,7700.0,Cancelled,Medical,T00402,4,43,False,2024-25,1,2025-01,True,
B003141,C00071,2024-12-23,2025-01-11,Fun Dive,1,3700.0,Completed,,T00402,5,19,False,2024-25,1,2025-01,True,3700.0
B003142,C02266,2024-12-25,2025-01-11,Fun Dive,1,3600.0,Completed,,T00402,6,17,False,2024-25,1,2025-01,True,3600.0
B003143,C02267,2024-12-10,2025-01-11,Fun Dive,2,7800.0,Cancelled,Customer,T00402,7,32,False,2024-25,1,2025-01,True,
B003144,C02268,2025-01-10,2025-01-11,Course,4,24750.0,Completed,,T00402,8,1,False,2024-25,1,2025-01,True,24750.0
B003145,C02269,2025-01-06,2025-01-12,Discovery Dive,1,4950.0,Completed,,T00403,1,6,False,2024-25,1,2025-01,True,4950.0
B003146,C02270,2024-12-06,2025-01-12,Course,4,27900.0,Completed,,T00403,2,37,False,2024-25,1,2025-01,True,27900.0
B003147,C02271,2024-12-21,2025-01-12,Discovery Dive,1,5250.0,Completed,,T00403,3,22,False,2024-25,1,2025-01,True,5250.0
B003148,C02272,2024-11-29,2025-01-12,Fun Dive,2,7400.0,Completed,,T00403,4,44,False,2024-25,1,2025-01,True,7400.0
B003149,C02076,2025-01-05,2025-01-12,Fun Dive,1,3950.0,Completed,,T00403,6,7,False,2024-25,1,2025-01,True,3950.0
B003150,C02085,2024-12-26,2025-01-12,Fun Dive,1,3700.0,Completed,,T00403,7,17,False,2024-25,1,2025-01,True,3700.0
B003151,C01807,2024-12-06,2025-01-12,Fun Dive,1,3600.0,Completed,,T00403,9,37,False,2024-25,1,2025-01,True,3600.0
B003152,C02273,2024-12-18,2025-01-12,Discovery Dive,1,4850.0,Completed,,T00404,1,25,False,2024-25,1,2025-01,True,4850.0
B003153,C02274,2024-12-21,2025-01-12,Fun Dive,1,3200.0,Completed,,T00404,3,22,False,2024-25,1,2025-01,True,3200.0
B003154,C02275,2025-01-01,2025-01-12,Course,4,24700.0,Completed,,T00404,4,11,False,2024-25,1,2025-01,True,24700.0
B003155,C02276,2024-12-20,2025-01-12,Fun Dive,1,3650.0,Completed,,T00404,5,23,False,2024-25,1,2025-01,True,3650.0
B003156,C02277,2025-01-06,2025-01-12,Fun Dive,4,15150.0,Completed,,T00404,7,6,False,2024-25,1,2025-01,True,15150.0
B003157,C01012,2025-01-09,2025-01-12,Fun Dive,1,3700.0,Completed,,T00404,8,3,False,2024-25,1,2025-01,True,3700.0
B003158,C01066,2024-12-25,2025-01-12,Fun Dive,4,14750.0,Completed,,T00404,9,18,False,2024-25,1,2025-01,True,14750.0
B003159,C02278,2024-12-15,2025-01-13,Course,4,26550.0,Completed,,T00405,1,29,False,2024-25,1,2025-01,False,26550.0
B003160,C01618,2024-12-19,2025-01-13,Discovery Dive,1,5400.0,Cancelled,Customer,T00405,2,25,False,2024-25,1,2025-01,False,
B003161,C02279,2024-12-14,2025-01-13,Discovery Dive,1,5300.0,Completed,,T00405,3,30,False,2024-25,1,2025-01,False,5300.0
B003162,C02280,2025-01-13,2025-01-13,Discovery Dive,1,5550.0,Completed,,T00405,6,0,False,2024-25,1,2025-01,False,5550.0
B003163,C02281,2025-01-12,2025-01-13,Fun Dive,2,7000.0,Completed,,T00405,7,1,False,2024-25,1,2025-01,False,7000.0
B003164,C02282,2025-01-10,2025-01-13,Fun Dive,1,4000.0,No-show,,T00405,8,3,False,2024-25,1,2025-01,False,
B003165,C02283,2024-12-17,2025-01-13,Fun Dive,2,6850.0,Completed,,T00406,2,27,False,2024-25,1,2025-01,False,6850.0
B003166,C02284,2025-01-06,2025-01-13,Discovery Dive,1,5000.0,Completed,,T00406,3,7,False,2024-25,1,2025-01,False,5000.0
B003167,C01847,2024-12-19,2025-01-13,Course,5,24050.0,No-show,,T00406,4,25,False,2024-25,1,2025-01,False,
B003168,C01743,2024-12-11,2025-01-13,Fun Dive,2,6750.0,Completed,,T00406,5,33,False,2024-25,1,2025-01,False,6750.0
B003169,C02285,2024-12-14,2025-01-13,Discovery Dive,1,5350.0,Completed,,T00406,6,30,False,2024-25,1,2025-01,False,5350.0
B003170,C02286,2024-12-18,2025-01-13,Fun Dive,1,3350.0,Completed,,T00406,7,26,False,2024-25,1,2025-01,False,3350.0
B003171,C02234,2025-01-05,2025-01-13,Fun Dive,1,3800.0,Cancelled,Weather,T00406,9,8,False,2024-25,1,2025-01,False,
B003172,C02287,2024-12-17,2025-01-13,Discovery Dive,1,5100.0,Completed,,T00406,10,27,False,2024-25,1,2025-01,False,5100.0
B003173,C00828,2025-01-11,2025-01-13,Fun Dive,1,3700.0,Completed,,T00406,11,2,False,2024-25,1,2025-01,False,3700.0
B003174,C02288,2025-01-12,2025-01-13,Fun Dive,2,7750.0,Completed,,T00406,12,1,False,2024-25,1,2025-01,False,7750.0
B003175,C02289,2024-12-04,2025-01-14,Discovery Dive,1,5400.0,Completed,,T00407,1,41,False,2024-25,1,2025-01,False,5400.0
B003176,C02290,2025-01-11,2025-01-14,Fun Dive,4,13000.0,Completed,,T00407,3,3,False,2024-25,1,2025-01,False,13000.0
B003177,C02291,2024-12-26,2025-01-14,Fun Dive,1,2950.0,Completed,,T00407,4,19,False,2024-25,1,2025-01,False,2950.0
B003178,C02292,2024-12-29,2025-01-14,Discovery Dive,1,5800.0,Cancelled,Customer,T00407,5,16,False,2024-25,1,2025-01,False,
B003179,C02293,2025-01-11,2025-01-14,Fun Dive,1,3750.0,Cancelled,Medical,T00407,6,3,False,2024-25,1,2025-01,False,
B003180,C02294,2024-12-03,2025-01-14,Fun Dive,3,10200.0,Completed,,T00407,8,42,False,2024-25,1,2025-01,False,10200.0
B003181,C02295,2025-01-04,2025-01-14,Fun Dive,2,7500.0,Completed,,T00407,9,10,False,2024-25,1,2025-01,False,7500.0
B003182,C02296,2025-01-03,2025-01-14,Fun Dive,1,3850.0,Completed,,T00408,1,11,False,2024-25,1,2025-01,False,3850.0
B003183,C02297,2024-12-20,2025-01-14,Fun Dive,3,10300.0,Completed,,T00408,4,25,False,2024-25,1,2025-01,False,10300.0
B003184,C02298,2024-12-21,2025-01-14,Discovery Dive,1,5350.0,Cancelled,Customer,T00408,5,24,False,2024-25,1,2025-01,False,
B003185,C02299,2024-12-18,2025-01-14,Discovery Dive,1,5400.0,Completed,,T00408,7,27,False,2024-25,1,2025-01,False,5400.0
B003186,C02300,2024-12-10,2025-01-14,Fun Dive,4,15700.0,Completed,,T00408,8,35,False,2024-25,1,2025-01,False,15700.0
B003187,C01916,2024-12-28,2025-01-14,Fun Dive,2,7100.0,Completed,,T00408,9,17,False,2024-25,1,2025-01,False,7100.0
B003188,C02301,2025-01-12,2025-01-14,Fun Dive,4,15750.0,Completed,,T00408,10,2,False,2024-25,1,2025-01,False,15750.0
B003189,C02302,2025-01-14,2025-01-14,Discovery Dive,1,4900.0,Completed,,T00408,11,0,False,2024-25,1,2025-01,False,4900.0
B003190,C02303,2024-12-20,2025-01-15,Fun Dive,3,10750.0,Completed,,T00409,1,26,False,2024-25,1,2025-01,False,10750.0
B003191,C02304,2024-12-22,2025-01-15,Fun Dive,2,6200.0,No-show,,T00409,2,24,False,2024-25,1,2025-01,False,
B003192,C02305,2024-12-04,2025-01-15,Fun Dive,4,13950.0,Completed,,T00409,3,42,False,2024-25,1,2025-01,False,13950.0
B003193,C02306,2024-12-13,2025-01-15,Discovery Dive,1,5200.0,Completed,,T00409,4,33,False,2024-25,1,2025-01,False,5200.0
B003194,C02307,2025-01-01,2025-01-15,Discovery Dive,1,5200.0,Cancelled,Medical,T00409,7,14,False,2024-25,1,2025-01,False,
B003195,C02308,2024-12-05,2025-01-15,Discovery Dive,1,4350.0,Completed,,T00409,8,41,False,2024-25,1,2025-01,False,4350.0
B003196,C02309,2024-12-23,2025-01-15,Course,4,25200.0,Completed,,T00409,10,23,False,2024-25,1,2025-01,False,25200.0
B003197,C02310,2024-12-24,2025-01-15,Fun Dive,1,3200.0,Cancelled,Customer,T00409,11,22,False,2024-25,1,2025-01,False,
B003198,C02311,2024-12-06,2025-01-15,Course,4,24050.0,Completed,,T00410,1,40,False,2024-25,1,2025-01,False,24050.0
B003199,C01742,2024-12-26,2025-01-15,Course,5,28450.0,Completed,,T00410,2,20,False,2024-25,1,2025-01,False,28450.0
B003200,C02312,2025-01-03,2025-01-15,Discovery Dive,1,5800.0,Completed,,T00410,3,12,False,2024-25,1,2025-01,False,5800.0
B003201,C02313,2024-12-29,2025-01-15,Discovery Dive,2,9950.0,Completed,,T00410,4,17,False,2024-25,1,2025-01,False,9950.0
B003202,C02314,2025-01-12,2025-01-15,Discovery Dive,1,4600.0,Completed,,T00410,7,3,False,2024-25,1,2025-01,False,4600.0
B003203,C02315,2024-12-28,2025-01-15,Fun Dive,1,3500.0,Completed,,T00410,8,18,False,2024-25,1,2025-01,False,3500.0
B003204,C02316,2024-12-02,2025-01-16,Fun Dive,2,7200.0,Completed,,T00411,2,45,False,2024-25,1,2025-01,False,7200.0
B003205,C02311,2024-12-25,2025-01-16,Fun Dive,3,11000.0,Cancelled,Customer,T00411,3,22,False,2024-25,1,2025-01,False,
B003206,C02317,2025-01-13,2025-01-16,Discovery Dive,1,5400.0,Completed,,T00411,4,3,False,2024-25,1,2025-01,False,5400.0
B003207,C02318,2025-01-10,2025-01-16,Fun Dive,1,3750.0,Completed,,T00411,5,6,False,2024-25,1,2025-01,False,3750.0
B003208,C02319,2025-01-01,2025-01-16,Fun Dive,1,3800.0,Completed,,T00411,7,15,False,2024-25,1,2025-01,False,3800.0
B003209,C02320,2025-01-01,2025-01-16,Fun Dive,1,3600.0,Completed,,T00411,9,15,False,2024-25,1,2025-01,False,3600.0
B003210,C01859,2024-12-23,2025-01-16,Discovery Dive,1,5000.0,Completed,,T00411,10,24,False,2024-25,1,2025-01,False,5000.0
B003211,C02321,2024-12-04,2025-01-16,Fun Dive,2,6300.0,Completed,,T00412,2,43,False,2024-25,1,2025-01,False,6300.0
B003212,C01737,2025-01-08,2025-01-16,Fun Dive,1,3800.0,Completed,,T00412,3,8,False,2024-25,1,2025-01,False,3800.0
B003213,C02085,2025-01-07,2025-01-16,Fun Dive,2,7750.0,Completed,,T00412,4,9,False,2024-25,1,2025-01,False,7750.0
B003214,C02322,2025-01-16,2025-01-16,Discovery Dive,2,11550.0,Completed,,T00412,5,0,False,2024-25,1,2025-01,False,11550.0
B003215,C02323,2025-01-05,2025-01-16,Fun Dive,1,3300.0,No-show,,T00412,6,11,False,2024-25,1,2025-01,False,
B003216,C02324,2024-12-17,2025-01-16,Fun Dive,3,11000.0,Completed,,T00412,7,30,False,2024-25,1,2025-01,False,11000.0
B003217,C02325,2024-12-19,2025-01-16,Fun Dive,3,10150.0,Completed,,T00412,8,28,False,2024-25,1,2025-01,False,10150.0
B003218,C02326,2025-01-13,2025-01-16,Fun Dive,1,3950.0,Cancelled,Weather,T00412,9,3,False,2024-25,1,2025-01,False,
B003219,C02327,2025-01-03,2025-01-16,Discovery Dive,1,5350.0,Completed,,T00412,10,13,False,2024-25,1,2025-01,False,5350.0
B003220,C02328,2024-12-11,2025-01-17,Discovery Dive,1,4700.0,Cancelled,Unknown,T00413,3,37,False,2024-25,1,2025-01,False,
B003221,C02329,2024-12-20,2025-01-17,Discovery Dive,1,5300.0,Completed,,T00413,4,28,False,2024-25,1,2025-01,False,5300.0
B003222,C02330,2024-12-16,2025-01-17,Fun Dive,4,14050.0,Completed,,T00413,5,32,False,2024-25,1,2025-01,False,14050.0
B003223,C02331,2025-01-14,2025-01-17,Course,5,25900.0,Completed,,T00413,6,3,False,2024-25,1,2025-01,False,25900.0
B003224,C02332,2024-12-08,2025-01-17,Fun Dive,4,11350.0,Cancelled,Customer,T00413,7,40,False,2024-25,1,2025-01,False,
B003225,C02333,2024-12-22,2025-01-17,Fun Dive,4,14000.0,Completed,,T00413,8,26,False,2024-25,1,2025-01,False,14000.0
B003226,C01728,2024-12-05,2025-01-17,Fun Dive,3,10100.0,Completed,,T00414,1,43,False,2024-25,1,2025-01,False,10100.0
B003227,C02334,2025-01-07,2025-01-17,Fun Dive,2,6650.0,Completed,,T00414,2,10,False,2024-25,1,2025-01,False,6650.0
B003228,C02335,2025-01-07,2025-01-17,Discovery Dive,1,4750.0,Completed,,T00414,3,10,False,2024-25,1,2025-01,False,4750.0
B003229,C02336,2024-12-24,2025-01-17,Fun Dive,1,3200.0,Completed,,T00414,4,24,False,2024-25,1,2025-01,False,3200.0
B003230,C02337,2025-01-08,2025-01-17,Discovery Dive,1,5250.0,No-show,,T00414,6,9,False,2024-25,1,2025-01,False,
B003231,C02338,2025-01-13,2025-01-17,Discovery Dive,1,5700.0,Completed,,T00414,7,4,False,2024-25,1,2025-01,False,5700.0
B003232,C02339,2025-01-04,2025-01-17,Discovery Dive,1,4100.0,Completed,,T00414,8,13,False,2024-25,1,2025-01,False,4100.0
B003233,C01265,2025-01-13,2025-01-17,Fun Dive,3,10250.0,Completed,,T00414,10,4,False,2024-25,1,2025-01,False,10250.0
B003234,C02340,2024-12-26,2025-01-18,Fun Dive,4,14850.0,Completed,,T00415,1,23,False,2024-25,1,2025-01,True,14850.0
B003235,C02341,2024-12-25,2025-01-18,Discovery Dive,1,4600.0,Completed,,T00415,2,24,False,2024-25,1,2025-01,True,4600.0
B003236,C02342,2025-01-14,2025-01-18,Fun Dive,1,2850.0,Completed,,T00415,6,4,False,2024-25,1,2025-01,True,2850.0
B003237,C01822,2024-12-28,2025-01-18,Discovery Dive,1,5500.0,Completed,,T00415,7,21,False,2024-25,1,2025-01,True,5500.0
B003238,C02343,2024-12-31,2025-01-18,Fun Dive,2,7850.0,Completed,,T00415,8,18,False,2024-25,1,2025-01,True,7850.0
B003239,C02344,2024-12-31,2025-01-18,Fun Dive,2,5700.0,Completed,,T00415,10,18,False,2024-25,1,2025-01,True,5700.0
B003240,C01507,2025-01-15,2025-01-18,Discovery Dive,1,5400.0,No-show,,T00415,11,3,False,2024-25,1,2025-01,True,
B003241,C02345,2025-01-13,2025-01-18,Fun Dive,1,3550.0,Completed,,T00415,12,5,False,2024-25,1,2025-01,True,3550.0
B003242,C02346,2024-12-22,2025-01-18,Fun Dive,2,6750.0,Completed,,T00416,1,27,False,2024-25,1,2025-01,True,6750.0
B003243,C02347,2025-01-18,2025-01-18,Discovery Dive,1,5500.0,Completed,,T00416,2,0,False,2024-25,1,2025-01,True,5500.0
B003244,C02348,2025-01-05,2025-01-18,Fun Dive,4,14400.0,Completed,,T00416,4,13,False,2024-25,1,2025-01,True,14400.0
B003245,C02349,2025-01-11,2025-01-18,Discovery Dive,1,5200.0,Completed,,T00416,5,7,False,2024-25,1,2025-01,True,5200.0
B003246,C02350,2024-12-26,2025-01-18,Fun Dive,3,11000.0,Completed,,T00416,6,23,False,2024-25,1,2025-01,True,11000.0
B003247,C02351,2025-01-03,2025-01-18,Discovery Dive,1,4700.0,Cancelled,Customer,T00416,7,15,False,2024-25,1,2025-01,True,
B003248,C02352,2024-12-14,2025-01-18,Fun Dive,3,8800.0,No-show,,T00416,8,35,False,2024-25,1,2025-01,True,
B003249,C02353,2025-01-15,2025-01-18,Discovery Dive,1,5500.0,Completed,,T00416,9,3,False,2024-25,1,2025-01,True,5500.0
B003250,C02354,2024-12-20,2025-01-18,Course,5,26200.0,Completed,,T00416,11,29,False,2024-25,1,2025-01,True,26200.0
B003251,C02355,2024-12-28,2025-01-18,Fun Dive,1,3650.0,No-show,,T00416,12,21,False,2024-25,1,2025-01,True,
B003252,C02356,2025-01-15,2025-01-19,Fun Dive,3,11200.0,Completed,,T00417,1,4,False,2024-25,1,2025-01,True,11200.0
B003253,C02357,2025-01-06,2025-01-19,Course,4,27050.0,Completed,,T00417,2,13,False,2024-25,1,2025-01,True,27050.0
B003254,C02358,2025-01-05,2025-01-19,Discovery Dive,1,5350.0,Completed,,T00417,4,14,False,2024-25,1,2025-01,True,5350.0
B003255,C02039,2024-12-30,2025-01-19,Fun Dive,1,3050.0,Completed,,T00417,6,20,False,2024-25,1,2025-01,True,3050.0
B003256,C01639,2025-01-13,2025-01-19,Fun Dive,2,6700.0,Completed,,T00417,8,6,False,2024-25,1,2025-01,True,6700.0
B003257,C02359,2024-12-30,2025-01-19,Discovery Dive,1,5050.0,No-show,,T00418,1,20,False,2024-25,1,2025-01,True,
B003258,C02360,2024-12-31,2025-01-19,Discovery Dive,1,5100.0,Completed,,T00418,3,19,False,2024-25,1,2025-01,True,5100.0
B003259,C01673,2024-12-27,2025-01-19,Course,4,21900.0,No-show,,T00418,4,23,False,2024-25,1,2025-01,True,
B003260,C01994,2024-12-31,2025-01-19,Fun Dive,2,6900.0,Completed,,T00418,5,19,False,2024-25,1,2025-01,True,6900.0
B003261,C01570,2025-01-16,2025-01-19,Discovery Dive,1,5800.0,Completed,,T00418,7,3,False,2024-25,1,2025-01,True,5800.0
B003262,C02361,2024-12-12,2025-01-19,Discovery Dive,2,10500.0,Cancelled,Customer,T00418,8,38,False,2024-25,1,2025-01,True,
B003263,C01737,2024-12-23,2025-01-19,Fun Dive,1,3950.0,Completed,,T00418,9,27,False,2024-25,1,2025-01,True,3950.0
B003264,C02362,2024-12-19,2025-01-19,Discovery Dive,1,4250.0,Completed,,T00418,11,31,False,2024-25,1,2025-01,True,4250.0
B003265,C02363,2025-01-13,2025-01-20,Discovery Dive,1,5800.0,Completed,,T00419,1,7,False,2024-25,1,2025-01,False,5800.0
B003266,C02364,2024-12-20,2025-01-20,Fun Dive,2,6150.0,No-show,,T00419,2,31,False,2024-25,1,2025-01,False,
B003267,C01582,2024-12-06,2025-01-20,Discovery Dive,1,4850.0,No-show,,T00419,3,45,False,2024-25,1,2025-01,False,
B003268,C02365,2025-01-05,2025-01-20,Fun Dive,2,7850.0,Completed,,T00419,4,15,False,2024-25,1,2025-01,False,7850.0
B003269,C02366,2025-01-19,2025-01-20,Fun Dive,3,10200.0,Completed,,T00419,5,1,False,2024-25,1,2025-01,False,10200.0
B003270,C02367,2024-12-10,2025-01-20,Discovery Dive,1,4500.0,Completed,,T00419,6,41,False,2024-25,1,2025-01,False,4500.0
B003271,C02368,2024-12-08,2025-01-20,Fun Dive,2,6800.0,Completed,,T00419,7,43,False,2024-25,1,2025-01,False,6800.0
B003272,C02369,2025-01-02,2025-01-20,Fun Dive,3,10700.0,Completed,,T00420,1,18,False,2024-25,1,2025-01,False,10700.0
B003273,C02370,2025-01-19,2025-01-20,Course,4,23600.0,Completed,,T00420,4,1,False,2024-25,1,2025-01,False,23600.0
B003274,C00656,2024-12-20,2025-01-20,Fun Dive,1,3300.0,Completed,,T00420,5,31,False,2024-25,1,2025-01,False,3300.0
B003275,C02371,2025-01-11,2025-01-20,Fun Dive,1,3300.0,Completed,,T00420,6,9,False,2024-25,1,2025-01,False,3300.0
B003276,C02372,2024-12-21,2025-01-20,Course,4,24450.0,Completed,,T00420,7,30,False,2024-25,1,2025-01,False,24450.0
B003277,C02373,2024-12-07,2025-01-20,Fun Dive,2,6900.0,Completed,,T00420,8,44,False,2024-25,1,2025-01,False,6900.0
B003278,C02374,2025-01-04,2025-01-20,Fun Dive,2,6200.0,Completed,,T00420,9,16,False,2024-25,1,2025-01,False,6200.0
B003279,C02375,2024-12-28,2025-01-20,Course,4,25800.0,Completed,,T00420,10,23,False,2024-25,1,2025-01,False,25800.0
B003280,C02078,2024-12-24,2025-01-20,Fun Dive,1,3550.0,Completed,,T00420,11,27,False,2024-25,1,2025-01,False,3550.0
B003281,C01936,2025-01-17,2025-01-21,Fun Dive,1,3600.0,Completed,,T00421,1,4,False,2024-25,1,2025-01,False,3600.0
B003282,C02376,2024-12-24,2025-01-21,Course,4,26150.0,Completed,,T00421,2,28,False,2024-25,1,2025-01,False,26150.0
B003283,C01994,2025-01-21,2025-01-21,Fun Dive,2,7500.0,Completed,,T00421,3,0,False,2024-25,1,2025-01,False,7500.0
B003284,C02377,2024-12-10,2025-01-21,Discovery Dive,1,5550.0,Completed,,T00421,4,42,False,2024-25,1,2025-01,False,5550.0
B003285,C02378,2025-01-07,2025-01-21,Discovery Dive,1,4700.0,Completed,,T00421,5,14,False,2024-25,1,2025-01,False,4700.0
B003286,C02379,2024-12-08,2025-01-21,Fun Dive,4,14300.0,No-show,,T00421,7,44,False,2024-25,1,2025-01,False,
B003287,C01648,2024-12-26,2025-01-21,Course,5,23850.0,Completed,,T00421,8,26,False,2024-25,1,2025-01,False,23850.0
B003288,C02380,2024-12-26,2025-01-21,Fun Dive,1,3300.0,Completed,,T00422,1,26,False,2024-25,1,2025-01,False,3300.0
B003289,C02381,2024-12-29,2025-01-21,Discovery Dive,1,4650.0,Cancelled,Customer,T00422,3,23,False,2024-25,1,2025-01,False,
B003290,C02382,2024-12-29,2025-01-21,Discovery Dive,1,5500.0,Completed,,T00422,4,23,False,2024-25,1,2025-01,False,5500.0
B003291,C02383,2025-01-09,2025-01-21,Discovery Dive,1,5250.0,Completed,,T00422,5,12,False,2024-25,1,2025-01,False,5250.0
B003292,C01593,2024-12-12,2025-01-21,Fun Dive,1,3650.0,Completed,,T00422,7,40,False,2024-25,1,2025-01,False,3650.0
B003293,C01622,2025-01-16,2025-01-21,Discovery Dive,1,5350.0,Completed,,T00422,8,5,False,2024-25,1,2025-01,False,5350.0
B003294,C02384,2025-01-01,2025-01-21,Discovery Dive,1,5600.0,Completed,,T00422,9,20,False,2024-25,1,2025-01,False,5600.0
B003295,C01969,2024-12-17,2025-01-21,Course,4,27400.0,Completed,,T00422,10,35,False,2024-25,1,2025-01,False,27400.0
B003296,C02385,2024-12-20,2025-01-22,Discovery Dive,1,4900.0,Completed,,T00423,3,33,False,2024-25,1,2025-01,False,4900.0
B003297,C02386,2025-01-07,2025-01-22,Fun Dive,1,2850.0,Cancelled,Medical,T00423,4,15,False,2024-25,1,2025-01,False,
B003298,C02387,2024-12-14,2025-01-22,Fun Dive,3,9900.0,Completed,,T00423,5,39,False,2024-25,1,2025-01,False,9900.0
B003299,C02388,2024-12-26,2025-01-22,Fun Dive,2,7700.0,Completed,,T00423,6,27,False,2024-25,1,2025-01,False,7700.0
B003300,C02389,2025-01-04,2025-01-22,Fun Dive,1,3350.0,Completed,,T00423,7,18,False,2024-25,1,2025-01,False,3350.0
B003301,C02390,2025-01-14,2025-01-22,Fun Dive,1,3350.0,Completed,,T00423,8,8,False,2024-25,1,2025-01,False,3350.0
B003302,C02391,2024-12-10,2025-01-22,Fun Dive,1,3850.0,No-show,,T00423,9,43,False,2024-25,1,2025-01,False,
B003303,C02152,2024-12-16,2025-01-22,Course,5,21600.0,Completed,,T00424,1,37,False,2024-25,1,2025-01,False,21600.0
B003304,C02392,2024-12-25,2025-01-22,Fun Dive,2,6750.0,Cancelled,Medical,T00424,2,28,False,2024-25,1,2025-01,False,
B003305,C02393,2025-01-20,2025-01-22,Course,5,26900.0,Completed,,T00424,4,2,False,2024-25,1,2025-01,False,26900.0
B003306,C02261,2025-01-19,2025-01-22,Fun Dive,2,7350.0,Completed,,T00424,5,3,False,2024-25,1,2025-01,False,7350.0
B003307,C02394,2025-01-03,2025-01-22,Fun Dive,2,6350.0,Completed,,T00424,6,19,False,2024-25,1,2025-01,False,6350.0
B003308,C02039,2024-12-13,2025-01-22,Fun Dive,4,12100.0,Cancelled,Customer,T00424,8,40,False,2024-25,1,2025-01,False,
B003309,C02395,2025-01-10,2025-01-22,Fun Dive,4,14350.0,Completed,,T00424,9,12,False,2024-25,1,2025-01,False,14350.0
B003310,C02396,2024-12-10,2025-01-22,Fun Dive,2,7950.0,Completed,,T00424,10,43,False,2024-25,1,2025-01,False,7950.0
B003311,C02397,2024-12-26,2025-01-23,Fun Dive,3,8700.0,Completed,,T00425,1,28,False,2024-25,1,2025-01,False,8700.0
B003312,C02398,2025-01-03,2025-01-23,Fun Dive,1,3750.0,Completed,,T00425,2,20,False,2024-25,1,2025-01,False,3750.0
B003313,C02399,2025-01-07,2025-01-23,Fun Dive,1,3550.0,Completed,,T00425,4,16,False,2024-25,1,2025-01,False,3550.0
B003314,C02400,2025-01-17,2025-01-23,Fun Dive,2,7400.0,Completed,,T00425,5,6,False,2024-25,1,2025-01,False,7400.0
B003315,C02401,2024-12-17,2025-01-23,Course,4,24700.0,No-show,,T00425,7,37,False,2024-25,1,2025-01,False,
B003316,C02402,2024-12-29,2025-01-23,Course,5,25300.0,Completed,,T00425,8,25,False,2024-25,1,2025-01,False,25300.0
B003317,C02403,2025-01-12,2025-01-24,Course,4,22750.0,No-show,,T00426,2,12,False,2024-25,1,2025-01,False,
B003318,C02404,2025-01-01,2025-01-24,Course,5,26800.0,Completed,,T00426,3,23,False,2024-25,1,2025-01,False,26800.0
B003319,C02405,2025-01-21,2025-01-24,Fun Dive,4,15200.0,No-show,,T00426,4,3,False,2024-25,1,2025-01,False,
B003320,C02406,2024-12-13,2025-01-24,Fun Dive,3,10800.0,Completed,,T00426,5,42,False,2024-25,1,2025-01,False,10800.0
B003321,C02407,2025-01-19,2025-01-24,Fun Dive,1,3200.0,Cancelled,Medical,T00426,6,5,False,2024-25,1,2025-01,False,
B003322,C02408,2025-01-02,2025-01-24,Discovery Dive,1,4200.0,Completed,,T00426,7,22,False,2024-25,1,2025-01,False,4200.0
B003323,C02042,2025-01-24,2025-01-24,Discovery Dive,1,4600.0,Completed,,T00426,8,0,False,2024-25,1,2025-01,False,4600.0
B003324,C02409,2025-01-11,2025-01-24,Discovery Dive,1,4200.0,Completed,,T00427,1,13,False,2024-25,1,2025-01,False,4200.0
B003325,C02410,2024-12-26,2025-01-24,Discovery Dive,2,10650.0,Cancelled,Weather,T00427,2,29,False,2024-25,1,2025-01,False,
B003326,C02411,2024-12-24,2025-01-24,Discovery Dive,1,5000.0,Completed,,T00427,4,31,False,2024-25,1,2025-01,False,5000.0
B003327,C02412,2025-01-14,2025-01-24,Discovery Dive,1,4550.0,Completed,,T00427,5,10,False,2024-25,1,2025-01,False,4550.0
B003328,C02413,2025-01-23,2025-01-24,Course,4,24750.0,Completed,,T00427,6,1,False,2024-25,1,2025-01,False,24750.0
B003329,C02404,2024-12-13,2025-01-24,Fun Dive,2,7350.0,Completed,,T00427,7,42,False,2024-25,1,2025-01,False,7350.0
B003330,C02414,2024-12-29,2025-01-24,Fun Dive,4,14500.0,Completed,,T00427,9,26,False,2024-25,1,2025-01,False,14500.0
B003331,C02415,2025-01-08,2025-01-24,Course,4,22050.0,Completed,,T00427,10,16,False,2024-25,1,2025-01,False,22050.0
B003332,C02416,2025-01-23,2025-01-25,Fun Dive,2,6500.0,Completed,,T00428,1,2,False,2024-25,1,2025-01,True,6500.0
B003333,C02417,2024-12-22,2025-01-25,Discovery Dive,2,9750.0,Completed,,T00428,2,34,False,2024-25,1,2025-01,True,9750.0
B003334,C02086,2024-12-28,2025-01-25,Discovery Dive,1,4500.0,Completed,,T00428,3,28,False,2024-25,1,2025-01,True,4500.0
B003335,C02418,2024-12-11,2025-01-25,Fun Dive,3,10200.0,Completed,,T00428,4,45,False,2024-25,1,2025-01,True,10200.0
B003336,C02419,2024-12-13,2025-01-25,Discovery Dive,2,10050.0,Completed,,T00428,5,43,False,2024-25,1,2025-01,True,10050.0
B003337,C02420,2025-01-11,2025-01-25,Discovery Dive,1,5050.0,Completed,,T00428,6,14,False,2024-25,1,2025-01,True,5050.0
B003338,C02421,2024-12-19,2025-01-25,Course,5,23950.0,Completed,,T00428,8,37,False,2024-25,1,2025-01,True,23950.0
B003339,C02422,2024-12-12,2025-01-25,Fun Dive,1,3100.0,Completed,,T00428,9,44,False,2024-25,1,2025-01,True,3100.0
B003340,C02423,2024-12-30,2025-01-25,Discovery Dive,1,5150.0,Completed,,T00428,11,26,False,2024-25,1,2025-01,True,5150.0
B003341,C02424,2025-01-19,2025-01-25,Discovery Dive,1,5250.0,Completed,,T00429,1,6,False,2024-25,1,2025-01,True,5250.0
B003342,C02425,2024-12-28,2025-01-25,Fun Dive,2,7050.0,No-show,,T00429,2,28,False,2024-25,1,2025-01,True,
B003343,C02426,2025-01-08,2025-01-25,Discovery Dive,1,5300.0,Completed,,T00429,3,17,False,2024-25,1,2025-01,True,5300.0
B003344,C02427,2024-12-16,2025-01-25,Discovery Dive,2,11000.0,Completed,,T00429,5,40,False,2024-25,1,2025-01,True,11000.0
B003345,C01299,2025-01-24,2025-01-25,Fun Dive,1,3500.0,No-show,,T00429,6,1,False,2024-25,1,2025-01,True,
B003346,C02428,2025-01-13,2025-01-25,Fun Dive,2,5850.0,No-show,,T00429,7,12,False,2024-25,1,2025-01,True,
B003347,C01876,2025-01-05,2025-01-25,Fun Dive,2,7350.0,Completed,,T00429,8,20,False,2024-25,1,2025-01,True,7350.0
B003348,C02429,2024-12-25,2025-01-25,Course,5,27650.0,Completed,,T00429,9,31,False,2024-25,1,2025-01,True,27650.0
B003349,C01719,2025-01-22,2025-01-25,Fun Dive,2,7750.0,Cancelled,Weather,T00429,11,3,False,2024-25,1,2025-01,True,
B003350,C02430,2025-01-02,2025-01-26,Fun Dive,2,6100.0,Cancelled,Customer,T00430,1,24,False,2024-25,1,2025-01,True,
B003351,C02431,2025-01-02,2025-01-26,Fun Dive,1,3550.0,Cancelled,Medical,T00430,2,24,False,2024-25,1,2025-01,True,
B003352,C02432,2025-01-11,2025-01-26,Fun Dive,3,10400.0,Completed,,T00430,4,15,False,2024-25,1,2025-01,True,10400.0
B003353,C02433,2025-01-16,2025-01-26,Discovery Dive,2,9200.0,Completed,,T00430,6,10,False,2024-25,1,2025-01,True,9200.0
B003354,C02434,2024-12-13,2025-01-26,Discovery Dive,1,5500.0,Completed,,T00430,7,44,False,2024-25,1,2025-01,True,5500.0
B003355,C01867,2025-01-23,2025-01-26,Fun Dive,2,6950.0,Completed,,T00430,8,3,False,2024-25,1,2025-01,True,6950.0
B003356,C02435,2024-12-16,2025-01-26,Fun Dive,1,3600.0,Completed,,T00431,2,41,False,2024-25,1,2025-01,True,3600.0
B003357,C02262,2024-12-14,2025-01-26,Course,5,26550.0,Completed,,T00431,3,43,False,2024-25,1,2025-01,True,26550.0
B003358,C02436,2024-12-14,2025-01-26,Discovery Dive,1,5150.0,Completed,,T00431,4,43,False,2024-25,1,2025-01,True,5150.0
B003359,C02437,2025-01-25,2025-01-26,Course,5,27050.0,Completed,,T00431,5,1,False,2024-25,1,2025-01,True,27050.0
B003360,C02438,2024-12-13,2025-01-26,Fun Dive,1,3500.0,Completed,,T00431,6,44,False,2024-25,1,2025-01,True,3500.0
B003361,C02439,2025-01-26,2025-01-26,Course,4,21950.0,Cancelled,Medical,T00431,9,0,False,2024-25,1,2025-01,True,
B003362,C02440,2025-01-14,2025-01-26,Discovery Dive,1,4850.0,Completed,,T00431,10,12,False,2024-25,1,2025-01,True,4850.0
B003363,C02441,2025-01-11,2025-01-26,Discovery Dive,1,4550.0,Completed,,T00431,11,15,False,2024-25,1,2025-01,True,4550.0
B003364,C02442,2025-01-15,2025-01-27,Fun Dive,1,4000.0,Completed,,T00432,1,12,False,2024-25,1,2025-01,False,4000.0
B003365,C02443,2025-01-26,2025-01-27,Discovery Dive,1,5350.0,No-show,,T00432,2,1,False,2024-25,1,2025-01,False,
B003366,C02444,2025-01-12,2025-01-27,Fun Dive,2,7150.0,Completed,,T00432,3,15,False,2024-25,1,2025-01,False,7150.0
B003367,C02445,2025-01-26,2025-01-27,Fun Dive,2,7050.0,Completed,,T00432,4,1,False,2024-25,1,2025-01,False,7050.0
B003368,C01836,2024-12-22,2025-01-27,Fun Dive,2,7850.0,No-show,,T00432,5,36,False,2024-25,1,2025-01,False,
B003369,C02446,2025-01-16,2025-01-27,Fun Dive,1,3400.0,Completed,,T00432,6,11,False,2024-25,1,2025-01,False,3400.0
B003370,C02447,2024-12-15,2025-01-27,Fun Dive,2,7100.0,Completed,,T00432,7,43,False,2024-25,1,2025-01,False,7100.0
B003371,C02050,2024-12-18,2025-01-27,Fun Dive,1,3300.0,Cancelled,Customer,T00433,1,40,False,2024-25,1,2025-01,False,
B003372,C02448,2025-01-16,2025-01-27,Discovery Dive,2,10600.0,Completed,,T00433,2,11,False,2024-25,1,2025-01,False,10600.0
B003373,C02449,2025-01-08,2025-01-27,Fun Dive,2,6000.0,No-show,,T00433,3,19,False,2024-25,1,2025-01,False,
B003374,C02365,2024-12-29,2025-01-27,Fun Dive,1,3800.0,Completed,,T00433,4,29,False,2024-25,1,2025-01,False,3800.0
B003375,C02450,2025-01-09,2025-01-27,Fun Dive,1,2850.0,No-show,,T00433,7,18,False,2024-25,1,2025-01,False,
B003376,C02451,2024-12-16,2025-01-27,Fun Dive,4,14200.0,Cancelled,Customer,T00433,8,42,False,2024-25,1,2025-01,False,
B003377,C01086,2024-12-31,2025-01-27,Course,5,25200.0,Completed,,T00433,9,27,False,2024-25,1,2025-01,False,25200.0
B003378,C02452,2024-12-21,2025-01-28,Fun Dive,2,7150.0,Completed,,T00434,2,38,False,2024-25,1,2025-01,False,7150.0
B003379,C02453,2025-01-28,2025-01-28,Fun Dive,1,3750.0,Cancelled,Customer,T00434,3,0,False,2024-25,1,2025-01,False,
B003380,C02454,2024-12-19,2025-01-28,Course,5,22650.0,Completed,,T00434,4,40,False,2024-25,1,2025-01,False,22650.0
B003381,C02455,2024-12-21,2025-01-28,Fun Dive,1,3550.0,Completed,,T00434,6,38,False,2024-25,1,2025-01,False,3550.0
B003382,C02456,2025-01-08,2025-01-28,Course,4,27600.0,Completed,,T00434,7,20,False,2024-25,1,2025-01,False,27600.0
B003383,C02457,2024-12-15,2025-01-28,Fun Dive,3,9950.0,Completed,,T00434,8,44,False,2024-25,1,2025-01,False,9950.0
B003384,C02458,2025-01-24,2025-01-28,Discovery Dive,1,4750.0,Completed,,T00434,9,4,False,2024-25,1,2025-01,False,4750.0
B003385,C02459,2025-01-20,2025-01-28,Fun Dive,3,8850.0,Completed,,T00435,1,8,False,2024-25,1,2025-01,False,8850.0
B003386,C02460,2024-12-21,2025-01-28,Course,4,27050.0,Completed,,T00435,2,38,False,2024-25,1,2025-01,False,27050.0
B003387,C02461,2025-01-20,2025-01-28,Course,4,25300.0,Completed,,T00435,3,8,False,2024-25,1,2025-01,False,25300.0
B003388,C02462,2024-12-30,2025-01-28,Fun Dive,1,2950.0,Completed,,T00435,5,29,False,2024-25,1,2025-01,False,2950.0
B003389,C02463,2025-01-27,2025-01-28,Course,4,25100.0,Completed,,T00435,6,1,False,2024-25,1,2025-01,False,25100.0
B003390,C01758,2024-12-26,2025-01-28,Fun Dive,2,7750.0,Completed,,T00435,7,33,False,2024-25,1,2025-01,False,7750.0
B003391,C02464,2025-01-18,2025-01-28,Fun Dive,2,6950.0,Completed,,T00435,8,10,False,2024-25,1,2025-01,False,6950.0
B003392,C02465,2025-01-10,2025-01-28,Fun Dive,3,11250.0,Completed,,T00435,11,18,False,2024-25,1,2025-01,False,11250.0
B003393,C02466,2024-12-30,2025-01-29,Discovery Dive,1,5000.0,Completed,,T00436,1,30,False,2024-25,1,2025-01,False,5000.0
B003394,C00659,2025-01-29,2025-01-29,Fun Dive,2,6250.0,Completed,,T00436,2,0,False,2024-25,1,2025-01,False,6250.0
B003395,C02467,2024-12-28,2025-01-29,Discovery Dive,1,5500.0,Completed,,T00436,3,32,False,2024-25,1,2025-01,False,5500.0
B003396,C02468,2025-01-05,2025-01-29,Discovery Dive,1,5000.0,Completed,,T00436,4,24,False,2024-25,1,2025-01,False,5000.0
B003397,C02469,2024-12-31,2025-01-29,Discovery Dive,2,11000.0,Completed,,T00436,6,29,False,2024-25,1,2025-01,False,11000.0
B003398,C02148,2025-01-15,2025-01-29,Course,5,24600.0,Completed,,T00436,7,14,False,2024-25,1,2025-01,False,24600.0
B003399,C02470,2024-12-19,2025-01-29,Course,5,21350.0,Completed,,T00436,10,41,False,2024-25,1,2025-01,False,21350.0
B003400,C02471,2025-01-08,2025-01-29,Discovery Dive,1,5400.0,Completed,,T00437,1,21,False,2024-25,1,2025-01,False,5400.0
B003401,C02472,2024-12-28,2025-01-29,Fun Dive,2,7800.0,Completed,,T00437,2,32,False,2024-25,1,2025-01,False,7800.0
B003402,C02473,2024-12-23,2025-01-29,Discovery Dive,2,9500.0,Completed,,T00437,4,37,False,2024-25,1,2025-01,False,9500.0
B003403,C02474,2025-01-24,2025-01-29,Fun Dive,3,10750.0,Completed,,T00437,5,5,False,2024-25,1,2025-01,False,10750.0
B003404,C02475,2025-01-10,2025-01-29,Fun Dive,4,13900.0,Completed,,T00437,6,19,False,2024-25,1,2025-01,False,13900.0
B003405,C00812,2024-12-16,2025-01-29,Discovery Dive,1,5000.0,Completed,,T00437,7,44,False,2024-25,1,2025-01,False,5000.0
B003406,C02476,2025-01-29,2025-01-29,Discovery Dive,1,5050.0,Completed,,T00437,9,0,False,2024-25,1,2025-01,False,5050.0
B003407,C02477,2025-01-20,2025-01-29,Fun Dive,3,8900.0,No-show,,T00437,10,9,False,2024-25,1,2025-01,False,
B003408,C02433,2025-01-05,2025-01-29,Fun Dive,4,12200.0,Cancelled,Weather,T00437,11,24,False,2024-25,1,2025-01,False,
B003409,C02150,2024-12-29,2025-01-30,Course,5,25300.0,Completed,,T00438,1,32,False,2024-25,1,2025-01,False,25300.0
B003410,C02478,2025-01-08,2025-01-30,Course,4,26950.0,Completed,,T00438,3,22,False,2024-25,1,2025-01,False,26950.0
B003411,C02479,2025-01-30,2025-01-30,Discovery Dive,1,5550.0,Completed,,T00438,4,0,False,2024-25,1,2025-01,False,5550.0
B003412,C02480,2025-01-25,2025-01-30,Fun Dive,4,15650.0,Completed,,T00438,5,5,False,2024-25,1,2025-01,False,15650.0
B003413,C02481,2025-01-17,2025-01-30,Fun Dive,2,7100.0,Completed,,T00438,6,13,False,2024-25,1,2025-01,False,7100.0
B003414,C02482,2024-12-18,2025-01-30,Discovery Dive,1,5650.0,Completed,,T00438,8,43,False,2024-25,1,2025-01,False,5650.0
B003415,C02483,2025-01-10,2025-01-30,Discovery Dive,2,11150.0,Completed,,T00438,10,20,False,2024-25,1,2025-01,False,11150.0
B003416,C00091,2025-01-29,2025-01-30,Fun Dive,2,7150.0,Completed,,T00438,11,1,False,2024-25,1,2025-01,False,7150.0
B003417,C02014,2024-12-22,2025-01-30,Fun Dive,4,13950.0,Completed,,T00439,1,39,False,2024-25,1,2025-01,False,13950.0
B003418,C02484,2025-01-10,2025-01-30,Fun Dive,2,7350.0,Cancelled,Customer,T00439,3,20,False,2024-25,1,2025-01,False,
B003419,C02485,2024-12-23,2025-01-30,Fun Dive,3,11500.0,Completed,,T00439,4,38,False,2024-25,1,2025-01,False,11500.0
B003420,C02486,2024-12-25,2025-01-30,Discovery Dive,1,5750.0,Completed,,T00439,6,36,False,2024-25,1,2025-01,False,5750.0
B003421,C02487,2025-01-20,2025-01-30,Course,4,27250.0,Completed,,T00439,7,10,False,2024-25,1,2025-01,False,27250.0
B003422,C02488,2025-01-14,2025-01-30,Fun Dive,2,7250.0,Completed,,T00439,8,16,False,2024-25,1,2025-01,False,7250.0
B003423,C02489,2025-01-10,2025-01-30,Discovery Dive,1,5450.0,Cancelled,Customer,T00439,9,20,False,2024-25,1,2025-01,False,
B003424,C02490,2025-01-14,2025-01-30,Fun Dive,2,6950.0,Completed,,T00439,10,16,False,2024-25,1,2025-01,False,6950.0
B003425,C02491,2024-12-23,2025-01-30,Course,4,27850.0,Completed,,T00439,11,38,False,2024-25,1,2025-01,False,27850.0
B003426,C02492,2025-01-05,2025-01-31,Fun Dive,2,6400.0,Completed,,T00440,1,26,False,2024-25,1,2025-01,False,6400.0
B003427,C02493,2024-12-25,2025-01-31,Fun Dive,3,11300.0,Completed,,T00440,2,37,False,2024-25,1,2025-01,False,11300.0
B003428,C02494,2025-01-23,2025-01-31,Course,4,23600.0,Completed,,T00440,4,8,False,2024-25,1,2025-01,False,23600.0
B003429,C01797,2025-01-31,2025-01-31,Fun Dive,1,3400.0,Completed,,T00440,6,0,False,2024-25,1,2025-01,False,3400.0
B003430,C02495,2025-01-22,2025-01-31,Course,4,25100.0,Completed,,T00440,7,9,False,2024-25,1,2025-01,False,25100.0
B003431,C02070,2025-01-20,2025-01-31,Fun Dive,3,9050.0,Completed,,T00440,8,11,False,2024-25,1,2025-01,False,9050.0
B003432,C02496,2025-01-13,2025-01-31,Course,4,27650.0,Completed,,T00440,9,18,False,2024-25,1,2025-01,False,27650.0
B003433,C02333,2024-12-18,2025-01-31,Fun Dive,4,13850.0,Completed,,T00440,10,44,False,2024-25,1,2025-01,False,13850.0
B003434,C02497,2024-12-22,2025-01-31,Fun Dive,1,3100.0,Completed,,T00440,11,40,False,2024-25,1,2025-01,False,3100.0
B003435,C02498,2025-01-20,2025-01-31,Discovery Dive,2,9200.0,Cancelled,Medical,T00441,1,11,False,2024-25,1,2025-01,False,
B003436,C02499,2025-01-22,2025-01-31,Fun Dive,2,6900.0,Cancelled,Customer,T00441,2,9,False,2024-25,1,2025-01,False,
B003437,C02500,2025-01-03,2025-01-31,Discovery Dive,1,5300.0,Completed,,T00441,3,28,False,2024-25,1,2025-01,False,5300.0
B003438,C01786,2025-01-04,2025-01-31,Fun Dive,1,2900.0,Completed,,T00441,5,27,False,2024-25,1,2025-01,False,2900.0
B003439,C02501,2025-01-18,2025-01-31,Discovery Dive,1,5150.0,Completed,,T00441,6,13,False,2024-25,1,2025-01,False,5150.0
B003440,C02502,2025-01-25,2025-01-31,Discovery Dive,1,4800.0,Completed,,T00441,7,6,False,2024-25,1,2025-01,False,4800.0
B003441,C02503,2025-01-09,2025-01-31,Fun Dive,2,6950.0,Completed,,T00441,8,22,False,2024-25,1,2025-01,False,6950.0
B003442,C02504,2024-12-28,2025-01-31,Fun Dive,2,7200.0,Completed,,T00441,10,34,False,2024-25,1,2025-01,False,7200.0
B003443,C00215,2025-01-06,2025-02-01,Fun Dive,2,7450.0,Completed,,T00442,1,26,False,2024-25,2,2025-02,True,7450.0
B003444,C00213,2025-01-05,2025-02-01,Fun Dive,2,6800.0,Completed,,T00442,2,27,False,2024-25,2,2025-02,True,6800.0
B003445,C02505,2025-01-29,2025-02-01,Discovery Dive,1,5150.0,Completed,,T00442,3,3,False,2024-25,2,2025-02,True,5150.0
B003446,C02506,2025-01-15,2025-02-01,Discovery Dive,1,4150.0,Completed,,T00442,4,17,False,2024-25,2,2025-02,True,4150.0
B003447,C02507,2025-01-01,2025-02-01,Course,5,26600.0,Completed,,T00442,7,31,False,2024-25,2,2025-02,True,26600.0
B003448,C02508,2025-01-27,2025-02-01,Discovery Dive,1,4950.0,Cancelled,Weather,T00442,8,5,False,2024-25,2,2025-02,True,
B003449,C02509,2024-12-23,2025-02-01,Fun Dive,3,11100.0,Completed,,T00442,9,40,False,2024-25,2,2025-02,True,11100.0
B003450,C02510,2025-01-02,2025-02-01,Discovery Dive,1,5150.0,Completed,,T00443,2,30,False,2024-25,2,2025-02,True,5150.0
B003451,C02078,2025-01-05,2025-02-01,Course,4,26200.0,Completed,,T00443,3,27,False,2024-25,2,2025-02,True,26200.0
B003452,C02511,2025-01-25,2025-02-01,Discovery Dive,1,4300.0,Completed,,T00443,4,7,False,2024-25,2,2025-02,True,4300.0
B003453,C02281,2025-01-11,2025-02-01,Fun Dive,2,7150.0,Completed,,T00443,5,21,False,2024-25,2,2025-02,True,7150.0
B003454,C02512,2025-01-24,2025-02-01,Fun Dive,2,7400.0,Completed,,T00443,6,8,False,2024-25,2,2025-02,True,7400.0
B003455,C02513,2025-01-15,2025-02-01,Fun Dive,4,13450.0,Completed,,T00443,7,17,False,2024-25,2,2025-02,True,13450.0
B003456,C02514,2024-12-19,2025-02-01,Fun Dive,1,3250.0,Cancelled,Customer,T00443,8,44,False,2024-25,2,2025-02,True,
B003457,C00185,2025-01-11,2025-02-01,Course,4,27650.0,No-show,,T00444,2,21,False,2024-25,2,2025-02,True,
B003458,C02103,2025-01-11,2025-02-01,Fun Dive,3,11000.0,Completed,,T00444,3,21,False,2024-25,2,2025-02,True,11000.0
B003459,C02515,2025-01-15,2025-02-01,Discovery Dive,1,4400.0,Completed,,T00444,4,17,False,2024-25,2,2025-02,True,4400.0
B003460,C02516,2025-01-05,2025-02-01,Discovery Dive,1,4950.0,Completed,,T00444,6,27,False,2024-25,2,2025-02,True,4950.0
B003461,C02517,2025-01-08,2025-02-01,Fun Dive,1,3300.0,Completed,,T00444,7,24,False,2024-25,2,2025-02,True,3300.0
B003462,C02518,2025-01-17,2025-02-01,Discovery Dive,1,5550.0,Completed,,T00444,9,15,False,2024-25,2,2025-02,True,5550.0
B003463,C02519,2025-01-22,2025-02-02,Fun Dive,1,3550.0,Completed,,T00445,1,11,False,2024-25,2,2025-02,True,3550.0
B003464,C02520,2024-12-24,2025-02-02,Fun Dive,2,6950.0,No-show,,T00445,2,40,False,2024-25,2,2025-02,True,
B003465,C02483,2025-01-27,2025-02-02,Discovery Dive,1,5150.0,No-show,,T00445,3,6,False,2024-25,2,2025-02,True,
B003466,C02521,2025-01-19,2025-02-02,Fun Dive,1,3500.0,Completed,,T00445,4,14,False,2024-25,2,2025-02,True,3500.0
B003467,C02522,2025-01-27,2025-02-02,Fun Dive,2,5650.0,Completed,,T00445,6,6,False,2024-25,2,2025-02,True,5650.0
B003468,C02523,2024-12-28,2025-02-02,Fun Dive,4,13150.0,Completed,,T00445,7,36,False,2024-25,2,2025-02,True,13150.0
B003469,C02524,2025-01-28,2025-02-02,Course,5,27600.0,Completed,,T00445,10,5,False,2024-25,2,2025-02,True,27600.0
B003470,C00404,2025-01-02,2025-02-02,Fun Dive,1,3200.0,Completed,,T00445,11,31,False,2024-25,2,2025-02,True,3200.0
B003471,C02525,2025-01-27,2025-02-02,Course,5,22300.0,Completed,,T00445,12,6,False,2024-25,2,2025-02,True,22300.0
B003472,C02526,2025-01-28,2025-02-02,Fun Dive,1,3700.0,Completed,,T00446,2,5,False,2024-25,2,2025-02,True,3700.0
B003473,C02527,2025-01-26,2025-02-02,Discovery Dive,1,4250.0,Completed,,T00446,3,7,False,2024-25,2,2025-02,True,4250.0
B003474,C02528,2025-01-25,2025-02-02,Discovery Dive,2,10000.0,Completed,,T00446,4,8,False,2024-25,2,2025-02,True,10000.0
B003475,C02529,2025-01-29,2025-02-02,Course,4,24750.0,Completed,,T00446,5,4,False,2024-25,2,2025-02,True,24750.0
B003476,C02530,2025-01-12,2025-02-02,Discovery Dive,1,4900.0,Completed,,T00446,7,21,False,2024-25,2,2025-02,True,4900.0
B003477,C02531,2025-01-06,2025-02-02,Discovery Dive,2,10750.0,Completed,,T00446,8,27,False,2024-25,2,2025-02,True,10750.0
B003478,C02342,2025-01-05,2025-02-02,Course,4,23600.0,Completed,,T00446,9,28,False,2024-25,2,2025-02,True,23600.0
B003479,C02532,2024-12-22,2025-02-02,Fun Dive,3,11250.0,Completed,,T00446,10,42,False,2024-25,2,2025-02,True,11250.0
B003480,C02533,2025-01-21,2025-02-02,Course,5,26700.0,Completed,,T00446,11,12,False,2024-25,2,2025-02,True,26700.0
B003481,C02534,2025-01-08,2025-02-02,Discovery Dive,1,5500.0,Completed,,T00447,1,25,False,2024-25,2,2025-02,True,5500.0
B003482,C02535,2025-01-16,2025-02-02,Discovery Dive,1,5300.0,Completed,,T00447,2,17,False,2024-25,2,2025-02,True,5300.0
B003483,C02536,2024-12-28,2025-02-02,Fun Dive,4,11300.0,Cancelled,Medical,T00447,3,36,False,2024-25,2,2025-02,True,
B003484,C02000,2025-01-26,2025-02-02,Fun Dive,2,7000.0,Completed,,T00447,4,7,False,2024-25,2,2025-02,True,7000.0
B006144,C04629,2026-01-05,2026-02-10,Fun Dive,1,3500.0,Completed,,T00796,3,36,False,2025-26,2,2026-02,False,3500.0
B003485,C02537,2025-01-03,2025-02-02,Fun Dive,1,3600.0,Completed,,T00447,5,30,False,2024-25,2,2025-02,True,3600.0
B003486,C02538,2025-01-18,2025-02-02,Fun Dive,1,3500.0,Cancelled,Customer,T00447,6,15,False,2024-25,2,2025-02,True,
B003487,C02539,2025-01-18,2025-02-02,Course,4,25200.0,Completed,,T00447,7,15,False,2024-25,2,2025-02,True,25200.0
B003488,C02540,2024-12-31,2025-02-02,Fun Dive,2,7050.0,Completed,,T00447,8,33,False,2024-25,2,2025-02,True,7050.0
B003489,C02387,2024-12-23,2025-02-02,Course,4,24500.0,Completed,,T00447,9,41,False,2024-25,2,2025-02,True,24500.0
B003490,C01661,2025-01-25,2025-02-02,Fun Dive,2,7250.0,Completed,,T00447,11,8,False,2024-25,2,2025-02,True,7250.0
B003491,C02541,2025-01-04,2025-02-03,Fun Dive,1,3500.0,Completed,,T00448,1,30,False,2024-25,2,2025-02,False,3500.0
B003492,C01477,2025-01-11,2025-02-03,Fun Dive,2,7200.0,Completed,,T00448,2,23,False,2024-25,2,2025-02,False,7200.0
B003493,C01396,2025-01-08,2025-02-03,Fun Dive,1,3750.0,Completed,,T00448,3,26,False,2024-25,2,2025-02,False,3750.0
B003494,C02100,2025-01-12,2025-02-03,Fun Dive,1,3800.0,Completed,,T00448,4,22,False,2024-25,2,2025-02,False,3800.0
B003495,C02542,2024-12-29,2025-02-03,Fun Dive,1,3800.0,Completed,,T00448,6,36,False,2024-25,2,2025-02,False,3800.0
B003496,C02543,2025-01-20,2025-02-03,Course,4,27050.0,Completed,,T00448,8,14,False,2024-25,2,2025-02,False,27050.0
B003497,C02544,2025-01-23,2025-02-03,Fun Dive,4,13450.0,Completed,,T00448,9,11,False,2024-25,2,2025-02,False,13450.0
B003498,C02013,2024-12-28,2025-02-03,Fun Dive,2,7550.0,Completed,,T00448,10,37,False,2024-25,2,2025-02,False,7550.0
B003499,C02175,2025-01-13,2025-02-03,Fun Dive,2,6400.0,Completed,,T00449,1,21,False,2024-25,2,2025-02,False,6400.0
B003500,C02545,2025-01-24,2025-02-03,Course,4,26550.0,Cancelled,Customer,T00449,2,10,False,2024-25,2,2025-02,False,
B003501,C02546,2025-01-24,2025-02-03,Discovery Dive,1,5400.0,Completed,,T00449,3,10,False,2024-25,2,2025-02,False,5400.0
B003502,C02338,2024-12-26,2025-02-03,Discovery Dive,1,5150.0,Completed,,T00449,4,39,False,2024-25,2,2025-02,False,5150.0
B003503,C02547,2025-01-29,2025-02-03,Discovery Dive,1,5250.0,Completed,,T00449,6,5,False,2024-25,2,2025-02,False,5250.0
B003504,C02548,2025-01-12,2025-02-03,Fun Dive,1,2900.0,No-show,,T00449,9,22,False,2024-25,2,2025-02,False,
B003505,C02549,2025-01-21,2025-02-03,Course,4,25750.0,Completed,,T00449,10,13,False,2024-25,2,2025-02,False,25750.0
B003506,C02550,2025-01-25,2025-02-03,Fun Dive,3,10450.0,Completed,,T00449,11,9,False,2024-25,2,2025-02,False,10450.0
B003507,C01953,2025-02-01,2025-02-03,Course,4,28650.0,Completed,,T00449,12,2,False,2024-25,2,2025-02,False,28650.0
B003508,C02133,2025-01-23,2025-02-04,Fun Dive,1,3400.0,Completed,,T00450,2,12,False,2024-25,2,2025-02,False,3400.0
B003509,C02551,2024-12-29,2025-02-04,Fun Dive,1,3650.0,Completed,,T00450,3,37,False,2024-25,2,2025-02,False,3650.0
B003510,C02552,2025-01-03,2025-02-04,Fun Dive,3,11550.0,No-show,,T00450,4,32,False,2024-25,2,2025-02,False,
B003511,C02553,2025-01-13,2025-02-04,Course,5,27000.0,Completed,,T00450,6,22,False,2024-25,2,2025-02,False,27000.0
B003512,C02554,2025-01-10,2025-02-04,Fun Dive,4,13800.0,Completed,,T00450,7,25,False,2024-25,2,2025-02,False,13800.0
B003513,C02555,2025-01-05,2025-02-04,Discovery Dive,1,5150.0,Completed,,T00450,8,30,False,2024-25,2,2025-02,False,5150.0
B003514,C02556,2025-02-04,2025-02-04,Fun Dive,4,15100.0,Completed,,T00450,11,0,False,2024-25,2,2025-02,False,15100.0
B003515,C02557,2025-01-13,2025-02-04,Discovery Dive,1,5350.0,Completed,,T00450,12,22,False,2024-25,2,2025-02,False,5350.0
B003516,C02558,2025-01-15,2025-02-05,Discovery Dive,1,5500.0,Completed,,T00451,1,21,False,2024-25,2,2025-02,False,5500.0
B003517,C02559,2025-02-02,2025-02-05,Discovery Dive,1,5050.0,Completed,,T00451,2,3,False,2024-25,2,2025-02,False,5050.0
B003518,C02560,2025-01-13,2025-02-05,Course,4,25950.0,Completed,,T00451,3,23,False,2024-25,2,2025-02,False,25950.0
B003519,C02561,2024-12-26,2025-02-05,Course,5,25800.0,Completed,,T00451,5,41,False,2024-25,2,2025-02,False,25800.0
B003520,C02562,2025-02-04,2025-02-05,Fun Dive,3,11050.0,Completed,,T00451,6,1,False,2024-25,2,2025-02,False,11050.0
B003521,C02563,2024-12-26,2025-02-05,Discovery Dive,1,5050.0,Completed,,T00451,7,41,False,2024-25,2,2025-02,False,5050.0
B003522,C02564,2025-01-10,2025-02-05,Discovery Dive,1,5000.0,Completed,,T00451,9,26,False,2024-25,2,2025-02,False,5000.0
B003523,C02565,2025-01-09,2025-02-05,Discovery Dive,1,4400.0,Completed,,T00451,10,27,False,2024-25,2,2025-02,False,4400.0
B003524,C02566,2025-01-29,2025-02-05,Fun Dive,2,6300.0,Completed,,T00451,11,7,False,2024-25,2,2025-02,False,6300.0
B003525,C02567,2024-12-23,2025-02-06,Discovery Dive,2,10150.0,Completed,,T00452,1,45,False,2024-25,2,2025-02,False,10150.0
B003526,C02419,2025-02-01,2025-02-06,Discovery Dive,1,5000.0,Completed,,T00452,2,5,False,2024-25,2,2025-02,False,5000.0
B003527,C02568,2025-01-26,2025-02-06,Fun Dive,3,9100.0,Completed,,T00452,5,11,False,2024-25,2,2025-02,False,9100.0
B003528,C02569,2025-01-05,2025-02-06,Fun Dive,2,7600.0,Completed,,T00452,6,32,False,2024-25,2,2025-02,False,7600.0
B003529,C02570,2025-01-30,2025-02-06,Course,4,23050.0,Completed,,T00452,7,7,False,2024-25,2,2025-02,False,23050.0
B003530,C02571,2025-01-21,2025-02-06,Discovery Dive,1,5150.0,Completed,,T00452,8,16,False,2024-25,2,2025-02,False,5150.0
B003531,C02572,2025-01-21,2025-02-06,Course,4,24600.0,Completed,,T00453,2,16,False,2024-25,2,2025-02,False,24600.0
B003532,C02573,2025-01-13,2025-02-06,Course,4,25300.0,Completed,,T00453,3,24,False,2024-25,2,2025-02,False,25300.0
B003533,C02574,2025-02-02,2025-02-06,Fun Dive,2,5650.0,Completed,,T00453,4,4,False,2024-25,2,2025-02,False,5650.0
B003534,C02575,2024-12-28,2025-02-06,Fun Dive,3,10800.0,Completed,,T00453,5,40,False,2024-25,2,2025-02,False,10800.0
B003535,C02521,2025-01-24,2025-02-06,Fun Dive,1,3900.0,Completed,,T00453,6,13,False,2024-25,2,2025-02,False,3900.0
B003536,C00281,2025-01-27,2025-02-06,Fun Dive,1,3200.0,Completed,,T00453,7,10,False,2024-25,2,2025-02,False,3200.0
B003537,C02576,2025-02-02,2025-02-06,Discovery Dive,1,5250.0,Completed,,T00453,8,4,False,2024-25,2,2025-02,False,5250.0
B003538,C02577,2024-12-30,2025-02-06,Fun Dive,3,10750.0,Cancelled,Customer,T00453,9,38,False,2024-25,2,2025-02,False,
B003539,C02578,2025-01-01,2025-02-07,Course,4,20800.0,Completed,,T00454,1,37,False,2024-25,2,2025-02,False,20800.0
B003540,C02579,2025-01-11,2025-02-07,Course,5,27100.0,Completed,,T00454,3,27,False,2024-25,2,2025-02,False,27100.0
B003541,C02580,2025-01-12,2025-02-07,Discovery Dive,1,4300.0,No-show,,T00454,4,26,False,2024-25,2,2025-02,False,
B003542,C02581,2025-01-30,2025-02-07,Course,4,28200.0,No-show,,T00454,7,8,False,2024-25,2,2025-02,False,
B003543,C02582,2024-12-26,2025-02-07,Fun Dive,2,7000.0,Completed,,T00454,8,43,False,2024-25,2,2025-02,False,7000.0
B003544,C02236,2025-02-01,2025-02-07,Course,4,26500.0,Completed,,T00454,9,6,False,2024-25,2,2025-02,False,26500.0
B003545,C02583,2025-01-27,2025-02-07,Course,4,26800.0,Completed,,T00454,10,11,False,2024-25,2,2025-02,False,26800.0
B003546,C02584,2025-01-31,2025-02-07,Course,4,26700.0,Completed,,T00454,11,7,False,2024-25,2,2025-02,False,26700.0
B003547,C02585,2025-01-22,2025-02-07,Discovery Dive,2,10400.0,Completed,,T00455,1,16,False,2024-25,2,2025-02,False,10400.0
B003548,C02586,2025-01-05,2025-02-07,Course,4,27150.0,Completed,,T00455,2,33,False,2024-25,2,2025-02,False,27150.0
B003549,C02587,2024-12-25,2025-02-07,Discovery Dive,1,5400.0,Completed,,T00455,3,44,False,2024-25,2,2025-02,False,5400.0
B003550,C02454,2025-01-01,2025-02-07,Fun Dive,3,,Completed,,T00455,4,37,True,2024-25,2,2025-02,False,
B003551,C02588,2025-01-20,2025-02-07,Course,4,21700.0,Completed,,T00455,6,18,False,2024-25,2,2025-02,False,21700.0
B003552,C02589,2024-12-24,2025-02-07,Fun Dive,3,10950.0,Cancelled,Customer,T00455,7,45,False,2024-25,2,2025-02,False,
B003553,C02218,2025-01-28,2025-02-07,Fun Dive,1,3850.0,Completed,,T00455,10,10,False,2024-25,2,2025-02,False,3850.0
B003554,C02590,2024-12-26,2025-02-08,Fun Dive,1,3500.0,Completed,,T00456,1,44,False,2024-25,2,2025-02,True,3500.0
B003555,C01842,2025-01-22,2025-02-08,Fun Dive,3,11500.0,Completed,,T00456,2,17,False,2024-25,2,2025-02,True,11500.0
B003556,C01519,2025-01-05,2025-02-08,Course,4,27100.0,Completed,,T00456,3,34,False,2024-25,2,2025-02,True,27100.0
B003557,C02591,2025-01-04,2025-02-08,Discovery Dive,1,5150.0,Completed,,T00456,4,35,False,2024-25,2,2025-02,True,5150.0
B003558,C02592,2025-01-03,2025-02-08,Discovery Dive,1,5250.0,Completed,,T00456,5,36,False,2024-25,2,2025-02,True,5250.0
B003559,C02593,2024-12-25,2025-02-08,Fun Dive,2,7750.0,Completed,,T00456,7,45,False,2024-25,2,2025-02,True,7750.0
B003560,C02270,2024-12-27,2025-02-08,Fun Dive,4,14100.0,Completed,,T00456,8,43,False,2024-25,2,2025-02,True,14100.0
B003561,C02594,2025-02-07,2025-02-08,Fun Dive,2,7000.0,Completed,,T00457,2,1,False,2024-25,2,2025-02,True,7000.0
B003562,C02595,2025-01-06,2025-02-08,Fun Dive,2,5800.0,No-show,,T00457,3,33,False,2024-25,2,2025-02,True,
B003563,C02596,2025-01-13,2025-02-08,Fun Dive,1,3600.0,Completed,,T00457,5,26,False,2024-25,2,2025-02,True,3600.0
B003564,C02597,2025-01-10,2025-02-08,Fun Dive,2,6850.0,Completed,,T00457,6,29,False,2024-25,2,2025-02,True,6850.0
B003565,C02035,2025-01-15,2025-02-08,Fun Dive,2,7000.0,Completed,,T00457,7,24,False,2024-25,2,2025-02,True,7000.0
B003566,C02310,2025-01-22,2025-02-08,Fun Dive,4,12200.0,Completed,,T00457,8,17,False,2024-25,2,2025-02,True,12200.0
B003567,C01546,2025-01-13,2025-02-09,Discovery Dive,1,4200.0,Completed,,T00458,1,27,False,2024-25,2,2025-02,True,4200.0
B003568,C02598,2024-12-27,2025-02-09,Discovery Dive,1,5500.0,Completed,,T00458,2,44,False,2024-25,2,2025-02,True,5500.0
B003569,C02599,2025-01-18,2025-02-09,Discovery Dive,1,4900.0,Completed,,T00458,3,22,False,2024-25,2,2025-02,True,4900.0
B003570,C02600,2024-12-28,2025-02-09,Fun Dive,2,6400.0,Cancelled,Customer,T00458,4,43,False,2024-25,2,2025-02,True,
B003571,C02601,2025-01-14,2025-02-09,Discovery Dive,1,4350.0,Completed,,T00458,5,26,False,2024-25,2,2025-02,True,4350.0
B003572,C02602,2025-01-10,2025-02-09,Fun Dive,3,11050.0,Completed,,T00458,6,30,False,2024-25,2,2025-02,True,11050.0
B003573,C02603,2025-01-16,2025-02-09,Course,5,27800.0,Completed,,T00458,7,24,False,2024-25,2,2025-02,True,27800.0
B003574,C02326,2024-12-31,2025-02-09,Fun Dive,2,7800.0,No-show,,T00458,10,40,False,2024-25,2,2025-02,True,
B003575,C00359,2024-12-27,2025-02-09,Fun Dive,1,3350.0,Completed,,T00459,1,44,False,2024-25,2,2025-02,True,3350.0
B003576,C02604,2025-01-31,2025-02-09,Fun Dive,1,2850.0,Cancelled,Weather,T00459,2,9,False,2024-25,2,2025-02,True,
B003577,C02422,2025-01-02,2025-02-09,Course,4,22200.0,No-show,,T00459,4,38,False,2024-25,2,2025-02,True,
B003578,C02458,2024-12-31,2025-02-09,Fun Dive,1,3250.0,Completed,,T00459,5,40,False,2024-25,2,2025-02,True,3250.0
B003579,C02605,2024-12-28,2025-02-09,Discovery Dive,1,5000.0,Completed,,T00459,7,43,False,2024-25,2,2025-02,True,5000.0
B003580,C02465,2025-01-19,2025-02-09,Fun Dive,4,13500.0,No-show,,T00459,8,21,False,2024-25,2,2025-02,True,
B003581,C02606,2025-01-14,2025-02-09,Fun Dive,1,3400.0,Completed,,T00459,9,26,False,2024-25,2,2025-02,True,3400.0
B003582,C02607,2025-02-09,2025-02-09,Discovery Dive,1,4550.0,Completed,,T00459,10,0,False,2024-25,2,2025-02,True,4550.0
B003583,C02608,2025-01-13,2025-02-09,Discovery Dive,1,5350.0,No-show,,T00459,12,27,False,2024-25,2,2025-02,True,
B003584,C02533,2025-01-24,2025-02-10,Fun Dive,2,7550.0,Completed,,T00460,2,17,False,2024-25,2,2025-02,False,7550.0
B003585,C02609,2025-01-03,2025-02-10,Fun Dive,3,9050.0,Completed,,T00460,3,38,False,2024-25,2,2025-02,False,9050.0
B003586,C02364,2025-01-22,2025-02-10,Fun Dive,1,3100.0,Completed,,T00460,4,19,False,2024-25,2,2025-02,False,3100.0
B003587,C02565,2025-01-10,2025-02-10,Discovery Dive,1,4350.0,Completed,,T00460,5,31,False,2024-25,2,2025-02,False,4350.0
B003588,C02610,2025-02-01,2025-02-10,Discovery Dive,1,4650.0,Completed,,T00460,6,9,False,2024-25,2,2025-02,False,4650.0
B003589,C02611,2025-01-31,2025-02-10,Discovery Dive,1,4250.0,Completed,,T00460,7,10,False,2024-25,2,2025-02,False,4250.0
B003590,C02502,2024-12-31,2025-02-10,Discovery Dive,1,4850.0,Completed,,T00460,8,41,False,2024-25,2,2025-02,False,4850.0
B003591,C02612,2025-01-18,2025-02-10,Discovery Dive,2,11150.0,Completed,,T00460,9,23,False,2024-25,2,2025-02,False,11150.0
B003592,C02613,2025-02-04,2025-02-10,Course,4,27600.0,Completed,,T00460,10,6,False,2024-25,2,2025-02,False,27600.0
B003594,C02290,2025-01-05,2025-02-10,Fun Dive,3,9600.0,Completed,,T00461,2,36,False,2024-25,2,2025-02,False,9600.0
B003595,C02614,2025-01-26,2025-02-10,Course,4,21300.0,Completed,,T00461,3,15,False,2024-25,2,2025-02,False,21300.0
B003596,C02615,2025-01-09,2025-02-10,Course,4,26400.0,Completed,,T00461,5,32,False,2024-25,2,2025-02,False,26400.0
B003597,C02616,2025-01-29,2025-02-10,Fun Dive,1,3900.0,Completed,,T00461,6,12,False,2024-25,2,2025-02,False,3900.0
B003598,C02617,2025-01-30,2025-02-10,Fun Dive,1,3900.0,Completed,,T00461,7,11,False,2024-25,2,2025-02,False,3900.0
B003599,C01759,2025-02-01,2025-02-10,Fun Dive,1,3650.0,Completed,,T00461,8,9,False,2024-25,2,2025-02,False,3650.0
B003600,C02618,2025-01-23,2025-02-10,Discovery Dive,1,4500.0,Completed,,T00461,9,18,False,2024-25,2,2025-02,False,4500.0
B003601,C02619,2025-02-07,2025-02-11,Fun Dive,4,13100.0,Completed,,T00462,1,4,False,2024-25,2,2025-02,False,13100.0
B003602,C02620,2025-01-21,2025-02-11,Discovery Dive,1,4150.0,Completed,,T00462,2,21,False,2024-25,2,2025-02,False,4150.0
B003603,C02621,2025-01-19,2025-02-11,Fun Dive,3,10050.0,Completed,,T00462,3,23,False,2024-25,2,2025-02,False,10050.0
B003604,C02622,2025-01-02,2025-02-11,Course,5,28200.0,Completed,,T00462,4,40,False,2024-25,2,2025-02,False,28200.0
B003605,C02623,2025-01-01,2025-02-11,Course,4,28750.0,Completed,,T00462,6,41,False,2024-25,2,2025-02,False,28750.0
B003606,C02624,2025-01-20,2025-02-11,Fun Dive,2,6250.0,Completed,,T00462,7,22,False,2024-25,2,2025-02,False,6250.0
B003607,C02083,2025-01-26,2025-02-11,Fun Dive,2,6750.0,Completed,,T00462,8,16,False,2024-25,2,2025-02,False,6750.0
B003608,C02270,2025-02-08,2025-02-12,Fun Dive,4,13900.0,Completed,,T00463,1,4,False,2024-25,2,2025-02,False,13900.0
B003609,C02625,2025-01-08,2025-02-12,Discovery Dive,1,5050.0,Completed,,T00463,3,35,False,2024-25,2,2025-02,False,5050.0
B003610,C02626,2025-01-07,2025-02-12,Course,4,26150.0,Completed,,T00463,4,36,False,2024-25,2,2025-02,False,26150.0
B003611,C02627,2025-02-07,2025-02-12,Fun Dive,1,3300.0,Completed,,T00463,6,5,False,2024-25,2,2025-02,False,3300.0
B003612,C02628,2025-01-09,2025-02-12,Discovery Dive,1,5600.0,Completed,,T00463,8,34,False,2024-25,2,2025-02,False,5600.0
B003613,C02629,2025-01-03,2025-02-12,Fun Dive,3,10900.0,Completed,,T00463,9,40,False,2024-25,2,2025-02,False,10900.0
B003614,C02630,2024-12-29,2025-02-12,Course,4,26800.0,Cancelled,Customer,T00463,10,45,False,2024-25,2,2025-02,False,
B003615,C02631,2025-01-07,2025-02-12,Fun Dive,1,3600.0,Completed,,T00464,2,36,False,2024-25,2,2025-02,False,3600.0
B003616,C02632,2025-01-10,2025-02-12,Discovery Dive,1,5200.0,Completed,,T00464,4,33,False,2024-25,2,2025-02,False,5200.0
B003617,C02633,2025-01-29,2025-02-12,Fun Dive,1,3950.0,Cancelled,Customer,T00464,5,14,False,2024-25,2,2025-02,False,
B003618,C02634,2025-01-22,2025-02-12,Discovery Dive,1,5250.0,Completed,,T00464,6,21,False,2024-25,2,2025-02,False,5250.0
B003619,C02635,2025-01-22,2025-02-12,Fun Dive,3,11600.0,Completed,,T00464,7,21,False,2024-25,2,2025-02,False,11600.0
B003620,C02212,2024-12-31,2025-02-12,Fun Dive,1,3600.0,Completed,,T00464,8,43,False,2024-25,2,2025-02,False,3600.0
B003621,C02636,2025-01-03,2025-02-12,Fun Dive,4,13550.0,Completed,,T00464,9,40,False,2024-25,2,2025-02,False,13550.0
B003622,C02637,2025-01-28,2025-02-12,Fun Dive,1,3850.0,Completed,,T00464,10,15,False,2024-25,2,2025-02,False,3850.0
B003623,C02638,2025-01-17,2025-02-12,Fun Dive,3,10600.0,Completed,,T00464,12,26,False,2024-25,2,2025-02,False,10600.0
B003624,C02639,2024-12-31,2025-02-13,Discovery Dive,1,4750.0,Completed,,T00465,1,44,False,2024-25,2,2025-02,False,4750.0
B003625,C02640,2025-01-15,2025-02-13,Fun Dive,2,7150.0,Completed,,T00465,2,29,False,2024-25,2,2025-02,False,7150.0
B003626,C02641,2025-01-15,2025-02-13,Fun Dive,2,7600.0,Completed,,T00465,4,29,False,2024-25,2,2025-02,False,7600.0
B003627,C01077,2025-01-29,2025-02-13,Fun Dive,2,7350.0,Completed,,T00465,7,15,False,2024-25,2,2025-02,False,7350.0
B003628,C02444,2025-02-05,2025-02-13,Fun Dive,4,15950.0,Completed,,T00465,8,8,False,2024-25,2,2025-02,False,15950.0
B003629,C01509,2025-02-03,2025-02-13,Fun Dive,2,7200.0,Completed,,T00465,9,10,False,2024-25,2,2025-02,False,7200.0
B003630,C02642,2025-02-10,2025-02-13,Discovery Dive,1,4100.0,Completed,,T00465,10,3,False,2024-25,2,2025-02,False,4100.0
B003631,C02643,2025-01-04,2025-02-13,Discovery Dive,1,5600.0,Completed,,T00466,1,40,False,2024-25,2,2025-02,False,5600.0
B003632,C02644,2025-01-03,2025-02-13,Fun Dive,4,14750.0,Completed,,T00466,2,41,False,2024-25,2,2025-02,False,14750.0
B003633,C02645,2025-01-23,2025-02-13,Fun Dive,2,6950.0,No-show,,T00466,4,21,False,2024-25,2,2025-02,False,
B003634,C01881,2025-01-26,2025-02-13,Fun Dive,3,11550.0,Completed,,T00466,6,18,False,2024-25,2,2025-02,False,11550.0
B003635,C02646,2025-01-15,2025-02-13,Fun Dive,2,7900.0,Completed,,T00466,7,29,False,2024-25,2,2025-02,False,7900.0
B003636,C02647,2025-01-29,2025-02-13,Discovery Dive,1,5150.0,Cancelled,Customer,T00466,8,15,False,2024-25,2,2025-02,False,
B003637,C02648,2025-01-05,2025-02-13,Course,5,26800.0,Completed,,T00466,9,39,False,2024-25,2,2025-02,False,26800.0
B003638,C02649,2025-01-27,2025-02-13,Course,4,24950.0,Completed,,T00466,10,17,False,2024-25,2,2025-02,False,24950.0
B003639,C02425,2025-02-12,2025-02-13,Fun Dive,2,7050.0,Completed,,T00466,11,1,False,2024-25,2,2025-02,False,7050.0
B003640,C02650,2025-01-01,2025-02-13,Course,5,28100.0,Completed,,T00466,12,43,False,2024-25,2,2025-02,False,28100.0
B003641,C02124,2025-01-27,2025-02-14,Fun Dive,1,3950.0,Completed,,T00467,2,18,False,2024-25,2,2025-02,False,3950.0
B003642,C02651,2025-01-26,2025-02-14,Discovery Dive,2,9000.0,Completed,,T00467,3,19,False,2024-25,2,2025-02,False,9000.0
B003643,C02652,2025-01-02,2025-02-14,Fun Dive,4,14550.0,Completed,,T00467,4,43,False,2024-25,2,2025-02,False,14550.0
B003644,C02653,2025-02-07,2025-02-14,Fun Dive,2,7700.0,Completed,,T00467,5,7,False,2024-25,2,2025-02,False,7700.0
B003645,C02654,2025-01-08,2025-02-14,Discovery Dive,1,5250.0,Completed,,T00467,6,37,False,2024-25,2,2025-02,False,5250.0
B003646,C02655,2025-02-09,2025-02-14,Fun Dive,1,3750.0,No-show,,T00467,8,5,False,2024-25,2,2025-02,False,
B003647,C00690,2025-01-12,2025-02-14,Course,5,24200.0,Completed,,T00467,9,33,False,2024-25,2,2025-02,False,24200.0
B003648,C02450,2025-01-20,2025-02-14,Fun Dive,2,5900.0,Cancelled,Customer,T00467,11,25,False,2024-25,2,2025-02,False,
B003649,C02656,2025-01-26,2025-02-14,Fun Dive,1,3650.0,Completed,,T00468,1,19,False,2024-25,2,2025-02,False,3650.0
B003650,C02155,2025-01-13,2025-02-14,Fun Dive,2,5700.0,Completed,,T00468,2,32,False,2024-25,2,2025-02,False,5700.0
B003651,C02657,2025-01-28,2025-02-14,Course,4,25100.0,No-show,,T00468,3,17,False,2024-25,2,2025-02,False,
B003652,C02131,2025-02-07,2025-02-14,Fun Dive,1,3900.0,Completed,,T00468,4,7,False,2024-25,2,2025-02,False,3900.0
B003653,C02658,2024-12-31,2025-02-14,Discovery Dive,1,5500.0,Completed,,T00468,5,45,False,2024-25,2,2025-02,False,5500.0
B003654,C02168,2025-02-03,2025-02-14,Fun Dive,1,3650.0,Completed,,T00468,6,11,False,2024-25,2,2025-02,False,3650.0
B003655,C02659,2025-02-07,2025-02-15,Fun Dive,3,10800.0,Completed,,T00469,1,8,False,2024-25,2,2025-02,True,10800.0
B003656,C01601,2025-01-20,2025-02-15,Fun Dive,4,15150.0,Completed,,T00469,2,26,False,2024-25,2,2025-02,True,15150.0
B003657,C02660,2025-01-08,2025-02-15,Discovery Dive,1,5100.0,Completed,,T00469,3,38,False,2024-25,2,2025-02,True,5100.0
B003658,C02661,2025-01-26,2025-02-15,Fun Dive,4,13450.0,Completed,,T00469,4,20,False,2024-25,2,2025-02,True,13450.0
B003659,C02226,2025-01-25,2025-02-15,Fun Dive,1,3850.0,Completed,,T00469,5,21,False,2024-25,2,2025-02,True,3850.0
B003660,C02662,2025-01-21,2025-02-15,Fun Dive,1,2950.0,Completed,,T00469,6,25,False,2024-25,2,2025-02,True,2950.0
B003661,C02663,2025-02-10,2025-02-15,Discovery Dive,2,10050.0,Completed,,T00470,1,5,False,2024-25,2,2025-02,True,10050.0
B003662,C02664,2025-01-02,2025-02-15,Discovery Dive,1,5550.0,Completed,,T00470,2,44,False,2024-25,2,2025-02,True,5550.0
B003663,C00038,2025-02-11,2025-02-15,Fun Dive,1,3850.0,Completed,,T00470,4,4,False,2024-25,2,2025-02,True,3850.0
B003664,C02665,2025-01-26,2025-02-15,Fun Dive,1,3750.0,Completed,,T00470,5,20,False,2024-25,2,2025-02,True,3750.0
B003665,C02067,2025-02-11,2025-02-15,Fun Dive,3,11850.0,Completed,,T00470,6,4,False,2024-25,2,2025-02,True,11850.0
B003666,C02666,2025-02-01,2025-02-15,Fun Dive,2,7700.0,Completed,,T00470,7,14,False,2024-25,2,2025-02,True,7700.0
B003667,C02421,2025-02-08,2025-02-15,Fun Dive,3,9700.0,Completed,,T00470,8,7,False,2024-25,2,2025-02,True,9700.0
B003668,C02667,2025-01-10,2025-02-15,Discovery Dive,1,4900.0,Completed,,T00470,9,36,False,2024-25,2,2025-02,True,4900.0
B003669,C02668,2025-02-01,2025-02-16,Fun Dive,1,3450.0,Completed,,T00471,2,15,False,2024-25,2,2025-02,True,3450.0
B003670,C02669,2025-01-13,2025-02-16,Discovery Dive,1,5150.0,Completed,,T00471,3,34,False,2024-25,2,2025-02,True,5150.0
B003671,C02670,2025-02-02,2025-02-16,Course,4,28500.0,Completed,,T00471,5,14,False,2024-25,2,2025-02,True,28500.0
B003672,C00964,2025-02-16,2025-02-16,Fun Dive,3,10800.0,Completed,,T00471,6,0,False,2024-25,2,2025-02,True,10800.0
B003673,C02671,2025-02-05,2025-02-16,Course,5,22550.0,Completed,,T00471,7,11,False,2024-25,2,2025-02,True,22550.0
B003674,C02672,2025-01-30,2025-02-16,Discovery Dive,1,5250.0,Completed,,T00471,8,17,False,2024-25,2,2025-02,True,5250.0
B003675,C02482,2025-01-17,2025-02-16,Fun Dive,2,7450.0,Completed,,T00471,9,30,False,2024-25,2,2025-02,True,7450.0
B003676,C02302,2025-02-04,2025-02-16,Course,5,24850.0,Cancelled,Unknown,T00472,1,12,False,2024-25,2,2025-02,True,
B003677,C02673,2025-01-28,2025-02-16,Course,4,28900.0,Completed,,T00472,2,19,False,2024-25,2,2025-02,True,28900.0
B003678,C02674,2025-01-20,2025-02-16,Fun Dive,1,3800.0,Completed,,T00472,3,27,False,2024-25,2,2025-02,True,3800.0
B003679,C02675,2025-02-11,2025-02-16,Fun Dive,2,6550.0,Cancelled,Customer,T00472,4,5,False,2024-25,2,2025-02,True,
B003680,C02676,2025-02-09,2025-02-16,Course,5,25100.0,Completed,,T00472,5,7,False,2024-25,2,2025-02,True,25100.0
B003681,C02677,2025-01-10,2025-02-16,Fun Dive,4,12000.0,Completed,,T00472,7,37,False,2024-25,2,2025-02,True,12000.0
B003682,C02366,2025-01-25,2025-02-16,Fun Dive,1,3300.0,Completed,,T00472,8,22,False,2024-25,2,2025-02,True,3300.0
B003683,C02678,2025-01-20,2025-02-16,Discovery Dive,1,5150.0,Completed,,T00472,9,27,False,2024-25,2,2025-02,True,5150.0
B003684,C02679,2025-01-31,2025-02-16,Fun Dive,4,12000.0,Completed,,T00473,1,16,False,2024-25,2,2025-02,True,12000.0
B003685,C02680,2025-02-15,2025-02-16,Discovery Dive,1,4500.0,Cancelled,Customer,T00473,2,1,False,2024-25,2,2025-02,True,
B003686,C02681,2025-01-31,2025-02-16,Fun Dive,1,3500.0,Completed,,T00473,3,16,False,2024-25,2,2025-02,True,3500.0
B003687,C02682,2025-01-27,2025-02-16,Discovery Dive,1,5350.0,Completed,,T00473,6,20,False,2024-25,2,2025-02,True,5350.0
B003688,C02683,2025-02-08,2025-02-16,Course,4,23400.0,Completed,,T00473,7,8,False,2024-25,2,2025-02,True,23400.0
B003689,C02521,2025-02-13,2025-02-16,Fun Dive,1,3850.0,Completed,,T00473,8,3,False,2024-25,2,2025-02,True,3850.0
B003690,C02684,2025-02-05,2025-02-16,Discovery Dive,2,9050.0,Completed,,T00473,10,11,False,2024-25,2,2025-02,True,9050.0
B003691,C01420,2025-01-03,2025-02-16,Fun Dive,1,3450.0,Completed,,T00473,11,44,False,2024-25,2,2025-02,True,3450.0
B003692,C02685,2025-01-03,2025-02-17,Discovery Dive,1,5200.0,Completed,,T00474,1,45,False,2024-25,2,2025-02,False,5200.0
B003693,C00452,2025-02-08,2025-02-17,Fun Dive,2,6850.0,Completed,,T00474,2,9,False,2024-25,2,2025-02,False,6850.0
B003694,C02686,2025-02-17,2025-02-17,Course,5,26750.0,Completed,,T00474,3,0,False,2024-25,2,2025-02,False,26750.0
B003695,C02687,2025-01-27,2025-02-17,Fun Dive,3,10800.0,Completed,,T00474,4,21,False,2024-25,2,2025-02,False,10800.0
B003696,C02688,2025-01-04,2025-02-17,Fun Dive,1,3500.0,Completed,,T00474,5,44,False,2024-25,2,2025-02,False,3500.0
B003697,C02689,2025-01-13,2025-02-17,Fun Dive,3,8650.0,No-show,,T00474,6,35,False,2024-25,2,2025-02,False,
B003698,C02690,2025-01-08,2025-02-17,Fun Dive,4,11500.0,Completed,,T00474,7,40,False,2024-25,2,2025-02,False,11500.0
B003699,C02691,2025-01-14,2025-02-17,Fun Dive,2,6750.0,Completed,,T00474,8,34,False,2024-25,2,2025-02,False,6750.0
B003700,C02692,2025-02-16,2025-02-17,Fun Dive,1,3500.0,Completed,,T00475,1,1,False,2024-25,2,2025-02,False,3500.0
B003701,C02693,2025-01-31,2025-02-17,Fun Dive,4,13050.0,Completed,,T00475,2,17,False,2024-25,2,2025-02,False,13050.0
B003702,C02694,2025-01-12,2025-02-17,Discovery Dive,1,4900.0,Completed,,T00475,3,36,False,2024-25,2,2025-02,False,4900.0
B003703,C00916,2025-02-12,2025-02-17,Course,4,26450.0,Completed,,T00475,5,5,False,2024-25,2,2025-02,False,26450.0
B003704,C02233,2025-01-10,2025-02-17,Fun Dive,3,9100.0,Completed,,T00475,6,38,False,2024-25,2,2025-02,False,9100.0
B003705,C02695,2025-01-24,2025-02-17,Course,4,28650.0,Cancelled,Medical,T00475,7,24,False,2024-25,2,2025-02,False,
B003706,C02696,2025-01-04,2025-02-17,Discovery Dive,1,5800.0,Completed,,T00475,10,44,False,2024-25,2,2025-02,False,5800.0
B003707,C02697,2025-02-06,2025-02-17,Fun Dive,1,3450.0,Completed,,T00475,11,11,False,2024-25,2,2025-02,False,3450.0
B003708,C02698,2025-02-14,2025-02-18,Discovery Dive,1,5600.0,Completed,,T00476,1,4,False,2024-25,2,2025-02,False,5600.0
B003709,C02699,2025-02-16,2025-02-18,Fun Dive,2,7750.0,Cancelled,Customer,T00476,2,2,False,2024-25,2,2025-02,False,
B003710,C02700,2025-02-01,2025-02-18,Fun Dive,1,3600.0,Completed,,T00476,3,17,False,2024-25,2,2025-02,False,3600.0
B003711,C02701,2025-02-13,2025-02-18,Fun Dive,2,7200.0,Completed,,T00476,4,5,False,2024-25,2,2025-02,False,7200.0
B003712,C02702,2025-01-29,2025-02-18,Discovery Dive,1,5150.0,Completed,,T00476,6,20,False,2024-25,2,2025-02,False,5150.0
B003713,C02703,2025-01-31,2025-02-18,Discovery Dive,1,5300.0,Completed,,T00476,8,18,False,2024-25,2,2025-02,False,5300.0
B003714,C02704,2025-01-24,2025-02-18,Fun Dive,2,7250.0,Completed,,T00477,2,25,False,2024-25,2,2025-02,False,7250.0
B003715,C02705,2025-01-07,2025-02-18,Discovery Dive,1,5550.0,No-show,,T00477,3,42,False,2024-25,2,2025-02,False,
B003716,C02706,2025-02-13,2025-02-18,Discovery Dive,1,5500.0,Completed,,T00477,4,5,False,2024-25,2,2025-02,False,5500.0
B003717,C02707,2025-01-25,2025-02-18,Fun Dive,3,10250.0,Completed,,T00477,6,24,False,2024-25,2,2025-02,False,10250.0
B003718,C00296,2025-01-26,2025-02-18,Fun Dive,1,3500.0,Completed,,T00477,7,23,False,2024-25,2,2025-02,False,3500.0
B003719,C00368,2025-02-17,2025-02-18,Fun Dive,1,4000.0,No-show,,T00477,8,1,False,2024-25,2,2025-02,False,
B003720,C02708,2025-02-16,2025-02-18,Discovery Dive,1,5200.0,Completed,,T00477,9,2,False,2024-25,2,2025-02,False,5200.0
B003721,C02709,2025-02-08,2025-02-18,Discovery Dive,2,8250.0,Cancelled,Customer,T00477,10,10,False,2024-25,2,2025-02,False,
B003722,C02710,2025-02-03,2025-02-18,Course,4,26850.0,No-show,,T00477,11,15,False,2024-25,2,2025-02,False,
B003723,C02711,2025-02-15,2025-02-18,Fun Dive,2,7700.0,Cancelled,Customer,T00477,12,3,False,2024-25,2,2025-02,False,
B003724,C02712,2025-01-09,2025-02-19,Discovery Dive,2,9900.0,Completed,,T00478,1,41,False,2024-25,2,2025-02,False,9900.0
B003725,C02713,2025-01-19,2025-02-19,Fun Dive,2,6250.0,Completed,,T00478,2,31,False,2024-25,2,2025-02,False,6250.0
B003726,C02714,2025-01-12,2025-02-19,Fun Dive,4,12700.0,Completed,,T00478,4,38,False,2024-25,2,2025-02,False,12700.0
B003727,C02715,2025-01-05,2025-02-19,Fun Dive,4,13950.0,Completed,,T00478,5,45,False,2024-25,2,2025-02,False,13950.0
B003728,C02716,2025-01-07,2025-02-19,Fun Dive,3,11550.0,Cancelled,Unknown,T00478,6,43,False,2024-25,2,2025-02,False,
B003729,C02717,2025-01-10,2025-02-19,Course,4,28250.0,Completed,,T00478,7,40,False,2024-25,2,2025-02,False,28250.0
B003730,C02121,2025-01-15,2025-02-19,Fun Dive,1,3850.0,Completed,,T00478,9,35,False,2024-25,2,2025-02,False,3850.0
B003731,C02718,2025-01-23,2025-02-19,Fun Dive,2,7400.0,Completed,,T00478,10,27,False,2024-25,2,2025-02,False,7400.0
B003732,C02719,2025-02-16,2025-02-19,Discovery Dive,1,5050.0,Completed,,T00479,3,3,False,2024-25,2,2025-02,False,5050.0
B003733,C02720,2025-01-06,2025-02-19,Course,5,28550.0,Completed,,T00479,4,44,False,2024-25,2,2025-02,False,28550.0
B003734,C02721,2025-02-10,2025-02-19,Discovery Dive,1,5750.0,Completed,,T00479,5,9,False,2024-25,2,2025-02,False,5750.0
B003735,C02722,2025-02-15,2025-02-19,Course,4,25600.0,Completed,,T00479,6,4,False,2024-25,2,2025-02,False,25600.0
B003736,C02723,2025-02-10,2025-02-19,Fun Dive,1,3400.0,Completed,,T00479,7,9,False,2024-25,2,2025-02,False,3400.0
B003737,C02169,2025-01-15,2025-02-19,Fun Dive,3,10300.0,Completed,,T00479,9,35,False,2024-25,2,2025-02,False,10300.0
B003738,C02448,2025-02-13,2025-02-19,Fun Dive,2,7250.0,Completed,,T00479,10,6,False,2024-25,2,2025-02,False,7250.0
B003739,C02724,2025-02-05,2025-02-19,Fun Dive,1,3450.0,Completed,,T00479,11,14,False,2024-25,2,2025-02,False,3450.0
B003740,C02725,2025-01-13,2025-02-20,Discovery Dive,1,5350.0,Cancelled,Customer,T00480,1,38,False,2024-25,2,2025-02,False,
B003741,C02205,2025-01-12,2025-02-20,Fun Dive,3,8800.0,Cancelled,Customer,T00480,3,39,False,2024-25,2,2025-02,False,
B003742,C02068,2025-01-24,2025-02-20,Course,5,28050.0,Completed,,T00480,4,27,False,2024-25,2,2025-02,False,28050.0
B003743,C02726,2025-02-13,2025-02-20,Course,4,27350.0,Completed,,T00480,5,7,False,2024-25,2,2025-02,False,27350.0
B003744,C02727,2025-02-20,2025-02-20,Course,4,27400.0,Cancelled,Customer,T00480,6,0,False,2024-25,2,2025-02,False,
B003745,C02728,2025-02-15,2025-02-20,Discovery Dive,1,4650.0,Completed,,T00480,7,5,False,2024-25,2,2025-02,False,4650.0
B003746,C02729,2025-01-09,2025-02-20,Discovery Dive,1,5100.0,Completed,,T00481,1,42,False,2024-25,2,2025-02,False,5100.0
B003747,C02722,2025-01-17,2025-02-20,Fun Dive,4,15150.0,Completed,,T00481,3,34,False,2024-25,2,2025-02,False,15150.0
B003748,C02730,2025-02-05,2025-02-20,Discovery Dive,1,4750.0,Completed,,T00481,5,15,False,2024-25,2,2025-02,False,4750.0
B003749,C02380,2025-01-11,2025-02-20,Fun Dive,3,11200.0,Completed,,T00481,6,40,False,2024-25,2,2025-02,False,11200.0
B003750,C02731,2025-02-07,2025-02-20,Discovery Dive,1,5400.0,Completed,,T00481,8,13,False,2024-25,2,2025-02,False,5400.0
B004561,C01074,2025-04-14,2025-05-03,Fun Dive,1,3850.0,Cancelled,Unknown,T00591,5,19,False,2024-25,5,2025-05,True,
B003751,C02732,2025-02-01,2025-02-20,Course,5,27150.0,Completed,,T00481,9,19,False,2024-25,2,2025-02,False,27150.0
B003752,C02733,2025-02-03,2025-02-20,Discovery Dive,1,5500.0,Cancelled,Customer,T00481,10,17,False,2024-25,2,2025-02,False,
B003753,C02734,2025-02-02,2025-02-20,Fun Dive,1,3850.0,Completed,,T00481,11,18,False,2024-25,2,2025-02,False,3850.0
B003754,C02735,2025-01-25,2025-02-21,Fun Dive,3,10300.0,Completed,,T00482,2,27,False,2024-25,2,2025-02,False,10300.0
B003755,C02736,2025-01-27,2025-02-21,Discovery Dive,1,5550.0,Completed,,T00482,3,25,False,2024-25,2,2025-02,False,5550.0
B003756,C02737,2025-01-14,2025-02-21,Discovery Dive,1,4450.0,Completed,,T00482,4,38,False,2024-25,2,2025-02,False,4450.0
B003757,C02107,2025-02-19,2025-02-21,Fun Dive,3,9250.0,Completed,,T00482,5,2,False,2024-25,2,2025-02,False,9250.0
B003758,C02738,2025-01-28,2025-02-21,Course,5,22650.0,Completed,,T00482,6,24,False,2024-25,2,2025-02,False,22650.0
B003759,C02739,2025-01-25,2025-02-21,Discovery Dive,2,9850.0,Completed,,T00482,7,27,False,2024-25,2,2025-02,False,9850.0
B003760,C02740,2025-01-24,2025-02-21,Course,4,26650.0,Completed,,T00482,8,28,False,2024-25,2,2025-02,False,26650.0
B003761,C02741,2025-02-19,2025-02-21,Course,5,28100.0,Completed,,T00482,9,2,False,2024-25,2,2025-02,False,28100.0
B003762,C02742,2025-01-31,2025-02-21,Discovery Dive,1,5200.0,Completed,,T00482,10,21,False,2024-25,2,2025-02,False,5200.0
B003763,C02743,2025-02-16,2025-02-21,Discovery Dive,1,4550.0,Completed,,T00483,3,5,False,2024-25,2,2025-02,False,4550.0
B003764,C02744,2025-01-07,2025-02-21,Course,5,21350.0,Completed,,T00483,4,45,False,2024-25,2,2025-02,False,21350.0
B003765,C02652,2025-02-20,2025-02-21,Fun Dive,4,14950.0,No-show,,T00483,5,1,False,2024-25,2,2025-02,False,
B003766,C02745,2025-02-21,2025-02-21,Discovery Dive,1,4750.0,No-show,,T00483,6,0,False,2024-25,2,2025-02,False,
B003767,C02746,2025-01-13,2025-02-21,Course,4,24850.0,Completed,,T00483,7,39,False,2024-25,2,2025-02,False,24850.0
B003768,C00530,2025-02-22,2025-02-22,Fun Dive,1,3500.0,Completed,,T00484,2,0,False,2024-25,2,2025-02,True,3500.0
B006317,C04776,2026-01-29,2026-02-26,Course,4,24550.0,Completed,,T00818,5,28,False,2025-26,2,2026-02,False,24550.0
B003769,C00057,2025-01-31,2025-02-22,Fun Dive,1,3550.0,Completed,,T00484,4,22,False,2024-25,2,2025-02,True,3550.0
B003770,C02747,2025-01-24,2025-02-22,Fun Dive,1,3600.0,Completed,,T00484,5,29,False,2024-25,2,2025-02,True,3600.0
B003771,C02029,2025-02-11,2025-02-22,Fun Dive,3,10650.0,Completed,,T00484,7,11,False,2024-25,2,2025-02,True,10650.0
B003772,C02748,2025-02-08,2025-02-22,Course,4,24000.0,Completed,,T00484,8,14,False,2024-25,2,2025-02,True,24000.0
B003773,C02749,2025-02-10,2025-02-22,Fun Dive,2,7400.0,No-show,,T00484,9,12,False,2024-25,2,2025-02,True,
B003774,C02750,2025-02-17,2025-02-23,Course,5,26500.0,Completed,,T00485,1,6,False,2024-25,2,2025-02,True,26500.0
B003775,C02751,2025-01-24,2025-02-23,Discovery Dive,1,5100.0,Cancelled,Weather,T00485,2,30,False,2024-25,2,2025-02,True,
B003776,C02752,2025-02-10,2025-02-23,Fun Dive,1,3350.0,Completed,,T00485,3,13,False,2024-25,2,2025-02,True,3350.0
B003777,C02753,2025-02-21,2025-02-23,Fun Dive,1,3700.0,Cancelled,Weather,T00485,4,2,False,2024-25,2,2025-02,True,
B003778,C02477,2025-02-11,2025-02-23,Fun Dive,2,5800.0,Completed,,T00485,5,12,False,2024-25,2,2025-02,True,5800.0
B003779,C02754,2025-01-30,2025-02-23,Fun Dive,1,3000.0,Cancelled,Weather,T00485,8,24,False,2024-25,2,2025-02,True,
B003780,C02755,2025-02-12,2025-02-23,Fun Dive,2,6650.0,No-show,,T00485,9,11,False,2024-25,2,2025-02,True,
B003781,C02447,2025-02-18,2025-02-23,Fun Dive,3,11750.0,Cancelled,Weather,T00486,1,5,False,2024-25,2,2025-02,True,
B003782,C02756,2025-02-18,2025-02-23,Fun Dive,4,13950.0,Cancelled,Weather,T00486,2,5,False,2024-25,2,2025-02,True,
B003783,C02757,2025-02-12,2025-02-23,Discovery Dive,1,4850.0,Completed,,T00486,4,11,False,2024-25,2,2025-02,True,4850.0
B003784,C02758,2025-01-22,2025-02-23,Discovery Dive,1,5350.0,Completed,,T00486,5,32,False,2024-25,2,2025-02,True,5350.0
B003785,C02759,2025-02-22,2025-02-23,Discovery Dive,1,5000.0,Completed,,T00486,6,1,False,2024-25,2,2025-02,True,5000.0
B003786,C02760,2025-01-30,2025-02-23,Discovery Dive,1,5650.0,Completed,,T00486,8,24,False,2024-25,2,2025-02,True,5650.0
B003787,C02207,2025-02-20,2025-02-23,Fun Dive,3,11400.0,Completed,,T00486,10,3,False,2024-25,2,2025-02,True,11400.0
B003788,C02477,2025-02-13,2025-02-23,Fun Dive,2,5850.0,Completed,,T00486,11,10,False,2024-25,2,2025-02,True,5850.0
B003789,C02761,2025-02-01,2025-02-23,Fun Dive,1,3500.0,Completed,,T00486,12,22,False,2024-25,2,2025-02,True,3500.0
B003790,C02762,2025-02-03,2025-02-24,Course,5,25400.0,Cancelled,Weather,T00487,3,21,False,2024-25,2,2025-02,False,
B003791,C02763,2025-02-13,2025-02-24,Discovery Dive,2,11150.0,Completed,,T00487,4,11,False,2024-25,2,2025-02,False,11150.0
B003792,C01840,2025-02-17,2025-02-24,Course,4,28250.0,Completed,,T00487,6,7,False,2024-25,2,2025-02,False,28250.0
B003793,C02764,2025-01-30,2025-02-24,Fun Dive,1,3450.0,Cancelled,Weather,T00487,7,25,False,2024-25,2,2025-02,False,
B003794,C02765,2025-01-17,2025-02-24,Course,5,24800.0,Completed,,T00487,9,38,False,2024-25,2,2025-02,False,24800.0
B003795,C02766,2025-02-03,2025-02-24,Discovery Dive,1,5400.0,No-show,,T00487,10,21,False,2024-25,2,2025-02,False,
B003796,C02767,2025-01-23,2025-02-24,Discovery Dive,1,5100.0,Cancelled,Weather,T00487,11,32,False,2024-25,2,2025-02,False,
B003797,C02768,2025-01-23,2025-02-24,Discovery Dive,1,4150.0,Completed,,T00488,1,32,False,2024-25,2,2025-02,False,4150.0
B003798,C02769,2025-01-28,2025-02-24,Course,4,27600.0,Cancelled,Unknown,T00488,3,27,False,2024-25,2,2025-02,False,
B003799,C02770,2025-02-13,2025-02-24,Discovery Dive,1,5350.0,Completed,,T00488,4,11,False,2024-25,2,2025-02,False,5350.0
B003800,C02099,2025-02-17,2025-02-24,Fun Dive,1,3450.0,Cancelled,Weather,T00488,6,7,False,2024-25,2,2025-02,False,
B003801,C02771,2025-01-17,2025-02-24,Discovery Dive,1,4500.0,Cancelled,Weather,T00488,7,38,False,2024-25,2,2025-02,False,
B003802,C00408,2025-01-18,2025-02-24,Fun Dive,3,11350.0,Completed,,T00488,8,37,False,2024-25,2,2025-02,False,11350.0
B003803,C02398,2025-02-16,2025-02-24,Fun Dive,4,14050.0,Cancelled,Weather,T00488,9,8,False,2024-25,2,2025-02,False,
B003804,C02772,2025-01-25,2025-02-24,Discovery Dive,1,5300.0,Cancelled,Medical,T00488,10,30,False,2024-25,2,2025-02,False,
B003805,C02773,2025-02-15,2025-02-25,Discovery Dive,1,5150.0,Completed,,T00489,1,10,False,2024-25,2,2025-02,False,5150.0
B003806,C02774,2025-02-25,2025-02-25,Fun Dive,4,14850.0,Cancelled,Weather,T00489,3,0,False,2024-25,2,2025-02,False,
B003807,C02775,2025-01-27,2025-02-25,Fun Dive,2,6450.0,Cancelled,Weather,T00489,4,29,False,2024-25,2,2025-02,False,
B003808,C02776,2025-01-22,2025-02-25,Fun Dive,2,7850.0,Completed,,T00489,6,34,False,2024-25,2,2025-02,False,7850.0
B003809,C02777,2025-01-23,2025-02-25,Discovery Dive,1,4950.0,Completed,,T00489,7,33,False,2024-25,2,2025-02,False,4950.0
B003810,C02778,2025-01-20,2025-02-25,Fun Dive,3,11200.0,Completed,,T00489,8,36,False,2024-25,2,2025-02,False,11200.0
B003811,C02611,2025-02-02,2025-02-26,Fun Dive,2,5850.0,Completed,,T00490,1,24,False,2024-25,2,2025-02,False,5850.0
B003812,C02779,2025-01-17,2025-02-26,Discovery Dive,1,5000.0,Completed,,T00490,2,40,False,2024-25,2,2025-02,False,5000.0
B003813,C02622,2025-02-10,2025-02-26,Fun Dive,2,7250.0,Cancelled,Customer,T00490,3,16,False,2024-25,2,2025-02,False,
B003814,C02780,2025-02-07,2025-02-26,Discovery Dive,1,5700.0,Completed,,T00490,4,19,False,2024-25,2,2025-02,False,5700.0
B003815,C02781,2025-01-31,2025-02-26,Fun Dive,2,6800.0,Completed,,T00490,5,26,False,2024-25,2,2025-02,False,6800.0
B003816,C02782,2025-02-05,2025-02-26,Fun Dive,3,9550.0,Completed,,T00490,7,21,False,2024-25,2,2025-02,False,9550.0
B003817,C02783,2025-01-13,2025-02-26,Fun Dive,3,10500.0,Completed,,T00490,8,44,False,2024-25,2,2025-02,False,10500.0
B003818,C02784,2025-01-17,2025-02-26,Course,5,24200.0,Completed,,T00490,10,40,False,2024-25,2,2025-02,False,24200.0
B003819,C02785,2025-02-24,2025-02-26,Discovery Dive,1,5300.0,Completed,,T00490,11,2,False,2024-25,2,2025-02,False,5300.0
B003820,C02786,2025-01-25,2025-02-26,Course,4,26150.0,Completed,,T00491,2,32,False,2024-25,2,2025-02,False,26150.0
B003821,C02787,2025-01-29,2025-02-26,Course,5,24700.0,Cancelled,Customer,T00491,3,28,False,2024-25,2,2025-02,False,
B003822,C02761,2025-01-19,2025-02-26,Fun Dive,3,10350.0,Completed,,T00491,4,38,False,2024-25,2,2025-02,False,10350.0
B003823,C02788,2025-02-15,2025-02-26,Fun Dive,4,11650.0,Completed,,T00491,6,11,False,2024-25,2,2025-02,False,11650.0
B003824,C02789,2025-02-22,2025-02-26,Fun Dive,1,3500.0,Completed,,T00491,7,4,False,2024-25,2,2025-02,False,3500.0
B003825,C02790,2025-02-09,2025-02-26,Fun Dive,3,10900.0,Completed,,T00491,8,17,False,2024-25,2,2025-02,False,10900.0
B003826,C02791,2025-02-01,2025-02-27,Fun Dive,4,15100.0,Completed,,T00492,1,26,False,2024-25,2,2025-02,False,15100.0
B003827,C02792,2025-02-24,2025-02-27,Fun Dive,4,12900.0,No-show,,T00492,2,3,False,2024-25,2,2025-02,False,
B003828,C02163,2025-02-27,2025-02-27,Fun Dive,1,3750.0,Completed,,T00492,3,0,False,2024-25,2,2025-02,False,3750.0
B003829,C02118,2025-02-17,2025-02-27,Fun Dive,3,10500.0,Completed,,T00492,4,10,False,2024-25,2,2025-02,False,10500.0
B003830,C02793,2025-01-25,2025-02-27,Course,5,26250.0,Cancelled,Customer,T00492,5,33,False,2024-25,2,2025-02,False,
B003831,C02794,2025-02-16,2025-02-27,Fun Dive,2,6350.0,Completed,,T00492,7,11,False,2024-25,2,2025-02,False,6350.0
B003832,C02795,2025-02-24,2025-02-27,Fun Dive,2,6300.0,Completed,,T00492,9,3,False,2024-25,2,2025-02,False,6300.0
B003833,C02796,2025-02-14,2025-02-27,Discovery Dive,1,5000.0,Completed,,T00492,10,13,False,2024-25,2,2025-02,False,5000.0
B003834,C02292,2025-02-16,2025-02-28,Fun Dive,3,11450.0,Completed,,T00493,1,12,False,2024-25,2,2025-02,False,11450.0
B003835,C02147,2025-01-14,2025-02-28,Fun Dive,2,7900.0,Completed,,T00493,2,45,False,2024-25,2,2025-02,False,7900.0
B003836,C02797,2025-02-06,2025-02-28,Discovery Dive,1,4500.0,Completed,,T00493,3,22,False,2024-25,2,2025-02,False,4500.0
B003837,C02798,2025-01-26,2025-02-28,Course,4,26050.0,Completed,,T00493,5,33,False,2024-25,2,2025-02,False,26050.0
B003838,C02799,2025-02-09,2025-02-28,Fun Dive,4,14350.0,Completed,,T00493,6,19,False,2024-25,2,2025-02,False,14350.0
B003839,C02800,2025-01-17,2025-02-28,Course,5,24450.0,Completed,,T00493,7,42,False,2024-25,2,2025-02,False,24450.0
B003840,C02801,2025-01-23,2025-02-28,Discovery Dive,1,4850.0,Completed,,T00493,8,36,False,2024-25,2,2025-02,False,4850.0
B003841,C02802,2025-01-29,2025-02-28,Fun Dive,4,15500.0,Completed,,T00493,9,30,False,2024-25,2,2025-02,False,15500.0
B003842,C02803,2025-02-24,2025-02-28,Fun Dive,1,3500.0,Completed,,T00494,1,4,False,2024-25,2,2025-02,False,3500.0
B003843,C02804,2025-02-05,2025-02-28,Discovery Dive,1,5000.0,Completed,,T00494,3,23,False,2024-25,2,2025-02,False,5000.0
B003844,C02321,2025-01-29,2025-02-28,Fun Dive,4,13450.0,Completed,,T00494,4,30,False,2024-25,2,2025-02,False,13450.0
B003845,C02805,2025-02-08,2025-02-28,Fun Dive,1,3000.0,Completed,,T00494,5,20,False,2024-25,2,2025-02,False,3000.0
B003846,C02806,2025-01-14,2025-02-28,Fun Dive,4,13250.0,Completed,,T00494,6,45,False,2024-25,2,2025-02,False,13250.0
B003847,C02807,2025-01-14,2025-02-28,Discovery Dive,1,5250.0,Completed,,T00494,9,45,False,2024-25,2,2025-02,False,5250.0
B003848,C02089,2025-01-19,2025-03-01,Course,4,22850.0,Completed,,T00495,1,41,False,2024-25,3,2025-03,True,22850.0
B003849,C02808,2025-03-01,2025-03-01,Fun Dive,1,3850.0,Completed,,T00495,4,0,False,2024-25,3,2025-03,True,3850.0
B003850,C02809,2025-02-07,2025-03-01,Fun Dive,1,3250.0,Completed,,T00495,5,22,False,2024-25,3,2025-03,True,3250.0
B003851,C02810,2025-02-15,2025-03-01,Fun Dive,1,3850.0,Completed,,T00495,7,14,False,2024-25,3,2025-03,True,3850.0
B003852,C02811,2025-02-19,2025-03-01,Discovery Dive,1,4750.0,Completed,,T00495,8,10,False,2024-25,3,2025-03,True,4750.0
B003853,C02793,2025-02-17,2025-03-01,Fun Dive,2,7150.0,No-show,,T00495,9,12,False,2024-25,3,2025-03,True,
B003854,C02812,2025-02-09,2025-03-01,Discovery Dive,1,4500.0,Cancelled,Unknown,T00495,10,20,False,2024-25,3,2025-03,True,
B003855,C02813,2025-02-22,2025-03-02,Course,5,26150.0,Completed,,T00496,1,8,False,2024-25,3,2025-03,True,26150.0
B003856,C02814,2025-01-23,2025-03-02,Fun Dive,3,11300.0,Completed,,T00496,2,38,False,2024-25,3,2025-03,True,11300.0
B003857,C02815,2025-01-22,2025-03-02,Course,4,27150.0,Completed,,T00496,3,39,False,2024-25,3,2025-03,True,27150.0
B003858,C02477,2025-01-28,2025-03-02,Fun Dive,2,6550.0,Completed,,T00496,5,33,False,2024-25,3,2025-03,True,6550.0
B003859,C02458,2025-02-05,2025-03-02,Fun Dive,1,3200.0,Cancelled,Unknown,T00496,6,25,False,2024-25,3,2025-03,True,
B003860,C02816,2025-02-22,2025-03-02,Discovery Dive,1,5200.0,Completed,,T00496,9,8,False,2024-25,3,2025-03,True,5200.0
B003861,C02317,2025-02-21,2025-03-02,Discovery Dive,1,5300.0,Cancelled,Customer,T00496,10,9,False,2024-25,3,2025-03,True,
B003862,C02817,2025-02-02,2025-03-02,Discovery Dive,1,5350.0,Completed,,T00497,1,28,False,2024-25,3,2025-03,True,5350.0
B003863,C02818,2025-02-22,2025-03-02,Fun Dive,2,7050.0,Completed,,T00497,4,8,False,2024-25,3,2025-03,True,7050.0
B003864,C02819,2025-02-27,2025-03-02,Course,4,26000.0,Completed,,T00497,6,3,False,2024-25,3,2025-03,True,26000.0
B003865,C02820,2025-01-17,2025-03-02,Course,5,24950.0,Completed,,T00497,7,44,False,2024-25,3,2025-03,True,24950.0
B003866,C02821,2025-02-17,2025-03-02,Discovery Dive,1,4850.0,No-show,,T00497,8,13,False,2024-25,3,2025-03,True,
B003867,C02822,2025-02-24,2025-03-02,Discovery Dive,1,4150.0,Completed,,T00497,9,6,False,2024-25,3,2025-03,True,4150.0
B003868,C02823,2025-02-05,2025-03-03,Discovery Dive,1,5300.0,Completed,,T00498,1,26,False,2024-25,3,2025-03,False,5300.0
B003869,C02824,2025-02-03,2025-03-03,Course,4,27400.0,Completed,,T00498,2,28,False,2024-25,3,2025-03,False,27400.0
B003870,C02825,2025-03-02,2025-03-03,Discovery Dive,1,5350.0,Completed,,T00498,3,1,False,2024-25,3,2025-03,False,5350.0
B003871,C02826,2025-02-19,2025-03-03,Fun Dive,1,3450.0,Completed,,T00498,4,12,False,2024-25,3,2025-03,False,3450.0
B003872,C02827,2025-02-15,2025-03-03,Discovery Dive,1,5400.0,Completed,,T00498,6,16,False,2024-25,3,2025-03,False,5400.0
B003873,C02828,2025-02-03,2025-03-03,Fun Dive,1,3000.0,Completed,,T00498,7,28,False,2024-25,3,2025-03,False,3000.0
B003874,C02829,2025-02-17,2025-03-03,Fun Dive,1,3800.0,Cancelled,Unknown,T00498,8,14,False,2024-25,3,2025-03,False,
B003875,C02293,2025-02-03,2025-03-03,Fun Dive,1,3850.0,Completed,,T00498,9,28,False,2024-25,3,2025-03,False,3850.0
B003876,C02830,2025-01-28,2025-03-03,Fun Dive,4,13900.0,Completed,,T00498,10,34,False,2024-25,3,2025-03,False,13900.0
B003877,C02653,2025-02-19,2025-03-03,Fun Dive,3,10250.0,Cancelled,Medical,T00499,2,12,False,2024-25,3,2025-03,False,
B003878,C02749,2025-02-08,2025-03-03,Fun Dive,2,7500.0,Completed,,T00499,4,23,False,2024-25,3,2025-03,False,7500.0
B003879,C01205,2025-02-08,2025-03-03,Discovery Dive,1,5050.0,Completed,,T00499,5,23,False,2024-25,3,2025-03,False,5050.0
B003880,C01146,2025-01-25,2025-03-03,Fun Dive,1,3450.0,Completed,,T00499,6,37,False,2024-25,3,2025-03,False,3450.0
B003881,C02831,2025-02-14,2025-03-03,Course,4,25400.0,Completed,,T00499,7,17,False,2024-25,3,2025-03,False,25400.0
B006172,C04653,2026-02-12,2026-02-13,Fun Dive,1,3350.0,Completed,,T00799,7,1,False,2025-26,2,2026-02,False,3350.0
B003882,C02832,2025-01-19,2025-03-03,Course,4,23950.0,Completed,,T00499,8,43,False,2024-25,3,2025-03,False,23950.0
B003883,C01990,2025-02-01,2025-03-03,Discovery Dive,1,4400.0,Completed,,T00499,9,30,False,2024-25,3,2025-03,False,4400.0
B003884,C02833,2025-02-05,2025-03-04,Fun Dive,1,3250.0,Completed,,T00500,1,27,False,2024-25,3,2025-03,False,3250.0
B003885,C02834,2025-02-06,2025-03-04,Discovery Dive,1,5350.0,Cancelled,Customer,T00500,2,26,False,2024-25,3,2025-03,False,
B003886,C02835,2025-01-26,2025-03-04,Discovery Dive,2,10200.0,Completed,,T00500,4,37,False,2024-25,3,2025-03,False,10200.0
B003887,C02836,2025-02-02,2025-03-04,Course,5,22000.0,Completed,,T00500,5,30,False,2024-25,3,2025-03,False,22000.0
B003888,C02837,2025-01-26,2025-03-04,Fun Dive,2,6300.0,Completed,,T00500,6,37,False,2024-25,3,2025-03,False,6300.0
B003889,C02838,2025-02-08,2025-03-04,Fun Dive,4,14900.0,Completed,,T00500,8,24,False,2024-25,3,2025-03,False,14900.0
B003890,C02839,2025-02-24,2025-03-04,Course,4,28900.0,Cancelled,Weather,T00501,1,8,False,2024-25,3,2025-03,False,
B003891,C02449,2025-01-29,2025-03-04,Fun Dive,2,6300.0,Completed,,T00501,2,34,False,2024-25,3,2025-03,False,6300.0
B003892,C02840,2025-01-25,2025-03-04,Course,5,22650.0,Cancelled,Medical,T00501,3,38,False,2024-25,3,2025-03,False,
B003893,C02841,2025-02-24,2025-03-04,Fun Dive,4,13450.0,Completed,,T00501,6,8,False,2024-25,3,2025-03,False,13450.0
B003894,C02842,2025-02-20,2025-03-04,Fun Dive,1,4000.0,Completed,,T00501,7,12,False,2024-25,3,2025-03,False,4000.0
B003895,C02843,2025-02-23,2025-03-04,Course,4,24900.0,Completed,,T00501,9,9,False,2024-25,3,2025-03,False,24900.0
B003896,C02844,2025-01-24,2025-03-05,Course,4,27850.0,Completed,,T00502,1,40,False,2024-25,3,2025-03,False,27850.0
B003897,C02845,2025-02-17,2025-03-05,Discovery Dive,1,4900.0,Completed,,T00502,2,16,False,2024-25,3,2025-03,False,4900.0
B003898,C02846,2025-03-03,2025-03-05,Discovery Dive,2,11000.0,Completed,,T00502,3,2,False,2024-25,3,2025-03,False,11000.0
B003899,C02847,2025-02-13,2025-03-05,Fun Dive,4,14400.0,Cancelled,Medical,T00502,4,20,False,2024-25,3,2025-03,False,
B003900,C01365,2025-02-19,2025-03-05,Fun Dive,1,3750.0,Completed,,T00502,5,14,False,2024-25,3,2025-03,False,3750.0
B003901,C02458,2025-02-13,2025-03-05,Discovery Dive,1,4700.0,Completed,,T00502,8,20,False,2024-25,3,2025-03,False,4700.0
B003902,C02831,2025-02-17,2025-03-05,Discovery Dive,1,5450.0,Completed,,T00502,10,16,False,2024-25,3,2025-03,False,5450.0
B003903,C02848,2025-02-12,2025-03-05,Fun Dive,3,10850.0,Completed,,T00502,11,21,False,2024-25,3,2025-03,False,10850.0
B003904,C02849,2025-01-25,2025-03-05,Discovery Dive,1,5250.0,Completed,,T00502,12,39,False,2024-25,3,2025-03,False,5250.0
B003905,C02850,2025-02-27,2025-03-05,Fun Dive,3,11350.0,Cancelled,Customer,T00503,1,6,False,2024-25,3,2025-03,False,
B003906,C02701,2025-02-02,2025-03-05,Fun Dive,2,7300.0,Completed,,T00503,2,31,False,2024-25,3,2025-03,False,7300.0
B003907,C02851,2025-02-27,2025-03-05,Fun Dive,2,6450.0,Cancelled,Customer,T00503,3,6,False,2024-25,3,2025-03,False,
B003908,C02852,2025-03-04,2025-03-05,Fun Dive,1,3900.0,Completed,,T00503,5,1,False,2024-25,3,2025-03,False,3900.0
B003909,C02853,2025-02-10,2025-03-05,Fun Dive,1,3000.0,Completed,,T00503,7,23,False,2024-25,3,2025-03,False,3000.0
B003910,C02665,2025-02-21,2025-03-05,Fun Dive,2,7650.0,No-show,,T00503,8,12,False,2024-25,3,2025-03,False,
B003911,C02854,2025-02-28,2025-03-05,Course,5,24550.0,Cancelled,Weather,T00503,9,5,False,2024-25,3,2025-03,False,
B003912,C02333,2025-02-01,2025-03-05,Fun Dive,2,7300.0,Completed,,T00503,10,32,False,2024-25,3,2025-03,False,7300.0
B003913,C02855,2025-02-09,2025-03-05,Discovery Dive,1,5000.0,Cancelled,Medical,T00503,11,24,False,2024-25,3,2025-03,False,
B003914,C00322,2025-02-28,2025-03-05,Fun Dive,4,14300.0,Completed,,T00503,12,5,False,2024-25,3,2025-03,False,14300.0
B003915,C02856,2025-02-22,2025-03-06,Fun Dive,1,3400.0,Completed,,T00504,1,12,False,2024-25,3,2025-03,False,3400.0
B003916,C02857,2025-01-26,2025-03-06,Discovery Dive,1,5600.0,Completed,,T00504,2,39,False,2024-25,3,2025-03,False,5600.0
B003917,C02858,2025-02-07,2025-03-06,Discovery Dive,1,5050.0,Completed,,T00504,3,27,False,2024-25,3,2025-03,False,5050.0
B003918,C02859,2025-02-04,2025-03-06,Fun Dive,1,3850.0,Completed,,T00504,4,30,False,2024-25,3,2025-03,False,3850.0
B003919,C02432,2025-02-13,2025-03-06,Fun Dive,3,10400.0,Completed,,T00504,6,21,False,2024-25,3,2025-03,False,10400.0
B003920,C02860,2025-02-13,2025-03-06,Fun Dive,2,7150.0,Cancelled,Customer,T00504,8,21,False,2024-25,3,2025-03,False,
B003921,C02861,2025-02-27,2025-03-07,Fun Dive,3,11200.0,Completed,,T00505,1,8,False,2024-25,3,2025-03,False,11200.0
B003922,C02862,2025-02-08,2025-03-07,Discovery Dive,1,5300.0,Completed,,T00505,2,27,False,2024-25,3,2025-03,False,5300.0
B003923,C00027,2025-02-09,2025-03-07,Fun Dive,1,2950.0,No-show,,T00505,4,26,False,2024-25,3,2025-03,False,
B003924,C02863,2025-03-06,2025-03-07,Fun Dive,2,7150.0,Completed,,T00505,5,1,False,2024-25,3,2025-03,False,7150.0
B003925,C02864,2025-02-25,2025-03-07,Discovery Dive,1,5150.0,Completed,,T00505,6,10,False,2024-25,3,2025-03,False,5150.0
B003926,C02865,2025-01-21,2025-03-07,Discovery Dive,2,10650.0,Completed,,T00505,7,45,False,2024-25,3,2025-03,False,10650.0
B003927,C02866,2025-02-14,2025-03-07,Fun Dive,1,3700.0,Completed,,T00505,8,21,False,2024-25,3,2025-03,False,3700.0
B003928,C02867,2025-01-25,2025-03-08,Discovery Dive,1,5550.0,Completed,,T00506,1,42,False,2024-25,3,2025-03,True,5550.0
B003929,C02364,2025-02-24,2025-03-08,Fun Dive,3,8700.0,Completed,,T00506,3,12,False,2024-25,3,2025-03,True,8700.0
B003930,C02868,2025-03-04,2025-03-08,Fun Dive,2,7200.0,Completed,,T00506,5,4,False,2024-25,3,2025-03,True,7200.0
B003931,C02869,2025-02-22,2025-03-08,Fun Dive,1,3500.0,Completed,,T00506,7,14,False,2024-25,3,2025-03,True,3500.0
B003932,C02870,2025-02-04,2025-03-08,Discovery Dive,1,5100.0,Completed,,T00506,8,32,False,2024-25,3,2025-03,True,5100.0
B003933,C02598,2025-01-26,2025-03-08,Fun Dive,2,7050.0,Completed,,T00506,9,41,False,2024-25,3,2025-03,True,7050.0
B003934,C02871,2025-02-25,2025-03-08,Fun Dive,3,8850.0,Completed,,T00506,10,11,False,2024-25,3,2025-03,True,8850.0
B003935,C02872,2025-02-05,2025-03-08,Discovery Dive,1,5150.0,Cancelled,Unknown,T00506,11,31,False,2024-25,3,2025-03,True,
B003936,C02873,2025-03-08,2025-03-09,Discovery Dive,1,5650.0,Cancelled,Weather,T00507,1,1,False,2024-25,3,2025-03,True,
B003937,C02874,2025-01-30,2025-03-09,Course,5,24350.0,Completed,,T00507,2,38,False,2024-25,3,2025-03,True,24350.0
B003938,C02875,2025-03-03,2025-03-09,Fun Dive,4,15300.0,No-show,,T00507,3,6,False,2024-25,3,2025-03,True,
B003939,C02876,2025-02-02,2025-03-09,Discovery Dive,1,5300.0,Completed,,T00507,4,35,False,2024-25,3,2025-03,True,5300.0
B003940,C02877,2025-02-27,2025-03-09,Fun Dive,2,7450.0,Cancelled,Weather,T00507,6,10,False,2024-25,3,2025-03,True,
B003941,C02878,2025-03-02,2025-03-09,Fun Dive,4,14850.0,Completed,,T00507,7,7,False,2024-25,3,2025-03,True,14850.0
B003942,C02879,2025-02-09,2025-03-09,Fun Dive,1,3650.0,Completed,,T00507,8,28,False,2024-25,3,2025-03,True,3650.0
B003943,C02475,2025-02-07,2025-03-09,Fun Dive,1,3700.0,Completed,,T00508,2,30,False,2024-25,3,2025-03,True,3700.0
B003944,C02207,2025-02-01,2025-03-09,Fun Dive,3,11100.0,Completed,,T00508,3,36,False,2024-25,3,2025-03,True,11100.0
B003945,C02880,2025-02-16,2025-03-09,Fun Dive,1,3350.0,Completed,,T00508,4,21,False,2024-25,3,2025-03,True,3350.0
B003946,C02881,2025-01-25,2025-03-09,Fun Dive,1,3850.0,Completed,,T00508,5,43,False,2024-25,3,2025-03,True,3850.0
B003947,C02882,2025-02-24,2025-03-09,Fun Dive,2,7050.0,Completed,,T00508,6,13,False,2024-25,3,2025-03,True,7050.0
B003948,C02883,2025-02-07,2025-03-09,Discovery Dive,1,5300.0,Completed,,T00508,7,30,False,2024-25,3,2025-03,True,5300.0
B003949,C02884,2025-01-28,2025-03-09,Fun Dive,3,10750.0,No-show,,T00508,8,40,False,2024-25,3,2025-03,True,
B003950,C00308,2025-02-06,2025-03-09,Fun Dive,2,7650.0,Completed,,T00508,9,31,False,2024-25,3,2025-03,True,7650.0
B003951,C02885,2025-03-02,2025-03-10,Course,4,24500.0,Completed,,T00509,1,8,False,2024-25,3,2025-03,False,24500.0
B003952,C02886,2025-02-24,2025-03-10,Course,4,23250.0,Completed,,T00509,2,14,False,2024-25,3,2025-03,False,23250.0
B003953,C02887,2025-02-13,2025-03-10,Discovery Dive,2,9900.0,Completed,,T00509,4,25,False,2024-25,3,2025-03,False,9900.0
B003954,C00669,2025-02-04,2025-03-10,Fun Dive,2,6300.0,Completed,,T00509,6,34,False,2024-25,3,2025-03,False,6300.0
B003955,C02888,2025-02-02,2025-03-10,Fun Dive,3,11400.0,Completed,,T00509,7,36,False,2024-25,3,2025-03,False,11400.0
B003956,C00667,2025-02-16,2025-03-10,Fun Dive,2,7700.0,Cancelled,Weather,T00509,8,22,False,2024-25,3,2025-03,False,
B003957,C02889,2025-02-20,2025-03-10,Course,4,27900.0,Cancelled,Weather,T00509,9,18,False,2024-25,3,2025-03,False,
B003958,C02247,2025-03-10,2025-03-10,Fun Dive,1,3800.0,Completed,,T00510,1,0,False,2024-25,3,2025-03,False,3800.0
B003959,C02890,2025-02-05,2025-03-10,Discovery Dive,1,5100.0,Completed,,T00510,2,33,False,2024-25,3,2025-03,False,5100.0
B003960,C02891,2025-03-07,2025-03-10,Discovery Dive,1,5500.0,Cancelled,Customer,T00510,4,3,False,2024-25,3,2025-03,False,
B003961,C02892,2025-03-09,2025-03-10,Discovery Dive,1,4750.0,Completed,,T00510,5,1,False,2024-25,3,2025-03,False,4750.0
B003962,C02893,2025-01-24,2025-03-10,Discovery Dive,2,10900.0,Completed,,T00510,7,45,False,2024-25,3,2025-03,False,10900.0
B003963,C02894,2025-01-28,2025-03-10,Fun Dive,2,6850.0,Completed,,T00510,9,41,False,2024-25,3,2025-03,False,6850.0
B003964,C02708,2025-03-05,2025-03-11,Discovery Dive,1,5050.0,Completed,,T00511,1,6,False,2024-25,3,2025-03,False,5050.0
B003965,C02096,2025-02-10,2025-03-11,Fun Dive,1,3400.0,Completed,,T00511,3,29,False,2024-25,3,2025-03,False,3400.0
B003966,C01231,2025-02-20,2025-03-11,Fun Dive,2,7000.0,Completed,,T00511,4,19,False,2024-25,3,2025-03,False,7000.0
B003967,C02449,2025-02-02,2025-03-11,Fun Dive,3,9650.0,Completed,,T00511,5,37,False,2024-25,3,2025-03,False,9650.0
B003968,C02895,2025-02-06,2025-03-11,Discovery Dive,1,4850.0,Completed,,T00511,7,33,False,2024-25,3,2025-03,False,4850.0
B003969,C02896,2025-02-07,2025-03-11,Discovery Dive,1,4550.0,Completed,,T00511,8,32,False,2024-25,3,2025-03,False,4550.0
B003970,C01948,2025-03-01,2025-03-11,Fun Dive,1,3100.0,Completed,,T00511,9,10,False,2024-25,3,2025-03,False,3100.0
B003971,C02130,2025-02-16,2025-03-12,Course,5,22100.0,Cancelled,Medical,T00512,1,24,False,2024-25,3,2025-03,False,
B003972,C02897,2025-02-26,2025-03-12,Fun Dive,2,6650.0,Completed,,T00512,2,14,False,2024-25,3,2025-03,False,6650.0
B003973,C02898,2025-01-27,2025-03-12,Fun Dive,2,7750.0,Completed,,T00512,4,44,False,2024-25,3,2025-03,False,7750.0
B003974,C02703,2025-02-26,2025-03-12,Discovery Dive,1,5600.0,Completed,,T00512,5,14,False,2024-25,3,2025-03,False,5600.0
B003975,C02899,2025-01-30,2025-03-12,Discovery Dive,1,5100.0,Completed,,T00512,6,41,False,2024-25,3,2025-03,False,5100.0
B003976,C02900,2025-02-26,2025-03-12,Discovery Dive,2,10100.0,Completed,,T00512,8,14,False,2024-25,3,2025-03,False,10100.0
B003977,C02901,2025-02-22,2025-03-12,Discovery Dive,1,5250.0,Completed,,T00513,1,18,False,2024-25,3,2025-03,False,5250.0
B003978,C02902,2025-03-01,2025-03-12,Discovery Dive,1,5000.0,Cancelled,Medical,T00513,2,11,False,2024-25,3,2025-03,False,
B003979,C02903,2025-03-05,2025-03-12,Fun Dive,1,3400.0,Completed,,T00513,3,7,False,2024-25,3,2025-03,False,3400.0
B003980,C02904,2025-02-07,2025-03-12,Course,5,20500.0,Completed,,T00513,4,33,False,2024-25,3,2025-03,False,20500.0
B003981,C02905,2025-01-28,2025-03-12,Fun Dive,3,11700.0,Completed,,T00513,5,43,False,2024-25,3,2025-03,False,11700.0
B003982,C02906,2025-02-06,2025-03-12,Discovery Dive,1,5550.0,Completed,,T00513,9,34,False,2024-25,3,2025-03,False,5550.0
B003983,C02907,2025-03-09,2025-03-13,Fun Dive,1,3950.0,Completed,,T00514,1,4,False,2024-25,3,2025-03,False,3950.0
B003984,C02908,2025-03-05,2025-03-13,Fun Dive,1,3600.0,Completed,,T00514,3,8,False,2024-25,3,2025-03,False,3600.0
B003985,C02909,2025-02-16,2025-03-13,Discovery Dive,1,5200.0,Completed,,T00514,4,25,False,2024-25,3,2025-03,False,5200.0
B003986,C02910,2025-02-20,2025-03-13,Discovery Dive,1,4650.0,Completed,,T00514,6,21,False,2024-25,3,2025-03,False,4650.0
B003987,C02911,2025-02-07,2025-03-13,Fun Dive,1,3600.0,Completed,,T00514,7,34,False,2024-25,3,2025-03,False,3600.0
B003988,C02912,2025-03-04,2025-03-13,Fun Dive,2,6000.0,Completed,,T00514,8,9,False,2024-25,3,2025-03,False,6000.0
B003989,C02738,2025-03-04,2025-03-13,Discovery Dive,1,4350.0,Completed,,T00515,1,9,False,2024-25,3,2025-03,False,4350.0
B003990,C02913,2025-03-02,2025-03-13,Fun Dive,3,9850.0,Completed,,T00515,2,11,False,2024-25,3,2025-03,False,9850.0
B003991,C02914,2025-03-07,2025-03-13,Fun Dive,2,6400.0,Completed,,T00515,3,6,False,2024-25,3,2025-03,False,6400.0
B003992,C00127,2025-03-05,2025-03-13,Course,4,27350.0,Completed,,T00515,4,8,False,2024-25,3,2025-03,False,27350.0
B003993,C02915,2025-01-27,2025-03-13,Fun Dive,1,3800.0,Completed,,T00515,6,45,False,2024-25,3,2025-03,False,3800.0
B003994,C02916,2025-02-03,2025-03-13,Discovery Dive,1,4550.0,Cancelled,Customer,T00515,8,38,False,2024-25,3,2025-03,False,
B003995,C02917,2025-02-11,2025-03-14,Discovery Dive,1,5200.0,Completed,,T00516,2,31,False,2024-25,3,2025-03,False,5200.0
B003996,C02918,2025-03-07,2025-03-14,Fun Dive,2,7150.0,Completed,,T00516,4,7,False,2024-25,3,2025-03,False,7150.0
B003997,C02919,2025-02-18,2025-03-14,Fun Dive,3,11000.0,Completed,,T00516,5,24,False,2024-25,3,2025-03,False,11000.0
B003998,C02920,2025-02-10,2025-03-14,Course,4,28850.0,Completed,,T00516,6,32,False,2024-25,3,2025-03,False,28850.0
B003999,C02921,2025-02-15,2025-03-14,Fun Dive,1,3750.0,Completed,,T00516,7,27,False,2024-25,3,2025-03,False,3750.0
B004000,C02922,2025-03-13,2025-03-14,Course,4,21750.0,Completed,,T00516,8,1,False,2024-25,3,2025-03,False,21750.0
B004001,C02923,2025-02-09,2025-03-14,Course,4,27250.0,Completed,,T00516,9,33,False,2024-25,3,2025-03,False,27250.0
B004002,C02924,2025-02-26,2025-03-14,Course,4,26050.0,Completed,,T00516,10,16,False,2024-25,3,2025-03,False,26050.0
B004003,C02925,2025-02-06,2025-03-14,Fun Dive,1,3450.0,Completed,,T00516,11,36,False,2024-25,3,2025-03,False,3450.0
B004004,C02926,2025-02-28,2025-03-15,Discovery Dive,1,4500.0,Completed,,T00517,1,15,False,2024-25,3,2025-03,True,4500.0
B004005,C02927,2025-03-01,2025-03-15,Fun Dive,4,,Completed,,T00517,2,14,True,2024-25,3,2025-03,True,
B006744,C05131,2026-04-01,2026-04-12,Fun Dive,3,8800.0,No-show,,T00872,2,11,False,2025-26,4,2026-04,True,
B004006,C02928,2025-02-23,2025-03-15,Discovery Dive,1,5050.0,Completed,,T00517,3,20,False,2024-25,3,2025-03,True,5050.0
B004007,C01442,2025-01-30,2025-03-15,Fun Dive,3,11000.0,Completed,,T00517,5,44,False,2024-25,3,2025-03,True,11000.0
B004008,C01058,2025-03-08,2025-03-15,Fun Dive,1,3600.0,Completed,,T00517,6,7,False,2024-25,3,2025-03,True,3600.0
B004009,C02929,2025-02-28,2025-03-15,Fun Dive,2,7750.0,Completed,,T00517,7,15,False,2024-25,3,2025-03,True,7750.0
B004010,C02930,2025-02-10,2025-03-15,Discovery Dive,1,4550.0,Completed,,T00517,8,33,False,2024-25,3,2025-03,True,4550.0
B004011,C02931,2025-01-30,2025-03-15,Course,5,24000.0,Completed,,T00518,1,44,False,2024-25,3,2025-03,True,24000.0
B004012,C02932,2025-02-09,2025-03-15,Course,5,28150.0,Completed,,T00518,2,34,False,2024-25,3,2025-03,True,28150.0
B004013,C02742,2025-03-07,2025-03-15,Fun Dive,3,11250.0,Completed,,T00518,4,8,False,2024-25,3,2025-03,True,11250.0
B004014,C02257,2025-02-12,2025-03-15,Fun Dive,1,3250.0,Completed,,T00518,5,31,False,2024-25,3,2025-03,True,3250.0
B004015,C02933,2025-03-07,2025-03-15,Discovery Dive,1,5150.0,Cancelled,Medical,T00518,6,8,False,2024-25,3,2025-03,True,
B004016,C02934,2025-03-03,2025-03-15,Course,5,25000.0,Completed,,T00518,7,12,False,2024-25,3,2025-03,True,25000.0
B004017,C02935,2025-02-09,2025-03-16,Fun Dive,3,10600.0,Cancelled,Customer,T00519,1,35,False,2024-25,3,2025-03,True,
B004018,C02936,2025-03-03,2025-03-16,Discovery Dive,1,4250.0,No-show,,T00519,3,13,False,2024-25,3,2025-03,True,
B004019,C02937,2025-02-24,2025-03-16,Fun Dive,4,14650.0,Completed,,T00519,4,20,False,2024-25,3,2025-03,True,14650.0
B004020,C02938,2025-02-14,2025-03-16,Fun Dive,3,9400.0,Completed,,T00519,6,30,False,2024-25,3,2025-03,True,9400.0
B004021,C02939,2025-03-09,2025-03-16,Fun Dive,1,3550.0,Completed,,T00519,7,7,False,2024-25,3,2025-03,True,3550.0
B004022,C02221,2025-02-13,2025-03-16,Discovery Dive,1,5150.0,Completed,,T00519,9,31,False,2024-25,3,2025-03,True,5150.0
B004023,C02671,2025-03-10,2025-03-16,Fun Dive,1,3000.0,No-show,,T00519,10,6,False,2024-25,3,2025-03,True,
B004024,C02940,2025-03-02,2025-03-17,Fun Dive,4,14050.0,No-show,,T00520,1,15,False,2024-25,3,2025-03,False,
B004025,C02941,2025-02-06,2025-03-17,Fun Dive,2,7250.0,Completed,,T00520,2,39,False,2024-25,3,2025-03,False,7250.0
B004026,C02554,2025-03-13,2025-03-17,Fun Dive,1,3450.0,Completed,,T00520,3,4,False,2024-25,3,2025-03,False,3450.0
B004027,C02942,2025-02-23,2025-03-17,Course,4,27450.0,Completed,,T00520,4,22,False,2024-25,3,2025-03,False,27450.0
B004028,C02943,2025-03-13,2025-03-17,Fun Dive,3,10850.0,Completed,,T00520,5,4,False,2024-25,3,2025-03,False,10850.0
B004029,C02944,2025-01-31,2025-03-17,Course,5,26350.0,Completed,,T00520,6,45,False,2024-25,3,2025-03,False,26350.0
B004030,C02945,2025-02-23,2025-03-17,Fun Dive,3,10500.0,Completed,,T00520,8,22,False,2024-25,3,2025-03,False,10500.0
B004031,C02432,2025-02-25,2025-03-17,Fun Dive,1,3650.0,Completed,,T00520,10,20,False,2024-25,3,2025-03,False,3650.0
B004032,C02204,2025-02-08,2025-03-18,Discovery Dive,1,5000.0,Completed,,T00521,4,38,False,2024-25,3,2025-03,False,5000.0
B004033,C02305,2025-02-08,2025-03-18,Course,5,26150.0,Completed,,T00521,6,38,False,2024-25,3,2025-03,False,26150.0
B004034,C02946,2025-03-09,2025-03-18,Fun Dive,2,7150.0,Completed,,T00521,7,9,False,2024-25,3,2025-03,False,7150.0
B004035,C02947,2025-03-06,2025-03-18,Fun Dive,1,3100.0,Completed,,T00521,8,12,False,2024-25,3,2025-03,False,3100.0
B004036,C02948,2025-02-05,2025-03-18,Fun Dive,2,6600.0,Cancelled,Medical,T00521,9,41,False,2024-25,3,2025-03,False,
B004037,C02824,2025-02-12,2025-03-18,Fun Dive,1,3500.0,Completed,,T00521,10,34,False,2024-25,3,2025-03,False,3500.0
B004038,C02949,2025-03-11,2025-03-18,Fun Dive,1,3550.0,Completed,,T00521,11,7,False,2024-25,3,2025-03,False,3550.0
B004039,C02950,2025-03-12,2025-03-18,Fun Dive,2,7850.0,Cancelled,Medical,T00521,12,6,False,2024-25,3,2025-03,False,
B004040,C02951,2025-02-06,2025-03-19,Fun Dive,3,10050.0,Completed,,T00522,1,41,False,2024-25,3,2025-03,False,10050.0
B004041,C02519,2025-02-10,2025-03-19,Fun Dive,3,10850.0,Completed,,T00522,2,37,False,2024-25,3,2025-03,False,10850.0
B004042,C02952,2025-02-16,2025-03-19,Discovery Dive,1,4750.0,Completed,,T00522,3,31,False,2024-25,3,2025-03,False,4750.0
B004043,C02953,2025-02-15,2025-03-19,Fun Dive,3,11350.0,Completed,,T00522,5,32,False,2024-25,3,2025-03,False,11350.0
B004044,C02954,2025-02-19,2025-03-19,Discovery Dive,1,5200.0,Cancelled,Customer,T00522,6,28,False,2024-25,3,2025-03,False,
B004045,C02955,2025-03-19,2025-03-19,Fun Dive,1,4000.0,Completed,,T00522,7,0,False,2024-25,3,2025-03,False,4000.0
B004046,C02956,2025-02-10,2025-03-19,Fun Dive,1,3750.0,Completed,,T00522,8,37,False,2024-25,3,2025-03,False,3750.0
B004047,C02404,2025-02-25,2025-03-19,Fun Dive,1,3700.0,Completed,,T00522,9,22,False,2024-25,3,2025-03,False,3700.0
B004048,C02957,2025-02-17,2025-03-19,Fun Dive,3,10350.0,Cancelled,Medical,T00522,10,30,False,2024-25,3,2025-03,False,
B004049,C02958,2025-03-07,2025-03-19,Discovery Dive,1,4250.0,No-show,,T00522,11,12,False,2024-25,3,2025-03,False,
B004050,C02657,2025-03-20,2025-03-20,Discovery Dive,1,5550.0,Completed,,T00523,1,0,False,2024-25,3,2025-03,False,5550.0
B004051,C01649,2025-03-09,2025-03-20,Course,4,27100.0,Completed,,T00523,2,11,False,2024-25,3,2025-03,False,27100.0
B004052,C02959,2025-03-06,2025-03-20,Fun Dive,1,3600.0,Completed,,T00523,4,14,False,2024-25,3,2025-03,False,3600.0
B004053,C02960,2025-02-18,2025-03-20,Fun Dive,1,3100.0,Completed,,T00523,5,30,False,2024-25,3,2025-03,False,3100.0
B004054,C02712,2025-02-14,2025-03-20,Fun Dive,3,11300.0,No-show,,T00523,6,34,False,2024-25,3,2025-03,False,
B004055,C02494,2025-03-11,2025-03-20,Course,5,23100.0,Cancelled,Customer,T00523,7,9,False,2024-25,3,2025-03,False,
B004056,C02961,2025-02-06,2025-03-20,Fun Dive,2,6550.0,Completed,,T00524,1,42,False,2024-25,3,2025-03,False,6550.0
B004057,C02962,2025-02-04,2025-03-20,Fun Dive,1,3500.0,Completed,,T00524,4,44,False,2024-25,3,2025-03,False,3500.0
B004058,C02963,2025-02-16,2025-03-20,Fun Dive,2,5700.0,Completed,,T00524,5,32,False,2024-25,3,2025-03,False,5700.0
B004059,C02964,2025-03-16,2025-03-20,Fun Dive,4,14200.0,Completed,,T00524,6,4,False,2024-25,3,2025-03,False,14200.0
B004060,C02965,2025-02-22,2025-03-20,Course,4,24500.0,Cancelled,Customer,T00524,7,26,False,2024-25,3,2025-03,False,
B004061,C02966,2025-02-12,2025-03-20,Course,5,27700.0,Completed,,T00524,8,36,False,2024-25,3,2025-03,False,27700.0
B005042,C03732,2025-09-25,2025-10-27,Fun Dive,2,7200.0,Completed,,T00661,2,32,False,2025-26,10,2025-10,False,7200.0
B004062,C02967,2025-02-19,2025-03-20,Discovery Dive,1,5550.0,Completed,,T00524,9,29,False,2024-25,3,2025-03,False,5550.0
B004063,C02968,2025-03-18,2025-03-20,Fun Dive,2,7000.0,Completed,,T00524,10,2,False,2024-25,3,2025-03,False,7000.0
B004064,C02969,2025-02-24,2025-03-21,Course,5,28950.0,Completed,,T00525,1,25,False,2024-25,3,2025-03,False,28950.0
B004065,C02970,2025-03-12,2025-03-21,Course,5,20550.0,Completed,,T00525,2,9,False,2024-25,3,2025-03,False,20550.0
B004066,C02971,2025-03-04,2025-03-21,Discovery Dive,1,5350.0,Completed,,T00525,3,17,False,2024-25,3,2025-03,False,5350.0
B004067,C02972,2025-02-21,2025-03-21,Fun Dive,1,3400.0,Completed,,T00525,4,28,False,2024-25,3,2025-03,False,3400.0
B004068,C02973,2025-02-21,2025-03-21,Fun Dive,3,11450.0,Completed,,T00525,5,28,False,2024-25,3,2025-03,False,11450.0
B004069,C02974,2025-02-11,2025-03-21,Fun Dive,4,11700.0,Completed,,T00525,6,38,False,2024-25,3,2025-03,False,11700.0
B004070,C02975,2025-02-18,2025-03-21,Discovery Dive,1,5050.0,Completed,,T00525,7,31,False,2024-25,3,2025-03,False,5050.0
B004071,C02976,2025-02-14,2025-03-21,Fun Dive,1,3450.0,Completed,,T00525,8,35,False,2024-25,3,2025-03,False,3450.0
B004072,C02977,2025-03-20,2025-03-21,Fun Dive,2,7600.0,Completed,,T00525,9,1,False,2024-25,3,2025-03,False,7600.0
B004073,C02978,2025-02-27,2025-03-21,Fun Dive,4,14450.0,No-show,,T00525,12,22,False,2024-25,3,2025-03,False,
B004074,C02979,2025-02-16,2025-03-21,Discovery Dive,1,5550.0,Completed,,T00526,1,33,False,2024-25,3,2025-03,False,5550.0
B004075,C01505,2025-02-07,2025-03-21,Fun Dive,2,6950.0,Completed,,T00526,2,42,False,2024-25,3,2025-03,False,6950.0
B004076,C02782,2025-02-16,2025-03-21,Fun Dive,2,5950.0,Completed,,T00526,3,33,False,2024-25,3,2025-03,False,5950.0
B004077,C02980,2025-02-04,2025-03-21,Fun Dive,4,14200.0,Completed,,T00526,5,45,False,2024-25,3,2025-03,False,14200.0
B004078,C02981,2025-03-06,2025-03-21,Discovery Dive,1,4900.0,Completed,,T00526,7,15,False,2024-25,3,2025-03,False,4900.0
B004079,C02762,2025-02-09,2025-03-21,Discovery Dive,1,4850.0,Completed,,T00526,8,40,False,2024-25,3,2025-03,False,4850.0
B004080,C02982,2025-02-19,2025-03-21,Discovery Dive,1,5000.0,Completed,,T00526,9,30,False,2024-25,3,2025-03,False,5000.0
B004081,C02983,2025-02-26,2025-03-21,Fun Dive,1,3550.0,Completed,,T00526,10,23,False,2024-25,3,2025-03,False,3550.0
B004082,C02984,2025-02-05,2025-03-21,Discovery Dive,1,5650.0,Cancelled,Unknown,T00526,11,44,False,2024-25,3,2025-03,False,
B004083,C02985,2025-03-20,2025-03-22,Fun Dive,2,6950.0,No-show,,T00527,1,2,False,2024-25,3,2025-03,True,
B004084,C02986,2025-03-04,2025-03-22,Discovery Dive,1,5000.0,Completed,,T00527,2,18,False,2024-25,3,2025-03,True,5000.0
B004085,C02987,2025-02-24,2025-03-22,Fun Dive,3,10550.0,No-show,,T00527,4,26,False,2024-25,3,2025-03,True,
B004086,C02988,2025-02-26,2025-03-22,Discovery Dive,1,5600.0,Completed,,T00527,5,24,False,2024-25,3,2025-03,True,5600.0
B004087,C02989,2025-02-24,2025-03-22,Fun Dive,4,14750.0,Cancelled,Medical,T00527,6,26,False,2024-25,3,2025-03,True,
B004088,C02990,2025-03-06,2025-03-22,Fun Dive,1,3100.0,Completed,,T00527,8,16,False,2024-25,3,2025-03,True,3100.0
B004089,C02991,2025-03-13,2025-03-22,Course,5,28800.0,Completed,,T00527,9,9,False,2024-25,3,2025-03,True,28800.0
B004090,C02992,2025-02-11,2025-03-22,Course,4,26550.0,Cancelled,Customer,T00528,1,39,False,2024-25,3,2025-03,True,
B004091,C02993,2025-02-06,2025-03-22,Discovery Dive,1,5550.0,Completed,,T00528,3,44,False,2024-25,3,2025-03,True,5550.0
B004092,C02994,2025-03-01,2025-03-22,Fun Dive,2,6550.0,Completed,,T00528,4,21,False,2024-25,3,2025-03,True,6550.0
B004093,C02995,2025-02-20,2025-03-22,Fun Dive,2,6400.0,No-show,,T00528,6,30,False,2024-25,3,2025-03,True,
B004094,C02996,2025-03-12,2025-03-22,Fun Dive,2,7400.0,No-show,,T00528,7,10,False,2024-25,3,2025-03,True,
B004095,C02997,2025-03-05,2025-03-22,Fun Dive,3,8600.0,Cancelled,Customer,T00528,9,17,False,2024-25,3,2025-03,True,
B004096,C02597,2025-03-10,2025-03-22,Fun Dive,1,3450.0,Completed,,T00528,10,12,False,2024-25,3,2025-03,True,3450.0
B004097,C02998,2025-02-27,2025-03-22,Discovery Dive,1,5200.0,Completed,,T00528,11,23,False,2024-25,3,2025-03,True,5200.0
B004098,C00739,2025-03-16,2025-03-22,Fun Dive,2,6450.0,Completed,,T00529,2,6,False,2024-25,3,2025-03,True,6450.0
B004099,C02849,2025-03-03,2025-03-22,Fun Dive,2,7450.0,Completed,,T00529,3,19,False,2024-25,3,2025-03,True,7450.0
B004100,C02999,2025-03-11,2025-03-22,Course,4,23350.0,Cancelled,Unknown,T00529,4,11,False,2024-25,3,2025-03,True,
B004101,C03000,2025-02-15,2025-03-22,Fun Dive,3,10750.0,Completed,,T00529,5,35,False,2024-25,3,2025-03,True,10750.0
B004102,C03001,2025-02-27,2025-03-22,Discovery Dive,1,5700.0,Completed,,T00529,7,23,False,2024-25,3,2025-03,True,5700.0
B004103,C01109,2025-03-18,2025-03-22,Fun Dive,4,15450.0,Completed,,T00529,8,4,False,2024-25,3,2025-03,True,15450.0
B004104,C03002,2025-03-19,2025-03-22,Fun Dive,3,10400.0,Completed,,T00529,9,3,False,2024-25,3,2025-03,True,10400.0
B004105,C02952,2025-03-08,2025-03-23,Fun Dive,3,9800.0,Completed,,T00530,1,15,False,2024-25,3,2025-03,True,9800.0
B004106,C03003,2025-02-06,2025-03-23,Fun Dive,2,7750.0,Completed,,T00530,2,45,False,2024-25,3,2025-03,True,7750.0
B004107,C03004,2025-02-15,2025-03-23,Fun Dive,3,11200.0,Completed,,T00530,3,36,False,2024-25,3,2025-03,True,11200.0
B004108,C03005,2025-03-21,2025-03-23,Course,4,21600.0,Completed,,T00530,4,2,False,2024-25,3,2025-03,True,21600.0
B004109,C02285,2025-03-06,2025-03-23,Course,5,27700.0,Completed,,T00530,7,17,False,2024-25,3,2025-03,True,27700.0
B004110,C03006,2025-02-07,2025-03-23,Course,5,27300.0,Completed,,T00530,8,44,False,2024-25,3,2025-03,True,27300.0
B004111,C03007,2025-02-16,2025-03-23,Discovery Dive,1,5550.0,Completed,,T00531,1,35,False,2024-25,3,2025-03,True,5550.0
B004112,C02800,2025-03-02,2025-03-23,Discovery Dive,1,5100.0,Completed,,T00531,3,21,False,2024-25,3,2025-03,True,5100.0
B004113,C02352,2025-03-04,2025-03-23,Fun Dive,4,12750.0,Completed,,T00531,4,19,False,2024-25,3,2025-03,True,12750.0
B004114,C03008,2025-02-07,2025-03-23,Discovery Dive,1,4850.0,Completed,,T00531,5,44,False,2024-25,3,2025-03,True,4850.0
B004115,C03009,2025-02-06,2025-03-23,Fun Dive,1,3050.0,Cancelled,Customer,T00531,6,45,False,2024-25,3,2025-03,True,
B004116,C02696,2025-03-03,2025-03-23,Discovery Dive,1,5500.0,Completed,,T00531,7,20,False,2024-25,3,2025-03,True,5500.0
B004117,C01716,2025-03-08,2025-03-23,Discovery Dive,1,5100.0,Completed,,T00531,8,15,False,2024-25,3,2025-03,True,5100.0
B004118,C03010,2025-02-07,2025-03-23,Fun Dive,1,3850.0,Completed,,T00531,9,44,False,2024-25,3,2025-03,True,3850.0
B004119,C02236,2025-02-19,2025-03-24,Fun Dive,1,3550.0,Completed,,T00532,2,33,False,2024-25,3,2025-03,False,3550.0
B004120,C03011,2025-02-11,2025-03-24,Fun Dive,4,11950.0,Completed,,T00532,3,41,False,2024-25,3,2025-03,False,11950.0
B006637,C05048,2026-03-13,2026-03-30,Fun Dive,4,13800.0,Cancelled,Medical,T00859,1,17,False,2025-26,3,2026-03,False,
B004121,C03012,2025-03-22,2025-03-24,Discovery Dive,1,5350.0,Completed,,T00532,5,2,False,2024-25,3,2025-03,False,5350.0
B004122,C03013,2025-02-13,2025-03-24,Course,4,24800.0,Completed,,T00532,6,39,False,2024-25,3,2025-03,False,24800.0
B004123,C03014,2025-03-02,2025-03-24,Course,5,26750.0,Completed,,T00532,8,22,False,2024-25,3,2025-03,False,26750.0
B004124,C03015,2025-02-28,2025-03-24,Course,4,24200.0,Completed,,T00532,9,24,False,2024-25,3,2025-03,False,24200.0
B004125,C03016,2025-02-16,2025-03-24,Fun Dive,4,11950.0,Completed,,T00532,11,36,False,2024-25,3,2025-03,False,11950.0
B004126,C03017,2025-03-07,2025-03-24,Discovery Dive,1,5750.0,Completed,,T00532,12,17,False,2024-25,3,2025-03,False,5750.0
B004127,C03018,2025-03-03,2025-03-24,Fun Dive,4,12850.0,Completed,,T00533,1,21,False,2024-25,3,2025-03,False,12850.0
B004128,C03019,2025-02-21,2025-03-24,Course,4,25150.0,Completed,,T00533,2,31,False,2024-25,3,2025-03,False,25150.0
B004129,C03020,2025-02-19,2025-03-24,Fun Dive,1,3550.0,Completed,,T00533,3,33,False,2024-25,3,2025-03,False,3550.0
B004130,C03021,2025-03-02,2025-03-24,Course,5,27750.0,Completed,,T00533,4,22,False,2024-25,3,2025-03,False,27750.0
B004131,C02763,2025-02-16,2025-03-24,Course,5,25100.0,Completed,,T00533,5,36,False,2024-25,3,2025-03,False,25100.0
B004132,C03022,2025-02-28,2025-03-24,Fun Dive,1,3500.0,Completed,,T00533,7,24,False,2024-25,3,2025-03,False,3500.0
B004133,C02749,2025-03-20,2025-03-24,Fun Dive,1,3700.0,Completed,,T00533,9,4,False,2024-25,3,2025-03,False,3700.0
B004134,C03023,2025-03-04,2025-03-25,Course,4,20650.0,Completed,,T00534,1,21,False,2024-25,3,2025-03,False,20650.0
B004135,C03024,2025-03-15,2025-03-25,Discovery Dive,1,5100.0,Cancelled,Customer,T00534,2,10,False,2024-25,3,2025-03,False,
B004136,C03025,2025-03-21,2025-03-25,Fun Dive,2,6700.0,Completed,,T00534,3,4,False,2024-25,3,2025-03,False,6700.0
B004137,C03026,2025-03-22,2025-03-25,Fun Dive,2,6750.0,Completed,,T00534,4,3,False,2024-25,3,2025-03,False,6750.0
B004138,C03027,2025-02-09,2025-03-25,Discovery Dive,1,4600.0,Completed,,T00534,6,44,False,2024-25,3,2025-03,False,4600.0
B004139,C03028,2025-02-25,2025-03-25,Fun Dive,1,3000.0,Cancelled,Customer,T00534,8,28,False,2024-25,3,2025-03,False,
B004140,C03029,2025-03-08,2025-03-25,Fun Dive,4,12400.0,Cancelled,Unknown,T00534,9,17,False,2024-25,3,2025-03,False,
B004141,C03030,2025-02-12,2025-03-25,Discovery Dive,1,5200.0,Completed,,T00534,10,41,False,2024-25,3,2025-03,False,5200.0
B004142,C03031,2025-02-19,2025-03-25,Fun Dive,1,2950.0,Completed,,T00534,11,34,False,2024-25,3,2025-03,False,2950.0
B004143,C01228,2025-03-15,2025-03-25,Fun Dive,1,3800.0,Cancelled,Customer,T00535,1,10,False,2024-25,3,2025-03,False,
B004144,C03032,2025-02-12,2025-03-25,Fun Dive,1,3400.0,Completed,,T00535,3,41,False,2024-25,3,2025-03,False,3400.0
B004145,C03033,2025-03-21,2025-03-25,Fun Dive,1,3250.0,No-show,,T00535,4,4,False,2024-25,3,2025-03,False,
B004146,C01618,2025-03-19,2025-03-25,Fun Dive,2,6700.0,Completed,,T00535,6,6,False,2024-25,3,2025-03,False,6700.0
B004147,C03034,2025-03-14,2025-03-25,Discovery Dive,2,11000.0,Completed,,T00535,7,11,False,2024-25,3,2025-03,False,11000.0
B004148,C03035,2025-02-17,2025-03-25,Discovery Dive,1,5500.0,Completed,,T00535,8,36,False,2024-25,3,2025-03,False,5500.0
B004149,C03036,2025-02-14,2025-03-26,Course,5,26950.0,Completed,,T00536,1,40,False,2024-25,3,2025-03,False,26950.0
B004150,C00529,2025-02-26,2025-03-26,Discovery Dive,1,5000.0,Completed,,T00536,2,28,False,2024-25,3,2025-03,False,5000.0
B004151,C03037,2025-03-13,2025-03-26,Course,5,22850.0,Completed,,T00536,3,13,False,2024-25,3,2025-03,False,22850.0
B004152,C03038,2025-03-22,2025-03-26,Course,5,25600.0,Completed,,T00536,4,4,False,2024-25,3,2025-03,False,25600.0
B004153,C02699,2025-03-22,2025-03-26,Fun Dive,1,3450.0,Completed,,T00536,7,4,False,2024-25,3,2025-03,False,3450.0
B004154,C03039,2025-03-12,2025-03-26,Discovery Dive,1,5000.0,Completed,,T00536,8,14,False,2024-25,3,2025-03,False,5000.0
B004155,C03040,2025-03-15,2025-03-26,Course,5,24700.0,Completed,,T00537,1,11,False,2024-25,3,2025-03,False,24700.0
B004156,C03041,2025-03-10,2025-03-26,Fun Dive,2,6650.0,Completed,,T00537,2,16,False,2024-25,3,2025-03,False,6650.0
B004157,C03042,2025-03-02,2025-03-26,Discovery Dive,2,10400.0,Completed,,T00537,4,24,False,2024-25,3,2025-03,False,10400.0
B004158,C03043,2025-03-11,2025-03-26,Fun Dive,2,7200.0,Completed,,T00537,5,15,False,2024-25,3,2025-03,False,7200.0
B004159,C03044,2025-03-17,2025-03-26,Discovery Dive,2,11150.0,Cancelled,Customer,T00537,6,9,False,2024-25,3,2025-03,False,
B004160,C01949,2025-03-05,2025-03-26,Fun Dive,4,14100.0,Completed,,T00537,8,21,False,2024-25,3,2025-03,False,14100.0
B004161,C03045,2025-02-17,2025-03-27,Course,4,22550.0,Completed,,T00538,1,38,False,2024-25,3,2025-03,False,22550.0
B004162,C03046,2025-03-04,2025-03-27,Course,5,22350.0,Completed,,T00538,3,23,False,2024-25,3,2025-03,False,22350.0
B004163,C00077,2025-03-24,2025-03-27,Fun Dive,4,14150.0,Completed,,T00538,4,3,False,2024-25,3,2025-03,False,14150.0
B004164,C03047,2025-02-18,2025-03-27,Discovery Dive,1,5350.0,Cancelled,Customer,T00538,5,37,False,2024-25,3,2025-03,False,
B004165,C02282,2025-03-15,2025-03-27,Fun Dive,3,11200.0,Completed,,T00538,8,12,False,2024-25,3,2025-03,False,11200.0
B004166,C03048,2025-03-27,2025-03-27,Fun Dive,3,10650.0,Completed,,T00538,9,0,False,2024-25,3,2025-03,False,10650.0
B004167,C03049,2025-02-13,2025-03-27,Fun Dive,2,5850.0,No-show,,T00538,10,42,False,2024-25,3,2025-03,False,
B004168,C03050,2025-02-17,2025-03-27,Discovery Dive,1,4450.0,Completed,,T00538,11,38,False,2024-25,3,2025-03,False,4450.0
B004169,C03051,2025-03-01,2025-03-27,Fun Dive,1,3950.0,Completed,,T00539,1,26,False,2024-25,3,2025-03,False,3950.0
B004170,C02824,2025-03-21,2025-03-27,Fun Dive,3,10650.0,Completed,,T00539,2,6,False,2024-25,3,2025-03,False,10650.0
B004171,C03052,2025-03-23,2025-03-27,Discovery Dive,1,4350.0,Completed,,T00539,3,4,False,2024-25,3,2025-03,False,4350.0
B004172,C03053,2025-02-19,2025-03-27,Fun Dive,3,8600.0,Completed,,T00539,5,36,False,2024-25,3,2025-03,False,8600.0
B004173,C00274,2025-02-11,2025-03-27,Fun Dive,1,3200.0,Completed,,T00539,6,44,False,2024-25,3,2025-03,False,3200.0
B004174,C03054,2025-03-23,2025-03-27,Fun Dive,4,14400.0,Completed,,T00539,7,4,False,2024-25,3,2025-03,False,14400.0
B004175,C03055,2025-03-09,2025-03-27,Course,5,24000.0,Completed,,T00539,8,18,False,2024-25,3,2025-03,False,24000.0
B004176,C03056,2025-02-13,2025-03-27,Fun Dive,1,3000.0,Completed,,T00539,10,42,False,2024-25,3,2025-03,False,3000.0
B004177,C03057,2025-02-24,2025-03-28,Discovery Dive,2,9300.0,Completed,,T00540,1,32,False,2024-25,3,2025-03,False,9300.0
B004178,C03058,2025-03-28,2025-03-28,Discovery Dive,1,5250.0,Completed,,T00540,2,0,False,2024-25,3,2025-03,False,5250.0
B004179,C03059,2025-02-18,2025-03-28,Course,5,21400.0,Completed,,T00540,4,38,False,2024-25,3,2025-03,False,21400.0
B004180,C03060,2025-02-11,2025-03-28,Fun Dive,3,10700.0,Completed,,T00540,5,45,False,2024-25,3,2025-03,False,10700.0
B004181,C03061,2025-03-10,2025-03-28,Course,4,27100.0,Completed,,T00540,6,18,False,2024-25,3,2025-03,False,27100.0
B004182,C03062,2025-02-25,2025-03-28,Fun Dive,1,3800.0,Completed,,T00540,7,31,False,2024-25,3,2025-03,False,3800.0
B004183,C03063,2025-02-11,2025-03-28,Discovery Dive,1,5150.0,Completed,,T00540,8,45,False,2024-25,3,2025-03,False,5150.0
B004184,C03064,2025-03-21,2025-03-28,Fun Dive,1,2950.0,Completed,,T00540,9,7,False,2024-25,3,2025-03,False,2950.0
B004185,C03065,2025-03-09,2025-03-28,Discovery Dive,1,4100.0,Completed,,T00540,10,19,False,2024-25,3,2025-03,False,4100.0
B004186,C03066,2025-03-17,2025-03-29,Discovery Dive,1,5500.0,Completed,,T00541,1,12,False,2024-25,3,2025-03,True,5500.0
B004187,C02295,2025-02-20,2025-03-29,Course,5,24900.0,Completed,,T00541,2,37,False,2024-25,3,2025-03,True,24900.0
B004188,C03067,2025-02-17,2025-03-29,Fun Dive,2,7150.0,Completed,,T00541,3,40,False,2024-25,3,2025-03,True,7150.0
B004189,C03068,2025-02-14,2025-03-29,Discovery Dive,1,5550.0,Completed,,T00541,5,43,False,2024-25,3,2025-03,True,5550.0
B004190,C03069,2025-03-21,2025-03-29,Fun Dive,4,13400.0,Completed,,T00541,6,8,False,2024-25,3,2025-03,True,13400.0
B004191,C02521,2025-03-06,2025-03-29,Fun Dive,4,14300.0,Completed,,T00541,9,23,False,2024-25,3,2025-03,True,14300.0
B004192,C03045,2025-03-09,2025-03-29,Fun Dive,1,3100.0,Cancelled,Customer,T00541,10,20,False,2024-25,3,2025-03,True,
B004193,C02490,2025-03-03,2025-03-29,Fun Dive,2,7500.0,Cancelled,Customer,T00541,11,26,False,2024-25,3,2025-03,True,
B004194,C03070,2025-03-13,2025-03-29,Discovery Dive,1,5100.0,Completed,,T00541,12,16,False,2024-25,3,2025-03,True,5100.0
B004195,C03071,2025-02-23,2025-03-29,Discovery Dive,1,4900.0,Completed,,T00542,2,34,False,2024-25,3,2025-03,True,4900.0
B004196,C03072,2025-02-17,2025-03-29,Course,5,26150.0,Completed,,T00542,3,40,False,2024-25,3,2025-03,True,26150.0
B004197,C02310,2025-02-17,2025-03-29,Fun Dive,3,9050.0,Completed,,T00542,4,40,False,2024-25,3,2025-03,True,9050.0
B004198,C02430,2025-02-28,2025-03-29,Fun Dive,1,3100.0,Completed,,T00542,5,29,False,2024-25,3,2025-03,True,3100.0
B004199,C03073,2025-03-16,2025-03-29,Fun Dive,4,14600.0,Completed,,T00542,6,13,False,2024-25,3,2025-03,True,14600.0
B004200,C02284,2025-03-06,2025-03-29,Fun Dive,3,10200.0,Completed,,T00542,9,23,False,2024-25,3,2025-03,True,10200.0
B004201,C03074,2025-03-21,2025-03-29,Discovery Dive,1,5450.0,No-show,,T00542,10,8,False,2024-25,3,2025-03,True,
B004202,C03056,2025-02-22,2025-03-29,Fun Dive,3,8650.0,Cancelled,Customer,T00542,11,35,False,2024-25,3,2025-03,True,
B004203,C02663,2025-03-05,2025-03-30,Discovery Dive,1,5700.0,Completed,,T00543,1,25,False,2024-25,3,2025-03,True,5700.0
B004204,C03075,2025-03-27,2025-03-30,Discovery Dive,1,4600.0,Completed,,T00543,2,3,False,2024-25,3,2025-03,True,4600.0
B004205,C03076,2025-02-19,2025-03-30,Discovery Dive,1,5250.0,Completed,,T00543,3,39,False,2024-25,3,2025-03,True,5250.0
B004206,C03077,2025-02-16,2025-03-30,Fun Dive,1,3600.0,Completed,,T00543,4,42,False,2024-25,3,2025-03,True,3600.0
B004207,C02658,2025-03-11,2025-03-30,Fun Dive,2,7200.0,Completed,,T00543,5,19,False,2024-25,3,2025-03,True,7200.0
B004208,C03078,2025-02-15,2025-03-30,Fun Dive,1,3150.0,Completed,,T00543,7,43,False,2024-25,3,2025-03,True,3150.0
B004209,C03079,2025-03-25,2025-03-30,Fun Dive,2,6050.0,Completed,,T00543,8,5,False,2024-25,3,2025-03,True,6050.0
B004210,C03080,2025-03-10,2025-03-30,Fun Dive,4,13600.0,Completed,,T00543,9,20,False,2024-25,3,2025-03,True,13600.0
B004211,C03081,2025-03-10,2025-03-30,Discovery Dive,1,5000.0,Completed,,T00543,10,20,False,2024-25,3,2025-03,True,5000.0
B004212,C03082,2025-03-22,2025-03-30,Discovery Dive,1,5050.0,Cancelled,Medical,T00543,11,8,False,2024-25,3,2025-03,True,
B004213,C03083,2025-02-17,2025-03-30,Fun Dive,4,14500.0,Completed,,T00544,1,41,False,2024-25,3,2025-03,True,14500.0
B004214,C02815,2025-03-13,2025-03-30,Fun Dive,3,10850.0,Completed,,T00544,3,17,False,2024-25,3,2025-03,True,10850.0
B004215,C03084,2025-02-19,2025-03-30,Discovery Dive,1,5300.0,Completed,,T00544,4,39,False,2024-25,3,2025-03,True,5300.0
B004216,C01725,2025-03-27,2025-03-30,Discovery Dive,1,4200.0,Completed,,T00544,6,3,False,2024-25,3,2025-03,True,4200.0
B004217,C03085,2025-03-14,2025-03-30,Fun Dive,2,7600.0,Completed,,T00544,7,16,False,2024-25,3,2025-03,True,7600.0
B004218,C03086,2025-03-03,2025-03-30,Fun Dive,1,3600.0,Completed,,T00544,8,27,False,2024-25,3,2025-03,True,3600.0
B004219,C03087,2025-02-28,2025-03-30,Fun Dive,3,10600.0,Completed,,T00544,9,30,False,2024-25,3,2025-03,True,10600.0
B004220,C03088,2025-02-23,2025-03-30,Course,4,24700.0,Cancelled,Medical,T00545,1,35,False,2024-25,3,2025-03,True,
B004221,C02562,2025-02-21,2025-03-30,Fun Dive,2,7250.0,Completed,,T00545,2,37,False,2024-25,3,2025-03,True,7250.0
B004222,C03089,2025-03-21,2025-03-30,Discovery Dive,1,5100.0,Completed,,T00545,3,9,False,2024-25,3,2025-03,True,5100.0
B004223,C02719,2025-03-21,2025-03-30,Discovery Dive,1,4850.0,No-show,,T00545,4,9,False,2024-25,3,2025-03,True,
B004224,C03090,2025-03-19,2025-03-30,Fun Dive,4,12150.0,Completed,,T00545,5,11,False,2024-25,3,2025-03,True,12150.0
B004225,C03091,2025-03-23,2025-03-30,Discovery Dive,1,5000.0,Completed,,T00545,6,7,False,2024-25,3,2025-03,True,5000.0
B004226,C03092,2025-03-09,2025-03-30,Discovery Dive,1,5250.0,Cancelled,Weather,T00545,7,21,False,2024-25,3,2025-03,True,
B004227,C03093,2025-03-29,2025-03-30,Fun Dive,4,15150.0,Completed,,T00545,8,1,False,2024-25,3,2025-03,True,15150.0
B004228,C03094,2025-02-20,2025-03-30,Fun Dive,1,2950.0,Completed,,T00545,10,38,False,2024-25,3,2025-03,True,2950.0
B004229,C02842,2025-03-21,2025-03-31,Fun Dive,3,11350.0,Completed,,T00546,1,10,False,2024-25,3,2025-03,False,11350.0
B004230,C03095,2025-03-03,2025-03-31,Fun Dive,1,3450.0,Completed,,T00546,3,28,False,2024-25,3,2025-03,False,3450.0
B004231,C03096,2025-03-03,2025-03-31,Fun Dive,3,10850.0,Completed,,T00546,4,28,False,2024-25,3,2025-03,False,10850.0
B004232,C03097,2025-03-12,2025-03-31,Fun Dive,2,7150.0,Cancelled,Unknown,T00546,5,19,False,2024-25,3,2025-03,False,
B004233,C03098,2025-03-17,2025-03-31,Fun Dive,1,2950.0,Completed,,T00546,6,14,False,2024-25,3,2025-03,False,2950.0
B004234,C03028,2025-02-28,2025-03-31,Fun Dive,3,8700.0,Cancelled,Weather,T00546,7,31,False,2024-25,3,2025-03,False,
B004235,C03099,2025-02-19,2025-03-31,Fun Dive,1,3850.0,Completed,,T00546,8,40,False,2024-25,3,2025-03,False,3850.0
B004236,C03100,2025-03-31,2025-03-31,Discovery Dive,1,5450.0,Completed,,T00547,1,0,False,2024-25,3,2025-03,False,5450.0
B004237,C03101,2025-03-08,2025-03-31,Fun Dive,3,10700.0,Completed,,T00547,3,23,False,2024-25,3,2025-03,False,10700.0
B004238,C03102,2025-03-13,2025-03-31,Fun Dive,3,8700.0,Completed,,T00547,4,18,False,2024-25,3,2025-03,False,8700.0
B004239,C03103,2025-03-20,2025-03-31,Fun Dive,1,3850.0,Cancelled,Weather,T00547,5,11,False,2024-25,3,2025-03,False,
B004240,C03104,2025-03-01,2025-03-31,Fun Dive,1,3900.0,Cancelled,Weather,T00547,7,30,False,2024-25,3,2025-03,False,
B004241,C03105,2025-03-29,2025-03-31,Discovery Dive,2,10150.0,Cancelled,Unknown,T00547,8,2,False,2024-25,3,2025-03,False,
B004242,C03106,2025-03-26,2025-03-31,Discovery Dive,1,4750.0,Cancelled,Weather,T00547,9,5,False,2024-25,3,2025-03,False,
B004243,C03107,2025-02-24,2025-03-31,Course,4,27150.0,Completed,,T00547,10,35,False,2024-25,3,2025-03,False,27150.0
B004244,C03108,2025-03-30,2025-04-01,Discovery Dive,1,4950.0,No-show,,T00548,1,2,False,2024-25,4,2025-04,False,
B004245,C02575,2025-03-19,2025-04-01,Course,4,27250.0,No-show,,T00548,2,13,False,2024-25,4,2025-04,False,
B004246,C03109,2025-03-23,2025-04-01,Course,5,23450.0,Cancelled,Weather,T00548,3,9,False,2024-25,4,2025-04,False,
B004247,C03110,2025-03-07,2025-04-01,Discovery Dive,1,5150.0,Completed,,T00548,4,25,False,2024-25,4,2025-04,False,5150.0
B004248,C03111,2025-02-22,2025-04-01,Fun Dive,3,10800.0,Completed,,T00548,5,38,False,2024-25,4,2025-04,False,10800.0
B004249,C03112,2025-03-20,2025-04-01,Course,5,26900.0,Cancelled,Weather,T00548,7,12,False,2024-25,4,2025-04,False,
B004250,C03113,2025-03-22,2025-04-01,Course,4,23500.0,Cancelled,Unknown,T00548,8,10,False,2024-25,4,2025-04,False,
B004251,C03114,2025-03-14,2025-04-01,Discovery Dive,1,4450.0,Cancelled,Weather,T00548,9,18,False,2024-25,4,2025-04,False,
B004252,C03115,2025-03-01,2025-04-02,Discovery Dive,1,4150.0,Cancelled,Weather,T00549,1,32,False,2024-25,4,2025-04,False,
B004253,C03081,2025-02-26,2025-04-02,Fun Dive,3,10800.0,Completed,,T00549,4,35,False,2024-25,4,2025-04,False,10800.0
B004254,C03116,2025-03-28,2025-04-02,Course,5,24950.0,Completed,,T00549,5,5,False,2024-25,4,2025-04,False,24950.0
B004255,C03117,2025-03-20,2025-04-02,Discovery Dive,1,4950.0,Completed,,T00549,6,13,False,2024-25,4,2025-04,False,4950.0
B004256,C03118,2025-03-27,2025-04-02,Discovery Dive,2,8500.0,Completed,,T00549,7,6,False,2024-25,4,2025-04,False,8500.0
B004257,C03119,2025-03-10,2025-04-02,Course,4,24850.0,Cancelled,Weather,T00549,8,23,False,2024-25,4,2025-04,False,
B004258,C03120,2025-03-10,2025-04-02,Discovery Dive,1,5200.0,Completed,,T00549,9,23,False,2024-25,4,2025-04,False,5200.0
B004259,C02662,2025-03-30,2025-04-02,Course,5,20550.0,Completed,,T00549,10,3,False,2024-25,4,2025-04,False,20550.0
B004260,C02500,2025-03-01,2025-04-02,Course,4,26950.0,Completed,,T00550,1,32,False,2024-25,4,2025-04,False,26950.0
B004261,C03121,2025-03-04,2025-04-02,Discovery Dive,1,4800.0,Completed,,T00550,2,29,False,2024-25,4,2025-04,False,4800.0
B004262,C03122,2025-03-29,2025-04-02,Course,5,22200.0,Completed,,T00550,3,4,False,2024-25,4,2025-04,False,22200.0
B004263,C03123,2025-03-11,2025-04-02,Discovery Dive,1,5100.0,Completed,,T00550,4,22,False,2024-25,4,2025-04,False,5100.0
B004264,C03124,2025-03-24,2025-04-02,Discovery Dive,2,10450.0,Completed,,T00550,5,9,False,2024-25,4,2025-04,False,10450.0
B004265,C02398,2025-02-26,2025-04-02,Fun Dive,2,7750.0,Completed,,T00550,7,35,False,2024-25,4,2025-04,False,7750.0
B004266,C03125,2025-03-15,2025-04-02,Discovery Dive,1,5100.0,Completed,,T00550,8,18,False,2024-25,4,2025-04,False,5100.0
B004267,C03126,2025-03-27,2025-04-02,Discovery Dive,1,4900.0,Completed,,T00550,10,6,False,2024-25,4,2025-04,False,4900.0
B004268,C03127,2025-02-16,2025-04-02,Fun Dive,2,7450.0,Completed,,T00550,11,45,False,2024-25,4,2025-04,False,7450.0
B004269,C03128,2025-03-10,2025-04-03,Discovery Dive,2,11550.0,Completed,,T00551,1,24,False,2024-25,4,2025-04,False,11550.0
B004270,C02388,2025-02-28,2025-04-03,Course,4,28000.0,Completed,,T00551,2,34,False,2024-25,4,2025-04,False,28000.0
B004271,C03129,2025-03-19,2025-04-03,Course,4,27300.0,Completed,,T00551,4,15,False,2024-25,4,2025-04,False,27300.0
B004272,C02693,2025-03-16,2025-04-03,Course,4,23150.0,Completed,,T00551,5,18,False,2024-25,4,2025-04,False,23150.0
B004273,C03130,2025-03-14,2025-04-03,Fun Dive,4,13950.0,Completed,,T00551,7,20,False,2024-25,4,2025-04,False,13950.0
B004274,C03131,2025-02-28,2025-04-03,Discovery Dive,1,4850.0,Completed,,T00551,8,34,False,2024-25,4,2025-04,False,4850.0
B004275,C03132,2025-02-21,2025-04-03,Discovery Dive,1,4450.0,Completed,,T00551,9,41,False,2024-25,4,2025-04,False,4450.0
B004276,C03133,2025-03-07,2025-04-03,Course,4,24450.0,Completed,,T00551,10,27,False,2024-25,4,2025-04,False,24450.0
B004277,C03134,2025-03-28,2025-04-04,Discovery Dive,1,5400.0,Completed,,T00552,2,7,False,2024-25,4,2025-04,False,5400.0
B004278,C03135,2025-03-18,2025-04-04,Fun Dive,1,3900.0,Completed,,T00552,4,17,False,2024-25,4,2025-04,False,3900.0
B004279,C00674,2025-03-01,2025-04-04,Fun Dive,4,14500.0,Cancelled,Customer,T00552,5,34,False,2024-25,4,2025-04,False,
B004280,C03136,2025-03-22,2025-04-04,Fun Dive,4,11600.0,Completed,,T00552,6,13,False,2024-25,4,2025-04,False,11600.0
B004281,C02995,2025-03-02,2025-04-04,Fun Dive,3,8800.0,Completed,,T00552,7,33,False,2024-25,4,2025-04,False,8800.0
B004282,C03137,2025-04-01,2025-04-04,Fun Dive,2,6850.0,Completed,,T00552,8,3,False,2024-25,4,2025-04,False,6850.0
B004283,C03138,2025-03-12,2025-04-04,Fun Dive,1,2900.0,No-show,,T00552,9,23,False,2024-25,4,2025-04,False,
B004284,C03139,2025-03-22,2025-04-05,Discovery Dive,1,5100.0,Completed,,T00553,1,14,False,2024-25,4,2025-04,True,5100.0
B004285,C02692,2025-03-01,2025-04-05,Fun Dive,3,9850.0,Completed,,T00553,3,35,False,2024-25,4,2025-04,True,9850.0
B004286,C03140,2025-03-24,2025-04-05,Fun Dive,1,3200.0,Completed,,T00553,5,12,False,2024-25,4,2025-04,True,3200.0
B004287,C03141,2025-04-01,2025-04-05,Discovery Dive,1,4550.0,Completed,,T00553,6,4,False,2024-25,4,2025-04,True,4550.0
B004288,C02761,2025-03-27,2025-04-05,Fun Dive,1,4000.0,Completed,,T00553,8,9,False,2024-25,4,2025-04,True,4000.0
B006364,C04814,2026-02-05,2026-03-02,Discovery Dive,1,4250.0,Cancelled,Customer,T00824,7,25,False,2025-26,3,2026-03,False,
B004289,C02903,2025-03-22,2025-04-05,Fun Dive,1,3700.0,Completed,,T00554,1,14,False,2024-25,4,2025-04,True,3700.0
B004290,C03142,2025-03-14,2025-04-05,Fun Dive,1,2850.0,Completed,,T00554,2,22,False,2024-25,4,2025-04,True,2850.0
B004291,C01378,2025-03-02,2025-04-05,Discovery Dive,2,10050.0,Completed,,T00554,3,34,False,2024-25,4,2025-04,True,10050.0
B004292,C02575,2025-03-20,2025-04-05,Course,5,25550.0,Completed,,T00554,5,16,False,2024-25,4,2025-04,True,25550.0
B004293,C03143,2025-03-17,2025-04-05,Fun Dive,2,7650.0,Completed,,T00554,6,19,False,2024-25,4,2025-04,True,7650.0
B004294,C03144,2025-03-15,2025-04-05,Discovery Dive,1,4450.0,Completed,,T00554,7,21,False,2024-25,4,2025-04,True,4450.0
B004295,C03145,2025-03-28,2025-04-05,Fun Dive,4,14800.0,No-show,,T00554,8,8,False,2024-25,4,2025-04,True,
B004296,C03146,2025-02-19,2025-04-05,Discovery Dive,1,5350.0,Completed,,T00554,9,45,False,2024-25,4,2025-04,True,5350.0
B004297,C03147,2025-04-02,2025-04-06,Fun Dive,1,3550.0,Cancelled,Weather,T00555,2,4,False,2024-25,4,2025-04,True,
B004298,C03148,2025-04-01,2025-04-06,Fun Dive,2,7400.0,Completed,,T00555,3,5,False,2024-25,4,2025-04,True,7400.0
B004299,C03149,2025-03-05,2025-04-06,Fun Dive,4,13750.0,Completed,,T00555,4,32,False,2024-25,4,2025-04,True,13750.0
B004300,C03150,2025-03-31,2025-04-06,Discovery Dive,1,5550.0,Cancelled,Weather,T00555,5,6,False,2024-25,4,2025-04,True,
B004301,C03151,2025-03-02,2025-04-06,Discovery Dive,1,5250.0,Completed,,T00555,7,35,False,2024-25,4,2025-04,True,5250.0
B004302,C03152,2025-03-24,2025-04-06,Fun Dive,1,3700.0,Cancelled,Customer,T00555,8,13,False,2024-25,4,2025-04,True,
B004303,C03153,2025-04-02,2025-04-06,Discovery Dive,1,4250.0,Cancelled,Weather,T00555,10,4,False,2024-25,4,2025-04,True,
B004304,C03154,2025-03-09,2025-04-07,Fun Dive,2,6300.0,Cancelled,Weather,T00556,1,29,False,2024-25,4,2025-04,False,
B004305,C03155,2025-02-26,2025-04-07,Fun Dive,2,7050.0,Cancelled,Weather,T00556,3,40,False,2024-25,4,2025-04,False,
B004306,C03156,2025-04-06,2025-04-07,Discovery Dive,1,4650.0,Completed,,T00556,4,1,False,2024-25,4,2025-04,False,4650.0
B004307,C03157,2025-03-18,2025-04-07,Discovery Dive,2,9050.0,Completed,,T00556,5,20,False,2024-25,4,2025-04,False,9050.0
B004308,C03158,2025-03-25,2025-04-07,Fun Dive,2,7050.0,Completed,,T00556,6,13,False,2024-25,4,2025-04,False,7050.0
B004309,C03159,2025-04-03,2025-04-07,Fun Dive,1,3050.0,Completed,,T00556,7,4,False,2024-25,4,2025-04,False,3050.0
B004310,C03160,2025-03-28,2025-04-07,Fun Dive,2,6700.0,Completed,,T00556,8,10,False,2024-25,4,2025-04,False,6700.0
B004311,C03161,2025-03-04,2025-04-07,Discovery Dive,1,4600.0,Completed,,T00556,9,34,False,2024-25,4,2025-04,False,4600.0
B004312,C03162,2025-03-14,2025-04-07,Discovery Dive,1,5050.0,Cancelled,Unknown,T00557,2,24,False,2024-25,4,2025-04,False,
B004313,C02147,2025-03-20,2025-04-07,Fun Dive,2,7100.0,Cancelled,Customer,T00557,3,18,False,2024-25,4,2025-04,False,
B004314,C03163,2025-03-15,2025-04-07,Course,4,27100.0,Completed,,T00557,4,23,False,2024-25,4,2025-04,False,27100.0
B004315,C03164,2025-03-09,2025-04-07,Discovery Dive,1,5050.0,Completed,,T00557,6,29,False,2024-25,4,2025-04,False,5050.0
B004316,C03165,2025-03-14,2025-04-07,Discovery Dive,1,5350.0,Cancelled,Unknown,T00557,7,24,False,2024-25,4,2025-04,False,
B004317,C03166,2025-02-22,2025-04-07,Discovery Dive,1,4900.0,Cancelled,Weather,T00557,8,44,False,2024-25,4,2025-04,False,
B004318,C03167,2025-03-17,2025-04-08,Discovery Dive,1,5600.0,Completed,,T00558,1,22,False,2024-25,4,2025-04,False,5600.0
B004319,C03030,2025-04-08,2025-04-08,Fun Dive,1,3750.0,Completed,,T00558,2,0,False,2024-25,4,2025-04,False,3750.0
B004320,C03168,2025-03-14,2025-04-08,Discovery Dive,1,5150.0,Completed,,T00558,3,25,False,2024-25,4,2025-04,False,5150.0
B004321,C03169,2025-02-24,2025-04-08,Course,4,25550.0,Completed,,T00558,6,43,False,2024-25,4,2025-04,False,25550.0
B004322,C02652,2025-04-07,2025-04-08,Fun Dive,3,11000.0,Completed,,T00558,7,1,False,2024-25,4,2025-04,False,11000.0
B004323,C03170,2025-03-27,2025-04-08,Discovery Dive,1,5200.0,Completed,,T00558,8,12,False,2024-25,4,2025-04,False,5200.0
B004324,C03171,2025-03-11,2025-04-08,Fun Dive,3,10500.0,Completed,,T00558,10,28,False,2024-25,4,2025-04,False,10500.0
B004325,C03172,2025-02-26,2025-04-09,Fun Dive,3,10350.0,Completed,,T00559,2,42,False,2024-25,4,2025-04,False,10350.0
B004326,C03173,2025-03-15,2025-04-09,Discovery Dive,1,4650.0,No-show,,T00559,3,25,False,2024-25,4,2025-04,False,
B004327,C03174,2025-03-25,2025-04-09,Course,4,26750.0,Completed,,T00559,4,15,False,2024-25,4,2025-04,False,26750.0
B004328,C03175,2025-04-03,2025-04-09,Course,4,26450.0,Completed,,T00559,5,6,False,2024-25,4,2025-04,False,26450.0
B004329,C03176,2025-03-08,2025-04-09,Discovery Dive,2,10500.0,Cancelled,Weather,T00559,6,32,False,2024-25,4,2025-04,False,
B004330,C03177,2025-03-15,2025-04-09,Fun Dive,2,7150.0,Completed,,T00559,7,25,False,2024-25,4,2025-04,False,7150.0
B004331,C02663,2025-03-08,2025-04-09,Fun Dive,1,4000.0,Completed,,T00559,9,32,False,2024-25,4,2025-04,False,4000.0
B004332,C03178,2025-02-25,2025-04-09,Fun Dive,3,10500.0,Completed,,T00559,11,43,False,2024-25,4,2025-04,False,10500.0
B004333,C03179,2025-03-19,2025-04-09,Course,5,23150.0,Cancelled,Weather,T00559,12,21,False,2024-25,4,2025-04,False,
B004334,C03180,2025-03-07,2025-04-10,Fun Dive,2,6900.0,Completed,,T00560,1,34,False,2024-25,4,2025-04,False,6900.0
B004335,C03181,2025-03-08,2025-04-10,Fun Dive,1,3650.0,Cancelled,Medical,T00560,2,33,False,2024-25,4,2025-04,False,
B004336,C01002,2025-04-01,2025-04-10,Discovery Dive,1,4850.0,Completed,,T00560,4,9,False,2024-25,4,2025-04,False,4850.0
B004337,C02702,2025-03-25,2025-04-10,Fun Dive,1,3400.0,Cancelled,Weather,T00560,6,16,False,2024-25,4,2025-04,False,
B004338,C02566,2025-02-27,2025-04-10,Fun Dive,4,12500.0,Completed,,T00560,7,42,False,2024-25,4,2025-04,False,12500.0
B004339,C03182,2025-04-03,2025-04-10,Fun Dive,3,9750.0,Completed,,T00560,8,7,False,2024-25,4,2025-04,False,9750.0
B004340,C03183,2025-03-26,2025-04-10,Fun Dive,4,14900.0,No-show,,T00560,9,15,False,2024-25,4,2025-04,False,
B004341,C03184,2025-03-13,2025-04-10,Discovery Dive,1,4500.0,Completed,,T00560,10,28,False,2024-25,4,2025-04,False,4500.0
B004342,C03079,2025-04-03,2025-04-10,Course,5,23250.0,No-show,,T00560,11,7,False,2024-25,4,2025-04,False,
B004343,C03185,2025-02-26,2025-04-10,Fun Dive,1,3200.0,Cancelled,Customer,T00561,2,43,False,2024-25,4,2025-04,False,
B004344,C03186,2025-03-21,2025-04-10,Discovery Dive,1,5300.0,No-show,,T00561,3,20,False,2024-25,4,2025-04,False,
B004345,C03187,2025-03-06,2025-04-10,Fun Dive,2,7200.0,Completed,,T00561,4,35,False,2024-25,4,2025-04,False,7200.0
B004346,C03188,2025-02-26,2025-04-10,Discovery Dive,1,5750.0,Completed,,T00561,5,43,False,2024-25,4,2025-04,False,5750.0
B004347,C03189,2025-03-20,2025-04-10,Course,4,26050.0,Completed,,T00561,7,21,False,2024-25,4,2025-04,False,26050.0
B004348,C03190,2025-03-21,2025-04-10,Fun Dive,3,11150.0,Completed,,T00561,8,20,False,2024-25,4,2025-04,False,11150.0
B004349,C02885,2025-04-07,2025-04-11,Fun Dive,2,6800.0,Completed,,T00562,1,4,False,2024-25,4,2025-04,False,6800.0
B004350,C03191,2025-04-01,2025-04-11,Course,5,24150.0,Cancelled,Customer,T00562,2,10,False,2024-25,4,2025-04,False,
B004351,C03192,2025-03-13,2025-04-11,Discovery Dive,1,5350.0,Completed,,T00562,3,29,False,2024-25,4,2025-04,False,5350.0
B004352,C03193,2025-03-23,2025-04-11,Discovery Dive,1,5450.0,Completed,,T00562,4,19,False,2024-25,4,2025-04,False,5450.0
B004353,C02387,2025-04-07,2025-04-11,Fun Dive,2,6650.0,Completed,,T00562,5,4,False,2024-25,4,2025-04,False,6650.0
B004354,C03194,2025-03-13,2025-04-11,Fun Dive,3,10700.0,Completed,,T00562,6,29,False,2024-25,4,2025-04,False,10700.0
B004355,C03195,2025-04-08,2025-04-11,Fun Dive,2,7850.0,Cancelled,Customer,T00562,8,3,False,2024-25,4,2025-04,False,
B004356,C03196,2025-04-02,2025-04-11,Course,4,28100.0,Completed,,T00562,9,9,False,2024-25,4,2025-04,False,28100.0
B004357,C03197,2025-03-22,2025-04-11,Fun Dive,4,14500.0,Completed,,T00562,10,20,False,2024-25,4,2025-04,False,14500.0
B004358,C02997,2025-04-04,2025-04-12,Discovery Dive,1,4100.0,Completed,,T00563,1,8,False,2024-25,4,2025-04,True,4100.0
B004359,C03198,2025-03-26,2025-04-12,Course,4,27750.0,Cancelled,Customer,T00563,2,17,False,2024-25,4,2025-04,True,
B004360,C03199,2025-03-31,2025-04-12,Fun Dive,2,6850.0,Completed,,T00563,4,12,False,2024-25,4,2025-04,True,6850.0
B004361,C03200,2025-03-23,2025-04-12,Fun Dive,3,9050.0,Completed,,T00563,5,20,False,2024-25,4,2025-04,True,9050.0
B004362,C03132,2025-04-12,2025-04-12,Course,4,22600.0,Completed,,T00563,7,0,False,2024-25,4,2025-04,True,22600.0
B004363,C03201,2025-03-13,2025-04-12,Discovery Dive,1,5350.0,Cancelled,Customer,T00563,9,30,False,2024-25,4,2025-04,True,
B004364,C02908,2025-03-23,2025-04-12,Course,4,25950.0,No-show,,T00563,10,20,False,2024-25,4,2025-04,True,
B004365,C03202,2025-03-29,2025-04-12,Course,4,24000.0,Completed,,T00564,1,14,False,2024-25,4,2025-04,True,24000.0
B004366,C03203,2025-04-12,2025-04-12,Fun Dive,3,8600.0,Completed,,T00564,2,0,False,2024-25,4,2025-04,True,8600.0
B004367,C02825,2025-04-05,2025-04-12,Discovery Dive,1,5100.0,Completed,,T00564,3,7,False,2024-25,4,2025-04,True,5100.0
B004368,C03204,2025-03-04,2025-04-12,Fun Dive,4,14050.0,Completed,,T00564,4,39,False,2024-25,4,2025-04,True,14050.0
B004370,C03206,2025-03-22,2025-04-12,Fun Dive,1,3600.0,Completed,,T00564,6,21,False,2024-25,4,2025-04,True,3600.0
B004371,C03207,2025-04-11,2025-04-12,Fun Dive,2,7350.0,Completed,,T00564,8,1,False,2024-25,4,2025-04,True,7350.0
B004372,C00595,2025-03-24,2025-04-12,Fun Dive,2,7600.0,Cancelled,Customer,T00564,9,19,False,2024-25,4,2025-04,True,
B004373,C03208,2025-03-06,2025-04-12,Course,4,26600.0,Completed,,T00564,10,37,False,2024-25,4,2025-04,True,26600.0
B004374,C02656,2025-03-23,2025-04-13,Fun Dive,4,15100.0,Completed,,T00565,1,21,False,2024-25,4,2025-04,True,15100.0
B004375,C03209,2025-04-08,2025-04-13,Course,4,24750.0,Cancelled,Customer,T00565,2,5,False,2024-25,4,2025-04,True,
B004376,C03210,2025-03-27,2025-04-13,Fun Dive,3,8900.0,Completed,,T00565,3,17,False,2024-25,4,2025-04,True,8900.0
B004377,C03211,2025-04-09,2025-04-13,Fun Dive,3,11200.0,Completed,,T00565,5,4,False,2024-25,4,2025-04,True,11200.0
B004378,C02560,2025-02-27,2025-04-13,Discovery Dive,2,10200.0,Cancelled,Weather,T00565,6,45,False,2024-25,4,2025-04,True,
B004379,C02435,2025-04-03,2025-04-13,Fun Dive,2,7400.0,Completed,,T00565,7,10,False,2024-25,4,2025-04,True,7400.0
B004380,C03212,2025-03-23,2025-04-13,Course,5,27600.0,Cancelled,Customer,T00565,8,21,False,2024-25,4,2025-04,True,
B004381,C03213,2025-03-27,2025-04-14,Course,5,25250.0,Cancelled,Weather,T00566,1,18,False,2024-25,4,2025-04,False,
B004382,C02450,2025-03-28,2025-04-14,Fun Dive,1,3200.0,Cancelled,Weather,T00566,3,17,False,2024-25,4,2025-04,False,
B004383,C03214,2025-03-06,2025-04-14,Fun Dive,1,3500.0,Cancelled,Weather,T00566,4,39,False,2024-25,4,2025-04,False,
B004384,C03215,2025-03-26,2025-04-14,Fun Dive,4,13800.0,Cancelled,Weather,T00566,5,19,False,2024-25,4,2025-04,False,
B004385,C03216,2025-03-21,2025-04-14,Course,4,26700.0,Cancelled,Weather,T00566,7,24,False,2024-25,4,2025-04,False,
B004386,C03217,2025-03-09,2025-04-14,Course,4,24650.0,Cancelled,Weather,T00566,8,36,False,2024-25,4,2025-04,False,
B004387,C03218,2025-03-31,2025-04-14,Fun Dive,3,9300.0,Completed,,T00567,1,14,False,2024-25,4,2025-04,False,9300.0
B004388,C03219,2025-04-06,2025-04-14,Discovery Dive,1,5050.0,Cancelled,Weather,T00567,3,8,False,2024-25,4,2025-04,False,
B004389,C03220,2025-03-07,2025-04-14,Fun Dive,2,7250.0,Cancelled,Weather,T00567,4,38,False,2024-25,4,2025-04,False,
B004390,C03221,2025-04-02,2025-04-14,Fun Dive,1,3100.0,Cancelled,Weather,T00567,5,12,False,2024-25,4,2025-04,False,
B004391,C02953,2025-03-13,2025-04-14,Course,4,25650.0,Completed,,T00567,6,32,False,2024-25,4,2025-04,False,25650.0
B004392,C03222,2025-04-10,2025-04-14,Course,5,28250.0,Cancelled,Weather,T00567,8,4,False,2024-25,4,2025-04,False,
B004393,C03223,2025-03-14,2025-04-15,Fun Dive,1,3650.0,Cancelled,Customer,T00568,1,32,False,2024-25,4,2025-04,False,
B004394,C03224,2025-03-18,2025-04-15,Fun Dive,2,7050.0,Cancelled,Customer,T00568,2,28,False,2024-25,4,2025-04,False,
B004395,C03225,2025-03-25,2025-04-15,Course,4,25450.0,Completed,,T00568,3,21,False,2024-25,4,2025-04,False,25450.0
B004396,C03226,2025-04-01,2025-04-15,Course,4,27900.0,Cancelled,Weather,T00568,4,14,False,2024-25,4,2025-04,False,
B004397,C03227,2025-04-09,2025-04-15,Fun Dive,1,3950.0,Completed,,T00568,5,6,False,2024-25,4,2025-04,False,3950.0
B004398,C03228,2025-04-12,2025-04-15,Discovery Dive,1,4550.0,Completed,,T00568,6,3,False,2024-25,4,2025-04,False,4550.0
B004399,C03229,2025-03-26,2025-04-15,Fun Dive,3,10700.0,Completed,,T00568,7,20,False,2024-25,4,2025-04,False,10700.0
B004400,C02522,2025-03-17,2025-04-15,Course,5,22900.0,Completed,,T00568,10,29,False,2024-25,4,2025-04,False,22900.0
B004401,C03230,2025-03-03,2025-04-16,Fun Dive,2,6450.0,Completed,,T00569,2,44,False,2024-25,4,2025-04,False,6450.0
B004402,C03231,2025-03-02,2025-04-16,Fun Dive,3,8850.0,Completed,,T00569,3,45,False,2024-25,4,2025-04,False,8850.0
B004403,C03232,2025-03-06,2025-04-16,Course,4,26850.0,Completed,,T00569,4,41,False,2024-25,4,2025-04,False,26850.0
B004404,C03233,2025-03-24,2025-04-16,Course,4,20950.0,Completed,,T00569,5,23,False,2024-25,4,2025-04,False,20950.0
B004405,C03234,2025-03-26,2025-04-16,Course,4,28600.0,Completed,,T00569,7,21,False,2024-25,4,2025-04,False,28600.0
B004406,C03235,2025-03-11,2025-04-16,Fun Dive,4,15450.0,Completed,,T00569,8,36,False,2024-25,4,2025-04,False,15450.0
B004407,C02604,2025-04-05,2025-04-16,Fun Dive,2,6200.0,Completed,,T00569,9,11,False,2024-25,4,2025-04,False,6200.0
B004408,C03236,2025-03-27,2025-04-17,Discovery Dive,1,5300.0,Completed,,T00570,1,21,False,2024-25,4,2025-04,False,5300.0
B004409,C03237,2025-03-30,2025-04-17,Discovery Dive,1,5200.0,Completed,,T00570,2,18,False,2024-25,4,2025-04,False,5200.0
B004410,C03238,2025-03-23,2025-04-17,Discovery Dive,1,5300.0,Completed,,T00570,3,25,False,2024-25,4,2025-04,False,5300.0
B004411,C03239,2025-03-24,2025-04-17,Fun Dive,3,8800.0,Completed,,T00570,4,24,False,2024-25,4,2025-04,False,8800.0
B004412,C03186,2025-04-02,2025-04-17,Fun Dive,4,14700.0,Completed,,T00570,7,15,False,2024-25,4,2025-04,False,14700.0
B004413,C03240,2025-03-04,2025-04-17,Fun Dive,4,15550.0,Completed,,T00570,8,44,False,2024-25,4,2025-04,False,15550.0
B004414,C03241,2025-03-21,2025-04-18,Fun Dive,4,,Completed,,T00571,1,28,True,2024-25,4,2025-04,False,
B004415,C03242,2025-03-31,2025-04-18,Discovery Dive,2,10100.0,No-show,,T00571,2,18,False,2024-25,4,2025-04,False,
B004416,C03243,2025-03-13,2025-04-18,Discovery Dive,1,5750.0,Completed,,T00571,3,36,False,2024-25,4,2025-04,False,5750.0
B004417,C02998,2025-04-18,2025-04-18,Fun Dive,2,7200.0,Completed,,T00571,4,0,False,2024-25,4,2025-04,False,7200.0
B004418,C03244,2025-03-12,2025-04-18,Fun Dive,1,3900.0,Completed,,T00571,5,37,False,2024-25,4,2025-04,False,3900.0
B004419,C03245,2025-03-19,2025-04-18,Fun Dive,3,8650.0,Cancelled,Customer,T00571,8,30,False,2024-25,4,2025-04,False,
B004420,C03246,2025-04-13,2025-04-18,Fun Dive,2,7050.0,Completed,,T00571,9,5,False,2024-25,4,2025-04,False,7050.0
B004421,C03247,2025-04-12,2025-04-18,Fun Dive,2,7150.0,Completed,,T00571,11,6,False,2024-25,4,2025-04,False,7150.0
B004422,C03248,2025-04-11,2025-04-19,Course,5,24750.0,Completed,,T00572,1,8,False,2024-25,4,2025-04,True,24750.0
B004423,C03203,2025-04-03,2025-04-19,Fun Dive,1,2950.0,Cancelled,Customer,T00572,2,16,False,2024-25,4,2025-04,True,
B004424,C03219,2025-03-18,2025-04-19,Fun Dive,2,6950.0,Completed,,T00572,3,32,False,2024-25,4,2025-04,True,6950.0
B004425,C03249,2025-04-15,2025-04-19,Discovery Dive,1,4950.0,Completed,,T00572,5,4,False,2024-25,4,2025-04,True,4950.0
B004426,C01237,2025-03-09,2025-04-19,Discovery Dive,1,4850.0,Completed,,T00572,6,41,False,2024-25,4,2025-04,True,4850.0
B004427,C03250,2025-04-18,2025-04-19,Fun Dive,2,7500.0,Completed,,T00572,8,1,False,2024-25,4,2025-04,True,7500.0
B004428,C03251,2025-03-16,2025-04-19,Course,4,21250.0,Completed,,T00572,9,34,False,2024-25,4,2025-04,True,21250.0
B004429,C03252,2025-03-16,2025-04-19,Fun Dive,2,6950.0,Completed,,T00573,2,34,False,2024-25,4,2025-04,True,6950.0
B004430,C03253,2025-03-31,2025-04-19,Discovery Dive,1,5450.0,Completed,,T00573,3,19,False,2024-25,4,2025-04,True,5450.0
B004431,C02822,2025-04-04,2025-04-19,Fun Dive,1,2850.0,Completed,,T00573,4,15,False,2024-25,4,2025-04,True,2850.0
B004432,C02857,2025-03-08,2025-04-19,Fun Dive,3,11250.0,Completed,,T00573,5,42,False,2024-25,4,2025-04,True,11250.0
B004433,C03254,2025-03-29,2025-04-19,Fun Dive,2,6550.0,Completed,,T00573,6,21,False,2024-25,4,2025-04,True,6550.0
B004434,C03255,2025-03-25,2025-04-19,Fun Dive,2,7200.0,Completed,,T00573,8,25,False,2024-25,4,2025-04,True,7200.0
B004435,C03256,2025-03-28,2025-04-20,Discovery Dive,1,4550.0,Completed,,T00574,1,23,False,2024-25,4,2025-04,True,4550.0
B004436,C03257,2025-04-04,2025-04-20,Fun Dive,2,7750.0,Completed,,T00574,2,16,False,2024-25,4,2025-04,True,7750.0
B004437,C03258,2025-03-20,2025-04-20,Fun Dive,2,7400.0,Completed,,T00574,3,31,False,2024-25,4,2025-04,True,7400.0
B004438,C03259,2025-04-03,2025-04-20,Fun Dive,1,3400.0,Completed,,T00574,5,17,False,2024-25,4,2025-04,True,3400.0
B004439,C02754,2025-03-18,2025-04-20,Fun Dive,4,12100.0,Completed,,T00574,6,33,False,2024-25,4,2025-04,True,12100.0
B004440,C01619,2025-04-07,2025-04-20,Discovery Dive,1,5450.0,Completed,,T00575,4,13,False,2024-25,4,2025-04,True,5450.0
B004441,C03260,2025-04-12,2025-04-20,Discovery Dive,2,9450.0,Cancelled,Customer,T00575,5,8,False,2024-25,4,2025-04,True,
B004442,C03261,2025-03-31,2025-04-20,Course,5,23550.0,Cancelled,Weather,T00575,6,20,False,2024-25,4,2025-04,True,
B004443,C03262,2025-03-15,2025-04-20,Discovery Dive,1,5150.0,Cancelled,Weather,T00575,7,36,False,2024-25,4,2025-04,True,
B004444,C03263,2025-04-05,2025-04-20,Fun Dive,3,10450.0,Completed,,T00575,8,15,False,2024-25,4,2025-04,True,10450.0
B004445,C03264,2025-04-04,2025-04-20,Fun Dive,2,7500.0,Completed,,T00575,9,16,False,2024-25,4,2025-04,True,7500.0
B004446,C01758,2025-03-28,2025-04-21,Fun Dive,2,7050.0,Completed,,T00576,1,24,False,2024-25,4,2025-04,False,7050.0
B004447,C03265,2025-03-27,2025-04-21,Fun Dive,4,12850.0,Completed,,T00576,3,25,False,2024-25,4,2025-04,False,12850.0
B004448,C00010,2025-03-21,2025-04-21,Fun Dive,3,10450.0,Completed,,T00576,4,31,False,2024-25,4,2025-04,False,10450.0
B004449,C02678,2025-03-07,2025-04-21,Fun Dive,3,10950.0,Completed,,T00576,5,45,False,2024-25,4,2025-04,False,10950.0
B004450,C03266,2025-04-16,2025-04-21,Fun Dive,1,3400.0,Completed,,T00576,6,5,False,2024-25,4,2025-04,False,3400.0
B004451,C03267,2025-03-14,2025-04-21,Fun Dive,1,3850.0,Completed,,T00576,7,38,False,2024-25,4,2025-04,False,3850.0
B004452,C03268,2025-04-15,2025-04-21,Course,4,22800.0,Completed,,T00576,8,6,False,2024-25,4,2025-04,False,22800.0
B004453,C03269,2025-03-25,2025-04-21,Fun Dive,2,7900.0,Completed,,T00576,9,27,False,2024-25,4,2025-04,False,7900.0
B004454,C02782,2025-04-02,2025-04-22,Fun Dive,1,3050.0,No-show,,T00577,2,20,False,2024-25,4,2025-04,False,
B004455,C03270,2025-03-13,2025-04-22,Discovery Dive,1,4750.0,Completed,,T00577,3,40,False,2024-25,4,2025-04,False,4750.0
B004456,C03271,2025-04-13,2025-04-22,Fun Dive,3,9350.0,Cancelled,Medical,T00577,4,9,False,2024-25,4,2025-04,False,
B004457,C03272,2025-03-16,2025-04-22,Fun Dive,1,3800.0,Completed,,T00577,5,37,False,2024-25,4,2025-04,False,3800.0
B004458,C01895,2025-03-28,2025-04-22,Discovery Dive,1,5250.0,Completed,,T00577,8,25,False,2024-25,4,2025-04,False,5250.0
B004459,C03273,2025-03-18,2025-04-22,Discovery Dive,2,10700.0,Completed,,T00577,9,35,False,2024-25,4,2025-04,False,10700.0
B004460,C02686,2025-04-07,2025-04-22,Discovery Dive,1,5450.0,Cancelled,Customer,T00577,10,15,False,2024-25,4,2025-04,False,
B004461,C03274,2025-03-27,2025-04-22,Course,4,28150.0,Completed,,T00578,1,26,False,2024-25,4,2025-04,False,28150.0
B004462,C02582,2025-03-19,2025-04-22,Fun Dive,1,3600.0,Completed,,T00578,2,34,False,2024-25,4,2025-04,False,3600.0
B004463,C03275,2025-04-06,2025-04-22,Fun Dive,4,13400.0,Completed,,T00578,5,16,False,2024-25,4,2025-04,False,13400.0
B004464,C03276,2025-03-30,2025-04-22,Discovery Dive,1,5200.0,Completed,,T00578,6,23,False,2024-25,4,2025-04,False,5200.0
B004465,C03075,2025-04-21,2025-04-22,Fun Dive,2,5750.0,Completed,,T00578,7,1,False,2024-25,4,2025-04,False,5750.0
B004466,C03277,2025-03-18,2025-04-22,Fun Dive,1,3600.0,Completed,,T00578,8,35,False,2024-25,4,2025-04,False,3600.0
B004467,C03278,2025-03-12,2025-04-22,Course,4,26200.0,No-show,,T00578,10,41,False,2024-25,4,2025-04,False,
B004468,C03279,2025-04-08,2025-04-23,Course,4,23100.0,Completed,,T00579,1,15,False,2024-25,4,2025-04,False,23100.0
B004469,C03280,2025-03-22,2025-04-23,Discovery Dive,1,5550.0,Completed,,T00579,2,32,False,2024-25,4,2025-04,False,5550.0
B004470,C02984,2025-04-20,2025-04-23,Fun Dive,2,7150.0,Completed,,T00579,3,3,False,2024-25,4,2025-04,False,7150.0
B004471,C01136,2025-04-10,2025-04-23,Fun Dive,2,6150.0,Completed,,T00579,4,13,False,2024-25,4,2025-04,False,6150.0
B004472,C03281,2025-04-19,2025-04-23,Fun Dive,1,3450.0,Completed,,T00579,5,4,False,2024-25,4,2025-04,False,3450.0
B004473,C02650,2025-04-20,2025-04-23,Fun Dive,4,14200.0,Completed,,T00579,6,3,False,2024-25,4,2025-04,False,14200.0
B004474,C03282,2025-03-26,2025-04-23,Discovery Dive,1,4700.0,Completed,,T00579,9,28,False,2024-25,4,2025-04,False,4700.0
B004475,C03283,2025-03-27,2025-04-23,Course,5,24650.0,Completed,,T00579,10,27,False,2024-25,4,2025-04,False,24650.0
B004476,C03284,2025-03-30,2025-04-23,Discovery Dive,1,5000.0,Cancelled,Weather,T00579,11,24,False,2024-25,4,2025-04,False,
B004477,C03285,2025-03-29,2025-04-24,Course,5,24400.0,Cancelled,Weather,T00580,1,26,False,2024-25,4,2025-04,False,
B004478,C03286,2025-03-25,2025-04-24,Discovery Dive,1,5550.0,Completed,,T00580,3,30,False,2024-25,4,2025-04,False,5550.0
B004479,C03287,2025-04-06,2025-04-24,Discovery Dive,1,5000.0,Completed,,T00580,4,18,False,2024-25,4,2025-04,False,5000.0
B004480,C03016,2025-03-22,2025-04-24,Fun Dive,2,6350.0,Completed,,T00580,5,33,False,2024-25,4,2025-04,False,6350.0
B004481,C03288,2025-03-12,2025-04-24,Fun Dive,4,12800.0,Cancelled,Customer,T00580,6,43,False,2024-25,4,2025-04,False,
B004482,C03289,2025-04-17,2025-04-24,Fun Dive,2,6300.0,Completed,,T00580,7,7,False,2024-25,4,2025-04,False,6300.0
B004483,C03290,2025-04-12,2025-04-24,Discovery Dive,1,5800.0,Completed,,T00580,9,12,False,2024-25,4,2025-04,False,5800.0
B004484,C03291,2025-04-14,2025-04-24,Discovery Dive,1,4350.0,Cancelled,Customer,T00580,10,10,False,2024-25,4,2025-04,False,
B004485,C00011,2025-04-08,2025-04-24,Fun Dive,1,3600.0,Completed,,T00581,2,16,False,2024-25,4,2025-04,False,3600.0
B004486,C03292,2025-03-29,2025-04-24,Discovery Dive,1,4600.0,Completed,,T00581,3,26,False,2024-25,4,2025-04,False,4600.0
B004487,C02823,2025-04-19,2025-04-24,Course,5,26500.0,Completed,,T00581,4,5,False,2024-25,4,2025-04,False,26500.0
B004488,C03196,2025-03-11,2025-04-24,Course,5,24950.0,Completed,,T00581,6,44,False,2024-25,4,2025-04,False,24950.0
B004489,C03293,2025-03-26,2025-04-24,Fun Dive,1,3650.0,Completed,,T00581,7,29,False,2024-25,4,2025-04,False,3650.0
B004490,C03294,2025-03-31,2025-04-24,Fun Dive,1,3000.0,Completed,,T00581,8,24,False,2024-25,4,2025-04,False,3000.0
B004491,C03295,2025-03-17,2025-04-24,Fun Dive,1,3600.0,Completed,,T00581,10,38,False,2024-25,4,2025-04,False,3600.0
B004492,C03296,2025-04-22,2025-04-25,Discovery Dive,1,5600.0,Completed,,T00582,2,3,False,2024-25,4,2025-04,False,5600.0
B004493,C00584,2025-03-19,2025-04-25,Fun Dive,2,6250.0,Completed,,T00582,3,37,False,2024-25,4,2025-04,False,6250.0
B004494,C02553,2025-03-26,2025-04-25,Fun Dive,1,3400.0,Completed,,T00582,5,30,False,2024-25,4,2025-04,False,3400.0
B004495,C03297,2025-04-04,2025-04-25,Discovery Dive,1,5250.0,Completed,,T00582,6,21,False,2024-25,4,2025-04,False,5250.0
B004496,C03298,2025-04-25,2025-04-25,Discovery Dive,1,4700.0,Cancelled,Weather,T00582,7,0,False,2024-25,4,2025-04,False,
B004497,C03299,2025-03-19,2025-04-25,Fun Dive,1,3350.0,Completed,,T00582,8,37,False,2024-25,4,2025-04,False,3350.0
B004498,C03300,2025-03-30,2025-04-25,Fun Dive,2,7200.0,Cancelled,Unknown,T00582,10,26,False,2024-25,4,2025-04,False,
B004499,C03301,2025-04-04,2025-04-25,Discovery Dive,2,10200.0,No-show,,T00582,11,21,False,2024-25,4,2025-04,False,
B004500,C03302,2025-03-14,2025-04-26,Fun Dive,4,15800.0,Completed,,T00583,2,43,False,2024-25,4,2025-04,True,15800.0
B004501,C03303,2025-04-20,2025-04-26,Course,5,28600.0,Completed,,T00583,3,6,False,2024-25,4,2025-04,True,28600.0
B004502,C03304,2025-04-21,2025-04-26,Discovery Dive,1,4950.0,No-show,,T00583,5,5,False,2024-25,4,2025-04,True,
B004503,C03305,2025-04-06,2025-04-26,Discovery Dive,1,5450.0,Completed,,T00583,6,20,False,2024-25,4,2025-04,True,5450.0
B004504,C03257,2025-03-27,2025-04-26,Course,4,26400.0,Completed,,T00583,7,30,False,2024-25,4,2025-04,True,26400.0
B004505,C03306,2025-03-19,2025-04-26,Fun Dive,3,11750.0,Cancelled,Customer,T00583,8,38,False,2024-25,4,2025-04,True,
B004506,C03307,2025-03-16,2025-04-26,Fun Dive,3,9000.0,Completed,,T00583,9,41,False,2024-25,4,2025-04,True,9000.0
B004507,C03308,2025-04-02,2025-04-27,Fun Dive,2,7300.0,Completed,,T00584,1,25,False,2024-25,4,2025-04,True,7300.0
B004508,C02952,2025-04-18,2025-04-27,Discovery Dive,2,9900.0,Completed,,T00584,3,9,False,2024-25,4,2025-04,True,9900.0
B004509,C03309,2025-04-23,2025-04-27,Fun Dive,2,7650.0,Completed,,T00584,6,4,False,2024-25,4,2025-04,True,7650.0
B004510,C03310,2025-04-12,2025-04-27,Discovery Dive,1,5250.0,Completed,,T00584,7,15,False,2024-25,4,2025-04,True,5250.0
B004511,C03311,2025-03-19,2025-04-27,Course,4,25850.0,Completed,,T00584,8,39,False,2024-25,4,2025-04,True,25850.0
B004512,C03312,2025-03-16,2025-04-27,Course,4,20500.0,Completed,,T00584,9,42,False,2024-25,4,2025-04,True,20500.0
B004513,C03313,2025-04-19,2025-04-28,Discovery Dive,1,5500.0,Completed,,T00585,1,9,False,2024-25,4,2025-04,False,5500.0
B004514,C03314,2025-04-10,2025-04-28,Discovery Dive,1,4600.0,Completed,,T00585,2,18,False,2024-25,4,2025-04,False,4600.0
B004515,C02846,2025-04-06,2025-04-28,Fun Dive,4,15050.0,Completed,,T00585,5,22,False,2024-25,4,2025-04,False,15050.0
B004516,C03315,2025-04-10,2025-04-28,Discovery Dive,1,5400.0,Completed,,T00585,6,18,False,2024-25,4,2025-04,False,5400.0
B004517,C03316,2025-04-10,2025-04-28,Course,4,28500.0,Cancelled,Weather,T00585,7,18,False,2024-25,4,2025-04,False,
B004518,C03317,2025-04-17,2025-04-28,Course,4,25750.0,Cancelled,Weather,T00585,8,11,False,2024-25,4,2025-04,False,
B004519,C03318,2025-04-08,2025-04-28,Fun Dive,1,3600.0,Completed,,T00586,2,20,False,2024-25,4,2025-04,False,3600.0
B004520,C03319,2025-03-30,2025-04-28,Fun Dive,2,7650.0,Cancelled,Weather,T00586,3,29,False,2024-25,4,2025-04,False,
B004521,C03320,2025-03-15,2025-04-28,Fun Dive,3,10750.0,Cancelled,Weather,T00586,4,44,False,2024-25,4,2025-04,False,
B004522,C03321,2025-04-20,2025-04-28,Discovery Dive,1,5450.0,Completed,,T00586,5,8,False,2024-25,4,2025-04,False,5450.0
B004523,C03322,2025-04-17,2025-04-28,Discovery Dive,1,5050.0,Completed,,T00586,6,11,False,2024-25,4,2025-04,False,5050.0
B004524,C03323,2025-04-17,2025-04-28,Course,5,25100.0,Cancelled,Weather,T00586,7,11,False,2024-25,4,2025-04,False,
B004525,C02966,2025-04-28,2025-04-28,Fun Dive,2,6800.0,Completed,,T00586,9,0,False,2024-25,4,2025-04,False,6800.0
B004526,C03324,2025-04-20,2025-04-28,Fun Dive,1,3450.0,Cancelled,Medical,T00586,10,8,False,2024-25,4,2025-04,False,
B004527,C03325,2025-04-16,2025-04-28,Discovery Dive,2,9650.0,Completed,,T00586,11,12,False,2024-25,4,2025-04,False,9650.0
B004528,C03301,2025-04-16,2025-04-28,Discovery Dive,1,5250.0,Completed,,T00586,12,12,False,2024-25,4,2025-04,False,5250.0
B004529,C03326,2025-04-27,2025-04-29,Discovery Dive,1,5300.0,Completed,,T00587,1,2,False,2024-25,4,2025-04,False,5300.0
B004530,C03327,2025-04-11,2025-04-29,Fun Dive,1,2850.0,Cancelled,Customer,T00587,2,18,False,2024-25,4,2025-04,False,
B004531,C03328,2025-04-02,2025-04-29,Fun Dive,1,3200.0,Completed,,T00587,3,27,False,2024-25,4,2025-04,False,3200.0
B004532,C03329,2025-03-17,2025-04-29,Discovery Dive,1,5400.0,Completed,,T00587,4,43,False,2024-25,4,2025-04,False,5400.0
B004533,C02614,2025-04-27,2025-04-29,Fun Dive,3,9350.0,Completed,,T00587,6,2,False,2024-25,4,2025-04,False,9350.0
B004534,C03330,2025-04-01,2025-04-29,Discovery Dive,1,4650.0,No-show,,T00587,8,28,False,2024-25,4,2025-04,False,
B004535,C02894,2025-03-28,2025-04-30,Fun Dive,3,10250.0,Completed,,T00588,1,33,False,2024-25,4,2025-04,False,10250.0
B004536,C03331,2025-04-24,2025-04-30,Course,4,24550.0,Completed,,T00588,3,6,False,2024-25,4,2025-04,False,24550.0
B004537,C03326,2025-04-30,2025-04-30,Discovery Dive,1,5400.0,Cancelled,Weather,T00588,4,0,False,2024-25,4,2025-04,False,
B004538,C03332,2025-04-13,2025-04-30,Fun Dive,3,11350.0,Completed,,T00588,5,17,False,2024-25,4,2025-04,False,11350.0
B004539,C03333,2025-04-12,2025-04-30,Fun Dive,3,12000.0,Cancelled,Weather,T00588,7,18,False,2024-25,4,2025-04,False,
B004540,C03161,2025-04-24,2025-04-30,Discovery Dive,1,4350.0,Completed,,T00588,8,6,False,2024-25,4,2025-04,False,4350.0
B004541,C03334,2025-03-27,2025-04-30,Discovery Dive,1,5050.0,Completed,,T00588,10,34,False,2024-25,4,2025-04,False,5050.0
B004542,C00132,2025-03-21,2025-04-30,Course,5,27350.0,Completed,,T00588,11,40,False,2024-25,4,2025-04,False,27350.0
B004543,C03335,2025-03-18,2025-05-01,Fun Dive,2,7600.0,Completed,,T00589,1,44,False,2024-25,5,2025-05,False,7600.0
B004544,C03336,2025-04-09,2025-05-01,Fun Dive,2,7900.0,Completed,,T00589,2,22,False,2024-25,5,2025-05,False,7900.0
B004545,C03337,2025-03-20,2025-05-01,Fun Dive,1,3700.0,Completed,,T00589,3,42,False,2024-25,5,2025-05,False,3700.0
B004546,C03338,2025-03-26,2025-05-01,Discovery Dive,1,4950.0,Completed,,T00589,4,36,False,2024-25,5,2025-05,False,4950.0
B004547,C03339,2025-04-16,2025-05-01,Discovery Dive,1,4450.0,Completed,,T00589,5,15,False,2024-25,5,2025-05,False,4450.0
B004548,C03340,2025-04-03,2025-05-01,Fun Dive,1,3750.0,Completed,,T00589,6,28,False,2024-25,5,2025-05,False,3750.0
B004549,C03341,2025-03-22,2025-05-01,Fun Dive,2,7600.0,Completed,,T00589,8,40,False,2024-25,5,2025-05,False,7600.0
B004550,C03342,2025-04-20,2025-05-02,Discovery Dive,1,4100.0,Completed,,T00590,1,12,False,2024-25,5,2025-05,False,4100.0
B004551,C03343,2025-04-22,2025-05-02,Course,5,25850.0,Completed,,T00590,2,10,False,2024-25,5,2025-05,False,25850.0
B004552,C03344,2025-04-27,2025-05-02,Course,4,23750.0,Completed,,T00590,3,5,False,2024-25,5,2025-05,False,23750.0
B004553,C03345,2025-04-20,2025-05-02,Fun Dive,1,3250.0,Completed,,T00590,4,12,False,2024-25,5,2025-05,False,3250.0
B004554,C03346,2025-04-28,2025-05-02,Fun Dive,1,3600.0,Completed,,T00590,6,4,False,2024-25,5,2025-05,False,3600.0
B004555,C02023,2025-03-26,2025-05-02,Fun Dive,2,6750.0,Completed,,T00590,7,37,False,2024-25,5,2025-05,False,6750.0
B004556,C03347,2025-03-24,2025-05-02,Fun Dive,4,15500.0,Completed,,T00590,8,39,False,2024-25,5,2025-05,False,15500.0
B004557,C03348,2025-04-23,2025-05-02,Fun Dive,3,10750.0,Completed,,T00590,9,9,False,2024-25,5,2025-05,False,10750.0
B004558,C03349,2025-04-08,2025-05-03,Fun Dive,2,7850.0,Cancelled,Weather,T00591,1,25,False,2024-25,5,2025-05,True,
B004559,C03350,2025-04-03,2025-05-03,Fun Dive,1,3700.0,Completed,,T00591,2,30,False,2024-25,5,2025-05,True,3700.0
B004560,C02678,2025-04-16,2025-05-03,Fun Dive,2,7850.0,Cancelled,Weather,T00591,3,17,False,2024-25,5,2025-05,True,
B004562,C03351,2025-04-26,2025-05-03,Discovery Dive,1,4150.0,Cancelled,Weather,T00591,6,7,False,2024-25,5,2025-05,True,
B004563,C03352,2025-04-13,2025-05-03,Fun Dive,4,14600.0,Completed,,T00591,8,20,False,2024-25,5,2025-05,True,14600.0
B004564,C02553,2025-03-24,2025-05-03,Fun Dive,4,13950.0,Completed,,T00591,9,40,False,2024-25,5,2025-05,True,13950.0
B004565,C03353,2025-04-05,2025-05-04,Fun Dive,3,11600.0,Completed,,T00592,1,29,False,2024-25,5,2025-05,True,11600.0
B004566,C02811,2025-04-05,2025-05-04,Fun Dive,2,7300.0,Cancelled,Weather,T00592,2,29,False,2024-25,5,2025-05,True,
B004567,C03354,2025-04-08,2025-05-04,Discovery Dive,1,5400.0,Cancelled,Weather,T00592,3,26,False,2024-25,5,2025-05,True,
B004568,C03355,2025-03-29,2025-05-04,Course,5,24650.0,Cancelled,Weather,T00592,4,36,False,2024-25,5,2025-05,True,
B004569,C03356,2025-04-03,2025-05-04,Fun Dive,1,3500.0,Cancelled,Weather,T00592,5,31,False,2024-25,5,2025-05,True,
B004570,C03357,2025-04-18,2025-05-04,Discovery Dive,1,4750.0,Cancelled,Weather,T00592,6,16,False,2024-25,5,2025-05,True,
B004571,C03358,2025-04-18,2025-05-04,Fun Dive,1,3500.0,Cancelled,Weather,T00592,8,16,False,2024-25,5,2025-05,True,
B004572,C03359,2025-03-24,2025-05-04,Discovery Dive,1,5050.0,Completed,,T00592,9,41,False,2024-25,5,2025-05,True,5050.0
B004573,C03360,2025-04-05,2025-05-04,Course,5,25300.0,Cancelled,Unknown,T00592,10,29,False,2024-25,5,2025-05,True,
B004574,C03361,2025-03-20,2025-05-04,Discovery Dive,1,5050.0,Cancelled,Weather,T00592,11,45,False,2024-25,5,2025-05,True,
B004575,C03240,2025-04-18,2025-05-05,Course,4,28750.0,Cancelled,Customer,T00593,2,17,False,2024-25,5,2025-05,False,
B004576,C03362,2025-04-28,2025-05-05,Course,4,24400.0,Completed,,T00593,3,7,False,2024-25,5,2025-05,False,24400.0
B004577,C03363,2025-04-26,2025-05-05,Fun Dive,2,6550.0,Completed,,T00593,4,9,False,2024-25,5,2025-05,False,6550.0
B004578,C03066,2025-04-15,2025-05-05,Discovery Dive,1,5550.0,Cancelled,Customer,T00593,5,20,False,2024-25,5,2025-05,False,
B004579,C03364,2025-03-31,2025-05-05,Fun Dive,2,6900.0,Completed,,T00593,7,35,False,2024-25,5,2025-05,False,6900.0
B004580,C03365,2025-04-07,2025-05-05,Course,5,25100.0,Completed,,T00593,9,28,False,2024-25,5,2025-05,False,25100.0
B004581,C02721,2025-04-26,2025-05-05,Fun Dive,1,3600.0,Completed,,T00593,10,9,False,2024-25,5,2025-05,False,3600.0
B004582,C03366,2025-03-29,2025-05-05,Course,5,25550.0,Completed,,T00593,11,37,False,2024-25,5,2025-05,False,25550.0
B004583,C03367,2025-04-03,2025-05-06,Fun Dive,1,3700.0,Completed,,T00594,3,33,False,2024-25,5,2025-05,False,3700.0
B004584,C03368,2025-04-21,2025-05-06,Discovery Dive,1,5000.0,Completed,,T00594,4,15,False,2024-25,5,2025-05,False,5000.0
B004585,C03369,2025-04-09,2025-05-06,Fun Dive,3,10450.0,Completed,,T00594,5,27,False,2024-25,5,2025-05,False,10450.0
B004586,C02925,2025-04-26,2025-05-06,Fun Dive,1,3500.0,Completed,,T00594,7,10,False,2024-25,5,2025-05,False,3500.0
B004587,C03370,2025-04-29,2025-05-06,Fun Dive,1,3100.0,Cancelled,Customer,T00594,8,7,False,2024-25,5,2025-05,False,
B004588,C03371,2025-03-28,2025-05-06,Discovery Dive,1,5200.0,Completed,,T00594,9,39,False,2024-25,5,2025-05,False,5200.0
B004589,C03372,2025-04-27,2025-05-06,Fun Dive,1,3700.0,Completed,,T00594,11,9,False,2024-25,5,2025-05,False,3700.0
B004590,C03373,2025-05-03,2025-05-06,Fun Dive,2,6500.0,Completed,,T00594,12,3,False,2024-25,5,2025-05,False,6500.0
B004591,C03374,2025-04-25,2025-05-07,Course,5,28650.0,Cancelled,Weather,T00595,2,12,False,2024-25,5,2025-05,False,
B004592,C03375,2025-03-25,2025-05-07,Fun Dive,4,14650.0,Cancelled,Weather,T00595,3,43,False,2024-25,5,2025-05,False,
B004593,C03376,2025-04-07,2025-05-07,Discovery Dive,1,4850.0,Cancelled,Weather,T00595,5,30,False,2024-25,5,2025-05,False,
B004594,C03377,2025-04-13,2025-05-07,Course,5,23000.0,Completed,,T00595,6,24,False,2024-25,5,2025-05,False,23000.0
B004595,C03378,2025-03-30,2025-05-07,Fun Dive,2,7300.0,Completed,,T00595,8,38,False,2024-25,5,2025-05,False,7300.0
B004596,C02973,2025-05-04,2025-05-07,Fun Dive,4,14000.0,Completed,,T00595,9,3,False,2024-25,5,2025-05,False,14000.0
B004597,C03379,2025-03-28,2025-05-07,Fun Dive,1,3400.0,Cancelled,Unknown,T00595,10,40,False,2024-25,5,2025-05,False,
B004598,C03380,2025-04-17,2025-05-07,Course,4,28250.0,Completed,,T00595,11,20,False,2024-25,5,2025-05,False,28250.0
B004599,C03381,2025-04-13,2025-05-08,Fun Dive,3,9100.0,Cancelled,Weather,T00596,1,25,False,2024-25,5,2025-05,False,
B004600,C03382,2025-04-23,2025-05-08,Course,5,21000.0,Completed,,T00596,2,15,False,2024-25,5,2025-05,False,21000.0
B004601,C03383,2025-04-22,2025-05-08,Course,5,22600.0,No-show,,T00596,4,16,False,2024-25,5,2025-05,False,
B004602,C00614,2025-03-26,2025-05-08,Fun Dive,2,6900.0,Completed,,T00596,6,43,False,2024-25,5,2025-05,False,6900.0
B004603,C03122,2025-04-07,2025-05-08,Course,5,21500.0,Cancelled,Customer,T00596,7,31,False,2024-25,5,2025-05,False,
B004604,C03384,2025-04-23,2025-05-08,Course,5,26050.0,Completed,,T00596,8,15,False,2024-25,5,2025-05,False,26050.0
B004605,C03385,2025-04-09,2025-05-09,Discovery Dive,1,5300.0,Cancelled,Customer,T00597,2,30,False,2024-25,5,2025-05,False,
B004606,C03386,2025-04-18,2025-05-09,Fun Dive,1,3600.0,Completed,,T00597,3,21,False,2024-25,5,2025-05,False,3600.0
B004607,C03387,2025-03-26,2025-05-09,Discovery Dive,1,4250.0,Completed,,T00597,4,44,False,2024-25,5,2025-05,False,4250.0
B004608,C03379,2025-04-01,2025-05-09,Fun Dive,3,9500.0,Cancelled,Medical,T00597,6,38,False,2024-25,5,2025-05,False,
B004609,C03388,2025-05-04,2025-05-09,Fun Dive,2,7750.0,Completed,,T00597,7,5,False,2024-25,5,2025-05,False,7750.0
B004610,C03389,2025-04-21,2025-05-09,Fun Dive,2,7050.0,Completed,,T00597,9,18,False,2024-25,5,2025-05,False,7050.0
B004611,C03390,2025-04-29,2025-05-10,Fun Dive,2,7000.0,Completed,,T00598,1,11,False,2024-25,5,2025-05,True,7000.0
B004612,C03239,2025-03-27,2025-05-10,Fun Dive,1,3150.0,Completed,,T00598,2,44,False,2024-25,5,2025-05,True,3150.0
B004613,C03391,2025-04-05,2025-05-10,Discovery Dive,1,5050.0,Completed,,T00598,3,35,False,2024-25,5,2025-05,True,5050.0
B004614,C03392,2025-04-15,2025-05-10,Fun Dive,2,6500.0,Completed,,T00598,6,25,False,2024-25,5,2025-05,True,6500.0
B004615,C03393,2025-04-24,2025-05-10,Fun Dive,3,11500.0,Completed,,T00598,7,16,False,2024-25,5,2025-05,True,11500.0
B004616,C02666,2025-03-29,2025-05-10,Course,4,28750.0,Completed,,T00598,9,42,False,2024-25,5,2025-05,True,28750.0
B004617,C03394,2025-04-30,2025-05-10,Fun Dive,3,10950.0,Completed,,T00598,10,10,False,2024-25,5,2025-05,True,10950.0
B004618,C03395,2025-05-03,2025-05-10,Discovery Dive,1,5250.0,Completed,,T00598,11,7,False,2024-25,5,2025-05,True,5250.0
B004619,C02351,2025-04-22,2025-05-11,Fun Dive,3,8550.0,Completed,,T00599,2,19,False,2024-25,5,2025-05,True,8550.0
B004620,C03396,2025-04-09,2025-05-11,Discovery Dive,1,5300.0,Completed,,T00599,4,32,False,2024-25,5,2025-05,True,5300.0
B004621,C03397,2025-05-10,2025-05-11,Course,4,24650.0,Cancelled,Customer,T00599,5,1,False,2024-25,5,2025-05,True,
B004622,C03092,2025-05-05,2025-05-11,Fun Dive,2,7650.0,Cancelled,Customer,T00599,6,6,False,2024-25,5,2025-05,True,
B004623,C03398,2025-04-01,2025-05-11,Fun Dive,4,14500.0,Completed,,T00599,7,40,False,2024-25,5,2025-05,True,14500.0
B004624,C03399,2025-05-11,2025-05-11,Fun Dive,3,10500.0,Completed,,T00599,8,0,False,2024-25,5,2025-05,True,10500.0
B004625,C03400,2025-04-23,2025-05-11,Fun Dive,3,11100.0,Completed,,T00599,9,18,False,2024-25,5,2025-05,True,11100.0
B004626,C03401,2025-04-15,2025-05-11,Course,4,27000.0,No-show,,T00599,10,26,False,2024-25,5,2025-05,True,
B004627,C03402,2025-04-27,2025-05-11,Fun Dive,1,3550.0,Completed,,T00599,11,14,False,2024-25,5,2025-05,True,3550.0
B004628,C03192,2025-03-31,2025-05-12,Fun Dive,2,7650.0,Cancelled,Medical,T00600,2,42,False,2024-25,5,2025-05,False,
B004629,C03403,2025-04-27,2025-05-12,Fun Dive,1,3800.0,Completed,,T00600,3,15,False,2024-25,5,2025-05,False,3800.0
B004630,C03404,2025-05-07,2025-05-12,Discovery Dive,1,5400.0,Cancelled,Medical,T00600,5,5,False,2024-25,5,2025-05,False,
B004631,C00902,2025-04-17,2025-05-12,Fun Dive,3,9850.0,Cancelled,Medical,T00600,6,25,False,2024-25,5,2025-05,False,
B004632,C03405,2025-04-29,2025-05-12,Fun Dive,3,8750.0,Completed,,T00600,7,13,False,2024-25,5,2025-05,False,8750.0
B004633,C02969,2025-04-23,2025-05-12,Course,4,27200.0,Completed,,T00600,9,19,False,2024-25,5,2025-05,False,27200.0
B004634,C03406,2025-04-18,2025-05-13,Discovery Dive,2,10250.0,Cancelled,Weather,T00601,1,25,False,2024-25,5,2025-05,False,
B004635,C03407,2025-04-08,2025-05-13,Fun Dive,2,6200.0,Cancelled,Weather,T00601,2,35,False,2024-25,5,2025-05,False,
B004636,C03408,2025-04-01,2025-05-13,Course,5,21100.0,Cancelled,Weather,T00601,3,42,False,2024-25,5,2025-05,False,
B004637,C03150,2025-04-11,2025-05-13,Discovery Dive,1,5750.0,Completed,,T00601,5,32,False,2024-25,5,2025-05,False,5750.0
B004638,C03409,2025-04-25,2025-05-13,Course,4,28900.0,Cancelled,Weather,T00601,6,18,False,2024-25,5,2025-05,False,
B004639,C03410,2025-04-11,2025-05-13,Fun Dive,4,15000.0,Cancelled,Weather,T00601,7,32,False,2024-25,5,2025-05,False,
B004640,C03411,2025-05-11,2025-05-13,Discovery Dive,1,4400.0,Cancelled,Weather,T00601,8,2,False,2024-25,5,2025-05,False,
B004641,C03412,2025-04-06,2025-05-13,Course,5,25700.0,Cancelled,Weather,T00601,9,37,False,2024-25,5,2025-05,False,
B004642,C03413,2025-05-06,2025-05-13,Fun Dive,2,6500.0,Cancelled,Unknown,T00601,10,7,False,2024-25,5,2025-05,False,
B004643,C03414,2025-03-31,2025-05-13,Discovery Dive,2,9300.0,Cancelled,Weather,T00601,11,43,False,2024-25,5,2025-05,False,
B004644,C03415,2025-04-20,2025-05-14,Fun Dive,4,11850.0,Cancelled,Medical,T00602,1,24,False,2024-25,5,2025-05,False,
B004645,C03416,2025-05-12,2025-05-14,Discovery Dive,1,5300.0,Completed,,T00602,2,2,False,2024-25,5,2025-05,False,5300.0
B004646,C03417,2025-05-02,2025-05-14,Discovery Dive,1,5250.0,Completed,,T00602,3,12,False,2024-25,5,2025-05,False,5250.0
B004647,C03418,2025-04-09,2025-05-14,Course,4,24650.0,Completed,,T00602,4,35,False,2024-25,5,2025-05,False,24650.0
B004648,C02979,2025-04-30,2025-05-14,Fun Dive,1,3400.0,Completed,,T00602,5,14,False,2024-25,5,2025-05,False,3400.0
B004649,C03419,2025-04-29,2025-05-14,Fun Dive,2,6250.0,Cancelled,Customer,T00602,6,15,False,2024-25,5,2025-05,False,
B004650,C02970,2025-04-10,2025-05-14,Fun Dive,1,2900.0,Cancelled,Customer,T00602,8,34,False,2024-25,5,2025-05,False,
B004651,C02814,2025-05-03,2025-05-14,Fun Dive,3,10550.0,Completed,,T00602,9,11,False,2024-25,5,2025-05,False,10550.0
B004652,C03058,2025-04-20,2025-05-15,Course,4,25300.0,Completed,,T00603,2,25,False,2024-25,5,2025-05,False,25300.0
B004653,C02907,2025-05-01,2025-05-15,Fun Dive,3,11900.0,Completed,,T00603,3,14,False,2024-25,5,2025-05,False,11900.0
B004654,C03420,2025-05-12,2025-05-15,Fun Dive,1,3550.0,Completed,,T00603,4,3,False,2024-25,5,2025-05,False,3550.0
B004655,C03421,2025-05-07,2025-05-15,Fun Dive,2,7850.0,Completed,,T00603,5,8,False,2024-25,5,2025-05,False,7850.0
B004656,C03422,2025-04-06,2025-05-15,Fun Dive,2,7850.0,Completed,,T00603,6,39,False,2024-25,5,2025-05,False,7850.0
B004657,C03423,2025-04-18,2025-05-15,Fun Dive,1,3800.0,Completed,,T00603,7,27,False,2024-25,5,2025-05,False,3800.0
B004658,C03424,2025-05-03,2025-05-15,Fun Dive,1,3650.0,Completed,,T00603,8,12,False,2024-25,5,2025-05,False,3650.0
B004659,C03425,2025-05-01,2025-05-15,Course,4,25900.0,Completed,,T00603,10,14,False,2024-25,5,2025-05,False,25900.0
B004660,C02681,2025-05-14,2025-05-15,Fun Dive,2,7850.0,Completed,,T00603,11,1,False,2024-25,5,2025-05,False,7850.0
B004661,C00111,2025-04-20,2025-05-16,Fun Dive,1,3900.0,Completed,,T00604,2,26,False,2024-25,5,2025-05,False,3900.0
B004662,C03426,2025-05-03,2025-05-16,Fun Dive,1,3500.0,Completed,,T00604,3,13,False,2024-25,5,2025-05,False,3500.0
B004663,C03427,2025-04-26,2025-05-16,Fun Dive,1,3650.0,Cancelled,Customer,T00604,5,20,False,2024-25,5,2025-05,False,
B004664,C02975,2025-04-15,2025-05-16,Discovery Dive,2,10250.0,Completed,,T00604,6,31,False,2024-25,5,2025-05,False,10250.0
B004665,C03428,2025-05-12,2025-05-16,Course,4,20750.0,Cancelled,Weather,T00604,7,4,False,2024-25,5,2025-05,False,
B004666,C03429,2025-04-23,2025-05-16,Fun Dive,4,11400.0,Completed,,T00604,9,23,False,2024-25,5,2025-05,False,11400.0
B004667,C00799,2025-04-07,2025-05-17,Fun Dive,1,3400.0,Completed,,T00605,1,40,False,2024-25,5,2025-05,True,3400.0
B004668,C03430,2025-04-15,2025-05-17,Course,5,26100.0,Completed,,T00605,2,32,False,2024-25,5,2025-05,True,26100.0
B004669,C03431,2025-04-14,2025-05-17,Course,5,28850.0,Completed,,T00605,3,33,False,2024-25,5,2025-05,True,28850.0
B004670,C03432,2025-04-30,2025-05-17,Fun Dive,2,5700.0,No-show,,T00605,4,17,False,2024-25,5,2025-05,True,
B004671,C03433,2025-05-14,2025-05-17,Fun Dive,1,3800.0,Completed,,T00605,5,3,False,2024-25,5,2025-05,True,3800.0
B004672,C03434,2025-04-06,2025-05-17,Fun Dive,2,6950.0,Completed,,T00605,8,41,False,2024-25,5,2025-05,True,6950.0
B004673,C03435,2025-05-03,2025-05-18,Discovery Dive,1,5650.0,Completed,,T00606,1,15,False,2024-25,5,2025-05,True,5650.0
B004674,C03436,2025-05-10,2025-05-18,Discovery Dive,1,5250.0,Completed,,T00606,2,8,False,2024-25,5,2025-05,True,5250.0
B004675,C03046,2025-04-03,2025-05-18,Course,4,22700.0,Completed,,T00606,5,45,False,2024-25,5,2025-05,True,22700.0
B004676,C03437,2025-05-04,2025-05-18,Fun Dive,2,7450.0,Completed,,T00606,6,14,False,2024-25,5,2025-05,True,7450.0
B004677,C03438,2025-04-27,2025-05-18,Discovery Dive,1,4850.0,Completed,,T00606,7,21,False,2024-25,5,2025-05,True,4850.0
B004678,C03293,2025-04-26,2025-05-18,Fun Dive,1,3550.0,Completed,,T00606,8,22,False,2024-25,5,2025-05,True,3550.0
B004679,C03439,2025-04-20,2025-05-18,Course,5,27550.0,Completed,,T00606,9,28,False,2024-25,5,2025-05,True,27550.0
B004680,C03440,2025-04-29,2025-05-18,Discovery Dive,1,4850.0,No-show,,T00606,10,19,False,2024-25,5,2025-05,True,
B004681,C03441,2025-05-14,2025-05-19,Discovery Dive,1,5000.0,Completed,,T00607,1,5,False,2024-25,5,2025-05,False,5000.0
B004682,C03442,2025-04-08,2025-05-19,Discovery Dive,1,5250.0,Completed,,T00607,2,41,False,2024-25,5,2025-05,False,5250.0
B004683,C03443,2025-05-03,2025-05-19,Fun Dive,4,11450.0,Completed,,T00607,3,16,False,2024-25,5,2025-05,False,11450.0
B004684,C03444,2025-05-10,2025-05-19,Fun Dive,2,7300.0,Completed,,T00607,5,9,False,2024-25,5,2025-05,False,7300.0
B004685,C03445,2025-04-24,2025-05-19,Discovery Dive,1,5300.0,Completed,,T00607,7,25,False,2024-25,5,2025-05,False,5300.0
B004686,C03446,2025-04-08,2025-05-19,Fun Dive,4,,Completed,,T00607,8,41,True,2024-25,5,2025-05,False,
B004687,C03447,2025-05-18,2025-05-19,Discovery Dive,1,5450.0,Completed,,T00607,9,1,False,2024-25,5,2025-05,False,5450.0
B004688,C03448,2025-05-04,2025-05-19,Fun Dive,4,13850.0,Cancelled,Customer,T00607,10,15,False,2024-25,5,2025-05,False,
B004689,C03133,2025-05-02,2025-05-20,Course,4,27450.0,Completed,,T00608,3,18,False,2024-25,5,2025-05,False,27450.0
B004690,C03449,2025-05-09,2025-05-20,Discovery Dive,1,5300.0,Completed,,T00608,4,11,False,2024-25,5,2025-05,False,5300.0
B004691,C03450,2025-04-11,2025-05-20,Course,4,25650.0,Completed,,T00608,5,39,False,2024-25,5,2025-05,False,25650.0
B004692,C03451,2025-05-20,2025-05-20,Fun Dive,3,11400.0,Completed,,T00608,6,0,False,2024-25,5,2025-05,False,11400.0
B004693,C03452,2025-04-24,2025-05-20,Fun Dive,2,7250.0,Completed,,T00608,7,26,False,2024-25,5,2025-05,False,7250.0
B004694,C03016,2025-04-19,2025-05-20,Course,4,23100.0,Completed,,T00608,8,31,False,2024-25,5,2025-05,False,23100.0
B004695,C03453,2025-05-05,2025-05-20,Course,4,23250.0,Cancelled,Unknown,T00608,9,15,False,2024-25,5,2025-05,False,
B004696,C03454,2025-04-14,2025-05-21,Fun Dive,2,6800.0,Completed,,T00609,1,37,False,2024-25,5,2025-05,False,6800.0
B004697,C03455,2025-05-19,2025-05-21,Fun Dive,2,7000.0,Completed,,T00609,2,2,False,2024-25,5,2025-05,False,7000.0
B004698,C03456,2025-05-20,2025-05-21,Discovery Dive,1,5350.0,Completed,,T00609,3,1,False,2024-25,5,2025-05,False,5350.0
B004699,C00167,2025-04-22,2025-05-21,Fun Dive,4,13850.0,Completed,,T00609,4,29,False,2024-25,5,2025-05,False,13850.0
B004700,C03457,2025-04-27,2025-05-21,Fun Dive,1,4000.0,Completed,,T00609,6,24,False,2024-25,5,2025-05,False,4000.0
B004701,C03337,2025-04-13,2025-05-21,Course,4,25350.0,Completed,,T00609,7,38,False,2024-25,5,2025-05,False,25350.0
B004702,C03458,2025-05-15,2025-05-21,Course,4,26950.0,Completed,,T00609,8,6,False,2024-25,5,2025-05,False,26950.0
B004703,C03459,2025-05-02,2025-05-21,Course,4,25750.0,Completed,,T00609,11,19,False,2024-25,5,2025-05,False,25750.0
B004704,C03460,2025-04-24,2025-05-21,Discovery Dive,2,9250.0,Completed,,T00609,12,27,False,2024-25,5,2025-05,False,9250.0
B004705,C03461,2025-05-12,2025-05-22,Fun Dive,2,7100.0,Completed,,T00610,1,10,False,2024-25,5,2025-05,False,7100.0
B004706,C03462,2025-05-10,2025-05-22,Discovery Dive,1,4600.0,Completed,,T00610,2,12,False,2024-25,5,2025-05,False,4600.0
B004707,C03463,2025-05-07,2025-05-22,Discovery Dive,1,5100.0,Completed,,T00610,4,15,False,2024-25,5,2025-05,False,5100.0
B004708,C03464,2025-05-10,2025-05-22,Discovery Dive,1,5750.0,Completed,,T00610,5,12,False,2024-25,5,2025-05,False,5750.0
B004709,C03400,2025-04-27,2025-05-22,Fun Dive,3,11500.0,Completed,,T00610,6,25,False,2024-25,5,2025-05,False,11500.0
B004710,C02601,2025-04-17,2025-05-22,Fun Dive,2,6250.0,Completed,,T00610,7,35,False,2024-25,5,2025-05,False,6250.0
B004711,C03465,2025-05-19,2025-05-22,Discovery Dive,1,4850.0,Completed,,T00610,9,3,False,2024-25,5,2025-05,False,4850.0
B004712,C03466,2025-05-11,2025-05-22,Discovery Dive,2,9150.0,Cancelled,Unknown,T00610,10,11,False,2024-25,5,2025-05,False,
B004713,C03467,2025-05-09,2025-05-23,Fun Dive,2,7100.0,Completed,,T00611,2,14,False,2024-25,5,2025-05,False,7100.0
B004714,C03468,2025-05-05,2025-05-23,Discovery Dive,1,5100.0,Completed,,T00611,3,18,False,2024-25,5,2025-05,False,5100.0
B004715,C02787,2025-05-22,2025-05-23,Fun Dive,1,3650.0,Cancelled,Customer,T00611,4,1,False,2024-25,5,2025-05,False,
B004716,C03469,2025-04-26,2025-05-23,Discovery Dive,2,9800.0,Completed,,T00611,5,27,False,2024-25,5,2025-05,False,9800.0
B004717,C03219,2025-04-19,2025-05-23,Discovery Dive,2,10750.0,Completed,,T00611,6,34,False,2024-25,5,2025-05,False,10750.0
B004718,C03470,2025-04-19,2025-05-23,Discovery Dive,1,4650.0,Completed,,T00611,7,34,False,2024-25,5,2025-05,False,4650.0
B004719,C03471,2025-04-16,2025-05-24,Discovery Dive,1,4300.0,Completed,,T00612,2,38,False,2024-25,5,2025-05,True,4300.0
B004720,C03472,2025-05-03,2025-05-24,Discovery Dive,1,5150.0,Cancelled,Weather,T00612,3,21,False,2024-25,5,2025-05,True,
B004721,C03473,2025-04-21,2025-05-24,Course,4,26350.0,Cancelled,Weather,T00612,4,33,False,2024-25,5,2025-05,True,
B004722,C03474,2025-05-10,2025-05-24,Fun Dive,1,3750.0,Completed,,T00612,6,14,False,2024-25,5,2025-05,True,3750.0
B004723,C03475,2025-04-26,2025-05-24,Fun Dive,3,11500.0,Cancelled,Customer,T00612,7,28,False,2024-25,5,2025-05,True,
B004724,C03476,2025-04-25,2025-05-24,Fun Dive,3,9550.0,Cancelled,Medical,T00612,8,29,False,2024-25,5,2025-05,True,
B004725,C03477,2025-05-08,2025-05-24,Fun Dive,3,11100.0,Completed,,T00612,9,16,False,2024-25,5,2025-05,True,11100.0
B004726,C03478,2025-04-10,2025-05-24,Course,5,23200.0,Completed,,T00612,11,44,False,2024-25,5,2025-05,True,23200.0
B004727,C03479,2025-04-27,2025-05-25,Discovery Dive,2,9050.0,Cancelled,Medical,T00613,2,28,False,2024-25,5,2025-05,True,
B004728,C03480,2025-04-27,2025-05-25,Fun Dive,4,14150.0,Completed,,T00613,3,28,False,2024-25,5,2025-05,True,14150.0
B004729,C03481,2025-04-30,2025-05-25,Course,4,28100.0,Completed,,T00613,5,25,False,2024-25,5,2025-05,True,28100.0
B004730,C02921,2025-04-23,2025-05-25,Fun Dive,1,3500.0,Completed,,T00613,6,32,False,2024-25,5,2025-05,True,3500.0
B004731,C03482,2025-05-07,2025-05-25,Course,4,25450.0,Completed,,T00613,7,18,False,2024-25,5,2025-05,True,25450.0
B004732,C03483,2025-05-18,2025-05-25,Discovery Dive,2,10650.0,Completed,,T00613,8,7,False,2024-25,5,2025-05,True,10650.0
B004733,C03484,2025-04-18,2025-05-25,Discovery Dive,2,10200.0,Completed,,T00613,9,37,False,2024-25,5,2025-05,True,10200.0
B004734,C03485,2025-04-15,2025-05-26,Discovery Dive,1,4350.0,Completed,,T00614,1,41,False,2024-25,5,2025-05,False,4350.0
B004735,C03486,2025-04-25,2025-05-26,Fun Dive,4,14000.0,Completed,,T00614,2,31,False,2024-25,5,2025-05,False,14000.0
B004736,C03487,2025-05-04,2025-05-26,Fun Dive,4,13450.0,Completed,,T00614,4,22,False,2024-25,5,2025-05,False,13450.0
B004737,C03488,2025-05-22,2025-05-26,Fun Dive,1,2900.0,Cancelled,Customer,T00614,5,4,False,2024-25,5,2025-05,False,
B004738,C03489,2025-05-16,2025-05-26,Fun Dive,4,15550.0,Completed,,T00614,6,10,False,2024-25,5,2025-05,False,15550.0
B004739,C03490,2025-05-17,2025-05-26,Fun Dive,1,3450.0,Completed,,T00614,7,9,False,2024-25,5,2025-05,False,3450.0
B004740,C03491,2025-05-18,2025-05-26,Course,4,28750.0,Completed,,T00614,8,8,False,2024-25,5,2025-05,False,28750.0
B004741,C03492,2025-05-16,2025-05-27,Fun Dive,3,11050.0,No-show,,T00615,1,11,False,2024-25,5,2025-05,False,
B004742,C03368,2025-05-02,2025-05-27,Fun Dive,2,6950.0,Cancelled,Customer,T00615,2,25,False,2024-25,5,2025-05,False,
B004743,C03493,2025-05-24,2025-05-27,Discovery Dive,1,4650.0,Cancelled,Weather,T00615,3,3,False,2024-25,5,2025-05,False,
B004744,C03494,2025-05-07,2025-05-27,Discovery Dive,1,5750.0,Cancelled,Customer,T00615,4,20,False,2024-25,5,2025-05,False,
B004745,C03237,2025-04-29,2025-05-27,Discovery Dive,1,5450.0,Cancelled,Weather,T00615,6,28,False,2024-25,5,2025-05,False,
B004746,C03495,2025-05-01,2025-05-27,Fun Dive,2,5800.0,Completed,,T00615,7,26,False,2024-25,5,2025-05,False,5800.0
B004747,C03496,2025-04-22,2025-05-27,Fun Dive,1,3650.0,Completed,,T00615,9,35,False,2024-25,5,2025-05,False,3650.0
B004748,C03497,2025-05-19,2025-05-27,Discovery Dive,1,5350.0,Completed,,T00615,10,8,False,2024-25,5,2025-05,False,5350.0
B004749,C03498,2025-04-25,2025-05-27,Fun Dive,1,3100.0,Cancelled,Customer,T00615,11,32,False,2024-25,5,2025-05,False,
B004750,C02732,2025-05-26,2025-05-28,Fun Dive,1,3350.0,Cancelled,Customer,T00616,1,2,False,2024-25,5,2025-05,False,
B004751,C01759,2025-05-12,2025-05-28,Fun Dive,4,13550.0,Completed,,T00616,2,16,False,2024-25,5,2025-05,False,13550.0
B004752,C03499,2025-05-05,2025-05-28,Fun Dive,1,3450.0,Completed,,T00616,5,23,False,2024-25,5,2025-05,False,3450.0
B004753,C03500,2025-04-21,2025-05-28,Course,5,24450.0,Completed,,T00616,6,37,False,2024-25,5,2025-05,False,24450.0
B004754,C03501,2025-04-18,2025-05-28,Discovery Dive,2,8950.0,Completed,,T00616,7,40,False,2024-25,5,2025-05,False,8950.0
B004755,C03502,2025-04-17,2025-05-28,Fun Dive,3,11200.0,No-show,,T00616,8,41,False,2024-25,5,2025-05,False,
B004756,C03503,2025-05-18,2025-05-29,Fun Dive,1,3200.0,Cancelled,Customer,T00617,1,11,False,2024-25,5,2025-05,False,
B004757,C03411,2025-05-26,2025-05-29,Fun Dive,3,9500.0,Completed,,T00617,2,3,False,2024-25,5,2025-05,False,9500.0
B004758,C02707,2025-04-27,2025-05-29,Fun Dive,1,3750.0,Cancelled,Medical,T00617,3,32,False,2024-25,5,2025-05,False,
B004759,C03172,2025-04-26,2025-05-29,Fun Dive,1,3350.0,Completed,,T00617,5,33,False,2024-25,5,2025-05,False,3350.0
B004760,C03504,2025-05-04,2025-05-29,Course,5,26450.0,Completed,,T00617,7,25,False,2024-25,5,2025-05,False,26450.0
B004761,C03505,2025-04-19,2025-05-29,Fun Dive,2,5650.0,Completed,,T00617,8,40,False,2024-25,5,2025-05,False,5650.0
B004762,C03506,2025-04-25,2025-05-30,Fun Dive,1,3900.0,Completed,,T00618,1,35,False,2024-25,5,2025-05,False,3900.0
B004763,C03507,2025-05-18,2025-05-30,Discovery Dive,1,4950.0,Completed,,T00618,2,12,False,2024-25,5,2025-05,False,4950.0
B004764,C03508,2025-04-23,2025-05-30,Discovery Dive,1,5000.0,No-show,,T00618,3,37,False,2024-25,5,2025-05,False,
B004765,C03509,2025-04-15,2025-05-30,Discovery Dive,1,4250.0,Completed,,T00618,4,45,False,2024-25,5,2025-05,False,4250.0
B004766,C03510,2025-05-27,2025-05-30,Discovery Dive,1,4450.0,Cancelled,Customer,T00618,5,3,False,2024-25,5,2025-05,False,
B004767,C03511,2025-04-26,2025-05-30,Fun Dive,1,3550.0,Completed,,T00618,6,34,False,2024-25,5,2025-05,False,3550.0
B004768,C03512,2025-05-23,2025-05-30,Fun Dive,1,3550.0,Completed,,T00618,7,7,False,2024-25,5,2025-05,False,3550.0
B004769,C03513,2025-05-12,2025-05-30,Fun Dive,2,5650.0,Completed,,T00618,9,18,False,2024-25,5,2025-05,False,5650.0
B004770,C03404,2025-05-29,2025-05-31,Fun Dive,1,3800.0,Completed,,T00619,1,2,False,2024-25,5,2025-05,True,3800.0
B004771,C03514,2025-05-13,2025-05-31,Discovery Dive,2,9300.0,Completed,,T00619,2,18,False,2024-25,5,2025-05,True,9300.0
B004772,C00189,2025-04-18,2025-05-31,Fun Dive,2,7650.0,Cancelled,Weather,T00619,3,43,False,2024-25,5,2025-05,True,
B004773,C03405,2025-05-21,2025-05-31,Course,5,23350.0,Cancelled,Customer,T00619,4,10,False,2024-25,5,2025-05,True,
B004774,C03515,2025-05-09,2025-05-31,Fun Dive,3,10800.0,Completed,,T00619,5,22,False,2024-25,5,2025-05,True,10800.0
B004775,C03516,2025-04-30,2025-05-31,Discovery Dive,1,5450.0,Completed,,T00619,8,31,False,2024-25,5,2025-05,True,5450.0
B004776,C02875,2025-05-29,2025-06-03,Course,4,23650.0,Cancelled,Unknown,T00620,7,5,False,2025-26,6,2025-06,False,
B004777,C03517,2025-05-17,2025-06-03,Course,4,22800.0,Cancelled,Weather,T00620,11,17,False,2025-26,6,2025-06,False,
B004778,C03518,2025-06-01,2025-06-04,Discovery Dive,1,4400.0,Cancelled,Weather,T00621,3,3,False,2025-26,6,2025-06,False,
B004779,C03519,2025-04-26,2025-06-04,Fun Dive,4,14000.0,Cancelled,Weather,T00621,11,39,False,2025-26,6,2025-06,False,
B004780,C03520,2025-05-17,2025-06-07,Course,4,21300.0,Cancelled,Weather,T00622,2,21,False,2025-26,6,2025-06,True,
B004781,C03521,2025-06-07,2025-06-07,Course,4,21000.0,Cancelled,Weather,T00622,4,0,False,2025-26,6,2025-06,True,
B004782,C03522,2025-06-06,2025-06-07,Course,4,21600.0,Cancelled,Weather,T00622,7,1,False,2025-26,6,2025-06,True,
B004783,C03523,2025-06-04,2025-06-08,Discovery Dive,1,4950.0,Cancelled,Unknown,T00623,1,4,False,2025-26,6,2025-06,True,
B004784,C03524,2025-05-29,2025-06-08,Discovery Dive,1,5300.0,Completed,,T00623,5,10,False,2025-26,6,2025-06,True,5300.0
B004785,C03525,2025-04-25,2025-06-08,Discovery Dive,1,5000.0,Cancelled,Weather,T00623,6,44,False,2025-26,6,2025-06,True,
B004786,C03526,2025-05-29,2025-06-08,Fun Dive,4,11400.0,Cancelled,Weather,T00623,8,10,False,2025-26,6,2025-06,True,
B004787,C03527,2025-05-05,2025-06-09,Fun Dive,2,6950.0,Completed,,T00624,3,35,False,2025-26,6,2025-06,False,6950.0
B004788,C03087,2025-06-06,2025-06-09,Fun Dive,4,14150.0,Completed,,T00624,6,3,False,2025-26,6,2025-06,False,14150.0
B004789,C03528,2025-04-26,2025-06-10,Course,5,26800.0,Cancelled,Customer,T00625,2,45,False,2025-26,6,2025-06,False,
B004790,C03529,2025-04-29,2025-06-10,Fun Dive,2,7150.0,Completed,,T00625,3,42,False,2025-26,6,2025-06,False,7150.0
B004791,C03530,2025-05-24,2025-06-10,Fun Dive,3,9700.0,Completed,,T00625,8,17,False,2025-26,6,2025-06,False,9700.0
B004792,C03531,2025-05-21,2025-06-10,Course,5,28050.0,Completed,,T00625,11,20,False,2025-26,6,2025-06,False,28050.0
B004793,C03532,2025-05-01,2025-06-11,Fun Dive,3,9200.0,Cancelled,Weather,T00626,1,41,False,2025-26,6,2025-06,False,
B004794,C02971,2025-05-11,2025-06-11,Fun Dive,1,3400.0,Cancelled,Weather,T00626,6,31,False,2025-26,6,2025-06,False,
B004795,C03380,2025-05-24,2025-06-11,Fun Dive,2,7100.0,Cancelled,Weather,T00626,9,18,False,2025-26,6,2025-06,False,
B004796,C03533,2025-06-09,2025-06-14,Fun Dive,2,6050.0,Cancelled,Weather,T00627,2,5,False,2025-26,6,2025-06,True,
B004797,C03276,2025-05-01,2025-06-14,Discovery Dive,1,4900.0,Cancelled,Weather,T00627,6,44,False,2025-26,6,2025-06,True,
B004798,C03534,2025-05-10,2025-06-14,Discovery Dive,1,5150.0,Cancelled,Unknown,T00627,8,35,False,2025-26,6,2025-06,True,
B004799,C03535,2025-05-09,2025-06-14,Fun Dive,1,3500.0,Completed,,T00627,9,36,False,2025-26,6,2025-06,True,3500.0
B004800,C03536,2025-06-09,2025-06-14,Course,5,20050.0,Cancelled,Weather,T00627,10,5,False,2025-26,6,2025-06,True,
B004801,C03537,2025-05-09,2025-06-15,Fun Dive,1,3000.0,Cancelled,Weather,T00628,10,37,False,2025-26,6,2025-06,True,
B004802,C03538,2025-05-16,2025-06-15,Discovery Dive,1,5400.0,Cancelled,Unknown,T00628,11,30,False,2025-26,6,2025-06,True,
B004803,C03539,2025-05-05,2025-06-15,Discovery Dive,1,4300.0,Cancelled,Weather,T00628,12,41,False,2025-26,6,2025-06,True,
B004804,C03540,2025-09-06,2025-09-16,Discovery Dive,1,4700.0,Completed,,T00629,1,10,False,2025-26,9,2025-09,False,4700.0
B004805,C03541,2025-08-25,2025-09-16,Discovery Dive,1,4550.0,Completed,,T00629,4,22,False,2025-26,9,2025-09,False,4550.0
B004806,C03542,2025-08-13,2025-09-16,Discovery Dive,1,4600.0,Cancelled,Customer,T00629,5,34,False,2025-26,9,2025-09,False,
B004807,C03543,2025-09-09,2025-09-16,Fun Dive,1,2950.0,Completed,,T00629,10,7,False,2025-26,9,2025-09,False,2950.0
B004808,C01172,2025-09-12,2025-09-26,Fun Dive,2,7300.0,Completed,,T00630,8,14,False,2025-26,9,2025-09,False,7300.0
B004809,C03544,2025-08-31,2025-09-26,Discovery Dive,2,10100.0,Completed,,T00630,9,26,False,2025-26,9,2025-09,False,10100.0
B004810,C03545,2025-08-17,2025-09-26,Fun Dive,3,11600.0,Completed,,T00630,11,40,False,2025-26,9,2025-09,False,11600.0
B004811,C03546,2025-08-19,2025-09-27,Fun Dive,3,10050.0,Cancelled,Weather,T00631,1,39,False,2025-26,9,2025-09,True,
B004812,C03547,2025-09-20,2025-09-27,Discovery Dive,1,4700.0,Cancelled,Weather,T00631,2,7,False,2025-26,9,2025-09,True,
B004813,C03548,2025-09-20,2025-09-27,Fun Dive,1,3450.0,Cancelled,Weather,T00631,5,7,False,2025-26,9,2025-09,True,
B004814,C03549,2025-08-29,2025-09-27,Fun Dive,1,2800.0,Cancelled,Weather,T00631,6,29,False,2025-26,9,2025-09,True,
B004815,C03550,2025-09-09,2025-09-27,Course,4,24150.0,Cancelled,Weather,T00631,8,18,False,2025-26,9,2025-09,True,
B004816,C03551,2025-09-14,2025-09-28,Fun Dive,2,7200.0,Cancelled,Weather,T00632,1,14,False,2025-26,9,2025-09,True,
B004817,C03333,2025-09-22,2025-09-28,Fun Dive,2,7250.0,Cancelled,Weather,T00632,2,6,False,2025-26,9,2025-09,True,
B004818,C03552,2025-08-24,2025-09-28,Fun Dive,1,3550.0,Cancelled,Weather,T00632,4,35,False,2025-26,9,2025-09,True,
B004819,C03553,2025-09-26,2025-09-28,Fun Dive,2,6950.0,Cancelled,Unknown,T00632,12,2,False,2025-26,9,2025-09,True,
B004820,C03554,2025-09-14,2025-10-01,Discovery Dive,1,5000.0,Cancelled,Weather,T00633,1,17,False,2025-26,10,2025-10,False,
B004821,C00861,2025-09-24,2025-10-01,Fun Dive,2,7650.0,Cancelled,Weather,T00633,2,7,False,2025-26,10,2025-10,False,
B004822,C03265,2025-08-19,2025-10-01,Fun Dive,2,6050.0,Cancelled,Unknown,T00633,3,43,False,2025-26,10,2025-10,False,
B004823,C03555,2025-09-20,2025-10-01,Discovery Dive,1,5050.0,Cancelled,Weather,T00633,4,11,False,2025-26,10,2025-10,False,
B004824,C03002,2025-08-26,2025-10-01,Fun Dive,4,15100.0,Cancelled,Weather,T00633,5,36,False,2025-26,10,2025-10,False,
B004825,C03556,2025-09-18,2025-10-01,Course,5,23600.0,Cancelled,Weather,T00633,6,13,False,2025-26,10,2025-10,False,
B004826,C03557,2025-08-24,2025-10-01,Discovery Dive,1,4250.0,Cancelled,Weather,T00633,7,38,False,2025-26,10,2025-10,False,
B004827,C03558,2025-09-20,2025-10-02,Course,4,22550.0,Cancelled,Weather,T00634,2,12,False,2025-26,10,2025-10,False,
B004828,C03559,2025-08-28,2025-10-02,Course,5,21950.0,Cancelled,Weather,T00634,3,35,False,2025-26,10,2025-10,False,
B004829,C03560,2025-09-27,2025-10-02,Fun Dive,1,3100.0,Cancelled,Unknown,T00634,4,5,False,2025-26,10,2025-10,False,
B004830,C03492,2025-08-30,2025-10-02,Fun Dive,3,10550.0,Cancelled,Weather,T00634,6,33,False,2025-26,10,2025-10,False,
B004831,C03561,2025-09-17,2025-10-02,Fun Dive,1,3550.0,Cancelled,Weather,T00634,7,15,False,2025-26,10,2025-10,False,
B004832,C03562,2025-09-12,2025-10-02,Discovery Dive,1,5050.0,Completed,,T00634,8,20,False,2025-26,10,2025-10,False,5050.0
B004833,C03563,2025-08-18,2025-10-02,Discovery Dive,1,5600.0,Cancelled,Unknown,T00634,9,45,False,2025-26,10,2025-10,False,
B004834,C03564,2025-08-25,2025-10-03,Fun Dive,1,3400.0,Cancelled,Weather,T00635,1,39,False,2025-26,10,2025-10,False,
B004835,C03565,2025-08-26,2025-10-03,Discovery Dive,1,4300.0,Completed,,T00635,2,38,False,2025-26,10,2025-10,False,4300.0
B004836,C03566,2025-09-20,2025-10-03,Fun Dive,1,3600.0,Completed,,T00635,3,13,False,2025-26,10,2025-10,False,3600.0
B004837,C03567,2025-09-05,2025-10-03,Discovery Dive,1,4000.0,Cancelled,Unknown,T00635,4,28,False,2025-26,10,2025-10,False,
B004838,C03568,2025-09-27,2025-10-03,Discovery Dive,1,5350.0,Completed,,T00635,5,6,False,2025-26,10,2025-10,False,5350.0
B004839,C03250,2025-09-28,2025-10-03,Fun Dive,1,3700.0,Completed,,T00635,7,5,False,2025-26,10,2025-10,False,3700.0
B004840,C03569,2025-09-30,2025-10-03,Fun Dive,1,2800.0,Cancelled,Medical,T00635,8,3,False,2025-26,10,2025-10,False,
B004841,C03570,2025-10-04,2025-10-04,Discovery Dive,1,4050.0,Cancelled,Unknown,T00636,1,0,False,2025-26,10,2025-10,True,
B004842,C03571,2025-10-01,2025-10-04,Course,4,25100.0,Completed,,T00636,2,3,False,2025-26,10,2025-10,True,25100.0
B004843,C03572,2025-10-03,2025-10-04,Fun Dive,3,11150.0,Cancelled,Customer,T00636,3,1,False,2025-26,10,2025-10,True,
B004844,C02912,2025-09-09,2025-10-04,Fun Dive,2,5900.0,Completed,,T00636,4,25,False,2025-26,10,2025-10,True,5900.0
B004845,C03573,2025-09-20,2025-10-04,Discovery Dive,1,5250.0,Cancelled,Medical,T00636,5,14,False,2025-26,10,2025-10,True,
B004846,C03005,2025-09-29,2025-10-04,Fun Dive,1,2900.0,Completed,,T00636,7,5,False,2025-26,10,2025-10,True,2900.0
B004847,C03574,2025-08-27,2025-10-04,Fun Dive,3,9250.0,No-show,,T00636,9,38,False,2025-26,10,2025-10,True,
B004848,C03575,2025-09-22,2025-10-04,Fun Dive,3,10750.0,Completed,,T00636,10,12,False,2025-26,10,2025-10,True,10750.0
B004849,C03576,2025-09-09,2025-10-04,Fun Dive,3,8950.0,Completed,,T00636,11,25,False,2025-26,10,2025-10,True,8950.0
B004850,C03577,2025-09-20,2025-10-05,Fun Dive,1,3700.0,Completed,,T00637,1,15,False,2025-26,10,2025-10,True,3700.0
B004851,C03578,2025-10-04,2025-10-05,Course,5,24950.0,Completed,,T00637,2,1,False,2025-26,10,2025-10,True,24950.0
B004852,C03579,2025-09-18,2025-10-05,Fun Dive,2,5700.0,Completed,,T00637,3,17,False,2025-26,10,2025-10,True,5700.0
B004853,C03580,2025-09-21,2025-10-05,Fun Dive,1,3450.0,Completed,,T00637,5,14,False,2025-26,10,2025-10,True,3450.0
B004854,C03581,2025-09-14,2025-10-05,Discovery Dive,1,5000.0,Completed,,T00637,6,21,False,2025-26,10,2025-10,True,5000.0
B004855,C03582,2025-09-30,2025-10-05,Discovery Dive,2,,Completed,,T00637,7,5,True,2025-26,10,2025-10,True,
B004856,C03583,2025-09-18,2025-10-05,Discovery Dive,1,5000.0,Completed,,T00637,8,17,False,2025-26,10,2025-10,True,5000.0
B004857,C03584,2025-10-04,2025-10-06,Discovery Dive,2,10000.0,Completed,,T00638,1,2,False,2025-26,10,2025-10,False,10000.0
B004858,C03585,2025-09-03,2025-10-06,Discovery Dive,1,5050.0,No-show,,T00638,2,33,False,2025-26,10,2025-10,False,
B004859,C03586,2025-09-14,2025-10-06,Discovery Dive,1,5200.0,Completed,,T00638,4,22,False,2025-26,10,2025-10,False,5200.0
B004860,C03587,2025-08-31,2025-10-06,Discovery Dive,1,5450.0,Completed,,T00638,5,36,False,2025-26,10,2025-10,False,5450.0
B004861,C03135,2025-09-07,2025-10-06,Fun Dive,2,6700.0,Completed,,T00638,6,29,False,2025-26,10,2025-10,False,6700.0
B004862,C01888,2025-09-22,2025-10-06,Course,4,25900.0,No-show,,T00638,7,14,False,2025-26,10,2025-10,False,
B004863,C03588,2025-10-04,2025-10-06,Course,4,24200.0,Completed,,T00638,8,2,False,2025-26,10,2025-10,False,24200.0
B004864,C03589,2025-09-01,2025-10-06,Course,4,25950.0,Completed,,T00638,9,35,False,2025-26,10,2025-10,False,25950.0
B004865,C03590,2025-09-18,2025-10-07,Fun Dive,1,3250.0,Completed,,T00639,1,19,False,2025-26,10,2025-10,False,3250.0
B004866,C03591,2025-09-15,2025-10-07,Fun Dive,2,7050.0,Completed,,T00639,2,22,False,2025-26,10,2025-10,False,7050.0
B004867,C03592,2025-10-01,2025-10-07,Course,4,24200.0,Cancelled,Customer,T00639,3,6,False,2025-26,10,2025-10,False,
B004868,C03593,2025-09-07,2025-10-07,Fun Dive,1,2850.0,Completed,,T00639,5,30,False,2025-26,10,2025-10,False,2850.0
B004869,C03594,2025-09-05,2025-10-07,Fun Dive,2,6400.0,Cancelled,Unknown,T00639,6,32,False,2025-26,10,2025-10,False,
B004870,C03595,2025-09-03,2025-10-07,Fun Dive,1,3000.0,No-show,,T00639,7,34,False,2025-26,10,2025-10,False,
B004871,C02917,2025-09-07,2025-10-07,Discovery Dive,1,4700.0,Cancelled,Weather,T00639,8,30,False,2025-26,10,2025-10,False,
B004872,C03596,2025-09-06,2025-10-07,Fun Dive,4,13950.0,Completed,,T00639,9,31,False,2025-26,10,2025-10,False,13950.0
B004873,C03143,2025-09-06,2025-10-08,Fun Dive,3,11050.0,Completed,,T00640,1,32,False,2025-26,10,2025-10,False,11050.0
B004874,C03597,2025-09-03,2025-10-08,Course,4,20050.0,Completed,,T00640,2,35,False,2025-26,10,2025-10,False,20050.0
B004875,C03409,2025-09-18,2025-10-08,Fun Dive,2,6750.0,Completed,,T00640,4,20,False,2025-26,10,2025-10,False,6750.0
B004876,C03598,2025-10-03,2025-10-08,Course,4,25200.0,Completed,,T00640,6,5,False,2025-26,10,2025-10,False,25200.0
B004877,C03599,2025-09-10,2025-10-08,Fun Dive,2,7100.0,Completed,,T00640,7,28,False,2025-26,10,2025-10,False,7100.0
B004878,C03600,2025-08-26,2025-10-08,Fun Dive,4,12550.0,Completed,,T00640,8,43,False,2025-26,10,2025-10,False,12550.0
B004879,C03026,2025-08-25,2025-10-08,Fun Dive,2,6650.0,No-show,,T00640,10,44,False,2025-26,10,2025-10,False,
B004880,C03601,2025-09-03,2025-10-09,Course,5,23900.0,Completed,,T00641,2,36,False,2025-26,10,2025-10,False,23900.0
B004881,C03602,2025-09-30,2025-10-09,Discovery Dive,1,5000.0,Completed,,T00641,3,9,False,2025-26,10,2025-10,False,5000.0
B004882,C03603,2025-10-01,2025-10-09,Fun Dive,1,2950.0,Completed,,T00641,6,8,False,2025-26,10,2025-10,False,2950.0
B004883,C03604,2025-09-14,2025-10-09,Discovery Dive,1,5000.0,Completed,,T00641,7,25,False,2025-26,10,2025-10,False,5000.0
B004884,C03605,2025-09-13,2025-10-09,Discovery Dive,1,5000.0,Completed,,T00641,8,26,False,2025-26,10,2025-10,False,5000.0
B004885,C03606,2025-09-15,2025-10-09,Fun Dive,1,3350.0,Completed,,T00641,9,24,False,2025-26,10,2025-10,False,3350.0
B004886,C03607,2025-10-01,2025-10-10,Fun Dive,2,6950.0,Completed,,T00642,2,9,False,2025-26,10,2025-10,False,6950.0
B004887,C03608,2025-09-03,2025-10-10,Discovery Dive,1,5300.0,Completed,,T00642,3,37,False,2025-26,10,2025-10,False,5300.0
B004888,C03609,2025-09-06,2025-10-10,Course,4,23700.0,Completed,,T00642,4,34,False,2025-26,10,2025-10,False,23700.0
B004889,C03610,2025-10-10,2025-10-10,Fun Dive,1,3300.0,Completed,,T00642,5,0,False,2025-26,10,2025-10,False,3300.0
B004890,C03611,2025-09-28,2025-10-10,Fun Dive,1,2800.0,Completed,,T00642,6,12,False,2025-26,10,2025-10,False,2800.0
B004891,C03612,2025-09-28,2025-10-10,Fun Dive,1,3700.0,Completed,,T00642,9,12,False,2025-26,10,2025-10,False,3700.0
B004892,C03613,2025-09-27,2025-10-10,Discovery Dive,1,4400.0,Cancelled,Unknown,T00642,10,13,False,2025-26,10,2025-10,False,
B004893,C03614,2025-08-28,2025-10-10,Fun Dive,3,10350.0,Cancelled,Unknown,T00642,11,43,False,2025-26,10,2025-10,False,
B004895,C03616,2025-09-16,2025-10-11,Course,4,24550.0,Completed,,T00643,2,25,False,2025-26,10,2025-10,True,24550.0
B004896,C03617,2025-09-29,2025-10-11,Fun Dive,1,3050.0,Completed,,T00643,3,12,False,2025-26,10,2025-10,True,3050.0
B004897,C03618,2025-08-31,2025-10-11,Fun Dive,4,14800.0,Completed,,T00643,4,41,False,2025-26,10,2025-10,True,14800.0
B004898,C03619,2025-10-04,2025-10-11,Fun Dive,1,3450.0,Completed,,T00643,5,7,False,2025-26,10,2025-10,True,3450.0
B004899,C03620,2025-09-18,2025-10-11,Fun Dive,1,3650.0,Completed,,T00643,6,23,False,2025-26,10,2025-10,True,3650.0
B004900,C03621,2025-10-03,2025-10-11,Discovery Dive,1,4400.0,Completed,,T00644,1,8,False,2025-26,10,2025-10,True,4400.0
B004901,C03622,2025-09-08,2025-10-11,Course,4,22750.0,Completed,,T00644,3,33,False,2025-26,10,2025-10,True,22750.0
B006131,C04621,2026-01-31,2026-02-08,Discovery Dive,1,5000.0,Completed,,T00794,6,8,False,2025-26,2,2026-02,True,5000.0
B004902,C03623,2025-09-11,2025-10-11,Discovery Dive,1,5200.0,Completed,,T00644,4,30,False,2025-26,10,2025-10,True,5200.0
B004903,C03207,2025-09-04,2025-10-11,Fun Dive,3,10200.0,Completed,,T00644,5,37,False,2025-26,10,2025-10,True,10200.0
B004904,C03624,2025-08-30,2025-10-11,Discovery Dive,1,5500.0,Completed,,T00644,6,42,False,2025-26,10,2025-10,True,5500.0
B004905,C03625,2025-09-22,2025-10-11,Discovery Dive,1,4600.0,Completed,,T00644,7,19,False,2025-26,10,2025-10,True,4600.0
B004906,C02935,2025-09-21,2025-10-11,Fun Dive,2,6900.0,Completed,,T00644,8,20,False,2025-26,10,2025-10,True,6900.0
B004907,C03626,2025-10-11,2025-10-11,Discovery Dive,1,4850.0,Completed,,T00644,9,0,False,2025-26,10,2025-10,True,4850.0
B004908,C03627,2025-09-16,2025-10-12,Course,5,24800.0,Cancelled,Customer,T00645,1,26,False,2025-26,10,2025-10,True,
B004909,C03098,2025-09-21,2025-10-12,Fun Dive,1,3050.0,Completed,,T00645,3,21,False,2025-26,10,2025-10,True,3050.0
B004910,C03628,2025-10-08,2025-10-12,Discovery Dive,1,4250.0,Completed,,T00645,4,4,False,2025-26,10,2025-10,True,4250.0
B004911,C03629,2025-10-04,2025-10-12,Fun Dive,3,9400.0,Cancelled,Customer,T00645,5,8,False,2025-26,10,2025-10,True,
B004912,C03630,2025-09-05,2025-10-12,Fun Dive,3,9100.0,Completed,,T00645,6,37,False,2025-26,10,2025-10,True,9100.0
B004913,C03631,2025-09-27,2025-10-12,Course,5,24450.0,No-show,,T00645,7,15,False,2025-26,10,2025-10,True,
B004914,C03632,2025-10-12,2025-10-12,Fun Dive,1,3850.0,Completed,,T00645,8,0,False,2025-26,10,2025-10,True,3850.0
B004915,C03633,2025-09-22,2025-10-12,Fun Dive,2,6950.0,Cancelled,Weather,T00646,1,20,False,2025-26,10,2025-10,True,
B004916,C03634,2025-09-28,2025-10-12,Fun Dive,3,10700.0,Cancelled,Unknown,T00646,2,14,False,2025-26,10,2025-10,True,
B004917,C03074,2025-09-25,2025-10-12,Fun Dive,1,3700.0,Completed,,T00646,3,17,False,2025-26,10,2025-10,True,3700.0
B004918,C03635,2025-10-12,2025-10-12,Fun Dive,2,6100.0,No-show,,T00646,4,0,False,2025-26,10,2025-10,True,
B004919,C03194,2025-09-20,2025-10-12,Course,5,26050.0,Completed,,T00646,5,22,False,2025-26,10,2025-10,True,26050.0
B004920,C03197,2025-10-02,2025-10-12,Course,4,26550.0,Completed,,T00646,6,10,False,2025-26,10,2025-10,True,26550.0
B004921,C03636,2025-09-24,2025-10-12,Course,4,27200.0,Completed,,T00646,7,18,False,2025-26,10,2025-10,True,27200.0
B004922,C03637,2025-08-28,2025-10-12,Fun Dive,2,6900.0,Completed,,T00646,9,45,False,2025-26,10,2025-10,True,6900.0
B004923,C03638,2025-10-09,2025-10-12,Discovery Dive,1,5150.0,Completed,,T00646,10,3,False,2025-26,10,2025-10,True,5150.0
B004924,C03639,2025-09-06,2025-10-12,Fun Dive,3,10050.0,Completed,,T00646,11,36,False,2025-26,10,2025-10,True,10050.0
B004925,C03640,2025-09-17,2025-10-12,Fun Dive,3,9400.0,Completed,,T00646,12,25,False,2025-26,10,2025-10,True,9400.0
B004926,C03016,2025-09-29,2025-10-13,Fun Dive,2,6200.0,Completed,,T00647,1,14,False,2025-26,10,2025-10,False,6200.0
B004927,C03641,2025-09-07,2025-10-13,Discovery Dive,1,4050.0,Completed,,T00647,2,36,False,2025-26,10,2025-10,False,4050.0
B004928,C03642,2025-09-01,2025-10-13,Fun Dive,1,3050.0,Completed,,T00647,3,42,False,2025-26,10,2025-10,False,3050.0
B004929,C03643,2025-09-19,2025-10-13,Discovery Dive,1,5400.0,Completed,,T00647,4,24,False,2025-26,10,2025-10,False,5400.0
B004930,C03644,2025-10-12,2025-10-13,Fun Dive,4,12500.0,Completed,,T00647,6,1,False,2025-26,10,2025-10,False,12500.0
B004931,C03527,2025-10-03,2025-10-13,Fun Dive,2,6900.0,Completed,,T00647,8,10,False,2025-26,10,2025-10,False,6900.0
B004932,C03645,2025-09-04,2025-10-13,Fun Dive,1,3750.0,Completed,,T00647,10,39,False,2025-26,10,2025-10,False,3750.0
B004933,C03646,2025-09-27,2025-10-14,Discovery Dive,1,5050.0,Completed,,T00648,1,17,False,2025-26,10,2025-10,False,5050.0
B004934,C03647,2025-09-28,2025-10-14,Discovery Dive,1,3950.0,Cancelled,Customer,T00648,2,16,False,2025-26,10,2025-10,False,
B004935,C03648,2025-09-02,2025-10-14,Fun Dive,4,12500.0,Completed,,T00648,3,42,False,2025-26,10,2025-10,False,12500.0
B004936,C03649,2025-09-01,2025-10-14,Fun Dive,4,15150.0,Completed,,T00648,4,43,False,2025-26,10,2025-10,False,15150.0
B004937,C03650,2025-10-04,2025-10-14,Course,4,21550.0,Completed,,T00648,6,10,False,2025-26,10,2025-10,False,21550.0
B004938,C02984,2025-09-20,2025-10-14,Discovery Dive,1,5400.0,Completed,,T00648,7,24,False,2025-26,10,2025-10,False,5400.0
B004939,C03651,2025-09-02,2025-10-14,Fun Dive,2,5700.0,Completed,,T00648,8,42,False,2025-26,10,2025-10,False,5700.0
B004940,C03652,2025-08-31,2025-10-14,Fun Dive,3,9650.0,Completed,,T00648,9,44,False,2025-26,10,2025-10,False,9650.0
B004941,C03653,2025-09-05,2025-10-14,Fun Dive,1,3550.0,Completed,,T00648,10,39,False,2025-26,10,2025-10,False,3550.0
B004942,C00210,2025-09-26,2025-10-15,Fun Dive,4,15150.0,Completed,,T00649,2,19,False,2025-26,10,2025-10,False,15150.0
B004943,C03654,2025-09-29,2025-10-15,Discovery Dive,1,4450.0,Completed,,T00649,3,16,False,2025-26,10,2025-10,False,4450.0
B004944,C03655,2025-10-05,2025-10-15,Fun Dive,3,11300.0,No-show,,T00649,5,10,False,2025-26,10,2025-10,False,
B004945,C03656,2025-10-09,2025-10-15,Discovery Dive,1,4450.0,Cancelled,Medical,T00649,6,6,False,2025-26,10,2025-10,False,
B004946,C03657,2025-09-14,2025-10-15,Fun Dive,2,5750.0,Completed,,T00649,7,31,False,2025-26,10,2025-10,False,5750.0
B004947,C03658,2025-10-05,2025-10-15,Discovery Dive,1,4350.0,Cancelled,Medical,T00649,9,10,False,2025-26,10,2025-10,False,
B004948,C03581,2025-09-01,2025-10-15,Fun Dive,1,3350.0,Completed,,T00649,10,44,False,2025-26,10,2025-10,False,3350.0
B004949,C03659,2025-09-10,2025-10-15,Fun Dive,2,5900.0,Completed,,T00649,11,35,False,2025-26,10,2025-10,False,5900.0
B004950,C03660,2025-10-09,2025-10-15,Fun Dive,2,6700.0,Completed,,T00649,12,6,False,2025-26,10,2025-10,False,6700.0
B004951,C03661,2025-10-03,2025-10-16,Fun Dive,1,2900.0,Completed,,T00650,1,13,False,2025-26,10,2025-10,False,2900.0
B004952,C03662,2025-10-09,2025-10-16,Fun Dive,4,12750.0,Cancelled,Medical,T00650,2,7,False,2025-26,10,2025-10,False,
B004953,C03663,2025-09-13,2025-10-16,Discovery Dive,1,4950.0,Completed,,T00650,5,33,False,2025-26,10,2025-10,False,4950.0
B004954,C03664,2025-09-29,2025-10-16,Discovery Dive,1,5100.0,Completed,,T00650,6,17,False,2025-26,10,2025-10,False,5100.0
B004955,C03665,2025-10-06,2025-10-16,Discovery Dive,1,5300.0,Completed,,T00650,7,10,False,2025-26,10,2025-10,False,5300.0
B004956,C03666,2025-09-02,2025-10-16,Fun Dive,3,9800.0,No-show,,T00650,8,44,False,2025-26,10,2025-10,False,
B004957,C03667,2025-09-10,2025-10-17,Fun Dive,1,3350.0,Cancelled,Weather,T00651,2,37,False,2025-26,10,2025-10,False,
B004958,C03668,2025-09-16,2025-10-17,Discovery Dive,1,5450.0,Cancelled,Weather,T00651,3,31,False,2025-26,10,2025-10,False,
B004959,C01267,2025-10-13,2025-10-17,Fun Dive,1,3400.0,Completed,,T00651,5,4,False,2025-26,10,2025-10,False,3400.0
B004960,C03669,2025-10-01,2025-10-17,Discovery Dive,1,4050.0,Cancelled,Unknown,T00651,6,16,False,2025-26,10,2025-10,False,
B004961,C03670,2025-09-16,2025-10-17,Discovery Dive,1,4200.0,Cancelled,Weather,T00651,7,31,False,2025-26,10,2025-10,False,
B004962,C03671,2025-09-23,2025-10-17,Fun Dive,3,9050.0,Cancelled,Customer,T00651,8,24,False,2025-26,10,2025-10,False,
B004963,C01439,2025-09-02,2025-10-17,Fun Dive,1,3100.0,Cancelled,Weather,T00651,9,45,False,2025-26,10,2025-10,False,
B004964,C03672,2025-10-08,2025-10-17,Fun Dive,3,9500.0,Completed,,T00651,10,9,False,2025-26,10,2025-10,False,9500.0
B004965,C03065,2025-10-08,2025-10-18,Fun Dive,1,2750.0,Cancelled,Weather,T00652,1,10,False,2025-26,10,2025-10,True,
B004966,C03673,2025-10-17,2025-10-18,Course,5,26500.0,Cancelled,Weather,T00652,2,1,False,2025-26,10,2025-10,True,
B004967,C03674,2025-10-07,2025-10-18,Discovery Dive,1,3950.0,Cancelled,Weather,T00652,3,11,False,2025-26,10,2025-10,True,
B004968,C03675,2025-09-20,2025-10-18,Course,4,24000.0,Cancelled,Weather,T00652,5,28,False,2025-26,10,2025-10,True,
B004969,C03085,2025-10-16,2025-10-18,Fun Dive,1,3500.0,Completed,,T00652,6,2,False,2025-26,10,2025-10,True,3500.0
B004970,C03676,2025-09-11,2025-10-18,Fun Dive,1,3200.0,Completed,,T00652,7,37,False,2025-26,10,2025-10,True,3200.0
B004971,C03677,2025-09-23,2025-10-18,Fun Dive,2,5600.0,Cancelled,Weather,T00652,9,25,False,2025-26,10,2025-10,True,
B004972,C03678,2025-09-06,2025-10-18,Fun Dive,2,7500.0,Completed,,T00652,10,42,False,2025-26,10,2025-10,True,7500.0
B004973,C03679,2025-09-10,2025-10-19,Discovery Dive,1,5400.0,Completed,,T00653,1,39,False,2025-26,10,2025-10,True,5400.0
B004974,C00747,2025-09-26,2025-10-19,Course,5,24350.0,Completed,,T00653,2,23,False,2025-26,10,2025-10,True,24350.0
B004975,C03680,2025-09-17,2025-10-19,Course,5,22050.0,Completed,,T00653,3,32,False,2025-26,10,2025-10,True,22050.0
B004976,C03681,2025-10-06,2025-10-19,Discovery Dive,1,4600.0,No-show,,T00653,6,13,False,2025-26,10,2025-10,True,
B004977,C03682,2025-10-14,2025-10-19,Discovery Dive,1,5250.0,Completed,,T00653,7,5,False,2025-26,10,2025-10,True,5250.0
B004978,C03683,2025-10-02,2025-10-19,Discovery Dive,1,4400.0,Cancelled,Customer,T00653,8,17,False,2025-26,10,2025-10,True,
B004979,C03684,2025-09-15,2025-10-20,Discovery Dive,1,5100.0,Completed,,T00654,1,35,False,2025-26,10,2025-10,False,5100.0
B004980,C03449,2025-09-11,2025-10-20,Fun Dive,4,15000.0,Completed,,T00654,2,39,False,2025-26,10,2025-10,False,15000.0
B004981,C03685,2025-09-11,2025-10-20,Course,5,23950.0,Completed,,T00654,3,39,False,2025-26,10,2025-10,False,23950.0
B004982,C03686,2025-09-28,2025-10-20,Discovery Dive,1,4850.0,Completed,,T00654,4,22,False,2025-26,10,2025-10,False,4850.0
B004983,C03687,2025-09-14,2025-10-20,Fun Dive,2,6700.0,Completed,,T00654,5,36,False,2025-26,10,2025-10,False,6700.0
B004984,C03688,2025-09-06,2025-10-20,Discovery Dive,1,4600.0,Completed,,T00654,6,44,False,2025-26,10,2025-10,False,4600.0
B004985,C03689,2025-09-27,2025-10-20,Course,4,26250.0,Completed,,T00654,7,23,False,2025-26,10,2025-10,False,26250.0
B004986,C03690,2025-10-05,2025-10-20,Fun Dive,2,7250.0,Completed,,T00654,8,15,False,2025-26,10,2025-10,False,7250.0
B004987,C03691,2025-10-12,2025-10-20,Fun Dive,3,10500.0,Completed,,T00654,9,8,False,2025-26,10,2025-10,False,10500.0
B004988,C03692,2025-09-09,2025-10-20,Fun Dive,2,6050.0,Cancelled,Customer,T00654,10,41,False,2025-26,10,2025-10,False,
B004989,C03693,2025-10-17,2025-10-21,Course,4,20900.0,Completed,,T00655,1,4,False,2025-26,10,2025-10,False,20900.0
B004990,C03694,2025-09-27,2025-10-21,Fun Dive,1,3700.0,Completed,,T00655,3,24,False,2025-26,10,2025-10,False,3700.0
B004991,C03695,2025-10-01,2025-10-21,Discovery Dive,1,5150.0,Completed,,T00655,4,20,False,2025-26,10,2025-10,False,5150.0
B004992,C03696,2025-09-06,2025-10-21,Course,5,20800.0,Completed,,T00655,5,45,False,2025-26,10,2025-10,False,20800.0
B004993,C03697,2025-10-17,2025-10-21,Course,5,22650.0,Completed,,T00655,6,4,False,2025-26,10,2025-10,False,22650.0
B004994,C03698,2025-09-29,2025-10-21,Discovery Dive,1,5000.0,Cancelled,Unknown,T00655,7,22,False,2025-26,10,2025-10,False,
B004995,C03699,2025-10-07,2025-10-21,Discovery Dive,1,5500.0,Completed,,T00655,8,14,False,2025-26,10,2025-10,False,5500.0
B004996,C03030,2025-10-06,2025-10-21,Fun Dive,2,7200.0,Completed,,T00655,10,15,False,2025-26,10,2025-10,False,7200.0
B004997,C03259,2025-09-12,2025-10-22,Fun Dive,3,10850.0,Cancelled,Customer,T00656,1,40,False,2025-26,10,2025-10,False,
B004998,C03700,2025-09-11,2025-10-22,Fun Dive,2,7050.0,Completed,,T00656,2,41,False,2025-26,10,2025-10,False,7050.0
B004999,C03701,2025-10-01,2025-10-22,Discovery Dive,1,4300.0,Completed,,T00656,4,21,False,2025-26,10,2025-10,False,4300.0
B005000,C03485,2025-10-09,2025-10-22,Fun Dive,4,11850.0,Completed,,T00656,5,13,False,2025-26,10,2025-10,False,11850.0
B005001,C03702,2025-10-09,2025-10-22,Fun Dive,4,12400.0,Completed,,T00656,6,13,False,2025-26,10,2025-10,False,12400.0
B005002,C00387,2025-10-01,2025-10-22,Fun Dive,3,10600.0,Completed,,T00656,7,21,False,2025-26,10,2025-10,False,10600.0
B005003,C03465,2025-10-03,2025-10-22,Course,4,23550.0,Completed,,T00656,9,19,False,2025-26,10,2025-10,False,23550.0
B005004,C03703,2025-09-24,2025-10-22,Fun Dive,2,7400.0,Completed,,T00656,10,28,False,2025-26,10,2025-10,False,7400.0
B005005,C03704,2025-10-01,2025-10-22,Fun Dive,2,6200.0,Completed,,T00656,11,21,False,2025-26,10,2025-10,False,6200.0
B005006,C03705,2025-10-11,2025-10-23,Discovery Dive,2,8950.0,Cancelled,Customer,T00657,1,12,False,2025-26,10,2025-10,False,
B005007,C03706,2025-09-29,2025-10-23,Discovery Dive,1,4850.0,No-show,,T00657,2,24,False,2025-26,10,2025-10,False,
B005008,C03707,2025-09-21,2025-10-23,Course,4,26350.0,Completed,,T00657,3,32,False,2025-26,10,2025-10,False,26350.0
B005009,C03708,2025-09-20,2025-10-23,Discovery Dive,1,5300.0,Completed,,T00657,4,33,False,2025-26,10,2025-10,False,5300.0
B005010,C03709,2025-09-09,2025-10-23,Discovery Dive,1,5150.0,Cancelled,Customer,T00657,5,44,False,2025-26,10,2025-10,False,
B005011,C03710,2025-09-27,2025-10-23,Fun Dive,2,6800.0,Completed,,T00657,7,26,False,2025-26,10,2025-10,False,6800.0
B005012,C03711,2025-09-25,2025-10-23,Discovery Dive,1,4900.0,Completed,,T00657,10,28,False,2025-26,10,2025-10,False,4900.0
B005013,C03712,2025-09-13,2025-10-23,Discovery Dive,1,4850.0,No-show,,T00657,11,40,False,2025-26,10,2025-10,False,
B005014,C03713,2025-10-22,2025-10-23,Fun Dive,3,9300.0,No-show,,T00657,12,1,False,2025-26,10,2025-10,False,
B005015,C03669,2025-10-21,2025-10-24,Fun Dive,4,12150.0,Completed,,T00658,1,3,False,2025-26,10,2025-10,False,12150.0
B005016,C03052,2025-09-21,2025-10-24,Discovery Dive,1,4500.0,Completed,,T00658,2,33,False,2025-26,10,2025-10,False,4500.0
B005017,C03714,2025-09-30,2025-10-24,Discovery Dive,1,5150.0,Completed,,T00658,3,24,False,2025-26,10,2025-10,False,5150.0
B005018,C03715,2025-09-29,2025-10-24,Fun Dive,2,6600.0,Completed,,T00658,4,25,False,2025-26,10,2025-10,False,6600.0
B005019,C03382,2025-09-30,2025-10-24,Course,5,20200.0,Completed,,T00658,5,24,False,2025-26,10,2025-10,False,20200.0
B005020,C03716,2025-10-12,2025-10-24,Fun Dive,1,3400.0,Completed,,T00658,6,12,False,2025-26,10,2025-10,False,3400.0
B005021,C03717,2025-10-14,2025-10-24,Course,4,25250.0,Completed,,T00658,8,10,False,2025-26,10,2025-10,False,25250.0
B005022,C03718,2025-10-10,2025-10-24,Fun Dive,1,3050.0,Completed,,T00658,9,14,False,2025-26,10,2025-10,False,3050.0
B005023,C03719,2025-09-20,2025-10-24,Discovery Dive,1,5100.0,Completed,,T00658,10,34,False,2025-26,10,2025-10,False,5100.0
B005024,C03432,2025-10-02,2025-10-25,Fun Dive,3,8950.0,Cancelled,Customer,T00659,3,23,False,2025-26,10,2025-10,True,
B005025,C03720,2025-10-23,2025-10-25,Discovery Dive,1,4000.0,Completed,,T00659,4,2,False,2025-26,10,2025-10,True,4000.0
B005026,C00517,2025-09-21,2025-10-25,Discovery Dive,2,9800.0,Completed,,T00659,5,34,False,2025-26,10,2025-10,True,9800.0
B005027,C03678,2025-10-09,2025-10-25,Course,5,24550.0,Completed,,T00659,6,16,False,2025-26,10,2025-10,True,24550.0
B005028,C03721,2025-10-06,2025-10-25,Fun Dive,1,3350.0,Cancelled,Unknown,T00659,7,19,False,2025-26,10,2025-10,True,
B005029,C03722,2025-10-13,2025-10-25,Discovery Dive,1,4550.0,Completed,,T00659,8,12,False,2025-26,10,2025-10,True,4550.0
B005030,C03723,2025-09-13,2025-10-26,Discovery Dive,1,4150.0,Completed,,T00660,1,43,False,2025-26,10,2025-10,True,4150.0
B005031,C03541,2025-09-21,2025-10-26,Fun Dive,4,11850.0,Completed,,T00660,3,35,False,2025-26,10,2025-10,True,11850.0
B005032,C03360,2025-09-11,2025-10-26,Course,4,26750.0,No-show,,T00660,4,45,False,2025-26,10,2025-10,True,
B005033,C03724,2025-10-13,2025-10-26,Discovery Dive,1,4900.0,Completed,,T00660,5,13,False,2025-26,10,2025-10,True,4900.0
B005034,C00899,2025-10-13,2025-10-26,Course,5,25800.0,No-show,,T00660,6,13,False,2025-26,10,2025-10,True,
B005035,C03725,2025-10-11,2025-10-26,Fun Dive,1,3450.0,Completed,,T00660,7,15,False,2025-26,10,2025-10,True,3450.0
B005036,C03726,2025-10-01,2025-10-26,Fun Dive,2,6800.0,Cancelled,Customer,T00660,8,25,False,2025-26,10,2025-10,True,
B005037,C03727,2025-10-20,2025-10-26,Discovery Dive,1,4600.0,No-show,,T00660,9,6,False,2025-26,10,2025-10,True,
B005038,C03728,2025-09-26,2025-10-26,Fun Dive,2,7450.0,Completed,,T00660,10,30,False,2025-26,10,2025-10,True,7450.0
B005039,C03729,2025-10-24,2025-10-26,Fun Dive,1,3150.0,Completed,,T00660,11,2,False,2025-26,10,2025-10,True,3150.0
B005040,C03730,2025-10-01,2025-10-26,Discovery Dive,1,5150.0,Completed,,T00660,12,25,False,2025-26,10,2025-10,True,5150.0
B005041,C03731,2025-10-27,2025-10-27,Discovery Dive,1,5450.0,Completed,,T00661,1,0,False,2025-26,10,2025-10,False,5450.0
B005043,C03733,2025-09-16,2025-10-27,Discovery Dive,1,5000.0,Completed,,T00661,4,41,False,2025-26,10,2025-10,False,5000.0
B005044,C03604,2025-10-05,2025-10-27,Fun Dive,3,10500.0,Completed,,T00661,5,22,False,2025-26,10,2025-10,False,10500.0
B005045,C03734,2025-10-18,2025-10-27,Fun Dive,4,13650.0,Completed,,T00661,6,9,False,2025-26,10,2025-10,False,13650.0
B005046,C03735,2025-09-27,2025-10-27,Discovery Dive,2,9800.0,Completed,,T00661,7,30,False,2025-26,10,2025-10,False,9800.0
B005047,C03004,2025-09-18,2025-10-27,Course,4,25050.0,Completed,,T00661,9,39,False,2025-26,10,2025-10,False,25050.0
B005048,C03736,2025-10-02,2025-10-27,Discovery Dive,1,4600.0,Completed,,T00661,10,25,False,2025-26,10,2025-10,False,4600.0
B005049,C03737,2025-10-17,2025-10-28,Fun Dive,4,14450.0,Cancelled,Customer,T00662,1,11,False,2025-26,10,2025-10,False,
B005050,C03738,2025-10-16,2025-10-28,Fun Dive,3,11250.0,Completed,,T00662,2,12,False,2025-26,10,2025-10,False,11250.0
B005051,C03452,2025-09-22,2025-10-28,Fun Dive,4,14750.0,Completed,,T00662,3,36,False,2025-26,10,2025-10,False,14750.0
B005052,C03739,2025-10-20,2025-10-28,Fun Dive,3,10750.0,Completed,,T00662,5,8,False,2025-26,10,2025-10,False,10750.0
B005053,C03642,2025-09-13,2025-10-28,Fun Dive,1,3050.0,No-show,,T00662,6,45,False,2025-26,10,2025-10,False,
B005054,C03740,2025-10-22,2025-10-28,Discovery Dive,1,5300.0,Completed,,T00662,7,6,False,2025-26,10,2025-10,False,5300.0
B005055,C03117,2025-10-06,2025-10-28,Fun Dive,4,13100.0,Completed,,T00662,8,22,False,2025-26,10,2025-10,False,13100.0
B005056,C03741,2025-10-21,2025-10-28,Discovery Dive,2,8350.0,Completed,,T00662,9,7,False,2025-26,10,2025-10,False,8350.0
B005057,C03742,2025-10-18,2025-10-29,Discovery Dive,1,4900.0,Cancelled,Weather,T00663,1,11,False,2025-26,10,2025-10,False,
B005058,C03743,2025-09-23,2025-10-29,Fun Dive,3,10850.0,Cancelled,Customer,T00663,2,36,False,2025-26,10,2025-10,False,
B005059,C03744,2025-10-10,2025-10-29,Fun Dive,2,6000.0,Cancelled,Weather,T00663,3,19,False,2025-26,10,2025-10,False,
B005060,C03745,2025-09-25,2025-10-29,Discovery Dive,2,9050.0,Cancelled,Weather,T00663,4,34,False,2025-26,10,2025-10,False,
B005061,C03746,2025-10-24,2025-10-29,Course,4,26900.0,Cancelled,Weather,T00663,5,5,False,2025-26,10,2025-10,False,
B005062,C03747,2025-09-14,2025-10-29,Fun Dive,1,3750.0,Cancelled,Weather,T00663,6,45,False,2025-26,10,2025-10,False,
B005063,C03748,2025-10-09,2025-10-29,Discovery Dive,1,4700.0,Completed,,T00663,7,20,False,2025-26,10,2025-10,False,4700.0
B005064,C03749,2025-10-13,2025-10-29,Discovery Dive,1,4450.0,Cancelled,Weather,T00663,8,16,False,2025-26,10,2025-10,False,
B005065,C03343,2025-10-06,2025-10-29,Fun Dive,1,3800.0,Cancelled,Weather,T00663,9,23,False,2025-26,10,2025-10,False,
B005066,C03750,2025-10-03,2025-10-29,Discovery Dive,1,5050.0,Cancelled,Weather,T00663,10,26,False,2025-26,10,2025-10,False,
B005067,C03751,2025-10-16,2025-10-30,Course,4,24750.0,Completed,,T00664,1,14,False,2025-26,10,2025-10,False,24750.0
B005068,C03752,2025-10-02,2025-10-30,Fun Dive,4,12000.0,Completed,,T00664,2,28,False,2025-26,10,2025-10,False,12000.0
B005069,C03753,2025-10-19,2025-10-30,Fun Dive,4,12150.0,Completed,,T00664,3,11,False,2025-26,10,2025-10,False,12150.0
B005070,C03754,2025-10-03,2025-10-30,Fun Dive,1,3050.0,Cancelled,Customer,T00664,4,27,False,2025-26,10,2025-10,False,
B005071,C03755,2025-10-14,2025-10-30,Discovery Dive,2,8650.0,Completed,,T00664,6,16,False,2025-26,10,2025-10,False,8650.0
B005072,C03756,2025-10-21,2025-10-30,Course,4,24300.0,Cancelled,Customer,T00664,7,9,False,2025-26,10,2025-10,False,
B005073,C03757,2025-10-27,2025-10-30,Discovery Dive,1,5400.0,Completed,,T00664,8,3,False,2025-26,10,2025-10,False,5400.0
B005074,C03198,2025-10-11,2025-10-31,Fun Dive,4,15150.0,Completed,,T00665,1,20,False,2025-26,10,2025-10,False,15150.0
B005075,C03231,2025-09-24,2025-10-31,Fun Dive,2,6350.0,Completed,,T00665,3,37,False,2025-26,10,2025-10,False,6350.0
B005076,C03758,2025-10-24,2025-10-31,Discovery Dive,1,4900.0,Completed,,T00665,4,7,False,2025-26,10,2025-10,False,4900.0
B005077,C03759,2025-09-19,2025-10-31,Fun Dive,1,3650.0,Completed,,T00665,5,42,False,2025-26,10,2025-10,False,3650.0
B005078,C03760,2025-10-06,2025-10-31,Discovery Dive,1,5150.0,Completed,,T00665,6,25,False,2025-26,10,2025-10,False,5150.0
B005079,C03761,2025-10-02,2025-10-31,Discovery Dive,1,5000.0,Completed,,T00665,8,29,False,2025-26,10,2025-10,False,5000.0
B005080,C03762,2025-10-25,2025-11-01,Course,5,24700.0,Completed,,T00666,2,7,False,2025-26,11,2025-11,True,24700.0
B005081,C03763,2025-09-21,2025-11-01,Discovery Dive,1,4000.0,Completed,,T00666,3,41,False,2025-26,11,2025-11,True,4000.0
B005082,C03764,2025-10-25,2025-11-01,Course,5,24600.0,Completed,,T00666,5,7,False,2025-26,11,2025-11,True,24600.0
B005083,C01774,2025-09-29,2025-11-01,Fun Dive,2,7000.0,Completed,,T00666,6,33,False,2025-26,11,2025-11,True,7000.0
B005084,C03765,2025-10-07,2025-11-01,Fun Dive,2,5650.0,Completed,,T00666,7,25,False,2025-26,11,2025-11,True,5650.0
B005085,C03766,2025-10-18,2025-11-01,Fun Dive,1,3650.0,Completed,,T00666,8,14,False,2025-26,11,2025-11,True,3650.0
B005086,C03767,2025-09-19,2025-11-01,Discovery Dive,1,4100.0,Completed,,T00666,9,43,False,2025-26,11,2025-11,True,4100.0
B005087,C03768,2025-09-17,2025-11-01,Fun Dive,2,6400.0,Completed,,T00666,10,45,False,2025-26,11,2025-11,True,6400.0
B005088,C03769,2025-10-17,2025-11-02,Discovery Dive,1,4050.0,Completed,,T00667,1,16,False,2025-26,11,2025-11,True,4050.0
B005089,C03770,2025-10-05,2025-11-02,Fun Dive,1,2950.0,Completed,,T00667,2,28,False,2025-26,11,2025-11,True,2950.0
B005090,C03771,2025-10-10,2025-11-02,Discovery Dive,1,4650.0,Cancelled,Weather,T00667,3,23,False,2025-26,11,2025-11,True,
B005091,C03772,2025-09-28,2025-11-02,Fun Dive,4,13100.0,Completed,,T00667,4,35,False,2025-26,11,2025-11,True,13100.0
B005092,C03773,2025-10-15,2025-11-02,Fun Dive,3,9350.0,Completed,,T00667,5,18,False,2025-26,11,2025-11,True,9350.0
B005093,C03774,2025-10-27,2025-11-02,Fun Dive,4,12250.0,Completed,,T00667,6,6,False,2025-26,11,2025-11,True,12250.0
B005094,C03528,2025-09-21,2025-11-02,Discovery Dive,1,4800.0,Completed,,T00667,8,42,False,2025-26,11,2025-11,True,4800.0
B005095,C03464,2025-09-23,2025-11-03,Course,4,26950.0,Cancelled,Weather,T00668,1,41,False,2025-26,11,2025-11,False,
B005096,C03775,2025-10-20,2025-11-03,Course,4,26800.0,Cancelled,Weather,T00668,3,14,False,2025-26,11,2025-11,False,
B005097,C03776,2025-10-21,2025-11-03,Fun Dive,4,14050.0,Cancelled,Weather,T00668,4,13,False,2025-26,11,2025-11,False,
B005098,C03777,2025-10-05,2025-11-03,Course,5,27100.0,Cancelled,Weather,T00668,5,29,False,2025-26,11,2025-11,False,
B005099,C03778,2025-10-11,2025-11-03,Course,4,22300.0,Cancelled,Unknown,T00668,6,23,False,2025-26,11,2025-11,False,
B005100,C03779,2025-10-02,2025-11-03,Course,4,21200.0,Cancelled,Weather,T00668,7,32,False,2025-26,11,2025-11,False,
B005101,C03780,2025-10-14,2025-11-04,Course,5,21050.0,Cancelled,Weather,T00669,1,21,False,2025-26,11,2025-11,False,
B005102,C03781,2025-10-25,2025-11-04,Fun Dive,1,3000.0,Cancelled,Weather,T00669,3,10,False,2025-26,11,2025-11,False,
B005103,C03782,2025-10-29,2025-11-04,Discovery Dive,1,5400.0,Cancelled,Weather,T00669,4,6,False,2025-26,11,2025-11,False,
B005104,C03783,2025-10-26,2025-11-04,Fun Dive,1,3150.0,Cancelled,Unknown,T00669,5,9,False,2025-26,11,2025-11,False,
B005105,C03784,2025-10-24,2025-11-04,Course,4,26000.0,Cancelled,Weather,T00669,6,11,False,2025-26,11,2025-11,False,
B005106,C03785,2025-10-19,2025-11-04,Discovery Dive,1,4150.0,Cancelled,Weather,T00669,7,16,False,2025-26,11,2025-11,False,
B005107,C03786,2025-09-21,2025-11-04,Fun Dive,1,3450.0,Cancelled,Weather,T00669,8,44,False,2025-26,11,2025-11,False,
B005108,C01755,2025-10-24,2025-11-04,Course,4,25400.0,Cancelled,Unknown,T00669,10,11,False,2025-26,11,2025-11,False,
B005109,C00576,2025-10-17,2025-11-04,Fun Dive,4,13900.0,Cancelled,Weather,T00669,11,18,False,2025-26,11,2025-11,False,
B005110,C03787,2025-09-21,2025-11-05,Discovery Dive,1,4900.0,Completed,,T00670,1,45,False,2025-26,11,2025-11,False,4900.0
B005111,C03788,2025-10-21,2025-11-05,Course,4,22350.0,Completed,,T00670,2,15,False,2025-26,11,2025-11,False,22350.0
B005112,C00129,2025-10-31,2025-11-05,Fun Dive,4,13600.0,Completed,,T00670,3,5,False,2025-26,11,2025-11,False,13600.0
B005113,C03789,2025-09-27,2025-11-05,Fun Dive,4,13300.0,Completed,,T00670,6,39,False,2025-26,11,2025-11,False,13300.0
B005114,C02920,2025-10-26,2025-11-05,Fun Dive,3,11150.0,Completed,,T00670,7,10,False,2025-26,11,2025-11,False,11150.0
B005115,C01868,2025-09-28,2025-11-05,Fun Dive,1,3850.0,Completed,,T00670,8,38,False,2025-26,11,2025-11,False,3850.0
B005116,C03049,2025-10-21,2025-11-05,Fun Dive,1,3050.0,Cancelled,Medical,T00670,9,15,False,2025-26,11,2025-11,False,
B005117,C03790,2025-10-29,2025-11-06,Fun Dive,3,11500.0,Completed,,T00671,1,8,False,2025-26,11,2025-11,False,11500.0
B005118,C03791,2025-10-16,2025-11-06,Fun Dive,1,3000.0,Cancelled,Customer,T00671,2,21,False,2025-26,11,2025-11,False,
B005119,C03792,2025-09-28,2025-11-06,Fun Dive,2,6250.0,Completed,,T00671,3,39,False,2025-26,11,2025-11,False,6250.0
B005120,C03793,2025-09-30,2025-11-06,Fun Dive,3,11400.0,Completed,,T00671,4,37,False,2025-26,11,2025-11,False,11400.0
B005121,C03794,2025-10-28,2025-11-06,Discovery Dive,1,4800.0,No-show,,T00671,5,9,False,2025-26,11,2025-11,False,
B005122,C03795,2025-10-12,2025-11-06,Discovery Dive,1,5250.0,Completed,,T00671,8,25,False,2025-26,11,2025-11,False,5250.0
B005123,C03796,2025-11-04,2025-11-06,Discovery Dive,1,4700.0,Completed,,T00671,9,2,False,2025-26,11,2025-11,False,4700.0
B005124,C03797,2025-10-15,2025-11-06,Fun Dive,2,6550.0,No-show,,T00671,10,22,False,2025-26,11,2025-11,False,
B005125,C03798,2025-10-27,2025-11-06,Discovery Dive,1,4700.0,No-show,,T00671,11,10,False,2025-26,11,2025-11,False,
B005126,C03799,2025-10-27,2025-11-07,Fun Dive,3,9000.0,Cancelled,Unknown,T00672,1,11,False,2025-26,11,2025-11,False,
B005127,C03800,2025-10-31,2025-11-07,Course,4,20550.0,Completed,,T00672,2,7,False,2025-26,11,2025-11,False,20550.0
B005128,C03801,2025-10-21,2025-11-07,Discovery Dive,1,5250.0,Completed,,T00672,3,17,False,2025-26,11,2025-11,False,5250.0
B005129,C03802,2025-10-31,2025-11-07,Discovery Dive,1,5300.0,Completed,,T00672,4,7,False,2025-26,11,2025-11,False,5300.0
B005130,C03803,2025-09-23,2025-11-07,Discovery Dive,1,4750.0,No-show,,T00672,5,45,False,2025-26,11,2025-11,False,
B005131,C03421,2025-10-22,2025-11-07,Fun Dive,1,3600.0,Completed,,T00672,7,16,False,2025-26,11,2025-11,False,3600.0
B005132,C03804,2025-10-21,2025-11-07,Discovery Dive,1,4400.0,No-show,,T00672,8,17,False,2025-26,11,2025-11,False,
B005133,C03805,2025-11-07,2025-11-08,Discovery Dive,1,4000.0,Completed,,T00673,1,1,False,2025-26,11,2025-11,True,4000.0
B005134,C03806,2025-09-26,2025-11-08,Discovery Dive,1,4200.0,Completed,,T00673,2,43,False,2025-26,11,2025-11,True,4200.0
B005135,C03807,2025-09-24,2025-11-08,Fun Dive,2,7050.0,Cancelled,Customer,T00673,3,45,False,2025-26,11,2025-11,True,
B005136,C03808,2025-10-15,2025-11-08,Course,4,22150.0,Completed,,T00673,4,24,False,2025-26,11,2025-11,True,22150.0
B005137,C03809,2025-09-29,2025-11-08,Discovery Dive,2,10700.0,Completed,,T00673,5,40,False,2025-26,11,2025-11,True,10700.0
B005138,C03810,2025-10-25,2025-11-08,Discovery Dive,1,4950.0,Completed,,T00673,6,14,False,2025-26,11,2025-11,True,4950.0
B005139,C03811,2025-11-03,2025-11-08,Fun Dive,4,14450.0,No-show,,T00673,7,5,False,2025-26,11,2025-11,True,
B005140,C03812,2025-10-28,2025-11-09,Fun Dive,4,10950.0,Completed,,T00674,1,12,False,2025-26,11,2025-11,True,10950.0
B005141,C03813,2025-11-06,2025-11-09,Fun Dive,1,3600.0,Cancelled,Unknown,T00674,2,3,False,2025-26,11,2025-11,True,
B005142,C03091,2025-11-07,2025-11-09,Fun Dive,2,6550.0,Completed,,T00674,4,2,False,2025-26,11,2025-11,True,6550.0
B005143,C03814,2025-11-05,2025-11-09,Fun Dive,4,14100.0,Completed,,T00674,5,4,False,2025-26,11,2025-11,True,14100.0
B005144,C03815,2025-10-24,2025-11-09,Fun Dive,1,3300.0,Completed,,T00674,6,16,False,2025-26,11,2025-11,True,3300.0
B005145,C00537,2025-10-08,2025-11-09,Fun Dive,2,6150.0,Completed,,T00674,7,32,False,2025-26,11,2025-11,True,6150.0
B005146,C03816,2025-10-06,2025-11-09,Fun Dive,2,6750.0,Completed,,T00674,8,34,False,2025-26,11,2025-11,True,6750.0
B005147,C03817,2025-11-09,2025-11-09,Fun Dive,4,15100.0,No-show,,T00675,1,0,False,2025-26,11,2025-11,True,
B005148,C03631,2025-11-08,2025-11-09,Fun Dive,1,3400.0,Completed,,T00675,2,1,False,2025-26,11,2025-11,True,3400.0
B005149,C03818,2025-10-06,2025-11-09,Discovery Dive,1,4700.0,Completed,,T00675,3,34,False,2025-26,11,2025-11,True,4700.0
B005150,C03819,2025-10-24,2025-11-09,Discovery Dive,1,5300.0,Completed,,T00675,4,16,False,2025-26,11,2025-11,True,5300.0
B005151,C03820,2025-11-05,2025-11-09,Discovery Dive,1,5400.0,Completed,,T00675,6,4,False,2025-26,11,2025-11,True,5400.0
B005152,C03821,2025-10-17,2025-11-09,Course,4,23150.0,Completed,,T00675,7,23,False,2025-26,11,2025-11,True,23150.0
B005153,C03822,2025-10-11,2025-11-09,Discovery Dive,1,5150.0,Completed,,T00675,8,29,False,2025-26,11,2025-11,True,5150.0
B005154,C03823,2025-10-10,2025-11-10,Fun Dive,4,14700.0,Completed,,T00676,1,31,False,2025-26,11,2025-11,False,14700.0
B005155,C03824,2025-11-03,2025-11-10,Fun Dive,1,2950.0,Cancelled,Customer,T00676,2,7,False,2025-26,11,2025-11,False,
B005156,C02463,2025-10-23,2025-11-10,Fun Dive,1,3400.0,Completed,,T00676,3,18,False,2025-26,11,2025-11,False,3400.0
B005157,C03825,2025-11-01,2025-11-10,Discovery Dive,1,4050.0,Completed,,T00676,4,9,False,2025-26,11,2025-11,False,4050.0
B005158,C03826,2025-10-12,2025-11-10,Fun Dive,1,3650.0,No-show,,T00676,6,29,False,2025-26,11,2025-11,False,
B005159,C03827,2025-09-28,2025-11-10,Fun Dive,3,8400.0,Completed,,T00676,8,43,False,2025-26,11,2025-11,False,8400.0
B005160,C03379,2025-10-01,2025-11-11,Fun Dive,3,10250.0,Cancelled,Weather,T00677,1,41,False,2025-26,11,2025-11,False,
B005161,C03828,2025-10-01,2025-11-11,Fun Dive,1,3450.0,Cancelled,Unknown,T00677,2,41,False,2025-26,11,2025-11,False,
B005162,C03829,2025-11-07,2025-11-11,Fun Dive,3,9550.0,Completed,,T00677,3,4,False,2025-26,11,2025-11,False,9550.0
B005163,C03830,2025-10-24,2025-11-11,Fun Dive,1,2850.0,Completed,,T00677,4,18,False,2025-26,11,2025-11,False,2850.0
B005164,C03831,2025-10-25,2025-11-11,Discovery Dive,1,4550.0,Cancelled,Weather,T00677,5,17,False,2025-26,11,2025-11,False,
B005165,C03832,2025-11-06,2025-11-11,Fun Dive,2,6950.0,Cancelled,Medical,T00677,6,5,False,2025-26,11,2025-11,False,
B005166,C00538,2025-10-02,2025-11-11,Fun Dive,2,5500.0,Cancelled,Medical,T00677,9,40,False,2025-26,11,2025-11,False,
B005167,C03477,2025-10-10,2025-11-12,Fun Dive,1,3550.0,Cancelled,Weather,T00678,1,33,False,2025-26,11,2025-11,False,
B005168,C03833,2025-10-29,2025-11-12,Fun Dive,4,14600.0,Completed,,T00678,2,14,False,2025-26,11,2025-11,False,14600.0
B005169,C03834,2025-10-07,2025-11-12,Fun Dive,3,10150.0,Completed,,T00678,3,36,False,2025-26,11,2025-11,False,10150.0
B005170,C03835,2025-10-06,2025-11-12,Fun Dive,3,10750.0,Cancelled,Customer,T00678,4,37,False,2025-26,11,2025-11,False,
B005171,C03836,2025-09-29,2025-11-12,Fun Dive,4,11600.0,Cancelled,Weather,T00678,5,44,False,2025-26,11,2025-11,False,
B005172,C03142,2025-10-09,2025-11-12,Fun Dive,1,3100.0,Cancelled,Unknown,T00678,6,34,False,2025-26,11,2025-11,False,
B005173,C03837,2025-11-04,2025-11-12,Fun Dive,1,3650.0,Completed,,T00678,8,8,False,2025-26,11,2025-11,False,3650.0
B005174,C03838,2025-10-24,2025-11-13,Discovery Dive,1,4600.0,Cancelled,Customer,T00679,1,20,False,2025-26,11,2025-11,False,
B005175,C03839,2025-11-05,2025-11-13,Course,4,25150.0,Completed,,T00679,2,8,False,2025-26,11,2025-11,False,25150.0
B005176,C03840,2025-11-09,2025-11-13,Fun Dive,2,6750.0,Cancelled,Customer,T00679,3,4,False,2025-26,11,2025-11,False,
B005177,C03841,2025-10-11,2025-11-13,Fun Dive,1,3300.0,Completed,,T00679,4,33,False,2025-26,11,2025-11,False,3300.0
B005178,C03842,2025-11-05,2025-11-13,Fun Dive,4,11650.0,Completed,,T00679,5,8,False,2025-26,11,2025-11,False,11650.0
B005179,C03843,2025-10-26,2025-11-13,Fun Dive,1,3550.0,Cancelled,Weather,T00679,6,18,False,2025-26,11,2025-11,False,
B005180,C03844,2025-10-17,2025-11-13,Discovery Dive,1,4400.0,Completed,,T00679,7,27,False,2025-26,11,2025-11,False,4400.0
B005181,C03845,2025-10-20,2025-11-13,Fun Dive,2,6800.0,Cancelled,Customer,T00679,9,24,False,2025-26,11,2025-11,False,
B005182,C03846,2025-11-12,2025-11-14,Discovery Dive,1,5200.0,Cancelled,Medical,T00680,1,2,False,2025-26,11,2025-11,False,
B005183,C03847,2025-11-04,2025-11-14,Fun Dive,2,6450.0,Completed,,T00680,2,10,False,2025-26,11,2025-11,False,6450.0
B005184,C03848,2025-10-05,2025-11-14,Fun Dive,2,7250.0,Completed,,T00680,3,40,False,2025-26,11,2025-11,False,7250.0
B005185,C03849,2025-10-30,2025-11-14,Fun Dive,1,3400.0,Completed,,T00680,4,15,False,2025-26,11,2025-11,False,3400.0
B005186,C03850,2025-10-24,2025-11-14,Fun Dive,1,3550.0,Cancelled,Medical,T00680,6,21,False,2025-26,11,2025-11,False,
B005187,C03851,2025-11-11,2025-11-14,Discovery Dive,2,9150.0,Completed,,T00680,7,3,False,2025-26,11,2025-11,False,9150.0
B005188,C03852,2025-10-23,2025-11-14,Fun Dive,4,14100.0,Completed,,T00680,9,22,False,2025-26,11,2025-11,False,14100.0
B005189,C03853,2025-10-01,2025-11-15,Fun Dive,2,6300.0,Completed,,T00681,1,45,False,2025-26,11,2025-11,True,6300.0
B005190,C03854,2025-10-11,2025-11-15,Fun Dive,3,9150.0,Completed,,T00681,2,35,False,2025-26,11,2025-11,True,9150.0
B005191,C03855,2025-10-12,2025-11-15,Discovery Dive,1,4600.0,Completed,,T00681,3,34,False,2025-26,11,2025-11,True,4600.0
B005192,C03856,2025-10-31,2025-11-15,Fun Dive,2,6200.0,Completed,,T00681,5,15,False,2025-26,11,2025-11,True,6200.0
B005193,C03857,2025-11-09,2025-11-15,Discovery Dive,1,5400.0,Completed,,T00681,6,6,False,2025-26,11,2025-11,True,5400.0
B005194,C03531,2025-10-29,2025-11-15,Fun Dive,4,15000.0,Cancelled,Weather,T00681,7,17,False,2025-26,11,2025-11,True,
B005195,C03858,2025-10-23,2025-11-16,Fun Dive,2,7450.0,Cancelled,Weather,T00682,1,24,False,2025-26,11,2025-11,True,
B005196,C03637,2025-11-12,2025-11-16,Fun Dive,2,7300.0,Completed,,T00682,2,4,False,2025-26,11,2025-11,True,7300.0
B005197,C03859,2025-11-07,2025-11-16,Fun Dive,2,6900.0,Cancelled,Customer,T00682,3,9,False,2025-26,11,2025-11,True,
B005198,C03860,2025-11-06,2025-11-16,Fun Dive,2,6900.0,Cancelled,Weather,T00682,4,10,False,2025-26,11,2025-11,True,
B005199,C03835,2025-10-28,2025-11-16,Fun Dive,4,13850.0,Cancelled,Weather,T00682,5,19,False,2025-26,11,2025-11,True,
B005200,C03861,2025-11-05,2025-11-16,Discovery Dive,1,5450.0,Cancelled,Unknown,T00682,6,11,False,2025-26,11,2025-11,True,
B005201,C03862,2025-10-27,2025-11-16,Course,5,23150.0,Cancelled,Unknown,T00682,7,20,False,2025-26,11,2025-11,True,
B005202,C03863,2025-11-07,2025-11-16,Discovery Dive,1,4550.0,Cancelled,Unknown,T00682,8,9,False,2025-26,11,2025-11,True,
B005203,C03864,2025-10-03,2025-11-16,Fun Dive,1,3100.0,Cancelled,Unknown,T00682,9,44,False,2025-26,11,2025-11,True,
B005204,C03865,2025-11-10,2025-11-16,Discovery Dive,1,5000.0,Cancelled,Unknown,T00682,12,6,False,2025-26,11,2025-11,True,
B005205,C03866,2025-11-10,2025-11-17,Discovery Dive,1,4700.0,Cancelled,Weather,T00683,1,7,False,2025-26,11,2025-11,False,
B005206,C03867,2025-10-24,2025-11-17,Course,4,26700.0,Completed,,T00683,3,24,False,2025-26,11,2025-11,False,26700.0
B005207,C03868,2025-11-04,2025-11-17,Fun Dive,1,3750.0,Completed,,T00683,4,13,False,2025-26,11,2025-11,False,3750.0
B005208,C03869,2025-10-18,2025-11-17,Discovery Dive,1,4150.0,Cancelled,Weather,T00683,5,30,False,2025-26,11,2025-11,False,
B005209,C03870,2025-10-12,2025-11-17,Course,4,22550.0,Cancelled,Weather,T00683,6,36,False,2025-26,11,2025-11,False,
B005210,C03741,2025-10-05,2025-11-17,Discovery Dive,1,4300.0,Completed,,T00683,7,43,False,2025-26,11,2025-11,False,4300.0
B005211,C03871,2025-10-30,2025-11-17,Discovery Dive,1,4350.0,Cancelled,Weather,T00683,8,18,False,2025-26,11,2025-11,False,
B005212,C03872,2025-11-16,2025-11-17,Discovery Dive,2,8950.0,Cancelled,Weather,T00683,9,1,False,2025-26,11,2025-11,False,
B005213,C03307,2025-11-13,2025-11-17,Fun Dive,4,11450.0,Completed,,T00683,10,4,False,2025-26,11,2025-11,False,11450.0
B005214,C03319,2025-10-13,2025-11-17,Fun Dive,3,11000.0,Cancelled,Weather,T00683,12,35,False,2025-26,11,2025-11,False,
B005215,C03398,2025-11-11,2025-11-18,Course,4,27150.0,Completed,,T00684,1,7,False,2025-26,11,2025-11,False,27150.0
B005216,C03873,2025-11-17,2025-11-18,Fun Dive,2,7150.0,Cancelled,Medical,T00684,2,1,False,2025-26,11,2025-11,False,
B005217,C03874,2025-10-30,2025-11-18,Discovery Dive,1,4300.0,Completed,,T00684,3,19,False,2025-26,11,2025-11,False,4300.0
B005218,C03761,2025-10-10,2025-11-18,Fun Dive,4,13350.0,Cancelled,Unknown,T00684,4,39,False,2025-26,11,2025-11,False,
B005219,C03875,2025-10-11,2025-11-18,Fun Dive,3,8600.0,Completed,,T00684,5,38,False,2025-26,11,2025-11,False,8600.0
B005220,C03454,2025-10-19,2025-11-18,Fun Dive,2,6750.0,Completed,,T00684,6,30,False,2025-26,11,2025-11,False,6750.0
B005221,C03876,2025-10-19,2025-11-18,Fun Dive,3,10750.0,Completed,,T00684,7,30,False,2025-26,11,2025-11,False,10750.0
B005222,C03877,2025-10-15,2025-11-18,Discovery Dive,1,5550.0,Completed,,T00684,8,34,False,2025-26,11,2025-11,False,5550.0
B005223,C03276,2025-11-16,2025-11-18,Course,4,26100.0,Cancelled,Medical,T00684,9,2,False,2025-26,11,2025-11,False,
B005224,C03878,2025-11-19,2025-11-19,Discovery Dive,1,4100.0,Completed,,T00685,2,0,False,2025-26,11,2025-11,False,4100.0
B005225,C03345,2025-10-22,2025-11-19,Course,4,20800.0,Completed,,T00685,3,28,False,2025-26,11,2025-11,False,20800.0
B005226,C03461,2025-10-18,2025-11-19,Fun Dive,1,3550.0,Completed,,T00685,4,32,False,2025-26,11,2025-11,False,3550.0
B005227,C03879,2025-11-02,2025-11-19,Fun Dive,4,12700.0,Completed,,T00685,5,17,False,2025-26,11,2025-11,False,12700.0
B005228,C03156,2025-11-14,2025-11-19,Discovery Dive,1,4150.0,Completed,,T00685,6,5,False,2025-26,11,2025-11,False,4150.0
B005229,C03880,2025-11-17,2025-11-19,Discovery Dive,1,4750.0,Completed,,T00685,7,2,False,2025-26,11,2025-11,False,4750.0
B005230,C03881,2025-11-10,2025-11-19,Discovery Dive,1,4350.0,Completed,,T00685,8,9,False,2025-26,11,2025-11,False,4350.0
B005231,C03882,2025-10-20,2025-11-19,Discovery Dive,1,4650.0,No-show,,T00685,10,30,False,2025-26,11,2025-11,False,
B005232,C03883,2025-10-30,2025-11-19,Fun Dive,4,11100.0,Cancelled,Medical,T00685,11,20,False,2025-26,11,2025-11,False,
B005233,C03884,2025-10-22,2025-11-20,Discovery Dive,2,8450.0,Completed,,T00686,2,29,False,2025-26,11,2025-11,False,8450.0
B005234,C03752,2025-11-13,2025-11-20,Fun Dive,2,6200.0,Completed,,T00686,3,7,False,2025-26,11,2025-11,False,6200.0
B005235,C03885,2025-10-27,2025-11-20,Fun Dive,2,5600.0,Completed,,T00686,4,24,False,2025-26,11,2025-11,False,5600.0
B005236,C03765,2025-11-06,2025-11-20,Fun Dive,2,5550.0,Completed,,T00686,5,14,False,2025-26,11,2025-11,False,5550.0
B005237,C03886,2025-11-01,2025-11-20,Fun Dive,2,6050.0,Cancelled,Unknown,T00686,6,19,False,2025-26,11,2025-11,False,
B005238,C03887,2025-10-16,2025-11-20,Discovery Dive,1,5600.0,Completed,,T00686,7,35,False,2025-26,11,2025-11,False,5600.0
B005239,C03888,2025-10-19,2025-11-20,Discovery Dive,1,4350.0,Completed,,T00686,9,32,False,2025-26,11,2025-11,False,4350.0
B005240,C03889,2025-11-04,2025-11-20,Fun Dive,4,14950.0,Cancelled,Customer,T00686,10,16,False,2025-26,11,2025-11,False,
B005241,C03890,2025-10-12,2025-11-20,Discovery Dive,1,5400.0,Completed,,T00686,11,39,False,2025-26,11,2025-11,False,5400.0
B005242,C03891,2025-10-27,2025-11-21,Discovery Dive,1,4400.0,Completed,,T00687,1,25,False,2025-26,11,2025-11,False,4400.0
B005243,C03892,2025-11-07,2025-11-21,Discovery Dive,1,5200.0,Completed,,T00687,2,14,False,2025-26,11,2025-11,False,5200.0
B005244,C03893,2025-10-26,2025-11-21,Fun Dive,2,7550.0,Completed,,T00687,3,26,False,2025-26,11,2025-11,False,7550.0
B005245,C03894,2025-10-26,2025-11-21,Fun Dive,2,6950.0,Completed,,T00687,5,26,False,2025-26,11,2025-11,False,6950.0
B005246,C03895,2025-11-04,2025-11-21,Course,5,26400.0,Completed,,T00687,6,17,False,2025-26,11,2025-11,False,26400.0
B005247,C03896,2025-10-23,2025-11-21,Fun Dive,2,7150.0,Completed,,T00687,7,29,False,2025-26,11,2025-11,False,7150.0
B005248,C03897,2025-10-17,2025-11-22,Course,5,25100.0,Completed,,T00688,4,36,False,2025-26,11,2025-11,True,25100.0
B005249,C03898,2025-10-21,2025-11-22,Discovery Dive,1,5000.0,Cancelled,Customer,T00688,5,32,False,2025-26,11,2025-11,True,
B005250,C03899,2025-10-25,2025-11-22,Discovery Dive,1,5400.0,Completed,,T00688,6,28,False,2025-26,11,2025-11,True,5400.0
B005251,C03900,2025-11-01,2025-11-22,Fun Dive,4,11050.0,Completed,,T00688,7,21,False,2025-26,11,2025-11,True,11050.0
B005252,C03901,2025-10-16,2025-11-22,Discovery Dive,1,4050.0,Completed,,T00688,8,37,False,2025-26,11,2025-11,True,4050.0
B005253,C03902,2025-10-16,2025-11-22,Fun Dive,1,3400.0,Completed,,T00688,9,37,False,2025-26,11,2025-11,True,3400.0
B005254,C03903,2025-10-12,2025-11-22,Course,4,25300.0,Completed,,T00688,11,41,False,2025-26,11,2025-11,True,25300.0
B005255,C03904,2025-11-19,2025-11-22,Discovery Dive,1,4350.0,Completed,,T00688,12,3,False,2025-26,11,2025-11,True,4350.0
B005256,C03905,2025-11-07,2025-11-23,Discovery Dive,1,5050.0,Completed,,T00689,1,16,False,2025-26,11,2025-11,True,5050.0
B005257,C03906,2025-11-11,2025-11-23,Discovery Dive,1,5050.0,Completed,,T00689,2,12,False,2025-26,11,2025-11,True,5050.0
B005258,C03907,2025-11-16,2025-11-23,Fun Dive,3,10150.0,Completed,,T00689,4,7,False,2025-26,11,2025-11,True,10150.0
B005259,C03908,2025-10-25,2025-11-23,Fun Dive,2,6850.0,Completed,,T00689,5,29,False,2025-26,11,2025-11,True,6850.0
B005260,C03909,2025-10-18,2025-11-23,Discovery Dive,1,4600.0,Completed,,T00689,6,36,False,2025-26,11,2025-11,True,4600.0
B005261,C01105,2025-10-24,2025-11-23,Fun Dive,2,7300.0,No-show,,T00689,7,30,False,2025-26,11,2025-11,True,
B005262,C03910,2025-10-14,2025-11-23,Fun Dive,3,9350.0,Cancelled,Customer,T00689,8,40,False,2025-26,11,2025-11,True,
B005263,C03687,2025-10-31,2025-11-23,Fun Dive,3,10750.0,Cancelled,Medical,T00690,1,23,False,2025-26,11,2025-11,True,
B005264,C03911,2025-10-31,2025-11-23,Fun Dive,4,14150.0,Completed,,T00690,2,23,False,2025-26,11,2025-11,True,14150.0
B005265,C01912,2025-11-09,2025-11-23,Fun Dive,3,11150.0,Completed,,T00690,3,14,False,2025-26,11,2025-11,True,11150.0
B005266,C03912,2025-10-13,2025-11-23,Fun Dive,4,13450.0,No-show,,T00690,4,41,False,2025-26,11,2025-11,True,
B005267,C03913,2025-10-10,2025-11-23,Fun Dive,2,6850.0,Completed,,T00690,5,44,False,2025-26,11,2025-11,True,6850.0
B005268,C03914,2025-11-02,2025-11-23,Discovery Dive,1,4450.0,Completed,,T00690,6,21,False,2025-26,11,2025-11,True,4450.0
B005269,C03915,2025-10-09,2025-11-23,Fun Dive,2,6750.0,Cancelled,Customer,T00690,7,45,False,2025-26,11,2025-11,True,
B005270,C03916,2025-10-12,2025-11-23,Fun Dive,3,9000.0,Completed,,T00690,9,42,False,2025-26,11,2025-11,True,9000.0
B005271,C03917,2025-10-29,2025-11-23,Fun Dive,3,8600.0,Completed,,T00690,10,25,False,2025-26,11,2025-11,True,8600.0
B005272,C03918,2025-11-08,2025-11-24,Course,4,26950.0,Completed,,T00691,1,16,False,2025-26,11,2025-11,False,26950.0
B005273,C03919,2025-10-31,2025-11-24,Discovery Dive,2,9950.0,Cancelled,Customer,T00691,3,24,False,2025-26,11,2025-11,False,
B005274,C03920,2025-10-20,2025-11-24,Discovery Dive,1,4400.0,Completed,,T00691,4,35,False,2025-26,11,2025-11,False,4400.0
B005275,C03921,2025-10-31,2025-11-24,Fun Dive,1,3350.0,Completed,,T00691,5,24,False,2025-26,11,2025-11,False,3350.0
B005276,C03922,2025-11-04,2025-11-24,Course,5,25400.0,Completed,,T00691,6,20,False,2025-26,11,2025-11,False,25400.0
B005277,C03923,2025-11-15,2025-11-24,Discovery Dive,1,4450.0,Completed,,T00691,7,9,False,2025-26,11,2025-11,False,4450.0
B005278,C03924,2025-10-16,2025-11-24,Discovery Dive,1,4450.0,Completed,,T00691,8,39,False,2025-26,11,2025-11,False,4450.0
B005279,C03925,2025-11-17,2025-11-25,Discovery Dive,1,4600.0,No-show,,T00692,2,8,False,2025-26,11,2025-11,False,
B005280,C03926,2025-11-22,2025-11-25,Discovery Dive,1,5150.0,Cancelled,Weather,T00692,3,3,False,2025-26,11,2025-11,False,
B005281,C03927,2025-11-02,2025-11-25,Fun Dive,2,5850.0,Completed,,T00692,4,23,False,2025-26,11,2025-11,False,5850.0
B005282,C03399,2025-10-14,2025-11-25,Fun Dive,1,3250.0,No-show,,T00692,5,42,False,2025-26,11,2025-11,False,
B005283,C03928,2025-10-12,2025-11-25,Discovery Dive,1,5400.0,No-show,,T00692,6,44,False,2025-26,11,2025-11,False,
B005284,C03929,2025-11-15,2025-11-25,Fun Dive,3,10800.0,Completed,,T00692,7,10,False,2025-26,11,2025-11,False,10800.0
B005285,C03930,2025-11-14,2025-11-25,Fun Dive,4,15100.0,Completed,,T00692,8,11,False,2025-26,11,2025-11,False,15100.0
B005286,C03454,2025-10-12,2025-11-25,Fun Dive,1,3050.0,Completed,,T00692,9,44,False,2025-26,11,2025-11,False,3050.0
B005287,C02342,2025-11-21,2025-11-25,Fun Dive,2,5750.0,Completed,,T00692,10,4,False,2025-26,11,2025-11,False,5750.0
B005288,C03931,2025-11-14,2025-11-25,Discovery Dive,1,5500.0,Completed,,T00692,11,11,False,2025-26,11,2025-11,False,5500.0
B005289,C03932,2025-11-21,2025-11-26,Discovery Dive,1,4600.0,Completed,,T00693,1,5,False,2025-26,11,2025-11,False,4600.0
B005290,C03933,2025-10-26,2025-11-26,Course,5,,Cancelled,Unknown,T00693,2,31,True,2025-26,11,2025-11,False,
B005291,C03934,2025-11-18,2025-11-26,Discovery Dive,1,4900.0,Completed,,T00693,3,8,False,2025-26,11,2025-11,False,4900.0
B005292,C03935,2025-11-18,2025-11-26,Discovery Dive,1,4400.0,Completed,,T00693,4,8,False,2025-26,11,2025-11,False,4400.0
B005293,C03936,2025-11-16,2025-11-26,Discovery Dive,2,9250.0,Completed,,T00693,7,10,False,2025-26,11,2025-11,False,9250.0
B005294,C03937,2025-11-17,2025-11-26,Discovery Dive,1,5350.0,Completed,,T00693,9,9,False,2025-26,11,2025-11,False,5350.0
B005295,C03938,2025-11-16,2025-11-26,Discovery Dive,1,5000.0,Completed,,T00693,10,10,False,2025-26,11,2025-11,False,5000.0
B005296,C03939,2025-10-31,2025-11-27,Discovery Dive,2,10850.0,Completed,,T00694,1,27,False,2025-26,11,2025-11,False,10850.0
B005297,C03940,2025-10-20,2025-11-27,Fun Dive,2,5750.0,Completed,,T00694,2,38,False,2025-26,11,2025-11,False,5750.0
B005298,C03941,2025-11-08,2025-11-27,Course,5,24650.0,Completed,,T00694,4,19,False,2025-26,11,2025-11,False,24650.0
B005299,C03942,2025-11-03,2025-11-27,Fun Dive,2,7400.0,Completed,,T00694,5,24,False,2025-26,11,2025-11,False,7400.0
B005300,C03943,2025-11-27,2025-11-27,Fun Dive,1,3700.0,Completed,,T00694,6,0,False,2025-26,11,2025-11,False,3700.0
B005301,C03944,2025-10-28,2025-11-27,Fun Dive,4,11200.0,Completed,,T00694,7,30,False,2025-26,11,2025-11,False,11200.0
B005302,C03945,2025-11-15,2025-11-27,Course,5,20850.0,Cancelled,Unknown,T00694,8,12,False,2025-26,11,2025-11,False,
B005303,C03946,2025-11-05,2025-11-27,Discovery Dive,2,9000.0,No-show,,T00694,9,22,False,2025-26,11,2025-11,False,
B005304,C03947,2025-10-27,2025-11-27,Discovery Dive,2,11000.0,Completed,,T00694,10,31,False,2025-26,11,2025-11,False,11000.0
B005305,C03948,2025-10-28,2025-11-27,Course,4,25950.0,Completed,,T00694,11,30,False,2025-26,11,2025-11,False,25950.0
B005306,C03949,2025-10-15,2025-11-28,Fun Dive,1,3000.0,Completed,,T00695,1,44,False,2025-26,11,2025-11,False,3000.0
B005307,C03950,2025-11-12,2025-11-28,Discovery Dive,1,5200.0,Completed,,T00695,2,16,False,2025-26,11,2025-11,False,5200.0
B005308,C03951,2025-11-11,2025-11-28,Course,5,22750.0,No-show,,T00695,4,17,False,2025-26,11,2025-11,False,
B005309,C03952,2025-10-16,2025-11-28,Fun Dive,1,3200.0,Completed,,T00695,5,43,False,2025-26,11,2025-11,False,3200.0
B005310,C03953,2025-10-19,2025-11-28,Discovery Dive,1,5250.0,Cancelled,Unknown,T00695,6,40,False,2025-26,11,2025-11,False,
B005311,C03954,2025-11-24,2025-11-28,Fun Dive,1,3800.0,Completed,,T00695,8,4,False,2025-26,11,2025-11,False,3800.0
B005312,C03955,2025-10-21,2025-11-28,Fun Dive,2,7600.0,Completed,,T00695,9,38,False,2025-26,11,2025-11,False,7600.0
B005313,C03956,2025-10-15,2025-11-28,Fun Dive,1,3500.0,Cancelled,Customer,T00695,10,44,False,2025-26,11,2025-11,False,
B005314,C01243,2025-11-24,2025-11-29,Discovery Dive,1,4850.0,Completed,,T00696,1,5,False,2025-26,11,2025-11,True,4850.0
B005315,C01419,2025-11-27,2025-11-29,Discovery Dive,1,5000.0,Completed,,T00696,2,2,False,2025-26,11,2025-11,True,5000.0
B005316,C03957,2025-11-08,2025-11-29,Course,4,26750.0,Cancelled,Customer,T00696,3,21,False,2025-26,11,2025-11,True,
B005317,C03958,2025-11-24,2025-11-29,Discovery Dive,1,5400.0,Completed,,T00696,4,5,False,2025-26,11,2025-11,True,5400.0
B005318,C03959,2025-10-20,2025-11-29,Fun Dive,1,3300.0,Completed,,T00696,5,40,False,2025-26,11,2025-11,True,3300.0
B005319,C03960,2025-11-20,2025-11-29,Discovery Dive,1,5550.0,Completed,,T00696,6,9,False,2025-26,11,2025-11,True,5550.0
B005320,C03961,2025-10-29,2025-11-29,Fun Dive,1,3150.0,Completed,,T00696,7,31,False,2025-26,11,2025-11,True,3150.0
B005321,C03962,2025-10-15,2025-11-29,Fun Dive,1,2800.0,Cancelled,Medical,T00696,8,45,False,2025-26,11,2025-11,True,
B005322,C03963,2025-11-19,2025-11-29,Fun Dive,2,5550.0,Completed,,T00696,9,10,False,2025-26,11,2025-11,True,5550.0
B005323,C03519,2025-10-22,2025-11-29,Fun Dive,2,7450.0,Completed,,T00696,11,38,False,2025-26,11,2025-11,True,7450.0
B005324,C03964,2025-11-23,2025-11-29,Fun Dive,1,3300.0,Completed,,T00697,1,6,False,2025-26,11,2025-11,True,3300.0
B005325,C03965,2025-10-17,2025-11-29,Discovery Dive,2,10550.0,No-show,,T00697,2,43,False,2025-26,11,2025-11,True,
B005326,C03966,2025-11-16,2025-11-29,Fun Dive,3,10650.0,Completed,,T00697,4,13,False,2025-26,11,2025-11,True,10650.0
B005327,C03967,2025-11-11,2025-11-29,Fun Dive,2,6750.0,Cancelled,Weather,T00697,5,18,False,2025-26,11,2025-11,True,
B005328,C03968,2025-11-04,2025-11-29,Fun Dive,1,3100.0,Completed,,T00697,6,25,False,2025-26,11,2025-11,True,3100.0
B005329,C03960,2025-10-18,2025-11-29,Fun Dive,2,6750.0,Completed,,T00697,8,42,False,2025-26,11,2025-11,True,6750.0
B005330,C03969,2025-11-09,2025-11-29,Fun Dive,2,6200.0,Cancelled,Weather,T00697,9,20,False,2025-26,11,2025-11,True,
B005331,C03478,2025-11-30,2025-11-30,Fun Dive,1,3200.0,Cancelled,Customer,T00698,1,0,False,2025-26,11,2025-11,True,
B005332,C03970,2025-10-25,2025-11-30,Discovery Dive,1,3950.0,Cancelled,Unknown,T00698,2,36,False,2025-26,11,2025-11,True,
B005333,C03971,2025-11-08,2025-11-30,Fun Dive,2,7400.0,Cancelled,Medical,T00698,3,22,False,2025-26,11,2025-11,True,
B005334,C03972,2025-11-03,2025-11-30,Discovery Dive,1,4450.0,Completed,,T00698,5,27,False,2025-26,11,2025-11,True,4450.0
B005335,C03973,2025-11-19,2025-11-30,Course,5,26000.0,Completed,,T00698,6,11,False,2025-26,11,2025-11,True,26000.0
B005336,C03974,2025-10-31,2025-11-30,Discovery Dive,1,5450.0,Completed,,T00698,7,30,False,2025-26,11,2025-11,True,5450.0
B005337,C02622,2025-11-26,2025-11-30,Fun Dive,1,3400.0,Completed,,T00698,8,4,False,2025-26,11,2025-11,True,3400.0
B005338,C03975,2025-11-26,2025-12-01,Discovery Dive,1,4550.0,Cancelled,Weather,T00699,1,5,False,2025-26,12,2025-12,False,
B005339,C03976,2025-10-26,2025-12-01,Fun Dive,1,3450.0,Completed,,T00699,2,36,False,2025-26,12,2025-12,False,3450.0
B005340,C03977,2025-11-30,2025-12-01,Fun Dive,1,3450.0,Completed,,T00699,3,1,False,2025-26,12,2025-12,False,3450.0
B005341,C03978,2025-10-30,2025-12-01,Discovery Dive,1,5050.0,Completed,,T00699,5,32,False,2025-26,12,2025-12,False,5050.0
B005342,C03979,2025-11-10,2025-12-01,Fun Dive,4,14450.0,Completed,,T00699,7,21,False,2025-26,12,2025-12,False,14450.0
B005343,C02243,2025-11-14,2025-12-01,Fun Dive,4,13800.0,Completed,,T00699,8,17,False,2025-26,12,2025-12,False,13800.0
B005344,C03980,2025-11-29,2025-12-01,Fun Dive,2,5950.0,Completed,,T00699,9,2,False,2025-26,12,2025-12,False,5950.0
B005345,C03981,2025-11-30,2025-12-01,Discovery Dive,1,4900.0,Completed,,T00699,10,1,False,2025-26,12,2025-12,False,4900.0
B005346,C03982,2025-10-29,2025-12-01,Fun Dive,1,3300.0,Completed,,T00699,11,33,False,2025-26,12,2025-12,False,3300.0
B005347,C03983,2025-11-28,2025-12-01,Discovery Dive,1,5200.0,Completed,,T00699,12,3,False,2025-26,12,2025-12,False,5200.0
B005348,C03984,2025-11-16,2025-12-01,Discovery Dive,1,4200.0,Completed,,T00700,2,15,False,2025-26,12,2025-12,False,4200.0
B005349,C03985,2025-11-27,2025-12-01,Fun Dive,3,8350.0,Completed,,T00700,3,4,False,2025-26,12,2025-12,False,8350.0
B005350,C03986,2025-10-18,2025-12-01,Fun Dive,1,2800.0,Completed,,T00700,4,44,False,2025-26,12,2025-12,False,2800.0
B005351,C03987,2025-11-29,2025-12-01,Discovery Dive,1,4050.0,Completed,,T00700,5,2,False,2025-26,12,2025-12,False,4050.0
B005352,C03988,2025-10-23,2025-12-01,Course,5,22250.0,Cancelled,Medical,T00700,6,39,False,2025-26,12,2025-12,False,
B005353,C03989,2025-11-16,2025-12-01,Course,4,25650.0,Completed,,T00700,7,15,False,2025-26,12,2025-12,False,25650.0
B005354,C03990,2025-11-22,2025-12-01,Fun Dive,1,3150.0,Completed,,T00700,8,9,False,2025-26,12,2025-12,False,3150.0
B005355,C03991,2025-11-24,2025-12-01,Fun Dive,1,2850.0,No-show,,T00700,10,7,False,2025-26,12,2025-12,False,
B005356,C03992,2025-10-28,2025-12-01,Fun Dive,2,7350.0,Completed,,T00700,11,34,False,2025-26,12,2025-12,False,7350.0
B005357,C03993,2025-11-27,2025-12-01,Fun Dive,1,3550.0,Completed,,T00700,12,4,False,2025-26,12,2025-12,False,3550.0
B005358,C03994,2025-10-24,2025-12-02,Discovery Dive,1,4400.0,Completed,,T00701,2,39,False,2025-26,12,2025-12,False,4400.0
B005359,C03995,2025-11-12,2025-12-02,Fun Dive,2,7400.0,Completed,,T00701,3,20,False,2025-26,12,2025-12,False,7400.0
B005360,C03996,2025-11-07,2025-12-02,Fun Dive,3,10250.0,Completed,,T00701,4,25,False,2025-26,12,2025-12,False,10250.0
B005361,C03997,2025-11-07,2025-12-02,Discovery Dive,1,4100.0,Completed,,T00701,5,25,False,2025-26,12,2025-12,False,4100.0
B005362,C03998,2025-11-03,2025-12-02,Fun Dive,1,3550.0,Cancelled,Customer,T00701,7,29,False,2025-26,12,2025-12,False,
B005363,C03999,2025-10-29,2025-12-02,Fun Dive,2,6350.0,Completed,,T00701,9,34,False,2025-26,12,2025-12,False,6350.0
B005364,C04000,2025-12-02,2025-12-02,Fun Dive,3,8600.0,Completed,,T00701,10,0,False,2025-26,12,2025-12,False,8600.0
B005365,C04001,2025-11-21,2025-12-02,Discovery Dive,1,4100.0,Completed,,T00701,11,11,False,2025-26,12,2025-12,False,4100.0
B005366,C04002,2025-10-30,2025-12-02,Fun Dive,1,3750.0,Completed,,T00702,2,33,False,2025-26,12,2025-12,False,3750.0
B005367,C04003,2025-11-20,2025-12-02,Discovery Dive,1,4150.0,Cancelled,Unknown,T00702,3,12,False,2025-26,12,2025-12,False,
B005368,C04004,2025-11-21,2025-12-02,Fun Dive,2,6750.0,Cancelled,Medical,T00702,4,11,False,2025-26,12,2025-12,False,
B005369,C04005,2025-11-03,2025-12-02,Discovery Dive,1,4200.0,Completed,,T00702,7,29,False,2025-26,12,2025-12,False,4200.0
B005370,C04006,2025-11-02,2025-12-02,Fun Dive,1,3700.0,Completed,,T00702,8,30,False,2025-26,12,2025-12,False,3700.0
B005371,C04007,2025-12-02,2025-12-02,Fun Dive,3,11250.0,Completed,,T00702,9,0,False,2025-26,12,2025-12,False,11250.0
B005372,C04008,2025-11-13,2025-12-02,Course,5,20150.0,Cancelled,Customer,T00702,10,19,False,2025-26,12,2025-12,False,
B005373,C04009,2025-10-20,2025-12-02,Course,4,25500.0,Completed,,T00702,11,43,False,2025-26,12,2025-12,False,25500.0
B005374,C04010,2025-11-07,2025-12-02,Course,5,20400.0,Completed,,T00702,12,25,False,2025-26,12,2025-12,False,20400.0
B005375,C00680,2025-12-02,2025-12-03,Course,5,23800.0,Completed,,T00703,1,1,False,2025-26,12,2025-12,False,23800.0
B005376,C04011,2025-10-30,2025-12-03,Course,4,25800.0,Completed,,T00703,3,34,False,2025-26,12,2025-12,False,25800.0
B005377,C04012,2025-11-07,2025-12-03,Fun Dive,1,3750.0,Completed,,T00703,4,26,False,2025-26,12,2025-12,False,3750.0
B005378,C03387,2025-10-28,2025-12-03,Discovery Dive,2,8250.0,Completed,,T00703,6,36,False,2025-26,12,2025-12,False,8250.0
B005379,C04013,2025-10-30,2025-12-03,Fun Dive,4,11850.0,No-show,,T00703,7,34,False,2025-26,12,2025-12,False,
B005380,C04014,2025-12-01,2025-12-03,Discovery Dive,1,5500.0,Completed,,T00703,8,2,False,2025-26,12,2025-12,False,5500.0
B005381,C04015,2025-11-11,2025-12-03,Fun Dive,2,5500.0,Completed,,T00703,9,22,False,2025-26,12,2025-12,False,5500.0
B005382,C02139,2025-11-10,2025-12-03,Fun Dive,1,3350.0,Completed,,T00703,10,23,False,2025-26,12,2025-12,False,3350.0
B005383,C04016,2025-10-21,2025-12-03,Fun Dive,1,2800.0,Completed,,T00703,11,43,False,2025-26,12,2025-12,False,2800.0
B005384,C04017,2025-11-06,2025-12-04,Discovery Dive,2,9750.0,Completed,,T00704,2,28,False,2025-26,12,2025-12,False,9750.0
B005385,C04018,2025-11-15,2025-12-04,Discovery Dive,1,5100.0,Completed,,T00704,3,19,False,2025-26,12,2025-12,False,5100.0
B005386,C04019,2025-11-07,2025-12-04,Fun Dive,2,7100.0,Cancelled,Weather,T00704,4,27,False,2025-26,12,2025-12,False,
B005387,C04020,2025-11-09,2025-12-04,Fun Dive,4,15000.0,Completed,,T00704,5,25,False,2025-26,12,2025-12,False,15000.0
B005388,C04021,2025-11-09,2025-12-04,Course,5,25500.0,Cancelled,Unknown,T00704,6,25,False,2025-26,12,2025-12,False,
B005389,C03971,2025-11-09,2025-12-04,Fun Dive,4,15150.0,Completed,,T00704,7,25,False,2025-26,12,2025-12,False,15150.0
B005390,C04022,2025-11-16,2025-12-04,Fun Dive,3,8850.0,Completed,,T00704,8,18,False,2025-26,12,2025-12,False,8850.0
B005391,C04023,2025-11-06,2025-12-04,Discovery Dive,1,4950.0,Completed,,T00704,9,28,False,2025-26,12,2025-12,False,4950.0
B005392,C04024,2025-11-27,2025-12-04,Fun Dive,4,13400.0,Completed,,T00704,10,7,False,2025-26,12,2025-12,False,13400.0
B005393,C04025,2025-11-29,2025-12-04,Discovery Dive,1,4750.0,No-show,,T00704,11,5,False,2025-26,12,2025-12,False,
B005394,C04026,2025-11-13,2025-12-05,Course,4,24700.0,Completed,,T00705,1,22,False,2025-26,12,2025-12,False,24700.0
B005395,C04027,2025-11-27,2025-12-05,Course,4,24400.0,Completed,,T00705,2,8,False,2025-26,12,2025-12,False,24400.0
B005396,C04028,2025-11-04,2025-12-05,Fun Dive,1,3300.0,Completed,,T00705,3,31,False,2025-26,12,2025-12,False,3300.0
B005397,C04029,2025-11-19,2025-12-05,Course,4,22400.0,Cancelled,Customer,T00705,4,16,False,2025-26,12,2025-12,False,
B005398,C04030,2025-12-04,2025-12-05,Fun Dive,2,6350.0,Completed,,T00705,5,1,False,2025-26,12,2025-12,False,6350.0
B005399,C04031,2025-10-27,2025-12-05,Fun Dive,1,3450.0,Completed,,T00705,7,39,False,2025-26,12,2025-12,False,3450.0
B005400,C04032,2025-10-29,2025-12-05,Discovery Dive,1,5200.0,Completed,,T00706,1,37,False,2025-26,12,2025-12,False,5200.0
B005401,C04033,2025-11-09,2025-12-05,Fun Dive,3,10250.0,Completed,,T00706,2,26,False,2025-26,12,2025-12,False,10250.0
B005402,C01931,2025-10-25,2025-12-05,Fun Dive,2,7250.0,Cancelled,Customer,T00706,3,41,False,2025-26,12,2025-12,False,
B005403,C04034,2025-11-16,2025-12-05,Discovery Dive,1,5100.0,Completed,,T00706,5,19,False,2025-26,12,2025-12,False,5100.0
B005404,C04035,2025-12-02,2025-12-05,Discovery Dive,2,10450.0,Completed,,T00706,6,3,False,2025-26,12,2025-12,False,10450.0
B005405,C03295,2025-11-24,2025-12-05,Fun Dive,1,3600.0,Completed,,T00706,7,11,False,2025-26,12,2025-12,False,3600.0
B005406,C04036,2025-10-31,2025-12-05,Fun Dive,3,9600.0,Completed,,T00706,8,35,False,2025-26,12,2025-12,False,9600.0
B005407,C04037,2025-11-06,2025-12-05,Discovery Dive,1,4850.0,Cancelled,Unknown,T00706,9,29,False,2025-26,12,2025-12,False,
B005408,C03058,2025-12-01,2025-12-05,Fun Dive,2,7050.0,Completed,,T00706,10,4,False,2025-26,12,2025-12,False,7050.0
B005409,C04038,2025-12-03,2025-12-05,Fun Dive,1,3650.0,Completed,,T00706,12,2,False,2025-26,12,2025-12,False,3650.0
B005410,C04039,2025-11-27,2025-12-06,Fun Dive,2,6500.0,Completed,,T00707,1,9,False,2025-26,12,2025-12,True,6500.0
B005411,C03677,2025-12-04,2025-12-06,Fun Dive,4,12650.0,Completed,,T00707,2,2,False,2025-26,12,2025-12,True,12650.0
B005412,C04040,2025-11-06,2025-12-06,Course,4,24200.0,Completed,,T00707,3,30,False,2025-26,12,2025-12,True,24200.0
B005413,C04041,2025-10-31,2025-12-06,Fun Dive,4,13600.0,Cancelled,Medical,T00707,5,36,False,2025-26,12,2025-12,True,
B005414,C04042,2025-11-11,2025-12-06,Course,4,27600.0,Completed,,T00707,7,25,False,2025-26,12,2025-12,True,27600.0
B005415,C04043,2025-10-30,2025-12-06,Course,4,26950.0,Cancelled,Customer,T00707,8,37,False,2025-26,12,2025-12,True,
B005416,C03355,2025-10-23,2025-12-06,Fun Dive,1,3700.0,Completed,,T00707,9,44,False,2025-26,12,2025-12,True,3700.0
B005417,C04044,2025-11-30,2025-12-06,Fun Dive,3,9500.0,Cancelled,Medical,T00707,10,6,False,2025-26,12,2025-12,True,
B005418,C04045,2025-12-05,2025-12-06,Fun Dive,3,8600.0,Completed,,T00707,12,1,False,2025-26,12,2025-12,True,8600.0
B005419,C03979,2025-11-20,2025-12-07,Course,5,24500.0,Completed,,T00708,1,17,False,2025-26,12,2025-12,True,24500.0
B005420,C04046,2025-11-25,2025-12-07,Discovery Dive,1,4500.0,Completed,,T00708,2,12,False,2025-26,12,2025-12,True,4500.0
B005421,C04047,2025-11-27,2025-12-07,Discovery Dive,1,4600.0,Completed,,T00708,3,10,False,2025-26,12,2025-12,True,4600.0
B005422,C04048,2025-11-30,2025-12-07,Fun Dive,2,5950.0,Completed,,T00708,4,7,False,2025-26,12,2025-12,True,5950.0
B005423,C04049,2025-12-04,2025-12-07,Discovery Dive,1,4750.0,Completed,,T00708,5,3,False,2025-26,12,2025-12,True,4750.0
B005424,C04050,2025-11-29,2025-12-07,Discovery Dive,1,4050.0,Completed,,T00708,7,8,False,2025-26,12,2025-12,True,4050.0
B005425,C04051,2025-10-27,2025-12-07,Fun Dive,1,3550.0,Completed,,T00708,8,41,False,2025-26,12,2025-12,True,3550.0
B005426,C04052,2025-11-11,2025-12-07,Discovery Dive,2,10400.0,Completed,,T00708,9,26,False,2025-26,12,2025-12,True,10400.0
B005427,C04053,2025-11-28,2025-12-07,Discovery Dive,1,4750.0,Completed,,T00709,1,9,False,2025-26,12,2025-12,True,4750.0
B005428,C04054,2025-11-23,2025-12-07,Fun Dive,3,10700.0,Completed,,T00709,3,14,False,2025-26,12,2025-12,True,10700.0
B005429,C04055,2025-11-15,2025-12-07,Discovery Dive,2,10250.0,Completed,,T00709,4,22,False,2025-26,12,2025-12,True,10250.0
B005430,C04056,2025-12-03,2025-12-07,Fun Dive,4,13700.0,Completed,,T00709,5,4,False,2025-26,12,2025-12,True,13700.0
B005431,C04057,2025-10-23,2025-12-07,Fun Dive,4,12500.0,Completed,,T00709,6,45,False,2025-26,12,2025-12,True,12500.0
B005432,C04058,2025-11-23,2025-12-07,Discovery Dive,1,4050.0,Cancelled,Customer,T00709,7,14,False,2025-26,12,2025-12,True,
B005433,C00499,2025-10-28,2025-12-07,Fun Dive,1,3450.0,Completed,,T00709,8,40,False,2025-26,12,2025-12,True,3450.0
B005434,C04059,2025-12-03,2025-12-08,Discovery Dive,1,4100.0,Completed,,T00710,1,5,False,2025-26,12,2025-12,False,4100.0
B005435,C04060,2025-10-24,2025-12-08,Fun Dive,1,3500.0,Completed,,T00710,2,45,False,2025-26,12,2025-12,False,3500.0
B005436,C04061,2025-12-07,2025-12-08,Fun Dive,3,11000.0,Completed,,T00710,3,1,False,2025-26,12,2025-12,False,11000.0
B005437,C04062,2025-12-05,2025-12-08,Course,5,26750.0,Completed,,T00710,4,3,False,2025-26,12,2025-12,False,26750.0
B005438,C04063,2025-12-03,2025-12-08,Discovery Dive,1,4700.0,Cancelled,Unknown,T00710,5,5,False,2025-26,12,2025-12,False,
B005439,C04064,2025-11-15,2025-12-08,Fun Dive,1,3750.0,Completed,,T00710,6,23,False,2025-26,12,2025-12,False,3750.0
B005440,C00005,2025-11-07,2025-12-08,Course,5,24950.0,Completed,,T00710,7,31,False,2025-26,12,2025-12,False,24950.0
B005441,C04065,2025-11-30,2025-12-09,Fun Dive,2,7750.0,Completed,,T00711,1,9,False,2025-26,12,2025-12,False,7750.0
B005442,C04066,2025-11-24,2025-12-09,Fun Dive,1,3600.0,Completed,,T00711,2,15,False,2025-26,12,2025-12,False,3600.0
B005443,C04067,2025-11-26,2025-12-09,Discovery Dive,1,5000.0,Completed,,T00711,3,13,False,2025-26,12,2025-12,False,5000.0
B005444,C04068,2025-11-02,2025-12-09,Discovery Dive,2,11000.0,Completed,,T00711,4,37,False,2025-26,12,2025-12,False,11000.0
B005445,C04069,2025-12-07,2025-12-09,Course,4,24550.0,Completed,,T00711,5,2,False,2025-26,12,2025-12,False,24550.0
B005446,C04070,2025-11-20,2025-12-09,Fun Dive,1,3200.0,Completed,,T00711,6,19,False,2025-26,12,2025-12,False,3200.0
B005447,C04071,2025-11-02,2025-12-09,Fun Dive,2,6250.0,Completed,,T00711,7,37,False,2025-26,12,2025-12,False,6250.0
B005448,C04072,2025-11-20,2025-12-09,Discovery Dive,1,4900.0,Completed,,T00711,8,19,False,2025-26,12,2025-12,False,4900.0
B005449,C04073,2025-10-31,2025-12-09,Fun Dive,2,7150.0,Completed,,T00711,10,39,False,2025-26,12,2025-12,False,7150.0
B005450,C03348,2025-12-01,2025-12-09,Fun Dive,1,3350.0,Completed,,T00711,11,8,False,2025-26,12,2025-12,False,3350.0
B005451,C04074,2025-11-07,2025-12-10,Fun Dive,2,6250.0,Completed,,T00712,1,33,False,2025-26,12,2025-12,False,6250.0
B005452,C04075,2025-11-30,2025-12-10,Fun Dive,1,3700.0,Completed,,T00712,3,10,False,2025-26,12,2025-12,False,3700.0
B005453,C04076,2025-10-31,2025-12-10,Fun Dive,1,3400.0,Completed,,T00712,4,40,False,2025-26,12,2025-12,False,3400.0
B005454,C04077,2025-11-21,2025-12-10,Discovery Dive,1,4350.0,Completed,,T00712,5,19,False,2025-26,12,2025-12,False,4350.0
B005455,C03540,2025-10-27,2025-12-10,Fun Dive,1,3300.0,Cancelled,Unknown,T00712,6,44,False,2025-26,12,2025-12,False,
B005456,C04078,2025-11-28,2025-12-10,Discovery Dive,1,4500.0,Cancelled,Medical,T00712,7,12,False,2025-26,12,2025-12,False,
B005457,C04079,2025-11-24,2025-12-10,Fun Dive,4,13200.0,Completed,,T00712,8,16,False,2025-26,12,2025-12,False,13200.0
B005458,C04080,2025-11-28,2025-12-10,Fun Dive,4,13500.0,Completed,,T00712,9,12,False,2025-26,12,2025-12,False,13500.0
B005459,C04081,2025-11-06,2025-12-10,Fun Dive,1,2750.0,Cancelled,Customer,T00713,1,34,False,2025-26,12,2025-12,False,
B005460,C04082,2025-11-10,2025-12-10,Fun Dive,4,11700.0,Completed,,T00713,2,30,False,2025-26,12,2025-12,False,11700.0
B005461,C04083,2025-11-24,2025-12-10,Fun Dive,2,6500.0,Completed,,T00713,4,16,False,2025-26,12,2025-12,False,6500.0
B005462,C03511,2025-11-25,2025-12-10,Fun Dive,1,3700.0,Completed,,T00713,6,15,False,2025-26,12,2025-12,False,3700.0
B005463,C01092,2025-11-10,2025-12-10,Course,5,26800.0,Cancelled,Customer,T00713,8,30,False,2025-26,12,2025-12,False,
B005464,C04084,2025-11-17,2025-12-10,Discovery Dive,1,5050.0,Completed,,T00713,9,23,False,2025-26,12,2025-12,False,5050.0
B005465,C04085,2025-11-28,2025-12-10,Fun Dive,4,14850.0,Completed,,T00713,10,12,False,2025-26,12,2025-12,False,14850.0
B005466,C03551,2025-11-17,2025-12-10,Course,4,26250.0,Completed,,T00713,11,23,False,2025-26,12,2025-12,False,26250.0
B005467,C04086,2025-12-05,2025-12-10,Discovery Dive,1,4600.0,Completed,,T00713,12,5,False,2025-26,12,2025-12,False,4600.0
B005468,C03391,2025-12-06,2025-12-11,Discovery Dive,1,5350.0,Cancelled,Customer,T00714,1,5,False,2025-26,12,2025-12,False,
B005469,C04087,2025-11-09,2025-12-11,Course,5,25600.0,Completed,,T00714,2,32,False,2025-26,12,2025-12,False,25600.0
B005470,C04088,2025-11-22,2025-12-11,Discovery Dive,1,5350.0,Completed,,T00714,3,19,False,2025-26,12,2025-12,False,5350.0
B005471,C04089,2025-11-03,2025-12-11,Discovery Dive,1,4100.0,Completed,,T00714,4,38,False,2025-26,12,2025-12,False,4100.0
B005472,C04090,2025-10-31,2025-12-11,Fun Dive,4,15050.0,Completed,,T00714,5,41,False,2025-26,12,2025-12,False,15050.0
B005473,C04091,2025-10-29,2025-12-11,Discovery Dive,1,3950.0,Completed,,T00714,6,43,False,2025-26,12,2025-12,False,3950.0
B005474,C04092,2025-12-02,2025-12-11,Discovery Dive,1,5450.0,Cancelled,Customer,T00714,7,9,False,2025-26,12,2025-12,False,
B005475,C04093,2025-11-21,2025-12-11,Fun Dive,4,14650.0,Completed,,T00715,1,20,False,2025-26,12,2025-12,False,14650.0
B005476,C04094,2025-12-04,2025-12-11,Discovery Dive,1,4350.0,Completed,,T00715,2,7,False,2025-26,12,2025-12,False,4350.0
B005477,C00279,2025-11-25,2025-12-11,Discovery Dive,1,5050.0,Cancelled,Customer,T00715,3,16,False,2025-26,12,2025-12,False,
B005478,C04095,2025-10-29,2025-12-11,Fun Dive,2,6500.0,Completed,,T00715,4,43,False,2025-26,12,2025-12,False,6500.0
B005479,C04096,2025-11-02,2025-12-11,Fun Dive,1,3000.0,Completed,,T00715,5,39,False,2025-26,12,2025-12,False,3000.0
B005480,C02824,2025-12-07,2025-12-11,Fun Dive,2,7000.0,Completed,,T00715,6,4,False,2025-26,12,2025-12,False,7000.0
B005481,C04097,2025-11-18,2025-12-11,Discovery Dive,1,4900.0,Completed,,T00715,7,23,False,2025-26,12,2025-12,False,4900.0
B005482,C04098,2025-11-20,2025-12-11,Discovery Dive,1,4950.0,Completed,,T00715,8,21,False,2025-26,12,2025-12,False,4950.0
B005483,C04099,2025-10-30,2025-12-11,Discovery Dive,1,5050.0,Completed,,T00715,10,42,False,2025-26,12,2025-12,False,5050.0
B005484,C03442,2025-11-16,2025-12-11,Fun Dive,3,9850.0,Cancelled,Customer,T00715,11,25,False,2025-26,12,2025-12,False,
B005485,C04100,2025-11-16,2025-12-12,Discovery Dive,2,8800.0,Completed,,T00716,2,26,False,2025-26,12,2025-12,False,8800.0
B005486,C04101,2025-11-11,2025-12-12,Discovery Dive,1,4600.0,Completed,,T00716,5,31,False,2025-26,12,2025-12,False,4600.0
B005487,C04102,2025-12-09,2025-12-12,Fun Dive,1,3400.0,Completed,,T00716,6,3,False,2025-26,12,2025-12,False,3400.0
B005488,C04103,2025-12-08,2025-12-12,Fun Dive,2,5900.0,Completed,,T00716,7,4,False,2025-26,12,2025-12,False,5900.0
B005489,C04104,2025-12-04,2025-12-12,Fun Dive,4,13750.0,Completed,,T00716,8,8,False,2025-26,12,2025-12,False,13750.0
B005490,C03722,2025-12-09,2025-12-12,Discovery Dive,1,4200.0,Completed,,T00716,9,3,False,2025-26,12,2025-12,False,4200.0
B005491,C04105,2025-11-10,2025-12-12,Fun Dive,1,3050.0,Cancelled,Customer,T00716,10,32,False,2025-26,12,2025-12,False,
B005492,C03755,2025-11-12,2025-12-13,Discovery Dive,1,4100.0,Completed,,T00717,2,31,False,2025-26,12,2025-12,True,4100.0
B005493,C03576,2025-11-07,2025-12-13,Fun Dive,3,8850.0,No-show,,T00717,3,36,False,2025-26,12,2025-12,True,
B005494,C01762,2025-12-03,2025-12-13,Discovery Dive,1,4500.0,Completed,,T00717,4,10,False,2025-26,12,2025-12,True,4500.0
B005495,C04106,2025-11-28,2025-12-13,Discovery Dive,1,4950.0,Completed,,T00717,5,15,False,2025-26,12,2025-12,True,4950.0
B005496,C04107,2025-12-13,2025-12-13,Discovery Dive,1,4100.0,Completed,,T00717,6,0,False,2025-26,12,2025-12,True,4100.0
B005497,C04108,2025-10-31,2025-12-13,Course,4,24350.0,Cancelled,Customer,T00717,7,43,False,2025-26,12,2025-12,True,
B005498,C03544,2025-12-09,2025-12-13,Fun Dive,2,7350.0,Cancelled,Customer,T00717,8,4,False,2025-26,12,2025-12,True,
B005499,C04109,2025-11-21,2025-12-14,Discovery Dive,1,5050.0,Completed,,T00718,1,23,False,2025-26,12,2025-12,True,5050.0
B005500,C04110,2025-11-10,2025-12-14,Fun Dive,1,2950.0,Completed,,T00718,2,34,False,2025-26,12,2025-12,True,2950.0
B005501,C04111,2025-11-08,2025-12-14,Fun Dive,3,10050.0,Completed,,T00718,3,36,False,2025-26,12,2025-12,True,10050.0
B005502,C04112,2025-11-20,2025-12-14,Fun Dive,2,6650.0,Cancelled,Customer,T00718,4,24,False,2025-26,12,2025-12,True,
B005503,C04113,2025-11-20,2025-12-14,Fun Dive,2,5850.0,Completed,,T00718,5,24,False,2025-26,12,2025-12,True,5850.0
B005504,C02396,2025-11-25,2025-12-14,Fun Dive,2,7400.0,Completed,,T00718,6,19,False,2025-26,12,2025-12,True,7400.0
B005505,C04114,2025-12-09,2025-12-14,Discovery Dive,1,4550.0,Completed,,T00718,7,5,False,2025-26,12,2025-12,True,4550.0
B005506,C04115,2025-11-09,2025-12-14,Discovery Dive,2,9150.0,Cancelled,Medical,T00718,8,35,False,2025-26,12,2025-12,True,
B005507,C03783,2025-11-21,2025-12-14,Fun Dive,1,2800.0,Completed,,T00718,9,23,False,2025-26,12,2025-12,True,2800.0
B005508,C04116,2025-11-24,2025-12-14,Fun Dive,1,3050.0,Cancelled,Customer,T00718,10,20,False,2025-26,12,2025-12,True,
B005509,C04117,2025-11-12,2025-12-15,Fun Dive,1,3050.0,Completed,,T00719,2,33,False,2025-26,12,2025-12,False,3050.0
B005510,C04118,2025-11-30,2025-12-15,Discovery Dive,2,9600.0,Completed,,T00719,3,15,False,2025-26,12,2025-12,False,9600.0
B005511,C04119,2025-12-14,2025-12-15,Discovery Dive,1,4550.0,No-show,,T00719,4,1,False,2025-26,12,2025-12,False,
B005512,C04120,2025-11-09,2025-12-15,Discovery Dive,2,10050.0,Completed,,T00719,6,36,False,2025-26,12,2025-12,False,10050.0
B005513,C04121,2025-12-12,2025-12-15,Course,5,26600.0,Cancelled,Medical,T00719,7,3,False,2025-26,12,2025-12,False,
B005514,C04122,2025-11-05,2025-12-15,Discovery Dive,1,3950.0,Cancelled,Unknown,T00719,8,40,False,2025-26,12,2025-12,False,
B005515,C04123,2025-11-24,2025-12-15,Fun Dive,3,9950.0,Completed,,T00719,9,21,False,2025-26,12,2025-12,False,9950.0
B005516,C04124,2025-12-05,2025-12-15,Discovery Dive,1,4300.0,Completed,,T00720,1,10,False,2025-26,12,2025-12,False,4300.0
B005517,C04125,2025-11-10,2025-12-15,Discovery Dive,1,4900.0,Completed,,T00720,2,35,False,2025-26,12,2025-12,False,4900.0
B005518,C04126,2025-12-04,2025-12-15,Discovery Dive,1,5100.0,Completed,,T00720,3,11,False,2025-26,12,2025-12,False,5100.0
B005519,C04127,2025-12-11,2025-12-15,Fun Dive,2,6250.0,Completed,,T00720,5,4,False,2025-26,12,2025-12,False,6250.0
B005520,C04128,2025-11-24,2025-12-15,Fun Dive,2,6550.0,Cancelled,Customer,T00720,6,21,False,2025-26,12,2025-12,False,
B005521,C03450,2025-12-06,2025-12-15,Discovery Dive,1,5350.0,Completed,,T00720,9,9,False,2025-26,12,2025-12,False,5350.0
B005522,C04129,2025-11-03,2025-12-15,Discovery Dive,2,10350.0,Cancelled,Customer,T00720,11,42,False,2025-26,12,2025-12,False,
B005523,C04130,2025-11-22,2025-12-15,Discovery Dive,1,5000.0,Completed,,T00720,12,23,False,2025-26,12,2025-12,False,5000.0
B005524,C04131,2025-12-09,2025-12-16,Discovery Dive,2,9600.0,Completed,,T00721,1,7,False,2025-26,12,2025-12,False,9600.0
B005525,C04132,2025-11-22,2025-12-16,Discovery Dive,1,5250.0,Completed,,T00721,2,24,False,2025-26,12,2025-12,False,5250.0
B005526,C03508,2025-11-08,2025-12-16,Fun Dive,3,10800.0,Cancelled,Customer,T00721,3,38,False,2025-26,12,2025-12,False,
B005527,C04006,2025-11-13,2025-12-16,Fun Dive,2,7400.0,Completed,,T00721,5,33,False,2025-26,12,2025-12,False,7400.0
B005528,C04133,2025-12-15,2025-12-16,Fun Dive,2,6700.0,Cancelled,Customer,T00721,6,1,False,2025-26,12,2025-12,False,
B005529,C04134,2025-12-08,2025-12-16,Fun Dive,2,7300.0,Completed,,T00721,7,8,False,2025-26,12,2025-12,False,7300.0
B005530,C04135,2025-12-06,2025-12-16,Fun Dive,4,15350.0,Completed,,T00721,8,10,False,2025-26,12,2025-12,False,15350.0
B005531,C04136,2025-12-03,2025-12-17,Discovery Dive,1,5300.0,Completed,,T00722,1,14,False,2025-26,12,2025-12,False,5300.0
B005532,C04137,2025-11-29,2025-12-17,Discovery Dive,1,4850.0,Completed,,T00722,2,18,False,2025-26,12,2025-12,False,4850.0
B005533,C04138,2025-12-08,2025-12-17,Fun Dive,3,9300.0,Completed,,T00722,3,9,False,2025-26,12,2025-12,False,9300.0
B005534,C04126,2025-11-15,2025-12-17,Discovery Dive,1,4750.0,Completed,,T00722,6,32,False,2025-26,12,2025-12,False,4750.0
B005535,C04139,2025-11-20,2025-12-17,Discovery Dive,1,5100.0,Completed,,T00722,7,27,False,2025-26,12,2025-12,False,5100.0
B005536,C04140,2025-11-22,2025-12-17,Discovery Dive,1,3950.0,Completed,,T00722,8,25,False,2025-26,12,2025-12,False,3950.0
B005537,C04141,2025-11-12,2025-12-17,Fun Dive,1,3200.0,Completed,,T00722,9,35,False,2025-26,12,2025-12,False,3200.0
B005538,C04142,2025-11-23,2025-12-17,Fun Dive,3,11200.0,Cancelled,Medical,T00722,10,24,False,2025-26,12,2025-12,False,
B005539,C04143,2025-11-24,2025-12-18,Fun Dive,2,6850.0,Completed,,T00723,1,24,False,2025-26,12,2025-12,False,6850.0
B005540,C03654,2025-12-16,2025-12-18,Fun Dive,2,6250.0,Completed,,T00723,2,2,False,2025-26,12,2025-12,False,6250.0
B005541,C04144,2025-12-06,2025-12-18,Discovery Dive,1,4350.0,Cancelled,Customer,T00723,3,12,False,2025-26,12,2025-12,False,
B005542,C04145,2025-11-04,2025-12-18,Fun Dive,1,3350.0,Completed,,T00723,4,44,False,2025-26,12,2025-12,False,3350.0
B005543,C04146,2025-11-12,2025-12-18,Fun Dive,1,3350.0,Completed,,T00723,5,36,False,2025-26,12,2025-12,False,3350.0
B005544,C04147,2025-11-14,2025-12-18,Discovery Dive,1,4000.0,Completed,,T00723,6,34,False,2025-26,12,2025-12,False,4000.0
B005545,C04148,2025-12-02,2025-12-18,Fun Dive,2,6100.0,Cancelled,Customer,T00723,7,16,False,2025-26,12,2025-12,False,
B005546,C04149,2025-11-10,2025-12-18,Fun Dive,2,6850.0,Completed,,T00723,8,38,False,2025-26,12,2025-12,False,6850.0
B005547,C04150,2025-11-14,2025-12-18,Discovery Dive,1,4950.0,Cancelled,Medical,T00723,9,34,False,2025-26,12,2025-12,False,
B005548,C04151,2025-11-17,2025-12-18,Fun Dive,1,2900.0,Cancelled,Weather,T00723,11,31,False,2025-26,12,2025-12,False,
B005549,C04152,2025-12-16,2025-12-19,Fun Dive,3,9800.0,Completed,,T00724,1,3,False,2025-26,12,2025-12,False,9800.0
B005550,C04153,2025-11-24,2025-12-19,Course,5,25500.0,Completed,,T00724,2,25,False,2025-26,12,2025-12,False,25500.0
B005551,C00799,2025-12-07,2025-12-19,Fun Dive,1,3450.0,Completed,,T00724,3,12,False,2025-26,12,2025-12,False,3450.0
B005552,C04154,2025-11-11,2025-12-19,Discovery Dive,2,8100.0,Completed,,T00724,4,38,False,2025-26,12,2025-12,False,8100.0
B005553,C04155,2025-11-05,2025-12-19,Discovery Dive,1,5150.0,No-show,,T00724,5,44,False,2025-26,12,2025-12,False,
B005554,C04156,2025-12-07,2025-12-19,Fun Dive,2,6900.0,Cancelled,Weather,T00724,8,12,False,2025-26,12,2025-12,False,
B005555,C04157,2025-11-20,2025-12-19,Discovery Dive,1,4900.0,Cancelled,Medical,T00724,9,29,False,2025-26,12,2025-12,False,
B005556,C04158,2025-11-05,2025-12-19,Discovery Dive,1,5250.0,No-show,,T00724,11,44,False,2025-26,12,2025-12,False,
B005557,C04159,2025-11-29,2025-12-19,Fun Dive,1,3300.0,Completed,,T00725,1,20,False,2025-26,12,2025-12,False,3300.0
B005558,C04160,2025-11-28,2025-12-19,Fun Dive,2,7550.0,Completed,,T00725,2,21,False,2025-26,12,2025-12,False,7550.0
B005559,C04161,2025-12-17,2025-12-19,Fun Dive,2,6700.0,Completed,,T00725,3,2,False,2025-26,12,2025-12,False,6700.0
B005560,C04162,2025-11-06,2025-12-19,Discovery Dive,1,5450.0,Completed,,T00725,4,43,False,2025-26,12,2025-12,False,5450.0
B005561,C04163,2025-12-02,2025-12-19,Course,4,25850.0,Completed,,T00725,5,17,False,2025-26,12,2025-12,False,25850.0
B005562,C04164,2025-12-03,2025-12-19,Discovery Dive,1,4650.0,Completed,,T00725,6,16,False,2025-26,12,2025-12,False,4650.0
B005563,C04165,2025-11-13,2025-12-19,Discovery Dive,1,5300.0,Completed,,T00725,7,36,False,2025-26,12,2025-12,False,5300.0
B005564,C04009,2025-12-12,2025-12-19,Fun Dive,4,15150.0,Cancelled,Medical,T00725,8,7,False,2025-26,12,2025-12,False,
B005565,C04166,2025-12-11,2025-12-19,Course,4,26700.0,Completed,,T00725,9,8,False,2025-26,12,2025-12,False,26700.0
B005566,C04167,2025-12-05,2025-12-19,Fun Dive,1,3650.0,Completed,,T00725,10,14,False,2025-26,12,2025-12,False,3650.0
B005567,C04168,2025-11-18,2025-12-19,Discovery Dive,1,5150.0,Cancelled,Customer,T00725,12,31,False,2025-26,12,2025-12,False,
B005568,C04169,2025-11-17,2025-12-20,Fun Dive,4,13800.0,Completed,,T00726,1,33,False,2025-26,12,2025-12,True,13800.0
B005569,C04170,2025-12-04,2025-12-20,Course,5,22500.0,Completed,,T00726,2,16,False,2025-26,12,2025-12,True,22500.0
B005570,C04171,2025-11-19,2025-12-20,Discovery Dive,1,4650.0,Completed,,T00726,3,31,False,2025-26,12,2025-12,True,4650.0
B005571,C04172,2025-12-04,2025-12-20,Discovery Dive,1,4850.0,Completed,,T00726,5,16,False,2025-26,12,2025-12,True,4850.0
B005572,C04173,2025-12-14,2025-12-20,Discovery Dive,2,9950.0,Completed,,T00726,6,6,False,2025-26,12,2025-12,True,9950.0
B005573,C04174,2025-12-08,2025-12-20,Course,4,22500.0,Completed,,T00726,7,12,False,2025-26,12,2025-12,True,22500.0
B005574,C04175,2025-11-22,2025-12-20,Discovery Dive,1,4950.0,Cancelled,Medical,T00726,8,28,False,2025-26,12,2025-12,True,
B005575,C04176,2025-12-08,2025-12-20,Course,4,21200.0,Cancelled,Medical,T00726,9,12,False,2025-26,12,2025-12,True,
B005576,C03541,2025-11-19,2025-12-20,Discovery Dive,1,4350.0,Completed,,T00727,1,31,False,2025-26,12,2025-12,True,4350.0
B005577,C04177,2025-11-18,2025-12-20,Discovery Dive,1,4850.0,Completed,,T00727,2,32,False,2025-26,12,2025-12,True,4850.0
B005578,C04178,2025-12-10,2025-12-20,Fun Dive,1,3850.0,Completed,,T00727,3,10,False,2025-26,12,2025-12,True,3850.0
B005579,C04179,2025-11-11,2025-12-20,Discovery Dive,1,4900.0,Cancelled,Customer,T00727,4,39,False,2025-26,12,2025-12,True,
B005580,C04180,2025-12-10,2025-12-20,Fun Dive,4,12300.0,Completed,,T00727,6,10,False,2025-26,12,2025-12,True,12300.0
B005581,C04181,2025-11-08,2025-12-20,Fun Dive,1,3650.0,Completed,,T00727,7,42,False,2025-26,12,2025-12,True,3650.0
B005582,C04182,2025-11-21,2025-12-20,Fun Dive,1,3000.0,Completed,,T00727,9,29,False,2025-26,12,2025-12,True,3000.0
B005583,C01231,2025-12-06,2025-12-20,Fun Dive,4,15450.0,Completed,,T00727,10,14,False,2025-26,12,2025-12,True,15450.0
B005584,C04183,2025-12-09,2025-12-20,Fun Dive,2,6850.0,Completed,,T00727,11,11,False,2025-26,12,2025-12,True,6850.0
B005585,C04184,2025-11-16,2025-12-20,Fun Dive,1,3250.0,Completed,,T00727,12,34,False,2025-26,12,2025-12,True,3250.0
B005586,C03671,2025-12-17,2025-12-21,Course,5,21250.0,Completed,,T00728,1,4,False,2025-26,12,2025-12,True,21250.0
B005587,C04185,2025-12-07,2025-12-21,Fun Dive,1,3050.0,Cancelled,Medical,T00728,2,14,False,2025-26,12,2025-12,True,
B005588,C04186,2025-11-24,2025-12-21,Discovery Dive,2,10350.0,Completed,,T00728,3,27,False,2025-26,12,2025-12,True,10350.0
B005589,C03388,2025-11-24,2025-12-21,Fun Dive,2,7200.0,Completed,,T00728,4,27,False,2025-26,12,2025-12,True,7200.0
B005590,C03401,2025-12-13,2025-12-21,Fun Dive,1,3700.0,Completed,,T00728,5,8,False,2025-26,12,2025-12,True,3700.0
B005591,C03519,2025-12-15,2025-12-21,Fun Dive,1,3750.0,Completed,,T00728,6,6,False,2025-26,12,2025-12,True,3750.0
B005592,C04187,2025-12-03,2025-12-21,Fun Dive,2,6350.0,Completed,,T00728,8,18,False,2025-26,12,2025-12,True,6350.0
B005593,C04188,2025-12-19,2025-12-21,Discovery Dive,1,5250.0,Completed,,T00728,9,2,False,2025-26,12,2025-12,True,5250.0
B005594,C04189,2025-12-15,2025-12-21,Discovery Dive,1,4550.0,Completed,,T00728,10,6,False,2025-26,12,2025-12,True,4550.0
B005595,C04190,2025-11-07,2025-12-22,Discovery Dive,1,5350.0,Completed,,T00729,1,45,False,2025-26,12,2025-12,False,5350.0
B005596,C04191,2025-11-08,2025-12-22,Course,4,26100.0,Completed,,T00729,2,44,False,2025-26,12,2025-12,False,26100.0
B005597,C04192,2025-11-22,2025-12-22,Fun Dive,1,3750.0,Completed,,T00729,3,30,False,2025-26,12,2025-12,False,3750.0
B005598,C04193,2025-11-12,2025-12-22,Fun Dive,1,3550.0,Completed,,T00729,4,40,False,2025-26,12,2025-12,False,3550.0
B005599,C04194,2025-12-12,2025-12-22,Fun Dive,3,9050.0,No-show,,T00729,5,10,False,2025-26,12,2025-12,False,
B005600,C04195,2025-11-20,2025-12-22,Discovery Dive,1,4400.0,Completed,,T00729,6,32,False,2025-26,12,2025-12,False,4400.0
B005601,C03565,2025-11-15,2025-12-22,Fun Dive,2,5500.0,Completed,,T00729,7,37,False,2025-26,12,2025-12,False,5500.0
B005602,C04196,2025-12-15,2025-12-22,Discovery Dive,1,4050.0,Completed,,T00729,8,7,False,2025-26,12,2025-12,False,4050.0
B005603,C04197,2025-12-03,2025-12-22,Course,4,20150.0,Cancelled,Customer,T00729,9,19,False,2025-26,12,2025-12,False,
B005604,C04198,2025-11-08,2025-12-23,Discovery Dive,2,9150.0,Cancelled,Unknown,T00730,1,45,False,2025-26,12,2025-12,False,
B005605,C03764,2025-12-15,2025-12-23,Course,4,27500.0,Cancelled,Weather,T00730,2,8,False,2025-26,12,2025-12,False,
B005606,C04199,2025-12-06,2025-12-23,Fun Dive,2,6950.0,Cancelled,Unknown,T00730,3,17,False,2025-26,12,2025-12,False,
B005607,C04200,2025-12-02,2025-12-23,Discovery Dive,1,4550.0,Cancelled,Weather,T00730,5,21,False,2025-26,12,2025-12,False,
B005608,C03637,2025-12-07,2025-12-23,Course,4,25050.0,Cancelled,Weather,T00730,6,16,False,2025-26,12,2025-12,False,
B005609,C03463,2025-12-23,2025-12-23,Discovery Dive,1,5000.0,Completed,,T00730,7,0,False,2025-26,12,2025-12,False,5000.0
B005610,C04201,2025-11-29,2025-12-23,Fun Dive,4,13800.0,Completed,,T00730,8,24,False,2025-26,12,2025-12,False,13800.0
B005611,C04202,2025-11-27,2025-12-24,Fun Dive,3,9200.0,Completed,,T00731,1,27,False,2025-26,12,2025-12,False,9200.0
B005612,C04203,2025-11-14,2025-12-24,Course,4,27350.0,Completed,,T00731,3,40,False,2025-26,12,2025-12,False,27350.0
B005613,C04204,2025-12-15,2025-12-24,Fun Dive,1,3050.0,Completed,,T00731,4,9,False,2025-26,12,2025-12,False,3050.0
B005614,C04205,2025-11-20,2025-12-24,Discovery Dive,1,5400.0,No-show,,T00731,5,34,False,2025-26,12,2025-12,False,
B005615,C04206,2025-12-02,2025-12-24,Course,5,25150.0,Completed,,T00731,6,22,False,2025-26,12,2025-12,False,25150.0
B005616,C04207,2025-11-09,2025-12-24,Discovery Dive,1,4100.0,Completed,,T00731,7,45,False,2025-26,12,2025-12,False,4100.0
B005617,C03816,2025-12-07,2025-12-24,Fun Dive,1,3700.0,Completed,,T00731,8,17,False,2025-26,12,2025-12,False,3700.0
B005618,C04208,2025-11-16,2025-12-24,Fun Dive,3,10100.0,Completed,,T00731,9,38,False,2025-26,12,2025-12,False,10100.0
B005619,C04209,2025-12-07,2025-12-24,Fun Dive,1,3050.0,Completed,,T00731,10,17,False,2025-26,12,2025-12,False,3050.0
B005620,C04210,2025-11-12,2025-12-25,Discovery Dive,2,10400.0,Completed,,T00732,1,43,False,2025-26,12,2025-12,False,10400.0
B005621,C04211,2025-11-26,2025-12-25,Fun Dive,1,2800.0,Completed,,T00732,3,29,False,2025-26,12,2025-12,False,2800.0
B005622,C04212,2025-12-11,2025-12-25,Course,4,26950.0,Completed,,T00732,4,14,False,2025-26,12,2025-12,False,26950.0
B005623,C03895,2025-11-27,2025-12-25,Fun Dive,1,3350.0,Completed,,T00732,7,28,False,2025-26,12,2025-12,False,3350.0
B005624,C04213,2025-11-24,2025-12-25,Fun Dive,2,7450.0,Completed,,T00732,8,31,False,2025-26,12,2025-12,False,7450.0
B005625,C04214,2025-11-22,2025-12-25,Discovery Dive,1,5250.0,Cancelled,Customer,T00732,9,33,False,2025-26,12,2025-12,False,
B005626,C04215,2025-11-27,2025-12-25,Discovery Dive,1,4050.0,No-show,,T00732,10,28,False,2025-26,12,2025-12,False,
B005627,C04216,2025-12-12,2025-12-25,Fun Dive,3,9500.0,Completed,,T00732,11,13,False,2025-26,12,2025-12,False,9500.0
B005628,C04217,2025-11-25,2025-12-25,Fun Dive,4,12300.0,Completed,,T00733,1,30,False,2025-26,12,2025-12,False,12300.0
B005629,C04218,2025-11-17,2025-12-25,Fun Dive,2,5750.0,Completed,,T00733,2,38,False,2025-26,12,2025-12,False,5750.0
B005630,C03419,2025-11-24,2025-12-25,Course,4,20850.0,Cancelled,Customer,T00733,3,31,False,2025-26,12,2025-12,False,
B005631,C04219,2025-12-02,2025-12-25,Fun Dive,2,6350.0,Completed,,T00733,4,23,False,2025-26,12,2025-12,False,6350.0
B005632,C03661,2025-11-19,2025-12-25,Course,4,21250.0,Cancelled,Unknown,T00733,5,36,False,2025-26,12,2025-12,False,
B005633,C04220,2025-11-18,2025-12-25,Fun Dive,1,3150.0,Completed,,T00733,6,37,False,2025-26,12,2025-12,False,3150.0
B005634,C04221,2025-12-03,2025-12-25,Fun Dive,2,6800.0,Completed,,T00733,8,22,False,2025-26,12,2025-12,False,6800.0
B005635,C04222,2025-12-09,2025-12-26,Discovery Dive,1,4000.0,Completed,,T00734,2,17,False,2025-26,12,2025-12,False,4000.0
B005636,C04223,2025-11-17,2025-12-26,Course,4,24300.0,Completed,,T00734,3,39,False,2025-26,12,2025-12,False,24300.0
B005637,C04224,2025-12-03,2025-12-26,Fun Dive,4,14750.0,Cancelled,Customer,T00734,4,23,False,2025-26,12,2025-12,False,
B005638,C04225,2025-12-09,2025-12-26,Fun Dive,1,2750.0,No-show,,T00734,5,17,False,2025-26,12,2025-12,False,
B005639,C04226,2025-12-03,2025-12-26,Fun Dive,4,13900.0,Completed,,T00734,6,23,False,2025-26,12,2025-12,False,13900.0
B005640,C04227,2025-12-01,2025-12-26,Discovery Dive,1,5200.0,Completed,,T00734,7,25,False,2025-26,12,2025-12,False,5200.0
B005641,C04228,2025-11-15,2025-12-26,Fun Dive,2,5750.0,Completed,,T00734,8,41,False,2025-26,12,2025-12,False,5750.0
B005642,C04229,2025-11-26,2025-12-26,Fun Dive,3,8250.0,Completed,,T00734,9,30,False,2025-26,12,2025-12,False,8250.0
B005643,C04230,2025-12-10,2025-12-27,Discovery Dive,1,5100.0,Cancelled,Customer,T00735,1,17,False,2025-26,12,2025-12,True,
B005644,C04231,2025-12-24,2025-12-27,Fun Dive,2,7700.0,Completed,,T00735,2,3,False,2025-26,12,2025-12,True,7700.0
B005645,C03592,2025-12-05,2025-12-27,Fun Dive,2,6950.0,Completed,,T00735,3,22,False,2025-26,12,2025-12,True,6950.0
B005646,C04232,2025-12-20,2025-12-27,Discovery Dive,1,4200.0,Completed,,T00735,4,7,False,2025-26,12,2025-12,True,4200.0
B005647,C04233,2025-12-23,2025-12-27,Fun Dive,3,9250.0,Completed,,T00735,5,4,False,2025-26,12,2025-12,True,9250.0
B005648,C04234,2025-11-28,2025-12-27,Discovery Dive,1,4700.0,Completed,,T00735,6,29,False,2025-26,12,2025-12,True,4700.0
B005649,C04235,2025-11-18,2025-12-27,Course,5,20950.0,Cancelled,Customer,T00735,7,39,False,2025-26,12,2025-12,True,
B005650,C01036,2025-11-23,2025-12-27,Course,4,24150.0,Completed,,T00735,10,34,False,2025-26,12,2025-12,True,24150.0
B005651,C04236,2025-12-06,2025-12-27,Fun Dive,3,8550.0,Cancelled,Medical,T00736,1,21,False,2025-26,12,2025-12,True,
B005652,C04237,2025-12-13,2025-12-27,Fun Dive,2,6250.0,Cancelled,Customer,T00736,2,14,False,2025-26,12,2025-12,True,
B005653,C04238,2025-12-09,2025-12-27,Fun Dive,2,6800.0,Completed,,T00736,3,18,False,2025-26,12,2025-12,True,6800.0
B005654,C04093,2025-11-22,2025-12-27,Fun Dive,3,10300.0,Completed,,T00736,6,35,False,2025-26,12,2025-12,True,10300.0
B005655,C04239,2025-12-06,2025-12-27,Fun Dive,1,3350.0,Completed,,T00736,7,21,False,2025-26,12,2025-12,True,3350.0
B005656,C04240,2025-11-14,2025-12-27,Fun Dive,4,14050.0,Completed,,T00736,9,43,False,2025-26,12,2025-12,True,14050.0
B005657,C04241,2025-11-16,2025-12-27,Discovery Dive,1,4700.0,No-show,,T00736,10,41,False,2025-26,12,2025-12,True,
B005658,C04242,2025-12-26,2025-12-27,Fun Dive,3,10500.0,Completed,,T00736,11,1,False,2025-26,12,2025-12,True,10500.0
B005659,C04243,2025-12-08,2025-12-28,Course,4,25650.0,Completed,,T00737,1,20,False,2025-26,12,2025-12,True,25650.0
B005660,C04244,2025-12-13,2025-12-28,Fun Dive,1,3450.0,Cancelled,Customer,T00737,2,15,False,2025-26,12,2025-12,True,
B005661,C04245,2025-12-16,2025-12-28,Discovery Dive,1,4150.0,Completed,,T00737,3,12,False,2025-26,12,2025-12,True,4150.0
B005662,C04246,2025-12-22,2025-12-28,Fun Dive,3,10050.0,Completed,,T00737,5,6,False,2025-26,12,2025-12,True,10050.0
B005663,C02961,2025-11-25,2025-12-28,Course,4,21250.0,Completed,,T00737,6,33,False,2025-26,12,2025-12,True,21250.0
B005664,C04247,2025-11-28,2025-12-28,Fun Dive,1,3850.0,Completed,,T00737,7,30,False,2025-26,12,2025-12,True,3850.0
B005665,C03993,2025-12-25,2025-12-28,Fun Dive,4,13800.0,Completed,,T00737,8,3,False,2025-26,12,2025-12,True,13800.0
B005666,C04248,2025-11-25,2025-12-28,Discovery Dive,1,4100.0,Completed,,T00738,1,33,False,2025-26,12,2025-12,True,4100.0
B005667,C04249,2025-12-21,2025-12-28,Discovery Dive,1,5300.0,No-show,,T00738,2,7,False,2025-26,12,2025-12,True,
B005668,C04250,2025-11-22,2025-12-28,Fun Dive,4,11100.0,No-show,,T00738,3,36,False,2025-26,12,2025-12,True,
B005669,C04251,2025-12-11,2025-12-28,Fun Dive,3,9900.0,Completed,,T00738,4,17,False,2025-26,12,2025-12,True,9900.0
B005670,C04252,2025-12-21,2025-12-28,Course,5,24250.0,Completed,,T00738,5,7,False,2025-26,12,2025-12,True,24250.0
B005671,C04253,2025-12-05,2025-12-28,Course,5,25750.0,Completed,,T00738,6,23,False,2025-26,12,2025-12,True,25750.0
B005672,C03598,2025-11-28,2025-12-28,Fun Dive,2,6300.0,Cancelled,Unknown,T00738,7,30,False,2025-26,12,2025-12,True,
B005673,C04254,2025-11-17,2025-12-28,Fun Dive,1,3000.0,Cancelled,Customer,T00738,8,41,False,2025-26,12,2025-12,True,
B005674,C04255,2025-12-10,2025-12-28,Course,4,27000.0,Cancelled,Customer,T00738,10,18,False,2025-26,12,2025-12,True,
B005675,C03843,2025-12-14,2025-12-28,Fun Dive,1,3350.0,Cancelled,Unknown,T00738,11,14,False,2025-26,12,2025-12,True,
B005676,C04256,2025-11-18,2025-12-29,Fun Dive,2,7650.0,Completed,,T00739,1,41,False,2025-26,12,2025-12,False,7650.0
B005677,C04238,2025-12-20,2025-12-29,Fun Dive,4,14800.0,No-show,,T00739,2,9,False,2025-26,12,2025-12,False,
B005678,C02098,2025-12-28,2025-12-29,Fun Dive,3,10000.0,Completed,,T00739,3,1,False,2025-26,12,2025-12,False,10000.0
B005679,C04257,2025-12-06,2025-12-29,Course,4,21050.0,Cancelled,Medical,T00739,4,23,False,2025-26,12,2025-12,False,
B005680,C03870,2025-12-18,2025-12-29,Fun Dive,3,8900.0,Cancelled,Unknown,T00739,5,11,False,2025-26,12,2025-12,False,
B005681,C04258,2025-12-23,2025-12-29,Discovery Dive,1,5200.0,Completed,,T00739,7,6,False,2025-26,12,2025-12,False,5200.0
B005682,C04259,2025-12-07,2025-12-29,Fun Dive,2,6550.0,Completed,,T00739,8,22,False,2025-26,12,2025-12,False,6550.0
B005683,C04260,2025-11-21,2025-12-29,Fun Dive,2,5600.0,Completed,,T00739,9,38,False,2025-26,12,2025-12,False,5600.0
B005684,C00932,2025-11-25,2025-12-29,Fun Dive,1,3300.0,Completed,,T00739,10,34,False,2025-26,12,2025-12,False,3300.0
B005685,C04261,2025-11-17,2025-12-29,Course,5,24150.0,Cancelled,Customer,T00739,11,42,False,2025-26,12,2025-12,False,
B005686,C04262,2025-11-21,2025-12-30,Fun Dive,1,3350.0,Cancelled,Weather,T00740,1,39,False,2025-26,12,2025-12,False,
B005687,C04263,2025-12-06,2025-12-30,Fun Dive,2,6500.0,Completed,,T00740,2,24,False,2025-26,12,2025-12,False,6500.0
B005688,C04264,2025-12-05,2025-12-30,Fun Dive,1,,Cancelled,Unknown,T00740,4,25,True,2025-26,12,2025-12,False,
B005689,C04265,2025-11-16,2025-12-30,Fun Dive,2,6100.0,Cancelled,Weather,T00740,5,44,False,2025-26,12,2025-12,False,
B005690,C04081,2025-11-22,2025-12-30,Fun Dive,1,2900.0,Cancelled,Customer,T00740,6,38,False,2025-26,12,2025-12,False,
B005691,C03732,2025-11-20,2025-12-30,Course,5,26450.0,Completed,,T00740,8,40,False,2025-26,12,2025-12,False,26450.0
B005692,C04266,2025-12-16,2025-12-31,Discovery Dive,1,4500.0,Cancelled,Weather,T00741,1,15,False,2025-26,12,2025-12,False,
B005693,C04267,2025-11-19,2025-12-31,Fun Dive,1,3350.0,No-show,,T00741,2,42,False,2025-26,12,2025-12,False,
B005694,C04268,2025-11-26,2025-12-31,Fun Dive,2,6650.0,Completed,,T00741,4,35,False,2025-26,12,2025-12,False,6650.0
B005695,C04269,2025-12-16,2025-12-31,Fun Dive,2,7100.0,Cancelled,Unknown,T00741,5,15,False,2025-26,12,2025-12,False,
B005696,C04270,2025-12-17,2025-12-31,Fun Dive,3,8500.0,Completed,,T00741,6,14,False,2025-26,12,2025-12,False,8500.0
B005697,C04271,2025-11-24,2025-12-31,Course,5,26350.0,Cancelled,Weather,T00741,7,37,False,2025-26,12,2025-12,False,
B005698,C04272,2025-11-24,2025-12-31,Discovery Dive,1,5400.0,Completed,,T00741,8,37,False,2025-26,12,2025-12,False,5400.0
B005699,C04273,2025-12-24,2026-01-01,Discovery Dive,1,5500.0,Completed,,T00742,3,8,False,2025-26,1,2026-01,False,5500.0
B005700,C03978,2025-12-22,2026-01-01,Fun Dive,1,3400.0,Completed,,T00742,5,10,False,2025-26,1,2026-01,False,3400.0
B005701,C04274,2025-11-17,2026-01-01,Course,4,27000.0,Completed,,T00742,6,45,False,2025-26,1,2026-01,False,27000.0
B005702,C04275,2025-12-15,2026-01-01,Fun Dive,2,7600.0,Completed,,T00742,7,17,False,2025-26,1,2026-01,False,7600.0
B005703,C04276,2025-12-16,2026-01-01,Fun Dive,1,3600.0,Completed,,T00742,8,16,False,2025-26,1,2026-01,False,3600.0
B005704,C04277,2025-12-28,2026-01-01,Discovery Dive,1,5200.0,Completed,,T00742,9,4,False,2025-26,1,2026-01,False,5200.0
B005705,C03515,2025-12-06,2026-01-01,Fun Dive,1,3250.0,Completed,,T00742,10,26,False,2025-26,1,2026-01,False,3250.0
B005706,C04278,2025-12-14,2026-01-01,Discovery Dive,1,5300.0,Completed,,T00742,11,18,False,2025-26,1,2026-01,False,5300.0
B005707,C04279,2025-11-27,2026-01-01,Course,4,21750.0,Cancelled,Customer,T00743,1,35,False,2025-26,1,2026-01,False,
B005708,C04280,2025-12-07,2026-01-01,Discovery Dive,1,5000.0,Completed,,T00743,2,25,False,2025-26,1,2026-01,False,5000.0
B005709,C04018,2025-12-17,2026-01-01,Course,5,27800.0,Completed,,T00743,3,15,False,2025-26,1,2026-01,False,27800.0
B005710,C04281,2025-11-18,2026-01-01,Fun Dive,3,9000.0,Completed,,T00743,4,44,False,2025-26,1,2026-01,False,9000.0
B005711,C04282,2025-12-09,2026-01-01,Course,5,23600.0,Completed,,T00743,5,23,False,2025-26,1,2026-01,False,23600.0
B005712,C04283,2025-12-03,2026-01-01,Fun Dive,1,3400.0,Completed,,T00743,6,29,False,2025-26,1,2026-01,False,3400.0
B005713,C04284,2025-11-23,2026-01-01,Course,5,25600.0,Completed,,T00743,7,39,False,2025-26,1,2026-01,False,25600.0
B005714,C04285,2025-12-08,2026-01-01,Fun Dive,3,9800.0,Completed,,T00743,8,24,False,2025-26,1,2026-01,False,9800.0
B005715,C04286,2025-11-29,2026-01-01,Course,4,25750.0,Completed,,T00743,9,33,False,2025-26,1,2026-01,False,25750.0
B005717,C03736,2025-12-10,2026-01-01,Fun Dive,1,3050.0,Completed,,T00743,11,22,False,2025-26,1,2026-01,False,3050.0
B005718,C04287,2025-11-23,2026-01-02,Fun Dive,3,10150.0,Completed,,T00744,2,40,False,2025-26,1,2026-01,False,10150.0
B005719,C04288,2025-12-13,2026-01-02,Discovery Dive,1,5200.0,Completed,,T00744,3,20,False,2025-26,1,2026-01,False,5200.0
B005720,C04289,2025-11-27,2026-01-02,Fun Dive,2,6750.0,Completed,,T00744,4,36,False,2025-26,1,2026-01,False,6750.0
B005721,C04290,2025-12-23,2026-01-02,Fun Dive,3,10350.0,Completed,,T00744,6,10,False,2025-26,1,2026-01,False,10350.0
B005722,C04291,2025-11-20,2026-01-02,Fun Dive,1,3700.0,Completed,,T00744,7,43,False,2025-26,1,2026-01,False,3700.0
B005723,C04292,2025-12-15,2026-01-02,Discovery Dive,1,4850.0,Completed,,T00744,8,18,False,2025-26,1,2026-01,False,4850.0
B005724,C04293,2025-12-30,2026-01-02,Discovery Dive,1,5000.0,Completed,,T00744,9,3,False,2025-26,1,2026-01,False,5000.0
B005725,C04294,2025-12-24,2026-01-03,Fun Dive,1,2950.0,Completed,,T00745,1,10,False,2025-26,1,2026-01,True,2950.0
B005726,C04295,2025-12-12,2026-01-03,Fun Dive,4,12350.0,Completed,,T00745,2,22,False,2025-26,1,2026-01,True,12350.0
B005727,C04296,2025-12-03,2026-01-03,Course,5,25600.0,No-show,,T00745,3,31,False,2025-26,1,2026-01,True,
B005728,C04297,2025-11-29,2026-01-03,Fun Dive,1,2850.0,Completed,,T00745,4,35,False,2025-26,1,2026-01,True,2850.0
B005729,C04298,2026-01-03,2026-01-03,Fun Dive,1,2850.0,Completed,,T00745,5,0,False,2025-26,1,2026-01,True,2850.0
B005730,C04299,2025-12-06,2026-01-03,Discovery Dive,1,4950.0,Completed,,T00745,7,28,False,2025-26,1,2026-01,True,4950.0
B005731,C04300,2025-12-12,2026-01-03,Course,5,23550.0,Completed,,T00746,1,22,False,2025-26,1,2026-01,True,23550.0
B005732,C04301,2025-11-19,2026-01-03,Discovery Dive,1,4100.0,Cancelled,Unknown,T00746,3,45,False,2025-26,1,2026-01,True,
B005733,C03748,2025-11-30,2026-01-03,Fun Dive,1,3550.0,Completed,,T00746,4,34,False,2025-26,1,2026-01,True,3550.0
B005734,C03995,2025-12-04,2026-01-03,Fun Dive,4,13950.0,Completed,,T00746,5,30,False,2025-26,1,2026-01,True,13950.0
B005735,C04106,2025-12-17,2026-01-03,Fun Dive,3,10000.0,No-show,,T00746,6,17,False,2025-26,1,2026-01,True,
B005736,C04302,2025-12-18,2026-01-03,Fun Dive,4,12350.0,Completed,,T00746,7,16,False,2025-26,1,2026-01,True,12350.0
B005737,C04303,2025-11-20,2026-01-03,Fun Dive,4,15150.0,Completed,,T00746,8,44,False,2025-26,1,2026-01,True,15150.0
B005738,C04304,2025-11-24,2026-01-04,Discovery Dive,1,4950.0,Completed,,T00747,1,41,False,2025-26,1,2026-01,True,4950.0
B005739,C03875,2025-12-24,2026-01-04,Fun Dive,2,6100.0,Completed,,T00747,2,11,False,2025-26,1,2026-01,True,6100.0
B005740,C04305,2025-11-21,2026-01-04,Discovery Dive,1,4450.0,Cancelled,Medical,T00747,3,44,False,2025-26,1,2026-01,True,
B005741,C04306,2025-12-20,2026-01-04,Course,5,23800.0,Completed,,T00747,4,15,False,2025-26,1,2026-01,True,23800.0
B005742,C01040,2025-12-08,2026-01-04,Fun Dive,3,9900.0,Completed,,T00747,5,27,False,2025-26,1,2026-01,True,9900.0
B005743,C04307,2025-12-26,2026-01-04,Discovery Dive,1,5050.0,Completed,,T00747,6,9,False,2025-26,1,2026-01,True,5050.0
B005744,C04308,2025-12-13,2026-01-04,Fun Dive,4,13700.0,No-show,,T00747,7,22,False,2025-26,1,2026-01,True,
B005745,C04309,2025-12-07,2026-01-05,Fun Dive,2,7250.0,Completed,,T00748,1,29,False,2025-26,1,2026-01,False,7250.0
B005746,C04310,2025-12-30,2026-01-05,Discovery Dive,1,5550.0,Completed,,T00748,2,6,False,2025-26,1,2026-01,False,5550.0
B005747,C04311,2025-12-03,2026-01-05,Discovery Dive,1,4500.0,Completed,,T00748,3,33,False,2025-26,1,2026-01,False,4500.0
B005748,C03743,2025-12-15,2026-01-05,Fun Dive,1,3350.0,Completed,,T00748,4,21,False,2025-26,1,2026-01,False,3350.0
B005749,C04101,2025-12-18,2026-01-05,Fun Dive,1,3650.0,Completed,,T00748,5,18,False,2025-26,1,2026-01,False,3650.0
B005750,C04312,2025-12-30,2026-01-05,Course,5,21050.0,Completed,,T00748,6,6,False,2025-26,1,2026-01,False,21050.0
B005751,C04313,2025-11-22,2026-01-05,Course,4,24000.0,Completed,,T00748,7,44,False,2025-26,1,2026-01,False,24000.0
B005752,C03681,2025-12-29,2026-01-05,Fun Dive,1,2950.0,Completed,,T00748,8,7,False,2025-26,1,2026-01,False,2950.0
B005753,C04314,2025-12-07,2026-01-05,Fun Dive,1,2900.0,Completed,,T00748,10,29,False,2025-26,1,2026-01,False,2900.0
B005754,C04315,2025-12-01,2026-01-05,Fun Dive,1,3000.0,Completed,,T00748,11,35,False,2025-26,1,2026-01,False,3000.0
B005755,C03061,2025-12-16,2026-01-05,Fun Dive,1,3400.0,Completed,,T00749,1,20,False,2025-26,1,2026-01,False,3400.0
B005756,C04316,2026-01-05,2026-01-05,Fun Dive,1,3100.0,Completed,,T00749,2,0,False,2025-26,1,2026-01,False,3100.0
B005757,C04317,2025-12-06,2026-01-05,Fun Dive,2,6400.0,Completed,,T00749,3,30,False,2025-26,1,2026-01,False,6400.0
B005758,C04318,2025-11-24,2026-01-05,Discovery Dive,2,10500.0,No-show,,T00749,6,42,False,2025-26,1,2026-01,False,
B005759,C04319,2025-12-27,2026-01-05,Fun Dive,2,7100.0,Completed,,T00749,7,9,False,2025-26,1,2026-01,False,7100.0
B005760,C04311,2025-11-30,2026-01-05,Fun Dive,2,5900.0,Completed,,T00749,8,36,False,2025-26,1,2026-01,False,5900.0
B005761,C04320,2025-12-15,2026-01-05,Discovery Dive,1,5050.0,Cancelled,Unknown,T00749,9,21,False,2025-26,1,2026-01,False,
B005762,C03630,2025-12-30,2026-01-05,Fun Dive,1,2950.0,Completed,,T00749,10,6,False,2025-26,1,2026-01,False,2950.0
B005763,C04321,2025-12-22,2026-01-05,Fun Dive,1,3000.0,Cancelled,Medical,T00749,11,14,False,2025-26,1,2026-01,False,
B005764,C04322,2025-12-05,2026-01-06,Discovery Dive,1,4100.0,Completed,,T00750,2,32,False,2025-26,1,2026-01,False,4100.0
B005765,C04323,2025-12-02,2026-01-06,Fun Dive,2,6050.0,Completed,,T00750,3,35,False,2025-26,1,2026-01,False,6050.0
B005766,C04324,2026-01-04,2026-01-06,Fun Dive,4,13050.0,Completed,,T00750,4,2,False,2025-26,1,2026-01,False,13050.0
B005767,C04325,2026-01-01,2026-01-06,Fun Dive,2,7100.0,Completed,,T00750,5,5,False,2025-26,1,2026-01,False,7100.0
B005768,C04326,2026-01-01,2026-01-06,Fun Dive,1,2850.0,Completed,,T00750,6,5,False,2025-26,1,2026-01,False,2850.0
B005769,C04327,2025-12-09,2026-01-06,Discovery Dive,1,5350.0,Completed,,T00750,7,28,False,2025-26,1,2026-01,False,5350.0
B005770,C04328,2025-12-03,2026-01-06,Course,5,21950.0,Completed,,T00750,8,34,False,2025-26,1,2026-01,False,21950.0
B005771,C03896,2025-12-29,2026-01-07,Fun Dive,3,10350.0,Cancelled,Customer,T00751,1,9,False,2025-26,1,2026-01,False,
B005772,C03657,2025-11-27,2026-01-07,Fun Dive,1,2850.0,Completed,,T00751,2,41,False,2025-26,1,2026-01,False,2850.0
B005773,C04329,2025-12-12,2026-01-07,Discovery Dive,1,5100.0,Completed,,T00751,3,26,False,2025-26,1,2026-01,False,5100.0
B005774,C04148,2025-12-19,2026-01-07,Fun Dive,3,8350.0,Completed,,T00751,4,19,False,2025-26,1,2026-01,False,8350.0
B005775,C03776,2025-12-16,2026-01-07,Fun Dive,2,7050.0,Completed,,T00751,5,22,False,2025-26,1,2026-01,False,7050.0
B005776,C01695,2025-11-26,2026-01-07,Fun Dive,4,14500.0,Completed,,T00751,6,42,False,2025-26,1,2026-01,False,14500.0
B005777,C04330,2025-12-15,2026-01-07,Fun Dive,4,14550.0,Completed,,T00751,8,23,False,2025-26,1,2026-01,False,14550.0
B005778,C02591,2025-11-26,2026-01-07,Discovery Dive,1,5250.0,Completed,,T00751,9,42,False,2025-26,1,2026-01,False,5250.0
B005779,C04331,2025-12-29,2026-01-07,Discovery Dive,1,4650.0,Cancelled,Unknown,T00751,10,9,False,2025-26,1,2026-01,False,
B005780,C04332,2025-12-31,2026-01-07,Course,5,25150.0,Completed,,T00751,11,7,False,2025-26,1,2026-01,False,25150.0
B005781,C04333,2025-12-12,2026-01-07,Discovery Dive,1,4200.0,Completed,,T00751,12,26,False,2025-26,1,2026-01,False,4200.0
B005782,C04334,2025-12-07,2026-01-07,Fun Dive,2,5850.0,Cancelled,Customer,T00752,1,31,False,2025-26,1,2026-01,False,
B005783,C04335,2025-12-29,2026-01-07,Fun Dive,4,14400.0,Completed,,T00752,2,9,False,2025-26,1,2026-01,False,14400.0
B005784,C04336,2025-12-03,2026-01-07,Discovery Dive,1,5000.0,Cancelled,Customer,T00752,3,35,False,2025-26,1,2026-01,False,
B005785,C04337,2025-12-23,2026-01-07,Discovery Dive,1,4250.0,Completed,,T00752,4,15,False,2025-26,1,2026-01,False,4250.0
B005786,C04338,2025-12-04,2026-01-07,Discovery Dive,1,4700.0,Completed,,T00752,6,34,False,2025-26,1,2026-01,False,4700.0
B005787,C03711,2025-12-20,2026-01-07,Fun Dive,1,3600.0,Completed,,T00752,7,18,False,2025-26,1,2026-01,False,3600.0
B005788,C04339,2025-12-28,2026-01-07,Discovery Dive,1,5000.0,Cancelled,Customer,T00752,8,10,False,2025-26,1,2026-01,False,
B005789,C04340,2025-11-27,2026-01-07,Discovery Dive,2,9400.0,Completed,,T00752,9,41,False,2025-26,1,2026-01,False,9400.0
B005790,C04341,2025-11-29,2026-01-08,Fun Dive,3,11500.0,Completed,,T00753,1,40,False,2025-26,1,2026-01,False,11500.0
B005791,C04342,2025-11-24,2026-01-08,Fun Dive,3,11550.0,Cancelled,Unknown,T00753,2,45,False,2025-26,1,2026-01,False,
B005792,C04343,2025-12-09,2026-01-08,Fun Dive,3,10750.0,Cancelled,Unknown,T00753,3,30,False,2025-26,1,2026-01,False,
B005793,C04344,2025-12-23,2026-01-08,Discovery Dive,1,4850.0,Cancelled,Weather,T00753,4,16,False,2025-26,1,2026-01,False,
B005794,C04345,2025-12-07,2026-01-08,Course,5,26400.0,Completed,,T00753,5,32,False,2025-26,1,2026-01,False,26400.0
B005795,C04346,2025-12-05,2026-01-08,Fun Dive,2,6350.0,Completed,,T00753,6,34,False,2025-26,1,2026-01,False,6350.0
B005796,C04347,2026-01-05,2026-01-08,Discovery Dive,1,4600.0,Cancelled,Customer,T00753,7,3,False,2025-26,1,2026-01,False,
B005797,C04348,2025-12-22,2026-01-08,Fun Dive,1,2850.0,Completed,,T00753,9,17,False,2025-26,1,2026-01,False,2850.0
B005798,C04349,2025-12-04,2026-01-08,Discovery Dive,1,4400.0,Completed,,T00753,10,35,False,2025-26,1,2026-01,False,4400.0
B005799,C04350,2025-12-27,2026-01-08,Fun Dive,4,12550.0,Cancelled,Weather,T00753,11,12,False,2025-26,1,2026-01,False,
B005800,C04351,2025-12-07,2026-01-08,Discovery Dive,1,4200.0,Cancelled,Weather,T00753,12,32,False,2025-26,1,2026-01,False,
B005801,C04352,2026-01-09,2026-01-09,Course,5,25850.0,Completed,,T00754,1,0,False,2025-26,1,2026-01,False,25850.0
B005802,C03814,2025-12-13,2026-01-09,Fun Dive,1,3400.0,Cancelled,Weather,T00754,2,27,False,2025-26,1,2026-01,False,
B005803,C04353,2025-11-25,2026-01-09,Discovery Dive,1,5150.0,Completed,,T00754,4,45,False,2025-26,1,2026-01,False,5150.0
B005804,C04354,2025-11-28,2026-01-09,Discovery Dive,1,5150.0,Completed,,T00754,6,42,False,2025-26,1,2026-01,False,5150.0
B005805,C04355,2025-12-31,2026-01-09,Fun Dive,2,6950.0,Cancelled,Weather,T00754,7,9,False,2025-26,1,2026-01,False,
B005806,C04356,2025-12-09,2026-01-09,Fun Dive,2,6050.0,Cancelled,Weather,T00754,8,31,False,2025-26,1,2026-01,False,
B005807,C04357,2025-12-05,2026-01-09,Discovery Dive,1,5250.0,Completed,,T00754,9,35,False,2025-26,1,2026-01,False,5250.0
B005808,C00565,2025-12-15,2026-01-10,Fun Dive,1,2800.0,No-show,,T00755,1,26,False,2025-26,1,2026-01,True,
B005809,C04358,2026-01-05,2026-01-10,Fun Dive,2,5700.0,Completed,,T00755,2,5,False,2025-26,1,2026-01,True,5700.0
B005810,C04359,2025-12-28,2026-01-10,Discovery Dive,1,5400.0,Completed,,T00755,3,13,False,2025-26,1,2026-01,True,5400.0
B005811,C02639,2025-12-23,2026-01-10,Fun Dive,2,6500.0,Cancelled,Customer,T00755,4,18,False,2025-26,1,2026-01,True,
B005812,C04360,2025-12-03,2026-01-10,Course,5,21850.0,Completed,,T00755,5,38,False,2025-26,1,2026-01,True,21850.0
B005813,C04361,2025-12-31,2026-01-10,Discovery Dive,2,9800.0,Completed,,T00755,7,10,False,2025-26,1,2026-01,True,9800.0
B005814,C04362,2026-01-06,2026-01-10,Fun Dive,3,10150.0,Completed,,T00755,8,4,False,2025-26,1,2026-01,True,10150.0
B005815,C04363,2025-12-02,2026-01-11,Fun Dive,4,11850.0,Completed,,T00756,1,40,False,2025-26,1,2026-01,True,11850.0
B005816,C04301,2025-12-12,2026-01-11,Discovery Dive,1,4200.0,No-show,,T00756,2,30,False,2025-26,1,2026-01,True,
B005817,C04364,2025-12-19,2026-01-11,Fun Dive,2,7750.0,Completed,,T00756,3,23,False,2025-26,1,2026-01,True,7750.0
B005818,C03693,2025-12-01,2026-01-11,Fun Dive,4,12450.0,No-show,,T00756,4,41,False,2025-26,1,2026-01,True,
B005819,C04365,2025-12-07,2026-01-11,Course,4,20000.0,Cancelled,Unknown,T00756,6,35,False,2025-26,1,2026-01,True,
B005820,C03662,2025-12-12,2026-01-11,Fun Dive,4,13250.0,Completed,,T00756,7,30,False,2025-26,1,2026-01,True,13250.0
B005821,C04366,2026-01-04,2026-01-11,Course,5,24450.0,Completed,,T00756,9,7,False,2025-26,1,2026-01,True,24450.0
B005822,C04367,2025-12-10,2026-01-11,Discovery Dive,1,5100.0,No-show,,T00756,11,32,False,2025-26,1,2026-01,True,
B005823,C03707,2025-12-19,2026-01-11,Discovery Dive,2,10750.0,Completed,,T00756,12,23,False,2025-26,1,2026-01,True,10750.0
B005824,C04368,2026-01-11,2026-01-11,Fun Dive,1,3300.0,Completed,,T00757,1,0,False,2025-26,1,2026-01,True,3300.0
B005825,C04369,2026-01-01,2026-01-11,Fun Dive,4,12150.0,Completed,,T00757,2,10,False,2025-26,1,2026-01,True,12150.0
B005827,C04371,2025-11-28,2026-01-11,Discovery Dive,1,4100.0,Completed,,T00757,4,44,False,2025-26,1,2026-01,True,4100.0
B005828,C04372,2025-12-13,2026-01-11,Discovery Dive,1,4700.0,Completed,,T00757,5,29,False,2025-26,1,2026-01,True,4700.0
B005829,C04373,2025-12-21,2026-01-11,Discovery Dive,1,5300.0,Completed,,T00757,7,21,False,2025-26,1,2026-01,True,5300.0
B005830,C04374,2025-12-13,2026-01-11,Discovery Dive,1,4250.0,Cancelled,Customer,T00757,8,29,False,2025-26,1,2026-01,True,
B005831,C03817,2025-12-23,2026-01-12,Fun Dive,2,7650.0,Completed,,T00758,1,20,False,2025-26,1,2026-01,False,7650.0
B005832,C04375,2025-12-30,2026-01-12,Fun Dive,1,3600.0,Completed,,T00758,2,13,False,2025-26,1,2026-01,False,3600.0
B005833,C04376,2025-12-15,2026-01-12,Course,5,22500.0,Completed,,T00758,3,28,False,2025-26,1,2026-01,False,22500.0
B005834,C04377,2025-12-22,2026-01-12,Fun Dive,4,11600.0,Completed,,T00758,5,21,False,2025-26,1,2026-01,False,11600.0
B005835,C04378,2025-12-20,2026-01-12,Fun Dive,1,3450.0,Completed,,T00758,7,23,False,2025-26,1,2026-01,False,3450.0
B005836,C04379,2025-12-13,2026-01-12,Discovery Dive,2,10200.0,Completed,,T00758,8,30,False,2025-26,1,2026-01,False,10200.0
B005837,C04380,2025-12-02,2026-01-12,Discovery Dive,1,5200.0,Completed,,T00758,9,41,False,2025-26,1,2026-01,False,5200.0
B005838,C04381,2025-12-07,2026-01-13,Fun Dive,1,3700.0,Completed,,T00759,1,37,False,2025-26,1,2026-01,False,3700.0
B005839,C03697,2025-12-20,2026-01-13,Fun Dive,1,3050.0,Completed,,T00759,2,24,False,2025-26,1,2026-01,False,3050.0
B005840,C03614,2025-12-31,2026-01-13,Fun Dive,2,7300.0,Cancelled,Unknown,T00759,4,13,False,2025-26,1,2026-01,False,
B005841,C04382,2026-01-10,2026-01-13,Discovery Dive,1,4600.0,Completed,,T00759,5,3,False,2025-26,1,2026-01,False,4600.0
B005842,C04288,2025-12-16,2026-01-13,Fun Dive,2,7000.0,Completed,,T00759,6,28,False,2025-26,1,2026-01,False,7000.0
B005843,C04383,2025-12-02,2026-01-13,Fun Dive,1,3350.0,Completed,,T00759,7,42,False,2025-26,1,2026-01,False,3350.0
B005844,C04384,2025-12-06,2026-01-13,Fun Dive,4,14400.0,Completed,,T00759,8,38,False,2025-26,1,2026-01,False,14400.0
B005845,C04385,2026-01-01,2026-01-13,Discovery Dive,1,5100.0,Completed,,T00759,9,12,False,2025-26,1,2026-01,False,5100.0
B005846,C04386,2026-01-12,2026-01-13,Fun Dive,3,10700.0,Completed,,T00759,10,1,False,2025-26,1,2026-01,False,10700.0
B005847,C02982,2025-12-11,2026-01-13,Fun Dive,1,3200.0,Completed,,T00759,11,33,False,2025-26,1,2026-01,False,3200.0
B005848,C04387,2025-12-19,2026-01-14,Fun Dive,2,6650.0,Cancelled,Weather,T00760,1,26,False,2025-26,1,2026-01,False,
B005849,C04388,2026-01-09,2026-01-14,Course,4,20050.0,Cancelled,Customer,T00760,2,5,False,2025-26,1,2026-01,False,
B005850,C04389,2025-11-30,2026-01-14,Fun Dive,2,7600.0,Completed,,T00760,3,45,False,2025-26,1,2026-01,False,7600.0
B005851,C04390,2025-12-31,2026-01-14,Fun Dive,1,3550.0,Completed,,T00760,5,14,False,2025-26,1,2026-01,False,3550.0
B005852,C04261,2025-12-19,2026-01-14,Fun Dive,3,10550.0,Cancelled,Customer,T00760,6,26,False,2025-26,1,2026-01,False,
B005853,C04391,2026-01-06,2026-01-14,Course,4,21050.0,Completed,,T00760,7,8,False,2025-26,1,2026-01,False,21050.0
B005854,C04392,2025-12-07,2026-01-14,Discovery Dive,1,4250.0,Completed,,T00760,8,38,False,2025-26,1,2026-01,False,4250.0
B005855,C04393,2026-01-03,2026-01-15,Fun Dive,3,8850.0,Completed,,T00761,1,12,False,2025-26,1,2026-01,False,8850.0
B005856,C04394,2025-12-10,2026-01-15,Discovery Dive,2,9150.0,Cancelled,Customer,T00761,3,36,False,2025-26,1,2026-01,False,
B005857,C04395,2025-12-26,2026-01-15,Fun Dive,3,10400.0,Completed,,T00761,4,20,False,2025-26,1,2026-01,False,10400.0
B005858,C03256,2025-12-08,2026-01-15,Fun Dive,1,3150.0,Completed,,T00761,5,38,False,2025-26,1,2026-01,False,3150.0
B005859,C02768,2025-12-06,2026-01-15,Discovery Dive,1,4100.0,Completed,,T00761,6,40,False,2025-26,1,2026-01,False,4100.0
B005860,C04396,2026-01-01,2026-01-15,Fun Dive,3,10300.0,Completed,,T00761,7,14,False,2025-26,1,2026-01,False,10300.0
B005861,C04397,2025-12-16,2026-01-15,Fun Dive,4,12250.0,Completed,,T00761,8,30,False,2025-26,1,2026-01,False,12250.0
B005862,C04398,2025-12-09,2026-01-15,Fun Dive,2,5800.0,Completed,,T00761,9,37,False,2025-26,1,2026-01,False,5800.0
B005863,C04399,2025-12-31,2026-01-16,Fun Dive,4,11750.0,Completed,,T00762,2,16,False,2025-26,1,2026-01,False,11750.0
B005864,C04400,2025-12-24,2026-01-16,Discovery Dive,1,4350.0,Cancelled,Customer,T00762,3,23,False,2025-26,1,2026-01,False,
B005865,C04401,2025-12-06,2026-01-16,Discovery Dive,1,5500.0,Completed,,T00762,4,41,False,2025-26,1,2026-01,False,5500.0
B005866,C03759,2025-12-21,2026-01-16,Fun Dive,1,3500.0,Cancelled,Medical,T00762,5,26,False,2025-26,1,2026-01,False,
B005867,C04402,2025-12-06,2026-01-16,Discovery Dive,1,4500.0,Completed,,T00762,6,41,False,2025-26,1,2026-01,False,4500.0
B005868,C04403,2025-12-15,2026-01-16,Discovery Dive,1,5100.0,Completed,,T00762,8,32,False,2025-26,1,2026-01,False,5100.0
B005869,C01792,2026-01-09,2026-01-17,Fun Dive,1,3700.0,Completed,,T00763,1,8,False,2025-26,1,2026-01,True,3700.0
B005870,C04404,2025-12-25,2026-01-17,Course,5,23000.0,Completed,,T00763,2,23,False,2025-26,1,2026-01,True,23000.0
B005871,C04405,2025-12-18,2026-01-17,Fun Dive,3,9150.0,Completed,,T00763,4,30,False,2025-26,1,2026-01,True,9150.0
B005872,C04406,2025-12-14,2026-01-17,Discovery Dive,1,4050.0,Completed,,T00763,5,34,False,2025-26,1,2026-01,True,4050.0
B005873,C04407,2025-12-08,2026-01-17,Fun Dive,1,3650.0,Cancelled,Customer,T00763,6,40,False,2025-26,1,2026-01,True,
B005874,C04408,2025-12-05,2026-01-17,Fun Dive,1,3700.0,No-show,,T00763,7,43,False,2025-26,1,2026-01,True,
B005875,C04409,2025-12-10,2026-01-17,Discovery Dive,1,4050.0,Completed,,T00763,8,38,False,2025-26,1,2026-01,True,4050.0
B005876,C04410,2026-01-12,2026-01-17,Fun Dive,1,3750.0,Completed,,T00763,10,5,False,2025-26,1,2026-01,True,3750.0
B005877,C04411,2025-12-20,2026-01-17,Fun Dive,1,3450.0,Cancelled,Unknown,T00764,1,28,False,2025-26,1,2026-01,True,
B005878,C04412,2026-01-15,2026-01-17,Fun Dive,2,6300.0,Completed,,T00764,3,2,False,2025-26,1,2026-01,True,6300.0
B005879,C04413,2026-01-08,2026-01-17,Fun Dive,2,5850.0,Cancelled,Weather,T00764,4,9,False,2025-26,1,2026-01,True,
B005880,C04414,2025-12-07,2026-01-17,Fun Dive,3,10500.0,Completed,,T00764,5,41,False,2025-26,1,2026-01,True,10500.0
B005881,C04415,2025-12-13,2026-01-17,Discovery Dive,1,4550.0,No-show,,T00764,6,35,False,2025-26,1,2026-01,True,
B005882,C04416,2025-12-30,2026-01-17,Discovery Dive,1,4900.0,Completed,,T00764,7,18,False,2025-26,1,2026-01,True,4900.0
B005883,C04112,2025-12-20,2026-01-17,Fun Dive,1,3050.0,Cancelled,Unknown,T00764,8,28,False,2025-26,1,2026-01,True,
B005884,C04417,2026-01-04,2026-01-17,Discovery Dive,2,10600.0,Completed,,T00764,9,13,False,2025-26,1,2026-01,True,10600.0
B005885,C04418,2026-01-08,2026-01-17,Course,4,24750.0,Completed,,T00764,11,9,False,2025-26,1,2026-01,True,24750.0
B005886,C04419,2025-12-12,2026-01-18,Fun Dive,2,6150.0,Cancelled,Weather,T00765,2,37,False,2025-26,1,2026-01,True,
B005887,C04420,2026-01-10,2026-01-18,Fun Dive,4,13900.0,Completed,,T00765,3,8,False,2025-26,1,2026-01,True,13900.0
B005888,C04421,2026-01-06,2026-01-18,Fun Dive,1,3750.0,Completed,,T00765,5,12,False,2025-26,1,2026-01,True,3750.0
B005889,C03857,2026-01-05,2026-01-18,Fun Dive,1,3300.0,Cancelled,Weather,T00765,6,13,False,2025-26,1,2026-01,True,
B005890,C04422,2026-01-17,2026-01-18,Fun Dive,3,9550.0,Cancelled,Weather,T00765,7,1,False,2025-26,1,2026-01,True,
B005891,C04423,2025-12-09,2026-01-18,Fun Dive,2,6150.0,Cancelled,Weather,T00765,8,40,False,2025-26,1,2026-01,True,
B005892,C04424,2026-01-10,2026-01-18,Fun Dive,2,5800.0,Cancelled,Unknown,T00765,9,8,False,2025-26,1,2026-01,True,
B005893,C04425,2026-01-07,2026-01-18,Discovery Dive,1,,Cancelled,Weather,T00765,10,11,True,2025-26,1,2026-01,True,
B005894,C04426,2026-01-05,2026-01-18,Discovery Dive,1,5250.0,Completed,,T00765,11,13,False,2025-26,1,2026-01,True,5250.0
B005895,C04427,2025-12-21,2026-01-19,Fun Dive,4,11150.0,Completed,,T00766,1,29,False,2025-26,1,2026-01,False,11150.0
B005896,C04428,2025-12-09,2026-01-19,Fun Dive,3,9350.0,No-show,,T00766,2,41,False,2025-26,1,2026-01,False,
B005897,C04429,2025-12-08,2026-01-19,Fun Dive,1,3350.0,Completed,,T00766,3,42,False,2025-26,1,2026-01,False,3350.0
B005898,C04302,2026-01-15,2026-01-19,Fun Dive,1,2950.0,No-show,,T00766,4,4,False,2025-26,1,2026-01,False,
B005899,C04430,2026-01-11,2026-01-19,Discovery Dive,1,5250.0,Completed,,T00766,6,8,False,2025-26,1,2026-01,False,5250.0
B005900,C04431,2026-01-16,2026-01-19,Fun Dive,2,7300.0,Cancelled,Customer,T00766,7,3,False,2025-26,1,2026-01,False,
B005901,C04432,2025-12-31,2026-01-19,Fun Dive,2,6900.0,Completed,,T00766,8,19,False,2025-26,1,2026-01,False,6900.0
B005902,C04433,2025-12-09,2026-01-19,Discovery Dive,1,4250.0,Completed,,T00766,9,41,False,2025-26,1,2026-01,False,4250.0
B005903,C04379,2026-01-13,2026-01-19,Discovery Dive,2,9700.0,Completed,,T00766,10,6,False,2025-26,1,2026-01,False,9700.0
B005904,C03853,2025-12-05,2026-01-19,Fun Dive,3,9550.0,Completed,,T00766,11,45,False,2025-26,1,2026-01,False,9550.0
B005905,C04434,2025-12-06,2026-01-19,Discovery Dive,1,5000.0,Cancelled,Unknown,T00767,1,44,False,2025-26,1,2026-01,False,
B005906,C04435,2026-01-09,2026-01-19,Fun Dive,1,3200.0,Completed,,T00767,2,10,False,2025-26,1,2026-01,False,3200.0
B005907,C04436,2025-12-12,2026-01-19,Discovery Dive,1,4500.0,Cancelled,Medical,T00767,3,38,False,2025-26,1,2026-01,False,
B005908,C03948,2025-12-11,2026-01-19,Discovery Dive,1,5150.0,Cancelled,Weather,T00767,5,39,False,2025-26,1,2026-01,False,
B005909,C04437,2025-12-28,2026-01-19,Course,4,26050.0,Completed,,T00767,6,22,False,2025-26,1,2026-01,False,26050.0
B005910,C04438,2025-12-15,2026-01-19,Fun Dive,1,3000.0,Completed,,T00767,7,35,False,2025-26,1,2026-01,False,3000.0
B005911,C04439,2026-01-08,2026-01-19,Discovery Dive,1,4500.0,Completed,,T00767,8,11,False,2025-26,1,2026-01,False,4500.0
B005912,C04440,2025-12-25,2026-01-19,Discovery Dive,1,4450.0,Completed,,T00767,9,25,False,2025-26,1,2026-01,False,4450.0
B005913,C04441,2026-01-01,2026-01-19,Discovery Dive,1,5500.0,Completed,,T00767,10,18,False,2025-26,1,2026-01,False,5500.0
B005914,C04442,2025-12-26,2026-01-19,Course,5,25800.0,Completed,,T00767,11,24,False,2025-26,1,2026-01,False,25800.0
B005915,C04443,2025-12-24,2026-01-20,Fun Dive,1,3150.0,Cancelled,Weather,T00768,2,27,False,2025-26,1,2026-01,False,
B005916,C04444,2025-12-06,2026-01-20,Discovery Dive,1,4400.0,Cancelled,Unknown,T00768,3,45,False,2025-26,1,2026-01,False,
B005917,C04445,2025-12-10,2026-01-20,Discovery Dive,2,10500.0,Completed,,T00768,4,41,False,2025-26,1,2026-01,False,10500.0
B005918,C04446,2026-01-14,2026-01-20,Discovery Dive,1,4450.0,Cancelled,Weather,T00768,5,6,False,2025-26,1,2026-01,False,
B005919,C04447,2026-01-12,2026-01-20,Fun Dive,4,13050.0,Completed,,T00768,6,8,False,2025-26,1,2026-01,False,13050.0
B005920,C04448,2025-12-11,2026-01-20,Discovery Dive,1,4350.0,Cancelled,Weather,T00768,7,40,False,2025-26,1,2026-01,False,
B005921,C04449,2025-12-13,2026-01-20,Discovery Dive,1,4550.0,Cancelled,Weather,T00768,8,38,False,2025-26,1,2026-01,False,
B005922,C04450,2026-01-01,2026-01-20,Fun Dive,2,6050.0,Cancelled,Customer,T00768,10,19,False,2025-26,1,2026-01,False,
B005923,C04429,2025-12-26,2026-01-20,Fun Dive,4,13750.0,Completed,,T00769,3,25,False,2025-26,1,2026-01,False,13750.0
B005924,C04055,2025-12-24,2026-01-20,Discovery Dive,1,5150.0,Completed,,T00769,4,27,False,2025-26,1,2026-01,False,5150.0
B005925,C04451,2025-12-11,2026-01-20,Discovery Dive,1,4600.0,Cancelled,Unknown,T00769,5,40,False,2025-26,1,2026-01,False,
B005926,C04452,2025-12-25,2026-01-20,Fun Dive,2,6200.0,Cancelled,Weather,T00769,6,26,False,2025-26,1,2026-01,False,
B005927,C04453,2026-01-14,2026-01-20,Discovery Dive,1,5200.0,Cancelled,Weather,T00769,7,6,False,2025-26,1,2026-01,False,
B005928,C04454,2026-01-03,2026-01-20,Fun Dive,3,9950.0,Completed,,T00769,9,17,False,2025-26,1,2026-01,False,9950.0
B005929,C04455,2025-12-09,2026-01-20,Discovery Dive,1,4600.0,Cancelled,Weather,T00769,10,42,False,2025-26,1,2026-01,False,
B005930,C04456,2025-12-26,2026-01-20,Discovery Dive,1,5100.0,Cancelled,Weather,T00769,11,25,False,2025-26,1,2026-01,False,
B005931,C04457,2026-01-11,2026-01-20,Fun Dive,1,2800.0,Cancelled,Weather,T00769,12,9,False,2025-26,1,2026-01,False,
B005932,C04458,2025-12-15,2026-01-21,Fun Dive,3,10100.0,Completed,,T00770,1,37,False,2025-26,1,2026-01,False,10100.0
B005933,C02507,2026-01-07,2026-01-21,Course,5,25700.0,Completed,,T00770,3,14,False,2025-26,1,2026-01,False,25700.0
B005934,C04459,2026-01-01,2026-01-21,Fun Dive,1,3600.0,Completed,,T00770,4,20,False,2025-26,1,2026-01,False,3600.0
B005935,C04460,2025-12-18,2026-01-21,Discovery Dive,2,10600.0,Completed,,T00770,5,34,False,2025-26,1,2026-01,False,10600.0
B005936,C04461,2025-12-08,2026-01-21,Fun Dive,1,3150.0,Completed,,T00770,6,44,False,2025-26,1,2026-01,False,3150.0
B005937,C04462,2025-12-13,2026-01-21,Fun Dive,3,10650.0,Completed,,T00770,7,39,False,2025-26,1,2026-01,False,10650.0
B005938,C04101,2025-12-23,2026-01-21,Discovery Dive,1,4750.0,Completed,,T00770,8,29,False,2025-26,1,2026-01,False,4750.0
B005939,C04463,2025-12-10,2026-01-22,Fun Dive,3,9200.0,Completed,,T00771,1,43,False,2025-26,1,2026-01,False,9200.0
B005940,C04464,2025-12-23,2026-01-22,Course,4,22400.0,Completed,,T00771,2,30,False,2025-26,1,2026-01,False,22400.0
B005941,C04465,2025-12-31,2026-01-22,Fun Dive,1,2800.0,Cancelled,Unknown,T00771,5,22,False,2025-26,1,2026-01,False,
B005942,C04466,2026-01-02,2026-01-22,Course,4,25050.0,Cancelled,Medical,T00771,6,20,False,2025-26,1,2026-01,False,
B005943,C04467,2026-01-22,2026-01-22,Fun Dive,2,6950.0,Completed,,T00771,7,0,False,2025-26,1,2026-01,False,6950.0
B005944,C04468,2025-12-14,2026-01-22,Course,5,27050.0,Completed,,T00771,8,39,False,2025-26,1,2026-01,False,27050.0
B005945,C03745,2026-01-22,2026-01-22,Fun Dive,4,11350.0,Completed,,T00771,9,0,False,2025-26,1,2026-01,False,11350.0
B005946,C04469,2025-12-18,2026-01-22,Fun Dive,2,6800.0,Cancelled,Customer,T00771,10,35,False,2025-26,1,2026-01,False,
B005947,C04470,2025-12-22,2026-01-23,Discovery Dive,1,5500.0,Completed,,T00772,1,32,False,2025-26,1,2026-01,False,5500.0
B005948,C04471,2025-12-24,2026-01-23,Fun Dive,4,13450.0,Completed,,T00772,2,30,False,2025-26,1,2026-01,False,13450.0
B005949,C04472,2026-01-02,2026-01-23,Course,4,22550.0,Cancelled,Customer,T00772,3,21,False,2025-26,1,2026-01,False,
B005950,C04386,2026-01-13,2026-01-23,Course,4,27150.0,Completed,,T00772,5,10,False,2025-26,1,2026-01,False,27150.0
B005951,C04473,2025-12-27,2026-01-23,Fun Dive,4,12400.0,Cancelled,Medical,T00772,6,27,False,2025-26,1,2026-01,False,
B005952,C04474,2026-01-11,2026-01-23,Fun Dive,4,15050.0,Completed,,T00772,7,12,False,2025-26,1,2026-01,False,15050.0
B005953,C04475,2026-01-01,2026-01-23,Fun Dive,4,13950.0,Completed,,T00772,9,22,False,2025-26,1,2026-01,False,13950.0
B005954,C00609,2026-01-23,2026-01-23,Fun Dive,3,10300.0,Completed,,T00772,10,0,False,2025-26,1,2026-01,False,10300.0
B005955,C03871,2026-01-16,2026-01-24,Course,5,22950.0,Cancelled,Customer,T00773,2,8,False,2025-26,1,2026-01,True,
B005956,C04476,2026-01-24,2026-01-24,Fun Dive,1,3600.0,Completed,,T00773,3,0,False,2025-26,1,2026-01,True,3600.0
B005957,C04477,2026-01-15,2026-01-24,Discovery Dive,1,4900.0,Cancelled,Weather,T00773,4,9,False,2025-26,1,2026-01,True,
B005958,C04478,2026-01-07,2026-01-24,Fun Dive,3,11250.0,No-show,,T00773,5,17,False,2025-26,1,2026-01,True,
B005959,C04479,2026-01-10,2026-01-24,Discovery Dive,1,5550.0,Completed,,T00773,7,14,False,2025-26,1,2026-01,True,5550.0
B005960,C03689,2025-12-27,2026-01-24,Fun Dive,2,6700.0,Completed,,T00773,8,28,False,2025-26,1,2026-01,True,6700.0
B005961,C04480,2026-01-06,2026-01-24,Fun Dive,2,5600.0,Completed,,T00773,9,18,False,2025-26,1,2026-01,True,5600.0
B005962,C04481,2025-12-18,2026-01-24,Fun Dive,3,9150.0,Completed,,T00774,1,37,False,2025-26,1,2026-01,True,9150.0
B005963,C04215,2025-12-10,2026-01-24,Discovery Dive,1,4250.0,Cancelled,Unknown,T00774,2,45,False,2025-26,1,2026-01,True,
B005964,C04482,2026-01-09,2026-01-24,Fun Dive,1,3600.0,Completed,,T00774,3,15,False,2025-26,1,2026-01,True,3600.0
B005965,C04483,2025-12-20,2026-01-24,Fun Dive,1,3650.0,Completed,,T00774,4,35,False,2025-26,1,2026-01,True,3650.0
B005966,C04484,2025-12-31,2026-01-24,Fun Dive,3,9800.0,Completed,,T00774,5,24,False,2025-26,1,2026-01,True,9800.0
B005967,C04353,2026-01-17,2026-01-24,Fun Dive,3,9900.0,Completed,,T00774,7,7,False,2025-26,1,2026-01,True,9900.0
B005968,C04485,2025-12-24,2026-01-24,Discovery Dive,1,4050.0,Cancelled,Customer,T00774,8,31,False,2025-26,1,2026-01,True,
B005969,C04486,2026-01-23,2026-01-24,Fun Dive,4,12150.0,Completed,,T00774,9,1,False,2025-26,1,2026-01,True,12150.0
B005970,C04487,2026-01-18,2026-01-25,Fun Dive,2,6750.0,Completed,,T00775,1,7,False,2025-26,1,2026-01,True,6750.0
B005971,C04488,2026-01-17,2026-01-25,Course,4,27500.0,Completed,,T00775,4,8,False,2025-26,1,2026-01,True,27500.0
B005972,C04489,2025-12-23,2026-01-25,Course,5,25350.0,Completed,,T00775,5,33,False,2025-26,1,2026-01,True,25350.0
B005973,C04490,2025-12-20,2026-01-25,Fun Dive,4,12350.0,Completed,,T00775,6,36,False,2025-26,1,2026-01,True,12350.0
B005974,C04491,2025-12-16,2026-01-25,Fun Dive,4,14950.0,Completed,,T00775,7,40,False,2025-26,1,2026-01,True,14950.0
B005975,C04492,2026-01-05,2026-01-25,Course,5,24850.0,Completed,,T00775,8,20,False,2025-26,1,2026-01,True,24850.0
B005976,C04424,2026-01-08,2026-01-25,Course,5,21650.0,Completed,,T00775,9,17,False,2025-26,1,2026-01,True,21650.0
B005977,C04433,2025-12-14,2026-01-25,Discovery Dive,2,8000.0,Completed,,T00775,10,42,False,2025-26,1,2026-01,True,8000.0
B005978,C04493,2026-01-23,2026-01-25,Course,4,20800.0,Completed,,T00775,11,2,False,2025-26,1,2026-01,True,20800.0
B005979,C04494,2026-01-18,2026-01-25,Discovery Dive,2,9950.0,Cancelled,Customer,T00775,12,7,False,2025-26,1,2026-01,True,
B005980,C04495,2026-01-25,2026-01-26,Fun Dive,4,14000.0,Completed,,T00776,1,1,False,2025-26,1,2026-01,False,14000.0
B005981,C04401,2025-12-20,2026-01-26,Discovery Dive,1,4800.0,Completed,,T00776,2,37,False,2025-26,1,2026-01,False,4800.0
B005982,C04496,2025-12-17,2026-01-26,Fun Dive,1,3400.0,Completed,,T00776,3,40,False,2025-26,1,2026-01,False,3400.0
B005983,C03824,2025-12-17,2026-01-26,Fun Dive,2,6000.0,Completed,,T00776,4,40,False,2025-26,1,2026-01,False,6000.0
B005984,C04497,2025-12-13,2026-01-26,Discovery Dive,1,5150.0,Cancelled,Unknown,T00776,6,44,False,2025-26,1,2026-01,False,
B005985,C04498,2025-12-26,2026-01-26,Fun Dive,3,11000.0,Completed,,T00776,8,31,False,2025-26,1,2026-01,False,11000.0
B005986,C04499,2026-01-01,2026-01-26,Discovery Dive,2,8600.0,Completed,,T00776,9,25,False,2025-26,1,2026-01,False,8600.0
B005987,C04500,2025-12-22,2026-01-26,Discovery Dive,1,5100.0,Completed,,T00777,1,35,False,2025-26,1,2026-01,False,5100.0
B005988,C04501,2026-01-25,2026-01-26,Discovery Dive,1,5200.0,Completed,,T00777,2,1,False,2025-26,1,2026-01,False,5200.0
B005989,C04502,2025-12-22,2026-01-26,Fun Dive,4,12950.0,Completed,,T00777,4,35,False,2025-26,1,2026-01,False,12950.0
B005990,C04503,2026-01-03,2026-01-26,Course,4,25300.0,Completed,,T00777,5,23,False,2025-26,1,2026-01,False,25300.0
B005991,C04504,2026-01-18,2026-01-26,Fun Dive,1,3450.0,Completed,,T00777,6,8,False,2025-26,1,2026-01,False,3450.0
B005992,C04221,2026-01-13,2026-01-26,Fun Dive,4,14000.0,Completed,,T00777,7,13,False,2025-26,1,2026-01,False,14000.0
B005993,C03802,2025-12-15,2026-01-27,Fun Dive,3,10450.0,Completed,,T00778,1,43,False,2025-26,1,2026-01,False,10450.0
B005994,C04505,2026-01-12,2026-01-27,Fun Dive,1,3450.0,Completed,,T00778,2,15,False,2025-26,1,2026-01,False,3450.0
B005995,C04245,2025-12-20,2026-01-27,Discovery Dive,1,4550.0,Completed,,T00778,3,38,False,2025-26,1,2026-01,False,4550.0
B005996,C04506,2026-01-05,2026-01-27,Discovery Dive,1,4400.0,No-show,,T00778,4,22,False,2025-26,1,2026-01,False,
B005997,C04171,2026-01-13,2026-01-27,Discovery Dive,1,4700.0,Completed,,T00778,5,14,False,2025-26,1,2026-01,False,4700.0
B005998,C04507,2026-01-13,2026-01-27,Course,5,24650.0,Completed,,T00778,6,14,False,2025-26,1,2026-01,False,24650.0
B005999,C04508,2026-01-15,2026-01-27,Fun Dive,3,10750.0,Completed,,T00778,7,12,False,2025-26,1,2026-01,False,10750.0
B006000,C04509,2025-12-31,2026-01-27,Discovery Dive,1,4300.0,Completed,,T00778,9,27,False,2025-26,1,2026-01,False,4300.0
B006001,C04510,2026-01-16,2026-01-27,Fun Dive,3,8600.0,Completed,,T00778,10,11,False,2025-26,1,2026-01,False,8600.0
B006002,C04511,2026-01-03,2026-01-28,Discovery Dive,1,5050.0,Completed,,T00779,1,25,False,2025-26,1,2026-01,False,5050.0
B006003,C03755,2026-01-17,2026-01-28,Fun Dive,3,9500.0,Cancelled,Unknown,T00779,2,11,False,2025-26,1,2026-01,False,
B006004,C04512,2025-12-20,2026-01-28,Course,5,27600.0,Completed,,T00779,3,39,False,2025-26,1,2026-01,False,27600.0
B006005,C04513,2026-01-13,2026-01-28,Fun Dive,1,3550.0,Completed,,T00779,5,15,False,2025-26,1,2026-01,False,3550.0
B006006,C04514,2026-01-28,2026-01-28,Discovery Dive,2,9900.0,Completed,,T00779,6,0,False,2025-26,1,2026-01,False,9900.0
B006007,C04515,2025-12-19,2026-01-28,Fun Dive,2,5950.0,Completed,,T00779,7,40,False,2025-26,1,2026-01,False,5950.0
B006008,C04516,2026-01-05,2026-01-28,Discovery Dive,1,5150.0,Completed,,T00779,8,23,False,2025-26,1,2026-01,False,5150.0
B006009,C04517,2025-12-19,2026-01-28,Fun Dive,2,6800.0,Cancelled,Customer,T00779,9,40,False,2025-26,1,2026-01,False,
B006010,C04518,2026-01-03,2026-01-28,Fun Dive,3,10450.0,Completed,,T00779,11,25,False,2025-26,1,2026-01,False,10450.0
B006011,C04519,2025-12-20,2026-01-29,Fun Dive,1,2750.0,Completed,,T00780,1,40,False,2025-26,1,2026-01,False,2750.0
B006012,C04520,2026-01-06,2026-01-29,Discovery Dive,1,4850.0,Completed,,T00780,2,23,False,2025-26,1,2026-01,False,4850.0
B006013,C04521,2026-01-24,2026-01-29,Fun Dive,2,6600.0,Completed,,T00780,3,5,False,2025-26,1,2026-01,False,6600.0
B006014,C04522,2026-01-18,2026-01-29,Fun Dive,1,3700.0,Completed,,T00780,4,11,False,2025-26,1,2026-01,False,3700.0
B006015,C04523,2026-01-06,2026-01-29,Fun Dive,4,11350.0,Completed,,T00780,5,23,False,2025-26,1,2026-01,False,11350.0
B006016,C04524,2025-12-20,2026-01-29,Fun Dive,1,3250.0,Completed,,T00780,6,40,False,2025-26,1,2026-01,False,3250.0
B006017,C04525,2026-01-09,2026-01-29,Fun Dive,4,12300.0,Cancelled,Medical,T00780,7,20,False,2025-26,1,2026-01,False,
B006018,C04526,2026-01-23,2026-01-29,Discovery Dive,2,9200.0,Cancelled,Medical,T00780,9,6,False,2025-26,1,2026-01,False,
B006019,C01387,2026-01-07,2026-01-29,Fun Dive,2,7350.0,Completed,,T00780,10,22,False,2025-26,1,2026-01,False,7350.0
B006020,C04527,2025-12-27,2026-01-29,Discovery Dive,2,8450.0,Cancelled,Weather,T00780,11,33,False,2025-26,1,2026-01,False,
B006021,C04528,2026-01-03,2026-01-29,Fun Dive,3,9350.0,Cancelled,Customer,T00780,12,26,False,2025-26,1,2026-01,False,
B006022,C04529,2026-01-07,2026-01-30,Discovery Dive,1,5150.0,Completed,,T00781,1,23,False,2025-26,1,2026-01,False,5150.0
B006023,C04530,2026-01-22,2026-01-30,Fun Dive,2,5850.0,Cancelled,Unknown,T00781,2,8,False,2025-26,1,2026-01,False,
B006024,C04531,2025-12-29,2026-01-30,Discovery Dive,1,4250.0,Completed,,T00781,3,32,False,2025-26,1,2026-01,False,4250.0
B006025,C03877,2026-01-24,2026-01-30,Fun Dive,2,6950.0,Completed,,T00781,4,6,False,2025-26,1,2026-01,False,6950.0
B006026,C04532,2026-01-06,2026-01-30,Discovery Dive,1,5350.0,Completed,,T00781,5,24,False,2025-26,1,2026-01,False,5350.0
B006027,C04533,2025-12-22,2026-01-30,Fun Dive,3,9300.0,Completed,,T00781,6,39,False,2025-26,1,2026-01,False,9300.0
B006028,C04534,2026-01-23,2026-01-30,Fun Dive,3,9600.0,Completed,,T00781,7,7,False,2025-26,1,2026-01,False,9600.0
B006029,C04535,2025-12-31,2026-01-30,Discovery Dive,1,5000.0,Completed,,T00781,8,30,False,2025-26,1,2026-01,False,5000.0
B006030,C04536,2026-01-23,2026-01-31,Discovery Dive,1,4000.0,Completed,,T00782,1,8,False,2025-26,1,2026-01,True,4000.0
B006031,C04537,2025-12-28,2026-01-31,Fun Dive,3,10600.0,Completed,,T00782,2,34,False,2025-26,1,2026-01,True,10600.0
B006032,C04538,2026-01-20,2026-01-31,Fun Dive,2,7200.0,Completed,,T00782,3,11,False,2025-26,1,2026-01,True,7200.0
B006033,C04263,2026-01-22,2026-01-31,Fun Dive,3,11050.0,Completed,,T00782,4,9,False,2025-26,1,2026-01,True,11050.0
B006034,C04539,2025-12-30,2026-01-31,Discovery Dive,1,4550.0,Completed,,T00782,6,32,False,2025-26,1,2026-01,True,4550.0
B006035,C04540,2026-01-29,2026-01-31,Discovery Dive,1,5050.0,Completed,,T00782,7,2,False,2025-26,1,2026-01,True,5050.0
B006036,C04541,2026-01-06,2026-01-31,Fun Dive,3,10900.0,Completed,,T00782,9,25,False,2025-26,1,2026-01,True,10900.0
B006037,C04542,2026-01-13,2026-01-31,Discovery Dive,1,4400.0,Completed,,T00782,10,18,False,2025-26,1,2026-01,True,4400.0
B006038,C04543,2025-12-29,2026-02-01,Fun Dive,1,3300.0,Cancelled,Weather,T00783,1,34,False,2025-26,2,2026-02,True,
B006039,C04544,2026-01-12,2026-02-01,Discovery Dive,1,5050.0,Cancelled,Weather,T00783,2,20,False,2025-26,2,2026-02,True,
B006040,C04545,2025-12-22,2026-02-01,Discovery Dive,1,5300.0,Cancelled,Unknown,T00783,3,41,False,2025-26,2,2026-02,True,
B006041,C04546,2025-12-29,2026-02-01,Fun Dive,1,3800.0,Cancelled,Weather,T00783,4,34,False,2025-26,2,2026-02,True,
B006042,C04547,2026-01-26,2026-02-01,Discovery Dive,1,4150.0,No-show,,T00783,6,6,False,2025-26,2,2026-02,True,
B006043,C04548,2026-01-09,2026-02-01,Fun Dive,1,3150.0,Cancelled,Weather,T00783,7,23,False,2025-26,2,2026-02,True,
B006044,C04549,2025-12-27,2026-02-01,Fun Dive,3,10350.0,Cancelled,Weather,T00783,8,36,False,2025-26,2,2026-02,True,
B006045,C03759,2026-01-13,2026-02-01,Fun Dive,4,14550.0,Cancelled,Weather,T00783,10,19,False,2025-26,2,2026-02,True,
B006046,C04550,2026-01-18,2026-02-01,Discovery Dive,1,4950.0,Completed,,T00783,11,14,False,2025-26,2,2026-02,True,4950.0
B006047,C03941,2026-01-02,2026-02-01,Course,5,27250.0,Cancelled,Unknown,T00783,12,30,False,2025-26,2,2026-02,True,
B006048,C04551,2026-01-21,2026-02-02,Discovery Dive,2,10000.0,Completed,,T00784,1,12,False,2025-26,2,2026-02,False,10000.0
B006049,C04552,2026-01-14,2026-02-02,Course,5,23900.0,Completed,,T00784,2,19,False,2025-26,2,2026-02,False,23900.0
B006050,C04553,2026-01-27,2026-02-02,Discovery Dive,1,5200.0,Completed,,T00784,3,6,False,2025-26,2,2026-02,False,5200.0
B006051,C04512,2026-02-02,2026-02-02,Fun Dive,3,11150.0,Completed,,T00784,5,0,False,2025-26,2,2026-02,False,11150.0
B006052,C04554,2026-01-17,2026-02-02,Fun Dive,1,3300.0,Cancelled,Customer,T00784,6,16,False,2025-26,2,2026-02,False,
B006053,C04555,2026-01-29,2026-02-02,Discovery Dive,1,4350.0,Completed,,T00784,7,4,False,2025-26,2,2026-02,False,4350.0
B006054,C04556,2026-01-25,2026-02-02,Fun Dive,2,6900.0,Completed,,T00784,9,8,False,2025-26,2,2026-02,False,6900.0
B006055,C04557,2026-01-15,2026-02-02,Fun Dive,3,10200.0,Completed,,T00784,10,18,False,2025-26,2,2026-02,False,10200.0
B006056,C04558,2026-01-13,2026-02-02,Discovery Dive,1,5300.0,Completed,,T00785,1,20,False,2025-26,2,2026-02,False,5300.0
B006057,C04559,2026-01-31,2026-02-02,Fun Dive,1,3500.0,No-show,,T00785,2,2,False,2025-26,2,2026-02,False,
B006058,C04560,2026-01-22,2026-02-02,Fun Dive,1,3550.0,Completed,,T00785,4,11,False,2025-26,2,2026-02,False,3550.0
B006059,C04561,2026-01-09,2026-02-02,Course,5,23550.0,Cancelled,Weather,T00785,6,24,False,2025-26,2,2026-02,False,
B006060,C04562,2026-01-16,2026-02-02,Discovery Dive,1,5050.0,Cancelled,Weather,T00785,7,17,False,2025-26,2,2026-02,False,
B006061,C04124,2025-12-25,2026-02-02,Discovery Dive,1,4500.0,Completed,,T00785,8,39,False,2025-26,2,2026-02,False,4500.0
B006062,C04563,2026-01-08,2026-02-02,Discovery Dive,1,4800.0,Completed,,T00785,10,25,False,2025-26,2,2026-02,False,4800.0
B006063,C04564,2026-01-03,2026-02-03,Discovery Dive,1,4500.0,Cancelled,Medical,T00786,1,31,False,2025-26,2,2026-02,False,
B006064,C04565,2026-01-08,2026-02-03,Discovery Dive,1,4300.0,Cancelled,Customer,T00786,4,26,False,2025-26,2,2026-02,False,
B006065,C04566,2026-01-10,2026-02-03,Discovery Dive,2,10700.0,Completed,,T00786,5,24,False,2025-26,2,2026-02,False,10700.0
B006066,C04567,2026-01-22,2026-02-03,Fun Dive,2,6800.0,Cancelled,Customer,T00786,6,12,False,2025-26,2,2026-02,False,
B006067,C04568,2026-01-09,2026-02-03,Discovery Dive,1,4600.0,Completed,,T00786,7,25,False,2025-26,2,2026-02,False,4600.0
B006068,C00092,2026-01-04,2026-02-03,Fun Dive,3,10650.0,Completed,,T00786,8,30,False,2025-26,2,2026-02,False,10650.0
B006069,C04569,2026-01-06,2026-02-03,Fun Dive,2,5750.0,Completed,,T00786,9,28,False,2025-26,2,2026-02,False,5750.0
B006070,C04570,2026-01-05,2026-02-04,Fun Dive,2,6050.0,Completed,,T00787,1,30,False,2025-26,2,2026-02,False,6050.0
B006071,C04571,2025-12-24,2026-02-04,Discovery Dive,1,5400.0,Cancelled,Customer,T00787,2,42,False,2025-26,2,2026-02,False,
B006072,C04572,2025-12-26,2026-02-04,Discovery Dive,1,5250.0,Completed,,T00787,4,40,False,2025-26,2,2026-02,False,5250.0
B006073,C04309,2025-12-26,2026-02-04,Fun Dive,2,6850.0,Completed,,T00787,5,40,False,2025-26,2,2026-02,False,6850.0
B006074,C04058,2025-12-22,2026-02-04,Discovery Dive,1,4000.0,Cancelled,Medical,T00787,6,44,False,2025-26,2,2026-02,False,
B006075,C04573,2026-01-28,2026-02-04,Fun Dive,3,11250.0,Completed,,T00787,7,7,False,2025-26,2,2026-02,False,11250.0
B006076,C04574,2026-01-20,2026-02-04,Fun Dive,1,3450.0,Completed,,T00787,8,15,False,2025-26,2,2026-02,False,3450.0
B006077,C04575,2026-01-28,2026-02-05,Fun Dive,1,3800.0,Cancelled,Customer,T00788,1,8,False,2025-26,2,2026-02,False,
B006078,C04576,2026-01-16,2026-02-05,Discovery Dive,1,3950.0,Completed,,T00788,3,20,False,2025-26,2,2026-02,False,3950.0
B006079,C04577,2026-01-24,2026-02-05,Discovery Dive,1,4550.0,No-show,,T00788,4,12,False,2025-26,2,2026-02,False,
B006080,C02795,2026-01-06,2026-02-05,Fun Dive,1,3050.0,Completed,,T00788,5,30,False,2025-26,2,2026-02,False,3050.0
B006081,C04578,2026-01-14,2026-02-05,Course,4,21400.0,Completed,,T00788,6,22,False,2025-26,2,2026-02,False,21400.0
B006082,C04579,2025-12-25,2026-02-05,Discovery Dive,1,4450.0,Completed,,T00788,7,42,False,2025-26,2,2026-02,False,4450.0
B006083,C04580,2026-02-03,2026-02-05,Fun Dive,1,3300.0,Completed,,T00788,8,2,False,2025-26,2,2026-02,False,3300.0
B006084,C04581,2026-01-15,2026-02-05,Discovery Dive,1,5600.0,Completed,,T00788,9,21,False,2025-26,2,2026-02,False,5600.0
B006085,C04582,2026-01-30,2026-02-05,Discovery Dive,1,4850.0,Completed,,T00788,10,6,False,2025-26,2,2026-02,False,4850.0
B006086,C04583,2026-02-03,2026-02-05,Fun Dive,4,14050.0,Completed,,T00789,2,2,False,2025-26,2,2026-02,False,14050.0
B006087,C03788,2026-01-09,2026-02-05,Discovery Dive,2,8050.0,Cancelled,Customer,T00789,3,27,False,2025-26,2,2026-02,False,
B006088,C04314,2026-01-21,2026-02-05,Fun Dive,1,3050.0,Completed,,T00789,4,15,False,2025-26,2,2026-02,False,3050.0
B006089,C04584,2026-01-25,2026-02-05,Fun Dive,3,9400.0,Completed,,T00789,5,11,False,2025-26,2,2026-02,False,9400.0
B006090,C04158,2025-12-28,2026-02-05,Fun Dive,2,7550.0,Completed,,T00789,6,39,False,2025-26,2,2026-02,False,7550.0
B006091,C04585,2026-01-23,2026-02-05,Fun Dive,3,10400.0,Completed,,T00789,7,13,False,2025-26,2,2026-02,False,10400.0
B006092,C04586,2025-12-24,2026-02-05,Discovery Dive,1,4350.0,Cancelled,Customer,T00789,8,43,False,2025-26,2,2026-02,False,
B006093,C04587,2026-01-27,2026-02-05,Course,5,25900.0,Completed,,T00789,9,9,False,2025-26,2,2026-02,False,25900.0
B006094,C04588,2026-01-07,2026-02-05,Fun Dive,2,6950.0,Completed,,T00789,10,29,False,2025-26,2,2026-02,False,6950.0
B006095,C04589,2025-12-30,2026-02-06,Fun Dive,2,7350.0,Completed,,T00790,1,38,False,2025-26,2,2026-02,False,7350.0
B006096,C04590,2026-02-03,2026-02-06,Fun Dive,1,3100.0,Completed,,T00790,2,3,False,2025-26,2,2026-02,False,3100.0
B006097,C04591,2026-01-17,2026-02-06,Discovery Dive,1,5250.0,Completed,,T00790,3,20,False,2025-26,2,2026-02,False,5250.0
B006098,C04069,2026-02-06,2026-02-06,Fun Dive,2,6900.0,Cancelled,Medical,T00790,4,0,False,2025-26,2,2026-02,False,
B006099,C04592,2026-01-10,2026-02-06,Fun Dive,2,5650.0,Completed,,T00790,5,27,False,2025-26,2,2026-02,False,5650.0
B006100,C04593,2026-01-20,2026-02-06,Discovery Dive,1,5300.0,Completed,,T00790,8,17,False,2025-26,2,2026-02,False,5300.0
B006101,C04594,2025-12-24,2026-02-06,Course,4,21900.0,Completed,,T00790,9,44,False,2025-26,2,2026-02,False,21900.0
B006102,C04595,2026-01-24,2026-02-06,Discovery Dive,1,5050.0,Completed,,T00791,2,13,False,2025-26,2,2026-02,False,5050.0
B006103,C04596,2026-02-02,2026-02-06,Fun Dive,4,13550.0,Completed,,T00791,3,4,False,2025-26,2,2026-02,False,13550.0
B006104,C04597,2026-01-17,2026-02-06,Discovery Dive,1,4100.0,Completed,,T00791,4,20,False,2025-26,2,2026-02,False,4100.0
B006105,C04137,2026-01-19,2026-02-06,Discovery Dive,1,5400.0,Completed,,T00791,5,18,False,2025-26,2,2026-02,False,5400.0
B006106,C04598,2026-01-02,2026-02-06,Discovery Dive,1,4550.0,Completed,,T00791,6,35,False,2025-26,2,2026-02,False,4550.0
B006107,C04599,2026-01-05,2026-02-06,Discovery Dive,1,5450.0,Completed,,T00791,7,32,False,2025-26,2,2026-02,False,5450.0
B006108,C04299,2026-01-22,2026-02-06,Fun Dive,4,13550.0,Completed,,T00791,8,15,False,2025-26,2,2026-02,False,13550.0
B006109,C04600,2025-12-27,2026-02-07,Discovery Dive,1,5100.0,Completed,,T00792,1,42,False,2025-26,2,2026-02,True,5100.0
B006110,C04601,2026-01-27,2026-02-07,Fun Dive,2,6000.0,Completed,,T00792,4,11,False,2025-26,2,2026-02,True,6000.0
B006111,C04602,2026-01-28,2026-02-07,Course,5,25600.0,Completed,,T00792,5,10,False,2025-26,2,2026-02,True,25600.0
B006112,C04603,2026-01-17,2026-02-07,Discovery Dive,1,4950.0,Completed,,T00792,7,21,False,2025-26,2,2026-02,True,4950.0
B006113,C04604,2026-01-01,2026-02-07,Fun Dive,1,3850.0,Completed,,T00792,8,37,False,2025-26,2,2026-02,True,3850.0
B006114,C04605,2026-01-30,2026-02-07,Fun Dive,1,3500.0,Completed,,T00792,9,8,False,2025-26,2,2026-02,True,3500.0
B006115,C04606,2026-02-03,2026-02-07,Discovery Dive,1,4450.0,Completed,,T00792,10,4,False,2025-26,2,2026-02,True,4450.0
B006116,C04607,2025-12-30,2026-02-07,Course,4,21800.0,Completed,,T00792,11,39,False,2025-26,2,2026-02,True,21800.0
B006117,C04608,2026-01-08,2026-02-07,Discovery Dive,1,4750.0,Completed,,T00792,12,30,False,2025-26,2,2026-02,True,4750.0
B006118,C04609,2025-12-28,2026-02-08,Discovery Dive,1,5000.0,Completed,,T00793,1,42,False,2025-26,2,2026-02,True,5000.0
B006119,C04610,2026-02-01,2026-02-08,Fun Dive,2,7350.0,Completed,,T00793,3,7,False,2025-26,2,2026-02,True,7350.0
B006120,C04611,2026-01-20,2026-02-08,Fun Dive,1,3000.0,Completed,,T00793,4,19,False,2025-26,2,2026-02,True,3000.0
B006121,C04612,2026-01-02,2026-02-08,Fun Dive,1,2900.0,Completed,,T00793,5,37,False,2025-26,2,2026-02,True,2900.0
B006122,C03977,2026-01-08,2026-02-08,Fun Dive,2,6700.0,Completed,,T00793,6,31,False,2025-26,2,2026-02,True,6700.0
B006123,C04613,2026-02-07,2026-02-08,Fun Dive,1,3050.0,Cancelled,Customer,T00793,7,1,False,2025-26,2,2026-02,True,
B006124,C04614,2026-01-05,2026-02-08,Course,4,21400.0,Cancelled,Unknown,T00793,8,34,False,2025-26,2,2026-02,True,
B006125,C04615,2026-01-19,2026-02-08,Discovery Dive,1,5450.0,Completed,,T00793,9,20,False,2025-26,2,2026-02,True,5450.0
B006126,C04616,2026-02-06,2026-02-08,Discovery Dive,1,5400.0,Completed,,T00793,10,2,False,2025-26,2,2026-02,True,5400.0
B006127,C04617,2026-01-03,2026-02-08,Fun Dive,2,7000.0,Completed,,T00793,11,36,False,2025-26,2,2026-02,True,7000.0
B006128,C04618,2025-12-28,2026-02-08,Fun Dive,2,7300.0,Completed,,T00794,1,42,False,2025-26,2,2026-02,True,7300.0
B006129,C04619,2026-01-17,2026-02-08,Fun Dive,3,9050.0,Completed,,T00794,3,22,False,2025-26,2,2026-02,True,9050.0
B006130,C04620,2026-01-10,2026-02-08,Fun Dive,4,12400.0,Cancelled,Customer,T00794,4,29,False,2025-26,2,2026-02,True,
B006132,C04622,2026-01-29,2026-02-08,Course,5,20350.0,Completed,,T00794,7,10,False,2025-26,2,2026-02,True,20350.0
B006133,C04449,2026-02-02,2026-02-08,Discovery Dive,1,4100.0,Completed,,T00794,8,6,False,2025-26,2,2026-02,True,4100.0
B006134,C04623,2025-12-29,2026-02-08,Discovery Dive,1,5200.0,Completed,,T00794,9,41,False,2025-26,2,2026-02,True,5200.0
B006135,C04624,2026-01-19,2026-02-08,Discovery Dive,1,4950.0,No-show,,T00794,10,20,False,2025-26,2,2026-02,True,
B006136,C04317,2026-02-01,2026-02-09,Course,4,22750.0,Completed,,T00795,1,8,False,2025-26,2,2026-02,False,22750.0
B006137,C04492,2026-01-23,2026-02-09,Discovery Dive,1,4450.0,Completed,,T00795,2,17,False,2025-26,2,2026-02,False,4450.0
B006138,C04257,2026-01-01,2026-02-09,Fun Dive,2,5550.0,Completed,,T00795,4,39,False,2025-26,2,2026-02,False,5550.0
B006139,C04625,2026-01-02,2026-02-09,Discovery Dive,1,4150.0,Completed,,T00795,5,38,False,2025-26,2,2026-02,False,4150.0
B006140,C04626,2026-01-09,2026-02-09,Discovery Dive,1,4250.0,Completed,,T00795,6,31,False,2025-26,2,2026-02,False,4250.0
B006141,C04627,2026-02-07,2026-02-09,Discovery Dive,1,4100.0,Completed,,T00795,7,2,False,2025-26,2,2026-02,False,4100.0
B006142,C04628,2026-01-06,2026-02-09,Discovery Dive,1,5400.0,Completed,,T00795,8,34,False,2025-26,2,2026-02,False,5400.0
B006143,C04423,2026-01-01,2026-02-10,Fun Dive,2,6200.0,Completed,,T00796,1,40,False,2025-26,2,2026-02,False,6200.0
B006145,C04630,2026-01-11,2026-02-10,Fun Dive,2,6850.0,Completed,,T00796,4,30,False,2025-26,2,2026-02,False,6850.0
B006146,C04631,2026-01-25,2026-02-10,Fun Dive,3,10250.0,Completed,,T00796,5,16,False,2025-26,2,2026-02,False,10250.0
B006147,C04632,2026-01-24,2026-02-10,Discovery Dive,1,4500.0,Completed,,T00796,6,17,False,2025-26,2,2026-02,False,4500.0
B006148,C04633,2026-02-02,2026-02-10,Fun Dive,1,3550.0,Completed,,T00796,7,8,False,2025-26,2,2026-02,False,3550.0
B006149,C04634,2026-02-02,2026-02-10,Course,5,24950.0,Completed,,T00796,8,8,False,2025-26,2,2026-02,False,24950.0
B006150,C04635,2026-01-12,2026-02-10,Course,5,25150.0,No-show,,T00796,9,29,False,2025-26,2,2026-02,False,
B006151,C04636,2026-01-09,2026-02-11,Fun Dive,2,5600.0,Cancelled,Customer,T00797,1,33,False,2025-26,2,2026-02,False,
B006152,C04637,2026-01-26,2026-02-11,Course,5,22150.0,Completed,,T00797,3,16,False,2025-26,2,2026-02,False,22150.0
B006153,C04638,2026-02-06,2026-02-11,Course,4,23650.0,Cancelled,Customer,T00797,4,5,False,2025-26,2,2026-02,False,
B006154,C04639,2025-12-30,2026-02-11,Course,4,22800.0,Cancelled,Customer,T00797,6,43,False,2025-26,2,2026-02,False,
B006155,C04640,2026-01-15,2026-02-11,Fun Dive,1,3750.0,No-show,,T00797,7,27,False,2025-26,2,2026-02,False,
B006156,C04641,2025-12-30,2026-02-11,Fun Dive,1,3350.0,Completed,,T00797,9,43,False,2025-26,2,2026-02,False,3350.0
B006157,C04642,2026-02-06,2026-02-11,Fun Dive,1,3050.0,Completed,,T00797,10,5,False,2025-26,2,2026-02,False,3050.0
B006158,C04643,2026-01-23,2026-02-11,Discovery Dive,2,9050.0,Completed,,T00797,11,19,False,2025-26,2,2026-02,False,9050.0
B006159,C04108,2026-01-03,2026-02-12,Discovery Dive,1,5100.0,Completed,,T00798,1,40,False,2025-26,2,2026-02,False,5100.0
B006160,C04644,2026-01-25,2026-02-12,Fun Dive,3,10100.0,Completed,,T00798,3,18,False,2025-26,2,2026-02,False,10100.0
B006161,C04645,2026-01-09,2026-02-12,Fun Dive,1,3350.0,Completed,,T00798,4,34,False,2025-26,2,2026-02,False,3350.0
B006162,C04168,2026-01-04,2026-02-12,Fun Dive,1,3300.0,Completed,,T00798,5,39,False,2025-26,2,2026-02,False,3300.0
B006163,C04646,2026-01-05,2026-02-12,Fun Dive,3,8400.0,Completed,,T00798,6,38,False,2025-26,2,2026-02,False,8400.0
B006164,C04647,2026-01-01,2026-02-12,Fun Dive,1,3600.0,Completed,,T00798,7,42,False,2025-26,2,2026-02,False,3600.0
B006165,C04648,2026-01-13,2026-02-12,Fun Dive,1,2900.0,Cancelled,Customer,T00798,8,30,False,2025-26,2,2026-02,False,
B006166,C04546,2025-12-31,2026-02-12,Fun Dive,2,7500.0,Completed,,T00798,9,43,False,2025-26,2,2026-02,False,7500.0
B006167,C04649,2026-01-29,2026-02-13,Fun Dive,2,7050.0,Completed,,T00799,1,15,False,2025-26,2,2026-02,False,7050.0
B006168,C04650,2026-01-10,2026-02-13,Fun Dive,1,3450.0,Completed,,T00799,2,34,False,2025-26,2,2026-02,False,3450.0
B006169,C04368,2026-01-29,2026-02-13,Fun Dive,3,10100.0,Completed,,T00799,3,15,False,2025-26,2,2026-02,False,10100.0
B006170,C04651,2026-01-23,2026-02-13,Fun Dive,1,2950.0,Cancelled,Customer,T00799,4,21,False,2025-26,2,2026-02,False,
B006171,C04652,2026-01-04,2026-02-13,Discovery Dive,1,4450.0,Cancelled,Customer,T00799,5,40,False,2025-26,2,2026-02,False,
B006173,C04654,2026-01-05,2026-02-13,Course,5,25550.0,Completed,,T00800,1,39,False,2025-26,2,2026-02,False,25550.0
B006174,C03938,2026-01-27,2026-02-13,Discovery Dive,1,5300.0,Completed,,T00800,4,17,False,2025-26,2,2026-02,False,5300.0
B006175,C04655,2026-02-08,2026-02-13,Fun Dive,2,7300.0,Completed,,T00800,5,5,False,2025-26,2,2026-02,False,7300.0
B006176,C04656,2026-02-08,2026-02-13,Fun Dive,2,6850.0,Completed,,T00800,6,5,False,2025-26,2,2026-02,False,6850.0
B006177,C04657,2026-01-01,2026-02-13,Discovery Dive,1,4250.0,Cancelled,Unknown,T00800,7,43,False,2025-26,2,2026-02,False,
B006178,C04658,2026-01-06,2026-02-13,Discovery Dive,1,5050.0,Completed,,T00800,8,38,False,2025-26,2,2026-02,False,5050.0
B006179,C04659,2026-01-28,2026-02-14,Fun Dive,2,6700.0,Completed,,T00801,1,17,False,2025-26,2,2026-02,True,6700.0
B006180,C04660,2026-02-03,2026-02-14,Discovery Dive,1,5350.0,Completed,,T00801,2,11,False,2025-26,2,2026-02,True,5350.0
B006181,C04661,2026-01-16,2026-02-14,Fun Dive,3,8300.0,Completed,,T00801,3,29,False,2025-26,2,2026-02,True,8300.0
B006182,C04662,2026-01-13,2026-02-14,Discovery Dive,1,4200.0,No-show,,T00801,4,32,False,2025-26,2,2026-02,True,
B006183,C04543,2025-12-31,2026-02-14,Fun Dive,1,3250.0,Completed,,T00801,5,45,False,2025-26,2,2026-02,True,3250.0
B006184,C04663,2026-01-28,2026-02-14,Discovery Dive,1,4950.0,No-show,,T00801,6,17,False,2025-26,2,2026-02,True,
B006185,C04664,2026-01-02,2026-02-14,Fun Dive,1,2850.0,Completed,,T00801,7,43,False,2025-26,2,2026-02,True,2850.0
B006186,C03909,2026-01-01,2026-02-14,Discovery Dive,1,4700.0,Cancelled,Medical,T00801,8,44,False,2025-26,2,2026-02,True,
B006187,C04665,2026-01-01,2026-02-14,Discovery Dive,1,5400.0,Completed,,T00801,9,44,False,2025-26,2,2026-02,True,5400.0
B006188,C04666,2026-01-22,2026-02-15,Fun Dive,2,6300.0,Completed,,T00802,1,24,False,2025-26,2,2026-02,True,6300.0
B006189,C04667,2026-01-04,2026-02-15,Fun Dive,1,2850.0,Completed,,T00802,2,42,False,2025-26,2,2026-02,True,2850.0
B006190,C04668,2026-01-08,2026-02-15,Discovery Dive,1,4450.0,Cancelled,Unknown,T00802,3,38,False,2025-26,2,2026-02,True,
B006191,C04017,2026-01-18,2026-02-15,Discovery Dive,1,5000.0,Completed,,T00802,4,28,False,2025-26,2,2026-02,True,5000.0
B006192,C04669,2026-01-31,2026-02-15,Fun Dive,3,9600.0,Completed,,T00802,6,15,False,2025-26,2,2026-02,True,9600.0
B006193,C04670,2026-01-15,2026-02-15,Discovery Dive,1,4000.0,Completed,,T00802,7,31,False,2025-26,2,2026-02,True,4000.0
B006194,C04671,2026-02-11,2026-02-15,Discovery Dive,1,5200.0,Completed,,T00802,8,4,False,2025-26,2,2026-02,True,5200.0
B006195,C04672,2026-02-10,2026-02-15,Discovery Dive,1,3950.0,No-show,,T00802,9,5,False,2025-26,2,2026-02,True,
B006196,C04673,2026-02-11,2026-02-15,Discovery Dive,1,5450.0,Completed,,T00803,2,4,False,2025-26,2,2026-02,True,5450.0
B006197,C04674,2026-02-02,2026-02-15,Fun Dive,4,12300.0,Completed,,T00803,3,13,False,2025-26,2,2026-02,True,12300.0
B006198,C04675,2026-02-02,2026-02-15,Discovery Dive,1,5450.0,Cancelled,Customer,T00803,4,13,False,2025-26,2,2026-02,True,
B006199,C04128,2026-01-25,2026-02-15,Fun Dive,3,10150.0,Completed,,T00803,5,21,False,2025-26,2,2026-02,True,10150.0
B006200,C04676,2026-02-06,2026-02-15,Fun Dive,1,3050.0,Completed,,T00803,6,9,False,2025-26,2,2026-02,True,3050.0
B006201,C04677,2026-01-08,2026-02-15,Discovery Dive,2,9750.0,Completed,,T00803,8,38,False,2025-26,2,2026-02,True,9750.0
B006202,C04678,2026-01-03,2026-02-15,Discovery Dive,1,4000.0,Completed,,T00803,9,43,False,2025-26,2,2026-02,True,4000.0
B006203,C04679,2026-01-06,2026-02-16,Fun Dive,4,11700.0,No-show,,T00804,2,41,False,2025-26,2,2026-02,False,
B006204,C04680,2026-01-22,2026-02-16,Discovery Dive,1,4500.0,Completed,,T00804,3,25,False,2025-26,2,2026-02,False,4500.0
B006205,C04681,2026-01-14,2026-02-16,Discovery Dive,1,4350.0,Cancelled,Customer,T00804,4,33,False,2025-26,2,2026-02,False,
B006206,C04682,2026-01-28,2026-02-16,Discovery Dive,1,4800.0,Cancelled,Customer,T00804,5,19,False,2025-26,2,2026-02,False,
B006207,C04683,2026-01-14,2026-02-16,Fun Dive,1,2950.0,Completed,,T00804,6,33,False,2025-26,2,2026-02,False,2950.0
B006208,C02255,2026-02-04,2026-02-16,Discovery Dive,1,4900.0,Completed,,T00804,7,12,False,2025-26,2,2026-02,False,4900.0
B006209,C04684,2026-01-26,2026-02-16,Discovery Dive,1,4950.0,Completed,,T00804,9,21,False,2025-26,2,2026-02,False,4950.0
B006210,C04685,2026-02-08,2026-02-16,Fun Dive,3,8250.0,Completed,,T00804,11,8,False,2025-26,2,2026-02,False,8250.0
B006211,C04686,2026-01-15,2026-02-17,Discovery Dive,2,8350.0,Completed,,T00805,1,33,False,2025-26,2,2026-02,False,8350.0
B006212,C04687,2026-01-22,2026-02-17,Fun Dive,2,6050.0,Completed,,T00805,3,26,False,2025-26,2,2026-02,False,6050.0
B006213,C04688,2026-01-28,2026-02-17,Discovery Dive,1,4200.0,Completed,,T00805,4,20,False,2025-26,2,2026-02,False,4200.0
B006214,C04689,2026-01-29,2026-02-17,Fun Dive,1,3300.0,Completed,,T00805,5,19,False,2025-26,2,2026-02,False,3300.0
B006215,C04690,2026-02-15,2026-02-17,Course,4,25100.0,Completed,,T00805,6,2,False,2025-26,2,2026-02,False,25100.0
B006216,C04691,2026-02-05,2026-02-17,Discovery Dive,1,5350.0,Completed,,T00805,7,12,False,2025-26,2,2026-02,False,5350.0
B006217,C04692,2026-01-04,2026-02-17,Discovery Dive,1,4450.0,Completed,,T00805,8,44,False,2025-26,2,2026-02,False,4450.0
B006218,C04693,2026-01-24,2026-02-18,Discovery Dive,1,4750.0,Completed,,T00806,1,25,False,2025-26,2,2026-02,False,4750.0
B006219,C04694,2026-01-05,2026-02-18,Discovery Dive,1,5050.0,Completed,,T00806,3,44,False,2025-26,2,2026-02,False,5050.0
B006220,C00668,2026-01-11,2026-02-18,Fun Dive,2,7500.0,Completed,,T00806,4,38,False,2025-26,2,2026-02,False,7500.0
B006221,C04039,2026-02-05,2026-02-18,Fun Dive,4,13050.0,Completed,,T00806,5,13,False,2025-26,2,2026-02,False,13050.0
B006222,C04695,2026-01-13,2026-02-18,Fun Dive,3,9100.0,Completed,,T00806,6,36,False,2025-26,2,2026-02,False,9100.0
B006223,C04696,2026-01-17,2026-02-18,Fun Dive,2,6850.0,Completed,,T00806,7,32,False,2025-26,2,2026-02,False,6850.0
B006224,C04697,2026-01-23,2026-02-18,Course,4,26700.0,Completed,,T00806,8,26,False,2025-26,2,2026-02,False,26700.0
B006225,C04698,2026-02-06,2026-02-18,Discovery Dive,2,8950.0,Completed,,T00806,10,12,False,2025-26,2,2026-02,False,8950.0
B006226,C04699,2026-02-12,2026-02-18,Fun Dive,3,9000.0,Completed,,T00806,11,6,False,2025-26,2,2026-02,False,9000.0
B006227,C03917,2026-02-08,2026-02-18,Fun Dive,2,5850.0,Completed,,T00807,1,10,False,2025-26,2,2026-02,False,5850.0
B006228,C04700,2026-01-30,2026-02-18,Discovery Dive,1,4900.0,Completed,,T00807,3,19,False,2025-26,2,2026-02,False,4900.0
B006229,C04701,2026-01-06,2026-02-18,Fun Dive,2,7300.0,Completed,,T00807,4,43,False,2025-26,2,2026-02,False,7300.0
B006230,C04702,2026-02-15,2026-02-18,Course,4,26300.0,Cancelled,Unknown,T00807,5,3,False,2025-26,2,2026-02,False,
B006231,C04703,2026-01-28,2026-02-18,Discovery Dive,1,5150.0,Completed,,T00807,6,21,False,2025-26,2,2026-02,False,5150.0
B006232,C04704,2026-02-14,2026-02-18,Discovery Dive,1,5150.0,Completed,,T00807,8,4,False,2025-26,2,2026-02,False,5150.0
B006233,C04705,2026-02-14,2026-02-18,Fun Dive,2,7700.0,Completed,,T00807,9,4,False,2025-26,2,2026-02,False,7700.0
B006234,C04090,2026-01-04,2026-02-18,Fun Dive,1,3600.0,Completed,,T00807,11,45,False,2025-26,2,2026-02,False,3600.0
B006235,C04706,2026-02-14,2026-02-19,Fun Dive,1,3100.0,Cancelled,Weather,T00808,1,5,False,2025-26,2,2026-02,False,
B006236,C04707,2026-01-27,2026-02-19,Fun Dive,3,8450.0,Completed,,T00808,2,23,False,2025-26,2,2026-02,False,8450.0
B006237,C04549,2026-02-16,2026-02-19,Fun Dive,4,14000.0,Completed,,T00808,4,3,False,2025-26,2,2026-02,False,14000.0
B006238,C04708,2026-02-04,2026-02-19,Discovery Dive,1,5550.0,Completed,,T00808,5,15,False,2025-26,2,2026-02,False,5550.0
B006239,C04709,2026-02-15,2026-02-19,Discovery Dive,1,4350.0,No-show,,T00808,6,4,False,2025-26,2,2026-02,False,
B006240,C04710,2026-01-25,2026-02-19,Fun Dive,4,13350.0,Completed,,T00808,7,25,False,2025-26,2,2026-02,False,13350.0
B006241,C04711,2026-02-12,2026-02-20,Discovery Dive,2,10750.0,Cancelled,Weather,T00809,1,8,False,2025-26,2,2026-02,False,
B006242,C04712,2026-01-10,2026-02-20,Fun Dive,3,9600.0,Completed,,T00809,2,41,False,2025-26,2,2026-02,False,9600.0
B006243,C04713,2026-01-13,2026-02-20,Fun Dive,2,7500.0,Completed,,T00809,3,38,False,2025-26,2,2026-02,False,7500.0
B006244,C04714,2026-02-08,2026-02-20,Fun Dive,3,10350.0,Completed,,T00809,4,12,False,2025-26,2,2026-02,False,10350.0
B006245,C04715,2026-02-18,2026-02-20,Discovery Dive,1,4850.0,Completed,,T00809,5,2,False,2025-26,2,2026-02,False,4850.0
B006246,C04716,2026-01-31,2026-02-20,Discovery Dive,1,5450.0,Cancelled,Weather,T00809,6,20,False,2025-26,2,2026-02,False,
B006247,C04717,2026-02-18,2026-02-20,Discovery Dive,1,4200.0,Cancelled,Weather,T00809,7,2,False,2025-26,2,2026-02,False,
B006248,C03693,2026-01-08,2026-02-20,Fun Dive,1,2800.0,Cancelled,Unknown,T00809,10,43,False,2025-26,2,2026-02,False,
B006249,C04718,2026-02-10,2026-02-20,Discovery Dive,2,10000.0,Completed,,T00810,1,10,False,2025-26,2,2026-02,False,10000.0
B006250,C04719,2026-01-27,2026-02-20,Fun Dive,2,5700.0,Cancelled,Weather,T00810,2,24,False,2025-26,2,2026-02,False,
B006251,C04720,2026-02-12,2026-02-20,Course,4,20550.0,Cancelled,Unknown,T00810,4,8,False,2025-26,2,2026-02,False,
B006252,C04721,2026-02-16,2026-02-20,Course,4,26850.0,Cancelled,Weather,T00810,5,4,False,2025-26,2,2026-02,False,
B006253,C04722,2026-01-21,2026-02-20,Fun Dive,2,5550.0,Cancelled,Weather,T00810,6,30,False,2025-26,2,2026-02,False,
B006254,C04723,2026-01-19,2026-02-20,Course,5,25600.0,Completed,,T00810,7,32,False,2025-26,2,2026-02,False,25600.0
B006255,C04724,2026-01-16,2026-02-20,Discovery Dive,1,5100.0,Cancelled,Customer,T00810,8,35,False,2025-26,2,2026-02,False,
B006256,C04725,2026-02-14,2026-02-20,Discovery Dive,1,5000.0,Completed,,T00810,9,6,False,2025-26,2,2026-02,False,5000.0
B006257,C04726,2026-01-06,2026-02-20,Fun Dive,3,9200.0,Cancelled,Customer,T00810,10,45,False,2025-26,2,2026-02,False,
B006258,C04448,2026-02-21,2026-02-21,Discovery Dive,2,8400.0,Cancelled,Weather,T00811,3,0,False,2025-26,2,2026-02,True,
B006259,C04727,2026-01-08,2026-02-21,Fun Dive,1,3650.0,Completed,,T00811,4,44,False,2025-26,2,2026-02,True,3650.0
B006260,C04728,2026-01-21,2026-02-21,Course,4,20900.0,Cancelled,Weather,T00811,5,31,False,2025-26,2,2026-02,True,
B006261,C04729,2026-02-07,2026-02-21,Fun Dive,4,11700.0,Cancelled,Weather,T00811,6,14,False,2025-26,2,2026-02,True,
B006262,C04730,2026-01-21,2026-02-21,Discovery Dive,1,4750.0,Cancelled,Medical,T00811,7,31,False,2025-26,2,2026-02,True,
B006263,C04731,2026-02-04,2026-02-21,Fun Dive,1,3800.0,Completed,,T00811,8,17,False,2025-26,2,2026-02,True,3800.0
B006264,C04732,2026-01-19,2026-02-22,Discovery Dive,1,4850.0,Completed,,T00812,1,34,False,2025-26,2,2026-02,True,4850.0
B006265,C04733,2026-02-10,2026-02-22,Fun Dive,4,12550.0,Completed,,T00812,2,12,False,2025-26,2,2026-02,True,12550.0
B006266,C04734,2026-02-11,2026-02-22,Fun Dive,2,5700.0,Completed,,T00812,3,11,False,2025-26,2,2026-02,True,5700.0
B006267,C04735,2026-02-20,2026-02-22,Discovery Dive,1,4800.0,Completed,,T00812,5,2,False,2025-26,2,2026-02,True,4800.0
B006268,C04736,2026-02-01,2026-02-22,Discovery Dive,1,4000.0,Completed,,T00812,6,21,False,2025-26,2,2026-02,True,4000.0
B006269,C04737,2026-02-14,2026-02-22,Discovery Dive,1,4000.0,Completed,,T00812,8,8,False,2025-26,2,2026-02,True,4000.0
B006270,C04738,2026-01-09,2026-02-22,Discovery Dive,1,5450.0,Completed,,T00812,10,44,False,2025-26,2,2026-02,True,5450.0
B006271,C04739,2026-01-28,2026-02-23,Course,4,24800.0,Completed,,T00813,1,26,False,2025-26,2,2026-02,False,24800.0
B006272,C04740,2026-01-26,2026-02-23,Fun Dive,4,14800.0,Cancelled,Customer,T00813,2,28,False,2025-26,2,2026-02,False,
B006273,C04741,2026-02-15,2026-02-23,Discovery Dive,1,4050.0,Cancelled,Customer,T00813,3,8,False,2025-26,2,2026-02,False,
B006274,C04742,2026-01-11,2026-02-23,Course,4,25550.0,Completed,,T00813,4,43,False,2025-26,2,2026-02,False,25550.0
B006275,C04743,2026-02-06,2026-02-23,Fun Dive,1,3550.0,Completed,,T00813,5,17,False,2025-26,2,2026-02,False,3550.0
B006276,C04744,2026-01-22,2026-02-23,Fun Dive,3,8450.0,Completed,,T00813,7,32,False,2025-26,2,2026-02,False,8450.0
B006277,C04566,2026-02-19,2026-02-23,Discovery Dive,2,10500.0,Completed,,T00813,8,4,False,2025-26,2,2026-02,False,10500.0
B006278,C04745,2026-01-28,2026-02-23,Discovery Dive,1,5100.0,Completed,,T00813,9,26,False,2025-26,2,2026-02,False,5100.0
B006279,C03990,2026-02-04,2026-02-23,Fun Dive,1,2950.0,Completed,,T00813,11,19,False,2025-26,2,2026-02,False,2950.0
B006280,C04746,2026-01-13,2026-02-23,Discovery Dive,1,4100.0,Completed,,T00814,1,41,False,2025-26,2,2026-02,False,4100.0
B006281,C04747,2026-02-13,2026-02-23,Course,4,21000.0,Cancelled,Customer,T00814,3,10,False,2025-26,2,2026-02,False,
B006282,C04748,2026-01-12,2026-02-23,Fun Dive,3,8900.0,Completed,,T00814,4,42,False,2025-26,2,2026-02,False,8900.0
B006283,C04749,2026-02-01,2026-02-23,Fun Dive,2,6700.0,Cancelled,Customer,T00814,5,22,False,2025-26,2,2026-02,False,
B006284,C04750,2026-02-23,2026-02-23,Fun Dive,4,12700.0,Completed,,T00814,6,0,False,2025-26,2,2026-02,False,12700.0
B006285,C04751,2026-02-18,2026-02-23,Fun Dive,4,13450.0,Completed,,T00814,7,5,False,2025-26,2,2026-02,False,13450.0
B006286,C04752,2026-01-11,2026-02-23,Discovery Dive,1,4350.0,Completed,,T00814,8,43,False,2025-26,2,2026-02,False,4350.0
B006287,C04753,2026-01-28,2026-02-23,Fun Dive,1,3300.0,Completed,,T00814,9,26,False,2025-26,2,2026-02,False,3300.0
B006288,C04754,2026-02-22,2026-02-23,Discovery Dive,1,5250.0,Completed,,T00814,10,1,False,2025-26,2,2026-02,False,5250.0
B006289,C04755,2026-01-14,2026-02-23,Fun Dive,1,3700.0,Completed,,T00814,11,40,False,2025-26,2,2026-02,False,3700.0
B006290,C04756,2026-02-24,2026-02-24,Fun Dive,1,3500.0,Completed,,T00815,2,0,False,2025-26,2,2026-02,False,3500.0
B006291,C04757,2026-02-21,2026-02-24,Discovery Dive,1,5450.0,Completed,,T00815,3,3,False,2025-26,2,2026-02,False,5450.0
B006292,C04758,2026-01-26,2026-02-24,Fun Dive,1,3550.0,Cancelled,Customer,T00815,4,29,False,2025-26,2,2026-02,False,
B006293,C04759,2026-02-08,2026-02-24,Fun Dive,1,3700.0,Cancelled,Customer,T00815,5,16,False,2025-26,2,2026-02,False,
B006294,C04760,2026-01-17,2026-02-24,Fun Dive,1,3550.0,Completed,,T00815,6,38,False,2025-26,2,2026-02,False,3550.0
B006295,C04692,2026-02-18,2026-02-24,Fun Dive,1,3000.0,Completed,,T00815,8,6,False,2025-26,2,2026-02,False,3000.0
B006296,C04586,2026-01-17,2026-02-24,Fun Dive,3,8350.0,Completed,,T00816,1,38,False,2025-26,2,2026-02,False,8350.0
B006297,C04761,2026-02-12,2026-02-24,Fun Dive,4,12650.0,Cancelled,Weather,T00816,2,12,False,2025-26,2,2026-02,False,
B006298,C04762,2026-02-22,2026-02-24,Course,4,23450.0,Completed,,T00816,3,2,False,2025-26,2,2026-02,False,23450.0
B006299,C04374,2026-01-15,2026-02-24,Discovery Dive,1,4300.0,Completed,,T00816,5,40,False,2025-26,2,2026-02,False,4300.0
B006300,C04763,2026-01-16,2026-02-24,Discovery Dive,1,4300.0,Completed,,T00816,6,39,False,2025-26,2,2026-02,False,4300.0
B006301,C00848,2026-02-12,2026-02-24,Discovery Dive,1,5300.0,Completed,,T00816,8,12,False,2025-26,2,2026-02,False,5300.0
B006302,C04627,2026-02-22,2026-02-24,Course,5,22650.0,Completed,,T00816,9,2,False,2025-26,2,2026-02,False,22650.0
B006303,C04300,2026-02-21,2026-02-25,Fun Dive,1,3200.0,Completed,,T00817,1,4,False,2025-26,2,2026-02,False,3200.0
B006304,C04764,2026-02-11,2026-02-25,Fun Dive,1,3350.0,Completed,,T00817,2,14,False,2025-26,2,2026-02,False,3350.0
B006305,C04765,2026-02-12,2026-02-25,Course,5,22350.0,Completed,,T00817,3,13,False,2025-26,2,2026-02,False,22350.0
B006306,C04766,2026-01-14,2026-02-25,Discovery Dive,1,4950.0,Completed,,T00817,4,42,False,2025-26,2,2026-02,False,4950.0
B006307,C04767,2026-01-25,2026-02-25,Fun Dive,1,3350.0,Completed,,T00817,5,31,False,2025-26,2,2026-02,False,3350.0
B006308,C04768,2026-02-14,2026-02-25,Discovery Dive,2,9950.0,No-show,,T00817,6,11,False,2025-26,2,2026-02,False,
B006309,C04769,2026-02-08,2026-02-25,Fun Dive,3,10900.0,Cancelled,Customer,T00817,8,17,False,2025-26,2,2026-02,False,
B006310,C04770,2026-02-14,2026-02-25,Discovery Dive,1,4950.0,Completed,,T00817,9,11,False,2025-26,2,2026-02,False,4950.0
B006311,C04771,2026-02-08,2026-02-25,Fun Dive,3,8700.0,No-show,,T00817,10,17,False,2025-26,2,2026-02,False,
B006312,C01156,2026-02-06,2026-02-25,Course,5,24950.0,Cancelled,Weather,T00817,11,19,False,2025-26,2,2026-02,False,
B006313,C04772,2026-02-14,2026-02-25,Fun Dive,2,6850.0,Completed,,T00817,12,11,False,2025-26,2,2026-02,False,6850.0
B006314,C04773,2026-01-27,2026-02-26,Discovery Dive,1,4500.0,Completed,,T00818,1,30,False,2025-26,2,2026-02,False,4500.0
B006315,C04774,2026-02-25,2026-02-26,Fun Dive,1,2750.0,Completed,,T00818,2,1,False,2025-26,2,2026-02,False,2750.0
B006316,C04775,2026-01-22,2026-02-26,Discovery Dive,1,4800.0,Completed,,T00818,4,35,False,2025-26,2,2026-02,False,4800.0
B006318,C04777,2026-01-27,2026-02-26,Discovery Dive,1,5300.0,Cancelled,Customer,T00818,6,30,False,2025-26,2,2026-02,False,
B006319,C04778,2026-02-18,2026-02-26,Discovery Dive,1,4550.0,Completed,,T00818,7,8,False,2025-26,2,2026-02,False,4550.0
B006320,C04779,2026-01-16,2026-02-26,Fun Dive,1,3550.0,Completed,,T00818,8,41,False,2025-26,2,2026-02,False,3550.0
B006321,C04780,2026-02-27,2026-02-27,Fun Dive,2,7200.0,Completed,,T00819,2,0,False,2025-26,2,2026-02,False,7200.0
B006322,C04781,2026-02-04,2026-02-27,Fun Dive,3,10100.0,Completed,,T00819,3,23,False,2025-26,2,2026-02,False,10100.0
B006323,C04782,2026-01-26,2026-02-27,Discovery Dive,1,4300.0,Completed,,T00819,4,32,False,2025-26,2,2026-02,False,4300.0
B006324,C04783,2026-02-15,2026-02-27,Fun Dive,1,3850.0,Completed,,T00819,5,12,False,2025-26,2,2026-02,False,3850.0
B006325,C04082,2026-01-18,2026-02-27,Fun Dive,2,6250.0,Cancelled,Medical,T00819,6,40,False,2025-26,2,2026-02,False,
B006326,C04784,2026-02-16,2026-02-27,Course,4,23150.0,Completed,,T00819,7,11,False,2025-26,2,2026-02,False,23150.0
B006327,C04362,2026-01-16,2026-02-27,Fun Dive,3,10100.0,No-show,,T00819,8,42,False,2025-26,2,2026-02,False,
B006328,C02434,2026-02-17,2026-02-27,Discovery Dive,2,9900.0,No-show,,T00819,9,10,False,2025-26,2,2026-02,False,
B006329,C04785,2026-02-03,2026-02-27,Course,5,25550.0,Completed,,T00820,2,24,False,2025-26,2,2026-02,False,25550.0
B006330,C04786,2026-01-29,2026-02-27,Fun Dive,1,3200.0,Completed,,T00820,3,29,False,2025-26,2,2026-02,False,3200.0
B006331,C04002,2026-02-11,2026-02-27,Fun Dive,1,3500.0,Cancelled,Customer,T00820,4,16,False,2025-26,2,2026-02,False,
B006332,C04787,2026-01-18,2026-02-27,Fun Dive,1,3550.0,Cancelled,Medical,T00820,5,40,False,2025-26,2,2026-02,False,
B006333,C04788,2026-01-17,2026-02-27,Discovery Dive,1,5400.0,No-show,,T00820,7,41,False,2025-26,2,2026-02,False,
B006334,C04789,2026-02-09,2026-02-27,Course,4,22500.0,Cancelled,Weather,T00820,8,18,False,2025-26,2,2026-02,False,
B006335,C04790,2026-02-04,2026-02-27,Discovery Dive,1,5250.0,Cancelled,Unknown,T00820,9,23,False,2025-26,2,2026-02,False,
B006336,C04791,2026-01-31,2026-02-28,Fun Dive,2,,Completed,,T00821,1,28,True,2025-26,2,2026-02,True,
B006337,C04792,2026-02-06,2026-02-28,Course,4,25100.0,Cancelled,Unknown,T00821,2,22,False,2025-26,2,2026-02,True,
B006338,C04793,2026-02-27,2026-02-28,Fun Dive,1,3050.0,Completed,,T00821,4,1,False,2025-26,2,2026-02,True,3050.0
B006339,C04794,2026-01-27,2026-02-28,Course,4,23000.0,Completed,,T00821,5,32,False,2025-26,2,2026-02,True,23000.0
B006340,C04795,2026-02-18,2026-02-28,Discovery Dive,1,5000.0,Completed,,T00821,6,10,False,2025-26,2,2026-02,True,5000.0
B006341,C04796,2026-01-22,2026-02-28,Discovery Dive,1,4050.0,Completed,,T00821,7,37,False,2025-26,2,2026-02,True,4050.0
B006342,C04797,2026-02-16,2026-02-28,Fun Dive,1,2900.0,Completed,,T00821,8,12,False,2025-26,2,2026-02,True,2900.0
B006343,C04038,2026-02-27,2026-02-28,Fun Dive,1,3750.0,Completed,,T00821,10,1,False,2025-26,2,2026-02,True,3750.0
B006344,C04798,2026-02-03,2026-02-28,Discovery Dive,1,4400.0,No-show,,T00821,11,25,False,2025-26,2,2026-02,True,
B006345,C04799,2026-01-16,2026-02-28,Discovery Dive,2,8050.0,Completed,,T00822,1,43,False,2025-26,2,2026-02,True,8050.0
B006346,C04800,2026-02-14,2026-02-28,Discovery Dive,1,4250.0,Completed,,T00822,2,14,False,2025-26,2,2026-02,True,4250.0
B006347,C04801,2026-02-23,2026-02-28,Discovery Dive,1,4900.0,Completed,,T00822,3,5,False,2025-26,2,2026-02,True,4900.0
B006348,C04431,2026-01-23,2026-02-28,Course,4,25500.0,Completed,,T00822,4,36,False,2025-26,2,2026-02,True,25500.0
B006349,C04802,2026-02-04,2026-02-28,Fun Dive,1,3000.0,Cancelled,Weather,T00822,5,24,False,2025-26,2,2026-02,True,
B006350,C04803,2026-02-01,2026-02-28,Fun Dive,3,10850.0,Completed,,T00822,6,27,False,2025-26,2,2026-02,True,10850.0
B006351,C04217,2026-02-28,2026-02-28,Fun Dive,1,3150.0,Cancelled,Customer,T00822,7,0,False,2025-26,2,2026-02,True,
B006352,C04804,2026-02-26,2026-02-28,Fun Dive,3,10300.0,Completed,,T00822,9,2,False,2025-26,2,2026-02,True,10300.0
B006353,C04612,2026-01-21,2026-03-01,Fun Dive,1,3000.0,Completed,,T00823,1,39,False,2025-26,3,2026-03,True,3000.0
B006354,C04805,2026-02-26,2026-03-01,Discovery Dive,1,4600.0,Completed,,T00823,2,3,False,2025-26,3,2026-03,True,4600.0
B006355,C04660,2026-02-12,2026-03-01,Discovery Dive,1,4800.0,Completed,,T00823,3,17,False,2025-26,3,2026-03,True,4800.0
B006356,C04806,2026-01-20,2026-03-01,Discovery Dive,1,4050.0,Completed,,T00823,4,40,False,2025-26,3,2026-03,True,4050.0
B006357,C04807,2026-02-07,2026-03-01,Fun Dive,1,3700.0,Cancelled,Unknown,T00823,5,22,False,2025-26,3,2026-03,True,
B006358,C04808,2026-01-27,2026-03-01,Fun Dive,1,3450.0,Completed,,T00823,6,33,False,2025-26,3,2026-03,True,3450.0
B006359,C04809,2026-01-19,2026-03-02,Discovery Dive,1,5500.0,Completed,,T00824,1,42,False,2025-26,3,2026-03,False,5500.0
B006360,C04810,2026-02-20,2026-03-02,Fun Dive,1,3500.0,Completed,,T00824,2,10,False,2025-26,3,2026-03,False,3500.0
B006361,C04811,2026-02-05,2026-03-02,Discovery Dive,1,5050.0,Cancelled,Unknown,T00824,3,25,False,2025-26,3,2026-03,False,
B006362,C04812,2026-02-25,2026-03-02,Course,4,24400.0,Completed,,T00824,4,5,False,2025-26,3,2026-03,False,24400.0
B006363,C04813,2026-02-06,2026-03-02,Fun Dive,4,14600.0,Completed,,T00824,6,24,False,2025-26,3,2026-03,False,14600.0
B006365,C04815,2026-02-11,2026-03-02,Discovery Dive,1,4550.0,Cancelled,Unknown,T00824,8,19,False,2025-26,3,2026-03,False,
B006366,C04816,2026-02-02,2026-03-03,Fun Dive,4,14300.0,Completed,,T00825,1,29,False,2025-26,3,2026-03,False,14300.0
B006367,C04817,2026-02-27,2026-03-03,Discovery Dive,1,4650.0,Cancelled,Customer,T00825,2,4,False,2025-26,3,2026-03,False,
B006368,C04818,2026-02-25,2026-03-03,Course,5,24000.0,Completed,,T00825,3,6,False,2025-26,3,2026-03,False,24000.0
B006369,C04819,2026-02-07,2026-03-03,Discovery Dive,1,5000.0,Completed,,T00825,5,24,False,2025-26,3,2026-03,False,5000.0
B006370,C04820,2026-02-06,2026-03-03,Course,4,27150.0,Completed,,T00825,6,25,False,2025-26,3,2026-03,False,27150.0
B006371,C04686,2026-02-08,2026-03-03,Course,5,20300.0,Completed,,T00825,7,23,False,2025-26,3,2026-03,False,20300.0
B006372,C04821,2026-01-18,2026-03-03,Discovery Dive,1,5000.0,Completed,,T00825,8,44,False,2025-26,3,2026-03,False,5000.0
B006373,C04822,2026-02-15,2026-03-04,Fun Dive,3,8650.0,Completed,,T00826,1,17,False,2025-26,3,2026-03,False,8650.0
B006374,C00647,2026-02-13,2026-03-04,Fun Dive,3,10900.0,Completed,,T00826,2,19,False,2025-26,3,2026-03,False,10900.0
B006375,C04823,2026-02-04,2026-03-04,Fun Dive,4,12650.0,Completed,,T00826,4,28,False,2025-26,3,2026-03,False,12650.0
B006376,C04824,2026-02-10,2026-03-04,Fun Dive,1,3650.0,Completed,,T00826,6,22,False,2025-26,3,2026-03,False,3650.0
B006377,C04825,2026-02-11,2026-03-04,Discovery Dive,2,9500.0,Completed,,T00826,7,21,False,2025-26,3,2026-03,False,9500.0
B006378,C04826,2026-02-16,2026-03-04,Course,4,20400.0,Completed,,T00826,8,16,False,2025-26,3,2026-03,False,20400.0
B006379,C04827,2026-02-08,2026-03-04,Discovery Dive,1,4750.0,Completed,,T00826,9,24,False,2025-26,3,2026-03,False,4750.0
B006380,C04828,2026-01-19,2026-03-04,Course,5,21950.0,No-show,,T00826,10,44,False,2025-26,3,2026-03,False,
B006381,C04829,2026-02-09,2026-03-05,Fun Dive,4,13600.0,Completed,,T00827,1,24,False,2025-26,3,2026-03,False,13600.0
B006382,C04830,2026-02-04,2026-03-05,Discovery Dive,1,5500.0,Completed,,T00827,2,29,False,2025-26,3,2026-03,False,5500.0
B006383,C04831,2026-01-26,2026-03-05,Discovery Dive,1,5100.0,Completed,,T00827,3,38,False,2025-26,3,2026-03,False,5100.0
B006384,C04693,2026-01-28,2026-03-05,Fun Dive,2,7350.0,No-show,,T00827,4,36,False,2025-26,3,2026-03,False,
B006385,C04424,2026-02-05,2026-03-05,Fun Dive,2,5900.0,Cancelled,Customer,T00827,5,28,False,2025-26,3,2026-03,False,
B006386,C04832,2026-02-14,2026-03-05,Discovery Dive,1,4900.0,Completed,,T00827,6,19,False,2025-26,3,2026-03,False,4900.0
B006387,C04833,2026-02-18,2026-03-05,Discovery Dive,1,4550.0,No-show,,T00827,7,15,False,2025-26,3,2026-03,False,
B006388,C04834,2026-01-27,2026-03-06,Discovery Dive,1,5450.0,Completed,,T00828,1,38,False,2025-26,3,2026-03,False,5450.0
B006389,C01180,2026-02-11,2026-03-06,Discovery Dive,1,4300.0,Completed,,T00828,2,23,False,2025-26,3,2026-03,False,4300.0
B006390,C04835,2026-02-13,2026-03-06,Discovery Dive,1,5550.0,Completed,,T00828,4,21,False,2025-26,3,2026-03,False,5550.0
B006391,C04836,2026-03-04,2026-03-06,Fun Dive,4,15050.0,Completed,,T00828,5,2,False,2025-26,3,2026-03,False,15050.0
B006392,C04837,2026-02-01,2026-03-06,Discovery Dive,1,4150.0,Completed,,T00828,7,33,False,2025-26,3,2026-03,False,4150.0
B006393,C04838,2026-03-04,2026-03-06,Discovery Dive,1,4350.0,Completed,,T00828,8,2,False,2025-26,3,2026-03,False,4350.0
B006394,C04839,2026-02-14,2026-03-07,Fun Dive,2,6300.0,Completed,,T00829,1,21,False,2025-26,3,2026-03,True,6300.0
B006395,C04840,2026-02-25,2026-03-07,Fun Dive,3,11300.0,Cancelled,Customer,T00829,3,10,False,2025-26,3,2026-03,True,
B006396,C04841,2026-02-19,2026-03-07,Fun Dive,1,3150.0,Cancelled,Unknown,T00829,5,16,False,2025-26,3,2026-03,True,
B006397,C04842,2026-02-14,2026-03-07,Discovery Dive,1,5100.0,Completed,,T00829,6,21,False,2025-26,3,2026-03,True,5100.0
B006398,C04843,2026-02-25,2026-03-07,Fun Dive,1,3600.0,Completed,,T00829,7,10,False,2025-26,3,2026-03,True,3600.0
B006399,C04844,2026-03-02,2026-03-07,Fun Dive,1,2850.0,Completed,,T00829,8,5,False,2025-26,3,2026-03,True,2850.0
B006400,C04845,2026-02-15,2026-03-07,Fun Dive,2,5800.0,No-show,,T00830,1,20,False,2025-26,3,2026-03,True,
B006401,C04846,2026-02-19,2026-03-07,Discovery Dive,1,5500.0,Completed,,T00830,2,16,False,2025-26,3,2026-03,True,5500.0
B006402,C04847,2026-02-07,2026-03-07,Fun Dive,2,7500.0,Completed,,T00830,3,28,False,2025-26,3,2026-03,True,7500.0
B006403,C01736,2026-02-20,2026-03-07,Course,4,26600.0,Completed,,T00830,6,15,False,2025-26,3,2026-03,True,26600.0
B006404,C04848,2026-02-25,2026-03-07,Course,5,24200.0,Completed,,T00830,7,10,False,2025-26,3,2026-03,True,24200.0
B006405,C04849,2026-02-08,2026-03-07,Fun Dive,2,6100.0,Completed,,T00830,8,27,False,2025-26,3,2026-03,True,6100.0
B006406,C04207,2026-01-24,2026-03-07,Fun Dive,2,5950.0,No-show,,T00830,9,42,False,2025-26,3,2026-03,True,
B006407,C04850,2026-02-11,2026-03-07,Course,5,25300.0,Completed,,T00830,10,24,False,2025-26,3,2026-03,True,25300.0
B006408,C04851,2026-02-05,2026-03-07,Discovery Dive,1,4100.0,Completed,,T00830,11,30,False,2025-26,3,2026-03,True,4100.0
B006409,C04852,2026-02-23,2026-03-08,Course,5,27650.0,Completed,,T00831,1,13,False,2025-26,3,2026-03,True,27650.0
B006410,C04853,2026-03-08,2026-03-08,Fun Dive,1,3100.0,Completed,,T00831,3,0,False,2025-26,3,2026-03,True,3100.0
B006411,C04186,2026-03-08,2026-03-08,Fun Dive,4,13650.0,Completed,,T00831,4,0,False,2025-26,3,2026-03,True,13650.0
B006412,C04854,2026-02-18,2026-03-08,Fun Dive,2,5650.0,Completed,,T00831,5,18,False,2025-26,3,2026-03,True,5650.0
B006413,C04855,2026-01-30,2026-03-08,Fun Dive,2,6700.0,Cancelled,Customer,T00831,6,37,False,2025-26,3,2026-03,True,
B006414,C04856,2026-02-01,2026-03-08,Fun Dive,4,14600.0,Completed,,T00831,7,35,False,2025-26,3,2026-03,True,14600.0
B006415,C04805,2026-02-12,2026-03-08,Fun Dive,2,6000.0,Cancelled,Customer,T00831,8,24,False,2025-26,3,2026-03,True,
B006416,C04576,2026-02-09,2026-03-08,Fun Dive,3,8250.0,Completed,,T00831,9,27,False,2025-26,3,2026-03,True,8250.0
B006417,C04857,2026-03-08,2026-03-09,Discovery Dive,1,4800.0,Completed,,T00832,1,1,False,2025-26,3,2026-03,False,4800.0
B006418,C04858,2026-02-06,2026-03-09,Discovery Dive,1,4900.0,Completed,,T00832,4,31,False,2025-26,3,2026-03,False,4900.0
B006419,C04859,2026-02-09,2026-03-09,Fun Dive,2,6650.0,Completed,,T00832,5,28,False,2025-26,3,2026-03,False,6650.0
B006420,C04860,2026-03-01,2026-03-09,Fun Dive,2,6600.0,Completed,,T00832,6,8,False,2025-26,3,2026-03,False,6600.0
B006421,C04861,2026-02-13,2026-03-09,Course,5,20100.0,Completed,,T00832,7,24,False,2025-26,3,2026-03,False,20100.0
B006422,C04862,2026-02-28,2026-03-09,Discovery Dive,1,5300.0,Completed,,T00832,8,9,False,2025-26,3,2026-03,False,5300.0
B006423,C04863,2026-01-28,2026-03-09,Fun Dive,2,6600.0,Completed,,T00833,1,40,False,2025-26,3,2026-03,False,6600.0
B006424,C04864,2026-01-29,2026-03-09,Fun Dive,2,7200.0,Completed,,T00833,2,39,False,2025-26,3,2026-03,False,7200.0
B006425,C04865,2026-02-22,2026-03-09,Fun Dive,1,3000.0,Completed,,T00833,5,15,False,2025-26,3,2026-03,False,3000.0
B006426,C04866,2026-02-06,2026-03-09,Discovery Dive,1,4900.0,Completed,,T00833,6,31,False,2025-26,3,2026-03,False,4900.0
B006427,C04867,2026-01-23,2026-03-09,Discovery Dive,1,4450.0,Completed,,T00833,7,45,False,2025-26,3,2026-03,False,4450.0
B006428,C04868,2026-03-07,2026-03-09,Course,5,25100.0,Completed,,T00833,8,2,False,2025-26,3,2026-03,False,25100.0
B006429,C04869,2026-02-05,2026-03-09,Fun Dive,3,9250.0,No-show,,T00833,10,32,False,2025-26,3,2026-03,False,
B006430,C04870,2026-03-03,2026-03-09,Discovery Dive,2,8050.0,Completed,,T00833,11,6,False,2025-26,3,2026-03,False,8050.0
B006431,C04871,2026-02-26,2026-03-10,Discovery Dive,1,5050.0,Completed,,T00834,1,12,False,2025-26,3,2026-03,False,5050.0
B006432,C04872,2026-02-14,2026-03-10,Fun Dive,1,3600.0,Completed,,T00834,2,24,False,2025-26,3,2026-03,False,3600.0
B006433,C00092,2026-02-22,2026-03-10,Fun Dive,1,3700.0,Completed,,T00834,4,16,False,2025-26,3,2026-03,False,3700.0
B006434,C04865,2026-01-31,2026-03-10,Fun Dive,4,11050.0,No-show,,T00834,5,38,False,2025-26,3,2026-03,False,
B006435,C04873,2026-02-25,2026-03-10,Course,5,22200.0,Completed,,T00834,6,13,False,2025-26,3,2026-03,False,22200.0
B006436,C04134,2026-01-28,2026-03-10,Course,4,27400.0,Completed,,T00834,7,41,False,2025-26,3,2026-03,False,27400.0
B006437,C04874,2026-01-27,2026-03-10,Discovery Dive,1,4850.0,Completed,,T00834,8,42,False,2025-26,3,2026-03,False,4850.0
B006438,C04875,2026-02-10,2026-03-10,Fun Dive,2,6450.0,Completed,,T00834,9,28,False,2025-26,3,2026-03,False,6450.0
B006439,C04876,2026-02-20,2026-03-10,Fun Dive,2,6700.0,Completed,,T00834,10,18,False,2025-26,3,2026-03,False,6700.0
B006440,C04877,2026-03-10,2026-03-10,Discovery Dive,1,4650.0,Completed,,T00834,11,0,False,2025-26,3,2026-03,False,4650.0
B006441,C04878,2026-02-14,2026-03-10,Fun Dive,2,7450.0,Completed,,T00834,12,24,False,2025-26,3,2026-03,False,7450.0
B006442,C04879,2026-03-10,2026-03-11,Fun Dive,4,14800.0,Completed,,T00835,2,1,False,2025-26,3,2026-03,False,14800.0
B006443,C04880,2026-03-01,2026-03-11,Course,5,24250.0,Completed,,T00835,5,10,False,2025-26,3,2026-03,False,24250.0
B006444,C04881,2026-03-05,2026-03-11,Fun Dive,2,6950.0,Completed,,T00835,6,6,False,2025-26,3,2026-03,False,6950.0
B006445,C04882,2026-02-23,2026-03-11,Fun Dive,1,3000.0,Completed,,T00835,7,16,False,2025-26,3,2026-03,False,3000.0
B006446,C04883,2026-02-25,2026-03-11,Course,4,24100.0,Completed,,T00835,8,14,False,2025-26,3,2026-03,False,24100.0
B006447,C04884,2026-02-22,2026-03-11,Fun Dive,1,2850.0,Completed,,T00835,9,17,False,2025-26,3,2026-03,False,2850.0
B006448,C04885,2026-02-18,2026-03-12,Discovery Dive,1,3950.0,No-show,,T00836,3,22,False,2025-26,3,2026-03,False,
B006449,C04886,2026-02-17,2026-03-12,Fun Dive,3,11450.0,Cancelled,Unknown,T00836,4,23,False,2025-26,3,2026-03,False,
B006450,C04887,2026-02-07,2026-03-12,Course,4,23150.0,Completed,,T00836,5,33,False,2025-26,3,2026-03,False,23150.0
B006451,C04888,2026-03-07,2026-03-12,Discovery Dive,1,5550.0,Completed,,T00836,6,5,False,2025-26,3,2026-03,False,5550.0
B006452,C04889,2026-02-21,2026-03-12,Fun Dive,3,9400.0,Completed,,T00836,7,19,False,2025-26,3,2026-03,False,9400.0
B006453,C04890,2026-02-16,2026-03-12,Fun Dive,2,6800.0,Completed,,T00836,8,24,False,2025-26,3,2026-03,False,6800.0
B006454,C04885,2026-02-25,2026-03-12,Fun Dive,3,9450.0,Completed,,T00836,9,15,False,2025-26,3,2026-03,False,9450.0
B006455,C01252,2026-02-24,2026-03-12,Discovery Dive,1,5000.0,Completed,,T00836,10,16,False,2025-26,3,2026-03,False,5000.0
B006456,C04891,2026-01-30,2026-03-12,Discovery Dive,1,4400.0,Cancelled,Customer,T00836,11,41,False,2025-26,3,2026-03,False,
B006457,C04892,2026-01-30,2026-03-12,Fun Dive,2,6150.0,Completed,,T00836,12,41,False,2025-26,3,2026-03,False,6150.0
B006458,C04893,2026-02-01,2026-03-13,Discovery Dive,1,4350.0,Completed,,T00837,1,40,False,2025-26,3,2026-03,False,4350.0
B006459,C04894,2026-03-01,2026-03-13,Fun Dive,2,7400.0,Completed,,T00837,2,12,False,2025-26,3,2026-03,False,7400.0
B006460,C04895,2026-02-20,2026-03-13,Fun Dive,2,6250.0,Completed,,T00837,3,21,False,2025-26,3,2026-03,False,6250.0
B006461,C04896,2026-03-10,2026-03-13,Discovery Dive,1,5250.0,Completed,,T00837,4,3,False,2025-26,3,2026-03,False,5250.0
B006462,C04897,2026-02-28,2026-03-13,Discovery Dive,1,5350.0,Completed,,T00837,5,13,False,2025-26,3,2026-03,False,5350.0
B006463,C04613,2026-03-07,2026-03-13,Fun Dive,3,8600.0,Completed,,T00837,6,6,False,2025-26,3,2026-03,False,8600.0
B006464,C04898,2026-02-25,2026-03-13,Discovery Dive,1,5000.0,Completed,,T00837,7,16,False,2025-26,3,2026-03,False,5000.0
B006465,C00996,2026-02-16,2026-03-13,Fun Dive,1,2950.0,Completed,,T00837,8,25,False,2025-26,3,2026-03,False,2950.0
B006466,C04899,2026-02-28,2026-03-14,Course,4,21200.0,Completed,,T00838,1,14,False,2025-26,3,2026-03,True,21200.0
B006467,C04900,2026-03-05,2026-03-14,Fun Dive,2,6600.0,Completed,,T00838,2,9,False,2025-26,3,2026-03,True,6600.0
B006468,C04901,2026-03-04,2026-03-14,Discovery Dive,1,5000.0,Completed,,T00838,3,10,False,2025-26,3,2026-03,True,5000.0
B006469,C04902,2026-02-04,2026-03-14,Fun Dive,4,12200.0,Cancelled,Customer,T00838,4,38,False,2025-26,3,2026-03,True,
B006470,C04903,2026-03-14,2026-03-14,Discovery Dive,1,4750.0,Completed,,T00838,5,0,False,2025-26,3,2026-03,True,4750.0
B006471,C04904,2026-02-06,2026-03-14,Fun Dive,1,3150.0,Completed,,T00838,6,36,False,2025-26,3,2026-03,True,3150.0
B006472,C04905,2026-03-11,2026-03-14,Fun Dive,1,,Cancelled,Medical,T00838,7,3,True,2025-26,3,2026-03,True,
B006473,C04906,2026-02-21,2026-03-14,Discovery Dive,1,4300.0,Cancelled,Customer,T00838,8,21,False,2025-26,3,2026-03,True,
B006474,C03070,2026-02-18,2026-03-14,Discovery Dive,1,4900.0,Completed,,T00838,9,24,False,2025-26,3,2026-03,True,4900.0
B006475,C04907,2026-02-02,2026-03-14,Course,4,26100.0,Completed,,T00838,11,40,False,2025-26,3,2026-03,True,26100.0
B006476,C04908,2026-02-13,2026-03-14,Discovery Dive,1,4550.0,Completed,,T00838,12,29,False,2025-26,3,2026-03,True,4550.0
B006477,C04909,2026-02-27,2026-03-14,Fun Dive,2,6800.0,Completed,,T00839,1,15,False,2025-26,3,2026-03,True,6800.0
B006478,C04910,2026-03-07,2026-03-14,Fun Dive,1,3400.0,Completed,,T00839,3,7,False,2025-26,3,2026-03,True,3400.0
B006479,C04911,2026-02-19,2026-03-14,Discovery Dive,2,8800.0,Completed,,T00839,4,23,False,2025-26,3,2026-03,True,8800.0
B006480,C04912,2026-02-10,2026-03-14,Fun Dive,3,10750.0,Completed,,T00839,7,32,False,2025-26,3,2026-03,True,10750.0
B006481,C04913,2026-02-11,2026-03-14,Fun Dive,1,3300.0,No-show,,T00839,8,31,False,2025-26,3,2026-03,True,
B006482,C04234,2026-03-10,2026-03-14,Course,5,24100.0,Completed,,T00839,9,4,False,2025-26,3,2026-03,True,24100.0
B006483,C04914,2026-03-06,2026-03-14,Fun Dive,2,6850.0,Cancelled,Customer,T00839,10,8,False,2025-26,3,2026-03,True,
B006484,C04915,2026-03-01,2026-03-14,Fun Dive,1,2850.0,Cancelled,Weather,T00840,1,13,False,2025-26,3,2026-03,True,
B006485,C04757,2026-03-08,2026-03-14,Discovery Dive,1,5150.0,Completed,,T00840,2,6,False,2025-26,3,2026-03,True,5150.0
B006486,C04916,2026-03-13,2026-03-14,Fun Dive,1,2950.0,Cancelled,Customer,T00840,3,1,False,2025-26,3,2026-03,True,
B006487,C04917,2026-03-05,2026-03-14,Course,4,23400.0,Completed,,T00840,4,9,False,2025-26,3,2026-03,True,23400.0
B006488,C04918,2026-03-11,2026-03-14,Fun Dive,1,3050.0,Completed,,T00840,6,3,False,2025-26,3,2026-03,True,3050.0
B006489,C04919,2026-03-06,2026-03-14,Discovery Dive,1,4350.0,Completed,,T00840,7,8,False,2025-26,3,2026-03,True,4350.0
B006490,C04920,2026-02-01,2026-03-14,Fun Dive,2,6900.0,Completed,,T00840,8,41,False,2025-26,3,2026-03,True,6900.0
B006491,C04921,2026-02-15,2026-03-14,Discovery Dive,2,9450.0,Completed,,T00840,9,27,False,2025-26,3,2026-03,True,9450.0
B006492,C04922,2026-02-23,2026-03-14,Course,5,24950.0,Completed,,T00840,11,19,False,2025-26,3,2026-03,True,24950.0
B006493,C04923,2026-02-07,2026-03-14,Fun Dive,4,11300.0,No-show,,T00840,12,35,False,2025-26,3,2026-03,True,
B006494,C04924,2026-02-25,2026-03-15,Discovery Dive,1,4950.0,Completed,,T00841,1,18,False,2025-26,3,2026-03,True,4950.0
B006495,C02073,2026-03-04,2026-03-15,Fun Dive,2,5900.0,Completed,,T00841,2,11,False,2025-26,3,2026-03,True,5900.0
B006496,C04925,2026-03-09,2026-03-15,Fun Dive,4,12050.0,No-show,,T00841,3,6,False,2025-26,3,2026-03,True,
B006497,C04926,2026-02-08,2026-03-15,Course,5,25100.0,Completed,,T00841,4,35,False,2025-26,3,2026-03,True,25100.0
B006498,C04625,2026-01-30,2026-03-15,Fun Dive,2,5650.0,No-show,,T00841,5,44,False,2025-26,3,2026-03,True,
B006499,C04927,2026-02-04,2026-03-15,Discovery Dive,1,5350.0,Completed,,T00841,8,39,False,2025-26,3,2026-03,True,5350.0
B006500,C04928,2026-02-25,2026-03-15,Fun Dive,1,3300.0,Completed,,T00841,9,18,False,2025-26,3,2026-03,True,3300.0
B006501,C04929,2026-03-07,2026-03-15,Fun Dive,2,6750.0,Completed,,T00841,10,8,False,2025-26,3,2026-03,True,6750.0
B006502,C04930,2026-03-05,2026-03-16,Fun Dive,1,3600.0,Completed,,T00842,1,11,False,2025-26,3,2026-03,False,3600.0
B006503,C04931,2026-02-22,2026-03-16,Fun Dive,2,7700.0,Completed,,T00842,2,22,False,2025-26,3,2026-03,False,7700.0
B006504,C04932,2026-03-01,2026-03-16,Discovery Dive,1,5400.0,Completed,,T00842,3,15,False,2025-26,3,2026-03,False,5400.0
B006505,C04901,2026-03-11,2026-03-16,Discovery Dive,1,5000.0,Completed,,T00842,4,5,False,2025-26,3,2026-03,False,5000.0
B006506,C04933,2026-02-15,2026-03-16,Fun Dive,1,3000.0,No-show,,T00842,5,29,False,2025-26,3,2026-03,False,
B006507,C04934,2026-01-31,2026-03-16,Fun Dive,2,6200.0,Completed,,T00842,6,44,False,2025-26,3,2026-03,False,6200.0
B006508,C04935,2026-03-04,2026-03-16,Fun Dive,3,10000.0,Completed,,T00842,8,12,False,2025-26,3,2026-03,False,10000.0
B006509,C04936,2026-02-24,2026-03-16,Fun Dive,1,3600.0,Completed,,T00842,9,20,False,2025-26,3,2026-03,False,3600.0
B006510,C04937,2026-02-15,2026-03-16,Discovery Dive,1,4050.0,Completed,,T00842,10,29,False,2025-26,3,2026-03,False,4050.0
B006511,C04938,2026-02-06,2026-03-16,Fun Dive,2,6050.0,Completed,,T00843,1,38,False,2025-26,3,2026-03,False,6050.0
B006512,C04939,2026-03-05,2026-03-16,Fun Dive,2,6900.0,Completed,,T00843,2,11,False,2025-26,3,2026-03,False,6900.0
B006513,C04940,2026-03-01,2026-03-16,Fun Dive,3,8750.0,Completed,,T00843,3,15,False,2025-26,3,2026-03,False,8750.0
B006514,C04941,2026-02-10,2026-03-16,Discovery Dive,1,5350.0,Cancelled,Customer,T00843,4,34,False,2025-26,3,2026-03,False,
B006515,C04942,2026-02-09,2026-03-16,Course,4,20050.0,Completed,,T00843,5,35,False,2025-26,3,2026-03,False,20050.0
B006516,C01736,2026-02-09,2026-03-16,Fun Dive,2,6600.0,Completed,,T00843,6,35,False,2025-26,3,2026-03,False,6600.0
B006517,C04943,2026-02-19,2026-03-16,Fun Dive,2,6800.0,Cancelled,Unknown,T00843,7,25,False,2025-26,3,2026-03,False,
B006518,C04944,2026-03-05,2026-03-16,Fun Dive,2,6350.0,Completed,,T00843,9,11,False,2025-26,3,2026-03,False,6350.0
B006519,C04945,2026-02-24,2026-03-16,Fun Dive,3,10650.0,Completed,,T00843,11,20,False,2025-26,3,2026-03,False,10650.0
B006520,C04946,2026-02-19,2026-03-17,Discovery Dive,1,5200.0,Completed,,T00844,2,26,False,2025-26,3,2026-03,False,5200.0
B006521,C04947,2026-03-05,2026-03-17,Fun Dive,3,10400.0,Cancelled,Customer,T00844,3,12,False,2025-26,3,2026-03,False,
B006522,C04936,2026-02-28,2026-03-17,Fun Dive,1,3300.0,Cancelled,Unknown,T00844,4,17,False,2025-26,3,2026-03,False,
B006523,C04948,2026-03-12,2026-03-17,Fun Dive,1,3450.0,Completed,,T00844,5,5,False,2025-26,3,2026-03,False,3450.0
B006524,C04949,2026-03-08,2026-03-17,Discovery Dive,1,5200.0,Completed,,T00844,6,9,False,2025-26,3,2026-03,False,5200.0
B006525,C04950,2026-02-18,2026-03-17,Fun Dive,4,13950.0,Completed,,T00844,7,27,False,2025-26,3,2026-03,False,13950.0
B006526,C04951,2026-02-07,2026-03-17,Fun Dive,1,2850.0,Cancelled,Unknown,T00844,8,38,False,2025-26,3,2026-03,False,
B006527,C04445,2026-03-16,2026-03-18,Course,4,25300.0,Cancelled,Customer,T00845,2,2,False,2025-26,3,2026-03,False,
B006528,C04952,2026-02-15,2026-03-18,Fun Dive,4,13400.0,Completed,,T00845,3,31,False,2025-26,3,2026-03,False,13400.0
B006529,C04953,2026-02-13,2026-03-18,Fun Dive,4,12200.0,Completed,,T00845,4,33,False,2025-26,3,2026-03,False,12200.0
B006530,C04954,2026-02-02,2026-03-18,Fun Dive,1,2850.0,Completed,,T00845,5,44,False,2025-26,3,2026-03,False,2850.0
B006531,C04677,2026-03-04,2026-03-18,Discovery Dive,1,4800.0,Completed,,T00845,6,14,False,2025-26,3,2026-03,False,4800.0
B006532,C04955,2026-02-06,2026-03-18,Fun Dive,1,3500.0,Completed,,T00845,7,40,False,2025-26,3,2026-03,False,3500.0
B006533,C04956,2026-02-07,2026-03-18,Discovery Dive,1,4500.0,Completed,,T00845,9,39,False,2025-26,3,2026-03,False,4500.0
B006534,C04957,2026-02-14,2026-03-18,Fun Dive,2,6250.0,Cancelled,Customer,T00845,10,32,False,2025-26,3,2026-03,False,
B006535,C04958,2026-02-25,2026-03-18,Course,5,26450.0,Completed,,T00845,11,21,False,2025-26,3,2026-03,False,26450.0
B006536,C04959,2026-02-04,2026-03-18,Discovery Dive,1,4400.0,Completed,,T00845,12,42,False,2025-26,3,2026-03,False,4400.0
B006537,C04960,2026-02-22,2026-03-19,Discovery Dive,1,5250.0,Cancelled,Customer,T00846,2,25,False,2025-26,3,2026-03,False,
B006538,C04961,2026-02-07,2026-03-19,Fun Dive,2,5850.0,Completed,,T00846,3,40,False,2025-26,3,2026-03,False,5850.0
B006539,C04962,2026-03-08,2026-03-19,Fun Dive,2,5900.0,Completed,,T00846,4,11,False,2025-26,3,2026-03,False,5900.0
B006540,C04963,2026-03-09,2026-03-19,Fun Dive,2,7450.0,Completed,,T00846,5,10,False,2025-26,3,2026-03,False,7450.0
B006541,C04964,2026-02-03,2026-03-19,Course,5,23850.0,Completed,,T00846,6,44,False,2025-26,3,2026-03,False,23850.0
B006542,C04965,2026-03-17,2026-03-19,Discovery Dive,1,4850.0,Completed,,T00846,7,2,False,2025-26,3,2026-03,False,4850.0
B006543,C04966,2026-03-09,2026-03-19,Fun Dive,1,3800.0,Completed,,T00846,8,10,False,2025-26,3,2026-03,False,3800.0
B006544,C04967,2026-02-25,2026-03-20,Fun Dive,3,10200.0,Cancelled,Medical,T00847,1,23,False,2025-26,3,2026-03,False,
B006545,C04968,2026-03-10,2026-03-20,Fun Dive,1,2950.0,Cancelled,Customer,T00847,3,10,False,2025-26,3,2026-03,False,
B006546,C04969,2026-02-10,2026-03-20,Fun Dive,3,10400.0,Completed,,T00847,4,38,False,2025-26,3,2026-03,False,10400.0
B006547,C04970,2026-02-26,2026-03-20,Course,5,26500.0,Cancelled,Customer,T00847,5,22,False,2025-26,3,2026-03,False,
B006548,C04971,2026-02-18,2026-03-20,Fun Dive,2,6400.0,Completed,,T00847,6,30,False,2025-26,3,2026-03,False,6400.0
B006549,C04972,2026-02-20,2026-03-20,Course,4,26400.0,Completed,,T00847,7,28,False,2025-26,3,2026-03,False,26400.0
B006550,C04973,2026-02-23,2026-03-20,Discovery Dive,1,5050.0,Completed,,T00847,8,25,False,2025-26,3,2026-03,False,5050.0
B006551,C04974,2026-02-22,2026-03-21,Fun Dive,4,15450.0,Completed,,T00848,2,27,False,2025-26,3,2026-03,True,15450.0
B006552,C04975,2026-03-11,2026-03-21,Course,4,24000.0,Completed,,T00848,3,10,False,2025-26,3,2026-03,True,24000.0
B006553,C04180,2026-02-13,2026-03-21,Fun Dive,3,8950.0,Completed,,T00848,4,36,False,2025-26,3,2026-03,True,8950.0
B006554,C04976,2026-02-11,2026-03-21,Discovery Dive,1,5400.0,Completed,,T00848,5,38,False,2025-26,3,2026-03,True,5400.0
B006555,C04977,2026-02-16,2026-03-21,Discovery Dive,1,5100.0,Completed,,T00848,6,33,False,2025-26,3,2026-03,True,5100.0
B006556,C04978,2026-03-04,2026-03-21,Discovery Dive,1,4650.0,Completed,,T00848,8,17,False,2025-26,3,2026-03,True,4650.0
B006557,C04979,2026-02-25,2026-03-21,Fun Dive,2,6950.0,Completed,,T00848,9,24,False,2025-26,3,2026-03,True,6950.0
B006558,C04980,2026-02-24,2026-03-22,Discovery Dive,1,4250.0,No-show,,T00849,1,26,False,2025-26,3,2026-03,True,
B006559,C04981,2026-02-07,2026-03-22,Discovery Dive,1,4600.0,Completed,,T00849,3,43,False,2025-26,3,2026-03,True,4600.0
B006560,C04982,2026-02-10,2026-03-22,Fun Dive,1,3500.0,Completed,,T00849,4,40,False,2025-26,3,2026-03,True,3500.0
B006561,C04983,2026-02-07,2026-03-22,Course,4,24400.0,Completed,,T00849,5,43,False,2025-26,3,2026-03,True,24400.0
B006562,C00036,2026-02-16,2026-03-22,Discovery Dive,2,10000.0,Completed,,T00849,6,34,False,2025-26,3,2026-03,True,10000.0
B006563,C04984,2026-03-10,2026-03-22,Fun Dive,1,3400.0,Completed,,T00849,7,12,False,2025-26,3,2026-03,True,3400.0
B006564,C04985,2026-02-06,2026-03-22,Fun Dive,1,3450.0,Completed,,T00849,8,44,False,2025-26,3,2026-03,True,3450.0
B006565,C04689,2026-02-12,2026-03-22,Fun Dive,2,6800.0,Cancelled,Medical,T00849,9,38,False,2025-26,3,2026-03,True,
B006566,C04986,2026-02-17,2026-03-22,Fun Dive,1,3150.0,Cancelled,Weather,T00850,1,33,False,2025-26,3,2026-03,True,
B006567,C04987,2026-03-22,2026-03-22,Discovery Dive,1,4550.0,Completed,,T00850,2,0,False,2025-26,3,2026-03,True,4550.0
B006568,C04988,2026-03-12,2026-03-22,Course,4,22550.0,Completed,,T00850,3,10,False,2025-26,3,2026-03,True,22550.0
B006569,C04989,2026-03-11,2026-03-22,Discovery Dive,1,5050.0,Completed,,T00850,4,11,False,2025-26,3,2026-03,True,5050.0
B006570,C04990,2026-03-15,2026-03-22,Course,4,24850.0,Completed,,T00850,6,7,False,2025-26,3,2026-03,True,24850.0
B006571,C04991,2026-03-02,2026-03-22,Fun Dive,1,2800.0,Completed,,T00850,7,20,False,2025-26,3,2026-03,True,2800.0
B006572,C04992,2026-03-07,2026-03-22,Fun Dive,1,3450.0,Cancelled,Customer,T00850,8,15,False,2025-26,3,2026-03,True,
B006573,C04993,2026-03-10,2026-03-23,Course,5,21700.0,Completed,,T00851,1,13,False,2025-26,3,2026-03,False,21700.0
B006574,C04910,2026-03-15,2026-03-23,Fun Dive,1,3400.0,Completed,,T00851,2,8,False,2025-26,3,2026-03,False,3400.0
B006575,C04994,2026-03-21,2026-03-23,Fun Dive,2,7400.0,Completed,,T00851,3,2,False,2025-26,3,2026-03,False,7400.0
B006576,C04995,2026-02-21,2026-03-23,Discovery Dive,1,4950.0,Completed,,T00851,4,30,False,2025-26,3,2026-03,False,4950.0
B006577,C04996,2026-02-23,2026-03-23,Fun Dive,4,13850.0,Cancelled,Customer,T00851,5,28,False,2025-26,3,2026-03,False,
B006578,C04997,2026-02-28,2026-03-23,Discovery Dive,1,4950.0,Completed,,T00851,8,23,False,2025-26,3,2026-03,False,4950.0
B006579,C04998,2026-02-18,2026-03-23,Fun Dive,4,14550.0,Cancelled,Customer,T00851,9,33,False,2025-26,3,2026-03,False,
B006580,C04999,2026-03-11,2026-03-23,Fun Dive,1,3350.0,Completed,,T00851,10,12,False,2025-26,3,2026-03,False,3350.0
B006581,C05000,2026-03-10,2026-03-24,Discovery Dive,1,5450.0,Completed,,T00852,1,14,False,2025-26,3,2026-03,False,5450.0
B006582,C05001,2026-03-20,2026-03-24,Course,5,26400.0,Completed,,T00852,2,4,False,2025-26,3,2026-03,False,26400.0
B006583,C05002,2026-02-27,2026-03-24,Course,4,23750.0,Cancelled,Customer,T00852,3,25,False,2025-26,3,2026-03,False,
B006584,C03009,2026-03-13,2026-03-24,Fun Dive,4,12450.0,Completed,,T00852,4,11,False,2025-26,3,2026-03,False,12450.0
B006585,C05003,2026-02-28,2026-03-24,Discovery Dive,1,5100.0,Cancelled,Unknown,T00852,5,24,False,2025-26,3,2026-03,False,
B006586,C04823,2026-03-03,2026-03-24,Fun Dive,2,6900.0,Completed,,T00852,6,21,False,2025-26,3,2026-03,False,6900.0
B006587,C05004,2026-02-18,2026-03-24,Discovery Dive,1,4450.0,Completed,,T00852,7,34,False,2025-26,3,2026-03,False,4450.0
B006588,C05005,2026-03-23,2026-03-25,Discovery Dive,1,4500.0,Cancelled,Customer,T00853,1,2,False,2025-26,3,2026-03,False,
B006589,C05006,2026-02-18,2026-03-25,Fun Dive,1,3150.0,Completed,,T00853,2,35,False,2025-26,3,2026-03,False,3150.0
B006590,C05007,2026-02-09,2026-03-25,Discovery Dive,2,9200.0,Cancelled,Medical,T00853,3,44,False,2025-26,3,2026-03,False,
B006591,C05008,2026-03-12,2026-03-25,Fun Dive,1,3150.0,Completed,,T00853,4,13,False,2025-26,3,2026-03,False,3150.0
B006592,C05009,2026-03-03,2026-03-25,Fun Dive,3,9450.0,No-show,,T00853,5,22,False,2025-26,3,2026-03,False,
B006593,C02148,2026-02-22,2026-03-25,Fun Dive,1,3100.0,Completed,,T00853,7,31,False,2025-26,3,2026-03,False,3100.0
B006594,C05010,2026-02-10,2026-03-25,Fun Dive,4,12300.0,Completed,,T00853,8,43,False,2025-26,3,2026-03,False,12300.0
B006595,C05011,2026-02-28,2026-03-26,Fun Dive,2,7550.0,Cancelled,Weather,T00854,1,26,False,2025-26,3,2026-03,False,
B006596,C05012,2026-02-20,2026-03-26,Course,4,22350.0,Cancelled,Unknown,T00854,3,34,False,2025-26,3,2026-03,False,
B006597,C05013,2026-03-21,2026-03-26,Discovery Dive,1,4850.0,Cancelled,Weather,T00854,4,5,False,2025-26,3,2026-03,False,
B006598,C05014,2026-02-24,2026-03-26,Fun Dive,2,5650.0,Cancelled,Weather,T00854,5,30,False,2025-26,3,2026-03,False,
B006599,C05015,2026-03-09,2026-03-26,Fun Dive,2,7250.0,Cancelled,Weather,T00854,6,17,False,2025-26,3,2026-03,False,
B006600,C05016,2026-03-14,2026-03-26,Discovery Dive,1,5100.0,Cancelled,Customer,T00854,7,12,False,2025-26,3,2026-03,False,
B006601,C05017,2026-02-20,2026-03-26,Discovery Dive,1,4850.0,Cancelled,Weather,T00854,8,34,False,2025-26,3,2026-03,False,
B006602,C05018,2026-03-19,2026-03-27,Discovery Dive,2,9650.0,Completed,,T00855,1,8,False,2025-26,3,2026-03,False,9650.0
B006603,C05019,2026-03-18,2026-03-27,Fun Dive,1,3550.0,Completed,,T00855,2,9,False,2025-26,3,2026-03,False,3550.0
B006604,C04510,2026-03-23,2026-03-27,Course,4,22900.0,Completed,,T00855,3,4,False,2025-26,3,2026-03,False,22900.0
B006605,C05020,2026-02-19,2026-03-27,Fun Dive,4,14200.0,Completed,,T00855,4,36,False,2025-26,3,2026-03,False,14200.0
B006606,C05021,2026-03-04,2026-03-27,Fun Dive,1,2750.0,Completed,,T00855,5,23,False,2025-26,3,2026-03,False,2750.0
B006607,C05022,2026-03-03,2026-03-27,Discovery Dive,1,5250.0,Completed,,T00855,6,24,False,2025-26,3,2026-03,False,5250.0
B006608,C05023,2026-02-10,2026-03-27,Discovery Dive,1,4450.0,Cancelled,Customer,T00855,7,45,False,2025-26,3,2026-03,False,
B006609,C05024,2026-03-25,2026-03-27,Fun Dive,2,6950.0,Completed,,T00855,8,2,False,2025-26,3,2026-03,False,6950.0
B006610,C05025,2026-02-16,2026-03-27,Fun Dive,4,14400.0,Completed,,T00855,9,39,False,2025-26,3,2026-03,False,14400.0
B006611,C05026,2026-02-21,2026-03-27,Discovery Dive,1,4250.0,Completed,,T00855,12,34,False,2025-26,3,2026-03,False,4250.0
B006612,C05027,2026-02-22,2026-03-28,Fun Dive,2,6000.0,Completed,,T00856,2,34,False,2025-26,3,2026-03,True,6000.0
B006613,C05028,2026-02-23,2026-03-28,Course,4,23450.0,Completed,,T00856,3,33,False,2025-26,3,2026-03,True,23450.0
B006614,C05029,2026-02-24,2026-03-28,Fun Dive,4,12450.0,Completed,,T00856,4,32,False,2025-26,3,2026-03,True,12450.0
B006615,C05030,2026-02-14,2026-03-28,Discovery Dive,1,5350.0,Completed,,T00856,5,42,False,2025-26,3,2026-03,True,5350.0
B006616,C04805,2026-02-26,2026-03-28,Fun Dive,4,11000.0,Completed,,T00856,6,30,False,2025-26,3,2026-03,True,11000.0
B006617,C05031,2026-02-16,2026-03-28,Fun Dive,3,10700.0,Completed,,T00856,7,40,False,2025-26,3,2026-03,True,10700.0
B006618,C05032,2026-03-07,2026-03-28,Fun Dive,3,10750.0,Cancelled,Unknown,T00856,8,21,False,2025-26,3,2026-03,True,
B006619,C05033,2026-03-27,2026-03-28,Fun Dive,4,13350.0,Cancelled,Medical,T00856,10,1,False,2025-26,3,2026-03,True,
B006620,C05034,2026-02-12,2026-03-29,Fun Dive,2,6850.0,Cancelled,Customer,T00857,1,45,False,2025-26,3,2026-03,True,
B006621,C05035,2026-03-12,2026-03-29,Fun Dive,2,7250.0,Completed,,T00857,2,17,False,2025-26,3,2026-03,True,7250.0
B006622,C05036,2026-02-22,2026-03-29,Fun Dive,1,2900.0,Cancelled,Customer,T00857,3,35,False,2025-26,3,2026-03,True,
B006623,C05037,2026-02-24,2026-03-29,Fun Dive,2,7550.0,Completed,,T00857,5,33,False,2025-26,3,2026-03,True,7550.0
B006624,C05038,2026-03-22,2026-03-29,Discovery Dive,1,4100.0,Cancelled,Weather,T00857,6,7,False,2025-26,3,2026-03,True,
B006625,C05039,2026-02-12,2026-03-29,Course,5,22500.0,Completed,,T00857,7,45,False,2025-26,3,2026-03,True,22500.0
B006626,C05040,2026-02-20,2026-03-29,Fun Dive,1,3350.0,Completed,,T00857,8,37,False,2025-26,3,2026-03,True,3350.0
B006627,C05041,2026-03-23,2026-03-29,Fun Dive,2,6100.0,Completed,,T00857,10,6,False,2025-26,3,2026-03,True,6100.0
B006628,C04999,2026-03-22,2026-03-29,Course,5,23450.0,Completed,,T00858,1,7,False,2025-26,3,2026-03,True,23450.0
B006629,C05042,2026-03-03,2026-03-29,Fun Dive,2,5500.0,Completed,,T00858,3,26,False,2025-26,3,2026-03,True,5500.0
B006630,C01622,2026-03-13,2026-03-29,Discovery Dive,1,4600.0,Completed,,T00858,4,16,False,2025-26,3,2026-03,True,4600.0
B006631,C05043,2026-03-24,2026-03-29,Fun Dive,2,6450.0,Completed,,T00858,5,5,False,2025-26,3,2026-03,True,6450.0
B006632,C05044,2026-03-11,2026-03-29,Fun Dive,2,6200.0,Completed,,T00858,6,18,False,2025-26,3,2026-03,True,6200.0
B006633,C05045,2026-03-13,2026-03-29,Course,4,21350.0,Cancelled,Customer,T00858,8,16,False,2025-26,3,2026-03,True,
B006634,C05046,2026-03-12,2026-03-29,Fun Dive,1,3800.0,Completed,,T00858,9,17,False,2025-26,3,2026-03,True,3800.0
B006635,C04573,2026-03-29,2026-03-29,Fun Dive,4,14850.0,Completed,,T00858,10,0,False,2025-26,3,2026-03,True,14850.0
B006636,C05047,2026-03-02,2026-03-29,Discovery Dive,1,4400.0,Cancelled,Unknown,T00858,11,27,False,2025-26,3,2026-03,True,
B006638,C05049,2026-03-01,2026-03-30,Course,4,24650.0,No-show,,T00859,2,29,False,2025-26,3,2026-03,False,
B006639,C05050,2026-03-16,2026-03-30,Discovery Dive,1,4400.0,No-show,,T00859,3,14,False,2025-26,3,2026-03,False,
B006640,C05051,2026-03-01,2026-03-30,Discovery Dive,1,4550.0,Completed,,T00859,4,29,False,2025-26,3,2026-03,False,4550.0
B006641,C04755,2026-02-24,2026-03-30,Fun Dive,4,13550.0,Completed,,T00859,5,34,False,2025-26,3,2026-03,False,13550.0
B006642,C05052,2026-02-21,2026-03-30,Course,4,26650.0,Completed,,T00859,7,37,False,2025-26,3,2026-03,False,26650.0
B006643,C05053,2026-03-08,2026-03-30,Fun Dive,1,2850.0,No-show,,T00859,8,22,False,2025-26,3,2026-03,False,
B006644,C05054,2026-03-06,2026-03-30,Fun Dive,1,3650.0,No-show,,T00859,9,24,False,2025-26,3,2026-03,False,
B006645,C05055,2026-03-21,2026-03-30,Fun Dive,3,10550.0,Completed,,T00859,10,9,False,2025-26,3,2026-03,False,10550.0
B006646,C04828,2026-02-26,2026-03-30,Fun Dive,1,3150.0,Completed,,T00859,11,32,False,2025-26,3,2026-03,False,3150.0
B006647,C05056,2026-03-17,2026-03-31,Discovery Dive,1,4900.0,Completed,,T00860,2,14,False,2025-26,3,2026-03,False,4900.0
B006648,C05057,2026-03-07,2026-03-31,Fun Dive,3,10050.0,Cancelled,Customer,T00860,3,24,False,2025-26,3,2026-03,False,
B006649,C04966,2026-03-23,2026-03-31,Fun Dive,2,7550.0,Completed,,T00860,4,8,False,2025-26,3,2026-03,False,7550.0
B006650,C04339,2026-03-07,2026-03-31,Fun Dive,2,7050.0,Completed,,T00860,5,24,False,2025-26,3,2026-03,False,7050.0
B006651,C05058,2026-02-15,2026-03-31,Course,5,24900.0,Completed,,T00860,7,44,False,2025-26,3,2026-03,False,24900.0
B006652,C05059,2026-03-17,2026-03-31,Fun Dive,1,3500.0,Cancelled,Customer,T00860,8,14,False,2025-26,3,2026-03,False,
B006653,C05060,2026-02-21,2026-03-31,Fun Dive,3,10650.0,Completed,,T00860,9,38,False,2025-26,3,2026-03,False,10650.0
B006654,C05061,2026-03-05,2026-04-01,Fun Dive,3,11100.0,Completed,,T00861,1,27,False,2025-26,4,2026-04,False,11100.0
B006655,C05062,2026-02-16,2026-04-01,Fun Dive,1,3600.0,Completed,,T00861,2,44,False,2025-26,4,2026-04,False,3600.0
B006656,C01709,2026-03-02,2026-04-01,Fun Dive,2,7050.0,Cancelled,Unknown,T00861,4,30,False,2025-26,4,2026-04,False,
B006657,C05063,2026-03-24,2026-04-01,Course,5,27350.0,Completed,,T00861,5,8,False,2025-26,4,2026-04,False,27350.0
B006658,C05003,2026-02-25,2026-04-01,Discovery Dive,1,5300.0,Cancelled,Weather,T00861,6,35,False,2025-26,4,2026-04,False,
B006659,C05064,2026-03-27,2026-04-01,Fun Dive,1,3700.0,Completed,,T00861,7,5,False,2025-26,4,2026-04,False,3700.0
B006660,C05065,2026-02-28,2026-04-01,Discovery Dive,1,4800.0,Completed,,T00861,8,32,False,2025-26,4,2026-04,False,4800.0
B006661,C05066,2026-02-24,2026-04-02,Course,5,26700.0,Completed,,T00862,1,37,False,2025-26,4,2026-04,False,26700.0
B006662,C01504,2026-03-03,2026-04-02,Fun Dive,4,14950.0,Completed,,T00862,2,30,False,2025-26,4,2026-04,False,14950.0
B006663,C05067,2026-02-26,2026-04-02,Discovery Dive,1,3950.0,Completed,,T00862,3,35,False,2025-26,4,2026-04,False,3950.0
B006664,C05068,2026-03-20,2026-04-02,Fun Dive,1,3400.0,Completed,,T00862,4,13,False,2025-26,4,2026-04,False,3400.0
B006665,C05069,2026-03-04,2026-04-02,Discovery Dive,1,4750.0,Completed,,T00862,5,29,False,2025-26,4,2026-04,False,4750.0
B006666,C04804,2026-02-22,2026-04-02,Fun Dive,2,,Completed,,T00862,7,39,True,2025-26,4,2026-04,False,
B006667,C05070,2026-02-25,2026-04-02,Fun Dive,3,9400.0,Completed,,T00862,8,36,False,2025-26,4,2026-04,False,9400.0
B006668,C05071,2026-03-05,2026-04-02,Discovery Dive,1,4250.0,Cancelled,Medical,T00862,9,28,False,2025-26,4,2026-04,False,
B006669,C05072,2026-03-24,2026-04-03,Fun Dive,3,10950.0,Cancelled,Weather,T00863,1,10,False,2025-26,4,2026-04,False,
B006670,C05073,2026-02-18,2026-04-03,Discovery Dive,1,5150.0,Completed,,T00863,2,44,False,2025-26,4,2026-04,False,5150.0
B006671,C05074,2026-03-24,2026-04-03,Fun Dive,2,6750.0,Cancelled,Weather,T00863,3,10,False,2025-26,4,2026-04,False,
B006672,C05075,2026-03-21,2026-04-03,Fun Dive,1,3600.0,Cancelled,Weather,T00863,5,13,False,2025-26,4,2026-04,False,
B006673,C05076,2026-03-14,2026-04-03,Discovery Dive,1,5050.0,Cancelled,Weather,T00863,6,20,False,2025-26,4,2026-04,False,
B006674,C05077,2026-03-14,2026-04-03,Discovery Dive,1,5300.0,Completed,,T00863,7,20,False,2025-26,4,2026-04,False,5300.0
B006675,C04330,2026-03-13,2026-04-03,Discovery Dive,1,5000.0,Cancelled,Unknown,T00863,8,21,False,2025-26,4,2026-04,False,
B006676,C05078,2026-02-25,2026-04-03,Discovery Dive,1,5350.0,Cancelled,Weather,T00863,10,37,False,2025-26,4,2026-04,False,
B006677,C04516,2026-04-01,2026-04-03,Fun Dive,2,6850.0,Completed,,T00863,11,2,False,2025-26,4,2026-04,False,6850.0
B006678,C00371,2026-03-11,2026-04-04,Course,4,25650.0,No-show,,T00864,1,24,False,2025-26,4,2026-04,True,
B006679,C05079,2026-03-07,2026-04-04,Fun Dive,4,11950.0,Cancelled,Unknown,T00864,2,28,False,2025-26,4,2026-04,True,
B006680,C05080,2026-04-01,2026-04-04,Fun Dive,2,5600.0,Completed,,T00864,3,3,False,2025-26,4,2026-04,True,5600.0
B006681,C05081,2026-03-22,2026-04-04,Discovery Dive,1,4550.0,Cancelled,Weather,T00864,4,13,False,2025-26,4,2026-04,True,
B006682,C05082,2026-03-23,2026-04-04,Course,4,22150.0,Cancelled,Weather,T00864,6,12,False,2025-26,4,2026-04,True,
B006683,C05083,2026-03-23,2026-04-04,Fun Dive,1,3300.0,Cancelled,Weather,T00864,8,12,False,2025-26,4,2026-04,True,
B006684,C05084,2026-03-05,2026-04-04,Fun Dive,4,12300.0,Cancelled,Customer,T00864,9,30,False,2025-26,4,2026-04,True,
B006685,C03389,2026-02-21,2026-04-04,Course,4,25150.0,Completed,,T00864,10,42,False,2025-26,4,2026-04,True,25150.0
B006686,C05085,2026-03-26,2026-04-04,Fun Dive,2,6350.0,Completed,,T00864,11,9,False,2025-26,4,2026-04,True,6350.0
B006687,C05086,2026-03-28,2026-04-04,Fun Dive,4,14600.0,Cancelled,Weather,T00864,12,7,False,2025-26,4,2026-04,True,
B006688,C05087,2026-04-03,2026-04-05,Fun Dive,1,3050.0,Completed,,T00865,1,2,False,2025-26,4,2026-04,True,3050.0
B006689,C05088,2026-04-01,2026-04-05,Fun Dive,3,9150.0,No-show,,T00865,2,4,False,2025-26,4,2026-04,True,
B006690,C05089,2026-02-20,2026-04-05,Discovery Dive,1,4600.0,Completed,,T00865,3,44,False,2025-26,4,2026-04,True,4600.0
B006691,C05090,2026-03-16,2026-04-05,Discovery Dive,1,5350.0,Cancelled,Medical,T00865,4,20,False,2025-26,4,2026-04,True,
B006692,C05091,2026-03-28,2026-04-05,Discovery Dive,1,4250.0,Cancelled,Medical,T00865,5,8,False,2025-26,4,2026-04,True,
B006693,C05092,2026-03-27,2026-04-05,Discovery Dive,1,4500.0,Completed,,T00865,6,9,False,2025-26,4,2026-04,True,4500.0
B006694,C04478,2026-02-22,2026-04-05,Fun Dive,2,7150.0,Completed,,T00865,7,42,False,2025-26,4,2026-04,True,7150.0
B006695,C05093,2026-03-25,2026-04-05,Fun Dive,2,6900.0,Completed,,T00865,9,11,False,2025-26,4,2026-04,True,6900.0
B006696,C05094,2026-02-23,2026-04-06,Fun Dive,1,2900.0,Completed,,T00866,1,42,False,2025-26,4,2026-04,False,2900.0
B006697,C05095,2026-02-24,2026-04-06,Fun Dive,1,3400.0,Completed,,T00866,2,41,False,2025-26,4,2026-04,False,3400.0
B006698,C05096,2026-03-03,2026-04-06,Fun Dive,2,6600.0,Completed,,T00866,4,34,False,2025-26,4,2026-04,False,6600.0
B006699,C05097,2026-03-29,2026-04-06,Discovery Dive,1,4900.0,Completed,,T00866,5,8,False,2025-26,4,2026-04,False,4900.0
B006700,C01824,2026-02-20,2026-04-06,Fun Dive,4,14700.0,No-show,,T00866,7,45,False,2025-26,4,2026-04,False,
B006701,C04300,2026-04-03,2026-04-06,Course,5,23800.0,Completed,,T00866,8,3,False,2025-26,4,2026-04,False,23800.0
B006702,C05098,2026-04-03,2026-04-07,Fun Dive,3,11250.0,Completed,,T00867,1,4,False,2025-26,4,2026-04,False,11250.0
B006703,C05099,2026-02-21,2026-04-07,Fun Dive,4,14900.0,Cancelled,Weather,T00867,3,45,False,2025-26,4,2026-04,False,
B006704,C05100,2026-03-28,2026-04-07,Discovery Dive,1,4600.0,Cancelled,Weather,T00867,4,10,False,2025-26,4,2026-04,False,
B006705,C05101,2026-04-05,2026-04-07,Fun Dive,2,5750.0,Cancelled,Weather,T00867,5,2,False,2025-26,4,2026-04,False,
B006706,C05102,2026-02-21,2026-04-07,Course,4,26850.0,Cancelled,Weather,T00867,6,45,False,2025-26,4,2026-04,False,
B006707,C05103,2026-04-06,2026-04-07,Fun Dive,3,10550.0,Cancelled,Unknown,T00867,7,1,False,2025-26,4,2026-04,False,
B006708,C05104,2026-04-03,2026-04-07,Fun Dive,4,11850.0,Cancelled,Weather,T00867,8,4,False,2025-26,4,2026-04,False,
B006709,C05105,2026-03-13,2026-04-08,Fun Dive,3,10100.0,Cancelled,Weather,T00868,1,26,False,2025-26,4,2026-04,False,
B006710,C04877,2026-03-01,2026-04-08,Fun Dive,3,9900.0,Cancelled,Weather,T00868,2,38,False,2025-26,4,2026-04,False,
B006711,C05106,2026-02-27,2026-04-08,Course,5,21700.0,Cancelled,Weather,T00868,4,40,False,2025-26,4,2026-04,False,
B006712,C03495,2026-03-15,2026-04-08,Fun Dive,2,5850.0,Cancelled,Weather,T00868,5,24,False,2025-26,4,2026-04,False,
B006713,C05107,2026-02-25,2026-04-08,Discovery Dive,1,4650.0,Cancelled,Unknown,T00868,6,42,False,2025-26,4,2026-04,False,
B006714,C05108,2026-03-22,2026-04-08,Course,5,25600.0,Cancelled,Unknown,T00868,8,17,False,2025-26,4,2026-04,False,
B006715,C05109,2026-03-10,2026-04-08,Discovery Dive,1,4100.0,Cancelled,Weather,T00868,9,29,False,2025-26,4,2026-04,False,
B006716,C05110,2026-04-02,2026-04-08,Fun Dive,1,2750.0,Cancelled,Weather,T00868,10,6,False,2025-26,4,2026-04,False,
B006717,C05111,2026-04-08,2026-04-09,Discovery Dive,1,4200.0,Completed,,T00869,2,1,False,2025-26,4,2026-04,False,4200.0
B006718,C05112,2026-03-30,2026-04-09,Fun Dive,2,6100.0,Completed,,T00869,3,10,False,2025-26,4,2026-04,False,6100.0
B006719,C04478,2026-03-27,2026-04-09,Course,5,25900.0,Completed,,T00869,4,13,False,2025-26,4,2026-04,False,25900.0
B006720,C05113,2026-04-08,2026-04-09,Fun Dive,2,7350.0,No-show,,T00869,5,1,False,2025-26,4,2026-04,False,
B006721,C05114,2026-03-17,2026-04-09,Fun Dive,2,6300.0,Completed,,T00869,6,23,False,2025-26,4,2026-04,False,6300.0
B006722,C05074,2026-03-04,2026-04-09,Course,5,24600.0,Cancelled,Customer,T00869,7,36,False,2025-26,4,2026-04,False,
B006723,C04384,2026-03-22,2026-04-09,Fun Dive,4,13950.0,Completed,,T00869,8,18,False,2025-26,4,2026-04,False,13950.0
B006724,C00839,2026-03-10,2026-04-09,Discovery Dive,1,5000.0,Completed,,T00869,11,30,False,2025-26,4,2026-04,False,5000.0
B006725,C05115,2026-03-07,2026-04-09,Fun Dive,2,7500.0,Completed,,T00869,12,33,False,2025-26,4,2026-04,False,7500.0
B006726,C05116,2026-04-09,2026-04-10,Discovery Dive,1,4500.0,Cancelled,Unknown,T00870,1,1,False,2025-26,4,2026-04,False,
B006727,C05117,2026-04-10,2026-04-10,Fun Dive,2,7150.0,Completed,,T00870,2,0,False,2025-26,4,2026-04,False,7150.0
B006728,C05118,2026-03-22,2026-04-10,Fun Dive,1,2900.0,Cancelled,Unknown,T00870,3,19,False,2025-26,4,2026-04,False,
B006729,C05119,2026-03-12,2026-04-10,Fun Dive,1,3300.0,Completed,,T00870,4,29,False,2025-26,4,2026-04,False,3300.0
B006730,C04786,2026-03-17,2026-04-10,Fun Dive,2,6950.0,Completed,,T00870,5,24,False,2025-26,4,2026-04,False,6950.0
B006731,C05120,2026-04-10,2026-04-10,Discovery Dive,1,5200.0,Completed,,T00870,6,0,False,2025-26,4,2026-04,False,5200.0
B006732,C05121,2026-03-24,2026-04-10,Course,4,20150.0,Completed,,T00870,7,17,False,2025-26,4,2026-04,False,20150.0
B006733,C05122,2026-02-27,2026-04-10,Discovery Dive,1,5400.0,Completed,,T00870,8,42,False,2025-26,4,2026-04,False,5400.0
B006734,C05123,2026-03-31,2026-04-10,Course,5,27550.0,Completed,,T00870,11,10,False,2025-26,4,2026-04,False,27550.0
B006735,C05124,2026-04-09,2026-04-10,Fun Dive,3,8450.0,Completed,,T00870,12,1,False,2025-26,4,2026-04,False,8450.0
B006736,C05125,2026-03-04,2026-04-11,Fun Dive,2,7500.0,Completed,,T00871,1,38,False,2025-26,4,2026-04,True,7500.0
B006737,C05126,2026-04-10,2026-04-11,Discovery Dive,2,10050.0,Completed,,T00871,2,1,False,2025-26,4,2026-04,True,10050.0
B006738,C04069,2026-03-20,2026-04-11,Fun Dive,1,3750.0,Completed,,T00871,5,22,False,2025-26,4,2026-04,True,3750.0
B006739,C05127,2026-04-01,2026-04-11,Discovery Dive,1,5200.0,Completed,,T00871,6,10,False,2025-26,4,2026-04,True,5200.0
B006740,C05128,2026-03-19,2026-04-11,Discovery Dive,1,4050.0,Completed,,T00871,7,23,False,2025-26,4,2026-04,True,4050.0
B006741,C05129,2026-03-05,2026-04-11,Discovery Dive,1,5100.0,Completed,,T00871,9,37,False,2025-26,4,2026-04,True,5100.0
B006742,C04861,2026-03-13,2026-04-11,Fun Dive,3,8850.0,Cancelled,Customer,T00871,10,29,False,2025-26,4,2026-04,True,
B006743,C05130,2026-03-06,2026-04-12,Discovery Dive,1,4400.0,Completed,,T00872,1,37,False,2025-26,4,2026-04,True,4400.0
B006745,C05132,2026-03-18,2026-04-12,Discovery Dive,1,5550.0,Completed,,T00872,3,25,False,2025-26,4,2026-04,True,5550.0
B006746,C02558,2026-03-26,2026-04-12,Fun Dive,1,3700.0,Completed,,T00872,4,17,False,2025-26,4,2026-04,True,3700.0
B006747,C05133,2026-03-08,2026-04-12,Fun Dive,2,6900.0,Completed,,T00872,5,35,False,2025-26,4,2026-04,True,6900.0
B006748,C05134,2026-03-11,2026-04-12,Fun Dive,4,13900.0,Cancelled,Weather,T00872,6,32,False,2025-26,4,2026-04,True,
B006749,C05135,2026-03-15,2026-04-12,Fun Dive,1,3650.0,Completed,,T00872,7,28,False,2025-26,4,2026-04,True,3650.0
B006750,C05136,2026-03-01,2026-04-13,Course,4,24300.0,Completed,,T00873,1,43,False,2025-26,4,2026-04,False,24300.0
B006751,C04902,2026-03-02,2026-04-13,Fun Dive,1,2750.0,Completed,,T00873,2,42,False,2025-26,4,2026-04,False,2750.0
B006752,C05137,2026-03-14,2026-04-13,Fun Dive,2,7400.0,Completed,,T00873,3,30,False,2025-26,4,2026-04,False,7400.0
B006753,C05138,2026-03-27,2026-04-13,Fun Dive,1,3150.0,Cancelled,Weather,T00873,4,17,False,2025-26,4,2026-04,False,
B006754,C05139,2026-04-07,2026-04-13,Course,5,20200.0,Completed,,T00873,6,6,False,2025-26,4,2026-04,False,20200.0
B006755,C02452,2026-03-29,2026-04-13,Fun Dive,2,6150.0,Completed,,T00873,8,15,False,2025-26,4,2026-04,False,6150.0
B006756,C05140,2026-03-17,2026-04-13,Discovery Dive,1,5300.0,Completed,,T00873,9,27,False,2025-26,4,2026-04,False,5300.0
B006757,C05141,2026-03-29,2026-04-14,Discovery Dive,1,5100.0,Completed,,T00874,1,16,False,2025-26,4,2026-04,False,5100.0
B006758,C05142,2026-03-06,2026-04-14,Fun Dive,2,7050.0,Completed,,T00874,2,39,False,2025-26,4,2026-04,False,7050.0
B006759,C05143,2026-03-06,2026-04-14,Fun Dive,3,9050.0,Completed,,T00874,4,39,False,2025-26,4,2026-04,False,9050.0
B006760,C05144,2026-03-08,2026-04-14,Discovery Dive,1,4800.0,Completed,,T00874,5,37,False,2025-26,4,2026-04,False,4800.0
B006761,C05145,2026-03-12,2026-04-14,Fun Dive,1,3150.0,Completed,,T00874,7,33,False,2025-26,4,2026-04,False,3150.0
B006762,C05146,2026-03-24,2026-04-14,Fun Dive,2,6250.0,Cancelled,Medical,T00874,8,21,False,2025-26,4,2026-04,False,
B006763,C05147,2026-03-27,2026-04-14,Course,4,24300.0,Completed,,T00874,9,18,False,2025-26,4,2026-04,False,24300.0
B006764,C05148,2026-03-01,2026-04-14,Fun Dive,4,13450.0,Completed,,T00874,11,44,False,2025-26,4,2026-04,False,13450.0
B006765,C05149,2026-03-18,2026-04-15,Discovery Dive,1,4500.0,Cancelled,Weather,T00875,1,28,False,2025-26,4,2026-04,False,
B006766,C05150,2026-03-11,2026-04-15,Fun Dive,2,7500.0,Cancelled,Weather,T00875,4,35,False,2025-26,4,2026-04,False,
B006767,C05151,2026-03-06,2026-04-15,Fun Dive,2,5500.0,Cancelled,Weather,T00875,5,40,False,2025-26,4,2026-04,False,
B006768,C05152,2026-03-06,2026-04-15,Discovery Dive,1,4600.0,Cancelled,Weather,T00875,6,40,False,2025-26,4,2026-04,False,
B006769,C05153,2026-03-06,2026-04-15,Fun Dive,2,6950.0,Completed,,T00875,7,40,False,2025-26,4,2026-04,False,6950.0
B006770,C05154,2026-03-08,2026-04-15,Discovery Dive,1,4700.0,Cancelled,Unknown,T00875,8,38,False,2025-26,4,2026-04,False,
B006771,C02534,2026-03-27,2026-04-15,Fun Dive,4,13200.0,Completed,,T00875,10,19,False,2025-26,4,2026-04,False,13200.0
B006772,C05155,2026-03-12,2026-04-15,Discovery Dive,2,10000.0,Completed,,T00875,11,34,False,2025-26,4,2026-04,False,10000.0
B006773,C05156,2026-03-25,2026-04-15,Discovery Dive,1,5250.0,Cancelled,Weather,T00875,12,21,False,2025-26,4,2026-04,False,
B006774,C05157,2026-03-13,2026-04-16,Fun Dive,2,,Cancelled,Weather,T00876,1,34,True,2025-26,4,2026-04,False,
B006775,C05158,2026-03-02,2026-04-16,Fun Dive,2,7400.0,Cancelled,Weather,T00876,3,45,False,2025-26,4,2026-04,False,
B006776,C05159,2026-03-02,2026-04-16,Fun Dive,3,10500.0,Cancelled,Weather,T00876,4,45,False,2025-26,4,2026-04,False,
B006777,C05119,2026-03-29,2026-04-16,Fun Dive,1,3200.0,Cancelled,Weather,T00876,5,18,False,2025-26,4,2026-04,False,
B006778,C05160,2026-04-07,2026-04-16,Discovery Dive,1,4850.0,Completed,,T00876,6,9,False,2025-26,4,2026-04,False,4850.0
B006779,C05161,2026-03-24,2026-04-16,Discovery Dive,1,4200.0,Cancelled,Weather,T00876,7,23,False,2025-26,4,2026-04,False,
B006780,C05162,2026-04-01,2026-04-16,Discovery Dive,1,5200.0,Cancelled,Weather,T00876,8,15,False,2025-26,4,2026-04,False,
B006781,C05163,2026-03-09,2026-04-17,Discovery Dive,1,4900.0,Completed,,T00877,1,39,False,2025-26,4,2026-04,False,4900.0
B006782,C05164,2026-04-07,2026-04-17,Fun Dive,1,3250.0,Cancelled,Unknown,T00877,2,10,False,2025-26,4,2026-04,False,
B006783,C05165,2026-04-13,2026-04-17,Fun Dive,3,10300.0,Cancelled,Weather,T00877,3,4,False,2025-26,4,2026-04,False,
B006784,C02029,2026-03-18,2026-04-17,Course,5,23600.0,Completed,,T00877,6,30,False,2025-26,4,2026-04,False,23600.0
B006785,C05166,2026-03-18,2026-04-17,Fun Dive,1,3600.0,Cancelled,Unknown,T00877,7,30,False,2025-26,4,2026-04,False,
B006786,C05167,2026-04-15,2026-04-17,Course,4,22300.0,Cancelled,Weather,T00877,8,2,False,2025-26,4,2026-04,False,
B006787,C05168,2026-04-07,2026-04-17,Course,5,19950.0,Cancelled,Medical,T00877,10,10,False,2025-26,4,2026-04,False,
B006788,C05169,2026-03-15,2026-04-17,Fun Dive,4,12950.0,Completed,,T00877,11,33,False,2025-26,4,2026-04,False,12950.0
B006789,C05170,2026-03-03,2026-04-17,Discovery Dive,1,3950.0,Cancelled,Weather,T00877,12,45,False,2025-26,4,2026-04,False,
B006790,C05171,2026-04-06,2026-04-18,Course,4,25950.0,Cancelled,Weather,T00878,1,12,False,2025-26,4,2026-04,True,
B006791,C05172,2026-03-13,2026-04-18,Discovery Dive,1,5350.0,Completed,,T00878,2,36,False,2025-26,4,2026-04,True,5350.0
B006792,C05173,2026-04-15,2026-04-18,Fun Dive,2,6200.0,No-show,,T00878,3,3,False,2025-26,4,2026-04,True,
B006793,C05174,2026-03-27,2026-04-18,Discovery Dive,1,4550.0,Cancelled,Unknown,T00878,4,22,False,2025-26,4,2026-04,True,
B006794,C05175,2026-04-15,2026-04-18,Fun Dive,3,10050.0,Cancelled,Weather,T00878,5,3,False,2025-26,4,2026-04,True,
B006795,C05176,2026-04-18,2026-04-18,Fun Dive,1,3450.0,Cancelled,Weather,T00878,7,0,False,2025-26,4,2026-04,True,
B006796,C05177,2026-03-19,2026-04-18,Fun Dive,1,3100.0,Cancelled,Weather,T00878,8,30,False,2025-26,4,2026-04,True,
B006797,C05178,2026-03-25,2026-04-19,Discovery Dive,1,4900.0,Cancelled,Customer,T00879,2,25,False,2025-26,4,2026-04,True,
B006798,C05179,2026-04-05,2026-04-19,Fun Dive,3,8300.0,Completed,,T00879,3,14,False,2025-26,4,2026-04,True,8300.0
B006799,C05180,2026-04-06,2026-04-19,Fun Dive,3,11000.0,Completed,,T00879,4,13,False,2025-26,4,2026-04,True,11000.0
B006800,C05181,2026-03-10,2026-04-19,Fun Dive,1,3700.0,Cancelled,Customer,T00879,5,40,False,2025-26,4,2026-04,True,
B006801,C05182,2026-03-08,2026-04-19,Fun Dive,2,6650.0,Completed,,T00879,7,42,False,2025-26,4,2026-04,True,6650.0
B006802,C03623,2026-04-05,2026-04-19,Discovery Dive,1,5150.0,Cancelled,Medical,T00879,9,14,False,2025-26,4,2026-04,True,
B006803,C05183,2026-03-18,2026-04-19,Fun Dive,1,2900.0,Completed,,T00879,10,32,False,2025-26,4,2026-04,True,2900.0
B006804,C05184,2026-03-16,2026-04-20,Discovery Dive,1,4050.0,Cancelled,Customer,T00880,1,35,False,2025-26,4,2026-04,False,
B006805,C05185,2026-03-11,2026-04-20,Discovery Dive,1,4700.0,Completed,,T00880,3,40,False,2025-26,4,2026-04,False,4700.0
B006806,C04438,2026-03-12,2026-04-20,Course,4,20050.0,Completed,,T00880,4,39,False,2025-26,4,2026-04,False,20050.0
B006807,C05186,2026-04-05,2026-04-20,Course,4,20150.0,Completed,,T00880,5,15,False,2025-26,4,2026-04,False,20150.0
B006808,C05187,2026-03-29,2026-04-20,Fun Dive,3,8900.0,Completed,,T00880,6,22,False,2025-26,4,2026-04,False,8900.0
B006809,C05188,2026-04-03,2026-04-20,Discovery Dive,1,4350.0,Cancelled,Weather,T00880,7,17,False,2025-26,4,2026-04,False,
B006810,C05189,2026-03-14,2026-04-20,Discovery Dive,1,4100.0,Completed,,T00880,8,37,False,2025-26,4,2026-04,False,4100.0
B006811,C04804,2026-03-10,2026-04-20,Fun Dive,3,11000.0,Completed,,T00880,9,41,False,2025-26,4,2026-04,False,11000.0
B006812,C05190,2026-03-07,2026-04-20,Fun Dive,2,7000.0,Completed,,T00880,11,44,False,2025-26,4,2026-04,False,7000.0
B006813,C04885,2026-04-18,2026-04-21,Discovery Dive,1,4100.0,Completed,,T00881,1,3,False,2025-26,4,2026-04,False,4100.0
B006814,C05191,2026-03-27,2026-04-21,Fun Dive,4,12450.0,Cancelled,Customer,T00881,2,25,False,2025-26,4,2026-04,False,
B006815,C05192,2026-03-12,2026-04-21,Discovery Dive,1,5450.0,Completed,,T00881,3,40,False,2025-26,4,2026-04,False,5450.0
B006816,C02667,2026-03-09,2026-04-21,Fun Dive,1,3700.0,Cancelled,Customer,T00881,4,43,False,2025-26,4,2026-04,False,
B006817,C05193,2026-04-08,2026-04-21,Discovery Dive,2,9900.0,Completed,,T00881,5,13,False,2025-26,4,2026-04,False,9900.0
B006818,C05194,2026-03-12,2026-04-21,Fun Dive,4,12100.0,Completed,,T00881,6,40,False,2025-26,4,2026-04,False,12100.0
B006819,C05195,2026-04-10,2026-04-21,Fun Dive,3,11400.0,Cancelled,Customer,T00881,7,11,False,2025-26,4,2026-04,False,
B006820,C05196,2026-04-04,2026-04-21,Fun Dive,4,12650.0,Cancelled,Weather,T00881,10,17,False,2025-26,4,2026-04,False,
B006821,C05197,2026-03-24,2026-04-21,Fun Dive,1,3600.0,Cancelled,Weather,T00881,11,28,False,2025-26,4,2026-04,False,
B006822,C05198,2026-04-19,2026-04-22,Fun Dive,1,3400.0,Cancelled,Unknown,T00882,2,3,False,2025-26,4,2026-04,False,
B006823,C05199,2026-03-17,2026-04-22,Discovery Dive,1,4950.0,Completed,,T00882,3,36,False,2025-26,4,2026-04,False,4950.0
B006824,C05200,2026-03-26,2026-04-22,Fun Dive,3,10150.0,Completed,,T00882,4,27,False,2025-26,4,2026-04,False,10150.0
B006825,C05201,2026-03-26,2026-04-22,Course,4,27150.0,Completed,,T00882,5,27,False,2025-26,4,2026-04,False,27150.0
B006826,C05202,2026-04-20,2026-04-22,Discovery Dive,1,5150.0,No-show,,T00882,6,2,False,2025-26,4,2026-04,False,
B006827,C05203,2026-04-10,2026-04-22,Discovery Dive,1,5350.0,Completed,,T00882,7,12,False,2025-26,4,2026-04,False,5350.0
B006828,C02367,2026-03-30,2026-04-22,Course,4,19900.0,Cancelled,Customer,T00882,8,23,False,2025-26,4,2026-04,False,
B006829,C05182,2026-03-09,2026-04-23,Fun Dive,2,6750.0,Completed,,T00883,1,45,False,2025-26,4,2026-04,False,6750.0
B006830,C05204,2026-03-15,2026-04-23,Discovery Dive,1,5000.0,Completed,,T00883,2,39,False,2025-26,4,2026-04,False,5000.0
B006831,C05205,2026-03-25,2026-04-23,Fun Dive,1,3400.0,Completed,,T00883,3,29,False,2025-26,4,2026-04,False,3400.0
B006832,C05206,2026-04-14,2026-04-23,Fun Dive,1,3650.0,Completed,,T00883,4,9,False,2025-26,4,2026-04,False,3650.0
B006833,C05207,2026-04-17,2026-04-23,Discovery Dive,1,5250.0,Completed,,T00883,5,6,False,2025-26,4,2026-04,False,5250.0
B006834,C05208,2026-03-11,2026-04-23,Course,4,24350.0,Completed,,T00883,6,43,False,2025-26,4,2026-04,False,24350.0
B006835,C05209,2026-04-01,2026-04-23,Discovery Dive,1,5300.0,Completed,,T00883,7,22,False,2025-26,4,2026-04,False,5300.0
B006836,C05210,2026-03-12,2026-04-23,Discovery Dive,1,4750.0,Completed,,T00883,9,42,False,2025-26,4,2026-04,False,4750.0
B006837,C05211,2026-03-13,2026-04-23,Course,4,24900.0,Completed,,T00883,10,41,False,2025-26,4,2026-04,False,24900.0
B006838,C05133,2026-03-20,2026-04-23,Fun Dive,3,10100.0,Completed,,T00883,11,34,False,2025-26,4,2026-04,False,10100.0
B006839,C03196,2026-03-20,2026-04-23,Fun Dive,4,14900.0,Completed,,T00883,12,34,False,2025-26,4,2026-04,False,14900.0
B006840,C05212,2026-03-31,2026-04-24,Discovery Dive,1,4900.0,Completed,,T00884,1,24,False,2025-26,4,2026-04,False,4900.0
B006841,C05213,2026-04-18,2026-04-24,Fun Dive,3,10300.0,Completed,,T00884,3,6,False,2025-26,4,2026-04,False,10300.0
B006842,C05214,2026-03-26,2026-04-24,Fun Dive,1,3500.0,Completed,,T00884,5,29,False,2025-26,4,2026-04,False,3500.0
B006843,C05215,2026-04-16,2026-04-24,Fun Dive,2,7050.0,Completed,,T00884,6,8,False,2025-26,4,2026-04,False,7050.0
B006844,C05216,2026-03-14,2026-04-24,Discovery Dive,1,4800.0,Completed,,T00884,7,41,False,2025-26,4,2026-04,False,4800.0
B006845,C05217,2026-04-07,2026-04-24,Fun Dive,1,2800.0,Completed,,T00884,8,17,False,2025-26,4,2026-04,False,2800.0
B006846,C04651,2026-04-02,2026-04-24,Course,5,22150.0,Completed,,T00884,9,22,False,2025-26,4,2026-04,False,22150.0
B006847,C05218,2026-04-18,2026-04-24,Fun Dive,2,6050.0,Cancelled,Unknown,T00884,10,6,False,2025-26,4,2026-04,False,
B006848,C05219,2026-03-26,2026-04-24,Fun Dive,2,6750.0,Completed,,T00884,11,29,False,2025-26,4,2026-04,False,6750.0
B006849,C05220,2026-03-30,2026-04-25,Fun Dive,3,11200.0,Completed,,T00885,1,26,False,2025-26,4,2026-04,True,11200.0
B006850,C05221,2026-03-14,2026-04-25,Fun Dive,1,3550.0,Cancelled,Unknown,T00885,2,42,False,2025-26,4,2026-04,True,
B006851,C05222,2026-04-22,2026-04-25,Fun Dive,2,7550.0,Completed,,T00885,3,3,False,2025-26,4,2026-04,True,7550.0
B006852,C05207,2026-04-16,2026-04-25,Fun Dive,3,10800.0,Completed,,T00885,4,9,False,2025-26,4,2026-04,True,10800.0
B006853,C05223,2026-03-23,2026-04-25,Course,4,22500.0,Cancelled,Customer,T00885,5,33,False,2025-26,4,2026-04,True,
B006854,C05224,2026-03-28,2026-04-25,Course,4,20700.0,Completed,,T00885,6,28,False,2025-26,4,2026-04,True,20700.0
B006855,C05093,2026-04-22,2026-04-25,Fun Dive,2,7750.0,Completed,,T00885,8,3,False,2025-26,4,2026-04,True,7750.0
B006856,C05225,2026-04-05,2026-04-25,Fun Dive,2,6250.0,No-show,,T00886,1,20,False,2025-26,4,2026-04,True,
B006857,C05226,2026-04-25,2026-04-25,Course,4,22550.0,Completed,,T00886,2,0,False,2025-26,4,2026-04,True,22550.0
B006858,C05227,2026-04-15,2026-04-25,Discovery Dive,1,4900.0,Completed,,T00886,4,10,False,2025-26,4,2026-04,True,4900.0
B006859,C05228,2026-04-18,2026-04-25,Discovery Dive,1,5350.0,No-show,,T00886,6,7,False,2025-26,4,2026-04,True,
B006860,C05229,2026-03-20,2026-04-25,Discovery Dive,1,4950.0,Completed,,T00886,7,36,False,2025-26,4,2026-04,True,4950.0
B006861,C05230,2026-04-04,2026-04-25,Fun Dive,1,3300.0,No-show,,T00886,8,21,False,2025-26,4,2026-04,True,
B006862,C05231,2026-04-25,2026-04-25,Discovery Dive,1,5250.0,No-show,,T00886,9,0,False,2025-26,4,2026-04,True,
B006863,C05232,2026-03-19,2026-04-25,Discovery Dive,1,4800.0,Completed,,T00886,10,37,False,2025-26,4,2026-04,True,4800.0
B006864,C05233,2026-04-01,2026-04-25,Fun Dive,1,2850.0,Cancelled,Unknown,T00886,11,24,False,2025-26,4,2026-04,True,
B006865,C05234,2026-03-27,2026-04-26,Discovery Dive,1,4200.0,Completed,,T00887,1,30,False,2025-26,4,2026-04,True,4200.0
B006867,C04965,2026-03-26,2026-04-26,Discovery Dive,1,4900.0,Completed,,T00887,4,31,False,2025-26,4,2026-04,True,4900.0
B006868,C05236,2026-03-24,2026-04-26,Fun Dive,1,3650.0,Completed,,T00887,5,33,False,2025-26,4,2026-04,True,3650.0
B006869,C05237,2026-03-28,2026-04-26,Fun Dive,1,3500.0,Completed,,T00887,6,29,False,2025-26,4,2026-04,True,3500.0
B006870,C05238,2026-04-08,2026-04-26,Discovery Dive,1,4150.0,Cancelled,Medical,T00887,7,18,False,2025-26,4,2026-04,True,
B006871,C05239,2026-03-30,2026-04-26,Discovery Dive,1,4850.0,Completed,,T00887,8,27,False,2025-26,4,2026-04,True,4850.0
B006872,C05240,2026-04-03,2026-04-27,Fun Dive,2,5950.0,Cancelled,Unknown,T00888,1,24,False,2025-26,4,2026-04,False,
B006873,C05241,2026-03-30,2026-04-27,Fun Dive,3,10000.0,Completed,,T00888,2,28,False,2025-26,4,2026-04,False,10000.0
B006874,C05242,2026-03-16,2026-04-27,Fun Dive,1,2850.0,Completed,,T00888,3,42,False,2025-26,4,2026-04,False,2850.0
B006875,C05243,2026-04-01,2026-04-27,Discovery Dive,1,4450.0,Completed,,T00888,5,26,False,2025-26,4,2026-04,False,4450.0
B006876,C05244,2026-03-25,2026-04-27,Course,4,24400.0,Completed,,T00888,6,33,False,2025-26,4,2026-04,False,24400.0
B006877,C05245,2026-04-17,2026-04-27,Fun Dive,3,9800.0,Completed,,T00888,7,10,False,2025-26,4,2026-04,False,9800.0
B006878,C01887,2026-04-25,2026-04-27,Course,4,21900.0,Cancelled,Medical,T00888,8,2,False,2025-26,4,2026-04,False,
B006879,C05246,2026-04-20,2026-04-27,Discovery Dive,1,4800.0,Completed,,T00888,9,7,False,2025-26,4,2026-04,False,4800.0
B006880,C05247,2026-03-29,2026-04-28,Discovery Dive,1,4000.0,Completed,,T00889,2,30,False,2025-26,4,2026-04,False,4000.0
B006881,C05248,2026-04-08,2026-04-28,Fun Dive,2,7250.0,Completed,,T00889,3,20,False,2025-26,4,2026-04,False,7250.0
B006882,C00999,2026-04-10,2026-04-28,Discovery Dive,1,4900.0,No-show,,T00889,4,18,False,2025-26,4,2026-04,False,
B006883,C05249,2026-04-12,2026-04-28,Fun Dive,2,6350.0,Completed,,T00889,5,16,False,2025-26,4,2026-04,False,6350.0
B006884,C05250,2026-04-23,2026-04-28,Discovery Dive,1,5000.0,Completed,,T00889,6,5,False,2025-26,4,2026-04,False,5000.0
B006885,C05058,2026-03-30,2026-04-28,Fun Dive,3,11100.0,Completed,,T00889,8,29,False,2025-26,4,2026-04,False,11100.0
B006886,C05251,2026-04-01,2026-04-28,Fun Dive,2,6650.0,Cancelled,Customer,T00889,9,27,False,2025-26,4,2026-04,False,
B006887,C05252,2026-04-20,2026-04-29,Fun Dive,3,10250.0,Completed,,T00890,1,9,False,2025-26,4,2026-04,False,10250.0
B006888,C05253,2026-03-17,2026-04-29,Fun Dive,4,14350.0,Completed,,T00890,2,43,False,2025-26,4,2026-04,False,14350.0
B006889,C04651,2026-04-10,2026-04-29,Fun Dive,4,11750.0,Completed,,T00890,3,19,False,2025-26,4,2026-04,False,11750.0
B006890,C05254,2026-03-15,2026-04-29,Course,5,25750.0,Cancelled,Customer,T00890,5,45,False,2025-26,4,2026-04,False,
B006891,C05255,2026-03-31,2026-04-29,Course,5,25300.0,Completed,,T00890,6,29,False,2025-26,4,2026-04,False,25300.0
B006892,C05256,2026-03-28,2026-04-29,Discovery Dive,1,4700.0,No-show,,T00890,7,32,False,2025-26,4,2026-04,False,
B006893,C05257,2026-03-21,2026-04-29,Discovery Dive,2,8300.0,Completed,,T00890,8,39,False,2025-26,4,2026-04,False,8300.0
B006894,C05258,2026-04-29,2026-04-29,Discovery Dive,1,5250.0,Completed,,T00890,9,0,False,2025-26,4,2026-04,False,5250.0
B006895,C05259,2026-03-19,2026-04-29,Fun Dive,2,6650.0,Completed,,T00890,10,41,False,2025-26,4,2026-04,False,6650.0
B006896,C05260,2026-04-05,2026-04-30,Discovery Dive,1,4150.0,Completed,,T00891,1,25,False,2025-26,4,2026-04,False,4150.0
B006897,C05261,2026-03-18,2026-04-30,Fun Dive,2,6350.0,Completed,,T00891,2,43,False,2025-26,4,2026-04,False,6350.0
B006898,C05262,2026-03-30,2026-04-30,Fun Dive,1,3250.0,Completed,,T00891,3,31,False,2025-26,4,2026-04,False,3250.0
B006899,C05263,2026-04-22,2026-04-30,Fun Dive,1,3300.0,Cancelled,Customer,T00891,4,8,False,2025-26,4,2026-04,False,
B006900,C03279,2026-03-23,2026-04-30,Fun Dive,1,2850.0,Completed,,T00891,6,38,False,2025-26,4,2026-04,False,2850.0
B006901,C05264,2026-04-10,2026-04-30,Fun Dive,4,13600.0,Completed,,T00891,7,20,False,2025-26,4,2026-04,False,13600.0
B006902,C05265,2026-04-02,2026-04-30,Fun Dive,1,2800.0,Cancelled,Customer,T00891,8,28,False,2025-26,4,2026-04,False,
B006903,C05266,2026-04-19,2026-04-30,Discovery Dive,1,4600.0,Cancelled,Weather,T00891,9,11,False,2025-26,4,2026-04,False,
B006904,C05267,2026-03-30,2026-05-01,Fun Dive,4,12850.0,Completed,,T00892,2,32,False,2025-26,5,2026-05,False,12850.0
B006905,C04546,2026-04-17,2026-05-01,Fun Dive,3,10850.0,No-show,,T00892,3,14,False,2025-26,5,2026-05,False,
B006906,C04744,2026-03-29,2026-05-01,Fun Dive,2,5750.0,Cancelled,Weather,T00892,4,33,False,2025-26,5,2026-05,False,
B006907,C05268,2026-04-16,2026-05-01,Discovery Dive,2,9600.0,Completed,,T00892,5,15,False,2025-26,5,2026-05,False,9600.0
B006908,C05269,2026-04-02,2026-05-01,Fun Dive,2,6850.0,No-show,,T00892,7,29,False,2025-26,5,2026-05,False,
B006909,C05270,2026-04-02,2026-05-01,Course,5,24050.0,Completed,,T00892,9,29,False,2025-26,5,2026-05,False,24050.0
B006910,C00093,2026-03-27,2026-05-01,Course,5,22100.0,Cancelled,Weather,T00892,10,35,False,2025-26,5,2026-05,False,
B006911,C05271,2026-03-19,2026-05-01,Discovery Dive,1,4300.0,Cancelled,Unknown,T00892,11,43,False,2025-26,5,2026-05,False,
B006912,C05272,2026-03-19,2026-05-01,Discovery Dive,1,4850.0,Cancelled,Customer,T00892,12,43,False,2025-26,5,2026-05,False,
B006913,C05273,2026-03-27,2026-05-02,Fun Dive,1,3000.0,No-show,,T00893,2,36,False,2025-26,5,2026-05,True,
B006914,C05274,2026-03-27,2026-05-02,Course,4,19900.0,No-show,,T00893,3,36,False,2025-26,5,2026-05,True,
B006915,C02707,2026-04-07,2026-05-02,Fun Dive,1,3400.0,Completed,,T00893,4,25,False,2025-26,5,2026-05,True,3400.0
B006916,C05275,2026-04-19,2026-05-02,Fun Dive,2,5650.0,Cancelled,Unknown,T00893,5,13,False,2025-26,5,2026-05,True,
B006917,C05276,2026-03-23,2026-05-02,Fun Dive,2,6300.0,No-show,,T00893,6,40,False,2025-26,5,2026-05,True,
B006918,C04528,2026-03-26,2026-05-02,Fun Dive,4,11200.0,Completed,,T00893,7,37,False,2025-26,5,2026-05,True,11200.0
B006919,C05277,2026-05-02,2026-05-02,Fun Dive,4,13000.0,Completed,,T00893,8,0,False,2025-26,5,2026-05,True,13000.0
B006920,C05278,2026-04-27,2026-05-02,Fun Dive,1,3700.0,Completed,,T00893,9,5,False,2025-26,5,2026-05,True,3700.0
B006921,C05279,2026-04-09,2026-05-02,Fun Dive,1,3100.0,Cancelled,Medical,T00893,10,23,False,2025-26,5,2026-05,True,
B006922,C05280,2026-03-22,2026-05-03,Discovery Dive,2,10850.0,Completed,,T00894,1,42,False,2025-26,5,2026-05,True,10850.0
B006923,C05281,2026-04-01,2026-05-03,Fun Dive,1,2850.0,No-show,,T00894,3,32,False,2025-26,5,2026-05,True,
B006924,C05282,2026-03-29,2026-05-03,Fun Dive,1,3400.0,Cancelled,Customer,T00894,4,35,False,2025-26,5,2026-05,True,
B006925,C05283,2026-04-05,2026-05-03,Fun Dive,4,12300.0,Cancelled,Weather,T00894,5,28,False,2025-26,5,2026-05,True,
B006926,C05243,2026-04-06,2026-05-03,Discovery Dive,1,4300.0,Completed,,T00894,6,27,False,2025-26,5,2026-05,True,4300.0
B006927,C04811,2026-04-12,2026-05-03,Fun Dive,2,6900.0,Completed,,T00894,7,21,False,2025-26,5,2026-05,True,6900.0
B006928,C05284,2026-03-26,2026-05-03,Fun Dive,1,3400.0,Completed,,T00894,8,38,False,2025-26,5,2026-05,True,3400.0
B006929,C05285,2026-03-26,2026-05-03,Course,4,24800.0,Completed,,T00894,9,38,False,2025-26,5,2026-05,True,24800.0
B006930,C05286,2026-04-07,2026-05-04,Fun Dive,1,2900.0,No-show,,T00895,1,27,False,2025-26,5,2026-05,False,
B006931,C05287,2026-04-09,2026-05-04,Fun Dive,1,3400.0,Cancelled,Unknown,T00895,4,25,False,2025-26,5,2026-05,False,
B006932,C05288,2026-03-24,2026-05-04,Discovery Dive,1,4750.0,Completed,,T00895,5,41,False,2025-26,5,2026-05,False,4750.0
B006933,C05289,2026-05-01,2026-05-04,Fun Dive,1,3550.0,Cancelled,Customer,T00895,6,3,False,2025-26,5,2026-05,False,
B006934,C05290,2026-04-02,2026-05-04,Fun Dive,1,2800.0,Cancelled,Customer,T00895,7,32,False,2025-26,5,2026-05,False,
B006935,C05291,2026-04-18,2026-05-04,Discovery Dive,1,5000.0,Completed,,T00895,8,16,False,2025-26,5,2026-05,False,5000.0
B006936,C05292,2026-04-08,2026-05-04,Discovery Dive,1,5250.0,Completed,,T00895,10,26,False,2025-26,5,2026-05,False,5250.0
B006937,C05293,2026-03-31,2026-05-05,Discovery Dive,1,4800.0,Completed,,T00896,1,35,False,2025-26,5,2026-05,False,4800.0
B006938,C05294,2026-03-22,2026-05-05,Fun Dive,1,3100.0,No-show,,T00896,3,44,False,2025-26,5,2026-05,False,
B006939,C05040,2026-04-07,2026-05-05,Fun Dive,1,3300.0,Completed,,T00896,4,28,False,2025-26,5,2026-05,False,3300.0
B006940,C05295,2026-03-28,2026-05-05,Discovery Dive,1,4650.0,Cancelled,Customer,T00896,5,38,False,2025-26,5,2026-05,False,
B006941,C05296,2026-04-20,2026-05-05,Fun Dive,2,6500.0,Completed,,T00896,6,15,False,2025-26,5,2026-05,False,6500.0
B006942,C05297,2026-04-09,2026-05-05,Discovery Dive,2,9750.0,Completed,,T00896,7,26,False,2025-26,5,2026-05,False,9750.0
B006943,C05298,2026-04-08,2026-05-06,Fun Dive,2,7200.0,Cancelled,Medical,T00897,2,28,False,2025-26,5,2026-05,False,
B006944,C05299,2026-04-12,2026-05-06,Fun Dive,4,12000.0,Completed,,T00897,3,24,False,2025-26,5,2026-05,False,12000.0
B006945,C05300,2026-04-27,2026-05-06,Discovery Dive,1,4300.0,Completed,,T00897,4,9,False,2025-26,5,2026-05,False,4300.0
B006946,C05301,2026-03-31,2026-05-06,Fun Dive,1,3850.0,No-show,,T00897,5,36,False,2025-26,5,2026-05,False,
B006947,C05302,2026-03-29,2026-05-06,Course,4,24300.0,Cancelled,Unknown,T00897,6,38,False,2025-26,5,2026-05,False,
B006948,C05303,2026-05-04,2026-05-06,Fun Dive,2,7100.0,Completed,,T00897,7,2,False,2025-26,5,2026-05,False,7100.0
B006949,C04724,2026-04-28,2026-05-06,Fun Dive,2,7000.0,Completed,,T00897,8,8,False,2025-26,5,2026-05,False,7000.0
B006950,C05304,2026-04-21,2026-05-06,Fun Dive,3,9700.0,Completed,,T00897,9,15,False,2025-26,5,2026-05,False,9700.0
B006951,C05305,2026-03-24,2026-05-06,Fun Dive,2,7200.0,Completed,,T00897,10,43,False,2025-26,5,2026-05,False,7200.0
B006952,C05306,2026-03-24,2026-05-07,Discovery Dive,1,4050.0,Completed,,T00898,1,44,False,2025-26,5,2026-05,False,4050.0
B006953,C05307,2026-04-06,2026-05-07,Fun Dive,2,6200.0,Completed,,T00898,2,31,False,2025-26,5,2026-05,False,6200.0
B006954,C05308,2026-03-31,2026-05-07,Discovery Dive,1,5250.0,Completed,,T00898,3,37,False,2025-26,5,2026-05,False,5250.0
B006955,C04532,2026-04-19,2026-05-07,Course,4,26650.0,Completed,,T00898,4,18,False,2025-26,5,2026-05,False,26650.0
B006956,C05309,2026-04-21,2026-05-07,Fun Dive,4,13550.0,Completed,,T00898,5,16,False,2025-26,5,2026-05,False,13550.0
B006957,C05310,2026-05-06,2026-05-07,Fun Dive,1,3400.0,Completed,,T00898,6,1,False,2025-26,5,2026-05,False,3400.0
B006958,C05311,2026-04-16,2026-05-07,Fun Dive,2,6900.0,No-show,,T00898,7,21,False,2025-26,5,2026-05,False,
B006959,C01036,2026-04-08,2026-05-07,Course,5,27400.0,Completed,,T00898,8,29,False,2025-26,5,2026-05,False,27400.0
B006960,C05312,2026-05-02,2026-05-07,Fun Dive,1,3450.0,No-show,,T00898,10,5,False,2025-26,5,2026-05,False,
B006961,C05313,2026-04-11,2026-05-07,Fun Dive,2,6350.0,Cancelled,Customer,T00898,11,26,False,2025-26,5,2026-05,False,
B006962,C05314,2026-04-28,2026-05-08,Discovery Dive,1,4850.0,Completed,,T00899,1,10,False,2025-26,5,2026-05,False,4850.0
B006963,C05135,2026-04-20,2026-05-08,Fun Dive,1,3400.0,Completed,,T00899,2,18,False,2025-26,5,2026-05,False,3400.0
B006964,C05315,2026-04-26,2026-05-08,Discovery Dive,1,4750.0,Completed,,T00899,3,12,False,2025-26,5,2026-05,False,4750.0
B006965,C05316,2026-03-31,2026-05-08,Fun Dive,1,3600.0,Completed,,T00899,4,38,False,2025-26,5,2026-05,False,3600.0
B006966,C05317,2026-05-07,2026-05-08,Fun Dive,2,6600.0,Completed,,T00899,6,1,False,2025-26,5,2026-05,False,6600.0
B006967,C05318,2026-04-30,2026-05-08,Fun Dive,1,3850.0,Cancelled,Medical,T00899,7,8,False,2025-26,5,2026-05,False,
B006968,C00393,2026-03-25,2026-05-08,Fun Dive,1,3700.0,Completed,,T00899,8,44,False,2025-26,5,2026-05,False,3700.0
B006969,C05319,2026-04-29,2026-05-08,Fun Dive,1,3350.0,Completed,,T00899,9,9,False,2025-26,5,2026-05,False,3350.0
B006970,C05320,2026-03-25,2026-05-09,Fun Dive,4,11250.0,Completed,,T00900,1,45,False,2025-26,5,2026-05,True,11250.0
B006971,C05321,2026-04-14,2026-05-09,Discovery Dive,1,4750.0,Completed,,T00900,3,25,False,2025-26,5,2026-05,True,4750.0
B006972,C05322,2026-03-27,2026-05-09,Fun Dive,1,3500.0,Completed,,T00900,4,43,False,2025-26,5,2026-05,True,3500.0
B006973,C05323,2026-04-21,2026-05-09,Discovery Dive,2,9800.0,Completed,,T00900,5,18,False,2025-26,5,2026-05,True,9800.0
B006974,C05324,2026-05-05,2026-05-09,Fun Dive,2,6350.0,Cancelled,Customer,T00900,6,4,False,2025-26,5,2026-05,True,
B006975,C05325,2026-05-01,2026-05-09,Fun Dive,3,10250.0,Completed,,T00900,7,8,False,2025-26,5,2026-05,True,10250.0
B006976,C05326,2026-05-05,2026-05-09,Discovery Dive,1,4950.0,Completed,,T00900,9,4,False,2025-26,5,2026-05,True,4950.0
B006977,C05327,2026-04-25,2026-05-10,Discovery Dive,1,5000.0,Cancelled,Customer,T00901,1,15,False,2025-26,5,2026-05,True,
B006978,C05328,2026-04-13,2026-05-10,Fun Dive,3,11200.0,Completed,,T00901,2,27,False,2025-26,5,2026-05,True,11200.0
B006979,C05329,2026-03-30,2026-05-10,Discovery Dive,1,4650.0,Completed,,T00901,3,41,False,2025-26,5,2026-05,True,4650.0
B006980,C05330,2026-04-25,2026-05-10,Discovery Dive,1,5600.0,Completed,,T00901,4,15,False,2025-26,5,2026-05,True,5600.0
B006981,C05331,2026-04-06,2026-05-10,Course,5,22200.0,Completed,,T00901,6,34,False,2025-26,5,2026-05,True,22200.0
B006982,C05332,2026-04-03,2026-05-10,Discovery Dive,1,4350.0,Cancelled,Customer,T00901,7,37,False,2025-26,5,2026-05,True,
B006983,C05333,2026-04-02,2026-05-10,Course,4,27950.0,Completed,,T00901,9,38,False,2025-26,5,2026-05,True,27950.0
B006984,C05334,2026-04-19,2026-05-11,Fun Dive,2,6150.0,Completed,,T00902,1,22,False,2025-26,5,2026-05,False,6150.0
B006985,C05335,2026-03-28,2026-05-11,Fun Dive,1,2800.0,Completed,,T00902,2,44,False,2025-26,5,2026-05,False,2800.0
B006986,C05336,2026-04-19,2026-05-11,Fun Dive,1,3400.0,Completed,,T00902,3,22,False,2025-26,5,2026-05,False,3400.0
B006987,C05337,2026-04-26,2026-05-11,Fun Dive,2,7550.0,Completed,,T00902,4,15,False,2025-26,5,2026-05,False,7550.0
B006988,C05338,2026-04-04,2026-05-11,Fun Dive,4,15050.0,Completed,,T00902,5,37,False,2025-26,5,2026-05,False,15050.0
B006989,C05339,2026-03-31,2026-05-11,Discovery Dive,1,4450.0,Cancelled,Customer,T00902,6,41,False,2025-26,5,2026-05,False,
B006990,C05340,2026-03-31,2026-05-11,Fun Dive,1,3300.0,Completed,,T00902,7,41,False,2025-26,5,2026-05,False,3300.0
B006991,C05341,2026-04-28,2026-05-12,Fun Dive,1,3850.0,Completed,,T00903,1,14,False,2025-26,5,2026-05,False,3850.0
B006992,C05342,2026-04-09,2026-05-12,Discovery Dive,1,5000.0,Completed,,T00903,3,33,False,2025-26,5,2026-05,False,5000.0
B006993,C05343,2026-04-13,2026-05-12,Course,4,21600.0,Completed,,T00903,4,29,False,2025-26,5,2026-05,False,21600.0
B006994,C05344,2026-04-27,2026-05-12,Fun Dive,2,6050.0,Cancelled,Unknown,T00903,5,15,False,2025-26,5,2026-05,False,
B006995,C05345,2026-04-15,2026-05-12,Course,5,28000.0,No-show,,T00903,6,27,False,2025-26,5,2026-05,False,
B006996,C05346,2026-05-08,2026-05-12,Fun Dive,1,3750.0,Cancelled,Weather,T00903,7,4,False,2025-26,5,2026-05,False,
B006997,C05347,2026-05-06,2026-05-12,Discovery Dive,1,4050.0,Cancelled,Unknown,T00903,8,6,False,2025-26,5,2026-05,False,
B006998,C05348,2026-04-09,2026-05-12,Fun Dive,3,9000.0,Cancelled,Customer,T00903,9,33,False,2025-26,5,2026-05,False,
B006999,C05349,2026-04-04,2026-05-12,Fun Dive,2,6700.0,Cancelled,Medical,T00903,10,38,False,2025-26,5,2026-05,False,
B007000,C05350,2026-04-11,2026-05-12,Fun Dive,1,3700.0,Completed,,T00903,11,31,False,2025-26,5,2026-05,False,3700.0
B007001,C05351,2026-05-09,2026-05-12,Fun Dive,2,5900.0,Completed,,T00903,12,3,False,2025-26,5,2026-05,False,5900.0
B007002,C05352,2026-04-08,2026-05-13,Discovery Dive,1,4950.0,Completed,,T00904,2,35,False,2025-26,5,2026-05,False,4950.0
B007003,C05353,2026-03-29,2026-05-13,Course,4,22950.0,Cancelled,Customer,T00904,3,45,False,2025-26,5,2026-05,False,
B007004,C05354,2026-05-06,2026-05-13,Discovery Dive,1,5000.0,Completed,,T00904,5,7,False,2025-26,5,2026-05,False,5000.0
B007005,C05355,2026-04-24,2026-05-13,Fun Dive,2,7400.0,Completed,,T00904,6,19,False,2025-26,5,2026-05,False,7400.0
B007006,C05356,2026-05-07,2026-05-13,Fun Dive,2,6050.0,No-show,,T00904,7,6,False,2025-26,5,2026-05,False,
B007007,C05357,2026-04-01,2026-05-13,Fun Dive,2,5950.0,Cancelled,Weather,T00904,8,42,False,2025-26,5,2026-05,False,
B007008,C05358,2026-04-23,2026-05-13,Discovery Dive,1,5250.0,Completed,,T00904,9,20,False,2025-26,5,2026-05,False,5250.0
B007009,C05359,2026-05-12,2026-05-13,Discovery Dive,1,5050.0,Completed,,T00904,10,1,False,2025-26,5,2026-05,False,5050.0
B007010,C05360,2026-04-05,2026-05-13,Fun Dive,4,12400.0,Completed,,T00904,11,38,False,2025-26,5,2026-05,False,12400.0
B007011,C05336,2026-03-31,2026-05-14,Fun Dive,1,3650.0,Completed,,T00905,1,44,False,2025-26,5,2026-05,False,3650.0
B007012,C05361,2026-04-14,2026-05-14,Fun Dive,3,10100.0,Completed,,T00905,2,30,False,2025-26,5,2026-05,False,10100.0
B007013,C05362,2026-04-15,2026-05-14,Course,4,20500.0,Completed,,T00905,3,29,False,2025-26,5,2026-05,False,20500.0
B007014,C05363,2026-05-04,2026-05-14,Discovery Dive,1,5000.0,Completed,,T00905,4,10,False,2025-26,5,2026-05,False,5000.0
B007015,C05364,2026-04-22,2026-05-14,Discovery Dive,2,10150.0,Completed,,T00905,6,22,False,2025-26,5,2026-05,False,10150.0
B007016,C05365,2026-05-14,2026-05-14,Fun Dive,2,5500.0,Completed,,T00905,7,0,False,2025-26,5,2026-05,False,5500.0
B007017,C05366,2026-04-04,2026-05-14,Discovery Dive,1,4400.0,Completed,,T00905,8,40,False,2025-26,5,2026-05,False,4400.0
B007018,C05367,2026-04-23,2026-05-14,Discovery Dive,1,5050.0,Completed,,T00905,9,21,False,2025-26,5,2026-05,False,5050.0
B007019,C05368,2026-05-11,2026-05-15,Discovery Dive,1,4050.0,Cancelled,Unknown,T00906,1,4,False,2025-26,5,2026-05,False,
B007020,C05369,2026-05-10,2026-05-15,Fun Dive,3,10550.0,Cancelled,Customer,T00906,2,5,False,2025-26,5,2026-05,False,
B007021,C05370,2026-04-11,2026-05-15,Fun Dive,2,7400.0,Cancelled,Unknown,T00906,4,34,False,2025-26,5,2026-05,False,
B007022,C05371,2026-04-09,2026-05-15,Fun Dive,2,6200.0,Cancelled,Weather,T00906,5,36,False,2025-26,5,2026-05,False,
B007023,C05372,2026-04-08,2026-05-15,Course,4,22950.0,Cancelled,Weather,T00906,6,37,False,2025-26,5,2026-05,False,
B007024,C05373,2026-04-26,2026-05-15,Fun Dive,3,10250.0,Cancelled,Weather,T00906,8,19,False,2025-26,5,2026-05,False,
B007025,C05374,2026-04-26,2026-05-15,Fun Dive,1,3450.0,Cancelled,Weather,T00906,9,19,False,2025-26,5,2026-05,False,
B007026,C05375,2026-04-21,2026-05-15,Fun Dive,2,6200.0,Completed,,T00906,10,24,False,2025-26,5,2026-05,False,6200.0
B007027,C05376,2026-05-05,2026-05-15,Discovery Dive,1,4550.0,Cancelled,Weather,T00906,11,10,False,2025-26,5,2026-05,False,
B007028,C05377,2026-05-06,2026-05-15,Fun Dive,2,7000.0,Cancelled,Unknown,T00906,12,9,False,2025-26,5,2026-05,False,
B007029,C05378,2026-04-01,2026-05-16,Discovery Dive,1,4500.0,Completed,,T00907,1,45,False,2025-26,5,2026-05,True,4500.0
B007030,C05379,2026-04-02,2026-05-16,Fun Dive,4,14100.0,Cancelled,Weather,T00907,2,44,False,2025-26,5,2026-05,True,
B007031,C04529,2026-04-08,2026-05-16,Fun Dive,2,7200.0,Cancelled,Weather,T00907,3,38,False,2025-26,5,2026-05,True,
B007032,C05380,2026-05-16,2026-05-16,Discovery Dive,1,4100.0,Cancelled,Weather,T00907,6,0,False,2025-26,5,2026-05,True,
B007033,C04813,2026-04-20,2026-05-16,Course,4,26450.0,Cancelled,Weather,T00907,8,26,False,2025-26,5,2026-05,True,
B007034,C05381,2026-05-15,2026-05-16,Fun Dive,3,10750.0,Cancelled,Weather,T00907,9,1,False,2025-26,5,2026-05,True,
B007035,C05382,2026-04-16,2026-05-16,Fun Dive,3,9050.0,Cancelled,Weather,T00907,10,30,False,2025-26,5,2026-05,True,
B007036,C05383,2026-05-09,2026-05-16,Discovery Dive,1,5150.0,Cancelled,Weather,T00907,11,7,False,2025-26,5,2026-05,True,
B007037,C05384,2026-05-03,2026-05-16,Course,5,24200.0,Completed,,T00907,12,13,False,2025-26,5,2026-05,True,24200.0
B007038,C05385,2026-05-12,2026-05-17,Fun Dive,1,3500.0,Cancelled,Weather,T00908,1,5,False,2025-26,5,2026-05,True,
B007039,C05386,2026-04-13,2026-05-17,Fun Dive,4,12750.0,Cancelled,Unknown,T00908,3,34,False,2025-26,5,2026-05,True,
B007040,C05387,2026-04-23,2026-05-17,Fun Dive,1,3700.0,Cancelled,Customer,T00908,4,24,False,2025-26,5,2026-05,True,
B007041,C05388,2026-05-07,2026-05-17,Fun Dive,3,10450.0,Cancelled,Weather,T00908,5,10,False,2025-26,5,2026-05,True,
B007042,C05389,2026-04-25,2026-05-17,Fun Dive,2,6900.0,Cancelled,Weather,T00908,7,22,False,2025-26,5,2026-05,True,
B007043,C05390,2026-05-08,2026-05-17,Fun Dive,3,8450.0,Completed,,T00908,8,9,False,2025-26,5,2026-05,True,8450.0
B007044,C04913,2026-05-04,2026-05-17,Fun Dive,1,3250.0,Cancelled,Weather,T00908,9,13,False,2025-26,5,2026-05,True,
B007045,C05231,2026-04-27,2026-05-17,Discovery Dive,1,5400.0,Cancelled,Weather,T00908,10,20,False,2025-26,5,2026-05,True,
B007046,C05391,2026-04-27,2026-05-17,Fun Dive,3,10050.0,Cancelled,Unknown,T00908,11,20,False,2025-26,5,2026-05,True,
B007047,C05392,2026-04-25,2026-05-17,Fun Dive,2,6000.0,Cancelled,Weather,T00908,12,22,False,2025-26,5,2026-05,True,
B007048,C05393,2026-05-02,2026-05-18,Fun Dive,2,7450.0,Completed,,T00909,1,16,False,2025-26,5,2026-05,False,7450.0
B007049,C05394,2026-04-24,2026-05-18,Discovery Dive,1,5400.0,Cancelled,Weather,T00909,2,24,False,2025-26,5,2026-05,False,
B007050,C05395,2026-04-23,2026-05-18,Course,4,26950.0,Completed,,T00909,3,25,False,2025-26,5,2026-05,False,26950.0
B007051,C05396,2026-04-21,2026-05-18,Fun Dive,2,6850.0,Completed,,T00909,5,27,False,2025-26,5,2026-05,False,6850.0
B007052,C05397,2026-04-10,2026-05-18,Fun Dive,2,7050.0,Completed,,T00909,6,38,False,2025-26,5,2026-05,False,7050.0
B007053,C05398,2026-04-16,2026-05-18,Discovery Dive,1,5450.0,Completed,,T00909,7,32,False,2025-26,5,2026-05,False,5450.0
B007054,C05399,2026-04-03,2026-05-18,Discovery Dive,1,4950.0,Completed,,T00909,8,45,False,2025-26,5,2026-05,False,4950.0
B007055,C04658,2026-04-11,2026-05-18,Fun Dive,4,14600.0,Completed,,T00909,9,37,False,2025-26,5,2026-05,False,14600.0
B007056,C05400,2026-05-09,2026-05-19,Fun Dive,4,14700.0,Completed,,T00910,1,10,False,2025-26,5,2026-05,False,14700.0
B007057,C05401,2026-04-04,2026-05-19,Discovery Dive,2,9750.0,Completed,,T00910,2,45,False,2025-26,5,2026-05,False,9750.0
B007058,C05402,2026-05-02,2026-05-19,Fun Dive,3,11500.0,Completed,,T00910,3,17,False,2025-26,5,2026-05,False,11500.0
B007059,C05403,2026-05-04,2026-05-19,Discovery Dive,1,4050.0,Cancelled,Unknown,T00910,4,15,False,2025-26,5,2026-05,False,
B007060,C05404,2026-04-19,2026-05-19,Course,5,25350.0,No-show,,T00910,5,30,False,2025-26,5,2026-05,False,
B007061,C05405,2026-04-08,2026-05-19,Fun Dive,2,6350.0,Completed,,T00910,7,41,False,2025-26,5,2026-05,False,6350.0
B007062,C05406,2026-04-07,2026-05-19,Fun Dive,2,5700.0,Completed,,T00910,8,42,False,2025-26,5,2026-05,False,5700.0
B007063,C05407,2026-05-17,2026-05-19,Discovery Dive,1,4750.0,Completed,,T00910,9,2,False,2025-26,5,2026-05,False,4750.0
B007064,C05408,2026-05-09,2026-05-19,Course,4,24250.0,Cancelled,Weather,T00910,11,10,False,2025-26,5,2026-05,False,
B007065,C04678,2026-04-27,2026-05-19,Discovery Dive,1,4350.0,Completed,,T00910,12,22,False,2025-26,5,2026-05,False,4350.0
B007066,C05388,2026-05-06,2026-05-20,Course,4,26500.0,No-show,,T00911,1,14,False,2025-26,5,2026-05,False,
B007067,C05409,2026-04-08,2026-05-20,Fun Dive,4,13850.0,Completed,,T00911,2,42,False,2025-26,5,2026-05,False,13850.0
B007068,C05410,2026-04-11,2026-05-20,Fun Dive,2,6100.0,Completed,,T00911,3,39,False,2025-26,5,2026-05,False,6100.0
B007069,C01766,2026-05-12,2026-05-20,Fun Dive,1,3500.0,Completed,,T00911,4,8,False,2025-26,5,2026-05,False,3500.0
B007070,C00844,2026-05-04,2026-05-20,Fun Dive,4,14550.0,Completed,,T00911,5,16,False,2025-26,5,2026-05,False,14550.0
B007071,C05411,2026-04-16,2026-05-20,Discovery Dive,1,4550.0,Completed,,T00911,6,34,False,2025-26,5,2026-05,False,4550.0
B007072,C05412,2026-04-28,2026-05-20,Fun Dive,1,3650.0,Completed,,T00911,7,22,False,2025-26,5,2026-05,False,3650.0
B007073,C05413,2026-04-20,2026-05-20,Course,5,21550.0,Completed,,T00911,8,30,False,2025-26,5,2026-05,False,21550.0
B007074,C01575,2026-05-03,2026-05-20,Discovery Dive,1,4650.0,Cancelled,Customer,T00911,9,17,False,2025-26,5,2026-05,False,
B007075,C05414,2026-04-06,2026-05-20,Fun Dive,1,3050.0,Completed,,T00911,10,44,False,2025-26,5,2026-05,False,3050.0
B007076,C05415,2026-04-13,2026-05-20,Discovery Dive,2,9500.0,No-show,,T00911,11,37,False,2025-26,5,2026-05,False,
B007077,C05416,2026-05-21,2026-05-21,Discovery Dive,1,3950.0,Completed,,T00912,1,0,False,2025-26,5,2026-05,False,3950.0
B007078,C05417,2026-04-17,2026-05-21,Fun Dive,4,13750.0,No-show,,T00912,2,34,False,2025-26,5,2026-05,False,
B007079,C05418,2026-04-21,2026-05-21,Discovery Dive,2,7950.0,Completed,,T00912,3,30,False,2025-26,5,2026-05,False,7950.0
B007080,C04825,2026-04-24,2026-05-21,Course,4,25050.0,Cancelled,Customer,T00912,4,27,False,2025-26,5,2026-05,False,
B007081,C05419,2026-05-11,2026-05-21,Fun Dive,3,9650.0,Completed,,T00912,5,10,False,2025-26,5,2026-05,False,9650.0
B007083,C05421,2026-05-16,2026-05-21,Discovery Dive,1,5050.0,Completed,,T00912,7,5,False,2025-26,5,2026-05,False,5050.0
B007084,C04643,2026-04-25,2026-05-21,Fun Dive,2,5550.0,Cancelled,Medical,T00912,8,26,False,2025-26,5,2026-05,False,
B007085,C05422,2026-04-26,2026-05-21,Discovery Dive,2,10450.0,Completed,,T00912,11,25,False,2025-26,5,2026-05,False,10450.0
B007086,C05423,2026-04-10,2026-05-21,Discovery Dive,1,5000.0,Completed,,T00912,12,41,False,2025-26,5,2026-05,False,5000.0
B007087,C05109,2026-05-17,2026-05-22,Fun Dive,4,11450.0,Completed,,T00913,1,5,False,2025-26,5,2026-05,False,11450.0
B007088,C05424,2026-05-17,2026-05-22,Fun Dive,1,3500.0,Cancelled,Customer,T00913,2,5,False,2025-26,5,2026-05,False,
B007089,C05425,2026-05-03,2026-05-22,Fun Dive,2,6250.0,Cancelled,Customer,T00913,3,19,False,2025-26,5,2026-05,False,
B007090,C05426,2026-05-18,2026-05-22,Discovery Dive,2,10450.0,Completed,,T00913,4,4,False,2025-26,5,2026-05,False,10450.0
B007091,C05427,2026-04-09,2026-05-22,Fun Dive,2,6450.0,Completed,,T00913,6,43,False,2025-26,5,2026-05,False,6450.0
B007092,C05428,2026-05-12,2026-05-22,Fun Dive,4,13450.0,Completed,,T00913,8,10,False,2025-26,5,2026-05,False,13450.0
B007093,C05429,2026-05-01,2026-05-22,Fun Dive,3,10450.0,Completed,,T00913,9,21,False,2025-26,5,2026-05,False,10450.0
B007094,C05430,2026-05-05,2026-05-23,Course,4,25700.0,Cancelled,Weather,T00914,1,18,False,2025-26,5,2026-05,True,
B007095,C05431,2026-05-17,2026-05-23,Fun Dive,2,6500.0,Cancelled,Customer,T00914,2,6,False,2025-26,5,2026-05,True,
B007096,C05432,2026-04-23,2026-05-23,Discovery Dive,1,5050.0,Completed,,T00914,3,30,False,2025-26,5,2026-05,True,5050.0
B007097,C05433,2026-05-01,2026-05-23,Discovery Dive,2,10200.0,Cancelled,Weather,T00914,4,22,False,2025-26,5,2026-05,True,
B007098,C05434,2026-05-15,2026-05-23,Fun Dive,1,3650.0,Cancelled,Weather,T00914,6,8,False,2025-26,5,2026-05,True,
B007099,C05435,2026-05-05,2026-05-23,Discovery Dive,1,4400.0,Cancelled,Weather,T00914,7,18,False,2025-26,5,2026-05,True,
B007100,C05436,2026-04-17,2026-05-23,Discovery Dive,2,10550.0,Completed,,T00914,8,36,False,2025-26,5,2026-05,True,10550.0
B007101,C05437,2026-05-07,2026-05-23,Fun Dive,1,3050.0,Cancelled,Weather,T00914,9,16,False,2025-26,5,2026-05,True,
B007102,C05438,2026-04-17,2026-05-23,Fun Dive,3,10150.0,Cancelled,Weather,T00914,10,36,False,2025-26,5,2026-05,True,
B007103,C05439,2026-05-14,2026-05-23,Discovery Dive,1,5150.0,Cancelled,Weather,T00914,11,9,False,2025-26,5,2026-05,True,
B007104,C05440,2026-04-22,2026-05-24,Fun Dive,1,3650.0,No-show,,T00915,1,32,False,2025-26,5,2026-05,True,
B007105,C05441,2026-05-09,2026-05-24,Discovery Dive,1,4450.0,Cancelled,Weather,T00915,2,15,False,2025-26,5,2026-05,True,
B007106,C05442,2026-05-05,2026-05-24,Course,5,23800.0,Cancelled,Customer,T00915,3,19,False,2025-26,5,2026-05,True,
B007107,C05443,2026-04-23,2026-05-24,Fun Dive,3,11150.0,Completed,,T00915,4,31,False,2025-26,5,2026-05,True,11150.0
B007108,C05444,2026-05-16,2026-05-24,Discovery Dive,1,4900.0,Completed,,T00915,5,8,False,2025-26,5,2026-05,True,4900.0
B007109,C05445,2026-04-20,2026-05-24,Discovery Dive,1,5250.0,No-show,,T00915,6,34,False,2025-26,5,2026-05,True,
B007110,C03689,2026-05-23,2026-05-24,Fun Dive,2,7150.0,Completed,,T00915,7,1,False,2025-26,5,2026-05,True,7150.0
B007111,C05229,2026-05-10,2026-05-24,Fun Dive,2,7200.0,Completed,,T00915,8,14,False,2025-26,5,2026-05,True,7200.0
B007112,C05162,2026-04-11,2026-05-24,Discovery Dive,1,4800.0,Cancelled,Weather,T00915,10,43,False,2025-26,5,2026-05,True,
B007113,C05446,2026-05-21,2026-05-24,Discovery Dive,1,4500.0,Cancelled,Weather,T00915,11,3,False,2025-26,5,2026-05,True,
B007114,C05447,2026-04-09,2026-05-24,Fun Dive,2,6900.0,Cancelled,Weather,T00915,12,45,False,2025-26,5,2026-05,True,
B007115,C05448,2026-05-03,2026-05-25,Discovery Dive,1,4900.0,Completed,,T00916,1,22,False,2025-26,5,2026-05,False,4900.0
B007116,C05449,2026-04-29,2026-05-25,Discovery Dive,1,5300.0,No-show,,T00916,2,26,False,2025-26,5,2026-05,False,
B007117,C05450,2026-05-18,2026-05-25,Fun Dive,3,10700.0,Completed,,T00916,4,7,False,2025-26,5,2026-05,False,10700.0
B007118,C05451,2026-05-16,2026-05-25,Fun Dive,1,3200.0,Completed,,T00916,5,9,False,2025-26,5,2026-05,False,3200.0
B007119,C05452,2026-05-12,2026-05-25,Fun Dive,2,6250.0,Completed,,T00916,6,13,False,2025-26,5,2026-05,False,6250.0
B007120,C05453,2026-05-21,2026-05-25,Discovery Dive,2,8250.0,Completed,,T00916,8,4,False,2025-26,5,2026-05,False,8250.0
B007121,C05454,2026-05-24,2026-05-25,Discovery Dive,1,5500.0,Completed,,T00916,9,1,False,2025-26,5,2026-05,False,5500.0
B007122,C05455,2026-05-14,2026-05-25,Fun Dive,3,10150.0,Completed,,T00916,11,11,False,2025-26,5,2026-05,False,10150.0
B007123,C05456,2026-05-13,2026-05-25,Course,5,21350.0,Completed,,T00916,12,12,False,2025-26,5,2026-05,False,21350.0
B007124,C05218,2026-05-21,2026-05-26,Fun Dive,2,6000.0,Completed,,T00917,1,5,False,2025-26,5,2026-05,False,6000.0
B007125,C05457,2026-05-21,2026-05-26,Fun Dive,2,6350.0,Cancelled,Customer,T00917,2,5,False,2025-26,5,2026-05,False,
B007126,C05458,2026-04-19,2026-05-26,Discovery Dive,1,4350.0,Completed,,T00917,3,37,False,2025-26,5,2026-05,False,4350.0
B007127,C05459,2026-04-12,2026-05-26,Discovery Dive,1,4700.0,Completed,,T00917,4,44,False,2025-26,5,2026-05,False,4700.0
B007128,C05460,2026-05-22,2026-05-26,Course,5,22650.0,Completed,,T00917,5,4,False,2025-26,5,2026-05,False,22650.0
B007129,C05356,2026-05-11,2026-05-26,Fun Dive,1,2950.0,Cancelled,Customer,T00917,6,15,False,2025-26,5,2026-05,False,
B007130,C05461,2026-04-15,2026-05-26,Discovery Dive,2,10250.0,Completed,,T00917,8,41,False,2025-26,5,2026-05,False,10250.0
B007131,C00243,2026-05-03,2026-05-26,Course,4,25400.0,Completed,,T00917,9,23,False,2025-26,5,2026-05,False,25400.0
B007132,C05462,2026-04-19,2026-05-26,Course,5,26450.0,Completed,,T00917,10,37,False,2025-26,5,2026-05,False,26450.0
B007133,C05463,2026-05-14,2026-05-26,Discovery Dive,1,4800.0,Cancelled,Unknown,T00917,11,12,False,2025-26,5,2026-05,False,
B007134,C02953,2026-05-20,2026-05-26,Fun Dive,2,7700.0,Completed,,T00917,12,6,False,2025-26,5,2026-05,False,7700.0
B007135,C05464,2026-05-18,2026-05-27,Course,5,23900.0,Completed,,T00918,1,9,False,2025-26,5,2026-05,False,23900.0
B007136,C05465,2026-04-24,2026-05-27,Course,4,26300.0,Completed,,T00918,2,33,False,2025-26,5,2026-05,False,26300.0
B007137,C05466,2026-05-06,2026-05-27,Course,5,25950.0,No-show,,T00918,4,21,False,2025-26,5,2026-05,False,
B007138,C05467,2026-04-21,2026-05-27,Discovery Dive,1,5600.0,Completed,,T00918,5,36,False,2025-26,5,2026-05,False,5600.0
B007139,C05468,2026-05-01,2026-05-27,Fun Dive,2,6550.0,Completed,,T00918,6,26,False,2025-26,5,2026-05,False,6550.0
B007140,C05469,2026-04-12,2026-05-27,Fun Dive,1,3250.0,Completed,,T00918,7,45,False,2025-26,5,2026-05,False,3250.0
B007141,C05470,2026-05-16,2026-05-27,Fun Dive,3,8600.0,Completed,,T00918,9,11,False,2025-26,5,2026-05,False,8600.0
B007142,C05471,2026-04-23,2026-05-28,Fun Dive,2,7250.0,Cancelled,Unknown,T00919,1,35,False,2025-26,5,2026-05,False,
B007143,C05472,2026-04-26,2026-05-28,Discovery Dive,1,5000.0,Completed,,T00919,2,32,False,2025-26,5,2026-05,False,5000.0
B007144,C05473,2026-05-19,2026-05-28,Discovery Dive,1,4050.0,Completed,,T00919,5,9,False,2025-26,5,2026-05,False,4050.0
B007145,C05474,2026-04-30,2026-05-28,Fun Dive,2,7200.0,Cancelled,Unknown,T00919,6,28,False,2025-26,5,2026-05,False,
B007146,C05475,2026-04-24,2026-05-28,Fun Dive,1,3550.0,Completed,,T00919,8,34,False,2025-26,5,2026-05,False,3550.0
B007147,C05476,2026-05-01,2026-05-28,Fun Dive,2,5600.0,Completed,,T00919,9,27,False,2025-26,5,2026-05,False,5600.0
B007148,C05477,2026-04-28,2026-05-28,Discovery Dive,1,4600.0,Completed,,T00919,10,30,False,2025-26,5,2026-05,False,4600.0
B007149,C05478,2026-05-14,2026-05-29,Discovery Dive,1,5550.0,Cancelled,Medical,T00920,1,15,False,2025-26,5,2026-05,False,
B007150,C05210,2026-05-16,2026-05-29,Discovery Dive,1,4900.0,Cancelled,Customer,T00920,3,13,False,2025-26,5,2026-05,False,
B007151,C05479,2026-05-07,2026-05-29,Fun Dive,2,5650.0,Completed,,T00920,5,22,False,2025-26,5,2026-05,False,5650.0
B007152,C05480,2026-05-04,2026-05-29,Fun Dive,3,10000.0,Completed,,T00920,6,25,False,2025-26,5,2026-05,False,10000.0
B007153,C05481,2026-05-04,2026-05-29,Discovery Dive,1,4450.0,Completed,,T00920,7,25,False,2025-26,5,2026-05,False,4450.0
B007154,C05482,2026-04-18,2026-05-29,Course,4,27000.0,Completed,,T00920,8,41,False,2025-26,5,2026-05,False,27000.0
B007155,C05483,2026-04-16,2026-05-29,Discovery Dive,1,5100.0,Completed,,T00920,9,43,False,2025-26,5,2026-05,False,5100.0
B007156,C05484,2026-05-11,2026-05-30,Discovery Dive,1,5100.0,Completed,,T00921,1,19,False,2025-26,5,2026-05,True,5100.0
B007157,C05163,2026-04-17,2026-05-30,Discovery Dive,1,5100.0,Completed,,T00921,2,43,False,2025-26,5,2026-05,True,5100.0
B007158,C05485,2026-05-27,2026-05-30,Fun Dive,1,3550.0,Completed,,T00921,3,3,False,2025-26,5,2026-05,True,3550.0
B007159,C05486,2026-05-11,2026-05-30,Fun Dive,4,12550.0,Completed,,T00921,4,19,False,2025-26,5,2026-05,True,12550.0
B007160,C05487,2026-05-05,2026-05-30,Discovery Dive,1,5500.0,Completed,,T00921,6,25,False,2025-26,5,2026-05,True,5500.0
B007161,C05488,2026-04-20,2026-05-30,Fun Dive,1,3700.0,Completed,,T00921,7,40,False,2025-26,5,2026-05,True,3700.0
B007162,C05489,2026-05-30,2026-05-30,Discovery Dive,1,4950.0,Completed,,T00921,8,0,False,2025-26,5,2026-05,True,4950.0
B007163,C05000,2026-04-25,2026-05-31,Fun Dive,4,14400.0,Completed,,T00922,1,36,False,2025-26,5,2026-05,True,14400.0
B007164,C05364,2026-05-01,2026-05-31,Discovery Dive,1,5450.0,Cancelled,Weather,T00922,2,30,False,2025-26,5,2026-05,True,
B007165,C05490,2026-04-30,2026-05-31,Fun Dive,2,7100.0,Completed,,T00922,4,31,False,2025-26,5,2026-05,True,7100.0
B007166,C05491,2026-04-20,2026-05-31,Fun Dive,4,15050.0,Completed,,T00922,5,41,False,2025-26,5,2026-05,True,15050.0
B007167,C02210,2026-04-25,2026-05-31,Fun Dive,2,5600.0,Completed,,T00922,6,36,False,2025-26,5,2026-05,True,5600.0
B007168,C05492,2026-04-16,2026-05-31,Fun Dive,1,3000.0,Cancelled,Weather,T00922,8,45,False,2025-26,5,2026-05,True,
B007169,C05493,2026-05-02,2026-05-31,Course,4,27400.0,Cancelled,Medical,T00922,10,29,False,2025-26,5,2026-05,True,
B007170,C05494,2026-05-05,2026-05-31,Fun Dive,1,2750.0,Completed,,T00922,11,26,False,2025-26,5,2026-05,True,2750.0
B007171,C05495,2026-04-29,2026-05-31,Fun Dive,2,6950.0,Completed,,T00922,12,32,False,2025-26,5,2026-05,True,6950.0
