booking_id,dive_date,dive_type,acquisition_channel,sea_condition,lead_time_days,price_inr,risk,decile
B005716,2026-01-01,Fun Dive,OTA,Calm,33,9150.0,0.12324594135309397,6
B005826,2026-01-11,Fun Dive,Instagram,Calm,7,14150.0,0.08017532145122397,8
B006866,2026-04-26,Discovery Dive,Hotel Partner,Moderate,36,4650.0,0.16627537576063464,4
B004894,2025-10-11,Fun Dive,OTA,Calm,0,8300.0,0.17993609378728573,4
B007082,2026-05-21,Fun Dive,Walk-in,Moderate,39,3400.0,0.0768859301189702,8
B006144,2026-02-10,Fun Dive,Website,Calm,36,3500.0,0.06748778676031267,9
B006317,2026-02-26,Course,Unknown,Calm,28,24550.0,0.08042171920079207,8
B006172,2026-02-13,Fun Dive,Hotel Partner,Calm,1,3350.0,0.0975686075132775,7
B006744,2026-04-12,Fun Dive,OTA,Calm,11,8800.0,0.14950255132779008,4
B005042,2025-10-27,Fun Dive,Referral,Calm,32,7200.0,0.0666119939185669,9
B006637,2026-03-30,Fun Dive,Unknown,Calm,17,13800.0,0.06662626735782155,9
B006364,2026-03-02,Discovery Dive,OTA,Calm,25,4250.0,0.1286249923960292,5
B004776,2025-06-03,Course,Website,Closed,5,23650.0,0.7778037219922176,1
B004777,2025-06-03,Course,OTA,Closed,17,22800.0,0.8746082030974338,1
B004778,2025-06-04,Discovery Dive,Hotel Partner,Closed,3,4400.0,0.7589593728490777,1
B004779,2025-06-04,Fun Dive,Walk-in,Closed,39,14000.0,0.5527126608177761,1
B004780,2025-06-07,Course,OTA,Closed,21,21300.0,0.8835212355759497,1
B004781,2025-06-07,Course,OTA,Closed,0,21000.0,0.8859001356430075,1
B004782,2025-06-07,Course,OTA,Closed,1,21600.0,0.8744210049370778,1
B004783,2025-06-08,Discovery Dive,Instagram,Closed,4,4950.0,0.7745255942804465,1
B004784,2025-06-08,Discovery Dive,Walk-in,Closed,10,5300.0,0.6738313921615775,1
B004785,2025-06-08,Discovery Dive,Hotel Partner,Closed,44,5000.0,0.7902816989519367,1
B004786,2025-06-08,Fun Dive,Unknown,Closed,10,11400.0,0.7022030675778469,1
B004787,2025-06-09,Fun Dive,Referral,Moderate,35,6950.0,0.09549063883599428,7
B004788,2025-06-09,Fun Dive,Walk-in,Moderate,3,14150.0,0.07906228807619999,8
B004789,2025-06-10,Course,Instagram,Moderate,45,26800.0,0.1796966595376502,4
B004790,2025-06-10,Fun Dive,Referral,Moderate,42,7150.0,0.0891470409024318,8
B004791,2025-06-10,Fun Dive,Referral,Moderate,17,9700.0,0.08599479076154644,8
B004792,2025-06-10,Course,Walk-in,Moderate,20,28050.0,0.12342750604966254,6
B004793,2025-06-11,Fun Dive,OTA,Closed,41,9200.0,0.8043773418461175,1
B004794,2025-06-11,Fun Dive,Walk-in,Closed,31,3400.0,0.6293913671594443,1
B004795,2025-06-11,Fun Dive,Walk-in,Closed,18,7100.0,0.6233937868675236,1
B004796,2025-06-14,Fun Dive,OTA,Closed,5,6050.0,0.8723549480830004,1
B004797,2025-06-14,Discovery Dive,Website,Closed,44,4900.0,0.7290784417955721,1
B004798,2025-06-14,Discovery Dive,Walk-in,Closed,35,5150.0,0.6480101102548801,1
B004799,2025-06-14,Fun Dive,Referral,Closed,36,3500.0,0.6455297167886993,1
B004800,2025-06-14,Course,OTA,Closed,5,20050.0,0.8502079208389908,1
B004801,2025-06-15,Fun Dive,OTA,Closed,37,3000.0,0.8557129185418954,1
B004802,2025-06-15,Discovery Dive,Website,Closed,30,5400.0,0.7589542279173044,1
B004803,2025-06-15,Discovery Dive,OTA,Closed,41,4300.0,0.8577438709963433,1
B004804,2025-09-16,Discovery Dive,Referral,Calm,10,4700.0,0.07264559811014125,9
B004805,2025-09-16,Discovery Dive,OTA,Calm,22,4550.0,0.18784839386565008,3
B004806,2025-09-16,Discovery Dive,OTA,Calm,34,4600.0,0.18173948228450743,3
B004807,2025-09-16,Fun Dive,OTA,Calm,7,2950.0,0.19104503165401052,3
B004808,2025-09-26,Fun Dive,Website,Rough,14,7300.0,0.39319027300622134,1
B004809,2025-09-26,Discovery Dive,Unknown,Rough,26,10100.0,0.35456563708432887,2
B004810,2025-09-26,Fun Dive,Walk-in,Rough,40,11600.0,0.2503507308650384,2
B004811,2025-09-27,Fun Dive,Website,Closed,39,10050.0,0.763978302027848,1
B004812,2025-09-27,Discovery Dive,Referral,Closed,7,4700.0,0.699571274520115,1
B004813,2025-09-27,Fun Dive,Website,Closed,7,3450.0,0.7768122611585461,1
B004814,2025-09-27,Fun Dive,OTA,Closed,29,2800.0,0.8670857795752139,1
B004815,2025-09-27,Course,Unknown,Closed,18,24150.0,0.8127904274318536,1
B004816,2025-09-28,Fun Dive,Walk-in,Closed,14,7200.0,0.67740886629853,1
B004817,2025-09-28,Fun Dive,Walk-in,Closed,6,7250.0,0.677390138632717,1
B004818,2025-09-28,Fun Dive,Website,Closed,35,3550.0,0.7820082309707536,1
B004819,2025-09-28,Fun Dive,Walk-in,Closed,2,6950.0,0.6772469142326597,1
B004820,2025-10-01,Discovery Dive,Website,Closed,17,5000.0,0.7232026444562184,1
B004821,2025-10-01,Fun Dive,Unknown,Closed,7,7650.0,0.701374036433461,1
B004822,2025-10-01,Fun Dive,OTA,Closed,43,6050.0,0.8124658969548635,1
B004823,2025-10-01,Discovery Dive,Referral,Closed,11,5050.0,0.6409549370057949,1
B004824,2025-10-01,Fun Dive,Walk-in,Closed,36,15100.0,0.6086510706651738,1
B004825,2025-10-01,Course,Unknown,Closed,13,23600.0,0.6976225154654758,1
B004826,2025-10-01,Discovery Dive,OTA,Closed,38,4250.0,0.8288015146696567,1
B004827,2025-10-02,Course,Hotel Partner,Closed,12,22550.0,0.7946370552112137,1
B004828,2025-10-02,Course,OTA,Closed,35,21950.0,0.8396384403351698,1
B004829,2025-10-02,Fun Dive,OTA,Closed,5,3100.0,0.8594515317520446,1
B004830,2025-10-02,Fun Dive,Website,Closed,33,10550.0,0.692821015346529,1
B004831,2025-10-02,Fun Dive,Instagram,Closed,15,3550.0,0.7654305079806271,1
B004832,2025-10-02,Discovery Dive,Walk-in,Closed,20,5050.0,0.6377267605683961,1
B004833,2025-10-02,Discovery Dive,Unknown,Closed,45,5600.0,0.7046351597677107,1
B004834,2025-10-03,Fun Dive,Unknown,Rough,39,3400.0,0.3253749129418467,2
B004835,2025-10-03,Discovery Dive,OTA,Rough,38,4300.0,0.5093317481410391,1
B004836,2025-10-03,Fun Dive,Website,Rough,13,3600.0,0.35759672451019076,1
B004837,2025-10-03,Discovery Dive,OTA,Rough,28,4000.0,0.5136403350414825,1
B004838,2025-10-03,Discovery Dive,Unknown,Rough,6,5350.0,0.3480173334553815,2
B004839,2025-10-03,Fun Dive,Website,Rough,5,3700.0,0.391824042280095,1
B004840,2025-10-03,Fun Dive,Unknown,Rough,3,2800.0,0.33445779965684125,2
B004841,2025-10-04,Discovery Dive,OTA,Moderate,0,4050.0,0.3052930854539708,2
B004842,2025-10-04,Course,Website,Moderate,3,25100.0,0.25201744966712347,2
B004843,2025-10-04,Fun Dive,Website,Moderate,1,11150.0,0.18774041697066424,3
B004844,2025-10-04,Fun Dive,OTA,Moderate,25,5900.0,0.3038869503750103,2
B004845,2025-10-04,Discovery Dive,Website,Moderate,14,5250.0,0.1829639637012002,3
B004846,2025-10-04,Fun Dive,OTA,Moderate,5,2900.0,0.33559653267551,2
B004847,2025-10-04,Fun Dive,OTA,Moderate,38,9250.0,0.26006380140860175,2
B004848,2025-10-04,Fun Dive,Instagram,Moderate,12,10750.0,0.17493720195227624,4
B004849,2025-10-04,Fun Dive,OTA,Moderate,25,8950.0,0.2863865636356236,2
B004850,2025-10-05,Fun Dive,Referral,Calm,15,3700.0,0.08648953167818799,8
B004851,2025-10-05,Course,Website,Calm,1,24950.0,0.1346499791755911,5
B004852,2025-10-05,Fun Dive,Unknown,Calm,17,5700.0,0.09561995641841466,7
B004853,2025-10-05,Fun Dive,Instagram,Calm,14,3450.0,0.13803137352203312,5
B004854,2025-10-05,Discovery Dive,Website,Calm,21,5000.0,0.1123815222978442,6
B004855,2025-10-05,Discovery Dive,Unknown,Calm,5,,0.0991719390136616,7
B004856,2025-10-05,Discovery Dive,Hotel Partner,Calm,17,5000.0,0.14237580532398764,5
B004857,2025-10-06,Discovery Dive,Hotel Partner,Calm,2,10000.0,0.12231507364910771,6
B004858,2025-10-06,Discovery Dive,Hotel Partner,Calm,33,5050.0,0.11686957170948546,6
B004859,2025-10-06,Discovery Dive,Website,Calm,22,5200.0,0.09595452451062148,7
B004860,2025-10-06,Discovery Dive,Unknown,Calm,36,5450.0,0.08634405046776063,8
B004861,2025-10-06,Fun Dive,Instagram,Calm,29,6700.0,0.10276148734507927,7
B004862,2025-10-06,Course,Website,Calm,14,25900.0,0.13640463319325785,5
B004863,2025-10-06,Course,Walk-in,Calm,2,24200.0,0.09066525213643196,8
B004864,2025-10-06,Course,Walk-in,Calm,35,25950.0,0.09160260520182016,8
B004865,2025-10-07,Fun Dive,Website,Moderate,19,3250.0,0.14773751702034268,5
B004866,2025-10-07,Fun Dive,Referral,Moderate,22,7050.0,0.1061713458873649,7
B004867,2025-10-07,Course,Walk-in,Moderate,6,24200.0,0.14302332834338546,5
B004868,2025-10-07,Fun Dive,OTA,Moderate,30,2850.0,0.3014538683442673,2
B004869,2025-10-07,Fun Dive,Referral,Moderate,32,6400.0,0.10492196986222345,7
B004870,2025-10-07,Fun Dive,Unknown,Moderate,34,3000.0,0.14473743414838086,5
B004871,2025-10-07,Discovery Dive,Referral,Moderate,30,4700.0,0.09913135715081313,7
B004872,2025-10-07,Fun Dive,Unknown,Moderate,31,13950.0,0.12433777318838866,6
B004873,2025-10-08,Fun Dive,Walk-in,Calm,32,11050.0,0.06420039502964149,9
B004874,2025-10-08,Course,OTA,Calm,35,20050.0,0.1749834294572665,4
B004875,2025-10-08,Fun Dive,Walk-in,Calm,20,6750.0,0.059592106605063214,10
B004876,2025-10-08,Course,Hotel Partner,Calm,5,25200.0,0.16834662841005618,4
B004877,2025-10-08,Fun Dive,Website,Calm,28,7100.0,0.10043137170421677,7
B004878,2025-10-08,Fun Dive,Unknown,Calm,43,12550.0,0.06760802069710783,9
B004879,2025-10-08,Fun Dive,Hotel Partner,Calm,44,6650.0,0.10880009826031445,7
B004880,2025-10-09,Course,Website,Calm,36,23900.0,0.10233198553686845,7
B004881,2025-10-09,Discovery Dive,Walk-in,Calm,9,5000.0,0.06622782452364487,9
B004882,2025-10-09,Fun Dive,Unknown,Calm,8,2950.0,0.08670924019877191,8
B004883,2025-10-09,Discovery Dive,Unknown,Calm,25,5000.0,0.08727941882284476,8
B004884,2025-10-09,Discovery Dive,Walk-in,Calm,26,5000.0,0.06377092459543535,9
B004885,2025-10-09,Fun Dive,Referral,Calm,24,3350.0,0.07138714164545076,9
B004886,2025-10-10,Fun Dive,Website,Calm,9,6950.0,0.10775572959190685,7
B004887,2025-10-10,Discovery Dive,Instagram,Calm,37,5300.0,0.10412418716744018,7
B004888,2025-10-10,Course,Hotel Partner,Calm,34,23700.0,0.15169082640999787,4
B004889,2025-10-10,Fun Dive,Website,Calm,0,3300.0,0.11192337549152165,6
B004890,2025-10-10,Fun Dive,OTA,Calm,12,2800.0,0.17454402276652595,4
B004891,2025-10-10,Fun Dive,Walk-in,Calm,12,3700.0,0.0685246680949628,9
B004892,2025-10-10,Discovery Dive,OTA,Calm,13,4400.0,0.1775825356463497,4
B004893,2025-10-10,Fun Dive,Website,Calm,43,10350.0,0.09239335479683079,7
B004895,2025-10-11,Course,Referral,Calm,25,24550.0,0.11068813453460644,6
B004896,2025-10-11,Fun Dive,OTA,Calm,12,3050.0,0.22560934743264136,3
B004897,2025-10-11,Fun Dive,Unknown,Calm,41,14800.0,0.0874333558909732,8
B004898,2025-10-11,Fun Dive,Walk-in,Calm,7,3450.0,0.08932649765530082,8
B004899,2025-10-11,Fun Dive,Referral,Calm,23,3650.0,0.07972503785373447,8
B004900,2025-10-11,Discovery Dive,OTA,Calm,8,4400.0,0.21522690578409343,3
B004901,2025-10-11,Course,Hotel Partner,Calm,33,22750.0,0.15842343991580304,4
B006131,2026-02-08,Discovery Dive,Hotel Partner,Calm,8,5000.0,0.11515268402599724,6
B004902,2025-10-11,Discovery Dive,Website,Calm,30,5200.0,0.1157604714161691,6
B004903,2025-10-11,Fun Dive,Walk-in,Calm,37,10200.0,0.07603537218934996,9
B004904,2025-10-11,Discovery Dive,Walk-in,Calm,42,5500.0,0.07799013573665504,8
B004905,2025-10-11,Discovery Dive,OTA,Calm,19,4600.0,0.21101635719788253,3
B004906,2025-10-11,Fun Dive,Unknown,Calm,20,6900.0,0.10109608292641449,7
B004907,2025-10-11,Discovery Dive,Walk-in,Calm,0,4850.0,0.0833250208706471,8
B004908,2025-10-12,Course,Website,Moderate,26,24800.0,0.18772666046424427,3
B004909,2025-10-12,Fun Dive,OTA,Moderate,21,3050.0,0.33562003646042116,2
B004910,2025-10-12,Discovery Dive,OTA,Moderate,4,4250.0,0.28923036282935777,2
B004911,2025-10-12,Fun Dive,OTA,Moderate,8,9400.0,0.25491449040551095,2
B004912,2025-10-12,Fun Dive,OTA,Moderate,37,9100.0,0.26396404314574745,2
B004913,2025-10-12,Course,Unknown,Moderate,15,24450.0,0.1815037279944809,3
B004914,2025-10-12,Fun Dive,Walk-in,Moderate,0,3850.0,0.1213493087694035,6
B004915,2025-10-12,Fun Dive,Website,Moderate,20,6950.0,0.16372374563116093,4
B004916,2025-10-12,Fun Dive,Walk-in,Moderate,14,10700.0,0.12551876360911976,6
B004917,2025-10-12,Fun Dive,Walk-in,Moderate,17,3700.0,0.14121505637907344,5
B004918,2025-10-12,Fun Dive,OTA,Moderate,0,6100.0,0.3090534929377436,2
B004919,2025-10-12,Course,Website,Moderate,22,26050.0,0.20619182864195512,3
B004920,2025-10-12,Course,Website,Moderate,10,26550.0,0.24342793465177784,2
B004921,2025-10-12,Course,Website,Moderate,18,27200.0,0.24203843032662092,2
B004922,2025-10-12,Fun Dive,Walk-in,Moderate,45,6900.0,0.12468841993795692,6
B004923,2025-10-12,Discovery Dive,Referral,Moderate,3,5150.0,0.1278089343999264,5
B004924,2025-10-12,Fun Dive,Instagram,Moderate,36,10050.0,0.15693853797609403,4
B004925,2025-10-12,Fun Dive,OTA,Moderate,25,9400.0,0.288206806117922,2
B004926,2025-10-13,Fun Dive,OTA,Moderate,14,6200.0,0.3005809693742999,2
B004927,2025-10-13,Discovery Dive,OTA,Moderate,36,4050.0,0.25450576980906214,2
B004928,2025-10-13,Fun Dive,OTA,Moderate,42,3050.0,0.2757309353184644,2
B004929,2025-10-13,Discovery Dive,Website,Moderate,24,5400.0,0.15419626066475034,4
B004930,2025-10-13,Fun Dive,OTA,Moderate,1,12500.0,0.22388258148271556,3
B004931,2025-10-13,Fun Dive,Referral,Moderate,10,6900.0,0.11687845077466169,6
B004932,2025-10-13,Fun Dive,Walk-in,Moderate,39,3750.0,0.09924976000044253,7
B004933,2025-10-14,Discovery Dive,Walk-in,Moderate,17,5050.0,0.10226698281759122,7
B004934,2025-10-14,Discovery Dive,Unknown,Moderate,16,3950.0,0.13647057533300458,5
B004935,2025-10-14,Fun Dive,OTA,Moderate,42,12500.0,0.20293841972576948,3
B004936,2025-10-14,Fun Dive,Walk-in,Moderate,43,15150.0,0.0963260624062066,7
B004937,2025-10-14,Course,OTA,Moderate,10,21550.0,0.3145746477807461,2
B004938,2025-10-14,Discovery Dive,Walk-in,Moderate,24,5400.0,0.10340289948827067,7
B004939,2025-10-14,Fun Dive,OTA,Moderate,42,5700.0,0.2798089230994493,2
B004940,2025-10-14,Fun Dive,Referral,Moderate,44,9650.0,0.08587188301031802,8
B004941,2025-10-14,Fun Dive,Walk-in,Moderate,39,3550.0,0.109183768814187,6
B004942,2025-10-15,Fun Dive,Walk-in,Moderate,19,15150.0,0.10445515583849978,7
B004943,2025-10-15,Discovery Dive,Unknown,Moderate,16,4450.0,0.1415180938519587,5
B004944,2025-10-15,Fun Dive,Website,Moderate,10,11300.0,0.16034869455922082,4
B004945,2025-10-15,Discovery Dive,OTA,Moderate,6,4450.0,0.2765907088744192,2
B004946,2025-10-15,Fun Dive,OTA,Moderate,31,5750.0,0.24343674175235944,2
B004947,2025-10-15,Discovery Dive,OTA,Moderate,10,4350.0,0.27528572047465383,2
B004948,2025-10-15,Fun Dive,Website,Moderate,44,3350.0,0.16466367263558662,4
B004949,2025-10-15,Fun Dive,OTA,Moderate,35,5900.0,0.23739994089811361,2
B004950,2025-10-15,Fun Dive,Instagram,Moderate,6,6700.0,0.1571244893537097,4
B004951,2025-10-16,Fun Dive,OTA,Moderate,13,2900.0,0.2563966264203619,2
B004952,2025-10-16,Fun Dive,Referral,Moderate,7,12750.0,0.09482812389814184,7
B004953,2025-10-16,Discovery Dive,Hotel Partner,Moderate,33,4950.0,0.1790905906798318,4
B004954,2025-10-16,Discovery Dive,Walk-in,Moderate,17,5100.0,0.1032490202638861,7
B004955,2025-10-16,Discovery Dive,Unknown,Moderate,10,5300.0,0.14316580555290467,5
B004956,2025-10-16,Fun Dive,Website,Moderate,44,9800.0,0.13743457870679104,5
B004957,2025-10-17,Fun Dive,Instagram,Rough,37,3350.0,0.4328107495200281,1
B004958,2025-10-17,Discovery Dive,Website,Rough,31,5450.0,0.3590315679812553,1
B004959,2025-10-17,Fun Dive,Unknown,Rough,4,3400.0,0.3467114586600661,2
B004960,2025-10-17,Discovery Dive,OTA,Rough,16,4050.0,0.5279256274657673,1
B004961,2025-10-17,Discovery Dive,OTA,Rough,31,4200.0,0.5219261939450506,1
B004962,2025-10-17,Fun Dive,OTA,Rough,24,9050.0,0.5078468519318423,1
B004963,2025-10-17,Fun Dive,OTA,Rough,45,3100.0,0.5420718797862261,1
B004964,2025-10-17,Fun Dive,OTA,Rough,9,9500.0,0.49268827499407114,1
B004965,2025-10-18,Fun Dive,OTA,Rough,10,2750.0,0.6190580842805942,1
B004966,2025-10-18,Course,Instagram,Rough,1,26500.0,0.4664768532816777,1
B004967,2025-10-18,Discovery Dive,OTA,Rough,11,3950.0,0.5788793081766583,1
B004968,2025-10-18,Course,Hotel Partner,Rough,28,24000.0,0.5580582545968161,1
B004969,2025-10-18,Fun Dive,Walk-in,Rough,2,3500.0,0.3195661165111204,2
B004970,2025-10-18,Fun Dive,Hotel Partner,Rough,37,3200.0,0.4947292154878147,1
B004971,2025-10-18,Fun Dive,OTA,Rough,25,5600.0,0.5550972586548601,1
B004972,2025-10-18,Fun Dive,Website,Rough,42,7500.0,0.3933739802576249,1
B004973,2025-10-19,Discovery Dive,Walk-in,Calm,39,5400.0,0.07267024168309819,9
B004974,2025-10-19,Course,Hotel Partner,Calm,23,24350.0,0.14612103276976884,5
B004975,2025-10-19,Course,OTA,Calm,32,22050.0,0.20002229956967654,3
B004976,2025-10-19,Discovery Dive,OTA,Calm,13,4600.0,0.19794219758767467,3
B004977,2025-10-19,Discovery Dive,Website,Calm,5,5250.0,0.1134969826241236,6
B004978,2025-10-19,Discovery Dive,OTA,Calm,17,4400.0,0.19819814275763764,3
B004979,2025-10-20,Discovery Dive,Website,Calm,35,5100.0,0.09246948833284184,7
B004980,2025-10-20,Fun Dive,Website,Calm,39,15000.0,0.0912418393824429,8
B004981,2025-10-20,Course,Website,Calm,39,23950.0,0.10165581087142506,7
B004982,2025-10-20,Discovery Dive,Website,Calm,22,4850.0,0.09540226613085186,7
B004983,2025-10-20,Fun Dive,Instagram,Calm,36,6700.0,0.10523008810027262,7
B004984,2025-10-20,Discovery Dive,Referral,Calm,44,4600.0,0.06183005377390416,10
B004985,2025-10-20,Course,Walk-in,Calm,23,26250.0,0.09430133532304419,7
B004986,2025-10-20,Fun Dive,Referral,Calm,15,7250.0,0.0637664467251373,9
B004987,2025-10-20,Fun Dive,Referral,Calm,8,10500.0,0.05891250277292484,10
B004988,2025-10-20,Fun Dive,OTA,Calm,41,6050.0,0.15082359263853387,4
B004989,2025-10-21,Course,OTA,Calm,4,20900.0,0.175433478321611,4
B004990,2025-10-21,Fun Dive,Instagram,Calm,24,3700.0,0.10686959316514001,7
B004991,2025-10-21,Discovery Dive,Instagram,Calm,20,5150.0,0.09950450318731698,7
B004992,2025-10-21,Course,OTA,Calm,45,20800.0,0.13734105955407488,5
B004993,2025-10-21,Course,OTA,Calm,4,22650.0,0.16028269524725325,4
B004994,2025-10-21,Discovery Dive,Website,Calm,22,5000.0,0.09136240529505514,8
B004995,2025-10-21,Discovery Dive,Walk-in,Calm,14,5500.0,0.06485375301635805,9
B004996,2025-10-21,Fun Dive,Referral,Calm,15,7200.0,0.06852302465010235,9
B004997,2025-10-22,Fun Dive,Website,Moderate,40,10850.0,0.1424450793040927,5
B004998,2025-10-22,Fun Dive,Walk-in,Moderate,41,7050.0,0.1019116902180179,7
B004999,2025-10-22,Discovery Dive,OTA,Moderate,21,4300.0,0.2506768625680763,2
B005000,2025-10-22,Fun Dive,OTA,Moderate,13,11850.0,0.2339320913116671,2
B005001,2025-10-22,Fun Dive,OTA,Moderate,13,12400.0,0.2077049619121154,3
B005002,2025-10-22,Fun Dive,Walk-in,Moderate,21,10600.0,0.08839601227577731,8
B005003,2025-10-22,Course,Website,Moderate,19,23550.0,0.19009606467314186,3
B005004,2025-10-22,Fun Dive,Instagram,Moderate,28,7400.0,0.1630221756838021,4
B005005,2025-10-22,Fun Dive,OTA,Moderate,21,6200.0,0.231970095132891,3
B005006,2025-10-23,Discovery Dive,Hotel Partner,Moderate,12,8950.0,0.18297702404686395,3
B005007,2025-10-23,Discovery Dive,Website,Moderate,24,4850.0,0.15105433965360168,4
B005008,2025-10-23,Course,Website,Moderate,32,26350.0,0.21362145818898404,3
B005009,2025-10-23,Discovery Dive,Walk-in,Moderate,33,5300.0,0.10601442260952561,7
B005010,2025-10-23,Discovery Dive,Website,Moderate,44,5150.0,0.15099519483728638,4
B005011,2025-10-23,Fun Dive,Referral,Moderate,26,6800.0,0.09995883327281056,7
B005012,2025-10-23,Discovery Dive,Instagram,Moderate,28,4900.0,0.16372442338687307,4
B005013,2025-10-23,Discovery Dive,Instagram,Moderate,40,4850.0,0.16416770389440627,4
B005014,2025-10-23,Fun Dive,Unknown,Moderate,1,9300.0,0.12981270670840592,5
B005015,2025-10-24,Fun Dive,OTA,Moderate,3,12150.0,0.2348739194676942,2
B005016,2025-10-24,Discovery Dive,OTA,Moderate,33,4500.0,0.2437621946600792,2
B005017,2025-10-24,Discovery Dive,Referral,Moderate,24,5150.0,0.1002985174162125,7
B005018,2025-10-24,Fun Dive,Referral,Moderate,25,6600.0,0.09003618198936074,8
B005019,2025-10-24,Course,OTA,Moderate,24,20200.0,0.21374635078371348,3
B005020,2025-10-24,Fun Dive,Walk-in,Moderate,12,3400.0,0.10922565698966173,6
B005021,2025-10-24,Course,Walk-in,Moderate,10,25250.0,0.14003962846191584,5
B005022,2025-10-24,Fun Dive,Hotel Partner,Moderate,14,3050.0,0.1706107609156081,4
B005023,2025-10-24,Discovery Dive,Instagram,Moderate,34,5100.0,0.1505231928574907,4
B005024,2025-10-25,Fun Dive,OTA,Calm,23,8950.0,0.19356715242631228,3
B005025,2025-10-25,Discovery Dive,OTA,Calm,2,4000.0,0.20989345486336808,3
B005026,2025-10-25,Discovery Dive,Walk-in,Calm,34,9800.0,0.07529643443615178,9
B005027,2025-10-25,Course,Website,Calm,16,24550.0,0.11643529544599293,6
B005028,2025-10-25,Fun Dive,Instagram,Calm,19,3350.0,0.13898915069460438,5
B005029,2025-10-25,Discovery Dive,OTA,Calm,12,4550.0,0.2092289428108744,3
B005030,2025-10-26,Discovery Dive,OTA,Calm,43,4150.0,0.1883547038318434,3
B005031,2025-10-26,Fun Dive,OTA,Calm,35,11850.0,0.1791127819984202,4
B005032,2025-10-26,Course,Website,Calm,45,26750.0,0.1584197979522482,4
B005033,2025-10-26,Discovery Dive,Walk-in,Calm,13,4900.0,0.07845583193792643,8
B005034,2025-10-26,Course,Website,Calm,13,25800.0,0.11983637932235844,6
B005035,2025-10-26,Fun Dive,Hotel Partner,Calm,15,3450.0,0.13885576813299444,5
B005036,2025-10-26,Fun Dive,Hotel Partner,Calm,25,6800.0,0.1443867456100041,5
B005037,2025-10-26,Discovery Dive,OTA,Calm,6,4600.0,0.20948196361710064,3
B005038,2025-10-26,Fun Dive,Website,Calm,30,7450.0,0.1171386903793865,6
B005039,2025-10-26,Fun Dive,OTA,Calm,2,3150.0,0.2322274061475845,3
B005040,2025-10-26,Discovery Dive,Instagram,Calm,25,5150.0,0.1219641596267757,6
B005041,2025-10-27,Discovery Dive,Walk-in,Calm,0,5450.0,0.06942691569094381,9
B005043,2025-10-27,Discovery Dive,Referral,Calm,41,5000.0,0.062486485509947086,9
B005044,2025-10-27,Fun Dive,Unknown,Calm,22,10500.0,0.08961259769772346,8
B005045,2025-10-27,Fun Dive,Website,Calm,9,13650.0,0.08108191922328914,8
B005046,2025-10-27,Discovery Dive,Referral,Calm,30,9800.0,0.06253635922701288,9
B005047,2025-10-27,Course,Referral,Calm,39,25050.0,0.09069320098327734,8
B005048,2025-10-27,Discovery Dive,OTA,Calm,25,4600.0,0.1696376738053845,4
B005049,2025-10-28,Fun Dive,Walk-in,Calm,11,14450.0,0.06021267030278908,10
B005050,2025-10-28,Fun Dive,Walk-in,Calm,12,11250.0,0.05890464787210205,10
B005051,2025-10-28,Fun Dive,Referral,Calm,36,14750.0,0.052932981428275856,10
B005052,2025-10-28,Fun Dive,Walk-in,Calm,8,10750.0,0.06651264070722837,9
B005053,2025-10-28,Fun Dive,OTA,Calm,45,3050.0,0.17853465789977105,4
B005054,2025-10-28,Discovery Dive,Unknown,Calm,6,5300.0,0.0905017588698236,8
B005055,2025-10-28,Fun Dive,Instagram,Calm,22,13100.0,0.09171109317303697,8
B005056,2025-10-28,Discovery Dive,OTA,Calm,7,8350.0,0.16774587546374856,4
B005057,2025-10-29,Discovery Dive,Referral,Rough,11,4900.0,0.28747698976874697,2
B005058,2025-10-29,Fun Dive,Walk-in,Rough,36,10850.0,0.26840930551031056,2
B005059,2025-10-29,Fun Dive,OTA,Rough,19,6000.0,0.5212087288842572,1
B005060,2025-10-29,Discovery Dive,OTA,Rough,34,9050.0,0.5274296104284699,1
B005061,2025-10-29,Course,Walk-in,Rough,5,26900.0,0.38264325670131827,1
B005062,2025-10-29,Fun Dive,Instagram,Rough,45,3750.0,0.4049357635801852,1
B005063,2025-10-29,Discovery Dive,Website,Rough,20,4700.0,0.3736342995113623,1
B005064,2025-10-29,Discovery Dive,Unknown,Rough,16,4450.0,0.3477736552795572,2
B005065,2025-10-29,Fun Dive,Walk-in,Rough,23,3800.0,0.3116654575318492,2
B005066,2025-10-29,Discovery Dive,Instagram,Rough,26,5050.0,0.3838104318097912,1
B005067,2025-10-30,Course,Website,Moderate,14,24750.0,0.2040235947884892,3
B005068,2025-10-30,Fun Dive,OTA,Moderate,28,12000.0,0.24960689239104922,2
B005069,2025-10-30,Fun Dive,Hotel Partner,Moderate,11,12150.0,0.16331780310745556,4
B005070,2025-10-30,Fun Dive,Hotel Partner,Moderate,27,3050.0,0.1722553665973547,4
B005071,2025-10-30,Discovery Dive,OTA,Moderate,16,8650.0,0.24579343404439516,2
B005072,2025-10-30,Course,Hotel Partner,Moderate,9,24300.0,0.21019434410738147,3
B005073,2025-10-30,Discovery Dive,Walk-in,Moderate,3,5400.0,0.10533560436060915,7
B005074,2025-10-31,Fun Dive,Instagram,Calm,20,15150.0,0.09575741169011728,7
B005075,2025-10-31,Fun Dive,Unknown,Calm,37,6350.0,0.07372607744755186,9
B005076,2025-10-31,Discovery Dive,Website,Calm,7,4900.0,0.09205007175611153,7
B005077,2025-10-31,Fun Dive,Website,Calm,42,3650.0,0.08530572055531721,8
B005078,2025-10-31,Discovery Dive,Unknown,Calm,25,5150.0,0.084084090023556,8
B005079,2025-10-31,Discovery Dive,Website,Calm,29,5000.0,0.08880176884582522,8
B005080,2025-11-01,Course,Unknown,Calm,7,24700.0,0.12732542629857782,5
B005081,2025-11-01,Discovery Dive,OTA,Calm,41,4000.0,0.2022599070772869,3
B005082,2025-11-01,Course,Walk-in,Calm,7,24600.0,0.09527110964337998,7
B005083,2025-11-01,Fun Dive,Website,Calm,33,7000.0,0.11224687617638887,6
B005084,2025-11-01,Fun Dive,OTA,Calm,25,5650.0,0.19070597448371868,3
B005085,2025-11-01,Fun Dive,Walk-in,Calm,14,3650.0,0.08177735262088773,8
B005086,2025-11-01,Discovery Dive,OTA,Calm,43,4100.0,0.2048623845876915,3
B005087,2025-11-01,Fun Dive,Referral,Calm,45,6400.0,0.08033484083903994,8
B005088,2025-11-02,Discovery Dive,OTA,Moderate,16,4050.0,0.3102386508865238,2
B005089,2025-11-02,Fun Dive,OTA,Moderate,28,2950.0,0.32882963694775685,2
B005090,2025-11-02,Discovery Dive,Referral,Moderate,23,4650.0,0.12984210622086426,5
B005091,2025-11-02,Fun Dive,Website,Moderate,35,13100.0,0.14609349311849068,5
B005092,2025-11-02,Fun Dive,OTA,Moderate,18,9350.0,0.2760175923168539,2
B005093,2025-11-02,Fun Dive,OTA,Moderate,6,12250.0,0.289159063163046,2
B005094,2025-11-02,Discovery Dive,Instagram,Moderate,42,4800.0,0.19214180189795982,3
B005095,2025-11-03,Course,Walk-in,Rough,41,26950.0,0.3581094552885499,1
B005096,2025-11-03,Course,Walk-in,Rough,14,26800.0,0.3745477634758959,1
B005097,2025-11-03,Fun Dive,Website,Rough,13,14050.0,0.35143877747645635,2
B005098,2025-11-03,Course,Instagram,Rough,29,27100.0,0.443977596567038,1
B005099,2025-11-03,Course,OTA,Rough,23,22300.0,0.5616281275679968,1
B005100,2025-11-03,Course,OTA,Rough,32,21200.0,0.58688600229616,1
B005101,2025-11-04,Course,OTA,Closed,21,21050.0,0.8511937643179546,1
B005102,2025-11-04,Fun Dive,Unknown,Closed,10,3000.0,0.7213848254144479,1
B005103,2025-11-04,Discovery Dive,Unknown,Closed,6,5400.0,0.7331157417105476,1
B005104,2025-11-04,Fun Dive,OTA,Closed,9,3150.0,0.8534357173558841,1
B005105,2025-11-04,Course,Walk-in,Closed,11,26000.0,0.7134242407907994,1
B005106,2025-11-04,Discovery Dive,OTA,Closed,16,4150.0,0.8485438795849274,1
B005107,2025-11-04,Fun Dive,Walk-in,Closed,44,3450.0,0.6327854116650454,1
B005108,2025-11-04,Course,Instagram,Closed,11,25400.0,0.7996225831883249,1
B005109,2025-11-04,Fun Dive,Walk-in,Closed,18,13900.0,0.6014541208214907,1
B005110,2025-11-05,Discovery Dive,Website,Calm,45,4900.0,0.08965847588486262,8
B005111,2025-11-05,Course,OTA,Calm,15,22350.0,0.2162429605056996,3
B005112,2025-11-05,Fun Dive,Website,Calm,5,13600.0,0.08946605737172025,8
B005113,2025-11-05,Fun Dive,Website,Calm,39,13300.0,0.08172932427623437,8
B005114,2025-11-05,Fun Dive,Walk-in,Calm,10,11150.0,0.05677639418156529,10
B005115,2025-11-05,Fun Dive,Walk-in,Calm,38,3850.0,0.06127426023695234,10
B005116,2025-11-05,Fun Dive,OTA,Calm,15,3050.0,0.19038978661740968,3
B005117,2025-11-06,Fun Dive,Walk-in,Calm,8,11500.0,0.06843675659998326,9
B005118,2025-11-06,Fun Dive,OTA,Calm,21,3000.0,0.18902561054623,3
B005119,2025-11-06,Fun Dive,OTA,Calm,39,6250.0,0.17885361944009576,4
B005120,2025-11-06,Fun Dive,Walk-in,Calm,37,11400.0,0.0559389892909364,10
B005121,2025-11-06,Discovery Dive,Unknown,Calm,9,4800.0,0.09061488499838458,8
B005122,2025-11-06,Discovery Dive,Instagram,Calm,25,5250.0,0.10624666902185162,7
B005123,2025-11-06,Discovery Dive,Website,Calm,2,4700.0,0.09866294674694827,7
B005124,2025-11-06,Fun Dive,Instagram,Calm,22,6550.0,0.10281414699083978,7
B005125,2025-11-06,Discovery Dive,Referral,Calm,10,4700.0,0.06671409370353569,9
B005126,2025-11-07,Fun Dive,OTA,Calm,11,9000.0,0.14646795021696718,5
B005127,2025-11-07,Course,Unknown,Calm,7,20550.0,0.08916954476352504,8
B005128,2025-11-07,Discovery Dive,Referral,Calm,17,5250.0,0.06361875858011094,9
B005129,2025-11-07,Discovery Dive,Website,Calm,7,5300.0,0.09706702024167739,7
B005130,2025-11-07,Discovery Dive,Instagram,Calm,45,4750.0,0.09414787919469358,7
B005131,2025-11-07,Fun Dive,Walk-in,Calm,16,3600.0,0.06232047579412191,9
B005132,2025-11-07,Discovery Dive,OTA,Calm,17,4400.0,0.16721694710865978,4
B005133,2025-11-08,Discovery Dive,OTA,Calm,1,4000.0,0.21748205058041964,3
B005134,2025-11-08,Discovery Dive,OTA,Calm,43,4200.0,0.2028607058743853,3
B005135,2025-11-08,Fun Dive,Unknown,Calm,45,7050.0,0.10976106337623229,6
B005136,2025-11-08,Course,OTA,Calm,24,22150.0,0.2589369420985274,2
B005137,2025-11-08,Discovery Dive,Walk-in,Calm,40,10700.0,0.07858295386774403,8
B005138,2025-11-08,Discovery Dive,Website,Calm,14,4950.0,0.12067263780650937,6
B005139,2025-11-08,Fun Dive,Referral,Calm,5,14450.0,0.07084068822817302,9
B005140,2025-11-09,Fun Dive,OTA,Calm,12,10950.0,0.17744662139303832,4
B005141,2025-11-09,Fun Dive,Website,Calm,3,3600.0,0.1361892229766665,5
B005142,2025-11-09,Fun Dive,Referral,Calm,2,6550.0,0.08865631053720754,8
B005143,2025-11-09,Fun Dive,Referral,Calm,4,14100.0,0.06913700306912289,9
B005144,2025-11-09,Fun Dive,Hotel Partner,Calm,16,3300.0,0.14358017375776896,5
B005145,2025-11-09,Fun Dive,OTA,Calm,32,6150.0,0.18911538001935702,3
B005146,2025-11-09,Fun Dive,Walk-in,Calm,34,6750.0,0.08164018305462109,8
B005147,2025-11-09,Fun Dive,Walk-in,Calm,0,15100.0,0.06911259435388568,9
B005148,2025-11-09,Fun Dive,Unknown,Calm,1,3400.0,0.12619065724076106,6
B005149,2025-11-09,Discovery Dive,Hotel Partner,Calm,34,4700.0,0.1331754994994912,5
B005150,2025-11-09,Discovery Dive,Website,Calm,16,5300.0,0.11344225788348859,6
B005151,2025-11-09,Discovery Dive,Walk-in,Calm,4,5400.0,0.07982711115044652,8
B005152,2025-11-09,Course,Hotel Partner,Calm,23,23150.0,0.17715562662224266,4
B005153,2025-11-09,Discovery Dive,Walk-in,Calm,29,5150.0,0.07641635294134656,9
B005154,2025-11-10,Fun Dive,Referral,Moderate,31,14700.0,0.10175444972333683,7
B005155,2025-11-10,Fun Dive,OTA,Moderate,7,2950.0,0.2924710955348179,2
B005156,2025-11-10,Fun Dive,Walk-in,Moderate,18,3400.0,0.12690860996223657,5
B005157,2025-11-10,Discovery Dive,OTA,Moderate,9,4050.0,0.2647031625533265,2
B005158,2025-11-10,Fun Dive,Unknown,Moderate,29,3650.0,0.1577680335287062,4
B005159,2025-11-10,Fun Dive,OTA,Moderate,43,8400.0,0.2150302686158943,3
B005160,2025-11-11,Fun Dive,Hotel Partner,Rough,41,10250.0,0.40361093618369065,1
B005161,2025-11-11,Fun Dive,Instagram,Rough,41,3450.0,0.4249261787141026,1
B005162,2025-11-11,Fun Dive,Referral,Rough,4,9550.0,0.26488091373389616,2
B005163,2025-11-11,Fun Dive,OTA,Rough,18,2850.0,0.5481099792706075,1
B005164,2025-11-11,Discovery Dive,OTA,Rough,17,4550.0,0.529903538870966,1
B005165,2025-11-11,Fun Dive,Website,Rough,5,6950.0,0.3458719465844497,2
B005166,2025-11-11,Fun Dive,OTA,Rough,40,5500.0,0.5100465029076983,1
B005167,2025-11-12,Fun Dive,Walk-in,Rough,33,3550.0,0.2561048891939105,2
B005168,2025-11-12,Fun Dive,Instagram,Rough,14,14600.0,0.36489631643336806,1
B005169,2025-11-12,Fun Dive,Referral,Rough,36,10150.0,0.22814599430330898,3
B005170,2025-11-12,Fun Dive,Instagram,Rough,37,10750.0,0.3344214745545028,2
B005171,2025-11-12,Fun Dive,OTA,Rough,44,11600.0,0.437491967869823,1
B005172,2025-11-12,Fun Dive,OTA,Rough,34,3100.0,0.5145423663766112,1
B005173,2025-11-12,Fun Dive,Walk-in,Rough,8,3650.0,0.2926673815050288,2
B005174,2025-11-13,Discovery Dive,OTA,Moderate,20,4600.0,0.26716954838810414,2
B005175,2025-11-13,Course,Referral,Moderate,8,25150.0,0.15638098328091535,4
B005176,2025-11-13,Fun Dive,Unknown,Moderate,4,6750.0,0.13788570893700933,5
B005177,2025-11-13,Fun Dive,Website,Moderate,33,3300.0,0.14889577057188963,5
B005178,2025-11-13,Fun Dive,OTA,Moderate,8,11650.0,0.27139640902011336,2
B005179,2025-11-13,Fun Dive,Walk-in,Moderate,18,3550.0,0.1086081804223231,7
B005180,2025-11-13,Discovery Dive,OTA,Moderate,27,4400.0,0.26506705044811285,2
B005181,2025-11-13,Fun Dive,Website,Moderate,24,6800.0,0.16010695305668596,4
B005182,2025-11-14,Discovery Dive,Walk-in,Moderate,2,5200.0,0.10557238313520881,7
B005183,2025-11-14,Fun Dive,Hotel Partner,Moderate,10,6450.0,0.16744310849723987,4
B005184,2025-11-14,Fun Dive,Unknown,Moderate,40,7250.0,0.12334453201319606,6
B005185,2025-11-14,Fun Dive,Website,Moderate,15,3400.0,0.16350728280787133,4
B005186,2025-11-14,Fun Dive,Unknown,Moderate,21,3550.0,0.14657708262151012,5
B005187,2025-11-14,Discovery Dive,Unknown,Moderate,3,9150.0,0.13476349083914455,5
B005188,2025-11-14,Fun Dive,Instagram,Moderate,22,14100.0,0.13285638972676647,5
B005189,2025-11-15,Fun Dive,Hotel Partner,Rough,45,6300.0,0.4446940751489748,1
B005190,2025-11-15,Fun Dive,OTA,Rough,35,9150.0,0.5469289138648682,1
B005191,2025-11-15,Discovery Dive,Referral,Rough,34,4600.0,0.3180804820807799,2
B005192,2025-11-15,Fun Dive,OTA,Rough,15,6200.0,0.571240839225664,1
B005193,2025-11-15,Discovery Dive,Website,Rough,6,5400.0,0.4391476402060207,1
B005194,2025-11-15,Fun Dive,Walk-in,Rough,17,15000.0,0.31853882620151824,2
B005195,2025-11-16,Fun Dive,Instagram,Rough,24,7450.0,0.41676157595491675,1
B005196,2025-11-16,Fun Dive,Walk-in,Rough,4,7300.0,0.3512225051223565,2
B005197,2025-11-16,Fun Dive,Instagram,Rough,9,6900.0,0.4255533305016408,1
B005198,2025-11-16,Fun Dive,Unknown,Rough,10,6900.0,0.3860906248326634,1
B005199,2025-11-16,Fun Dive,Instagram,Rough,19,13850.0,0.388027074229864,1
B005200,2025-11-16,Discovery Dive,Walk-in,Rough,11,5450.0,0.3309564542925759,2
B005201,2025-11-16,Course,Hotel Partner,Rough,20,23150.0,0.4603199857125938,1
B005202,2025-11-16,Discovery Dive,Hotel Partner,Rough,9,4550.0,0.4804680009582159,1
B005203,2025-11-16,Fun Dive,OTA,Rough,44,3100.0,0.5714998230170097,1
B005204,2025-11-16,Discovery Dive,Website,Rough,6,5000.0,0.4281333570889872,1
B005205,2025-11-17,Discovery Dive,Hotel Partner,Rough,7,4700.0,0.43866089685518367,1
B005206,2025-11-17,Course,Unknown,Rough,24,26700.0,0.4702754043709298,1
B005207,2025-11-17,Fun Dive,Website,Rough,13,3750.0,0.38426202413949273,1
B005208,2025-11-17,Discovery Dive,OTA,Rough,30,4150.0,0.5338238388149285,1
B005209,2025-11-17,Course,Unknown,Rough,36,22550.0,0.3722806902813242,1
B005210,2025-11-17,Discovery Dive,OTA,Rough,43,4300.0,0.5330745530808149,1
B005211,2025-11-17,Discovery Dive,Hotel Partner,Rough,18,4350.0,0.4261622707337317,1
B005212,2025-11-17,Discovery Dive,Hotel Partner,Rough,1,8950.0,0.44522325852384537,1
B005213,2025-11-17,Fun Dive,OTA,Rough,4,11450.0,0.4831030485784699,1
B005214,2025-11-17,Fun Dive,Walk-in,Rough,35,11000.0,0.25370620631988255,2
B005215,2025-11-18,Course,Instagram,Calm,7,27150.0,0.17240772621207986,4
B005216,2025-11-18,Fun Dive,Website,Calm,1,7150.0,0.09180201626842557,8
B005217,2025-11-18,Discovery Dive,OTA,Calm,19,4300.0,0.16888458594027594,4
B005218,2025-11-18,Fun Dive,Website,Calm,39,13350.0,0.08514344443886637,8
B005219,2025-11-18,Fun Dive,OTA,Calm,38,8600.0,0.13968176964642579,5
B005220,2025-11-18,Fun Dive,Hotel Partner,Calm,30,6750.0,0.10805675748684807,7
B005221,2025-11-18,Fun Dive,Referral,Calm,30,10750.0,0.05615823927827044,10
B005222,2025-11-18,Discovery Dive,Walk-in,Calm,34,5550.0,0.06277163183036247,9
B005223,2025-11-18,Course,Website,Calm,2,26100.0,0.14040192418257766,5
B005224,2025-11-19,Discovery Dive,OTA,Calm,0,4100.0,0.1903744342991691,3
B005225,2025-11-19,Course,OTA,Calm,28,20800.0,0.20903681321612547,3
B005226,2025-11-19,Fun Dive,Website,Calm,32,3550.0,0.10028861946361292,7
B005227,2025-11-19,Fun Dive,Unknown,Calm,17,12700.0,0.07464841726677203,9
B005228,2025-11-19,Discovery Dive,OTA,Calm,5,4150.0,0.18998396935029865,3
B005229,2025-11-19,Discovery Dive,Referral,Calm,2,4750.0,0.07153184404886083,9
B005230,2025-11-19,Discovery Dive,OTA,Calm,9,4350.0,0.18838934217854755,3
B005231,2025-11-19,Discovery Dive,Referral,Calm,30,4650.0,0.06694045768436048,9
B005232,2025-11-19,Fun Dive,OTA,Calm,20,11100.0,0.16303793275867864,4
B005233,2025-11-20,Discovery Dive,OTA,Calm,29,8450.0,0.17119359829289235,4
B005234,2025-11-20,Fun Dive,OTA,Calm,7,6200.0,0.21550034464016196,3
B005235,2025-11-20,Fun Dive,OTA,Calm,24,5600.0,0.16153096962302937,4
B005236,2025-11-20,Fun Dive,OTA,Calm,14,5550.0,0.16400246117594008,4
B005237,2025-11-20,Fun Dive,OTA,Calm,19,6050.0,0.18492478188684477,3
B005238,2025-11-20,Discovery Dive,Walk-in,Calm,35,5600.0,0.06789751119341958,9
B005239,2025-11-20,Discovery Dive,Unknown,Calm,32,4350.0,0.09061786050999455,8
B005240,2025-11-20,Fun Dive,Walk-in,Calm,16,14950.0,0.05848751164922043,10
B005241,2025-11-20,Discovery Dive,Website,Calm,39,5400.0,0.09586550553042443,7
B005242,2025-11-21,Discovery Dive,OTA,Moderate,25,4400.0,0.24650159528891372,2
B005243,2025-11-21,Discovery Dive,Website,Moderate,14,5200.0,0.14810948329176202,5
B005244,2025-11-21,Fun Dive,Instagram,Moderate,26,7550.0,0.1608419872269153,4
B005245,2025-11-21,Fun Dive,Referral,Moderate,26,6950.0,0.10313250508394588,7
B005246,2025-11-21,Course,Unknown,Moderate,17,26400.0,0.16197156386659964,4
B005247,2025-11-21,Fun Dive,Referral,Moderate,29,7150.0,0.10806421688029574,7
B005248,2025-11-22,Course,Walk-in,Calm,36,25100.0,0.08186899497037409,8
B005249,2025-11-22,Discovery Dive,Unknown,Calm,32,5000.0,0.11340024805799279,6
B005250,2025-11-22,Discovery Dive,Website,Calm,28,5400.0,0.1236836824427927,6
B005251,2025-11-22,Fun Dive,OTA,Calm,21,11050.0,0.17095108350731486,4
B005252,2025-11-22,Discovery Dive,OTA,Calm,37,4050.0,0.20634875195206898,3
B005253,2025-11-22,Fun Dive,Website,Calm,37,3400.0,0.13003968843505476,5
B005254,2025-11-22,Course,Walk-in,Calm,41,25300.0,0.1003704118477853,7
B005255,2025-11-22,Discovery Dive,OTA,Calm,3,4350.0,0.22349734492958265,3
B005256,2025-11-23,Discovery Dive,Walk-in,Calm,16,5050.0,0.08320684693653098,8
B005257,2025-11-23,Discovery Dive,Hotel Partner,Calm,12,5050.0,0.15518733317704506,4
B005258,2025-11-23,Fun Dive,Walk-in,Calm,7,10150.0,0.07367805901440658,9
B005259,2025-11-23,Fun Dive,Website,Calm,29,6850.0,0.11134944941362984,6
B005260,2025-11-23,Discovery Dive,Hotel Partner,Calm,36,4600.0,0.14744312405031734,5
B005261,2025-11-23,Fun Dive,Unknown,Calm,30,7300.0,0.10222887068386807,7
B005262,2025-11-23,Fun Dive,OTA,Calm,40,9350.0,0.1821149734748866,3
B005263,2025-11-23,Fun Dive,Instagram,Calm,23,10750.0,0.13000091377168121,5
B005264,2025-11-23,Fun Dive,Website,Calm,23,14150.0,0.10066939391839554,7
B005265,2025-11-23,Fun Dive,Website,Calm,14,11150.0,0.111041404619721,6
B005266,2025-11-23,Fun Dive,Referral,Calm,41,13450.0,0.07306139458393943,9
B005267,2025-11-23,Fun Dive,Referral,Calm,44,6850.0,0.07317993013392492,9
B005268,2025-11-23,Discovery Dive,OTA,Calm,21,4450.0,0.21246400905642732,3
B005269,2025-11-23,Fun Dive,Website,Calm,45,6750.0,0.10601546145116329,7
B005270,2025-11-23,Fun Dive,OTA,Calm,42,9000.0,0.19766865247474796,3
B005271,2025-11-23,Fun Dive,OTA,Calm,25,8600.0,0.19642110627159237,3
B005272,2025-11-24,Course,Instagram,Calm,16,26950.0,0.14824436878338565,5
B005273,2025-11-24,Discovery Dive,Website,Calm,24,9950.0,0.0921480472436903,7
B005274,2025-11-24,Discovery Dive,OTA,Calm,35,4400.0,0.16302769810728687,4
B005275,2025-11-24,Fun Dive,Walk-in,Calm,24,3350.0,0.06861376619321058,9
B005276,2025-11-24,Course,Website,Calm,20,25400.0,0.09440354287312136,7
B005277,2025-11-24,Discovery Dive,OTA,Calm,9,4450.0,0.173207125549407,4
B005278,2025-11-24,Discovery Dive,Unknown,Calm,39,4450.0,0.08072790502671984,8
B005279,2025-11-25,Discovery Dive,OTA,Calm,8,4600.0,0.1750675048650457,4
B005280,2025-11-25,Discovery Dive,Website,Calm,3,5150.0,0.10176525259304617,7
B005281,2025-11-25,Fun Dive,OTA,Calm,23,5850.0,0.15657693371406992,4
B005282,2025-11-25,Fun Dive,Referral,Calm,42,3250.0,0.06862982304320307,9
B005283,2025-11-25,Discovery Dive,Website,Calm,44,5400.0,0.09366347440614635,7
B005284,2025-11-25,Fun Dive,Instagram,Calm,10,10800.0,0.09155696974033369,8
B005285,2025-11-25,Fun Dive,Walk-in,Calm,11,15100.0,0.05515455689473955,10
B005286,2025-11-25,Fun Dive,Hotel Partner,Calm,44,3050.0,0.11182267533287453,6
B005287,2025-11-25,Fun Dive,Unknown,Calm,4,5750.0,0.08102417475339699,8
B005288,2025-11-25,Discovery Dive,Instagram,Calm,11,5500.0,0.1070452606146933,7
B005289,2025-11-26,Discovery Dive,OTA,Moderate,5,4600.0,0.2750480851308613,2
B005290,2025-11-26,Course,OTA,Moderate,31,,0.14894719626915312,4
B005291,2025-11-26,Discovery Dive,Walk-in,Moderate,8,4900.0,0.11021195593428741,6
B005292,2025-11-26,Discovery Dive,OTA,Moderate,8,4400.0,0.2706555326775967,2
B005293,2025-11-26,Discovery Dive,Referral,Moderate,10,9250.0,0.1091813314866001,6
B005294,2025-11-26,Discovery Dive,Walk-in,Moderate,9,5350.0,0.10862172034069238,7
B005295,2025-11-26,Discovery Dive,Unknown,Moderate,10,5000.0,0.14900451450737304,4
B005296,2025-11-27,Discovery Dive,Unknown,Moderate,27,10850.0,0.14077540928365617,5
B005297,2025-11-27,Fun Dive,OTA,Moderate,38,5750.0,0.2288692524757482,3
B005298,2025-11-27,Course,Walk-in,Moderate,19,24650.0,0.10264087552319198,7
B005299,2025-11-27,Fun Dive,Website,Moderate,24,7400.0,0.14116259677977097,5
B005300,2025-11-27,Fun Dive,Website,Moderate,0,3700.0,0.17456007338166785,4
B005301,2025-11-27,Fun Dive,OTA,Moderate,30,11200.0,0.20020240335989595,3
B005302,2025-11-27,Course,OTA,Moderate,12,20850.0,0.2324202002151852,3
B005303,2025-11-27,Discovery Dive,Unknown,Moderate,22,9000.0,0.1340743298439333,5
B005304,2025-11-27,Discovery Dive,Walk-in,Moderate,31,11000.0,0.10691358584226202,7
B005305,2025-11-27,Course,Walk-in,Moderate,30,25950.0,0.14396923060998695,5
B005306,2025-11-28,Fun Dive,OTA,Moderate,44,3000.0,0.2657130096321981,2
B005307,2025-11-28,Discovery Dive,Unknown,Moderate,16,5200.0,0.1421371017245006,5
B005308,2025-11-28,Course,Unknown,Moderate,17,22750.0,0.14343691744490714,5
B005309,2025-11-28,Fun Dive,Referral,Moderate,43,3200.0,0.10733682754784633,7
B005310,2025-11-28,Discovery Dive,Walk-in,Moderate,40,5250.0,0.09926028821126841,7
B005311,2025-11-28,Fun Dive,Walk-in,Moderate,4,3800.0,0.10581490304608292,7
B005312,2025-11-28,Fun Dive,Walk-in,Moderate,38,7600.0,0.09301600249280584,7
B005313,2025-11-28,Fun Dive,Website,Moderate,44,3500.0,0.15768884835282795,4
B005314,2025-11-29,Discovery Dive,Hotel Partner,Moderate,5,4850.0,0.21922290633873884,3
B005315,2025-11-29,Discovery Dive,Referral,Moderate,2,5000.0,0.13130179825694824,5
B005316,2025-11-29,Course,Walk-in,Moderate,21,26750.0,0.185616708671473,3
B005317,2025-11-29,Discovery Dive,Instagram,Moderate,5,5400.0,0.2018661658536249,3
B005318,2025-11-29,Fun Dive,Hotel Partner,Moderate,40,3300.0,0.22925263069789523,3
B005319,2025-11-29,Discovery Dive,Walk-in,Moderate,9,5550.0,0.13174976188474294,5
B005320,2025-11-29,Fun Dive,OTA,Moderate,31,3150.0,0.32900087269339157,2
B005321,2025-11-29,Fun Dive,OTA,Moderate,45,2800.0,0.31105203494857186,2
B005322,2025-11-29,Fun Dive,OTA,Moderate,10,5550.0,0.30756705299074183,2
B005323,2025-11-29,Fun Dive,Walk-in,Moderate,38,7450.0,0.11443731278215875,6
B005324,2025-11-29,Fun Dive,Hotel Partner,Moderate,6,3300.0,0.21567401125323118,3
B005325,2025-11-29,Discovery Dive,Website,Moderate,43,10550.0,0.17293731008651395,4
B005326,2025-11-29,Fun Dive,Website,Moderate,13,10650.0,0.17905513774368337,4
B005327,2025-11-29,Fun Dive,Hotel Partner,Moderate,18,6750.0,0.21914931593383044,3
B005328,2025-11-29,Fun Dive,Hotel Partner,Moderate,25,3100.0,0.20880626448945552,3
B005329,2025-11-29,Fun Dive,Walk-in,Moderate,42,6750.0,0.12466042240352618,6
B005330,2025-11-29,Fun Dive,OTA,Moderate,20,6200.0,0.30437096701323857,2
B005331,2025-11-30,Fun Dive,Hotel Partner,Moderate,0,3200.0,0.2539762116372254,2
B005332,2025-11-30,Discovery Dive,OTA,Moderate,36,3950.0,0.30394373476624365,2
B005333,2025-11-30,Fun Dive,Unknown,Moderate,22,7400.0,0.16496210297125052,4
B005334,2025-11-30,Discovery Dive,OTA,Moderate,27,4450.0,0.30754814257979474,2
B005335,2025-11-30,Course,Website,Moderate,11,26000.0,0.19993540898162374,3
B005336,2025-11-30,Discovery Dive,Website,Moderate,30,5450.0,0.1848267202701587,3
B005337,2025-11-30,Fun Dive,Walk-in,Moderate,4,3400.0,0.15019588559493444,4
B005338,2025-12-01,Discovery Dive,OTA,Moderate,5,4550.0,0.2803245876943966,2
B005339,2025-12-01,Fun Dive,Website,Moderate,36,3450.0,0.15033054347178454,4
B005340,2025-12-01,Fun Dive,Walk-in,Moderate,1,3450.0,0.12928507191544286,5
B005341,2025-12-01,Discovery Dive,Instagram,Moderate,32,5050.0,0.16688459344730067,4
B005342,2025-12-01,Fun Dive,Walk-in,Moderate,21,14450.0,0.09356808797045192,7
B005343,2025-12-01,Fun Dive,Hotel Partner,Moderate,17,13800.0,0.1837141835226268,3
B005344,2025-12-01,Fun Dive,OTA,Moderate,2,5950.0,0.2826289839915342,2
B005345,2025-12-01,Discovery Dive,Instagram,Moderate,1,4900.0,0.17992028670315455,4
B005346,2025-12-01,Fun Dive,Website,Moderate,33,3300.0,0.16938297857172882,4
B005347,2025-12-01,Discovery Dive,Website,Moderate,3,5200.0,0.16962844598568655,4
B005348,2025-12-01,Discovery Dive,OTA,Moderate,15,4200.0,0.27415168147316804,2
B005349,2025-12-01,Fun Dive,OTA,Moderate,4,8350.0,0.2431647334336571,2
B005350,2025-12-01,Fun Dive,OTA,Moderate,44,2800.0,0.2571895868788195,2
B005351,2025-12-01,Discovery Dive,OTA,Moderate,2,4050.0,0.281078919461473,2
B005352,2025-12-01,Course,OTA,Moderate,39,22250.0,0.24376060344979203,2
B005353,2025-12-01,Course,Walk-in,Moderate,15,25650.0,0.15783206439850783,4
B005354,2025-12-01,Fun Dive,OTA,Moderate,9,3150.0,0.27741954648878964,2
B005355,2025-12-01,Fun Dive,OTA,Moderate,7,2850.0,0.2991592074888463,2
B005356,2025-12-01,Fun Dive,Website,Moderate,34,7350.0,0.1487600208700645,5
B005357,2025-12-01,Fun Dive,Website,Moderate,4,3550.0,0.16501376104613708,4
B005358,2025-12-02,Discovery Dive,OTA,Moderate,39,4400.0,0.27758579510388104,2
B005359,2025-12-02,Fun Dive,Website,Moderate,20,7400.0,0.18090461714874637,4
B005360,2025-12-02,Fun Dive,Website,Moderate,25,10250.0,0.14785233631764094,5
B005361,2025-12-02,Discovery Dive,OTA,Moderate,25,4100.0,0.2862672946230176,2
B005362,2025-12-02,Fun Dive,Instagram,Moderate,29,3550.0,0.17638977345386744,4
B005363,2025-12-02,Fun Dive,Referral,Moderate,34,6350.0,0.10633370556822376,7
B005364,2025-12-02,Fun Dive,OTA,Moderate,0,8600.0,0.255217274841826,2
B005365,2025-12-02,Discovery Dive,OTA,Moderate,11,4100.0,0.2903356598987242,2
B005366,2025-12-02,Fun Dive,Instagram,Moderate,33,3750.0,0.17482623188348406,4
B005367,2025-12-02,Discovery Dive,OTA,Moderate,12,4150.0,0.288519640091183,2
B005368,2025-12-02,Fun Dive,Website,Moderate,11,6750.0,0.16012953612274802,4
B005369,2025-12-02,Discovery Dive,OTA,Moderate,29,4200.0,0.27823036110594274,2
B005370,2025-12-02,Fun Dive,Walk-in,Moderate,30,3700.0,0.11409986915852816,6
B005371,2025-12-02,Fun Dive,Instagram,Moderate,0,11250.0,0.1723491826974103,4
B005372,2025-12-02,Course,OTA,Moderate,19,20150.0,0.2536455272644407,2
B005373,2025-12-02,Course,Walk-in,Moderate,43,25500.0,0.1520608983095112,4
B005374,2025-12-02,Course,OTA,Moderate,25,20400.0,0.27900418203811517,2
B005375,2025-12-03,Course,Website,Calm,1,23800.0,0.10179896168176009,7
B005376,2025-12-03,Course,Unknown,Calm,34,25800.0,0.1333285816531117,5
B005377,2025-12-03,Fun Dive,Walk-in,Calm,26,3750.0,0.07751840065811821,8
B005378,2025-12-03,Discovery Dive,OTA,Calm,36,8250.0,0.17056304834628966,4
B005379,2025-12-03,Fun Dive,OTA,Calm,34,11850.0,0.13844384581193145,5
B005380,2025-12-03,Discovery Dive,Walk-in,Calm,2,5500.0,0.07272163197074692,9
B005381,2025-12-03,Fun Dive,Unknown,Calm,22,5500.0,0.09394532815163507,7
B005382,2025-12-03,Fun Dive,Walk-in,Calm,23,3350.0,0.07479710848745744,9
B005383,2025-12-03,Fun Dive,OTA,Calm,43,2800.0,0.18943772356665323,3
B005384,2025-12-04,Discovery Dive,Website,Calm,28,9750.0,0.10543345705707811,7
B005385,2025-12-04,Discovery Dive,Walk-in,Calm,19,5100.0,0.07421133177057206,9
B005386,2025-12-04,Fun Dive,Walk-in,Calm,27,7100.0,0.06841227223212613,9
B005387,2025-12-04,Fun Dive,Walk-in,Calm,25,15000.0,0.06422781099906089,9
B005388,2025-12-04,Course,Instagram,Calm,25,25500.0,0.12035975156042789,6
B005389,2025-12-04,Fun Dive,Unknown,Calm,25,15150.0,0.08733164663549176,8
B005390,2025-12-04,Fun Dive,OTA,Calm,18,8850.0,0.1634161443089437,4
B005391,2025-12-04,Discovery Dive,Walk-in,Calm,28,4950.0,0.07528524291405869,9
B005392,2025-12-04,Fun Dive,Walk-in,Calm,7,13400.0,0.061103658823675945,10
B005393,2025-12-04,Discovery Dive,Instagram,Calm,5,4750.0,0.11982089047464764,6
B005394,2025-12-05,Course,Instagram,Calm,22,24700.0,0.1446513437730106,5
B005395,2025-12-05,Course,Website,Calm,8,24400.0,0.11902910201481198,6
B005396,2025-12-05,Fun Dive,Referral,Calm,31,3300.0,0.07173810400143878,9
B005397,2025-12-05,Course,OTA,Calm,16,22400.0,0.22157557511496243,3
B005398,2025-12-05,Fun Dive,OTA,Calm,1,6350.0,0.2150564599503079,3
B005399,2025-12-05,Fun Dive,Walk-in,Calm,39,3450.0,0.06286863160483708,9
B005400,2025-12-05,Discovery Dive,Website,Calm,37,5200.0,0.10046390752674826,7
B005401,2025-12-05,Fun Dive,Unknown,Calm,26,10250.0,0.08165331358807813,8
B005402,2025-12-05,Fun Dive,Walk-in,Calm,41,7250.0,0.07232245012643755,9
B005403,2025-12-05,Discovery Dive,Website,Calm,19,5100.0,0.10400014724616931,7
B005404,2025-12-05,Discovery Dive,Walk-in,Calm,3,10450.0,0.07385358679337256,9
B005405,2025-12-05,Fun Dive,Unknown,Calm,11,3600.0,0.09761865509670933,7
B005406,2025-12-05,Fun Dive,Hotel Partner,Calm,35,9600.0,0.10328803020307922,7
B005407,2025-12-05,Discovery Dive,Instagram,Calm,29,4850.0,0.10822344719124015,7
B005408,2025-12-05,Fun Dive,Referral,Calm,4,7050.0,0.07904425700957846,8
B005409,2025-12-05,Fun Dive,Website,Calm,2,3650.0,0.10778053960299051,7
B005410,2025-12-06,Fun Dive,Referral,Calm,9,6500.0,0.09387801831604506,7
B005411,2025-12-06,Fun Dive,OTA,Calm,2,12650.0,0.19592384821250758,3
B005412,2025-12-06,Course,Instagram,Calm,30,24200.0,0.17673845322355553,4
B005413,2025-12-06,Fun Dive,Website,Calm,36,13600.0,0.11951097032382621,6
B005414,2025-12-06,Course,Walk-in,Calm,25,27600.0,0.13587455818323627,5
B005415,2025-12-06,Course,Instagram,Calm,37,26950.0,0.1994127250457259,3
B005416,2025-12-06,Fun Dive,Unknown,Calm,44,3700.0,0.13042835985840773,5
B005417,2025-12-06,Fun Dive,OTA,Calm,6,9500.0,0.2334665998524137,2
B005418,2025-12-06,Fun Dive,OTA,Calm,1,8600.0,0.20191918702470224,3
B005419,2025-12-07,Course,Walk-in,Calm,17,24500.0,0.08165451007826317,8
B005420,2025-12-07,Discovery Dive,Hotel Partner,Calm,12,4500.0,0.14907323426557834,4
B005421,2025-12-07,Discovery Dive,Hotel Partner,Calm,10,4600.0,0.14914495873760747,4
B005422,2025-12-07,Fun Dive,OTA,Calm,7,5950.0,0.2232921423999928,3
B005423,2025-12-07,Discovery Dive,Hotel Partner,Calm,3,4750.0,0.1507741030490797,4
B005424,2025-12-07,Discovery Dive,OTA,Calm,8,4050.0,0.2152516862556632,3
B005425,2025-12-07,Fun Dive,Referral,Calm,41,3550.0,0.09080695315591353,8
B005426,2025-12-07,Discovery Dive,Instagram,Calm,26,10400.0,0.12974917212471743,5
B005427,2025-12-07,Discovery Dive,Referral,Calm,9,4750.0,0.09102401983936571,8
B005428,2025-12-07,Fun Dive,Website,Calm,14,10700.0,0.11706256179216093,6
B005429,2025-12-07,Discovery Dive,Walk-in,Calm,22,10250.0,0.08962513439592959,8
B005430,2025-12-07,Fun Dive,Instagram,Calm,4,13700.0,0.11617925346359947,6
B005431,2025-12-07,Fun Dive,Unknown,Calm,45,12500.0,0.1011843900627373,7
B005432,2025-12-07,Discovery Dive,OTA,Calm,14,4050.0,0.22914251168549787,3
B005433,2025-12-07,Fun Dive,Referral,Calm,40,3450.0,0.08586079561802236,8
B005434,2025-12-08,Discovery Dive,OTA,Calm,5,4100.0,0.19045944484109867,3
B005435,2025-12-08,Fun Dive,Website,Calm,45,3500.0,0.09936030596788832,7
B005436,2025-12-08,Fun Dive,Website,Calm,1,11000.0,0.0969141969304907,7
B005437,2025-12-08,Course,Website,Calm,3,26750.0,0.1167873753124654,6
B005438,2025-12-08,Discovery Dive,Hotel Partner,Calm,5,4700.0,0.13736196994546165,5
B005439,2025-12-08,Fun Dive,Walk-in,Calm,23,3750.0,0.0812792139419912,8
B005440,2025-12-08,Course,Website,Calm,31,24950.0,0.11751416764472189,6
B005441,2025-12-09,Fun Dive,Walk-in,Moderate,9,7750.0,0.11263494151449463,6
B005442,2025-12-09,Fun Dive,Walk-in,Moderate,15,3600.0,0.11662125356867954,6
B005443,2025-12-09,Discovery Dive,Website,Moderate,13,5000.0,0.16721066790163078,4
B005444,2025-12-09,Discovery Dive,Walk-in,Moderate,37,11000.0,0.11632150686716884,6
B005445,2025-12-09,Course,Walk-in,Moderate,2,24550.0,0.1541193796483225,4
B005446,2025-12-09,Fun Dive,Unknown,Moderate,19,3200.0,0.15266542195649296,4
B005447,2025-12-09,Fun Dive,Unknown,Moderate,37,6250.0,0.13631943032125327,5
B005448,2025-12-09,Discovery Dive,Referral,Moderate,19,4900.0,0.11610108944349241,6
B005449,2025-12-09,Fun Dive,Website,Moderate,39,7150.0,0.15205132156076473,4
B005450,2025-12-09,Fun Dive,Unknown,Moderate,8,3350.0,0.15552932080585102,4
B005451,2025-12-10,Fun Dive,OTA,Moderate,33,6250.0,0.27639057226326424,2
B005452,2025-12-10,Fun Dive,Instagram,Moderate,10,3700.0,0.1726312444089548,4
B005453,2025-12-10,Fun Dive,Referral,Moderate,40,3400.0,0.10736923671268048,7
B005454,2025-12-10,Discovery Dive,OTA,Moderate,19,4350.0,0.2752614694193926,2
B005455,2025-12-10,Fun Dive,Referral,Moderate,44,3300.0,0.12275447094499059,6
B005456,2025-12-10,Discovery Dive,OTA,Moderate,12,4500.0,0.27892002075748795,2
B005457,2025-12-10,Fun Dive,Hotel Partner,Moderate,16,13200.0,0.1627914518090126,4
B005458,2025-12-10,Fun Dive,Unknown,Moderate,12,13500.0,0.12787107247468013,5
B005459,2025-12-10,Fun Dive,OTA,Moderate,34,2750.0,0.2741896125737892,2
B005460,2025-12-10,Fun Dive,OTA,Moderate,30,11700.0,0.22250168207750337,3
B005461,2025-12-10,Fun Dive,Website,Moderate,16,6500.0,0.15538793184007135,4
B005462,2025-12-10,Fun Dive,Website,Moderate,15,3700.0,0.16757983187774245,4
B005463,2025-12-10,Course,Website,Moderate,30,26800.0,0.19547045181139913,3
B005464,2025-12-10,Discovery Dive,Website,Moderate,23,5050.0,0.16395787000014633,4
B005465,2025-12-10,Fun Dive,Walk-in,Moderate,12,14850.0,0.10074085868305578,7
B005466,2025-12-10,Course,Walk-in,Moderate,23,26250.0,0.14706200606616326,5
B005467,2025-12-10,Discovery Dive,OTA,Moderate,5,4600.0,0.29007102982155836,2
B005468,2025-12-11,Discovery Dive,Instagram,Moderate,5,5350.0,0.1783454373221207,4
B005469,2025-12-11,Course,Referral,Moderate,32,25600.0,0.1299747053953455,5
B005470,2025-12-11,Discovery Dive,Website,Moderate,19,5350.0,0.1635185861937046,4
B005471,2025-12-11,Discovery Dive,OTA,Moderate,38,4100.0,0.26112397954564764,2
B005472,2025-12-11,Fun Dive,Walk-in,Moderate,41,15050.0,0.10005185685668129,7
B005473,2025-12-11,Discovery Dive,OTA,Moderate,43,3950.0,0.2577077159181625,2
B005474,2025-12-11,Discovery Dive,Website,Moderate,9,5450.0,0.1684182368114896,4
B005475,2025-12-11,Fun Dive,Walk-in,Moderate,20,14650.0,0.11056814962847945,6
B005476,2025-12-11,Discovery Dive,OTA,Moderate,7,4350.0,0.2924176708752282,2
B005477,2025-12-11,Discovery Dive,Walk-in,Moderate,16,5050.0,0.1186187890199478,6
B005478,2025-12-11,Fun Dive,Hotel Partner,Moderate,43,6500.0,0.18043642760852627,4
B005479,2025-12-11,Fun Dive,OTA,Moderate,39,3000.0,0.3068555215168777,2
B005480,2025-12-11,Fun Dive,Instagram,Moderate,4,7000.0,0.19804273308284917,3
B005481,2025-12-11,Discovery Dive,Unknown,Moderate,23,4900.0,0.15402932604183353,4
B005482,2025-12-11,Discovery Dive,Website,Moderate,21,4950.0,0.1697872542032419,4
B005483,2025-12-11,Discovery Dive,Website,Moderate,42,5050.0,0.16385509560345862,4
B005484,2025-12-11,Fun Dive,Website,Moderate,25,9850.0,0.16443670778727237,4
B005485,2025-12-12,Discovery Dive,OTA,Moderate,26,8800.0,0.25822590248741245,2
B005486,2025-12-12,Discovery Dive,Referral,Moderate,31,4600.0,0.10547968758477858,7
B005487,2025-12-12,Fun Dive,Instagram,Moderate,3,3400.0,0.16957109702782647,4
B005488,2025-12-12,Fun Dive,OTA,Moderate,4,5900.0,0.27518604312802764,2
B005489,2025-12-12,Fun Dive,Walk-in,Moderate,8,13750.0,0.09141058041656164,8
B005490,2025-12-12,Discovery Dive,OTA,Moderate,3,4200.0,0.27442409859837286,2
B005491,2025-12-12,Fun Dive,OTA,Moderate,32,3050.0,0.2658336160064137,2
B005492,2025-12-13,Discovery Dive,OTA,Moderate,31,4100.0,0.3096495393528082,2
B005493,2025-12-13,Fun Dive,OTA,Moderate,36,8850.0,0.29539327661329406,2
B005494,2025-12-13,Discovery Dive,OTA,Moderate,10,4500.0,0.3276350663030389,2
B005495,2025-12-13,Discovery Dive,Instagram,Moderate,15,4950.0,0.20825631498251237,3
B005496,2025-12-13,Discovery Dive,OTA,Moderate,0,4100.0,0.32537905812151624,2
B005497,2025-12-13,Course,Unknown,Moderate,43,24350.0,0.2252562097218427,3
B005498,2025-12-13,Fun Dive,Unknown,Moderate,4,7350.0,0.20145324038521845,3
B005499,2025-12-14,Discovery Dive,Instagram,Moderate,23,5050.0,0.20410024099367097,3
B005500,2025-12-14,Fun Dive,OTA,Moderate,34,2950.0,0.2999515002188328,2
B005501,2025-12-14,Fun Dive,Walk-in,Moderate,36,10050.0,0.11157311352737626,6
B005502,2025-12-14,Fun Dive,Hotel Partner,Moderate,24,6650.0,0.2404788089842665,2
B005503,2025-12-14,Fun Dive,OTA,Moderate,24,5850.0,0.2896332408599867,2
B005504,2025-12-14,Fun Dive,Walk-in,Moderate,19,7400.0,0.14182241660510556,5
B005505,2025-12-14,Discovery Dive,OTA,Moderate,5,4550.0,0.3209461463795245,2
B005506,2025-12-14,Discovery Dive,OTA,Moderate,35,9150.0,0.3064227764928065,2
B005507,2025-12-14,Fun Dive,OTA,Moderate,23,2800.0,0.3141983600713229,2
B005508,2025-12-14,Fun Dive,OTA,Moderate,20,3050.0,0.34101092097209906,2
B005509,2025-12-15,Fun Dive,OTA,Moderate,33,3050.0,0.2940321906307386,2
B005510,2025-12-15,Discovery Dive,Instagram,Moderate,15,9600.0,0.17555045913843256,4
B005511,2025-12-15,Discovery Dive,OTA,Moderate,1,4550.0,0.29442550936832845,2
B005512,2025-12-15,Discovery Dive,Website,Moderate,36,10050.0,0.16073303872641356,4
B005513,2025-12-15,Course,Referral,Moderate,3,26600.0,0.1475881519557184,5
B005514,2025-12-15,Discovery Dive,OTA,Moderate,40,3950.0,0.2644346549277312,2
B005515,2025-12-15,Fun Dive,Hotel Partner,Moderate,21,9950.0,0.17734042921913806,4
B005516,2025-12-15,Discovery Dive,OTA,Moderate,10,4300.0,0.2899126371007639,2
B005517,2025-12-15,Discovery Dive,Website,Moderate,35,4900.0,0.16028887468957337,4
B005518,2025-12-15,Discovery Dive,Referral,Moderate,11,5100.0,0.1200387590508693,6
B005519,2025-12-15,Fun Dive,Hotel Partner,Moderate,4,6250.0,0.19472448876947465,3
B005520,2025-12-15,Fun Dive,Website,Moderate,21,6550.0,0.15291227643149535,4
B005521,2025-12-15,Discovery Dive,Unknown,Moderate,9,5350.0,0.1624162914365315,4
B005522,2025-12-15,Discovery Dive,Instagram,Moderate,42,10350.0,0.174466138852953,4
B005523,2025-12-15,Discovery Dive,Website,Moderate,23,5000.0,0.16726742900254846,4
B005524,2025-12-16,Discovery Dive,Referral,Moderate,7,9600.0,0.11743281372338737,6
B005525,2025-12-16,Discovery Dive,Instagram,Moderate,24,5250.0,0.17504448085106117,4
B005526,2025-12-16,Fun Dive,Walk-in,Moderate,38,10800.0,0.11254303082249795,6
B005527,2025-12-16,Fun Dive,Walk-in,Moderate,33,7400.0,0.10547709784732104,7
B005528,2025-12-16,Fun Dive,Walk-in,Moderate,1,6700.0,0.10719749835203894,7
B005529,2025-12-16,Fun Dive,Walk-in,Moderate,8,7300.0,0.11006911038038607,6
B005530,2025-12-16,Fun Dive,Walk-in,Moderate,10,15350.0,0.10133618205927143,7
B005531,2025-12-17,Discovery Dive,Website,Calm,14,5300.0,0.11044002833443838,6
B005532,2025-12-17,Discovery Dive,Website,Calm,18,4850.0,0.10850527110102273,7
B005533,2025-12-17,Fun Dive,Hotel Partner,Calm,9,9300.0,0.13207106070098829,5
B005534,2025-12-17,Discovery Dive,Referral,Calm,32,4750.0,0.07167924280828282,9
B005535,2025-12-17,Discovery Dive,Instagram,Calm,27,5100.0,0.11274830393322206,6
B005536,2025-12-17,Discovery Dive,OTA,Calm,25,3950.0,0.18982688523970512,3
B005537,2025-12-17,Fun Dive,Referral,Calm,35,3200.0,0.07969937353643894,8
B005538,2025-12-17,Fun Dive,Website,Calm,24,11200.0,0.0962786582261108,7
B005539,2025-12-18,Fun Dive,Walk-in,Moderate,24,6850.0,0.11583840352516217,6
B005540,2025-12-18,Fun Dive,Unknown,Moderate,2,6250.0,0.15622705082224567,4
B005541,2025-12-18,Discovery Dive,OTA,Moderate,12,4350.0,0.2732147906214022,2
B005542,2025-12-18,Fun Dive,Website,Moderate,44,3350.0,0.1481504907251251,5
B005543,2025-12-18,Fun Dive,Hotel Partner,Moderate,36,3350.0,0.20526372806016654,3
B005544,2025-12-18,Discovery Dive,OTA,Moderate,34,4000.0,0.2644352787341306,2
B005545,2025-12-18,Fun Dive,OTA,Moderate,16,6100.0,0.2543572177748622,2
B005546,2025-12-18,Fun Dive,Hotel Partner,Moderate,38,6850.0,0.17729434071432554,4
B005547,2025-12-18,Discovery Dive,Website,Moderate,34,4950.0,0.15533396561987395,4
B005548,2025-12-18,Fun Dive,Unknown,Moderate,31,2900.0,0.15489614808843435,4
B005549,2025-12-19,Fun Dive,Hotel Partner,Moderate,3,9800.0,0.1998678648937162,3
B005550,2025-12-19,Course,Unknown,Moderate,25,25500.0,0.17453598166147657,4
B005551,2025-12-19,Fun Dive,Instagram,Moderate,12,3450.0,0.17700373843396378,4
B005552,2025-12-19,Discovery Dive,OTA,Moderate,38,8100.0,0.260561074523441,2
B005553,2025-12-19,Discovery Dive,Website,Moderate,44,5150.0,0.15763338427203047,4
B005554,2025-12-19,Fun Dive,Website,Moderate,12,6900.0,0.1551882105861545,4
B005555,2025-12-19,Discovery Dive,Website,Moderate,29,4900.0,0.16382588762877884,4
B005556,2025-12-19,Discovery Dive,Walk-in,Moderate,44,5250.0,0.10799805317167568,7
B005557,2025-12-19,Fun Dive,Referral,Moderate,20,3300.0,0.13117217006685686,5
B005558,2025-12-19,Fun Dive,Instagram,Moderate,21,7550.0,0.18928066234287305,3
B005559,2025-12-19,Fun Dive,Website,Moderate,2,6700.0,0.17736612795695775,4
B005560,2025-12-19,Discovery Dive,Instagram,Moderate,43,5450.0,0.17369300473872543,4
B005561,2025-12-19,Course,Walk-in,Moderate,17,25850.0,0.14600125879866685,5
B005562,2025-12-19,Discovery Dive,Referral,Moderate,16,4650.0,0.11630281055000212,6
B005563,2025-12-19,Discovery Dive,Website,Moderate,36,5300.0,0.16393242430683888,4
B005564,2025-12-19,Fun Dive,Walk-in,Moderate,7,15150.0,0.11562733012169739,6
B005565,2025-12-19,Course,Instagram,Moderate,8,26700.0,0.2299103797857249,3
B005566,2025-12-19,Fun Dive,Walk-in,Moderate,14,3650.0,0.11850755025039132,6
B005567,2025-12-19,Discovery Dive,Instagram,Moderate,31,5150.0,0.17764950654930056,4
B005568,2025-12-20,Fun Dive,Walk-in,Calm,33,13800.0,0.06557552832062942,9
B005569,2025-12-20,Course,OTA,Calm,16,22500.0,0.23130950813303375,3
B005570,2025-12-20,Discovery Dive,Referral,Calm,31,4650.0,0.08033662087900352,8
B005571,2025-12-20,Discovery Dive,Website,Calm,16,4850.0,0.12143026121910588,6
B005572,2025-12-20,Discovery Dive,Website,Calm,6,9950.0,0.12560457100297145,6
B005573,2025-12-20,Course,OTA,Calm,12,22500.0,0.269714111438675,2
B005574,2025-12-20,Discovery Dive,Hotel Partner,Calm,28,4950.0,0.14562120785570806,5
B005575,2025-12-20,Course,OTA,Calm,12,21200.0,0.260688117056961,2
B005576,2025-12-20,Discovery Dive,OTA,Calm,31,4350.0,0.2266117736175082,3
B005577,2025-12-20,Discovery Dive,Referral,Calm,32,4850.0,0.08694928180544495,8
B005578,2025-12-20,Fun Dive,Walk-in,Calm,10,3850.0,0.09152094908030323,8
B005579,2025-12-20,Discovery Dive,Website,Calm,39,4900.0,0.12581122503326558,6
B005580,2025-12-20,Fun Dive,OTA,Calm,10,12300.0,0.19182733832201923,3
B005581,2025-12-20,Fun Dive,Website,Calm,42,3650.0,0.12652617815914327,5
B005582,2025-12-20,Fun Dive,OTA,Calm,29,3000.0,0.2228020259299491,3
B005583,2025-12-20,Fun Dive,Walk-in,Calm,14,15450.0,0.09053180024352689,8
B005584,2025-12-20,Fun Dive,Walk-in,Calm,11,6850.0,0.10606617227540481,7
B005585,2025-12-20,Fun Dive,Website,Calm,34,3250.0,0.1372427730134726,5
B005586,2025-12-21,Course,OTA,Calm,4,21250.0,0.2183921383870052,3
B005587,2025-12-21,Fun Dive,OTA,Calm,14,3050.0,0.242710109622037,2
B005588,2025-12-21,Discovery Dive,Walk-in,Calm,27,10350.0,0.08408583625793542,8
B005589,2025-12-21,Fun Dive,Walk-in,Calm,27,7200.0,0.08587124893353672,8
B005590,2025-12-21,Fun Dive,Walk-in,Calm,8,3700.0,0.09803805486045762,7
B005591,2025-12-21,Fun Dive,Walk-in,Calm,6,3750.0,0.08535441237310594,8
B005592,2025-12-21,Fun Dive,Referral,Calm,18,6350.0,0.07639316834477847,9
B005593,2025-12-21,Discovery Dive,Referral,Calm,2,5250.0,0.08949240360583993,8
B005594,2025-12-21,Discovery Dive,OTA,Calm,6,4550.0,0.2200867739070924,3
B005595,2025-12-22,Discovery Dive,Unknown,Calm,45,5350.0,0.09728148719183315,7
B005596,2025-12-22,Course,Instagram,Calm,44,26100.0,0.13959056894403693,5
B005597,2025-12-22,Fun Dive,Unknown,Calm,30,3750.0,0.11469353673514293,6
B005598,2025-12-22,Fun Dive,Website,Calm,40,3550.0,0.10374769869598184,7
B005599,2025-12-22,Fun Dive,Hotel Partner,Calm,10,9050.0,0.1156671961261422,6
B005600,2025-12-22,Discovery Dive,OTA,Calm,32,4400.0,0.19539062842469193,3
B005601,2025-12-22,Fun Dive,OTA,Calm,37,5500.0,0.1946808016611012,3
B005602,2025-12-22,Discovery Dive,OTA,Calm,7,4050.0,0.1993401289893385,3
B005603,2025-12-22,Course,Unknown,Calm,19,20150.0,0.11897162050941937,6
B005604,2025-12-23,Discovery Dive,OTA,Rough,45,9150.0,0.5189738095122503,1
B005605,2025-12-23,Course,Walk-in,Rough,8,27500.0,0.3862072975723214,1
B005606,2025-12-23,Fun Dive,Website,Rough,17,6950.0,0.3554814398674854,2
B005607,2025-12-23,Discovery Dive,Unknown,Rough,21,4550.0,0.3463231082346212,2
B005608,2025-12-23,Course,Walk-in,Rough,16,25050.0,0.36296851067104374,1
B005609,2025-12-23,Discovery Dive,Instagram,Rough,0,5000.0,0.4023506988795979,1
B005610,2025-12-23,Fun Dive,Unknown,Rough,24,13800.0,0.30103771061307844,2
B005611,2025-12-24,Fun Dive,OTA,Calm,27,9200.0,0.16084993514376042,4
B005612,2025-12-24,Course,Instagram,Calm,40,27350.0,0.1647791244875626,4
B005613,2025-12-24,Fun Dive,Hotel Partner,Calm,9,3050.0,0.12983737597640277,5
B005614,2025-12-24,Discovery Dive,Instagram,Calm,34,5400.0,0.11235102418407968,6
B005615,2025-12-24,Course,Website,Calm,22,25150.0,0.12316551925738135,6
B005616,2025-12-24,Discovery Dive,OTA,Calm,45,4100.0,0.17624428927268132,4
B005617,2025-12-24,Fun Dive,Walk-in,Calm,17,3700.0,0.08161827099553781,8
B005618,2025-12-24,Fun Dive,Website,Calm,38,10100.0,0.09840605134851464,7
B005619,2025-12-24,Fun Dive,OTA,Calm,17,3050.0,0.20832384761089914,3
B005620,2025-12-25,Discovery Dive,Website,Calm,43,10400.0,0.10292619511387874,7
B005621,2025-12-25,Fun Dive,OTA,Calm,29,2800.0,0.18007795072551372,4
B005622,2025-12-25,Course,Website,Calm,14,26950.0,0.16094684752986735,4
B005623,2025-12-25,Fun Dive,Unknown,Calm,28,3350.0,0.10894302641818916,7
B005624,2025-12-25,Fun Dive,Website,Calm,31,7450.0,0.1107705977315335,6
B005625,2025-12-25,Discovery Dive,Unknown,Calm,33,5250.0,0.09869912597545905,7
B005626,2025-12-25,Discovery Dive,OTA,Calm,28,4050.0,0.18538424219036517,3
B005627,2025-12-25,Fun Dive,OTA,Calm,13,9500.0,0.16814106524379646,4
B005628,2025-12-25,Fun Dive,OTA,Calm,30,12300.0,0.16198896217684708,4
B005629,2025-12-25,Fun Dive,OTA,Calm,38,5750.0,0.17875684039912634,4
B005630,2025-12-25,Course,OTA,Calm,31,20850.0,0.1872276931681295,3
B005631,2025-12-25,Fun Dive,Hotel Partner,Calm,23,6350.0,0.13278406689916858,5
B005632,2025-12-25,Course,OTA,Calm,36,21250.0,0.19077118101581295,3
B005633,2025-12-25,Fun Dive,Hotel Partner,Calm,37,3150.0,0.12010028618287506,6
B005634,2025-12-25,Fun Dive,Walk-in,Calm,22,6800.0,0.06389761798672539,9
B005635,2025-12-26,Discovery Dive,OTA,Calm,17,4000.0,0.18686781413168888,3
B005636,2025-12-26,Course,Hotel Partner,Calm,39,24300.0,0.16929182288343025,4
B005637,2025-12-26,Fun Dive,Walk-in,Calm,23,14750.0,0.06066390799453827,10
B005638,2025-12-26,Fun Dive,OTA,Calm,17,2750.0,0.18702571910621965,3
B005639,2025-12-26,Fun Dive,Walk-in,Calm,23,13900.0,0.06672013374250552,9
B005640,2025-12-26,Discovery Dive,Referral,Calm,25,5200.0,0.07356715626351003,9
B005641,2025-12-26,Fun Dive,OTA,Calm,41,5750.0,0.1882828203423392,3
B005642,2025-12-26,Fun Dive,OTA,Calm,30,8250.0,0.15685518010482824,4
B005643,2025-12-27,Discovery Dive,Unknown,Calm,17,5100.0,0.1217960792043813,6
B005644,2025-12-27,Fun Dive,Walk-in,Calm,3,7700.0,0.08466589147370633,8
B005645,2025-12-27,Fun Dive,Walk-in,Calm,22,6950.0,0.0938327976387667,7
B005646,2025-12-27,Discovery Dive,Unknown,Calm,7,4200.0,0.11806503256670751,6
B005647,2025-12-27,Fun Dive,OTA,Calm,4,9250.0,0.20586989761586885,3
B005648,2025-12-27,Discovery Dive,Referral,Calm,29,4700.0,0.08698458545747369,8
B005649,2025-12-27,Course,OTA,Calm,39,20950.0,0.21757101897390005,3
B005650,2025-12-27,Course,Unknown,Calm,34,24150.0,0.15439140074854052,4
B005651,2025-12-27,Fun Dive,OTA,Calm,21,8550.0,0.20991965499723758,3
B005652,2025-12-27,Fun Dive,OTA,Calm,14,6250.0,0.22129254349703484,3
B005653,2025-12-27,Fun Dive,Instagram,Calm,18,6800.0,0.13940522027142593,5
B005654,2025-12-27,Fun Dive,Walk-in,Calm,35,10300.0,0.07851267364033009,8
B005655,2025-12-27,Fun Dive,Referral,Calm,21,3350.0,0.09281071988254251,7
B005656,2025-12-27,Fun Dive,Website,Calm,43,14050.0,0.09773948133610873,7
B005657,2025-12-27,Discovery Dive,Referral,Calm,41,4700.0,0.08002154339332702,8
B005658,2025-12-27,Fun Dive,Walk-in,Calm,1,10500.0,0.08607676616488326,8
B005659,2025-12-28,Course,Unknown,Calm,20,25650.0,0.15474430741566603,4
B005660,2025-12-28,Fun Dive,Walk-in,Calm,15,3450.0,0.0923226953233508,7
B005661,2025-12-28,Discovery Dive,OTA,Calm,12,4150.0,0.2176598973413061,3
B005662,2025-12-28,Fun Dive,Referral,Calm,6,10050.0,0.0940224546690407,7
B005663,2025-12-28,Course,OTA,Calm,33,21250.0,0.22428041131882495,3
B005664,2025-12-28,Fun Dive,Walk-in,Calm,30,3850.0,0.08994982374134189,8
B005665,2025-12-28,Fun Dive,Website,Calm,3,13800.0,0.10360570750124536,7
B005666,2025-12-28,Discovery Dive,Unknown,Calm,33,4100.0,0.11390761290280473,6
B005667,2025-12-28,Discovery Dive,Referral,Calm,7,5300.0,0.09342806556534314,7
B005668,2025-12-28,Fun Dive,OTA,Calm,36,11100.0,0.18945489418874956,3
B005669,2025-12-28,Fun Dive,Referral,Calm,17,9900.0,0.0768788125383572,8
B005670,2025-12-28,Course,Website,Calm,7,24250.0,0.13149116608212352,5
B005671,2025-12-28,Course,Website,Calm,23,25750.0,0.13166247554820315,5
B005672,2025-12-28,Fun Dive,Hotel Partner,Calm,30,6300.0,0.15812841888529916,4
B005673,2025-12-28,Fun Dive,OTA,Calm,41,3000.0,0.21572243958109238,3
B005674,2025-12-28,Course,Walk-in,Calm,18,27000.0,0.1327363514653466,5
B005675,2025-12-28,Fun Dive,Walk-in,Calm,14,3350.0,0.08881474640103029,8
B005676,2025-12-29,Fun Dive,Unknown,Moderate,41,7650.0,0.16189446822430237,4
B005677,2025-12-29,Fun Dive,Instagram,Moderate,9,14800.0,0.1776910389834205,4
B005678,2025-12-29,Fun Dive,Referral,Moderate,1,10000.0,0.10465181208879769,7
B005679,2025-12-29,Course,OTA,Moderate,23,21050.0,0.30299286949187837,2
B005680,2025-12-29,Fun Dive,Unknown,Moderate,11,8900.0,0.13014793498967953,5
B005681,2025-12-29,Discovery Dive,Referral,Moderate,6,5200.0,0.1222927871703481,6
B005682,2025-12-29,Fun Dive,Website,Moderate,22,6550.0,0.15493411700343676,4
B005683,2025-12-29,Fun Dive,OTA,Moderate,38,5600.0,0.2599163830698145,2
B005684,2025-12-29,Fun Dive,Referral,Moderate,34,3300.0,0.1286183192048194,5
B005685,2025-12-29,Course,Instagram,Moderate,42,24150.0,0.19006393560942253,3
B005686,2025-12-30,Fun Dive,Unknown,Rough,39,3350.0,0.37367025706053864,1
B005687,2025-12-30,Fun Dive,Referral,Rough,24,6500.0,0.28905551156352666,2
B005688,2025-12-30,Fun Dive,OTA,Rough,25,,0.5857798317014947,1
B005689,2025-12-30,Fun Dive,OTA,Rough,44,6100.0,0.5116763525008166,1
B005690,2025-12-30,Fun Dive,OTA,Rough,38,2900.0,0.5362371991909529,1
B005691,2025-12-30,Course,Referral,Rough,40,26450.0,0.3208966602322286,2
B005692,2025-12-31,Discovery Dive,OTA,Rough,15,4500.0,0.5616408261351934,1
B005693,2025-12-31,Fun Dive,Hotel Partner,Rough,42,3350.0,0.4292712133475261,1
B005694,2025-12-31,Fun Dive,Website,Rough,35,6650.0,0.3834136795616028,1
B005695,2025-12-31,Fun Dive,Instagram,Rough,15,7100.0,0.39286864930244153,1
B005696,2025-12-31,Fun Dive,Unknown,Rough,14,8500.0,0.3503795462017861,2
B005697,2025-12-31,Course,Referral,Rough,37,26350.0,0.3385579919121398,2
B005698,2025-12-31,Discovery Dive,Walk-in,Rough,37,5400.0,0.2956418420566142,2
B005699,2026-01-01,Discovery Dive,Walk-in,Calm,8,5500.0,0.043682440637756996,10
B005700,2026-01-01,Fun Dive,Instagram,Calm,10,3400.0,0.0780511659184278,8
B005701,2026-01-01,Course,Instagram,Calm,45,27000.0,0.08485765241080988,8
B005702,2026-01-01,Fun Dive,Walk-in,Calm,17,7600.0,0.04564916321533297,10
B005703,2026-01-01,Fun Dive,Referral,Calm,16,3600.0,0.04717910358228933,10
B005704,2026-01-01,Discovery Dive,Instagram,Calm,4,5200.0,0.07132892782433922,9
B005705,2026-01-01,Fun Dive,Hotel Partner,Calm,26,3250.0,0.07653636310685069,9
B005706,2026-01-01,Discovery Dive,Website,Calm,18,5300.0,0.0652030186387258,9
B005707,2026-01-01,Course,OTA,Calm,35,21750.0,0.15652884447701632,4
B005708,2026-01-01,Discovery Dive,Hotel Partner,Calm,25,5000.0,0.08626172723695502,8
B005709,2026-01-01,Course,Walk-in,Calm,15,27800.0,0.059981051951500594,10
B005710,2026-01-01,Fun Dive,OTA,Calm,44,9000.0,0.10191544194419963,7
B005711,2026-01-01,Course,Hotel Partner,Calm,23,23600.0,0.09284396904471319,7
B005712,2026-01-01,Fun Dive,Walk-in,Calm,29,3400.0,0.04533233596272015,10
B005713,2026-01-01,Course,Instagram,Calm,39,25600.0,0.0858596829033575,8
B005714,2026-01-01,Fun Dive,Website,Calm,24,9800.0,0.05799849856255619,10
B005715,2026-01-01,Course,Walk-in,Calm,33,25750.0,0.05760608486196691,10
B005717,2026-01-01,Fun Dive,OTA,Calm,22,3050.0,0.14268534415761533,5
B005718,2026-01-02,Fun Dive,Website,Calm,40,10150.0,0.06168985009436752,10
B005719,2026-01-02,Discovery Dive,Walk-in,Calm,20,5200.0,0.045154043020706275,10
B005720,2026-01-02,Fun Dive,Unknown,Calm,36,6750.0,0.05551910793540321,10
B005721,2026-01-02,Fun Dive,Instagram,Calm,10,10350.0,0.07050342237801473,9
B005722,2026-01-02,Fun Dive,Walk-in,Calm,43,3700.0,0.04694259951800697,10
B005723,2026-01-02,Discovery Dive,Walk-in,Calm,18,4850.0,0.04339303830490559,10
B005724,2026-01-02,Discovery Dive,Referral,Calm,3,5000.0,0.047059818628499325,10
B005725,2026-01-03,Fun Dive,OTA,Calm,10,2950.0,0.16003910031215854,4
B005726,2026-01-03,Fun Dive,Unknown,Calm,22,12350.0,0.07279561069736938,9
B005727,2026-01-03,Course,Website,Calm,31,25600.0,0.07881529688451851,8
B005728,2026-01-03,Fun Dive,OTA,Calm,35,2850.0,0.1353893260615153,5
B005729,2026-01-03,Fun Dive,OTA,Calm,0,2850.0,0.14730656627344232,5
B005730,2026-01-03,Discovery Dive,Walk-in,Calm,28,4950.0,0.05095976028779965,10
B005731,2026-01-03,Course,Hotel Partner,Calm,22,23550.0,0.09388138705759773,7
B005732,2026-01-03,Discovery Dive,OTA,Calm,45,4100.0,0.13811387875558329,5
B005733,2026-01-03,Fun Dive,Website,Calm,34,3550.0,0.09019458746493995,8
B005734,2026-01-03,Fun Dive,Website,Calm,30,13950.0,0.07335250385433652,9
B005735,2026-01-03,Fun Dive,Instagram,Calm,17,10000.0,0.08702240194700571,8
B005736,2026-01-03,Fun Dive,OTA,Calm,16,12350.0,0.13314646172340922,5
B005737,2026-01-03,Fun Dive,Walk-in,Calm,44,15150.0,0.043712884622819775,10
B005738,2026-01-04,Discovery Dive,Website,Calm,41,4950.0,0.07589194221055748,9
B005739,2026-01-04,Fun Dive,OTA,Calm,11,6100.0,0.136197886218462,5
B005740,2026-01-04,Discovery Dive,OTA,Calm,44,4450.0,0.13894710032841703,5
B005741,2026-01-04,Course,Website,Calm,15,23800.0,0.0886836847523393,8
B005742,2026-01-04,Fun Dive,Website,Calm,27,9900.0,0.06643784765268528,9
B005743,2026-01-04,Discovery Dive,Walk-in,Calm,9,5050.0,0.053259068786007974,10
B005744,2026-01-04,Fun Dive,Hotel Partner,Calm,22,13700.0,0.09203887648017159,7
B005745,2026-01-05,Fun Dive,Walk-in,Calm,29,7250.0,0.04646362607727313,10
B005746,2026-01-05,Discovery Dive,Walk-in,Calm,6,5550.0,0.04826234249268475,10
B005747,2026-01-05,Discovery Dive,Unknown,Calm,33,4500.0,0.05912069636759522,10
B005748,2026-01-05,Fun Dive,Walk-in,Calm,21,3350.0,0.048242515371768824,10
B005749,2026-01-05,Fun Dive,Referral,Calm,18,3650.0,0.05158513119929774,10
B005750,2026-01-05,Course,OTA,Calm,6,21050.0,0.11005331724118542,6
B005751,2026-01-05,Course,Website,Calm,44,24000.0,0.08554526317365424,8
B005752,2026-01-05,Fun Dive,OTA,Calm,7,2950.0,0.14196074966019964,5
B005753,2026-01-05,Fun Dive,OTA,Calm,29,2900.0,0.13583203593933726,5
B005754,2026-01-05,Fun Dive,OTA,Calm,35,3000.0,0.11748930173552097,6
B005755,2026-01-05,Fun Dive,Website,Calm,20,3400.0,0.0709973257562422,9
B005756,2026-01-05,Fun Dive,OTA,Calm,0,3100.0,0.12202287498715676,6
B005757,2026-01-05,Fun Dive,Hotel Partner,Calm,30,6400.0,0.08051605707128252,8
B005758,2026-01-05,Discovery Dive,Referral,Calm,42,10500.0,0.04186218121147297,10
B005759,2026-01-05,Fun Dive,Walk-in,Calm,9,7100.0,0.04072356994030341,10
B005760,2026-01-05,Fun Dive,Unknown,Calm,36,5900.0,0.05858087932617082,10
B005761,2026-01-05,Discovery Dive,Walk-in,Calm,21,5050.0,0.04246422099447551,10
B005762,2026-01-05,Fun Dive,OTA,Calm,6,2950.0,0.13228813773711123,5
B005763,2026-01-05,Fun Dive,Unknown,Calm,14,3000.0,0.06525215841489301,9
B005764,2026-01-06,Discovery Dive,OTA,Calm,32,4100.0,0.11718567812766024,6
B005765,2026-01-06,Fun Dive,OTA,Calm,35,6050.0,0.10879996088504379,7
B005766,2026-01-06,Fun Dive,Website,Calm,2,13050.0,0.053483028591277036,10
B005767,2026-01-06,Fun Dive,Instagram,Calm,5,7100.0,0.06876570716242719,9
B005768,2026-01-06,Fun Dive,OTA,Calm,5,2850.0,0.13808026516089766,5
B005769,2026-01-06,Discovery Dive,Walk-in,Calm,28,5350.0,0.04347776089439731,10
B005770,2026-01-06,Course,Unknown,Calm,34,21950.0,0.061124556316887416,10
B005771,2026-01-07,Fun Dive,Referral,Calm,9,10350.0,0.04518253150379349,10
B005772,2026-01-07,Fun Dive,OTA,Calm,41,2850.0,0.11261355978692544,6
B005773,2026-01-07,Discovery Dive,Website,Calm,26,5100.0,0.06392197894569542,9
B005774,2026-01-07,Fun Dive,OTA,Calm,19,8350.0,0.09824947235278765,7
B005775,2026-01-07,Fun Dive,Website,Calm,22,7050.0,0.06666773383630763,9
B005776,2026-01-07,Fun Dive,Walk-in,Calm,42,14500.0,0.03379810594699373,10
B005777,2026-01-07,Fun Dive,Walk-in,Calm,23,14550.0,0.0412237745363659,10
B005778,2026-01-07,Discovery Dive,Unknown,Calm,42,5250.0,0.05743409172550985,10
B005779,2026-01-07,Discovery Dive,Referral,Calm,9,4650.0,0.0439470549444071,10
B005780,2026-01-07,Course,Website,Calm,7,25150.0,0.07476423619578605,9
B005781,2026-01-07,Discovery Dive,OTA,Calm,26,4200.0,0.11614654385249333,6
B005782,2026-01-07,Fun Dive,OTA,Calm,31,5850.0,0.10295344648640163,7
B005783,2026-01-07,Fun Dive,Walk-in,Calm,9,14400.0,0.03582796128347393,10
B005784,2026-01-07,Discovery Dive,Walk-in,Calm,35,5000.0,0.04023093196331831,10
B005785,2026-01-07,Discovery Dive,OTA,Calm,15,4250.0,0.11457899211584419,6
B005786,2026-01-07,Discovery Dive,Referral,Calm,34,4700.0,0.03979569971757142,10
B005787,2026-01-07,Fun Dive,Instagram,Calm,18,3600.0,0.07586984123307157,9
B005788,2026-01-07,Discovery Dive,Unknown,Calm,10,5000.0,0.05771742078038339,10
B005789,2026-01-07,Discovery Dive,Website,Calm,41,9400.0,0.05674610151750325,10
B005790,2026-01-08,Fun Dive,Walk-in,Rough,40,11500.0,0.17153348127298437,4
B005791,2026-01-08,Fun Dive,Walk-in,Rough,45,11550.0,0.18607981220313555,3
B005792,2026-01-08,Fun Dive,Walk-in,Rough,30,10750.0,0.1716903840874796,4
B005793,2026-01-08,Discovery Dive,Unknown,Rough,16,4850.0,0.2540219552751416,2
B005794,2026-01-08,Course,Website,Rough,32,26400.0,0.31110066837985295,2
B005795,2026-01-08,Fun Dive,Hotel Partner,Rough,34,6350.0,0.2948701248557905,2
B005796,2026-01-08,Discovery Dive,Referral,Rough,3,4600.0,0.2015407158970841,3
B005797,2026-01-08,Fun Dive,OTA,Rough,17,2850.0,0.41822442956017264,1
B005798,2026-01-08,Discovery Dive,OTA,Rough,35,4400.0,0.40899992850709627,1
B005799,2026-01-08,Fun Dive,OTA,Rough,12,12550.0,0.3714520902306046,1
B005800,2026-01-08,Discovery Dive,OTA,Rough,32,4200.0,0.40996352294817584,1
B005801,2026-01-09,Course,Unknown,Rough,0,25850.0,0.258341456827273,2
B005802,2026-01-09,Fun Dive,Referral,Rough,27,3400.0,0.1840336498235122,3
B005803,2026-01-09,Discovery Dive,Unknown,Rough,45,5150.0,0.23860518297909278,2
B005804,2026-01-09,Discovery Dive,Walk-in,Rough,42,5150.0,0.17937896200750147,4
B005805,2026-01-09,Fun Dive,Unknown,Rough,9,6950.0,0.23953215146394613,2
B005806,2026-01-09,Fun Dive,Hotel Partner,Rough,31,6050.0,0.2796248746441709,2
B005807,2026-01-09,Discovery Dive,Walk-in,Rough,35,5250.0,0.1852632372711376,3
B005808,2026-01-10,Fun Dive,OTA,Moderate,26,2800.0,0.23912185202548464,2
B005809,2026-01-10,Fun Dive,OTA,Moderate,5,5700.0,0.23031837514252662,3
B005810,2026-01-10,Discovery Dive,Walk-in,Moderate,13,5400.0,0.08699787390214532,8
B005811,2026-01-10,Fun Dive,Hotel Partner,Moderate,18,6500.0,0.1609373601296013,4
B005812,2026-01-10,Course,Unknown,Moderate,38,21850.0,0.11380138551395341,6
B005813,2026-01-10,Discovery Dive,Walk-in,Moderate,10,9800.0,0.08591197301851208,8
B005814,2026-01-10,Fun Dive,Walk-in,Moderate,4,10150.0,0.07564891051018162,9
B005815,2026-01-11,Fun Dive,OTA,Calm,40,11850.0,0.11605643224244215,6
B005816,2026-01-11,Discovery Dive,OTA,Calm,30,4200.0,0.1496644237125025,4
B005817,2026-01-11,Fun Dive,Walk-in,Calm,23,7750.0,0.061643609235478486,10
B005818,2026-01-11,Fun Dive,OTA,Calm,41,12450.0,0.11601245853036907,6
B005819,2026-01-11,Course,OTA,Calm,35,20000.0,0.17147912416852124,4
B005820,2026-01-11,Fun Dive,Referral,Calm,30,13250.0,0.050661307260516604,10
B005821,2026-01-11,Course,Walk-in,Calm,7,24450.0,0.06655869010032596,9
B005822,2026-01-11,Discovery Dive,Website,Calm,32,5100.0,0.08281851644435566,8
B005823,2026-01-11,Discovery Dive,Website,Calm,23,10750.0,0.08495548995673917,8
B005824,2026-01-11,Fun Dive,Hotel Partner,Calm,0,3300.0,0.09824437442742592,7
B005825,2026-01-11,Fun Dive,OTA,Calm,10,12150.0,0.1302678262012536,5
B005827,2026-01-11,Discovery Dive,OTA,Calm,44,4100.0,0.13510318138631686,5
B005828,2026-01-11,Discovery Dive,Website,Calm,29,4700.0,0.07690376898844854,8
B005829,2026-01-11,Discovery Dive,Referral,Calm,21,5300.0,0.054079420264786036,10
B005830,2026-01-11,Discovery Dive,OTA,Calm,29,4250.0,0.1429336389490089,5
B005831,2026-01-12,Fun Dive,Walk-in,Calm,20,7650.0,0.041405407086589345,10
B005832,2026-01-12,Fun Dive,Website,Calm,13,3600.0,0.06417418451178533,9
B005833,2026-01-12,Course,OTA,Calm,28,22500.0,0.1257929993798873,6
B005834,2026-01-12,Fun Dive,OTA,Calm,21,11600.0,0.09356318038351355,7
B005835,2026-01-12,Fun Dive,Referral,Calm,23,3450.0,0.04905706572991212,10
B005836,2026-01-12,Discovery Dive,Referral,Calm,30,10200.0,0.04304142546365021,10
B005837,2026-01-12,Discovery Dive,Walk-in,Calm,41,5200.0,0.04270483559636454,10
B005838,2026-01-13,Fun Dive,Website,Calm,37,3700.0,0.06891998233752428,9
B005839,2026-01-13,Fun Dive,OTA,Calm,24,3050.0,0.11574095026860512,6
B005840,2026-01-13,Fun Dive,Website,Calm,13,7300.0,0.06784410663077803,9
B005841,2026-01-13,Discovery Dive,OTA,Calm,3,4600.0,0.12362784976748603,6
B005842,2026-01-13,Fun Dive,Walk-in,Calm,28,7000.0,0.044830919897426234,10
B005843,2026-01-13,Fun Dive,Walk-in,Calm,42,3350.0,0.0442804069261114,10
B005844,2026-01-13,Fun Dive,Walk-in,Calm,38,14400.0,0.03845750843053845,10
B005845,2026-01-13,Discovery Dive,Website,Calm,12,5100.0,0.06536484763536622,9
B005846,2026-01-13,Fun Dive,Unknown,Calm,1,10700.0,0.054538472678982104,10
B005847,2026-01-13,Fun Dive,Hotel Partner,Calm,33,3200.0,0.08517509113208757,8
B005848,2026-01-14,Fun Dive,Website,Moderate,26,6650.0,0.10547844753262853,7
B005849,2026-01-14,Course,OTA,Moderate,5,20050.0,0.19193035817252535,3
B005850,2026-01-14,Fun Dive,Instagram,Moderate,45,7600.0,0.10917216796940589,7
B005851,2026-01-14,Fun Dive,Website,Moderate,14,3550.0,0.10163684326423,7
B005852,2026-01-14,Fun Dive,Instagram,Moderate,26,10550.0,0.10909064093204736,7
B005853,2026-01-14,Course,OTA,Moderate,8,21050.0,0.21356911867621034,3
B005854,2026-01-14,Discovery Dive,OTA,Moderate,38,4250.0,0.17633329845679538,4
B005855,2026-01-15,Fun Dive,OTA,Calm,12,8850.0,0.12072673553854919,6
B005856,2026-01-15,Discovery Dive,OTA,Calm,36,9150.0,0.11763886127118292,6
B005857,2026-01-15,Fun Dive,Hotel Partner,Calm,20,10400.0,0.07192380212989054,9
B005858,2026-01-15,Fun Dive,Hotel Partner,Calm,38,3150.0,0.09007032374008024,8
B005859,2026-01-15,Discovery Dive,Unknown,Calm,40,4100.0,0.05551174886107597,10
B005860,2026-01-15,Fun Dive,Website,Calm,14,10300.0,0.058290770665004696,10
B005861,2026-01-15,Fun Dive,Hotel Partner,Calm,30,12250.0,0.06289861633909333,9
B005862,2026-01-15,Fun Dive,OTA,Calm,37,5800.0,0.10643706529129636,7
B005863,2026-01-16,Fun Dive,OTA,Calm,16,11750.0,0.09835800585916457,7
B005864,2026-01-16,Discovery Dive,OTA,Calm,23,4350.0,0.12147751283663322,6
B005865,2026-01-16,Discovery Dive,Instagram,Calm,41,5500.0,0.07013552994459556,9
B005866,2026-01-16,Fun Dive,Website,Calm,26,3500.0,0.06496117926603705,9
B005867,2026-01-16,Discovery Dive,OTA,Calm,41,4500.0,0.11622680330864021,6
B005868,2026-01-16,Discovery Dive,Walk-in,Calm,32,5100.0,0.04449827866802778,10
B005869,2026-01-17,Fun Dive,Instagram,Moderate,8,3700.0,0.15233967356745892,4
B005870,2026-01-17,Course,Unknown,Moderate,23,23000.0,0.11689338304445387,6
B005871,2026-01-17,Fun Dive,Hotel Partner,Moderate,30,9150.0,0.13765571286176234,5
B005872,2026-01-17,Discovery Dive,OTA,Moderate,34,4050.0,0.20361383694777765,3
B005873,2026-01-17,Fun Dive,Instagram,Moderate,40,3650.0,0.1230855141065409,6
B005874,2026-01-17,Fun Dive,Instagram,Moderate,43,3700.0,0.12315990111734432,6
B005875,2026-01-17,Discovery Dive,OTA,Moderate,38,4050.0,0.2065857777643177,3
B005876,2026-01-17,Fun Dive,Instagram,Moderate,5,3750.0,0.13141406487543666,5
B005877,2026-01-17,Fun Dive,Website,Moderate,28,3450.0,0.12017890789486334,6
B005878,2026-01-17,Fun Dive,OTA,Moderate,2,6300.0,0.233545883427193,2
B005879,2026-01-17,Fun Dive,OTA,Moderate,9,5850.0,0.2230398056149475,3
B005880,2026-01-17,Fun Dive,Instagram,Moderate,41,10500.0,0.11045380129004707,6
B005881,2026-01-17,Discovery Dive,OTA,Moderate,35,4550.0,0.21211964159000962,3
B005882,2026-01-17,Discovery Dive,Website,Moderate,18,4900.0,0.12194732352651366,6
B005883,2026-01-17,Fun Dive,Hotel Partner,Moderate,28,3050.0,0.16528196011040686,4
B005884,2026-01-17,Discovery Dive,Walk-in,Moderate,13,10600.0,0.08615787237298689,8
B005885,2026-01-17,Course,Walk-in,Moderate,9,24750.0,0.11327008065427407,6
B005886,2026-01-18,Fun Dive,OTA,Rough,37,6150.0,0.48626970149712473,1
B005887,2026-01-18,Fun Dive,Instagram,Rough,8,13900.0,0.3356919566398979,2
B005888,2026-01-18,Fun Dive,Walk-in,Rough,12,3750.0,0.24810875099304153,2
B005889,2026-01-18,Fun Dive,Website,Rough,13,3300.0,0.36357385186984803,1
B005890,2026-01-18,Fun Dive,Hotel Partner,Rough,1,9550.0,0.3534086397235374,2
B005891,2026-01-18,Fun Dive,OTA,Rough,40,6150.0,0.45581940174520547,1
B005892,2026-01-18,Fun Dive,OTA,Rough,8,5800.0,0.5078207946517783,1
B005893,2026-01-18,Discovery Dive,OTA,Rough,11,,0.5255719136133558,1
B005894,2026-01-18,Discovery Dive,Unknown,Rough,13,5250.0,0.3155673736335323,2
B005895,2026-01-19,Fun Dive,OTA,Moderate,29,11150.0,0.13864832974703245,5
B005896,2026-01-19,Fun Dive,OTA,Moderate,41,9350.0,0.15254219408333872,4
B005897,2026-01-19,Fun Dive,Instagram,Moderate,42,3350.0,0.11497698002893775,6
B005898,2026-01-19,Fun Dive,OTA,Moderate,4,2950.0,0.2075858603304168,3
B005899,2026-01-19,Discovery Dive,Website,Moderate,8,5250.0,0.10845957962538871,7
B005900,2026-01-19,Fun Dive,Website,Moderate,3,7300.0,0.09798679430311168,7
B005901,2026-01-19,Fun Dive,Hotel Partner,Moderate,19,6900.0,0.11770668857026875,6
B005902,2026-01-19,Discovery Dive,OTA,Moderate,41,4250.0,0.175310755433657,4
B005903,2026-01-19,Discovery Dive,Referral,Moderate,6,9700.0,0.07122483458973441,9
B005904,2026-01-19,Fun Dive,Hotel Partner,Moderate,45,9550.0,0.102144282973651,7
B005905,2026-01-19,Discovery Dive,Website,Moderate,44,5000.0,0.09709387426364467,7
B005906,2026-01-19,Fun Dive,Referral,Moderate,10,3200.0,0.08086872046398726,8
B005907,2026-01-19,Discovery Dive,OTA,Moderate,38,4500.0,0.17485118487139434,4
B005908,2026-01-19,Discovery Dive,Walk-in,Moderate,39,5150.0,0.06621854408458072,9
B005909,2026-01-19,Course,Walk-in,Moderate,22,26050.0,0.10320566645323194,7
B005910,2026-01-19,Fun Dive,OTA,Moderate,35,3000.0,0.17428502640767185,4
B005911,2026-01-19,Discovery Dive,OTA,Moderate,11,4500.0,0.18625792014916354,3
B005912,2026-01-19,Discovery Dive,OTA,Moderate,25,4450.0,0.18234347778707952,3
B005913,2026-01-19,Discovery Dive,Walk-in,Moderate,18,5500.0,0.07048700664987653,9
B005914,2026-01-19,Course,Unknown,Moderate,24,25800.0,0.09618515985210034,7
B005915,2026-01-20,Fun Dive,OTA,Rough,27,3150.0,0.4517141300911853,1
B005916,2026-01-20,Discovery Dive,Hotel Partner,Rough,45,4400.0,0.2970061045588453,2
B005917,2026-01-20,Discovery Dive,Walk-in,Rough,41,10500.0,0.19048395229242918,3
B005918,2026-01-20,Discovery Dive,OTA,Rough,6,4450.0,0.4236636201242331,1
B005919,2026-01-20,Fun Dive,Website,Rough,8,13050.0,0.22723631297023814,3
B005920,2026-01-20,Discovery Dive,Unknown,Rough,40,4350.0,0.2383441439522325,2
B005921,2026-01-20,Discovery Dive,Unknown,Rough,38,4550.0,0.23697125546163286,2
B005922,2026-01-20,Fun Dive,OTA,Rough,19,6050.0,0.39106763339398,1
B005923,2026-01-20,Fun Dive,Instagram,Rough,25,13750.0,0.26403858327398677,2
B005924,2026-01-20,Discovery Dive,Walk-in,Rough,27,5150.0,0.19379443143827932,3
B005925,2026-01-20,Discovery Dive,Hotel Partner,Rough,40,4600.0,0.30846909961894176,2
B005926,2026-01-20,Fun Dive,OTA,Rough,26,6200.0,0.39727887755111324,1
B005927,2026-01-20,Discovery Dive,Website,Rough,6,5200.0,0.27820009557819714,2
B005928,2026-01-20,Fun Dive,Unknown,Rough,17,9950.0,0.2286826582487739,3
B005929,2026-01-20,Discovery Dive,OTA,Rough,42,4600.0,0.40681114474651575,1
B005930,2026-01-20,Discovery Dive,Walk-in,Rough,25,5100.0,0.1924744295896346,3
B005931,2026-01-20,Fun Dive,OTA,Rough,9,2800.0,0.41985216808354553,1
B005932,2026-01-21,Fun Dive,Unknown,Calm,37,10100.0,0.05233873683472057,10
B005933,2026-01-21,Course,Walk-in,Calm,14,25700.0,0.04814250436946313,10
B005934,2026-01-21,Fun Dive,Walk-in,Calm,20,3600.0,0.04029711269734998,10
B005935,2026-01-21,Discovery Dive,Walk-in,Calm,34,10600.0,0.04061860529403575,10
B005936,2026-01-21,Fun Dive,OTA,Calm,44,3150.0,0.11609423862173367,6
B005937,2026-01-21,Fun Dive,Website,Calm,39,10650.0,0.06637300955487085,9
B005938,2026-01-21,Discovery Dive,Referral,Calm,29,4750.0,0.03973567866930533,10
B005939,2026-01-22,Fun Dive,Unknown,Calm,43,9200.0,0.04566404300558011,10
B005940,2026-01-22,Course,OTA,Calm,30,22400.0,0.1256269536437169,6
B005941,2026-01-22,Fun Dive,OTA,Calm,22,2800.0,0.12454685240589561,6
B005942,2026-01-22,Course,Referral,Calm,20,25050.0,0.058726403854570106,10
B005943,2026-01-22,Fun Dive,Hotel Partner,Calm,0,6950.0,0.07702588830012463,8
B005944,2026-01-22,Course,Website,Calm,39,27050.0,0.0756614363547844,9
B005945,2026-01-22,Fun Dive,OTA,Calm,0,11350.0,0.10655577988122497,7
B005946,2026-01-22,Fun Dive,Hotel Partner,Calm,35,6800.0,0.07054174563030523,9
B005947,2026-01-23,Discovery Dive,Walk-in,Calm,32,5500.0,0.04449518852410877,10
B005948,2026-01-23,Fun Dive,Walk-in,Calm,30,13450.0,0.034622808856718666,10
B005949,2026-01-23,Course,OTA,Calm,21,22550.0,0.1388347885023859,5
B005950,2026-01-23,Course,Unknown,Calm,10,27150.0,0.08366927040621984,8
B005951,2026-01-23,Fun Dive,OTA,Calm,27,12400.0,0.10776919678623482,7
B005952,2026-01-23,Fun Dive,Walk-in,Calm,12,15050.0,0.043105457221487675,10
B005953,2026-01-23,Fun Dive,Walk-in,Calm,22,13950.0,0.039919829226727606,10
B005954,2026-01-23,Fun Dive,Website,Calm,0,10300.0,0.06908141442532752,9
B005955,2026-01-24,Course,Hotel Partner,Calm,8,22950.0,0.10660000080659511,7
B005956,2026-01-24,Fun Dive,Referral,Calm,0,3600.0,0.06390432134470239,9
B005957,2026-01-24,Discovery Dive,Hotel Partner,Calm,9,4900.0,0.10244286684095914,7
B005958,2026-01-24,Fun Dive,Walk-in,Calm,17,11250.0,0.04893900860541814,10
B005959,2026-01-24,Discovery Dive,Walk-in,Calm,14,5550.0,0.0551552450633575,10
B005960,2026-01-24,Fun Dive,Walk-in,Calm,28,6700.0,0.05538068590474701,10
B005961,2026-01-24,Fun Dive,OTA,Calm,18,5600.0,0.14757061580091466,5
B005962,2026-01-24,Fun Dive,OTA,Calm,37,9150.0,0.13905263086066,5
B005963,2026-01-24,Discovery Dive,OTA,Calm,45,4250.0,0.14052171343533076,5
B005964,2026-01-24,Fun Dive,Instagram,Calm,15,3600.0,0.09903689809454903,7
B005965,2026-01-24,Fun Dive,Walk-in,Calm,35,3650.0,0.052431841050342536,10
B005966,2026-01-24,Fun Dive,Website,Calm,24,9800.0,0.07764018632213963,8
B005967,2026-01-24,Fun Dive,Unknown,Calm,7,9900.0,0.07711686077427804,8
B005968,2026-01-24,Discovery Dive,OTA,Calm,31,4050.0,0.14274539802445935,5
B005969,2026-01-24,Fun Dive,Hotel Partner,Calm,1,12150.0,0.09308767213673945,7
B005970,2026-01-25,Fun Dive,Website,Calm,7,6750.0,0.08937797773279112,8
B005971,2026-01-25,Course,Walk-in,Calm,8,27500.0,0.0912155771551969,8
B005972,2026-01-25,Course,Walk-in,Calm,33,25350.0,0.05636679089352625,10
B005973,2026-01-25,Fun Dive,Hotel Partner,Calm,36,12350.0,0.08709206838396241,8
B005974,2026-01-25,Fun Dive,Instagram,Calm,40,14950.0,0.07455630855863589,9
B005975,2026-01-25,Course,Hotel Partner,Calm,20,24850.0,0.12103368527321606,6
B005976,2026-01-25,Course,OTA,Calm,17,21650.0,0.15863016183138487,4
B005977,2026-01-25,Discovery Dive,OTA,Calm,42,8000.0,0.14006645806503173,5
B005978,2026-01-25,Course,OTA,Calm,2,20800.0,0.193503712169581,3
B005979,2026-01-25,Discovery Dive,Website,Calm,7,9950.0,0.08552529749449779,8
B005980,2026-01-26,Fun Dive,Website,Calm,1,14000.0,0.052800862574876574,10
B005981,2026-01-26,Discovery Dive,Instagram,Calm,37,4800.0,0.06376672641172038,9
B005982,2026-01-26,Fun Dive,Referral,Calm,40,3400.0,0.038974731165496254,10
B005983,2026-01-26,Fun Dive,OTA,Calm,40,6000.0,0.11156767320829362,6
B005984,2026-01-26,Discovery Dive,Walk-in,Calm,44,5150.0,0.03839353379479229,10
B005985,2026-01-26,Fun Dive,Website,Calm,31,11000.0,0.0686317010354525,9
B005986,2026-01-26,Discovery Dive,OTA,Calm,25,8600.0,0.11029087822896808,6
B005987,2026-01-26,Discovery Dive,Instagram,Calm,35,5100.0,0.06676226034438397,9
B005988,2026-01-26,Discovery Dive,Walk-in,Calm,1,5200.0,0.044826197133690335,10
B005989,2026-01-26,Fun Dive,Referral,Calm,35,12950.0,0.03272489185554715,10
B005990,2026-01-26,Course,Walk-in,Calm,23,25300.0,0.062200190214148084,9
B005991,2026-01-26,Fun Dive,Instagram,Calm,8,3450.0,0.078256361365978,8
B005992,2026-01-26,Fun Dive,Walk-in,Calm,13,14000.0,0.03532662944298267,10
B005993,2026-01-27,Fun Dive,Website,Calm,43,10450.0,0.06031516026079025,10
B005994,2026-01-27,Fun Dive,Walk-in,Calm,15,3450.0,0.04087909655957293,10
B005995,2026-01-27,Discovery Dive,OTA,Calm,38,4550.0,0.1142583867415017,6
B005996,2026-01-27,Discovery Dive,OTA,Calm,22,4400.0,0.11568459609195518,6
B005997,2026-01-27,Discovery Dive,Referral,Calm,14,4700.0,0.04219768142420288,10
B005998,2026-01-27,Course,Hotel Partner,Calm,14,24650.0,0.09220051837839559,7
B005999,2026-01-27,Fun Dive,Website,Calm,12,10750.0,0.05639994385916391,10
B006000,2026-01-27,Discovery Dive,OTA,Calm,27,4300.0,0.11506331365869832,6
B006001,2026-01-27,Fun Dive,OTA,Calm,11,8600.0,0.09679501541853072,7
B006002,2026-01-28,Discovery Dive,Website,Calm,25,5050.0,0.06254866500759466,9
B006003,2026-01-28,Fun Dive,OTA,Calm,11,9500.0,0.11812956282511422,6
B006004,2026-01-28,Course,Walk-in,Calm,39,27600.0,0.052900680923175285,10
B006005,2026-01-28,Fun Dive,Website,Calm,15,3550.0,0.06261827425608621,9
B006006,2026-01-28,Discovery Dive,Website,Calm,0,9900.0,0.06397967216706943,9
B006007,2026-01-28,Fun Dive,OTA,Calm,40,5950.0,0.10195621492185036,7
B006008,2026-01-28,Discovery Dive,Unknown,Calm,23,5150.0,0.058085116886855616,10
B006009,2026-01-28,Fun Dive,Website,Calm,40,6800.0,0.05713105134024121,10
B006010,2026-01-28,Fun Dive,Unknown,Calm,25,10450.0,0.05026064651563315,10
B006011,2026-01-29,Fun Dive,OTA,Moderate,40,2750.0,0.2004377948506465,3
B006012,2026-01-29,Discovery Dive,Website,Moderate,23,4850.0,0.10726745637642271,7
B006013,2026-01-29,Fun Dive,Instagram,Moderate,5,6600.0,0.1192434315817382,6
B006014,2026-01-29,Fun Dive,Walk-in,Moderate,11,3700.0,0.0739777540171842,9
B006015,2026-01-29,Fun Dive,OTA,Moderate,23,11350.0,0.18391514893035313,3
B006016,2026-01-29,Fun Dive,Website,Moderate,40,3250.0,0.10069811833372015,7
B006017,2026-01-29,Fun Dive,OTA,Moderate,20,12300.0,0.1938060660764325,3
B006018,2026-01-29,Discovery Dive,OTA,Moderate,6,9200.0,0.19403668265858665,3
B006019,2026-01-29,Fun Dive,Website,Moderate,22,7350.0,0.1181753318141255,6
B006020,2026-01-29,Discovery Dive,Unknown,Moderate,33,8450.0,0.09110832951507827,8
B006021,2026-01-29,Fun Dive,OTA,Moderate,26,9350.0,0.16301130246956472,4
B006022,2026-01-30,Discovery Dive,Website,Calm,23,5150.0,0.06225185969019387,9
B006023,2026-01-30,Fun Dive,OTA,Calm,8,5850.0,0.10741049604546836,7
B006024,2026-01-30,Discovery Dive,OTA,Calm,32,4250.0,0.11175974048627856,6
B006025,2026-01-30,Fun Dive,Walk-in,Calm,6,6950.0,0.04484424779541353,10
B006026,2026-01-30,Discovery Dive,Unknown,Calm,24,5350.0,0.05699465843766605,10
B006027,2026-01-30,Fun Dive,OTA,Calm,39,9300.0,0.09400790853380751,7
B006028,2026-01-30,Fun Dive,Referral,Calm,7,9600.0,0.03608492517496923,10
B006029,2026-01-30,Discovery Dive,Instagram,Calm,30,5000.0,0.0650765944297103,9
B006030,2026-01-31,Discovery Dive,OTA,Calm,8,4000.0,0.14130465279127657,5
B006031,2026-01-31,Fun Dive,Referral,Calm,34,10600.0,0.04981763624824496,10
B006032,2026-01-31,Fun Dive,Website,Calm,11,7200.0,0.08158685192752246,8
B006033,2026-01-31,Fun Dive,Referral,Calm,9,11050.0,0.052184171759494795,10
B006034,2026-01-31,Discovery Dive,OTA,Calm,32,4550.0,0.13745843564736393,5
B006035,2026-01-31,Discovery Dive,Hotel Partner,Calm,2,5050.0,0.1004406445957397,7
B006036,2026-01-31,Fun Dive,Website,Calm,25,10900.0,0.0753498769608283,9
B006037,2026-01-31,Discovery Dive,OTA,Calm,18,4400.0,0.14038938805293155,5
B006038,2026-02-01,Fun Dive,Hotel Partner,Rough,34,3300.0,0.37921675289681434,1
B006039,2026-02-01,Discovery Dive,Hotel Partner,Rough,20,5050.0,0.39581270784877165,1
B006040,2026-02-01,Discovery Dive,Website,Rough,41,5300.0,0.3326084501322457,2
B006041,2026-02-01,Fun Dive,Instagram,Rough,34,3800.0,0.3494679763664932,2
B006042,2026-02-01,Discovery Dive,OTA,Rough,6,4150.0,0.50874131596566,1
B006043,2026-02-01,Fun Dive,OTA,Rough,23,3150.0,0.4950046006248087,1
B006044,2026-02-01,Fun Dive,Unknown,Rough,36,10350.0,0.3367504290248729,2
B006045,2026-02-01,Fun Dive,Website,Rough,19,14550.0,0.29709477732002887,2
B006046,2026-02-01,Discovery Dive,Referral,Rough,14,4950.0,0.25348491753883534,2
B006047,2026-02-01,Course,Walk-in,Rough,30,27250.0,0.2628367439574507,2
B006048,2026-02-02,Discovery Dive,Hotel Partner,Moderate,12,10000.0,0.14142870645957398,5
B006049,2026-02-02,Course,Website,Moderate,19,23900.0,0.12405374850129394,6
B006050,2026-02-02,Discovery Dive,Website,Moderate,6,5200.0,0.116818636941638,6
B006051,2026-02-02,Fun Dive,Walk-in,Moderate,0,11150.0,0.08414531787002119,8
B006052,2026-02-02,Fun Dive,Instagram,Moderate,16,3300.0,0.11938830315581392,6
B006053,2026-02-02,Discovery Dive,OTA,Moderate,4,4350.0,0.20531641901575295,3
B006054,2026-02-02,Fun Dive,Referral,Moderate,8,6900.0,0.08314709478549694,8
B006055,2026-02-02,Fun Dive,Website,Moderate,18,10200.0,0.09715397176282956,7
B006056,2026-02-02,Discovery Dive,Unknown,Moderate,20,5300.0,0.10618584341284046,7
B006057,2026-02-02,Fun Dive,Walk-in,Moderate,2,3500.0,0.0778003181874697,8
B006058,2026-02-02,Fun Dive,Walk-in,Moderate,11,3550.0,0.07561066215822124,9
B006059,2026-02-02,Course,Website,Moderate,24,23550.0,0.11791266605004853,6
B006060,2026-02-02,Discovery Dive,Unknown,Moderate,17,5050.0,0.10391435775087687,7
B006061,2026-02-02,Discovery Dive,OTA,Moderate,39,4500.0,0.19390227143594482,3
B006062,2026-02-02,Discovery Dive,Instagram,Moderate,25,4800.0,0.11664196904342107,6
B006063,2026-02-03,Discovery Dive,Hotel Partner,Calm,31,4500.0,0.0776399418378284,8
B006064,2026-02-03,Discovery Dive,OTA,Calm,26,4300.0,0.11791111016887268,6
B006065,2026-02-03,Discovery Dive,Website,Calm,24,10700.0,0.06587010038051336,9
B006066,2026-02-03,Fun Dive,Website,Calm,12,6800.0,0.06756932353132976,9
B006067,2026-02-03,Discovery Dive,Referral,Calm,25,4600.0,0.043037422370819964,10
B006068,2026-02-03,Fun Dive,Instagram,Calm,30,10650.0,0.06593261152702126,9
B006069,2026-02-03,Fun Dive,OTA,Calm,28,5750.0,0.10558226245026275,7
B006070,2026-02-04,Fun Dive,Hotel Partner,Calm,30,6050.0,0.07008263335827809,9
B006071,2026-02-04,Discovery Dive,Website,Calm,42,5400.0,0.06100844396104108,10
B006072,2026-02-04,Discovery Dive,Referral,Calm,40,5250.0,0.0414129707887121,10
B006073,2026-02-04,Fun Dive,Walk-in,Calm,40,6850.0,0.04274821763741464,10
B006074,2026-02-04,Discovery Dive,OTA,Calm,44,4000.0,0.11186126805002819,6
B006075,2026-02-04,Fun Dive,Walk-in,Calm,7,11250.0,0.05027438187917106,10
B006076,2026-02-04,Fun Dive,Walk-in,Calm,15,3450.0,0.04756512382628265,10
B006077,2026-02-05,Fun Dive,Walk-in,Calm,8,3800.0,0.048702699393071654,10
B006078,2026-02-05,Discovery Dive,OTA,Calm,20,3950.0,0.1298200120066322,5
B006079,2026-02-05,Discovery Dive,Hotel Partner,Calm,12,4550.0,0.09062307921522063,8
B006080,2026-02-05,Fun Dive,OTA,Calm,30,3050.0,0.13986854914875013,5
B006081,2026-02-05,Course,OTA,Calm,22,21400.0,0.16269366149280307,4
B006082,2026-02-05,Discovery Dive,OTA,Calm,42,4450.0,0.12455963345531879,6
B006083,2026-02-05,Fun Dive,Website,Calm,2,3300.0,0.08989442737039005,8
B006084,2026-02-05,Discovery Dive,Unknown,Calm,21,5600.0,0.06779674217683238,9
B006085,2026-02-05,Discovery Dive,Website,Calm,6,4850.0,0.07144247394306216,9
B006086,2026-02-05,Fun Dive,Instagram,Calm,2,14050.0,0.06051011860436901,10
B006087,2026-02-05,Discovery Dive,OTA,Calm,27,8050.0,0.11403629708754923,6
B006088,2026-02-05,Fun Dive,OTA,Calm,15,3050.0,0.13829952188734249,5
B006089,2026-02-05,Fun Dive,OTA,Calm,11,9400.0,0.11762591480976112,6
B006090,2026-02-05,Fun Dive,Walk-in,Calm,39,7550.0,0.04470813900212776,10
B006091,2026-02-05,Fun Dive,Hotel Partner,Calm,13,10400.0,0.08008071317257154,8
B006092,2026-02-05,Discovery Dive,OTA,Calm,43,4350.0,0.11538198183968298,6
B006093,2026-02-05,Course,Walk-in,Calm,9,25900.0,0.04696500817669474,10
B006094,2026-02-05,Fun Dive,Walk-in,Calm,29,6950.0,0.044208171490931224,10
B006095,2026-02-06,Fun Dive,Website,Calm,38,7350.0,0.06252877347647126,9
B006096,2026-02-06,Fun Dive,OTA,Calm,3,3100.0,0.13061796615695215,5
B006097,2026-02-06,Discovery Dive,Referral,Calm,20,5250.0,0.047955001939139714,10
B006098,2026-02-06,Fun Dive,Walk-in,Calm,0,6900.0,0.0485348698008889,10
B006099,2026-02-06,Fun Dive,OTA,Calm,27,5650.0,0.12620575816776486,5
B006100,2026-02-06,Discovery Dive,Instagram,Calm,17,5300.0,0.07496494680889448,9
B006101,2026-02-06,Course,OTA,Calm,44,21900.0,0.15057915618183787,4
B006102,2026-02-06,Discovery Dive,Instagram,Calm,13,5050.0,0.06906704923512161,9
B006103,2026-02-06,Fun Dive,Walk-in,Calm,4,13550.0,0.03939929907923259,10
B006104,2026-02-06,Discovery Dive,OTA,Calm,20,4100.0,0.11507194320985248,6
B006105,2026-02-06,Discovery Dive,Website,Calm,18,5400.0,0.06499073575089133,9
B006106,2026-02-06,Discovery Dive,OTA,Calm,35,4550.0,0.11628280611314737,6
B006107,2026-02-06,Discovery Dive,Instagram,Calm,32,5450.0,0.0679645865576762,9
B006108,2026-02-06,Fun Dive,Walk-in,Calm,15,13550.0,0.03953158212995738,10
B006109,2026-02-07,Discovery Dive,Website,Calm,42,5100.0,0.08224275286178992,8
B006110,2026-02-07,Fun Dive,OTA,Calm,11,6000.0,0.15943919757867134,4
B006111,2026-02-07,Course,Walk-in,Calm,10,25600.0,0.0712523752564707,9
B006112,2026-02-07,Discovery Dive,Walk-in,Calm,21,4950.0,0.05767878420710125,10
B006113,2026-02-07,Fun Dive,Walk-in,Calm,37,3850.0,0.05537832223712383,10
B006114,2026-02-07,Fun Dive,Instagram,Calm,8,3500.0,0.09412276615945363,7
B006115,2026-02-07,Discovery Dive,OTA,Calm,4,4450.0,0.15922938336329773,4
B006116,2026-02-07,Course,Hotel Partner,Calm,39,21800.0,0.1120901091339575,6
B006117,2026-02-07,Discovery Dive,Hotel Partner,Calm,30,4750.0,0.1039517256416751,7
B006118,2026-02-08,Discovery Dive,Website,Calm,42,5000.0,0.08564664331139284,8
B006119,2026-02-08,Fun Dive,Referral,Calm,7,7350.0,0.06789739133363182,9
B006120,2026-02-08,Fun Dive,OTA,Calm,19,3000.0,0.1597530984825157,4
B006121,2026-02-08,Fun Dive,OTA,Calm,37,2900.0,0.15072490593411947,4
B006122,2026-02-08,Fun Dive,Walk-in,Calm,31,6700.0,0.060935404089031656,10
B006123,2026-02-08,Fun Dive,OTA,Calm,1,3050.0,0.16681300099202523,4
B006124,2026-02-08,Course,OTA,Calm,34,21400.0,0.19164876299420014,3
B006125,2026-02-08,Discovery Dive,Walk-in,Calm,20,5450.0,0.060680363806851746,10
B006126,2026-02-08,Discovery Dive,Walk-in,Calm,2,5400.0,0.06401673396912462,9
B006127,2026-02-08,Fun Dive,Website,Calm,36,7000.0,0.08038415793764217,8
B006128,2026-02-08,Fun Dive,Walk-in,Calm,42,7300.0,0.05960546065270523,10
B006129,2026-02-08,Fun Dive,OTA,Calm,22,9050.0,0.14863214346625414,5
B006130,2026-02-08,Fun Dive,OTA,Calm,29,12400.0,0.12608512276832226,6
B006132,2026-02-08,Course,OTA,Calm,10,20350.0,0.1598107373858047,4
B006133,2026-02-08,Discovery Dive,Unknown,Calm,6,4100.0,0.08021125640874173,8
B006134,2026-02-08,Discovery Dive,Referral,Calm,41,5200.0,0.05855453036414863,10
B006135,2026-02-08,Discovery Dive,Referral,Calm,20,4950.0,0.05974030753220964,10
B006136,2026-02-09,Course,Hotel Partner,Calm,8,22750.0,0.10409139458450872,7
B006137,2026-02-09,Discovery Dive,Hotel Partner,Calm,17,4450.0,0.07891357008109098,8
B006138,2026-02-09,Fun Dive,OTA,Calm,39,5550.0,0.10434421874954129,7
B006139,2026-02-09,Discovery Dive,OTA,Calm,38,4150.0,0.11208568886673492,6
B006140,2026-02-09,Discovery Dive,OTA,Calm,31,4250.0,0.11495414716178601,6
B006141,2026-02-09,Discovery Dive,OTA,Calm,2,4100.0,0.12300067801655193,6
B006142,2026-02-09,Discovery Dive,Instagram,Calm,34,5400.0,0.06719726035619338,9
B006143,2026-02-10,Fun Dive,OTA,Calm,40,6200.0,0.11310431231867123,6
B006145,2026-02-10,Fun Dive,Unknown,Calm,30,6850.0,0.05874416616905,10
B006146,2026-02-10,Fun Dive,Walk-in,Calm,16,10250.0,0.04590114338427447,10
B006147,2026-02-10,Discovery Dive,OTA,Calm,17,4500.0,0.12994463531934358,5
B006148,2026-02-10,Fun Dive,Website,Calm,8,3550.0,0.09051771857593355,8
B006149,2026-02-10,Course,Website,Calm,8,24950.0,0.08274467462793536,8
B006150,2026-02-10,Course,Walk-in,Calm,29,25150.0,0.05435648065190124,10
B006151,2026-02-11,Fun Dive,OTA,Calm,33,5600.0,0.11957583014534613,6
B006152,2026-02-11,Course,Hotel Partner,Calm,16,22150.0,0.0736726646031139,9
B006153,2026-02-11,Course,Website,Calm,5,23650.0,0.0869376238950445,8
B006154,2026-02-11,Course,OTA,Calm,43,22800.0,0.13288936171446555,5
B006155,2026-02-11,Fun Dive,Website,Calm,27,3750.0,0.07325089807124593,9
B006156,2026-02-11,Fun Dive,Hotel Partner,Calm,43,3350.0,0.07635577788966237,9
B006157,2026-02-11,Fun Dive,OTA,Calm,5,3050.0,0.12389375836322013,6
B006158,2026-02-11,Discovery Dive,OTA,Calm,19,9050.0,0.12233011658493158,6
B006159,2026-02-12,Discovery Dive,Unknown,Calm,40,5100.0,0.057075647923951624,10
B006160,2026-02-12,Fun Dive,Hotel Partner,Calm,18,10100.0,0.0679161747413293,9
B006161,2026-02-12,Fun Dive,Hotel Partner,Calm,34,3350.0,0.07674057338962066,8
B006162,2026-02-12,Fun Dive,Instagram,Calm,39,3300.0,0.07569590397698,9
B006163,2026-02-12,Fun Dive,OTA,Calm,38,8400.0,0.09479262110850784,7
B006164,2026-02-12,Fun Dive,Walk-in,Calm,42,3600.0,0.04023092116265889,10
B006165,2026-02-12,Fun Dive,OTA,Calm,30,2900.0,0.13083128181248666,5
B006166,2026-02-12,Fun Dive,Instagram,Calm,43,7500.0,0.06323171887515665,9
B006167,2026-02-13,Fun Dive,Website,Calm,15,7050.0,0.06517609430880252,9
B006168,2026-02-13,Fun Dive,Walk-in,Calm,34,3450.0,0.04342521617525865,10
B006169,2026-02-13,Fun Dive,Hotel Partner,Calm,15,10100.0,0.07168719703347341,9
B006170,2026-02-13,Fun Dive,OTA,Calm,21,2950.0,0.1223186005211589,6
B006171,2026-02-13,Discovery Dive,OTA,Calm,40,4450.0,0.12071624636394294,6
B006173,2026-02-13,Course,Instagram,Calm,39,25550.0,0.07996745005282278,8
B006174,2026-02-13,Discovery Dive,Unknown,Calm,17,5300.0,0.06359537879317627,9
B006175,2026-02-13,Fun Dive,Website,Calm,5,7300.0,0.06579309322661726,9
B006176,2026-02-13,Fun Dive,Referral,Calm,5,6850.0,0.04258588866625514,10
B006177,2026-02-13,Discovery Dive,OTA,Calm,43,4250.0,0.11809198001315907,6
B006178,2026-02-13,Discovery Dive,Website,Calm,38,5050.0,0.06483383608375132,9
B006179,2026-02-14,Fun Dive,Instagram,Calm,17,6700.0,0.09799049404060566,7
B006180,2026-02-14,Discovery Dive,Website,Calm,11,5350.0,0.08711291499675927,8
B006181,2026-02-14,Fun Dive,OTA,Calm,29,8300.0,0.13040427780046937,5
B006182,2026-02-14,Discovery Dive,OTA,Calm,32,4200.0,0.15320537321408317,4
B006183,2026-02-14,Fun Dive,Hotel Partner,Calm,45,3250.0,0.09946887218666033,7
B006184,2026-02-14,Discovery Dive,Walk-in,Calm,17,4950.0,0.05804818190540551,10
B006185,2026-02-14,Fun Dive,OTA,Calm,43,2850.0,0.15979282882260173,4
B006186,2026-02-14,Discovery Dive,Hotel Partner,Calm,44,4700.0,0.10321921125963668,7
B006187,2026-02-14,Discovery Dive,Instagram,Calm,44,5400.0,0.09113190749476748,8
B006188,2026-02-15,Fun Dive,OTA,Moderate,24,6300.0,0.222585261495891,3
B006189,2026-02-15,Fun Dive,OTA,Moderate,42,2850.0,0.2564430299550532,2
B006190,2026-02-15,Discovery Dive,OTA,Moderate,38,4450.0,0.21037514635446203,3
B006191,2026-02-15,Discovery Dive,Website,Moderate,28,5000.0,0.12117916226239399,6
B006192,2026-02-15,Fun Dive,Referral,Moderate,15,9600.0,0.08563799795562926,8
B006193,2026-02-15,Discovery Dive,OTA,Moderate,31,4000.0,0.2135718509543507,3
B006194,2026-02-15,Discovery Dive,Walk-in,Moderate,4,5200.0,0.08789916390849285,8
B006195,2026-02-15,Discovery Dive,OTA,Moderate,5,3950.0,0.2193952551965547,3
B006196,2026-02-15,Discovery Dive,Walk-in,Moderate,4,5450.0,0.09401806548869937,7
B006197,2026-02-15,Fun Dive,Unknown,Moderate,13,12300.0,0.10811350251265163,7
B006198,2026-02-15,Discovery Dive,Instagram,Moderate,13,5450.0,0.14351101893514523,5
B006199,2026-02-15,Fun Dive,Website,Moderate,21,10150.0,0.11204129250629431,6
B006200,2026-02-15,Fun Dive,Unknown,Moderate,9,3050.0,0.15417711083775243,4
B006201,2026-02-15,Discovery Dive,Website,Moderate,38,9750.0,0.1215067395766079,6
B006202,2026-02-15,Discovery Dive,OTA,Moderate,43,4000.0,0.21247636119767743,3
B006203,2026-02-16,Fun Dive,OTA,Calm,41,11700.0,0.1237264981695016,6
B006204,2026-02-16,Discovery Dive,OTA,Calm,25,4500.0,0.12958937736263126,5
B006205,2026-02-16,Discovery Dive,OTA,Calm,33,4350.0,0.12774525272738885,5
B006206,2026-02-16,Discovery Dive,Referral,Calm,19,4800.0,0.04766237083605567,10
B006207,2026-02-16,Fun Dive,OTA,Calm,33,2950.0,0.14319461765858324,5
B006208,2026-02-16,Discovery Dive,Walk-in,Calm,12,4900.0,0.04876652153885037,10
B006209,2026-02-16,Discovery Dive,Referral,Calm,21,4950.0,0.04805213042527689,10
B006210,2026-02-16,Fun Dive,OTA,Calm,8,8250.0,0.12367329277213203,6
B006211,2026-02-17,Discovery Dive,OTA,Calm,33,8350.0,0.11519913807305832,6
B006212,2026-02-17,Fun Dive,OTA,Calm,26,6050.0,0.12437355246523392,6
B006213,2026-02-17,Discovery Dive,OTA,Calm,20,4200.0,0.12333215716162166,6
B006214,2026-02-17,Fun Dive,Referral,Calm,19,3300.0,0.044272019705708966,10
B006215,2026-02-17,Course,Instagram,Calm,2,25100.0,0.10567056029232949,7
B006216,2026-02-17,Discovery Dive,Website,Calm,12,5350.0,0.06909448912229296,9
B006217,2026-02-17,Discovery Dive,OTA,Calm,44,4450.0,0.11645209380478487,6
B006218,2026-02-18,Discovery Dive,Website,Calm,25,4750.0,0.06453767847947559,9
B006219,2026-02-18,Discovery Dive,Walk-in,Calm,44,5050.0,0.04229831943144763,10
B006220,2026-02-18,Fun Dive,Website,Calm,38,7500.0,0.06104288141570115,10
B006221,2026-02-18,Fun Dive,Referral,Calm,13,13050.0,0.03981777659510178,10
B006222,2026-02-18,Fun Dive,Hotel Partner,Calm,36,9100.0,0.07410620200732447,9
B006223,2026-02-18,Fun Dive,Walk-in,Calm,32,6850.0,0.0505584302016043,10
B006224,2026-02-18,Course,Website,Calm,26,26700.0,0.08585670256530334,8
B006225,2026-02-18,Discovery Dive,OTA,Calm,12,8950.0,0.12287147403451261,6
B006226,2026-02-18,Fun Dive,OTA,Calm,6,9000.0,0.12052993894983184,6
B006227,2026-02-18,Fun Dive,OTA,Calm,10,5850.0,0.12565091200018927,6
B006228,2026-02-18,Discovery Dive,Website,Calm,19,4900.0,0.06652273201768921,9
B006229,2026-02-18,Fun Dive,Website,Calm,43,7300.0,0.06743662000764075,9
B006230,2026-02-18,Course,Website,Calm,3,26300.0,0.08895159942521216,8
B006231,2026-02-18,Discovery Dive,Referral,Calm,21,5150.0,0.04456753105293029,10
B006232,2026-02-18,Discovery Dive,Instagram,Calm,4,5150.0,0.073917179539344,9
B006233,2026-02-18,Fun Dive,Walk-in,Calm,4,7700.0,0.04862944608961736,10
B006234,2026-02-18,Fun Dive,Walk-in,Calm,45,3600.0,0.045526123330760095,10
B006235,2026-02-19,Fun Dive,OTA,Moderate,5,3100.0,0.1855444327120012,3
B006236,2026-02-19,Fun Dive,OTA,Moderate,23,8450.0,0.15218106338894483,4
B006237,2026-02-19,Fun Dive,Unknown,Moderate,3,14000.0,0.10319680541129246,7
B006238,2026-02-19,Discovery Dive,Walk-in,Moderate,15,5550.0,0.07020878013857718,9
B006239,2026-02-19,Discovery Dive,OTA,Moderate,4,4350.0,0.1878171233144086,3
B006240,2026-02-19,Fun Dive,Instagram,Moderate,25,13350.0,0.08707153882521335,8
B006241,2026-02-20,Discovery Dive,Walk-in,Rough,8,10750.0,0.2211897843888041,3
B006242,2026-02-20,Fun Dive,Hotel Partner,Rough,41,9600.0,0.2903760497710854,2
B006243,2026-02-20,Fun Dive,Instagram,Rough,38,7500.0,0.3136566449339111,2
B006244,2026-02-20,Fun Dive,Walk-in,Rough,12,10350.0,0.208132160086262,3
B006245,2026-02-20,Discovery Dive,Walk-in,Rough,2,4850.0,0.2212379082906483,3
B006246,2026-02-20,Discovery Dive,Instagram,Rough,20,5450.0,0.3110034817481021,2
B006247,2026-02-20,Discovery Dive,OTA,Rough,2,4200.0,0.45754640668824553,1
B006248,2026-02-20,Fun Dive,OTA,Rough,43,2800.0,0.42157855110085496,1
B006249,2026-02-20,Discovery Dive,Instagram,Rough,10,10000.0,0.3064081625768849,2
B006250,2026-02-20,Fun Dive,Unknown,Rough,24,5700.0,0.2517036691466887,2
B006251,2026-02-20,Course,OTA,Rough,8,20550.0,0.4651228991899318,1
B006252,2026-02-20,Course,Website,Rough,4,26850.0,0.3991626236698965,1
B006253,2026-02-20,Fun Dive,OTA,Rough,30,5550.0,0.43850386850117073,1
B006254,2026-02-20,Course,Referral,Rough,32,25600.0,0.23804534285833368,2
B006255,2026-02-20,Discovery Dive,Instagram,Rough,35,5100.0,0.2997065362674956,2
B006256,2026-02-20,Discovery Dive,Walk-in,Rough,6,5000.0,0.21466876088342912,3
B006257,2026-02-20,Fun Dive,OTA,Rough,45,9200.0,0.4149814451346625,1
B006258,2026-02-21,Discovery Dive,Unknown,Rough,0,8400.0,0.31169208700546064,2
B006259,2026-02-21,Fun Dive,Website,Rough,44,3650.0,0.31478809207658187,2
B006260,2026-02-21,Course,OTA,Rough,31,20900.0,0.5391275178639183,1
B006261,2026-02-21,Fun Dive,OTA,Rough,14,11700.0,0.46144592726773365,1
B006262,2026-02-21,Discovery Dive,Referral,Rough,31,4750.0,0.23786740061118392,2
B006263,2026-02-21,Fun Dive,Walk-in,Rough,17,3800.0,0.24493723935525794,2
B006264,2026-02-22,Discovery Dive,Referral,Calm,34,4850.0,0.0540837222225496,10
B006265,2026-02-22,Fun Dive,OTA,Calm,12,12550.0,0.14245248136961866,5
B006266,2026-02-22,Fun Dive,Unknown,Calm,11,5700.0,0.07777929858341148,8
B006267,2026-02-22,Discovery Dive,Hotel Partner,Calm,2,4800.0,0.10670902016957948,7
B006268,2026-02-22,Discovery Dive,OTA,Calm,21,4000.0,0.14984984487343345,4
B006269,2026-02-22,Discovery Dive,OTA,Calm,8,4000.0,0.15566686501059052,4
B006270,2026-02-22,Discovery Dive,Walk-in,Calm,44,5450.0,0.05453175437005336,10
B006271,2026-02-23,Course,Walk-in,Calm,26,24800.0,0.0640465496483539,9
B006272,2026-02-23,Fun Dive,Instagram,Calm,28,14800.0,0.07186163478469615,9
B006273,2026-02-23,Discovery Dive,OTA,Calm,8,4050.0,0.13266926025589984,5
B006274,2026-02-23,Course,Referral,Calm,43,25550.0,0.057151452333638705,10
B006275,2026-02-23,Fun Dive,Walk-in,Calm,17,3550.0,0.05428643387225799,10
B006276,2026-02-23,Fun Dive,OTA,Calm,32,8450.0,0.12042672787283282,6
B006277,2026-02-23,Discovery Dive,Website,Calm,4,10500.0,0.0755116882872436,9
B006278,2026-02-23,Discovery Dive,Referral,Calm,26,5100.0,0.04800269147742633,10
B006279,2026-02-23,Fun Dive,OTA,Calm,19,2950.0,0.12968707567887044,5
B006280,2026-02-23,Discovery Dive,Unknown,Calm,41,4100.0,0.05721508883039335,10
B006281,2026-02-23,Course,OTA,Calm,10,21000.0,0.1532647466831329,4
B006282,2026-02-23,Fun Dive,OTA,Calm,42,8900.0,0.0999448082762969,7
B006283,2026-02-23,Fun Dive,Referral,Calm,22,6700.0,0.04809351324796221,10
B006284,2026-02-23,Fun Dive,OTA,Calm,0,12700.0,0.11703318222514583,6
B006285,2026-02-23,Fun Dive,Website,Calm,5,13450.0,0.070636222012733,9
B006286,2026-02-23,Discovery Dive,OTA,Calm,43,4350.0,0.1153977412375337,6
B006287,2026-02-23,Fun Dive,Instagram,Calm,26,3300.0,0.06994428477936984,9
B006288,2026-02-23,Discovery Dive,Website,Calm,1,5250.0,0.07018303495050929,9
B006289,2026-02-23,Fun Dive,Unknown,Calm,40,3700.0,0.05791783436934567,10
B006290,2026-02-24,Fun Dive,Website,Moderate,0,3500.0,0.1275486915248158,5
B006291,2026-02-24,Discovery Dive,Instagram,Moderate,3,5450.0,0.12413864764888413,6
B006292,2026-02-24,Fun Dive,Website,Moderate,29,3550.0,0.11851841755407805,6
B006293,2026-02-24,Fun Dive,Website,Moderate,16,3700.0,0.10968576859938846,6
B006294,2026-02-24,Fun Dive,Walk-in,Moderate,38,3550.0,0.07047361110574817,9
B006295,2026-02-24,Fun Dive,OTA,Moderate,6,3000.0,0.22125199839475782,3
B006296,2026-02-24,Fun Dive,OTA,Moderate,38,8350.0,0.17209491372623759,4
B006297,2026-02-24,Fun Dive,Hotel Partner,Moderate,12,12650.0,0.1032704319751576,7
B006298,2026-02-24,Course,Website,Moderate,2,23450.0,0.1373959744895216,5
B006299,2026-02-24,Discovery Dive,OTA,Moderate,40,4300.0,0.18045468941759915,4
B006300,2026-02-24,Discovery Dive,OTA,Moderate,39,4300.0,0.17776888734286314,4
B006301,2026-02-24,Discovery Dive,Referral,Moderate,12,5300.0,0.07181225621303289,9
B006302,2026-02-24,Course,OTA,Moderate,2,22650.0,0.20891306432880286,3
B006303,2026-02-25,Fun Dive,Hotel Partner,Moderate,4,3200.0,0.13194911996127134,5
B006304,2026-02-25,Fun Dive,Instagram,Moderate,14,3350.0,0.1144685468349892,6
B006305,2026-02-25,Course,Hotel Partner,Moderate,13,22350.0,0.12020016652107306,6
B006306,2026-02-25,Discovery Dive,Website,Moderate,42,4950.0,0.10130592482716795,7
B006307,2026-02-25,Fun Dive,Walk-in,Moderate,31,3350.0,0.07066600313211215,9
B006308,2026-02-25,Discovery Dive,Instagram,Moderate,11,9950.0,0.11590617476711063,6
B006309,2026-02-25,Fun Dive,Walk-in,Moderate,17,10900.0,0.06282559383509319,9
B006310,2026-02-25,Discovery Dive,Walk-in,Moderate,11,4950.0,0.07327288803943516,9
B006311,2026-02-25,Fun Dive,OTA,Moderate,17,8700.0,0.1780419379297104,4
B006312,2026-02-25,Course,Referral,Moderate,19,24950.0,0.08550057561585318,8
B006313,2026-02-25,Fun Dive,Referral,Moderate,11,6850.0,0.06776559826039051,9
B006314,2026-02-26,Discovery Dive,OTA,Calm,30,4500.0,0.11556699850733468,6
B006315,2026-02-26,Fun Dive,OTA,Calm,1,2750.0,0.1354209058052606,5
B006316,2026-02-26,Discovery Dive,Referral,Calm,35,4800.0,0.041997240059165365,10
B006318,2026-02-26,Discovery Dive,Referral,Calm,30,5300.0,0.04360814690856237,10
B006319,2026-02-26,Discovery Dive,OTA,Calm,8,4550.0,0.12004046733839739,6
B006320,2026-02-26,Fun Dive,Instagram,Calm,41,3550.0,0.06572738310285645,9
B006321,2026-02-27,Fun Dive,Website,Moderate,0,7200.0,0.10299484244700645,7
B006322,2026-02-27,Fun Dive,Walk-in,Moderate,23,10100.0,0.06149472854715015,10
B006323,2026-02-27,Discovery Dive,OTA,Moderate,32,4300.0,0.18298402886795284,3
B006324,2026-02-27,Fun Dive,Walk-in,Moderate,12,3850.0,0.07203147992237517,9
B006325,2026-02-27,Fun Dive,OTA,Moderate,40,6250.0,0.1636647420843092,4
B006326,2026-02-27,Course,Referral,Moderate,11,23150.0,0.09635754245961213,7
B006327,2026-02-27,Fun Dive,Walk-in,Moderate,42,10100.0,0.05804082792984718,10
B006328,2026-02-27,Discovery Dive,Walk-in,Moderate,10,9900.0,0.07405309559968036,9
B006329,2026-02-27,Course,Walk-in,Moderate,24,25550.0,0.08711128733397117,8
B006330,2026-02-27,Fun Dive,Referral,Moderate,29,3200.0,0.07104307486126753,9
B006331,2026-02-27,Fun Dive,Instagram,Moderate,16,3500.0,0.11522317429412067,6
B006332,2026-02-27,Fun Dive,Walk-in,Moderate,40,3550.0,0.07835084018652569,8
B006333,2026-02-27,Discovery Dive,Instagram,Moderate,41,5400.0,0.11139941000646658,6
B006334,2026-02-27,Course,OTA,Moderate,18,22500.0,0.24129743610496457,2
B006335,2026-02-27,Discovery Dive,Referral,Moderate,23,5250.0,0.074443945315924,9
B006336,2026-02-28,Fun Dive,Website,Moderate,28,,0.1216989018683988,6
B006337,2026-02-28,Course,Referral,Moderate,22,25100.0,0.13041620932497353,5
B006338,2026-02-28,Fun Dive,OTA,Moderate,1,3050.0,0.241163435332292,2
B006339,2026-02-28,Course,OTA,Moderate,32,23000.0,0.2879157188491517,2
B006340,2026-02-28,Discovery Dive,Instagram,Moderate,10,5000.0,0.1439105145584286,5
B006341,2026-02-28,Discovery Dive,OTA,Moderate,37,4050.0,0.22196261232874012,3
B006342,2026-02-28,Fun Dive,OTA,Moderate,12,2900.0,0.2584007814771276,2
B006343,2026-02-28,Fun Dive,Website,Moderate,1,3750.0,0.13989582839816098,5
B006344,2026-02-28,Discovery Dive,OTA,Moderate,25,4400.0,0.2291037307178156,3
B006345,2026-02-28,Discovery Dive,OTA,Moderate,43,8050.0,0.2142212241728734,3
B006346,2026-02-28,Discovery Dive,OTA,Moderate,14,4250.0,0.23106679855288495,3
B006347,2026-02-28,Discovery Dive,Hotel Partner,Moderate,5,4900.0,0.16664037572760865,4
B006348,2026-02-28,Course,Website,Moderate,36,25500.0,0.15633791976625383,4
B006349,2026-02-28,Fun Dive,OTA,Moderate,24,3000.0,0.253229983075839,2
B006350,2026-02-28,Fun Dive,Referral,Moderate,27,10850.0,0.0911424413557054,8
B006351,2026-02-28,Fun Dive,OTA,Moderate,0,3150.0,0.2642176696346037,2
B006352,2026-02-28,Fun Dive,Walk-in,Moderate,2,10300.0,0.10579817160685134,7
B006353,2026-03-01,Fun Dive,OTA,Moderate,39,3000.0,0.2265594314494386,3
B006354,2026-03-01,Discovery Dive,OTA,Moderate,3,4600.0,0.24642530154890252,2
B006355,2026-03-01,Discovery Dive,Website,Moderate,17,4800.0,0.13502835531740445,5
B006356,2026-03-01,Discovery Dive,OTA,Moderate,40,4050.0,0.22690683351703744,3
B006357,2026-03-01,Fun Dive,Website,Moderate,22,3700.0,0.15117101990722967,4
B006358,2026-03-01,Fun Dive,Referral,Moderate,33,3450.0,0.10156801875966216,7
B006359,2026-03-02,Discovery Dive,Walk-in,Calm,42,5500.0,0.04710738939513182,10
B006360,2026-03-02,Fun Dive,Walk-in,Calm,10,3500.0,0.04800359779911788,10
B006361,2026-03-02,Discovery Dive,Instagram,Calm,25,5050.0,0.0761856175495451,9
B006362,2026-03-02,Course,Hotel Partner,Calm,5,24400.0,0.12590709273236378,6
B006363,2026-03-02,Fun Dive,Website,Calm,24,14600.0,0.06708506791803898,9
B006365,2026-03-02,Discovery Dive,OTA,Calm,19,4550.0,0.13176681503634946,5
B006366,2026-03-03,Fun Dive,Instagram,Calm,29,14300.0,0.06162621045996287,10
B006367,2026-03-03,Discovery Dive,Hotel Partner,Calm,4,4650.0,0.08900563096239782,8
B006368,2026-03-03,Course,Website,Calm,6,24000.0,0.06923448382485166,9
B006369,2026-03-03,Discovery Dive,Website,Calm,24,5000.0,0.06986932819979855,9
B006370,2026-03-03,Course,Instagram,Calm,25,27150.0,0.11270384334553969,6
B006371,2026-03-03,Course,OTA,Calm,23,20300.0,0.1259619291011788,6
B006372,2026-03-03,Discovery Dive,Hotel Partner,Calm,44,5000.0,0.0827315500318811,8
B006373,2026-03-04,Fun Dive,OTA,Calm,17,8650.0,0.11052804861383889,6
B006374,2026-03-04,Fun Dive,Website,Calm,19,10900.0,0.06467898125302526,9
B006375,2026-03-04,Fun Dive,Hotel Partner,Calm,28,12650.0,0.06848508162229666,9
B006376,2026-03-04,Fun Dive,Instagram,Calm,22,3650.0,0.08577629682334388,8
B006377,2026-03-04,Discovery Dive,Hotel Partner,Calm,21,9500.0,0.08651840729531445,8
B006378,2026-03-04,Course,OTA,Calm,16,20400.0,0.15893106624433828,4
B006379,2026-03-04,Discovery Dive,Referral,Calm,24,4750.0,0.04843029563514068,10
B006380,2026-03-04,Course,OTA,Calm,44,21950.0,0.1131705891551105,6
B006381,2026-03-05,Fun Dive,Website,Calm,24,13600.0,0.055585053057557,10
B006382,2026-03-05,Discovery Dive,Walk-in,Calm,29,5500.0,0.0464614701060129,10
B006383,2026-03-05,Discovery Dive,Website,Calm,38,5100.0,0.06746697237570386,9
B006384,2026-03-05,Fun Dive,Website,Calm,36,7350.0,0.07288845148366253,9
B006385,2026-03-05,Fun Dive,OTA,Calm,28,5900.0,0.13103422225272623,5
B006386,2026-03-05,Discovery Dive,Website,Calm,19,4900.0,0.07034472509009332,9
B006387,2026-03-05,Discovery Dive,OTA,Calm,15,4550.0,0.13072761404898675,5
B006388,2026-03-06,Discovery Dive,Instagram,Calm,38,5450.0,0.07479398221705112,9
B006389,2026-03-06,Discovery Dive,OTA,Calm,23,4300.0,0.12738272643150228,5
B006390,2026-03-06,Discovery Dive,Walk-in,Calm,21,5550.0,0.04890698412544634,10
B006391,2026-03-06,Fun Dive,Walk-in,Calm,2,15050.0,0.0488170401794824,10
B006392,2026-03-06,Discovery Dive,OTA,Calm,33,4150.0,0.1288606228425895,5
B006393,2026-03-06,Discovery Dive,OTA,Calm,2,4350.0,0.13888323124654506,5
B006394,2026-03-07,Fun Dive,OTA,Calm,21,6300.0,0.14302012579010057,5
B006395,2026-03-07,Fun Dive,Instagram,Calm,10,11300.0,0.0820552885813038,8
B006396,2026-03-07,Fun Dive,OTA,Calm,16,3150.0,0.19713149826601878,3
B006397,2026-03-07,Discovery Dive,Walk-in,Calm,21,5100.0,0.05752471053866575,10
B006398,2026-03-07,Fun Dive,Website,Calm,10,3600.0,0.08616160022173937,8
B006399,2026-03-07,Fun Dive,Unknown,Calm,5,2850.0,0.07815980301125287,8
B006400,2026-03-07,Fun Dive,OTA,Calm,20,5800.0,0.13727108805704236,5
B006401,2026-03-07,Discovery Dive,Walk-in,Calm,16,5500.0,0.0577813892209851,10
B006402,2026-03-07,Fun Dive,Website,Calm,28,7500.0,0.07764297584606956,8
B006403,2026-03-07,Course,Referral,Calm,15,26600.0,0.08508635159519443,8
B006404,2026-03-07,Course,Website,Calm,10,24200.0,0.09574064173733038,7
B006405,2026-03-07,Fun Dive,OTA,Calm,27,6100.0,0.1576848421065368,4
B006406,2026-03-07,Fun Dive,OTA,Calm,42,5950.0,0.15269748926321755,4
B006407,2026-03-07,Course,Walk-in,Calm,24,25300.0,0.05592570541275514,10
B006408,2026-03-07,Discovery Dive,OTA,Calm,30,4100.0,0.14660499018284753,5
B006409,2026-03-08,Course,Walk-in,Calm,13,27650.0,0.06299024384401924,9
B006410,2026-03-08,Fun Dive,OTA,Calm,0,3100.0,0.15352390459509715,4
B006411,2026-03-08,Fun Dive,Walk-in,Calm,0,13650.0,0.054662180619661355,10
B006412,2026-03-08,Fun Dive,OTA,Calm,18,5650.0,0.15626586351711483,4
B006413,2026-03-08,Fun Dive,Referral,Calm,37,6700.0,0.055517494276312945,10
B006414,2026-03-08,Fun Dive,Walk-in,Calm,35,14600.0,0.044507066257130544,10
B006415,2026-03-08,Fun Dive,OTA,Calm,24,6000.0,0.1551226218228206,4
B006416,2026-03-08,Fun Dive,OTA,Calm,27,8250.0,0.1429761387644868,5
B006417,2026-03-09,Discovery Dive,Website,Calm,1,4800.0,0.07053375404761057,9
B006418,2026-03-09,Discovery Dive,Instagram,Calm,31,4900.0,0.07315492308689432,9
B006419,2026-03-09,Fun Dive,Hotel Partner,Calm,28,6650.0,0.08002683231855261,8
B006420,2026-03-09,Fun Dive,Website,Calm,8,6600.0,0.08394711808805712,8
B006421,2026-03-09,Course,OTA,Calm,24,20100.0,0.10868026437756859,7
B006422,2026-03-09,Discovery Dive,Unknown,Calm,9,5300.0,0.06753979620089852,9
B006423,2026-03-09,Fun Dive,Website,Calm,40,6600.0,0.06054716710316775,10
B006424,2026-03-09,Fun Dive,Walk-in,Calm,39,7200.0,0.04600985498414852,10
B006425,2026-03-09,Fun Dive,OTA,Calm,15,3000.0,0.1263360660223027,5
B006426,2026-03-09,Discovery Dive,Referral,Calm,31,4900.0,0.04617988179309334,10
B006427,2026-03-09,Discovery Dive,OTA,Calm,45,4450.0,0.12114659890239635,6
B006428,2026-03-09,Course,Website,Calm,2,25100.0,0.08301844400442662,8
B006429,2026-03-09,Fun Dive,OTA,Calm,32,9250.0,0.11731829596424272,6
B006430,2026-03-09,Discovery Dive,OTA,Calm,6,8050.0,0.12185188228909481,6
B006431,2026-03-10,Discovery Dive,Instagram,Calm,12,5050.0,0.08010183308186983,8
B006432,2026-03-10,Fun Dive,Walk-in,Calm,24,3600.0,0.054361653004792294,10
B006433,2026-03-10,Fun Dive,Instagram,Calm,16,3700.0,0.08736977855277771,8
B006434,2026-03-10,Fun Dive,OTA,Calm,38,11050.0,0.09795171569958419,7
B006435,2026-03-10,Course,OTA,Calm,13,22200.0,0.14187130477667867,5
B006436,2026-03-10,Course,Walk-in,Calm,41,27400.0,0.06335668470738805,9
B006437,2026-03-10,Discovery Dive,Website,Calm,42,4850.0,0.06841066683448736,9
B006438,2026-03-10,Fun Dive,Hotel Partner,Calm,28,6450.0,0.0925732942569054,7
B006439,2026-03-10,Fun Dive,Walk-in,Calm,18,6700.0,0.058446633421385605,10
B006440,2026-03-10,Discovery Dive,Referral,Calm,0,4650.0,0.05130552110665713,10
B006441,2026-03-10,Fun Dive,Instagram,Calm,24,7450.0,0.08538164405732612,8
B006442,2026-03-11,Fun Dive,Website,Calm,1,14800.0,0.06350718313543051,9
B006443,2026-03-11,Course,Walk-in,Calm,10,24250.0,0.04633562835408886,10
B006444,2026-03-11,Fun Dive,Hotel Partner,Calm,6,6950.0,0.0964450271088276,7
B006445,2026-03-11,Fun Dive,OTA,Calm,16,3000.0,0.1469524915251882,5
B006446,2026-03-11,Course,Hotel Partner,Calm,14,24100.0,0.12224784473612509,6
B006447,2026-03-11,Fun Dive,OTA,Calm,17,2850.0,0.12836077677602298,5
B006448,2026-03-12,Discovery Dive,OTA,Moderate,22,3950.0,0.20806166002084306,3
B006449,2026-03-12,Fun Dive,Walk-in,Moderate,23,11450.0,0.07427138557103125,9
B006450,2026-03-12,Course,Unknown,Moderate,33,23150.0,0.12109368345890757,6
B006451,2026-03-12,Discovery Dive,Walk-in,Moderate,5,5550.0,0.08926331304072464,8
B006452,2026-03-12,Fun Dive,OTA,Moderate,19,9400.0,0.185626643923004,3
B006453,2026-03-12,Fun Dive,Instagram,Moderate,24,6800.0,0.11662190863193535,6
B006454,2026-03-12,Fun Dive,OTA,Moderate,15,9450.0,0.21210142632407525,3
B006455,2026-03-12,Discovery Dive,Walk-in,Moderate,16,5000.0,0.08204451600146263,8
B006456,2026-03-12,Discovery Dive,Unknown,Moderate,41,4400.0,0.10488365980844656,7
B006457,2026-03-12,Fun Dive,OTA,Moderate,41,6150.0,0.1838472966296531,3
B006458,2026-03-13,Discovery Dive,OTA,Calm,40,4350.0,0.12801689177618256,5
B006459,2026-03-13,Fun Dive,Website,Calm,12,7400.0,0.06954236671018775,9
B006460,2026-03-13,Fun Dive,OTA,Calm,21,6250.0,0.13935220077115082,5
B006461,2026-03-13,Discovery Dive,Website,Calm,3,5250.0,0.07825788112963827,8
B006462,2026-03-13,Discovery Dive,Walk-in,Calm,13,5350.0,0.05068415761271226,10
B006463,2026-03-13,Fun Dive,OTA,Calm,6,8600.0,0.11819835212111374,6
B006464,2026-03-13,Discovery Dive,Hotel Partner,Calm,16,5000.0,0.09332888186152126,7
B006465,2026-03-13,Fun Dive,OTA,Calm,25,2950.0,0.14726114572563917,5
B006466,2026-03-14,Course,OTA,Calm,14,21200.0,0.20182144391024073,3
B006467,2026-03-14,Fun Dive,Instagram,Calm,9,6600.0,0.1040962789988246,7
B006468,2026-03-14,Discovery Dive,Hotel Partner,Calm,10,5000.0,0.11716098443424894,6
B006469,2026-03-14,Fun Dive,Unknown,Calm,38,12200.0,0.07056123377268678,9
B006470,2026-03-14,Discovery Dive,Website,Calm,0,4750.0,0.09692688831977796,7
B006471,2026-03-14,Fun Dive,OTA,Calm,36,3150.0,0.1600596774429464,4
B006472,2026-03-14,Fun Dive,Hotel Partner,Calm,3,,0.1482282634421205,5
B006473,2026-03-14,Discovery Dive,OTA,Calm,21,4300.0,0.16724950229465796,4
B006474,2026-03-14,Discovery Dive,Hotel Partner,Calm,24,4900.0,0.11262709927255783,6
B006475,2026-03-14,Course,Walk-in,Calm,40,26100.0,0.07445036126775637,9
B006476,2026-03-14,Discovery Dive,OTA,Calm,29,4550.0,0.16653355135420514,4
B006477,2026-03-14,Fun Dive,Referral,Calm,15,6800.0,0.05642601851359579,10
B006478,2026-03-14,Fun Dive,Instagram,Calm,7,3400.0,0.10852730889505907,7
B006479,2026-03-14,Discovery Dive,OTA,Calm,23,8800.0,0.15692567572168603,4
B006480,2026-03-14,Fun Dive,Instagram,Calm,32,10750.0,0.08265219931965256,8
B006481,2026-03-14,Fun Dive,Hotel Partner,Calm,31,3300.0,0.1082107813291994,7
B006482,2026-03-14,Course,Referral,Calm,4,24100.0,0.07190760072222675,9
B006483,2026-03-14,Fun Dive,Hotel Partner,Calm,8,6850.0,0.13690432401928282,5
B006484,2026-03-14,Fun Dive,OTA,Calm,13,2850.0,0.16529054414182182,4
B006485,2026-03-14,Discovery Dive,Instagram,Calm,6,5150.0,0.10042932399763284,7
B006486,2026-03-14,Fun Dive,OTA,Calm,1,2950.0,0.1634397837402661,4
B006487,2026-03-14,Course,Referral,Calm,9,23400.0,0.0720501431858792,9
B006488,2026-03-14,Fun Dive,Unknown,Calm,3,3050.0,0.0965517123390815,7
B006489,2026-03-14,Discovery Dive,OTA,Calm,8,4350.0,0.16421011671472246,4
B006490,2026-03-14,Fun Dive,Hotel Partner,Calm,41,6900.0,0.11191716653686826,6
B006491,2026-03-14,Discovery Dive,Unknown,Calm,27,9450.0,0.0801196435878877,8
B006492,2026-03-14,Course,Unknown,Calm,19,24950.0,0.09332484354037379,7
B006493,2026-03-14,Fun Dive,OTA,Calm,35,11300.0,0.12273219861179181,6
B006494,2026-03-15,Discovery Dive,Hotel Partner,Calm,18,4950.0,0.10437889065942715,7
B006495,2026-03-15,Fun Dive,OTA,Calm,11,5900.0,0.1400690977548842,5
B006496,2026-03-15,Fun Dive,Hotel Partner,Calm,6,12050.0,0.09425495051592406,7
B006497,2026-03-15,Course,Walk-in,Calm,35,25100.0,0.05452289073202926,10
B006498,2026-03-15,Fun Dive,OTA,Calm,44,5650.0,0.14960348578496876,4
B006499,2026-03-15,Discovery Dive,Instagram,Calm,39,5350.0,0.08568809022343458,8
B006500,2026-03-15,Fun Dive,Unknown,Calm,18,3300.0,0.07647310257583019,9
B006501,2026-03-15,Fun Dive,Referral,Calm,8,6750.0,0.062127086492602956,9
B006502,2026-03-16,Fun Dive,Website,Calm,11,3600.0,0.06887607788309079,9
B006503,2026-03-16,Fun Dive,Walk-in,Calm,22,7700.0,0.04445006800150885,10
B006504,2026-03-16,Discovery Dive,Website,Calm,15,5400.0,0.0708692908127,9
B006505,2026-03-16,Discovery Dive,Hotel Partner,Calm,5,5000.0,0.089324117119084,8
B006506,2026-03-16,Fun Dive,Unknown,Calm,29,3000.0,0.06858934927721627,9
B006507,2026-03-16,Fun Dive,Hotel Partner,Calm,44,6200.0,0.07391643371075277,9
B006508,2026-03-16,Fun Dive,Referral,Calm,12,10000.0,0.04079740654352362,10
B006509,2026-03-16,Fun Dive,Website,Calm,20,3600.0,0.06895673722052476,9
B006510,2026-03-16,Discovery Dive,OTA,Calm,29,4050.0,0.12492923527495686,6
B006511,2026-03-16,Fun Dive,Hotel Partner,Calm,38,6050.0,0.08190364690400247,8
B006512,2026-03-16,Fun Dive,Referral,Calm,11,6900.0,0.04825939703816161,10
B006513,2026-03-16,Fun Dive,OTA,Calm,15,8750.0,0.11643284184277435,6
B006514,2026-03-16,Discovery Dive,Walk-in,Calm,34,5350.0,0.0505433310733843,10
B006515,2026-03-16,Course,Unknown,Calm,35,20050.0,0.07722830518226513,8
B006516,2026-03-16,Fun Dive,Referral,Calm,35,6600.0,0.050363198771483514,10
B006517,2026-03-16,Fun Dive,Walk-in,Calm,25,6800.0,0.046845966381152016,10
B006518,2026-03-16,Fun Dive,Hotel Partner,Calm,11,6350.0,0.0860616451105645,8
B006519,2026-03-16,Fun Dive,Referral,Calm,20,10650.0,0.04397816535569726,10
B006520,2026-03-17,Discovery Dive,Walk-in,Moderate,26,5200.0,0.07626459505726074,9
B006521,2026-03-17,Fun Dive,Website,Moderate,12,10400.0,0.10277389632412841,7
B006522,2026-03-17,Fun Dive,Website,Moderate,17,3300.0,0.11316678732894604,6
B006523,2026-03-17,Fun Dive,Hotel Partner,Moderate,5,3450.0,0.1570001829058668,4
B006524,2026-03-17,Discovery Dive,Unknown,Moderate,9,5200.0,0.10852780546407051,7
B006525,2026-03-17,Fun Dive,Instagram,Moderate,27,13950.0,0.11018296514879572,6
B006526,2026-03-17,Fun Dive,Unknown,Moderate,38,2850.0,0.10861161750138754,7
B006527,2026-03-18,Course,Walk-in,Calm,2,25300.0,0.07754820336221827,8
B006528,2026-03-18,Fun Dive,Instagram,Calm,31,13400.0,0.07120107117412472,9
B006529,2026-03-18,Fun Dive,Hotel Partner,Calm,33,12200.0,0.0704624997000347,9
B006530,2026-03-18,Fun Dive,OTA,Calm,44,2850.0,0.13025485022753155,5
B006531,2026-03-18,Discovery Dive,Website,Calm,14,4800.0,0.07400683257745432,9
B006532,2026-03-18,Fun Dive,Website,Calm,40,3500.0,0.07102462854565746,9
B006533,2026-03-18,Discovery Dive,OTA,Calm,39,4500.0,0.13496386974509006,5
B006534,2026-03-18,Fun Dive,Unknown,Calm,32,6250.0,0.061852267711893776,9
B006535,2026-03-18,Course,Instagram,Calm,21,26450.0,0.09984428704717854,7
B006536,2026-03-18,Discovery Dive,OTA,Calm,42,4400.0,0.13319889863333398,5
B006537,2026-03-19,Discovery Dive,Unknown,Calm,25,5250.0,0.06745408558776662,9
B006538,2026-03-19,Fun Dive,OTA,Calm,40,5850.0,0.11698372775686719,6
B006539,2026-03-19,Fun Dive,OTA,Calm,11,5900.0,0.12517040960083758,6
B006540,2026-03-19,Fun Dive,Instagram,Calm,10,7450.0,0.08416992132252897,8
B006541,2026-03-19,Course,Website,Calm,44,23850.0,0.07569933018270268,9
B006542,2026-03-19,Discovery Dive,Instagram,Calm,2,4850.0,0.08048292515413305,8
B006543,2026-03-19,Fun Dive,Walk-in,Calm,10,3800.0,0.04896377335567926,10
B006544,2026-03-20,Fun Dive,Hotel Partner,Calm,23,10200.0,0.08659931169956689,8
B006545,2026-03-20,Fun Dive,OTA,Calm,10,2950.0,0.1325733718460169,5
B006546,2026-03-20,Fun Dive,Unknown,Calm,38,10400.0,0.055714246166978,10
B006547,2026-03-20,Course,Walk-in,Calm,22,26500.0,0.05863376592974714,10
B006548,2026-03-20,Fun Dive,Hotel Partner,Calm,30,6400.0,0.07935800455014838,8
B006549,2026-03-20,Course,Walk-in,Calm,28,26400.0,0.07076291011685518,9
B006550,2026-03-20,Discovery Dive,Walk-in,Calm,25,5050.0,0.04839893015456903,10
B006551,2026-03-21,Fun Dive,Walk-in,Calm,27,15450.0,0.05543929896851604,10
B006552,2026-03-21,Course,Referral,Calm,10,24000.0,0.0790699426763527,8
B006553,2026-03-21,Fun Dive,OTA,Calm,36,8950.0,0.1265711428342429,5
B006554,2026-03-21,Discovery Dive,Walk-in,Calm,38,5400.0,0.055799737052089585,10
B006555,2026-03-21,Discovery Dive,Walk-in,Calm,33,5100.0,0.055167340514915564,10
B006556,2026-03-21,Discovery Dive,Hotel Partner,Calm,17,4650.0,0.10342082678287301,7
B006557,2026-03-21,Fun Dive,Walk-in,Calm,24,6950.0,0.05810691699956842,10
B006558,2026-03-22,Discovery Dive,OTA,Calm,26,4250.0,0.15315950763839278,4
B006559,2026-03-22,Discovery Dive,Hotel Partner,Calm,43,4600.0,0.09944566493549427,7
B006560,2026-03-22,Fun Dive,Unknown,Calm,40,3500.0,0.08487300404486053,8
B006561,2026-03-22,Course,Walk-in,Calm,43,24400.0,0.07768199726196681,8
B006562,2026-03-22,Discovery Dive,Walk-in,Calm,34,10000.0,0.05726628748583641,10
B006563,2026-03-22,Fun Dive,Unknown,Calm,12,3400.0,0.07837323043684741,8
B006564,2026-03-22,Fun Dive,Walk-in,Calm,44,3450.0,0.05427162501060167,10
B006565,2026-03-22,Fun Dive,Referral,Calm,38,6800.0,0.05207047022704299,10
B006566,2026-03-22,Fun Dive,OTA,Calm,33,3150.0,0.1486904464172432,5
B006567,2026-03-22,Discovery Dive,OTA,Calm,0,4550.0,0.16183498014121633,4
B006568,2026-03-22,Course,OTA,Calm,10,22550.0,0.20236177557658347,3
B006569,2026-03-22,Discovery Dive,Walk-in,Calm,11,5050.0,0.058970752356440635,10
B006570,2026-03-22,Course,Walk-in,Calm,7,24850.0,0.08160543619645079,8
B006571,2026-03-22,Fun Dive,OTA,Calm,20,2800.0,0.16865702380640782,4
B006572,2026-03-22,Fun Dive,Referral,Calm,15,3450.0,0.05736230534397359,10
B006573,2026-03-23,Course,OTA,Calm,13,21700.0,0.11622718708809228,6
B006574,2026-03-23,Fun Dive,Instagram,Calm,8,3400.0,0.08255004335238461,8
B006575,2026-03-23,Fun Dive,Walk-in,Calm,2,7400.0,0.05635362800357849,10
B006576,2026-03-23,Discovery Dive,Walk-in,Calm,30,4950.0,0.044746660700162144,10
B006577,2026-03-23,Fun Dive,Website,Calm,28,13850.0,0.05421335451086168,10
B006578,2026-03-23,Discovery Dive,Walk-in,Calm,23,4950.0,0.04532041399937409,10
B006579,2026-03-23,Fun Dive,Website,Calm,33,14550.0,0.05478162339969426,10
B006580,2026-03-23,Fun Dive,Hotel Partner,Calm,12,3350.0,0.08557500745013634,8
B006581,2026-03-24,Discovery Dive,Walk-in,Calm,14,5450.0,0.050111496463666104,10
B006582,2026-03-24,Course,Unknown,Calm,4,26400.0,0.08471259210586454,8
B006583,2026-03-24,Course,Hotel Partner,Calm,25,23750.0,0.11878210164530252,6
B006584,2026-03-24,Fun Dive,OTA,Calm,11,12450.0,0.12192911576979429,6
B006585,2026-03-24,Discovery Dive,Referral,Calm,24,5100.0,0.04874405081925457,10
B006586,2026-03-24,Fun Dive,Hotel Partner,Calm,21,6900.0,0.08255921291450591,8
B006587,2026-03-24,Discovery Dive,OTA,Calm,34,4450.0,0.12710195513931025,5
B006588,2026-03-25,Discovery Dive,OTA,Calm,2,4500.0,0.13381290382936956,5
B006589,2026-03-25,Fun Dive,OTA,Calm,35,3150.0,0.12779589653914417,5
B006590,2026-03-25,Discovery Dive,OTA,Calm,44,9200.0,0.12497213200721592,6
B006591,2026-03-25,Fun Dive,OTA,Calm,13,3150.0,0.1512894845870486,4
B006592,2026-03-25,Fun Dive,OTA,Calm,22,9450.0,0.11111485536813857,6
B006593,2026-03-25,Fun Dive,Unknown,Calm,31,3100.0,0.07377346735788297,9
B006594,2026-03-25,Fun Dive,OTA,Calm,43,12300.0,0.09966118376657088,7
B006595,2026-03-26,Fun Dive,Walk-in,Closed,26,7550.0,0.5682599875744389,1
B006596,2026-03-26,Course,Hotel Partner,Closed,34,22350.0,0.7445127593675633,1
B006597,2026-03-26,Discovery Dive,Website,Closed,5,4850.0,0.6647136395906567,1
B006598,2026-03-26,Fun Dive,OTA,Closed,30,5650.0,0.7625674933167936,1
B006599,2026-03-26,Fun Dive,Instagram,Closed,17,7250.0,0.6847683992187155,1
B006600,2026-03-26,Discovery Dive,Unknown,Closed,12,5100.0,0.6426967180405163,1
B006601,2026-03-26,Discovery Dive,Hotel Partner,Closed,34,4850.0,0.6958044296635076,1
B006602,2026-03-27,Discovery Dive,Website,Calm,8,9650.0,0.07133475808124949,9
B006603,2026-03-27,Fun Dive,Website,Calm,9,3550.0,0.08132455649953055,8
B006604,2026-03-27,Course,OTA,Calm,4,22900.0,0.14898210564055528,4
B006605,2026-03-27,Fun Dive,Walk-in,Calm,36,14200.0,0.037125297384223474,10
B006606,2026-03-27,Fun Dive,OTA,Calm,23,2750.0,0.14111524393013147,5
B006607,2026-03-27,Discovery Dive,Unknown,Calm,24,5250.0,0.06320325586759752,9
B006608,2026-03-27,Discovery Dive,Hotel Partner,Calm,45,4450.0,0.08040757953089708,8
B006609,2026-03-27,Fun Dive,Unknown,Calm,2,6950.0,0.07166954822799122,9
B006610,2026-03-27,Fun Dive,Unknown,Calm,39,14400.0,0.05184754611125173,10
B006611,2026-03-27,Discovery Dive,OTA,Calm,34,4250.0,0.12504886657116626,6
B006612,2026-03-28,Fun Dive,OTA,Calm,34,6000.0,0.1355915649323956,5
B006613,2026-03-28,Course,Unknown,Calm,33,23450.0,0.08474115560028725,8
B006614,2026-03-28,Fun Dive,OTA,Calm,32,12450.0,0.13343005866368346,5
B006615,2026-03-28,Discovery Dive,Instagram,Calm,42,5350.0,0.08687400608512384,8
B006616,2026-03-28,Fun Dive,OTA,Calm,30,11000.0,0.12904657299889968,5
B006617,2026-03-28,Fun Dive,Instagram,Calm,40,10700.0,0.07464782362420536,9
B006618,2026-03-28,Fun Dive,Walk-in,Calm,21,10750.0,0.04879738610957212,10
B006619,2026-03-28,Fun Dive,Referral,Calm,1,13350.0,0.04801515372749519,10
B006620,2026-03-29,Fun Dive,Website,Moderate,45,6850.0,0.131176283894225,5
B006621,2026-03-29,Fun Dive,Instagram,Moderate,17,7250.0,0.14658780529234447,5
B006622,2026-03-29,Fun Dive,OTA,Moderate,35,2900.0,0.24235287282026804,2
B006623,2026-03-29,Fun Dive,Instagram,Moderate,33,7550.0,0.14768321243676386,5
B006624,2026-03-29,Discovery Dive,OTA,Moderate,7,4100.0,0.2323028995772285,3
B006625,2026-03-29,Course,OTA,Moderate,45,22500.0,0.2324868189100669,3
B006626,2026-03-29,Fun Dive,Referral,Moderate,37,3350.0,0.08680090435107107,8
B006627,2026-03-29,Fun Dive,OTA,Moderate,6,6100.0,0.23532928352858362,2
B006628,2026-03-29,Course,Hotel Partner,Moderate,7,23450.0,0.16718932357215915,4
B006629,2026-03-29,Fun Dive,OTA,Moderate,26,5500.0,0.2361986981701726,2
B006630,2026-03-29,Discovery Dive,Referral,Moderate,16,4600.0,0.09635502415238781,7
B006631,2026-03-29,Fun Dive,Hotel Partner,Moderate,5,6450.0,0.1808435576309315,4
B006632,2026-03-29,Fun Dive,Hotel Partner,Moderate,18,6200.0,0.1554594959781652,4
B006633,2026-03-29,Course,OTA,Moderate,16,21350.0,0.28816308512958505,2
B006634,2026-03-29,Fun Dive,Walk-in,Moderate,17,3800.0,0.12235645528407683,6
B006635,2026-03-29,Fun Dive,Walk-in,Moderate,0,14850.0,0.10752402733441802,7
B006636,2026-03-29,Discovery Dive,Hotel Partner,Moderate,27,4400.0,0.16364501613350277,4
B006638,2026-03-30,Course,Instagram,Calm,29,24650.0,0.10089289314383032,7
B006639,2026-03-30,Discovery Dive,OTA,Calm,14,4400.0,0.12885545981787508,5
B006640,2026-03-30,Discovery Dive,Hotel Partner,Calm,29,4550.0,0.08390329972344941,8
B006641,2026-03-30,Fun Dive,Unknown,Calm,34,13550.0,0.049044597056554694,10
B006642,2026-03-30,Course,Walk-in,Calm,37,26650.0,0.06741642025251138,9
B006643,2026-03-30,Fun Dive,OTA,Calm,22,2850.0,0.13908047616068445,5
B006644,2026-03-30,Fun Dive,Instagram,Calm,24,3650.0,0.07143674948240485,9
B006645,2026-03-30,Fun Dive,Instagram,Calm,9,10550.0,0.0667537310983378,9
B006646,2026-03-30,Fun Dive,OTA,Calm,32,3150.0,0.12202723837996407,6
B006647,2026-03-31,Discovery Dive,Walk-in,Calm,14,4900.0,0.047930615302410474,10
B006648,2026-03-31,Fun Dive,Walk-in,Calm,24,10050.0,0.046668749640291454,10
B006649,2026-03-31,Fun Dive,Walk-in,Calm,8,7550.0,0.04593504107823537,10
B006650,2026-03-31,Fun Dive,Unknown,Calm,24,7050.0,0.06892502911924894,9
B006651,2026-03-31,Course,Unknown,Calm,44,24900.0,0.07231398164054974,9
B006652,2026-03-31,Fun Dive,Website,Calm,14,3500.0,0.07853060581231562,8
B006653,2026-03-31,Fun Dive,Referral,Calm,38,10650.0,0.040029262717536845,10
B006654,2026-04-01,Fun Dive,Website,Rough,27,11100.0,0.262617704190391,2
B006655,2026-04-01,Fun Dive,Instagram,Rough,44,3600.0,0.2898181035169271,2
B006656,2026-04-01,Fun Dive,Walk-in,Rough,30,7050.0,0.1974276113625363,3
B006657,2026-04-01,Course,Walk-in,Rough,8,27350.0,0.2349993554643478,2
B006658,2026-04-01,Discovery Dive,Referral,Rough,35,5300.0,0.21330808290288492,3
B006659,2026-04-01,Fun Dive,Instagram,Rough,5,3700.0,0.31568520001029743,2
B006660,2026-04-01,Discovery Dive,Referral,Rough,32,4800.0,0.20777660206681892,3
B006661,2026-04-02,Course,Website,Calm,37,26700.0,0.08671495439408913,8
B006662,2026-04-02,Fun Dive,Instagram,Calm,30,14950.0,0.07301459048442606,9
B006663,2026-04-02,Discovery Dive,OTA,Calm,35,3950.0,0.12693533388297287,5
B006664,2026-04-02,Fun Dive,Website,Calm,13,3400.0,0.07173766176186652,9
B006665,2026-04-02,Discovery Dive,Website,Calm,29,4750.0,0.07132685348594105,9
B006666,2026-04-02,Fun Dive,Walk-in,Calm,39,,0.056121226369336676,10
B006667,2026-04-02,Fun Dive,OTA,Calm,36,9400.0,0.11069437567616319,6
B006668,2026-04-02,Discovery Dive,OTA,Calm,28,4250.0,0.13030220050416505,5
B006669,2026-04-03,Fun Dive,Referral,Rough,10,10950.0,0.24997050930069953,2
B006670,2026-04-03,Discovery Dive,Website,Rough,44,5150.0,0.2934154569343809,2
B006671,2026-04-03,Fun Dive,Instagram,Rough,10,6750.0,0.33510921669889304,2
B006672,2026-04-03,Fun Dive,Referral,Rough,13,3600.0,0.24937168820153485,2
B006673,2026-04-03,Discovery Dive,Hotel Partner,Rough,20,5050.0,0.3564449888530506,1
B006674,2026-04-03,Discovery Dive,Website,Rough,20,5300.0,0.306021253511182,2
B006675,2026-04-03,Discovery Dive,Walk-in,Rough,21,5000.0,0.22057612975858376,3
B006676,2026-04-03,Discovery Dive,Walk-in,Rough,37,5350.0,0.21287272770954793,3
B006677,2026-04-03,Fun Dive,Unknown,Rough,2,6850.0,0.30635384310108044,2
B006678,2026-04-04,Course,Website,Rough,24,25650.0,0.4540165404036668,1
B006679,2026-04-04,Fun Dive,OTA,Rough,28,11950.0,0.5158438641968168,1
B006680,2026-04-04,Fun Dive,OTA,Rough,3,5600.0,0.504215564053006,1
B006681,2026-04-04,Discovery Dive,OTA,Rough,13,4550.0,0.5345999682827381,1
B006682,2026-04-04,Course,Hotel Partner,Rough,12,22150.0,0.45021148199805106,1
B006683,2026-04-04,Fun Dive,Website,Rough,12,3300.0,0.3572271568594051,1
B006684,2026-04-04,Fun Dive,Hotel Partner,Rough,30,12300.0,0.37542437212938756,1
B006685,2026-04-04,Course,Hotel Partner,Rough,42,25150.0,0.49517891323227686,1
B006686,2026-04-04,Fun Dive,OTA,Rough,9,6350.0,0.5100062796767255,1
B006687,2026-04-04,Fun Dive,Referral,Rough,7,14600.0,0.26564657683561205,2
B006688,2026-04-05,Fun Dive,Unknown,Calm,2,3050.0,0.08353040159210688,8
B006689,2026-04-05,Fun Dive,OTA,Calm,4,9150.0,0.15858533797633462,4
B006690,2026-04-05,Discovery Dive,Hotel Partner,Calm,44,4600.0,0.10769682444908822,7
B006691,2026-04-05,Discovery Dive,Walk-in,Calm,20,5350.0,0.06286625924253277,9
B006692,2026-04-05,Discovery Dive,OTA,Calm,8,4250.0,0.16749123575847244,4
B006693,2026-04-05,Discovery Dive,OTA,Calm,9,4500.0,0.1650161135041734,4
B006694,2026-04-05,Fun Dive,Walk-in,Calm,42,7150.0,0.054936957583940065,10
B006695,2026-04-05,Fun Dive,Walk-in,Calm,11,6900.0,0.05765333803101072,10
B006696,2026-04-06,Fun Dive,Unknown,Calm,42,2900.0,0.05948439291969857,10
B006697,2026-04-06,Fun Dive,Hotel Partner,Calm,41,3400.0,0.07915296581825967,8
B006698,2026-04-06,Fun Dive,Instagram,Calm,34,6600.0,0.0636572718762014,9
B006699,2026-04-06,Discovery Dive,Instagram,Calm,8,4900.0,0.07641571041771725,9
B006700,2026-04-06,Fun Dive,Walk-in,Calm,45,14700.0,0.0352685698855016,10
B006701,2026-04-06,Course,Hotel Partner,Calm,3,23800.0,0.08389401795813256,8
B006702,2026-04-07,Fun Dive,Walk-in,Closed,4,11250.0,0.5497298991131219,1
B006703,2026-04-07,Fun Dive,Walk-in,Closed,45,14900.0,0.5133128522875055,1
B006704,2026-04-07,Discovery Dive,Referral,Closed,10,4600.0,0.5503896715147232,1
B006705,2026-04-07,Fun Dive,OTA,Closed,2,5750.0,0.7896751722491441,1
B006706,2026-04-07,Course,Walk-in,Closed,45,26850.0,0.6361806085376884,1
B006707,2026-04-07,Fun Dive,Unknown,Closed,1,10550.0,0.6026495118420674,1
B006708,2026-04-07,Fun Dive,OTA,Closed,4,11850.0,0.7575180649796999,1
B006709,2026-04-08,Fun Dive,Website,Closed,26,10100.0,0.6590110404909408,1
B006710,2026-04-08,Fun Dive,Referral,Closed,38,9900.0,0.5501983638813879,1
B006711,2026-04-08,Course,OTA,Closed,40,21700.0,0.7952645395735208,1
B006712,2026-04-08,Fun Dive,OTA,Closed,24,5850.0,0.7905045898709732,1
B006713,2026-04-08,Discovery Dive,Hotel Partner,Closed,42,4650.0,0.7029257397984032,1
B006714,2026-04-08,Course,Walk-in,Closed,17,25600.0,0.5711116372632109,1
B006715,2026-04-08,Discovery Dive,Unknown,Closed,29,4100.0,0.6300515445702871,1
B006716,2026-04-08,Fun Dive,OTA,Closed,6,2750.0,0.8191092039108502,1
B006717,2026-04-09,Discovery Dive,OTA,Calm,1,4200.0,0.14221792057255966,5
B006718,2026-04-09,Fun Dive,OTA,Calm,10,6100.0,0.14314071478026466,5
B006719,2026-04-09,Course,Walk-in,Calm,13,25900.0,0.053600848224984086,10
B006720,2026-04-09,Fun Dive,Website,Calm,1,7350.0,0.07390835382948095,9
B006721,2026-04-09,Fun Dive,OTA,Calm,23,6300.0,0.14319694209550898,5
B006722,2026-04-09,Course,Instagram,Calm,36,24600.0,0.08786001842232542,8
B006723,2026-04-09,Fun Dive,Walk-in,Calm,18,13950.0,0.04722345314731049,10
B006724,2026-04-09,Discovery Dive,Instagram,Calm,30,5000.0,0.07964651538582784,8
B006725,2026-04-09,Fun Dive,Website,Calm,33,7500.0,0.06829364049462823,9
B006726,2026-04-10,Discovery Dive,OTA,Calm,1,4500.0,0.14392931205851972,5
B006727,2026-04-10,Fun Dive,Website,Calm,0,7150.0,0.07424262887879057,9
B006728,2026-04-10,Fun Dive,Unknown,Calm,19,2900.0,0.0672129048836194,9
B006729,2026-04-10,Fun Dive,Hotel Partner,Calm,29,3300.0,0.09196176300834855,7
B006730,2026-04-10,Fun Dive,Referral,Calm,24,6950.0,0.047115463870032855,10
B006731,2026-04-10,Discovery Dive,Website,Calm,0,5200.0,0.07810337796661859,8
B006732,2026-04-10,Course,OTA,Calm,17,20150.0,0.16113573729474243,4
B006733,2026-04-10,Discovery Dive,Instagram,Calm,42,5400.0,0.07737834113272617,8
B006734,2026-04-10,Course,Walk-in,Calm,10,27550.0,0.05641725430593859,10
B006735,2026-04-10,Fun Dive,OTA,Calm,1,8450.0,0.12060964451402727,6
B006736,2026-04-11,Fun Dive,Walk-in,Calm,38,7500.0,0.056606078554135277,10
B006737,2026-04-11,Discovery Dive,Instagram,Calm,1,10050.0,0.10039104845659265,7
B006738,2026-04-11,Fun Dive,Walk-in,Calm,22,3750.0,0.0657987207186175,9
B006739,2026-04-11,Discovery Dive,Unknown,Calm,10,5200.0,0.08502057737059295,8
B006740,2026-04-11,Discovery Dive,OTA,Calm,23,4050.0,0.15623235698810695,4
B006741,2026-04-11,Discovery Dive,Instagram,Calm,37,5100.0,0.09342165850712933,7
B006742,2026-04-11,Fun Dive,OTA,Calm,29,8850.0,0.13533581016151627,5
B006743,2026-04-12,Discovery Dive,OTA,Calm,37,4400.0,0.15410026236341312,4
B006745,2026-04-12,Discovery Dive,Walk-in,Calm,25,5550.0,0.05927716547622294,10
B006746,2026-04-12,Fun Dive,Unknown,Calm,17,3700.0,0.09611775184612029,7
B006747,2026-04-12,Fun Dive,Referral,Calm,35,6900.0,0.05338584454539684,10
B006748,2026-04-12,Fun Dive,Walk-in,Calm,32,13900.0,0.046780179462312284,10
B006749,2026-04-12,Fun Dive,Website,Calm,28,3650.0,0.09527928098798247,7
B006750,2026-04-13,Course,Instagram,Calm,43,24300.0,0.10267711303348717,7
B006751,2026-04-13,Fun Dive,Unknown,Calm,42,2750.0,0.0684993636433102,9
B006752,2026-04-13,Fun Dive,Unknown,Calm,30,7400.0,0.06821175491881348,9
B006753,2026-04-13,Fun Dive,OTA,Calm,17,3150.0,0.147143765117312,5
B006754,2026-04-13,Course,OTA,Calm,6,20200.0,0.11782647005463419,6
B006755,2026-04-13,Fun Dive,Unknown,Calm,15,6150.0,0.06059837196240106,10
B006756,2026-04-13,Discovery Dive,Website,Calm,27,5300.0,0.07143451862722032,9
B006757,2026-04-14,Discovery Dive,Walk-in,Calm,16,5100.0,0.0517637630408743,10
B006758,2026-04-14,Fun Dive,Instagram,Calm,39,7050.0,0.07023859156054126,9
B006759,2026-04-14,Fun Dive,Hotel Partner,Calm,39,9050.0,0.08424139263887714,8
B006760,2026-04-14,Discovery Dive,Instagram,Calm,37,4800.0,0.07515316114180058,9
B006761,2026-04-14,Fun Dive,OTA,Calm,33,3150.0,0.14840384583261365,5
B006762,2026-04-14,Fun Dive,OTA,Calm,21,6250.0,0.13999182219712708,5
B006763,2026-04-14,Course,Instagram,Calm,18,24300.0,0.10970294096668437,6
B006764,2026-04-14,Fun Dive,Unknown,Calm,44,13450.0,0.05842183111351219,10
B006765,2026-04-15,Discovery Dive,OTA,Rough,28,4500.0,0.45486326395993976,1
B006766,2026-04-15,Fun Dive,Walk-in,Rough,35,7500.0,0.22785929030902127,3
B006767,2026-04-15,Fun Dive,OTA,Rough,40,5500.0,0.4187212485111467,1
B006768,2026-04-15,Discovery Dive,Hotel Partner,Rough,40,4600.0,0.3445130790093685,2
B006769,2026-04-15,Fun Dive,Website,Rough,40,6950.0,0.2766949977836395,2
B006770,2026-04-15,Discovery Dive,Referral,Rough,38,4700.0,0.21650815236870696,3
B006771,2026-04-15,Fun Dive,Instagram,Rough,19,13200.0,0.3012040653595516,2
B006772,2026-04-15,Discovery Dive,Instagram,Rough,34,10000.0,0.31618992550440195,2
B006773,2026-04-15,Discovery Dive,Walk-in,Rough,21,5250.0,0.22477818999767843,3
B006774,2026-04-16,Fun Dive,Walk-in,Rough,34,,0.19555677403908087,3
B006775,2026-04-16,Fun Dive,Instagram,Rough,45,7400.0,0.3132099533936727,2
B006776,2026-04-16,Fun Dive,Instagram,Rough,45,10500.0,0.28678068344260504,2
B006777,2026-04-16,Fun Dive,Hotel Partner,Rough,18,3200.0,0.345694114587303,2
B006778,2026-04-16,Discovery Dive,Instagram,Rough,9,4850.0,0.3140520532185833,2
B006779,2026-04-16,Discovery Dive,OTA,Rough,23,4200.0,0.44433718151854795,1
B006780,2026-04-16,Discovery Dive,Website,Rough,15,5200.0,0.29654107125282275,2
B006781,2026-04-17,Discovery Dive,Instagram,Rough,39,4900.0,0.3202364357088762,2
B006782,2026-04-17,Fun Dive,Referral,Rough,10,3250.0,0.2529101529226325,2
B006783,2026-04-17,Fun Dive,Website,Rough,4,10300.0,0.3162951531047071,2
B006784,2026-04-17,Course,Website,Rough,30,23600.0,0.29991343076597454,2
B006785,2026-04-17,Fun Dive,Unknown,Rough,30,3600.0,0.31213910643024045,2
B006786,2026-04-17,Course,Hotel Partner,Rough,2,22300.0,0.43915168267511223,1
B006787,2026-04-17,Course,OTA,Rough,10,19950.0,0.47350235112350053,1
B006788,2026-04-17,Fun Dive,Referral,Rough,33,12950.0,0.18346550912144047,3
B006789,2026-04-17,Discovery Dive,OTA,Rough,45,3950.0,0.44943914131944795,1
B006790,2026-04-18,Course,Instagram,Rough,12,25950.0,0.4338962434677014,1
B006791,2026-04-18,Discovery Dive,Instagram,Rough,36,5350.0,0.3549874174032611,2
B006792,2026-04-18,Fun Dive,OTA,Rough,3,6200.0,0.4983350856530536,1
B006793,2026-04-18,Discovery Dive,OTA,Rough,22,4550.0,0.5094267956371683,1
B006794,2026-04-18,Fun Dive,Hotel Partner,Rough,3,10050.0,0.40067712791412524,1
B006795,2026-04-18,Fun Dive,Walk-in,Rough,0,3450.0,0.255018850364577,2
B006796,2026-04-18,Fun Dive,OTA,Rough,30,3100.0,0.49236975615314327,1
B006797,2026-04-19,Discovery Dive,Referral,Moderate,25,4900.0,0.09750364811396517,7
B006798,2026-04-19,Fun Dive,OTA,Moderate,14,8300.0,0.2154573983038963,3
B006799,2026-04-19,Fun Dive,Referral,Moderate,13,11000.0,0.10351582585650976,7
B006800,2026-04-19,Fun Dive,Instagram,Moderate,40,3700.0,0.1469754600582609,5
B006801,2026-04-19,Fun Dive,Website,Moderate,42,6650.0,0.12620510569756344,5
B006802,2026-04-19,Discovery Dive,Website,Moderate,14,5150.0,0.14681155955110023,5
B006803,2026-04-19,Fun Dive,OTA,Moderate,32,2900.0,0.26945782923369743,2
B006804,2026-04-20,Discovery Dive,OTA,Moderate,35,4050.0,0.2063615913478926,3
B006805,2026-04-20,Discovery Dive,Hotel Partner,Moderate,40,4700.0,0.14536655220843572,5
B006806,2026-04-20,Course,OTA,Moderate,39,20050.0,0.2113173865941109,3
B006807,2026-04-20,Course,OTA,Moderate,15,20150.0,0.22184941046291695,3
B006808,2026-04-20,Fun Dive,Unknown,Moderate,22,8900.0,0.12169318545325437,6
B006809,2026-04-20,Discovery Dive,OTA,Moderate,17,4350.0,0.21696259405154547,3
B006810,2026-04-20,Discovery Dive,OTA,Moderate,37,4100.0,0.20820399828301844,3
B006811,2026-04-20,Fun Dive,Walk-in,Moderate,41,11000.0,0.09142130558893266,8
B006812,2026-04-20,Fun Dive,Referral,Moderate,44,7000.0,0.0843597238276972,8
B006813,2026-04-21,Discovery Dive,OTA,Moderate,3,4100.0,0.2135820863751594,3
B006814,2026-04-21,Fun Dive,OTA,Moderate,25,12450.0,0.16699339923187528,4
B006815,2026-04-21,Discovery Dive,Walk-in,Moderate,40,5450.0,0.07913151088210792,8
B006816,2026-04-21,Fun Dive,Instagram,Moderate,43,3700.0,0.1369033993646226,5
B006817,2026-04-21,Discovery Dive,Hotel Partner,Moderate,13,9900.0,0.14867949283396237,5
B006818,2026-04-21,Fun Dive,OTA,Moderate,40,12100.0,0.17620808855412504,4
B006819,2026-04-21,Fun Dive,Instagram,Moderate,11,11400.0,0.13178119741119326,5
B006820,2026-04-21,Fun Dive,OTA,Moderate,17,12650.0,0.17036309326379323,4
B006821,2026-04-21,Fun Dive,Unknown,Moderate,28,3600.0,0.10425294969250985,7
B006822,2026-04-22,Fun Dive,Hotel Partner,Moderate,3,3400.0,0.14656472186007505,5
B006823,2026-04-22,Discovery Dive,Website,Moderate,36,4950.0,0.11522198208464099,6
B006824,2026-04-22,Fun Dive,Walk-in,Moderate,27,10150.0,0.07594777767480089,9
B006825,2026-04-22,Course,Walk-in,Moderate,27,27150.0,0.10168560730232175,7
B006826,2026-04-22,Discovery Dive,Instagram,Moderate,2,5150.0,0.1293327582647857,5
B006827,2026-04-22,Discovery Dive,Instagram,Moderate,12,5350.0,0.1293886599962822,5
B006828,2026-04-22,Course,OTA,Moderate,23,19900.0,0.23411428265835096,2
B006829,2026-04-23,Fun Dive,Website,Moderate,45,6750.0,0.10350398390736631,7
B006830,2026-04-23,Discovery Dive,Website,Moderate,39,5000.0,0.11388372469680544,6
B006831,2026-04-23,Fun Dive,Instagram,Moderate,29,3400.0,0.12314566538191189,6
B006832,2026-04-23,Fun Dive,Website,Moderate,9,3650.0,0.13846863188530156,5
B006833,2026-04-23,Discovery Dive,Instagram,Moderate,6,5250.0,0.1358324745063834,5
B006834,2026-04-23,Course,Instagram,Moderate,43,24350.0,0.16663896383932225,4
B006835,2026-04-23,Discovery Dive,Website,Moderate,22,5300.0,0.12064754301410623,6
B006836,2026-04-23,Discovery Dive,Website,Moderate,42,4750.0,0.11227786200402605,6
B006837,2026-04-23,Course,Hotel Partner,Moderate,41,24900.0,0.19313952374520194,3
B006838,2026-04-23,Fun Dive,Referral,Moderate,34,10100.0,0.0688376575988044,9
B006839,2026-04-23,Fun Dive,Walk-in,Moderate,34,14900.0,0.07699137986558702,8
B006840,2026-04-24,Discovery Dive,Website,Moderate,24,4900.0,0.11668327492276252,6
B006841,2026-04-24,Fun Dive,Referral,Moderate,6,10300.0,0.07206851465458268,9
B006842,2026-04-24,Fun Dive,Instagram,Moderate,29,3500.0,0.1246343704459729,6
B006843,2026-04-24,Fun Dive,Instagram,Moderate,8,7050.0,0.12301653433964681,6
B006844,2026-04-24,Discovery Dive,Instagram,Moderate,41,4800.0,0.1192998888679127,6
B006845,2026-04-24,Fun Dive,OTA,Moderate,17,2800.0,0.204686279946978,3
B006846,2026-04-24,Course,OTA,Moderate,22,22150.0,0.19161925977554387,3
B006847,2026-04-24,Fun Dive,OTA,Moderate,6,6050.0,0.1959427941930405,3
B006848,2026-04-24,Fun Dive,Referral,Moderate,29,6750.0,0.07577745380037948,9
B006849,2026-04-25,Fun Dive,Website,Moderate,26,11200.0,0.13060552618730992,5
B006850,2026-04-25,Fun Dive,Website,Moderate,42,3550.0,0.15728051720410538,4
B006851,2026-04-25,Fun Dive,Instagram,Moderate,3,7550.0,0.15246425021340226,4
B006852,2026-04-25,Fun Dive,Instagram,Moderate,9,10800.0,0.149943286313938,4
B006853,2026-04-25,Course,Unknown,Moderate,33,22500.0,0.1479298153511159,5
B006854,2026-04-25,Course,OTA,Moderate,28,20700.0,0.2674472866263111,2
B006855,2026-04-25,Fun Dive,Walk-in,Moderate,3,7750.0,0.08897117589382494,8
B006856,2026-04-25,Fun Dive,OTA,Moderate,20,6250.0,0.2587935251176562,2
B006857,2026-04-25,Course,Hotel Partner,Moderate,0,22550.0,0.20585760457720143,3
B006858,2026-04-25,Discovery Dive,Website,Moderate,10,4900.0,0.14872948943214834,5
B006859,2026-04-25,Discovery Dive,Website,Moderate,7,5350.0,0.15433429672815407,4
B006860,2026-04-25,Discovery Dive,Unknown,Moderate,36,4950.0,0.13189179844193397,5
B006861,2026-04-25,Fun Dive,Website,Moderate,21,3300.0,0.15977003642938445,4
B006862,2026-04-25,Discovery Dive,Walk-in,Moderate,0,5250.0,0.10712049381001278,7
B006863,2026-04-25,Discovery Dive,Website,Moderate,37,4800.0,0.1379087180372448,5
B006864,2026-04-25,Fun Dive,OTA,Moderate,24,2850.0,0.24734495194723058,2
B006865,2026-04-26,Discovery Dive,OTA,Moderate,30,4200.0,0.24003743357642793,2
B006867,2026-04-26,Discovery Dive,Instagram,Moderate,31,4900.0,0.148647560523112,5
B006868,2026-04-26,Fun Dive,Website,Moderate,33,3650.0,0.1371530123694572,5
B006869,2026-04-26,Fun Dive,Walk-in,Moderate,29,3500.0,0.1097480924140176,6
B006870,2026-04-26,Discovery Dive,OTA,Moderate,18,4150.0,0.24018266188746473,2
B006871,2026-04-26,Discovery Dive,Referral,Moderate,27,4850.0,0.09702277968530292,7
B006872,2026-04-27,Fun Dive,OTA,Moderate,24,5950.0,0.233955187304957,2
B006873,2026-04-27,Fun Dive,Instagram,Moderate,28,10000.0,0.12054331511571487,6
B006874,2026-04-27,Fun Dive,OTA,Moderate,42,2850.0,0.21857057532909985,3
B006875,2026-04-27,Discovery Dive,OTA,Moderate,26,4450.0,0.20409435375884263,3
B006876,2026-04-27,Course,Walk-in,Moderate,33,24400.0,0.10468745772726717,7
B006877,2026-04-27,Fun Dive,Unknown,Moderate,10,9800.0,0.09426142539635499,7
B006878,2026-04-27,Course,OTA,Moderate,2,21900.0,0.23118815776958287,3
B006879,2026-04-27,Discovery Dive,Hotel Partner,Moderate,7,4800.0,0.14723317357789617,5
B006880,2026-04-28,Discovery Dive,OTA,Moderate,30,4000.0,0.18708892299845123,3
B006881,2026-04-28,Fun Dive,Referral,Moderate,20,7250.0,0.07220191516446613,9
B006882,2026-04-28,Discovery Dive,Walk-in,Moderate,18,4900.0,0.07499596534190492,9
B006883,2026-04-28,Fun Dive,Referral,Moderate,16,6350.0,0.06889063405174779,9
B006884,2026-04-28,Discovery Dive,Instagram,Moderate,5,5000.0,0.12206350826754915,6
B006885,2026-04-28,Fun Dive,Unknown,Moderate,29,11100.0,0.10426429327056311,7
B006886,2026-04-28,Fun Dive,Unknown,Moderate,27,6650.0,0.10209471245993681,7
B006887,2026-04-29,Fun Dive,Walk-in,Moderate,9,10250.0,0.07736686989521015,8
B006888,2026-04-29,Fun Dive,Website,Moderate,43,14350.0,0.08954416134143572,8
B006889,2026-04-29,Fun Dive,OTA,Moderate,19,11750.0,0.15626459351926913,4
B006890,2026-04-29,Course,Referral,Moderate,45,25750.0,0.07627520961981435,9
B006891,2026-04-29,Course,Instagram,Moderate,29,25300.0,0.11862400701276926,6
B006892,2026-04-29,Discovery Dive,Website,Moderate,32,4700.0,0.1067663106547074,7
B006893,2026-04-29,Discovery Dive,Unknown,Moderate,39,8300.0,0.09192934789620139,8
B006894,2026-04-29,Discovery Dive,Walk-in,Moderate,0,5250.0,0.07968416059726512,8
B006895,2026-04-29,Fun Dive,Referral,Moderate,41,6650.0,0.06607333566284178,9
B006896,2026-04-30,Discovery Dive,OTA,Moderate,25,4150.0,0.2027147256765363,3
B006897,2026-04-30,Fun Dive,OTA,Moderate,43,6350.0,0.18732389702254343,3
B006898,2026-04-30,Fun Dive,Referral,Moderate,31,3250.0,0.07965717184249886,8
B006899,2026-04-30,Fun Dive,Referral,Moderate,8,3300.0,0.08118569009859102,8
B006900,2026-04-30,Fun Dive,Unknown,Moderate,38,2850.0,0.11700760418860097,6
B006901,2026-04-30,Fun Dive,Instagram,Moderate,20,13600.0,0.11417699445141556,6
B006902,2026-04-30,Fun Dive,OTA,Moderate,28,2800.0,0.22239433718685625,3
B006903,2026-04-30,Discovery Dive,OTA,Moderate,11,4600.0,0.21615727806937604,3
B006904,2026-05-01,Fun Dive,Unknown,Rough,32,12850.0,0.2605434144538696,2
B006905,2026-05-01,Fun Dive,Instagram,Rough,14,10850.0,0.29926708608419533,2
B006906,2026-05-01,Fun Dive,OTA,Rough,33,5750.0,0.4621925393133872,1
B006907,2026-05-01,Discovery Dive,Referral,Rough,15,9600.0,0.22643799674898962,3
B006908,2026-05-01,Fun Dive,Referral,Rough,29,6850.0,0.20698969103410703,3
B006909,2026-05-01,Course,Instagram,Rough,29,24050.0,0.3136759758084512,2
B006910,2026-05-01,Course,OTA,Rough,35,22100.0,0.45876188954306,1
B006911,2026-05-01,Discovery Dive,OTA,Rough,43,4300.0,0.44738145216511144,1
B006912,2026-05-01,Discovery Dive,Hotel Partner,Rough,43,4850.0,0.341375378580118,2
B006913,2026-05-02,Fun Dive,OTA,Calm,36,3000.0,0.1799320574681806,4
B006914,2026-05-02,Course,Unknown,Calm,36,19900.0,0.09629935857663642,7
B006915,2026-05-02,Fun Dive,Referral,Calm,25,3400.0,0.072047048810514,9
B006916,2026-05-02,Fun Dive,OTA,Calm,13,5650.0,0.1568816145735097,4
B006917,2026-05-02,Fun Dive,OTA,Calm,40,6300.0,0.15092729415847664,4
B006918,2026-05-02,Fun Dive,OTA,Calm,37,11200.0,0.12514617735369032,6
B006919,2026-05-02,Fun Dive,Referral,Calm,0,13000.0,0.053634868665375694,10
B006920,2026-05-02,Fun Dive,Instagram,Calm,5,3700.0,0.10407131874076059,7
B006921,2026-05-02,Fun Dive,OTA,Calm,23,3100.0,0.1823412174796826,3
B006922,2026-05-03,Discovery Dive,Walk-in,Moderate,42,10850.0,0.09832793858172137,7
B006923,2026-05-03,Fun Dive,OTA,Moderate,32,2850.0,0.23720151948639512,2
B006924,2026-05-03,Fun Dive,Referral,Moderate,35,3400.0,0.10807095268458387,7
B006925,2026-05-03,Fun Dive,OTA,Moderate,28,12300.0,0.22072599420305203,3
B006926,2026-05-03,Discovery Dive,OTA,Moderate,27,4300.0,0.24643635921520132,2
B006927,2026-05-03,Fun Dive,Instagram,Moderate,21,6900.0,0.16337874688968726,4
B006928,2026-05-03,Fun Dive,Hotel Partner,Moderate,38,3400.0,0.16831415608354924,4
B006929,2026-05-03,Course,Walk-in,Moderate,38,24800.0,0.13307531195500832,5
B006930,2026-05-04,Fun Dive,OTA,Moderate,27,2900.0,0.21901321707771343,3
B006931,2026-05-04,Fun Dive,Website,Moderate,25,3400.0,0.13012832927389445,5
B006932,2026-05-04,Discovery Dive,Hotel Partner,Moderate,41,4750.0,0.1389490237031647,5
B006933,2026-05-04,Fun Dive,Walk-in,Moderate,3,3550.0,0.08228818324082024,8
B006934,2026-05-04,Fun Dive,OTA,Moderate,32,2800.0,0.22173602033093825,3
B006935,2026-05-04,Discovery Dive,Referral,Moderate,16,5000.0,0.08093364310043534,8
B006936,2026-05-04,Discovery Dive,Website,Moderate,26,5250.0,0.11619291039315434,6
B006937,2026-05-05,Discovery Dive,Hotel Partner,Calm,35,4800.0,0.08360543622526936,8
B006938,2026-05-05,Fun Dive,Unknown,Calm,44,3100.0,0.05943328657477847,10
B006939,2026-05-05,Fun Dive,Referral,Calm,28,3300.0,0.04676592952103263,10
B006940,2026-05-05,Discovery Dive,Referral,Calm,38,4650.0,0.04541245828686674,10
B006941,2026-05-05,Fun Dive,Website,Calm,15,6500.0,0.06627659447767316,9
B006942,2026-05-05,Discovery Dive,Instagram,Calm,26,9750.0,0.07479776523426518,9
B006943,2026-05-06,Fun Dive,Website,Calm,28,7200.0,0.07288450962532475,9
B006944,2026-05-06,Fun Dive,OTA,Calm,24,12000.0,0.1293603610020212,5
B006945,2026-05-06,Discovery Dive,OTA,Calm,9,4300.0,0.14791556447453225,5
B006946,2026-05-06,Fun Dive,Walk-in,Calm,36,3850.0,0.05759030629625664,10
B006947,2026-05-06,Course,Unknown,Calm,38,24300.0,0.09708717968486795,7
B006948,2026-05-06,Fun Dive,Referral,Calm,2,7100.0,0.05341149010488649,10
B006949,2026-05-06,Fun Dive,Instagram,Calm,8,7000.0,0.09388700676078146,7
B006950,2026-05-06,Fun Dive,Website,Calm,15,9700.0,0.06993754179476967,9
B006951,2026-05-06,Fun Dive,Walk-in,Calm,43,7200.0,0.055474121709730685,10
B006952,2026-05-07,Discovery Dive,OTA,Moderate,44,4050.0,0.2063780470610864,3
B006953,2026-05-07,Fun Dive,OTA,Moderate,31,6200.0,0.19708087289110687,3
B006954,2026-05-07,Discovery Dive,Instagram,Moderate,37,5250.0,0.1271541168905369,5
B006955,2026-05-07,Course,Unknown,Moderate,18,26650.0,0.16645408419320842,4
B006956,2026-05-07,Fun Dive,Referral,Moderate,16,13550.0,0.07075509462136423,9
B006957,2026-05-07,Fun Dive,Walk-in,Moderate,1,3400.0,0.08461197577596377,8
B006958,2026-05-07,Fun Dive,Referral,Moderate,21,6900.0,0.08006761654946515,8
B006959,2026-05-07,Course,Unknown,Moderate,29,27400.0,0.14046789433552345,5
B006960,2026-05-07,Fun Dive,Hotel Partner,Moderate,5,3450.0,0.1534796795689592,4
B006961,2026-05-07,Fun Dive,OTA,Moderate,26,6350.0,0.22348836752531154,3
B006962,2026-05-08,Discovery Dive,Instagram,Moderate,10,4850.0,0.13145945220276636,5
B006963,2026-05-08,Fun Dive,Website,Moderate,18,3400.0,0.13169124192069362,5
B006964,2026-05-08,Discovery Dive,Unknown,Moderate,12,4750.0,0.10981399745074441,6
B006965,2026-05-08,Fun Dive,Walk-in,Moderate,38,3600.0,0.08601786310501527,8
B006966,2026-05-08,Fun Dive,Hotel Partner,Moderate,1,6600.0,0.1560656780916617,4
B006967,2026-05-08,Fun Dive,Walk-in,Moderate,8,3850.0,0.08386408745636272,8
B006968,2026-05-08,Fun Dive,Instagram,Moderate,44,3700.0,0.12306253556504809,6
B006969,2026-05-08,Fun Dive,Instagram,Moderate,9,3350.0,0.13064484349240416,5
B006970,2026-05-09,Fun Dive,Unknown,Moderate,45,11250.0,0.10629969075985127,7
B006971,2026-05-09,Discovery Dive,Hotel Partner,Moderate,25,4750.0,0.16521755718382375,4
B006972,2026-05-09,Fun Dive,Referral,Moderate,43,3500.0,0.09172848725893563,8
B006973,2026-05-09,Discovery Dive,Referral,Moderate,18,9800.0,0.09784070775606714,7
B006974,2026-05-09,Fun Dive,OTA,Moderate,4,6350.0,0.22935029522258216,3
B006975,2026-05-09,Fun Dive,Hotel Partner,Moderate,8,10250.0,0.1512367932004371,4
B006976,2026-05-09,Discovery Dive,Website,Moderate,4,4950.0,0.14180924895011066,5
B006977,2026-05-10,Discovery Dive,Referral,Moderate,15,5000.0,0.1035811871952128,7
B006978,2026-05-10,Fun Dive,Website,Moderate,27,11200.0,0.12986079732465788,5
B006979,2026-05-10,Discovery Dive,Hotel Partner,Moderate,41,4650.0,0.16836614333599872,4
B006980,2026-05-10,Discovery Dive,Walk-in,Moderate,15,5600.0,0.10487682939930387,7
B006981,2026-05-10,Course,OTA,Moderate,34,22200.0,0.2540131146394514,2
B006982,2026-05-10,Discovery Dive,Unknown,Moderate,37,4350.0,0.1301928670425149,5
B006983,2026-05-10,Course,Walk-in,Moderate,38,27950.0,0.13778509144196496,5
B006984,2026-05-11,Fun Dive,OTA,Calm,22,6150.0,0.13199005947473755,5
B006985,2026-05-11,Fun Dive,OTA,Calm,44,2800.0,0.12213747748388884,6
B006986,2026-05-11,Fun Dive,Walk-in,Calm,22,3400.0,0.046090670889083696,10
B006987,2026-05-11,Fun Dive,Walk-in,Calm,15,7550.0,0.05143804288259321,10
B006988,2026-05-11,Fun Dive,Instagram,Calm,37,15050.0,0.06225905318556277,9
B006989,2026-05-11,Discovery Dive,OTA,Calm,41,4450.0,0.1265424292006033,5
B006990,2026-05-11,Fun Dive,Hotel Partner,Calm,41,3300.0,0.08267022858993596,8
B006991,2026-05-12,Fun Dive,Walk-in,Moderate,14,3850.0,0.09742873206243725,7
B006992,2026-05-12,Discovery Dive,Website,Moderate,33,5000.0,0.12122291009219989,6
B006993,2026-05-12,Course,Unknown,Moderate,29,21600.0,0.13788346918585032,5
B006994,2026-05-12,Fun Dive,Unknown,Moderate,15,6050.0,0.1150620397827199,6
B006995,2026-05-12,Course,Unknown,Moderate,27,28000.0,0.14615162204012522,5
B006996,2026-05-12,Fun Dive,Website,Moderate,4,3750.0,0.1295432185471364,5
B006997,2026-05-12,Discovery Dive,OTA,Moderate,6,4050.0,0.22509762881940248,3
B006998,2026-05-12,Fun Dive,Unknown,Moderate,33,9000.0,0.09563353823390686,7
B006999,2026-05-12,Fun Dive,Referral,Moderate,38,6700.0,0.0865113748612553,8
B007000,2026-05-12,Fun Dive,Website,Moderate,31,3700.0,0.12086981182395078,6
B007001,2026-05-12,Fun Dive,OTA,Moderate,3,5900.0,0.2047398201080218,3
B007002,2026-05-13,Discovery Dive,Unknown,Moderate,35,4950.0,0.10590198765448487,7
B007003,2026-05-13,Course,OTA,Moderate,45,22950.0,0.25396383264548916,2
B007004,2026-05-13,Discovery Dive,Website,Moderate,7,5000.0,0.12242159381239229,6
B007005,2026-05-13,Fun Dive,Instagram,Moderate,19,7400.0,0.11886239804858223,6
B007006,2026-05-13,Fun Dive,OTA,Moderate,6,6050.0,0.2164300337859899,3
B007007,2026-05-13,Fun Dive,OTA,Moderate,42,5950.0,0.20516213649508913,3
B007008,2026-05-13,Discovery Dive,Referral,Moderate,20,5250.0,0.08206294086614167,8
B007009,2026-05-13,Discovery Dive,Walk-in,Moderate,1,5050.0,0.08336106005825158,8
B007010,2026-05-13,Fun Dive,OTA,Moderate,38,12400.0,0.18057908366451833,4
B007011,2026-05-14,Fun Dive,Walk-in,Moderate,44,3650.0,0.07262940047121864,9
B007012,2026-05-14,Fun Dive,Hotel Partner,Moderate,30,10100.0,0.13680009891599898,5
B007013,2026-05-14,Course,OTA,Moderate,29,20500.0,0.20773670952322196,3
B007014,2026-05-14,Discovery Dive,Referral,Moderate,10,5000.0,0.0809335526178487,8
B007015,2026-05-14,Discovery Dive,Website,Moderate,22,10150.0,0.1129791100587329,6
B007016,2026-05-14,Fun Dive,OTA,Moderate,0,5500.0,0.21437008214559536,3
B007017,2026-05-14,Discovery Dive,OTA,Moderate,40,4400.0,0.19386312778811488,3
B007018,2026-05-14,Discovery Dive,Walk-in,Moderate,21,5050.0,0.07910225190788686,8
B007019,2026-05-15,Discovery Dive,OTA,Closed,4,4050.0,0.8170713953083377,1
B007020,2026-05-15,Fun Dive,Walk-in,Closed,5,10550.0,0.5984236784750887,1
B007021,2026-05-15,Fun Dive,Website,Closed,34,7400.0,0.6674577692532873,1
B007022,2026-05-15,Fun Dive,OTA,Closed,36,6200.0,0.7901611593620285,1
B007023,2026-05-15,Course,OTA,Closed,37,22950.0,0.8300229501661441,1
B007024,2026-05-15,Fun Dive,Website,Closed,19,10250.0,0.6466542452910465,1
B007025,2026-05-15,Fun Dive,Walk-in,Closed,19,3450.0,0.6208269785051808,1
B007026,2026-05-15,Fun Dive,OTA,Closed,24,6200.0,0.7946961726244917,1
B007027,2026-05-15,Discovery Dive,OTA,Closed,10,4550.0,0.8191618760717387,1
B007028,2026-05-15,Fun Dive,Walk-in,Closed,9,7000.0,0.5745649558103598,1
B007029,2026-05-16,Discovery Dive,OTA,Closed,45,4500.0,0.8216379488442846,1
B007030,2026-05-16,Fun Dive,Walk-in,Closed,44,14100.0,0.5562563196860352,1
B007031,2026-05-16,Fun Dive,Website,Closed,38,7200.0,0.7244092209274309,1
B007032,2026-05-16,Discovery Dive,OTA,Closed,0,4100.0,0.8356804972836119,1
B007033,2026-05-16,Course,Website,Closed,26,26450.0,0.785739578217194,1
B007034,2026-05-16,Fun Dive,Referral,Closed,1,10750.0,0.6018353178752126,1
B007035,2026-05-16,Fun Dive,Hotel Partner,Closed,30,9050.0,0.7421684549549682,1
B007036,2026-05-16,Discovery Dive,Walk-in,Closed,7,5150.0,0.6286786298682264,1
B007037,2026-05-16,Course,Walk-in,Closed,13,24200.0,0.6493180376621344,1
B007038,2026-05-17,Fun Dive,Instagram,Closed,5,3500.0,0.7800317554664937,1
B007039,2026-05-17,Fun Dive,Referral,Closed,34,12750.0,0.5775866292360023,1
B007040,2026-05-17,Fun Dive,Instagram,Closed,24,3700.0,0.7700603792137043,1
B007041,2026-05-17,Fun Dive,Referral,Closed,10,10450.0,0.6117891595221622,1
B007042,2026-05-17,Fun Dive,Instagram,Closed,22,6900.0,0.74659991004811,1
B007043,2026-05-17,Fun Dive,OTA,Closed,9,8450.0,0.813977408910917,1
B007044,2026-05-17,Fun Dive,Hotel Partner,Closed,13,3250.0,0.7757288121793372,1
B007045,2026-05-17,Discovery Dive,Walk-in,Closed,20,5400.0,0.6456524972641019,1
B007046,2026-05-17,Fun Dive,Referral,Closed,20,10050.0,0.6324575381730811,1
B007047,2026-05-17,Fun Dive,OTA,Closed,22,6000.0,0.8282587048084908,1
B007048,2026-05-18,Fun Dive,Instagram,Calm,16,7450.0,0.08820454689685227,8
B007049,2026-05-18,Discovery Dive,Website,Calm,24,5400.0,0.07724833690637121,8
B007050,2026-05-18,Course,Instagram,Calm,25,26950.0,0.1221740620158823,6
B007051,2026-05-18,Fun Dive,Instagram,Calm,27,6850.0,0.07218271409212523,9
B007052,2026-05-18,Fun Dive,Instagram,Calm,38,7050.0,0.0716051263772112,9
B007053,2026-05-18,Discovery Dive,Instagram,Calm,32,5450.0,0.0820730422208711,8
B007054,2026-05-18,Discovery Dive,Instagram,Calm,45,4950.0,0.07704574303555468,8
B007055,2026-05-18,Fun Dive,Website,Calm,37,14600.0,0.07147190302438779,9
B007056,2026-05-19,Fun Dive,Unknown,Moderate,10,14700.0,0.10014581298375305,7
B007057,2026-05-19,Discovery Dive,Walk-in,Moderate,45,9750.0,0.08055411144100937,8
B007058,2026-05-19,Fun Dive,Walk-in,Moderate,17,11500.0,0.07763637658209645,8
B007059,2026-05-19,Discovery Dive,OTA,Moderate,15,4050.0,0.2191559980951464,3
B007060,2026-05-19,Course,Referral,Moderate,30,25350.0,0.09702006760361494,7
B007061,2026-05-19,Fun Dive,Hotel Partner,Moderate,41,6350.0,0.14888813516339983,5
B007062,2026-05-19,Fun Dive,OTA,Moderate,42,5700.0,0.196716378304739,3
B007063,2026-05-19,Discovery Dive,Website,Moderate,2,4750.0,0.12845610144443198,5
B007064,2026-05-19,Course,Walk-in,Moderate,10,24250.0,0.11891508974401069,6
B007065,2026-05-19,Discovery Dive,OTA,Moderate,22,4350.0,0.2139114883556027,3
B007066,2026-05-20,Course,Referral,Moderate,14,26500.0,0.1064434947270414,7
B007067,2026-05-20,Fun Dive,Website,Moderate,42,13850.0,0.09708597271168753,7
B007068,2026-05-20,Fun Dive,Hotel Partner,Moderate,39,6100.0,0.12756596611649088,5
B007069,2026-05-20,Fun Dive,Walk-in,Moderate,8,3500.0,0.0922534953983608,7
B007070,2026-05-20,Fun Dive,Instagram,Moderate,16,14550.0,0.12662426714603361,5
B007071,2026-05-20,Discovery Dive,OTA,Moderate,34,4550.0,0.20431393445099252,3
B007072,2026-05-20,Fun Dive,Instagram,Moderate,22,3650.0,0.12790099724676074,5
B007073,2026-05-20,Course,OTA,Moderate,30,21550.0,0.21229258028548234,3
B007074,2026-05-20,Discovery Dive,Referral,Moderate,17,4650.0,0.08182786579500459,8
B007075,2026-05-20,Fun Dive,OTA,Moderate,44,3050.0,0.21742581919232992,3
B007076,2026-05-20,Discovery Dive,Instagram,Moderate,37,9500.0,0.12003718737666809,6
B007077,2026-05-21,Discovery Dive,OTA,Moderate,0,3950.0,0.2165241992144695,3
B007078,2026-05-21,Fun Dive,Instagram,Moderate,34,13750.0,0.10140407726608924,7
B007079,2026-05-21,Discovery Dive,OTA,Moderate,30,7950.0,0.19169916798885797,3
B007080,2026-05-21,Course,Hotel Partner,Moderate,27,25050.0,0.19534387097934824,3
B007081,2026-05-21,Fun Dive,Hotel Partner,Moderate,10,9650.0,0.12552483955835173,6
B007083,2026-05-21,Discovery Dive,Walk-in,Moderate,5,5050.0,0.08235595969341955,8
B007084,2026-05-21,Fun Dive,OTA,Moderate,26,5550.0,0.21648021665865871,3
B007085,2026-05-21,Discovery Dive,Walk-in,Moderate,25,10450.0,0.08153403969910462,8
B007086,2026-05-21,Discovery Dive,Walk-in,Moderate,41,5000.0,0.07921423753050472,8
B007087,2026-05-22,Fun Dive,Unknown,Moderate,5,11450.0,0.09939031945622533,7
B007088,2026-05-22,Fun Dive,Website,Moderate,5,3500.0,0.1364413580018185,5
B007089,2026-05-22,Fun Dive,Hotel Partner,Moderate,19,6250.0,0.1691106519379032,4
B007090,2026-05-22,Discovery Dive,Referral,Moderate,4,10450.0,0.08875026464391547,8
B007091,2026-05-22,Fun Dive,Hotel Partner,Moderate,43,6450.0,0.1286661148445404,5
B007092,2026-05-22,Fun Dive,Referral,Moderate,10,13450.0,0.06887501644820737,9
B007093,2026-05-22,Fun Dive,Website,Moderate,21,10450.0,0.10661510569261785,7
B007094,2026-05-23,Course,Unknown,Rough,18,25700.0,0.4308603845433371,1
B007095,2026-05-23,Fun Dive,Website,Rough,6,6500.0,0.3566687552397844,1
B007096,2026-05-23,Discovery Dive,Hotel Partner,Rough,30,5050.0,0.3998018522991206,1
B007097,2026-05-23,Discovery Dive,Referral,Rough,22,10200.0,0.2638569434363724,2
B007098,2026-05-23,Fun Dive,Website,Rough,8,3650.0,0.3952815672878649,1
B007099,2026-05-23,Discovery Dive,OTA,Rough,18,4400.0,0.5160871213917421,1
B007100,2026-05-23,Discovery Dive,Walk-in,Rough,36,10550.0,0.2590937499314136,2
B007101,2026-05-23,Fun Dive,OTA,Rough,16,3050.0,0.5383608684055347,1
B007102,2026-05-23,Fun Dive,Referral,Rough,36,10150.0,0.22428816909261076,3
B007103,2026-05-23,Discovery Dive,Unknown,Rough,9,5150.0,0.33720893596848034,2
B007104,2026-05-24,Fun Dive,Referral,Rough,32,3650.0,0.2689236291645214,2
B007105,2026-05-24,Discovery Dive,OTA,Rough,15,4450.0,0.5331671689051698,1
B007106,2026-05-24,Course,Referral,Rough,19,23800.0,0.26082124818352614,2
B007107,2026-05-24,Fun Dive,Instagram,Rough,31,11150.0,0.37736376346533496,1
B007108,2026-05-24,Discovery Dive,Website,Rough,8,4900.0,0.36572977361754666,1
B007109,2026-05-24,Discovery Dive,Website,Rough,34,5250.0,0.36038408798260585,1
B007110,2026-05-24,Fun Dive,Walk-in,Rough,1,7150.0,0.29478212502310464,2
B007111,2026-05-24,Fun Dive,Unknown,Rough,14,7200.0,0.3675999837792469,1
B007112,2026-05-24,Discovery Dive,Website,Rough,43,4800.0,0.3488209020522934,2
B007113,2026-05-24,Discovery Dive,OTA,Rough,3,4500.0,0.5402036594722706,1
B007114,2026-05-24,Fun Dive,Hotel Partner,Rough,45,6900.0,0.389379743698995,1
B007115,2026-05-25,Discovery Dive,Instagram,Moderate,22,4900.0,0.13217936440323638,5
B007116,2026-05-25,Discovery Dive,Referral,Moderate,26,5300.0,0.086384454934876,8
B007117,2026-05-25,Fun Dive,Website,Moderate,7,10700.0,0.11446864352435954,6
B007118,2026-05-25,Fun Dive,Referral,Moderate,9,3200.0,0.08738878776255385,8
B007119,2026-05-25,Fun Dive,OTA,Moderate,13,6250.0,0.20629624772713567,3
B007120,2026-05-25,Discovery Dive,OTA,Moderate,4,8250.0,0.21548500444990032,3
B007121,2026-05-25,Discovery Dive,Instagram,Moderate,1,5500.0,0.1419969749713695,5
B007122,2026-05-25,Fun Dive,Unknown,Moderate,11,10150.0,0.10274378543528993,7
B007123,2026-05-25,Course,OTA,Moderate,12,21350.0,0.20111457470465613,3
B007124,2026-05-26,Fun Dive,OTA,Moderate,5,6000.0,0.20579293777007693,3
B007125,2026-05-26,Fun Dive,OTA,Moderate,5,6350.0,0.21207198408197775,3
B007126,2026-05-26,Discovery Dive,Hotel Partner,Moderate,37,4350.0,0.1459685876067438,5
B007127,2026-05-26,Discovery Dive,Website,Moderate,44,4700.0,0.11738901281813001,6
B007128,2026-05-26,Course,Hotel Partner,Moderate,4,22650.0,0.14453190702543886,5
B007129,2026-05-26,Fun Dive,OTA,Moderate,15,2950.0,0.2386234668795103,2
B007130,2026-05-26,Discovery Dive,Walk-in,Moderate,41,10250.0,0.0828171548633206,8
B007131,2026-05-26,Course,Website,Moderate,23,25400.0,0.14901578424106277,4
B007132,2026-05-26,Course,Website,Moderate,37,26450.0,0.14473409780420063,5
B007133,2026-05-26,Discovery Dive,Hotel Partner,Moderate,12,4800.0,0.1530576039567954,4
B007134,2026-05-26,Fun Dive,Walk-in,Moderate,6,7700.0,0.08257041411548605,8
B007135,2026-05-27,Course,Website,Calm,9,23900.0,0.08793281244484306,8
B007136,2026-05-27,Course,Instagram,Calm,33,26300.0,0.10494281119909217,7
B007137,2026-05-27,Course,Referral,Calm,21,25950.0,0.06382260686688744,9
B007138,2026-05-27,Discovery Dive,Walk-in,Calm,36,5600.0,0.051601663859077745,10
B007139,2026-05-27,Fun Dive,Website,Calm,26,6550.0,0.0780960740532355,8
B007140,2026-05-27,Fun Dive,Website,Calm,45,3250.0,0.07125492501210967,9
B007141,2026-05-27,Fun Dive,OTA,Calm,11,8600.0,0.12304120655511612,6
B007142,2026-05-28,Fun Dive,Walk-in,Moderate,35,7250.0,0.07953888021913945,8
B007143,2026-05-28,Discovery Dive,Unknown,Moderate,32,5000.0,0.10493253001076061,7
B007144,2026-05-28,Discovery Dive,OTA,Moderate,9,4050.0,0.20733532094082785,3
B007145,2026-05-28,Fun Dive,Referral,Moderate,28,7200.0,0.07365557242691914,9
B007146,2026-05-28,Fun Dive,Unknown,Moderate,34,3550.0,0.11687616669598999,6
B007147,2026-05-28,Fun Dive,OTA,Moderate,27,5600.0,0.1839631404011515,3
B007148,2026-05-28,Discovery Dive,OTA,Moderate,30,4600.0,0.2027850649281771,3
B007149,2026-05-29,Discovery Dive,Walk-in,Moderate,15,5550.0,0.08824475617206003,8
B007150,2026-05-29,Discovery Dive,Website,Moderate,13,4900.0,0.12367424863268014,6
B007151,2026-05-29,Fun Dive,OTA,Moderate,22,5650.0,0.1930958478144836,3
B007152,2026-05-29,Fun Dive,Instagram,Moderate,25,10000.0,0.11260359133502795,6
B007153,2026-05-29,Discovery Dive,Unknown,Moderate,25,4450.0,0.11271273625808391,6
B007154,2026-05-29,Course,Instagram,Moderate,41,27000.0,0.1853539665977659,3
B007155,2026-05-29,Discovery Dive,Walk-in,Moderate,43,5100.0,0.08064954506090675,8
B007156,2026-05-30,Discovery Dive,Walk-in,Moderate,19,5100.0,0.09626699386872187,7
B007157,2026-05-30,Discovery Dive,Instagram,Moderate,43,5100.0,0.14165332563944064,5
B007158,2026-05-30,Fun Dive,Website,Moderate,3,3550.0,0.17570519570145413,4
B007159,2026-05-30,Fun Dive,Hotel Partner,Moderate,19,12550.0,0.1305551770584875,5
B007160,2026-05-30,Discovery Dive,Walk-in,Moderate,25,5500.0,0.09498492742057314,7
B007161,2026-05-30,Fun Dive,Instagram,Moderate,40,3700.0,0.13986166575872916,5
B007162,2026-05-30,Discovery Dive,Website,Moderate,0,4950.0,0.144440098375957,5
B007163,2026-05-31,Fun Dive,Walk-in,Moderate,36,14400.0,0.09754904267681264,7
B007164,2026-05-31,Discovery Dive,Website,Moderate,30,5450.0,0.14761922011548678,5
B007165,2026-05-31,Fun Dive,Instagram,Moderate,31,7100.0,0.18470946670723631,3
B007166,2026-05-31,Fun Dive,Walk-in,Moderate,41,15050.0,0.09931485453139659,7
B007167,2026-05-31,Fun Dive,OTA,Moderate,36,5600.0,0.25579153446521236,2
B007168,2026-05-31,Fun Dive,OTA,Moderate,45,3000.0,0.29768091859635876,2
B007169,2026-05-31,Course,Walk-in,Moderate,29,27400.0,0.1363843396015648,5
B007170,2026-05-31,Fun Dive,OTA,Moderate,26,2750.0,0.2540033239780605,2
B007171,2026-05-31,Fun Dive,Website,Moderate,32,6950.0,0.1518061660864251,4
