customer_id,first_name,last_name,nationality,age,cert_level,acquisition_channel,signup_date,age_missing
C00001,Ananya,Tanaka,Israel,31.0,None,Referral,2023-12-30,False
C00002,Daniel,Dubois,India,28.0,Advanced,Referral,2023-12-26,False
C00003,Rohan,Brown,Russia,33.0,Open Water,Website,2023-12-30,False
C00004,Daniel,Rossi,France,28.0,Open Water,Instagram,2023-12-24,False
C00005,Chloe,Taylor,Japan,33.0,Rescue,Website,2023-12-26,False
C00006,Dmitri,Ivanov,Russia,31.0,None,Referral,2023-12-31,False
C00007,Ishaan,Nair,Germany,,Open Water,Unknown,2023-12-24,True
C00008,Sven,Gupta,India,30.0,None,OTA,2023-12-23,False
C00009,Aditya,Bakker,India,52.0,None,OTA,2023-12-30,False
C00010,Aditya,Nair,Netherlands,50.0,Open Water,Unknown,2023-12-25,False
C00011,Tom,Menon,United States,38.0,None,Instagram,2023-12-28,False
C00012,Divya,Menon,India,29.0,Rescue,Walk-in,2023-12-29,False
C00013,Sneha,Muller,Germany,28.0,Advanced,Walk-in,2023-12-28,False
C00014,Sven,Rossi,United Kingdom,31.0,Advanced,Referral,2023-12-31,False
C00015,Tom,Iyer,India,32.0,None,Hotel Partner,2023-12-27,False
C00016,James,Kulkarni,France,42.0,None,Walk-in,2023-12-27,False
C00017,Rohan,Wilson,Germany,45.0,None,Walk-in,2023-12-25,False
C00018,Sarah,Rao,India,32.0,None,Referral,2024-01-01,False
C00019,Priya,Schmidt,India,21.0,None,Referral,2023-12-26,False
C00020,Neha,Park,India,34.0,None,Unknown,2023-12-30,False
C00021,Aditya,Park,India,47.0,Open Water,OTA,2023-12-25,False
C00022,Pooja,Kulkarni,India,33.0,None,Referral,2023-12-28,False
C00023,Yuki,Gupta,France,46.0,Advanced,Instagram,2023-12-25,False
C00024,Arjun,Muller,Russia,33.0,Open Water,OTA,2024-01-02,False
C00025,Yuki,Levi,India,53.0,None,Website,2023-12-26,False
C00026,Marco,Jansen,Germany,35.0,None,Website,2024-01-01,False
C00027,Pierre,Dubois,Germany,36.0,Open Water,OTA,2023-12-30,False
C00028,Anouk,Rao,India,19.0,None,Referral,2023-12-28,False
C00029,Noa,Kim,Netherlands,23.0,None,Hotel Partner,2023-12-30,False
C00030,Noa,Desai,United States,31.0,Open Water,Instagram,2024-01-02,False
C00031,Neha,Rao,United Kingdom,24.0,None,Hotel Partner,2023-12-27,False
C00032,Itai,Kulkarni,India,37.0,None,Website,2023-12-27,False
C00033,Sven,Taylor,Germany,42.0,Open Water,Referral,2023-12-29,False
C00034,Aditya,Levi,Russia,,Open Water,Referral,2023-12-31,True
C00035,Arjun,Kim,Israel,36.0,None,Referral,2023-12-31,False
C00036,Hannah,Petrova,France,45.0,None,Walk-in,2023-12-27,False
C00037,Aarav,Kim,South Korea,12.0,Advanced,Walk-in,2023-12-31,False
C00038,Arjun,Levi,Russia,41.0,Advanced,Walk-in,2023-12-26,False
C00039,Neha,Chowdhury,Germany,46.0,Advanced,Hotel Partner,2024-01-04,False
C00040,Vikram,Kulkarni,United Kingdom,37.0,None,Website,2023-12-27,False
C00041,Neha,Tanaka,India,33.0,None,Referral,2023-12-27,False
C00042,Yuki,Desai,Germany,,None,Instagram,2024-01-03,True
C00043,Hannah,Bakker,United Kingdom,45.0,Open Water,Unknown,2023-12-31,False
C00044,Siddharth,Banerjee,India,31.0,None,OTA,2024-01-02,False
C00045,Ishaan,Desai,United Kingdom,27.0,Open Water,Walk-in,2023-12-31,False
C00046,Karan,Park,Israel,40.0,None,Walk-in,2024-01-04,False
C00047,Rohan,Rossi,United Kingdom,31.0,None,Hotel Partner,2023-12-27,False
C00048,Sarah,Bakker,United States,27.0,None,OTA,2023-12-29,False
C00049,Liam,Levi,India,33.0,None,Walk-in,2023-12-28,False
C00050,Aarav,Muller,India,51.0,Open Water,Hotel Partner,2024-01-03,False
C00051,Ravi,Cohen,India,34.0,Advanced,Walk-in,2024-01-01,False
C00052,Ishaan,Rao,India,33.0,None,Hotel Partner,2023-12-27,False
C00053,Liam,Dubois,India,47.0,Open Water,Walk-in,2024-01-04,False
C00054,Ananya,Taylor,Germany,16.0,Open Water,Referral,2023-12-28,False
C00055,Yuki,Menon,India,38.0,None,Website,2024-01-03,False
C00056,Liam,Reddy,India,45.0,None,Website,2024-01-04,False
C00057,Rohan,Petrova,India,35.0,None,Referral,2024-01-05,False
C00058,Hannah,Dubois,France,46.0,Divemaster,Unknown,2023-12-27,False
C00059,Meera,OConnor,Russia,39.0,None,Instagram,2023-12-26,False
C00060,Arjun,Smith,Australia,29.0,None,Walk-in,2024-01-02,False
C00061,Neha,Petrova,Italy,30.0,Advanced,Walk-in,2023-12-27,False
C00062,Anouk,Patel,Australia,,Open Water,Referral,2024-01-02,True
C00063,Lukas,Jansen,India,27.0,Open Water,Unknown,2023-12-31,False
C00064,Noa,Smith,India,41.0,Advanced,Hotel Partner,2023-12-31,False
C00065,Emma,Muller,Russia,14.0,Open Water,Walk-in,2024-01-04,False
C00066,Hannah,Brown,India,30.0,None,Walk-in,2023-12-30,False
C00067,Emma,Kulkarni,India,14.0,Advanced,Website,2023-12-30,False
C00068,Pooja,Petrova,Israel,33.0,Rescue,Instagram,2023-12-31,False
C00069,Aarav,Banerjee,India,46.0,Open Water,Referral,2023-12-31,False
C00070,Marco,Desai,India,49.0,Open Water,Instagram,2024-01-05,False
C00071,Itai,Petrova,United Kingdom,31.0,Open Water,Referral,2024-01-04,False
C00072,Vikram,Schmidt,Japan,26.0,None,Walk-in,2024-01-02,False
C00073,Meera,Rao,India,32.0,Open Water,Instagram,2024-01-02,False
C00074,Karan,Sharma,Germany,37.0,Open Water,Unknown,2024-01-04,False
C00075,Sarah,Desai,Germany,42.0,Open Water,Walk-in,2023-12-31,False
C00076,Ishaan,Desai,India,24.0,Open Water,OTA,2023-12-31,False
C00077,Pooja,OConnor,India,29.0,Open Water,Website,2024-01-01,False
C00078,Noa,Brown,India,38.0,Advanced,Instagram,2023-12-28,False
C00079,Pooja,Kim,Germany,39.0,Open Water,Website,2024-01-02,False
C00080,Dmitri,Cohen,Israel,38.0,None,Referral,2024-01-04,False
C00081,Aarav,Tanaka,Russia,34.0,None,Instagram,2024-01-06,False
C00082,Elena,Ivanov,Russia,46.0,None,Unknown,2024-01-05,False
C00083,Itai,Levi,India,43.0,Open Water,Hotel Partner,2023-12-28,False
C00084,Vikram,Rao,India,37.0,Rescue,Website,2024-01-01,False
C00085,Daniel,Schmidt,France,26.0,None,Walk-in,2023-12-30,False
C00086,Divya,Taylor,South Korea,38.0,None,Walk-in,2023-12-30,False
C00087,Neha,Wilson,India,34.0,Advanced,OTA,2024-01-03,False
C00088,Emma,Gupta,India,12.0,None,Referral,2023-12-30,False
C00089,Meera,Gupta,India,54.0,Open Water,Website,2024-01-02,False
C00090,Aarav,Reddy,India,31.0,None,OTA,2024-01-01,False
C00091,Pierre,Tanaka,United Kingdom,15.0,None,Hotel Partner,2024-01-03,False
C00092,Elena,Iyer,India,25.0,Advanced,Instagram,2023-12-29,False
C00093,Olga,Muller,Japan,28.0,Advanced,OTA,2023-12-31,False
C00094,Sophie,Reddy,Australia,16.0,None,Unknown,2024-01-06,False
C00095,Olga,Iyer,India,23.0,Divemaster,Website,2024-01-03,False
C00096,Dmitri,Gupta,India,39.0,Rescue,Referral,2024-01-02,False
C00097,Siddharth,Sharma,India,19.0,None,Walk-in,2024-01-07,False
C00098,Camille,Rossi,India,34.0,None,Website,2024-01-04,False
C00099,Camille,Park,France,44.0,Open Water,Walk-in,2024-01-06,False
C00100,Arjun,Brown,India,45.0,None,Referral,2023-12-30,False
C00101,Pierre,Cohen,Australia,32.0,None,Website,2023-12-31,False
C00102,Sven,Gupta,India,34.0,None,Website,2024-01-08,False
C00103,Camille,Gupta,India,27.0,Advanced,Website,2024-01-09,False
C00104,Vikram,Ivanov,India,33.0,Open Water,Walk-in,2024-01-03,False
C00105,Emma,Petrova,India,51.0,Advanced,Website,2024-01-07,False
C00106,Pooja,OConnor,India,37.0,Open Water,OTA,2023-12-31,False
C00107,Priya,Ivanov,India,30.0,None,Walk-in,2024-01-07,False
C00108,James,Banerjee,India,15.0,None,Website,2024-01-03,False
C00109,Rahul,Tanaka,India,47.0,Open Water,Hotel Partner,2024-01-04,False
C00110,Pooja,Rossi,India,21.0,Open Water,Website,2024-01-08,False
C00111,Elena,Menon,India,29.0,Advanced,Walk-in,2024-01-03,False
C00112,Lukas,Kim,India,30.0,None,Website,2024-01-06,False
C00113,Rohan,Sharma,Netherlands,20.0,None,Hotel Partner,2023-12-30,False
C00114,Neha,Dubois,Israel,24.0,None,Walk-in,2024-01-03,False
C00115,Liam,Taylor,India,36.0,None,Referral,2024-01-07,False
C00116,Arjun,Taylor,India,39.0,Open Water,Unknown,2024-01-01,False
C00117,Ananya,Kim,United Kingdom,36.0,Divemaster,Referral,2024-01-07,False
C00118,Dmitri,Kim,Germany,26.0,None,Referral,2024-01-09,False
C00119,Sophie,Taylor,India,49.0,Open Water,Walk-in,2024-01-03,False
C00120,Divya,Taylor,Israel,32.0,Open Water,Instagram,2024-01-03,False
C00121,Camille,Schmidt,India,33.0,None,Website,2024-01-08,False
C00122,Ishaan,OConnor,India,23.0,Open Water,OTA,2024-01-03,False
C00123,Elena,Wilson,Italy,41.0,Open Water,Referral,2024-01-04,False
C00124,James,Rao,United Kingdom,21.0,Open Water,Website,2024-01-10,False
C00125,Arjun,Tanaka,United Kingdom,43.0,Advanced,Instagram,2024-01-08,False
C00126,Aarav,Taylor,Russia,24.0,Rescue,Referral,2024-01-06,False
C00127,Liam,Dubois,India,27.0,Open Water,Walk-in,2024-01-09,False
C00128,Sven,Jansen,Israel,32.0,None,Website,2024-01-02,False
C00129,Elena,Petrova,India,23.0,None,Website,2024-01-05,False
C00130,Kavya,Tanaka,India,35.0,Open Water,Unknown,2024-01-03,False
C00131,Ananya,OConnor,India,42.0,None,Website,2024-01-11,False
C00132,Itai,Park,United Kingdom,44.0,Advanced,Website,2024-01-09,False
C00133,Karan,Levi,United Kingdom,43.0,Advanced,Unknown,2024-01-07,False
C00134,Sven,Levi,Italy,42.0,None,Unknown,2024-01-04,False
C00135,Ananya,Levi,India,48.0,None,Website,2024-01-10,False
C00136,Vikram,Schmidt,India,29.0,Open Water,Website,2024-01-04,False
C00137,Ishaan,Banerjee,India,45.0,Open Water,Unknown,2024-01-04,False
C00138,Itai,Levi,Germany,34.0,Open Water,Referral,2024-01-07,False
C00139,Yuki,Taylor,India,53.0,Open Water,Referral,2024-01-02,False
C00140,Camille,Rao,Germany,52.0,Advanced,Walk-in,2024-01-09,False
C00141,Tom,Jansen,United Kingdom,33.0,Advanced,OTA,2024-01-11,False
C00142,Dmitri,Nair,United States,28.0,None,Hotel Partner,2024-01-09,False
C00143,Olga,Desai,United Kingdom,22.0,Advanced,Walk-in,2024-01-08,False
C00144,Karan,Bakker,Russia,42.0,Open Water,Walk-in,2024-01-03,False
C00145,Elena,Sharma,India,30.0,Advanced,Website,2024-01-10,False
C00146,Tom,Chowdhury,United Kingdom,42.0,None,Referral,2024-01-07,False
C00147,Aarav,Rao,Japan,26.0,None,Unknown,2024-01-07,False
C00148,Ishaan,Bakker,India,41.0,None,Unknown,2024-01-05,False
C00149,Siddharth,Jansen,India,50.0,Rescue,OTA,2024-01-11,False
C00150,Camille,Schmidt,India,39.0,None,Website,2024-01-06,False
C00151,Aditya,Cohen,United Kingdom,30.0,Open Water,Hotel Partner,2024-01-11,False
C00152,Ravi,Reddy,Russia,45.0,None,Instagram,2024-01-09,False
C00153,Itai,Chowdhury,India,37.0,None,Referral,2024-01-10,False
C00154,Minjun,Park,India,17.0,Open Water,Instagram,2024-01-07,False
C00155,Yuki,Bakker,India,19.0,None,Instagram,2024-01-12,False
C00156,Itai,Rao,Israel,42.0,Advanced,Website,2024-01-10,False
C00157,Sneha,OConnor,India,32.0,Rescue,Walk-in,2024-01-04,False
C00158,Minjun,Jansen,Russia,30.0,None,Unknown,2024-01-07,False
C00159,Arjun,Smith,India,43.0,Open Water,Unknown,2024-01-07,False
C00160,Minjun,Brown,India,18.0,None,Website,2024-01-11,False
C00161,Sarah,Tanaka,South Korea,29.0,Open Water,Walk-in,2024-01-07,False
C00162,Sneha,Dubois,Australia,28.0,None,Walk-in,2024-01-09,False
C00163,Sneha,Desai,India,39.0,Open Water,Walk-in,2024-01-11,False
C00164,Noa,Brown,India,45.0,None,Hotel Partner,2024-01-08,False
C00165,Pierre,Gupta,India,38.0,None,Unknown,2024-01-06,False
C00166,Tom,Menon,India,36.0,Open Water,OTA,2024-01-13,False
C00167,Yuki,Smith,United Kingdom,51.0,Open Water,Walk-in,2024-01-05,False
C00168,Marco,Taylor,Australia,35.0,Divemaster,Referral,2024-01-14,False
C00169,Tom,Taylor,Russia,29.0,Open Water,Unknown,2024-01-12,False
C00170,Elena,Petrova,India,33.0,None,Unknown,2024-01-10,False
C00171,Daniel,Sharma,Russia,33.0,Open Water,Walk-in,2024-01-08,False
C00172,Liam,Patel,India,33.0,None,Unknown,2024-01-07,False
C00173,Dmitri,Wilson,Russia,39.0,Open Water,Referral,2024-01-09,False
C00174,Daniel,Park,India,12.0,Open Water,Walk-in,2024-01-09,False
C00175,Daniel,Banerjee,India,35.0,None,Referral,2024-01-05,False
C00176,Chloe,Kim,Netherlands,31.0,None,Referral,2024-01-09,False
C00177,Aarav,Rao,Italy,33.0,Open Water,Website,2024-01-12,False
C00178,Minjun,Desai,India,17.0,None,OTA,2024-01-13,False
C00179,Tom,Gupta,India,32.0,Advanced,Walk-in,2024-01-08,False
C00180,Camille,Tanaka,Germany,36.0,Advanced,OTA,2024-01-09,False
C00181,Rahul,Smith,India,26.0,None,Website,2024-01-07,False
C00182,Emma,Iyer,India,31.0,None,Hotel Partner,2024-01-07,False
C00183,Camille,Iyer,France,32.0,None,Hotel Partner,2024-01-15,False
C00184,Tom,Kim,India,25.0,None,Walk-in,2024-01-14,False
C00185,Olga,Park,Japan,49.0,None,Website,2024-01-13,False
C00186,Sven,Tanaka,Israel,15.0,None,OTA,2024-01-09,False
C00187,Marco,Patel,India,30.0,Rescue,Referral,2024-01-13,False
C00188,Marco,Iyer,India,37.0,Open Water,Instagram,2024-01-09,False
C00189,Minjun,Rossi,India,26.0,Open Water,Walk-in,2024-01-06,False
C00190,Neha,Kim,India,49.0,Open Water,Website,2024-01-10,False
C00191,Dmitri,Ivanov,Russia,30.0,None,OTA,2024-01-13,False
C00192,Sneha,Cohen,United Kingdom,35.0,Advanced,Referral,2024-01-13,False
C00193,Minjun,Levi,India,21.0,None,Unknown,2024-01-10,False
C00194,Sven,Desai,United Kingdom,45.0,None,Referral,2024-01-15,False
C00195,Sarah,Iyer,India,51.0,None,Hotel Partner,2024-01-17,False
C00196,Meera,Kulkarni,Germany,31.0,Open Water,Instagram,2024-01-17,False
C00197,Emma,Ivanov,India,,Open Water,Instagram,2024-01-14,True
C00198,Neha,Chowdhury,South Korea,51.0,Open Water,Hotel Partner,2024-01-16,False
C00199,Priya,Rao,India,12.0,Advanced,Referral,2024-01-18,False
C00200,Neha,Park,India,17.0,Open Water,Walk-in,2024-01-15,False
C00201,Siddharth,Kim,Netherlands,26.0,None,Unknown,2024-01-10,False
C00202,Hannah,Sharma,India,22.0,Open Water,Instagram,2024-01-17,False
C00203,Neha,Sharma,India,47.0,Open Water,Referral,2024-01-10,False
C00204,Hannah,Muller,Netherlands,24.0,Open Water,Instagram,2024-01-10,False
C00205,Divya,Tanaka,United Kingdom,26.0,None,Website,2024-01-13,False
C00206,Liam,Muller,India,23.0,Open Water,Hotel Partner,2024-01-09,False
C00207,Itai,Muller,Australia,44.0,Open Water,Instagram,2024-01-08,False
C00208,Dmitri,Kulkarni,India,50.0,None,Unknown,2024-01-18,False
C00209,Olga,Schmidt,Israel,36.0,None,Hotel Partner,2024-01-16,False
C00210,Itai,OConnor,United States,,Advanced,Walk-in,2024-01-13,True
C00211,Marco,Taylor,Australia,24.0,None,Hotel Partner,2024-01-11,False
C00212,Arjun,Nair,India,36.0,Rescue,Hotel Partner,2024-01-17,False
C00213,Elena,Wilson,Germany,,Rescue,Website,2024-01-13,True
C00214,Divya,Smith,South Korea,15.0,None,Walk-in,2024-01-13,False
C00215,Ishaan,Tanaka,Germany,13.0,None,Unknown,2024-01-10,False
C00216,Priya,Ivanov,France,30.0,None,Instagram,2024-01-15,False
C00217,Elena,Iyer,India,57.0,None,Walk-in,2024-01-17,False
C00218,Emma,Smith,India,40.0,None,OTA,2024-01-16,False
C00219,Lukas,Levi,Japan,52.0,None,Hotel Partner,2024-01-15,False
C00220,Daniel,Taylor,Germany,19.0,Advanced,Unknown,2024-01-10,False
C00221,Lukas,Reddy,Australia,41.0,None,Referral,2024-01-19,False
C00222,Sophie,Tanaka,India,,None,OTA,2024-01-10,True
C00223,Pierre,Petrova,India,26.0,None,Hotel Partner,2024-01-12,False
C00224,Minjun,Gupta,Netherlands,32.0,None,Website,2024-01-11,False
C00225,Emma,Rossi,India,36.0,None,Walk-in,2024-01-14,False
C00226,Arjun,Desai,Russia,39.0,None,Hotel Partner,2024-01-14,False
C00227,Aarav,Petrova,Russia,38.0,Open Water,Unknown,2024-01-18,False
C00228,Lukas,Taylor,United States,30.0,None,Walk-in,2024-01-11,False
C00229,Noa,Bakker,Germany,24.0,Divemaster,Walk-in,2024-01-16,False
C00230,Aarav,Schmidt,France,14.0,None,Hotel Partner,2024-01-16,False
C00231,Yuki,Brown,South Korea,24.0,None,Referral,2024-01-16,False
C00232,Anouk,Sharma,India,35.0,Open Water,Website,2024-01-14,False
C00233,Camille,Reddy,India,21.0,Advanced,Walk-in,2024-01-20,False
C00234,Divya,Taylor,India,32.0,Open Water,Website,2024-01-15,False
C00235,Ishaan,Muller,India,31.0,None,Walk-in,2024-01-12,False
C00236,Siddharth,Kulkarni,United Kingdom,32.0,Open Water,Walk-in,2024-01-14,False
C00237,Rahul,Desai,United States,,Advanced,OTA,2024-01-20,True
C00238,Vikram,Muller,United Kingdom,,None,Walk-in,2024-01-20,True
C00239,Arjun,Gupta,India,38.0,Advanced,Walk-in,2024-01-13,False
C00240,Kavya,Schmidt,India,46.0,None,Walk-in,2024-01-13,False
C00241,Ishaan,OConnor,United States,43.0,Advanced,OTA,2024-01-21,False
C00242,Sven,Cohen,India,38.0,None,Unknown,2024-01-15,False
C00243,Marco,Bakker,Germany,22.0,Open Water,Website,2024-01-20,False
C00244,Siddharth,Taylor,India,30.0,None,Hotel Partner,2024-01-20,False
C00245,Sarah,Gupta,United Kingdom,49.0,None,Walk-in,2024-01-16,False
C00246,Pooja,Reddy,Netherlands,23.0,Open Water,Instagram,2024-01-14,False
C00247,Noa,Muller,India,43.0,Advanced,Instagram,2024-01-12,False
C00248,Siddharth,Desai,France,17.0,None,Walk-in,2024-01-17,False
C00249,Ravi,Gupta,India,35.0,None,Walk-in,2024-01-18,False
C00250,Tom,Ivanov,Netherlands,32.0,Divemaster,Hotel Partner,2024-01-13,False
C00251,Pooja,Muller,India,23.0,None,Walk-in,2024-01-17,False
C00252,Siddharth,Levi,France,58.0,Open Water,Walk-in,2024-01-16,False
C00253,Pierre,Tanaka,India,33.0,None,Referral,2024-01-16,False
C00254,Hannah,Patel,France,23.0,None,Referral,2024-01-19,False
C00255,Marco,Dubois,Italy,36.0,Rescue,Instagram,2024-01-12,False
C00256,Pierre,Taylor,Russia,24.0,None,Walk-in,2024-01-20,False
C00257,Kavya,Levi,India,42.0,None,Instagram,2024-01-17,False
C00258,Rahul,OConnor,Australia,25.0,None,Walk-in,2024-01-20,False
C00259,Sven,Levi,Israel,,Open Water,OTA,2024-01-23,True
C00260,Sarah,Desai,Netherlands,40.0,None,Instagram,2024-01-22,False
C00261,Meera,OConnor,India,57.0,Open Water,Unknown,2024-01-15,False
C00262,Hannah,OConnor,France,33.0,Open Water,Website,2024-01-18,False
C00263,Vikram,Rao,India,45.0,None,Website,2024-01-16,False
C00264,Arjun,Reddy,United Kingdom,32.0,Open Water,Referral,2024-01-22,False
C00265,Pooja,Dubois,India,41.0,None,Referral,2024-01-15,False
C00266,Karan,Smith,France,36.0,Open Water,Instagram,2024-01-19,False
C00267,Priya,Levi,Israel,,None,Instagram,2024-01-23,True
C00268,Rahul,Bakker,United States,46.0,None,Referral,2024-01-19,False
C00269,Daniel,Cohen,India,35.0,Advanced,Referral,2024-01-23,False
C00270,Aditya,Taylor,India,37.0,None,Website,2024-01-15,False
C00271,Marco,Ivanov,United Kingdom,37.0,Divemaster,Walk-in,2024-01-22,False
C00272,Aarav,Menon,India,49.0,None,OTA,2024-01-23,False
C00273,Rohan,OConnor,India,23.0,Open Water,Referral,2024-01-19,False
C00274,Hannah,Wilson,Netherlands,35.0,Open Water,Hotel Partner,2024-01-22,False
C00275,Pierre,Menon,Russia,39.0,None,Instagram,2024-01-22,False
C00276,Liam,Smith,India,26.0,Open Water,Instagram,2024-01-20,False
C00277,Meera,Reddy,India,24.0,None,Instagram,2024-01-23,False
C00278,Hannah,Petrova,United Kingdom,32.0,None,Unknown,2024-01-20,False
C00279,Emma,Rao,India,26.0,None,Walk-in,2024-01-23,False
C00280,Sophie,Brown,India,26.0,Open Water,Instagram,2024-01-24,False
C00281,Dmitri,Kulkarni,Russia,17.0,Advanced,OTA,2024-01-25,False
C00282,Yuki,Kulkarni,India,36.0,Rescue,Walk-in,2024-01-17,False
C00283,Priya,Park,United Kingdom,12.0,None,Walk-in,2024-01-16,False
C00284,Marco,Park,Israel,47.0,Open Water,Walk-in,2024-01-19,False
C00285,Aarav,Dubois,United States,41.0,None,Website,2024-01-18,False
C00286,Karan,Chowdhury,India,26.0,Open Water,Instagram,2024-01-22,False
C00287,Rohan,Petrova,India,,Rescue,Instagram,2024-01-24,True
C00288,Noa,Brown,United States,31.0,Advanced,Walk-in,2024-01-25,False
C00289,Siddharth,Reddy,India,22.0,Open Water,Website,2024-01-22,False
C00290,Liam,Chowdhury,United Kingdom,25.0,Open Water,Hotel Partner,2024-01-24,False
C00291,Sven,Jansen,India,23.0,None,Unknown,2024-01-25,False
C00292,Vikram,Bakker,United Kingdom,33.0,None,Unknown,2024-01-18,False
C00293,Camille,Banerjee,India,17.0,None,Website,2024-01-17,False
C00294,Karan,Park,India,29.0,None,Walk-in,2024-01-17,False
C00295,Marco,Taylor,India,26.0,None,Instagram,2024-01-24,False
C00296,Yuki,Chowdhury,Russia,44.0,None,Referral,2024-01-22,False
C00297,Ananya,Ivanov,United Kingdom,,Open Water,Website,2024-01-20,True
C00298,Chloe,Taylor,India,35.0,Open Water,Website,2024-01-16,False
C00299,Liam,Jansen,India,12.0,None,Walk-in,2024-01-18,False
C00300,Dmitri,Taylor,India,20.0,None,Referral,2024-01-25,False
C00301,Aditya,Cohen,India,27.0,None,Referral,2024-01-26,False
C00302,Rahul,Brown,India,37.0,Open Water,Website,2024-01-24,False
C00303,James,Rossi,India,36.0,None,Unknown,2024-01-24,False
C00304,Sneha,Jansen,Israel,25.0,Open Water,Walk-in,2024-01-27,False
C00305,Pierre,Schmidt,United Kingdom,,Open Water,OTA,2024-01-17,True
C00306,Aarav,Reddy,India,41.0,Divemaster,OTA,2024-01-21,False
C00307,Liam,OConnor,India,12.0,None,Referral,2024-01-23,False
C00308,Anouk,Tanaka,India,29.0,None,Walk-in,2024-01-26,False
C00309,Ishaan,Desai,India,35.0,Open Water,Hotel Partner,2024-01-17,False
C00310,Anouk,Petrova,Japan,,None,Walk-in,2024-01-27,True
C00311,Minjun,Iyer,United States,39.0,Open Water,Website,2024-01-26,False
C00312,Camille,Taylor,Australia,32.0,Advanced,Referral,2024-01-25,False
C00313,Pooja,Rao,India,29.0,Open Water,Referral,2024-01-18,False
C00314,Divya,Sharma,Germany,31.0,Advanced,Referral,2024-01-28,False
C00315,Daniel,Kim,India,35.0,Advanced,Website,2024-01-26,False
C00316,Camille,Rao,Germany,21.0,Open Water,Website,2024-01-22,False
C00317,Sven,Rao,United Kingdom,32.0,Open Water,Walk-in,2024-01-18,False
C00318,Aditya,Desai,Netherlands,49.0,None,Walk-in,2024-01-28,False
C00319,James,Brown,Italy,26.0,Advanced,OTA,2024-01-22,False
C00320,Neha,Nair,India,12.0,None,OTA,2024-01-23,False
C00321,Sarah,Chowdhury,France,41.0,Open Water,Unknown,2024-01-20,False
C00322,Hannah,Nair,India,43.0,Rescue,Hotel Partner,2024-01-21,False
C00323,Neha,Levi,India,46.0,Advanced,Walk-in,2024-01-25,False
C00324,Rahul,Bakker,India,42.0,None,Website,2024-01-26,False
C00325,Karan,Banerjee,Israel,29.0,Open Water,Referral,2024-01-19,False
C00326,Daniel,Kim,United Kingdom,43.0,None,Unknown,2024-01-20,False
C00327,Sneha,Cohen,India,40.0,None,Unknown,2024-01-26,False
C00328,Ishaan,Petrova,India,36.0,Rescue,Website,2024-01-27,False
C00329,Rohan,Tanaka,India,49.0,None,Instagram,2024-01-22,False
C00330,Kavya,Desai,Netherlands,35.0,Open Water,Website,2024-01-23,False
C00331,Ananya,Smith,India,30.0,Open Water,Walk-in,2024-01-26,False
C00332,Priya,Levi,Russia,39.0,None,Hotel Partner,2024-01-24,False
C00333,Ishaan,Smith,United States,28.0,None,OTA,2024-01-23,False
C00334,Noa,Muller,India,27.0,None,Referral,2024-01-24,False
C00335,Ishaan,Brown,India,23.0,Advanced,Website,2024-01-28,False
C00336,Vikram,Nair,Italy,31.0,Advanced,Referral,2024-01-20,False
C00337,Priya,Cohen,Israel,22.0,Open Water,Walk-in,2024-01-28,False
C00338,James,Gupta,India,35.0,Rescue,Walk-in,2024-01-28,False
C00339,Dmitri,Brown,Germany,40.0,None,Walk-in,2024-01-24,False
C00340,Aditya,Gupta,India,,None,Referral,2024-01-30,True
C00341,Sven,Cohen,Netherlands,15.0,None,Walk-in,2024-01-27,False
C00342,James,Banerjee,United States,19.0,None,Unknown,2024-01-28,False
C00343,Daniel,Muller,Germany,12.0,Advanced,Website,2024-01-30,False
C00344,Neha,Kim,Australia,42.0,None,Unknown,2024-01-25,False
C00345,Camille,Smith,India,27.0,None,Walk-in,2024-01-26,False
C00346,Camille,Sharma,India,27.0,None,Website,2024-01-28,False
C00347,Daniel,Tanaka,India,34.0,None,Walk-in,2024-01-28,False
C00348,Liam,Bakker,United Kingdom,32.0,Advanced,Hotel Partner,2024-01-28,False
C00349,Aditya,Ivanov,Australia,34.0,None,Walk-in,2024-01-31,False
C00350,Olga,Nair,India,,Open Water,Walk-in,2024-01-31,True
C00351,Rohan,Bakker,United States,26.0,Open Water,Website,2024-01-31,False
C00352,Olga,Ivanov,India,,None,Referral,2024-01-23,True
C00353,Rohan,Gupta,Russia,49.0,None,Walk-in,2024-01-25,False
C00354,Karan,Chowdhury,India,34.0,Advanced,Website,2024-01-29,False
C00355,Sneha,Bakker,United Kingdom,26.0,Open Water,Instagram,2024-01-27,False
C00356,Camille,Schmidt,India,21.0,Divemaster,Walk-in,2024-01-26,False
C00357,Elena,Gupta,United Kingdom,44.0,None,Website,2024-01-29,False
C00358,Tom,Taylor,India,37.0,Open Water,Walk-in,2024-01-25,False
C00359,Divya,Cohen,India,33.0,Open Water,Referral,2024-01-22,False
C00360,Liam,OConnor,India,35.0,Open Water,Website,2024-01-24,False
C00361,Anouk,Petrova,India,,Open Water,Hotel Partner,2024-01-23,True
C00362,Karan,Tanaka,India,36.0,None,Referral,2024-01-22,False
C00363,Noa,Iyer,India,,None,Walk-in,2024-01-22,True
C00364,Arjun,Brown,India,24.0,Open Water,Website,2024-01-25,False
C00365,Arjun,Sharma,Australia,42.0,Open Water,Website,2024-01-29,False
C00366,Ravi,Chowdhury,India,,Rescue,Website,2024-01-30,True
C00367,Olga,Schmidt,India,25.0,None,Referral,2024-01-24,False
C00368,Ananya,Rossi,India,,None,Walk-in,2024-01-26,True
C00369,Pooja,Ivanov,India,43.0,Advanced,Walk-in,2024-02-01,False
C00370,Rahul,Desai,India,23.0,Rescue,Walk-in,2024-01-25,False
C00371,Emma,OConnor,India,,None,Website,2024-01-23,True
C00372,Ravi,Iyer,Netherlands,20.0,None,Walk-in,2024-01-23,False
C00373,Camille,Iyer,Japan,13.0,Advanced,Walk-in,2024-02-01,False
C00374,Noa,Muller,India,16.0,Open Water,Website,2024-02-01,False
C00375,Yuki,Menon,United States,36.0,None,Referral,2024-01-24,False
C00376,Anouk,Patel,India,37.0,Advanced,Website,2024-02-01,False
C00377,Arjun,Kulkarni,India,,None,Instagram,2024-02-02,True
C00378,Ravi,Taylor,India,38.0,None,OTA,2024-02-03,False
C00379,Rohan,Gupta,India,27.0,None,Website,2024-01-27,False
C00380,Priya,Bakker,France,31.0,Rescue,Walk-in,2024-02-01,False
C00381,Hannah,Gupta,India,,None,OTA,2024-01-27,True
C00382,Ananya,Wilson,India,41.0,None,Referral,2024-01-29,False
C00383,Rohan,Patel,India,26.0,Advanced,Referral,2024-01-31,False
C00384,Rahul,OConnor,France,40.0,Open Water,Walk-in,2024-01-31,False
C00385,Dmitri,Schmidt,Russia,34.0,Advanced,Instagram,2024-01-25,False
C00386,Sven,Rossi,India,52.0,None,Hotel Partner,2024-02-01,False
C00387,Camille,OConnor,India,35.0,Open Water,Walk-in,2024-01-29,False
C00388,Marco,Petrova,Netherlands,54.0,None,Walk-in,2024-01-30,False
C00389,Lukas,Reddy,India,,Open Water,Website,2024-01-27,True
C00390,Sophie,Petrova,India,50.0,Open Water,Website,2024-01-29,False
C00391,Anouk,Kim,India,26.0,Advanced,OTA,2024-02-03,False
C00392,Liam,Gupta,France,47.0,Advanced,Referral,2024-01-30,False
C00393,Itai,Patel,Russia,44.0,Open Water,Instagram,2024-01-27,False
C00394,Pooja,Schmidt,India,32.0,None,Referral,2024-01-25,False
C00395,Kavya,Schmidt,France,30.0,None,Website,2024-01-27,False
C00396,Aditya,Taylor,Germany,33.0,Open Water,Website,2024-01-28,False
C00397,Rohan,Wilson,United Kingdom,30.0,None,OTA,2024-01-31,False
C00398,Tom,Gupta,India,31.0,Open Water,Instagram,2024-02-01,False
C00399,Olga,Nair,South Korea,38.0,Open Water,Unknown,2024-02-01,False
C00400,Emma,Cohen,Russia,46.0,Open Water,Referral,2024-02-02,False
C00401,Rohan,Kim,Russia,34.0,Open Water,Hotel Partner,2024-02-02,False
C00402,Pierre,Smith,India,30.0,Open Water,Walk-in,2024-02-02,False
C00403,Tom,Wilson,Japan,26.0,None,Walk-in,2024-01-28,False
C00404,Aditya,Brown,Australia,34.0,Open Water,Hotel Partner,2024-01-31,False
C00405,Sarah,Brown,India,42.0,None,Walk-in,2024-02-05,False
C00406,Rahul,Sharma,India,34.0,None,OTA,2024-01-31,False
C00407,Rahul,Schmidt,India,21.0,Advanced,Website,2024-02-05,False
C00408,Sarah,Chowdhury,Russia,44.0,Advanced,Walk-in,2024-01-27,False
C00409,Meera,Jansen,India,26.0,Open Water,Instagram,2024-01-29,False
C00410,Arjun,Muller,Israel,39.0,Open Water,Walk-in,2024-01-27,False
C00411,Sven,Schmidt,United States,37.0,None,Walk-in,2024-01-28,False
C00412,Chloe,Kulkarni,Italy,28.0,Open Water,Walk-in,2024-01-31,False
C00413,Yuki,Tanaka,Italy,41.0,Open Water,Unknown,2024-02-03,False
C00414,Arjun,Banerjee,Russia,39.0,None,Walk-in,2024-02-01,False
C00415,Karan,Jansen,India,25.0,None,Unknown,2024-01-27,False
C00416,Siddharth,Muller,India,31.0,None,Unknown,2024-02-04,False
C00417,Neha,Wilson,Russia,49.0,None,Website,2024-01-31,False
C00418,Ishaan,Park,India,29.0,Advanced,Referral,2024-01-31,False
C00419,Camille,Kulkarni,Russia,12.0,None,Walk-in,2024-02-02,False
C00420,Aditya,Desai,Australia,31.0,Open Water,Referral,2024-01-28,False
C00421,Rohan,Rossi,India,46.0,Open Water,Website,2024-02-01,False
C00422,Sneha,Iyer,India,55.0,Rescue,Walk-in,2024-02-05,False
C00423,Rohan,Iyer,India,44.0,Open Water,Walk-in,2024-02-03,False
C00424,Ravi,Taylor,India,19.0,None,Referral,2024-02-06,False
C00425,Yuki,Jansen,India,38.0,Divemaster,OTA,2024-01-29,False
C00426,Noa,Menon,India,15.0,Open Water,Hotel Partner,2024-02-06,False
C00427,Olga,Bakker,India,44.0,Advanced,Walk-in,2024-02-07,False
C00428,Sneha,Sharma,India,18.0,None,Instagram,2024-02-01,False
C00429,Emma,Ivanov,United Kingdom,17.0,Open Water,Website,2024-02-03,False
C00430,Priya,Patel,India,37.0,None,Unknown,2024-02-06,False
C00431,Emma,Kulkarni,India,25.0,Advanced,Referral,2024-02-02,False
C00432,Ananya,Menon,India,44.0,None,OTA,2024-01-31,False
C00433,Minjun,Iyer,India,13.0,Advanced,Unknown,2024-02-05,False
C00434,Arjun,Brown,United Kingdom,24.0,Open Water,Unknown,2024-02-07,False
C00435,Divya,Iyer,Italy,41.0,Open Water,Instagram,2024-01-29,False
C00436,Sarah,Dubois,United Kingdom,51.0,Open Water,Website,2024-02-01,False
C00437,Marco,Chowdhury,United States,36.0,None,OTA,2024-02-06,False
C00438,Ravi,Patel,India,12.0,None,Instagram,2024-01-30,False
C00439,Ravi,Tanaka,India,23.0,Advanced,Hotel Partner,2024-01-31,False
C00440,Divya,Desai,Israel,25.0,None,OTA,2024-02-08,False
C00441,Ishaan,Cohen,India,37.0,Advanced,Website,2024-01-31,False
C00442,Emma,Bakker,France,,Open Water,Referral,2024-02-03,True
C00443,Meera,Petrova,India,30.0,Divemaster,Walk-in,2024-01-30,False
C00444,Aditya,Jansen,India,39.0,Open Water,Instagram,2024-01-29,False
C00445,Liam,Taylor,India,44.0,Open Water,Website,2024-02-04,False
C00446,Ishaan,Kulkarni,India,,Open Water,OTA,2024-02-03,True
C00447,Sophie,Levi,United Kingdom,44.0,None,Referral,2024-02-07,False
C00448,Daniel,Jansen,India,47.0,Open Water,Unknown,2024-01-30,False
C00449,Lukas,Gupta,India,21.0,None,Walk-in,2024-02-07,False
C00450,Anouk,Muller,Italy,33.0,Advanced,Walk-in,2024-02-01,False
C00451,Tom,Patel,India,39.0,None,Referral,2024-02-03,False
C00452,Tom,Ivanov,India,37.0,Open Water,Referral,2024-02-06,False
C00453,Anouk,Dubois,United Kingdom,18.0,Advanced,Instagram,2024-01-30,False
C00454,Noa,Levi,United States,33.0,Open Water,Walk-in,2024-02-03,False
C00455,Rohan,Bakker,Australia,27.0,None,Instagram,2024-02-02,False
C00456,Rohan,Gupta,India,49.0,None,Walk-in,2024-02-10,False
C00457,Rahul,Park,India,25.0,Divemaster,OTA,2024-02-08,False
C00458,Ananya,Ivanov,Russia,39.0,Open Water,Hotel Partner,2024-02-03,False
C00459,Sven,Sharma,India,32.0,Open Water,Walk-in,2024-02-04,False
C00460,Marco,Kim,United States,52.0,None,Unknown,2024-02-01,False
C00461,Marco,Dubois,India,12.0,None,Website,2024-02-07,False
C00462,Noa,Kim,India,40.0,None,Walk-in,2024-02-03,False
C00463,Lukas,Patel,Germany,46.0,Rescue,Unknown,2024-02-10,False
C00464,Siddharth,Taylor,India,33.0,Open Water,Unknown,2024-02-08,False
C00465,Noa,Iyer,India,,None,Website,2024-02-02,True
C00466,Camille,Sharma,India,53.0,None,Unknown,2024-02-05,False
C00467,Emma,Smith,India,31.0,None,Website,2024-02-09,False
C00468,Tom,Park,India,,None,Referral,2024-02-03,True
C00469,Aditya,Ivanov,France,34.0,Rescue,Website,2024-02-03,False
C00470,Siddharth,Sharma,India,12.0,Open Water,Hotel Partner,2024-02-07,False
C00471,Ishaan,Cohen,India,46.0,None,OTA,2024-02-06,False
C00472,Noa,Rossi,Italy,45.0,Advanced,Unknown,2024-02-03,False
C00473,Liam,Bakker,Germany,28.0,None,OTA,2024-02-10,False
C00474,Ishaan,Taylor,Netherlands,24.0,None,Unknown,2024-02-03,False
C00475,Priya,OConnor,India,29.0,None,Walk-in,2024-02-07,False
C00476,Olga,Rossi,India,32.0,Rescue,Referral,2024-02-04,False
C00477,Sophie,Tanaka,India,44.0,Open Water,Referral,2024-02-04,False
C00478,Ananya,Desai,Italy,37.0,None,Hotel Partner,2024-02-12,False
C00479,Dmitri,Schmidt,Italy,35.0,Open Water,Referral,2024-02-04,False
C00480,Dmitri,Reddy,France,20.0,Advanced,Website,2024-02-09,False
C00481,Olga,Wilson,Italy,33.0,Divemaster,Website,2024-02-08,False
C00482,Ananya,Patel,India,34.0,Open Water,OTA,2024-02-08,False
C00483,Ishaan,Kim,France,12.0,Open Water,Website,2024-02-05,False
C00484,Vikram,Levi,India,46.0,Open Water,Website,2024-02-05,False
C00485,Emma,Kulkarni,United States,34.0,None,Hotel Partner,2024-02-07,False
C00486,Dmitri,Cohen,Germany,38.0,None,Website,2024-02-05,False
C00487,Anouk,Schmidt,India,21.0,None,Walk-in,2024-02-12,False
C00488,Kavya,Sharma,United Kingdom,26.0,Open Water,Walk-in,2024-02-05,False
C00489,Anouk,Ivanov,India,19.0,None,OTA,2024-02-07,False
C00490,Noa,Taylor,India,46.0,None,Walk-in,2024-02-09,False
C00491,Minjun,Menon,India,30.0,None,Walk-in,2024-02-04,False
C00492,Priya,Tanaka,India,14.0,None,Unknown,2024-02-06,False
C00493,Siddharth,Nair,Australia,25.0,None,Walk-in,2024-02-04,False
C00494,Siddharth,Brown,United Kingdom,31.0,Open Water,Referral,2024-02-09,False
C00495,Liam,Reddy,India,24.0,Open Water,OTA,2024-02-13,False
C00496,Divya,Rossi,India,30.0,Divemaster,Website,2024-02-10,False
C00497,Aditya,Taylor,Israel,53.0,Open Water,Website,2024-02-14,False
C00498,Neha,Wilson,United Kingdom,30.0,Rescue,Referral,2024-02-10,False
C00499,Sophie,Wilson,South Korea,41.0,Open Water,Referral,2024-02-07,False
C00500,Aditya,Tanaka,India,21.0,None,Walk-in,2024-02-14,False
C00501,Ananya,Smith,India,38.0,None,Website,2024-02-07,False
C00502,Aditya,Iyer,Germany,27.0,None,Walk-in,2024-02-10,False
C00503,Aarav,Bakker,India,22.0,None,Hotel Partner,2024-02-13,False
C00504,Aarav,Gupta,Netherlands,14.0,Open Water,Instagram,2024-02-10,False
C00505,Divya,Dubois,India,15.0,None,Hotel Partner,2024-02-05,False
C00506,Sven,Smith,South Korea,,None,Unknown,2024-02-06,True
C00507,Rahul,Ivanov,India,,None,Unknown,2024-02-10,True
C00508,Vikram,Sharma,France,27.0,Advanced,Referral,2024-02-12,False
C00509,Meera,Menon,India,52.0,None,OTA,2024-02-06,False
C00510,Noa,Iyer,India,32.0,None,Walk-in,2024-02-08,False
C00511,Ravi,Jansen,India,29.0,Advanced,Walk-in,2024-02-12,False
C00512,Elena,Cohen,Australia,,Divemaster,Referral,2024-02-14,True
C00513,Siddharth,Rossi,South Korea,33.0,None,Website,2024-02-14,False
C00514,Vikram,Petrova,India,31.0,None,Hotel Partner,2024-02-07,False
C00515,Emma,Nair,India,43.0,None,Referral,2024-02-15,False
C00516,Minjun,OConnor,India,20.0,None,Hotel Partner,2024-02-15,False
C00517,Sophie,Ivanov,India,25.0,None,Walk-in,2024-02-12,False
C00518,Emma,Petrova,Japan,30.0,Advanced,Hotel Partner,2024-02-07,False
C00519,Hannah,Wilson,France,26.0,None,Instagram,2024-02-10,False
C00520,Yuki,Wilson,India,30.0,Open Water,Hotel Partner,2024-02-07,False
C00521,Divya,Iyer,India,18.0,Open Water,Walk-in,2024-02-11,False
C00522,Kavya,Banerjee,India,45.0,Advanced,Referral,2024-02-14,False
C00523,Anouk,Muller,United States,40.0,Divemaster,Walk-in,2024-02-14,False
C00524,Marco,Taylor,India,40.0,None,Walk-in,2024-02-17,False
C00525,Ravi,Banerjee,India,37.0,None,Walk-in,2024-02-07,False
C00526,Pooja,Reddy,Italy,43.0,Open Water,Hotel Partner,2024-02-07,False
C00527,Rohan,Schmidt,India,23.0,Open Water,Unknown,2024-02-15,False
C00528,Anouk,Desai,India,39.0,None,Website,2024-02-07,False
C00529,Neha,Reddy,Israel,59.0,None,Website,2024-02-15,False
C00530,Yuki,Menon,India,30.0,Rescue,Referral,2024-02-12,False
C00531,Daniel,Desai,France,34.0,None,Walk-in,2024-02-13,False
C00532,Itai,Smith,India,45.0,None,Hotel Partner,2024-02-09,False
C00533,Pierre,Ivanov,India,46.0,None,Instagram,2024-02-12,False
C00534,Sarah,Ivanov,India,31.0,None,Website,2024-02-09,False
C00535,Olga,Dubois,India,,None,Hotel Partner,2024-02-17,True
C00536,Pooja,Rao,Russia,32.0,None,Website,2024-02-17,False
C00537,Dmitri,Desai,India,35.0,Open Water,OTA,2024-02-13,False
C00538,Emma,Bakker,India,27.0,Advanced,OTA,2024-02-13,False
C00539,Rahul,Iyer,India,36.0,Advanced,OTA,2024-02-13,False
C00540,Marco,Iyer,Russia,36.0,None,Walk-in,2024-02-14,False
C00541,Ishaan,Gupta,India,29.0,Advanced,Hotel Partner,2024-02-16,False
C00542,Daniel,Tanaka,United States,,Open Water,Instagram,2024-02-18,True
C00543,Karan,Gupta,India,34.0,Open Water,Website,2024-02-13,False
C00544,Elena,Gupta,India,17.0,Advanced,Website,2024-02-18,False
C00545,Pierre,Ivanov,Italy,52.0,Open Water,Hotel Partner,2024-02-11,False
C00546,Vikram,Menon,Germany,29.0,Advanced,Unknown,2024-02-13,False
C00547,Ananya,Iyer,India,37.0,None,Referral,2024-02-17,False
C00548,Divya,Menon,United Kingdom,36.0,Open Water,Walk-in,2024-02-17,False
C00549,Ravi,Cohen,Italy,40.0,None,Website,2024-02-18,False
C00550,Priya,Brown,India,24.0,None,Website,2024-02-13,False
C00551,Yuki,Nair,Germany,36.0,Open Water,Referral,2024-02-14,False
C00552,Daniel,Kulkarni,India,33.0,None,Hotel Partner,2024-02-09,False
C00553,Lukas,Jansen,India,47.0,None,Walk-in,2024-02-13,False
C00554,Emma,Cohen,United Kingdom,30.0,Advanced,Walk-in,2024-02-09,False
C00555,Arjun,Ivanov,Russia,43.0,Open Water,Walk-in,2024-02-19,False
C00556,Kavya,Rao,India,26.0,Open Water,Website,2024-02-12,False
C00557,Daniel,Muller,Israel,30.0,Open Water,Instagram,2024-02-10,False
C00558,Ishaan,Brown,India,31.0,Advanced,OTA,2024-02-09,False
C00559,Karan,Wilson,Russia,30.0,None,OTA,2024-02-10,False
C00560,Ravi,Menon,India,58.0,None,OTA,2024-02-15,False
C00561,Rohan,Chowdhury,India,28.0,None,Walk-in,2024-02-11,False
C00562,Tom,Gupta,India,31.0,None,Hotel Partner,2024-02-11,False
C00563,Emma,OConnor,Israel,32.0,Open Water,Walk-in,2024-02-13,False
C00564,Lukas,Muller,India,31.0,None,Referral,2024-02-09,False
C00565,Kavya,Rossi,Russia,36.0,None,OTA,2024-02-15,False
C00566,Neha,Banerjee,Israel,30.0,None,Website,2024-02-10,False
C00567,Divya,Iyer,India,,None,Website,2024-02-10,True
C00568,Rahul,Cohen,Australia,17.0,None,Unknown,2024-02-13,False
C00569,Meera,Dubois,South Korea,36.0,Open Water,OTA,2024-02-15,False
C00570,Chloe,Reddy,Italy,31.0,None,Unknown,2024-02-13,False
C00571,Arjun,Nair,India,25.0,Open Water,Website,2024-02-14,False
C00572,Meera,Ivanov,India,37.0,None,Website,2024-02-14,False
C00573,Chloe,Chowdhury,Russia,51.0,None,Walk-in,2024-02-20,False
C00574,Sven,Levi,South Korea,15.0,Rescue,Referral,2024-02-14,False
C00575,Aarav,Cohen,India,39.0,Open Water,Walk-in,2024-02-11,False
C00576,Dmitri,Wilson,India,,Open Water,Walk-in,2024-02-18,True
C00577,Pierre,Muller,India,35.0,Open Water,Website,2024-02-13,False
C00578,Sven,Muller,South Korea,44.0,None,Hotel Partner,2024-02-19,False
C00579,Sven,Taylor,India,36.0,Open Water,Instagram,2024-02-11,False
C00580,Priya,Patel,India,38.0,None,Walk-in,2024-02-14,False
C00581,James,Schmidt,Israel,40.0,None,Website,2024-02-18,False
C00582,Kavya,Cohen,Germany,14.0,None,Referral,2024-02-21,False
C00583,Noa,Patel,India,32.0,Open Water,Walk-in,2024-02-19,False
C00584,Hannah,Sharma,India,44.0,None,Unknown,2024-02-22,False
C00585,Priya,Cohen,United Kingdom,47.0,Open Water,OTA,2024-02-21,False
C00586,Anouk,Brown,India,46.0,None,Referral,2024-02-21,False
C00587,Aarav,Nair,United Kingdom,48.0,None,Walk-in,2024-02-18,False
C00588,Camille,Kulkarni,India,35.0,None,Hotel Partner,2024-02-15,False
C00589,Ananya,Muller,India,17.0,Open Water,Unknown,2024-02-13,False
C00590,Rohan,Bakker,France,46.0,None,Hotel Partner,2024-02-19,False
C00591,Olga,Jansen,India,26.0,Rescue,Hotel Partner,2024-02-22,False
C00592,Minjun,Petrova,India,,Open Water,Referral,2024-02-21,True
C00593,Lukas,Rossi,India,26.0,None,Referral,2024-02-13,False
C00594,Divya,Desai,India,29.0,Open Water,Hotel Partner,2024-02-18,False
C00595,Neha,Park,Italy,27.0,Advanced,Walk-in,2024-02-17,False
C00596,Priya,Schmidt,Japan,18.0,Open Water,Referral,2024-02-18,False
C00597,Yuki,Kulkarni,Italy,31.0,Open Water,Hotel Partner,2024-02-15,False
C00598,Rahul,Ivanov,India,36.0,Advanced,Referral,2024-02-19,False
C00599,Yuki,Wilson,India,33.0,Rescue,OTA,2024-02-14,False
C00600,Aarav,Gupta,United States,,Rescue,Instagram,2024-02-18,True
C00601,Sophie,OConnor,India,,None,Instagram,2024-02-21,True
C00602,Meera,Sharma,India,35.0,None,Instagram,2024-02-15,False
C00603,Vikram,Bakker,India,46.0,None,Website,2024-02-23,False
C00604,Lukas,Brown,India,42.0,Advanced,Instagram,2024-02-21,False
C00605,Minjun,Reddy,India,34.0,None,Walk-in,2024-02-19,False
C00606,Siddharth,Rao,India,25.0,None,Instagram,2024-02-17,False
C00607,Daniel,Gupta,India,40.0,Rescue,Website,2024-02-21,False
C00608,Minjun,Kim,France,36.0,Open Water,Instagram,2024-02-21,False
C00609,Sven,Rao,India,40.0,None,Website,2024-02-21,False
C00610,Emma,Menon,Israel,67.0,Rescue,Walk-in,2024-02-16,False
C00611,Daniel,Kulkarni,United Kingdom,36.0,Open Water,Walk-in,2024-02-19,False
C00612,Ananya,Banerjee,India,26.0,None,Unknown,2024-02-16,False
C00613,Aarav,Rossi,Germany,,Open Water,Unknown,2024-02-20,True
C00614,Pooja,Levi,France,40.0,Open Water,Instagram,2024-02-21,False
C00615,Aarav,Wilson,India,39.0,None,Instagram,2024-02-22,False
C00616,Siddharth,Patel,India,43.0,Open Water,Instagram,2024-02-16,False
C00617,Minjun,Reddy,India,41.0,Open Water,Walk-in,2024-02-25,False
C00618,Sarah,Menon,France,,None,Website,2024-02-26,True
C00619,Liam,Dubois,Australia,39.0,Advanced,Website,2024-02-24,False
C00620,Sarah,Cohen,United States,46.0,None,Referral,2024-02-23,False
C00621,Sven,Menon,France,22.0,None,OTA,2024-02-18,False
C00622,Arjun,Dubois,India,,None,OTA,2024-02-21,True
C00623,Divya,Levi,France,45.0,Divemaster,Walk-in,2024-02-23,False
C00624,Priya,Tanaka,India,40.0,None,Unknown,2024-02-22,False
C00625,Chloe,Tanaka,India,28.0,Rescue,Referral,2024-02-20,False
C00626,Sneha,Wilson,India,38.0,Open Water,OTA,2024-02-27,False
C00627,Karan,Rossi,France,24.0,None,Walk-in,2024-02-25,False
C00628,Aarav,Sharma,India,,None,Referral,2024-02-23,True
C00629,James,Petrova,France,48.0,Open Water,Instagram,2024-02-20,False
C00630,Chloe,Kim,India,42.0,Advanced,Hotel Partner,2024-02-23,False
C00631,Dmitri,Patel,India,39.0,Open Water,Website,2024-02-21,False
C00632,Liam,Brown,India,35.0,Advanced,Website,2024-02-26,False
C00633,Sophie,Cohen,Germany,23.0,Open Water,Instagram,2024-02-27,False
C00634,Anouk,Reddy,Germany,44.0,None,Referral,2024-02-18,False
C00635,Olga,Muller,India,29.0,Open Water,Referral,2024-02-18,False
C00636,Vikram,Muller,Germany,28.0,None,Instagram,2024-02-24,False
C00637,Noa,Bakker,India,17.0,None,Walk-in,2024-02-18,False
C00638,Itai,Reddy,United States,53.0,Rescue,Instagram,2024-02-23,False
C00639,Pierre,Smith,India,37.0,Rescue,Referral,2024-02-27,False
C00640,Chloe,Petrova,France,37.0,Open Water,Unknown,2024-02-22,False
C00641,Aarav,Menon,Japan,40.0,Advanced,Walk-in,2024-02-21,False
C00642,Meera,Tanaka,India,34.0,Open Water,Instagram,2024-02-23,False
C00643,Minjun,Brown,India,26.0,Open Water,Website,2024-02-24,False
C00644,Ravi,Petrova,India,55.0,Open Water,OTA,2024-02-23,False
C00645,Kavya,Desai,South Korea,,None,Unknown,2024-02-22,True
C00646,Tom,Nair,India,31.0,None,Unknown,2024-02-28,False
C00647,Neha,Patel,France,47.0,Open Water,Website,2024-02-26,False
C00648,Arjun,OConnor,India,34.0,None,Referral,2024-02-19,False
C00649,Aarav,Park,Australia,22.0,Open Water,Unknown,2024-02-25,False
C00650,Anouk,Jansen,India,38.0,None,Referral,2024-02-29,False
C00651,Daniel,Bakker,India,31.0,None,Instagram,2024-02-21,False
C00652,Sven,Sharma,Russia,15.0,None,Hotel Partner,2024-02-27,False
C00653,Yuki,Banerjee,India,20.0,None,Walk-in,2024-02-27,False
C00654,Meera,Dubois,Russia,56.0,Advanced,Unknown,2024-02-20,False
C00655,Rahul,Reddy,India,30.0,Advanced,Walk-in,2024-02-19,False
C00656,Olga,Reddy,India,44.0,Advanced,Referral,2024-02-22,False
C00657,Ishaan,Dubois,Italy,16.0,Open Water,Walk-in,2024-02-28,False
C00658,Tom,Muller,France,42.0,None,Referral,2024-02-22,False
C00659,Daniel,Banerjee,India,29.0,Advanced,Hotel Partner,2024-02-25,False
C00660,Minjun,Smith,Italy,31.0,None,Walk-in,2024-02-25,False
C00661,Karan,Bakker,United Kingdom,43.0,Advanced,Website,2024-02-24,False
C00662,Aarav,Wilson,India,25.0,Advanced,Instagram,2024-02-26,False
C00663,Sven,Jansen,India,32.0,Open Water,Unknown,2024-02-27,False
C00664,Ravi,Cohen,Netherlands,27.0,None,Walk-in,2024-02-23,False
C00665,Sophie,Kim,India,43.0,None,Hotel Partner,2024-02-23,False
C00666,Aarav,Taylor,India,36.0,None,Unknown,2024-02-29,False
C00667,Sneha,Cohen,India,37.0,Open Water,Website,2024-02-24,False
C00668,Aarav,Tanaka,South Korea,45.0,Open Water,Website,2024-02-28,False
C00669,Liam,Park,India,32.0,Open Water,Hotel Partner,2024-02-24,False
C00670,Emma,Smith,Israel,30.0,Open Water,Website,2024-02-23,False
C00671,Marco,Bakker,India,26.0,None,Walk-in,2024-02-24,False
C00672,Dmitri,Sharma,India,48.0,Open Water,Instagram,2024-02-26,False
C00673,Sneha,Rao,India,38.0,Advanced,Instagram,2024-02-28,False
C00674,Hannah,Cohen,India,40.0,None,Unknown,2024-02-28,False
C00675,Priya,Muller,Netherlands,30.0,None,OTA,2024-03-01,False
C00676,Rahul,Bakker,India,52.0,Advanced,Walk-in,2024-02-22,False
C00677,Meera,Rao,India,39.0,None,Referral,2024-03-01,False
C00678,Priya,Reddy,India,59.0,None,Website,2024-02-25,False
C00679,Sarah,Nair,India,30.0,Advanced,Unknown,2024-02-26,False
C00680,Pierre,Smith,India,34.0,Open Water,Website,2024-03-02,False
C00681,Aditya,Schmidt,Netherlands,46.0,None,Instagram,2024-03-04,False
C00682,Ishaan,Brown,India,37.0,None,Website,2024-02-28,False
C00683,Daniel,Muller,India,,Open Water,Instagram,2024-02-23,True
C00684,Ananya,Jansen,United Kingdom,23.0,Advanced,Referral,2024-02-26,False
C00685,Vikram,Brown,Australia,37.0,Open Water,Instagram,2024-02-29,False
C00686,Hannah,Dubois,Netherlands,46.0,None,OTA,2024-03-01,False
C00687,Yuki,Jansen,India,48.0,Open Water,Instagram,2024-03-01,False
C00688,Rahul,Bakker,India,,Open Water,Referral,2024-02-28,True
C00689,Noa,Banerjee,Russia,37.0,None,Hotel Partner,2024-02-29,False
C00690,Divya,Iyer,India,45.0,Divemaster,Website,2024-02-23,False
C00691,Aditya,Kulkarni,South Korea,36.0,None,Instagram,2024-03-02,False
C00692,Lukas,Sharma,India,29.0,Advanced,Website,2024-02-27,False
C00693,Hannah,Chowdhury,India,50.0,None,Walk-in,2024-02-26,False
C00694,Vikram,Kulkarni,India,31.0,None,OTA,2024-03-02,False
C00695,Daniel,Banerjee,India,35.0,None,Instagram,2024-03-03,False
C00696,Dmitri,Schmidt,India,34.0,None,Walk-in,2024-03-04,False
C00697,Sarah,Petrova,India,53.0,Open Water,Instagram,2024-02-26,False
C00698,Elena,Smith,India,34.0,None,Hotel Partner,2024-02-24,False
C00699,James,Chowdhury,India,42.0,None,Referral,2024-03-04,False
C00700,Elena,Wilson,India,47.0,None,Instagram,2024-02-28,False
C00701,Yuki,Schmidt,Israel,45.0,Rescue,OTA,2024-03-03,False
C00702,Tom,Sharma,India,23.0,None,Referral,2024-02-28,False
C00703,Emma,Dubois,India,37.0,None,Website,2024-03-03,False
C00704,Itai,Reddy,South Korea,12.0,Open Water,Website,2024-03-03,False
C00705,Ravi,Iyer,India,35.0,Advanced,Website,2024-02-25,False
C00706,Olga,Taylor,India,42.0,None,Walk-in,2024-02-28,False
C00707,Lukas,Cohen,India,42.0,None,Walk-in,2024-03-02,False
C00708,Ravi,Patel,India,39.0,Open Water,Website,2024-03-05,False
C00709,Kavya,Reddy,India,29.0,None,Instagram,2024-02-27,False
C00710,Meera,Patel,United Kingdom,27.0,None,Website,2024-03-03,False
C00711,Arjun,Cohen,United Kingdom,,None,Hotel Partner,2024-03-06,True
C00712,Aarav,Schmidt,India,28.0,Open Water,Unknown,2024-02-25,False
C00713,Kavya,Iyer,India,39.0,None,Walk-in,2024-03-03,False
C00714,Anouk,Kulkarni,United Kingdom,38.0,None,Website,2024-02-26,False
C00715,Aarav,Wilson,France,34.0,Open Water,Website,2024-02-27,False
C00716,Sophie,Nair,India,31.0,Open Water,Walk-in,2024-03-02,False
C00717,Ishaan,Desai,Germany,25.0,Open Water,OTA,2024-02-25,False
C00718,Emma,Menon,France,33.0,Rescue,Hotel Partner,2024-02-27,False
C00719,Elena,Muller,India,32.0,Open Water,Website,2024-02-29,False
C00720,Lukas,Kulkarni,Russia,21.0,Open Water,OTA,2024-02-27,False
C00721,Yuki,Menon,Australia,19.0,None,Website,2024-02-27,False
C00722,Chloe,Smith,India,16.0,None,Unknown,2024-03-06,False
C00723,Sven,OConnor,India,29.0,Advanced,Referral,2024-03-06,False
C00724,Aarav,Menon,India,37.0,Open Water,Walk-in,2024-03-07,False
C00725,Yuki,Reddy,United Kingdom,15.0,None,Referral,2024-03-02,False
C00726,Dmitri,Brown,Russia,20.0,None,Referral,2024-03-06,False
C00727,Vikram,Petrova,Germany,12.0,Open Water,Referral,2024-03-05,False
C00728,Pooja,Muller,India,,None,Website,2024-03-07,True
C00729,James,Iyer,United Kingdom,34.0,Open Water,OTA,2024-03-05,False
C00730,Emma,Taylor,India,21.0,Open Water,Walk-in,2024-03-01,False
C00731,Sarah,Park,India,29.0,Advanced,Instagram,2024-03-05,False
C00732,Ananya,Muller,India,20.0,None,Instagram,2024-02-29,False
C00733,Minjun,Park,Russia,31.0,Divemaster,Referral,2024-03-04,False
C00734,Chloe,Banerjee,Japan,24.0,Open Water,Instagram,2024-03-08,False
C00735,Sneha,Smith,Russia,31.0,None,Hotel Partner,2024-02-28,False
C00736,Arjun,OConnor,India,19.0,None,OTA,2024-02-29,False
C00737,Yuki,Muller,Netherlands,17.0,Advanced,Website,2024-03-08,False
C00738,Noa,Tanaka,India,25.0,None,Referral,2024-03-04,False
C00739,Hannah,Dubois,India,,Open Water,Hotel Partner,2024-03-09,True
C00740,Sophie,Brown,India,42.0,Open Water,Unknown,2024-03-10,False
C00741,Pierre,Muller,United States,42.0,None,Instagram,2024-03-03,False
C00742,Dmitri,OConnor,Germany,17.0,None,Instagram,2024-03-03,False
C00743,Divya,Reddy,India,18.0,None,Referral,2024-03-03,False
C00744,Meera,Levi,India,37.0,Open Water,Hotel Partner,2024-03-03,False
C00745,Camille,Tanaka,Italy,45.0,None,Walk-in,2024-03-10,False
C00746,Neha,Schmidt,India,30.0,None,Walk-in,2024-03-11,False
C00747,Rohan,Cohen,India,,Advanced,Hotel Partner,2024-03-11,True
C00748,Itai,Bakker,Australia,39.0,Open Water,Website,2024-03-02,False
C00749,Aditya,Schmidt,United Kingdom,40.0,Open Water,Website,2024-03-10,False
C00750,Chloe,Bakker,India,42.0,Open Water,Unknown,2024-03-08,False
C00751,Minjun,Nair,Russia,29.0,None,OTA,2024-03-11,False
C00752,Dmitri,Chowdhury,Germany,23.0,Open Water,Unknown,2024-03-04,False
C00753,Sarah,Jansen,India,50.0,None,Hotel Partner,2024-03-02,False
C00754,Aarav,Nair,India,41.0,Open Water,OTA,2024-03-09,False
C00755,Camille,Wilson,India,31.0,Open Water,Hotel Partner,2024-03-05,False
C00756,Lukas,Dubois,Australia,21.0,None,Referral,2024-03-04,False
C00757,Liam,Bakker,Germany,33.0,None,Walk-in,2024-03-05,False
C00758,Rohan,Levi,India,33.0,Open Water,Walk-in,2024-03-12,False
C00759,Aarav,Desai,Netherlands,36.0,Open Water,Unknown,2024-03-07,False
C00760,Vikram,Reddy,India,25.0,None,Walk-in,2024-03-07,False
C00761,Rohan,OConnor,India,27.0,Advanced,Referral,2024-03-08,False
C00762,James,Bakker,Australia,20.0,None,Referral,2024-03-11,False
C00763,Hannah,Nair,India,35.0,None,Referral,2024-03-13,False
C00764,Chloe,OConnor,Israel,47.0,Open Water,Walk-in,2024-03-09,False
C00765,Ravi,Levi,India,23.0,Open Water,Walk-in,2024-03-08,False
C00766,Rahul,Petrova,Italy,38.0,Advanced,Walk-in,2024-03-03,False
C00767,Liam,Schmidt,India,21.0,Open Water,Walk-in,2024-03-07,False
C00768,Karan,Patel,Israel,23.0,None,Unknown,2024-03-12,False
C00769,Ananya,Desai,India,20.0,Open Water,Website,2024-03-04,False
C00770,Olga,Desai,Israel,43.0,Open Water,Referral,2024-03-07,False
C00771,Siddharth,Nair,Germany,36.0,None,Referral,2024-03-07,False
C00772,Ravi,Menon,India,34.0,None,Unknown,2024-03-07,False
C00773,Yuki,Dubois,South Korea,39.0,Open Water,Referral,2024-03-10,False
C00774,Tom,Menon,Russia,25.0,Advanced,Walk-in,2024-03-13,False
C00775,Olga,Wilson,India,39.0,Advanced,Website,2024-03-12,False
C00776,Ravi,Banerjee,Australia,39.0,None,Walk-in,2024-03-08,False
C00777,Camille,Rao,Israel,23.0,Open Water,Walk-in,2024-03-04,False
C00778,Sarah,Dubois,Netherlands,34.0,None,Website,2024-03-11,False
C00779,James,Taylor,Italy,58.0,Advanced,Walk-in,2024-03-04,False
C00780,Ishaan,Levi,South Korea,31.0,Advanced,Website,2024-03-14,False
C00781,Pierre,Petrova,India,28.0,None,Referral,2024-03-08,False
C00782,Lukas,Park,France,34.0,None,Hotel Partner,2024-03-11,False
C00783,Hannah,Brown,India,,Advanced,Walk-in,2024-03-05,True
C00784,Divya,Smith,Netherlands,54.0,Rescue,Walk-in,2024-03-05,False
C00785,Dmitri,Levi,India,41.0,Open Water,Website,2024-03-05,False
C00786,Divya,Rossi,India,31.0,Open Water,Instagram,2024-03-05,False
C00787,Elena,Wilson,India,43.0,Rescue,Website,2024-03-15,False
C00788,Elena,Levi,Israel,50.0,None,Instagram,2024-03-07,False
C00789,Chloe,Gupta,India,26.0,Open Water,Website,2024-03-14,False
C00790,James,Cohen,India,22.0,None,Website,2024-03-16,False
C00791,Aditya,Schmidt,India,43.0,Advanced,Referral,2024-03-07,False
C00792,Pooja,Dubois,United States,,Divemaster,Walk-in,2024-03-11,True
C00793,Meera,Sharma,India,26.0,Advanced,Website,2024-03-10,False
C00794,Ananya,Muller,India,33.0,None,Walk-in,2024-03-09,False
C00795,Hannah,Reddy,Russia,31.0,Advanced,Instagram,2024-03-06,False
C00796,Emma,Kim,India,45.0,None,Referral,2024-03-16,False
C00797,Aarav,Jansen,India,12.0,None,Unknown,2024-03-06,False
C00798,Sophie,Schmidt,India,49.0,None,Hotel Partner,2024-03-15,False
C00799,Elena,Tanaka,India,,Open Water,Instagram,2024-03-07,True
C00800,Ishaan,Dubois,India,41.0,Open Water,Walk-in,2024-03-16,False
C00801,Camille,Schmidt,Israel,21.0,Open Water,Hotel Partner,2024-03-11,False
C00802,Rahul,Tanaka,India,35.0,None,Walk-in,2024-03-08,False
C00803,Marco,Park,India,24.0,Open Water,Website,2024-03-16,False
C00804,Sophie,OConnor,India,19.0,Open Water,Walk-in,2024-03-13,False
C00805,Sophie,Iyer,France,22.0,Open Water,Referral,2024-03-12,False
C00806,Camille,Rao,India,36.0,None,Referral,2024-03-09,False
C00807,Marco,Schmidt,France,37.0,None,OTA,2024-03-07,False
C00808,Divya,Kulkarni,India,,Advanced,Website,2024-03-09,True
C00809,Ananya,Brown,Netherlands,34.0,None,Website,2024-03-09,False
C00810,Ishaan,Sharma,Italy,40.0,None,Referral,2024-03-17,False
C00811,Elena,Desai,Israel,31.0,Advanced,Website,2024-03-14,False
C00812,Divya,Jansen,Germany,32.0,None,Hotel Partner,2024-03-08,False
C00813,Minjun,Kulkarni,India,20.0,Rescue,Referral,2024-03-12,False
C00814,Dmitri,Banerjee,India,,None,Walk-in,2024-03-13,True
C00815,Sneha,Banerjee,India,33.0,None,Hotel Partner,2024-03-10,False
C00816,Minjun,Patel,India,26.0,Open Water,Walk-in,2024-03-12,False
C00817,Chloe,Taylor,India,44.0,Advanced,Instagram,2024-03-09,False
C00818,Anouk,Reddy,United Kingdom,14.0,Advanced,Referral,2024-03-18,False
C00819,Tom,Tanaka,United States,39.0,Rescue,Instagram,2024-03-17,False
C00820,Hannah,Petrova,India,34.0,Open Water,Website,2024-03-10,False
C00821,Camille,Iyer,Netherlands,21.0,Open Water,Referral,2024-03-12,False
C00822,Vikram,Taylor,India,28.0,Open Water,Hotel Partner,2024-03-16,False
C00823,Sneha,Levi,India,28.0,Open Water,Website,2024-03-09,False
C00824,Chloe,Park,South Korea,29.0,None,Website,2024-03-18,False
C00825,Tom,Chowdhury,India,37.0,None,Referral,2024-03-14,False
C00826,Emma,Cohen,India,16.0,Open Water,Referral,2024-03-19,False
C00827,Karan,Wilson,India,38.0,Open Water,Hotel Partner,2024-03-16,False
C00828,Aarav,Petrova,Italy,49.0,Advanced,Website,2024-03-15,False
C00829,Pierre,Wilson,Germany,36.0,None,Hotel Partner,2024-03-16,False
C00830,Arjun,Cohen,Germany,35.0,Open Water,Walk-in,2024-03-14,False
C00831,Vikram,Iyer,India,30.0,None,Walk-in,2024-03-14,False
C00832,Daniel,Kulkarni,India,27.0,Advanced,Walk-in,2024-03-18,False
C00833,Rohan,Banerjee,India,33.0,Open Water,Referral,2024-03-18,False
C00834,Daniel,Tanaka,India,26.0,Open Water,Instagram,2024-03-15,False
C00835,Ishaan,Ivanov,India,27.0,None,Walk-in,2024-03-16,False
C00836,Camille,Tanaka,Australia,37.0,Open Water,Walk-in,2024-03-13,False
C00837,Daniel,Gupta,Israel,32.0,None,Instagram,2024-03-10,False
C00838,Aditya,Taylor,Japan,20.0,None,Website,2024-03-11,False
C00839,Rohan,Cohen,India,37.0,None,Instagram,2024-03-16,False
C00840,Olga,Nair,Israel,49.0,Open Water,Website,2024-03-18,False
C00841,Rohan,Brown,United Kingdom,29.0,Open Water,Hotel Partner,2024-03-14,False
C00842,Liam,Chowdhury,Italy,30.0,Open Water,Walk-in,2024-03-15,False
C00843,Chloe,Wilson,Netherlands,31.0,None,Walk-in,2024-03-10,False
C00844,Priya,Petrova,Japan,46.0,None,Instagram,2024-03-12,False
C00845,Pierre,Sharma,India,30.0,None,Walk-in,2024-03-13,False
C00846,Vikram,Patel,Japan,20.0,None,Website,2024-03-20,False
C00847,Aarav,Brown,Russia,31.0,None,Hotel Partner,2024-03-18,False
C00848,Pierre,Petrova,India,12.0,None,Referral,2024-03-20,False
C00849,Pierre,Cohen,India,34.0,None,Walk-in,2024-03-11,False
C00850,Sophie,Ivanov,United Kingdom,34.0,Open Water,Walk-in,2024-03-13,False
C00851,Sophie,Desai,India,37.0,None,Hotel Partner,2024-03-16,False
C00852,Rahul,Menon,India,34.0,Open Water,Hotel Partner,2024-03-20,False
C00853,Ananya,Tanaka,Israel,47.0,None,OTA,2024-03-17,False
C00854,Sneha,Kim,Japan,27.0,None,Walk-in,2024-03-12,False
C00855,Elena,Rao,United States,29.0,None,Instagram,2024-03-15,False
C00856,Rohan,Schmidt,United States,35.0,None,OTA,2024-03-21,False
C00857,Daniel,Rao,India,51.0,Rescue,Referral,2024-03-15,False
C00858,Sneha,Tanaka,Germany,40.0,Open Water,OTA,2024-03-13,False
C00859,Sneha,Patel,India,28.0,None,OTA,2024-03-21,False
C00860,Anouk,Iyer,India,48.0,None,Walk-in,2024-03-15,False
C00861,Liam,Kim,United Kingdom,34.0,Open Water,Unknown,2024-03-16,False
C00862,Neha,Sharma,India,30.0,Advanced,Website,2024-03-22,False
C00863,Rohan,Petrova,United Kingdom,28.0,None,Walk-in,2024-03-23,False
C00864,Meera,Banerjee,India,36.0,Open Water,Instagram,2024-03-20,False
C00865,Marco,Iyer,India,34.0,None,Website,2024-03-16,False
C00866,Minjun,Brown,France,37.0,Open Water,OTA,2024-03-15,False
C00867,Anouk,Wilson,India,34.0,None,Website,2024-03-14,False
C00868,Itai,OConnor,India,,Advanced,Walk-in,2024-03-23,True
C00869,Rohan,Desai,France,,Advanced,Website,2024-03-20,True
C00870,Liam,Rao,India,29.0,Open Water,Walk-in,2024-03-15,False
C00871,Ishaan,Ivanov,India,44.0,None,Walk-in,2024-03-17,False
C00872,Lukas,Sharma,France,26.0,Open Water,Referral,2024-03-22,False
C00873,Arjun,Sharma,Italy,40.0,None,Website,2024-03-21,False
C00874,Tom,Tanaka,India,42.0,Divemaster,Instagram,2024-03-23,False
C00875,Olga,Tanaka,Germany,26.0,None,Walk-in,2024-03-20,False
C00876,Ishaan,Schmidt,India,30.0,Open Water,OTA,2024-03-19,False
C00877,Hannah,Petrova,India,37.0,None,Referral,2024-03-16,False
C00878,Hannah,Sharma,India,31.0,Open Water,Instagram,2024-03-23,False
C00879,Priya,Levi,India,,Open Water,Unknown,2024-03-15,True
C00880,Karan,Rossi,United Kingdom,24.0,Advanced,Walk-in,2024-03-23,False
C00881,Sneha,Park,Netherlands,35.0,Open Water,Walk-in,2024-03-17,False
C00882,Ishaan,Brown,Japan,32.0,Rescue,Website,2024-03-20,False
C00883,Priya,Chowdhury,India,49.0,Advanced,Unknown,2024-03-25,False
C00884,Emma,Smith,United Kingdom,,Divemaster,Walk-in,2024-03-23,True
C00885,Itai,Park,United Kingdom,36.0,None,Referral,2024-03-16,False
C00886,Rahul,Gupta,Australia,25.0,None,Unknown,2024-03-24,False
C00887,Rohan,Bakker,South Korea,43.0,Open Water,OTA,2024-03-23,False
C00888,Ishaan,Kim,Germany,,None,Hotel Partner,2024-03-20,True
C00889,Emma,Petrova,India,55.0,Open Water,Walk-in,2024-03-16,False
C00890,Anouk,Schmidt,India,34.0,None,Unknown,2024-03-20,False
C00891,Priya,Ivanov,India,,None,Walk-in,2024-03-21,True
C00892,Karan,Levi,Russia,14.0,None,Walk-in,2024-03-22,False
C00893,Liam,Sharma,Netherlands,47.0,None,Walk-in,2024-03-19,False
C00894,Marco,Cohen,India,37.0,None,Referral,2024-03-22,False
C00895,Arjun,Nair,India,42.0,None,Website,2024-03-23,False
C00896,Arjun,Kim,Russia,41.0,Advanced,Hotel Partner,2024-03-27,False
C00897,Chloe,Petrova,India,30.0,Open Water,Instagram,2024-03-20,False
C00898,Aarav,Schmidt,India,,Advanced,Website,2024-03-18,True
C00899,James,Desai,France,41.0,Open Water,Website,2024-03-22,False
C00900,Anouk,Nair,South Korea,40.0,Advanced,Website,2024-03-20,False
C00901,Aarav,Schmidt,Italy,39.0,Open Water,Website,2024-03-17,False
C00902,Aarav,Taylor,United Kingdom,47.0,Advanced,OTA,2024-03-17,False
C00903,Dmitri,Sharma,United Kingdom,20.0,None,Hotel Partner,2024-03-28,False
C00904,Sneha,Kulkarni,India,42.0,None,Website,2024-03-25,False
C00905,Hannah,Desai,India,30.0,Advanced,Instagram,2024-03-22,False
C00906,Sven,Dubois,Germany,30.0,None,Instagram,2024-03-23,False
C00907,Daniel,Reddy,Italy,23.0,None,Unknown,2024-03-24,False
C00908,Neha,Bakker,India,39.0,None,Unknown,2024-03-20,False
C00909,Sophie,Schmidt,France,43.0,Open Water,Website,2024-03-28,False
C00910,Meera,Levi,France,31.0,Rescue,Walk-in,2024-03-28,False
C00911,Tom,OConnor,Germany,53.0,None,Hotel Partner,2024-03-24,False
C00912,Rahul,Patel,United Kingdom,46.0,None,Referral,2024-03-25,False
C00913,Ravi,Muller,India,23.0,Open Water,Referral,2024-03-23,False
C00914,Lukas,Kim,France,41.0,Advanced,Walk-in,2024-03-21,False
C00915,Marco,Taylor,United Kingdom,35.0,None,OTA,2024-03-24,False
C00916,Camille,Petrova,India,30.0,Open Water,Walk-in,2024-03-27,False
C00917,Aarav,Banerjee,Russia,32.0,Open Water,Instagram,2024-03-20,False
C00918,Ishaan,Taylor,United States,42.0,None,OTA,2024-03-24,False
C00919,Sarah,Gupta,United Kingdom,18.0,Open Water,Walk-in,2024-03-27,False
C00920,Minjun,Reddy,India,60.0,Divemaster,Website,2024-03-24,False
C00921,Sneha,Taylor,Russia,31.0,Open Water,Walk-in,2024-03-22,False
C00922,Ananya,Bakker,Italy,41.0,None,OTA,2024-03-22,False
C00923,Divya,Dubois,India,20.0,Divemaster,Website,2024-03-21,False
C00924,Divya,Schmidt,Japan,23.0,Open Water,OTA,2024-03-20,False
C00925,Elena,Schmidt,India,21.0,Open Water,Walk-in,2024-03-27,False
C00926,Rohan,Park,India,20.0,Divemaster,Instagram,2024-03-28,False
C00927,Sarah,Brown,India,43.0,None,Walk-in,2024-03-22,False
C00928,Emma,Menon,Japan,31.0,None,Referral,2024-03-21,False
C00929,Anouk,Levi,India,35.0,None,Hotel Partner,2024-03-24,False
C00930,Yuki,Rao,India,,None,Referral,2024-03-23,True
C00931,Neha,Wilson,India,43.0,Advanced,Hotel Partner,2024-03-20,False
C00932,Pooja,Menon,India,31.0,None,Referral,2024-03-30,False
C00933,Pierre,Levi,Russia,18.0,None,OTA,2024-03-27,False
C00934,Ishaan,Brown,France,38.0,Open Water,Referral,2024-03-26,False
C00935,Sophie,Dubois,India,46.0,None,OTA,2024-03-27,False
C00936,Sophie,OConnor,Germany,,Open Water,Unknown,2024-03-24,True
C00937,Vikram,Taylor,Russia,30.0,None,Website,2024-03-26,False
C00938,Tom,Levi,India,29.0,Rescue,Website,2024-03-28,False
C00939,Arjun,Kim,Netherlands,31.0,None,Unknown,2024-03-28,False
C00940,Tom,Brown,India,34.0,None,Hotel Partner,2024-03-22,False
C00941,Pooja,Brown,India,,Open Water,Referral,2024-03-31,True
C00942,Emma,Kulkarni,India,29.0,Open Water,Website,2024-03-24,False
C00943,Minjun,Kim,India,33.0,Rescue,Instagram,2024-03-24,False
C00944,Priya,Gupta,France,40.0,None,Instagram,2024-03-29,False
C00945,Noa,Kim,India,38.0,None,Walk-in,2024-03-31,False
C00946,Yuki,Brown,United States,33.0,Open Water,Instagram,2024-03-23,False
C00947,Noa,Gupta,India,47.0,None,Hotel Partner,2024-03-31,False
C00948,Ishaan,Banerjee,India,46.0,Open Water,Walk-in,2024-03-25,False
C00949,Marco,Park,Germany,43.0,Advanced,Walk-in,2024-03-30,False
C00950,Pierre,Iyer,India,18.0,Open Water,Referral,2024-03-28,False
C00951,Sophie,Jansen,India,15.0,Advanced,Walk-in,2024-03-29,False
C00952,Neha,Chowdhury,India,29.0,Advanced,Instagram,2024-04-02,False
C00953,Dmitri,Rao,India,32.0,Advanced,Referral,2024-04-02,False
C00954,Sarah,Taylor,Russia,,Open Water,Walk-in,2024-03-26,True
C00955,Ananya,Jansen,India,38.0,Open Water,Website,2024-03-27,False
C00956,Rohan,Gupta,India,43.0,None,OTA,2024-03-24,False
C00957,Rohan,Muller,India,55.0,Divemaster,Unknown,2024-03-26,False
C00958,Pierre,Taylor,India,35.0,None,Website,2024-03-30,False
C00959,Elena,Park,South Korea,21.0,None,OTA,2024-03-29,False
C00960,Itai,Levi,Germany,38.0,Open Water,Unknown,2024-03-25,False
C00961,Pooja,Menon,Germany,42.0,Rescue,Website,2024-03-31,False
C00962,Rohan,Smith,South Korea,38.0,None,Website,2024-03-24,False
C00963,Arjun,Chowdhury,India,28.0,None,Referral,2024-03-30,False
C00964,Sneha,Banerjee,United States,35.0,Advanced,Website,2024-04-01,False
C00965,Anouk,Bakker,Netherlands,28.0,Open Water,Walk-in,2024-04-01,False
C00966,Anouk,Iyer,India,49.0,None,Hotel Partner,2024-03-24,False
C00967,Hannah,Smith,France,36.0,Advanced,Hotel Partner,2024-03-29,False
C00968,Tom,Ivanov,India,,None,Referral,2024-04-01,True
C00969,Pooja,Rossi,Russia,,Open Water,Walk-in,2024-03-29,True
C00970,Meera,Brown,India,33.0,None,Walk-in,2024-03-26,False
C00971,Sophie,Iyer,Italy,,Advanced,Referral,2024-04-04,True
C00972,Priya,Nair,India,29.0,None,Instagram,2024-03-28,False
C00973,Marco,Chowdhury,Germany,,Rescue,Walk-in,2024-03-30,True
C00974,Sneha,Tanaka,United Kingdom,33.0,None,Referral,2024-04-02,False
C00975,Neha,Tanaka,Germany,24.0,Open Water,Unknown,2024-03-28,False
C00976,Camille,Petrova,United States,32.0,Advanced,Hotel Partner,2024-04-03,False
C00977,Liam,Tanaka,India,28.0,Advanced,Walk-in,2024-04-01,False
C00978,Dmitri,Sharma,India,42.0,None,Walk-in,2024-04-05,False
C00979,James,Kulkarni,India,32.0,None,Unknown,2024-03-28,False
C00980,Minjun,Jansen,United States,,Rescue,Referral,2024-04-02,True
C00981,Yuki,Smith,India,46.0,Advanced,Website,2024-03-30,False
C00982,Meera,Tanaka,India,28.0,Open Water,Instagram,2024-04-01,False
C00983,Neha,Sharma,Japan,34.0,Open Water,Website,2024-04-06,False
C00984,Camille,Rossi,France,38.0,Advanced,Walk-in,2024-04-02,False
C00985,Ishaan,Cohen,India,22.0,Advanced,Walk-in,2024-04-05,False
C00986,Pierre,Muller,Israel,29.0,None,Instagram,2024-03-31,False
C00987,Hannah,Patel,United Kingdom,25.0,None,Website,2024-04-05,False
C00988,Liam,Muller,India,29.0,None,Walk-in,2024-03-30,False
C00989,Kavya,Petrova,United Kingdom,48.0,Advanced,Walk-in,2024-03-31,False
C00990,Marco,Taylor,India,23.0,Open Water,Instagram,2024-03-29,False
C00991,Rahul,Menon,Australia,45.0,None,Website,2024-04-05,False
C00992,Priya,Desai,Australia,,Open Water,Website,2024-04-04,True
C00993,Sophie,Kim,India,34.0,Open Water,Instagram,2024-04-05,False
C00994,Emma,Cohen,India,35.0,Open Water,Walk-in,2024-04-03,False
C00995,Yuki,Kulkarni,India,28.0,None,Referral,2024-04-08,False
C00996,Elena,Wilson,India,12.0,None,OTA,2024-04-03,False
C00997,Vikram,Nair,India,,Open Water,Instagram,2024-04-09,True
C00998,Priya,Smith,Japan,21.0,Advanced,Instagram,2024-04-04,False
C00999,Yuki,Cohen,India,35.0,None,Walk-in,2024-04-04,False
C01000,Lukas,Taylor,India,41.0,None,Hotel Partner,2024-04-02,False
C01001,Meera,Rao,United Kingdom,16.0,None,Walk-in,2024-04-06,False
C01002,Chloe,Levi,United Kingdom,31.0,None,Website,2024-04-10,False
C01003,Minjun,Cohen,India,52.0,None,OTA,2024-04-02,False
C01004,Elena,Kulkarni,India,25.0,Open Water,Instagram,2024-04-06,False
C01005,Kavya,Menon,Germany,51.0,None,Website,2024-04-03,False
C01006,Liam,Park,South Korea,32.0,None,Unknown,2024-04-04,False
C01007,Emma,Rossi,Russia,33.0,Advanced,OTA,2024-04-07,False
C01008,Liam,Desai,United Kingdom,14.0,Open Water,Website,2024-04-08,False
C01009,Karan,Menon,Italy,40.0,Advanced,OTA,2024-04-02,False
C01010,Marco,Kulkarni,Netherlands,30.0,None,Website,2024-04-11,False
C01011,Kavya,Wilson,India,30.0,Open Water,Referral,2024-04-11,False
C01012,Hannah,Ivanov,India,45.0,None,Website,2024-04-03,False
C01013,Elena,Rao,India,49.0,Rescue,OTA,2024-04-06,False
C01014,Hannah,Sharma,United States,29.0,Advanced,Instagram,2024-04-07,False
C01015,Elena,Rao,South Korea,35.0,None,Hotel Partner,2024-04-05,False
C01016,Sophie,Cohen,India,27.0,Open Water,Walk-in,2024-04-07,False
C01017,Lukas,Taylor,India,29.0,Advanced,Website,2024-04-09,False
C01018,Dmitri,Dubois,India,42.0,Advanced,Website,2024-04-07,False
C01019,Ananya,Banerjee,United Kingdom,12.0,None,Unknown,2024-04-12,False
C01020,Elena,Wilson,India,36.0,None,Unknown,2024-04-03,False
C01021,Pooja,Dubois,India,33.0,Open Water,Website,2024-04-13,False
C01022,Sven,Desai,India,39.0,None,Website,2024-04-09,False
C01023,Olga,Desai,Israel,18.0,Advanced,Instagram,2024-04-04,False
C01024,Tom,Levi,South Korea,12.0,None,Walk-in,2024-04-09,False
C01025,Chloe,Nair,Japan,15.0,Open Water,Instagram,2024-04-07,False
C01026,Emma,Patel,India,21.0,None,Unknown,2024-04-06,False
C01027,Noa,Petrova,France,35.0,Open Water,Website,2024-04-08,False
C01028,Arjun,Sharma,United Kingdom,38.0,Open Water,Walk-in,2024-04-14,False
C01029,Olga,Rao,Germany,38.0,None,Hotel Partner,2024-04-10,False
C01030,Divya,Desai,India,22.0,None,Walk-in,2024-04-08,False
C01031,Marco,Bakker,India,49.0,Advanced,Walk-in,2024-04-15,False
C01032,Tom,Wilson,United Kingdom,22.0,Open Water,Website,2024-04-13,False
C01033,Aditya,Patel,India,47.0,None,Website,2024-04-14,False
C01034,Ravi,Desai,Russia,34.0,Open Water,Referral,2024-04-07,False
C01035,Tom,Desai,India,29.0,Open Water,Unknown,2024-04-13,False
C01036,Camille,Jansen,India,32.0,None,Unknown,2024-04-13,False
C01037,Vikram,Cohen,India,35.0,Advanced,Unknown,2024-04-16,False
C01038,Sarah,Muller,India,34.0,Advanced,Referral,2024-04-09,False
C01039,Tom,OConnor,India,29.0,None,Instagram,2024-04-13,False
C01040,Camille,Kulkarni,India,32.0,Open Water,Website,2024-04-15,False
C01041,Pooja,Park,Germany,22.0,Open Water,Unknown,2024-04-14,False
C01042,Sarah,Desai,India,36.0,Advanced,Walk-in,2024-04-14,False
C01043,Pierre,Park,India,38.0,Open Water,Walk-in,2024-04-07,False
C01044,Karan,Smith,United Kingdom,25.0,None,Walk-in,2024-04-10,False
C01045,Tom,Park,India,,Advanced,Hotel Partner,2024-04-12,True
C01046,Sophie,Muller,Russia,25.0,Open Water,Walk-in,2024-04-18,False
C01047,Ananya,OConnor,India,32.0,None,Instagram,2024-04-08,False
C01048,Meera,Kim,India,43.0,Open Water,Website,2024-04-17,False
C01049,Siddharth,Rossi,India,22.0,Open Water,Website,2024-04-15,False
C01050,Sophie,Cohen,Russia,47.0,Advanced,OTA,2024-04-16,False
C01051,Dmitri,Levi,India,24.0,Open Water,Website,2024-04-09,False
C01052,Sophie,Kulkarni,Japan,21.0,None,Referral,2024-04-17,False
C01053,Divya,Dubois,United States,39.0,None,Website,2024-04-10,False
C01054,Sven,Brown,India,29.0,None,Walk-in,2024-04-14,False
C01055,Camille,Schmidt,India,27.0,Open Water,Website,2024-04-18,False
C01056,Sarah,Menon,Netherlands,13.0,None,Instagram,2024-04-09,False
C01057,Itai,Park,Netherlands,29.0,None,Website,2024-04-19,False
C01058,Aarav,Schmidt,India,28.0,None,Website,2024-04-19,False
C01059,Aarav,Wilson,Russia,45.0,None,OTA,2024-04-13,False
C01060,Marco,Banerjee,India,39.0,None,Instagram,2024-04-14,False
C01061,Rohan,Tanaka,India,36.0,Open Water,Walk-in,2024-04-12,False
C01062,Kavya,Nair,Australia,23.0,Advanced,Referral,2024-04-14,False
C01063,Dmitri,Kim,India,,None,Walk-in,2024-04-16,True
C01064,Siddharth,Sharma,United Kingdom,35.0,Open Water,Walk-in,2024-04-10,False
C01065,Marco,Brown,India,33.0,Advanced,Hotel Partner,2024-04-16,False
C01066,Pierre,Muller,India,38.0,Open Water,Instagram,2024-04-12,False
C01067,Liam,Brown,India,28.0,None,Unknown,2024-04-15,False
C01068,Ishaan,Gupta,France,38.0,Advanced,Walk-in,2024-04-14,False
C01069,Olga,Bakker,India,22.0,Open Water,Website,2024-04-11,False
C01070,Chloe,Tanaka,Germany,34.0,Advanced,Referral,2024-04-15,False
C01071,Divya,Banerjee,Israel,31.0,None,Referral,2024-04-19,False
C01072,Camille,Patel,India,29.0,Advanced,Website,2024-04-14,False
C01073,Siddharth,Banerjee,France,51.0,None,Website,2024-04-20,False
C01074,Yuki,Wilson,India,33.0,None,Unknown,2024-04-13,False
C01075,Minjun,Ivanov,India,28.0,Open Water,Walk-in,2024-04-13,False
C01076,Olga,Iyer,India,29.0,None,Walk-in,2024-04-18,False
C01077,Marco,Rossi,United Kingdom,36.0,None,Walk-in,2024-04-11,False
C01078,Yuki,Kulkarni,India,35.0,None,Referral,2024-04-13,False
C01079,Yuki,Sharma,Italy,26.0,Advanced,Unknown,2024-04-17,False
C01080,Ananya,Gupta,France,41.0,None,Hotel Partner,2024-04-14,False
C01081,Camille,Cohen,India,41.0,Advanced,Website,2024-04-18,False
C01082,Yuki,Iyer,India,31.0,None,Walk-in,2024-04-18,False
C01083,Siddharth,Tanaka,India,29.0,None,Walk-in,2024-04-21,False
C01084,Aditya,Taylor,India,30.0,Open Water,Website,2024-04-18,False
C01085,Anouk,Cohen,Netherlands,41.0,None,Walk-in,2024-04-17,False
C01086,Sophie,Rossi,India,33.0,Open Water,Walk-in,2024-04-19,False
C01087,Pierre,Nair,India,38.0,None,Referral,2024-04-14,False
C01088,Rahul,Wilson,Australia,42.0,Advanced,OTA,2024-04-13,False
C01089,Arjun,Banerjee,India,37.0,None,Hotel Partner,2024-04-17,False
C01090,Lukas,Levi,India,33.0,Rescue,Referral,2024-04-16,False
C01091,Noa,Kulkarni,United Kingdom,40.0,Advanced,Referral,2024-04-18,False
C01092,Tom,Gupta,India,39.0,Advanced,Website,2024-04-16,False
C01093,Aditya,Petrova,United Kingdom,36.0,Open Water,Website,2024-04-23,False
C01094,Ravi,Patel,India,36.0,Open Water,Unknown,2024-04-18,False
C01095,Ravi,Jansen,India,27.0,None,Referral,2024-04-14,False
C01096,Camille,Banerjee,India,43.0,Open Water,Walk-in,2024-04-17,False
C01097,Tom,Wilson,Italy,47.0,Advanced,OTA,2024-04-22,False
C01098,Yuki,Smith,United States,47.0,Open Water,Website,2024-04-20,False
C01099,Dmitri,Smith,India,29.0,Advanced,Hotel Partner,2024-04-19,False
C01100,Siddharth,Cohen,India,22.0,Open Water,Hotel Partner,2024-04-20,False
C01101,Dmitri,Wilson,France,31.0,Open Water,OTA,2024-04-21,False
C01102,Lukas,Rao,India,31.0,None,Walk-in,2024-04-19,False
C01103,Pooja,Petrova,Japan,38.0,None,Hotel Partner,2024-04-16,False
C01104,Dmitri,Reddy,United Kingdom,37.0,Advanced,Hotel Partner,2024-04-16,False
C01105,Tom,Kim,United Kingdom,12.0,Open Water,Unknown,2024-04-22,False
C01106,Elena,Ivanov,India,38.0,Rescue,Instagram,2024-04-15,False
C01107,James,Muller,India,37.0,None,Referral,2024-04-20,False
C01108,Itai,Tanaka,United Kingdom,39.0,None,Referral,2024-04-17,False
C01109,Hannah,Rossi,India,39.0,None,Instagram,2024-04-17,False
C01110,Meera,Banerjee,India,36.0,None,Walk-in,2024-04-23,False
C01111,Olga,Ivanov,India,25.0,None,Website,2024-04-22,False
C01112,Aditya,Tanaka,United Kingdom,34.0,None,Referral,2024-04-17,False
C01113,Karan,Muller,India,32.0,None,Walk-in,2024-04-17,False
C01114,Elena,Ivanov,India,51.0,None,Website,2024-04-18,False
C01115,Hannah,Gupta,Germany,35.0,Advanced,Walk-in,2024-04-16,False
C01116,Aarav,Petrova,Netherlands,31.0,None,Website,2024-04-20,False
C01117,Chloe,Tanaka,India,27.0,Open Water,Instagram,2024-04-19,False
C01118,Siddharth,Ivanov,United Kingdom,30.0,None,Walk-in,2024-04-24,False
C01119,Rohan,Menon,United Kingdom,35.0,None,Walk-in,2024-04-26,False
C01120,Meera,Muller,Russia,28.0,None,OTA,2024-04-27,False
C01121,Siddharth,Schmidt,Russia,20.0,None,Hotel Partner,2024-04-20,False
C01122,Ravi,Jansen,India,43.0,Rescue,Walk-in,2024-04-22,False
C01123,Lukas,Menon,India,34.0,None,Walk-in,2024-04-21,False
C01124,Hannah,Gupta,India,42.0,Advanced,Website,2024-04-26,False
C01125,Olga,OConnor,India,34.0,None,OTA,2024-04-26,False
C01126,Aarav,Nair,United States,34.0,None,Referral,2024-04-23,False
C01127,Minjun,Kulkarni,India,42.0,Open Water,Instagram,2024-04-28,False
C01128,Kavya,Cohen,India,19.0,Advanced,Walk-in,2024-04-28,False
C01129,Rohan,Cohen,India,30.0,Open Water,Website,2024-04-29,False
C01130,Siddharth,Chowdhury,Japan,41.0,None,Unknown,2024-04-25,False
C01131,Karan,Gupta,Japan,26.0,None,Hotel Partner,2024-04-20,False
C01132,Anouk,Brown,France,34.0,None,Referral,2024-04-25,False
C01133,Noa,Kim,Italy,38.0,Advanced,Website,2024-04-23,False
C01134,Divya,OConnor,Germany,30.0,None,Walk-in,2024-04-22,False
C01135,Priya,Smith,Israel,54.0,Open Water,Walk-in,2024-04-24,False
C01136,Minjun,Bakker,India,,Open Water,OTA,2024-04-29,True
C01137,Daniel,Kim,Russia,41.0,None,Website,2024-04-26,False
C01138,Olga,Levi,India,47.0,None,Walk-in,2024-04-26,False
C01139,Lukas,OConnor,India,39.0,Open Water,Walk-in,2024-04-25,False
C01140,Sarah,Chowdhury,Germany,40.0,None,Instagram,2024-04-24,False
C01141,Sarah,Park,India,45.0,Open Water,Referral,2024-04-27,False
C01142,Ananya,Rossi,Russia,,Open Water,Website,2024-04-30,True
C01143,Liam,Patel,Italy,18.0,None,Hotel Partner,2024-04-29,False
C01144,Ananya,Petrova,India,22.0,None,Website,2024-04-28,False
C01145,Itai,Muller,South Korea,17.0,None,Website,2024-04-25,False
C01146,Sneha,Cohen,France,43.0,Open Water,Referral,2024-05-01,False
C01147,Priya,Muller,India,37.0,None,Walk-in,2024-04-27,False
C01148,James,Petrova,India,27.0,None,Website,2024-04-26,False
C01149,Meera,Cohen,India,31.0,None,Website,2024-04-25,False
C01150,Aarav,Sharma,India,45.0,Open Water,Referral,2024-04-29,False
C01151,Rohan,Iyer,Israel,48.0,None,Walk-in,2024-04-24,False
C01152,Camille,Desai,Germany,29.0,Advanced,Walk-in,2024-04-26,False
C01153,Divya,Tanaka,United States,15.0,None,Website,2024-04-26,False
C01154,Itai,Iyer,India,,None,Hotel Partner,2024-04-25,True
C01155,Kavya,Jansen,India,28.0,Open Water,Website,2024-04-24,False
C01156,Pierre,Cohen,United Kingdom,48.0,Rescue,Referral,2024-04-26,False
C01157,Aarav,Iyer,India,29.0,Open Water,Hotel Partner,2024-04-25,False
C01158,Ravi,Rossi,India,36.0,Open Water,Unknown,2024-04-30,False
C01159,Aditya,Wilson,Netherlands,27.0,Open Water,Unknown,2024-05-01,False
C01160,Vikram,Tanaka,United Kingdom,47.0,Advanced,Hotel Partner,2024-05-01,False
C01161,Karan,Petrova,Netherlands,26.0,Advanced,Referral,2024-05-05,False
C01162,Liam,Bakker,Russia,34.0,Open Water,OTA,2024-04-27,False
C01163,Yuki,Iyer,India,36.0,None,Website,2024-04-27,False
C01164,Sneha,Cohen,India,38.0,None,Website,2024-05-03,False
C01165,James,Rossi,India,26.0,None,Hotel Partner,2024-05-06,False
C01166,Minjun,Taylor,India,36.0,Advanced,Instagram,2024-05-06,False
C01167,Rahul,Chowdhury,Israel,29.0,None,Referral,2024-04-28,False
C01168,Minjun,Park,Israel,36.0,Advanced,Referral,2024-05-03,False
C01169,Vikram,Taylor,United Kingdom,40.0,Advanced,Walk-in,2024-05-07,False
C01170,Chloe,Cohen,Netherlands,45.0,Open Water,Website,2024-05-01,False
C01171,Aditya,Patel,India,20.0,None,Walk-in,2024-04-28,False
C01172,Rahul,Kulkarni,India,23.0,None,Website,2024-04-29,False
C01173,Chloe,Rao,Germany,38.0,None,Referral,2024-04-29,False
C01174,Daniel,Rossi,Russia,35.0,None,Website,2024-05-06,False
C01175,Karan,Wilson,Japan,38.0,Rescue,Referral,2024-04-29,False
C01176,Sneha,Ivanov,India,45.0,None,Referral,2024-05-07,False
C01177,Divya,OConnor,India,48.0,Advanced,Hotel Partner,2024-04-30,False
C01178,Daniel,Dubois,India,43.0,None,Website,2024-05-01,False
C01179,Elena,Muller,India,34.0,Open Water,Referral,2024-05-02,False
C01180,Noa,Smith,India,12.0,None,OTA,2024-04-29,False
C01181,Rohan,Iyer,India,38.0,Open Water,Referral,2024-05-06,False
C01182,Aditya,Jansen,India,27.0,Open Water,Website,2024-05-06,False
C01183,Yuki,Reddy,Israel,12.0,None,Walk-in,2024-05-01,False
C01184,Aditya,Jansen,India,40.0,None,OTA,2024-05-03,False
C01185,Elena,Sharma,India,34.0,Open Water,Walk-in,2024-05-10,False
C01186,Daniel,Rao,India,20.0,Open Water,Unknown,2024-05-03,False
C01187,Siddharth,Iyer,Germany,43.0,Open Water,OTA,2024-05-10,False
C01188,Lukas,Desai,United Kingdom,22.0,Advanced,Walk-in,2024-05-07,False
C01189,James,Gupta,South Korea,24.0,None,Walk-in,2024-04-30,False
C01190,Hannah,Patel,India,35.0,Advanced,Instagram,2024-05-05,False
C01191,James,Iyer,India,44.0,Open Water,Website,2024-05-11,False
C01192,Pierre,Rossi,Israel,19.0,Open Water,Hotel Partner,2024-05-05,False
C01193,Minjun,Patel,Germany,23.0,None,Walk-in,2024-05-06,False
C01194,Noa,Jansen,India,46.0,None,Hotel Partner,2024-05-04,False
C01195,Hannah,Schmidt,France,35.0,Open Water,Walk-in,2024-05-11,False
C01196,Liam,Petrova,Australia,26.0,Open Water,Hotel Partner,2024-05-09,False
C01197,Sarah,Taylor,India,58.0,None,Walk-in,2024-05-10,False
C01198,Elena,Gupta,India,44.0,None,Unknown,2024-05-04,False
C01199,Sophie,Sharma,India,38.0,None,Referral,2024-05-04,False
C01200,Anouk,Rossi,India,27.0,Advanced,Website,2024-05-10,False
C01201,Daniel,Kulkarni,Germany,37.0,None,Instagram,2024-05-03,False
C01202,Sarah,Patel,Israel,43.0,None,Website,2024-05-10,False
C01203,Camille,Muller,India,46.0,Open Water,Website,2024-05-11,False
C01204,Itai,Menon,France,42.0,None,Website,2024-05-08,False
C01205,Divya,Smith,India,,None,Unknown,2024-05-08,True
C01206,Kavya,Tanaka,Germany,28.0,None,Website,2024-05-08,False
C01207,Emma,Banerjee,India,27.0,None,Hotel Partner,2024-05-06,False
C01208,Meera,Schmidt,India,32.0,Open Water,Walk-in,2024-05-03,False
C01209,Vikram,Levi,Australia,30.0,None,Instagram,2024-05-05,False
C01210,Aarav,Chowdhury,India,21.0,Advanced,Walk-in,2024-05-14,False
C01211,Chloe,Kim,Russia,30.0,None,Website,2024-05-09,False
C01212,James,Reddy,South Korea,52.0,Open Water,Hotel Partner,2024-05-10,False
C01213,Neha,Sharma,India,29.0,Open Water,Website,2024-05-14,False
C01214,Liam,Cohen,India,38.0,Open Water,OTA,2024-05-05,False
C01215,Anouk,OConnor,India,27.0,None,Walk-in,2024-05-12,False
C01216,Chloe,Rao,Germany,28.0,Open Water,Unknown,2024-05-11,False
C01217,Siddharth,Bakker,Israel,23.0,None,OTA,2024-05-15,False
C01218,Dmitri,Ivanov,India,20.0,None,Referral,2024-05-08,False
C01219,Priya,Wilson,India,18.0,None,Walk-in,2024-05-07,False
C01220,Arjun,Petrova,India,,None,Walk-in,2024-05-11,True
C01221,Lukas,Muller,India,41.0,None,Instagram,2024-05-08,False
C01222,Pooja,Reddy,Russia,49.0,Advanced,Hotel Partner,2024-05-14,False
C01223,Dmitri,Gupta,Germany,34.0,None,Unknown,2024-05-15,False
C01224,Ananya,Nair,India,21.0,None,Website,2024-05-06,False
C01225,Siddharth,Sharma,India,20.0,Open Water,Referral,2024-05-15,False
C01226,Itai,Rao,India,29.0,Advanced,Walk-in,2024-05-14,False
C01227,James,Smith,Netherlands,,None,Hotel Partner,2024-05-08,True
C01228,Marco,Park,Germany,33.0,None,Website,2024-05-14,False
C01229,Ravi,Banerjee,India,27.0,Open Water,Walk-in,2024-05-09,False
C01230,Sarah,Jansen,India,31.0,Advanced,Unknown,2024-05-10,False
C01231,Karan,Jansen,Israel,26.0,None,Walk-in,2024-05-12,False
C01232,Rohan,Schmidt,India,30.0,None,Website,2024-05-17,False
C01233,Elena,Bakker,India,46.0,Advanced,Website,2024-05-15,False
C01234,Elena,Kim,Japan,22.0,None,Walk-in,2024-05-10,False
C01235,Kavya,Dubois,India,32.0,None,Unknown,2024-05-17,False
C01236,Ravi,Schmidt,India,29.0,None,Walk-in,2024-05-08,False
C01237,Tom,Brown,India,24.0,None,Hotel Partner,2024-05-11,False
C01238,Rahul,Iyer,Italy,37.0,None,Website,2024-05-11,False
C01239,Daniel,Cohen,India,33.0,None,Website,2024-05-18,False
C01240,Emma,Rossi,India,40.0,None,Website,2024-05-12,False
C01241,Priya,OConnor,Israel,,Open Water,Unknown,2024-05-10,True
C01242,Pierre,Iyer,India,37.0,None,Hotel Partner,2024-05-17,False
C01243,Rahul,Rossi,United States,12.0,None,Hotel Partner,2024-05-09,False
C01244,Pierre,Muller,Japan,,Open Water,Hotel Partner,2024-05-16,True
C01245,Elena,Petrova,Russia,19.0,Advanced,Instagram,2024-05-15,False
C01246,Pierre,Reddy,United States,23.0,Advanced,Instagram,2024-05-15,False
C01247,Anouk,Desai,India,42.0,None,Unknown,2024-05-19,False
C01248,Dmitri,Park,India,39.0,None,OTA,2024-05-12,False
C01249,Aarav,Chowdhury,South Korea,30.0,None,Walk-in,2024-05-15,False
C01250,Sophie,Chowdhury,India,36.0,None,Referral,2024-05-11,False
C01251,Liam,Patel,India,34.0,None,Walk-in,2024-05-16,False
C01252,Ishaan,Ivanov,India,30.0,None,Walk-in,2024-05-17,False
C01253,Noa,Patel,Russia,27.0,None,Website,2024-05-15,False
C01254,Ananya,Iyer,India,35.0,None,Referral,2024-05-12,False
C01255,Camille,Wilson,Australia,38.0,Open Water,Website,2024-05-12,False
C01256,James,Muller,Italy,37.0,Open Water,Walk-in,2024-05-19,False
C01257,Tom,Wilson,Netherlands,32.0,Open Water,Referral,2024-05-17,False
C01258,Rahul,Brown,India,34.0,None,Referral,2024-05-16,False
C01259,Marco,Kulkarni,India,26.0,Open Water,Instagram,2024-05-22,False
C01260,Sophie,Patel,India,37.0,None,Walk-in,2024-05-20,False
C01261,Neha,Cohen,Russia,39.0,None,Website,2024-05-18,False
C01262,Karan,Nair,India,35.0,None,Website,2024-05-15,False
C01263,Aditya,Rossi,India,40.0,None,Walk-in,2024-05-21,False
C01264,Dmitri,Sharma,Australia,43.0,None,Instagram,2024-05-13,False
C01265,Ananya,Rossi,India,35.0,None,Instagram,2024-05-17,False
C01266,Sven,Gupta,Japan,36.0,Open Water,Referral,2024-05-15,False
C01267,Aarav,Levi,India,32.0,Open Water,Unknown,2024-05-23,False
C01268,Daniel,Kulkarni,India,31.0,Advanced,Walk-in,2024-05-21,False
C01269,Tom,Menon,India,28.0,None,Walk-in,2024-05-23,False
C01270,Ishaan,Petrova,India,,Open Water,Walk-in,2024-05-17,True
C01271,Ravi,Bakker,India,25.0,Open Water,Walk-in,2024-05-14,False
C01272,Kavya,Desai,India,43.0,None,Website,2024-05-19,False
C01273,Sarah,Patel,India,30.0,None,Website,2024-05-17,False
C01274,Kavya,Smith,India,48.0,Advanced,OTA,2024-05-16,False
C01275,Dmitri,Kulkarni,India,15.0,Open Water,Website,2024-05-20,False
C01276,Divya,Banerjee,India,50.0,Open Water,Instagram,2024-05-21,False
C01277,Siddharth,Kim,Japan,50.0,None,Walk-in,2024-05-25,False
C01278,Arjun,Iyer,France,21.0,None,Website,2024-05-15,False
C01279,Kavya,Dubois,India,24.0,Open Water,Unknown,2024-05-15,False
C01280,Daniel,Kim,Germany,36.0,Open Water,Walk-in,2024-05-24,False
C01281,Marco,Jansen,India,31.0,Advanced,Referral,2024-05-25,False
C01282,Karan,Nair,Germany,30.0,None,Referral,2024-05-20,False
C01283,Dmitri,Iyer,India,24.0,None,Walk-in,2024-05-23,False
C01284,Lukas,Petrova,United Kingdom,47.0,Open Water,Referral,2024-05-18,False
C01285,Pierre,Chowdhury,Italy,35.0,None,Website,2024-05-26,False
C01286,Aarav,Rossi,United Kingdom,38.0,Open Water,Referral,2024-05-26,False
C01287,Siddharth,Kim,India,25.0,Advanced,Walk-in,2024-05-18,False
C01288,Priya,Smith,India,33.0,Open Water,Hotel Partner,2024-05-28,False
C01289,Pooja,Schmidt,India,,Advanced,Hotel Partner,2024-05-25,True
C01290,Elena,Rossi,India,40.0,Open Water,Walk-in,2024-05-26,False
C01291,Rohan,Levi,India,29.0,Open Water,Referral,2024-05-21,False
C01292,Noa,Kim,India,12.0,Rescue,Instagram,2024-05-24,False
C01293,Divya,Patel,India,,Advanced,Hotel Partner,2024-05-24,True
C01294,Chloe,Kulkarni,France,43.0,None,Unknown,2024-05-23,False
C01295,Hannah,Sharma,India,41.0,Advanced,Website,2024-05-20,False
C01296,Rahul,Tanaka,Netherlands,35.0,Open Water,Walk-in,2024-05-26,False
C01297,Meera,Petrova,Germany,40.0,None,Instagram,2024-05-20,False
C01298,Meera,Tanaka,India,47.0,Advanced,Referral,2024-05-24,False
C01299,Tom,Schmidt,India,16.0,None,Unknown,2024-05-20,False
C01300,Ishaan,Nair,India,36.0,None,Website,2024-05-24,False
C01301,Kavya,Sharma,India,39.0,None,Hotel Partner,2024-05-25,False
C01302,Marco,Wilson,United States,27.0,None,Website,2024-05-29,False
C01303,Yuki,Ivanov,Germany,36.0,Open Water,Instagram,2024-05-22,False
C01304,Tom,Chowdhury,Russia,29.0,Advanced,Walk-in,2024-05-28,False
C01305,Sophie,Kulkarni,India,19.0,None,Referral,2024-05-20,False
C01306,Chloe,Patel,India,37.0,None,Walk-in,2024-05-25,False
C01307,Meera,Muller,India,28.0,Advanced,Unknown,2024-05-30,False
C01308,Pooja,Kim,Israel,34.0,Open Water,Unknown,2024-05-25,False
C01309,Yuki,Chowdhury,Australia,50.0,None,Referral,2024-05-30,False
C01310,Divya,Brown,India,15.0,Advanced,Walk-in,2024-05-29,False
C01311,Ananya,Tanaka,India,39.0,Open Water,OTA,2024-05-29,False
C01312,Ravi,Schmidt,India,37.0,None,Unknown,2024-06-02,False
C01313,Emma,Jansen,India,36.0,Open Water,Referral,2024-06-05,False
C01314,Pooja,OConnor,India,43.0,Advanced,Instagram,2024-06-09,False
C01315,Daniel,Kulkarni,India,25.0,Advanced,Instagram,2024-06-03,False
C01316,Camille,Iyer,India,27.0,Open Water,Website,2024-06-07,False
C01317,Meera,Bakker,India,32.0,None,Walk-in,2024-06-10,False
C01318,Divya,Brown,Germany,50.0,None,Instagram,2024-06-05,False
C01319,Tom,Schmidt,India,33.0,Advanced,Walk-in,2024-06-07,False
C01320,Aarav,Ivanov,India,44.0,None,Referral,2024-09-17,False
C01321,Itai,Ivanov,India,33.0,Advanced,Walk-in,2024-09-09,False
C01322,Dmitri,Tanaka,India,42.0,Open Water,OTA,2024-09-13,False
C01323,Elena,Patel,South Korea,42.0,None,OTA,2024-09-19,False
C01324,Dmitri,Smith,India,52.0,None,Walk-in,2024-09-19,False
C01325,Sven,Levi,Germany,,None,Referral,2024-09-13,True
C01326,Sven,Banerjee,India,17.0,Rescue,Unknown,2024-09-13,False
C01327,Lukas,Iyer,India,29.0,None,OTA,2024-09-16,False
C01328,Noa,Desai,France,44.0,Open Water,Website,2024-09-15,False
C01329,Dmitri,Rao,India,25.0,Open Water,Unknown,2024-09-17,False
C01330,Olga,Park,Germany,24.0,None,Walk-in,2024-09-28,False
C01331,Yuki,Patel,India,25.0,None,Website,2024-09-22,False
C01332,Liam,Ivanov,United States,47.0,Rescue,Referral,2024-09-24,False
C01333,Emma,Smith,Australia,27.0,None,Unknown,2024-09-25,False
C01334,Daniel,Dubois,Italy,33.0,Advanced,Instagram,2024-09-22,False
C01335,Sophie,Desai,Italy,55.0,None,OTA,2024-09-23,False
C01336,Lukas,Taylor,Germany,19.0,None,OTA,2024-09-28,False
C01337,Kavya,Chowdhury,South Korea,39.0,Open Water,OTA,2024-09-27,False
C01338,Ravi,Patel,United Kingdom,36.0,Open Water,Website,2024-09-25,False
C01339,Ishaan,Reddy,India,39.0,Open Water,Walk-in,2024-09-28,False
C01340,Sophie,Gupta,India,31.0,Open Water,Unknown,2024-09-26,False
C01341,Meera,Sharma,France,31.0,None,Website,2024-09-23,False
C01342,Rahul,Wilson,Israel,43.0,Open Water,Instagram,2024-09-25,False
C01343,Arjun,Patel,India,22.0,Open Water,Walk-in,2024-09-26,False
C01344,James,Desai,India,23.0,None,Hotel Partner,2024-09-30,False
C01345,Liam,Rao,India,,Open Water,Referral,2024-09-26,True
C01346,Daniel,Menon,Russia,36.0,Open Water,Unknown,2024-09-22,False
C01347,Ananya,Banerjee,South Korea,31.0,None,Website,2024-09-26,False
C01348,Ravi,Cohen,Germany,,Open Water,OTA,2024-10-02,True
C01349,Divya,Banerjee,Netherlands,13.0,None,Unknown,2024-10-03,False
C01350,Priya,Rossi,India,31.0,Open Water,Walk-in,2024-09-29,False
C01351,Vikram,Ivanov,United States,23.0,Advanced,Walk-in,2024-10-01,False
C01352,Priya,Ivanov,India,16.0,Open Water,OTA,2024-10-03,False
C01353,Karan,Smith,United Kingdom,17.0,None,Hotel Partner,2024-09-27,False
C01354,Olga,Wilson,United States,,Open Water,Walk-in,2024-09-24,True
C01355,Neha,Iyer,United States,23.0,None,Walk-in,2024-10-03,False
C01356,Ananya,Jansen,Japan,43.0,None,OTA,2024-10-01,False
C01357,Divya,Menon,South Korea,39.0,Advanced,Referral,2024-09-27,False
C01358,James,Petrova,Netherlands,25.0,None,Unknown,2024-09-24,False
C01359,Sven,Reddy,India,47.0,None,OTA,2024-10-04,False
C01360,Minjun,Kim,South Korea,39.0,Open Water,Website,2024-09-25,False
C01361,Minjun,Rao,Russia,44.0,None,OTA,2024-09-27,False
C01362,Camille,Ivanov,India,17.0,Open Water,Instagram,2024-10-02,False
C01363,Liam,Menon,India,46.0,None,OTA,2024-09-25,False
C01364,Kavya,Ivanov,United States,60.0,Open Water,Walk-in,2024-10-01,False
C01365,Neha,Schmidt,India,35.0,Open Water,Website,2024-10-05,False
C01366,Meera,Brown,India,41.0,Advanced,Website,2024-10-02,False
C01367,Pierre,Schmidt,India,30.0,Open Water,Referral,2024-10-04,False
C01368,Itai,Brown,India,27.0,Open Water,OTA,2024-10-02,False
C01369,James,Gupta,India,33.0,Open Water,Instagram,2024-10-03,False
C01370,Elena,Rao,India,17.0,None,Hotel Partner,2024-09-28,False
C01371,Noa,Sharma,India,33.0,Open Water,Walk-in,2024-10-01,False
C01372,Itai,Rao,Russia,20.0,None,Walk-in,2024-10-05,False
C01373,Meera,Desai,Russia,19.0,None,Website,2024-09-28,False
C01374,Hannah,Muller,Netherlands,41.0,Advanced,Referral,2024-09-27,False
C01375,Divya,Schmidt,United Kingdom,,Open Water,Walk-in,2024-10-01,True
C01376,Anouk,Rossi,United Kingdom,39.0,None,Walk-in,2024-09-28,False
C01377,Kavya,Taylor,India,40.0,Advanced,Website,2024-09-30,False
C01378,Pierre,Cohen,India,46.0,None,Instagram,2024-10-03,False
C01379,Yuki,Rao,Italy,37.0,Advanced,Unknown,2024-10-06,False
C01380,Minjun,Nair,India,38.0,None,Website,2024-10-02,False
C01381,Yuki,Nair,South Korea,29.0,None,Unknown,2024-10-04,False
C01382,Minjun,Tanaka,Italy,34.0,Advanced,Walk-in,2024-10-05,False
C01383,Karan,Patel,India,36.0,Open Water,Walk-in,2024-09-29,False
C01384,Aditya,Levi,Germany,28.0,Open Water,Walk-in,2024-09-30,False
C01385,Ananya,Iyer,Australia,40.0,Open Water,Referral,2024-10-04,False
C01386,Sarah,OConnor,France,21.0,Open Water,OTA,2024-10-08,False
C01387,Sarah,OConnor,Netherlands,52.0,None,Website,2024-10-02,False
C01388,Siddharth,Cohen,Netherlands,33.0,None,OTA,2024-10-03,False
C01389,Noa,Banerjee,India,52.0,None,Website,2024-10-06,False
C01390,Camille,Rao,India,21.0,None,Walk-in,2024-10-09,False
C01391,Emma,Kim,United States,52.0,Open Water,OTA,2024-10-03,False
C01392,Daniel,Petrova,Israel,14.0,Open Water,OTA,2024-10-09,False
C01393,Hannah,Gupta,United States,30.0,None,Instagram,2024-10-10,False
C01394,Hannah,Sharma,India,24.0,None,Website,2024-10-09,False
C01395,Dmitri,Schmidt,India,21.0,Open Water,Hotel Partner,2024-10-02,False
C01396,Camille,Park,India,57.0,Open Water,Walk-in,2024-10-03,False
C01397,Pierre,Wilson,Russia,28.0,Open Water,Walk-in,2024-10-09,False
C01398,Sneha,Kulkarni,India,,None,Referral,2024-10-08,True
C01399,Aditya,Schmidt,France,25.0,Advanced,Walk-in,2024-10-02,False
C01400,Divya,Dubois,India,28.0,Advanced,Referral,2024-10-05,False
C01401,Camille,Wilson,Italy,38.0,Open Water,OTA,2024-10-04,False
C01402,Pierre,Park,India,30.0,None,Unknown,2024-10-10,False
C01403,Aditya,Levi,India,28.0,None,OTA,2024-10-09,False
C01404,Neha,Desai,India,24.0,None,OTA,2024-10-05,False
C01405,Anouk,Brown,India,20.0,None,OTA,2024-10-10,False
C01406,Pierre,Banerjee,United Kingdom,38.0,Advanced,Website,2024-10-06,False
C01407,Tom,Reddy,India,21.0,Open Water,OTA,2024-10-05,False
C01408,Siddharth,Kulkarni,Italy,,Advanced,Walk-in,2024-10-06,True
C01409,Rahul,Cohen,India,34.0,None,Referral,2024-10-06,False
C01410,Sarah,Muller,India,42.0,None,Website,2024-10-04,False
C01411,Elena,Rao,India,22.0,Rescue,Walk-in,2024-10-06,False
C01412,Tom,Smith,India,36.0,None,Website,2024-10-02,False
C01413,Sneha,Desai,United Kingdom,29.0,None,OTA,2024-10-05,False
C01414,Sophie,Levi,India,42.0,None,Hotel Partner,2024-10-08,False
C01415,Chloe,Muller,India,24.0,Open Water,Walk-in,2024-10-10,False
C01416,Daniel,Chowdhury,Japan,39.0,Open Water,Referral,2024-10-12,False
C01417,Noa,Tanaka,India,37.0,None,Website,2024-10-05,False
C01418,Itai,Nair,Russia,24.0,Advanced,OTA,2024-10-11,False
C01419,Liam,Levi,India,27.0,None,Referral,2024-10-05,False
C01420,Itai,Patel,India,33.0,Open Water,Instagram,2024-10-09,False
C01421,James,Smith,Australia,42.0,None,Hotel Partner,2024-10-10,False
C01422,Ishaan,Gupta,India,44.0,Open Water,OTA,2024-10-06,False
C01423,Olga,Kim,India,42.0,Open Water,Hotel Partner,2024-10-07,False
C01424,James,Cohen,India,41.0,None,Referral,2024-10-09,False
C01425,Priya,Rao,India,31.0,Open Water,Walk-in,2024-10-03,False
C01426,Emma,Bakker,India,,None,Instagram,2024-10-09,True
C01427,Divya,Bakker,India,51.0,None,OTA,2024-10-08,False
C01428,Elena,Banerjee,India,44.0,Open Water,Website,2024-10-08,False
C01429,Ravi,Iyer,United States,30.0,Advanced,Walk-in,2024-10-06,False
C01430,Liam,Nair,Germany,22.0,Advanced,Instagram,2024-10-07,False
C01431,Marco,Petrova,India,39.0,None,Referral,2024-10-06,False
C01432,Sneha,Iyer,United Kingdom,39.0,Open Water,Website,2024-10-12,False
C01433,Hannah,Petrova,India,32.0,Open Water,Referral,2024-10-05,False
C01434,Ravi,Cohen,United States,35.0,Advanced,Unknown,2024-10-11,False
C01435,Sarah,Jansen,India,39.0,None,Referral,2024-10-06,False
C01436,Liam,Muller,India,20.0,None,Walk-in,2024-10-07,False
C01437,James,OConnor,India,44.0,Open Water,OTA,2024-10-11,False
C01438,Vikram,Menon,Germany,,Open Water,Walk-in,2024-10-05,True
C01439,Vikram,Sharma,India,35.0,Advanced,OTA,2024-10-09,False
C01440,Rohan,Patel,India,41.0,Open Water,Website,2024-10-13,False
C01441,James,Kulkarni,India,44.0,Open Water,Walk-in,2024-10-11,False
C01442,Itai,Patel,United States,31.0,None,Referral,2024-10-08,False
C01443,Emma,Park,Australia,19.0,None,OTA,2024-10-11,False
C01444,Sneha,Sharma,India,37.0,Open Water,Website,2024-10-16,False
C01445,Meera,Iyer,India,28.0,None,Instagram,2024-10-08,False
C01446,Divya,Chowdhury,India,38.0,Advanced,Website,2024-10-09,False
C01447,Arjun,Levi,United States,44.0,Advanced,Referral,2024-10-12,False
C01448,Ishaan,Ivanov,India,44.0,None,Website,2024-10-17,False
C01449,Divya,Chowdhury,South Korea,29.0,None,OTA,2024-10-15,False
C01450,Ishaan,Smith,India,40.0,None,Website,2024-10-16,False
C01451,Noa,Kulkarni,India,,Advanced,Walk-in,2024-10-08,True
C01452,Elena,Wilson,India,41.0,Open Water,Referral,2024-10-18,False
C01453,Rahul,Taylor,Australia,32.0,None,Referral,2024-10-09,False
C01454,Sarah,Iyer,India,,Open Water,Website,2024-10-09,True
C01455,Olga,Patel,Italy,30.0,Open Water,Hotel Partner,2024-10-14,False
C01456,Dmitri,Cohen,Netherlands,,Open Water,Walk-in,2024-10-11,True
C01457,Sophie,Jansen,Israel,41.0,Open Water,Referral,2024-10-10,False
C01458,Aditya,Desai,United Kingdom,20.0,None,Website,2024-10-19,False
C01459,Neha,Cohen,Netherlands,38.0,None,OTA,2024-10-11,False
C01460,Arjun,Kulkarni,India,48.0,Open Water,Walk-in,2024-10-11,False
C01461,Chloe,Smith,India,36.0,None,OTA,2024-10-19,False
C01462,Olga,Rossi,Netherlands,39.0,Open Water,OTA,2024-10-15,False
C01463,Marco,Iyer,Netherlands,33.0,None,OTA,2024-10-16,False
C01464,Ananya,Petrova,India,33.0,Open Water,OTA,2024-10-17,False
C01465,James,Bakker,Germany,,None,OTA,2024-10-12,True
C01466,Daniel,Smith,India,28.0,Divemaster,Website,2024-10-15,False
C01467,Vikram,Rossi,South Korea,42.0,None,Website,2024-10-10,False
C01468,Itai,Banerjee,India,22.0,Open Water,Referral,2024-10-20,False
C01469,Pierre,Smith,United Kingdom,44.0,Open Water,Website,2024-10-11,False
C01470,Vikram,Bakker,India,26.0,Open Water,OTA,2024-10-20,False
C01471,Pooja,Muller,India,38.0,Open Water,OTA,2024-10-21,False
C01472,Ananya,Reddy,India,29.0,None,Hotel Partner,2024-10-19,False
C01473,Yuki,Gupta,Germany,36.0,None,Walk-in,2024-10-21,False
C01474,Sneha,Levi,United Kingdom,38.0,None,OTA,2024-10-21,False
C01475,Tom,Petrova,India,40.0,Open Water,OTA,2024-10-12,False
C01476,Sarah,Schmidt,Germany,23.0,None,Referral,2024-10-22,False
C01477,Pooja,Chowdhury,Israel,54.0,None,Instagram,2024-10-19,False
C01478,Lukas,OConnor,Germany,32.0,None,OTA,2024-10-21,False
C01479,Rahul,Levi,Russia,28.0,Advanced,Instagram,2024-10-20,False
C01480,Hannah,Brown,India,54.0,None,Instagram,2024-10-23,False
C01481,Liam,Reddy,India,27.0,Advanced,Walk-in,2024-10-19,False
C01482,Sarah,Jansen,India,31.0,Open Water,Walk-in,2024-10-23,False
C01483,Tom,Desai,Germany,34.0,None,Instagram,2024-10-15,False
C01484,Elena,Cohen,Israel,32.0,Open Water,OTA,2024-10-14,False
C01485,Elena,Ivanov,India,46.0,Advanced,Unknown,2024-10-15,False
C01486,Ananya,Bakker,Germany,37.0,Advanced,Website,2024-10-19,False
C01487,Emma,Menon,India,36.0,Open Water,OTA,2024-10-20,False
C01488,Emma,Gupta,Germany,22.0,None,Unknown,2024-10-20,False
C01489,Priya,Muller,Australia,51.0,None,OTA,2024-10-23,False
C01490,Emma,Kulkarni,Russia,,None,Referral,2024-10-13,True
C01491,Emma,Petrova,India,43.0,Divemaster,Walk-in,2024-10-19,False
C01492,Pierre,Jansen,India,38.0,None,Hotel Partner,2024-10-18,False
C01493,Aarav,Muller,Russia,39.0,None,Unknown,2024-10-17,False
C01494,Olga,Patel,India,30.0,None,OTA,2024-10-21,False
C01495,Karan,Banerjee,Russia,36.0,None,Walk-in,2024-10-20,False
C01496,Siddharth,Tanaka,India,26.0,Open Water,Instagram,2024-10-22,False
C01497,Yuki,Ivanov,India,36.0,None,Website,2024-10-22,False
C01498,Lukas,Banerjee,Netherlands,24.0,Open Water,OTA,2024-10-20,False
C01499,Chloe,Kulkarni,India,23.0,Open Water,Walk-in,2024-10-21,False
C01500,Hannah,Ivanov,India,31.0,Open Water,Referral,2024-10-22,False
C01501,Aarav,Rossi,Netherlands,29.0,Advanced,Website,2024-10-18,False
C01502,Sarah,Banerjee,Italy,30.0,None,Website,2024-10-26,False
C01503,Divya,Rossi,India,,Divemaster,Instagram,2024-10-20,True
C01504,Vikram,Dubois,Germany,21.0,Rescue,Instagram,2024-10-19,False
C01505,Aditya,Park,India,50.0,None,Walk-in,2024-10-21,False
C01506,Meera,Chowdhury,France,29.0,Open Water,OTA,2024-10-24,False
C01507,Sophie,Kim,India,49.0,None,Unknown,2024-10-16,False
C01508,Priya,Muller,Italy,35.0,None,OTA,2024-10-26,False
C01509,James,Rao,India,33.0,None,Website,2024-10-19,False
C01510,Ananya,Muller,India,35.0,Rescue,Walk-in,2024-10-24,False
C01511,Divya,Kulkarni,India,,None,OTA,2024-10-21,True
C01512,Sophie,Dubois,Russia,30.0,Open Water,Instagram,2024-10-17,False
C01513,Yuki,Chowdhury,India,23.0,Open Water,Website,2024-10-17,False
C01514,Divya,Cohen,United States,30.0,Open Water,Website,2024-10-21,False
C01515,Ananya,Jansen,India,39.0,None,Unknown,2024-10-17,False
C01516,Chloe,Desai,Australia,31.0,None,Instagram,2024-10-23,False
C01517,Dmitri,Rossi,India,32.0,None,Website,2024-10-24,False
C01518,Itai,Gupta,India,33.0,None,Instagram,2024-10-23,False
C01519,Minjun,Brown,Russia,16.0,Open Water,Walk-in,2024-10-25,False
C01520,Itai,Cohen,India,25.0,None,Hotel Partner,2024-10-26,False
C01521,Karan,Chowdhury,India,19.0,None,Unknown,2024-10-26,False
C01522,Divya,Jansen,India,30.0,None,Referral,2024-10-23,False
C01523,Sophie,Chowdhury,India,36.0,None,Referral,2024-10-27,False
C01524,Elena,Smith,Italy,24.0,None,Walk-in,2024-10-26,False
C01525,Karan,Cohen,Germany,38.0,Open Water,OTA,2024-10-26,False
C01526,Sneha,Rossi,India,14.0,Open Water,OTA,2024-10-27,False
C01527,Pooja,Patel,India,45.0,Open Water,OTA,2024-10-29,False
C01528,Karan,Menon,India,32.0,Open Water,Walk-in,2024-10-24,False
C01529,Ananya,Levi,India,47.0,None,Referral,2024-10-23,False
C01530,Chloe,Sharma,Italy,33.0,None,OTA,2024-10-28,False
C01531,Sven,Sharma,Netherlands,12.0,Advanced,Hotel Partner,2024-10-22,False
C01532,Minjun,Schmidt,United Kingdom,24.0,Advanced,Walk-in,2024-10-24,False
C01533,Daniel,Park,India,12.0,Open Water,OTA,2024-10-22,False
C01534,Yuki,Nair,Israel,28.0,None,Unknown,2024-10-23,False
C01535,Tom,Banerjee,United States,38.0,Advanced,Walk-in,2024-10-29,False
C01536,Pooja,Menon,Germany,24.0,None,Hotel Partner,2024-10-25,False
C01537,Aarav,Chowdhury,India,50.0,None,Unknown,2024-10-28,False
C01538,Marco,Kim,Japan,33.0,Open Water,Walk-in,2024-10-23,False
C01539,James,Park,India,39.0,None,OTA,2024-10-31,False
C01540,Camille,Rossi,India,40.0,Open Water,Website,2024-10-22,False
C01541,Pierre,Sharma,India,41.0,Rescue,Unknown,2024-10-23,False
C01542,Noa,Tanaka,India,,Open Water,OTA,2024-10-27,True
C01543,Aarav,Kim,United States,42.0,None,Walk-in,2024-10-26,False
C01544,Sneha,Smith,Germany,37.0,None,Walk-in,2024-10-25,False
C01545,Itai,Ivanov,India,41.0,None,Instagram,2024-11-02,False
C01546,Arjun,Ivanov,India,36.0,None,OTA,2024-11-01,False
C01547,Noa,Ivanov,India,63.0,Open Water,OTA,2024-11-03,False
C01548,Elena,Rao,Germany,31.0,Open Water,Walk-in,2024-10-29,False
C01549,Siddharth,Wilson,India,26.0,None,Instagram,2024-11-01,False
C01550,Rahul,Rao,India,27.0,Open Water,Walk-in,2024-11-03,False
C01551,Kavya,Petrova,Italy,36.0,None,Referral,2024-10-28,False
C01552,Pooja,Menon,India,43.0,Advanced,Walk-in,2024-11-03,False
C01553,Emma,Bakker,Japan,30.0,None,Walk-in,2024-10-24,False
C01554,Sven,Kim,India,25.0,Open Water,OTA,2024-10-31,False
C01555,Rohan,Kulkarni,India,34.0,None,Website,2024-10-27,False
C01556,Pooja,Gupta,India,29.0,None,Hotel Partner,2024-10-29,False
C01557,Elena,Kulkarni,Netherlands,44.0,None,Walk-in,2024-10-28,False
C01558,Minjun,Chowdhury,India,,Rescue,Instagram,2024-10-25,True
C01559,Neha,Reddy,Netherlands,32.0,Open Water,Referral,2024-11-02,False
C01560,Chloe,Jansen,South Korea,39.0,Open Water,Unknown,2024-10-26,False
C01561,Ananya,Menon,India,,Advanced,Walk-in,2024-10-31,True
C01562,Aditya,Cohen,France,42.0,None,Walk-in,2024-10-30,False
C01563,Sophie,Sharma,Israel,50.0,Divemaster,Referral,2024-10-26,False
C01564,Aditya,Smith,United Kingdom,32.0,None,Referral,2024-10-26,False
C01565,Daniel,Rao,India,47.0,Open Water,Unknown,2024-11-01,False
C01566,Lukas,Taylor,Netherlands,28.0,None,Instagram,2024-11-02,False
C01567,Meera,Rossi,South Korea,,None,Referral,2024-10-27,True
C01568,Hannah,Bakker,India,32.0,Divemaster,Referral,2024-10-24,False
C01569,Tom,Tanaka,India,13.0,None,OTA,2024-11-01,False
C01570,Emma,Reddy,India,53.0,None,Walk-in,2024-10-30,False
C01571,Tom,Ivanov,Netherlands,24.0,None,Instagram,2024-10-25,False
C01572,Ravi,Levi,Israel,41.0,Open Water,OTA,2024-10-30,False
C01573,Noa,Petrova,India,30.0,None,Website,2024-10-29,False
C01574,Aarav,Petrova,India,40.0,Open Water,Walk-in,2024-10-26,False
C01575,Hannah,Chowdhury,United States,34.0,None,Referral,2024-10-25,False
C01576,Karan,Brown,Israel,39.0,Advanced,Walk-in,2024-10-27,False
C01577,Ravi,Muller,India,30.0,Open Water,Instagram,2024-10-26,False
C01578,Itai,Wilson,India,30.0,None,Website,2024-10-29,False
C01579,Ananya,Levi,Germany,19.0,Open Water,OTA,2024-10-27,False
C01580,Rohan,Cohen,India,43.0,Open Water,Walk-in,2024-11-01,False
C01581,Yuki,OConnor,South Korea,33.0,Open Water,OTA,2024-11-05,False
C01582,Rahul,Taylor,India,,None,Referral,2024-11-01,True
C01583,Ishaan,OConnor,India,,None,Website,2024-10-28,True
C01584,Ananya,Dubois,India,45.0,Advanced,Website,2024-11-02,False
C01585,Karan,Gupta,South Korea,27.0,None,Website,2024-11-05,False
C01586,Tom,Menon,India,19.0,Open Water,Walk-in,2024-10-31,False
C01587,Siddharth,Wilson,India,24.0,None,OTA,2024-10-31,False
C01588,Yuki,Levi,Germany,14.0,Open Water,Walk-in,2024-10-31,False
C01589,Divya,Tanaka,Netherlands,29.0,None,Website,2024-11-04,False
C01590,Itai,Sharma,France,48.0,None,Website,2024-10-30,False
C01591,Rahul,Iyer,Germany,38.0,None,Instagram,2024-11-05,False
C01592,Divya,Rao,Australia,41.0,None,OTA,2024-10-31,False
C01593,Olga,OConnor,India,19.0,None,Unknown,2024-11-07,False
C01594,Sven,Patel,India,,Advanced,Website,2024-11-02,True
C01595,Siddharth,Bakker,India,23.0,Open Water,Instagram,2024-11-01,False
C01596,Aarav,Cohen,India,31.0,Open Water,OTA,2024-11-01,False
C01597,Ananya,Chowdhury,India,38.0,None,Walk-in,2024-11-07,False
C01598,Emma,Iyer,Netherlands,42.0,Rescue,Website,2024-10-29,False
C01599,Siddharth,Brown,India,28.0,None,OTA,2024-10-30,False
C01600,James,Rao,United States,49.0,None,Walk-in,2024-10-29,False
C01601,Meera,Ivanov,Australia,26.0,Open Water,Instagram,2024-11-07,False
C01602,Liam,Reddy,India,35.0,Open Water,Walk-in,2024-10-29,False
C01603,Neha,Petrova,India,36.0,None,Website,2024-11-08,False
C01604,Emma,Gupta,Netherlands,34.0,Advanced,Instagram,2024-10-29,False
C01605,Pooja,Bakker,United Kingdom,45.0,None,Walk-in,2024-11-08,False
C01606,Olga,Tanaka,United States,32.0,Divemaster,OTA,2024-11-04,False
C01607,Meera,Schmidt,Italy,41.0,Advanced,Instagram,2024-11-05,False
C01608,Neha,Menon,Israel,41.0,None,Hotel Partner,2024-11-02,False
C01609,Dmitri,Desai,India,,None,Instagram,2024-10-30,True
C01610,Sven,Bakker,Germany,33.0,Open Water,Hotel Partner,2024-11-04,False
C01611,Ravi,Levi,Russia,49.0,Open Water,Referral,2024-11-08,False
C01612,Noa,Reddy,Germany,24.0,Open Water,Walk-in,2024-11-08,False
C01613,Aarav,Petrova,India,43.0,Open Water,Referral,2024-11-03,False
C01614,Tom,Cohen,India,44.0,Open Water,Website,2024-11-09,False
C01615,Elena,Kulkarni,South Korea,,None,Hotel Partner,2024-11-01,True
C01616,Lukas,Jansen,Germany,37.0,Divemaster,OTA,2024-11-07,False
C01617,Noa,Cohen,India,38.0,Open Water,Website,2024-11-02,False
C01618,Minjun,Patel,India,50.0,None,Website,2024-11-05,False
C01619,Arjun,Park,United Kingdom,43.0,None,Instagram,2024-11-07,False
C01620,Marco,Rossi,India,17.0,None,OTA,2024-11-01,False
C01621,Liam,Kulkarni,India,31.0,None,Website,2024-11-03,False
C01622,Minjun,Muller,India,,None,Referral,2024-11-02,True
C01623,Priya,Bakker,United Kingdom,38.0,None,Referral,2024-11-03,False
C01624,Aditya,Petrova,India,54.0,None,Instagram,2024-11-07,False
C01625,Chloe,Bakker,India,35.0,None,Unknown,2024-11-10,False
C01626,Arjun,Brown,India,27.0,None,Walk-in,2024-11-07,False
C01627,Arjun,Sharma,Australia,,Open Water,Instagram,2024-11-03,True
C01628,Vikram,Park,United Kingdom,33.0,None,Walk-in,2024-11-06,False
C01629,Dmitri,Desai,India,28.0,None,Hotel Partner,2024-11-10,False
C01630,Ravi,Smith,India,33.0,Open Water,Walk-in,2024-11-09,False
C01631,Ishaan,Taylor,India,42.0,None,OTA,2024-11-04,False
C01632,Minjun,Nair,Japan,37.0,None,OTA,2024-11-01,False
C01633,Ravi,Jansen,United Kingdom,38.0,Open Water,Referral,2024-11-11,False
C01634,Sarah,Gupta,India,39.0,Open Water,Referral,2024-11-07,False
C01635,Lukas,Brown,Australia,44.0,Open Water,OTA,2024-11-03,False
C01636,Hannah,Kim,Netherlands,34.0,Advanced,OTA,2024-11-09,False
C01637,Ishaan,Dubois,France,51.0,Open Water,Walk-in,2024-11-09,False
C01638,Vikram,Rao,Israel,29.0,Open Water,Walk-in,2024-11-04,False
C01639,Karan,Dubois,India,37.0,Advanced,Website,2024-11-02,False
C01640,Divya,Brown,Australia,31.0,None,Instagram,2024-11-12,False
C01641,Ravi,Taylor,India,61.0,Open Water,Instagram,2024-11-11,False
C01642,Sarah,Dubois,Germany,21.0,Advanced,OTA,2024-11-08,False
C01643,Emma,Rao,United States,37.0,Advanced,Walk-in,2024-11-06,False
C01644,Siddharth,Ivanov,France,,None,OTA,2024-11-13,True
C01645,Anouk,Schmidt,India,29.0,Open Water,Unknown,2024-11-07,False
C01646,Rahul,Kim,France,45.0,Rescue,Website,2024-11-11,False
C01647,Pierre,Chowdhury,Russia,42.0,None,OTA,2024-11-06,False
C01648,Minjun,Rossi,Israel,46.0,None,Hotel Partner,2024-11-08,False
C01649,Pooja,Park,India,27.0,Open Water,Website,2024-11-13,False
C01650,Marco,Jansen,Germany,17.0,None,Website,2024-11-10,False
C01651,Hannah,Sharma,India,51.0,Open Water,OTA,2024-11-14,False
C01652,James,Schmidt,India,40.0,None,OTA,2024-11-11,False
C01653,Vikram,Dubois,France,,None,OTA,2024-11-14,True
C01654,Pooja,Iyer,India,25.0,None,Walk-in,2024-11-05,False
C01655,Dmitri,Ivanov,India,36.0,None,Walk-in,2024-11-12,False
C01656,Pierre,Banerjee,France,33.0,Open Water,Walk-in,2024-11-14,False
C01657,Vikram,Chowdhury,India,,Open Water,Hotel Partner,2024-11-09,True
C01658,Hannah,Kim,India,35.0,Rescue,Website,2024-11-10,False
C01659,Rohan,Bakker,India,36.0,Divemaster,Hotel Partner,2024-11-08,False
C01660,Kavya,Kim,United Kingdom,12.0,Advanced,Referral,2024-11-11,False
C01661,Aarav,Brown,Israel,39.0,None,Instagram,2024-11-12,False
C01662,Sarah,Schmidt,India,30.0,None,Referral,2024-11-09,False
C01663,Sneha,Reddy,India,31.0,Open Water,OTA,2024-11-04,False
C01664,Daniel,Gupta,Russia,,Open Water,Referral,2024-11-08,True
C01665,Kavya,Rao,Netherlands,17.0,None,Referral,2024-11-12,False
C01666,Priya,Jansen,India,37.0,Open Water,Instagram,2024-11-10,False
C01667,Pierre,Jansen,India,34.0,Open Water,Unknown,2024-11-07,False
C01668,Olga,Tanaka,India,39.0,None,Website,2024-11-11,False
C01669,Ravi,Wilson,United Kingdom,21.0,Open Water,Walk-in,2024-11-12,False
C01670,Aditya,Levi,India,60.0,Open Water,Website,2024-11-11,False
C01671,Liam,Schmidt,United States,34.0,Advanced,Website,2024-11-11,False
C01672,Daniel,Gupta,India,28.0,Open Water,Referral,2024-11-11,False
C01673,Dmitri,Brown,France,13.0,Open Water,OTA,2024-11-13,False
C01674,Karan,Rossi,India,34.0,Advanced,Referral,2024-11-06,False
C01675,Neha,Desai,Netherlands,40.0,Open Water,Hotel Partner,2024-11-10,False
C01676,Noa,Petrova,Israel,23.0,None,OTA,2024-11-09,False
C01677,Pierre,Park,Australia,31.0,Open Water,Walk-in,2024-11-07,False
C01678,Tom,Menon,United States,52.0,Advanced,Walk-in,2024-11-08,False
C01679,Yuki,Taylor,India,20.0,Open Water,Website,2024-11-11,False
C01680,Rohan,Sharma,Israel,30.0,None,Hotel Partner,2024-11-15,False
C01681,Ravi,Petrova,India,40.0,Open Water,Instagram,2024-11-08,False
C01682,Sven,Levi,India,39.0,Open Water,Unknown,2024-11-15,False
C01683,Rohan,Schmidt,India,40.0,None,Walk-in,2024-11-12,False
C01684,Priya,Petrova,United States,27.0,None,Walk-in,2024-11-07,False
C01685,James,Tanaka,India,35.0,None,Walk-in,2024-11-07,False
C01686,Ananya,Petrova,India,45.0,None,Website,2024-11-08,False
C01687,Siddharth,Taylor,India,25.0,Open Water,Website,2024-11-17,False
C01688,Emma,Desai,Russia,41.0,Open Water,Instagram,2024-11-15,False
C01689,Sophie,Menon,India,30.0,Open Water,OTA,2024-11-17,False
C01690,Noa,Kulkarni,India,33.0,Open Water,Referral,2024-11-15,False
C01691,Arjun,Dubois,Netherlands,27.0,None,Referral,2024-11-13,False
C01692,Ravi,Chowdhury,India,16.0,Advanced,OTA,2024-11-14,False
C01693,Aditya,Schmidt,France,45.0,None,Website,2024-11-08,False
C01694,Minjun,Iyer,Netherlands,30.0,None,Website,2024-11-10,False
C01695,Arjun,Muller,India,30.0,Open Water,Walk-in,2024-11-12,False
C01696,Daniel,Tanaka,Japan,44.0,Open Water,Referral,2024-11-14,False
C01697,Liam,Bakker,United States,43.0,None,OTA,2024-11-18,False
C01698,Dmitri,Jansen,India,,None,Unknown,2024-11-14,True
C01699,Arjun,Smith,India,42.0,None,Walk-in,2024-11-13,False
C01700,Priya,Wilson,United Kingdom,40.0,Open Water,Referral,2024-11-18,False
C01701,Dmitri,Levi,India,37.0,None,Referral,2024-11-12,False
C01702,Tom,Muller,India,45.0,Open Water,Hotel Partner,2024-11-14,False
C01703,Yuki,Banerjee,Italy,29.0,Open Water,OTA,2024-11-14,False
C01704,Chloe,Kulkarni,United Kingdom,27.0,Open Water,Walk-in,2024-11-17,False
C01705,Aarav,Nair,India,27.0,None,Unknown,2024-11-13,False
C01706,Itai,Banerjee,India,35.0,Advanced,Walk-in,2024-11-14,False
C01707,Karan,Petrova,India,37.0,None,Website,2024-11-14,False
C01708,Daniel,Iyer,India,,None,Hotel Partner,2024-11-09,True
C01709,Tom,Muller,Italy,35.0,Open Water,Walk-in,2024-11-14,False
C01710,Aarav,Patel,India,47.0,Open Water,Referral,2024-11-16,False
C01711,Minjun,Kim,United States,41.0,Advanced,Website,2024-11-17,False
C01712,Ravi,Gupta,Germany,20.0,None,OTA,2024-11-11,False
C01713,Aarav,Petrova,India,29.0,None,Walk-in,2024-11-20,False
C01714,Hannah,Gupta,Russia,33.0,None,Walk-in,2024-11-17,False
C01715,Divya,Sharma,India,27.0,None,OTA,2024-11-14,False
C01716,Pooja,Rao,United Kingdom,44.0,None,Walk-in,2024-11-13,False
C01717,Siddharth,Patel,India,35.0,Open Water,OTA,2024-11-14,False
C01718,Sneha,Ivanov,Italy,35.0,None,Website,2024-11-21,False
C01719,Liam,Park,South Korea,31.0,Open Water,Walk-in,2024-11-16,False
C01720,Kavya,Petrova,India,28.0,None,Website,2024-11-13,False
C01721,Ravi,Ivanov,Germany,26.0,None,Instagram,2024-11-19,False
C01722,Yuki,Schmidt,India,20.0,None,OTA,2024-11-14,False
C01723,Aarav,Menon,Japan,39.0,Advanced,Instagram,2024-11-20,False
C01724,Minjun,Nair,Italy,25.0,None,Walk-in,2024-11-19,False
C01725,Rohan,Brown,South Korea,36.0,None,OTA,2024-11-13,False
C01726,Hannah,Tanaka,India,47.0,None,Instagram,2024-11-13,False
C01727,Sven,Taylor,Netherlands,30.0,Open Water,Unknown,2024-11-15,False
C01728,Sophie,Petrova,India,46.0,Open Water,Website,2024-11-15,False
C01729,Hannah,Sharma,India,,None,Hotel Partner,2024-11-18,True
C01730,Ananya,Rossi,India,35.0,None,Referral,2024-11-20,False
C01731,Hannah,Levi,India,39.0,Advanced,OTA,2024-11-19,False
C01732,Emma,Wilson,Russia,31.0,Open Water,Website,2024-11-16,False
C01733,Elena,Desai,South Korea,30.0,Open Water,OTA,2024-11-22,False
C01734,Minjun,Dubois,India,37.0,Advanced,Website,2024-11-20,False
C01735,Meera,Sharma,India,31.0,None,Hotel Partner,2024-11-15,False
C01736,Chloe,Kim,South Korea,35.0,Advanced,Referral,2024-11-14,False
C01737,Olga,Banerjee,India,26.0,Open Water,Walk-in,2024-11-13,False
C01738,Elena,Muller,India,,Open Water,OTA,2024-11-19,True
C01739,Sophie,Schmidt,India,,Open Water,Instagram,2024-11-13,True
C01740,Camille,Dubois,India,31.0,None,Hotel Partner,2024-11-15,False
C01741,Tom,Petrova,India,28.0,None,Walk-in,2024-11-18,False
C01742,Minjun,Gupta,Israel,,Rescue,Unknown,2024-11-15,True
C01743,Yuki,Muller,India,49.0,None,Hotel Partner,2024-11-18,False
C01744,James,Iyer,India,18.0,Open Water,Website,2024-11-15,False
C01745,Yuki,Muller,India,29.0,Open Water,Website,2024-11-16,False
C01746,Sneha,Dubois,India,38.0,None,Instagram,2024-11-15,False
C01747,Olga,Iyer,India,14.0,Rescue,Walk-in,2024-11-16,False
C01748,Marco,Smith,United Kingdom,34.0,None,OTA,2024-11-20,False
C01749,James,Banerjee,India,27.0,Advanced,OTA,2024-11-25,False
C01750,Tom,Tanaka,India,39.0,Open Water,Walk-in,2024-11-17,False
C01751,Lukas,Rossi,India,22.0,None,OTA,2024-11-23,False
C01752,Minjun,Desai,Italy,23.0,None,Unknown,2024-11-21,False
C01753,Tom,Brown,India,30.0,Open Water,Walk-in,2024-11-24,False
C01754,Olga,Chowdhury,India,27.0,None,OTA,2024-11-24,False
C01755,James,Brown,India,38.0,Open Water,Instagram,2024-11-21,False
C01756,Neha,Tanaka,Israel,43.0,Open Water,Walk-in,2024-11-22,False
C01757,Sven,Kulkarni,India,31.0,None,Walk-in,2024-11-27,False
C01758,Sarah,Wilson,Netherlands,27.0,Open Water,Walk-in,2024-11-19,False
C01759,Neha,Kulkarni,Italy,26.0,Open Water,Website,2024-11-24,False
C01760,Sven,OConnor,India,32.0,None,Walk-in,2024-11-21,False
C01761,Tom,Taylor,India,25.0,Divemaster,Walk-in,2024-11-18,False
C01762,Pierre,Desai,Israel,44.0,None,OTA,2024-11-24,False
C01763,Ishaan,Brown,India,31.0,Advanced,Walk-in,2024-11-19,False
C01764,Kavya,Kulkarni,India,37.0,Open Water,Hotel Partner,2024-11-18,False
C01765,Noa,Nair,Japan,44.0,Advanced,Website,2024-11-22,False
C01766,Divya,Tanaka,United Kingdom,24.0,Rescue,Walk-in,2024-11-22,False
C01767,Olga,OConnor,India,35.0,Rescue,OTA,2024-11-24,False
C01768,Karan,Cohen,India,34.0,None,OTA,2024-11-17,False
C01769,Sarah,Desai,India,,None,Walk-in,2024-11-25,True
C01770,Arjun,Park,United States,44.0,Advanced,Walk-in,2024-11-18,False
C01771,Marco,Patel,India,,Divemaster,Walk-in,2024-11-21,True
C01772,Kavya,Kulkarni,France,33.0,None,OTA,2024-11-18,False
C01773,Neha,Chowdhury,United States,47.0,None,Referral,2024-11-25,False
C01774,Meera,Chowdhury,Netherlands,54.0,Open Water,Website,2024-11-18,False
C01775,Sven,Kulkarni,Japan,,Advanced,Referral,2024-11-21,True
C01776,Daniel,Muller,India,29.0,None,OTA,2024-11-22,False
C01777,Priya,Banerjee,India,33.0,None,OTA,2024-11-19,False
C01778,Karan,Iyer,India,33.0,Open Water,Walk-in,2024-11-26,False
C01779,Rahul,Menon,Germany,47.0,Rescue,Walk-in,2024-11-20,False
C01780,Pooja,Kulkarni,India,28.0,Advanced,Referral,2024-11-19,False
C01781,Sneha,Banerjee,Netherlands,37.0,Open Water,Hotel Partner,2024-11-22,False
C01782,Divya,Patel,India,23.0,None,Referral,2024-11-26,False
C01783,Arjun,Rao,India,35.0,Open Water,Website,2024-11-26,False
C01784,Noa,Banerjee,South Korea,21.0,Open Water,Referral,2024-11-25,False
C01785,Sarah,Smith,India,42.0,Open Water,Walk-in,2024-11-24,False
C01786,Lukas,OConnor,Russia,41.0,Advanced,OTA,2024-11-24,False
C01787,Noa,Desai,India,38.0,Advanced,Hotel Partner,2024-11-22,False
C01788,Sven,Gupta,Israel,24.0,Open Water,Unknown,2024-11-30,False
C01789,Itai,Sharma,India,12.0,None,Referral,2024-11-29,False
C01790,James,Iyer,India,35.0,None,Website,2024-11-30,False
C01791,Ishaan,Cohen,India,32.0,None,Instagram,2024-11-24,False
C01792,Divya,Desai,India,42.0,None,Instagram,2024-11-27,False
C01793,Dmitri,Kulkarni,India,41.0,None,Instagram,2024-11-26,False
C01794,Tom,Wilson,India,31.0,None,OTA,2024-11-22,False
C01795,Rahul,Tanaka,India,26.0,Advanced,Walk-in,2024-11-30,False
C01796,Tom,Nair,India,13.0,Advanced,Hotel Partner,2024-11-30,False
C01797,Tom,Kulkarni,Germany,49.0,Advanced,Hotel Partner,2024-11-27,False
C01798,Aarav,Gupta,India,33.0,Open Water,Instagram,2024-11-29,False
C01799,Rahul,Chowdhury,India,21.0,Rescue,Website,2024-11-23,False
C01800,Itai,Cohen,India,,Open Water,Unknown,2024-11-30,True
C01801,Noa,Sharma,India,44.0,Open Water,Website,2024-12-01,False
C01802,Siddharth,Brown,India,20.0,None,Instagram,2024-11-25,False
C01803,Divya,Menon,India,32.0,None,OTA,2024-11-24,False
C01804,Rahul,Chowdhury,Australia,41.0,None,Walk-in,2024-11-23,False
C01805,Aditya,Menon,India,23.0,Open Water,Referral,2024-11-26,False
C01806,Ananya,Dubois,India,25.0,Open Water,Walk-in,2024-11-24,False
C01807,Sarah,Bakker,India,43.0,None,Website,2024-11-25,False
C01808,Noa,Dubois,India,57.0,Open Water,OTA,2024-11-29,False
C01809,Itai,Nair,Australia,,None,OTA,2024-11-25,True
C01810,Kavya,Petrova,India,31.0,Advanced,Hotel Partner,2024-11-29,False
C01811,Sneha,Desai,Israel,29.0,Advanced,Instagram,2024-11-26,False
C01812,Divya,Kulkarni,Italy,31.0,None,Walk-in,2024-11-29,False
C01813,Anouk,Bakker,India,41.0,Open Water,Instagram,2024-12-01,False
C01814,Ravi,Dubois,India,26.0,None,Hotel Partner,2024-11-23,False
C01815,Dmitri,Kulkarni,India,31.0,Open Water,Unknown,2024-11-27,False
C01816,Dmitri,Smith,India,32.0,Open Water,Referral,2024-11-25,False
C01817,Divya,Chowdhury,France,27.0,None,OTA,2024-12-02,False
C01818,Itai,Brown,India,37.0,Open Water,Unknown,2024-12-01,False
C01819,Ravi,Smith,India,43.0,None,Website,2024-11-26,False
C01820,Elena,Reddy,India,32.0,Rescue,Website,2024-11-23,False
C01821,Pooja,Iyer,India,30.0,None,Website,2024-12-01,False
C01822,Liam,Patel,India,29.0,None,Walk-in,2024-11-24,False
C01823,Noa,OConnor,India,40.0,Advanced,Walk-in,2024-12-01,False
C01824,Sarah,Brown,United Kingdom,12.0,Open Water,Walk-in,2024-12-03,False
C01825,Hannah,Chowdhury,India,36.0,Open Water,Referral,2024-12-03,False
C01826,Hannah,Ivanov,India,30.0,Advanced,Walk-in,2024-11-30,False
C01827,Sneha,Petrova,Japan,28.0,None,Walk-in,2024-12-03,False
C01828,Sarah,Gupta,United States,38.0,Open Water,OTA,2024-11-25,False
C01829,Marco,Gupta,India,39.0,Open Water,Instagram,2024-11-29,False
C01830,Pooja,Park,United Kingdom,52.0,Divemaster,Hotel Partner,2024-12-03,False
C01831,Emma,Petrova,India,38.0,None,Instagram,2024-12-03,False
C01832,Ananya,Schmidt,United Kingdom,39.0,None,OTA,2024-12-01,False
C01833,Kavya,Taylor,Israel,46.0,None,Website,2024-11-25,False
C01834,Pierre,Chowdhury,United Kingdom,,Open Water,Referral,2024-12-03,True
C01835,Sophie,Dubois,India,24.0,Advanced,Instagram,2024-12-02,False
C01836,Divya,Banerjee,Japan,24.0,Open Water,Walk-in,2024-11-29,False
C01837,Daniel,Chowdhury,Israel,15.0,Open Water,Unknown,2024-12-02,False
C01838,Rohan,Menon,India,30.0,None,Referral,2024-11-26,False
C01839,Priya,Petrova,India,28.0,Open Water,Walk-in,2024-12-05,False
C01840,Karan,Brown,India,36.0,None,Walk-in,2024-12-04,False
C01841,Camille,Menon,Israel,48.0,None,Walk-in,2024-11-30,False
C01842,Chloe,Taylor,India,27.0,None,Unknown,2024-11-26,False
C01843,Hannah,Park,India,40.0,None,OTA,2024-11-29,False
C01844,Priya,Patel,India,33.0,Open Water,Walk-in,2024-12-03,False
C01845,Marco,Park,India,39.0,Open Water,Instagram,2024-11-30,False
C01846,Kavya,OConnor,Russia,36.0,Open Water,Instagram,2024-11-30,False
C01847,Arjun,Bakker,France,29.0,Open Water,Hotel Partner,2024-11-27,False
C01848,Sarah,Wilson,Netherlands,24.0,None,Walk-in,2024-12-05,False
C01849,Anouk,Rossi,India,,None,Website,2024-12-05,True
C01850,Emma,Bakker,United Kingdom,40.0,Advanced,Hotel Partner,2024-12-05,False
C01851,Olga,Tanaka,India,18.0,None,OTA,2024-11-26,False
C01852,Neha,Reddy,India,39.0,Rescue,Walk-in,2024-12-04,False
C01853,Siddharth,Dubois,Netherlands,31.0,None,Walk-in,2024-11-30,False
C01854,Daniel,Nair,United Kingdom,32.0,None,Website,2024-12-02,False
C01855,Pierre,Kim,Russia,23.0,None,Hotel Partner,2024-12-04,False
C01856,Liam,Kim,Russia,31.0,Open Water,Hotel Partner,2024-12-03,False
C01857,Marco,Taylor,Russia,40.0,None,Hotel Partner,2024-11-26,False
C01858,Aditya,Reddy,India,37.0,None,Walk-in,2024-11-30,False
C01859,Camille,Nair,India,26.0,None,Referral,2024-12-02,False
C01860,Itai,Levi,India,43.0,Open Water,Hotel Partner,2024-11-27,False
C01861,Noa,Chowdhury,India,,Open Water,OTA,2024-12-07,True
C01862,Camille,Rossi,India,30.0,Advanced,Unknown,2024-11-30,False
C01863,Daniel,Wilson,India,22.0,None,Walk-in,2024-12-06,False
C01864,Chloe,Patel,India,46.0,Open Water,Hotel Partner,2024-12-05,False
C01865,Hannah,Kulkarni,India,,None,Walk-in,2024-12-06,True
C01866,Divya,Schmidt,India,48.0,None,Walk-in,2024-11-27,False
C01867,Elena,Wilson,India,24.0,None,Walk-in,2024-12-04,False
C01868,Sven,Brown,India,39.0,Open Water,Walk-in,2024-12-03,False
C01869,Sven,OConnor,India,,None,Unknown,2024-11-28,True
C01870,Itai,OConnor,India,40.0,None,Unknown,2024-12-03,False
C01871,Anouk,Iyer,Italy,19.0,Advanced,Unknown,2024-12-05,False
C01872,Liam,Kulkarni,India,35.0,Rescue,Referral,2024-12-01,False
C01873,Daniel,Nair,Netherlands,27.0,Advanced,OTA,2024-12-07,False
C01874,Rahul,Bakker,India,32.0,None,Walk-in,2024-11-29,False
C01875,Ishaan,Smith,India,29.0,Advanced,Website,2024-12-01,False
C01876,Emma,Cohen,India,,Open Water,Instagram,2024-12-04,True
C01877,Sven,Kulkarni,India,31.0,Advanced,Hotel Partner,2024-11-29,False
C01878,James,Chowdhury,Italy,33.0,None,Instagram,2024-12-08,False
C01879,Liam,Taylor,India,17.0,None,Instagram,2024-12-01,False
C01880,Daniel,Banerjee,India,12.0,None,Walk-in,2024-12-01,False
C01881,Sophie,Nair,Japan,43.0,Open Water,Instagram,2024-12-05,False
C01882,Olga,Patel,India,21.0,None,Walk-in,2024-12-04,False
C01883,Daniel,OConnor,India,28.0,None,Referral,2024-12-05,False
C01884,Neha,Jansen,India,,None,Unknown,2024-11-29,True
C01885,Neha,Schmidt,Russia,40.0,None,OTA,2024-12-07,False
C01886,Pierre,Nair,India,39.0,Open Water,Website,2024-12-03,False
C01887,Sven,Desai,South Korea,33.0,Open Water,OTA,2024-12-04,False
C01888,Divya,OConnor,United Kingdom,21.0,None,Website,2024-12-02,False
C01889,Ishaan,Jansen,India,,None,Referral,2024-12-02,True
C01890,Anouk,Brown,India,31.0,Open Water,OTA,2024-12-09,False
C01891,Neha,Levi,India,28.0,None,Walk-in,2024-12-04,False
C01892,Tom,Petrova,France,38.0,None,OTA,2024-12-06,False
C01893,James,Brown,Japan,,Open Water,Referral,2024-12-10,True
C01894,Chloe,OConnor,India,32.0,Advanced,Instagram,2024-12-01,False
C01895,Neha,Cohen,Russia,30.0,None,Website,2024-12-06,False
C01896,Sarah,Desai,India,35.0,Open Water,Referral,2024-12-01,False
C01897,Sven,Rao,India,36.0,Advanced,Hotel Partner,2024-12-04,False
C01898,Karan,Brown,Italy,43.0,Advanced,Referral,2024-12-06,False
C01899,Ravi,Jansen,India,43.0,None,Unknown,2024-12-02,False
C01900,Yuki,Patel,India,38.0,Advanced,OTA,2024-12-04,False
C01901,Sophie,Tanaka,France,29.0,Advanced,Instagram,2024-12-01,False
C01902,Sophie,Rossi,India,61.0,None,OTA,2024-12-08,False
C01903,Chloe,Tanaka,India,40.0,None,Hotel Partner,2024-12-09,False
C01904,Noa,Sharma,India,38.0,None,Walk-in,2024-12-07,False
C01905,Emma,Gupta,Russia,40.0,Advanced,Walk-in,2024-12-08,False
C01906,Emma,Chowdhury,India,16.0,Open Water,Instagram,2024-12-06,False
C01907,Emma,Rao,Israel,59.0,None,Walk-in,2024-12-06,False
C01908,James,Cohen,India,34.0,None,Hotel Partner,2024-12-08,False
C01909,Minjun,Ivanov,India,40.0,None,Hotel Partner,2024-12-04,False
C01910,Sneha,Dubois,Netherlands,39.0,None,Hotel Partner,2024-12-08,False
C01911,Ishaan,OConnor,India,23.0,None,Referral,2024-12-06,False
C01912,Neha,Dubois,India,41.0,Open Water,Website,2024-12-04,False
C01913,Itai,Muller,India,23.0,None,Website,2024-12-07,False
C01914,Emma,Levi,India,24.0,Open Water,Website,2024-12-05,False
C01915,Sneha,Jansen,India,22.0,None,Website,2024-12-09,False
C01916,Aditya,Nair,Germany,,Advanced,Referral,2024-12-03,True
C01917,Tom,Dubois,India,31.0,None,Hotel Partner,2024-12-05,False
C01918,Neha,Bakker,India,25.0,None,Walk-in,2024-12-11,False
C01919,Tom,Kim,Netherlands,33.0,Open Water,Referral,2024-12-04,False
C01920,Sneha,Chowdhury,Russia,,Open Water,Referral,2024-12-03,True
C01921,Lukas,Nair,India,48.0,Advanced,Walk-in,2024-12-04,False
C01922,Olga,Iyer,India,44.0,None,Website,2024-12-12,False
C01923,Noa,Rossi,Israel,37.0,None,OTA,2024-12-05,False
C01924,Meera,Muller,India,41.0,Rescue,Referral,2024-12-05,False
C01925,Sneha,Smith,India,34.0,None,OTA,2024-12-06,False
C01926,Aditya,Gupta,Israel,37.0,None,Hotel Partner,2024-12-06,False
C01927,Sneha,Muller,India,,Open Water,Referral,2024-12-13,True
C01928,Sophie,Levi,India,31.0,None,Walk-in,2024-12-07,False
C01929,Olga,Nair,Russia,41.0,Open Water,Instagram,2024-12-12,False
C01930,Ishaan,Schmidt,India,,Open Water,Hotel Partner,2024-12-10,True
C01931,Camille,Banerjee,Israel,31.0,None,Walk-in,2024-12-11,False
C01932,Neha,Jansen,Netherlands,,Divemaster,Unknown,2024-12-12,True
C01933,Pierre,OConnor,France,30.0,Advanced,OTA,2024-12-03,False
C01934,Yuki,Rao,United Kingdom,31.0,Open Water,Hotel Partner,2024-12-11,False
C01935,Sophie,Ivanov,India,31.0,None,Walk-in,2024-12-07,False
C01936,Yuki,Desai,United States,36.0,Advanced,Instagram,2024-12-08,False
C01937,Rahul,Rossi,Italy,42.0,Open Water,Instagram,2024-12-05,False
C01938,Hannah,Dubois,Italy,25.0,None,Instagram,2024-12-04,False
C01939,Ishaan,Jansen,France,34.0,Advanced,Referral,2024-12-07,False
C01940,Neha,Muller,Israel,37.0,Open Water,Walk-in,2024-12-04,False
C01941,Noa,Wilson,India,33.0,None,Referral,2024-12-06,False
C01942,Pooja,Jansen,India,35.0,Open Water,OTA,2024-12-09,False
C01943,Sven,Nair,India,18.0,Open Water,Unknown,2024-12-09,False
C01944,Marco,Nair,Russia,34.0,None,Referral,2024-12-12,False
C01945,Olga,Levi,India,39.0,Rescue,Referral,2024-12-04,False
C01946,James,Levi,Israel,47.0,Open Water,Instagram,2024-12-14,False
C01947,Lukas,Desai,India,33.0,Open Water,OTA,2024-12-08,False
C01948,Meera,Cohen,India,42.0,Open Water,OTA,2024-12-11,False
C01949,Sven,Muller,United States,19.0,Open Water,Website,2024-12-11,False
C01950,James,Rao,India,17.0,Open Water,Walk-in,2024-12-09,False
C01951,Sarah,Cohen,India,32.0,Open Water,OTA,2024-12-04,False
C01952,Sneha,Rao,Russia,47.0,None,Instagram,2024-12-08,False
C01953,Dmitri,Brown,Israel,44.0,None,Walk-in,2024-12-05,False
C01954,Elena,Sharma,Germany,24.0,None,Instagram,2024-12-06,False
C01955,Liam,Cohen,India,55.0,None,Walk-in,2024-12-07,False
C01956,Rahul,Wilson,Germany,40.0,Open Water,Hotel Partner,2024-12-10,False
C01957,Itai,Ivanov,India,36.0,None,Walk-in,2024-12-09,False
C01958,Siddharth,Muller,India,39.0,None,Instagram,2024-12-14,False
C01959,Ishaan,Muller,Israel,24.0,Open Water,OTA,2024-12-14,False
C01960,Olga,Jansen,Australia,46.0,None,Website,2024-12-14,False
C01961,Siddharth,Schmidt,United States,18.0,Open Water,Unknown,2024-12-12,False
C01962,Pierre,Tanaka,India,47.0,None,Website,2024-12-09,False
C01963,Anouk,Kulkarni,India,36.0,None,OTA,2024-12-11,False
C01964,Ravi,Taylor,United Kingdom,42.0,Advanced,Referral,2024-12-09,False
C01965,Minjun,Menon,United Kingdom,33.0,None,Walk-in,2024-12-15,False
C01966,Yuki,Chowdhury,India,43.0,Open Water,Website,2024-12-11,False
C01967,Aarav,Smith,Germany,46.0,None,Walk-in,2024-12-13,False
C01968,Pierre,Nair,United Kingdom,42.0,Open Water,Referral,2024-12-13,False
C01969,Hannah,Gupta,India,16.0,Advanced,Walk-in,2024-12-09,False
C01970,Liam,Sharma,Israel,35.0,Open Water,OTA,2024-12-09,False
C01971,Lukas,Muller,India,,Open Water,OTA,2024-12-15,True
C01972,Neha,Kulkarni,India,22.0,None,Walk-in,2024-12-14,False
C01973,Minjun,Cohen,India,27.0,None,Instagram,2024-12-13,False
C01974,Aditya,Gupta,India,29.0,Advanced,OTA,2024-12-08,False
C01975,Rohan,Ivanov,India,30.0,None,OTA,2024-12-10,False
C01976,Daniel,Chowdhury,India,22.0,None,OTA,2024-12-12,False
C01977,Ishaan,Ivanov,Netherlands,48.0,Open Water,OTA,2024-12-08,False
C01978,Neha,Cohen,India,30.0,None,Hotel Partner,2024-12-11,False
C01979,Priya,Banerjee,Israel,34.0,Open Water,Walk-in,2024-12-09,False
C01980,Vikram,Smith,India,33.0,None,Unknown,2024-12-13,False
C01981,Divya,Patel,India,32.0,Advanced,OTA,2024-12-14,False
C01982,Lukas,Rossi,India,36.0,Advanced,Instagram,2024-12-15,False
C01983,Rahul,Schmidt,India,33.0,None,Hotel Partner,2024-12-18,False
C01984,Dmitri,Jansen,India,20.0,Open Water,Instagram,2024-12-14,False
C01985,Ishaan,Ivanov,Japan,,None,Walk-in,2024-12-12,True
C01986,Emma,Desai,India,20.0,Open Water,Walk-in,2024-12-09,False
C01987,Daniel,Smith,India,43.0,None,Website,2024-12-14,False
C01988,Pierre,Park,India,45.0,Open Water,Hotel Partner,2024-12-15,False
C01989,Camille,Ivanov,India,51.0,None,Website,2024-12-14,False
C01990,Lukas,OConnor,India,42.0,None,OTA,2024-12-17,False
C01991,Sven,Kim,Japan,23.0,None,Unknown,2024-12-13,False
C01992,Neha,Petrova,Netherlands,24.0,None,Website,2024-12-18,False
C01993,Sven,Wilson,India,42.0,Rescue,Website,2024-12-17,False
C01994,Liam,Patel,Israel,33.0,Advanced,Referral,2024-12-18,False
C01995,Pierre,Dubois,India,17.0,None,Website,2024-12-12,False
C01996,Sophie,Banerjee,India,23.0,None,Hotel Partner,2024-12-08,False
C01997,Vikram,Schmidt,India,31.0,None,Referral,2024-12-11,False
C01998,Daniel,Dubois,India,35.0,Open Water,Instagram,2024-12-14,False
C01999,Itai,Gupta,India,24.0,None,Instagram,2024-12-10,False
C02000,Chloe,Muller,India,47.0,Advanced,Website,2024-12-10,False
C02001,Olga,Levi,United Kingdom,41.0,None,Walk-in,2024-12-13,False
C02002,Olga,Cohen,France,26.0,Advanced,Walk-in,2024-12-17,False
C02003,Sarah,Kim,India,12.0,None,OTA,2024-12-10,False
C02004,Neha,Reddy,Australia,27.0,None,Website,2024-12-14,False
C02005,Yuki,Kim,Japan,34.0,None,Walk-in,2024-12-16,False
C02006,Rohan,Kulkarni,India,33.0,Open Water,Walk-in,2024-12-18,False
C02007,Neha,Jansen,India,28.0,None,Instagram,2024-12-16,False
C02008,Anouk,Reddy,India,37.0,None,Website,2024-12-15,False
C02009,Pooja,Cohen,India,39.0,None,Unknown,2024-12-10,False
C02010,Rohan,Jansen,India,37.0,None,Unknown,2024-12-13,False
C02011,Siddharth,Park,India,,Advanced,Instagram,2024-12-16,True
C02012,Pooja,Jansen,India,48.0,None,Unknown,2024-12-17,False
C02013,Sarah,Schmidt,India,26.0,Advanced,Instagram,2024-12-18,False
C02014,Aditya,Brown,Netherlands,,Open Water,Walk-in,2024-12-13,True
C02015,Noa,Reddy,United Kingdom,36.0,Divemaster,Referral,2024-12-19,False
C02016,Pooja,Nair,Italy,31.0,None,Instagram,2024-12-19,False
C02017,Itai,Bakker,Japan,27.0,None,OTA,2024-12-10,False
C02018,Itai,Ivanov,India,28.0,None,Website,2024-12-19,False
C02019,Chloe,Levi,Germany,35.0,None,Referral,2024-12-15,False
C02020,Hannah,Kulkarni,India,33.0,Advanced,Referral,2024-12-18,False
C02021,Marco,Petrova,Netherlands,27.0,None,OTA,2024-12-19,False
C02022,Ishaan,Sharma,Russia,,Open Water,Walk-in,2024-12-14,True
C02023,Sarah,Sharma,France,17.0,Advanced,Referral,2024-12-13,False
C02024,Divya,Kulkarni,South Korea,33.0,None,Hotel Partner,2024-12-11,False
C02025,Elena,Kim,India,39.0,Open Water,Website,2024-12-17,False
C02026,Rahul,Rossi,India,31.0,None,Website,2024-12-12,False
C02027,Hannah,Muller,India,42.0,Open Water,Walk-in,2024-12-15,False
C02028,Liam,Taylor,Japan,19.0,Advanced,Referral,2024-12-21,False
C02029,Itai,Cohen,Italy,50.0,Open Water,Website,2024-12-21,False
C02030,Pooja,Kim,Germany,40.0,None,Walk-in,2024-12-19,False
C02031,Itai,Tanaka,Germany,33.0,Open Water,Referral,2024-12-18,False
C02032,Meera,Ivanov,India,,Open Water,Website,2024-12-12,True
C02033,Tom,Taylor,India,30.0,None,Website,2024-12-17,False
C02034,Divya,Menon,India,42.0,None,Referral,2024-12-17,False
C02035,Yuki,Kim,India,19.0,Open Water,Walk-in,2024-12-14,False
C02036,Sven,Rossi,India,34.0,Open Water,Website,2024-12-18,False
C02037,Priya,Rossi,Russia,54.0,None,OTA,2024-12-13,False
C02038,Liam,Bakker,South Korea,48.0,None,Instagram,2024-12-15,False
C02039,Hannah,Sharma,Germany,43.0,None,OTA,2024-12-21,False
C02040,Sophie,Ivanov,India,54.0,Open Water,Referral,2024-12-17,False
C02041,Aditya,Gupta,India,48.0,Advanced,Instagram,2024-12-17,False
C02042,Rohan,Muller,Netherlands,,None,Hotel Partner,2024-12-14,True
C02043,Dmitri,Chowdhury,South Korea,71.0,None,OTA,2024-12-19,False
C02044,Pooja,Rossi,India,22.0,None,OTA,2024-12-13,False
C02045,Yuki,OConnor,India,32.0,None,OTA,2024-12-16,False
C02046,Meera,Muller,India,17.0,Open Water,OTA,2024-12-21,False
C02047,Liam,Banerjee,India,34.0,None,OTA,2024-12-22,False
C02048,Yuki,Jansen,United Kingdom,,Advanced,OTA,2024-12-13,True
C02049,Lukas,Levi,United States,33.0,None,Referral,2024-12-14,False
C02050,Elena,Reddy,India,22.0,Open Water,OTA,2024-12-22,False
C02051,Elena,Iyer,India,34.0,Open Water,OTA,2024-12-15,False
C02052,Rahul,Kulkarni,United States,41.0,Advanced,Walk-in,2024-12-13,False
C02053,Aarav,Nair,India,35.0,Rescue,Referral,2024-12-16,False
C02054,Neha,Wilson,Germany,48.0,Open Water,Unknown,2024-12-22,False
C02055,Daniel,Nair,France,42.0,Open Water,Hotel Partner,2024-12-18,False
C02056,Tom,Tanaka,India,39.0,None,OTA,2024-12-15,False
C02057,Tom,Rossi,India,,None,Website,2024-12-17,True
C02058,Meera,Petrova,United States,22.0,None,OTA,2024-12-23,False
C02059,Lukas,Menon,India,53.0,None,Walk-in,2024-12-21,False
C02060,Ananya,Menon,India,31.0,Advanced,Website,2024-12-14,False
C02061,Noa,Reddy,India,13.0,Open Water,Instagram,2024-12-19,False
C02062,Ananya,Rossi,India,37.0,None,Unknown,2024-12-20,False
C02063,Dmitri,OConnor,Israel,19.0,Advanced,Walk-in,2024-12-15,False
C02064,Rohan,OConnor,Israel,33.0,None,Walk-in,2024-12-15,False
C02065,Sarah,Rossi,Israel,41.0,None,Referral,2024-12-23,False
C02066,Ravi,Dubois,India,24.0,Open Water,Referral,2024-12-17,False
C02067,Hannah,Sharma,India,34.0,Open Water,Walk-in,2024-12-21,False
C02068,Rohan,Wilson,South Korea,43.0,None,Instagram,2024-12-21,False
C02069,Emma,Wilson,Russia,39.0,Advanced,Instagram,2024-12-18,False
C02070,Vikram,Petrova,Israel,,Advanced,OTA,2024-12-18,True
C02071,Tom,Banerjee,United States,40.0,Advanced,Instagram,2024-12-25,False
C02072,Olga,OConnor,Germany,51.0,None,Website,2024-12-21,False
C02073,Dmitri,Schmidt,India,25.0,Open Water,OTA,2024-12-20,False
C02074,Aditya,Schmidt,India,38.0,None,Website,2024-12-16,False
C02075,Kavya,Gupta,South Korea,30.0,Open Water,Unknown,2024-12-23,False
C02076,Tom,Rao,India,59.0,Open Water,Walk-in,2024-12-25,False
C02077,Marco,Gupta,France,41.0,Open Water,Walk-in,2024-12-23,False
C02078,Elena,Gupta,India,36.0,Open Water,Website,2024-12-26,False
C02079,James,Sharma,India,35.0,Open Water,Walk-in,2024-12-24,False
C02080,Karan,Jansen,India,41.0,Open Water,Website,2024-12-18,False
C02081,Pooja,Rossi,India,28.0,None,Website,2024-12-24,False
C02082,Siddharth,Cohen,Israel,44.0,None,Instagram,2024-12-26,False
C02083,Divya,Nair,United Kingdom,48.0,Open Water,Website,2024-12-21,False
C02084,Emma,Jansen,India,36.0,None,Hotel Partner,2024-12-18,False
C02085,Sven,Brown,Germany,26.0,Open Water,Instagram,2024-12-27,False
C02086,Marco,Levi,India,21.0,None,OTA,2024-12-20,False
C02087,James,OConnor,India,29.0,Advanced,Walk-in,2024-12-19,False
C02088,Itai,Patel,India,,Open Water,Website,2024-12-20,True
C02089,Ishaan,Petrova,Germany,27.0,Divemaster,Hotel Partner,2024-12-20,False
C02090,Tom,Petrova,France,,None,Walk-in,2024-12-18,True
C02091,Noa,OConnor,India,32.0,Rescue,Hotel Partner,2024-12-27,False
C02092,Ananya,Sharma,India,22.0,Rescue,Unknown,2024-12-24,False
C02093,Anouk,Kim,Italy,38.0,None,Instagram,2024-12-21,False
C02094,James,OConnor,Russia,27.0,None,Instagram,2024-12-22,False
C02095,Lukas,Nair,Italy,,None,OTA,2024-12-27,True
C02096,Daniel,Desai,Netherlands,39.0,Open Water,Hotel Partner,2024-12-21,False
C02097,Priya,Bakker,United Kingdom,36.0,Open Water,Walk-in,2024-12-27,False
C02098,Pierre,Wilson,India,24.0,Open Water,Referral,2024-12-28,False
C02099,Meera,Dubois,India,30.0,Open Water,Referral,2024-12-28,False
C02100,Dmitri,Iyer,India,32.0,Advanced,Instagram,2024-12-27,False
C02101,Divya,Schmidt,India,14.0,Advanced,Walk-in,2024-12-25,False
C02102,Ishaan,Rao,India,46.0,None,OTA,2024-12-28,False
C02103,Aditya,Patel,Russia,17.0,Advanced,Website,2024-12-26,False
C02104,Emma,Tanaka,India,19.0,Open Water,OTA,2024-12-24,False
C02105,Aarav,Jansen,India,33.0,None,Website,2024-12-18,False
C02106,Pooja,Muller,India,49.0,Open Water,Unknown,2024-12-27,False
C02107,Elena,Desai,Netherlands,32.0,Advanced,OTA,2024-12-28,False
C02108,Ananya,Ivanov,Russia,40.0,Advanced,Website,2024-12-21,False
C02109,Aditya,Gupta,Netherlands,45.0,Rescue,OTA,2024-12-27,False
C02110,Arjun,Smith,Australia,34.0,None,Website,2024-12-24,False
C02111,Rohan,Brown,India,19.0,Open Water,Hotel Partner,2024-12-26,False
C02112,Ravi,Brown,United Kingdom,39.0,None,Hotel Partner,2024-12-22,False
C02113,Pierre,Iyer,Australia,41.0,None,Walk-in,2024-12-27,False
C02114,Olga,Gupta,India,19.0,Open Water,Hotel Partner,2024-12-27,False
C02115,Hannah,Dubois,Israel,28.0,None,Referral,2024-12-19,False
C02116,Neha,Cohen,Israel,45.0,Advanced,Referral,2024-12-28,False
C02117,Vikram,Banerjee,India,41.0,None,Referral,2024-12-28,False
C02118,Itai,Gupta,Germany,35.0,Open Water,Walk-in,2024-12-19,False
C02119,Liam,Jansen,India,27.0,Open Water,Referral,2024-12-29,False
C02120,Chloe,Park,Italy,46.0,Open Water,Hotel Partner,2024-12-23,False
C02121,Kavya,Nair,Israel,50.0,Advanced,Unknown,2024-12-27,False
C02122,Dmitri,Taylor,United Kingdom,12.0,Advanced,Walk-in,2024-12-19,False
C02123,Sven,Desai,Netherlands,22.0,None,Website,2024-12-21,False
C02124,Marco,OConnor,India,37.0,None,Walk-in,2024-12-23,False
C02125,Neha,OConnor,India,39.0,Rescue,Instagram,2024-12-27,False
C02126,Tom,Taylor,India,29.0,Open Water,Instagram,2024-12-25,False
C02127,Dmitri,Smith,Japan,43.0,Advanced,Website,2024-12-26,False
C02128,Sophie,Banerjee,France,,None,Instagram,2024-12-25,True
C02129,Dmitri,Levi,India,27.0,None,Referral,2024-12-22,False
C02130,Aarav,Cohen,Japan,36.0,None,OTA,2024-12-27,False
C02131,Liam,Rossi,Russia,27.0,None,Walk-in,2024-12-26,False
C02132,Sophie,Patel,India,37.0,Open Water,Website,2024-12-28,False
C02133,Chloe,Smith,India,32.0,None,Instagram,2024-12-27,False
C02134,Sven,Sharma,India,21.0,Advanced,Referral,2024-12-20,False
C02135,Hannah,OConnor,Russia,49.0,Open Water,OTA,2024-12-30,False
C02136,Lukas,Reddy,India,45.0,Advanced,Hotel Partner,2024-12-30,False
C02137,Tom,Schmidt,India,21.0,Advanced,Walk-in,2024-12-24,False
C02138,Karan,Nair,India,24.0,None,Referral,2024-12-31,False
C02139,Chloe,Jansen,Israel,27.0,Advanced,Walk-in,2024-12-31,False
C02140,Divya,Petrova,South Korea,24.0,Open Water,Walk-in,2024-12-24,False
C02141,Rahul,Ivanov,India,,None,Walk-in,2024-12-21,True
C02142,Karan,Menon,Japan,47.0,Open Water,OTA,2024-12-26,False
C02143,Kavya,Cohen,Germany,,Open Water,Unknown,2024-12-24,True
C02144,Vikram,Sharma,India,37.0,None,Referral,2024-12-22,False
C02145,Sven,Jansen,Russia,20.0,Open Water,OTA,2024-12-23,False
C02146,Sophie,Petrova,India,36.0,Open Water,Hotel Partner,2025-01-01,False
C02147,Elena,Ivanov,India,37.0,Advanced,Unknown,2024-12-22,False
C02148,Emma,Tanaka,United States,44.0,None,Unknown,2024-12-23,False
C02149,Kavya,Cohen,India,52.0,None,Website,2024-12-24,False
C02150,Sven,Kulkarni,Germany,29.0,None,Unknown,2024-12-30,False
C02151,Kavya,Menon,India,37.0,None,Referral,2024-12-25,False
C02152,Divya,OConnor,India,,None,OTA,2024-12-31,True
C02153,Pierre,Kim,United Kingdom,29.0,None,Website,2024-12-27,False
C02154,Arjun,Wilson,India,34.0,None,Website,2024-12-23,False
C02155,Olga,Kim,Netherlands,27.0,None,OTA,2024-12-23,False
C02156,Kavya,Jansen,Russia,30.0,Advanced,Hotel Partner,2024-12-24,False
C02157,Meera,Kulkarni,Russia,38.0,Advanced,Instagram,2024-12-24,False
C02158,Elena,Brown,Russia,41.0,None,OTA,2024-12-23,False
C02159,Olga,Menon,India,14.0,None,OTA,2024-12-28,False
C02160,Sneha,Banerjee,India,34.0,None,Unknown,2024-12-27,False
C02161,Priya,Gupta,India,30.0,Open Water,Website,2024-12-27,False
C02162,Vikram,Kulkarni,India,26.0,None,OTA,2024-12-23,False
C02163,Sophie,Wilson,India,41.0,Open Water,Unknown,2024-12-31,False
C02164,Pooja,Ivanov,India,40.0,Open Water,OTA,2024-12-27,False
C02165,Sarah,Muller,India,34.0,Rescue,Walk-in,2024-12-25,False
C02166,Sarah,Rossi,India,32.0,Rescue,OTA,2024-12-23,False
C02167,Hannah,Wilson,Australia,54.0,Open Water,Website,2024-12-29,False
C02168,Minjun,Menon,India,41.0,None,Referral,2024-12-28,False
C02169,Pierre,Smith,Italy,48.0,Advanced,Unknown,2024-12-24,False
C02170,Dmitri,Gupta,India,47.0,Divemaster,Hotel Partner,2024-12-24,False
C02171,Rohan,Dubois,India,18.0,None,Website,2024-12-31,False
C02172,Dmitri,Rossi,Japan,45.0,Open Water,Unknown,2024-12-29,False
C02173,Sneha,Patel,Israel,26.0,Open Water,Hotel Partner,2024-12-26,False
C02174,James,Menon,India,12.0,Open Water,Website,2024-12-31,False
C02175,Priya,Jansen,India,32.0,Open Water,OTA,2024-12-28,False
C02176,Olga,Desai,Germany,18.0,Advanced,Walk-in,2025-01-03,False
C02177,Liam,Menon,France,51.0,Open Water,Referral,2024-12-25,False
C02178,Emma,Jansen,India,35.0,None,Referral,2024-12-25,False
C02179,Dmitri,Gupta,India,30.0,None,Instagram,2025-01-01,False
C02180,Rahul,Kulkarni,India,36.0,None,Unknown,2025-01-03,False
C02181,Liam,Reddy,United States,37.0,Rescue,Unknown,2024-12-26,False
C02182,Arjun,Iyer,Russia,49.0,Open Water,Walk-in,2024-12-28,False
C02183,Ishaan,Gupta,India,29.0,Rescue,OTA,2025-01-03,False
C02184,Rohan,Petrova,France,39.0,Open Water,Referral,2024-12-25,False
C02185,Ishaan,Menon,United Kingdom,24.0,Open Water,Walk-in,2024-12-30,False
C02186,Liam,Brown,United Kingdom,43.0,None,OTA,2024-12-27,False
C02187,Tom,Bakker,India,40.0,Advanced,Walk-in,2025-01-04,False
C02188,Marco,Jansen,India,24.0,None,Hotel Partner,2025-01-04,False
C02189,Itai,Rossi,India,12.0,Advanced,Walk-in,2025-01-02,False
C02190,Dmitri,Rossi,France,48.0,None,Unknown,2024-12-27,False
C02191,Pierre,Wilson,India,38.0,Advanced,Walk-in,2025-01-01,False
C02192,Rahul,Bakker,Russia,40.0,Rescue,Unknown,2025-01-03,False
C02193,Elena,Cohen,Russia,41.0,None,OTA,2024-12-28,False
C02194,Camille,Reddy,India,35.0,Advanced,Instagram,2025-01-04,False
C02195,Sophie,Cohen,France,38.0,Open Water,Walk-in,2025-01-03,False
C02196,Elena,Desai,Japan,29.0,Rescue,Walk-in,2025-01-01,False
C02197,Pooja,Brown,United Kingdom,30.0,None,Hotel Partner,2025-01-04,False
C02198,Aarav,Brown,France,30.0,Open Water,Hotel Partner,2025-01-01,False
C02199,Arjun,Muller,India,40.0,Open Water,Hotel Partner,2025-01-04,False
C02200,Sarah,Rossi,Israel,33.0,None,Hotel Partner,2024-12-31,False
C02201,Sarah,Petrova,Israel,18.0,Divemaster,Referral,2024-12-30,False
C02202,Ishaan,Gupta,India,,Advanced,Website,2025-01-06,True
C02203,Aarav,Menon,Russia,39.0,Rescue,Walk-in,2025-01-04,False
C02204,Sarah,Ivanov,India,49.0,None,Instagram,2024-12-30,False
C02205,Sneha,Rossi,India,34.0,None,OTA,2025-01-04,False
C02206,Ravi,Ivanov,United Kingdom,35.0,None,Website,2024-12-28,False
C02207,Ishaan,Cohen,India,,Open Water,Walk-in,2024-12-29,True
C02208,Pooja,Chowdhury,India,36.0,None,Website,2025-01-01,False
C02209,Aarav,Wilson,Germany,25.0,Divemaster,Referral,2025-01-02,False
C02210,Pierre,Brown,India,23.0,None,OTA,2024-12-30,False
C02211,Ananya,Taylor,South Korea,37.0,Rescue,OTA,2024-12-31,False
C02212,Chloe,Iyer,India,26.0,Open Water,Walk-in,2025-01-03,False
C02213,Karan,Rao,India,45.0,Open Water,OTA,2024-12-27,False
C02214,Sophie,Patel,South Korea,39.0,None,Unknown,2024-12-31,False
C02215,Elena,Kim,India,40.0,Open Water,Walk-in,2025-01-05,False
C02216,Chloe,Brown,India,26.0,Open Water,Hotel Partner,2025-01-07,False
C02217,Priya,Sharma,India,29.0,None,Website,2024-12-31,False
C02218,Tom,Rao,India,36.0,None,Instagram,2024-12-28,False
C02219,Sarah,Kulkarni,France,19.0,Open Water,Website,2024-12-31,False
C02220,Liam,Bakker,India,38.0,Advanced,Website,2025-01-01,False
C02221,Sven,Menon,India,33.0,None,Unknown,2024-12-28,False
C02222,Yuki,Kim,India,15.0,None,OTA,2024-12-31,False
C02223,Minjun,Wilson,India,35.0,Open Water,Website,2025-01-06,False
C02224,Dmitri,Reddy,India,47.0,None,Unknown,2025-01-06,False
C02225,Emma,Cohen,Germany,35.0,Advanced,Instagram,2025-01-04,False
C02226,Sarah,Jansen,India,26.0,None,Walk-in,2024-12-30,False
C02227,Kavya,OConnor,India,32.0,None,Website,2025-01-04,False
C02228,Elena,Chowdhury,India,29.0,None,Instagram,2025-01-08,False
C02229,Minjun,Tanaka,Germany,46.0,Open Water,Website,2025-01-01,False
C02230,Emma,Smith,France,15.0,None,Unknown,2025-01-07,False
C02231,Siddharth,Smith,United Kingdom,31.0,None,Referral,2025-01-08,False
C02232,Pooja,Chowdhury,India,47.0,Open Water,Website,2025-01-01,False
C02233,Liam,Petrova,United Kingdom,36.0,None,Unknown,2025-01-06,False
C02234,Pooja,Ivanov,India,22.0,None,Instagram,2025-01-02,False
C02235,Sophie,Petrova,Netherlands,35.0,None,Unknown,2025-01-03,False
C02236,Camille,Park,Russia,34.0,Open Water,Unknown,2025-01-06,False
C02237,Sophie,Reddy,United Kingdom,26.0,None,Referral,2025-01-05,False
C02238,Ravi,Gupta,Germany,30.0,None,Referral,2025-01-06,False
C02239,Pierre,Nair,India,40.0,None,Unknown,2025-01-08,False
C02240,Sven,Menon,India,40.0,Open Water,Hotel Partner,2025-01-09,False
C02241,Hannah,Cohen,United Kingdom,31.0,None,Unknown,2024-12-31,False
C02242,Kavya,Nair,India,27.0,None,Hotel Partner,2025-01-08,False
C02243,Ananya,Rossi,United Kingdom,39.0,Advanced,Hotel Partner,2025-01-03,False
C02244,Olga,Iyer,Israel,36.0,Rescue,Unknown,2025-01-07,False
C02245,Itai,Taylor,India,29.0,None,Referral,2025-01-09,False
C02246,Emma,OConnor,Netherlands,24.0,Advanced,Walk-in,2025-01-02,False
C02247,Rahul,Reddy,India,43.0,Open Water,Referral,2025-01-03,False
C02248,James,Ivanov,India,33.0,Open Water,Referral,2025-01-08,False
C02249,Sven,Banerjee,India,35.0,None,Hotel Partner,2025-01-08,False
C02250,Anouk,Rao,United States,32.0,Divemaster,Walk-in,2025-01-04,False
C02251,Elena,Levi,India,22.0,Open Water,Website,2025-01-08,False
C02252,Rahul,Patel,India,21.0,None,Website,2025-01-06,False
C02253,Pierre,Reddy,India,37.0,None,Walk-in,2025-01-10,False
C02254,Elena,Bakker,India,36.0,None,OTA,2025-01-10,False
C02255,Ananya,Brown,India,37.0,None,Walk-in,2025-01-06,False
C02256,Karan,Bakker,India,37.0,Advanced,Instagram,2024-12-31,False
C02257,Priya,Patel,India,30.0,None,OTA,2025-01-04,False
C02258,Arjun,Levi,Japan,25.0,Open Water,Website,2025-01-06,False
C02259,Yuki,Kulkarni,India,36.0,Open Water,OTA,2025-01-09,False
C02260,Camille,Tanaka,India,32.0,None,Hotel Partner,2025-01-05,False
C02261,James,OConnor,United Kingdom,32.0,Open Water,Website,2025-01-09,False
C02262,Vikram,Reddy,India,22.0,None,Website,2025-01-05,False
C02263,Chloe,Nair,India,40.0,None,OTA,2025-01-10,False
C02264,Vikram,Cohen,India,44.0,None,Walk-in,2025-01-06,False
C02265,Siddharth,Iyer,India,29.0,None,Walk-in,2025-01-02,False
C02266,Liam,Kulkarni,Germany,22.0,Rescue,Hotel Partner,2025-01-02,False
C02267,Olga,Ivanov,India,,Advanced,Walk-in,2025-01-04,True
C02268,Tom,Muller,India,37.0,None,Instagram,2025-01-03,False
C02269,Aditya,Petrova,India,37.0,None,Instagram,2025-01-11,False
C02270,Tom,Menon,India,23.0,Open Water,Unknown,2025-01-11,False
C02271,Priya,Jansen,India,37.0,None,Website,2025-01-04,False
C02272,Aditya,Dubois,India,,Open Water,Unknown,2025-01-08,True
C02273,Kavya,Levi,Israel,34.0,None,Website,2025-01-06,False
C02274,Sven,Desai,Russia,36.0,Open Water,OTA,2025-01-12,False
C02275,Ravi,Tanaka,Netherlands,22.0,Advanced,Instagram,2025-01-06,False
C02276,Hannah,Dubois,United States,32.0,Advanced,Website,2025-01-03,False
C02277,Chloe,Kim,United States,34.0,Open Water,Instagram,2025-01-10,False
C02278,Itai,Brown,India,23.0,Open Water,Website,2025-01-09,False
C02279,Elena,Rossi,South Korea,20.0,None,Unknown,2025-01-10,False
C02280,Karan,Brown,South Korea,27.0,None,Walk-in,2025-01-12,False
C02281,Rohan,Park,India,41.0,Open Water,Hotel Partner,2025-01-05,False
C02282,Aarav,Muller,India,38.0,Open Water,Walk-in,2025-01-08,False
C02283,Olga,Smith,India,41.0,Advanced,Instagram,2025-01-06,False
C02284,Sven,Menon,India,,None,Website,2025-01-09,True
C02285,Yuki,Rossi,India,38.0,None,Website,2025-01-03,False
C02286,Ravi,Rossi,India,34.0,Advanced,Hotel Partner,2025-01-11,False
C02287,Dmitri,Tanaka,India,26.0,None,Hotel Partner,2025-01-04,False
C02288,Chloe,Tanaka,India,12.0,Advanced,Website,2025-01-07,False
C02289,Minjun,Dubois,United Kingdom,33.0,None,Website,2025-01-14,False
C02290,Neha,Menon,Netherlands,46.0,Open Water,OTA,2025-01-04,False
C02291,Sneha,Park,Russia,28.0,None,OTA,2025-01-06,False
C02292,Emma,Taylor,Israel,17.0,None,Walk-in,2025-01-04,False
C02293,Ananya,Jansen,India,43.0,Advanced,Walk-in,2025-01-08,False
C02294,Olga,Smith,India,21.0,Advanced,Website,2025-01-05,False
C02295,Kavya,Tanaka,Germany,29.0,None,Website,2025-01-06,False
C02296,Olga,Reddy,India,,Advanced,Walk-in,2025-01-06,True
C02297,Sarah,Taylor,India,47.0,Divemaster,Referral,2025-01-09,False
C02298,Neha,Rossi,Israel,34.0,None,Unknown,2025-01-14,False
C02299,Meera,Ivanov,Netherlands,33.0,None,Unknown,2025-01-07,False
C02300,Arjun,Kim,South Korea,49.0,Advanced,Walk-in,2025-01-09,False
C02301,Ananya,Rao,Australia,,Open Water,Walk-in,2025-01-07,True
C02302,Pooja,Cohen,United Kingdom,36.0,None,Referral,2025-01-08,False
C02303,Meera,Rao,Russia,29.0,Open Water,Referral,2025-01-08,False
C02304,Sarah,Chowdhury,United Kingdom,24.0,Advanced,OTA,2025-01-05,False
C02305,Pooja,Sharma,Israel,38.0,Advanced,Website,2025-01-10,False
C02306,Ishaan,Petrova,India,35.0,None,Website,2025-01-15,False
C02307,Vikram,Petrova,India,49.0,None,Hotel Partner,2025-01-11,False
C02308,Anouk,Chowdhury,India,43.0,None,OTA,2025-01-12,False
C02309,Ananya,Brown,India,28.0,None,Walk-in,2025-01-11,False
C02310,Pooja,Patel,Israel,26.0,Open Water,OTA,2025-01-12,False
C02311,Olga,Sharma,South Korea,33.0,Open Water,Referral,2025-01-13,False
C02312,Elena,Nair,India,13.0,None,Walk-in,2025-01-12,False
C02313,Neha,Rao,India,33.0,None,Website,2025-01-11,False
C02314,Karan,Reddy,Germany,41.0,None,OTA,2025-01-08,False
C02315,Pierre,Reddy,India,,Advanced,Hotel Partner,2025-01-08,True
C02316,Rohan,Bakker,India,27.0,Open Water,Walk-in,2025-01-12,False
C02317,Elena,Bakker,India,26.0,None,Website,2025-01-13,False
C02318,Arjun,Iyer,India,29.0,Advanced,Unknown,2025-01-08,False
C02319,Meera,Park,India,17.0,Advanced,Instagram,2025-01-14,False
C02320,Ishaan,Dubois,India,29.0,Open Water,Walk-in,2025-01-16,False
C02321,Anouk,Rossi,India,53.0,Rescue,Hotel Partner,2025-01-11,False
C02322,Pierre,Gupta,India,19.0,None,Walk-in,2025-01-11,False
C02323,Noa,Bakker,United Kingdom,33.0,Advanced,Hotel Partner,2025-01-16,False
C02324,Aditya,Banerjee,Netherlands,54.0,Advanced,Walk-in,2025-01-07,False
C02325,Aarav,Dubois,India,25.0,Open Water,Website,2025-01-08,False
C02326,Aditya,Levi,Japan,41.0,Rescue,Walk-in,2025-01-11,False
C02327,Pierre,Patel,Germany,16.0,None,Website,2025-01-09,False
C02328,Minjun,Reddy,India,26.0,None,OTA,2025-01-09,False
C02329,Marco,Nair,Germany,32.0,None,Walk-in,2025-01-07,False
C02330,Itai,Jansen,India,34.0,Open Water,Website,2025-01-10,False
C02331,Elena,Brown,India,27.0,Open Water,Walk-in,2025-01-07,False
C02332,Marco,Nair,Israel,44.0,Rescue,OTA,2025-01-08,False
C02333,Pooja,Wilson,Russia,43.0,Open Water,Instagram,2025-01-07,False
C02334,Liam,Wilson,India,15.0,Open Water,Unknown,2025-01-15,False
C02335,Sneha,Petrova,India,59.0,None,Hotel Partner,2025-01-07,False
C02336,Siddharth,Nair,Russia,36.0,Open Water,OTA,2025-01-16,False
C02337,Emma,Kulkarni,United Kingdom,31.0,None,Walk-in,2025-01-16,False
C02338,Yuki,Muller,Japan,34.0,None,Walk-in,2025-01-07,False
C02339,Elena,OConnor,India,14.0,None,OTA,2025-01-15,False
C02340,Tom,Wilson,India,27.0,Open Water,Website,2025-01-09,False
C02341,Daniel,Chowdhury,India,33.0,None,Hotel Partner,2025-01-11,False
C02342,Ananya,Levi,United Kingdom,28.0,Open Water,Unknown,2025-01-08,False
C02343,Divya,Taylor,India,38.0,Open Water,Walk-in,2025-01-12,False
C02344,Chloe,Bakker,Russia,50.0,Advanced,OTA,2025-01-14,False
C02345,Daniel,OConnor,United Kingdom,30.0,Advanced,Referral,2025-01-12,False
C02346,Olga,Ivanov,India,,Open Water,Instagram,2025-01-16,True
C02347,Elena,Chowdhury,India,27.0,None,Walk-in,2025-01-13,False
C02348,Emma,Gupta,Israel,,Open Water,Website,2025-01-14,True
C02349,Neha,Dubois,United Kingdom,20.0,None,Website,2025-01-16,False
C02350,Camille,Tanaka,India,17.0,Divemaster,Referral,2025-01-14,False
C02351,Kavya,Dubois,Netherlands,16.0,None,OTA,2025-01-17,False
C02352,Pooja,Desai,Russia,20.0,Advanced,OTA,2025-01-15,False
C02353,Ishaan,Chowdhury,India,29.0,None,Website,2025-01-18,False
C02354,Sven,Bakker,India,15.0,None,Instagram,2025-01-16,False
C02355,Dmitri,Jansen,United States,15.0,Open Water,Instagram,2025-01-15,False
C02356,Aarav,Desai,South Korea,26.0,Rescue,Unknown,2025-01-14,False
C02357,Camille,Menon,Israel,71.0,None,Instagram,2025-01-14,False
C02358,Divya,Bakker,India,25.0,None,Referral,2025-01-14,False
C02359,Hannah,Rossi,India,34.0,None,Website,2025-01-11,False
C02360,Pierre,Levi,South Korea,25.0,None,Referral,2025-01-16,False
C02361,Priya,Rossi,United Kingdom,22.0,None,Walk-in,2025-01-17,False
C02362,Chloe,Kim,South Korea,34.0,None,OTA,2025-01-12,False
C02363,Liam,Iyer,India,28.0,None,Walk-in,2025-01-14,False
C02364,Hannah,Levi,Russia,28.0,Divemaster,OTA,2025-01-13,False
C02365,Minjun,Desai,India,24.0,Advanced,Walk-in,2025-01-18,False
C02366,Pooja,Wilson,United Kingdom,37.0,Advanced,Unknown,2025-01-15,False
C02367,Siddharth,OConnor,United Kingdom,25.0,None,OTA,2025-01-20,False
C02368,Kavya,Sharma,India,51.0,Advanced,Hotel Partner,2025-01-10,False
C02369,Rahul,Rossi,India,41.0,Open Water,Unknown,2025-01-10,False
C02370,Sven,Iyer,United Kingdom,36.0,None,Hotel Partner,2025-01-19,False
C02371,Dmitri,Ivanov,India,35.0,Open Water,Referral,2025-01-10,False
C02372,Camille,Park,Japan,,None,Hotel Partner,2025-01-16,True
C02373,Pierre,Desai,United Kingdom,28.0,Advanced,Unknown,2025-01-17,False
C02374,Hannah,Menon,India,39.0,Open Water,OTA,2025-01-15,False
C02375,Sarah,Park,India,44.0,None,Walk-in,2025-01-17,False
C02376,Minjun,Park,India,47.0,None,Unknown,2025-01-14,False
C02377,Ishaan,Rao,Germany,,None,Instagram,2025-01-17,True
C02378,Kavya,Ivanov,France,43.0,None,Hotel Partner,2025-01-19,False
C02379,Rahul,Petrova,India,45.0,Advanced,Walk-in,2025-01-15,False
C02380,Chloe,Iyer,India,,Open Water,Referral,2025-01-17,True
C02381,Kavya,Patel,India,36.0,None,Hotel Partner,2025-01-18,False
C02382,Tom,Dubois,India,40.0,None,Website,2025-01-16,False
C02383,Marco,Petrova,Israel,41.0,None,Website,2025-01-14,False
C02384,Yuki,Levi,United Kingdom,36.0,None,Walk-in,2025-01-17,False
C02385,Chloe,Chowdhury,Israel,16.0,None,Referral,2025-01-13,False
C02386,Liam,Banerjee,India,30.0,Open Water,OTA,2025-01-21,False
C02387,Sven,Menon,India,12.0,Open Water,Referral,2025-01-20,False
C02388,Daniel,OConnor,India,42.0,Divemaster,Walk-in,2025-01-22,False
C02389,Meera,Park,India,29.0,None,Referral,2025-01-13,False
C02390,Hannah,Dubois,Netherlands,34.0,Open Water,Referral,2025-01-22,False
C02391,Sneha,Rossi,Australia,28.0,Advanced,Instagram,2025-01-15,False
C02392,Noa,Reddy,India,25.0,Open Water,Website,2025-01-17,False
C02393,Aditya,Desai,India,31.0,None,Website,2025-01-19,False
C02394,Anouk,Kim,India,25.0,Advanced,Hotel Partner,2025-01-19,False
C02395,Priya,Kim,India,42.0,None,Referral,2025-01-18,False
C02396,Priya,Muller,India,42.0,Advanced,Walk-in,2025-01-16,False
C02397,Tom,Tanaka,South Korea,38.0,Divemaster,OTA,2025-01-18,False
C02398,Meera,Rao,Israel,32.0,Open Water,Website,2025-01-18,False
C02399,Yuki,Gupta,India,17.0,Open Water,Referral,2025-01-14,False
C02400,Aditya,Tanaka,South Korea,42.0,Advanced,Website,2025-01-21,False
C02401,Tom,Tanaka,United Kingdom,30.0,Open Water,Referral,2025-01-15,False
C02402,Chloe,Dubois,India,48.0,None,Walk-in,2025-01-22,False
C02403,Vikram,Petrova,India,43.0,Open Water,Unknown,2025-01-15,False
C02404,Aditya,Reddy,Australia,,Open Water,Referral,2025-01-21,True
C02405,Marco,Nair,Japan,28.0,Open Water,Walk-in,2025-01-16,False
C02406,Ishaan,Dubois,Netherlands,39.0,Rescue,Walk-in,2025-01-22,False
C02407,Aditya,Gupta,India,13.0,Advanced,OTA,2025-01-23,False
C02408,Ravi,Ivanov,India,21.0,None,OTA,2025-01-16,False
C02409,Camille,Chowdhury,United Kingdom,23.0,None,OTA,2025-01-15,False
C02410,Vikram,Cohen,India,24.0,None,Website,2025-01-14,False
C02411,Priya,Chowdhury,India,29.0,None,Instagram,2025-01-18,False
C02412,Minjun,Levi,India,31.0,None,OTA,2025-01-14,False
C02413,Olga,OConnor,India,30.0,None,Website,2025-01-24,False
C02414,Sophie,Patel,Israel,28.0,Open Water,Website,2025-01-18,False
C02415,Itai,Park,India,35.0,None,OTA,2025-01-21,False
C02416,Noa,Patel,South Korea,50.0,Advanced,OTA,2025-01-15,False
C02417,Neha,Reddy,India,46.0,None,Website,2025-01-15,False
C02418,Liam,Petrova,Germany,36.0,Advanced,Website,2025-01-19,False
C02419,Yuki,Desai,India,30.0,None,Instagram,2025-01-22,False
C02420,Noa,Taylor,United States,12.0,None,Walk-in,2025-01-23,False
C02421,Sarah,Jansen,India,,Open Water,Hotel Partner,2025-01-23,True
C02422,Sven,Chowdhury,Germany,33.0,Divemaster,Unknown,2025-01-15,False
C02423,Kavya,Dubois,South Korea,,None,Walk-in,2025-01-23,True
C02424,Daniel,Brown,India,34.0,None,Website,2025-01-25,False
C02425,Olga,Schmidt,India,34.0,Open Water,Walk-in,2025-01-15,False
C02426,Dmitri,OConnor,India,41.0,None,Walk-in,2025-01-15,False
C02427,Divya,Menon,Italy,30.0,None,Referral,2025-01-15,False
C02428,Olga,Schmidt,Japan,32.0,Advanced,OTA,2025-01-23,False
C02429,James,Petrova,United Kingdom,34.0,None,Walk-in,2025-01-15,False
C02430,Rohan,Cohen,India,32.0,Advanced,OTA,2025-01-25,False
C02431,Aditya,Dubois,Germany,39.0,Open Water,Hotel Partner,2025-01-17,False
C02432,Anouk,Bakker,India,21.0,Rescue,Instagram,2025-01-25,False
C02433,Sophie,Sharma,India,30.0,None,OTA,2025-01-23,False
C02434,Neha,Kulkarni,India,58.0,None,Walk-in,2025-01-16,False
C02435,Itai,Reddy,India,42.0,Open Water,Referral,2025-01-24,False
C02436,Minjun,Rao,India,21.0,None,Website,2025-01-25,False
C02437,Divya,Ivanov,Israel,53.0,Open Water,Website,2025-01-19,False
C02438,Ravi,Petrova,France,32.0,Open Water,Walk-in,2025-01-23,False
C02439,Karan,Chowdhury,United States,29.0,None,Unknown,2025-01-24,False
C02440,Ananya,Ivanov,India,32.0,None,Referral,2025-01-18,False
C02441,Karan,Wilson,India,33.0,None,OTA,2025-01-24,False
C02442,Anouk,Sharma,Russia,50.0,Advanced,Walk-in,2025-01-26,False
C02443,Rohan,Gupta,India,37.0,None,Walk-in,2025-01-26,False
C02444,Pierre,Dubois,France,48.0,Divemaster,Walk-in,2025-01-21,False
C02445,Ishaan,Levi,India,33.0,Open Water,Walk-in,2025-01-25,False
C02446,Meera,Park,India,28.0,Advanced,Hotel Partner,2025-01-22,False
C02447,Ananya,Ivanov,India,23.0,Open Water,Walk-in,2025-01-24,False
C02448,Siddharth,Schmidt,Australia,47.0,None,Unknown,2025-01-27,False
C02449,Sarah,Iyer,India,31.0,Advanced,Unknown,2025-01-26,False
C02450,Elena,Brown,France,37.0,Open Water,OTA,2025-01-17,False
C02451,Minjun,Kulkarni,Australia,13.0,Advanced,Referral,2025-01-22,False
C02452,Aditya,Chowdhury,India,31.0,Open Water,Unknown,2025-01-23,False
C02453,Daniel,Desai,India,29.0,Rescue,Website,2025-01-27,False
C02454,Lukas,Rossi,India,42.0,Open Water,OTA,2025-01-21,False
C02455,Sophie,Smith,India,40.0,Open Water,Instagram,2025-01-20,False
C02456,Neha,Tanaka,Israel,33.0,None,Instagram,2025-01-21,False
C02457,Chloe,Rao,India,20.0,Advanced,Referral,2025-01-20,False
C02458,Noa,Reddy,India,38.0,None,Hotel Partner,2025-01-21,False
C02459,Olga,Menon,United Kingdom,27.0,Advanced,Unknown,2025-01-23,False
C02460,Kavya,Kulkarni,India,33.0,Open Water,Walk-in,2025-01-23,False
C02461,Ishaan,Park,India,51.0,Open Water,Website,2025-01-24,False
C02462,Arjun,Schmidt,United States,38.0,Open Water,OTA,2025-01-22,False
C02463,Ishaan,Sharma,India,68.0,None,Walk-in,2025-01-19,False
C02464,Yuki,Ivanov,India,41.0,Open Water,Unknown,2025-01-22,False
C02465,Vikram,Rossi,India,31.0,Open Water,Referral,2025-01-26,False
C02466,Tom,Taylor,Italy,39.0,None,Website,2025-01-21,False
C02467,Neha,Smith,India,51.0,None,Referral,2025-01-29,False
C02468,Divya,Kim,India,38.0,None,Website,2025-01-21,False
C02469,Meera,OConnor,Australia,26.0,None,Walk-in,2025-01-26,False
C02470,Marco,Bakker,United Kingdom,41.0,None,OTA,2025-01-21,False
C02471,Sneha,Dubois,France,40.0,None,Walk-in,2025-01-27,False
C02472,Ishaan,Smith,India,,Advanced,Instagram,2025-01-27,True
C02473,Dmitri,Gupta,India,42.0,None,Hotel Partner,2025-01-22,False
C02474,Aarav,Sharma,United Kingdom,28.0,Advanced,Walk-in,2025-01-22,False
C02475,Anouk,Banerjee,India,29.0,Open Water,Walk-in,2025-01-24,False
C02476,Dmitri,Patel,Israel,45.0,None,Website,2025-01-20,False
C02477,Sophie,Bakker,India,41.0,Advanced,OTA,2025-01-25,False
C02478,Daniel,Bakker,India,50.0,None,Instagram,2025-01-22,False
C02479,Daniel,Gupta,United Kingdom,52.0,None,Instagram,2025-01-26,False
C02480,Aditya,Bakker,France,29.0,Open Water,Instagram,2025-01-23,False
C02481,Ananya,Jansen,United Kingdom,30.0,Open Water,Instagram,2025-01-22,False
C02482,Elena,Ivanov,South Korea,46.0,None,Instagram,2025-01-25,False
C02483,Marco,Rossi,Italy,45.0,None,Walk-in,2025-01-27,False
C02484,Sophie,Ivanov,United States,39.0,Advanced,Walk-in,2025-01-24,False
C02485,Ravi,Dubois,United Kingdom,38.0,Rescue,Walk-in,2025-01-28,False
C02486,Chloe,Chowdhury,India,22.0,None,Walk-in,2025-01-26,False
C02487,Tom,Petrova,India,39.0,None,Referral,2025-01-26,False
C02488,Divya,Wilson,India,34.0,Divemaster,Walk-in,2025-01-24,False
C02489,Sneha,Dubois,India,14.0,None,Website,2025-01-27,False
C02490,Camille,Park,Netherlands,53.0,Advanced,Unknown,2025-01-26,False
C02491,Aarav,Kulkarni,India,29.0,Open Water,Instagram,2025-01-21,False
C02492,Rohan,OConnor,India,,Open Water,OTA,2025-01-23,True
C02493,Daniel,Banerjee,Italy,47.0,Advanced,Website,2025-01-31,False
C02494,Karan,Park,India,34.0,None,Hotel Partner,2025-01-27,False
C02495,Sneha,Gupta,India,34.0,Open Water,Walk-in,2025-01-27,False
C02496,Sneha,Rossi,India,27.0,None,Walk-in,2025-01-25,False
C02497,Priya,Nair,South Korea,33.0,Open Water,OTA,2025-01-30,False
C02498,Ravi,Rossi,India,20.0,None,OTA,2025-01-24,False
C02499,Noa,Iyer,India,56.0,Divemaster,Website,2025-01-25,False
C02500,Divya,Brown,India,45.0,None,Website,2025-01-21,False
C02501,Pierre,Tanaka,South Korea,38.0,None,Walk-in,2025-01-23,False
C02502,Meera,Kulkarni,India,31.0,None,Hotel Partner,2025-01-24,False
C02503,Liam,Kulkarni,India,14.0,Open Water,Referral,2025-01-27,False
C02504,Rohan,Reddy,United States,39.0,Advanced,Walk-in,2025-01-31,False
C02505,Anouk,Petrova,India,25.0,None,Instagram,2025-01-24,False
C02506,Divya,Schmidt,United Kingdom,38.0,None,OTA,2025-01-28,False
C02507,Elena,Sharma,Japan,41.0,Advanced,Walk-in,2025-01-24,False
C02508,Divya,Taylor,Israel,40.0,None,Hotel Partner,2025-01-24,False
C02509,Arjun,Nair,Australia,30.0,Open Water,Walk-in,2025-01-31,False
C02510,Arjun,Iyer,India,,None,Hotel Partner,2025-02-01,True
C02511,Dmitri,Iyer,India,40.0,None,OTA,2025-01-23,False
C02512,Emma,Sharma,Australia,40.0,Advanced,Walk-in,2025-01-23,False
C02513,Camille,Levi,France,,Advanced,Hotel Partner,2025-01-28,True
C02514,Ravi,Chowdhury,Netherlands,39.0,Advanced,OTA,2025-01-31,False
C02515,Sophie,Tanaka,Russia,,None,OTA,2025-01-23,True
C02516,Hannah,Bakker,United States,35.0,None,Unknown,2025-02-01,False
C02517,Yuki,Cohen,India,33.0,Open Water,Referral,2025-01-23,False
C02518,Pierre,Kulkarni,India,54.0,None,Instagram,2025-01-26,False
C02519,Meera,Smith,United Kingdom,40.0,Open Water,Walk-in,2025-01-24,False
C02520,Aditya,Levi,India,41.0,Open Water,Instagram,2025-02-02,False
C02521,Noa,Cohen,India,35.0,Open Water,Walk-in,2025-01-30,False
C02522,Neha,Kulkarni,Russia,25.0,Open Water,Unknown,2025-01-30,False
C02523,Aditya,Kulkarni,India,17.0,Rescue,Referral,2025-02-02,False
C02524,Siddharth,Levi,India,44.0,None,Walk-in,2025-01-26,False
C02525,Sarah,Muller,India,48.0,None,OTA,2025-02-01,False
C02526,Daniel,Menon,India,,Advanced,Referral,2025-01-31,True
C02527,Tom,Reddy,Russia,39.0,None,OTA,2025-01-23,False
C02528,Vikram,Brown,South Korea,34.0,None,Hotel Partner,2025-02-01,False
C02529,Liam,Reddy,United Kingdom,35.0,Open Water,Website,2025-02-01,False
C02530,Ishaan,Rao,India,34.0,None,Website,2025-01-23,False
C02531,Rahul,Gupta,India,32.0,None,Walk-in,2025-01-25,False
C02532,Rahul,Petrova,India,35.0,Rescue,Referral,2025-01-29,False
C02533,Rahul,Cohen,South Korea,33.0,Open Water,Walk-in,2025-01-28,False
C02534,Priya,Cohen,India,26.0,None,Instagram,2025-01-29,False
C02535,Aditya,Patel,India,41.0,None,Website,2025-01-23,False
C02536,Karan,Tanaka,United States,41.0,Rescue,OTA,2025-01-24,False
C02537,Itai,Taylor,India,43.0,Advanced,Instagram,2025-01-26,False
C02538,Daniel,Rossi,Russia,25.0,Open Water,Unknown,2025-01-26,False
C02539,Chloe,Schmidt,United States,31.0,Open Water,Walk-in,2025-01-30,False
C02540,Pooja,Tanaka,United States,36.0,Open Water,Unknown,2025-01-26,False
C02541,Chloe,Gupta,India,,Open Water,Unknown,2025-01-27,True
C02542,Priya,Sharma,India,39.0,Open Water,Walk-in,2025-01-29,False
C02543,Meera,Tanaka,India,38.0,Open Water,Unknown,2025-01-28,False
C02544,Sophie,Bakker,India,34.0,Open Water,Unknown,2025-02-01,False
C02545,Ishaan,Menon,Germany,,Advanced,Website,2025-02-01,True
C02546,Sarah,Cohen,South Korea,28.0,None,Instagram,2025-02-02,False
C02547,Ishaan,Kulkarni,Italy,47.0,None,Website,2025-02-01,False
C02548,Pooja,Brown,India,27.0,Open Water,OTA,2025-01-27,False
C02549,Arjun,Bakker,Germany,35.0,None,Hotel Partner,2025-01-30,False
C02550,Sophie,Schmidt,India,24.0,Divemaster,Website,2025-01-26,False
C02551,Emma,Banerjee,Germany,38.0,Open Water,Instagram,2025-02-02,False
C02552,Hannah,Kim,India,43.0,Open Water,Instagram,2025-01-31,False
C02553,Pierre,Desai,India,,Advanced,Referral,2025-01-30,True
C02554,Karan,OConnor,Italy,27.0,Rescue,Website,2025-02-01,False
C02555,Divya,Schmidt,United Kingdom,32.0,None,Referral,2025-02-02,False
C02556,Arjun,Rossi,India,50.0,Open Water,Unknown,2025-02-04,False
C02557,Sven,Brown,India,30.0,None,Website,2025-01-25,False
C02558,Daniel,Rossi,India,56.0,None,Unknown,2025-01-30,False
C02559,Camille,Brown,India,37.0,None,Website,2025-01-31,False
C02560,Camille,Brown,Germany,29.0,None,Unknown,2025-01-30,False
C02561,Marco,Gupta,India,42.0,None,Referral,2025-01-30,False
C02562,Itai,Ivanov,United Kingdom,39.0,Open Water,Referral,2025-02-02,False
C02563,Marco,Desai,India,26.0,None,Unknown,2025-01-26,False
C02564,Emma,Muller,Russia,36.0,None,Referral,2025-02-05,False
C02565,Siddharth,Desai,Australia,,None,OTA,2025-01-26,True
C02566,Noa,Wilson,United Kingdom,22.0,Advanced,OTA,2025-01-27,False
C02567,Arjun,Sharma,India,36.0,None,Referral,2025-02-01,False
C02568,Anouk,Jansen,France,,Open Water,OTA,2025-01-29,True
C02569,Chloe,Cohen,India,30.0,Rescue,Website,2025-02-01,False
C02570,Priya,Chowdhury,India,33.0,Open Water,Hotel Partner,2025-02-01,False
C02571,Elena,Petrova,United Kingdom,38.0,None,Walk-in,2025-01-27,False
C02572,Yuki,OConnor,Russia,32.0,Open Water,Unknown,2025-02-02,False
C02573,Hannah,Sharma,India,12.0,Open Water,Walk-in,2025-02-05,False
C02574,Anouk,Park,Russia,26.0,Open Water,OTA,2025-01-28,False
C02575,Rahul,Petrova,India,41.0,Open Water,Walk-in,2025-02-01,False
C02576,Lukas,Schmidt,Australia,22.0,None,Walk-in,2025-02-03,False
C02577,Arjun,Taylor,India,36.0,Open Water,Website,2025-02-03,False
C02578,Priya,Chowdhury,Australia,41.0,Open Water,OTA,2025-02-06,False
C02579,Daniel,Levi,India,43.0,Open Water,Instagram,2025-01-30,False
C02580,Chloe,Brown,India,26.0,None,OTA,2025-01-31,False
C02581,Arjun,Tanaka,Germany,34.0,Open Water,Instagram,2025-01-28,False
C02582,Noa,Kulkarni,India,,Open Water,Instagram,2025-02-02,True
C02583,Minjun,Muller,United States,30.0,None,Walk-in,2025-02-02,False
C02584,Aditya,Cohen,India,30.0,Advanced,Website,2025-01-28,False
C02585,Hannah,Desai,Germany,31.0,None,Referral,2025-01-30,False
C02586,Emma,Petrova,Israel,16.0,Open Water,Walk-in,2025-02-05,False
C02587,Lukas,OConnor,India,29.0,None,Instagram,2025-01-28,False
C02588,Minjun,Cohen,India,59.0,Open Water,OTA,2025-01-31,False
C02589,Sophie,Brown,Italy,22.0,Open Water,Website,2025-02-07,False
C02590,Priya,Ivanov,India,21.0,Open Water,Hotel Partner,2025-01-31,False
C02591,Arjun,Tanaka,United States,37.0,None,Unknown,2025-02-03,False
C02592,Hannah,Menon,India,33.0,None,Website,2025-02-08,False
C02593,Vikram,Rao,Germany,,Open Water,Walk-in,2025-02-01,True
C02594,Itai,Kulkarni,India,48.0,None,Hotel Partner,2025-02-07,False
C02595,Itai,Park,India,,Advanced,OTA,2025-01-29,True
C02596,Kavya,Sharma,India,54.0,Open Water,Hotel Partner,2025-02-05,False
C02597,Anouk,Menon,India,33.0,Open Water,Hotel Partner,2025-02-03,False
C02598,Rohan,Kulkarni,Japan,32.0,None,Instagram,2025-01-31,False
C02599,Dmitri,Menon,Germany,,None,Hotel Partner,2025-02-02,True
C02600,Ravi,OConnor,India,23.0,Open Water,OTA,2025-02-06,False
C02601,Ravi,Iyer,United States,45.0,None,OTA,2025-01-30,False
C02602,Itai,Tanaka,India,,Rescue,Referral,2025-01-30,True
C02603,Aarav,Kim,India,37.0,None,Unknown,2025-02-04,False
C02604,Camille,Wilson,India,57.0,Open Water,Unknown,2025-01-30,False
C02605,Aarav,Menon,India,37.0,None,Walk-in,2025-01-31,False
C02606,Chloe,Taylor,India,18.0,Open Water,Hotel Partner,2025-02-04,False
C02607,Vikram,Bakker,Germany,32.0,None,Hotel Partner,2025-01-30,False
C02608,Vikram,Desai,India,40.0,None,Walk-in,2025-02-08,False
C02609,Hannah,Wilson,Germany,46.0,Open Water,OTA,2025-02-08,False
C02610,Noa,Patel,India,32.0,None,OTA,2025-02-07,False
C02611,Rohan,Muller,India,46.0,None,Unknown,2025-02-03,False
C02612,James,Taylor,France,,None,Instagram,2025-02-02,True
C02613,Priya,Ivanov,India,33.0,None,Walk-in,2025-02-02,False
C02614,Ravi,Smith,India,,None,OTA,2025-02-04,True
C02615,Rahul,Bakker,Netherlands,,None,Website,2025-02-02,True
C02616,Lukas,Patel,Netherlands,,None,Walk-in,2025-02-05,True
C02617,Rahul,Brown,South Korea,15.0,Advanced,Unknown,2025-02-01,False
C02618,Itai,Brown,Germany,37.0,None,Hotel Partner,2025-02-05,False
C02619,Liam,Chowdhury,India,29.0,Rescue,Referral,2025-02-03,False
C02620,Camille,Banerjee,Netherlands,32.0,None,OTA,2025-02-02,False
C02621,Tom,OConnor,India,43.0,Advanced,Website,2025-02-06,False
C02622,Pierre,Ivanov,India,28.0,None,Walk-in,2025-02-08,False
C02623,Ravi,Muller,India,36.0,None,Walk-in,2025-02-10,False
C02624,Arjun,Petrova,Australia,40.0,Advanced,OTA,2025-02-03,False
C02625,Aditya,Taylor,Germany,24.0,None,Referral,2025-02-09,False
C02626,Aarav,Kulkarni,United Kingdom,45.0,None,Website,2025-02-05,False
C02627,Ishaan,Schmidt,Russia,42.0,Open Water,Hotel Partner,2025-02-02,False
C02628,Priya,Rossi,India,47.0,None,Website,2025-02-03,False
C02629,Rahul,Schmidt,South Korea,,Open Water,Walk-in,2025-02-02,True
C02630,Sophie,Schmidt,India,50.0,None,Referral,2025-02-09,False
C02631,Liam,Ivanov,India,35.0,Open Water,Walk-in,2025-02-09,False
C02632,Itai,Tanaka,India,39.0,None,Referral,2025-02-05,False
C02633,Emma,Sharma,India,61.0,Open Water,Walk-in,2025-02-04,False
C02634,Rahul,Nair,Russia,31.0,None,Instagram,2025-02-06,False
C02635,Ishaan,Kim,India,25.0,Advanced,Website,2025-02-11,False
C02636,Arjun,Dubois,Israel,32.0,Advanced,Unknown,2025-02-02,False
C02637,Meera,Nair,India,32.0,Open Water,Instagram,2025-02-04,False
C02638,Tom,Brown,Italy,41.0,Open Water,Walk-in,2025-02-06,False
C02639,Vikram,Petrova,India,37.0,None,Hotel Partner,2025-02-11,False
C02640,Noa,Kulkarni,India,46.0,Open Water,Walk-in,2025-02-04,False
C02641,Divya,Patel,India,37.0,Advanced,Walk-in,2025-02-09,False
C02642,Lukas,Ivanov,India,38.0,None,OTA,2025-02-04,False
C02643,Olga,Bakker,Germany,34.0,None,Website,2025-02-10,False
C02644,Pooja,Brown,United Kingdom,,Open Water,Walk-in,2025-02-06,True
C02645,Itai,Wilson,Japan,20.0,Advanced,Instagram,2025-02-03,False
C02646,Noa,Kim,India,24.0,Open Water,Walk-in,2025-02-07,False
C02647,Neha,Rao,Russia,,None,Hotel Partner,2025-02-13,True
C02648,Tom,OConnor,India,,None,Walk-in,2025-02-07,True
C02649,Aarav,Reddy,Germany,30.0,Advanced,Walk-in,2025-02-13,False
C02650,Divya,Sharma,United Kingdom,59.0,Open Water,Website,2025-02-09,False
C02651,James,Rossi,Netherlands,41.0,None,OTA,2025-02-13,False
C02652,Divya,Taylor,Italy,37.0,Open Water,Unknown,2025-02-11,False
C02653,Marco,Menon,India,32.0,Advanced,Website,2025-02-04,False
C02654,Rahul,Taylor,United States,51.0,None,Instagram,2025-02-09,False
C02655,Priya,Park,Russia,38.0,Open Water,Instagram,2025-02-07,False
C02656,Anouk,Petrova,India,33.0,Advanced,Walk-in,2025-02-12,False
C02657,Vikram,Brown,France,30.0,None,Walk-in,2025-02-13,False
C02658,Pooja,Cohen,India,40.0,None,Unknown,2025-02-06,False
C02659,Elena,Bakker,India,38.0,Advanced,Walk-in,2025-02-12,False
C02660,Tom,Smith,Germany,47.0,None,Hotel Partner,2025-02-08,False
C02661,Minjun,Tanaka,India,12.0,Advanced,Website,2025-02-11,False
C02662,Pooja,Iyer,South Korea,53.0,Open Water,OTA,2025-02-09,False
C02663,Minjun,Iyer,India,20.0,None,Walk-in,2025-02-07,False
C02664,Sven,Muller,India,42.0,None,Website,2025-02-11,False
C02665,Hannah,Chowdhury,India,37.0,None,Website,2025-02-06,False
C02666,Rahul,Gupta,India,46.0,Open Water,Walk-in,2025-02-05,False
C02667,Sarah,Banerjee,Germany,32.0,None,Instagram,2025-02-08,False
C02668,Divya,Petrova,India,62.0,Open Water,Walk-in,2025-02-07,False
C02669,Ravi,Kim,Israel,36.0,None,Walk-in,2025-02-16,False
C02670,Ravi,Patel,India,39.0,Open Water,Walk-in,2025-02-10,False
C02671,Meera,Nair,India,49.0,None,OTA,2025-02-15,False
C02672,Ravi,Sharma,United States,12.0,None,Website,2025-02-09,False
C02673,Lukas,Rossi,Russia,39.0,None,Walk-in,2025-02-13,False
C02674,Divya,Muller,India,28.0,Open Water,Instagram,2025-02-11,False
C02675,Ravi,OConnor,India,18.0,Open Water,Hotel Partner,2025-02-09,False
C02676,Aarav,Bakker,Germany,45.0,Open Water,Website,2025-02-07,False
C02677,Daniel,Cohen,United States,32.0,Advanced,OTA,2025-02-06,False
C02678,Camille,Chowdhury,India,48.0,None,Instagram,2025-02-09,False
C02679,Divya,Nair,Italy,42.0,Open Water,Unknown,2025-02-15,False
C02680,Elena,Reddy,India,46.0,None,OTA,2025-02-07,False
C02681,Anouk,Bakker,India,42.0,Advanced,Instagram,2025-02-10,False
C02682,Priya,Desai,United Kingdom,30.0,None,Instagram,2025-02-13,False
C02683,Minjun,Sharma,India,37.0,None,Hotel Partner,2025-02-06,False
C02684,Yuki,Muller,Netherlands,34.0,None,Hotel Partner,2025-02-07,False
C02685,Itai,Kulkarni,India,12.0,None,Referral,2025-02-13,False
C02686,Ravi,Reddy,India,43.0,None,Website,2025-02-11,False
C02687,Pierre,Rossi,India,52.0,Advanced,Hotel Partner,2025-02-15,False
C02688,Divya,Gupta,United Kingdom,36.0,Advanced,Walk-in,2025-02-09,False
C02689,Kavya,Patel,India,33.0,Open Water,OTA,2025-02-08,False
C02690,Kavya,Banerjee,Netherlands,32.0,Rescue,OTA,2025-02-08,False
C02691,Daniel,Gupta,India,,Advanced,Website,2025-02-10,True
C02692,Minjun,Levi,India,28.0,Open Water,Referral,2025-02-12,False
C02693,Sneha,Muller,India,,Open Water,Unknown,2025-02-17,True
C02694,Dmitri,Muller,Germany,44.0,None,Unknown,2025-02-10,False
C02695,Sven,Petrova,Italy,39.0,None,Walk-in,2025-02-09,False
C02696,Sophie,Dubois,Russia,33.0,None,Walk-in,2025-02-14,False
C02697,Liam,Taylor,India,34.0,Rescue,Website,2025-02-15,False
C02698,Olga,Rossi,India,,None,Instagram,2025-02-18,True
C02699,Lukas,Rossi,India,25.0,Advanced,Instagram,2025-02-16,False
C02700,Divya,Wilson,India,36.0,Advanced,Unknown,2025-02-11,False
C02701,Olga,Petrova,India,32.0,Open Water,Walk-in,2025-02-14,False
C02702,Daniel,Wilson,South Korea,22.0,None,Referral,2025-02-13,False
C02703,Ishaan,Cohen,India,33.0,None,Walk-in,2025-02-08,False
C02704,Priya,Levi,India,35.0,Advanced,Instagram,2025-02-15,False
C02705,Sophie,Jansen,India,,None,Walk-in,2025-02-16,True
C02706,Olga,Rossi,United Kingdom,30.0,None,Website,2025-02-10,False
C02707,Ananya,Kulkarni,India,43.0,Rescue,Referral,2025-02-13,False
C02708,Neha,Rossi,Italy,22.0,None,Unknown,2025-02-12,False
C02709,Pooja,Iyer,India,27.0,None,OTA,2025-02-14,False
C02710,Kavya,Park,India,51.0,None,Website,2025-02-11,False
C02711,Siddharth,Nair,France,33.0,Open Water,Instagram,2025-02-18,False
C02712,Ishaan,Iyer,United Kingdom,40.0,None,Website,2025-02-12,False
C02713,Dmitri,Wilson,India,48.0,Open Water,OTA,2025-02-09,False
C02714,Meera,OConnor,India,18.0,Open Water,Unknown,2025-02-09,False
C02715,Itai,Dubois,France,,Open Water,Website,2025-02-19,True
C02716,Aarav,Desai,India,48.0,Open Water,Unknown,2025-02-16,False
C02717,Aditya,OConnor,India,31.0,None,Walk-in,2025-02-19,False
C02718,Elena,OConnor,France,26.0,Advanced,Website,2025-02-12,False
C02719,Liam,Desai,United States,42.0,None,Referral,2025-02-10,False
C02720,Aditya,Menon,India,36.0,None,Walk-in,2025-02-11,False
C02721,Yuki,Park,India,43.0,None,Walk-in,2025-02-17,False
C02722,Liam,Rao,United Kingdom,48.0,None,Instagram,2025-02-16,False
C02723,Aarav,Petrova,India,33.0,Open Water,Instagram,2025-02-18,False
C02724,Neha,Chowdhury,Australia,49.0,Open Water,Website,2025-02-16,False
C02725,Liam,Kulkarni,India,27.0,None,Walk-in,2025-02-17,False
C02726,Hannah,Tanaka,India,46.0,None,Walk-in,2025-02-15,False
C02727,Yuki,Sharma,India,,None,Walk-in,2025-02-16,True
C02728,Neha,Levi,India,42.0,None,Hotel Partner,2025-02-14,False
C02729,Divya,Banerjee,Netherlands,28.0,None,Referral,2025-02-20,False
C02730,Meera,Petrova,India,34.0,None,Hotel Partner,2025-02-18,False
C02731,Siddharth,Tanaka,Germany,39.0,None,Walk-in,2025-02-20,False
C02732,Elena,Ivanov,India,45.0,Open Water,Referral,2025-02-10,False
C02733,Camille,Gupta,India,,None,Unknown,2025-02-17,True
C02734,Divya,Kulkarni,India,25.0,Rescue,Instagram,2025-02-13,False
C02735,Tom,Kulkarni,India,16.0,Open Water,Hotel Partner,2025-02-16,False
C02736,Emma,Taylor,India,34.0,None,Walk-in,2025-02-17,False
C02737,Sarah,Brown,India,47.0,None,OTA,2025-02-16,False
C02738,Divya,Reddy,United Kingdom,24.0,None,OTA,2025-02-16,False
C02739,Noa,Brown,Russia,18.0,None,Instagram,2025-02-12,False
C02740,James,Cohen,India,23.0,None,Referral,2025-02-13,False
C02741,Aditya,Kim,India,25.0,None,Instagram,2025-02-15,False
C02742,Ravi,Ivanov,Australia,23.0,None,Instagram,2025-02-14,False
C02743,Arjun,Levi,India,44.0,None,OTA,2025-02-12,False
C02744,Aarav,Bakker,India,40.0,None,OTA,2025-02-13,False
C02745,Camille,Kim,Israel,33.0,None,Referral,2025-02-17,False
C02746,Lukas,Levi,India,31.0,Advanced,Website,2025-02-15,False
C02747,Ishaan,Gupta,Netherlands,32.0,Advanced,Walk-in,2025-02-21,False
C02748,Neha,Banerjee,Germany,22.0,None,Hotel Partner,2025-02-15,False
C02749,Karan,Iyer,United States,23.0,Open Water,Website,2025-02-18,False
C02750,Priya,Kim,India,40.0,Open Water,Walk-in,2025-02-14,False
C02751,Neha,Levi,Germany,40.0,None,Unknown,2025-02-15,False
C02752,Camille,Jansen,India,28.0,Advanced,Unknown,2025-02-22,False
C02753,Ishaan,Patel,United States,31.0,Open Water,Walk-in,2025-02-21,False
C02754,Ravi,Gupta,India,40.0,Divemaster,OTA,2025-02-16,False
C02755,Camille,Smith,India,13.0,Advanced,Referral,2025-02-23,False
C02756,Liam,Dubois,United States,26.0,Open Water,Hotel Partner,2025-02-13,False
C02757,Kavya,Dubois,India,35.0,None,Referral,2025-02-17,False
C02758,Marco,Tanaka,Germany,43.0,None,Referral,2025-02-22,False
C02759,Chloe,Dubois,India,37.0,None,Walk-in,2025-02-15,False
C02760,Noa,Reddy,India,34.0,None,Walk-in,2025-02-14,False
C02761,Rohan,Iyer,Netherlands,39.0,Open Water,Walk-in,2025-02-14,False
C02762,Sven,Kulkarni,India,26.0,None,Website,2025-02-17,False
C02763,Ishaan,Dubois,Germany,30.0,None,Unknown,2025-02-16,False
C02764,Ananya,Chowdhury,India,12.0,Open Water,Unknown,2025-02-19,False
C02765,Priya,Patel,India,35.0,None,Unknown,2025-02-22,False
C02766,Marco,Brown,Russia,41.0,None,Referral,2025-02-23,False
C02767,Olga,Cohen,India,23.0,None,Hotel Partner,2025-02-23,False
C02768,Meera,Bakker,India,13.0,None,Unknown,2025-02-14,False
C02769,Itai,Desai,Israel,22.0,None,Instagram,2025-02-22,False
C02770,Hannah,Muller,United States,49.0,None,Website,2025-02-15,False
C02771,Sarah,Smith,Italy,22.0,None,OTA,2025-02-21,False
C02772,Priya,Smith,India,28.0,None,Walk-in,2025-02-17,False
C02773,Aarav,Jansen,United Kingdom,44.0,None,Hotel Partner,2025-02-15,False
C02774,Aarav,Smith,India,34.0,Open Water,Instagram,2025-02-25,False
C02775,Priya,Bakker,India,38.0,Advanced,OTA,2025-02-23,False
C02776,Sarah,Desai,India,,Open Water,Walk-in,2025-02-19,True
C02777,Hannah,Reddy,Germany,36.0,None,Hotel Partner,2025-02-16,False
C02778,Ishaan,OConnor,South Korea,26.0,Open Water,Instagram,2025-02-21,False
C02779,Chloe,Gupta,Australia,61.0,None,Hotel Partner,2025-02-17,False
C02780,Pierre,Dubois,South Korea,44.0,None,Walk-in,2025-02-18,False
C02781,Rohan,Smith,India,15.0,Advanced,Referral,2025-02-22,False
C02782,Neha,Kim,Germany,49.0,Rescue,Unknown,2025-02-19,False
C02783,Dmitri,Sharma,Russia,20.0,Open Water,Referral,2025-02-24,False
C02784,Liam,Rossi,Australia,31.0,None,Referral,2025-02-25,False
C02785,Rohan,Park,India,34.0,None,Website,2025-02-20,False
C02786,Rohan,Brown,France,46.0,None,Unknown,2025-02-17,False
C02787,Elena,Bakker,United States,45.0,Advanced,Website,2025-02-17,False
C02788,Noa,Gupta,India,25.0,Advanced,OTA,2025-02-23,False
C02789,Chloe,Rossi,France,,Open Water,Referral,2025-02-18,True
C02790,Rahul,Petrova,Netherlands,37.0,Open Water,Website,2025-02-17,False
C02791,Olga,Dubois,Germany,37.0,Rescue,Unknown,2025-02-17,False
C02792,Minjun,Kulkarni,India,31.0,Rescue,OTA,2025-02-25,False
C02793,Minjun,Sharma,India,34.0,None,Website,2025-02-20,False
C02794,Kavya,Kim,India,36.0,Open Water,Hotel Partner,2025-02-21,False
C02795,Dmitri,Muller,India,,Advanced,OTA,2025-02-22,True
C02796,Siddharth,Kim,United Kingdom,42.0,None,Referral,2025-02-23,False
C02797,Siddharth,Tanaka,United States,26.0,None,OTA,2025-02-20,False
C02798,Tom,Rao,India,44.0,Open Water,Walk-in,2025-02-18,False
C02799,Itai,Kim,India,40.0,Advanced,Walk-in,2025-02-23,False
C02800,Kavya,Levi,India,35.0,None,Website,2025-02-22,False
C02801,Aarav,Patel,United Kingdom,44.0,None,Hotel Partner,2025-02-19,False
C02802,Siddharth,Gupta,India,40.0,Rescue,Walk-in,2025-02-21,False
C02803,Sophie,Menon,India,31.0,Open Water,Walk-in,2025-02-26,False
C02804,Karan,Ivanov,Australia,26.0,None,Hotel Partner,2025-02-20,False
C02805,Emma,Levi,India,31.0,Open Water,OTA,2025-02-25,False
C02806,Olga,Bakker,India,33.0,Advanced,Hotel Partner,2025-02-20,False
C02807,Ishaan,Patel,United States,25.0,None,Walk-in,2025-02-25,False
C02808,Ishaan,Dubois,Israel,41.0,Open Water,Walk-in,2025-02-20,False
C02809,Sarah,Dubois,India,27.0,Advanced,OTA,2025-02-24,False
C02810,Emma,Jansen,Russia,46.0,Open Water,Website,2025-02-27,False
C02811,Lukas,Levi,India,19.0,None,Referral,2025-02-23,False
C02812,Rahul,Menon,Russia,21.0,None,OTA,2025-02-28,False
C02813,Ravi,Kim,India,23.0,Advanced,Walk-in,2025-02-20,False
C02814,Liam,Muller,Australia,24.0,Rescue,Walk-in,2025-02-24,False
C02815,Camille,Rao,Australia,29.0,None,Walk-in,2025-02-20,False
C02816,Hannah,Patel,Israel,37.0,None,Referral,2025-02-28,False
C02817,Emma,Bakker,Australia,51.0,None,Walk-in,2025-02-20,False
C02818,James,Banerjee,India,39.0,Open Water,Walk-in,2025-02-25,False
C02819,Ananya,Nair,France,20.0,None,Instagram,2025-02-27,False
C02820,Sophie,Patel,Germany,14.0,None,Walk-in,2025-02-22,False
C02821,Pooja,Muller,India,35.0,None,Referral,2025-02-23,False
C02822,Siddharth,Desai,United Kingdom,15.0,None,OTA,2025-03-02,False
C02823,Arjun,Tanaka,India,41.0,None,Walk-in,2025-03-02,False
C02824,Priya,Jansen,India,30.0,None,Instagram,2025-02-25,False
C02825,Tom,Petrova,India,34.0,None,Website,2025-03-01,False
C02826,Noa,Park,India,20.0,Open Water,Hotel Partner,2025-02-24,False
C02827,Divya,Rao,India,34.0,None,Website,2025-02-24,False
C02828,Liam,Tanaka,France,18.0,Advanced,OTA,2025-03-02,False
C02829,Liam,Menon,India,42.0,Open Water,Referral,2025-02-23,False
C02830,Aditya,Reddy,India,20.0,Open Water,Walk-in,2025-02-28,False
C02831,Ananya,Kulkarni,United Kingdom,23.0,None,Walk-in,2025-02-22,False
C02832,Noa,Banerjee,India,33.0,None,Hotel Partner,2025-02-24,False
C02833,Camille,Jansen,United Kingdom,38.0,Open Water,OTA,2025-02-25,False
C02834,Lukas,Muller,India,40.0,None,Website,2025-03-02,False
C02835,Daniel,Park,India,42.0,None,Walk-in,2025-02-25,False
C02836,Lukas,Desai,India,25.0,Advanced,OTA,2025-03-01,False
C02837,Arjun,Brown,Japan,33.0,None,OTA,2025-02-28,False
C02838,Itai,Wilson,Russia,30.0,None,Website,2025-02-24,False
C02839,Vikram,Taylor,France,16.0,None,Walk-in,2025-02-28,False
C02840,Hannah,Chowdhury,Russia,26.0,None,OTA,2025-02-28,False
C02841,Ravi,Kim,India,29.0,Open Water,Hotel Partner,2025-02-28,False
C02842,Kavya,Ivanov,Germany,38.0,Advanced,Walk-in,2025-02-25,False
C02843,Olga,Schmidt,India,22.0,None,Website,2025-03-02,False
C02844,Camille,Muller,India,35.0,None,Walk-in,2025-03-05,False
C02845,Lukas,Iyer,United Kingdom,47.0,None,Website,2025-02-28,False
C02846,Tom,Rossi,India,23.0,None,Referral,2025-03-05,False
C02847,Pierre,Wilson,Netherlands,30.0,Advanced,Unknown,2025-03-01,False
C02848,Lukas,Ivanov,South Korea,40.0,Advanced,Website,2025-03-03,False
C02849,Emma,Park,India,44.0,None,Instagram,2025-02-25,False
C02850,Aditya,Cohen,Russia,,Rescue,Website,2025-02-23,True
C02851,Kavya,Jansen,India,38.0,Rescue,OTA,2025-03-03,False
C02852,Daniel,Iyer,India,37.0,Open Water,Website,2025-03-01,False
C02853,James,Sharma,India,,Advanced,OTA,2025-02-27,True
C02854,Rohan,Banerjee,Germany,52.0,None,Unknown,2025-03-05,False
C02855,Ishaan,Levi,India,39.0,None,Instagram,2025-03-03,False
C02856,Karan,Nair,France,40.0,Advanced,Instagram,2025-03-04,False
C02857,Dmitri,Schmidt,India,49.0,None,Website,2025-02-28,False
C02858,Karan,Taylor,India,28.0,None,Website,2025-03-03,False
C02859,Aarav,Gupta,India,35.0,Open Water,Walk-in,2025-02-27,False
C02860,Emma,Tanaka,India,45.0,Open Water,Referral,2025-03-02,False
C02861,Aarav,Brown,India,26.0,Open Water,Instagram,2025-03-01,False
C02862,Karan,Banerjee,India,30.0,None,Unknown,2025-03-02,False
C02863,Meera,Kulkarni,India,37.0,Open Water,Unknown,2025-02-27,False
C02864,Elena,Smith,United States,26.0,None,Hotel Partner,2025-03-04,False
C02865,Kavya,Tanaka,India,40.0,None,Website,2025-03-01,False
C02866,Yuki,Rossi,India,40.0,Advanced,Website,2025-03-03,False
C02867,Rahul,Gupta,Netherlands,28.0,None,Walk-in,2025-03-04,False
C02868,Siddharth,Rao,India,27.0,Rescue,Walk-in,2025-03-04,False
C02869,Itai,Cohen,India,54.0,Advanced,Instagram,2025-02-26,False
C02870,Ananya,Levi,India,47.0,None,Referral,2025-03-04,False
C02871,Camille,Dubois,India,38.0,Advanced,OTA,2025-03-01,False
C02872,Camille,Desai,India,41.0,None,Referral,2025-03-08,False
C02873,Hannah,Wilson,Israel,28.0,None,Walk-in,2025-03-04,False
C02874,Ishaan,Cohen,India,30.0,None,Website,2025-03-07,False
C02875,Itai,Petrova,India,42.0,Advanced,Website,2025-02-28,False
C02876,Pierre,Tanaka,Germany,33.0,None,Unknown,2025-03-07,False
C02877,Marco,Petrova,India,18.0,None,Instagram,2025-03-02,False
C02878,Kavya,Iyer,India,38.0,Open Water,Referral,2025-03-06,False
C02879,Sven,Muller,India,33.0,Open Water,Walk-in,2025-03-05,False
C02880,Olga,Dubois,India,25.0,Open Water,Unknown,2025-03-07,False
C02881,Siddharth,Cohen,India,27.0,Open Water,Website,2025-03-08,False
C02882,Arjun,Wilson,India,44.0,Advanced,Walk-in,2025-02-28,False
C02883,Chloe,Dubois,India,39.0,None,Website,2025-03-07,False
C02884,Itai,OConnor,India,37.0,Open Water,Walk-in,2025-02-27,False
C02885,Liam,Kulkarni,Australia,23.0,None,Referral,2025-02-28,False
C02886,Emma,Schmidt,Australia,37.0,None,Hotel Partner,2025-03-07,False
C02887,Dmitri,Petrova,India,35.0,None,Website,2025-03-08,False
C02888,Sven,Reddy,Russia,28.0,Open Water,Walk-in,2025-03-06,False
C02889,Hannah,Reddy,India,40.0,Open Water,Website,2025-03-07,False
C02890,Pierre,Sharma,United Kingdom,31.0,None,Hotel Partner,2025-03-06,False
C02891,James,Levi,India,25.0,None,Instagram,2025-03-04,False
C02892,Arjun,Sharma,South Korea,34.0,None,Hotel Partner,2025-03-04,False
C02893,Siddharth,Dubois,Germany,33.0,None,Walk-in,2025-03-07,False
C02894,Ananya,Sharma,India,,Open Water,Website,2025-03-04,True
C02895,Meera,Iyer,India,47.0,None,Hotel Partner,2025-03-05,False
C02896,Kavya,Ivanov,India,44.0,None,Unknown,2025-03-07,False
C02897,Elena,Rao,India,36.0,Advanced,Referral,2025-03-02,False
C02898,Aditya,Cohen,India,55.0,Open Water,Instagram,2025-03-06,False
C02899,James,Smith,Israel,40.0,None,Referral,2025-03-02,False
C02900,Anouk,Kim,United Kingdom,33.0,None,Unknown,2025-03-06,False
C02901,Divya,Bakker,India,36.0,None,Unknown,2025-03-02,False
C02902,Ananya,Ivanov,Germany,44.0,None,Hotel Partner,2025-03-05,False
C02903,Ravi,Levi,Australia,26.0,Open Water,Referral,2025-03-02,False
C02904,Noa,Cohen,Netherlands,30.0,None,OTA,2025-03-11,False
C02905,Sarah,Levi,United Kingdom,34.0,Open Water,Walk-in,2025-03-05,False
C02906,Camille,Petrova,India,35.0,None,Instagram,2025-03-09,False
C02907,Ananya,Iyer,Germany,33.0,Advanced,Walk-in,2025-03-08,False
C02908,Marco,Kim,India,42.0,Open Water,Unknown,2025-03-07,False
C02909,Sophie,Rossi,United Kingdom,38.0,None,Website,2025-03-06,False
C02910,Sneha,Schmidt,India,36.0,None,Hotel Partner,2025-03-08,False
C02911,Neha,Ivanov,India,26.0,Open Water,Instagram,2025-03-05,False
C02912,Yuki,Ivanov,Germany,32.0,Advanced,OTA,2025-03-09,False
C02913,Priya,Desai,India,32.0,Open Water,OTA,2025-03-11,False
C02914,Lukas,Levi,Italy,12.0,Open Water,Hotel Partner,2025-03-06,False
C02915,Siddharth,Kulkarni,India,38.0,None,Unknown,2025-03-09,False
C02916,Itai,Park,Netherlands,36.0,None,Hotel Partner,2025-03-12,False
C02917,Siddharth,Taylor,France,18.0,None,Referral,2025-03-14,False
C02918,Arjun,Rossi,South Korea,38.0,Open Water,Referral,2025-03-14,False
C02919,Elena,Muller,India,30.0,Open Water,Website,2025-03-07,False
C02920,Liam,Banerjee,Germany,19.0,Open Water,Walk-in,2025-03-14,False
C02921,Neha,Bakker,India,18.0,Open Water,Referral,2025-03-06,False
C02922,Divya,Ivanov,India,48.0,None,OTA,2025-03-11,False
C02923,Yuki,Smith,India,34.0,None,Referral,2025-03-08,False
C02924,Sven,Iyer,Netherlands,36.0,None,Website,2025-03-12,False
C02925,Tom,Dubois,India,22.0,Advanced,Instagram,2025-03-12,False
C02926,Meera,Tanaka,United Kingdom,21.0,None,Hotel Partner,2025-03-13,False
C02927,Pierre,Cohen,Netherlands,32.0,Open Water,Referral,2025-03-05,False
C02928,Anouk,Gupta,India,36.0,None,Website,2025-03-05,False
C02929,Ishaan,Menon,Netherlands,38.0,Open Water,Walk-in,2025-03-05,False
C02930,Aarav,Dubois,India,32.0,None,Hotel Partner,2025-03-13,False
C02931,Sneha,Iyer,India,40.0,None,Referral,2025-03-11,False
C02932,Kavya,Muller,India,27.0,None,Walk-in,2025-03-11,False
C02933,Karan,Brown,Germany,37.0,None,Walk-in,2025-03-09,False
C02934,Liam,Bakker,Russia,39.0,None,Walk-in,2025-03-12,False
C02935,James,Cohen,France,,Open Water,Unknown,2025-03-12,True
C02936,Chloe,Dubois,India,29.0,None,OTA,2025-03-10,False
C02937,Siddharth,Banerjee,India,,Advanced,Unknown,2025-03-12,True
C02938,Divya,Dubois,India,,Open Water,OTA,2025-03-06,True
C02939,Divya,Wilson,Netherlands,48.0,Open Water,Website,2025-03-14,False
C02940,Aditya,Kim,France,,Rescue,Walk-in,2025-03-11,True
C02941,Rohan,Sharma,United Kingdom,31.0,Open Water,Website,2025-03-11,False
C02942,Pooja,Dubois,India,21.0,None,Walk-in,2025-03-15,False
C02943,Aarav,Dubois,India,41.0,Open Water,Website,2025-03-15,False
C02944,Sarah,Rossi,Russia,21.0,Advanced,Referral,2025-03-17,False
C02945,Daniel,Kim,India,39.0,Open Water,Hotel Partner,2025-03-09,False
C02946,Neha,Patel,Australia,39.0,Advanced,Website,2025-03-11,False
C02947,Neha,Muller,India,29.0,Open Water,OTA,2025-03-10,False
C02948,Meera,Park,United Kingdom,18.0,Open Water,Referral,2025-03-08,False
C02949,Pierre,Brown,Australia,19.0,Open Water,Unknown,2025-03-11,False
C02950,James,Rossi,Germany,,Advanced,Instagram,2025-03-11,True
C02951,Ishaan,Muller,Germany,12.0,Advanced,Website,2025-03-10,False
C02952,Sophie,Reddy,India,38.0,None,Hotel Partner,2025-03-13,False
C02953,Meera,Smith,Germany,25.0,Open Water,Walk-in,2025-03-10,False
C02954,Karan,Chowdhury,United Kingdom,49.0,None,Hotel Partner,2025-03-16,False
C02955,Noa,Cohen,Italy,30.0,Open Water,Unknown,2025-03-10,False
C02956,Tom,Wilson,India,33.0,Open Water,Instagram,2025-03-15,False
C02957,Kavya,Kulkarni,United States,43.0,Advanced,Hotel Partner,2025-03-16,False
C02958,Liam,OConnor,India,,None,OTA,2025-03-13,True
C02959,Sneha,Kim,South Korea,21.0,Open Water,Website,2025-03-10,False
C02960,Aditya,Nair,Germany,45.0,Advanced,Hotel Partner,2025-03-16,False
C02961,Pierre,Tanaka,United Kingdom,45.0,Open Water,OTA,2025-03-13,False
C02962,Yuki,Park,Netherlands,12.0,Open Water,Instagram,2025-03-18,False
C02963,Noa,Tanaka,Italy,43.0,Rescue,OTA,2025-03-17,False
C02964,Divya,Tanaka,Israel,37.0,Divemaster,Walk-in,2025-03-18,False
C02965,Emma,Nair,United Kingdom,15.0,None,Hotel Partner,2025-03-16,False
C02966,Emma,Muller,India,25.0,Advanced,Website,2025-03-19,False
C02967,Lukas,Kulkarni,India,22.0,None,Website,2025-03-13,False
C02968,Camille,Patel,India,22.0,Open Water,Website,2025-03-10,False
C02969,Kavya,Muller,Netherlands,45.0,Advanced,Walk-in,2025-03-15,False
C02970,Camille,Gupta,France,43.0,Open Water,OTA,2025-03-11,False
C02971,Sven,Nair,India,,None,Walk-in,2025-03-13,True
C02972,Ananya,Iyer,Italy,29.0,Open Water,Unknown,2025-03-16,False
C02973,James,Rossi,India,32.0,Open Water,Website,2025-03-12,False
C02974,Neha,Reddy,Australia,14.0,Open Water,OTA,2025-03-19,False
C02975,Neha,OConnor,India,39.0,None,Hotel Partner,2025-03-20,False
C02976,Vikram,Kulkarni,Australia,,Advanced,Walk-in,2025-03-14,True
C02977,Lukas,Gupta,India,28.0,Advanced,Referral,2025-03-17,False
C02978,Yuki,Desai,Russia,24.0,Advanced,Referral,2025-03-19,False
C02979,Minjun,Kulkarni,Germany,24.0,None,Instagram,2025-03-15,False
C02980,Ananya,Chowdhury,India,38.0,Open Water,Walk-in,2025-03-17,False
C02981,Sven,Muller,India,26.0,None,Referral,2025-03-14,False
C02982,Daniel,Patel,United Kingdom,19.0,None,Hotel Partner,2025-03-14,False
C02983,Lukas,Muller,United Kingdom,28.0,None,Instagram,2025-03-19,False
C02984,Ravi,Wilson,Germany,32.0,None,Walk-in,2025-03-15,False
C02985,Ishaan,Rossi,India,24.0,Open Water,Instagram,2025-03-14,False
C02986,Ananya,Smith,India,34.0,None,Walk-in,2025-03-12,False
C02987,Tom,Banerjee,Germany,34.0,Open Water,Walk-in,2025-03-15,False
C02988,Rahul,Ivanov,Japan,52.0,None,Website,2025-03-20,False
C02989,Itai,Kulkarni,India,30.0,Rescue,Referral,2025-03-20,False
C02990,Tom,Chowdhury,Italy,28.0,Open Water,OTA,2025-03-17,False
C02991,Rohan,Park,Germany,56.0,Open Water,Unknown,2025-03-14,False
C02992,Olga,Rossi,Italy,26.0,None,Referral,2025-03-12,False
C02993,Ananya,Schmidt,India,32.0,None,Unknown,2025-03-18,False
C02994,Hannah,Desai,Israel,49.0,None,Referral,2025-03-12,False
C02995,Sophie,Reddy,United Kingdom,42.0,Rescue,OTA,2025-03-14,False
C02996,Arjun,Dubois,India,37.0,Advanced,Website,2025-03-13,False
C02997,Noa,Kim,Italy,48.0,None,OTA,2025-03-13,False
C02998,Rahul,Ivanov,India,34.0,None,Walk-in,2025-03-20,False
C02999,Pooja,Taylor,India,39.0,Open Water,Unknown,2025-03-18,False
C03000,Chloe,Kulkarni,India,25.0,Open Water,Website,2025-03-17,False
C03001,Tom,Dubois,United States,40.0,None,Unknown,2025-03-19,False
C03002,Itai,Ivanov,India,24.0,Advanced,Walk-in,2025-03-20,False
C03003,Sven,Chowdhury,India,33.0,Advanced,Walk-in,2025-03-22,False
C03004,Rahul,Patel,Netherlands,53.0,None,Referral,2025-03-19,False
C03005,Yuki,Menon,India,17.0,None,OTA,2025-03-16,False
C03006,Ravi,Schmidt,India,31.0,None,Referral,2025-03-16,False
C03007,Itai,Park,Germany,29.0,None,Instagram,2025-03-16,False
C03008,Sneha,Park,India,25.0,None,Referral,2025-03-14,False
C03009,Noa,Iyer,United Kingdom,,Rescue,OTA,2025-03-22,True
C03010,Sarah,Sharma,Israel,22.0,Divemaster,Instagram,2025-03-20,False
C03011,Aditya,Park,Israel,28.0,Advanced,OTA,2025-03-17,False
C03012,Marco,Menon,India,22.0,None,Walk-in,2025-03-24,False
C03013,Marco,Patel,United Kingdom,43.0,Open Water,Website,2025-03-16,False
C03014,Neha,Dubois,Italy,54.0,None,Website,2025-03-16,False
C03015,Emma,Petrova,India,28.0,None,Hotel Partner,2025-03-23,False
C03016,Sven,Schmidt,France,,Divemaster,OTA,2025-03-17,True
C03017,Marco,Muller,Russia,31.0,None,Walk-in,2025-03-18,False
C03018,James,Tanaka,India,25.0,Open Water,OTA,2025-03-14,False
C03019,Sneha,Brown,India,37.0,Open Water,Instagram,2025-03-18,False
C03020,Elena,Wilson,India,32.0,Open Water,Instagram,2025-03-22,False
C03021,Priya,Sharma,India,36.0,None,Website,2025-03-15,False
C03022,Sarah,OConnor,India,36.0,Open Water,Walk-in,2025-03-15,False
C03023,Chloe,Schmidt,Russia,23.0,None,OTA,2025-03-17,False
C03024,Elena,Jansen,India,22.0,None,Walk-in,2025-03-17,False
C03025,Ananya,Nair,Japan,31.0,Open Water,Referral,2025-03-19,False
C03026,Camille,Schmidt,Australia,52.0,Open Water,Hotel Partner,2025-03-20,False
C03027,Chloe,Banerjee,Netherlands,37.0,None,OTA,2025-03-16,False
C03028,Tom,Levi,India,49.0,Open Water,OTA,2025-03-16,False
C03029,Pierre,Reddy,United Kingdom,52.0,Advanced,OTA,2025-03-22,False
C03030,Pierre,Menon,India,39.0,None,Referral,2025-03-23,False
C03031,Pooja,Banerjee,Netherlands,34.0,Advanced,OTA,2025-03-23,False
C03032,Sven,Rao,Israel,43.0,Open Water,Hotel Partner,2025-03-24,False
C03033,Ishaan,Chowdhury,India,19.0,Open Water,OTA,2025-03-21,False
C03034,Anouk,Kim,United States,38.0,None,Referral,2025-03-25,False
C03035,Divya,Taylor,Russia,39.0,None,Walk-in,2025-03-22,False
C03036,Kavya,Iyer,Japan,44.0,Open Water,Walk-in,2025-03-23,False
C03037,Ravi,Wilson,India,45.0,Open Water,OTA,2025-03-26,False
C03038,Sarah,Bakker,India,45.0,None,Website,2025-03-26,False
C03039,Pooja,Jansen,India,36.0,None,Website,2025-03-26,False
C03040,Pierre,Iyer,India,34.0,None,Instagram,2025-03-26,False
C03041,Priya,Brown,Italy,35.0,Advanced,Referral,2025-03-18,False
C03042,Ishaan,Sharma,India,12.0,None,Referral,2025-03-18,False
C03043,Meera,Petrova,Italy,30.0,Open Water,Instagram,2025-03-22,False
C03044,Lukas,Desai,France,39.0,None,Instagram,2025-03-18,False
C03045,Hannah,Levi,India,28.0,Advanced,OTA,2025-03-19,False
C03046,Ananya,Chowdhury,France,25.0,Open Water,OTA,2025-03-22,False
C03047,Rahul,Cohen,India,20.0,None,Referral,2025-03-27,False
C03048,Siddharth,Patel,India,22.0,Open Water,Website,2025-03-19,False
C03049,Meera,Brown,India,50.0,Advanced,OTA,2025-03-21,False
C03050,Divya,Rao,India,19.0,None,OTA,2025-03-27,False
C03051,Hannah,Cohen,United States,32.0,Open Water,Walk-in,2025-03-19,False
C03052,Divya,Jansen,Australia,41.0,None,OTA,2025-03-19,False
C03053,Rohan,Levi,South Korea,32.0,Advanced,Unknown,2025-03-18,False
C03054,Yuki,Rossi,India,13.0,Open Water,Website,2025-03-26,False
C03055,Sophie,Rao,India,46.0,None,Hotel Partner,2025-03-26,False
C03056,Liam,Dubois,India,36.0,Open Water,OTA,2025-03-22,False
C03057,Siddharth,OConnor,India,31.0,None,OTA,2025-03-25,False
C03058,Dmitri,Cohen,India,34.0,None,Referral,2025-03-19,False
C03059,Vikram,Levi,India,27.0,None,OTA,2025-03-27,False
C03060,Rohan,Patel,Italy,45.0,Open Water,Instagram,2025-03-24,False
C03061,Sophie,Rossi,India,24.0,None,Website,2025-03-27,False
C03062,Meera,OConnor,India,32.0,Open Water,Walk-in,2025-03-19,False
C03063,Karan,Smith,Germany,40.0,None,Instagram,2025-03-18,False
C03064,Sarah,Bakker,Netherlands,31.0,Open Water,OTA,2025-03-21,False
C03065,Liam,Smith,India,24.0,None,OTA,2025-03-26,False
C03066,Sarah,Tanaka,Russia,39.0,None,Instagram,2025-03-23,False
C03067,Sneha,Rao,India,44.0,Open Water,Hotel Partner,2025-03-29,False
C03068,Rahul,Chowdhury,India,,None,Walk-in,2025-03-28,True
C03069,Yuki,Rao,Russia,,Advanced,Referral,2025-03-24,True
C03070,Pierre,Park,India,27.0,None,Hotel Partner,2025-03-27,False
C03071,Ishaan,Dubois,Germany,25.0,None,Unknown,2025-03-22,False
C03072,Pierre,Bakker,United Kingdom,,None,Walk-in,2025-03-19,True
C03073,Daniel,Nair,Germany,18.0,Open Water,Instagram,2025-03-26,False
C03074,Rahul,Kim,India,42.0,None,Walk-in,2025-03-26,False
C03075,Arjun,Wilson,France,27.0,None,OTA,2025-03-23,False
C03076,Emma,Banerjee,Netherlands,39.0,None,Referral,2025-03-28,False
C03077,Lukas,Nair,India,,Advanced,Website,2025-03-27,True
C03078,Daniel,Chowdhury,United Kingdom,33.0,Open Water,OTA,2025-03-30,False
C03079,Rahul,Dubois,India,25.0,Divemaster,Unknown,2025-03-26,False
C03080,Kavya,Banerjee,India,27.0,Advanced,Hotel Partner,2025-03-20,False
C03081,Kavya,Jansen,India,40.0,None,Unknown,2025-03-28,False
C03082,Chloe,OConnor,India,47.0,None,Walk-in,2025-03-24,False
C03083,Sven,Kim,Germany,30.0,Open Water,Website,2025-03-28,False
C03084,Daniel,Petrova,India,28.0,None,Referral,2025-03-22,False
C03085,Olga,Schmidt,India,17.0,Open Water,Walk-in,2025-03-23,False
C03086,Vikram,Smith,Russia,27.0,Rescue,Walk-in,2025-03-25,False
C03087,Liam,Wilson,India,47.0,Open Water,Walk-in,2025-03-26,False
C03088,Arjun,Jansen,United Kingdom,53.0,None,Unknown,2025-03-22,False
C03089,Camille,Jansen,India,36.0,None,Website,2025-03-29,False
C03090,Liam,Levi,Australia,35.0,Advanced,OTA,2025-03-20,False
C03091,Marco,Patel,Russia,30.0,None,Referral,2025-03-22,False
C03092,Hannah,OConnor,India,20.0,None,Website,2025-03-22,False
C03093,Tom,Dubois,United Kingdom,31.0,Advanced,Referral,2025-03-23,False
C03094,Sneha,Smith,India,45.0,Open Water,OTA,2025-03-22,False
C03095,Minjun,Bakker,United States,28.0,Advanced,Website,2025-03-22,False
C03096,Rohan,Muller,India,27.0,Advanced,Walk-in,2025-03-30,False
C03097,Aditya,Kulkarni,India,25.0,Open Water,Website,2025-03-23,False
C03098,Dmitri,Reddy,United Kingdom,25.0,Divemaster,OTA,2025-03-30,False
C03099,Ananya,Park,South Korea,39.0,Open Water,Walk-in,2025-03-30,False
C03100,Liam,Dubois,India,39.0,None,Walk-in,2025-03-25,False
C03101,James,Schmidt,France,36.0,Open Water,Referral,2025-03-27,False
C03102,Neha,Rossi,India,47.0,Open Water,OTA,2025-03-25,False
C03103,Pierre,Jansen,United States,30.0,None,Website,2025-03-28,False
C03104,Elena,Rossi,United Kingdom,31.0,Open Water,Walk-in,2025-03-22,False
C03105,Siddharth,Kim,India,36.0,None,Website,2025-03-31,False
C03106,Neha,Desai,India,25.0,None,Hotel Partner,2025-03-25,False
C03107,Ananya,Iyer,India,38.0,Open Water,Website,2025-03-24,False
C03108,Anouk,Wilson,India,,None,Referral,2025-03-25,True
C03109,Dmitri,Park,India,53.0,Open Water,OTA,2025-03-28,False
C03110,Hannah,Iyer,India,32.0,None,Instagram,2025-03-30,False
C03111,Aarav,Levi,Italy,40.0,Open Water,Referral,2025-03-29,False
C03112,Ananya,Chowdhury,India,29.0,Open Water,Walk-in,2025-04-01,False
C03113,Chloe,Desai,Germany,37.0,Open Water,OTA,2025-03-23,False
C03114,Minjun,Bakker,India,25.0,None,OTA,2025-03-31,False
C03115,Pierre,Rao,India,45.0,None,OTA,2025-04-01,False
C03116,Hannah,Desai,Netherlands,37.0,None,Walk-in,2025-04-01,False
C03117,Marco,Brown,South Korea,28.0,None,Instagram,2025-03-26,False
C03118,Arjun,Menon,United Kingdom,13.0,None,OTA,2025-03-26,False
C03119,Olga,Jansen,India,34.0,None,Website,2025-03-23,False
C03120,Chloe,Chowdhury,India,35.0,None,Walk-in,2025-04-02,False
C03121,Yuki,Levi,Russia,34.0,None,Hotel Partner,2025-03-25,False
C03122,Liam,Gupta,India,,None,OTA,2025-03-29,True
C03123,Ravi,Tanaka,India,38.0,None,Hotel Partner,2025-04-01,False
C03124,Liam,Wilson,India,27.0,None,Website,2025-04-01,False
C03125,Lukas,Kim,France,29.0,None,Walk-in,2025-03-31,False
C03126,Dmitri,Petrova,India,27.0,None,Website,2025-04-02,False
C03127,Neha,Schmidt,India,,Open Water,Walk-in,2025-03-27,True
C03128,Marco,Sharma,India,25.0,None,Walk-in,2025-03-29,False
C03129,Neha,Patel,India,,None,Walk-in,2025-03-28,True
C03130,Elena,Desai,United States,38.0,Advanced,Website,2025-04-01,False
C03131,Rahul,Rossi,India,23.0,None,Referral,2025-03-28,False
C03132,Anouk,Rossi,India,32.0,None,OTA,2025-04-03,False
C03133,Hannah,Smith,Germany,49.0,Open Water,Referral,2025-03-30,False
C03134,Tom,Taylor,Netherlands,21.0,None,Website,2025-03-29,False
C03135,Anouk,Muller,India,,Advanced,Instagram,2025-03-28,True
C03136,Marco,Petrova,United Kingdom,25.0,Rescue,OTA,2025-03-30,False
C03137,Chloe,Levi,United Kingdom,25.0,Open Water,Referral,2025-03-25,False
C03138,Marco,Rossi,United Kingdom,39.0,Advanced,OTA,2025-04-03,False
C03139,Noa,Muller,Italy,20.0,None,Instagram,2025-04-05,False
C03140,Karan,Sharma,Japan,19.0,Advanced,OTA,2025-04-05,False
C03141,Chloe,Banerjee,Italy,43.0,None,OTA,2025-04-01,False
C03142,Rahul,Wilson,Australia,48.0,Open Water,OTA,2025-03-26,False
C03143,Emma,Kim,India,30.0,Advanced,Walk-in,2025-03-31,False
C03144,Arjun,Levi,Israel,24.0,None,OTA,2025-04-02,False
C03145,Siddharth,Desai,India,16.0,Open Water,Instagram,2025-04-03,False
C03146,Arjun,Kim,United Kingdom,49.0,None,Unknown,2025-03-31,False
C03147,Hannah,Patel,India,37.0,Open Water,Website,2025-03-30,False
C03148,Emma,Gupta,India,29.0,Advanced,Website,2025-03-29,False
C03149,Tom,Chowdhury,India,36.0,Open Water,Instagram,2025-03-28,False
C03150,James,Iyer,India,36.0,None,Walk-in,2025-04-05,False
C03151,Rohan,Taylor,Germany,15.0,None,Walk-in,2025-04-05,False
C03152,Arjun,Taylor,India,40.0,Advanced,Walk-in,2025-04-02,False
C03153,Ravi,OConnor,India,36.0,None,OTA,2025-03-27,False
C03154,Camille,Patel,France,28.0,Open Water,Hotel Partner,2025-04-03,False
C03155,Ravi,Desai,Germany,30.0,Open Water,Instagram,2025-04-04,False
C03156,Ananya,Wilson,Australia,40.0,None,OTA,2025-04-06,False
C03157,Ishaan,Muller,India,45.0,None,OTA,2025-04-07,False
C03158,Vikram,Jansen,India,42.0,Advanced,Walk-in,2025-03-28,False
C03159,Olga,Menon,India,35.0,Open Water,OTA,2025-03-30,False
C03160,Sven,Park,India,34.0,Open Water,Hotel Partner,2025-03-28,False
C03161,Ishaan,Rossi,India,30.0,None,OTA,2025-03-29,False
C03162,Minjun,Patel,India,49.0,None,Walk-in,2025-04-04,False
C03163,Ishaan,Gupta,India,34.0,None,Website,2025-04-02,False
C03164,Sneha,Kulkarni,India,33.0,None,Website,2025-03-31,False
C03165,Karan,Brown,India,41.0,None,Instagram,2025-04-02,False
C03166,Itai,Chowdhury,United Kingdom,27.0,None,Website,2025-04-02,False
C03167,Yuki,OConnor,India,32.0,None,Walk-in,2025-03-29,False
C03168,Hannah,Kim,United States,41.0,None,Website,2025-04-04,False
C03169,Dmitri,Menon,India,,None,Instagram,2025-04-04,True
C03170,Vikram,Rao,India,37.0,None,Website,2025-03-30,False
C03171,Elena,Chowdhury,Russia,41.0,Open Water,Walk-in,2025-04-06,False
C03172,Minjun,Levi,Italy,48.0,Advanced,Referral,2025-04-04,False
C03173,Emma,Wilson,India,37.0,None,OTA,2025-04-01,False
C03174,Minjun,Rossi,India,37.0,None,Instagram,2025-04-01,False
C03175,Lukas,Chowdhury,India,57.0,None,Website,2025-03-31,False
C03176,Camille,Wilson,India,42.0,None,Unknown,2025-04-07,False
C03177,Kavya,Kulkarni,Israel,42.0,Open Water,Walk-in,2025-04-02,False
C03178,Chloe,Tanaka,United Kingdom,,Open Water,Instagram,2025-04-01,True
C03179,Tom,Cohen,Germany,,Open Water,OTA,2025-04-01,True
C03180,Kavya,Jansen,India,40.0,Open Water,Instagram,2025-04-08,False
C03181,Lukas,Rossi,India,45.0,Divemaster,Walk-in,2025-04-05,False
C03182,Aarav,Muller,United Kingdom,31.0,Open Water,Hotel Partner,2025-04-01,False
C03183,Sophie,Cohen,United Kingdom,44.0,Advanced,Instagram,2025-04-03,False
C03184,Anouk,Nair,India,36.0,None,OTA,2025-03-31,False
C03185,Meera,Kim,India,27.0,Advanced,OTA,2025-03-31,False
C03186,Ishaan,Rao,India,44.0,None,Website,2025-04-03,False
C03187,Liam,Sharma,India,20.0,Open Water,Walk-in,2025-04-05,False
C03188,Camille,Kim,India,25.0,None,Walk-in,2025-04-05,False
C03189,James,Jansen,United Kingdom,45.0,None,Walk-in,2025-04-04,False
C03190,Olga,Banerjee,Russia,20.0,Advanced,Instagram,2025-04-03,False
C03191,Ishaan,Park,Japan,33.0,Open Water,Hotel Partner,2025-04-11,False
C03192,Siddharth,OConnor,India,20.0,None,Walk-in,2025-04-04,False
C03193,Elena,Reddy,India,27.0,None,Walk-in,2025-04-09,False
C03194,James,Kim,Germany,44.0,Rescue,Website,2025-04-01,False
C03195,Marco,Cohen,India,32.0,Advanced,Walk-in,2025-04-04,False
C03196,Ravi,Rossi,India,26.0,None,Walk-in,2025-04-06,False
C03197,Emma,Iyer,South Korea,25.0,Advanced,Website,2025-04-10,False
C03198,James,Jansen,India,34.0,None,Instagram,2025-04-12,False
C03199,Aarav,Menon,South Korea,53.0,Open Water,Hotel Partner,2025-04-10,False
C03200,Kavya,Levi,United Kingdom,38.0,Rescue,OTA,2025-04-06,False
C03201,Divya,Rao,India,38.0,None,Website,2025-04-02,False
C03202,Lukas,Taylor,India,21.0,None,Referral,2025-04-08,False
C03203,Anouk,Tanaka,India,19.0,Divemaster,OTA,2025-04-06,False
C03204,Aditya,Menon,Netherlands,23.0,Rescue,Website,2025-04-03,False
C03205,Priya,Dubois,Russia,47.0,Advanced,Referral,2025-04-02,False
C03206,Ishaan,Kim,India,33.0,Open Water,Walk-in,2025-04-09,False
C03207,Pooja,Chowdhury,India,48.0,Advanced,Walk-in,2025-04-12,False
C03208,Siddharth,Ivanov,Israel,36.0,None,Walk-in,2025-04-08,False
C03209,Pooja,Smith,Israel,45.0,Open Water,Website,2025-04-12,False
C03210,Hannah,Brown,United States,32.0,Open Water,OTA,2025-04-11,False
C03211,Arjun,Dubois,India,20.0,None,Referral,2025-04-04,False
C03212,Rahul,Sharma,United Kingdom,42.0,Open Water,Website,2025-04-07,False
C03213,Ishaan,Brown,India,31.0,Open Water,Hotel Partner,2025-04-09,False
C03214,Siddharth,Wilson,India,,Open Water,Hotel Partner,2025-04-09,True
C03215,Sven,Dubois,Israel,30.0,Advanced,Website,2025-04-11,False
C03216,Rohan,Desai,France,34.0,None,Website,2025-04-05,False
C03217,Meera,Ivanov,India,41.0,Open Water,Website,2025-04-11,False
C03218,Aarav,Rao,United States,29.0,Advanced,Hotel Partner,2025-04-09,False
C03219,Chloe,Schmidt,India,18.0,None,Walk-in,2025-04-08,False
C03220,Ananya,Levi,Netherlands,29.0,Open Water,Website,2025-04-09,False
C03221,Arjun,Cohen,India,30.0,Advanced,OTA,2025-04-13,False
C03222,Lukas,Bakker,India,14.0,None,Instagram,2025-04-11,False
C03223,Ishaan,Muller,India,40.0,Advanced,Walk-in,2025-04-12,False
C03224,Hannah,Bakker,India,49.0,None,Website,2025-04-05,False
C03225,Ishaan,Menon,India,36.0,None,Website,2025-04-08,False
C03226,Daniel,Desai,India,41.0,None,Unknown,2025-04-08,False
C03227,Itai,Iyer,India,35.0,Open Water,Walk-in,2025-04-14,False
C03228,Sven,Dubois,India,38.0,None,OTA,2025-04-11,False
C03229,Aarav,Ivanov,Japan,,Advanced,Referral,2025-04-07,True
C03230,Neha,Dubois,Germany,30.0,Open Water,OTA,2025-04-13,False
C03231,Marco,Kim,Germany,45.0,Open Water,Unknown,2025-04-14,False
C03232,Dmitri,Petrova,India,32.0,None,Walk-in,2025-04-10,False
C03233,Ravi,Park,India,40.0,None,OTA,2025-04-11,False
C03234,Daniel,Petrova,Germany,25.0,Advanced,Walk-in,2025-04-12,False
C03235,Noa,Nair,India,25.0,Open Water,Walk-in,2025-04-10,False
C03236,Sneha,Desai,United Kingdom,37.0,None,Walk-in,2025-04-10,False
C03237,Liam,Taylor,United Kingdom,43.0,None,Instagram,2025-04-17,False
C03238,Itai,Tanaka,Russia,49.0,None,Unknown,2025-04-14,False
C03239,Rahul,Jansen,Russia,33.0,Open Water,OTA,2025-04-10,False
C03240,Ananya,Reddy,Japan,35.0,Rescue,Walk-in,2025-04-16,False
C03241,Priya,Kim,Israel,30.0,Open Water,Unknown,2025-04-11,False
C03242,Aarav,Cohen,Germany,43.0,None,Unknown,2025-04-18,False
C03243,Ravi,OConnor,Russia,21.0,None,Walk-in,2025-04-08,False
C03244,Sarah,Patel,United Kingdom,26.0,Open Water,Walk-in,2025-04-15,False
C03245,Rohan,Menon,India,49.0,Rescue,OTA,2025-04-17,False
C03246,James,Tanaka,India,28.0,Open Water,Instagram,2025-04-14,False
C03247,Daniel,Wilson,Germany,42.0,Advanced,Website,2025-04-10,False
C03248,Sneha,Schmidt,India,25.0,None,Website,2025-04-18,False
C03249,Rohan,Schmidt,India,32.0,None,Referral,2025-04-14,False
C03250,Minjun,Dubois,India,21.0,Rescue,Website,2025-04-17,False
C03251,Siddharth,Levi,India,49.0,None,OTA,2025-04-11,False
C03252,Marco,Jansen,India,40.0,Divemaster,Referral,2025-04-18,False
C03253,Rohan,Rao,India,33.0,None,Website,2025-04-11,False
C03254,Marco,Petrova,United States,26.0,Advanced,OTA,2025-04-15,False
C03255,Chloe,Cohen,India,28.0,Open Water,Instagram,2025-04-13,False
C03256,Noa,Ivanov,India,34.0,None,Hotel Partner,2025-04-18,False
C03257,Emma,Kulkarni,United Kingdom,24.0,Open Water,Walk-in,2025-04-20,False
C03258,Siddharth,Gupta,Israel,,Divemaster,Walk-in,2025-04-17,True
C03259,Liam,Dubois,Germany,37.0,Rescue,Website,2025-04-10,False
C03260,Dmitri,Rossi,India,27.0,None,Unknown,2025-04-12,False
C03261,Emma,Banerjee,France,42.0,None,OTA,2025-04-20,False
C03262,Daniel,Menon,India,25.0,None,Website,2025-04-17,False
C03263,Aditya,Levi,Germany,29.0,None,Walk-in,2025-04-14,False
C03264,Dmitri,Chowdhury,India,19.0,Open Water,Instagram,2025-04-15,False
C03265,Hannah,Nair,India,19.0,Open Water,OTA,2025-04-15,False
C03266,Marco,Banerjee,Australia,,Rescue,Referral,2025-04-15,True
C03267,Liam,Kim,South Korea,51.0,Open Water,Walk-in,2025-04-14,False
C03268,Itai,Schmidt,United Kingdom,,Advanced,OTA,2025-04-16,True
C03269,Neha,Jansen,United Kingdom,23.0,Open Water,Walk-in,2025-04-17,False
C03270,Ishaan,Kulkarni,India,39.0,None,Referral,2025-04-16,False
C03271,Rahul,Petrova,India,31.0,Open Water,OTA,2025-04-20,False
C03272,James,Desai,Netherlands,37.0,Open Water,Instagram,2025-04-17,False
C03273,Lukas,Jansen,India,,None,Referral,2025-04-12,True
C03274,Neha,Brown,United Kingdom,60.0,None,Unknown,2025-04-22,False
C03275,Ishaan,Bakker,Germany,38.0,Open Water,Referral,2025-04-19,False
C03276,Rohan,Park,India,22.0,None,Website,2025-04-19,False
C03277,Chloe,Park,India,,Advanced,Referral,2025-04-13,True
C03278,Camille,Schmidt,India,45.0,None,Instagram,2025-04-17,False
C03279,Pooja,Iyer,India,33.0,None,Unknown,2025-04-16,False
C03280,Lukas,Muller,India,34.0,None,Website,2025-04-19,False
C03281,Vikram,Bakker,India,37.0,Open Water,Website,2025-04-22,False
C03282,Camille,Muller,India,26.0,None,OTA,2025-04-23,False
C03283,Vikram,Gupta,India,45.0,None,Hotel Partner,2025-04-21,False
C03284,Vikram,Desai,Italy,40.0,None,Walk-in,2025-04-19,False
C03285,Noa,Menon,Germany,32.0,None,Referral,2025-04-22,False
C03286,Sophie,Tanaka,India,47.0,None,Website,2025-04-20,False
C03287,Sneha,Rao,India,30.0,None,Hotel Partner,2025-04-17,False
C03288,Aditya,Brown,United States,33.0,Rescue,OTA,2025-04-19,False
C03289,Pooja,Ivanov,India,30.0,Advanced,OTA,2025-04-16,False
C03290,Tom,Patel,India,26.0,None,Walk-in,2025-04-22,False
C03291,Ananya,OConnor,India,33.0,None,OTA,2025-04-16,False
C03292,Tom,Patel,United States,,None,OTA,2025-04-21,True
C03293,Chloe,Wilson,Japan,38.0,Open Water,Walk-in,2025-04-17,False
C03294,James,Patel,Italy,47.0,Rescue,OTA,2025-04-16,False
C03295,Neha,OConnor,United States,41.0,Open Water,Unknown,2025-04-22,False
C03296,Itai,Wilson,India,43.0,None,Website,2025-04-19,False
C03297,Priya,Cohen,India,32.0,None,Walk-in,2025-04-23,False
C03298,Rohan,Ivanov,India,28.0,None,Unknown,2025-04-20,False
C03299,Daniel,Ivanov,India,24.0,Advanced,Hotel Partner,2025-04-16,False
C03300,Karan,OConnor,India,,Open Water,Unknown,2025-04-16,True
C03301,Neha,Kulkarni,India,50.0,None,Walk-in,2025-04-21,False
C03302,Rohan,Gupta,Australia,20.0,Open Water,Walk-in,2025-04-25,False
C03303,James,Schmidt,India,43.0,None,Walk-in,2025-04-17,False
C03304,Aarav,Iyer,Australia,37.0,None,Unknown,2025-04-23,False
C03305,Priya,Smith,India,,None,Website,2025-04-18,True
C03306,Yuki,Rao,South Korea,41.0,Advanced,Walk-in,2025-04-24,False
C03307,Daniel,Ivanov,India,37.0,Open Water,OTA,2025-04-23,False
C03308,Sarah,Smith,United States,21.0,Advanced,Referral,2025-04-19,False
C03309,Camille,Patel,United States,31.0,Open Water,Unknown,2025-04-26,False
C03310,Sarah,Brown,United States,33.0,None,Instagram,2025-04-22,False
C03311,Karan,Menon,United States,32.0,None,Walk-in,2025-04-20,False
C03312,Divya,Petrova,India,33.0,None,OTA,2025-04-25,False
C03313,Arjun,Schmidt,United Kingdom,37.0,None,Referral,2025-04-26,False
C03314,Aditya,Chowdhury,India,27.0,None,OTA,2025-04-21,False
C03315,Elena,Taylor,Russia,51.0,None,Unknown,2025-04-19,False
C03316,Marco,Jansen,India,42.0,Open Water,Walk-in,2025-04-19,False
C03317,Yuki,Taylor,Japan,37.0,None,Instagram,2025-04-23,False
C03318,Rohan,Park,India,33.0,Open Water,Website,2025-04-20,False
C03319,Sneha,Nair,France,31.0,Open Water,Walk-in,2025-04-27,False
C03320,Priya,Rao,India,21.0,Advanced,Hotel Partner,2025-04-18,False
C03321,Ishaan,Ivanov,India,,None,Walk-in,2025-04-20,True
C03322,Dmitri,Rossi,India,30.0,None,Referral,2025-04-24,False
C03323,Hannah,Ivanov,India,27.0,Advanced,Instagram,2025-04-21,False
C03324,Priya,Kim,Russia,,None,Website,2025-04-25,True
C03325,Aditya,Patel,Russia,33.0,None,Unknown,2025-04-26,False
C03326,Rahul,Brown,France,,None,Website,2025-04-19,True
C03327,Meera,Sharma,Netherlands,26.0,Open Water,OTA,2025-04-29,False
C03328,Rohan,Wilson,Japan,39.0,Advanced,Hotel Partner,2025-04-25,False
C03329,Minjun,Rossi,India,29.0,None,Referral,2025-04-27,False
C03330,Vikram,Gupta,India,37.0,None,OTA,2025-04-25,False
C03331,Emma,Patel,France,28.0,None,Referral,2025-04-20,False
C03332,Liam,Rao,Russia,61.0,Open Water,Website,2025-04-29,False
C03333,Karan,Cohen,Israel,24.0,Open Water,Walk-in,2025-04-25,False
C03334,Ishaan,Iyer,India,42.0,None,Unknown,2025-04-29,False
C03335,Sneha,Bakker,India,36.0,Open Water,Instagram,2025-04-30,False
C03336,Pierre,Tanaka,India,46.0,Open Water,Walk-in,2025-04-22,False
C03337,Olga,Iyer,India,43.0,Rescue,Unknown,2025-04-21,False
C03338,Noa,Dubois,India,43.0,None,Website,2025-04-22,False
C03339,Divya,Petrova,India,,None,OTA,2025-04-27,True
C03340,Pooja,Wilson,India,28.0,Open Water,Walk-in,2025-04-21,False
C03341,Rahul,Menon,India,38.0,Open Water,Instagram,2025-04-24,False
C03342,Marco,Gupta,India,49.0,None,Unknown,2025-05-02,False
C03343,Sven,Nair,France,39.0,None,Walk-in,2025-04-24,False
C03344,Ravi,OConnor,Netherlands,30.0,None,Hotel Partner,2025-04-23,False
C03345,Camille,Brown,India,24.0,Advanced,OTA,2025-04-29,False
C03346,Sophie,Banerjee,India,50.0,Open Water,Website,2025-04-26,False
C03347,Arjun,Kim,India,33.0,Open Water,Walk-in,2025-04-24,False
C03348,Karan,Schmidt,United States,,Open Water,Unknown,2025-04-27,True
C03349,Arjun,Tanaka,Germany,19.0,Advanced,Walk-in,2025-04-23,False
C03350,Yuki,Tanaka,India,25.0,Open Water,Walk-in,2025-04-24,False
C03351,Yuki,Jansen,India,32.0,None,OTA,2025-04-28,False
C03352,Sneha,Menon,India,,Advanced,Instagram,2025-04-29,True
C03353,Camille,Rossi,United States,44.0,Open Water,Walk-in,2025-05-03,False
C03354,Rahul,Rao,India,45.0,None,Walk-in,2025-05-02,False
C03355,Yuki,Nair,Russia,21.0,None,Unknown,2025-04-30,False
C03356,Anouk,Rossi,South Korea,41.0,Open Water,Website,2025-04-29,False
C03357,Tom,Iyer,India,26.0,None,OTA,2025-04-27,False
C03358,Ananya,Wilson,Australia,44.0,Open Water,Instagram,2025-04-25,False
C03359,Priya,Reddy,India,39.0,None,Referral,2025-04-28,False
C03360,Arjun,Menon,France,,None,Website,2025-04-30,True
C03361,Rahul,Desai,United Kingdom,21.0,None,Unknown,2025-04-30,False
C03362,Karan,Nair,Russia,43.0,None,Website,2025-05-05,False
C03363,Rahul,Park,India,18.0,Open Water,Referral,2025-05-02,False
C03364,Kavya,Reddy,India,31.0,Open Water,Referral,2025-04-28,False
C03365,Meera,Rao,Italy,36.0,Open Water,Walk-in,2025-05-05,False
C03366,Karan,Muller,India,34.0,None,Walk-in,2025-05-03,False
C03367,Rahul,Petrova,India,41.0,Open Water,Walk-in,2025-05-02,False
C03368,Sven,Banerjee,India,38.0,None,Referral,2025-04-29,False
C03369,Neha,Tanaka,India,35.0,Advanced,Walk-in,2025-05-01,False
C03370,Vikram,Park,India,12.0,Open Water,OTA,2025-04-26,False
C03371,Arjun,Jansen,Italy,32.0,None,Website,2025-05-06,False
C03372,Anouk,Sharma,United Kingdom,20.0,Open Water,Website,2025-05-04,False
C03373,Sophie,Taylor,France,,Open Water,OTA,2025-05-01,True
C03374,Minjun,Dubois,India,,None,Unknown,2025-04-28,True
C03375,Chloe,Reddy,France,41.0,Open Water,Instagram,2025-04-30,False
C03376,Sarah,Kim,France,18.0,None,Hotel Partner,2025-04-28,False
C03377,Kavya,Tanaka,India,52.0,None,Hotel Partner,2025-05-07,False
C03378,Aarav,Nair,India,,Divemaster,Walk-in,2025-04-30,True
C03379,Ravi,Kim,United States,42.0,Rescue,Hotel Partner,2025-05-05,False
C03380,Dmitri,Rao,India,34.0,None,Walk-in,2025-04-27,False
C03381,Emma,Iyer,United Kingdom,17.0,Open Water,OTA,2025-04-30,False
C03382,Arjun,Taylor,India,33.0,Open Water,OTA,2025-05-06,False
C03383,Sophie,Cohen,India,17.0,None,OTA,2025-04-30,False
C03384,Siddharth,Schmidt,Italy,31.0,None,Instagram,2025-05-08,False
C03385,Pooja,Banerjee,India,13.0,None,Walk-in,2025-05-07,False
C03386,Kavya,Desai,Australia,27.0,Advanced,Unknown,2025-05-02,False
C03387,Ravi,Dubois,India,36.0,None,OTA,2025-05-06,False
C03388,Emma,Chowdhury,India,31.0,Advanced,Walk-in,2025-05-01,False
C03389,Aarav,Smith,United States,32.0,Rescue,Hotel Partner,2025-05-08,False
C03390,Elena,Chowdhury,India,28.0,Open Water,Website,2025-05-07,False
C03391,Chloe,Patel,India,,None,Instagram,2025-05-06,True
C03392,Meera,Desai,India,31.0,Open Water,Hotel Partner,2025-05-05,False
C03393,Minjun,Muller,India,46.0,Open Water,Walk-in,2025-05-07,False
C03394,Aarav,Iyer,South Korea,12.0,Open Water,Unknown,2025-05-01,False
C03395,Siddharth,Bakker,India,37.0,None,Website,2025-05-06,False
C03396,Rohan,Brown,India,39.0,None,Walk-in,2025-05-06,False
C03397,Sarah,Reddy,Germany,21.0,Open Water,Instagram,2025-05-04,False
C03398,Hannah,Jansen,India,38.0,Divemaster,Instagram,2025-05-08,False
C03399,Elena,Rao,India,32.0,Advanced,Referral,2025-05-07,False
C03400,Ananya,Chowdhury,India,54.0,Rescue,Website,2025-05-07,False
C03401,Hannah,Reddy,United Kingdom,,None,Walk-in,2025-05-02,True
C03402,Divya,Petrova,India,46.0,Open Water,Referral,2025-05-03,False
C03403,Minjun,Smith,India,,Open Water,Unknown,2025-05-03,True
C03404,Sneha,Menon,India,36.0,None,Instagram,2025-05-04,False
C03405,Siddharth,Banerjee,Netherlands,30.0,Advanced,OTA,2025-05-05,False
C03406,Pooja,Gupta,Germany,12.0,None,Walk-in,2025-05-13,False
C03407,Rohan,Wilson,Russia,37.0,Advanced,Unknown,2025-05-08,False
C03408,Dmitri,Wilson,United Kingdom,23.0,Open Water,OTA,2025-05-10,False
C03409,Chloe,Tanaka,Russia,18.0,Open Water,Walk-in,2025-05-09,False
C03410,Noa,Kim,South Korea,,Open Water,Website,2025-05-11,True
C03411,Noa,Rossi,United Kingdom,17.0,None,OTA,2025-05-10,False
C03412,Arjun,Kim,India,,None,Walk-in,2025-05-07,True
C03413,Camille,Taylor,Russia,26.0,Rescue,OTA,2025-05-09,False
C03414,Yuki,Petrova,India,44.0,None,Hotel Partner,2025-05-11,False
C03415,Chloe,Petrova,Italy,33.0,Open Water,OTA,2025-05-05,False
C03416,Daniel,Rao,India,37.0,None,Walk-in,2025-05-08,False
C03417,Pooja,Sharma,Germany,33.0,None,Walk-in,2025-05-07,False
C03418,Divya,Bakker,India,13.0,None,Website,2025-05-09,False
C03419,Liam,Wilson,Germany,20.0,Open Water,OTA,2025-05-04,False
C03420,Daniel,Schmidt,United States,28.0,Divemaster,Website,2025-05-07,False
C03421,Sven,Nair,South Korea,,Open Water,Walk-in,2025-05-08,True
C03422,Sven,Sharma,South Korea,24.0,Open Water,Unknown,2025-05-08,False
C03423,Marco,Smith,India,40.0,Open Water,Instagram,2025-05-11,False
C03424,Minjun,Rao,India,38.0,Open Water,Unknown,2025-05-06,False
C03425,Priya,Banerjee,India,15.0,None,Instagram,2025-05-08,False
C03426,Noa,Iyer,India,39.0,Open Water,Hotel Partner,2025-05-07,False
C03427,Sarah,Sharma,India,47.0,Divemaster,Referral,2025-05-15,False
C03428,Yuki,Schmidt,Russia,15.0,None,OTA,2025-05-11,False
C03429,Ravi,Patel,Israel,33.0,Open Water,OTA,2025-05-15,False
C03430,Arjun,Desai,France,32.0,Open Water,Referral,2025-05-13,False
C03431,Sven,Park,Israel,36.0,Open Water,Walk-in,2025-05-17,False
C03432,Rahul,Smith,India,,Advanced,OTA,2025-05-15,True
C03433,Pooja,Banerjee,India,31.0,Open Water,Website,2025-05-12,False
C03434,Pierre,Rao,India,30.0,Open Water,Referral,2025-05-17,False
C03435,Meera,Desai,India,39.0,None,Walk-in,2025-05-14,False
C03436,Kavya,Smith,Australia,45.0,None,Walk-in,2025-05-08,False
C03437,Minjun,Nair,Russia,18.0,Open Water,Referral,2025-05-11,False
C03438,Neha,Brown,India,,None,Website,2025-05-16,True
C03439,Karan,Levi,India,28.0,None,Walk-in,2025-05-11,False
C03440,Ishaan,Cohen,India,50.0,None,Website,2025-05-17,False
C03441,Rohan,Bakker,Israel,15.0,None,Website,2025-05-10,False
C03442,Sneha,Petrova,India,23.0,None,Website,2025-05-12,False
C03443,Rahul,Desai,India,23.0,Advanced,OTA,2025-05-12,False
C03444,Ravi,Park,India,42.0,Open Water,Walk-in,2025-05-09,False
C03445,Sarah,Sharma,France,45.0,None,Website,2025-05-17,False
C03446,Olga,Menon,India,15.0,Advanced,Walk-in,2025-05-14,False
C03447,Meera,Levi,India,39.0,None,Referral,2025-05-13,False
C03448,Kavya,Chowdhury,Netherlands,29.0,Rescue,Walk-in,2025-05-19,False
C03449,Anouk,Sharma,India,30.0,None,Website,2025-05-15,False
C03450,Olga,Smith,United Kingdom,34.0,None,Unknown,2025-05-17,False
C03451,Daniel,Bakker,Israel,45.0,Open Water,Website,2025-05-14,False
C03452,Liam,Patel,India,39.0,Open Water,Referral,2025-05-12,False
C03453,Rohan,Kim,India,30.0,None,OTA,2025-05-12,False
C03454,James,Petrova,India,45.0,Open Water,Hotel Partner,2025-05-12,False
C03455,Ravi,Wilson,India,48.0,Advanced,Hotel Partner,2025-05-19,False
C03456,Divya,Reddy,Italy,26.0,None,Website,2025-05-14,False
C03457,Anouk,Ivanov,Australia,,Open Water,Walk-in,2025-05-12,True
C03458,Meera,Taylor,India,43.0,None,Walk-in,2025-05-18,False
C03459,Itai,Smith,India,40.0,Advanced,Referral,2025-05-12,False
C03460,Arjun,Brown,India,30.0,None,OTA,2025-05-14,False
C03461,Rohan,Chowdhury,Japan,38.0,Open Water,Website,2025-05-21,False
C03462,Sarah,Sharma,India,24.0,None,OTA,2025-05-21,False
C03463,Ananya,Taylor,France,40.0,None,Instagram,2025-05-18,False
C03464,Olga,Tanaka,India,21.0,None,Walk-in,2025-05-15,False
C03465,Olga,Iyer,India,36.0,None,Website,2025-05-16,False
C03466,Ananya,Rossi,India,43.0,None,Hotel Partner,2025-05-16,False
C03467,Marco,Iyer,India,22.0,Open Water,Referral,2025-05-22,False
C03468,Yuki,Rao,Australia,21.0,None,Website,2025-05-22,False
C03469,Tom,Desai,India,46.0,None,Instagram,2025-05-16,False
C03470,Sophie,Reddy,Italy,26.0,None,OTA,2025-05-17,False
C03471,Tom,Iyer,United States,18.0,None,OTA,2025-05-18,False
C03472,Anouk,Reddy,United Kingdom,26.0,None,Instagram,2025-05-17,False
C03473,Itai,Kim,Italy,25.0,None,Instagram,2025-05-15,False
C03474,Arjun,Taylor,United Kingdom,30.0,Open Water,Website,2025-05-17,False
C03475,Minjun,Rossi,India,31.0,Advanced,Instagram,2025-05-14,False
C03476,Pooja,Wilson,India,33.0,Open Water,Hotel Partner,2025-05-14,False
C03477,Rahul,Wilson,India,,Open Water,Walk-in,2025-05-22,True
C03478,Karan,Reddy,Germany,18.0,None,Hotel Partner,2025-05-24,False
C03479,Hannah,Desai,India,48.0,None,OTA,2025-05-19,False
C03480,Marco,Desai,India,22.0,Open Water,Unknown,2025-05-20,False
C03481,Ishaan,Patel,India,,Open Water,Walk-in,2025-05-21,True
C03482,Tom,Tanaka,United States,19.0,Open Water,Website,2025-05-24,False
C03483,Rahul,Kim,India,31.0,None,Walk-in,2025-05-25,False
C03484,Priya,Brown,India,21.0,None,Instagram,2025-05-17,False
C03485,Tom,Bakker,Netherlands,40.0,None,OTA,2025-05-17,False
C03486,Priya,Ivanov,India,26.0,Open Water,Website,2025-05-25,False
C03487,Kavya,Rao,United States,47.0,Open Water,Referral,2025-05-16,False
C03488,Dmitri,Schmidt,France,27.0,Advanced,OTA,2025-05-19,False
C03489,Lukas,Reddy,France,55.0,None,Instagram,2025-05-26,False
C03490,Noa,Schmidt,India,19.0,Open Water,Website,2025-05-23,False
C03491,Olga,Petrova,United Kingdom,31.0,None,Walk-in,2025-05-23,False
C03492,James,OConnor,Russia,,Open Water,Website,2025-05-22,True
C03493,Rohan,OConnor,Japan,23.0,None,OTA,2025-05-22,False
C03494,Siddharth,Rossi,Israel,49.0,None,Walk-in,2025-05-21,False
C03495,Aarav,Bakker,India,13.0,Advanced,OTA,2025-05-25,False
C03496,James,Levi,India,39.0,Open Water,Walk-in,2025-05-23,False
C03497,Itai,Cohen,Russia,41.0,None,Walk-in,2025-05-24,False
C03498,Itai,Desai,India,50.0,Advanced,OTA,2025-05-24,False
C03499,Yuki,Taylor,India,14.0,None,Referral,2025-05-20,False
C03500,Emma,Brown,India,28.0,None,Instagram,2025-05-27,False
C03501,Arjun,Jansen,India,44.0,None,OTA,2025-05-22,False
C03502,Aarav,Taylor,India,40.0,Open Water,Instagram,2025-05-27,False
C03503,Sven,Taylor,France,23.0,Open Water,OTA,2025-05-19,False
C03504,Pierre,Chowdhury,India,25.0,None,Walk-in,2025-05-20,False
C03505,Emma,Sharma,Australia,38.0,Advanced,Unknown,2025-05-24,False
C03506,Chloe,Tanaka,India,30.0,Rescue,Walk-in,2025-05-24,False
C03507,Meera,Park,India,23.0,None,Unknown,2025-05-28,False
C03508,Chloe,Reddy,India,36.0,None,Walk-in,2025-05-22,False
C03509,Priya,Iyer,India,47.0,None,OTA,2025-05-21,False
C03510,Camille,Banerjee,France,,None,OTA,2025-05-21,True
C03511,Rohan,Smith,India,28.0,Open Water,Website,2025-05-27,False
C03512,Karan,Wilson,Netherlands,17.0,Open Water,Hotel Partner,2025-05-25,False
C03513,Ishaan,Iyer,India,26.0,Open Water,OTA,2025-05-27,False
C03514,Daniel,Smith,Russia,23.0,None,OTA,2025-05-21,False
C03515,Sophie,Gupta,India,35.0,Open Water,Hotel Partner,2025-05-22,False
C03516,Ishaan,Jansen,India,25.0,None,Referral,2025-05-21,False
C03517,Arjun,Tanaka,India,56.0,None,OTA,2025-05-30,False
C03518,Elena,Kim,India,28.0,None,Hotel Partner,2025-06-03,False
C03519,Daniel,Banerjee,South Korea,31.0,Open Water,Walk-in,2025-05-27,False
C03520,Arjun,Taylor,France,33.0,None,OTA,2025-06-02,False
C03521,Olga,Banerjee,United Kingdom,24.0,None,OTA,2025-05-30,False
C03522,Dmitri,Gupta,Netherlands,42.0,Open Water,OTA,2025-05-30,False
C03523,Chloe,Smith,India,36.0,None,Instagram,2025-06-03,False
C03524,Dmitri,Taylor,India,31.0,None,Walk-in,2025-06-01,False
C03525,Vikram,Muller,India,48.0,None,Hotel Partner,2025-06-03,False
C03526,Camille,Rao,India,,Advanced,Unknown,2025-06-06,True
C03527,Daniel,Bakker,India,47.0,Rescue,Referral,2025-06-08,False
C03528,Divya,Tanaka,United Kingdom,46.0,None,Instagram,2025-06-01,False
C03529,Vikram,OConnor,Germany,34.0,Open Water,Referral,2025-06-07,False
C03530,Kavya,Sharma,India,40.0,Open Water,Referral,2025-06-08,False
C03531,Hannah,Dubois,India,35.0,Advanced,Walk-in,2025-06-08,False
C03532,Daniel,Gupta,India,31.0,Advanced,OTA,2025-06-10,False
C03533,Meera,Dubois,India,17.0,Divemaster,OTA,2025-06-12,False
C03534,Itai,Tanaka,Netherlands,33.0,None,Walk-in,2025-06-06,False
C03535,Pooja,Wilson,India,,Open Water,Referral,2025-06-12,True
C03536,Pierre,Bakker,United Kingdom,25.0,None,OTA,2025-06-04,False
C03537,Rahul,Nair,India,32.0,Open Water,OTA,2025-06-10,False
C03538,Vikram,Tanaka,Italy,28.0,None,Website,2025-06-05,False
C03539,Tom,Tanaka,India,44.0,None,OTA,2025-06-14,False
C03540,Siddharth,Petrova,United Kingdom,39.0,None,Referral,2025-09-06,False
C03541,Hannah,Brown,India,44.0,None,OTA,2025-09-15,False
C03542,Daniel,Desai,Israel,,None,OTA,2025-09-06,True
C03543,Kavya,Rossi,Israel,50.0,Open Water,OTA,2025-09-14,False
C03544,Olga,Chowdhury,India,45.0,None,Unknown,2025-09-21,False
C03545,Anouk,Wilson,United States,31.0,Open Water,Walk-in,2025-09-20,False
C03546,Aditya,Park,India,47.0,Advanced,Website,2025-09-20,False
C03547,Sneha,Park,Russia,29.0,None,Referral,2025-09-26,False
C03548,Aditya,Bakker,Israel,28.0,Open Water,Website,2025-09-19,False
C03549,Priya,Cohen,United Kingdom,,Open Water,OTA,2025-09-27,True
C03550,Priya,Taylor,India,36.0,Advanced,Unknown,2025-09-19,False
C03551,Daniel,Iyer,France,39.0,Open Water,Walk-in,2025-09-28,False
C03552,Siddharth,Cohen,Japan,22.0,Advanced,Website,2025-09-23,False
C03553,Dmitri,Cohen,Australia,26.0,Open Water,Walk-in,2025-09-19,False
C03554,Meera,Smith,India,27.0,None,Website,2025-09-27,False
C03555,Yuki,Gupta,United Kingdom,37.0,None,Referral,2025-09-22,False
C03556,Ravi,Schmidt,India,,Open Water,Unknown,2025-09-23,True
C03557,Itai,Jansen,India,25.0,None,OTA,2025-09-30,False
C03558,Pierre,Bakker,United Kingdom,28.0,Open Water,Hotel Partner,2025-09-24,False
C03559,Liam,Chowdhury,India,38.0,Advanced,OTA,2025-10-01,False
C03560,Emma,Park,Israel,,Advanced,OTA,2025-09-27,True
C03561,Sophie,Sharma,India,32.0,Advanced,Instagram,2025-10-02,False
C03562,Kavya,Tanaka,United States,,None,Walk-in,2025-09-25,True
C03563,Camille,Wilson,France,30.0,None,Unknown,2025-09-28,False
C03564,Marco,Ivanov,United Kingdom,41.0,Open Water,Unknown,2025-09-30,False
C03565,Aditya,Jansen,Japan,,None,OTA,2025-10-01,True
C03566,Neha,Muller,India,35.0,Open Water,Website,2025-10-01,False
C03567,Olga,Ivanov,India,38.0,None,OTA,2025-09-25,False
C03568,Yuki,Sharma,United States,33.0,None,Unknown,2025-09-23,False
C03569,Camille,Desai,Germany,29.0,Open Water,Unknown,2025-09-29,False
C03570,Elena,Park,Netherlands,19.0,None,OTA,2025-09-25,False
C03571,Lukas,Park,India,39.0,None,Website,2025-10-03,False
C03572,Priya,Bakker,Germany,32.0,Advanced,Website,2025-09-27,False
C03573,Ravi,Ivanov,Germany,24.0,None,Website,2025-09-26,False
C03574,Divya,Bakker,India,37.0,Open Water,OTA,2025-09-27,False
C03575,Neha,Chowdhury,India,,Open Water,Instagram,2025-10-04,True
C03576,Yuki,Menon,India,32.0,Advanced,OTA,2025-09-27,False
C03577,Elena,OConnor,India,14.0,Advanced,Referral,2025-09-27,False
C03578,Ishaan,Dubois,India,23.0,None,Website,2025-09-30,False
C03579,Dmitri,Kulkarni,France,42.0,Open Water,Unknown,2025-10-03,False
C03580,Kavya,Rao,India,48.0,Advanced,Instagram,2025-09-28,False
C03581,Itai,Park,Australia,19.0,None,Website,2025-09-30,False
C03582,Noa,Taylor,India,40.0,None,Unknown,2025-10-05,False
C03583,Olga,Chowdhury,India,,None,Hotel Partner,2025-09-26,True
C03584,Sarah,Levi,United States,31.0,None,Hotel Partner,2025-09-27,False
C03585,Anouk,Kim,India,42.0,None,Hotel Partner,2025-10-05,False
C03586,Yuki,Smith,Russia,35.0,None,Website,2025-10-01,False
C03587,Minjun,Smith,India,27.0,None,Unknown,2025-09-26,False
C03588,Sophie,Patel,India,28.0,None,Walk-in,2025-10-01,False
C03589,Rahul,Schmidt,India,38.0,None,Walk-in,2025-10-05,False
C03590,Aarav,Tanaka,Italy,43.0,Open Water,Website,2025-10-01,False
C03591,Tom,Gupta,United States,21.0,Advanced,Referral,2025-10-06,False
C03592,Rahul,Cohen,Israel,39.0,None,Walk-in,2025-09-27,False
C03593,Aarav,Schmidt,India,,Divemaster,OTA,2025-09-28,True
C03594,Liam,Tanaka,India,,Rescue,Referral,2025-09-29,True
C03595,Minjun,Taylor,India,30.0,Advanced,Unknown,2025-09-30,False
C03596,Camille,Chowdhury,South Korea,26.0,Advanced,Unknown,2025-10-06,False
C03597,Meera,Patel,India,32.0,Open Water,OTA,2025-09-30,False
C03598,Ishaan,Menon,India,34.0,Advanced,Hotel Partner,2025-10-08,False
C03599,Minjun,Park,Russia,34.0,Advanced,Website,2025-09-29,False
C03600,Liam,Reddy,India,37.0,Open Water,Unknown,2025-09-29,False
C03601,Aarav,Taylor,India,46.0,None,Website,2025-10-04,False
C03602,Siddharth,Bakker,India,46.0,None,Walk-in,2025-10-04,False
C03603,Camille,Brown,India,37.0,Open Water,Unknown,2025-10-04,False
C03604,Tom,Iyer,South Korea,41.0,None,Unknown,2025-10-08,False
C03605,Sven,Park,India,45.0,None,Walk-in,2025-10-08,False
C03606,Elena,Petrova,Israel,32.0,Rescue,Referral,2025-10-04,False
C03607,Itai,Ivanov,India,39.0,Rescue,Website,2025-09-30,False
C03608,Karan,Nair,India,35.0,None,Instagram,2025-09-30,False
C03609,Karan,Cohen,India,28.0,Advanced,Hotel Partner,2025-10-03,False
C03610,Aarav,Iyer,France,27.0,Advanced,Website,2025-10-03,False
C03611,Elena,Desai,South Korea,19.0,Open Water,OTA,2025-10-04,False
C03612,Olga,Nair,India,42.0,Open Water,Walk-in,2025-10-04,False
C03613,Siddharth,Wilson,India,20.0,None,OTA,2025-10-10,False
C03614,Chloe,Petrova,United Kingdom,37.0,Advanced,Website,2025-10-08,False
C03615,Arjun,Kulkarni,Russia,38.0,Open Water,OTA,2025-10-04,False
C03616,Rohan,Gupta,India,45.0,None,Referral,2025-10-04,False
C03617,Sneha,Bakker,India,12.0,Rescue,OTA,2025-10-04,False
C03618,Elena,Sharma,Australia,29.0,Open Water,Unknown,2025-10-06,False
C03619,Aditya,Muller,India,,Advanced,Walk-in,2025-10-11,True
C03620,Sneha,Ivanov,Japan,41.0,Open Water,Referral,2025-10-06,False
C03621,Priya,Bakker,India,47.0,None,OTA,2025-10-10,False
C03622,Kavya,Bakker,India,43.0,Open Water,Hotel Partner,2025-10-04,False
C03623,Sneha,Tanaka,Australia,30.0,None,Website,2025-10-06,False
C03624,Sophie,Reddy,Russia,33.0,None,Walk-in,2025-10-02,False
C03625,Ananya,Petrova,United States,41.0,None,OTA,2025-10-09,False
C03626,Itai,Rao,India,35.0,None,Walk-in,2025-10-09,False
C03627,Anouk,Tanaka,India,34.0,None,Website,2025-10-09,False
C03628,Vikram,Petrova,Russia,31.0,None,OTA,2025-10-04,False
C03629,Pierre,Kulkarni,United States,30.0,Open Water,OTA,2025-10-03,False
C03630,Arjun,Wilson,Russia,33.0,Advanced,OTA,2025-10-07,False
C03631,Emma,Kim,South Korea,57.0,None,Unknown,2025-10-05,False
C03632,Tom,Reddy,India,36.0,Open Water,Walk-in,2025-10-05,False
C03633,Lukas,Patel,India,33.0,Open Water,Website,2025-10-02,False
C03634,Meera,Desai,Japan,43.0,Rescue,Walk-in,2025-10-12,False
C03635,Pierre,Chowdhury,India,29.0,Advanced,OTA,2025-10-09,False
C03636,Sneha,Ivanov,India,13.0,Advanced,Website,2025-10-03,False
C03637,Liam,Desai,India,51.0,Rescue,Walk-in,2025-10-06,False
C03638,Lukas,Kim,United Kingdom,26.0,None,Referral,2025-10-08,False
C03639,Sven,Desai,Russia,27.0,Open Water,Instagram,2025-10-02,False
C03640,Neha,Rossi,India,52.0,Advanced,OTA,2025-10-03,False
C03641,Meera,Dubois,United Kingdom,42.0,None,OTA,2025-10-08,False
C03642,Aarav,Smith,Germany,40.0,Advanced,OTA,2025-10-06,False
C03643,Rahul,Tanaka,India,,None,Website,2025-10-13,True
C03644,Marco,Kim,India,33.0,Open Water,OTA,2025-10-10,False
C03645,Tom,Cohen,Japan,19.0,Open Water,Walk-in,2025-10-08,False
C03646,Hannah,Nair,India,22.0,None,Walk-in,2025-10-12,False
C03647,Anouk,Petrova,India,43.0,None,Unknown,2025-10-13,False
C03648,Olga,Levi,Germany,33.0,Open Water,OTA,2025-10-12,False
C03649,Ishaan,Rao,United Kingdom,35.0,Rescue,Walk-in,2025-10-14,False
C03650,Rohan,Schmidt,Israel,44.0,None,OTA,2025-10-11,False
C03651,Camille,Dubois,India,44.0,Divemaster,OTA,2025-10-14,False
C03652,Pierre,Taylor,Japan,51.0,Open Water,Referral,2025-10-14,False
C03653,Aarav,Wilson,India,36.0,Advanced,Walk-in,2025-10-09,False
C03654,Minjun,Brown,India,16.0,None,Unknown,2025-10-07,False
C03655,Ishaan,Smith,Israel,30.0,Advanced,Website,2025-10-15,False
C03656,Marco,Dubois,Russia,42.0,None,OTA,2025-10-12,False
C03657,Pooja,Rossi,India,40.0,Open Water,OTA,2025-10-12,False
C03658,Minjun,Rao,India,47.0,None,OTA,2025-10-05,False
C03659,Hannah,Wilson,India,18.0,Open Water,OTA,2025-10-12,False
C03660,Priya,Ivanov,India,25.0,Open Water,Instagram,2025-10-08,False
C03661,Chloe,Dubois,United States,33.0,Open Water,OTA,2025-10-08,False
C03662,Lukas,Kulkarni,Australia,37.0,Advanced,Referral,2025-10-13,False
C03663,Karan,Nair,Netherlands,36.0,None,Hotel Partner,2025-10-13,False
C03664,Neha,Dubois,India,26.0,None,Walk-in,2025-10-12,False
C03665,Sarah,Gupta,Russia,30.0,None,Unknown,2025-10-14,False
C03666,Yuki,Menon,Italy,41.0,Advanced,Website,2025-10-06,False
C03667,Divya,Cohen,India,41.0,Divemaster,Instagram,2025-10-12,False
C03668,Rohan,Bakker,Germany,26.0,None,Website,2025-10-15,False
C03669,Emma,OConnor,Russia,38.0,None,OTA,2025-10-09,False
C03670,Lukas,Rao,India,41.0,None,OTA,2025-10-14,False
C03671,Lukas,Tanaka,India,27.0,Advanced,OTA,2025-10-13,False
C03672,Aarav,Rao,India,33.0,Open Water,OTA,2025-10-16,False
C03673,Sarah,Nair,Italy,43.0,Open Water,Instagram,2025-10-17,False
C03674,Daniel,Tanaka,India,14.0,None,OTA,2025-10-18,False
C03675,Pooja,Cohen,India,43.0,None,Hotel Partner,2025-10-08,False
C03676,Vikram,Schmidt,Netherlands,44.0,Advanced,Hotel Partner,2025-10-15,False
C03677,Marco,Bakker,Israel,38.0,Open Water,OTA,2025-10-16,False
C03678,Siddharth,Patel,Netherlands,41.0,Open Water,Website,2025-10-09,False
C03679,Aarav,Smith,India,35.0,None,Walk-in,2025-10-15,False
C03680,Aditya,Smith,United Kingdom,37.0,None,OTA,2025-10-12,False
C03681,Olga,Iyer,India,32.0,None,OTA,2025-10-13,False
C03682,Daniel,Kulkarni,India,30.0,None,Website,2025-10-12,False
C03683,Yuki,Muller,United States,46.0,None,OTA,2025-10-10,False
C03684,Karan,Levi,India,20.0,None,Website,2025-10-10,False
C03685,Ishaan,Smith,India,24.0,None,Website,2025-10-20,False
C03686,Ananya,Jansen,India,31.0,None,Website,2025-10-17,False
C03687,Meera,Banerjee,United Kingdom,39.0,Rescue,Instagram,2025-10-14,False
C03688,Olga,Kulkarni,United States,32.0,None,Referral,2025-10-17,False
C03689,Itai,Patel,India,22.0,None,Walk-in,2025-10-15,False
C03690,Camille,Dubois,Australia,48.0,Open Water,Referral,2025-10-19,False
C03691,Itai,Brown,South Korea,30.0,Open Water,Referral,2025-10-16,False
C03692,Divya,Rao,Australia,18.0,Open Water,OTA,2025-10-13,False
C03693,Priya,Sharma,India,16.0,Open Water,OTA,2025-10-20,False
C03694,Minjun,Petrova,India,31.0,Advanced,Instagram,2025-10-15,False
C03695,Rahul,Chowdhury,United States,44.0,None,Instagram,2025-10-16,False
C03696,Meera,OConnor,India,31.0,Open Water,OTA,2025-10-12,False
C03697,Itai,Dubois,Russia,38.0,Open Water,OTA,2025-10-19,False
C03698,Rohan,Iyer,India,39.0,None,Website,2025-10-14,False
C03699,Siddharth,OConnor,Japan,50.0,None,Walk-in,2025-10-18,False
C03700,Emma,Cohen,India,23.0,None,Walk-in,2025-10-21,False
C03701,Itai,OConnor,India,34.0,None,OTA,2025-10-12,False
C03702,Marco,Park,India,26.0,Open Water,OTA,2025-10-22,False
C03703,Anouk,Tanaka,South Korea,28.0,Rescue,Instagram,2025-10-14,False
C03704,Pierre,Iyer,Israel,23.0,Open Water,OTA,2025-10-16,False
C03705,Sven,Rossi,India,12.0,None,Hotel Partner,2025-10-15,False
C03706,Pierre,Tanaka,India,12.0,None,Website,2025-10-17,False
C03707,Aarav,Schmidt,Germany,19.0,None,Website,2025-10-20,False
C03708,Aarav,Petrova,India,28.0,None,Walk-in,2025-10-22,False
C03709,Ravi,Dubois,Germany,36.0,None,Website,2025-10-22,False
C03710,Hannah,Sharma,Russia,33.0,Open Water,Referral,2025-10-19,False
C03711,James,Dubois,Germany,31.0,None,Instagram,2025-10-18,False
C03712,Neha,Brown,Netherlands,55.0,None,Instagram,2025-10-18,False
C03713,Neha,OConnor,United States,46.0,Open Water,Unknown,2025-10-16,False
C03714,Anouk,Sharma,Netherlands,41.0,None,Referral,2025-10-17,False
C03715,Aditya,Rossi,India,33.0,Open Water,Referral,2025-10-21,False
C03716,Sarah,Tanaka,India,,Advanced,Walk-in,2025-10-14,True
C03717,Ravi,Iyer,India,33.0,None,Walk-in,2025-10-22,False
C03718,Sven,Nair,India,26.0,Open Water,Hotel Partner,2025-10-24,False
C03719,Pooja,Cohen,India,42.0,None,Instagram,2025-10-19,False
C03720,Minjun,Nair,Japan,36.0,None,OTA,2025-10-24,False
C03721,Sneha,Wilson,South Korea,38.0,Rescue,Instagram,2025-10-21,False
C03722,Meera,Muller,India,,None,OTA,2025-10-24,True
C03723,Pierre,Banerjee,United Kingdom,21.0,None,OTA,2025-10-26,False
C03724,Ananya,Kulkarni,Japan,37.0,None,Walk-in,2025-10-16,False
C03725,Karan,Chowdhury,India,30.0,Open Water,Hotel Partner,2025-10-23,False
C03726,Sarah,Chowdhury,India,43.0,Advanced,Hotel Partner,2025-10-16,False
C03727,Lukas,Muller,India,42.0,None,OTA,2025-10-21,False
C03728,Aarav,Reddy,India,33.0,Advanced,Website,2025-10-26,False
C03729,Priya,Cohen,India,39.0,Rescue,OTA,2025-10-23,False
C03730,James,Kulkarni,India,40.0,None,Instagram,2025-10-16,False
C03731,Sophie,Gupta,India,44.0,None,Walk-in,2025-10-25,False
C03732,Hannah,Taylor,India,33.0,Advanced,Referral,2025-10-19,False
C03733,Priya,Muller,France,,None,Referral,2025-10-18,True
C03734,Itai,Chowdhury,India,51.0,Open Water,Website,2025-10-24,False
C03735,Ishaan,Petrova,India,23.0,None,Referral,2025-10-22,False
C03736,Kavya,Patel,India,26.0,None,OTA,2025-10-21,False
C03737,Meera,Smith,India,28.0,Advanced,Walk-in,2025-10-25,False
C03738,Divya,Jansen,India,45.0,Open Water,Walk-in,2025-10-28,False
C03739,Dmitri,Banerjee,India,34.0,None,Walk-in,2025-10-28,False
C03740,Ananya,Muller,India,29.0,None,Unknown,2025-10-22,False
C03741,Anouk,Jansen,India,36.0,None,OTA,2025-10-26,False
C03742,Ravi,Petrova,India,37.0,None,Referral,2025-10-24,False
C03743,Ishaan,Tanaka,India,26.0,Advanced,Walk-in,2025-10-22,False
C03744,Pooja,Patel,India,53.0,Open Water,OTA,2025-10-24,False
C03745,Divya,Kim,India,36.0,None,OTA,2025-10-25,False
C03746,Rohan,Levi,India,21.0,None,Walk-in,2025-10-28,False
C03747,Pierre,Dubois,India,33.0,Advanced,Instagram,2025-10-25,False
C03748,Divya,Petrova,United Kingdom,44.0,None,Website,2025-10-21,False
C03749,Meera,Sharma,France,24.0,None,Unknown,2025-10-28,False
C03750,Liam,Schmidt,India,19.0,None,Instagram,2025-10-24,False
C03751,Aditya,Menon,India,58.0,None,Website,2025-10-22,False
C03752,Sophie,OConnor,Australia,44.0,Divemaster,OTA,2025-10-21,False
C03753,Rohan,Levi,India,47.0,Rescue,Hotel Partner,2025-10-24,False
C03754,Priya,Brown,India,39.0,Open Water,Hotel Partner,2025-10-21,False
C03755,Karan,Banerjee,India,31.0,None,OTA,2025-10-27,False
C03756,Divya,Patel,United Kingdom,28.0,Open Water,Hotel Partner,2025-10-24,False
C03757,Yuki,Levi,France,32.0,None,Walk-in,2025-10-27,False
C03758,Arjun,Iyer,France,33.0,None,Website,2025-10-27,False
C03759,Aarav,Rossi,Australia,36.0,Open Water,Website,2025-10-28,False
C03760,Ishaan,Muller,India,44.0,None,Unknown,2025-10-25,False
C03761,Marco,Iyer,United Kingdom,38.0,None,Website,2025-10-26,False
C03762,Liam,Menon,India,35.0,Advanced,Unknown,2025-10-22,False
C03763,Priya,Wilson,India,35.0,None,OTA,2025-10-22,False
C03764,Lukas,Sharma,Netherlands,25.0,None,Walk-in,2025-10-28,False
C03765,Pierre,Nair,India,26.0,Open Water,OTA,2025-10-25,False
C03766,Pierre,Muller,India,25.0,Open Water,Walk-in,2025-10-29,False
C03767,Rahul,Reddy,Russia,47.0,None,OTA,2025-10-31,False
C03768,Noa,Banerjee,South Korea,,Advanced,Referral,2025-10-27,True
C03769,Ananya,Gupta,Australia,36.0,None,OTA,2025-10-31,False
C03770,Elena,Ivanov,India,30.0,Advanced,OTA,2025-10-30,False
C03771,Ishaan,Desai,India,34.0,None,Referral,2025-10-29,False
C03772,Sven,Desai,Russia,27.0,Open Water,Website,2025-10-24,False
C03773,Chloe,Rao,India,,Open Water,OTA,2025-11-01,True
C03774,Minjun,Reddy,United States,37.0,Advanced,OTA,2025-10-29,False
C03775,Aarav,Gupta,Germany,32.0,None,Walk-in,2025-10-31,False
C03776,Pierre,Patel,United Kingdom,36.0,Advanced,Website,2025-11-03,False
C03777,Kavya,Taylor,France,46.0,None,Instagram,2025-10-27,False
C03778,Lukas,OConnor,Japan,,Open Water,OTA,2025-10-28,True
C03779,Liam,Kulkarni,Germany,43.0,None,OTA,2025-11-02,False
C03780,Tom,Muller,India,37.0,None,OTA,2025-10-27,False
C03781,Vikram,Bakker,India,,Open Water,Unknown,2025-11-01,True
C03782,Dmitri,Muller,India,29.0,None,Unknown,2025-11-02,False
C03783,Lukas,Smith,India,47.0,Open Water,OTA,2025-10-26,False
C03784,Sarah,Patel,France,42.0,Open Water,Walk-in,2025-10-27,False
C03785,Siddharth,Muller,India,,None,OTA,2025-10-28,True
C03786,Kavya,Smith,India,29.0,Open Water,Walk-in,2025-11-04,False
C03787,Daniel,Levi,Germany,41.0,None,Website,2025-11-02,False
C03788,Yuki,Kulkarni,India,41.0,None,OTA,2025-10-31,False
C03789,Priya,Kulkarni,India,27.0,Rescue,Website,2025-10-29,False
C03790,James,Cohen,Russia,41.0,Advanced,Walk-in,2025-10-30,False
C03791,Hannah,Park,India,35.0,Advanced,OTA,2025-11-04,False
C03792,Emma,Ivanov,India,46.0,None,OTA,2025-10-29,False
C03793,Noa,Rao,France,25.0,Open Water,Walk-in,2025-11-04,False
C03794,Liam,Rao,India,,None,Unknown,2025-11-05,True
C03795,Elena,Smith,India,58.0,None,Instagram,2025-11-06,False
C03796,Marco,Kim,United States,32.0,None,Website,2025-11-05,False
C03797,Sven,Jansen,India,19.0,Advanced,Instagram,2025-11-05,False
C03798,Pierre,Wilson,India,34.0,None,Referral,2025-10-30,False
C03799,James,Park,India,40.0,Open Water,OTA,2025-10-31,False
C03800,Minjun,Wilson,India,22.0,Open Water,Unknown,2025-10-31,False
C03801,Sneha,Nair,Australia,22.0,None,Referral,2025-10-28,False
C03802,Dmitri,Dubois,India,39.0,None,Website,2025-10-30,False
C03803,Rahul,Reddy,Russia,39.0,None,Instagram,2025-11-03,False
C03804,Priya,Sharma,India,29.0,None,OTA,2025-11-01,False
C03805,Elena,Taylor,India,45.0,None,OTA,2025-11-06,False
C03806,Sarah,Cohen,United States,45.0,None,OTA,2025-11-03,False
C03807,Ananya,Gupta,India,36.0,Advanced,Unknown,2025-11-01,False
C03808,Karan,Reddy,India,38.0,None,OTA,2025-11-03,False
C03809,Sophie,Taylor,Japan,19.0,None,Walk-in,2025-11-08,False
C03810,Anouk,Cohen,South Korea,33.0,None,Website,2025-10-31,False
C03811,Aarav,Rossi,India,29.0,Open Water,Referral,2025-11-05,False
C03812,Yuki,Patel,India,18.0,Advanced,OTA,2025-10-30,False
C03813,James,Kim,India,45.0,Advanced,Website,2025-11-05,False
C03814,Marco,Wilson,United Kingdom,29.0,Open Water,Referral,2025-11-03,False
C03815,Karan,Menon,India,,Open Water,Hotel Partner,2025-11-05,True
C03816,Dmitri,Desai,India,,Rescue,Walk-in,2025-11-06,True
C03817,Meera,Cohen,India,40.0,Open Water,Walk-in,2025-11-06,False
C03818,Minjun,Reddy,United Kingdom,27.0,None,Hotel Partner,2025-11-03,False
C03819,Arjun,Kim,Australia,22.0,None,Website,2025-11-01,False
C03820,Pooja,Banerjee,Netherlands,26.0,None,Walk-in,2025-11-03,False
C03821,Daniel,Rao,Japan,33.0,None,Hotel Partner,2025-11-04,False
C03822,Neha,Sharma,India,41.0,None,Walk-in,2025-11-01,False
C03823,Emma,Kulkarni,India,40.0,Advanced,Referral,2025-11-10,False
C03824,Marco,Ivanov,India,30.0,Advanced,OTA,2025-11-09,False
C03825,Priya,Muller,Germany,21.0,None,OTA,2025-11-02,False
C03826,Itai,Desai,India,39.0,Advanced,Unknown,2025-10-31,False
C03827,Sophie,Park,United Kingdom,22.0,Open Water,OTA,2025-11-06,False
C03828,Ravi,Jansen,India,34.0,Divemaster,Instagram,2025-11-06,False
C03829,Lukas,Smith,Germany,,Advanced,Referral,2025-11-10,True
C03830,Liam,Nair,India,28.0,Advanced,OTA,2025-11-04,False
C03831,Ananya,Schmidt,South Korea,43.0,None,OTA,2025-11-06,False
C03832,Priya,OConnor,United Kingdom,29.0,Open Water,Website,2025-11-01,False
C03833,Siddharth,Banerjee,India,45.0,Advanced,Instagram,2025-11-04,False
C03834,Olga,Wilson,India,23.0,Open Water,Referral,2025-11-09,False
C03835,Camille,Tanaka,Italy,38.0,Open Water,Instagram,2025-11-09,False
C03836,Meera,Park,India,43.0,Open Water,OTA,2025-11-03,False
C03837,Sarah,Iyer,Israel,,Advanced,Walk-in,2025-11-06,True
C03838,Ishaan,Iyer,United Kingdom,24.0,None,OTA,2025-11-12,False
C03839,Rohan,Muller,Israel,34.0,None,Referral,2025-11-05,False
C03840,Sophie,Dubois,India,23.0,Open Water,Unknown,2025-11-10,False
C03841,Pooja,Dubois,United States,27.0,Open Water,Website,2025-11-03,False
C03842,Rohan,Nair,India,39.0,Divemaster,OTA,2025-11-12,False
C03843,Liam,Reddy,India,41.0,Open Water,Walk-in,2025-11-12,False
C03844,Ishaan,Nair,France,34.0,None,OTA,2025-11-03,False
C03845,Sophie,Schmidt,Australia,33.0,Advanced,Website,2025-11-07,False
C03846,Lukas,Desai,India,31.0,None,Walk-in,2025-11-08,False
C03847,Minjun,Iyer,India,29.0,Open Water,Hotel Partner,2025-11-10,False
C03848,Arjun,Sharma,Israel,32.0,Open Water,Unknown,2025-11-06,False
C03849,Minjun,Petrova,India,43.0,Advanced,Website,2025-11-05,False
C03850,Lukas,Chowdhury,India,15.0,Advanced,Unknown,2025-11-05,False
C03851,Pierre,Sharma,France,19.0,None,Unknown,2025-11-11,False
C03852,Chloe,Cohen,France,47.0,Open Water,Instagram,2025-11-12,False
C03853,Marco,Gupta,Netherlands,,Open Water,Hotel Partner,2025-11-15,True
C03854,Divya,Levi,United Kingdom,50.0,Open Water,OTA,2025-11-11,False
C03855,Itai,Nair,India,27.0,None,Referral,2025-11-14,False
C03856,Liam,Kulkarni,India,24.0,Open Water,OTA,2025-11-06,False
C03857,Ananya,Muller,United Kingdom,34.0,None,Website,2025-11-14,False
C03858,Liam,Levi,Australia,20.0,Open Water,Instagram,2025-11-14,False
C03859,Sven,Smith,India,38.0,Open Water,Instagram,2025-11-09,False
C03860,Divya,Taylor,India,37.0,Open Water,Unknown,2025-11-15,False
C03861,Dmitri,Desai,India,36.0,None,Walk-in,2025-11-10,False
C03862,Pierre,Wilson,India,31.0,Open Water,Hotel Partner,2025-11-06,False
C03863,Rahul,Banerjee,Germany,29.0,None,Hotel Partner,2025-11-09,False
C03864,Arjun,Jansen,India,,Open Water,OTA,2025-11-11,True
C03865,Sven,Dubois,India,33.0,None,Website,2025-11-10,False
C03866,Meera,Brown,India,20.0,None,Hotel Partner,2025-11-12,False
C03867,Divya,Brown,India,49.0,None,Unknown,2025-11-12,False
C03868,Aarav,Petrova,India,39.0,Open Water,Website,2025-11-10,False
C03869,Karan,Iyer,Russia,21.0,None,OTA,2025-11-12,False
C03870,Anouk,Park,India,16.0,Open Water,Unknown,2025-11-13,False
C03871,Olga,Petrova,India,12.0,None,Hotel Partner,2025-11-12,False
C03872,Sophie,Iyer,United Kingdom,54.0,None,Hotel Partner,2025-11-15,False
C03873,Neha,Muller,India,29.0,Open Water,Website,2025-11-10,False
C03874,Sneha,Rossi,India,24.0,None,OTA,2025-11-16,False
C03875,Tom,Patel,Russia,37.0,Open Water,OTA,2025-11-14,False
C03876,Minjun,Levi,United Kingdom,35.0,Open Water,Referral,2025-11-18,False
C03877,Dmitri,Petrova,India,22.0,None,Walk-in,2025-11-18,False
C03878,Noa,Menon,Russia,35.0,None,OTA,2025-11-15,False
C03879,Arjun,Patel,France,22.0,Open Water,Unknown,2025-11-18,False
C03880,Sneha,Ivanov,India,14.0,None,Referral,2025-11-17,False
C03881,Sarah,Sharma,Netherlands,,None,OTA,2025-11-17,True
C03882,Hannah,Schmidt,Israel,12.0,None,Referral,2025-11-16,False
C03883,Rohan,Sharma,India,44.0,Rescue,OTA,2025-11-11,False
C03884,Liam,Reddy,Japan,,None,OTA,2025-11-20,True
C03885,Pooja,Park,Russia,28.0,Open Water,OTA,2025-11-16,False
C03886,Sarah,Wilson,India,36.0,Advanced,OTA,2025-11-18,False
C03887,Aarav,Smith,Australia,36.0,None,Walk-in,2025-11-16,False
C03888,Rahul,Wilson,Italy,48.0,None,Unknown,2025-11-19,False
C03889,Rahul,Bakker,India,,Open Water,Walk-in,2025-11-10,True
C03890,Siddharth,Rossi,Israel,12.0,None,Website,2025-11-18,False
C03891,Chloe,Tanaka,United Kingdom,27.0,None,OTA,2025-11-16,False
C03892,Sven,Wilson,India,33.0,None,Website,2025-11-13,False
C03893,Noa,Brown,India,29.0,Advanced,Instagram,2025-11-16,False
C03894,Emma,Kulkarni,India,30.0,Advanced,Referral,2025-11-14,False
C03895,James,Bakker,Italy,25.0,None,Unknown,2025-11-11,False
C03896,Camille,Chowdhury,Russia,52.0,Rescue,Referral,2025-11-21,False
C03897,James,Kim,United Kingdom,31.0,Open Water,Walk-in,2025-11-18,False
C03898,Ravi,Schmidt,India,41.0,None,Unknown,2025-11-13,False
C03899,Arjun,Jansen,India,,None,Website,2025-11-18,True
C03900,Arjun,Desai,Russia,46.0,Open Water,OTA,2025-11-22,False
C03901,Sarah,Tanaka,India,25.0,None,OTA,2025-11-12,False
C03902,Rohan,Gupta,Russia,29.0,Advanced,Website,2025-11-17,False
C03903,Arjun,Chowdhury,India,42.0,Open Water,Walk-in,2025-11-21,False
C03904,Vikram,Rossi,India,,None,OTA,2025-11-18,True
C03905,Yuki,Menon,India,20.0,None,Walk-in,2025-11-16,False
C03906,Kavya,Desai,India,40.0,None,Hotel Partner,2025-11-21,False
C03907,Marco,Kulkarni,United Kingdom,29.0,Open Water,Walk-in,2025-11-14,False
C03908,Siddharth,Rao,India,33.0,Open Water,Website,2025-11-23,False
C03909,Daniel,Sharma,India,50.0,None,Hotel Partner,2025-11-22,False
C03910,Kavya,Taylor,Netherlands,39.0,Open Water,OTA,2025-11-15,False
C03911,Ishaan,Nair,India,39.0,Open Water,Website,2025-11-20,False
C03912,Neha,Gupta,Australia,45.0,Advanced,Referral,2025-11-20,False
C03913,Dmitri,Petrova,United States,,Open Water,Referral,2025-11-21,True
C03914,Divya,Jansen,India,33.0,None,OTA,2025-11-16,False
C03915,Emma,Rao,India,35.0,Open Water,Website,2025-11-20,False
C03916,Kavya,OConnor,India,35.0,Rescue,OTA,2025-11-20,False
C03917,Rohan,Banerjee,India,28.0,Advanced,OTA,2025-11-20,False
C03918,Neha,Sharma,Germany,30.0,None,Instagram,2025-11-24,False
C03919,Rohan,Dubois,United Kingdom,38.0,None,Website,2025-11-21,False
C03920,Dmitri,Iyer,United Kingdom,37.0,None,OTA,2025-11-15,False
C03921,Ananya,Dubois,India,40.0,Advanced,Walk-in,2025-11-24,False
C03922,Sven,Cohen,India,35.0,Open Water,Website,2025-11-16,False
C03923,Aditya,Ivanov,India,45.0,None,OTA,2025-11-17,False
C03924,Olga,Reddy,United Kingdom,32.0,None,Unknown,2025-11-15,False
C03925,Ravi,OConnor,India,18.0,None,OTA,2025-11-15,False
C03926,Tom,Reddy,India,45.0,None,Website,2025-11-24,False
C03927,Sven,Gupta,India,29.0,Open Water,OTA,2025-11-24,False
C03928,Priya,Menon,India,39.0,None,Website,2025-11-24,False
C03929,Meera,Patel,India,19.0,Open Water,Instagram,2025-11-21,False
C03930,Chloe,Jansen,Israel,12.0,Open Water,Walk-in,2025-11-20,False
C03931,Yuki,Cohen,Israel,,None,Instagram,2025-11-15,True
C03932,Siddharth,Kulkarni,India,38.0,None,OTA,2025-11-21,False
C03933,Ishaan,Banerjee,Australia,51.0,Open Water,OTA,2025-11-24,False
C03934,Karan,Nair,India,38.0,None,Walk-in,2025-11-21,False
C03935,James,Park,India,,None,OTA,2025-11-20,True
C03936,Kavya,Wilson,India,44.0,None,Referral,2025-11-25,False
C03937,Ananya,Desai,India,14.0,None,Walk-in,2025-11-16,False
C03938,Hannah,Banerjee,United Kingdom,41.0,None,Unknown,2025-11-23,False
C03939,Sneha,Rossi,United States,24.0,None,Unknown,2025-11-18,False
C03940,Liam,Chowdhury,India,28.0,Open Water,OTA,2025-11-24,False
C03941,Emma,Kulkarni,India,,Open Water,Walk-in,2025-11-24,True
C03942,Vikram,Ivanov,France,,Open Water,Website,2025-11-23,True
C03943,Sarah,Menon,Netherlands,21.0,None,Website,2025-11-23,False
C03944,Anouk,Rossi,South Korea,,Open Water,OTA,2025-11-18,True
C03945,Sarah,Park,India,27.0,Open Water,OTA,2025-11-18,False
C03946,Ravi,Taylor,Russia,31.0,None,Unknown,2025-11-18,False
C03947,Lukas,Bakker,United Kingdom,47.0,None,Walk-in,2025-11-21,False
C03948,Vikram,Menon,India,24.0,None,Walk-in,2025-11-23,False
C03949,James,Tanaka,India,,Advanced,OTA,2025-11-18,True
C03950,Sarah,Menon,United States,42.0,None,Unknown,2025-11-26,False
C03951,Tom,Patel,South Korea,12.0,None,Unknown,2025-11-27,False
C03952,Ishaan,Brown,India,31.0,Advanced,Referral,2025-11-21,False
C03953,Hannah,Rossi,India,33.0,None,Walk-in,2025-11-28,False
C03954,Sneha,Desai,Netherlands,36.0,Open Water,Walk-in,2025-11-20,False
C03955,Divya,Petrova,Netherlands,27.0,Open Water,Walk-in,2025-11-27,False
C03956,Aarav,Sharma,India,32.0,Rescue,Website,2025-11-27,False
C03957,Hannah,Sharma,India,47.0,None,Walk-in,2025-11-20,False
C03958,Yuki,Kulkarni,United Kingdom,40.0,None,Instagram,2025-11-25,False
C03959,Pooja,Bakker,India,38.0,Advanced,Hotel Partner,2025-11-24,False
C03960,Karan,Gupta,India,36.0,None,Walk-in,2025-11-29,False
C03961,Ravi,Sharma,India,44.0,Rescue,OTA,2025-11-27,False
C03962,Ananya,Taylor,India,,Advanced,OTA,2025-11-28,True
C03963,Aarav,Kulkarni,Israel,,Advanced,OTA,2025-11-21,True
C03964,Aarav,Rao,United States,,Open Water,Hotel Partner,2025-11-21,True
C03965,Yuki,Smith,United States,38.0,None,Website,2025-11-25,False
C03966,Camille,OConnor,India,33.0,Rescue,Website,2025-11-20,False
C03967,Vikram,Ivanov,India,28.0,Advanced,Hotel Partner,2025-11-27,False
C03968,Tom,Desai,Germany,41.0,Open Water,Hotel Partner,2025-11-24,False
C03969,Rahul,OConnor,India,39.0,Advanced,OTA,2025-11-29,False
C03970,Elena,Jansen,India,51.0,None,OTA,2025-11-23,False
C03971,Neha,Jansen,India,36.0,Open Water,Unknown,2025-11-23,False
C03972,Kavya,Cohen,South Korea,,None,OTA,2025-11-24,True
C03973,James,Rao,India,49.0,Open Water,Website,2025-11-29,False
C03974,James,Taylor,India,27.0,None,Website,2025-11-27,False
C03975,Rohan,Desai,United States,27.0,None,OTA,2025-11-21,False
C03976,Ravi,Desai,Japan,14.0,Open Water,Website,2025-11-30,False
C03977,Lukas,Petrova,Netherlands,49.0,Advanced,Walk-in,2025-11-23,False
C03978,Yuki,Rossi,India,26.0,None,Instagram,2025-11-24,False
C03979,Emma,Menon,Australia,34.0,Open Water,Walk-in,2025-11-30,False
C03980,Daniel,Banerjee,United States,20.0,Advanced,OTA,2025-12-01,False
C03981,Liam,Dubois,India,45.0,None,Instagram,2025-11-25,False
C03982,Vikram,Tanaka,India,28.0,Advanced,Website,2025-11-21,False
C03983,Sven,Park,India,43.0,None,Website,2025-11-25,False
C03984,Aditya,Desai,Italy,32.0,None,OTA,2025-11-29,False
C03985,Meera,Taylor,India,45.0,Open Water,OTA,2025-11-24,False
C03986,Emma,Dubois,India,27.0,Open Water,OTA,2025-11-26,False
C03987,Noa,Menon,Russia,40.0,None,OTA,2025-11-22,False
C03988,Pierre,Jansen,India,16.0,Open Water,OTA,2025-11-21,False
C03989,Meera,Dubois,Germany,28.0,None,Walk-in,2025-11-30,False
C03990,Sophie,Reddy,South Korea,,Open Water,OTA,2025-11-21,True
C03991,Rahul,Schmidt,India,27.0,Advanced,OTA,2025-11-21,False
C03992,Daniel,Desai,Russia,37.0,Open Water,Website,2025-11-22,False
C03993,Aditya,Kulkarni,India,38.0,Open Water,Website,2025-11-26,False
C03994,Chloe,Gupta,Netherlands,29.0,None,OTA,2025-11-28,False
C03995,Rahul,Brown,Netherlands,44.0,Advanced,Website,2025-11-30,False
C03996,Rohan,Reddy,India,33.0,Open Water,Website,2025-11-28,False
C03997,Camille,Schmidt,Australia,46.0,None,OTA,2025-11-30,False
C03998,Priya,Rao,Germany,33.0,Open Water,Instagram,2025-11-28,False
C03999,Divya,Ivanov,India,37.0,Open Water,Referral,2025-11-23,False
C04000,Marco,Schmidt,India,28.0,Open Water,OTA,2025-12-02,False
C04001,Sarah,Brown,India,37.0,None,OTA,2025-11-29,False
C04002,Hannah,Smith,Germany,38.0,Open Water,Instagram,2025-11-29,False
C04003,Lukas,Rossi,Russia,43.0,None,OTA,2025-11-25,False
C04004,Liam,Smith,United Kingdom,43.0,Open Water,Website,2025-11-28,False
C04005,James,Schmidt,India,,None,OTA,2025-11-24,True
C04006,Neha,Wilson,United Kingdom,38.0,Open Water,Walk-in,2025-11-23,False
C04007,Rahul,Kim,India,50.0,Open Water,Instagram,2025-11-29,False
C04008,Ishaan,Sharma,Russia,48.0,Open Water,OTA,2025-11-25,False
C04009,Dmitri,Levi,United States,35.0,Advanced,Walk-in,2025-12-02,False
C04010,Siddharth,Patel,India,31.0,None,OTA,2025-11-22,False
C04011,Sven,Reddy,Germany,43.0,None,Unknown,2025-11-24,False
C04012,Emma,Ivanov,France,48.0,Advanced,Walk-in,2025-12-01,False
C04013,Rohan,Rao,Italy,19.0,Open Water,OTA,2025-12-02,False
C04014,Sophie,Levi,India,26.0,None,Walk-in,2025-12-02,False
C04015,Ishaan,Schmidt,India,21.0,None,Unknown,2025-11-30,False
C04016,Marco,Petrova,United Kingdom,16.0,Rescue,OTA,2025-12-02,False
C04017,Lukas,Tanaka,India,21.0,None,Website,2025-12-04,False
C04018,Sneha,Brown,India,23.0,None,Walk-in,2025-11-30,False
C04019,Siddharth,Sharma,United Kingdom,,Open Water,Walk-in,2025-12-01,True
C04020,Chloe,Muller,United Kingdom,48.0,Open Water,Walk-in,2025-11-29,False
C04021,Dmitri,Kim,South Korea,44.0,Open Water,Instagram,2025-12-04,False
C04022,Priya,Brown,India,12.0,Open Water,OTA,2025-11-30,False
C04023,Arjun,Patel,India,54.0,None,Walk-in,2025-11-24,False
C04024,Siddharth,Wilson,United Kingdom,28.0,Open Water,Walk-in,2025-11-29,False
C04025,Sneha,Nair,United Kingdom,30.0,None,Instagram,2025-11-27,False
C04026,Meera,Menon,India,39.0,None,Instagram,2025-11-26,False
C04027,Yuki,Sharma,India,31.0,Open Water,Website,2025-12-05,False
C04028,Marco,Bakker,United States,28.0,Advanced,Referral,2025-11-26,False
C04029,Priya,Gupta,India,25.0,None,OTA,2025-12-01,False
C04030,Sneha,Muller,United Kingdom,46.0,Divemaster,OTA,2025-11-27,False
C04031,Hannah,Rossi,India,34.0,Open Water,Walk-in,2025-12-05,False
C04032,Sophie,Gupta,India,31.0,None,Website,2025-12-04,False
C04033,Noa,Taylor,India,29.0,Open Water,Unknown,2025-12-05,False
C04034,Rohan,Iyer,South Korea,32.0,None,Website,2025-12-05,False
C04035,Chloe,Cohen,India,,None,Walk-in,2025-11-28,True
C04036,Aditya,Desai,India,15.0,Open Water,Hotel Partner,2025-11-28,False
C04037,Divya,Tanaka,Israel,,None,Instagram,2025-12-02,True
C04038,James,Tanaka,India,44.0,Open Water,Website,2025-12-05,False
C04039,Daniel,Bakker,Germany,25.0,Advanced,Referral,2025-12-03,False
C04040,Marco,Taylor,India,30.0,Advanced,Instagram,2025-12-04,False
C04041,Karan,Smith,France,45.0,Rescue,Website,2025-11-28,False
C04042,Chloe,Bakker,South Korea,32.0,None,Walk-in,2025-12-03,False
C04043,Noa,Muller,India,41.0,None,Instagram,2025-11-27,False
C04044,Ananya,Park,Japan,45.0,Rescue,OTA,2025-11-27,False
C04045,Emma,Petrova,United States,,Open Water,OTA,2025-11-26,True
C04046,Lukas,Menon,India,33.0,None,Hotel Partner,2025-12-01,False
C04047,Ishaan,Cohen,India,27.0,None,Hotel Partner,2025-12-03,False
C04048,Camille,Muller,India,26.0,Rescue,OTA,2025-11-29,False
C04049,Neha,Reddy,Germany,20.0,None,Hotel Partner,2025-12-02,False
C04050,Olga,Ivanov,Israel,34.0,None,OTA,2025-11-30,False
C04051,Lukas,Bakker,South Korea,30.0,None,Referral,2025-12-01,False
C04052,Arjun,Park,South Korea,34.0,None,Instagram,2025-12-06,False
C04053,Marco,OConnor,India,29.0,None,Referral,2025-11-30,False
C04054,James,Muller,United Kingdom,37.0,Open Water,Website,2025-12-06,False
C04055,Sophie,Rossi,South Korea,36.0,None,Walk-in,2025-12-04,False
C04056,Sophie,OConnor,Russia,21.0,Open Water,Instagram,2025-12-04,False
C04057,Karan,Petrova,India,41.0,Advanced,Unknown,2025-12-03,False
C04058,Olga,Dubois,United Kingdom,43.0,None,OTA,2025-12-03,False
C04059,Rahul,Taylor,India,25.0,None,OTA,2025-12-02,False
C04060,Tom,Bakker,India,35.0,Open Water,Website,2025-11-30,False
C04061,Siddharth,Reddy,India,21.0,Open Water,Website,2025-12-01,False
C04062,Sneha,Rao,India,30.0,Open Water,Website,2025-12-06,False
C04063,Sophie,Menon,France,55.0,None,Hotel Partner,2025-11-30,False
C04064,Vikram,Gupta,India,26.0,None,Walk-in,2025-12-02,False
C04065,Yuki,Muller,India,,Open Water,Walk-in,2025-12-05,True
C04066,Daniel,Brown,India,44.0,Open Water,Walk-in,2025-11-29,False
C04067,Tom,Park,Italy,26.0,None,Website,2025-12-03,False
C04068,Aditya,Rao,India,40.0,None,Walk-in,2025-12-03,False
C04069,Marco,OConnor,India,17.0,Advanced,Walk-in,2025-12-08,False
C04070,Ishaan,Sharma,Russia,40.0,Open Water,Unknown,2025-12-09,False
C04071,Yuki,Brown,Netherlands,35.0,Open Water,Unknown,2025-12-03,False
C04072,Tom,Rossi,India,29.0,None,Referral,2025-12-08,False
C04073,Dmitri,Bakker,India,43.0,Open Water,Website,2025-12-02,False
C04074,Sneha,Levi,United Kingdom,,Advanced,OTA,2025-12-08,True
C04075,Aarav,Petrova,Israel,20.0,Open Water,Instagram,2025-11-30,False
C04076,Hannah,Kulkarni,India,,Open Water,Referral,2025-12-05,True
C04077,Vikram,Muller,Netherlands,31.0,None,OTA,2025-12-04,False
C04078,Lukas,Reddy,India,28.0,None,OTA,2025-12-07,False
C04079,Liam,Kulkarni,India,31.0,Open Water,Hotel Partner,2025-12-05,False
C04080,Divya,Muller,Israel,47.0,Open Water,Unknown,2025-12-07,False
C04081,Arjun,Rossi,India,38.0,Open Water,OTA,2025-12-10,False
C04082,Vikram,Muller,India,19.0,Open Water,OTA,2025-12-04,False
C04083,Rahul,Chowdhury,India,,Open Water,Website,2025-12-06,True
C04084,Ananya,Sharma,Japan,14.0,None,Website,2025-12-10,False
C04085,Yuki,Rossi,United States,29.0,Open Water,Walk-in,2025-12-08,False
C04086,Anouk,Reddy,Russia,23.0,None,OTA,2025-12-10,False
C04087,Olga,Petrova,India,39.0,None,Referral,2025-12-01,False
C04088,Aarav,Park,India,36.0,None,Website,2025-12-06,False
C04089,Aditya,Patel,India,28.0,None,OTA,2025-12-06,False
C04090,Dmitri,Chowdhury,India,17.0,Advanced,Walk-in,2025-12-01,False
C04091,Ravi,Nair,France,28.0,None,OTA,2025-12-10,False
C04092,Pooja,Chowdhury,India,42.0,None,Website,2025-12-03,False
C04093,Neha,Cohen,Russia,23.0,Advanced,Walk-in,2025-12-02,False
C04094,Aditya,Reddy,South Korea,30.0,None,OTA,2025-12-11,False
C04095,Daniel,Muller,India,20.0,Open Water,Hotel Partner,2025-12-07,False
C04096,Yuki,Desai,India,28.0,None,OTA,2025-12-02,False
C04097,Aarav,Menon,United Kingdom,13.0,None,Unknown,2025-12-09,False
C04098,Ishaan,Iyer,India,32.0,None,Website,2025-12-05,False
C04099,Rohan,Park,Australia,33.0,None,Website,2025-12-06,False
C04100,Ananya,Rossi,Germany,25.0,None,OTA,2025-12-06,False
C04101,Ravi,OConnor,Russia,27.0,None,Referral,2025-12-10,False
C04102,Liam,Desai,United Kingdom,29.0,Open Water,Instagram,2025-12-02,False
C04103,Sarah,Petrova,India,18.0,Advanced,OTA,2025-12-09,False
C04104,Ananya,Cohen,India,35.0,Open Water,Walk-in,2025-12-07,False
C04105,James,Rao,India,52.0,Open Water,OTA,2025-12-06,False
C04106,Emma,Jansen,Italy,43.0,None,Instagram,2025-12-06,False
C04107,Camille,Patel,India,32.0,None,OTA,2025-12-07,False
C04108,Sven,Nair,India,29.0,None,Unknown,2025-12-09,False
C04109,Sarah,Sharma,Israel,42.0,None,Instagram,2025-12-11,False
C04110,Dmitri,Desai,India,12.0,Open Water,OTA,2025-12-07,False
C04111,Elena,Patel,India,,Open Water,Walk-in,2025-12-13,True
C04112,Siddharth,Sharma,India,45.0,Rescue,Hotel Partner,2025-12-12,False
C04113,Anouk,Gupta,India,25.0,Open Water,OTA,2025-12-08,False
C04114,Dmitri,Jansen,Russia,19.0,None,OTA,2025-12-10,False
C04115,Sarah,Gupta,Germany,34.0,None,OTA,2025-12-11,False
C04116,Ananya,Kim,Italy,34.0,Advanced,OTA,2025-12-12,False
C04117,Ishaan,Rao,United States,17.0,Advanced,OTA,2025-12-15,False
C04118,Daniel,Schmidt,India,28.0,None,Instagram,2025-12-13,False
C04119,Sneha,Tanaka,India,41.0,None,OTA,2025-12-07,False
C04120,Camille,Levi,France,28.0,None,Website,2025-12-10,False
C04121,Itai,Tanaka,Australia,35.0,None,Referral,2025-12-08,False
C04122,Camille,Nair,Netherlands,16.0,None,OTA,2025-12-05,False
C04123,Divya,Muller,Italy,37.0,Open Water,Hotel Partner,2025-12-09,False
C04124,Ananya,Petrova,India,40.0,None,OTA,2025-12-12,False
C04125,Olga,Desai,India,19.0,None,Website,2025-12-07,False
C04126,Kavya,Iyer,India,27.0,None,Referral,2025-12-05,False
C04127,Anouk,Bakker,India,43.0,Open Water,Hotel Partner,2025-12-10,False
C04128,Sven,Iyer,France,26.0,Open Water,Website,2025-12-13,False
C04129,Minjun,Banerjee,India,37.0,None,Instagram,2025-12-06,False
C04130,Divya,Wilson,United Kingdom,,None,Website,2025-12-11,True
C04131,Rohan,Ivanov,United States,37.0,None,Referral,2025-12-06,False
C04132,Sarah,Dubois,India,29.0,None,Instagram,2025-12-06,False
C04133,Ravi,Smith,South Korea,19.0,Open Water,Walk-in,2025-12-11,False
C04134,Anouk,Levi,Netherlands,34.0,Open Water,Walk-in,2025-12-07,False
C04135,Neha,Levi,India,33.0,Open Water,Walk-in,2025-12-07,False
C04136,Sarah,Jansen,Russia,27.0,None,Website,2025-12-14,False
C04137,Sven,Rossi,India,,None,Website,2025-12-13,True
C04138,Divya,Park,France,30.0,None,Hotel Partner,2025-12-12,False
C04139,Meera,Dubois,India,16.0,None,Instagram,2025-12-07,False
C04140,Anouk,Rossi,India,40.0,None,OTA,2025-12-08,False
C04141,Daniel,Rossi,Israel,41.0,Advanced,Referral,2025-12-14,False
C04142,Tom,Desai,India,28.0,Open Water,Website,2025-12-15,False
C04143,Camille,Rossi,India,32.0,None,Walk-in,2025-12-15,False
C04144,Divya,Menon,Germany,29.0,None,OTA,2025-12-15,False
C04145,Vikram,Park,Netherlands,28.0,Open Water,Website,2025-12-17,False
C04146,Rohan,Gupta,United Kingdom,12.0,None,Hotel Partner,2025-12-13,False
C04147,Sven,Wilson,India,44.0,None,OTA,2025-12-08,False
C04148,Ravi,Gupta,India,33.0,Open Water,OTA,2025-12-14,False
C04149,Arjun,Rao,United Kingdom,45.0,Open Water,Hotel Partner,2025-12-18,False
C04150,Ananya,OConnor,India,36.0,None,Website,2025-12-11,False
C04151,Daniel,Petrova,India,15.0,Rescue,Unknown,2025-12-15,False
C04152,Aarav,Banerjee,India,32.0,Advanced,Hotel Partner,2025-12-17,False
C04153,Vikram,Wilson,India,15.0,None,Unknown,2025-12-16,False
C04154,Liam,Tanaka,France,28.0,None,OTA,2025-12-09,False
C04155,Itai,Reddy,India,22.0,None,Website,2025-12-14,False
C04156,Tom,Gupta,Netherlands,23.0,Open Water,Website,2025-12-13,False
C04157,Meera,Desai,India,38.0,None,Website,2025-12-18,False
C04158,Arjun,Sharma,India,12.0,None,Walk-in,2025-12-19,False
C04159,Emma,Patel,India,34.0,Rescue,Referral,2025-12-19,False
C04160,Vikram,Wilson,India,38.0,Advanced,Instagram,2025-12-12,False
C04161,Sneha,Rao,United States,30.0,Advanced,Website,2025-12-16,False
C04162,Ananya,Kulkarni,India,30.0,None,Instagram,2025-12-14,False
C04163,Yuki,Levi,Russia,35.0,Open Water,Walk-in,2025-12-09,False
C04164,Sarah,Taylor,India,23.0,None,Referral,2025-12-13,False
C04165,Sven,Sharma,France,28.0,None,Website,2025-12-17,False
C04166,Itai,Cohen,United Kingdom,34.0,Open Water,Instagram,2025-12-12,False
C04167,Siddharth,Iyer,India,44.0,Open Water,Walk-in,2025-12-13,False
C04168,Arjun,Kulkarni,India,39.0,None,Instagram,2025-12-17,False
C04169,Olga,Ivanov,United Kingdom,35.0,Open Water,Walk-in,2025-12-16,False
C04170,Daniel,Wilson,France,48.0,None,OTA,2025-12-14,False
C04171,Minjun,Petrova,India,29.0,None,Referral,2025-12-12,False
C04172,Camille,Banerjee,India,,None,Website,2025-12-11,True
C04173,Vikram,Iyer,India,43.0,None,Website,2025-12-20,False
C04174,Meera,Rao,India,36.0,None,OTA,2025-12-18,False
C04175,Divya,Reddy,Netherlands,26.0,None,Hotel Partner,2025-12-16,False
C04176,Ravi,Banerjee,India,42.0,None,OTA,2025-12-20,False
C04177,Sven,Chowdhury,Germany,20.0,None,Referral,2025-12-12,False
C04178,Emma,Jansen,France,,Open Water,Walk-in,2025-12-10,True
C04179,Divya,Wilson,Russia,32.0,None,Website,2025-12-11,False
C04180,Rahul,Banerjee,United Kingdom,43.0,Open Water,OTA,2025-12-13,False
C04181,Elena,Cohen,Germany,47.0,Open Water,Website,2025-12-19,False
C04182,Divya,Gupta,India,,Open Water,OTA,2025-12-10,True
C04183,Arjun,Desai,India,21.0,Divemaster,Walk-in,2025-12-16,False
C04184,Pooja,Iyer,Italy,25.0,Advanced,Website,2025-12-20,False
C04185,Camille,Chowdhury,Germany,41.0,Rescue,OTA,2025-12-16,False
C04186,Divya,Banerjee,India,40.0,None,Walk-in,2025-12-13,False
C04187,Sarah,Ivanov,India,27.0,Open Water,Referral,2025-12-14,False
C04188,Pooja,Nair,Netherlands,38.0,None,Referral,2025-12-19,False
C04189,Ravi,Dubois,Germany,26.0,None,OTA,2025-12-14,False
C04190,Yuki,Brown,Germany,25.0,None,Unknown,2025-12-18,False
C04191,Olga,Dubois,India,27.0,Open Water,Instagram,2025-12-16,False
C04192,Karan,Jansen,India,36.0,None,Unknown,2025-12-12,False
C04193,Priya,Nair,Italy,30.0,Open Water,Website,2025-12-19,False
C04194,Sophie,Brown,India,,Open Water,Hotel Partner,2025-12-14,True
C04195,Minjun,Schmidt,India,54.0,None,OTA,2025-12-20,False
C04196,Pooja,Smith,United Kingdom,41.0,None,OTA,2025-12-21,False
C04197,Rohan,OConnor,France,36.0,None,Unknown,2025-12-12,False
C04198,Pierre,Kulkarni,India,,None,OTA,2025-12-21,True
C04199,Elena,Rao,India,41.0,Open Water,Website,2025-12-15,False
C04200,Tom,Kim,United Kingdom,31.0,None,Unknown,2025-12-22,False
C04201,Minjun,Bakker,United States,33.0,Open Water,Unknown,2025-12-18,False
C04202,Daniel,Rao,India,35.0,Open Water,OTA,2025-12-18,False
C04203,Aarav,Schmidt,India,43.0,None,Instagram,2025-12-23,False
C04204,Vikram,Kim,Russia,34.0,Open Water,Hotel Partner,2025-12-14,False
C04205,Vikram,Desai,United States,38.0,None,Instagram,2025-12-22,False
C04206,Sneha,Desai,India,43.0,None,Website,2025-12-18,False
C04207,Sophie,Banerjee,India,25.0,None,OTA,2025-12-17,False
C04208,Aditya,Levi,India,21.0,Rescue,Website,2025-12-16,False
C04209,Noa,Park,Germany,39.0,Advanced,OTA,2025-12-23,False
C04210,Anouk,Muller,United States,29.0,None,Website,2025-12-19,False
C04211,Neha,Rossi,Italy,14.0,Open Water,OTA,2025-12-21,False
C04212,Chloe,Patel,India,37.0,None,Website,2025-12-17,False
C04213,Pooja,Park,India,22.0,Rescue,Website,2025-12-23,False
C04214,Liam,Rao,Netherlands,42.0,None,Unknown,2025-12-23,False
C04215,Dmitri,Patel,India,33.0,None,OTA,2025-12-23,False
C04216,Noa,Rao,India,31.0,Open Water,OTA,2025-12-25,False
C04217,Dmitri,Muller,Russia,12.0,None,OTA,2025-12-18,False
C04218,Aditya,Desai,India,28.0,Advanced,OTA,2025-12-19,False
C04219,Elena,Iyer,India,46.0,Rescue,Hotel Partner,2025-12-15,False
C04220,Sven,Taylor,France,,Open Water,Hotel Partner,2025-12-23,True
C04221,Itai,Brown,Israel,33.0,Open Water,Walk-in,2025-12-20,False
C04222,Camille,Menon,India,21.0,None,OTA,2025-12-20,False
C04223,Ishaan,Wilson,India,25.0,None,Hotel Partner,2025-12-16,False
C04224,Pierre,Patel,Netherlands,28.0,Open Water,Walk-in,2025-12-18,False
C04225,Anouk,Kulkarni,Russia,27.0,Open Water,OTA,2025-12-17,False
C04226,Rahul,Park,Australia,24.0,Rescue,Walk-in,2025-12-24,False
C04227,Chloe,Menon,India,32.0,None,Referral,2025-12-19,False
C04228,Kavya,Rao,Italy,32.0,Rescue,OTA,2025-12-24,False
C04229,Anouk,Muller,India,35.0,Open Water,OTA,2025-12-21,False
C04230,Pooja,Gupta,India,43.0,None,Unknown,2025-12-22,False
C04231,Minjun,Kim,Russia,16.0,Open Water,Walk-in,2025-12-17,False
C04232,Dmitri,Park,Germany,28.0,None,Unknown,2025-12-26,False
C04233,Anouk,Smith,United States,56.0,Open Water,OTA,2025-12-19,False
C04234,Elena,Banerjee,India,40.0,None,Referral,2025-12-24,False
C04235,Daniel,Schmidt,Russia,29.0,None,OTA,2025-12-25,False
C04236,Ishaan,Dubois,India,47.0,Rescue,OTA,2025-12-27,False
C04237,Sneha,Brown,India,15.0,Advanced,OTA,2025-12-25,False
C04238,Karan,Sharma,United States,49.0,Advanced,Instagram,2025-12-18,False
C04239,Sarah,Iyer,Israel,25.0,Advanced,Referral,2025-12-23,False
C04240,Elena,Smith,United Kingdom,30.0,Open Water,Website,2025-12-21,False
C04241,Liam,Levi,Russia,21.0,None,Referral,2025-12-25,False
C04242,Karan,Tanaka,United Kingdom,33.0,Advanced,Walk-in,2025-12-21,False
C04243,Ishaan,Levi,India,12.0,None,Unknown,2025-12-22,False
C04244,Noa,Wilson,France,39.0,Advanced,Walk-in,2025-12-21,False
C04245,Minjun,Bakker,Italy,48.0,None,OTA,2025-12-18,False
C04246,Chloe,Schmidt,United Kingdom,28.0,Divemaster,Referral,2025-12-24,False
C04247,Noa,Banerjee,France,31.0,Advanced,Walk-in,2025-12-26,False
C04248,Rahul,Park,France,35.0,None,Unknown,2025-12-27,False
C04249,Camille,Dubois,India,32.0,None,Referral,2025-12-26,False
C04250,Priya,Park,Germany,,Advanced,OTA,2025-12-20,True
C04251,Meera,Kulkarni,India,29.0,Open Water,Referral,2025-12-18,False
C04252,Siddharth,Reddy,Germany,45.0,Open Water,Website,2025-12-27,False
C04253,Lukas,Wilson,Australia,27.0,Open Water,Website,2025-12-28,False
C04254,Pooja,Brown,India,33.0,Open Water,OTA,2025-12-22,False
C04255,Lukas,Rao,India,29.0,None,Walk-in,2025-12-18,False
C04256,Rahul,Gupta,India,32.0,Rescue,Unknown,2025-12-24,False
C04257,Minjun,Jansen,Germany,52.0,Open Water,OTA,2025-12-23,False
C04258,Arjun,Dubois,Germany,31.0,None,Referral,2025-12-21,False
C04259,Meera,Menon,Italy,39.0,Open Water,Website,2025-12-24,False
C04260,Meera,Muller,France,59.0,Open Water,OTA,2025-12-23,False
C04261,Pierre,Nair,United Kingdom,34.0,None,Instagram,2025-12-26,False
C04262,Rahul,Desai,India,25.0,Advanced,Unknown,2025-12-29,False
C04263,Rohan,Kim,Netherlands,17.0,Advanced,Referral,2025-12-25,False
C04264,Hannah,Smith,India,,Open Water,OTA,2025-12-26,True
C04265,Noa,Rao,United Kingdom,,Open Water,OTA,2025-12-21,True
C04266,Itai,Chowdhury,Australia,36.0,None,OTA,2025-12-22,False
C04267,Hannah,Kulkarni,Germany,28.0,Open Water,Hotel Partner,2025-12-25,False
C04268,Pierre,Tanaka,India,19.0,Advanced,Website,2025-12-23,False
C04269,Sneha,Menon,India,34.0,Open Water,Instagram,2025-12-28,False
C04270,Dmitri,Kulkarni,India,39.0,Advanced,Unknown,2025-12-24,False
C04271,Hannah,Desai,United States,42.0,None,Referral,2025-12-23,False
C04272,Ananya,Park,Netherlands,52.0,None,Walk-in,2025-12-26,False
C04273,Sneha,Patel,India,22.0,None,Walk-in,2025-12-23,False
C04274,Anouk,Bakker,United Kingdom,,Open Water,Instagram,2026-01-01,True
C04275,Siddharth,Nair,United Kingdom,39.0,Advanced,Walk-in,2025-12-30,False
C04276,Olga,Gupta,United States,19.0,Advanced,Referral,2025-12-29,False
C04277,Camille,Sharma,France,37.0,None,Instagram,2025-12-28,False
C04278,Noa,Tanaka,India,43.0,None,Website,2025-12-28,False
C04279,Marco,Levi,United States,45.0,None,OTA,2025-12-24,False
C04280,Kavya,Smith,India,38.0,None,Hotel Partner,2026-01-01,False
C04281,Aditya,Rao,Australia,25.0,Open Water,OTA,2026-01-01,False
C04282,Neha,Park,United States,22.0,None,Hotel Partner,2025-12-24,False
C04283,Sophie,Desai,United Kingdom,47.0,Open Water,Walk-in,2025-12-28,False
C04284,Siddharth,Sharma,United States,46.0,None,Instagram,2025-12-31,False
C04285,Pooja,Smith,United Kingdom,31.0,Open Water,Website,2025-12-25,False
C04286,Liam,Ivanov,India,44.0,Open Water,Walk-in,2025-12-23,False
C04287,Sarah,Nair,India,36.0,Advanced,Website,2025-12-26,False
C04288,Camille,Gupta,India,37.0,None,Walk-in,2025-12-27,False
C04289,Tom,Park,India,47.0,Open Water,Unknown,2026-01-01,False
C04290,Minjun,OConnor,United States,28.0,Advanced,Instagram,2025-12-31,False
C04291,Noa,Cohen,United Kingdom,29.0,Advanced,Walk-in,2025-12-30,False
C04292,Itai,Smith,India,14.0,None,Walk-in,2025-12-26,False
C04293,Lukas,Brown,India,35.0,None,Referral,2025-12-26,False
C04294,Itai,Kim,United Kingdom,36.0,Advanced,OTA,2026-01-03,False
C04295,Karan,OConnor,India,50.0,Divemaster,Unknown,2026-01-02,False
C04296,Dmitri,Muller,United Kingdom,38.0,Open Water,Website,2025-12-31,False
C04297,Sven,Banerjee,Netherlands,27.0,Open Water,OTA,2025-12-24,False
C04298,Karan,Wilson,India,40.0,Open Water,OTA,2025-12-24,False
C04299,Karan,OConnor,Germany,24.0,None,Walk-in,2026-01-02,False
C04300,Daniel,Rao,United Kingdom,26.0,Open Water,Hotel Partner,2026-01-01,False
C04301,Sneha,Levi,United Kingdom,,None,OTA,2025-12-30,True
C04302,Divya,Kulkarni,India,43.0,Advanced,OTA,2026-01-02,False
C04303,Aditya,Chowdhury,India,30.0,Open Water,Walk-in,2025-12-27,False
C04304,Divya,Menon,India,35.0,None,Website,2025-12-26,False
C04305,Dmitri,Cohen,India,38.0,None,OTA,2025-12-30,False
C04306,Minjun,Kim,Russia,36.0,None,Website,2026-01-04,False
C04307,Karan,OConnor,Israel,13.0,None,Walk-in,2026-01-01,False
C04308,Anouk,Ivanov,Germany,39.0,Rescue,Hotel Partner,2025-12-29,False
C04309,Daniel,Cohen,Netherlands,46.0,Advanced,Walk-in,2025-12-27,False
C04310,Chloe,Tanaka,India,56.0,None,Walk-in,2026-01-04,False
C04311,Ishaan,Ivanov,India,40.0,None,Unknown,2025-12-27,False
C04312,Daniel,Kim,United Kingdom,23.0,Open Water,OTA,2025-12-27,False
C04313,Rahul,Rossi,Russia,34.0,None,Website,2025-12-28,False
C04314,Vikram,Bakker,India,43.0,Rescue,OTA,2026-01-05,False
C04315,Anouk,Rao,India,33.0,Open Water,OTA,2026-01-02,False
C04316,Noa,Petrova,India,40.0,Open Water,OTA,2026-01-05,False
C04317,Vikram,Cohen,India,36.0,Rescue,Hotel Partner,2025-12-31,False
C04318,Dmitri,OConnor,Israel,37.0,None,Referral,2026-01-04,False
C04319,Aarav,Desai,United Kingdom,43.0,Open Water,Walk-in,2026-01-02,False
C04320,Sophie,Park,Russia,36.0,None,Walk-in,2025-12-27,False
C04321,Sarah,Schmidt,India,31.0,Rescue,Unknown,2025-12-28,False
C04322,Olga,Desai,Italy,,None,OTA,2026-01-04,True
C04323,Rohan,OConnor,India,39.0,Open Water,OTA,2026-01-02,False
C04324,Elena,Patel,India,27.0,Open Water,Website,2025-12-29,False
C04325,Sophie,Menon,Germany,44.0,Open Water,Instagram,2026-01-02,False
C04326,Ravi,Petrova,India,26.0,Rescue,OTA,2026-01-06,False
C04327,Vikram,Kim,Russia,27.0,None,Walk-in,2026-01-02,False
C04328,Arjun,Patel,India,39.0,None,Unknown,2025-12-27,False
C04329,Lukas,Petrova,Italy,37.0,None,Website,2025-12-30,False
C04330,Chloe,Dubois,Israel,33.0,None,Walk-in,2025-12-31,False
C04331,Siddharth,Sharma,India,33.0,None,Referral,2025-12-31,False
C04332,Minjun,Levi,India,12.0,None,Website,2025-12-29,False
C04333,Elena,Park,Israel,32.0,None,OTA,2025-12-28,False
C04334,Lukas,Tanaka,India,43.0,Open Water,OTA,2026-01-04,False
C04335,Neha,Dubois,France,52.0,Open Water,Walk-in,2026-01-01,False
C04336,Camille,Muller,India,40.0,None,Walk-in,2026-01-04,False
C04337,Sven,Levi,India,31.0,None,OTA,2026-01-06,False
C04338,Aarav,Brown,India,28.0,None,Referral,2026-01-06,False
C04339,Tom,Kulkarni,Germany,25.0,None,Unknown,2025-12-30,False
C04340,Vikram,Menon,India,23.0,None,Website,2026-01-04,False
C04341,Meera,Desai,Australia,31.0,Open Water,Walk-in,2026-01-05,False
C04342,Dmitri,Menon,Netherlands,21.0,Advanced,Walk-in,2026-01-05,False
C04343,Ananya,Cohen,India,38.0,Open Water,Walk-in,2026-01-08,False
C04344,Anouk,Ivanov,India,31.0,None,Unknown,2026-01-07,False
C04345,Dmitri,Patel,India,41.0,None,Website,2026-01-06,False
C04346,Chloe,Bakker,India,49.0,Open Water,Hotel Partner,2026-01-01,False
C04347,Lukas,Reddy,India,37.0,None,Referral,2025-12-30,False
C04348,Hannah,Petrova,France,35.0,Open Water,OTA,2025-12-31,False
C04349,Pooja,Desai,India,23.0,None,OTA,2026-01-01,False
C04350,Siddharth,Taylor,Russia,51.0,Open Water,OTA,2026-01-06,False
C04351,Pooja,Levi,India,27.0,None,OTA,2026-01-06,False
C04352,Siddharth,Nair,South Korea,20.0,Open Water,Unknown,2025-12-30,False
C04353,Meera,Jansen,South Korea,40.0,None,Unknown,2026-01-09,False
C04354,Minjun,OConnor,India,22.0,None,Walk-in,2026-01-05,False
C04355,Arjun,Rossi,Netherlands,50.0,Open Water,Unknown,2026-01-09,False
C04356,Sarah,Taylor,India,29.0,Open Water,Hotel Partner,2026-01-04,False
C04357,Neha,Chowdhury,Japan,36.0,None,Walk-in,2026-01-08,False
C04358,Noa,Rao,India,41.0,Rescue,OTA,2026-01-05,False
C04359,Anouk,Petrova,Netherlands,32.0,None,Walk-in,2026-01-01,False
C04360,Vikram,Petrova,India,36.0,None,Unknown,2026-01-03,False
C04361,Karan,Banerjee,India,37.0,None,Walk-in,2026-01-09,False
C04362,Lukas,OConnor,Germany,37.0,Open Water,Walk-in,2026-01-06,False
C04363,Sophie,Park,India,,Open Water,OTA,2026-01-08,True
C04364,Itai,Taylor,Russia,47.0,Advanced,Walk-in,2026-01-11,False
C04365,Arjun,Schmidt,United States,19.0,None,OTA,2026-01-08,False
C04366,Itai,Dubois,India,34.0,None,Walk-in,2026-01-07,False
C04367,Ravi,Chowdhury,France,32.0,None,Website,2026-01-07,False
C04368,Olga,Petrova,India,13.0,Open Water,Hotel Partner,2026-01-09,False
C04369,Liam,Reddy,India,,Advanced,OTA,2026-01-09,True
C04370,Rohan,Rao,Italy,26.0,Advanced,Instagram,2026-01-08,False
C04371,Noa,Rossi,India,25.0,None,OTA,2026-01-06,False
C04372,Lukas,Petrova,Australia,,None,Website,2026-01-02,True
C04373,Aditya,Levi,United Kingdom,26.0,None,Referral,2026-01-06,False
C04374,Meera,Jansen,India,43.0,None,OTA,2026-01-02,False
C04375,Ishaan,Iyer,India,24.0,Open Water,Website,2026-01-05,False
C04376,Sophie,Dubois,Germany,32.0,None,OTA,2026-01-11,False
C04377,Karan,Sharma,India,45.0,Open Water,OTA,2026-01-03,False
C04378,Karan,Banerjee,India,48.0,Advanced,Referral,2026-01-02,False
C04379,Lukas,Desai,United Kingdom,30.0,None,Referral,2026-01-05,False
C04380,Lukas,Nair,India,52.0,None,Walk-in,2026-01-05,False
C04381,Vikram,Sharma,Russia,30.0,Rescue,Website,2026-01-05,False
C04382,Yuki,Schmidt,France,43.0,None,OTA,2026-01-08,False
C04383,Daniel,Taylor,India,,Advanced,Walk-in,2026-01-03,True
C04384,Rohan,Tanaka,United Kingdom,30.0,Rescue,Walk-in,2026-01-06,False
C04385,Kavya,Brown,Israel,41.0,None,Website,2026-01-06,False
C04386,Tom,Desai,India,48.0,Open Water,Unknown,2026-01-13,False
C04387,Aarav,Levi,Netherlands,52.0,Advanced,Website,2026-01-05,False
C04388,Arjun,Rao,India,32.0,Open Water,OTA,2026-01-14,False
C04389,Vikram,Petrova,India,27.0,Advanced,Instagram,2026-01-13,False
C04390,Elena,Levi,United Kingdom,31.0,Open Water,Website,2026-01-06,False
C04391,Meera,Levi,India,15.0,Advanced,OTA,2026-01-07,False
C04392,Meera,Smith,India,38.0,None,OTA,2026-01-04,False
C04393,Sven,Chowdhury,India,31.0,None,OTA,2026-01-07,False
C04394,Sarah,Chowdhury,India,33.0,None,OTA,2026-01-11,False
C04395,Pooja,Jansen,United States,27.0,Open Water,Hotel Partner,2026-01-06,False
C04396,Minjun,Kim,India,,Open Water,Website,2026-01-08,True
C04397,James,Chowdhury,India,37.0,Open Water,Hotel Partner,2026-01-10,False
C04398,Itai,Taylor,United States,22.0,Open Water,OTA,2026-01-05,False
C04399,Anouk,Petrova,India,50.0,Open Water,OTA,2026-01-16,False
C04400,Dmitri,Iyer,Netherlands,30.0,None,OTA,2026-01-12,False
C04401,Olga,OConnor,India,37.0,None,Instagram,2026-01-16,False
C04402,Sneha,Bakker,Japan,19.0,None,OTA,2026-01-15,False
C04403,Vikram,Schmidt,France,49.0,None,Walk-in,2026-01-07,False
C04404,Olga,OConnor,Australia,15.0,None,Unknown,2026-01-13,False
C04405,Hannah,Wilson,India,39.0,Advanced,Hotel Partner,2026-01-12,False
C04406,Pierre,Patel,India,25.0,None,OTA,2026-01-11,False
C04407,Anouk,Menon,India,31.0,Open Water,Instagram,2026-01-15,False
C04408,Itai,Iyer,India,35.0,Open Water,Instagram,2026-01-16,False
C04409,Ananya,Park,India,45.0,None,OTA,2026-01-09,False
C04410,Camille,Rossi,India,24.0,Open Water,Instagram,2026-01-15,False
C04411,Pierre,Iyer,India,43.0,Open Water,Website,2026-01-16,False
C04412,James,OConnor,India,38.0,Rescue,OTA,2026-01-17,False
C04413,Camille,Tanaka,Italy,35.0,Advanced,OTA,2026-01-16,False
C04414,Olga,Gupta,India,,Open Water,Instagram,2026-01-12,True
C04415,Pooja,Kim,India,39.0,None,OTA,2026-01-08,False
C04416,Pierre,Wilson,France,27.0,None,Website,2026-01-15,False
C04417,Hannah,Desai,Russia,27.0,None,Walk-in,2026-01-14,False
C04418,Olga,Smith,India,22.0,Advanced,Walk-in,2026-01-10,False
C04419,Sophie,Smith,Russia,25.0,Advanced,OTA,2026-01-12,False
C04420,Ananya,Desai,India,20.0,None,Instagram,2026-01-14,False
C04421,Priya,Petrova,India,43.0,Open Water,Walk-in,2026-01-14,False
C04422,Emma,Nair,India,37.0,Open Water,Hotel Partner,2026-01-17,False
C04423,Aarav,Taylor,India,30.0,Open Water,OTA,2026-01-18,False
C04424,Neha,Desai,United States,50.0,Advanced,OTA,2026-01-12,False
C04425,Ravi,Brown,India,33.0,None,OTA,2026-01-08,False
C04426,Daniel,Tanaka,United States,26.0,None,Unknown,2026-01-12,False
C04427,Noa,Rao,United Kingdom,32.0,Open Water,OTA,2026-01-12,False
C04428,Ravi,Desai,Israel,34.0,Open Water,OTA,2026-01-19,False
C04429,Priya,Chowdhury,Japan,37.0,Advanced,Instagram,2026-01-14,False
C04430,Kavya,Gupta,India,52.0,None,Website,2026-01-10,False
C04431,Lukas,Brown,India,20.0,Open Water,Website,2026-01-17,False
C04432,Ravi,Desai,United Kingdom,32.0,Open Water,Hotel Partner,2026-01-19,False
C04433,Rahul,Reddy,India,35.0,None,OTA,2026-01-19,False
C04434,Camille,Ivanov,India,30.0,None,Website,2026-01-18,False
C04435,Kavya,Iyer,Israel,44.0,Rescue,Referral,2026-01-12,False
C04436,Pooja,Jansen,Netherlands,20.0,None,OTA,2026-01-09,False
C04437,Rohan,Desai,India,52.0,None,Walk-in,2026-01-16,False
C04438,Arjun,Rao,India,25.0,Open Water,OTA,2026-01-10,False
C04439,Kavya,Reddy,United States,31.0,None,OTA,2026-01-09,False
C04440,Sven,Park,India,37.0,None,OTA,2026-01-18,False
C04441,Karan,Petrova,India,27.0,None,Walk-in,2026-01-16,False
C04442,Marco,Kulkarni,Germany,25.0,Open Water,Unknown,2026-01-10,False
C04443,Noa,Ivanov,India,48.0,None,OTA,2026-01-12,False
C04444,Aarav,Chowdhury,Netherlands,33.0,None,Hotel Partner,2026-01-10,False
C04445,Pooja,Rao,India,55.0,None,Walk-in,2026-01-18,False
C04446,Daniel,Smith,United Kingdom,37.0,None,OTA,2026-01-20,False
C04447,Daniel,Reddy,India,50.0,Open Water,Website,2026-01-11,False
C04448,Siddharth,Bakker,India,45.0,None,Unknown,2026-01-14,False
C04449,Sven,Ivanov,India,30.0,None,Unknown,2026-01-12,False
C04450,Liam,Muller,India,,Open Water,OTA,2026-01-19,True
C04451,Karan,Smith,India,38.0,None,Hotel Partner,2026-01-15,False
C04452,Sarah,Petrova,India,39.0,Open Water,OTA,2026-01-12,False
C04453,Itai,Kulkarni,India,33.0,None,Website,2026-01-11,False
C04454,Camille,Kulkarni,Germany,52.0,Open Water,Unknown,2026-01-18,False
C04455,Divya,Muller,Germany,22.0,None,OTA,2026-01-13,False
C04456,Ishaan,Iyer,India,28.0,None,Walk-in,2026-01-20,False
C04457,Noa,Petrova,United Kingdom,28.0,Open Water,OTA,2026-01-15,False
C04458,Minjun,Petrova,India,21.0,Rescue,Unknown,2026-01-21,False
C04459,Hannah,Reddy,India,36.0,Open Water,Walk-in,2026-01-17,False
C04460,Karan,Muller,India,39.0,None,Walk-in,2026-01-11,False
C04461,Ishaan,Nair,India,12.0,Advanced,OTA,2026-01-18,False
C04462,Divya,Levi,India,39.0,Divemaster,Website,2026-01-21,False
C04463,Dmitri,Patel,India,38.0,Open Water,Unknown,2026-01-20,False
C04464,Aditya,Ivanov,India,24.0,Open Water,OTA,2026-01-14,False
C04465,Sven,Chowdhury,India,24.0,Advanced,OTA,2026-01-16,False
C04466,Dmitri,Taylor,Italy,13.0,None,Referral,2026-01-12,False
C04467,Neha,Brown,India,48.0,Open Water,Hotel Partner,2026-01-18,False
C04468,Ananya,Patel,Italy,37.0,None,Website,2026-01-12,False
C04469,Lukas,Muller,India,42.0,Open Water,Hotel Partner,2026-01-20,False
C04470,Elena,Gupta,India,49.0,None,Walk-in,2026-01-18,False
C04471,Divya,Brown,France,43.0,Open Water,Walk-in,2026-01-22,False
C04472,Lukas,Kim,Russia,51.0,Open Water,OTA,2026-01-20,False
C04473,Tom,Nair,India,46.0,Advanced,OTA,2026-01-15,False
C04474,Yuki,Levi,United States,41.0,Advanced,Walk-in,2026-01-17,False
C04475,Lukas,Gupta,United States,33.0,Advanced,Walk-in,2026-01-13,False
C04476,Camille,Kulkarni,Australia,40.0,Advanced,Referral,2026-01-19,False
C04477,Meera,Muller,India,36.0,None,Hotel Partner,2026-01-24,False
C04478,Neha,Bakker,India,38.0,Open Water,Walk-in,2026-01-23,False
C04479,Tom,Wilson,India,23.0,None,Walk-in,2026-01-19,False
C04480,Sven,Tanaka,India,,Advanced,OTA,2026-01-21,True
C04481,Aarav,Desai,South Korea,33.0,Rescue,OTA,2026-01-15,False
C04482,Aarav,Bakker,India,45.0,Advanced,Instagram,2026-01-20,False
C04483,Minjun,Levi,India,32.0,Open Water,Walk-in,2026-01-24,False
C04484,Camille,Iyer,India,26.0,Rescue,Website,2026-01-23,False
C04485,Marco,Petrova,India,29.0,None,OTA,2026-01-19,False
C04486,Camille,Reddy,Russia,53.0,Advanced,Hotel Partner,2026-01-19,False
C04487,Minjun,Desai,India,,Advanced,Website,2026-01-24,True
C04488,Pierre,Kulkarni,India,37.0,None,Walk-in,2026-01-17,False
C04489,Divya,Cohen,United Kingdom,35.0,Open Water,Walk-in,2026-01-17,False
C04490,Pooja,Banerjee,Australia,22.0,Advanced,Hotel Partner,2026-01-21,False
C04491,Arjun,Wilson,United Kingdom,36.0,Open Water,Instagram,2026-01-16,False
C04492,Priya,Gupta,Australia,36.0,None,Hotel Partner,2026-01-17,False
C04493,Aarav,Wilson,India,47.0,None,OTA,2026-01-23,False
C04494,Priya,Iyer,India,22.0,None,Website,2026-01-25,False
C04495,Vikram,Rao,India,36.0,Open Water,Website,2026-01-23,False
C04496,Vikram,Jansen,India,29.0,Open Water,Referral,2026-01-19,False
C04497,Aditya,Patel,Italy,15.0,None,Walk-in,2026-01-18,False
C04498,Noa,Ivanov,Russia,31.0,Divemaster,Website,2026-01-23,False
C04499,Dmitri,Iyer,India,38.0,None,OTA,2026-01-18,False
C04500,Kavya,Sharma,United States,,None,Instagram,2026-01-17,True
C04501,Lukas,Gupta,United Kingdom,32.0,None,Walk-in,2026-01-19,False
C04502,Aarav,Iyer,France,33.0,Open Water,Referral,2026-01-17,False
C04503,Karan,Kulkarni,India,49.0,None,Walk-in,2026-01-22,False
C04504,Aarav,Smith,India,41.0,Advanced,Instagram,2026-01-16,False
C04505,Camille,Sharma,Israel,23.0,Open Water,Walk-in,2026-01-19,False
C04506,Lukas,Dubois,Italy,36.0,None,OTA,2026-01-20,False
C04507,Marco,Cohen,India,49.0,None,Hotel Partner,2026-01-27,False
C04508,Priya,Sharma,Japan,40.0,Open Water,Website,2026-01-26,False
C04509,Sarah,Banerjee,India,43.0,None,OTA,2026-01-17,False
C04510,Priya,Taylor,United Kingdom,20.0,Open Water,OTA,2026-01-22,False
C04511,Aarav,Kim,India,30.0,None,Website,2026-01-20,False
C04512,Anouk,Levi,India,42.0,None,Walk-in,2026-01-26,False
C04513,Aditya,Park,India,27.0,Open Water,Website,2026-01-26,False
C04514,Arjun,Kim,India,12.0,None,Website,2026-01-28,False
C04515,Sophie,Rao,India,27.0,Open Water,OTA,2026-01-19,False
C04516,Lukas,Desai,United Kingdom,27.0,None,Unknown,2026-01-24,False
C04517,Ananya,Dubois,Germany,53.0,Open Water,Website,2026-01-18,False
C04518,Vikram,Iyer,Netherlands,,Open Water,Unknown,2026-01-18,True
C04519,Lukas,Taylor,Germany,40.0,Advanced,OTA,2026-01-20,False
C04520,Liam,Dubois,United Kingdom,43.0,None,Website,2026-01-29,False
C04521,Itai,Brown,India,23.0,Advanced,Instagram,2026-01-26,False
C04522,Divya,Wilson,Germany,38.0,Open Water,Walk-in,2026-01-19,False
C04523,Neha,Wilson,Israel,28.0,Divemaster,OTA,2026-01-21,False
C04524,Pooja,Iyer,India,36.0,Open Water,Website,2026-01-28,False
C04525,Lukas,Levi,India,41.0,Divemaster,OTA,2026-01-27,False
C04526,Dmitri,Kim,South Korea,,None,OTA,2026-01-27,True
C04527,Aarav,Park,India,,None,Unknown,2026-01-21,True
C04528,Ishaan,Muller,South Korea,29.0,Open Water,OTA,2026-01-27,False
C04529,Pooja,Wilson,India,40.0,None,Website,2026-01-29,False
C04530,Priya,Chowdhury,India,39.0,Open Water,OTA,2026-01-26,False
C04531,Sven,Nair,India,39.0,None,OTA,2026-01-24,False
C04532,Yuki,Iyer,United States,28.0,None,Unknown,2026-01-26,False
C04533,Ishaan,Sharma,Germany,32.0,Open Water,OTA,2026-01-29,False
C04534,Pierre,Petrova,India,35.0,Open Water,Referral,2026-01-24,False
C04535,Itai,Brown,India,35.0,None,Instagram,2026-01-26,False
C04536,Aarav,Taylor,India,,None,OTA,2026-01-24,True
C04537,Pierre,OConnor,India,22.0,Rescue,Referral,2026-01-29,False
C04538,Itai,Taylor,India,,Advanced,Website,2026-01-28,True
C04539,Minjun,Smith,India,33.0,None,OTA,2026-01-29,False
C04540,Ananya,Brown,India,41.0,None,Hotel Partner,2026-01-24,False
C04541,Olga,Levi,India,35.0,Advanced,Website,2026-01-24,False
C04542,Pooja,Taylor,Australia,32.0,None,OTA,2026-01-25,False
C04543,Marco,OConnor,Israel,,Open Water,Hotel Partner,2026-01-26,True
C04544,Aarav,Park,India,40.0,None,Hotel Partner,2026-01-31,False
C04545,Ananya,Bakker,India,45.0,None,Website,2026-01-31,False
C04546,Priya,Smith,South Korea,45.0,Open Water,Instagram,2026-01-27,False
C04547,Rahul,Nair,India,45.0,None,OTA,2026-01-29,False
C04548,Arjun,Rossi,Netherlands,31.0,Open Water,OTA,2026-01-25,False
C04549,Priya,Chowdhury,India,37.0,Divemaster,Unknown,2026-01-24,False
C04550,Lukas,Banerjee,India,30.0,None,Referral,2026-01-26,False
C04551,Anouk,Gupta,India,28.0,None,Hotel Partner,2026-01-27,False
C04552,Vikram,Smith,Japan,24.0,None,Website,2026-01-26,False
C04553,Minjun,Iyer,South Korea,27.0,None,Website,2026-01-28,False
C04554,Elena,Iyer,United States,31.0,Open Water,Instagram,2026-01-27,False
C04555,Minjun,Reddy,India,28.0,None,OTA,2026-01-27,False
C04556,Itai,Smith,India,35.0,Advanced,Referral,2026-01-25,False
C04557,Tom,Banerjee,Netherlands,20.0,Open Water,Website,2026-01-30,False
C04558,Daniel,Jansen,India,40.0,None,Unknown,2026-01-25,False
C04559,Emma,Park,India,32.0,Open Water,Walk-in,2026-01-24,False
C04560,Hannah,Wilson,South Korea,23.0,Open Water,Walk-in,2026-01-30,False
C04561,Minjun,Ivanov,India,36.0,Advanced,Website,2026-01-31,False
C04562,Pierre,OConnor,United Kingdom,25.0,None,Unknown,2026-01-26,False
C04563,Siddharth,Jansen,India,24.0,None,Instagram,2026-01-30,False
C04564,Minjun,OConnor,India,35.0,None,Hotel Partner,2026-02-03,False
C04565,Pierre,Petrova,France,37.0,None,OTA,2026-02-02,False
C04566,Ishaan,Brown,Australia,36.0,None,Website,2026-01-25,False
C04567,Sarah,Kim,United Kingdom,33.0,Advanced,Website,2026-01-24,False
C04568,Tom,Schmidt,Israel,41.0,None,Referral,2026-01-25,False
C04569,Rohan,Tanaka,India,27.0,Open Water,OTA,2026-02-02,False
C04570,James,Rao,United Kingdom,37.0,Open Water,Hotel Partner,2026-01-30,False
C04571,Olga,Petrova,India,24.0,None,Website,2026-01-25,False
C04572,Hannah,Petrova,India,27.0,None,Referral,2026-01-27,False
C04573,James,Gupta,Israel,28.0,Divemaster,Walk-in,2026-02-01,False
C04574,Anouk,Patel,India,35.0,Advanced,Walk-in,2026-01-29,False
C04575,Rahul,Taylor,United Kingdom,40.0,Open Water,Walk-in,2026-02-02,False
C04576,Karan,Reddy,India,48.0,None,OTA,2026-02-05,False
C04577,Dmitri,Kim,India,55.0,None,Hotel Partner,2026-01-30,False
C04578,Chloe,Sharma,India,53.0,None,OTA,2026-02-04,False
C04579,Minjun,Muller,Germany,35.0,None,OTA,2026-01-27,False
C04580,Pierre,Muller,India,18.0,Divemaster,Website,2026-01-26,False
C04581,Anouk,Jansen,India,46.0,None,Unknown,2026-01-29,False
C04582,Aditya,Dubois,India,24.0,None,Website,2026-01-28,False
C04583,Neha,Kim,India,41.0,Open Water,Instagram,2026-01-27,False
C04584,Camille,Sharma,Germany,31.0,Advanced,OTA,2026-01-27,False
C04585,Rohan,Banerjee,India,26.0,Advanced,Hotel Partner,2026-02-02,False
C04586,Ravi,Petrova,India,36.0,None,OTA,2026-02-03,False
C04587,Aditya,Kim,India,42.0,Open Water,Walk-in,2026-01-28,False
C04588,Meera,Rossi,India,30.0,Advanced,Walk-in,2026-02-05,False
C04589,Tom,Jansen,Germany,41.0,Open Water,Website,2026-02-03,False
C04590,Emma,Petrova,India,40.0,Open Water,OTA,2026-02-06,False
C04591,Pierre,Bakker,Netherlands,48.0,None,Referral,2026-01-29,False
C04592,Noa,Brown,India,39.0,Advanced,OTA,2026-01-31,False
C04593,Camille,Desai,United States,,None,Instagram,2026-02-04,True
C04594,Chloe,Gupta,India,30.0,None,OTA,2026-02-06,False
C04595,Rahul,Rao,India,27.0,None,Instagram,2026-01-27,False
C04596,Tom,Tanaka,India,28.0,Advanced,Walk-in,2026-02-04,False
C04597,Siddharth,Nair,India,23.0,None,OTA,2026-02-05,False
C04598,Rahul,Patel,India,43.0,None,OTA,2026-02-05,False
C04599,Dmitri,Rao,Russia,34.0,None,Instagram,2026-01-31,False
C04600,Rahul,Menon,Israel,31.0,None,Website,2026-02-04,False
C04601,Tom,Levi,France,21.0,Advanced,OTA,2026-01-31,False
C04602,Pierre,Kim,India,45.0,None,Walk-in,2026-01-29,False
C04603,Sneha,Dubois,United Kingdom,,None,Walk-in,2026-02-05,True
C04604,Sophie,Patel,Israel,29.0,Open Water,Walk-in,2026-02-07,False
C04605,Rahul,Sharma,Italy,42.0,Open Water,Instagram,2026-02-07,False
C04606,Noa,OConnor,Germany,23.0,None,OTA,2026-02-03,False
C04607,Siddharth,Muller,Russia,45.0,Open Water,Hotel Partner,2026-02-03,False
C04608,Pierre,Kim,Germany,,None,Hotel Partner,2026-02-06,True
C04609,Vikram,Tanaka,India,44.0,None,Website,2026-02-05,False
C04610,Pierre,Chowdhury,India,37.0,None,Referral,2026-01-29,False
C04611,Itai,Petrova,India,40.0,Open Water,OTA,2026-01-29,False
C04612,Priya,Jansen,France,23.0,Open Water,OTA,2026-02-01,False
C04613,Arjun,Iyer,Italy,46.0,Open Water,OTA,2026-02-01,False
C04614,Sophie,Banerjee,United Kingdom,39.0,None,OTA,2026-02-06,False
C04615,Camille,OConnor,India,33.0,None,Walk-in,2026-02-03,False
C04616,Vikram,Rossi,India,46.0,None,Walk-in,2026-02-03,False
C04617,Kavya,Rao,India,44.0,Open Water,Website,2026-02-02,False
C04618,Meera,Iyer,India,42.0,Advanced,Walk-in,2026-01-31,False
C04619,Liam,Desai,India,28.0,Advanced,OTA,2026-02-04,False
C04620,Hannah,Taylor,India,42.0,Open Water,OTA,2026-02-02,False
C04621,Yuki,Brown,India,60.0,None,Hotel Partner,2026-02-07,False
C04622,Dmitri,Schmidt,India,35.0,None,OTA,2026-01-30,False
C04623,Ishaan,Tanaka,India,47.0,None,Referral,2026-01-30,False
C04624,Elena,Sharma,India,35.0,None,Referral,2026-01-29,False
C04625,Anouk,Patel,India,30.0,None,OTA,2026-02-09,False
C04626,Rohan,Tanaka,India,36.0,None,OTA,2026-02-04,False
C04627,Divya,Petrova,India,48.0,None,OTA,2026-02-03,False
C04628,Neha,Kim,Russia,30.0,None,Instagram,2026-02-05,False
C04629,Sneha,Petrova,India,48.0,Open Water,Website,2026-02-03,False
C04630,Aarav,Cohen,India,43.0,Open Water,Unknown,2026-02-07,False
C04631,Dmitri,Cohen,India,41.0,Advanced,Walk-in,2026-02-03,False
C04632,Arjun,Menon,Israel,37.0,None,OTA,2026-02-04,False
C04633,Pierre,Chowdhury,France,36.0,Divemaster,Website,2026-02-09,False
C04634,Ravi,Kulkarni,Russia,36.0,None,Website,2026-02-05,False
C04635,James,Kim,Germany,47.0,None,Walk-in,2026-02-06,False
C04636,Daniel,OConnor,Australia,,Advanced,OTA,2026-02-10,True
C04637,Hannah,Tanaka,India,20.0,Open Water,Hotel Partner,2026-02-08,False
C04638,Sarah,OConnor,India,20.0,Advanced,Website,2026-02-03,False
C04639,Divya,Levi,Russia,36.0,Open Water,OTA,2026-02-08,False
C04640,Rohan,Jansen,India,25.0,Rescue,Website,2026-02-09,False
C04641,Itai,Muller,South Korea,24.0,Open Water,Hotel Partner,2026-02-01,False
C04642,Anouk,Jansen,India,28.0,Open Water,OTA,2026-02-08,False
C04643,Sneha,Dubois,India,45.0,None,OTA,2026-02-03,False
C04644,Sven,Kim,Russia,13.0,Open Water,Hotel Partner,2026-02-09,False
C04645,Hannah,Brown,India,,Open Water,Hotel Partner,2026-02-12,True
C04646,Lukas,Kim,India,30.0,Open Water,OTA,2026-02-11,False
C04647,Ishaan,Muller,India,27.0,Open Water,Walk-in,2026-02-11,False
C04648,Arjun,Jansen,Netherlands,36.0,Rescue,OTA,2026-02-10,False
C04649,Marco,Park,Australia,54.0,Open Water,Website,2026-02-08,False
C04650,James,Smith,United Kingdom,39.0,Open Water,Walk-in,2026-02-13,False
C04651,Sven,Jansen,India,30.0,Open Water,OTA,2026-02-06,False
C04652,Priya,Jansen,India,38.0,None,OTA,2026-02-11,False
C04653,Liam,Kulkarni,India,43.0,Advanced,Hotel Partner,2026-02-08,False
C04654,Daniel,Rossi,India,19.0,None,Instagram,2026-02-13,False
C04655,Itai,Dubois,India,47.0,Open Water,Website,2026-02-03,False
C04656,Aarav,Levi,India,25.0,Open Water,Referral,2026-02-09,False
C04657,James,Iyer,United States,41.0,None,OTA,2026-02-06,False
C04658,Emma,Taylor,India,38.0,None,Website,2026-02-07,False
C04659,Camille,Patel,Germany,30.0,None,Instagram,2026-02-07,False
C04660,Lukas,Gupta,South Korea,15.0,None,Website,2026-02-13,False
C04661,Kavya,Iyer,India,51.0,Open Water,OTA,2026-02-12,False
C04662,Sophie,Jansen,India,42.0,None,OTA,2026-02-12,False
C04663,Liam,Ivanov,India,29.0,None,Walk-in,2026-02-05,False
C04664,Liam,Desai,India,16.0,Advanced,OTA,2026-02-05,False
C04665,Tom,Sharma,India,49.0,None,Instagram,2026-02-10,False
C04666,Vikram,Chowdhury,India,30.0,Advanced,OTA,2026-02-11,False
C04667,Minjun,Ivanov,India,40.0,Divemaster,OTA,2026-02-09,False
C04668,Olga,Park,United Kingdom,25.0,None,OTA,2026-02-07,False
C04669,Kavya,Jansen,India,48.0,Rescue,Referral,2026-02-14,False
C04670,Minjun,Nair,India,41.0,None,OTA,2026-02-13,False
C04671,Camille,Sharma,India,24.0,None,Walk-in,2026-02-07,False
C04672,Pierre,Bakker,India,24.0,None,OTA,2026-02-14,False
C04673,Noa,Cohen,South Korea,33.0,None,Walk-in,2026-02-08,False
C04674,Emma,Cohen,Netherlands,44.0,Advanced,Unknown,2026-02-15,False
C04675,Pooja,Brown,India,31.0,None,Instagram,2026-02-09,False
C04676,Siddharth,Bakker,United Kingdom,47.0,Divemaster,Unknown,2026-02-14,False
C04677,Emma,Smith,India,12.0,None,Website,2026-02-09,False
C04678,Daniel,Rao,India,19.0,None,OTA,2026-02-12,False
C04679,Daniel,Jansen,India,31.0,Divemaster,OTA,2026-02-13,False
C04680,Sven,Levi,India,28.0,None,OTA,2026-02-15,False
C04681,James,Kim,Italy,34.0,None,OTA,2026-02-09,False
C04682,Dmitri,Nair,India,23.0,None,Referral,2026-02-08,False
C04683,Camille,Wilson,Japan,51.0,Advanced,OTA,2026-02-11,False
C04684,Pooja,Nair,India,28.0,None,Referral,2026-02-15,False
C04685,Kavya,Nair,South Korea,,Advanced,OTA,2026-02-12,True
C04686,Elena,Park,India,,None,OTA,2026-02-10,True
C04687,Olga,Cohen,India,,Advanced,OTA,2026-02-12,True
C04688,Daniel,Sharma,India,40.0,None,OTA,2026-02-15,False
C04689,Vikram,Nair,India,32.0,Open Water,Referral,2026-02-15,False
C04690,Siddharth,Park,India,40.0,None,Instagram,2026-02-17,False
C04691,Ravi,Tanaka,France,35.0,None,Website,2026-02-08,False
C04692,Liam,Kulkarni,United Kingdom,25.0,None,OTA,2026-02-09,False
C04693,Karan,Kim,India,29.0,None,Website,2026-02-17,False
C04694,Priya,Desai,France,37.0,None,Walk-in,2026-02-14,False
C04695,Pooja,Patel,India,,Advanced,Hotel Partner,2026-02-08,True
C04696,Aarav,Cohen,India,24.0,Divemaster,Walk-in,2026-02-09,False
C04697,Ananya,Kim,India,41.0,Open Water,Website,2026-02-13,False
C04698,Pooja,Menon,United Kingdom,40.0,None,OTA,2026-02-09,False
C04699,Siddharth,Chowdhury,India,45.0,Advanced,OTA,2026-02-17,False
C04700,Minjun,Menon,Japan,38.0,None,Website,2026-02-16,False
C04701,Aarav,Chowdhury,United States,48.0,Advanced,Website,2026-02-09,False
C04702,Daniel,Bakker,Russia,43.0,Open Water,Website,2026-02-17,False
C04703,Rohan,Gupta,United States,24.0,None,Referral,2026-02-11,False
C04704,Liam,Rao,India,32.0,None,Instagram,2026-02-12,False
C04705,Ananya,Park,Israel,28.0,Advanced,Walk-in,2026-02-18,False
C04706,Priya,Levi,India,,Open Water,OTA,2026-02-13,True
C04707,Kavya,Dubois,United Kingdom,35.0,Open Water,OTA,2026-02-18,False
C04708,Neha,Schmidt,India,23.0,None,Walk-in,2026-02-12,False
C04709,Meera,Patel,India,37.0,None,OTA,2026-02-13,False
C04710,Pooja,Smith,India,36.0,Open Water,Instagram,2026-02-10,False
C04711,Hannah,Bakker,Germany,35.0,None,Walk-in,2026-02-16,False
C04712,Rahul,Kim,Israel,26.0,Open Water,Hotel Partner,2026-02-11,False
C04713,Marco,Wilson,France,43.0,Advanced,Instagram,2026-02-13,False
C04714,Daniel,Tanaka,India,30.0,Advanced,Walk-in,2026-02-16,False
C04715,Emma,Dubois,India,51.0,None,Walk-in,2026-02-16,False
C04716,Vikram,Ivanov,India,34.0,None,Instagram,2026-02-19,False
C04717,Kavya,Dubois,South Korea,44.0,None,OTA,2026-02-16,False
C04718,Olga,Schmidt,Australia,17.0,None,Instagram,2026-02-18,False
C04719,Hannah,Wilson,India,57.0,Open Water,Unknown,2026-02-16,False
C04720,Anouk,Petrova,Israel,,Open Water,OTA,2026-02-18,True
C04721,Siddharth,Patel,India,33.0,None,Website,2026-02-10,False
C04722,Ravi,Menon,India,26.0,Advanced,OTA,2026-02-17,False
C04723,Vikram,Chowdhury,United States,22.0,None,Referral,2026-02-11,False
C04724,Kavya,Schmidt,Japan,31.0,None,Instagram,2026-02-19,False
C04725,Lukas,Desai,Netherlands,25.0,None,Walk-in,2026-02-17,False
C04726,Itai,Chowdhury,India,24.0,Advanced,OTA,2026-02-20,False
C04727,Divya,Jansen,India,26.0,Open Water,Website,2026-02-16,False
C04728,Hannah,Ivanov,India,24.0,None,OTA,2026-02-12,False
C04729,Emma,Petrova,Netherlands,34.0,Rescue,OTA,2026-02-12,False
C04730,Chloe,Brown,India,21.0,None,Referral,2026-02-21,False
C04731,Emma,Rossi,India,33.0,Open Water,Walk-in,2026-02-19,False
C04732,Lukas,Desai,India,17.0,None,Referral,2026-02-20,False
C04733,Sarah,Bakker,India,55.0,Advanced,OTA,2026-02-15,False
C04734,Rahul,Park,India,30.0,Advanced,Unknown,2026-02-12,False
C04735,Tom,Levi,United Kingdom,26.0,None,Hotel Partner,2026-02-20,False
C04736,Arjun,Kim,India,,None,OTA,2026-02-20,True
C04737,Rohan,Menon,India,44.0,None,OTA,2026-02-20,False
C04738,Lukas,Banerjee,United States,,None,Walk-in,2026-02-17,True
C04739,Arjun,Rossi,Italy,30.0,Advanced,Walk-in,2026-02-13,False
C04740,Vikram,Rao,Netherlands,37.0,Advanced,Instagram,2026-02-19,False
C04741,Rohan,Banerjee,India,,None,OTA,2026-02-16,True
C04742,Pooja,Levi,France,25.0,Open Water,Referral,2026-02-15,False
C04743,Yuki,OConnor,India,47.0,Advanced,Walk-in,2026-02-20,False
C04744,Karan,Menon,India,45.0,Advanced,OTA,2026-02-13,False
C04745,Anouk,Rao,Australia,31.0,None,Referral,2026-02-20,False
C04746,Divya,Chowdhury,Germany,,None,Unknown,2026-02-18,True
C04747,Daniel,Petrova,India,,None,OTA,2026-02-16,True
C04748,Lukas,Petrova,Israel,34.0,Open Water,OTA,2026-02-14,False
C04749,Noa,Petrova,United Kingdom,34.0,None,Referral,2026-02-18,False
C04750,Chloe,Dubois,India,42.0,Advanced,OTA,2026-02-17,False
C04751,Chloe,Kim,Russia,25.0,Divemaster,Website,2026-02-13,False
C04752,Emma,Rao,India,16.0,None,OTA,2026-02-15,False
C04753,Aditya,OConnor,United Kingdom,39.0,Open Water,Instagram,2026-02-17,False
C04754,Sophie,Smith,Israel,29.0,None,Website,2026-02-20,False
C04755,Aarav,Banerjee,India,20.0,Open Water,Unknown,2026-02-22,False
C04756,Lukas,Petrova,United Kingdom,35.0,Rescue,Website,2026-02-17,False
C04757,James,Smith,Italy,39.0,None,Instagram,2026-02-22,False
C04758,Aarav,Jansen,India,36.0,Advanced,Website,2026-02-21,False
C04759,Chloe,Nair,Japan,35.0,Open Water,Website,2026-02-18,False
C04760,Pierre,Brown,India,33.0,Open Water,Walk-in,2026-02-22,False
C04761,Yuki,Reddy,South Korea,32.0,Open Water,Hotel Partner,2026-02-18,False
C04762,Ishaan,Rao,France,35.0,Advanced,Website,2026-02-21,False
C04763,Liam,Chowdhury,India,28.0,None,OTA,2026-02-23,False
C04764,Divya,Desai,India,41.0,Open Water,Instagram,2026-02-15,False
C04765,Meera,Chowdhury,India,22.0,Open Water,Hotel Partner,2026-02-25,False
C04766,Meera,Gupta,India,28.0,None,Website,2026-02-18,False
C04767,Lukas,Ivanov,India,49.0,Open Water,Walk-in,2026-02-15,False
C04768,Sophie,Rao,India,32.0,None,Instagram,2026-02-16,False
C04769,Minjun,Rossi,Netherlands,12.0,Open Water,Walk-in,2026-02-25,False
C04770,Marco,Smith,India,28.0,None,Walk-in,2026-02-25,False
C04771,Daniel,Nair,Russia,25.0,Advanced,OTA,2026-02-22,False
C04772,Sven,Kim,India,19.0,Open Water,Referral,2026-02-20,False
C04773,Dmitri,Levi,Italy,21.0,None,OTA,2026-02-26,False
C04774,James,Iyer,India,36.0,Advanced,OTA,2026-02-24,False
C04775,Camille,Sharma,Italy,,None,Referral,2026-02-24,True
C04776,Ishaan,OConnor,Germany,25.0,None,Unknown,2026-02-16,False
C04777,Minjun,Levi,India,38.0,None,Referral,2026-02-21,False
C04778,Ravi,Muller,France,14.0,None,OTA,2026-02-21,False
C04779,Camille,Jansen,United Kingdom,38.0,Open Water,Instagram,2026-02-16,False
C04780,Chloe,Petrova,India,44.0,Open Water,Website,2026-02-21,False
C04781,Hannah,Petrova,South Korea,50.0,Open Water,Walk-in,2026-02-25,False
C04782,Ananya,Desai,Russia,42.0,None,OTA,2026-02-24,False
C04783,Camille,Kulkarni,India,37.0,Open Water,Walk-in,2026-02-21,False
C04784,Emma,Ivanov,Netherlands,41.0,None,Referral,2026-02-17,False
C04785,Minjun,Park,India,47.0,None,Walk-in,2026-02-19,False
C04786,Noa,Bakker,Japan,36.0,Open Water,Referral,2026-02-17,False
C04787,Ananya,Muller,India,28.0,Rescue,Walk-in,2026-02-27,False
C04788,Ravi,Tanaka,India,27.0,None,Instagram,2026-02-19,False
C04789,Kavya,Jansen,India,,None,OTA,2026-02-24,True
C04790,Pooja,Petrova,India,,None,Referral,2026-02-23,True
C04791,Ishaan,Schmidt,Russia,23.0,Open Water,Website,2026-02-27,False
C04792,Noa,Jansen,India,42.0,None,Referral,2026-02-26,False
C04793,Rahul,Park,Russia,44.0,Open Water,OTA,2026-02-28,False
C04794,Ravi,Sharma,Netherlands,37.0,None,OTA,2026-02-22,False
C04795,Vikram,Gupta,United Kingdom,22.0,None,Instagram,2026-02-25,False
C04796,Rohan,Jansen,India,28.0,None,OTA,2026-02-21,False
C04797,James,OConnor,India,45.0,Advanced,OTA,2026-02-22,False
C04798,Itai,Dubois,United States,27.0,None,OTA,2026-02-20,False
C04799,James,Bakker,India,35.0,None,OTA,2026-02-26,False
C04800,Camille,Jansen,France,19.0,None,OTA,2026-02-23,False
C04801,Aditya,Banerjee,South Korea,20.0,None,Hotel Partner,2026-02-24,False
C04802,Ishaan,Petrova,Germany,25.0,Rescue,OTA,2026-02-25,False
C04803,Sophie,Dubois,India,20.0,Rescue,Referral,2026-02-26,False
C04804,Ishaan,Brown,India,35.0,Divemaster,Walk-in,2026-02-27,False
C04805,Daniel,Jansen,Italy,27.0,None,OTA,2026-02-19,False
C04806,Kavya,Muller,India,27.0,None,OTA,2026-02-26,False
C04807,Pierre,Taylor,Japan,31.0,Advanced,Website,2026-02-24,False
C04808,Sarah,Jansen,Israel,25.0,Advanced,Referral,2026-02-21,False
C04809,Tom,Petrova,India,38.0,None,Walk-in,2026-02-25,False
C04810,Aarav,Petrova,Germany,27.0,Open Water,Walk-in,2026-03-01,False
C04811,Arjun,Schmidt,France,30.0,None,Instagram,2026-02-26,False
C04812,Ravi,Levi,Australia,33.0,None,Hotel Partner,2026-02-26,False
C04813,Liam,Nair,India,34.0,Advanced,Website,2026-02-20,False
C04814,Dmitri,Chowdhury,India,25.0,None,OTA,2026-03-01,False
C04815,Chloe,Tanaka,Russia,26.0,None,OTA,2026-02-21,False
C04816,Vikram,Jansen,Israel,41.0,Open Water,Instagram,2026-02-25,False
C04817,Hannah,Nair,United States,32.0,None,Hotel Partner,2026-02-24,False
C04818,Aditya,Kulkarni,India,33.0,Open Water,Website,2026-02-23,False
C04819,Emma,Menon,Israel,40.0,None,Website,2026-02-24,False
C04820,Itai,Kim,India,34.0,None,Instagram,2026-02-28,False
C04821,Daniel,Tanaka,Japan,30.0,None,Hotel Partner,2026-02-21,False
C04822,Itai,Rao,India,30.0,Open Water,OTA,2026-02-24,False
C04823,Itai,Rao,Israel,31.0,Open Water,Hotel Partner,2026-02-23,False
C04824,Kavya,Kulkarni,India,42.0,Advanced,Instagram,2026-03-02,False
C04825,Arjun,Chowdhury,India,24.0,None,Hotel Partner,2026-02-24,False
C04826,Rohan,Banerjee,India,41.0,None,OTA,2026-03-03,False
C04827,Ishaan,Menon,India,43.0,None,Referral,2026-02-26,False
C04828,Ananya,Rao,India,23.0,Open Water,OTA,2026-02-28,False
C04829,Emma,Schmidt,India,30.0,Open Water,Website,2026-03-02,False
C04830,Pierre,Desai,France,28.0,None,Walk-in,2026-02-23,False
C04831,Arjun,Wilson,United States,,None,Website,2026-02-25,True
C04832,Vikram,Brown,Netherlands,40.0,None,Website,2026-02-25,False
C04833,Noa,Jansen,Russia,35.0,None,OTA,2026-02-24,False
C04834,Aditya,Patel,France,25.0,None,Instagram,2026-03-02,False
C04835,Pooja,Sharma,France,30.0,None,Walk-in,2026-03-01,False
C04836,Rohan,Ivanov,Australia,,Rescue,Walk-in,2026-03-04,True
C04837,Pooja,Sharma,India,43.0,None,OTA,2026-02-25,False
C04838,Hannah,Park,India,48.0,None,OTA,2026-03-04,False
C04839,Dmitri,Rao,France,30.0,Open Water,OTA,2026-03-03,False
C04840,Yuki,Sharma,Israel,12.0,Open Water,Instagram,2026-02-25,False
C04841,Anouk,Jansen,India,49.0,Divemaster,OTA,2026-03-03,False
C04842,Ishaan,Jansen,Italy,32.0,None,Walk-in,2026-02-26,False
C04843,Itai,Bakker,India,,Open Water,Website,2026-02-25,True
C04844,Pooja,OConnor,India,31.0,Open Water,Unknown,2026-02-25,False
C04845,Sophie,Cohen,United Kingdom,16.0,Open Water,OTA,2026-02-26,False
C04846,Yuki,Tanaka,India,22.0,None,Walk-in,2026-03-07,False
C04847,Arjun,Kulkarni,India,23.0,Open Water,Website,2026-03-07,False
C04848,James,OConnor,India,25.0,None,Website,2026-03-03,False
C04849,Hannah,Bakker,Germany,,Rescue,OTA,2026-02-25,True
C04850,Neha,Park,India,16.0,Open Water,Walk-in,2026-03-05,False
C04851,James,Banerjee,India,19.0,None,OTA,2026-03-03,False
C04852,Sven,Rossi,United States,38.0,Open Water,Walk-in,2026-03-08,False
C04853,Anouk,Gupta,India,26.0,Open Water,OTA,2026-03-06,False
C04854,Priya,Levi,India,34.0,None,OTA,2026-02-26,False
C04855,Camille,Kulkarni,Israel,31.0,Advanced,Referral,2026-02-27,False
C04856,Vikram,Cohen,Germany,26.0,Open Water,Walk-in,2026-03-05,False
C04857,Tom,Gupta,Germany,15.0,None,Website,2026-03-07,False
C04858,Vikram,Dubois,Germany,35.0,None,Instagram,2026-03-06,False
C04859,Dmitri,Iyer,India,48.0,Open Water,Hotel Partner,2026-03-08,False
C04860,Ananya,Kulkarni,United States,35.0,Divemaster,Website,2026-03-04,False
C04861,Sneha,Jansen,Russia,33.0,Open Water,OTA,2026-02-27,False
C04862,Neha,Rao,India,40.0,None,Unknown,2026-03-09,False
C04863,Rohan,Wilson,India,35.0,Open Water,Website,2026-03-03,False
C04864,Rohan,Ivanov,Russia,25.0,Advanced,Walk-in,2026-02-28,False
C04865,Yuki,Ivanov,Israel,28.0,Open Water,OTA,2026-03-03,False
C04866,Daniel,Banerjee,India,41.0,None,Referral,2026-03-06,False
C04867,Vikram,Taylor,India,32.0,None,OTA,2026-03-04,False
C04868,Aditya,Banerjee,France,29.0,None,Website,2026-02-27,False
C04869,Sophie,Park,India,24.0,Advanced,OTA,2026-03-05,False
C04870,Sarah,Rossi,France,16.0,None,OTA,2026-03-04,False
C04871,Sven,Petrova,India,30.0,None,Instagram,2026-02-28,False
C04872,Sneha,Muller,South Korea,36.0,Advanced,Walk-in,2026-03-02,False
C04873,Liam,Kulkarni,India,43.0,Advanced,OTA,2026-03-04,False
C04874,Rohan,Banerjee,Russia,18.0,None,Website,2026-03-03,False
C04875,Lukas,Rao,India,26.0,Rescue,Hotel Partner,2026-03-10,False
C04876,Sophie,Brown,India,35.0,Divemaster,Walk-in,2026-03-10,False
C04877,Elena,Wilson,India,30.0,None,Referral,2026-03-03,False
C04878,Ishaan,Iyer,India,35.0,None,Instagram,2026-03-10,False
C04879,Hannah,Ivanov,India,48.0,Open Water,Website,2026-03-03,False
C04880,Neha,Gupta,India,22.0,Open Water,Walk-in,2026-03-06,False
C04881,James,Gupta,India,52.0,Advanced,Hotel Partner,2026-03-04,False
C04882,Sophie,Tanaka,France,26.0,None,OTA,2026-03-03,False
C04883,Sophie,Desai,India,45.0,None,Hotel Partner,2026-03-06,False
C04884,Lukas,Cohen,India,32.0,Open Water,OTA,2026-03-07,False
C04885,Ishaan,Reddy,United Kingdom,38.0,None,OTA,2026-03-02,False
C04886,Olga,Desai,Netherlands,42.0,Open Water,Walk-in,2026-03-12,False
C04887,Meera,Iyer,India,26.0,Open Water,Unknown,2026-03-10,False
C04888,Rahul,Desai,India,62.0,None,Walk-in,2026-03-09,False
C04889,Siddharth,Tanaka,South Korea,39.0,Open Water,OTA,2026-03-02,False
C04890,Anouk,Chowdhury,United Kingdom,28.0,Open Water,Instagram,2026-03-02,False
C04891,Siddharth,Smith,India,38.0,None,Unknown,2026-03-12,False
C04892,Sneha,Brown,Australia,12.0,Open Water,OTA,2026-03-08,False
C04893,Hannah,Rao,Japan,23.0,None,OTA,2026-03-12,False
C04894,Liam,Jansen,India,22.0,Open Water,Website,2026-03-12,False
C04895,Sarah,Park,India,37.0,Advanced,OTA,2026-03-09,False
C04896,Rohan,Cohen,India,44.0,None,Website,2026-03-13,False
C04897,Siddharth,Rao,India,30.0,None,Walk-in,2026-03-03,False
C04898,Kavya,Ivanov,India,37.0,None,Hotel Partner,2026-03-07,False
C04899,Sophie,Jansen,India,24.0,None,OTA,2026-03-13,False
C04900,Sneha,Nair,Russia,39.0,Advanced,Instagram,2026-03-13,False
C04901,Marco,Park,United Kingdom,,None,Hotel Partner,2026-03-08,True
C04902,Tom,Taylor,India,32.0,Advanced,Unknown,2026-03-06,False
C04903,Daniel,Dubois,United Kingdom,46.0,None,Website,2026-03-10,False
C04904,Meera,Sharma,India,31.0,Open Water,OTA,2026-03-08,False
C04905,Neha,Petrova,France,31.0,Advanced,Hotel Partner,2026-03-10,False
C04906,Chloe,Brown,Germany,42.0,None,OTA,2026-03-04,False
C04907,Chloe,Chowdhury,Russia,17.0,Open Water,Walk-in,2026-03-13,False
C04908,Minjun,Tanaka,India,44.0,None,OTA,2026-03-13,False
C04909,Karan,Rao,India,23.0,Open Water,Referral,2026-03-07,False
C04910,Karan,Gupta,India,33.0,Advanced,Instagram,2026-03-04,False
C04911,Neha,Desai,Germany,27.0,None,OTA,2026-03-08,False
C04912,Neha,Bakker,India,29.0,Open Water,Instagram,2026-03-07,False
C04913,Ananya,Sharma,Germany,42.0,Open Water,Hotel Partner,2026-03-09,False
C04914,Karan,Dubois,India,49.0,Divemaster,Hotel Partner,2026-03-13,False
C04915,Yuki,Jansen,India,52.0,Open Water,OTA,2026-03-05,False
C04916,Noa,Patel,India,19.0,Open Water,OTA,2026-03-14,False
C04917,Aarav,Reddy,India,,Open Water,Referral,2026-03-05,True
C04918,Kavya,Kulkarni,India,46.0,Rescue,Unknown,2026-03-05,False
C04919,Meera,Iyer,India,25.0,None,OTA,2026-03-06,False
C04920,James,Iyer,Germany,44.0,Advanced,Hotel Partner,2026-03-11,False
C04921,James,Patel,India,,None,Unknown,2026-03-13,True
C04922,Anouk,Rao,United States,35.0,Advanced,Unknown,2026-03-08,False
C04923,Divya,Park,Australia,41.0,Open Water,OTA,2026-03-14,False
C04924,Tom,Desai,India,33.0,None,Hotel Partner,2026-03-12,False
C04925,Marco,Banerjee,South Korea,30.0,None,Hotel Partner,2026-03-11,False
C04926,Itai,Rao,India,31.0,Open Water,Walk-in,2026-03-15,False
C04927,Meera,Dubois,Russia,18.0,None,Instagram,2026-03-11,False
C04928,Chloe,Smith,India,39.0,Open Water,Unknown,2026-03-11,False
C04929,Camille,Ivanov,India,,None,Referral,2026-03-10,True
C04930,Sarah,Park,India,24.0,Open Water,Website,2026-03-10,False
C04931,James,Taylor,Japan,44.0,Open Water,Walk-in,2026-03-13,False
C04932,Sneha,Dubois,India,31.0,None,Website,2026-03-08,False
C04933,Chloe,Patel,India,26.0,Rescue,Unknown,2026-03-06,False
C04934,James,Reddy,India,,Open Water,Hotel Partner,2026-03-13,True
C04935,Itai,Park,Netherlands,35.0,Open Water,Referral,2026-03-10,False
C04936,Liam,Taylor,France,40.0,Open Water,Website,2026-03-15,False
C04937,Chloe,Nair,United States,43.0,None,OTA,2026-03-16,False
C04938,Ravi,Smith,India,49.0,Open Water,Hotel Partner,2026-03-10,False
C04939,Ananya,Menon,France,42.0,Open Water,Referral,2026-03-13,False
C04940,Lukas,Cohen,India,34.0,Open Water,OTA,2026-03-11,False
C04941,Noa,Nair,India,53.0,None,Walk-in,2026-03-12,False
C04942,Tom,Park,India,28.0,None,Unknown,2026-03-13,False
C04943,Pierre,Kim,France,57.0,Open Water,Walk-in,2026-03-10,False
C04944,Itai,Jansen,South Korea,34.0,Open Water,Hotel Partner,2026-03-12,False
C04945,Sven,Wilson,India,26.0,Open Water,Referral,2026-03-08,False
C04946,Neha,Patel,Germany,23.0,None,Walk-in,2026-03-07,False
C04947,Tom,Nair,India,45.0,Open Water,Website,2026-03-16,False
C04948,Arjun,Jansen,India,25.0,Advanced,Hotel Partner,2026-03-09,False
C04949,Sarah,Nair,India,28.0,None,Unknown,2026-03-08,False
C04950,Marco,Schmidt,India,28.0,Advanced,Instagram,2026-03-15,False
C04951,Liam,Wilson,India,27.0,Advanced,Unknown,2026-03-17,False
C04952,Aarav,Petrova,India,,Advanced,Instagram,2026-03-17,True
C04953,Sneha,Smith,Russia,,Open Water,Hotel Partner,2026-03-16,True
C04954,Itai,Menon,India,37.0,Open Water,OTA,2026-03-11,False
C04955,Yuki,Smith,Italy,30.0,Open Water,Website,2026-03-13,False
C04956,Siddharth,Brown,India,41.0,None,OTA,2026-03-11,False
C04957,Yuki,Patel,United Kingdom,40.0,Open Water,Unknown,2026-03-08,False
C04958,Siddharth,Petrova,France,42.0,None,Instagram,2026-03-10,False
C04959,Pooja,Rao,India,38.0,None,OTA,2026-03-12,False
C04960,Ananya,Tanaka,Russia,45.0,None,Unknown,2026-03-09,False
C04961,Meera,Tanaka,India,44.0,Open Water,OTA,2026-03-17,False
C04962,Kavya,Rossi,India,50.0,Open Water,OTA,2026-03-17,False
C04963,Dmitri,Rossi,Italy,43.0,Advanced,Instagram,2026-03-16,False
C04964,Elena,Tanaka,India,35.0,None,Website,2026-03-10,False
C04965,Arjun,Menon,India,41.0,None,Instagram,2026-03-16,False
C04966,Aditya,Patel,India,,Open Water,Walk-in,2026-03-09,True
C04967,Aditya,Dubois,India,37.0,Advanced,Hotel Partner,2026-03-20,False
C04968,Liam,Chowdhury,India,32.0,Open Water,OTA,2026-03-15,False
C04969,Lukas,Park,United Kingdom,37.0,Open Water,Unknown,2026-03-12,False
C04970,Chloe,OConnor,India,28.0,None,Walk-in,2026-03-14,False
C04971,Elena,Levi,India,30.0,Open Water,Hotel Partner,2026-03-16,False
C04972,Sven,Sharma,India,,None,Walk-in,2026-03-17,True
C04973,Minjun,Brown,India,44.0,None,Walk-in,2026-03-11,False
C04974,Yuki,Taylor,Germany,31.0,None,Walk-in,2026-03-13,False
C04975,Emma,Cohen,Italy,33.0,None,Referral,2026-03-18,False
C04976,Daniel,Taylor,India,45.0,None,Walk-in,2026-03-11,False
C04977,Aarav,Cohen,India,37.0,None,Walk-in,2026-03-18,False
C04978,Minjun,Banerjee,India,,None,Hotel Partner,2026-03-18,True
C04979,Sven,Patel,India,38.0,Advanced,Walk-in,2026-03-18,False
C04980,Ananya,Gupta,Netherlands,28.0,None,OTA,2026-03-15,False
C04981,Daniel,Wilson,India,19.0,None,Hotel Partner,2026-03-15,False
C04982,Pierre,Petrova,United Kingdom,36.0,Advanced,Unknown,2026-03-15,False
C04983,Meera,Park,India,46.0,None,Walk-in,2026-03-15,False
C04984,Priya,Chowdhury,Israel,18.0,Open Water,Unknown,2026-03-15,False
C04985,Itai,Bakker,India,,Open Water,Walk-in,2026-03-20,True
C04986,Priya,Patel,India,25.0,Open Water,OTA,2026-03-12,False
C04987,Hannah,Kulkarni,India,,None,OTA,2026-03-21,True
C04988,Karan,Taylor,India,41.0,None,OTA,2026-03-13,False
C04989,Lukas,Chowdhury,India,36.0,None,Walk-in,2026-03-20,False
C04990,Ananya,Rossi,Italy,21.0,None,Walk-in,2026-03-19,False
C04991,Marco,Sharma,Russia,34.0,Advanced,OTA,2026-03-20,False
C04992,Daniel,Brown,Russia,26.0,Open Water,Referral,2026-03-17,False
C04993,Karan,Petrova,India,38.0,Open Water,OTA,2026-03-21,False
C04994,Chloe,Muller,India,16.0,Divemaster,Walk-in,2026-03-17,False
C04995,Meera,Kim,United States,35.0,None,Walk-in,2026-03-21,False
C04996,Rohan,Sharma,Israel,27.0,Open Water,Website,2026-03-16,False
C04997,Arjun,Gupta,South Korea,,None,Walk-in,2026-03-22,True
C04998,Olga,Iyer,India,22.0,Open Water,Website,2026-03-17,False
C04999,Kavya,Schmidt,Japan,38.0,Open Water,Hotel Partner,2026-03-21,False
C05000,Kavya,Rao,Israel,40.0,None,Walk-in,2026-03-18,False
C05001,Karan,Sharma,India,40.0,None,Unknown,2026-03-19,False
C05002,Karan,Kim,Japan,38.0,None,Hotel Partner,2026-03-15,False
C05003,Emma,Levi,India,35.0,None,Referral,2026-03-20,False
C05004,Sneha,Dubois,India,24.0,None,OTA,2026-03-20,False
C05005,Divya,Petrova,Italy,12.0,None,OTA,2026-03-21,False
C05006,Ishaan,Patel,India,37.0,Open Water,OTA,2026-03-19,False
C05007,Rahul,Bakker,Japan,36.0,None,OTA,2026-03-23,False
C05008,Rohan,Kulkarni,India,39.0,Rescue,OTA,2026-03-25,False
C05009,Noa,Petrova,India,16.0,Open Water,OTA,2026-03-21,False
C05010,Rohan,Gupta,India,30.0,Open Water,OTA,2026-03-18,False
C05011,Kavya,Rao,United States,47.0,Advanced,Walk-in,2026-03-17,False
C05012,Liam,Rao,Netherlands,35.0,Advanced,Hotel Partner,2026-03-23,False
C05013,Aditya,Brown,Israel,50.0,None,Website,2026-03-22,False
C05014,Chloe,Rossi,India,31.0,Open Water,OTA,2026-03-24,False
C05015,Dmitri,Reddy,Italy,40.0,Advanced,Instagram,2026-03-17,False
C05016,Vikram,Kim,United Kingdom,44.0,None,Unknown,2026-03-26,False
C05017,Vikram,Banerjee,United States,26.0,None,Hotel Partner,2026-03-19,False
C05018,Aditya,Chowdhury,Israel,39.0,None,Website,2026-03-22,False
C05019,Chloe,Sharma,India,29.0,None,Website,2026-03-24,False
C05020,Chloe,Menon,Italy,31.0,Open Water,Walk-in,2026-03-18,False
C05021,Ananya,Menon,India,43.0,Advanced,OTA,2026-03-24,False
C05022,Emma,Ivanov,Russia,12.0,None,Unknown,2026-03-26,False
C05023,Noa,Gupta,India,23.0,None,Hotel Partner,2026-03-20,False
C05024,Lukas,Taylor,India,29.0,None,Unknown,2026-03-19,False
C05025,Rohan,Rao,Germany,35.0,Open Water,Unknown,2026-03-18,False
C05026,Arjun,Banerjee,India,36.0,None,OTA,2026-03-26,False
C05027,Camille,Bakker,India,,Open Water,OTA,2026-03-18,True
C05028,Anouk,Desai,United Kingdom,19.0,Open Water,Unknown,2026-03-26,False
C05029,Hannah,Desai,India,24.0,Rescue,OTA,2026-03-24,False
C05030,Divya,OConnor,India,34.0,None,Instagram,2026-03-22,False
C05031,Dmitri,Gupta,India,23.0,Open Water,Instagram,2026-03-20,False
C05032,Vikram,Kim,India,26.0,Open Water,Walk-in,2026-03-23,False
C05033,Rohan,Ivanov,India,44.0,Open Water,Referral,2026-03-18,False
C05034,Arjun,Schmidt,India,22.0,None,Website,2026-03-20,False
C05035,Ananya,Jansen,India,26.0,Advanced,Instagram,2026-03-29,False
C05036,Yuki,Cohen,India,34.0,Advanced,OTA,2026-03-19,False
C05037,Daniel,Patel,France,50.0,Advanced,Instagram,2026-03-23,False
C05038,Rahul,Taylor,India,32.0,None,OTA,2026-03-26,False
C05039,Ravi,Muller,France,31.0,None,OTA,2026-03-22,False
C05040,James,Levi,India,37.0,Open Water,Referral,2026-03-19,False
C05041,Siddharth,Menon,India,14.0,Advanced,OTA,2026-03-24,False
C05042,Pierre,Petrova,India,22.0,Advanced,OTA,2026-03-22,False
C05043,Aarav,Reddy,India,45.0,Advanced,Hotel Partner,2026-03-25,False
C05044,Rohan,Menon,Russia,31.0,Open Water,Hotel Partner,2026-03-23,False
C05045,Karan,Petrova,United States,27.0,None,OTA,2026-03-23,False
C05046,Noa,Bakker,United Kingdom,37.0,Divemaster,Walk-in,2026-03-28,False
C05047,Marco,Petrova,India,24.0,None,Hotel Partner,2026-03-20,False
C05048,Pooja,Desai,United States,25.0,Divemaster,Unknown,2026-03-27,False
C05049,Meera,Kim,India,34.0,None,Instagram,2026-03-21,False
C05050,Aditya,Menon,India,33.0,None,OTA,2026-03-30,False
C05051,Priya,Jansen,India,37.0,None,Hotel Partner,2026-03-26,False
C05052,Meera,Wilson,Japan,32.0,None,Walk-in,2026-03-27,False
C05053,Aarav,Banerjee,India,36.0,Advanced,OTA,2026-03-23,False
C05054,Chloe,Rossi,Germany,17.0,Open Water,Instagram,2026-03-30,False
C05055,Priya,Jansen,Japan,37.0,Open Water,Instagram,2026-03-22,False
C05056,Priya,Cohen,India,35.0,None,Walk-in,2026-03-27,False
C05057,Priya,Iyer,Germany,46.0,Rescue,Walk-in,2026-03-29,False
C05058,Meera,Cohen,United Kingdom,40.0,None,Unknown,2026-03-24,False
C05059,Camille,Iyer,United Kingdom,29.0,Advanced,Website,2026-03-29,False
C05060,Chloe,Patel,India,27.0,Open Water,Referral,2026-03-28,False
C05061,Sophie,Park,United Kingdom,20.0,Open Water,Website,2026-03-29,False
C05062,Daniel,OConnor,India,12.0,Open Water,Instagram,2026-03-26,False
C05063,Dmitri,Rao,India,29.0,Open Water,Walk-in,2026-03-28,False
C05064,Priya,Schmidt,India,,Open Water,Instagram,2026-03-26,True
C05065,Camille,Wilson,United States,21.0,None,Referral,2026-03-30,False
C05066,Aarav,Dubois,India,36.0,None,Website,2026-03-27,False
C05067,Rahul,Chowdhury,India,32.0,None,OTA,2026-03-25,False
C05068,Ishaan,Kulkarni,India,28.0,Open Water,Website,2026-03-29,False
C05069,Sarah,Banerjee,India,42.0,None,Website,2026-03-26,False
C05070,Priya,Rossi,Germany,30.0,Open Water,OTA,2026-03-24,False
C05071,Karan,Schmidt,United Kingdom,,None,OTA,2026-04-01,True
C05072,Siddharth,Park,India,21.0,Divemaster,Referral,2026-03-27,False
C05073,James,Chowdhury,India,36.0,None,Website,2026-03-25,False
C05074,Aditya,Brown,India,,Rescue,Instagram,2026-03-28,True
C05075,Lukas,Muller,Russia,46.0,Advanced,Referral,2026-03-25,False
C05076,Ravi,Desai,India,32.0,None,Hotel Partner,2026-03-31,False
C05077,Itai,Rao,India,35.0,None,Website,2026-03-29,False
C05078,Aarav,Sharma,India,16.0,None,Walk-in,2026-03-27,False
C05079,Yuki,Levi,India,22.0,Divemaster,OTA,2026-03-26,False
C05080,Sven,Sharma,India,27.0,Open Water,OTA,2026-03-29,False
C05081,Pooja,Bakker,India,43.0,None,OTA,2026-03-25,False
C05082,Liam,Smith,Russia,46.0,Open Water,Hotel Partner,2026-03-28,False
C05083,Meera,Schmidt,India,27.0,Open Water,Website,2026-03-28,False
C05084,Aarav,Desai,India,37.0,Advanced,Hotel Partner,2026-03-26,False
C05085,Sneha,Brown,India,31.0,Open Water,OTA,2026-03-29,False
C05086,Rahul,Banerjee,India,34.0,Advanced,Referral,2026-04-01,False
C05087,Ishaan,Jansen,India,20.0,Open Water,Unknown,2026-04-05,False
C05088,Sneha,Cohen,India,16.0,Advanced,OTA,2026-03-31,False
C05089,Camille,Cohen,United Kingdom,43.0,None,Hotel Partner,2026-03-28,False
C05090,Dmitri,Levi,India,39.0,None,Walk-in,2026-03-30,False
C05091,Tom,Brown,Russia,,None,OTA,2026-04-03,True
C05092,Rahul,Smith,Netherlands,14.0,None,OTA,2026-04-03,False
C05093,Marco,Schmidt,India,31.0,Open Water,Walk-in,2026-04-01,False
C05094,James,Ivanov,Netherlands,54.0,Open Water,Unknown,2026-04-02,False
C05095,Aditya,Patel,India,23.0,Open Water,Hotel Partner,2026-04-05,False
C05096,Divya,Banerjee,United Kingdom,18.0,Open Water,Instagram,2026-04-02,False
C05097,Pierre,Sharma,India,48.0,None,Instagram,2026-04-03,False
C05098,Yuki,Tanaka,India,24.0,Advanced,Walk-in,2026-03-29,False
C05099,James,Desai,India,29.0,Advanced,Walk-in,2026-03-31,False
C05100,James,Dubois,India,41.0,None,Referral,2026-03-28,False
C05101,Neha,Chowdhury,India,,Advanced,OTA,2026-04-06,True
C05102,Neha,Wilson,Netherlands,,None,Walk-in,2026-03-29,True
C05103,Siddharth,OConnor,United States,38.0,Open Water,Unknown,2026-03-29,False
C05104,Arjun,Petrova,India,25.0,Advanced,OTA,2026-03-28,False
C05105,Lukas,Desai,India,38.0,None,Website,2026-04-01,False
C05106,Divya,Iyer,Israel,41.0,None,OTA,2026-03-31,False
C05107,Elena,Sharma,India,40.0,None,Hotel Partner,2026-04-03,False
C05108,Aarav,Patel,India,37.0,Open Water,Walk-in,2026-04-08,False
C05109,Meera,Ivanov,India,,None,Unknown,2026-04-08,True
C05110,Meera,Ivanov,Netherlands,41.0,Rescue,OTA,2026-03-29,False
C05111,Priya,Brown,India,,None,OTA,2026-04-04,True
C05112,Sneha,Kim,United States,28.0,Advanced,OTA,2026-04-09,False
C05113,Aditya,Iyer,India,35.0,Open Water,Website,2026-04-08,False
C05114,Aditya,Taylor,Germany,44.0,Advanced,OTA,2026-04-01,False
C05115,Meera,Kulkarni,United States,22.0,Open Water,Website,2026-04-02,False
C05116,Karan,Smith,India,34.0,None,OTA,2026-04-02,False
C05117,Tom,Sharma,United States,43.0,Open Water,Website,2026-04-03,False
C05118,Vikram,Banerjee,India,,Open Water,Unknown,2026-04-03,True
C05119,Rahul,Wilson,India,48.0,Open Water,Hotel Partner,2026-03-31,False
C05120,Marco,Schmidt,Italy,21.0,None,Website,2026-04-06,False
C05121,Aarav,Bakker,United Kingdom,22.0,None,OTA,2026-03-31,False
C05122,Ishaan,OConnor,India,22.0,None,Instagram,2026-04-06,False
C05123,Noa,Muller,India,22.0,Open Water,Walk-in,2026-04-01,False
C05124,Sven,Sharma,Israel,41.0,Open Water,OTA,2026-04-01,False
C05125,Hannah,Brown,Netherlands,56.0,Open Water,Walk-in,2026-04-06,False
C05126,Ishaan,Menon,India,35.0,None,Instagram,2026-04-09,False
C05127,Chloe,Kim,India,27.0,None,Unknown,2026-04-11,False
C05128,Ishaan,Reddy,India,16.0,None,OTA,2026-04-07,False
C05129,Vikram,Park,Russia,34.0,None,Instagram,2026-04-03,False
C05130,Ishaan,Sharma,Australia,37.0,None,OTA,2026-04-03,False
C05131,Chloe,Petrova,India,20.0,Advanced,OTA,2026-04-02,False
C05132,Sneha,Levi,India,28.0,None,Walk-in,2026-04-08,False
C05133,Elena,Taylor,India,,Open Water,Referral,2026-04-09,True
C05134,Hannah,Ivanov,France,33.0,Open Water,Walk-in,2026-04-04,False
C05135,James,Smith,Italy,,Advanced,Website,2026-04-10,True
C05136,Arjun,Wilson,Japan,45.0,None,Instagram,2026-04-10,False
C05137,Tom,Patel,India,21.0,Advanced,Unknown,2026-04-05,False
C05138,Hannah,Chowdhury,India,29.0,Advanced,OTA,2026-04-09,False
C05139,Ananya,Menon,United Kingdom,36.0,Open Water,OTA,2026-04-13,False
C05140,Marco,Patel,India,23.0,None,Website,2026-04-05,False
C05141,Sarah,Wilson,India,51.0,None,Walk-in,2026-04-12,False
C05142,Lukas,Park,India,22.0,Open Water,Instagram,2026-04-10,False
C05143,Arjun,Ivanov,India,34.0,Rescue,Hotel Partner,2026-04-07,False
C05144,Yuki,Menon,India,19.0,None,Instagram,2026-04-05,False
C05145,Olga,Desai,India,43.0,Advanced,OTA,2026-04-07,False
C05146,Yuki,Rao,Germany,33.0,Advanced,OTA,2026-04-11,False
C05147,Ravi,OConnor,India,37.0,None,Instagram,2026-04-08,False
C05148,Noa,Ivanov,India,28.0,Advanced,Unknown,2026-04-10,False
C05149,Marco,Park,United Kingdom,18.0,None,OTA,2026-04-07,False
C05150,Siddharth,Muller,India,,Advanced,Walk-in,2026-04-10,True
C05151,Divya,Petrova,Japan,22.0,Open Water,OTA,2026-04-06,False
C05152,Camille,Kulkarni,India,31.0,None,Hotel Partner,2026-04-14,False
C05153,Sarah,Rao,United Kingdom,26.0,Open Water,Website,2026-04-11,False
C05154,Minjun,Park,Israel,32.0,None,Referral,2026-04-13,False
C05155,Daniel,Smith,India,38.0,None,Instagram,2026-04-05,False
C05156,Sven,Wilson,India,33.0,None,Walk-in,2026-04-05,False
C05157,Yuki,Wilson,India,30.0,Open Water,Walk-in,2026-04-08,False
C05158,Ananya,Patel,Italy,44.0,Advanced,Instagram,2026-04-16,False
C05159,Emma,Jansen,Israel,12.0,Advanced,Instagram,2026-04-09,False
C05160,Aarav,Taylor,Australia,32.0,None,Instagram,2026-04-10,False
C05161,Aarav,Brown,India,28.0,None,OTA,2026-04-08,False
C05162,Vikram,Park,India,27.0,None,Website,2026-04-14,False
C05163,Anouk,Nair,France,39.0,None,Instagram,2026-04-12,False
C05164,Kavya,Muller,Australia,33.0,Advanced,Referral,2026-04-14,False
C05165,Minjun,Desai,United States,45.0,Advanced,Website,2026-04-17,False
C05166,Camille,Levi,India,31.0,Advanced,Unknown,2026-04-16,False
C05167,Aarav,Nair,United Kingdom,37.0,None,Hotel Partner,2026-04-12,False
C05168,Divya,Reddy,India,45.0,None,OTA,2026-04-09,False
C05169,James,Muller,United States,29.0,Open Water,Referral,2026-04-12,False
C05170,Ravi,Jansen,South Korea,25.0,None,OTA,2026-04-13,False
C05171,Hannah,OConnor,Germany,55.0,Open Water,Instagram,2026-04-16,False
C05172,Anouk,Rossi,Israel,27.0,None,Instagram,2026-04-11,False
C05173,Ananya,Dubois,Australia,44.0,Open Water,OTA,2026-04-13,False
C05174,Itai,Levi,India,37.0,None,OTA,2026-04-15,False
C05175,Emma,Smith,Netherlands,36.0,Advanced,Hotel Partner,2026-04-18,False
C05176,Aditya,Rao,India,12.0,Open Water,Walk-in,2026-04-11,False
C05177,Sven,Rao,Russia,12.0,Open Water,OTA,2026-04-11,False
C05178,Chloe,Desai,United Kingdom,16.0,None,Referral,2026-04-18,False
C05179,Rohan,Banerjee,India,41.0,Open Water,OTA,2026-04-13,False
C05180,Aarav,Park,Australia,30.0,Rescue,Referral,2026-04-10,False
C05181,James,Ivanov,Italy,30.0,Open Water,Instagram,2026-04-18,False
C05182,Anouk,Tanaka,India,25.0,Open Water,Website,2026-04-09,False
C05183,Arjun,Dubois,India,53.0,Advanced,OTA,2026-04-12,False
C05184,Dmitri,Rao,Russia,29.0,None,OTA,2026-04-10,False
C05185,Liam,Bakker,India,41.0,None,Hotel Partner,2026-04-19,False
C05186,Arjun,Levi,India,27.0,Open Water,OTA,2026-04-18,False
C05187,Divya,Menon,Netherlands,51.0,Divemaster,Unknown,2026-04-10,False
C05188,Anouk,Iyer,Netherlands,36.0,None,OTA,2026-04-17,False
C05189,Rohan,Sharma,France,39.0,None,OTA,2026-04-12,False
C05190,James,Rossi,India,39.0,Advanced,Referral,2026-04-14,False
C05191,Karan,Banerjee,India,29.0,Open Water,OTA,2026-04-14,False
C05192,Pierre,Tanaka,India,40.0,None,Walk-in,2026-04-18,False
C05193,Ishaan,Petrova,India,43.0,None,Hotel Partner,2026-04-14,False
C05194,Daniel,Taylor,Italy,23.0,Advanced,OTA,2026-04-15,False
C05195,Neha,Dubois,India,45.0,Advanced,Instagram,2026-04-20,False
C05196,Emma,Levi,India,27.0,Open Water,OTA,2026-04-12,False
C05197,Aarav,Gupta,India,15.0,Open Water,Unknown,2026-04-13,False
C05198,Hannah,Schmidt,United Kingdom,,Open Water,Hotel Partner,2026-04-16,True
C05199,Elena,Patel,India,49.0,None,Website,2026-04-12,False
C05200,Neha,Menon,Netherlands,22.0,Rescue,Walk-in,2026-04-12,False
C05201,Sarah,Rao,India,20.0,Open Water,Walk-in,2026-04-22,False
C05202,Rahul,Kulkarni,India,26.0,None,Instagram,2026-04-19,False
C05203,Anouk,Taylor,Netherlands,37.0,None,Instagram,2026-04-18,False
C05204,Noa,Rao,Russia,25.0,None,Website,2026-04-20,False
C05205,Aarav,Gupta,India,33.0,Open Water,Instagram,2026-04-18,False
C05206,Pooja,Cohen,India,32.0,None,Website,2026-04-18,False
C05207,Hannah,OConnor,India,53.0,None,Instagram,2026-04-20,False
C05208,Hannah,Jansen,India,49.0,None,Instagram,2026-04-15,False
C05209,Aarav,Dubois,United Kingdom,35.0,None,Website,2026-04-15,False
C05210,Elena,OConnor,France,26.0,None,Website,2026-04-14,False
C05211,Sarah,Iyer,India,39.0,None,Hotel Partner,2026-04-18,False
C05212,Priya,Dubois,India,,None,Website,2026-04-18,True
C05213,Pooja,Petrova,South Korea,26.0,Open Water,Referral,2026-04-21,False
C05214,Yuki,Kulkarni,Germany,50.0,Open Water,Instagram,2026-04-18,False
C05215,Rohan,Reddy,Israel,50.0,Open Water,Instagram,2026-04-19,False
C05216,Elena,Wilson,India,27.0,None,Instagram,2026-04-18,False
C05217,Sarah,Nair,Russia,29.0,Open Water,OTA,2026-04-16,False
C05218,Liam,Bakker,Netherlands,26.0,Open Water,OTA,2026-04-19,False
C05219,Rahul,Tanaka,Russia,58.0,Open Water,Referral,2026-04-15,False
C05220,Rahul,Tanaka,India,,Advanced,Website,2026-04-25,True
C05221,Neha,Kulkarni,Germany,36.0,Divemaster,Website,2026-04-21,False
C05222,Olga,Nair,India,27.0,Advanced,Instagram,2026-04-24,False
C05223,Lukas,Muller,United Kingdom,21.0,None,Unknown,2026-04-25,False
C05224,Divya,Gupta,India,39.0,None,OTA,2026-04-19,False
C05225,Aditya,Rossi,Russia,35.0,Advanced,OTA,2026-04-21,False
C05226,Hannah,Kulkarni,India,43.0,Open Water,Hotel Partner,2026-04-21,False
C05227,Divya,Taylor,France,32.0,None,Website,2026-04-25,False
C05228,Vikram,OConnor,India,45.0,None,Website,2026-04-15,False
C05229,Chloe,Desai,India,,None,Unknown,2026-04-21,True
C05230,Aditya,Schmidt,India,24.0,Rescue,Website,2026-04-24,False
C05231,Tom,Dubois,Netherlands,41.0,None,Walk-in,2026-04-15,False
C05232,Minjun,Petrova,United Kingdom,16.0,None,Website,2026-04-21,False
C05233,Liam,Rossi,Israel,36.0,Open Water,OTA,2026-04-19,False
C05234,Yuki,Dubois,India,39.0,None,OTA,2026-04-19,False
C05235,Noa,Kim,India,,None,Hotel Partner,2026-04-23,True
C05236,James,Ivanov,India,37.0,Open Water,Website,2026-04-20,False
C05237,Ananya,Reddy,Germany,56.0,Rescue,Walk-in,2026-04-21,False
C05238,Yuki,Banerjee,Germany,21.0,None,OTA,2026-04-25,False
C05239,Ishaan,Levi,India,37.0,None,Referral,2026-04-24,False
C05240,Divya,Rao,India,38.0,Divemaster,OTA,2026-04-17,False
C05241,Aarav,Kim,India,37.0,Rescue,Instagram,2026-04-26,False
C05242,James,Ivanov,India,36.0,Rescue,OTA,2026-04-24,False
C05243,Kavya,Smith,United Kingdom,34.0,None,OTA,2026-04-19,False
C05244,Pierre,Menon,India,26.0,None,Walk-in,2026-04-22,False
C05245,Sophie,Iyer,India,,Open Water,Unknown,2026-04-22,True
C05246,Sven,Smith,India,36.0,None,Hotel Partner,2026-04-25,False
C05247,Arjun,Banerjee,India,23.0,None,OTA,2026-04-24,False
C05248,Aarav,Cohen,France,47.0,Open Water,Referral,2026-04-23,False
C05249,Siddharth,Brown,Japan,31.0,Open Water,Referral,2026-04-25,False
C05250,James,Cohen,United States,37.0,None,Instagram,2026-04-21,False
C05251,Ravi,Sharma,Australia,26.0,Advanced,Unknown,2026-04-20,False
C05252,Sarah,Iyer,United States,,None,Walk-in,2026-04-25,True
C05253,Lukas,Rossi,United Kingdom,39.0,Open Water,Website,2026-04-22,False
C05254,Emma,Reddy,United States,46.0,Open Water,Referral,2026-04-28,False
C05255,Anouk,Kim,India,34.0,Open Water,Instagram,2026-04-23,False
C05256,Meera,Levi,Germany,27.0,None,Website,2026-04-21,False
C05257,Sneha,Wilson,United States,23.0,None,Unknown,2026-04-21,False
C05258,Liam,Dubois,Germany,32.0,None,Walk-in,2026-04-27,False
C05259,Sophie,Patel,India,21.0,Open Water,Referral,2026-04-29,False
C05260,Liam,Muller,India,23.0,None,OTA,2026-04-21,False
C05261,Rohan,Brown,India,36.0,Open Water,OTA,2026-04-29,False
C05262,Lukas,Chowdhury,Netherlands,51.0,Open Water,Referral,2026-04-25,False
C05263,Karan,Petrova,Australia,26.0,Open Water,Referral,2026-04-27,False
C05264,Sarah,OConnor,Russia,26.0,Advanced,Instagram,2026-04-30,False
C05265,Aarav,Kulkarni,India,,Advanced,OTA,2026-04-21,True
C05266,Camille,Reddy,India,45.0,None,OTA,2026-04-23,False
C05267,Aditya,Iyer,India,41.0,Rescue,Unknown,2026-04-23,False
C05268,Sarah,Jansen,India,43.0,None,Referral,2026-04-24,False
C05269,Aarav,Ivanov,Germany,34.0,Open Water,Referral,2026-05-01,False
C05270,Emma,Taylor,India,51.0,Open Water,Instagram,2026-04-24,False
C05271,Arjun,Nair,France,30.0,None,OTA,2026-04-25,False
C05272,Chloe,Kim,India,21.0,None,Hotel Partner,2026-04-24,False
C05273,James,Bakker,Germany,37.0,Advanced,OTA,2026-04-24,False
C05274,Priya,Rossi,Germany,29.0,None,Unknown,2026-04-27,False
C05275,Kavya,Banerjee,India,41.0,Open Water,OTA,2026-04-25,False
C05276,Rohan,Schmidt,India,,Open Water,OTA,2026-04-28,True
C05277,Yuki,Kulkarni,India,46.0,Open Water,Referral,2026-04-24,False
C05278,Ananya,Gupta,India,43.0,Open Water,Instagram,2026-04-28,False
C05279,Anouk,Muller,India,24.0,Advanced,OTA,2026-04-26,False
C05280,Aarav,Rossi,Germany,,None,Walk-in,2026-04-25,True
C05281,Yuki,OConnor,Italy,17.0,Open Water,OTA,2026-04-29,False
C05282,Sophie,Dubois,India,38.0,Advanced,Referral,2026-04-25,False
C05283,Kavya,Kulkarni,India,28.0,Advanced,OTA,2026-05-02,False
C05284,Anouk,Banerjee,India,30.0,Open Water,Hotel Partner,2026-04-29,False
C05285,Karan,Sharma,India,37.0,None,Walk-in,2026-04-23,False
C05286,Divya,Gupta,India,29.0,Advanced,OTA,2026-05-03,False
C05287,James,Desai,India,47.0,Rescue,Website,2026-05-03,False
C05288,Aarav,Wilson,United States,48.0,None,Hotel Partner,2026-05-04,False
C05289,Rahul,Patel,France,47.0,Open Water,Walk-in,2026-05-03,False
C05290,Neha,Park,India,37.0,Rescue,OTA,2026-04-25,False
C05291,Anouk,Rossi,Israel,,None,Referral,2026-04-24,True
C05292,Lukas,OConnor,United Kingdom,35.0,None,Website,2026-04-29,False
C05293,Kavya,Bakker,India,12.0,None,Hotel Partner,2026-04-27,False
C05294,Aarav,Reddy,India,16.0,Open Water,Unknown,2026-05-03,False
C05295,Aditya,Petrova,India,23.0,None,Referral,2026-04-27,False
C05296,Karan,Levi,India,42.0,Open Water,Website,2026-05-05,False
C05297,Olga,Taylor,Germany,,None,Instagram,2026-05-05,True
C05298,Daniel,Kulkarni,United States,27.0,Open Water,Website,2026-04-28,False
C05299,Vikram,Gupta,India,48.0,Advanced,OTA,2026-05-05,False
C05300,Lukas,Tanaka,Australia,30.0,None,OTA,2026-05-02,False
C05301,Sophie,Smith,Italy,26.0,Advanced,Walk-in,2026-05-03,False
C05302,Elena,Dubois,Israel,31.0,None,Unknown,2026-04-26,False
C05303,Olga,Menon,India,44.0,Open Water,Referral,2026-05-03,False
C05304,Marco,Sharma,India,51.0,Open Water,Website,2026-04-30,False
C05305,Daniel,Taylor,India,36.0,None,Walk-in,2026-05-03,False
C05306,Pierre,OConnor,India,42.0,None,OTA,2026-05-01,False
C05307,Aditya,Desai,India,34.0,Open Water,OTA,2026-05-03,False
C05308,Lukas,Iyer,United Kingdom,25.0,None,Instagram,2026-05-03,False
C05309,Yuki,Kulkarni,India,49.0,Open Water,Referral,2026-04-27,False
C05310,Kavya,Kulkarni,Russia,23.0,Open Water,Walk-in,2026-04-27,False
C05311,Itai,Ivanov,India,49.0,Open Water,Referral,2026-05-05,False
C05312,Neha,Jansen,India,32.0,Open Water,Hotel Partner,2026-05-03,False
C05313,Camille,Iyer,South Korea,48.0,Advanced,OTA,2026-05-05,False
C05314,Ravi,Smith,India,40.0,None,Instagram,2026-05-08,False
C05315,Dmitri,Sharma,India,14.0,None,Unknown,2026-04-30,False
C05316,Sophie,Rossi,India,23.0,Advanced,Walk-in,2026-04-28,False
C05317,Karan,Kim,India,29.0,Advanced,Hotel Partner,2026-05-08,False
C05318,Hannah,Banerjee,Netherlands,34.0,Open Water,Walk-in,2026-05-05,False
C05319,Lukas,Gupta,South Korea,46.0,Open Water,Instagram,2026-04-29,False
C05320,Arjun,Patel,India,39.0,None,Unknown,2026-05-04,False
C05321,Pierre,Wilson,Russia,21.0,None,Hotel Partner,2026-05-02,False
C05322,Chloe,Desai,India,42.0,Open Water,Referral,2026-05-05,False
C05323,Kavya,Levi,Italy,47.0,None,Referral,2026-05-09,False
C05324,Hannah,Kulkarni,India,23.0,Open Water,OTA,2026-05-09,False
C05325,Aditya,Chowdhury,India,24.0,Open Water,Hotel Partner,2026-05-06,False
C05326,Divya,Wilson,India,25.0,None,Website,2026-05-03,False
C05327,Rahul,Kim,India,,None,Referral,2026-05-06,True
C05328,Rahul,Dubois,India,27.0,Open Water,Website,2026-05-08,False
C05329,Pierre,Patel,France,20.0,None,Hotel Partner,2026-05-01,False
C05330,Marco,Banerjee,France,36.0,None,Walk-in,2026-05-06,False
C05331,Divya,Chowdhury,India,15.0,None,OTA,2026-05-10,False
C05332,Camille,Sharma,South Korea,40.0,None,Unknown,2026-05-01,False
C05333,Liam,OConnor,France,74.0,Open Water,Walk-in,2026-05-09,False
C05334,Camille,Rossi,India,21.0,Advanced,OTA,2026-05-01,False
C05335,Noa,Rao,United Kingdom,30.0,Open Water,OTA,2026-05-11,False
C05336,Pierre,Kulkarni,France,24.0,Open Water,Walk-in,2026-05-04,False
C05337,Sophie,Schmidt,India,35.0,Advanced,Walk-in,2026-05-02,False
C05338,Aarav,OConnor,Netherlands,22.0,Open Water,Instagram,2026-05-07,False
C05339,Sarah,Brown,India,37.0,None,OTA,2026-05-01,False
C05340,Karan,Iyer,Italy,26.0,Open Water,Hotel Partner,2026-05-07,False
C05341,Sven,Tanaka,India,20.0,None,Walk-in,2026-05-11,False
C05342,Chloe,Smith,India,32.0,None,Website,2026-05-11,False
C05343,Meera,Jansen,Russia,29.0,None,Unknown,2026-05-10,False
C05344,Sneha,Rossi,India,20.0,Advanced,Unknown,2026-05-08,False
C05345,Itai,Brown,France,34.0,None,Unknown,2026-05-12,False
C05346,Camille,Levi,Japan,44.0,Open Water,Website,2026-05-05,False
C05347,Camille,Schmidt,United Kingdom,49.0,None,OTA,2026-05-12,False
C05348,Aarav,Iyer,United Kingdom,53.0,Open Water,Unknown,2026-05-04,False
C05349,Sophie,Petrova,France,46.0,Advanced,Referral,2026-05-08,False
C05350,Ishaan,Menon,India,,Open Water,Website,2026-05-05,True
C05351,Neha,Banerjee,India,21.0,Open Water,OTA,2026-05-06,False
C05352,Chloe,Brown,India,34.0,None,Unknown,2026-05-10,False
C05353,Tom,Levi,India,42.0,None,OTA,2026-05-04,False
C05354,Aarav,Levi,France,44.0,None,Website,2026-05-11,False
C05355,Vikram,Kulkarni,Germany,32.0,Open Water,Instagram,2026-05-07,False
C05356,Dmitri,Levi,India,31.0,Advanced,OTA,2026-05-05,False
C05357,Tom,Nair,India,20.0,None,OTA,2026-05-04,False
C05358,Aarav,Gupta,India,,None,Referral,2026-05-13,True
C05359,Chloe,Cohen,Germany,31.0,None,Walk-in,2026-05-09,False
C05360,Meera,Dubois,Germany,35.0,Advanced,OTA,2026-05-08,False
C05361,Itai,Reddy,Russia,25.0,None,Hotel Partner,2026-05-09,False
C05362,Meera,Sharma,Netherlands,34.0,Open Water,OTA,2026-05-13,False
C05363,Noa,Rossi,India,,None,Referral,2026-05-14,True
C05364,Olga,Kulkarni,Australia,20.0,None,Website,2026-05-04,False
C05365,Noa,Muller,India,34.0,Rescue,OTA,2026-05-08,False
C05366,Emma,Iyer,United Kingdom,25.0,None,OTA,2026-05-04,False
C05367,Arjun,Taylor,India,43.0,None,Walk-in,2026-05-11,False
C05368,Anouk,Gupta,Germany,48.0,None,OTA,2026-05-15,False
C05369,Kavya,Rossi,United Kingdom,43.0,Rescue,Walk-in,2026-05-12,False
C05370,Elena,Taylor,India,44.0,Open Water,Website,2026-05-09,False
C05371,Dmitri,Ivanov,Australia,,Open Water,OTA,2026-05-15,True
C05372,Yuki,Sharma,India,47.0,Open Water,OTA,2026-05-10,False
C05373,Aarav,Gupta,United States,19.0,Open Water,Website,2026-05-12,False
C05374,Pierre,Chowdhury,India,43.0,Rescue,Walk-in,2026-05-11,False
C05375,Daniel,Jansen,India,33.0,Open Water,OTA,2026-05-05,False
C05376,Aditya,Petrova,India,53.0,None,OTA,2026-05-05,False
C05377,Pierre,Schmidt,South Korea,36.0,Open Water,Walk-in,2026-05-12,False
C05378,Pooja,Rossi,India,26.0,None,OTA,2026-05-16,False
C05379,Minjun,Chowdhury,Italy,33.0,Open Water,Walk-in,2026-05-14,False
C05380,Divya,Bakker,Russia,35.0,None,OTA,2026-05-13,False
C05381,Yuki,Gupta,United States,34.0,Open Water,Referral,2026-05-09,False
C05382,Anouk,Gupta,India,39.0,Advanced,Hotel Partner,2026-05-15,False
C05383,Aditya,Rossi,Italy,,None,Walk-in,2026-05-06,True
C05384,Rahul,Cohen,India,23.0,None,Walk-in,2026-05-15,False
C05385,Sneha,Patel,India,56.0,Rescue,Instagram,2026-05-12,False
C05386,Tom,Smith,India,50.0,Open Water,Referral,2026-05-07,False
C05387,Siddharth,Jansen,India,40.0,Rescue,Instagram,2026-05-14,False
C05388,Camille,Iyer,Netherlands,29.0,Open Water,Referral,2026-05-17,False
C05389,Itai,Taylor,Israel,15.0,Advanced,Instagram,2026-05-17,False
C05390,Sven,Muller,India,24.0,Open Water,OTA,2026-05-15,False
C05391,Pooja,Jansen,India,,Advanced,Referral,2026-05-15,True
C05392,Ravi,Wilson,India,37.0,Open Water,OTA,2026-05-14,False
C05393,Karan,Bakker,India,23.0,None,Instagram,2026-05-10,False
C05394,Ananya,Banerjee,India,42.0,None,Website,2026-05-13,False
C05395,Aditya,Chowdhury,India,42.0,None,Instagram,2026-05-14,False
C05396,Emma,Rossi,Australia,15.0,Open Water,Instagram,2026-05-13,False
C05397,Daniel,Gupta,Italy,21.0,Open Water,Instagram,2026-05-09,False
C05398,Sarah,Chowdhury,India,46.0,None,Instagram,2026-05-18,False
C05399,Emma,Muller,Israel,33.0,None,Instagram,2026-05-08,False
C05400,Pierre,Taylor,Netherlands,32.0,Open Water,Unknown,2026-05-12,False
C05401,Itai,Dubois,United States,41.0,None,Walk-in,2026-05-16,False
C05402,Neha,Petrova,India,,Open Water,Walk-in,2026-05-13,True
C05403,Daniel,Brown,India,39.0,None,OTA,2026-05-09,False
C05404,Arjun,Brown,India,19.0,None,Referral,2026-05-09,False
C05405,Ravi,Gupta,United States,,Advanced,Hotel Partner,2026-05-19,True
C05406,Ishaan,Park,United Kingdom,56.0,Open Water,OTA,2026-05-10,False
C05407,Itai,Brown,Russia,36.0,None,Website,2026-05-14,False
C05408,Pierre,Muller,India,42.0,None,Walk-in,2026-05-13,False
C05409,Aarav,Muller,India,63.0,Open Water,Website,2026-05-17,False
C05410,Sneha,Gupta,India,33.0,Open Water,Hotel Partner,2026-05-20,False
C05411,Aditya,Gupta,India,28.0,None,OTA,2026-05-11,False
C05412,Lukas,Banerjee,Germany,48.0,Open Water,Instagram,2026-05-15,False
C05413,Hannah,Smith,India,34.0,None,OTA,2026-05-10,False
C05414,Minjun,Patel,United States,26.0,Advanced,OTA,2026-05-17,False
C05415,Rohan,Wilson,Germany,29.0,None,Instagram,2026-05-13,False
C05416,Sneha,Nair,India,43.0,None,OTA,2026-05-18,False
C05417,Elena,Menon,Netherlands,32.0,Open Water,Instagram,2026-05-11,False
C05418,Ananya,Rossi,India,14.0,None,OTA,2026-05-18,False
C05419,Divya,Chowdhury,India,17.0,Open Water,Hotel Partner,2026-05-13,False
C05420,Marco,Gupta,India,38.0,Open Water,Walk-in,2026-05-12,False
C05421,Sophie,Levi,Germany,18.0,None,Walk-in,2026-05-18,False
C05422,Rohan,Rao,United States,,None,Walk-in,2026-05-17,True
C05423,Chloe,Levi,India,49.0,None,Walk-in,2026-05-19,False
C05424,Pierre,Nair,India,38.0,Advanced,Website,2026-05-18,False
C05425,Hannah,Park,Israel,33.0,Divemaster,Hotel Partner,2026-05-15,False
C05426,Rohan,Iyer,India,47.0,None,Referral,2026-05-22,False
C05427,Rohan,Muller,India,29.0,Open Water,Hotel Partner,2026-05-18,False
C05428,Ravi,Petrova,United Kingdom,41.0,Open Water,Referral,2026-05-20,False
C05429,Siddharth,Dubois,India,46.0,Open Water,Website,2026-05-22,False
C05430,Liam,Chowdhury,India,49.0,None,Unknown,2026-05-19,False
C05431,Sven,Bakker,India,18.0,Advanced,Website,2026-05-14,False
C05432,Marco,Menon,United States,27.0,None,Hotel Partner,2026-05-16,False
C05433,Tom,Sharma,India,35.0,None,Referral,2026-05-20,False
C05434,Arjun,Rossi,Germany,49.0,None,Website,2026-05-15,False
C05435,Sven,Reddy,India,37.0,None,OTA,2026-05-16,False
C05436,Neha,Bakker,India,41.0,None,Walk-in,2026-05-16,False
C05437,Siddharth,Rossi,Japan,18.0,Advanced,OTA,2026-05-19,False
C05438,Pierre,Bakker,Russia,25.0,Open Water,Referral,2026-05-23,False
C05439,James,Bakker,United Kingdom,30.0,None,Unknown,2026-05-22,False
C05440,Meera,Brown,Germany,36.0,Open Water,Referral,2026-05-18,False
C05441,Arjun,Iyer,India,33.0,None,OTA,2026-05-14,False
C05442,Karan,Reddy,Netherlands,12.0,Open Water,Referral,2026-05-16,False
C05443,Lukas,Chowdhury,India,34.0,Advanced,Instagram,2026-05-23,False
C05444,Siddharth,Ivanov,Netherlands,19.0,None,Website,2026-05-20,False
C05445,Divya,Iyer,Netherlands,35.0,None,Website,2026-05-15,False
C05446,Elena,Wilson,South Korea,32.0,None,OTA,2026-05-20,False
C05447,Divya,Iyer,India,38.0,Open Water,Hotel Partner,2026-05-17,False
C05448,Anouk,Kulkarni,India,,None,Instagram,2026-05-19,True
C05449,Sneha,Schmidt,India,35.0,None,Referral,2026-05-20,False
C05450,Minjun,Chowdhury,Germany,43.0,Open Water,Website,2026-05-21,False
C05451,Itai,Ivanov,India,47.0,Open Water,Referral,2026-05-19,False
C05452,Minjun,Bakker,Russia,34.0,Open Water,OTA,2026-05-22,False
C05453,Lukas,Ivanov,United Kingdom,31.0,None,OTA,2026-05-15,False
C05454,Dmitri,Petrova,India,40.0,None,Instagram,2026-05-23,False
C05455,Elena,Tanaka,Russia,39.0,Open Water,Unknown,2026-05-20,False
C05456,Elena,Desai,Russia,37.0,Open Water,OTA,2026-05-18,False
C05457,Yuki,Rao,South Korea,43.0,Open Water,OTA,2026-05-26,False
C05458,James,Bakker,India,38.0,None,Hotel Partner,2026-05-24,False
C05459,Vikram,Levi,United States,,None,Website,2026-05-16,True
C05460,Daniel,Taylor,Australia,26.0,Open Water,Hotel Partner,2026-05-26,False
C05461,Sophie,Ivanov,India,41.0,None,Walk-in,2026-05-17,False
C05462,Karan,Kim,India,29.0,None,Website,2026-05-16,False
C05463,Divya,Banerjee,France,23.0,None,Hotel Partner,2026-05-18,False
C05464,Vikram,Rossi,Germany,29.0,None,Website,2026-05-20,False
C05465,Emma,Nair,India,42.0,Open Water,Instagram,2026-05-26,False
C05466,Emma,Rossi,India,33.0,None,Referral,2026-05-20,False
C05467,Divya,Ivanov,India,30.0,None,Walk-in,2026-05-18,False
C05468,Neha,Kulkarni,India,29.0,Advanced,Website,2026-05-22,False
C05469,Kavya,Kulkarni,Russia,24.0,Open Water,Website,2026-05-18,False
C05470,Neha,Reddy,Germany,43.0,Open Water,OTA,2026-05-23,False
C05471,Sven,Banerjee,India,26.0,Advanced,Walk-in,2026-05-18,False
C05472,Arjun,Schmidt,India,30.0,None,Unknown,2026-05-28,False
C05473,Sneha,Dubois,India,35.0,None,OTA,2026-05-26,False
C05474,Olga,Nair,India,,Open Water,Referral,2026-05-24,True
C05475,James,Petrova,India,44.0,Advanced,Unknown,2026-05-21,False
C05476,Meera,Kulkarni,India,31.0,Open Water,OTA,2026-05-27,False
C05477,Marco,Jansen,India,,None,OTA,2026-05-23,True
C05478,Aarav,Ivanov,India,45.0,None,Walk-in,2026-05-24,False
C05479,Chloe,Banerjee,India,15.0,Open Water,OTA,2026-05-29,False
C05480,Itai,Bakker,Israel,33.0,Open Water,Instagram,2026-05-25,False
C05481,Sneha,Chowdhury,India,44.0,None,Unknown,2026-05-24,False
C05482,Elena,Jansen,India,32.0,None,Instagram,2026-05-20,False
C05483,Karan,Park,South Korea,34.0,None,Walk-in,2026-05-27,False
C05484,Daniel,Nair,India,46.0,None,Walk-in,2026-05-29,False
C05485,Olga,Levi,India,33.0,Divemaster,Website,2026-05-24,False
C05486,Aarav,Bakker,India,12.0,Open Water,Hotel Partner,2026-05-20,False
C05487,Yuki,Iyer,India,,None,Walk-in,2026-05-29,True
C05488,Rohan,Gupta,Netherlands,,Open Water,Instagram,2026-05-27,True
C05489,Divya,Levi,India,44.0,None,Website,2026-05-25,False
C05490,Divya,Wilson,Germany,37.0,Divemaster,Instagram,2026-05-21,False
C05491,Vikram,Menon,India,43.0,None,Walk-in,2026-05-23,False
C05492,Vikram,Smith,India,34.0,Divemaster,OTA,2026-05-21,False
C05493,Sven,Brown,Israel,47.0,Open Water,Walk-in,2026-05-23,False
C05494,Sven,Reddy,India,46.0,Open Water,OTA,2026-05-29,False
C05495,Ishaan,Kulkarni,India,34.0,Advanced,Website,2026-05-24,False
