inquiry_id,inquiry_date,channel,converted_booking_id,season_year,converted
Q000027,2023-11-04,OTA,B000035,2023-24 (half),True
Q000010,2023-11-05,OTA,B000015,2023-24 (half),True
Q000100,2023-11-05,OTA,B000125,2023-24 (half),True
Q000046,2023-11-06,Website,B000058,2023-24 (half),True
Q000122,2023-11-07,Walk-in,B000153,2023-24 (half),True
Q000026,2023-11-08,Instagram,B000034,2023-24 (half),True
Q000101,2023-11-08,Hotel Partner,B000126,2023-24 (half),True
Q000134,2023-11-08,Website,B000168,2023-24 (half),True
Q000008,2023-11-09,Referral,B000012,2023-24 (half),True
Q000047,2023-11-09,Referral,B000059,2023-24 (half),True
Q000070,2023-11-10,Walk-in,B000087,2023-24 (half),True
Q000144,2023-11-11,Website,B000181,2023-24 (half),True
Q000114,2023-11-12,OTA,B000143,2023-24 (half),True
Q000050,2023-11-13,Website,B000062,2023-24 (half),True
Q000068,2023-11-13,Referral,B000085,2023-24 (half),True
Q000006,2023-11-15,Website,B000008,2023-24 (half),True
Q000067,2023-11-15,Walk-in,B000084,2023-24 (half),True
Q000113,2023-11-15,Website,B000142,2023-24 (half),True
Q000015,2023-11-17,Referral,B000021,2023-24 (half),True
Q000097,2023-11-17,Referral,B000122,2023-24 (half),True
Q000208,2023-11-17,Walk-in,B000261,2023-24 (half),True
Q000224,2023-11-17,Referral,B000278,2023-24 (half),True
Q000023,2023-11-18,Walk-in,B000031,2023-24 (half),True
Q000040,2023-11-18,Referral,B000051,2023-24 (half),True
Q000155,2023-11-18,OTA,B000194,2023-24 (half),True
Q000004,2023-11-19,Instagram,B000005,2023-24 (half),True
Q000052,2023-11-19,Referral,B000065,2023-24 (half),True
Q000077,2023-11-19,Instagram,B000097,2023-24 (half),True
Q000095,2023-11-19,Referral,B000120,2023-24 (half),True
Q000025,2023-11-20,Referral,B000033,2023-24 (half),True
Q000062,2023-11-20,Website,B000079,2023-24 (half),True
Q000073,2023-11-20,Website,B000093,2023-24 (half),True
Q000157,2023-11-20,Hotel Partner,B000196,2023-24 (half),True
Q000159,2023-11-20,Walk-in,B000199,2023-24 (half),True
Q000176,2023-11-20,Referral,B000221,2023-24 (half),True
Q000274,2023-11-20,Hotel Partner,B000348,2023-24 (half),True
Q000065,2023-11-21,Walk-in,B000082,2023-24 (half),True
Q000072,2023-11-21,Hotel Partner,B000090,2023-24 (half),True
Q000075,2023-11-21,Referral,B000095,2023-24 (half),True
Q000088,2023-11-21,Referral,B000110,2023-24 (half),True
Q000013,2023-11-22,Walk-in,B000018,2023-24 (half),True
Q000133,2023-11-22,Website,B000167,2023-24 (half),True
Q000186,2023-11-22,Website,B000234,2023-24 (half),True
Q000218,2023-11-22,Website,B000271,2023-24 (half),True
Q000244,2023-11-22,Walk-in,B000302,2023-24 (half),True
Q000254,2023-11-22,Walk-in,B000315,2023-24 (half),True
Q000309,2023-11-22,Instagram,B000387,2023-24 (half),True
Q000055,2023-11-23,Hotel Partner,B000071,2023-24 (half),True
Q000132,2023-11-23,Website,B000166,2023-24 (half),True
Q000142,2023-11-23,Referral,B000177,2023-24 (half),True
Q000194,2023-11-23,Referral,B000242,2023-24 (half),True
Q000035,2023-11-24,Hotel Partner,B000046,2023-24 (half),True
Q000064,2023-11-24,Hotel Partner,B000081,2023-24 (half),True
Q000087,2023-11-24,Website,B000109,2023-24 (half),True
Q000202,2023-11-24,Website,B000251,2023-24 (half),True
Q000215,2023-11-24,Website,B000268,2023-24 (half),True
Q000253,2023-11-24,Hotel Partner,B000314,2023-24 (half),True
Q000005,2023-11-25,Referral,B000007,2023-24 (half),True
Q000032,2023-11-25,Hotel Partner,B000043,2023-24 (half),True
Q000049,2023-11-25,Instagram,B000061,2023-24 (half),True
Q000089,2023-11-25,Referral,B000112,2023-24 (half),True
Q000121,2023-11-25,Walk-in,B000152,2023-24 (half),True
Q000235,2023-11-25,Website,B000290,2023-24 (half),True
Q000265,2023-11-25,Walk-in,B000338,2023-24 (half),True
Q000278,2023-11-25,Walk-in,B000353,2023-24 (half),True
Q000007,2023-11-26,Referral,B000010,2023-24 (half),True
Q000036,2023-11-26,Website,B000047,2023-24 (half),True
Q000041,2023-11-26,Walk-in,B000053,2023-24 (half),True
Q000147,2023-11-26,Instagram,B000185,2023-24 (half),True
Q000198,2023-11-26,Hotel Partner,B000247,2023-24 (half),True
Q000230,2023-11-26,Walk-in,B000285,2023-24 (half),True
Q000270,2023-11-26,Referral,B000344,2023-24 (half),True
Q000057,2023-11-27,Referral,B000074,2023-24 (half),True
Q000071,2023-11-27,Referral,B000088,2023-24 (half),True
Q000174,2023-11-27,OTA,B000219,2023-24 (half),True
Q000245,2023-11-27,Walk-in,B000303,2023-24 (half),True
Q000295,2023-11-27,Walk-in,B000371,2023-24 (half),True
Q000310,2023-11-27,Instagram,B000388,2023-24 (half),True
Q000003,2023-11-28,Instagram,B000004,2023-24 (half),True
Q000045,2023-11-28,Hotel Partner,B000057,2023-24 (half),True
Q000080,2023-11-28,Instagram,B000101,2023-24 (half),True
Q000112,2023-11-28,Website,B000141,2023-24 (half),True
Q000115,2023-11-28,Website,B000144,2023-24 (half),True
Q000118,2023-11-28,Website,B000149,2023-24 (half),True
Q000255,2023-11-28,Hotel Partner,B000319,2023-24 (half),True
Q000268,2023-11-28,Walk-in,B000342,2023-24 (half),True
Q000328,2023-11-28,Walk-in,B000407,2023-24 (half),True
Q000009,2023-11-29,Website,B000013,2023-24 (half),True
Q000012,2023-11-29,Instagram,B000017,2023-24 (half),True
Q000028,2023-11-29,Website,B000036,2023-24 (half),True
Q000069,2023-11-29,Website,B000086,2023-24 (half),True
Q000076,2023-11-29,Walk-in,B000096,2023-24 (half),True
Q000102,2023-11-29,Walk-in,B000127,2023-24 (half),True
Q000103,2023-11-29,OTA,B000129,2023-24 (half),True
Q000107,2023-11-29,Referral,B000134,2023-24 (half),True
Q000168,2023-11-29,Instagram,B000210,2023-24 (half),True
Q000177,2023-11-29,Website,B000222,2023-24 (half),True
Q000228,2023-11-29,Walk-in,B000283,2023-24 (half),True
Q000296,2023-11-29,Instagram,B000372,2023-24 (half),True
Q000197,2023-11-30,OTA,B000246,2023-24 (half),True
Q000304,2023-11-30,Website,B000382,2023-24 (half),True
Q000043,2023-12-01,Walk-in,B000055,2023-24 (half),True
Q000149,2023-12-01,Website,B000188,2023-24 (half),True
Q000227,2023-12-01,Walk-in,B000282,2023-24 (half),True
Q000231,2023-12-01,Instagram,B000286,2023-24 (half),True
Q000247,2023-12-01,Instagram,B000305,2023-24 (half),True
Q000259,2023-12-01,Website,B000327,2023-24 (half),True
Q000280,2023-12-01,Instagram,B000355,2023-24 (half),True
Q000394,2023-12-01,Walk-in,B000491,2023-24 (half),True
Q000415,2023-12-01,Walk-in,B000529,2023-24 (half),True
Q000051,2023-12-02,Instagram,B000063,2023-24 (half),True
Q000063,2023-12-02,Referral,B000080,2023-24 (half),True
Q000066,2023-12-02,Instagram,B000083,2023-24 (half),True
Q000082,2023-12-02,OTA,B000104,2023-24 (half),True
Q000117,2023-12-02,Website,B000146,2023-24 (half),True
Q000120,2023-12-02,Website,B000151,2023-24 (half),True
Q000127,2023-12-02,Walk-in,B000158,2023-24 (half),True
Q000226,2023-12-02,Hotel Partner,B000280,2023-24 (half),True
Q000237,2023-12-02,Website,B000294,2023-24 (half),True
Q000240,2023-12-02,Walk-in,B000297,2023-24 (half),True
Q000334,2023-12-02,Website,B000416,2023-24 (half),True
Q000352,2023-12-02,Walk-in,B000438,2023-24 (half),True
Q000016,2023-12-03,Hotel Partner,B000022,2023-24 (half),True
Q000018,2023-12-03,Walk-in,B000024,2023-24 (half),True
Q000020,2023-12-03,Walk-in,B000027,2023-24 (half),True
Q000053,2023-12-03,OTA,B000069,2023-24 (half),True
Q000059,2023-12-03,Walk-in,B000076,2023-24 (half),True
Q000084,2023-12-03,Instagram,B000106,2023-24 (half),True
Q000106,2023-12-03,Website,B000133,2023-24 (half),True
Q000162,2023-12-03,Referral,B000202,2023-24 (half),True
Q000166,2023-12-03,Hotel Partner,B000208,2023-24 (half),True
Q000173,2023-12-03,Walk-in,B000217,2023-24 (half),True
Q000182,2023-12-03,Website,B000229,2023-24 (half),True
Q000222,2023-12-03,Instagram,B000275,2023-24 (half),True
Q000287,2023-12-03,Referral,B000363,2023-24 (half),True
Q000322,2023-12-03,Instagram,B000401,2023-24 (half),True
Q000356,2023-12-03,OTA,B000443,2023-24 (half),True
Q000451,2023-12-03,Instagram,B000570,2023-24 (half),True
Q000039,2023-12-04,Referral,B000050,2023-24 (half),True
Q000094,2023-12-04,Walk-in,B000118,2023-24 (half),True
Q000169,2023-12-04,Referral,B000211,2023-24 (half),True
Q000238,2023-12-04,Hotel Partner,B000295,2023-24 (half),True
Q000300,2023-12-04,OTA,B000376,2023-24 (half),True
Q000338,2023-12-04,Hotel Partner,B000423,2023-24 (half),True
Q000349,2023-12-04,Hotel Partner,B000435,2023-24 (half),True
Q000017,2023-12-05,Walk-in,B000023,2023-24 (half),True
Q000044,2023-12-05,Hotel Partner,B000056,2023-24 (half),True
Q000467,2023-12-05,Instagram,B000590,2023-24 (half),True
Q000021,2023-12-06,Referral,B000028,2023-24 (half),True
Q000022,2023-12-06,Referral,B000029,2023-24 (half),True
Q000048,2023-12-06,Referral,B000060,2023-24 (half),True
Q000092,2023-12-06,Website,B000116,2023-24 (half),True
Q000098,2023-12-06,Website,B000123,2023-24 (half),True
Q000131,2023-12-06,Instagram,B000165,2023-24 (half),True
Q000171,2023-12-06,Instagram,B000215,2023-24 (half),True
Q000178,2023-12-06,Instagram,B000223,2023-24 (half),True
Q000243,2023-12-06,Walk-in,B000301,2023-24 (half),True
Q000248,2023-12-06,Website,B000306,2023-24 (half),True
Q000263,2023-12-06,Walk-in,B000336,2023-24 (half),True
Q000332,2023-12-06,Instagram,B000414,2023-24 (half),True
Q000042,2023-12-07,Walk-in,B000054,2023-24 (half),True
Q000058,2023-12-07,Hotel Partner,B000075,2023-24 (half),True
Q000086,2023-12-07,Instagram,B000108,2023-24 (half),True
Q000156,2023-12-07,Referral,B000195,2023-24 (half),True
Q000200,2023-12-07,Walk-in,B000249,2023-24 (half),True
Q000216,2023-12-07,OTA,B000269,2023-24 (half),True
Q000249,2023-12-07,OTA,B000308,2023-24 (half),True
Q000286,2023-12-07,Referral,B000361,2023-24 (half),True
Q000293,2023-12-07,OTA,B000369,2023-24 (half),True
Q000337,2023-12-07,Website,B000422,2023-24 (half),True
Q000347,2023-12-07,Referral,B000433,2023-24 (half),True
Q000368,2023-12-07,Website,B000456,2023-24 (half),True
Q000410,2023-12-07,Website,B000519,2023-24 (half),True
Q000110,2023-12-08,Walk-in,B000137,2023-24 (half),True
Q000150,2023-12-08,Instagram,B000189,2023-24 (half),True
Q000191,2023-12-08,Instagram,B000239,2023-24 (half),True
Q000251,2023-12-08,Hotel Partner,B000311,2023-24 (half),True
Q000303,2023-12-08,Walk-in,B000380,2023-24 (half),True
Q000370,2023-12-08,Hotel Partner,B000460,2023-24 (half),True
Q000483,2023-12-08,Referral,B000609,2023-24 (half),True
Q000031,2023-12-09,Referral,B000041,2023-24 (half),True
Q000078,2023-12-09,Walk-in,B000099,2023-24 (half),True
Q000099,2023-12-09,Instagram,B000124,2023-24 (half),True
Q000105,2023-12-09,Walk-in,B000131,2023-24 (half),True
Q000164,2023-12-09,OTA,B000206,2023-24 (half),True
Q000170,2023-12-09,Instagram,B000212,2023-24 (half),True
Q000193,2023-12-09,Walk-in,B000241,2023-24 (half),True
Q000233,2023-12-09,Referral,B000288,2023-24 (half),True
Q000266,2023-12-09,Walk-in,B000340,2023-24 (half),True
Q000305,2023-12-09,Referral,B000383,2023-24 (half),True
Q000030,2023-12-10,OTA,B000040,2023-24 (half),True
Q000090,2023-12-10,Walk-in,B000114,2023-24 (half),True
Q000151,2023-12-10,Website,B000190,2023-24 (half),True
Q000199,2023-12-10,Referral,B000248,2023-24 (half),True
Q000267,2023-12-10,Walk-in,B000341,2023-24 (half),True
Q000357,2023-12-10,Referral,B000444,2023-24 (half),True
Q000381,2023-12-10,Instagram,B000473,2023-24 (half),True
Q000060,2023-12-11,Referral,B000077,2023-24 (half),True
Q000109,2023-12-11,Instagram,B000136,2023-24 (half),True
Q000126,2023-12-11,Website,B000157,2023-24 (half),True
Q000135,2023-12-11,OTA,B000169,2023-24 (half),True
Q000146,2023-12-11,Website,B000183,2023-24 (half),True
Q000229,2023-12-11,OTA,B000284,2023-24 (half),True
Q000241,2023-12-11,Hotel Partner,B000299,2023-24 (half),True
Q000271,2023-12-11,Walk-in,B000345,2023-24 (half),True
Q000346,2023-12-11,Referral,B000432,2023-24 (half),True
Q000444,2023-12-11,Instagram,B000562,2023-24 (half),True
Q000553,2023-12-11,Walk-in,B000697,2023-24 (half),True
Q000061,2023-12-12,Website,B000078,2023-24 (half),True
Q000184,2023-12-12,Walk-in,B000231,2023-24 (half),True
Q000333,2023-12-12,Walk-in,B000415,2023-24 (half),True
Q000379,2023-12-12,Hotel Partner,B000470,2023-24 (half),True
Q000386,2023-12-12,Referral,B000479,2023-24 (half),True
Q000393,2023-12-12,Referral,B000490,2023-24 (half),True
Q000402,2023-12-12,Instagram,B000507,2023-24 (half),True
Q000116,2023-12-13,Walk-in,B000145,2023-24 (half),True
Q000153,2023-12-13,Referral,B000192,2023-24 (half),True
Q000167,2023-12-13,OTA,B000209,2023-24 (half),True
Q000297,2023-12-13,Walk-in,B000373,2023-24 (half),True
Q000341,2023-12-13,Referral,B000427,2023-24 (half),True
Q000354,2023-12-13,OTA,B000441,2023-24 (half),True
Q000383,2023-12-13,Walk-in,B000475,2023-24 (half),True
Q000443,2023-12-13,Referral,B000561,2023-24 (half),True
Q000489,2023-12-13,Website,B000615,2023-24 (half),True
Q000517,2023-12-13,Website,B000654,2023-24 (half),True
Q000534,2023-12-13,Walk-in,B000675,2023-24 (half),True
Q000033,2023-12-14,Instagram,B000044,2023-24 (half),True
Q000056,2023-12-14,Walk-in,B000072,2023-24 (half),True
Q000074,2023-12-14,Instagram,B000094,2023-24 (half),True
Q000079,2023-12-14,Walk-in,B000100,2023-24 (half),True
Q000093,2023-12-14,Hotel Partner,B000117,2023-24 (half),True
Q000152,2023-12-14,Referral,B000191,2023-24 (half),True
Q000175,2023-12-14,Referral,B000220,2023-24 (half),True
Q000217,2023-12-14,Referral,B000270,2023-24 (half),True
Q000343,2023-12-14,Website,B000429,2023-24 (half),True
Q000365,2023-12-14,Referral,B000453,2023-24 (half),True
Q000494,2023-12-14,Instagram,B000622,2023-24 (half),True
Q000002,2023-12-15,Website,B000003,2023-24 (half),True
Q000165,2023-12-15,Website,B000207,2023-24 (half),True
Q000183,2023-12-15,OTA,B000230,2023-24 (half),True
Q000213,2023-12-15,Referral,B000266,2023-24 (half),True
Q000232,2023-12-15,Website,B000287,2023-24 (half),True
Q000250,2023-12-15,Hotel Partner,B000309,2023-24 (half),True
Q000439,2023-12-15,Instagram,B000557,2023-24 (half),True
Q000519,2023-12-15,Walk-in,B000656,2023-24 (half),True
Q000565,2023-12-15,Walk-in,B000713,2023-24 (half),True
Q000130,2023-12-16,Walk-in,B000164,2023-24 (half),True
Q000136,2023-12-16,Walk-in,B000170,2023-24 (half),True
Q000201,2023-12-16,OTA,B000250,2023-24 (half),True
Q000209,2023-12-16,Website,B000262,2023-24 (half),True
Q000210,2023-12-16,Hotel Partner,B000263,2023-24 (half),True
Q000261,2023-12-16,Website,B000329,2023-24 (half),True
Q000358,2023-12-16,Website,B000446,2023-24 (half),True
Q000362,2023-12-16,Walk-in,B000450,2023-24 (half),True
Q000442,2023-12-16,Instagram,B000560,2023-24 (half),True
Q000001,2023-12-17,Referral,B000001,2023-24 (half),True
Q000085,2023-12-17,Hotel Partner,B000107,2023-24 (half),True
Q000141,2023-12-17,Referral,B000176,2023-24 (half),True
Q000172,2023-12-17,Website,B000216,2023-24 (half),True
Q000220,2023-12-17,Website,B000273,2023-24 (half),True
Q000269,2023-12-17,OTA,B000343,2023-24 (half),True
Q000291,2023-12-17,Referral,B000367,2023-24 (half),True
Q000420,2023-12-17,Walk-in,B000534,2023-24 (half),True
Q000441,2023-12-17,Referral,B000559,2023-24 (half),True
Q000452,2023-12-17,Walk-in,B000572,2023-24 (half),True
Q000453,2023-12-17,Hotel Partner,B000575,2023-24 (half),True
Q000536,2023-12-17,Referral,B000678,2023-24 (half),True
Q000029,2023-12-18,Walk-in,B000037,2023-24 (half),True
Q000037,2023-12-18,Website,B000048,2023-24 (half),True
Q000143,2023-12-18,Website,B000180,2023-24 (half),True
Q000187,2023-12-18,Instagram,B000235,2023-24 (half),True
Q000203,2023-12-18,Hotel Partner,B000252,2023-24 (half),True
Q000329,2023-12-18,Walk-in,B000408,2023-24 (half),True
Q000409,2023-12-18,Walk-in,B000517,2023-24 (half),True
Q000431,2023-12-18,Referral,B000547,2023-24 (half),True
Q000459,2023-12-18,OTA,B000581,2023-24 (half),True
Q000512,2023-12-18,Referral,B000647,2023-24 (half),True
Q000616,2023-12-18,Website,B000782,2023-24 (half),True
Q000137,2023-12-19,Referral,B000171,2023-24 (half),True
Q000219,2023-12-19,Hotel Partner,B000272,2023-24 (half),True
Q000282,2023-12-19,Hotel Partner,B000357,2023-24 (half),True
Q000308,2023-12-19,Instagram,B000386,2023-24 (half),True
Q000314,2023-12-19,Website,B000392,2023-24 (half),True
Q000375,2023-12-19,Hotel Partner,B000465,2023-24 (half),True
Q000485,2023-12-19,Walk-in,B000611,2023-24 (half),True
Q000125,2023-12-20,Hotel Partner,B000156,2023-24 (half),True
Q000140,2023-12-20,Walk-in,B000175,2023-24 (half),True
Q000252,2023-12-20,Referral,B000312,2023-24 (half),True
Q000385,2023-12-20,Referral,B000478,2023-24 (half),True
Q000398,2023-12-20,Walk-in,B000499,2023-24 (half),True
Q000599,2023-12-20,Hotel Partner,B000758,2023-24 (half),True
Q000633,2023-12-20,Walk-in,B000804,2023-24 (half),True
Q000011,2023-12-21,Hotel Partner,B000016,2023-24 (half),True
Q000014,2023-12-21,Hotel Partner,B000019,2023-24 (half),True
Q000024,2023-12-21,OTA,B000032,2023-24 (half),True
Q000124,2023-12-21,Website,B000155,2023-24 (half),True
Q000161,2023-12-21,Website,B000201,2023-24 (half),True
Q000192,2023-12-21,Referral,B000240,2023-24 (half),True
Q000234,2023-12-21,Instagram,B000289,2023-24 (half),True
Q000256,2023-12-21,Hotel Partner,B000321,2023-24 (half),True
Q000260,2023-12-21,Referral,B000328,2023-24 (half),True
Q000437,2023-12-21,Website,B000555,2023-24 (half),True
Q000440,2023-12-21,Website,B000558,2023-24 (half),True
Q000445,2023-12-21,Referral,B000563,2023-24 (half),True
Q000569,2023-12-21,Walk-in,B000717,2023-24 (half),True
Q000572,2023-12-21,Website,B000721,2023-24 (half),True
Q000600,2023-12-21,Instagram,B000759,2023-24 (half),True
Q000083,2023-12-22,Website,B000105,2023-24 (half),True
Q000154,2023-12-22,Walk-in,B000193,2023-24 (half),True
Q000158,2023-12-22,Hotel Partner,B000198,2023-24 (half),True
Q000181,2023-12-22,Hotel Partner,B000228,2023-24 (half),True
Q000196,2023-12-22,Website,B000245,2023-24 (half),True
Q000214,2023-12-22,Walk-in,B000267,2023-24 (half),True
Q000273,2023-12-22,Website,B000347,2023-24 (half),True
Q000279,2023-12-22,Walk-in,B000354,2023-24 (half),True
Q000298,2023-12-22,Walk-in,B000374,2023-24 (half),True
Q000318,2023-12-22,Instagram,B000397,2023-24 (half),True
Q000378,2023-12-22,Referral,B000469,2023-24 (half),True
Q000380,2023-12-22,Website,B000472,2023-24 (half),True
Q000403,2023-12-22,Website,B000509,2023-24 (half),True
Q000465,2023-12-22,Walk-in,B000587,2023-24 (half),True
Q000498,2023-12-22,Hotel Partner,B000626,2023-24 (half),True
Q000515,2023-12-22,OTA,B000652,2023-24 (half),True
Q000580,2023-12-22,Website,B000732,2023-24 (half),True
Q000091,2023-12-23,Hotel Partner,B000115,2023-24 (half),True
Q000246,2023-12-23,Instagram,B000304,2023-24 (half),True
Q000292,2023-12-23,Referral,B000368,2023-24 (half),True
Q000307,2023-12-23,Referral,B000385,2023-24 (half),True
Q000336,2023-12-23,Referral,B000419,2023-24 (half),True
Q000373,2023-12-23,Hotel Partner,B000463,2023-24 (half),True
Q000412,2023-12-23,Walk-in,B000524,2023-24 (half),True
Q000477,2023-12-23,Referral,B000602,2023-24 (half),True
Q000019,2023-12-24,Instagram,B000025,2023-24 (half),True
Q000054,2023-12-24,Walk-in,B000070,2023-24 (half),True
Q000123,2023-12-24,Website,B000154,2023-24 (half),True
Q000139,2023-12-24,Instagram,B000173,2023-24 (half),True
Q000179,2023-12-24,Walk-in,B000224,2023-24 (half),True
Q000180,2023-12-24,Walk-in,B000227,2023-24 (half),True
Q000275,2023-12-24,Website,B000349,2023-24 (half),True
Q000331,2023-12-24,Instagram,B000413,2023-24 (half),True
Q000339,2023-12-24,Referral,B000424,2023-24 (half),True
Q000363,2023-12-24,Referral,B000451,2023-24 (half),True
Q000417,2023-12-24,Walk-in,B000531,2023-24 (half),True
Q000474,2023-12-24,Walk-in,B000598,2023-24 (half),True
Q000488,2023-12-24,Instagram,B000614,2023-24 (half),True
Q000537,2023-12-24,Referral,B000679,2023-24 (half),True
Q000560,2023-12-24,Website,B000707,2023-24 (half),True
Q000038,2023-12-25,Referral,B000049,2023-24 (half),True
Q000096,2023-12-25,OTA,B000121,2023-24 (half),True
Q000104,2023-12-25,Instagram,B000130,2023-24 (half),True
Q000145,2023-12-25,Walk-in,B000182,2023-24 (half),True
Q000190,2023-12-25,Walk-in,B000238,2023-24 (half),True
Q000391,2023-12-25,Walk-in,B000486,2023-24 (half),True
Q000471,2023-12-25,Walk-in,B000594,2023-24 (half),True
Q000482,2023-12-25,Walk-in,B000608,2023-24 (half),True
Q000491,2023-12-25,Referral,B000617,2023-24 (half),True
Q000526,2023-12-25,Hotel Partner,B000666,2023-24 (half),True
Q000603,2023-12-25,Hotel Partner,B000763,2023-24 (half),True
Q000622,2023-12-25,Walk-in,B000789,2023-24 (half),True
Q000225,2023-12-26,Hotel Partner,B000279,2023-24 (half),True
Q000301,2023-12-26,Instagram,B000378,2023-24 (half),True
Q000313,2023-12-26,Referral,B000391,2023-24 (half),True
Q000457,2023-12-26,Walk-in,B000579,2023-24 (half),True
Q000458,2023-12-26,Walk-in,B000580,2023-24 (half),True
Q000504,2023-12-26,Referral,B000636,2023-24 (half),True
Q000527,2023-12-26,OTA,B000667,2023-24 (half),True
Q000574,2023-12-26,Walk-in,B000724,2023-24 (half),True
Q000644,2023-12-26,OTA,B000818,2023-24 (half),True
Q000649,2023-12-26,Instagram,B000823,2023-24 (half),True
Q000684,2023-12-26,Walk-in,B000869,2023-24 (half),True
Q000108,2023-12-27,Referral,B000135,2023-24 (half),True
Q000138,2023-12-27,Website,B000172,2023-24 (half),True
Q000221,2023-12-27,Walk-in,B000274,2023-24 (half),True
Q000276,2023-12-27,Walk-in,B000350,2023-24 (half),True
Q000302,2023-12-27,Walk-in,B000379,2023-24 (half),True
Q000340,2023-12-27,Instagram,B000426,2023-24 (half),True
Q000342,2023-12-27,Website,B000428,2023-24 (half),True
Q000348,2023-12-27,Website,B000434,2023-24 (half),True
Q000355,2023-12-27,Walk-in,B000442,2023-24 (half),True
Q000367,2023-12-27,Website,B000455,2023-24 (half),True
Q000390,2023-12-27,Website,B000485,2023-24 (half),True
Q000424,2023-12-27,OTA,B000538,2023-24 (half),True
Q000428,2023-12-27,Website,B000544,2023-24 (half),True
Q000456,2023-12-27,Walk-in,B000578,2023-24 (half),True
Q000585,2023-12-27,Hotel Partner,B000737,2023-24 (half),True
Q000639,2023-12-27,Walk-in,B000810,2023-24 (half),True
Q000148,2023-12-28,Website,B000187,2023-24 (half),True
Q000207,2023-12-28,Referral,B000257,2023-24 (half),True
Q000223,2023-12-28,Referral,B000277,2023-24 (half),True
Q000257,2023-12-28,Referral,B000322,2023-24 (half),True
Q000290,2023-12-28,Instagram,B000366,2023-24 (half),True
Q000389,2023-12-28,Walk-in,B000484,2023-24 (half),True
Q000414,2023-12-28,Website,B000528,2023-24 (half),True
Q000511,2023-12-28,Walk-in,B000646,2023-24 (half),True
Q000522,2023-12-28,Hotel Partner,B000659,2023-24 (half),True
Q000550,2023-12-28,Website,B000694,2023-24 (half),True
Q000557,2023-12-28,OTA,B000703,2023-24 (half),True
Q000609,2023-12-28,Instagram,B000771,2023-24 (half),True
Q000205,2023-12-29,Website,B000255,2023-24 (half),True
Q000262,2023-12-29,Instagram,B000331,2023-24 (half),True
Q000283,2023-12-29,Walk-in,B000358,2023-24 (half),True
Q000312,2023-12-29,Website,B000390,2023-24 (half),True
Q000369,2023-12-29,Walk-in,B000458,2023-24 (half),True
Q000388,2023-12-29,Referral,B000481,2023-24 (half),True
Q000408,2023-12-29,Hotel Partner,B000515,2023-24 (half),True
Q000422,2023-12-29,Website,B000536,2023-24 (half),True
Q000432,2023-12-29,Referral,B000548,2023-24 (half),True
Q000462,2023-12-29,Walk-in,B000584,2023-24 (half),True
Q000486,2023-12-29,Hotel Partner,B000612,2023-24 (half),True
Q000563,2023-12-29,Referral,B000711,2023-24 (half),True
Q000664,2023-12-29,Instagram,B000843,2023-24 (half),True
Q000676,2023-12-29,Instagram,B000858,2023-24 (half),True
Q000712,2023-12-29,Referral,B000905,2023-24 (half),True
Q000081,2023-12-30,Website,B000102,2023-24 (half),True
Q000204,2023-12-30,Walk-in,B000254,2023-24 (half),True
Q000285,2023-12-30,Hotel Partner,B000360,2023-24 (half),True
Q000350,2023-12-30,Website,B000436,2023-24 (half),True
Q000454,2023-12-30,Hotel Partner,B000576,2023-24 (half),True
Q000478,2023-12-30,Walk-in,B000603,2023-24 (half),True
Q000495,2023-12-30,Website,B000623,2023-24 (half),True
Q000505,2023-12-30,Referral,B000637,2023-24 (half),True
Q000531,2023-12-30,Website,B000671,2023-24 (half),True
Q000535,2023-12-30,Walk-in,B000676,2023-24 (half),True
Q000702,2023-12-30,Referral,B000893,2023-24 (half),True
Q000727,2023-12-30,Instagram,B000922,2023-24 (half),True
Q000732,2023-12-30,Instagram,B000928,2023-24 (half),True
Q000759,2023-12-30,Hotel Partner,B000966,2023-24 (half),True
Q000034,2023-12-31,Hotel Partner,B000045,2023-24 (half),True
Q000111,2023-12-31,Walk-in,B000139,2023-24 (half),True
Q000206,2023-12-31,OTA,B000256,2023-24 (half),True
Q000382,2023-12-31,Website,B000474,2023-24 (half),True
Q000436,2023-12-31,Website,B000554,2023-24 (half),True
Q000472,2023-12-31,Website,B000596,2023-24 (half),True
Q000480,2023-12-31,Website,B000605,2023-24 (half),True
Q000538,2023-12-31,Hotel Partner,B000680,2023-24 (half),True
Q000738,2023-12-31,Website,B000938,2023-24 (half),True
Q000163,2024-01-01,Referral,B000203,2023-24 (half),True
Q000188,2024-01-01,Referral,B000236,2023-24 (half),True
Q000317,2024-01-01,Hotel Partner,B000396,2023-24 (half),True
Q000320,2024-01-01,Walk-in,B000399,2023-24 (half),True
Q000372,2024-01-01,Website,B000462,2023-24 (half),True
Q000376,2024-01-01,Website,B000467,2023-24 (half),True
Q000411,2024-01-01,Website,B000520,2023-24 (half),True
Q000475,2024-01-01,Referral,B000599,2023-24 (half),True
Q000484,2024-01-01,OTA,B000610,2023-24 (half),True
Q000630,2024-01-01,OTA,B000801,2023-24 (half),True
Q000648,2024-01-01,Website,B000822,2023-24 (half),True
Q000672,2024-01-01,Walk-in,B000853,2023-24 (half),True
Q000713,2024-01-01,Referral,B000906,2023-24 (half),True
Q005907,2024-01-01,Referral,,2023-24 (half),False
Q006255,2024-01-01,Walk-in,,2023-24 (half),False
Q006466,2024-01-01,Hotel Partner,,2023-24 (half),False
Q000129,2024-01-02,Referral,B000161,2023-24 (half),True
Q000404,2024-01-02,Hotel Partner,B000511,2023-24 (half),True
Q000423,2024-01-02,Referral,B000537,2023-24 (half),True
Q000529,2024-01-02,OTA,B000669,2023-24 (half),True
Q000539,2024-01-02,Referral,B000682,2023-24 (half),True
Q000642,2024-01-02,Referral,B000814,2023-24 (half),True
Q005567,2024-01-02,Hotel Partner,,2023-24 (half),False
Q005589,2024-01-02,Walk-in,,2023-24 (half),False
Q005655,2024-01-02,Instagram,,2023-24 (half),False
Q005677,2024-01-02,Walk-in,,2023-24 (half),False
Q005780,2024-01-02,Hotel Partner,,2023-24 (half),False
Q005830,2024-01-02,Walk-in,,2023-24 (half),False
Q006275,2024-01-02,Walk-in,,2023-24 (half),False
Q006336,2024-01-02,Hotel Partner,,2023-24 (half),False
Q006445,2024-01-02,Website,,2023-24 (half),False
Q000119,2024-01-03,Hotel Partner,B000150,2023-24 (half),True
Q000264,2024-01-03,OTA,B000337,2023-24 (half),True
Q000284,2024-01-03,Walk-in,B000359,2023-24 (half),True
Q000294,2024-01-03,Instagram,B000370,2023-24 (half),True
Q000345,2024-01-03,Walk-in,B000431,2023-24 (half),True
Q000366,2024-01-03,Referral,B000454,2023-24 (half),True
Q000582,2024-01-03,Referral,B000734,2023-24 (half),True
Q000596,2024-01-03,Walk-in,B000754,2023-24 (half),True
Q000775,2024-01-03,Website,B000988,2023-24 (half),True
Q005569,2024-01-03,Hotel Partner,,2023-24 (half),False
Q005623,2024-01-03,Walk-in,,2023-24 (half),False
Q005667,2024-01-03,Website,,2023-24 (half),False
Q005707,2024-01-03,Website,,2023-24 (half),False
Q006177,2024-01-03,Walk-in,,2023-24 (half),False
Q000160,2024-01-04,Walk-in,B000200,2023-24 (half),True
Q000185,2024-01-04,Referral,B000232,2023-24 (half),True
Q000306,2024-01-04,Hotel Partner,B000384,2023-24 (half),True
Q000315,2024-01-04,OTA,B000394,2023-24 (half),True
Q000325,2024-01-04,Walk-in,B000404,2023-24 (half),True
Q000335,2024-01-04,Website,B000417,2023-24 (half),True
Q000361,2024-01-04,Website,B000449,2023-24 (half),True
Q000374,2024-01-04,Hotel Partner,B000464,2023-24 (half),True
Q000416,2024-01-04,Walk-in,B000530,2023-24 (half),True
Q000455,2024-01-04,Hotel Partner,B000577,2023-24 (half),True
Q000513,2024-01-04,Instagram,B000648,2023-24 (half),True
Q000549,2024-01-04,Hotel Partner,B000693,2023-24 (half),True
Q000592,2024-01-04,Website,B000748,2023-24 (half),True
Q000641,2024-01-04,Website,B000812,2023-24 (half),True
Q000737,2024-01-04,OTA,B000936,2023-24 (half),True
Q000799,2024-01-04,Website,B001021,2023-24 (half),True
Q005621,2024-01-04,Website,,2023-24 (half),False
Q005812,2024-01-04,Website,,2023-24 (half),False
Q005988,2024-01-04,Website,,2023-24 (half),False
Q006394,2024-01-04,Walk-in,,2023-24 (half),False
Q006438,2024-01-04,Hotel Partner,,2023-24 (half),False
Q000281,2024-01-05,Walk-in,B000356,2023-24 (half),True
Q000353,2024-01-05,Referral,B000440,2023-24 (half),True
Q000399,2024-01-05,Walk-in,B000500,2023-24 (half),True
Q000400,2024-01-05,Referral,B000504,2023-24 (half),True
Q000466,2024-01-05,Instagram,B000588,2023-24 (half),True
Q000500,2024-01-05,Walk-in,B000630,2023-24 (half),True
Q000726,2024-01-05,Referral,B000921,2023-24 (half),True
Q000763,2024-01-05,Website,B000971,2023-24 (half),True
Q000824,2024-01-05,Instagram,B001058,2023-24 (half),True
Q005646,2024-01-05,OTA,,2023-24 (half),False
Q005679,2024-01-05,Hotel Partner,,2023-24 (half),False
Q006036,2024-01-05,Website,,2023-24 (half),False
Q006178,2024-01-05,Referral,,2023-24 (half),False
Q006311,2024-01-05,Instagram,,2023-24 (half),False
Q000189,2024-01-06,Walk-in,B000237,2023-24 (half),True
Q000316,2024-01-06,Referral,B000395,2023-24 (half),True
Q000401,2024-01-06,Website,B000506,2023-24 (half),True
Q000406,2024-01-06,Referral,B000513,2023-24 (half),True
Q000413,2024-01-06,Walk-in,B000525,2023-24 (half),True
Q000425,2024-01-06,Website,B000539,2023-24 (half),True
Q000544,2024-01-06,Website,B000687,2023-24 (half),True
Q000601,2024-01-06,Website,B000760,2023-24 (half),True
Q000602,2024-01-06,Website,B000762,2023-24 (half),True
Q000628,2024-01-06,Website,B000798,2023-24 (half),True
Q006088,2024-01-06,Website,,2023-24 (half),False
Q006117,2024-01-06,Website,,2023-24 (half),False
Q006221,2024-01-06,Referral,,2023-24 (half),False
Q006417,2024-01-06,Website,,2023-24 (half),False
Q000321,2024-01-07,Instagram,B000400,2023-24 (half),True
Q000351,2024-01-07,Walk-in,B000437,2023-24 (half),True
Q000359,2024-01-07,Hotel Partner,B000447,2023-24 (half),True
Q000405,2024-01-07,Walk-in,B000512,2023-24 (half),True
Q000502,2024-01-07,Website,B000633,2023-24 (half),True
Q000595,2024-01-07,Referral,B000753,2023-24 (half),True
Q000647,2024-01-07,OTA,B000821,2023-24 (half),True
Q000673,2024-01-07,Walk-in,B000854,2023-24 (half),True
Q000683,2024-01-07,Hotel Partner,B000867,2023-24 (half),True
Q000690,2024-01-07,Instagram,B000878,2023-24 (half),True
Q000698,2024-01-07,OTA,B000889,2023-24 (half),True
Q000778,2024-01-07,Walk-in,B000993,2023-24 (half),True
Q000804,2024-01-07,Website,B001027,2023-24 (half),True
Q005882,2024-01-07,Hotel Partner,,2023-24 (half),False
Q005962,2024-01-07,Website,,2023-24 (half),False
Q006023,2024-01-07,Website,,2023-24 (half),False
Q006196,2024-01-07,Instagram,,2023-24 (half),False
Q006208,2024-01-07,Referral,,2023-24 (half),False
Q006242,2024-01-07,Walk-in,,2023-24 (half),False
Q006295,2024-01-07,Instagram,,2023-24 (half),False
Q006307,2024-01-07,Hotel Partner,,2023-24 (half),False
Q006492,2024-01-07,OTA,,2023-24 (half),False
Q000344,2024-01-08,Walk-in,B000430,2023-24 (half),True
Q000501,2024-01-08,Walk-in,B000631,2023-24 (half),True
Q000584,2024-01-08,Walk-in,B000736,2023-24 (half),True
Q000625,2024-01-08,OTA,B000792,2023-24 (half),True
Q000627,2024-01-08,Referral,B000794,2023-24 (half),True
Q000654,2024-01-08,Website,B000830,2023-24 (half),True
Q000665,2024-01-08,Referral,B000845,2023-24 (half),True
Q000785,2024-01-08,Website,B001003,2023-24 (half),True
Q000807,2024-01-08,Website,B001030,2023-24 (half),True
Q005767,2024-01-08,Website,,2023-24 (half),False
Q005798,2024-01-08,Walk-in,,2023-24 (half),False
Q006111,2024-01-08,Instagram,,2023-24 (half),False
Q006133,2024-01-08,Walk-in,,2023-24 (half),False
Q006439,2024-01-08,Walk-in,,2023-24 (half),False
Q000128,2024-01-09,Referral,B000160,2023-24 (half),True
Q000239,2024-01-09,Walk-in,B000296,2023-24 (half),True
Q000288,2024-01-09,Referral,B000364,2023-24 (half),True
Q000311,2024-01-09,Referral,B000389,2023-24 (half),True
Q000377,2024-01-09,Instagram,B000468,2023-24 (half),True
Q000397,2024-01-09,Website,B000496,2023-24 (half),True
Q000447,2024-01-09,Website,B000566,2023-24 (half),True
Q000470,2024-01-09,Walk-in,B000593,2023-24 (half),True
Q000503,2024-01-09,Walk-in,B000634,2023-24 (half),True
Q000507,2024-01-09,Instagram,B000639,2023-24 (half),True
Q000524,2024-01-09,Website,B000661,2023-24 (half),True
Q000573,2024-01-09,Referral,B000723,2023-24 (half),True
Q000661,2024-01-09,Referral,B000840,2023-24 (half),True
Q000752,2024-01-09,Referral,B000958,2023-24 (half),True
Q000823,2024-01-09,Walk-in,B001057,2023-24 (half),True
Q005580,2024-01-09,Walk-in,,2023-24 (half),False
Q005688,2024-01-09,OTA,,2023-24 (half),False
Q005883,2024-01-09,Walk-in,,2023-24 (half),False
Q005899,2024-01-09,Walk-in,,2023-24 (half),False
Q005936,2024-01-09,Website,,2023-24 (half),False
Q006249,2024-01-09,Walk-in,,2023-24 (half),False
Q006366,2024-01-09,Referral,,2023-24 (half),False
Q006375,2024-01-09,Walk-in,,2023-24 (half),False
Q000212,2024-01-10,Walk-in,B000265,2023-24 (half),True
Q000236,2024-01-10,Instagram,B000292,2023-24 (half),True
Q000433,2024-01-10,Walk-in,B000549,2023-24 (half),True
Q000463,2024-01-10,OTA,B000585,2023-24 (half),True
Q000464,2024-01-10,Website,B000586,2023-24 (half),True
Q000508,2024-01-10,Hotel Partner,B000640,2023-24 (half),True
Q000516,2024-01-10,Walk-in,B000653,2023-24 (half),True
Q000520,2024-01-10,Walk-in,B000657,2023-24 (half),True
Q000523,2024-01-10,Website,B000660,2023-24 (half),True
Q000610,2024-01-10,Walk-in,B000772,2023-24 (half),True
Q000635,2024-01-10,Walk-in,B000806,2023-24 (half),True
Q000691,2024-01-10,Walk-in,B000880,2023-24 (half),True
Q000705,2024-01-10,Referral,B000898,2023-24 (half),True
Q000709,2024-01-10,OTA,B000902,2023-24 (half),True
Q005849,2024-01-10,Hotel Partner,,2023-24 (half),False
Q005934,2024-01-10,Website,,2023-24 (half),False
Q006192,2024-01-10,Referral,,2023-24 (half),False
Q006294,2024-01-10,Hotel Partner,,2023-24 (half),False
Q000319,2024-01-11,Referral,B000398,2023-24 (half),True
Q000429,2024-01-11,Walk-in,B000545,2023-24 (half),True
Q000438,2024-01-11,OTA,B000556,2023-24 (half),True
Q000578,2024-01-11,Walk-in,B000729,2023-24 (half),True
Q000797,2024-01-11,Referral,B001018,2023-24 (half),True
Q005857,2024-01-11,Website,,2023-24 (half),False
Q005955,2024-01-11,Referral,,2023-24 (half),False
Q005967,2024-01-11,Walk-in,,2023-24 (half),False
Q006205,2024-01-11,Walk-in,,2023-24 (half),False
Q006433,2024-01-11,Hotel Partner,,2023-24 (half),False
Q000195,2024-01-12,Referral,B000244,2023-24 (half),True
Q000547,2024-01-12,Website,B000690,2023-24 (half),True
Q000577,2024-01-12,Hotel Partner,B000727,2023-24 (half),True
Q000621,2024-01-12,Hotel Partner,B000788,2023-24 (half),True
Q000653,2024-01-12,Referral,B000828,2023-24 (half),True
Q000750,2024-01-12,Referral,B000956,2023-24 (half),True
Q000762,2024-01-12,Walk-in,B000970,2023-24 (half),True
Q000765,2024-01-12,Website,B000973,2023-24 (half),True
Q000770,2024-01-12,Website,B000982,2023-24 (half),True
Q000819,2024-01-12,Hotel Partner,B001049,2023-24 (half),True
Q000868,2024-01-12,OTA,B001117,2023-24 (half),True
Q005575,2024-01-12,Walk-in,,2023-24 (half),False
Q005902,2024-01-12,Instagram,,2023-24 (half),False
Q006296,2024-01-12,Walk-in,,2023-24 (half),False
Q006447,2024-01-12,Walk-in,,2023-24 (half),False
Q006456,2024-01-12,OTA,,2023-24 (half),False
Q000211,2024-01-13,OTA,B000264,2023-24 (half),True
Q000327,2024-01-13,OTA,B000406,2023-24 (half),True
Q000364,2024-01-13,Instagram,B000452,2023-24 (half),True
Q000371,2024-01-13,OTA,B000461,2023-24 (half),True
Q000460,2024-01-13,Hotel Partner,B000582,2023-24 (half),True
Q000479,2024-01-13,Referral,B000604,2023-24 (half),True
Q000532,2024-01-13,Referral,B000672,2023-24 (half),True
Q000562,2024-01-13,Referral,B000710,2023-24 (half),True
Q000587,2024-01-13,Instagram,B000740,2023-24 (half),True
Q000597,2024-01-13,Referral,B000755,2023-24 (half),True
Q000608,2024-01-13,Hotel Partner,B000769,2023-24 (half),True
Q000629,2024-01-13,OTA,B000800,2023-24 (half),True
Q000638,2024-01-13,Referral,B000809,2023-24 (half),True
Q000667,2024-01-13,Referral,B000847,2023-24 (half),True
Q000681,2024-01-13,Referral,B000865,2023-24 (half),True
Q000769,2024-01-13,Referral,B000980,2023-24 (half),True
Q000876,2024-01-13,Walk-in,B001127,2023-24 (half),True
Q005603,2024-01-13,Website,,2023-24 (half),False
Q005614,2024-01-13,Instagram,,2023-24 (half),False
Q006016,2024-01-13,Website,,2023-24 (half),False
Q006385,2024-01-13,OTA,,2023-24 (half),False
Q006414,2024-01-13,Instagram,,2023-24 (half),False
Q000242,2024-01-14,Website,B000300,2023-24 (half),True
Q000272,2024-01-14,Walk-in,B000346,2023-24 (half),True
Q000277,2024-01-14,Instagram,B000351,2023-24 (half),True
Q000289,2024-01-14,Instagram,B000365,2023-24 (half),True
Q000326,2024-01-14,Instagram,B000405,2023-24 (half),True
Q000395,2024-01-14,Hotel Partner,B000494,2023-24 (half),True
Q000419,2024-01-14,Website,B000533,2023-24 (half),True
Q000421,2024-01-14,Walk-in,B000535,2023-24 (half),True
Q000540,2024-01-14,Website,B000683,2023-24 (half),True
Q000586,2024-01-14,Walk-in,B000739,2023-24 (half),True
Q000658,2024-01-14,Walk-in,B000835,2023-24 (half),True
Q000795,2024-01-14,Walk-in,B001016,2023-24 (half),True
Q005617,2024-01-14,Walk-in,,2023-24 (half),False
Q005651,2024-01-14,Website,,2023-24 (half),False
Q005683,2024-01-14,Referral,,2023-24 (half),False
Q005873,2024-01-14,Website,,2023-24 (half),False
Q005944,2024-01-14,Walk-in,,2023-24 (half),False
Q005956,2024-01-14,Walk-in,,2023-24 (half),False
Q006012,2024-01-14,Hotel Partner,,2023-24 (half),False
Q006174,2024-01-14,Walk-in,,2023-24 (half),False
Q006287,2024-01-14,Referral,,2023-24 (half),False
Q006304,2024-01-14,Instagram,,2023-24 (half),False
Q006478,2024-01-14,Referral,,2023-24 (half),False
Q000258,2024-01-15,Walk-in,B000325,2023-24 (half),True
Q000323,2024-01-15,Instagram,B000402,2023-24 (half),True
Q000481,2024-01-15,Walk-in,B000607,2023-24 (half),True
Q000533,2024-01-15,Walk-in,B000674,2023-24 (half),True
Q000605,2024-01-15,OTA,B000765,2023-24 (half),True
Q000669,2024-01-15,OTA,B000850,2023-24 (half),True
Q000678,2024-01-15,Hotel Partner,B000862,2023-24 (half),True
Q000718,2024-01-15,Walk-in,B000913,2023-24 (half),True
Q000735,2024-01-15,Website,B000933,2023-24 (half),True
Q000760,2024-01-15,Walk-in,B000967,2023-24 (half),True
Q005632,2024-01-15,Referral,,2023-24 (half),False
Q005834,2024-01-15,Referral,,2023-24 (half),False
Q006116,2024-01-15,Hotel Partner,,2023-24 (half),False
Q006131,2024-01-15,OTA,,2023-24 (half),False
Q000299,2024-01-16,OTA,B000375,2023-24 (half),True
Q000360,2024-01-16,Walk-in,B000448,2023-24 (half),True
Q000430,2024-01-16,OTA,B000546,2023-24 (half),True
Q000434,2024-01-16,Instagram,B000550,2023-24 (half),True
Q000518,2024-01-16,Website,B000655,2023-24 (half),True
Q000545,2024-01-16,Hotel Partner,B000688,2023-24 (half),True
Q000554,2024-01-16,OTA,B000699,2023-24 (half),True
Q000614,2024-01-16,Walk-in,B000780,2023-24 (half),True
Q000652,2024-01-16,Referral,B000827,2023-24 (half),True
Q000719,2024-01-16,Hotel Partner,B000914,2023-24 (half),True
Q000753,2024-01-16,Website,B000959,2023-24 (half),True
Q000784,2024-01-16,Instagram,B001001,2023-24 (half),True
Q000907,2024-01-16,Walk-in,B001169,2023-24 (half),True
Q005742,2024-01-16,Referral,,2023-24 (half),False
Q005965,2024-01-16,Website,,2023-24 (half),False
Q000330,2024-01-17,Walk-in,B000409,2023-24 (half),True
Q000384,2024-01-17,OTA,B000477,2023-24 (half),True
Q000407,2024-01-17,Website,B000514,2023-24 (half),True
Q000435,2024-01-17,Walk-in,B000553,2023-24 (half),True
Q000446,2024-01-17,Website,B000565,2023-24 (half),True
Q000450,2024-01-17,OTA,B000569,2023-24 (half),True
Q000487,2024-01-17,Walk-in,B000613,2023-24 (half),True
Q000556,2024-01-17,Walk-in,B000702,2023-24 (half),True
Q000716,2024-01-17,Referral,B000911,2023-24 (half),True
Q005570,2024-01-17,Referral,,2023-24 (half),False
Q005608,2024-01-17,Walk-in,,2023-24 (half),False
Q005636,2024-01-17,Referral,,2023-24 (half),False
Q005771,2024-01-17,Referral,,2023-24 (half),False
Q005891,2024-01-17,Website,,2023-24 (half),False
Q005972,2024-01-17,Website,,2023-24 (half),False
Q006035,2024-01-17,Walk-in,,2023-24 (half),False
Q006110,2024-01-17,OTA,,2023-24 (half),False
Q006370,2024-01-17,Walk-in,,2023-24 (half),False
Q006399,2024-01-17,Instagram,,2023-24 (half),False
Q000426,2024-01-18,Instagram,B000541,2023-24 (half),True
Q000468,2024-01-18,OTA,B000591,2023-24 (half),True
Q000509,2024-01-18,Walk-in,B000641,2023-24 (half),True
Q000510,2024-01-18,Instagram,B000645,2023-24 (half),True
Q000525,2024-01-18,Instagram,B000665,2023-24 (half),True
Q000583,2024-01-18,Hotel Partner,B000735,2023-24 (half),True
Q000588,2024-01-18,Walk-in,B000742,2023-24 (half),True
Q000590,2024-01-18,Walk-in,B000744,2023-24 (half),True
Q000593,2024-01-18,Hotel Partner,B000749,2023-24 (half),True
Q000606,2024-01-18,OTA,B000766,2023-24 (half),True
Q000612,2024-01-18,Website,B000775,2023-24 (half),True
Q000687,2024-01-18,OTA,B000873,2023-24 (half),True
Q000749,2024-01-18,Walk-in,B000955,2023-24 (half),True
Q000780,2024-01-18,Instagram,B000995,2023-24 (half),True
Q000843,2024-01-18,Walk-in,B001080,2023-24 (half),True
Q000885,2024-01-18,Walk-in,B001138,2023-24 (half),True
Q005620,2024-01-18,Website,,2023-24 (half),False
Q005713,2024-01-18,Walk-in,,2023-24 (half),False
Q006004,2024-01-18,OTA,,2023-24 (half),False
Q006145,2024-01-18,Referral,,2023-24 (half),False
Q000324,2024-01-19,Walk-in,B000403,2023-24 (half),True
Q000449,2024-01-19,OTA,B000568,2023-24 (half),True
Q000473,2024-01-19,OTA,B000597,2023-24 (half),True
Q000493,2024-01-19,Website,B000620,2023-24 (half),True
Q000717,2024-01-19,Instagram,B000912,2023-24 (half),True
Q000743,2024-01-19,Walk-in,B000947,2023-24 (half),True
Q000745,2024-01-19,Referral,B000949,2023-24 (half),True
Q000813,2024-01-19,Hotel Partner,B001040,2023-24 (half),True
Q000863,2024-01-19,Website,B001112,2023-24 (half),True
Q005568,2024-01-19,Referral,,2023-24 (half),False
Q006030,2024-01-19,Website,,2023-24 (half),False
Q006187,2024-01-19,Referral,,2023-24 (half),False
Q006260,2024-01-19,Walk-in,,2023-24 (half),False
Q006341,2024-01-19,Walk-in,,2023-24 (half),False
Q006392,2024-01-19,Walk-in,,2023-24 (half),False
Q006429,2024-01-19,OTA,,2023-24 (half),False
Q000396,2024-01-20,Walk-in,B000495,2023-24 (half),True
Q000530,2024-01-20,Walk-in,B000670,2023-24 (half),True
Q000543,2024-01-20,Website,B000686,2023-24 (half),True
Q000670,2024-01-20,Referral,B000851,2023-24 (half),True
Q000708,2024-01-20,OTA,B000901,2023-24 (half),True
Q000764,2024-01-20,Hotel Partner,B000972,2023-24 (half),True
Q005640,2024-01-20,OTA,,2023-24 (half),False
Q006405,2024-01-20,Website,,2023-24 (half),False
Q000387,2024-01-21,Website,B000480,2023-24 (half),True
Q000469,2024-01-21,Walk-in,B000592,2023-24 (half),True
Q000499,2024-01-21,Referral,B000629,2023-24 (half),True
Q000521,2024-01-21,Instagram,B000658,2023-24 (half),True
Q000623,2024-01-21,Walk-in,B000790,2023-24 (half),True
Q000655,2024-01-21,Walk-in,B000831,2023-24 (half),True
Q000689,2024-01-21,Website,B000877,2023-24 (half),True
Q000805,2024-01-21,Instagram,B001028,2023-24 (half),True
Q000856,2024-01-21,OTA,B001102,2023-24 (half),True
Q005702,2024-01-21,Instagram,,2023-24 (half),False
Q005980,2024-01-21,Website,,2023-24 (half),False
Q006009,2024-01-21,Referral,,2023-24 (half),False
Q006440,2024-01-21,Referral,,2023-24 (half),False
Q000490,2024-01-22,Hotel Partner,B000616,2023-24 (half),True
Q000541,2024-01-22,OTA,B000684,2023-24 (half),True
Q000618,2024-01-22,Website,B000785,2023-24 (half),True
Q000675,2024-01-22,Hotel Partner,B000857,2023-24 (half),True
Q005657,2024-01-22,Instagram,,2023-24 (half),False
Q005805,2024-01-22,Referral,,2023-24 (half),False
Q005856,2024-01-22,OTA,,2023-24 (half),False
Q005866,2024-01-22,Referral,,2023-24 (half),False
Q005973,2024-01-22,OTA,,2023-24 (half),False
Q006359,2024-01-22,Walk-in,,2023-24 (half),False
Q006491,2024-01-22,Walk-in,,2023-24 (half),False
Q000497,2024-01-23,Instagram,B000625,2023-24 (half),True
Q000542,2024-01-23,Referral,B000685,2023-24 (half),True
Q000555,2024-01-23,Walk-in,B000700,2023-24 (half),True
Q000564,2024-01-23,Referral,B000712,2023-24 (half),True
Q000598,2024-01-23,Instagram,B000756,2023-24 (half),True
Q000619,2024-01-23,Referral,B000786,2023-24 (half),True
Q000624,2024-01-23,Walk-in,B000791,2023-24 (half),True
Q000671,2024-01-23,Referral,B000852,2023-24 (half),True
Q000710,2024-01-23,Walk-in,B000903,2023-24 (half),True
Q000720,2024-01-23,Website,B000915,2023-24 (half),True
Q000758,2024-01-23,Hotel Partner,B000965,2023-24 (half),True
Q000767,2024-01-23,Walk-in,B000976,2023-24 (half),True
Q000828,2024-01-23,Instagram,B001062,2023-24 (half),True
Q000884,2024-01-23,Hotel Partner,B001136,2023-24 (half),True
Q000898,2024-01-23,Walk-in,B001156,2023-24 (half),True
Q000928,2024-01-23,Referral,B001197,2023-24 (half),True
Q005774,2024-01-23,Hotel Partner,,2023-24 (half),False
Q005917,2024-01-23,Instagram,,2023-24 (half),False
Q006090,2024-01-23,Walk-in,,2023-24 (half),False
Q006335,2024-01-23,Walk-in,,2023-24 (half),False
Q006389,2024-01-23,OTA,,2023-24 (half),False
Q006427,2024-01-23,Website,,2023-24 (half),False
Q000476,2024-01-24,Website,B000601,2023-24 (half),True
Q000528,2024-01-24,Walk-in,B000668,2023-24 (half),True
Q000558,2024-01-24,Walk-in,B000704,2023-24 (half),True
Q000571,2024-01-24,Instagram,B000719,2023-24 (half),True
Q000575,2024-01-24,OTA,B000725,2023-24 (half),True
Q000581,2024-01-24,Hotel Partner,B000733,2023-24 (half),True
Q000636,2024-01-24,Walk-in,B000807,2023-24 (half),True
Q000917,2024-01-24,Hotel Partner,B001184,2023-24 (half),True
Q000926,2024-01-24,Website,B001194,2023-24 (half),True
Q000982,2024-01-24,Website,B001267,2023-24 (half),True
Q005566,2024-01-24,Walk-in,,2023-24 (half),False
Q005710,2024-01-24,OTA,,2023-24 (half),False
Q005768,2024-01-24,Referral,,2023-24 (half),False
Q005877,2024-01-24,OTA,,2023-24 (half),False
Q005932,2024-01-24,Walk-in,,2023-24 (half),False
Q006095,2024-01-24,Website,,2023-24 (half),False
Q006212,2024-01-24,Instagram,,2023-24 (half),False
Q006377,2024-01-24,Walk-in,,2023-24 (half),False
Q006423,2024-01-24,Walk-in,,2023-24 (half),False
Q000496,2024-01-25,OTA,B000624,2023-24 (half),True
Q000514,2024-01-25,Walk-in,B000649,2023-24 (half),True
Q000568,2024-01-25,Hotel Partner,B000716,2023-24 (half),True
Q000694,2024-01-25,Website,B000883,2023-24 (half),True
Q000741,2024-01-25,Hotel Partner,B000943,2023-24 (half),True
Q000814,2024-01-25,Website,B001041,2023-24 (half),True
Q000838,2024-01-25,Hotel Partner,B001074,2023-24 (half),True
Q000850,2024-01-25,OTA,B001089,2023-24 (half),True
Q001030,2024-01-25,OTA,B001336,2023-24 (half),True
Q005747,2024-01-25,Hotel Partner,,2023-24 (half),False
Q005863,2024-01-25,Hotel Partner,,2023-24 (half),False
Q006032,2024-01-25,Walk-in,,2023-24 (half),False
Q006147,2024-01-25,Website,,2023-24 (half),False
Q006179,2024-01-25,Walk-in,,2023-24 (half),False
Q006245,2024-01-25,Instagram,,2023-24 (half),False
Q006280,2024-01-25,Hotel Partner,,2023-24 (half),False
Q000392,2024-01-26,Instagram,B000489,2023-24 (half),True
Q000567,2024-01-26,Walk-in,B000715,2023-24 (half),True
Q000594,2024-01-26,Instagram,B000750,2023-24 (half),True
Q000659,2024-01-26,Hotel Partner,B000836,2023-24 (half),True
Q000721,2024-01-26,Website,B000916,2023-24 (half),True
Q000766,2024-01-26,Walk-in,B000975,2023-24 (half),True
Q000771,2024-01-26,Walk-in,B000983,2023-24 (half),True
Q000955,2024-01-26,Website,B001229,2023-24 (half),True
Q005724,2024-01-26,Website,,2023-24 (half),False
Q005748,2024-01-26,Instagram,,2023-24 (half),False
Q005920,2024-01-26,Walk-in,,2023-24 (half),False
Q005927,2024-01-26,Website,,2023-24 (half),False
Q006175,2024-01-26,Referral,,2023-24 (half),False
Q000418,2024-01-27,Walk-in,B000532,2023-24 (half),True
Q000448,2024-01-27,Website,B000567,2023-24 (half),True
Q000551,2024-01-27,Referral,B000695,2023-24 (half),True
Q000591,2024-01-27,Walk-in,B000746,2023-24 (half),True
Q000640,2024-01-27,OTA,B000811,2023-24 (half),True
Q000643,2024-01-27,Website,B000816,2023-24 (half),True
Q000768,2024-01-27,Instagram,B000979,2023-24 (half),True
Q000779,2024-01-27,Referral,B000994,2023-24 (half),True
Q000793,2024-01-27,Walk-in,B001014,2023-24 (half),True
Q000817,2024-01-27,Walk-in,B001045,2023-24 (half),True
Q000822,2024-01-27,Website,B001055,2023-24 (half),True
Q000902,2024-01-27,Hotel Partner,B001162,2023-24 (half),True
Q001047,2024-01-27,Referral,B001359,2023-24 (half),True
Q005668,2024-01-27,Hotel Partner,,2023-24 (half),False
Q005692,2024-01-27,Walk-in,,2023-24 (half),False
Q005721,2024-01-27,Walk-in,,2023-24 (half),False
Q005828,2024-01-27,Website,,2023-24 (half),False
Q005906,2024-01-27,Hotel Partner,,2023-24 (half),False
Q005978,2024-01-27,Walk-in,,2023-24 (half),False
Q006244,2024-01-27,Instagram,,2023-24 (half),False
Q006348,2024-01-27,Referral,,2023-24 (half),False
Q006386,2024-01-27,Hotel Partner,,2023-24 (half),False
Q006469,2024-01-27,Referral,,2023-24 (half),False
Q000461,2024-01-28,Walk-in,B000583,2023-24 (half),True
Q000492,2024-01-28,OTA,B000618,2023-24 (half),True
Q000579,2024-01-28,Referral,B000731,2023-24 (half),True
Q000663,2024-01-28,OTA,B000842,2023-24 (half),True
Q000695,2024-01-28,Website,B000885,2023-24 (half),True
Q000751,2024-01-28,Website,B000957,2023-24 (half),True
Q000761,2024-01-28,Hotel Partner,B000969,2023-24 (half),True
Q000792,2024-01-28,Referral,B001012,2023-24 (half),True
Q000802,2024-01-28,Website,B001025,2023-24 (half),True
Q000854,2024-01-28,Hotel Partner,B001096,2023-24 (half),True
Q000910,2024-01-28,Website,B001173,2023-24 (half),True
Q001060,2024-01-28,Referral,B001373,2023-24 (half),True
Q001072,2024-01-28,Walk-in,B001387,2023-24 (half),True
Q005642,2024-01-28,Hotel Partner,,2023-24 (half),False
Q005791,2024-01-28,Hotel Partner,,2023-24 (half),False
Q005815,2024-01-28,Walk-in,,2023-24 (half),False
Q005870,2024-01-28,OTA,,2023-24 (half),False
Q006085,2024-01-28,Instagram,,2023-24 (half),False
Q006183,2024-01-28,Walk-in,,2023-24 (half),False
Q006436,2024-01-28,OTA,,2023-24 (half),False
Q006489,2024-01-28,OTA,,2023-24 (half),False
Q000546,2024-01-29,OTA,B000689,2023-24 (half),True
Q000548,2024-01-29,Website,B000691,2023-24 (half),True
Q000626,2024-01-29,Referral,B000793,2023-24 (half),True
Q000645,2024-01-29,Walk-in,B000819,2023-24 (half),True
Q000680,2024-01-29,Referral,B000864,2023-24 (half),True
Q000776,2024-01-29,Instagram,B000990,2023-24 (half),True
Q000786,2024-01-29,Walk-in,B001004,2023-24 (half),True
Q000798,2024-01-29,Website,B001020,2023-24 (half),True
Q000811,2024-01-29,Walk-in,B001038,2023-24 (half),True
Q000881,2024-01-29,Website,B001132,2023-24 (half),True
Q000944,2024-01-29,Instagram,B001215,2023-24 (half),True
Q000980,2024-01-29,Website,B001264,2023-24 (half),True
Q005802,2024-01-29,Website,,2023-24 (half),False
Q006065,2024-01-29,Instagram,,2023-24 (half),False
Q006154,2024-01-29,Website,,2023-24 (half),False
Q006483,2024-01-29,Referral,,2023-24 (half),False
Q000552,2024-01-30,Walk-in,B000696,2023-24 (half),True
Q000611,2024-01-30,Referral,B000774,2023-24 (half),True
Q000617,2024-01-30,Website,B000784,2023-24 (half),True
Q000660,2024-01-30,Instagram,B000837,2023-24 (half),True
Q000686,2024-01-30,Referral,B000872,2023-24 (half),True
Q000733,2024-01-30,Website,B000930,2023-24 (half),True
Q000831,2024-01-30,Walk-in,B001065,2023-24 (half),True
Q000844,2024-01-30,OTA,B001081,2023-24 (half),True
Q000865,2024-01-30,OTA,B001114,2023-24 (half),True
Q000911,2024-01-30,OTA,B001174,2023-24 (half),True
Q000946,2024-01-30,Website,B001220,2023-24 (half),True
Q000998,2024-01-30,Walk-in,B001288,2023-24 (half),True
Q005578,2024-01-30,Walk-in,,2023-24 (half),False
Q005658,2024-01-30,Website,,2023-24 (half),False
Q005854,2024-01-30,Walk-in,,2023-24 (half),False
Q005874,2024-01-30,Website,,2023-24 (half),False
Q000634,2024-01-31,Hotel Partner,B000805,2023-24 (half),True
Q000656,2024-01-31,Walk-in,B000832,2023-24 (half),True
Q000703,2024-01-31,Instagram,B000894,2023-24 (half),True
Q000711,2024-01-31,Walk-in,B000904,2023-24 (half),True
Q000777,2024-01-31,Website,B000991,2023-24 (half),True
Q000787,2024-01-31,OTA,B001005,2023-24 (half),True
Q000862,2024-01-31,Instagram,B001111,2023-24 (half),True
Q000867,2024-01-31,Referral,B001116,2023-24 (half),True
Q000892,2024-01-31,Website,B001146,2023-24 (half),True
Q000943,2024-01-31,Walk-in,B001214,2023-24 (half),True
Q000997,2024-01-31,Website,B001287,2023-24 (half),True
Q001065,2024-01-31,Website,B001380,2023-24 (half),True
Q005577,2024-01-31,Referral,,2023-24 (half),False
Q005645,2024-01-31,Instagram,,2023-24 (half),False
Q005977,2024-01-31,Walk-in,,2023-24 (half),False
Q006060,2024-01-31,Walk-in,,2023-24 (half),False
Q006100,2024-01-31,Instagram,,2023-24 (half),False
Q006167,2024-01-31,Walk-in,,2023-24 (half),False
Q006267,2024-01-31,Walk-in,,2023-24 (half),False
Q006476,2024-01-31,Walk-in,,2023-24 (half),False
Q006482,2024-01-31,Hotel Partner,,2023-24 (half),False
Q000427,2024-02-01,OTA,B000542,2023-24 (half),True
Q000559,2024-02-01,OTA,B000706,2023-24 (half),True
Q000576,2024-02-01,Walk-in,B000726,2023-24 (half),True
Q000637,2024-02-01,Referral,B000808,2023-24 (half),True
Q000773,2024-02-01,Hotel Partner,B000986,2023-24 (half),True
Q000796,2024-02-01,OTA,B001017,2023-24 (half),True
Q000860,2024-02-01,Walk-in,B001107,2023-24 (half),True
Q000886,2024-02-01,Website,B001139,2023-24 (half),True
Q000970,2024-02-01,OTA,B001248,2023-24 (half),True
Q005693,2024-02-01,Instagram,,2023-24 (half),False
Q005921,2024-02-01,Referral,,2023-24 (half),False
Q005933,2024-02-01,Hotel Partner,,2023-24 (half),False
Q006021,2024-02-01,Instagram,,2023-24 (half),False
Q006214,2024-02-01,Walk-in,,2023-24 (half),False
Q006459,2024-02-01,Website,,2023-24 (half),False
Q000774,2024-02-02,OTA,B000987,2023-24 (half),True
Q000808,2024-02-02,Website,B001033,2023-24 (half),True
Q000821,2024-02-02,OTA,B001054,2023-24 (half),True
Q000891,2024-02-02,Instagram,B001145,2023-24 (half),True
Q000895,2024-02-02,Instagram,B001153,2023-24 (half),True
Q000904,2024-02-02,Walk-in,B001165,2023-24 (half),True
Q000938,2024-02-02,Instagram,B001208,2023-24 (half),True
Q001013,2024-02-02,Website,B001309,2023-24 (half),True
Q001051,2024-02-02,OTA,B001363,2023-24 (half),True
Q005684,2024-02-02,Walk-in,,2023-24 (half),False
Q005937,2024-02-02,Hotel Partner,,2023-24 (half),False
Q006074,2024-02-02,Hotel Partner,,2023-24 (half),False
Q006430,2024-02-02,Website,,2023-24 (half),False
Q000506,2024-02-03,Referral,B000638,2023-24 (half),True
Q000646,2024-02-03,Website,B000820,2023-24 (half),True
Q000651,2024-02-03,Referral,B000825,2023-24 (half),True
Q000692,2024-02-03,Instagram,B000881,2023-24 (half),True
Q000699,2024-02-03,Website,B000890,2023-24 (half),True
Q000739,2024-02-03,Referral,B000941,2023-24 (half),True
Q000748,2024-02-03,Walk-in,B000954,2023-24 (half),True
Q000782,2024-02-03,Hotel Partner,B000999,2023-24 (half),True
Q000794,2024-02-03,Instagram,B001015,2023-24 (half),True
Q000800,2024-02-03,Website,B001022,2023-24 (half),True
Q000950,2024-02-03,Walk-in,B001224,2023-24 (half),True
Q000976,2024-02-03,Walk-in,B001259,2023-24 (half),True
Q001025,2024-02-03,Hotel Partner,B001328,2023-24 (half),True
Q005811,2024-02-03,Walk-in,,2023-24 (half),False
Q005928,2024-02-03,Walk-in,,2023-24 (half),False
Q006054,2024-02-03,Website,,2023-24 (half),False
Q006070,2024-02-03,Walk-in,,2023-24 (half),False
Q006286,2024-02-03,Instagram,,2023-24 (half),False
Q000650,2024-02-04,Walk-in,B000824,2023-24 (half),True
Q000674,2024-02-04,Instagram,B000856,2023-24 (half),True
Q000688,2024-02-04,Instagram,B000875,2023-24 (half),True
Q000700,2024-02-04,Instagram,B000891,2023-24 (half),True
Q000707,2024-02-04,Referral,B000900,2023-24 (half),True
Q000772,2024-02-04,Referral,B000984,2023-24 (half),True
Q000986,2024-02-04,Website,B001271,2023-24 (half),True
Q001002,2024-02-04,Walk-in,B001296,2023-24 (half),True
Q005736,2024-02-04,Walk-in,,2023-24 (half),False
Q005829,2024-02-04,Website,,2023-24 (half),False
Q005895,2024-02-04,Instagram,,2023-24 (half),False
Q006176,2024-02-04,Walk-in,,2023-24 (half),False
Q006298,2024-02-04,Walk-in,,2023-24 (half),False
Q006424,2024-02-04,Walk-in,,2023-24 (half),False
Q000570,2024-02-05,Referral,B000718,2023-24 (half),True
Q000620,2024-02-05,Walk-in,B000787,2023-24 (half),True
Q000632,2024-02-05,Walk-in,B000803,2023-24 (half),True
Q000662,2024-02-05,Instagram,B000841,2023-24 (half),True
Q000810,2024-02-05,Website,B001037,2023-24 (half),True
Q000827,2024-02-05,Referral,B001061,2023-24 (half),True
Q000869,2024-02-05,Referral,B001118,2023-24 (half),True
Q000875,2024-02-05,Walk-in,B001125,2023-24 (half),True
Q000996,2024-02-05,Walk-in,B001285,2023-24 (half),True
Q005916,2024-02-05,Hotel Partner,,2023-24 (half),False
Q006064,2024-02-05,Referral,,2023-24 (half),False
Q006223,2024-02-05,OTA,,2023-24 (half),False
Q006420,2024-02-05,Website,,2023-24 (half),False
Q000589,2024-02-06,Referral,B000743,2023-24 (half),True
Q000724,2024-02-06,Referral,B000919,2023-24 (half),True
Q000747,2024-02-06,Referral,B000952,2023-24 (half),True
Q000754,2024-02-06,Instagram,B000960,2023-24 (half),True
Q000873,2024-02-06,Walk-in,B001123,2023-24 (half),True
Q000889,2024-02-06,Instagram,B001142,2023-24 (half),True
Q000912,2024-02-06,Website,B001175,2023-24 (half),True
Q000983,2024-02-06,Walk-in,B001268,2023-24 (half),True
Q001008,2024-02-06,Referral,B001303,2023-24 (half),True
Q001075,2024-02-06,Walk-in,B001390,2023-24 (half),True
Q005590,2024-02-06,Walk-in,,2023-24 (half),False
Q006120,2024-02-06,Hotel Partner,,2023-24 (half),False
Q006344,2024-02-06,Walk-in,,2023-24 (half),False
Q006367,2024-02-06,Instagram,,2023-24 (half),False
Q000631,2024-02-07,OTA,B000802,2023-24 (half),True
Q000657,2024-02-07,Website,B000833,2023-24 (half),True
Q000677,2024-02-07,Hotel Partner,B000859,2023-24 (half),True
Q000685,2024-02-07,Referral,B000870,2023-24 (half),True
Q000734,2024-02-07,Walk-in,B000932,2023-24 (half),True
Q000841,2024-02-07,Referral,B001077,2023-24 (half),True
Q000963,2024-02-07,Website,B001237,2023-24 (half),True
Q000968,2024-02-07,Walk-in,B001244,2023-24 (half),True
Q000985,2024-02-07,Walk-in,B001270,2023-24 (half),True
Q001037,2024-02-07,Instagram,B001345,2023-24 (half),True
Q001084,2024-02-07,Website,B001400,2023-24 (half),True
Q001086,2024-02-07,Referral,B001402,2023-24 (half),True
Q001126,2024-02-07,Walk-in,B001453,2023-24 (half),True
Q005600,2024-02-07,Walk-in,,2023-24 (half),False
Q005982,2024-02-07,Website,,2023-24 (half),False
Q006053,2024-02-07,Referral,,2023-24 (half),False
Q006128,2024-02-07,Walk-in,,2023-24 (half),False
Q006159,2024-02-07,OTA,,2023-24 (half),False
Q006168,2024-02-07,Referral,,2023-24 (half),False
Q006246,2024-02-07,Website,,2023-24 (half),False
Q006305,2024-02-07,OTA,,2023-24 (half),False
Q006330,2024-02-07,Hotel Partner,,2023-24 (half),False
Q006398,2024-02-07,Hotel Partner,,2023-24 (half),False
Q000682,2024-02-08,Hotel Partner,B000866,2023-24 (half),True
Q000744,2024-02-08,Walk-in,B000948,2023-24 (half),True
Q000746,2024-02-08,Website,B000950,2023-24 (half),True
Q000755,2024-02-08,Referral,B000961,2023-24 (half),True
Q000845,2024-02-08,Walk-in,B001082,2023-24 (half),True
Q001012,2024-02-08,Instagram,B001307,2023-24 (half),True
Q001033,2024-02-08,OTA,B001339,2023-24 (half),True
Q005725,2024-02-08,Instagram,,2023-24 (half),False
Q006232,2024-02-08,OTA,,2023-24 (half),False
Q006409,2024-02-08,Walk-in,,2023-24 (half),False
Q000815,2024-02-09,Referral,B001043,2023-24 (half),True
Q000849,2024-02-09,OTA,B001088,2023-24 (half),True
Q000853,2024-02-09,Website,B001094,2023-24 (half),True
Q000994,2024-02-09,Walk-in,B001281,2023-24 (half),True
Q005711,2024-02-09,Referral,,2023-24 (half),False
Q005741,2024-02-09,Walk-in,,2023-24 (half),False
Q005924,2024-02-09,Instagram,,2023-24 (half),False
Q006013,2024-02-09,Hotel Partner,,2023-24 (half),False
Q006077,2024-02-09,Website,,2023-24 (half),False
Q006276,2024-02-09,Website,,2023-24 (half),False
Q006395,2024-02-09,Referral,,2023-24 (half),False
Q006408,2024-02-09,Walk-in,,2023-24 (half),False
Q006448,2024-02-09,Instagram,,2023-24 (half),False
Q006458,2024-02-09,Website,,2023-24 (half),False
Q000604,2024-02-10,OTA,B000764,2023-24 (half),True
Q000697,2024-02-10,Instagram,B000887,2023-24 (half),True
Q000852,2024-02-10,Website,B001092,2023-24 (half),True
Q000878,2024-02-10,Walk-in,B001129,2023-24 (half),True
Q000915,2024-02-10,Walk-in,B001182,2023-24 (half),True
Q000924,2024-02-10,Website,B001190,2023-24 (half),True
Q000987,2024-02-10,Referral,B001272,2023-24 (half),True
Q001017,2024-02-10,OTA,B001316,2023-24 (half),True
Q001020,2024-02-10,Website,B001320,2023-24 (half),True
Q001063,2024-02-10,Walk-in,B001378,2023-24 (half),True
Q005689,2024-02-10,Website,,2023-24 (half),False
Q005766,2024-02-10,Walk-in,,2023-24 (half),False
Q005773,2024-02-10,Walk-in,,2023-24 (half),False
Q005803,2024-02-10,Walk-in,,2023-24 (half),False
Q005912,2024-02-10,Website,,2023-24 (half),False
Q005950,2024-02-10,Referral,,2023-24 (half),False
Q006011,2024-02-10,Instagram,,2023-24 (half),False
Q006400,2024-02-10,Walk-in,,2023-24 (half),False
Q000561,2024-02-11,Website,B000709,2023-24 (half),True
Q000607,2024-02-11,Walk-in,B000767,2023-24 (half),True
Q000613,2024-02-11,Walk-in,B000776,2023-24 (half),True
Q000715,2024-02-11,Walk-in,B000910,2023-24 (half),True
Q000791,2024-02-11,Hotel Partner,B001011,2023-24 (half),True
Q000887,2024-02-11,Instagram,B001140,2023-24 (half),True
Q000893,2024-02-11,Referral,B001147,2023-24 (half),True
Q000927,2024-02-11,Website,B001195,2023-24 (half),True
Q000934,2024-02-11,Walk-in,B001203,2023-24 (half),True
Q000989,2024-02-11,Instagram,B001274,2023-24 (half),True
Q001043,2024-02-11,Walk-in,B001353,2023-24 (half),True
Q001069,2024-02-11,Walk-in,B001384,2023-24 (half),True
Q005618,2024-02-11,Referral,,2023-24 (half),False
Q005660,2024-02-11,OTA,,2023-24 (half),False
Q005754,2024-02-11,OTA,,2023-24 (half),False
Q005786,2024-02-11,Walk-in,,2023-24 (half),False
Q005974,2024-02-11,OTA,,2023-24 (half),False
Q006040,2024-02-11,Walk-in,,2023-24 (half),False
Q006137,2024-02-11,Instagram,,2023-24 (half),False
Q006252,2024-02-11,Website,,2023-24 (half),False
Q006384,2024-02-11,Website,,2023-24 (half),False
Q000566,2024-02-12,Website,B000714,2023-24 (half),True
Q000728,2024-02-12,Walk-in,B000923,2023-24 (half),True
Q000781,2024-02-12,Instagram,B000997,2023-24 (half),True
Q000816,2024-02-12,Website,B001044,2023-24 (half),True
Q000826,2024-02-12,Instagram,B001060,2023-24 (half),True
Q000832,2024-02-12,Walk-in,B001066,2023-24 (half),True
Q000837,2024-02-12,Walk-in,B001072,2023-24 (half),True
Q000839,2024-02-12,Instagram,B001075,2023-24 (half),True
Q000897,2024-02-12,Referral,B001155,2023-24 (half),True
Q000900,2024-02-12,Hotel Partner,B001158,2023-24 (half),True
Q000913,2024-02-12,Website,B001178,2023-24 (half),True
Q000960,2024-02-12,OTA,B001234,2023-24 (half),True
Q001016,2024-02-12,Referral,B001312,2023-24 (half),True
Q001022,2024-02-12,Instagram,B001322,2023-24 (half),True
Q001113,2024-02-12,Website,B001439,2023-24 (half),True
Q001123,2024-02-12,Walk-in,B001449,2023-24 (half),True
Q005806,2024-02-12,OTA,,2023-24 (half),False
Q005864,2024-02-12,Walk-in,,2023-24 (half),False
Q006045,2024-02-12,Website,,2023-24 (half),False
Q006098,2024-02-12,OTA,,2023-24 (half),False
Q006101,2024-02-12,Website,,2023-24 (half),False
Q006153,2024-02-12,Referral,,2023-24 (half),False
Q006215,2024-02-12,Instagram,,2023-24 (half),False
Q000615,2024-02-13,Instagram,B000781,2023-24 (half),True
Q000693,2024-02-13,OTA,B000882,2023-24 (half),True
Q000729,2024-02-13,Instagram,B000924,2023-24 (half),True
Q000730,2024-02-13,Website,B000926,2023-24 (half),True
Q000806,2024-02-13,Website,B001029,2023-24 (half),True
Q000861,2024-02-13,Walk-in,B001109,2023-24 (half),True
Q000874,2024-02-13,Website,B001124,2023-24 (half),True
Q000935,2024-02-13,Hotel Partner,B001204,2023-24 (half),True
Q001058,2024-02-13,OTA,B001370,2023-24 (half),True
Q001068,2024-02-13,Walk-in,B001383,2023-24 (half),True
Q005964,2024-02-13,Hotel Partner,,2023-24 (half),False
Q006262,2024-02-13,Website,,2023-24 (half),False
Q006284,2024-02-13,OTA,,2023-24 (half),False
Q006302,2024-02-13,Instagram,,2023-24 (half),False
Q000704,2024-02-14,Walk-in,B000896,2023-24 (half),True
Q000859,2024-02-14,Referral,B001106,2023-24 (half),True
Q000871,2024-02-14,Referral,B001120,2023-24 (half),True
Q000965,2024-02-14,Website,B001241,2023-24 (half),True
Q000995,2024-02-14,Walk-in,B001282,2023-24 (half),True
Q001142,2024-02-14,Website,B001474,2023-24 (half),True
Q005629,2024-02-14,Walk-in,,2023-24 (half),False
Q005664,2024-02-14,Referral,,2023-24 (half),False
Q005894,2024-02-14,Hotel Partner,,2023-24 (half),False
Q006222,2024-02-14,Website,,2023-24 (half),False
Q006351,2024-02-14,Referral,,2023-24 (half),False
Q006435,2024-02-14,OTA,,2023-24 (half),False
Q006495,2024-02-14,Hotel Partner,,2023-24 (half),False
Q000790,2024-02-15,Instagram,B001008,2023-24 (half),True
Q000834,2024-02-15,Website,B001069,2023-24 (half),True
Q000882,2024-02-15,Website,B001134,2023-24 (half),True
Q000962,2024-02-15,Hotel Partner,B001236,2023-24 (half),True
Q001005,2024-02-15,Instagram,B001300,2023-24 (half),True
Q001040,2024-02-15,Walk-in,B001349,2023-24 (half),True
Q001173,2024-02-15,Website,B001511,2023-24 (half),True
Q005970,2024-02-15,OTA,,2023-24 (half),False
Q006139,2024-02-15,Referral,,2023-24 (half),False
Q006306,2024-02-15,Website,,2023-24 (half),False
Q006347,2024-02-15,Walk-in,,2023-24 (half),False
Q006460,2024-02-15,Referral,,2023-24 (half),False
Q006475,2024-02-15,Referral,,2023-24 (half),False
Q000679,2024-02-16,Website,B000863,2023-24 (half),True
Q000740,2024-02-16,Instagram,B000942,2023-24 (half),True
Q000742,2024-02-16,Walk-in,B000945,2023-24 (half),True
Q000906,2024-02-16,Referral,B001168,2023-24 (half),True
Q000922,2024-02-16,Referral,B001188,2023-24 (half),True
Q000953,2024-02-16,Hotel Partner,B001227,2023-24 (half),True
Q000974,2024-02-16,Website,B001257,2023-24 (half),True
Q000992,2024-02-16,Instagram,B001278,2023-24 (half),True
Q001053,2024-02-16,Instagram,B001365,2023-24 (half),True
Q005697,2024-02-16,Instagram,,2023-24 (half),False
Q005759,2024-02-16,Walk-in,,2023-24 (half),False
Q005966,2024-02-16,Hotel Partner,,2023-24 (half),False
Q006048,2024-02-16,Walk-in,,2023-24 (half),False
Q006096,2024-02-16,Walk-in,,2023-24 (half),False
Q006243,2024-02-16,Instagram,,2023-24 (half),False
Q006259,2024-02-16,Walk-in,,2023-24 (half),False
Q006265,2024-02-16,Website,,2023-24 (half),False
Q000666,2024-02-17,Website,B000846,2023-24 (half),True
Q000820,2024-02-17,Referral,B001051,2023-24 (half),True
Q000840,2024-02-17,OTA,B001076,2023-24 (half),True
Q000956,2024-02-17,Website,B001230,2023-24 (half),True
Q001021,2024-02-17,Instagram,B001321,2023-24 (half),True
Q001049,2024-02-17,OTA,B001361,2023-24 (half),True
Q001052,2024-02-17,Referral,B001364,2023-24 (half),True
Q005712,2024-02-17,Website,,2023-24 (half),False
Q005728,2024-02-17,Referral,,2023-24 (half),False
Q005792,2024-02-17,Walk-in,,2023-24 (half),False
Q005919,2024-02-17,Walk-in,,2023-24 (half),False
Q005926,2024-02-17,Website,,2023-24 (half),False
Q006119,2024-02-17,Website,,2023-24 (half),False
Q006200,2024-02-17,Walk-in,,2023-24 (half),False
Q006254,2024-02-17,Website,,2023-24 (half),False
Q006446,2024-02-17,Walk-in,,2023-24 (half),False
Q006480,2024-02-17,Instagram,,2023-24 (half),False
Q000803,2024-02-18,Walk-in,B001026,2023-24 (half),True
Q000842,2024-02-18,Hotel Partner,B001078,2023-24 (half),True
Q000866,2024-02-18,Referral,B001115,2023-24 (half),True
Q000914,2024-02-18,Referral,B001180,2023-24 (half),True
Q000951,2024-02-18,Walk-in,B001225,2023-24 (half),True
Q000964,2024-02-18,Instagram,B001239,2023-24 (half),True
Q000981,2024-02-18,Walk-in,B001266,2023-24 (half),True
Q001004,2024-02-18,Referral,B001298,2023-24 (half),True
Q001010,2024-02-18,Hotel Partner,B001305,2023-24 (half),True
Q001027,2024-02-18,Referral,B001331,2023-24 (half),True
Q001066,2024-02-18,Instagram,B001381,2023-24 (half),True
Q001099,2024-02-18,Instagram,B001423,2023-24 (half),True
Q001222,2024-02-18,Walk-in,B001574,2023-24 (half),True
Q005649,2024-02-18,Referral,,2023-24 (half),False
Q005841,2024-02-18,Referral,,2023-24 (half),False
Q005851,2024-02-18,Hotel Partner,,2023-24 (half),False
Q006115,2024-02-18,Referral,,2023-24 (half),False
Q006129,2024-02-18,Referral,,2023-24 (half),False
Q006236,2024-02-18,Website,,2023-24 (half),False
Q000668,2024-02-19,Walk-in,B000848,2023-24 (half),True
Q000757,2024-02-19,Walk-in,B000964,2023-24 (half),True
Q000809,2024-02-19,Walk-in,B001035,2023-24 (half),True
Q000812,2024-02-19,OTA,B001039,2023-24 (half),True
Q000825,2024-02-19,OTA,B001059,2023-24 (half),True
Q000855,2024-02-19,Walk-in,B001098,2023-24 (half),True
Q000931,2024-02-19,Website,B001200,2023-24 (half),True
Q000947,2024-02-19,OTA,B001221,2023-24 (half),True
Q000961,2024-02-19,Walk-in,B001235,2023-24 (half),True
Q000967,2024-02-19,OTA,B001243,2023-24 (half),True
Q001018,2024-02-19,Hotel Partner,B001317,2023-24 (half),True
Q001031,2024-02-19,Walk-in,B001337,2023-24 (half),True
Q001057,2024-02-19,Referral,B001369,2023-24 (half),True
Q001083,2024-02-19,Walk-in,B001399,2023-24 (half),True
Q001092,2024-02-19,Walk-in,B001411,2023-24 (half),True
Q001101,2024-02-19,Website,B001425,2023-24 (half),True
Q001231,2024-02-19,Walk-in,B001584,2023-24 (half),True
Q005609,2024-02-19,Instagram,,2023-24 (half),False
Q006199,2024-02-19,Referral,,2023-24 (half),False
Q006383,2024-02-19,Hotel Partner,,2023-24 (half),False
Q006422,2024-02-19,Website,,2023-24 (half),False
Q000701,2024-02-20,Instagram,B000892,2023-24 (half),True
Q000722,2024-02-20,Instagram,B000917,2023-24 (half),True
Q000725,2024-02-20,Hotel Partner,B000920,2023-24 (half),True
Q000731,2024-02-20,Walk-in,B000927,2023-24 (half),True
Q000736,2024-02-20,Website,B000935,2023-24 (half),True
Q000788,2024-02-20,Instagram,B001006,2023-24 (half),True
Q000830,2024-02-20,OTA,B001064,2023-24 (half),True
Q000847,2024-02-20,Website,B001086,2023-24 (half),True
Q000858,2024-02-20,Referral,B001105,2023-24 (half),True
Q000879,2024-02-20,Website,B001130,2023-24 (half),True
Q000916,2024-02-20,Walk-in,B001183,2023-24 (half),True
Q001035,2024-02-20,Walk-in,B001341,2023-24 (half),True
Q001070,2024-02-20,Referral,B001385,2023-24 (half),True
Q001087,2024-02-20,Walk-in,B001403,2023-24 (half),True
Q001105,2024-02-20,Walk-in,B001429,2023-24 (half),True
Q001110,2024-02-20,Walk-in,B001436,2023-24 (half),True
Q001131,2024-02-20,Instagram,B001461,2023-24 (half),True
Q001204,2024-02-20,Walk-in,B001547,2023-24 (half),True
Q005672,2024-02-20,Hotel Partner,,2023-24 (half),False
Q005787,2024-02-20,Instagram,,2023-24 (half),False
Q005923,2024-02-20,Walk-in,,2023-24 (half),False
Q005961,2024-02-20,OTA,,2023-24 (half),False
Q006047,2024-02-20,OTA,,2023-24 (half),False
Q006076,2024-02-20,Referral,,2023-24 (half),False
Q006089,2024-02-20,Website,,2023-24 (half),False
Q000836,2024-02-21,Hotel Partner,B001071,2023-24 (half),True
Q000846,2024-02-21,Hotel Partner,B001084,2023-24 (half),True
Q000903,2024-02-21,Website,B001164,2023-24 (half),True
Q000920,2024-02-21,Instagram,B001187,2023-24 (half),True
Q000933,2024-02-21,Walk-in,B001202,2023-24 (half),True
Q001062,2024-02-21,Instagram,B001375,2023-24 (half),True
Q001085,2024-02-21,Website,B001401,2023-24 (half),True
Q001128,2024-02-21,Website,B001458,2023-24 (half),True
Q001146,2024-02-21,Instagram,B001479,2023-24 (half),True
Q005583,2024-02-21,Walk-in,,2023-24 (half),False
Q005908,2024-02-21,Hotel Partner,,2023-24 (half),False
Q006072,2024-02-21,Referral,,2023-24 (half),False
Q006073,2024-02-21,Hotel Partner,,2023-24 (half),False
Q006241,2024-02-21,Walk-in,,2023-24 (half),False
Q006320,2024-02-21,Hotel Partner,,2023-24 (half),False
Q006461,2024-02-21,Instagram,,2023-24 (half),False
Q000880,2024-02-22,Walk-in,B001131,2023-24 (half),True
Q000972,2024-02-22,Walk-in,B001253,2023-24 (half),True
Q001006,2024-02-22,Walk-in,B001301,2023-24 (half),True
Q001014,2024-02-22,Website,B001310,2023-24 (half),True
Q001076,2024-02-22,Website,B001391,2023-24 (half),True
Q001080,2024-02-22,Walk-in,B001395,2023-24 (half),True
Q001082,2024-02-22,OTA,B001398,2023-24 (half),True
Q001097,2024-02-22,Walk-in,B001421,2023-24 (half),True
Q001115,2024-02-22,Instagram,B001441,2023-24 (half),True
Q001117,2024-02-22,Referral,B001443,2023-24 (half),True
Q001192,2024-02-22,Website,B001534,2023-24 (half),True
Q005563,2024-02-22,Walk-in,,2023-24 (half),False
Q005676,2024-02-22,Referral,,2023-24 (half),False
Q006019,2024-02-22,Referral,,2023-24 (half),False
Q006027,2024-02-22,Walk-in,,2023-24 (half),False
Q006136,2024-02-22,Walk-in,,2023-24 (half),False
Q000696,2024-02-23,Walk-in,B000886,2023-24 (half),True
Q000706,2024-02-23,Website,B000899,2023-24 (half),True
Q000756,2024-02-23,Walk-in,B000962,2023-24 (half),True
Q000894,2024-02-23,Website,B001149,2023-24 (half),True
Q000925,2024-02-23,Hotel Partner,B001192,2023-24 (half),True
Q000936,2024-02-23,Walk-in,B001205,2023-24 (half),True
Q000945,2024-02-23,Hotel Partner,B001218,2023-24 (half),True
Q000971,2024-02-23,Referral,B001249,2023-24 (half),True
Q000973,2024-02-23,Walk-in,B001256,2023-24 (half),True
Q000999,2024-02-23,Referral,B001290,2023-24 (half),True
Q001045,2024-02-23,Referral,B001356,2023-24 (half),True
Q001134,2024-02-23,Website,B001465,2023-24 (half),True
Q005648,2024-02-23,Walk-in,,2023-24 (half),False
Q005817,2024-02-23,Referral,,2023-24 (half),False
Q005872,2024-02-23,Instagram,,2023-24 (half),False
Q006000,2024-02-23,Website,,2023-24 (half),False
Q006081,2024-02-23,Website,,2023-24 (half),False
Q000723,2024-02-24,Referral,B000918,2023-24 (half),True
Q000789,2024-02-24,Walk-in,B001007,2023-24 (half),True
Q000835,2024-02-24,Referral,B001070,2023-24 (half),True
Q000883,2024-02-24,Referral,B001135,2023-24 (half),True
Q000888,2024-02-24,Website,B001141,2023-24 (half),True
Q000909,2024-02-24,Instagram,B001172,2023-24 (half),True
Q001042,2024-02-24,Walk-in,B001352,2023-24 (half),True
Q001056,2024-02-24,Website,B001368,2023-24 (half),True
Q001104,2024-02-24,Walk-in,B001428,2023-24 (half),True
Q001127,2024-02-24,Instagram,B001456,2023-24 (half),True
Q006022,2024-02-24,Hotel Partner,,2023-24 (half),False
Q006441,2024-02-24,Instagram,,2023-24 (half),False
Q006472,2024-02-24,Website,,2023-24 (half),False
Q000714,2024-02-25,Walk-in,B000909,2023-24 (half),True
Q000818,2024-02-25,Referral,B001046,2023-24 (half),True
Q000939,2024-02-25,Referral,B001209,2023-24 (half),True
Q000958,2024-02-25,Referral,B001232,2023-24 (half),True
Q000979,2024-02-25,OTA,B001263,2023-24 (half),True
Q001048,2024-02-25,Referral,B001360,2023-24 (half),True
Q001145,2024-02-25,Website,B001478,2023-24 (half),True
Q001183,2024-02-25,Website,B001523,2023-24 (half),True
Q005699,2024-02-25,OTA,,2023-24 (half),False
Q005913,2024-02-25,Walk-in,,2023-24 (half),False
Q005983,2024-02-25,Walk-in,,2023-24 (half),False
Q000848,2024-02-26,Website,B001087,2023-24 (half),True
Q000905,2024-02-26,Instagram,B001166,2023-24 (half),True
Q000918,2024-02-26,Walk-in,B001185,2023-24 (half),True
Q000954,2024-02-26,Walk-in,B001228,2023-24 (half),True
Q000988,2024-02-26,Website,B001273,2023-24 (half),True
Q001038,2024-02-26,Walk-in,B001347,2023-24 (half),True
Q001149,2024-02-26,Website,B001482,2023-24 (half),True
Q001188,2024-02-26,Walk-in,B001530,2023-24 (half),True
Q006357,2024-02-26,Website,,2023-24 (half),False
Q006402,2024-02-26,OTA,,2023-24 (half),False
Q000801,2024-02-27,Walk-in,B001024,2023-24 (half),True
Q000829,2024-02-27,Hotel Partner,B001063,2023-24 (half),True
Q000877,2024-02-27,Walk-in,B001128,2023-24 (half),True
Q000890,2024-02-27,Website,B001143,2023-24 (half),True
Q000969,2024-02-27,Instagram,B001247,2023-24 (half),True
Q001036,2024-02-27,OTA,B001344,2023-24 (half),True
Q001152,2024-02-27,Instagram,B001485,2023-24 (half),True
Q001155,2024-02-27,Website,B001489,2023-24 (half),True
Q005682,2024-02-27,Referral,,2023-24 (half),False
Q006014,2024-02-27,Hotel Partner,,2023-24 (half),False
Q006164,2024-02-27,OTA,,2023-24 (half),False
Q000783,2024-02-28,Website,B001000,2023-24 (half),True
Q000957,2024-02-28,Hotel Partner,B001231,2023-24 (half),True
Q001028,2024-02-28,Referral,B001332,2023-24 (half),True
Q001079,2024-02-28,Instagram,B001394,2023-24 (half),True
Q001088,2024-02-28,Walk-in,B001404,2023-24 (half),True
Q001107,2024-02-28,Walk-in,B001433,2023-24 (half),True
Q001154,2024-02-28,Website,B001488,2023-24 (half),True
Q001169,2024-02-28,Instagram,B001505,2023-24 (half),True
Q001206,2024-02-28,Website,B001549,2023-24 (half),True
Q005674,2024-02-28,Referral,,2023-24 (half),False
Q005835,2024-02-28,Walk-in,,2023-24 (half),False
Q006103,2024-02-28,Referral,,2023-24 (half),False
Q006194,2024-02-28,Walk-in,,2023-24 (half),False
Q006234,2024-02-28,Walk-in,,2023-24 (half),False
Q006316,2024-02-28,Referral,,2023-24 (half),False
Q006352,2024-02-28,Walk-in,,2023-24 (half),False
Q000966,2024-02-29,Hotel Partner,B001242,2023-24 (half),True
Q000984,2024-02-29,OTA,B001269,2023-24 (half),True
Q000991,2024-02-29,Referral,B001277,2023-24 (half),True
Q001039,2024-02-29,OTA,B001348,2023-24 (half),True
Q001100,2024-02-29,Referral,B001424,2023-24 (half),True
Q001195,2024-02-29,Instagram,B001537,2023-24 (half),True
Q005843,2024-02-29,Instagram,,2023-24 (half),False
Q006152,2024-02-29,Hotel Partner,,2023-24 (half),False
Q006318,2024-02-29,OTA,,2023-24 (half),False
Q006350,2024-02-29,OTA,,2023-24 (half),False
Q000833,2024-03-01,OTA,B001067,2023-24 (half),True
Q000923,2024-03-01,Instagram,B001189,2023-24 (half),True
Q001001,2024-03-01,Referral,B001294,2023-24 (half),True
Q001061,2024-03-01,Website,B001374,2023-24 (half),True
Q001205,2024-03-01,Walk-in,B001548,2023-24 (half),True
Q001265,2024-03-01,Instagram,B001636,2023-24 (half),True
Q005638,2024-03-01,Instagram,,2023-24 (half),False
Q005822,2024-03-01,Walk-in,,2023-24 (half),False
Q006033,2024-03-01,Referral,,2023-24 (half),False
Q006068,2024-03-01,Website,,2023-24 (half),False
Q006132,2024-03-01,Referral,,2023-24 (half),False
Q006227,2024-03-01,Walk-in,,2023-24 (half),False
Q006268,2024-03-01,Walk-in,,2023-24 (half),False
Q006273,2024-03-01,Instagram,,2023-24 (half),False
Q006381,2024-03-01,OTA,,2023-24 (half),False
Q006450,2024-03-01,Website,,2023-24 (half),False
Q001011,2024-03-02,Hotel Partner,B001306,2023-24 (half),True
Q001019,2024-03-02,Instagram,B001318,2023-24 (half),True
Q001064,2024-03-02,Walk-in,B001379,2023-24 (half),True
Q001094,2024-03-02,Instagram,B001413,2023-24 (half),True
Q001098,2024-03-02,Walk-in,B001422,2023-24 (half),True
Q001114,2024-03-02,Website,B001440,2023-24 (half),True
Q001182,2024-03-02,Website,B001521,2023-24 (half),True
Q005595,2024-03-02,Referral,,2023-24 (half),False
Q005758,2024-03-02,Referral,,2023-24 (half),False
Q006257,2024-03-02,Instagram,,2023-24 (half),False
Q006363,2024-03-02,Walk-in,,2023-24 (half),False
Q006373,2024-03-02,Website,,2023-24 (half),False
Q006426,2024-03-02,Walk-in,,2023-24 (half),False
Q006431,2024-03-02,Walk-in,,2023-24 (half),False
Q000870,2024-03-03,Walk-in,B001119,2023-24 (half),True
Q000908,2024-03-03,Referral,B001170,2023-24 (half),True
Q000942,2024-03-03,Walk-in,B001212,2023-24 (half),True
Q000975,2024-03-03,Walk-in,B001258,2023-24 (half),True
Q000978,2024-03-03,OTA,B001262,2023-24 (half),True
Q001000,2024-03-03,Referral,B001292,2023-24 (half),True
Q001029,2024-03-03,Walk-in,B001334,2023-24 (half),True
Q001032,2024-03-03,Instagram,B001338,2023-24 (half),True
Q001103,2024-03-03,Website,B001427,2023-24 (half),True
Q001141,2024-03-03,Hotel Partner,B001473,2023-24 (half),True
Q001180,2024-03-03,Instagram,B001519,2023-24 (half),True
Q001256,2024-03-03,Walk-in,B001618,2023-24 (half),True
Q001261,2024-03-03,Website,B001631,2023-24 (half),True
Q005685,2024-03-03,OTA,,2023-24 (half),False
Q005696,2024-03-03,Walk-in,,2023-24 (half),False
Q005716,2024-03-03,OTA,,2023-24 (half),False
Q005745,2024-03-03,OTA,,2023-24 (half),False
Q005796,2024-03-03,Hotel Partner,,2023-24 (half),False
Q006002,2024-03-03,OTA,,2023-24 (half),False
Q006442,2024-03-03,Walk-in,,2023-24 (half),False
Q000851,2024-03-04,Walk-in,B001090,2023-24 (half),True
Q000930,2024-03-04,Referral,B001199,2023-24 (half),True
Q000949,2024-03-04,Instagram,B001223,2023-24 (half),True
Q001044,2024-03-04,Hotel Partner,B001355,2023-24 (half),True
Q001046,2024-03-04,Instagram,B001357,2023-24 (half),True
Q001089,2024-03-04,Hotel Partner,B001407,2023-24 (half),True
Q001144,2024-03-04,Website,B001477,2023-24 (half),True
Q001156,2024-03-04,Hotel Partner,B001490,2023-24 (half),True
Q001209,2024-03-04,Website,B001553,2023-24 (half),True
Q005587,2024-03-04,Website,,2023-24 (half),False
Q000929,2024-03-05,Hotel Partner,B001198,2023-24 (half),True
Q001007,2024-03-05,Walk-in,B001302,2023-24 (half),True
Q001024,2024-03-05,Website,B001326,2023-24 (half),True
Q001074,2024-03-05,Referral,B001389,2023-24 (half),True
Q001095,2024-03-05,Walk-in,B001419,2023-24 (half),True
Q001178,2024-03-05,Walk-in,B001517,2023-24 (half),True
Q001193,2024-03-05,Website,B001535,2023-24 (half),True
Q005678,2024-03-05,Referral,,2023-24 (half),False
Q005714,2024-03-05,Website,,2023-24 (half),False
Q005825,2024-03-05,Website,,2023-24 (half),False
Q006106,2024-03-05,Referral,,2023-24 (half),False
Q006288,2024-03-05,Walk-in,,2023-24 (half),False
Q006474,2024-03-05,Website,,2023-24 (half),False
Q006488,2024-03-05,Referral,,2023-24 (half),False
Q000901,2024-03-06,Walk-in,B001160,2023-24 (half),True
Q000937,2024-03-06,Website,B001206,2023-24 (half),True
Q001071,2024-03-06,Hotel Partner,B001386,2023-24 (half),True
Q001096,2024-03-06,Walk-in,B001420,2023-24 (half),True
Q001122,2024-03-06,Instagram,B001448,2023-24 (half),True
Q001130,2024-03-06,Walk-in,B001460,2023-24 (half),True
Q001162,2024-03-06,Website,B001498,2023-24 (half),True
Q001167,2024-03-06,Website,B001503,2023-24 (half),True
Q001177,2024-03-06,Walk-in,B001516,2023-24 (half),True
Q001202,2024-03-06,Website,B001544,2023-24 (half),True
Q001229,2024-03-06,Walk-in,B001582,2023-24 (half),True
Q001255,2024-03-06,Website,B001617,2023-24 (half),True
Q001278,2024-03-06,Walk-in,B001658,2023-24 (half),True
Q005848,2024-03-06,Website,,2023-24 (half),False
Q005885,2024-03-06,Website,,2023-24 (half),False
Q006238,2024-03-06,Instagram,,2023-24 (half),False
Q006465,2024-03-06,OTA,,2023-24 (half),False
Q000872,2024-03-07,Referral,B001122,2023-24 (half),True
Q001050,2024-03-07,Referral,B001362,2023-24 (half),True
Q001164,2024-03-07,Referral,B001500,2023-24 (half),True
Q001252,2024-03-07,Instagram,B001614,2023-24 (half),True
Q001280,2024-03-07,Referral,B001660,2023-24 (half),True
Q005634,2024-03-07,Walk-in,,2023-24 (half),False
Q005832,2024-03-07,Hotel Partner,,2023-24 (half),False
Q005910,2024-03-07,OTA,,2023-24 (half),False
Q005999,2024-03-07,Referral,,2023-24 (half),False
Q006056,2024-03-07,Instagram,,2023-24 (half),False
Q006062,2024-03-07,Website,,2023-24 (half),False
Q006230,2024-03-07,OTA,,2023-24 (half),False
Q006282,2024-03-07,Hotel Partner,,2023-24 (half),False
Q006293,2024-03-07,Website,,2023-24 (half),False
Q006337,2024-03-07,Instagram,,2023-24 (half),False
Q000864,2024-03-08,Walk-in,B001113,2023-24 (half),True
Q000940,2024-03-08,Website,B001210,2023-24 (half),True
Q001023,2024-03-08,Hotel Partner,B001324,2023-24 (half),True
Q001157,2024-03-08,Walk-in,B001492,2023-24 (half),True
Q001203,2024-03-08,Hotel Partner,B001545,2023-24 (half),True
Q001207,2024-03-08,Referral,B001550,2023-24 (half),True
Q005840,2024-03-08,Walk-in,,2023-24 (half),False
Q006141,2024-03-08,Walk-in,,2023-24 (half),False
Q006190,2024-03-08,Walk-in,,2023-24 (half),False
Q006387,2024-03-08,Hotel Partner,,2023-24 (half),False
Q000899,2024-03-09,Hotel Partner,B001157,2023-24 (half),True
Q000919,2024-03-09,Walk-in,B001186,2023-24 (half),True
Q000977,2024-03-09,Instagram,B001260,2023-24 (half),True
Q001077,2024-03-09,OTA,B001392,2023-24 (half),True
Q001078,2024-03-09,Website,B001393,2023-24 (half),True
Q001109,2024-03-09,OTA,B001435,2023-24 (half),True
Q005601,2024-03-09,OTA,,2023-24 (half),False
Q005975,2024-03-09,Walk-in,,2023-24 (half),False
Q005981,2024-03-09,Walk-in,,2023-24 (half),False
Q006018,2024-03-09,Referral,,2023-24 (half),False
Q006061,2024-03-09,Walk-in,,2023-24 (half),False
Q006271,2024-03-09,Website,,2023-24 (half),False
Q000932,2024-03-10,Hotel Partner,B001201,2023-24 (half),True
Q001034,2024-03-10,Website,B001340,2023-24 (half),True
Q001120,2024-03-10,Instagram,B001446,2023-24 (half),True
Q001199,2024-03-10,Walk-in,B001541,2023-24 (half),True
Q001227,2024-03-10,Referral,B001580,2023-24 (half),True
Q005656,2024-03-10,Walk-in,,2023-24 (half),False
Q006001,2024-03-10,Website,,2023-24 (half),False
Q006097,2024-03-10,Website,,2023-24 (half),False
Q006219,2024-03-10,Walk-in,,2023-24 (half),False
Q006454,2024-03-10,Walk-in,,2023-24 (half),False
Q000857,2024-03-11,Referral,B001103,2023-24 (half),True
Q000896,2024-03-11,OTA,B001154,2023-24 (half),True
Q000941,2024-03-11,Website,B001211,2023-24 (half),True
Q001041,2024-03-11,Instagram,B001351,2023-24 (half),True
Q001054,2024-03-11,OTA,B001366,2023-24 (half),True
Q001210,2024-03-11,Instagram,B001554,2023-24 (half),True
Q001336,2024-03-11,OTA,B001726,2023-24 (half),True
Q001347,2024-03-11,Hotel Partner,B001743,2023-24 (half),True
Q005588,2024-03-11,Walk-in,,2023-24 (half),False
Q005639,2024-03-11,Referral,,2023-24 (half),False
Q005726,2024-03-11,OTA,,2023-24 (half),False
Q006049,2024-03-11,OTA,,2023-24 (half),False
Q006171,2024-03-11,Walk-in,,2023-24 (half),False
Q000952,2024-03-12,Instagram,B001226,2023-24 (half),True
Q001003,2024-03-12,Website,B001297,2023-24 (half),True
Q001116,2024-03-12,Walk-in,B001442,2023-24 (half),True
Q001118,2024-03-12,Referral,B001444,2023-24 (half),True
Q001121,2024-03-12,Walk-in,B001447,2023-24 (half),True
Q001181,2024-03-12,Walk-in,B001520,2023-24 (half),True
Q001223,2024-03-12,Referral,B001575,2023-24 (half),True
Q001293,2024-03-12,Website,B001674,2023-24 (half),True
Q005644,2024-03-12,Website,,2023-24 (half),False
Q005750,2024-03-12,Walk-in,,2023-24 (half),False
Q005821,2024-03-12,Website,,2023-24 (half),False
Q005878,2024-03-12,Walk-in,,2023-24 (half),False
Q006102,2024-03-12,Walk-in,,2023-24 (half),False
Q006122,2024-03-12,OTA,,2023-24 (half),False
Q006146,2024-03-12,Hotel Partner,,2023-24 (half),False
Q006148,2024-03-12,Walk-in,,2023-24 (half),False
Q000990,2024-03-13,OTA,B001276,2023-24 (half),True
Q001172,2024-03-13,Instagram,B001510,2023-24 (half),True
Q001225,2024-03-13,OTA,B001577,2023-24 (half),True
Q005662,2024-03-13,Walk-in,,2023-24 (half),False
Q005734,2024-03-13,Walk-in,,2023-24 (half),False
Q005951,2024-03-13,Walk-in,,2023-24 (half),False
Q006038,2024-03-13,Walk-in,,2023-24 (half),False
Q006331,2024-03-13,Walk-in,,2023-24 (half),False
Q006393,2024-03-13,Referral,,2023-24 (half),False
Q006451,2024-03-13,Website,,2023-24 (half),False
Q006485,2024-03-13,Referral,,2023-24 (half),False
Q000959,2024-03-14,Walk-in,B001233,2023-24 (half),True
Q001009,2024-03-14,Website,B001304,2023-24 (half),True
Q001125,2024-03-14,Hotel Partner,B001452,2023-24 (half),True
Q001287,2024-03-14,Referral,B001667,2023-24 (half),True
Q001321,2024-03-14,Referral,B001709,2023-24 (half),True
Q005671,2024-03-14,Walk-in,,2023-24 (half),False
Q005789,2024-03-14,Instagram,,2023-24 (half),False
Q005839,2024-03-14,Hotel Partner,,2023-24 (half),False
Q006052,2024-03-14,Hotel Partner,,2023-24 (half),False
Q006093,2024-03-14,Website,,2023-24 (half),False
Q001015,2024-03-15,Website,B001311,2023-24 (half),True
Q001090,2024-03-15,Referral,B001409,2023-24 (half),True
Q001171,2024-03-15,Referral,B001507,2023-24 (half),True
Q001175,2024-03-15,Walk-in,B001513,2023-24 (half),True
Q001232,2024-03-15,OTA,B001585,2023-24 (half),True
Q005602,2024-03-15,Website,,2023-24 (half),False
Q005650,2024-03-15,Referral,,2023-24 (half),False
Q005819,2024-03-15,Website,,2023-24 (half),False
Q005852,2024-03-15,OTA,,2023-24 (half),False
Q005892,2024-03-15,Walk-in,,2023-24 (half),False
Q005959,2024-03-15,OTA,,2023-24 (half),False
Q006123,2024-03-15,Walk-in,,2023-24 (half),False
Q006125,2024-03-15,Website,,2023-24 (half),False
Q006253,2024-03-15,Walk-in,,2023-24 (half),False
Q006380,2024-03-15,OTA,,2023-24 (half),False
Q000948,2024-03-16,Hotel Partner,B001222,2023-24 (half),True
Q001081,2024-03-16,Instagram,B001397,2023-24 (half),True
Q001112,2024-03-16,Website,B001438,2023-24 (half),True
Q001158,2024-03-16,Hotel Partner,B001493,2023-24 (half),True
Q001165,2024-03-16,Referral,B001501,2023-24 (half),True
Q001174,2024-03-16,Referral,B001512,2023-24 (half),True
Q001235,2024-03-16,Hotel Partner,B001588,2023-24 (half),True
Q001247,2024-03-16,Walk-in,B001608,2023-24 (half),True
Q001273,2024-03-16,Walk-in,B001650,2023-24 (half),True
Q005594,2024-03-16,Instagram,,2023-24 (half),False
Q005809,2024-03-16,Website,,2023-24 (half),False
Q005831,2024-03-16,Instagram,,2023-24 (half),False
Q005903,2024-03-16,Walk-in,,2023-24 (half),False
Q006028,2024-03-16,Walk-in,,2023-24 (half),False
Q006041,2024-03-16,Website,,2023-24 (half),False
Q006186,2024-03-16,Walk-in,,2023-24 (half),False
Q006198,2024-03-16,Referral,,2023-24 (half),False
Q006277,2024-03-16,Website,,2023-24 (half),False
Q001059,2024-03-17,Hotel Partner,B001372,2023-24 (half),True
Q001093,2024-03-17,Referral,B001412,2023-24 (half),True
Q001138,2024-03-17,Website,B001470,2023-24 (half),True
Q001150,2024-03-17,Instagram,B001483,2023-24 (half),True
Q001267,2024-03-17,Hotel Partner,B001640,2023-24 (half),True
Q001318,2024-03-17,Walk-in,B001704,2023-24 (half),True
Q001335,2024-03-17,Website,B001725,2023-24 (half),True
Q005723,2024-03-17,Walk-in,,2023-24 (half),False
Q005760,2024-03-17,Hotel Partner,,2023-24 (half),False
Q005986,2024-03-17,Instagram,,2023-24 (half),False
Q001067,2024-03-18,Hotel Partner,B001382,2023-24 (half),True
Q001242,2024-03-18,Instagram,B001600,2023-24 (half),True
Q001248,2024-03-18,Website,B001609,2023-24 (half),True
Q001258,2024-03-18,Walk-in,B001620,2023-24 (half),True
Q001283,2024-03-18,Website,B001663,2023-24 (half),True
Q001291,2024-03-18,Walk-in,B001672,2023-24 (half),True
Q001297,2024-03-18,Hotel Partner,B001678,2023-24 (half),True
Q001373,2024-03-18,Walk-in,B001779,2023-24 (half),True
Q005579,2024-03-18,OTA,,2023-24 (half),False
Q005581,2024-03-18,Website,,2023-24 (half),False
Q005706,2024-03-18,Walk-in,,2023-24 (half),False
Q005733,2024-03-18,Instagram,,2023-24 (half),False
Q005804,2024-03-18,Referral,,2023-24 (half),False
Q006188,2024-03-18,Website,,2023-24 (half),False
Q000993,2024-03-19,Hotel Partner,B001280,2023-24 (half),True
Q001026,2024-03-19,Hotel Partner,B001329,2023-24 (half),True
Q001215,2024-03-19,Referral,B001563,2023-24 (half),True
Q001236,2024-03-19,OTA,B001590,2023-24 (half),True
Q001245,2024-03-19,Referral,B001603,2023-24 (half),True
Q001249,2024-03-19,Walk-in,B001610,2023-24 (half),True
Q001325,2024-03-19,OTA,B001713,2023-24 (half),True
Q005875,2024-03-19,Instagram,,2023-24 (half),False
Q005904,2024-03-19,Hotel Partner,,2023-24 (half),False
Q005942,2024-03-19,OTA,,2023-24 (half),False
Q005963,2024-03-19,Referral,,2023-24 (half),False
Q006046,2024-03-19,Walk-in,,2023-24 (half),False
Q006251,2024-03-19,Instagram,,2023-24 (half),False
Q001073,2024-03-20,Instagram,B001388,2023-24 (half),True
Q001108,2024-03-20,OTA,B001434,2023-24 (half),True
Q001135,2024-03-20,OTA,B001466,2023-24 (half),True
Q001216,2024-03-20,Instagram,B001564,2023-24 (half),True
Q001226,2024-03-20,Hotel Partner,B001578,2023-24 (half),True
Q001237,2024-03-20,Website,B001591,2023-24 (half),True
Q005753,2024-03-20,Website,,2023-24 (half),False
Q005855,2024-03-20,Instagram,,2023-24 (half),False
Q005900,2024-03-20,Website,,2023-24 (half),False
Q005905,2024-03-20,Website,,2023-24 (half),False
Q005945,2024-03-20,Walk-in,,2023-24 (half),False
Q005979,2024-03-20,Instagram,,2023-24 (half),False
Q006354,2024-03-20,Walk-in,,2023-24 (half),False
Q001091,2024-03-21,Walk-in,B001410,2023-24 (half),True
Q001220,2024-03-21,Instagram,B001572,2023-24 (half),True
Q001263,2024-03-21,OTA,B001633,2023-24 (half),True
Q001314,2024-03-21,Referral,B001700,2023-24 (half),True
Q001331,2024-03-21,Instagram,B001720,2023-24 (half),True
Q001350,2024-03-21,Walk-in,B001748,2023-24 (half),True
Q005673,2024-03-21,Referral,,2023-24 (half),False
Q005740,2024-03-21,Hotel Partner,,2023-24 (half),False
Q005763,2024-03-21,Walk-in,,2023-24 (half),False
Q005818,2024-03-21,Referral,,2023-24 (half),False
Q006024,2024-03-21,Instagram,,2023-24 (half),False
Q006410,2024-03-21,Hotel Partner,,2023-24 (half),False
Q006462,2024-03-21,Hotel Partner,,2023-24 (half),False
Q001106,2024-03-22,Walk-in,B001430,2023-24 (half),True
Q001244,2024-03-22,Hotel Partner,B001602,2023-24 (half),True
Q001260,2024-03-22,Walk-in,B001626,2023-24 (half),True
Q001295,2024-03-22,Website,B001676,2023-24 (half),True
Q001319,2024-03-22,Hotel Partner,B001706,2023-24 (half),True
Q005624,2024-03-22,Instagram,,2023-24 (half),False
Q005799,2024-03-22,Referral,,2023-24 (half),False
Q006428,2024-03-22,OTA,,2023-24 (half),False
Q001055,2024-03-23,Website,B001367,2023-24 (half),True
Q001168,2024-03-23,Referral,B001504,2023-24 (half),True
Q001201,2024-03-23,Walk-in,B001543,2023-24 (half),True
Q001282,2024-03-23,Hotel Partner,B001662,2023-24 (half),True
Q001344,2024-03-23,Website,B001740,2023-24 (half),True
Q005765,2024-03-23,Hotel Partner,,2023-24 (half),False
Q005775,2024-03-23,Referral,,2023-24 (half),False
Q005779,2024-03-23,Website,,2023-24 (half),False
Q006118,2024-03-23,Instagram,,2023-24 (half),False
Q001132,2024-03-24,Website,B001462,2023-24 (half),True
Q001290,2024-03-24,Referral,B001671,2023-24 (half),True
Q005593,2024-03-24,Walk-in,,2023-24 (half),False
Q005816,2024-03-24,Walk-in,,2023-24 (half),False
Q005909,2024-03-24,Walk-in,,2023-24 (half),False
Q006182,2024-03-24,Hotel Partner,,2023-24 (half),False
Q006235,2024-03-24,Website,,2023-24 (half),False
Q001119,2024-03-25,OTA,B001445,2023-24 (half),True
Q001137,2024-03-25,Referral,B001469,2023-24 (half),True
Q001148,2024-03-25,Website,B001481,2023-24 (half),True
Q001191,2024-03-25,Instagram,B001533,2023-24 (half),True
Q001276,2024-03-25,Walk-in,B001656,2023-24 (half),True
Q001281,2024-03-25,Hotel Partner,B001661,2023-24 (half),True
Q001289,2024-03-25,Website,B001670,2023-24 (half),True
Q001303,2024-03-25,OTA,B001686,2023-24 (half),True
Q001326,2024-03-25,Referral,B001714,2023-24 (half),True
Q005573,2024-03-25,Hotel Partner,,2023-24 (half),False
Q005653,2024-03-25,Hotel Partner,,2023-24 (half),False
Q005833,2024-03-25,Walk-in,,2023-24 (half),False
Q005846,2024-03-25,Hotel Partner,,2023-24 (half),False
Q005946,2024-03-25,Walk-in,,2023-24 (half),False
Q005995,2024-03-25,OTA,,2023-24 (half),False
Q006071,2024-03-25,Instagram,,2023-24 (half),False
Q006142,2024-03-25,Hotel Partner,,2023-24 (half),False
Q006224,2024-03-25,Walk-in,,2023-24 (half),False
Q006321,2024-03-25,Hotel Partner,,2023-24 (half),False
Q006329,2024-03-25,Instagram,,2023-24 (half),False
Q001140,2024-03-26,Instagram,B001472,2023-24 (half),True
Q001151,2024-03-26,Walk-in,B001484,2023-24 (half),True
Q001166,2024-03-26,Walk-in,B001502,2023-24 (half),True
Q001184,2024-03-26,Website,B001524,2023-24 (half),True
Q001190,2024-03-26,Website,B001532,2023-24 (half),True
Q001271,2024-03-26,Walk-in,B001646,2023-24 (half),True
Q001305,2024-03-26,Walk-in,B001690,2023-24 (half),True
Q001312,2024-03-26,Hotel Partner,B001697,2023-24 (half),True
Q001348,2024-03-26,Website,B001744,2023-24 (half),True
Q001369,2024-03-26,Walk-in,B001774,2023-24 (half),True
Q001383,2024-03-26,Website,B001792,2023-24 (half),True
Q001432,2024-03-26,Referral,B001855,2023-24 (half),True
Q005795,2024-03-26,Website,,2023-24 (half),False
Q005827,2024-03-26,Walk-in,,2023-24 (half),False
Q005971,2024-03-26,Website,,2023-24 (half),False
Q006443,2024-03-26,Instagram,,2023-24 (half),False
Q006449,2024-03-26,Website,,2023-24 (half),False
Q001176,2024-03-27,Walk-in,B001514,2023-24 (half),True
Q001187,2024-03-27,Website,B001529,2023-24 (half),True
Q001238,2024-03-27,Hotel Partner,B001592,2023-24 (half),True
Q001251,2024-03-27,Walk-in,B001612,2023-24 (half),True
Q001275,2024-03-27,OTA,B001652,2023-24 (half),True
Q001396,2024-03-27,Website,B001810,2023-24 (half),True
Q005681,2024-03-27,Walk-in,,2023-24 (half),False
Q005889,2024-03-27,Website,,2023-24 (half),False
Q006401,2024-03-27,Walk-in,,2023-24 (half),False
Q001170,2024-03-28,Website,B001506,2023-24 (half),True
Q001196,2024-03-28,Hotel Partner,B001538,2023-24 (half),True
Q001320,2024-03-28,Website,B001707,2023-24 (half),True
Q001340,2024-03-28,Walk-in,B001734,2023-24 (half),True
Q001357,2024-03-28,OTA,B001756,2023-24 (half),True
Q005746,2024-03-28,Walk-in,,2023-24 (half),False
Q006034,2024-03-28,Walk-in,,2023-24 (half),False
Q006143,2024-03-28,Referral,,2023-24 (half),False
Q006206,2024-03-28,Walk-in,,2023-24 (half),False
Q006369,2024-03-28,Instagram,,2023-24 (half),False
Q001212,2024-03-29,OTA,B001556,2023-24 (half),True
Q001214,2024-03-29,Referral,B001560,2023-24 (half),True
Q001257,2024-03-29,Website,B001619,2023-24 (half),True
Q001274,2024-03-29,Hotel Partner,B001651,2023-24 (half),True
Q001333,2024-03-29,Walk-in,B001723,2023-24 (half),True
Q001355,2024-03-29,Hotel Partner,B001754,2023-24 (half),True
Q001367,2024-03-29,Referral,B001769,2023-24 (half),True
Q005596,2024-03-29,Walk-in,,2023-24 (half),False
Q005691,2024-03-29,Instagram,,2023-24 (half),False
Q005752,2024-03-29,Referral,,2023-24 (half),False
Q006166,2024-03-29,Walk-in,,2023-24 (half),False
Q006204,2024-03-29,OTA,,2023-24 (half),False
Q006233,2024-03-29,Hotel Partner,,2023-24 (half),False
Q006272,2024-03-29,Walk-in,,2023-24 (half),False
Q006324,2024-03-29,Instagram,,2023-24 (half),False
Q006452,2024-03-29,Hotel Partner,,2023-24 (half),False
Q001143,2024-03-30,Website,B001476,2023-24 (half),True
Q001161,2024-03-30,Walk-in,B001497,2023-24 (half),True
Q001233,2024-03-30,Referral,B001586,2023-24 (half),True
Q001269,2024-03-30,Instagram,B001644,2023-24 (half),True
Q001296,2024-03-30,Referral,B001677,2023-24 (half),True
Q001375,2024-03-30,Hotel Partner,B001782,2023-24 (half),True
Q001384,2024-03-30,Hotel Partner,B001795,2023-24 (half),True
Q005572,2024-03-30,Website,,2023-24 (half),False
Q005860,2024-03-30,Instagram,,2023-24 (half),False
Q005948,2024-03-30,Instagram,,2023-24 (half),False
Q006092,2024-03-30,Referral,,2023-24 (half),False
Q006203,2024-03-30,Website,,2023-24 (half),False
Q006353,2024-03-30,Walk-in,,2023-24 (half),False
Q001111,2024-03-31,Instagram,B001437,2023-24 (half),True
Q001129,2024-03-31,Walk-in,B001459,2023-24 (half),True
Q001163,2024-03-31,Website,B001499,2023-24 (half),True
Q001197,2024-03-31,Walk-in,B001539,2023-24 (half),True
Q001200,2024-03-31,Website,B001542,2023-24 (half),True
Q001240,2024-03-31,Hotel Partner,B001597,2023-24 (half),True
Q001292,2024-03-31,Walk-in,B001673,2023-24 (half),True
Q001393,2024-03-31,Referral,B001807,2023-24 (half),True
Q005756,2024-03-31,Hotel Partner,,2023-24 (half),False
Q005853,2024-03-31,Instagram,,2023-24 (half),False
Q005868,2024-03-31,Instagram,,2023-24 (half),False
Q006003,2024-03-31,Website,,2023-24 (half),False
Q001194,2024-04-01,OTA,B001536,2023-24 (half),True
Q001221,2024-04-01,Walk-in,B001573,2023-24 (half),True
Q001359,2024-04-01,Walk-in,B001759,2023-24 (half),True
Q005659,2024-04-01,Instagram,,2023-24 (half),False
Q005675,2024-04-01,Instagram,,2023-24 (half),False
Q005751,2024-04-01,Walk-in,,2023-24 (half),False
Q005813,2024-04-01,Website,,2023-24 (half),False
Q006173,2024-04-01,Referral,,2023-24 (half),False
Q006263,2024-04-01,Website,,2023-24 (half),False
Q006309,2024-04-01,Walk-in,,2023-24 (half),False
Q006343,2024-04-01,Referral,,2023-24 (half),False
Q006477,2024-04-01,Walk-in,,2023-24 (half),False
Q006484,2024-04-01,Website,,2023-24 (half),False
Q001124,2024-04-02,Walk-in,B001451,2023-24 (half),True
Q001153,2024-04-02,Website,B001487,2023-24 (half),True
Q001160,2024-04-02,Website,B001495,2023-24 (half),True
Q001179,2024-04-02,Hotel Partner,B001518,2023-24 (half),True
Q001185,2024-04-02,Website,B001527,2023-24 (half),True
Q001302,2024-04-02,Referral,B001684,2023-24 (half),True
Q001329,2024-04-02,Website,B001717,2023-24 (half),True
Q001430,2024-04-02,Walk-in,B001852,2023-24 (half),True
Q005622,2024-04-02,Walk-in,,2023-24 (half),False
Q005722,2024-04-02,Referral,,2023-24 (half),False
Q005730,2024-04-02,Walk-in,,2023-24 (half),False
Q005794,2024-04-02,Instagram,,2023-24 (half),False
Q005922,2024-04-02,Walk-in,,2023-24 (half),False
Q006057,2024-04-02,Instagram,,2023-24 (half),False
Q006161,2024-04-02,Walk-in,,2023-24 (half),False
Q006180,2024-04-02,Instagram,,2023-24 (half),False
Q006396,2024-04-02,Instagram,,2023-24 (half),False
Q001147,2024-04-03,Hotel Partner,B001480,2023-24 (half),True
Q001213,2024-04-03,Walk-in,B001557,2023-24 (half),True
Q001311,2024-04-03,Referral,B001696,2023-24 (half),True
Q001313,2024-04-03,Website,B001699,2023-24 (half),True
Q001362,2024-04-03,Referral,B001762,2023-24 (half),True
Q001407,2024-04-03,Walk-in,B001822,2023-24 (half),True
Q001408,2024-04-03,Instagram,B001823,2023-24 (half),True
Q005598,2024-04-03,Walk-in,,2023-24 (half),False
Q005604,2024-04-03,Hotel Partner,,2023-24 (half),False
Q005731,2024-04-03,Instagram,,2023-24 (half),False
Q005842,2024-04-03,Walk-in,,2023-24 (half),False
Q005915,2024-04-03,Walk-in,,2023-24 (half),False
Q005940,2024-04-03,Walk-in,,2023-24 (half),False
Q006279,2024-04-03,Instagram,,2023-24 (half),False
Q006397,2024-04-03,Walk-in,,2023-24 (half),False
Q006486,2024-04-03,Instagram,,2023-24 (half),False
Q001102,2024-04-04,Instagram,B001426,2023-24 (half),True
Q001224,2024-04-04,Website,B001576,2023-24 (half),True
Q001228,2024-04-04,Website,B001581,2023-24 (half),True
Q001234,2024-04-04,OTA,B001587,2023-24 (half),True
Q001241,2024-04-04,Instagram,B001599,2023-24 (half),True
Q001270,2024-04-04,Website,B001645,2023-24 (half),True
Q001309,2024-04-04,Referral,B001694,2023-24 (half),True
Q005564,2024-04-04,Website,,2023-24 (half),False
Q005888,2024-04-04,Website,,2023-24 (half),False
Q006333,2024-04-04,Hotel Partner,,2023-24 (half),False
Q001219,2024-04-05,Walk-in,B001570,2023-24 (half),True
Q001288,2024-04-05,Walk-in,B001668,2023-24 (half),True
Q001310,2024-04-05,OTA,B001695,2023-24 (half),True
Q001330,2024-04-05,OTA,B001718,2023-24 (half),True
Q001365,2024-04-05,Website,B001767,2023-24 (half),True
Q001381,2024-04-05,Website,B001789,2023-24 (half),True
Q001457,2024-04-05,Walk-in,B001885,2023-24 (half),True
Q005938,2024-04-05,Website,,2023-24 (half),False
Q005943,2024-04-05,Instagram,,2023-24 (half),False
Q005954,2024-04-05,Instagram,,2023-24 (half),False
Q005994,2024-04-05,Referral,,2023-24 (half),False
Q006209,2024-04-05,Walk-in,,2023-24 (half),False
Q006300,2024-04-05,OTA,,2023-24 (half),False
Q006323,2024-04-05,Website,,2023-24 (half),False
Q006457,2024-04-05,Walk-in,,2023-24 (half),False
Q001133,2024-04-06,Referral,B001463,2023-24 (half),True
Q001139,2024-04-06,OTA,B001471,2023-24 (half),True
Q001277,2024-04-06,Walk-in,B001657,2023-24 (half),True
Q001339,2024-04-06,Hotel Partner,B001731,2023-24 (half),True
Q001371,2024-04-06,Website,B001776,2023-24 (half),True
Q001388,2024-04-06,Walk-in,B001802,2023-24 (half),True
Q001395,2024-04-06,Walk-in,B001809,2023-24 (half),True
Q001403,2024-04-06,Walk-in,B001817,2023-24 (half),True
Q005871,2024-04-06,Walk-in,,2023-24 (half),False
Q006121,2024-04-06,Website,,2023-24 (half),False
Q006155,2024-04-06,Instagram,,2023-24 (half),False
Q006299,2024-04-06,Referral,,2023-24 (half),False
Q006326,2024-04-06,Walk-in,,2023-24 (half),False
Q001159,2024-04-07,Referral,B001494,2023-24 (half),True
Q001266,2024-04-07,Website,B001638,2023-24 (half),True
Q001294,2024-04-07,Hotel Partner,B001675,2023-24 (half),True
Q001301,2024-04-07,Walk-in,B001683,2023-24 (half),True
Q001451,2024-04-07,Website,B001878,2023-24 (half),True
Q005687,2024-04-07,Walk-in,,2023-24 (half),False
Q005898,2024-04-07,Hotel Partner,,2023-24 (half),False
Q005911,2024-04-07,Website,,2023-24 (half),False
Q005992,2024-04-07,Referral,,2023-24 (half),False
Q006017,2024-04-07,Walk-in,,2023-24 (half),False
Q006051,2024-04-07,Walk-in,,2023-24 (half),False
Q006063,2024-04-07,Referral,,2023-24 (half),False
Q006069,2024-04-07,Website,,2023-24 (half),False
Q006086,2024-04-07,OTA,,2023-24 (half),False
Q001186,2024-04-08,Referral,B001528,2023-24 (half),True
Q001217,2024-04-08,Website,B001565,2023-24 (half),True
Q001239,2024-04-08,OTA,B001594,2023-24 (half),True
Q001246,2024-04-08,Referral,B001605,2023-24 (half),True
Q001284,2024-04-08,Hotel Partner,B001664,2023-24 (half),True
Q001308,2024-04-08,Instagram,B001693,2023-24 (half),True
Q001366,2024-04-08,Website,B001768,2023-24 (half),True
Q005571,2024-04-08,Referral,,2023-24 (half),False
Q005643,2024-04-08,Website,,2023-24 (half),False
Q005695,2024-04-08,Walk-in,,2023-24 (half),False
Q005778,2024-04-08,Walk-in,,2023-24 (half),False
Q005781,2024-04-08,Instagram,,2023-24 (half),False
Q005808,2024-04-08,Walk-in,,2023-24 (half),False
Q005987,2024-04-08,Instagram,,2023-24 (half),False
Q006025,2024-04-08,Website,,2023-24 (half),False
Q006075,2024-04-08,Walk-in,,2023-24 (half),False
Q006080,2024-04-08,Instagram,,2023-24 (half),False
Q006151,2024-04-08,Hotel Partner,,2023-24 (half),False
Q006237,2024-04-08,Website,,2023-24 (half),False
Q006391,2024-04-08,Referral,,2023-24 (half),False
Q001211,2024-04-09,Referral,B001555,2023-24 (half),True
Q001230,2024-04-09,Website,B001583,2023-24 (half),True
Q001279,2024-04-09,Instagram,B001659,2023-24 (half),True
Q001307,2024-04-09,Hotel Partner,B001692,2023-24 (half),True
Q001392,2024-04-09,Referral,B001806,2023-24 (half),True
Q001398,2024-04-09,Website,B001812,2023-24 (half),True
Q005663,2024-04-09,Website,,2023-24 (half),False
Q005762,2024-04-09,Walk-in,,2023-24 (half),False
Q005769,2024-04-09,Referral,,2023-24 (half),False
Q005859,2024-04-09,Instagram,,2023-24 (half),False
Q006172,2024-04-09,Walk-in,,2023-24 (half),False
Q006248,2024-04-09,Website,,2023-24 (half),False
Q006418,2024-04-09,Walk-in,,2023-24 (half),False
Q001189,2024-04-10,Website,B001531,2023-24 (half),True
Q001218,2024-04-10,Website,B001568,2023-24 (half),True
Q001317,2024-04-10,Website,B001703,2023-24 (half),True
Q001338,2024-04-10,Hotel Partner,B001729,2023-24 (half),True
Q005652,2024-04-10,Website,,2023-24 (half),False
Q006162,2024-04-10,Instagram,,2023-24 (half),False
Q006218,2024-04-10,Walk-in,,2023-24 (half),False
Q006453,2024-04-10,Website,,2023-24 (half),False
Q001198,2024-04-11,Referral,B001540,2023-24 (half),True
Q001286,2024-04-11,Website,B001666,2023-24 (half),True
Q001300,2024-04-11,Hotel Partner,B001682,2023-24 (half),True
Q001327,2024-04-11,Website,B001715,2023-24 (half),True
Q001358,2024-04-11,Walk-in,B001757,2023-24 (half),True
Q005574,2024-04-11,Walk-in,,2023-24 (half),False
Q005705,2024-04-11,Walk-in,,2023-24 (half),False
Q005749,2024-04-11,Website,,2023-24 (half),False
Q005837,2024-04-11,Website,,2023-24 (half),False
Q006006,2024-04-11,Walk-in,,2023-24 (half),False
Q006105,2024-04-11,Walk-in,,2023-24 (half),False
Q006126,2024-04-11,Website,,2023-24 (half),False
Q006135,2024-04-11,OTA,,2023-24 (half),False
Q006261,2024-04-11,Hotel Partner,,2023-24 (half),False
Q006285,2024-04-11,Hotel Partner,,2023-24 (half),False
Q006455,2024-04-11,Walk-in,,2023-24 (half),False
Q001250,2024-04-12,Instagram,B001611,2023-24 (half),True
Q001343,2024-04-12,Website,B001739,2023-24 (half),True
Q001462,2024-04-12,Website,B001892,2023-24 (half),True
Q001463,2024-04-12,Hotel Partner,B001893,2023-24 (half),True
Q005918,2024-04-12,Website,,2023-24 (half),False
Q005989,2024-04-12,Walk-in,,2023-24 (half),False
Q006197,2024-04-12,Website,,2023-24 (half),False
Q006264,2024-04-12,Walk-in,,2023-24 (half),False
Q006289,2024-04-12,Walk-in,,2023-24 (half),False
Q006411,2024-04-12,Walk-in,,2023-24 (half),False
Q001254,2024-04-13,Walk-in,B001616,2023-24 (half),True
Q001272,2024-04-13,Website,B001647,2023-24 (half),True
Q001315,2024-04-13,Hotel Partner,B001701,2023-24 (half),True
Q001337,2024-04-13,Walk-in,B001728,2023-24 (half),True
Q001394,2024-04-13,Walk-in,B001808,2023-24 (half),True
Q001450,2024-04-13,Walk-in,B001877,2023-24 (half),True
Q001452,2024-04-13,Hotel Partner,B001879,2023-24 (half),True
Q001458,2024-04-13,Hotel Partner,B001887,2023-24 (half),True
Q005735,2024-04-13,Website,,2023-24 (half),False
Q005836,2024-04-13,OTA,,2023-24 (half),False
Q006220,2024-04-13,Referral,,2023-24 (half),False
Q006364,2024-04-13,Walk-in,,2023-24 (half),False
Q006378,2024-04-13,Website,,2023-24 (half),False
Q006434,2024-04-13,Walk-in,,2023-24 (half),False
Q006473,2024-04-13,Instagram,,2023-24 (half),False
Q001377,2024-04-14,Walk-in,B001785,2023-24 (half),True
Q001389,2024-04-14,OTA,B001803,2023-24 (half),True
Q001418,2024-04-14,Website,B001836,2023-24 (half),True
Q001460,2024-04-14,OTA,B001890,2023-24 (half),True
Q005565,2024-04-14,Instagram,,2023-24 (half),False
Q005666,2024-04-14,Walk-in,,2023-24 (half),False
Q005739,2024-04-14,Walk-in,,2023-24 (half),False
Q006327,2024-04-14,Website,,2023-24 (half),False
Q006345,2024-04-14,Referral,,2023-24 (half),False
Q006479,2024-04-14,Referral,,2023-24 (half),False
Q001324,2024-04-15,Referral,B001712,2023-24 (half),True
Q001379,2024-04-15,Walk-in,B001787,2023-24 (half),True
Q001391,2024-04-15,Walk-in,B001805,2023-24 (half),True
Q001422,2024-04-15,Instagram,B001842,2023-24 (half),True
Q006037,2024-04-15,Walk-in,,2023-24 (half),False
Q006368,2024-04-15,Referral,,2023-24 (half),False
Q006406,2024-04-15,Hotel Partner,,2023-24 (half),False
Q006419,2024-04-15,Referral,,2023-24 (half),False
Q006487,2024-04-15,Website,,2023-24 (half),False
Q001243,2024-04-16,Website,B001601,2023-24 (half),True
Q001285,2024-04-16,Website,B001665,2023-24 (half),True
Q001304,2024-04-16,Website,B001689,2023-24 (half),True
Q001349,2024-04-16,Hotel Partner,B001747,2023-24 (half),True
Q001354,2024-04-16,Website,B001753,2023-24 (half),True
Q001368,2024-04-16,Walk-in,B001773,2023-24 (half),True
Q001390,2024-04-16,Walk-in,B001804,2023-24 (half),True
Q001397,2024-04-16,Referral,B001811,2023-24 (half),True
Q005782,2024-04-16,Hotel Partner,,2023-24 (half),False
Q005800,2024-04-16,Instagram,,2023-24 (half),False
Q006231,2024-04-16,Website,,2023-24 (half),False
Q001253,2024-04-17,Referral,B001615,2023-24 (half),True
Q001264,2024-04-17,Referral,B001634,2023-24 (half),True
Q001299,2024-04-17,Website,B001680,2023-24 (half),True
Q001351,2024-04-17,Instagram,B001749,2023-24 (half),True
Q005879,2024-04-17,Hotel Partner,,2023-24 (half),False
Q005881,2024-04-17,Walk-in,,2023-24 (half),False
Q006008,2024-04-17,Referral,,2023-24 (half),False
Q006031,2024-04-17,Hotel Partner,,2023-24 (half),False
Q006210,2024-04-17,Hotel Partner,,2023-24 (half),False
Q006211,2024-04-17,Referral,,2023-24 (half),False
Q006240,2024-04-17,OTA,,2023-24 (half),False
Q006290,2024-04-17,Walk-in,,2023-24 (half),False
Q001404,2024-04-18,Referral,B001818,2023-24 (half),True
Q001466,2024-04-18,OTA,B001896,2023-24 (half),True
Q005592,2024-04-18,Hotel Partner,,2023-24 (half),False
Q005814,2024-04-18,Hotel Partner,,2023-24 (half),False
Q005931,2024-04-18,Hotel Partner,,2023-24 (half),False
Q005976,2024-04-18,Walk-in,,2023-24 (half),False
Q006170,2024-04-18,Referral,,2023-24 (half),False
Q006360,2024-04-18,Website,,2023-24 (half),False
Q006463,2024-04-18,Instagram,,2023-24 (half),False
Q001376,2024-04-19,Walk-in,B001783,2023-24 (half),True
Q001402,2024-04-19,Instagram,B001816,2023-24 (half),True
Q001426,2024-04-19,Walk-in,B001846,2023-24 (half),True
Q005627,2024-04-19,Website,,2023-24 (half),False
Q006066,2024-04-19,Website,,2023-24 (half),False
Q006094,2024-04-19,Hotel Partner,,2023-24 (half),False
Q006149,2024-04-19,Walk-in,,2023-24 (half),False
Q006193,2024-04-19,Referral,,2023-24 (half),False
Q006308,2024-04-19,Website,,2023-24 (half),False
Q001208,2024-04-20,Website,B001552,2023-24 (half),True
Q001328,2024-04-20,Walk-in,B001716,2023-24 (half),True
Q001334,2024-04-20,Instagram,B001724,2023-24 (half),True
Q005719,2024-04-20,OTA,,2023-24 (half),False
Q005850,2024-04-20,Website,,2023-24 (half),False
Q005935,2024-04-20,Walk-in,,2023-24 (half),False
Q006185,2024-04-20,Walk-in,,2023-24 (half),False
Q001259,2024-04-21,Instagram,B001622,2023-24 (half),True
Q001298,2024-04-21,Referral,B001679,2023-24 (half),True
Q001322,2024-04-21,Hotel Partner,B001710,2023-24 (half),True
Q005631,2024-04-21,Website,,2023-24 (half),False
Q006340,2024-04-21,Walk-in,,2023-24 (half),False
Q006468,2024-04-21,Instagram,,2023-24 (half),False
Q001268,2024-04-22,Walk-in,B001642,2023-24 (half),True
Q001386,2024-04-22,Walk-in,B001798,2023-24 (half),True
Q001428,2024-04-22,Referral,B001850,2023-24 (half),True
Q005925,2024-04-22,Walk-in,,2023-24 (half),False
Q001306,2024-04-23,Hotel Partner,B001691,2023-24 (half),True
Q001401,2024-04-23,Referral,B001815,2023-24 (half),True
Q001445,2024-04-23,Walk-in,B001870,2023-24 (half),True
Q005591,2024-04-23,Walk-in,,2023-24 (half),False
Q005669,2024-04-23,Instagram,,2023-24 (half),False
Q005744,2024-04-23,Website,,2023-24 (half),False
Q006043,2024-04-23,Website,,2023-24 (half),False
Q006083,2024-04-23,Referral,,2023-24 (half),False
Q006403,2024-04-23,Website,,2023-24 (half),False
Q001341,2024-04-24,Referral,B001736,2023-24 (half),True
Q001346,2024-04-24,Hotel Partner,B001742,2023-24 (half),True
Q001378,2024-04-24,Walk-in,B001786,2023-24 (half),True
Q005661,2024-04-24,Referral,,2023-24 (half),False
Q005757,2024-04-24,Website,,2023-24 (half),False
Q005824,2024-04-24,Instagram,,2023-24 (half),False
Q005880,2024-04-24,Walk-in,,2023-24 (half),False
Q005985,2024-04-24,Hotel Partner,,2023-24 (half),False
Q001262,2024-04-25,Instagram,B001632,2023-24 (half),True
Q001416,2024-04-25,Walk-in,B001832,2023-24 (half),True
Q001433,2024-04-25,Website,B001856,2023-24 (half),True
Q001468,2024-04-25,Referral,B001898,2023-24 (half),True
Q005647,2024-04-25,Walk-in,,2023-24 (half),False
Q005718,2024-04-25,Walk-in,,2023-24 (half),False
Q005838,2024-04-25,Walk-in,,2023-24 (half),False
Q005893,2024-04-25,Website,,2023-24 (half),False
Q006189,2024-04-25,Website,,2023-24 (half),False
Q006229,2024-04-25,Instagram,,2023-24 (half),False
Q001342,2024-04-26,Instagram,B001738,2023-24 (half),True
Q001361,2024-04-26,Instagram,B001761,2023-24 (half),True
Q001405,2024-04-26,Website,B001819,2023-24 (half),True
Q001424,2024-04-26,Walk-in,B001844,2023-24 (half),True
Q001464,2024-04-26,Referral,B001894,2023-24 (half),True
Q006010,2024-04-26,Hotel Partner,,2023-24 (half),False
Q006114,2024-04-26,Website,,2023-24 (half),False
Q006207,2024-04-26,Walk-in,,2023-24 (half),False
Q006421,2024-04-26,Walk-in,,2023-24 (half),False
Q006490,2024-04-26,Walk-in,,2023-24 (half),False
Q001316,2024-04-27,Walk-in,B001702,2023-24 (half),True
Q001352,2024-04-27,OTA,B001750,2023-24 (half),True
Q001360,2024-04-27,OTA,B001760,2023-24 (half),True
Q001364,2024-04-27,Instagram,B001765,2023-24 (half),True
Q001387,2024-04-27,Instagram,B001800,2023-24 (half),True
Q001421,2024-04-27,Website,B001841,2023-24 (half),True
Q001444,2024-04-27,Instagram,B001868,2023-24 (half),True
Q001467,2024-04-27,Hotel Partner,B001897,2023-24 (half),True
Q001470,2024-04-27,Instagram,B001900,2023-24 (half),True
Q005611,2024-04-27,Walk-in,,2023-24 (half),False
Q005788,2024-04-27,OTA,,2023-24 (half),False
Q005984,2024-04-27,Walk-in,,2023-24 (half),False
Q006107,2024-04-27,Instagram,,2023-24 (half),False
Q006317,2024-04-27,Website,,2023-24 (half),False
Q006346,2024-04-27,Walk-in,,2023-24 (half),False
Q006361,2024-04-27,OTA,,2023-24 (half),False
Q006444,2024-04-27,OTA,,2023-24 (half),False
Q006493,2024-04-27,Walk-in,,2023-24 (half),False
Q001413,2024-04-28,Walk-in,B001828,2023-24 (half),True
Q001459,2024-04-28,Website,B001888,2023-24 (half),True
Q005625,2024-04-28,Referral,,2023-24 (half),False
Q006156,2024-04-28,Referral,,2023-24 (half),False
Q006195,2024-04-28,OTA,,2023-24 (half),False
Q006416,2024-04-28,Walk-in,,2023-24 (half),False
Q001356,2024-04-29,Website,B001755,2023-24 (half),True
Q001363,2024-04-29,Walk-in,B001764,2023-24 (half),True
Q001374,2024-04-29,Walk-in,B001780,2023-24 (half),True
Q001380,2024-04-29,Hotel Partner,B001788,2023-24 (half),True
Q001382,2024-04-29,Website,B001791,2023-24 (half),True
Q001399,2024-04-29,Walk-in,B001813,2023-24 (half),True
Q001449,2024-04-29,Referral,B001876,2023-24 (half),True
Q005597,2024-04-29,Walk-in,,2023-24 (half),False
Q005612,2024-04-29,OTA,,2023-24 (half),False
Q005729,2024-04-29,Website,,2023-24 (half),False
Q005764,2024-04-29,Walk-in,,2023-24 (half),False
Q005810,2024-04-29,Hotel Partner,,2023-24 (half),False
Q005884,2024-04-29,Referral,,2023-24 (half),False
Q005930,2024-04-29,Referral,,2023-24 (half),False
Q006042,2024-04-29,Referral,,2023-24 (half),False
Q006112,2024-04-29,Walk-in,,2023-24 (half),False
Q006301,2024-04-29,Instagram,,2023-24 (half),False
Q001353,2024-04-30,Walk-in,B001751,2023-24 (half),True
Q001412,2024-04-30,Website,B001827,2023-24 (half),True
Q001415,2024-04-30,Website,B001831,2023-24 (half),True
Q001435,2024-04-30,Referral,B001858,2023-24 (half),True
Q005952,2024-04-30,Walk-in,,2023-24 (half),False
Q006015,2024-04-30,Referral,,2023-24 (half),False
Q006020,2024-04-30,Hotel Partner,,2023-24 (half),False
Q006029,2024-04-30,Walk-in,,2023-24 (half),False
Q006127,2024-04-30,Walk-in,,2023-24 (half),False
Q006247,2024-04-30,Walk-in,,2023-24 (half),False
Q006292,2024-04-30,Hotel Partner,,2023-24 (half),False
Q006319,2024-04-30,OTA,,2023-24 (half),False
Q001345,2024-05-01,Website,B001741,2023-24 (half),True
Q001372,2024-05-01,Walk-in,B001778,2023-24 (half),True
Q001409,2024-05-01,Instagram,B001824,2023-24 (half),True
Q001423,2024-05-01,Walk-in,B001843,2023-24 (half),True
Q005720,2024-05-01,Walk-in,,2023-24 (half),False
Q005732,2024-05-01,OTA,,2023-24 (half),False
Q005770,2024-05-01,Walk-in,,2023-24 (half),False
Q006058,2024-05-01,Walk-in,,2023-24 (half),False
Q006104,2024-05-01,OTA,,2023-24 (half),False
Q006130,2024-05-01,Referral,,2023-24 (half),False
Q006250,2024-05-01,Walk-in,,2023-24 (half),False
Q006325,2024-05-01,Walk-in,,2023-24 (half),False
Q006407,2024-05-01,Instagram,,2023-24 (half),False
Q001332,2024-05-02,OTA,B001721,2023-24 (half),True
Q001434,2024-05-02,Website,B001857,2023-24 (half),True
Q001455,2024-05-02,Walk-in,B001883,2023-24 (half),True
Q005584,2024-05-02,Website,,2023-24 (half),False
Q005605,2024-05-02,Walk-in,,2023-24 (half),False
Q005941,2024-05-02,Instagram,,2023-24 (half),False
Q005958,2024-05-02,Website,,2023-24 (half),False
Q006091,2024-05-02,Website,,2023-24 (half),False
Q006144,2024-05-02,Walk-in,,2023-24 (half),False
Q006313,2024-05-02,Walk-in,,2023-24 (half),False
Q001323,2024-05-03,Website,B001711,2023-24 (half),True
Q001370,2024-05-03,Hotel Partner,B001775,2023-24 (half),True
Q005619,2024-05-03,Referral,,2023-24 (half),False
Q005633,2024-05-03,OTA,,2023-24 (half),False
Q005820,2024-05-03,Website,,2023-24 (half),False
Q005861,2024-05-03,Referral,,2023-24 (half),False
Q005957,2024-05-03,Walk-in,,2023-24 (half),False
Q001448,2024-05-04,Instagram,B001875,2023-24 (half),True
Q001461,2024-05-04,Instagram,B001891,2023-24 (half),True
Q001471,2024-05-04,Website,B001901,2023-24 (half),True
Q005635,2024-05-04,Instagram,,2023-24 (half),False
Q005641,2024-05-04,Website,,2023-24 (half),False
Q005704,2024-05-04,Walk-in,,2023-24 (half),False
Q005783,2024-05-04,Hotel Partner,,2023-24 (half),False
Q005886,2024-05-04,Hotel Partner,,2023-24 (half),False
Q006099,2024-05-04,Hotel Partner,,2023-24 (half),False
Q006349,2024-05-04,Website,,2023-24 (half),False
Q006382,2024-05-04,Website,,2023-24 (half),False
Q005607,2024-05-05,Website,,2023-24 (half),False
Q005686,2024-05-05,Website,,2023-24 (half),False
Q005785,2024-05-05,Walk-in,,2023-24 (half),False
Q005801,2024-05-05,Walk-in,,2023-24 (half),False
Q005960,2024-05-05,Instagram,,2023-24 (half),False
Q006425,2024-05-05,Website,,2023-24 (half),False
Q006437,2024-05-05,Hotel Partner,,2023-24 (half),False
Q001438,2024-05-06,Walk-in,B001862,2023-24 (half),True
Q005997,2024-05-06,Instagram,,2023-24 (half),False
Q006150,2024-05-06,Walk-in,,2023-24 (half),False
Q006216,2024-05-06,Website,,2023-24 (half),False
Q001431,2024-05-07,Walk-in,B001853,2023-24 (half),True
Q001437,2024-05-07,Website,B001861,2023-24 (half),True
Q001441,2024-05-07,Walk-in,B001865,2023-24 (half),True
Q001442,2024-05-07,Referral,B001866,2023-24 (half),True
Q001446,2024-05-07,Website,B001871,2023-24 (half),True
Q005694,2024-05-07,Walk-in,,2023-24 (half),False
Q005823,2024-05-07,Walk-in,,2023-24 (half),False
Q006372,2024-05-07,Hotel Partner,,2023-24 (half),False
Q006471,2024-05-07,Instagram,,2023-24 (half),False
Q001410,2024-05-08,Referral,B001825,2023-24 (half),True
Q005947,2024-05-08,Referral,,2023-24 (half),False
Q006078,2024-05-08,Referral,,2023-24 (half),False
Q006213,2024-05-08,Instagram,,2023-24 (half),False
Q006312,2024-05-08,Hotel Partner,,2023-24 (half),False
Q006355,2024-05-08,Website,,2023-24 (half),False
Q006376,2024-05-08,Referral,,2023-24 (half),False
Q001411,2024-05-09,Walk-in,B001826,2023-24 (half),True
Q001419,2024-05-09,OTA,B001837,2023-24 (half),True
Q001425,2024-05-09,Website,B001845,2023-24 (half),True
Q001453,2024-05-09,Website,B001880,2023-24 (half),True
Q005582,2024-05-09,Website,,2023-24 (half),False
Q005738,2024-05-09,Walk-in,,2023-24 (half),False
Q005793,2024-05-09,Website,,2023-24 (half),False
Q005897,2024-05-09,Referral,,2023-24 (half),False
Q006109,2024-05-09,Walk-in,,2023-24 (half),False
Q006158,2024-05-09,Referral,,2023-24 (half),False
Q006226,2024-05-09,Website,,2023-24 (half),False
Q006365,2024-05-09,Instagram,,2023-24 (half),False
Q001414,2024-05-10,Website,B001830,2023-24 (half),True
Q001420,2024-05-10,Referral,B001838,2023-24 (half),True
Q001440,2024-05-10,Hotel Partner,B001864,2023-24 (half),True
Q005776,2024-05-10,Walk-in,,2023-24 (half),False
Q005865,2024-05-10,OTA,,2023-24 (half),False
Q006050,2024-05-10,Referral,,2023-24 (half),False
Q006202,2024-05-10,Walk-in,,2023-24 (half),False
Q001429,2024-05-11,Referral,B001851,2023-24 (half),True
Q001465,2024-05-11,Walk-in,B001895,2023-24 (half),True
Q005585,2024-05-11,Referral,,2023-24 (half),False
Q005790,2024-05-11,Walk-in,,2023-24 (half),False
Q005847,2024-05-11,Walk-in,,2023-24 (half),False
Q006181,2024-05-11,Referral,,2023-24 (half),False
Q006412,2024-05-11,Hotel Partner,,2023-24 (half),False
Q001447,2024-05-12,Walk-in,B001874,2023-24 (half),True
Q001454,2024-05-12,Website,B001882,2023-24 (half),True
Q001473,2024-05-12,Walk-in,B001904,2023-24 (half),True
Q005700,2024-05-12,Walk-in,,2023-24 (half),False
Q005990,2024-05-12,Hotel Partner,,2023-24 (half),False
Q006362,2024-05-12,OTA,,2023-24 (half),False
Q006470,2024-05-12,Website,,2023-24 (half),False
Q001400,2024-05-13,Referral,B001814,2023-24 (half),True
Q005743,2024-05-13,Instagram,,2023-24 (half),False
Q005797,2024-05-13,Referral,,2023-24 (half),False
Q005807,2024-05-13,Walk-in,,2023-24 (half),False
Q005680,2024-05-14,OTA,,2023-24 (half),False
Q005887,2024-05-14,Walk-in,,2023-24 (half),False
Q005969,2024-05-14,OTA,,2023-24 (half),False
Q005998,2024-05-14,Hotel Partner,,2023-24 (half),False
Q006079,2024-05-14,Hotel Partner,,2023-24 (half),False
Q006217,2024-05-14,Instagram,,2023-24 (half),False
Q006315,2024-05-14,OTA,,2023-24 (half),False
Q006432,2024-05-14,Instagram,,2023-24 (half),False
Q001385,2024-05-15,Instagram,B001797,2023-24 (half),True
Q005709,2024-05-15,Walk-in,,2023-24 (half),False
Q005876,2024-05-15,Website,,2023-24 (half),False
Q005914,2024-05-15,Website,,2023-24 (half),False
Q006055,2024-05-15,Hotel Partner,,2023-24 (half),False
Q006281,2024-05-15,Website,,2023-24 (half),False
Q006339,2024-05-15,Instagram,,2023-24 (half),False
Q001436,2024-05-16,Walk-in,B001859,2023-24 (half),True
Q001456,2024-05-16,Referral,B001884,2023-24 (half),True
Q005606,2024-05-16,Instagram,,2023-24 (half),False
Q005901,2024-05-16,Hotel Partner,,2023-24 (half),False
Q005968,2024-05-16,Referral,,2023-24 (half),False
Q006005,2024-05-16,Walk-in,,2023-24 (half),False
Q006184,2024-05-16,Referral,,2023-24 (half),False
Q006297,2024-05-16,Website,,2023-24 (half),False
Q001417,2024-05-17,Website,B001835,2023-24 (half),True
Q005599,2024-05-17,Referral,,2023-24 (half),False
Q005615,2024-05-17,OTA,,2023-24 (half),False
Q005628,2024-05-17,Website,,2023-24 (half),False
Q005708,2024-05-17,Walk-in,,2023-24 (half),False
Q005727,2024-05-17,Walk-in,,2023-24 (half),False
Q006165,2024-05-17,Walk-in,,2023-24 (half),False
Q006258,2024-05-17,Walk-in,,2023-24 (half),False
Q006310,2024-05-17,Walk-in,,2023-24 (half),False
Q005613,2024-05-18,Referral,,2023-24 (half),False
Q005630,2024-05-18,OTA,,2023-24 (half),False
Q005637,2024-05-18,Referral,,2023-24 (half),False
Q005784,2024-05-18,Referral,,2023-24 (half),False
Q005953,2024-05-18,Referral,,2023-24 (half),False
Q006067,2024-05-18,Walk-in,,2023-24 (half),False
Q006108,2024-05-18,Website,,2023-24 (half),False
Q006269,2024-05-18,Website,,2023-24 (half),False
Q001439,2024-05-19,Hotel Partner,B001863,2023-24 (half),True
Q005761,2024-05-19,Instagram,,2023-24 (half),False
Q005862,2024-05-19,Website,,2023-24 (half),False
Q006007,2024-05-19,Walk-in,,2023-24 (half),False
Q006291,2024-05-19,Walk-in,,2023-24 (half),False
Q006314,2024-05-19,OTA,,2023-24 (half),False
Q005698,2024-05-20,Walk-in,,2023-24 (half),False
Q005755,2024-05-20,Hotel Partner,,2023-24 (half),False
Q005939,2024-05-20,Walk-in,,2023-24 (half),False
Q006044,2024-05-20,Walk-in,,2023-24 (half),False
Q006163,2024-05-20,Referral,,2023-24 (half),False
Q006374,2024-05-20,Hotel Partner,,2023-24 (half),False
Q001406,2024-05-21,Website,B001821,2023-24 (half),True
Q001427,2024-05-21,Referral,B001847,2023-24 (half),True
Q005610,2024-05-21,Website,,2023-24 (half),False
Q005654,2024-05-21,Walk-in,,2023-24 (half),False
Q005844,2024-05-21,Instagram,,2023-24 (half),False
Q005845,2024-05-21,Website,,2023-24 (half),False
Q005890,2024-05-21,Walk-in,,2023-24 (half),False
Q006124,2024-05-21,Walk-in,,2023-24 (half),False
Q006266,2024-05-21,Walk-in,,2023-24 (half),False
Q006283,2024-05-21,Walk-in,,2023-24 (half),False
Q006332,2024-05-21,Referral,,2023-24 (half),False
Q006481,2024-05-21,Hotel Partner,,2023-24 (half),False
Q005670,2024-05-22,Instagram,,2023-24 (half),False
Q005991,2024-05-22,Website,,2023-24 (half),False
Q006087,2024-05-22,Walk-in,,2023-24 (half),False
Q006157,2024-05-22,Referral,,2023-24 (half),False
Q006256,2024-05-22,Website,,2023-24 (half),False
Q006334,2024-05-22,Walk-in,,2023-24 (half),False
Q006415,2024-05-22,Referral,,2023-24 (half),False
Q006467,2024-05-22,Walk-in,,2023-24 (half),False
Q005777,2024-05-23,OTA,,2023-24 (half),False
Q005867,2024-05-23,Website,,2023-24 (half),False
Q005996,2024-05-23,Instagram,,2023-24 (half),False
Q006169,2024-05-23,Hotel Partner,,2023-24 (half),False
Q006322,2024-05-23,Website,,2023-24 (half),False
Q006328,2024-05-23,Referral,,2023-24 (half),False
Q006342,2024-05-23,Website,,2023-24 (half),False
Q001443,2024-05-24,Referral,B001867,2023-24 (half),True
Q006026,2024-05-24,Referral,,2023-24 (half),False
Q006138,2024-05-24,Referral,,2023-24 (half),False
Q006356,2024-05-24,Instagram,,2023-24 (half),False
Q006464,2024-05-24,OTA,,2023-24 (half),False
Q005896,2024-05-25,Referral,,2023-24 (half),False
Q006039,2024-05-25,Hotel Partner,,2023-24 (half),False
Q006082,2024-05-25,Hotel Partner,,2023-24 (half),False
Q006494,2024-05-25,Website,,2023-24 (half),False
Q005586,2024-05-26,Walk-in,,2023-24 (half),False
Q005690,2024-05-26,Walk-in,,2023-24 (half),False
Q005701,2024-05-26,Hotel Partner,,2023-24 (half),False
Q005737,2024-05-26,Walk-in,,2023-24 (half),False
Q005826,2024-05-26,Walk-in,,2023-24 (half),False
Q006225,2024-05-26,Website,,2023-24 (half),False
Q006228,2024-05-26,OTA,,2023-24 (half),False
Q006278,2024-05-26,Walk-in,,2023-24 (half),False
Q006338,2024-05-26,Hotel Partner,,2023-24 (half),False
Q005576,2024-05-27,Website,,2023-24 (half),False
Q005858,2024-05-27,Walk-in,,2023-24 (half),False
Q005929,2024-05-27,Walk-in,,2023-24 (half),False
Q006140,2024-05-27,Referral,,2023-24 (half),False
Q006239,2024-05-27,OTA,,2023-24 (half),False
Q006358,2024-05-27,Walk-in,,2023-24 (half),False
Q006379,2024-05-27,Hotel Partner,,2023-24 (half),False
Q005616,2024-05-28,Referral,,2023-24 (half),False
Q005665,2024-05-28,Hotel Partner,,2023-24 (half),False
Q005772,2024-05-28,Hotel Partner,,2023-24 (half),False
Q005993,2024-05-28,Website,,2023-24 (half),False
Q006191,2024-05-28,Website,,2023-24 (half),False
Q006303,2024-05-28,Website,,2023-24 (half),False
Q006390,2024-05-28,Referral,,2023-24 (half),False
Q005869,2024-05-29,Instagram,,2023-24 (half),False
Q006084,2024-05-29,Website,,2023-24 (half),False
Q006160,2024-05-29,Hotel Partner,,2023-24 (half),False
Q006274,2024-05-29,Website,,2023-24 (half),False
Q005626,2024-05-30,Walk-in,,2023-24 (half),False
Q005703,2024-05-30,Hotel Partner,,2023-24 (half),False
Q005715,2024-05-30,Hotel Partner,,2023-24 (half),False
Q005717,2024-05-30,Website,,2023-24 (half),False
Q005949,2024-05-30,Walk-in,,2023-24 (half),False
Q006113,2024-05-30,Walk-in,,2023-24 (half),False
Q006134,2024-05-30,Website,,2023-24 (half),False
Q006371,2024-05-30,Referral,,2023-24 (half),False
Q001469,2024-05-31,Instagram,B001899,2023-24 (half),True
Q006059,2024-05-31,Website,,2023-24 (half),False
Q006201,2024-05-31,Walk-in,,2023-24 (half),False
Q006270,2024-05-31,Walk-in,,2023-24 (half),False
Q006388,2024-05-31,Website,,2023-24 (half),False
Q006404,2024-05-31,Referral,,2023-24 (half),False
Q006413,2024-05-31,Website,,2023-24 (half),False
Q001472,2024-06-12,Walk-in,B001902,2024-25,True
Q001484,2024-07-25,Walk-in,B001916,2024-25,True
Q001479,2024-07-29,OTA,B001911,2024-25,True
Q001481,2024-08-04,Referral,B001913,2024-25,True
Q001490,2024-08-07,OTA,B001924,2024-25,True
Q001508,2024-08-08,Referral,B001948,2024-25,True
Q001511,2024-08-08,OTA,B001952,2024-25,True
Q001498,2024-08-09,Walk-in,B001934,2024-25,True
Q001480,2024-08-10,Walk-in,B001912,2024-25,True
Q001474,2024-08-11,Walk-in,B001905,2024-25,True
Q001477,2024-08-11,Walk-in,B001908,2024-25,True
Q001489,2024-08-12,Website,B001923,2024-25,True
Q001492,2024-08-12,OTA,B001926,2024-25,True
Q001499,2024-08-12,Hotel Partner,B001935,2024-25,True
Q001519,2024-08-12,Walk-in,B001965,2024-25,True
Q001551,2024-08-13,Walk-in,B002012,2024-25,True
Q001501,2024-08-14,Instagram,B001937,2024-25,True
Q001509,2024-08-15,Hotel Partner,B001949,2024-25,True
Q001534,2024-08-15,Website,B001989,2024-25,True
Q001475,2024-08-16,Website,B001906,2024-25,True
Q001476,2024-08-16,Referral,B001907,2024-25,True
Q001570,2024-08-17,Hotel Partner,B002039,2024-25,True
Q001538,2024-08-18,OTA,B001995,2024-25,True
Q001557,2024-08-18,OTA,B002021,2024-25,True
Q001504,2024-08-19,Referral,B001941,2024-25,True
Q001539,2024-08-19,Referral,B001996,2024-25,True
Q001560,2024-08-19,Website,B002024,2024-25,True
Q001567,2024-08-19,OTA,B002036,2024-25,True
Q001604,2024-08-19,Referral,B002082,2024-25,True
Q001609,2024-08-19,Referral,B002087,2024-25,True
Q001637,2024-08-19,OTA,B002118,2024-25,True
Q001525,2024-08-20,Referral,B001972,2024-25,True
Q001540,2024-08-20,OTA,B001997,2024-25,True
Q001486,2024-08-21,Website,B001920,2024-25,True
Q001495,2024-08-21,Hotel Partner,B001931,2024-25,True
Q001531,2024-08-21,Walk-in,B001984,2024-25,True
Q001537,2024-08-21,Walk-in,B001993,2024-25,True
Q001553,2024-08-21,Walk-in,B002014,2024-25,True
Q001515,2024-08-22,Website,B001961,2024-25,True
Q001550,2024-08-22,Walk-in,B002011,2024-25,True
Q001583,2024-08-22,OTA,B002054,2024-25,True
Q001491,2024-08-23,Referral,B001925,2024-25,True
Q001532,2024-08-23,OTA,B001985,2024-25,True
Q001536,2024-08-23,Walk-in,B001992,2024-25,True
Q001569,2024-08-23,Instagram,B002038,2024-25,True
Q001632,2024-08-23,Website,B002113,2024-25,True
Q001483,2024-08-24,Hotel Partner,B001915,2024-25,True
Q001670,2024-08-24,Website,B002161,2024-25,True
Q001514,2024-08-25,Walk-in,B001960,2024-25,True
Q001562,2024-08-25,Website,B002028,2024-25,True
Q001628,2024-08-25,Hotel Partner,B002108,2024-25,True
Q001652,2024-08-25,Walk-in,B002140,2024-25,True
Q001494,2024-08-26,OTA,B001930,2024-25,True
Q001506,2024-08-26,Walk-in,B001945,2024-25,True
Q001510,2024-08-26,Walk-in,B001950,2024-25,True
Q001658,2024-08-26,Hotel Partner,B002146,2024-25,True
Q001512,2024-08-27,Instagram,B001954,2024-25,True
Q001543,2024-08-27,Website,B002001,2024-25,True
Q001589,2024-08-27,Walk-in,B002061,2024-25,True
Q001643,2024-08-27,Website,B002125,2024-25,True
Q001667,2024-08-27,Walk-in,B002156,2024-25,True
Q001485,2024-08-28,Website,B001918,2024-25,True
Q001650,2024-08-28,OTA,B002138,2024-25,True
Q001496,2024-08-29,OTA,B001932,2024-25,True
Q001478,2024-08-30,OTA,B001910,2024-25,True
Q001497,2024-08-30,Website,B001933,2024-25,True
Q001521,2024-08-30,Referral,B001967,2024-25,True
Q001547,2024-08-30,Instagram,B002006,2024-25,True
Q001549,2024-08-30,Instagram,B002010,2024-25,True
Q001580,2024-08-30,Instagram,B002051,2024-25,True
Q001619,2024-08-30,Website,B002098,2024-25,True
Q001493,2024-08-31,Walk-in,B001927,2024-25,True
Q001541,2024-08-31,OTA,B001998,2024-25,True
Q001554,2024-08-31,Referral,B002015,2024-25,True
Q001559,2024-08-31,OTA,B002023,2024-25,True
Q001564,2024-08-31,Hotel Partner,B002032,2024-25,True
Q001565,2024-08-31,Referral,B002034,2024-25,True
Q001594,2024-08-31,Instagram,B002067,2024-25,True
Q001635,2024-08-31,Referral,B002116,2024-25,True
Q001696,2024-08-31,Walk-in,B002196,2024-25,True
Q001503,2024-09-01,Referral,B001940,2024-25,True
Q001545,2024-09-01,Walk-in,B002003,2024-25,True
Q001613,2024-09-01,OTA,B002091,2024-25,True
Q001640,2024-09-01,Walk-in,B002122,2024-25,True
Q001522,2024-09-02,Website,B001968,2024-25,True
Q001526,2024-09-02,Instagram,B001973,2024-25,True
Q001571,2024-09-02,OTA,B002040,2024-25,True
Q001623,2024-09-02,Referral,B002102,2024-25,True
Q001626,2024-09-02,Hotel Partner,B002105,2024-25,True
Q001577,2024-09-03,Walk-in,B002048,2024-25,True
Q001584,2024-09-03,Referral,B002055,2024-25,True
Q001586,2024-09-03,Walk-in,B002058,2024-25,True
Q001617,2024-09-03,OTA,B002096,2024-25,True
Q001644,2024-09-03,Website,B002127,2024-25,True
Q001661,2024-09-03,Referral,B002149,2024-25,True
Q001703,2024-09-03,Referral,B002206,2024-25,True
Q001530,2024-09-04,Walk-in,B001983,2024-25,True
Q001544,2024-09-04,Walk-in,B002002,2024-25,True
Q001548,2024-09-05,Walk-in,B002009,2024-25,True
Q001552,2024-09-05,Referral,B002013,2024-25,True
Q001587,2024-09-05,OTA,B002059,2024-25,True
Q001598,2024-09-05,Instagram,B002074,2024-25,True
Q001633,2024-09-05,OTA,B002114,2024-25,True
Q001639,2024-09-05,Instagram,B002120,2024-25,True
Q001487,2024-09-06,Walk-in,B001921,2024-25,True
Q001535,2024-09-06,Walk-in,B001990,2024-25,True
Q001724,2024-09-06,Referral,B002229,2024-25,True
Q001568,2024-09-07,Referral,B002037,2024-25,True
Q001585,2024-09-07,OTA,B002057,2024-25,True
Q001588,2024-09-07,Website,B002060,2024-25,True
Q001666,2024-09-07,Instagram,B002155,2024-25,True
Q001718,2024-09-07,Walk-in,B002222,2024-25,True
Q001786,2024-09-07,Website,B002308,2024-25,True
Q001529,2024-09-08,Referral,B001980,2024-25,True
Q001591,2024-09-08,Website,B002064,2024-25,True
Q001631,2024-09-08,Walk-in,B002112,2024-25,True
Q001638,2024-09-08,Instagram,B002119,2024-25,True
Q001671,2024-09-08,Walk-in,B002162,2024-25,True
Q001488,2024-09-09,OTA,B001922,2024-25,True
Q001500,2024-09-09,Website,B001936,2024-25,True
Q001597,2024-09-09,Referral,B002073,2024-25,True
Q001645,2024-09-09,Website,B002128,2024-25,True
Q001750,2024-09-09,Instagram,B002259,2024-25,True
Q001621,2024-09-10,OTA,B002100,2024-25,True
Q001772,2024-09-10,Walk-in,B002289,2024-25,True
Q001507,2024-09-11,Walk-in,B001946,2024-25,True
Q001528,2024-09-11,Website,B001979,2024-25,True
Q001600,2024-09-11,Website,B002076,2024-25,True
Q001624,2024-09-11,Website,B002103,2024-25,True
Q001672,2024-09-11,OTA,B002163,2024-25,True
Q001482,2024-09-12,Website,B001914,2024-25,True
Q001517,2024-09-12,Website,B001963,2024-25,True
Q001572,2024-09-12,Hotel Partner,B002041,2024-25,True
Q001647,2024-09-12,Website,B002131,2024-25,True
Q001685,2024-09-12,Walk-in,B002180,2024-25,True
Q001704,2024-09-12,Walk-in,B002207,2024-25,True
Q001743,2024-09-12,OTA,B002249,2024-25,True
Q001751,2024-09-12,Walk-in,B002260,2024-25,True
Q001794,2024-09-12,Walk-in,B002321,2024-25,True
Q001518,2024-09-13,OTA,B001964,2024-25,True
Q001524,2024-09-13,Referral,B001970,2024-25,True
Q001611,2024-09-13,Referral,B002089,2024-25,True
Q001651,2024-09-13,Hotel Partner,B002139,2024-25,True
Q001653,2024-09-13,Instagram,B002141,2024-25,True
Q001654,2024-09-13,Walk-in,B002142,2024-25,True
Q001773,2024-09-13,Referral,B002290,2024-25,True
Q001542,2024-09-14,OTA,B002000,2024-25,True
Q001558,2024-09-14,Referral,B002022,2024-25,True
Q001646,2024-09-14,Walk-in,B002130,2024-25,True
Q001692,2024-09-14,Walk-in,B002191,2024-25,True
Q001714,2024-09-14,Walk-in,B002218,2024-25,True
Q001801,2024-09-14,Walk-in,B002329,2024-25,True
Q001707,2024-09-15,OTA,B002210,2024-25,True
Q001734,2024-09-15,Instagram,B002240,2024-25,True
Q001790,2024-09-15,Walk-in,B002317,2024-25,True
Q001555,2024-09-16,Referral,B002017,2024-25,True
Q001618,2024-09-16,OTA,B002097,2024-25,True
Q001622,2024-09-16,Website,B002101,2024-25,True
Q001657,2024-09-16,Website,B002145,2024-25,True
Q001665,2024-09-16,Instagram,B002154,2024-25,True
Q001682,2024-09-16,Referral,B002175,2024-25,True
Q001728,2024-09-16,Referral,B002234,2024-25,True
Q001576,2024-09-17,Website,B002047,2024-25,True
Q001590,2024-09-17,Referral,B002062,2024-25,True
Q001602,2024-09-17,Walk-in,B002080,2024-25,True
Q001620,2024-09-17,OTA,B002099,2024-25,True
Q001664,2024-09-17,Website,B002153,2024-25,True
Q001735,2024-09-17,OTA,B002241,2024-25,True
Q001738,2024-09-17,Referral,B002244,2024-25,True
Q001793,2024-09-17,Hotel Partner,B002320,2024-25,True
Q001579,2024-09-18,Referral,B002050,2024-25,True
Q001595,2024-09-18,Walk-in,B002069,2024-25,True
Q001662,2024-09-18,Walk-in,B002150,2024-25,True
Q001674,2024-09-18,Website,B002166,2024-25,True
Q001706,2024-09-18,Instagram,B002209,2024-25,True
Q001745,2024-09-18,OTA,B002251,2024-25,True
Q001851,2024-09-18,OTA,B002397,2024-25,True
Q001513,2024-09-19,Website,B001957,2024-25,True
Q001563,2024-09-19,Website,B002030,2024-25,True
Q001566,2024-09-19,Website,B002035,2024-25,True
Q001610,2024-09-19,Walk-in,B002088,2024-25,True
Q001634,2024-09-19,OTA,B002115,2024-25,True
Q001711,2024-09-19,Walk-in,B002215,2024-25,True
Q001741,2024-09-19,Instagram,B002247,2024-25,True
Q001755,2024-09-19,Website,B002265,2024-25,True
Q001769,2024-09-19,Instagram,B002286,2024-25,True
Q001679,2024-09-20,Walk-in,B002172,2024-25,True
Q001680,2024-09-20,Hotel Partner,B002173,2024-25,True
Q001687,2024-09-20,OTA,B002182,2024-25,True
Q001717,2024-09-20,Hotel Partner,B002221,2024-25,True
Q001763,2024-09-20,Walk-in,B002277,2024-25,True
Q001822,2024-09-20,Hotel Partner,B002356,2024-25,True
Q001833,2024-09-20,Website,B002372,2024-25,True
Q001840,2024-09-20,Hotel Partner,B002383,2024-25,True
Q001867,2024-09-20,Walk-in,B002419,2024-25,True
Q001502,2024-09-21,Walk-in,B001938,2024-25,True
Q001582,2024-09-22,Referral,B002053,2024-25,True
Q001698,2024-09-22,OTA,B002200,2024-25,True
Q001761,2024-09-22,Walk-in,B002275,2024-25,True
Q001505,2024-09-23,OTA,B001943,2024-25,True
Q001593,2024-09-23,Hotel Partner,B002066,2024-25,True
Q001676,2024-09-23,Instagram,B002169,2024-25,True
Q001809,2024-09-23,OTA,B002340,2024-25,True
Q001573,2024-09-24,Website,B002042,2024-25,True
Q001612,2024-09-24,Website,B002090,2024-25,True
Q001726,2024-09-24,Referral,B002231,2024-25,True
Q001824,2024-09-24,Hotel Partner,B002358,2024-25,True
Q001883,2024-09-24,Walk-in,B002437,2024-25,True
Q001891,2024-09-24,Walk-in,B002447,2024-25,True
Q001520,2024-09-25,Walk-in,B001966,2024-25,True
Q001527,2024-09-25,Walk-in,B001975,2024-25,True
Q001581,2024-09-25,Website,B002052,2024-25,True
Q001592,2024-09-25,Website,B002065,2024-25,True
Q001641,2024-09-25,Walk-in,B002123,2024-25,True
Q001659,2024-09-25,OTA,B002147,2024-25,True
Q001688,2024-09-25,Referral,B002184,2024-25,True
Q001759,2024-09-25,Website,B002273,2024-25,True
Q001783,2024-09-25,Website,B002304,2024-25,True
Q001787,2024-09-25,Website,B002309,2024-25,True
Q001546,2024-09-26,OTA,B002004,2024-25,True
Q001561,2024-09-26,Referral,B002027,2024-25,True
Q001642,2024-09-26,Instagram,B002124,2024-25,True
Q001648,2024-09-26,Referral,B002133,2024-25,True
Q001656,2024-09-26,Walk-in,B002144,2024-25,True
Q001771,2024-09-26,Website,B002288,2024-25,True
Q001798,2024-09-26,Referral,B002326,2024-25,True
Q001523,2024-09-27,Website,B001969,2024-25,True
Q001578,2024-09-27,Instagram,B002049,2024-25,True
Q001675,2024-09-27,Website,B002167,2024-25,True
Q001797,2024-09-27,Referral,B002325,2024-25,True
Q001837,2024-09-27,Website,B002380,2024-25,True
Q001859,2024-09-27,OTA,B002407,2024-25,True
Q001884,2024-09-27,Hotel Partner,B002439,2024-25,True
Q001885,2024-09-27,Walk-in,B002441,2024-25,True
Q001136,2024-09-28,Walk-in,B002193,2024-25,True
Q001556,2024-09-28,OTA,B002018,2024-25,True
Q001599,2024-09-28,Website,B002075,2024-25,True
Q001636,2024-09-28,Instagram,B002117,2024-25,True
Q001719,2024-09-28,Walk-in,B002223,2024-25,True
Q001764,2024-09-28,Website,B002279,2024-25,True
Q001796,2024-09-28,Walk-in,B002324,2024-25,True
Q001844,2024-09-28,Hotel Partner,B002387,2024-25,True
Q001890,2024-09-28,Instagram,B002446,2024-25,True
Q001897,2024-09-28,Website,B002457,2024-25,True
Q001574,2024-09-29,Instagram,B002045,2024-25,True
Q001607,2024-09-29,Website,B002085,2024-25,True
Q001678,2024-09-29,Instagram,B002171,2024-25,True
Q001701,2024-09-29,OTA,B002204,2024-25,True
Q001708,2024-09-29,OTA,B002211,2024-25,True
Q001716,2024-09-29,Website,B002220,2024-25,True
Q001788,2024-09-29,Website,B002312,2024-25,True
Q001834,2024-09-29,Website,B002373,2024-25,True
Q001847,2024-09-29,Walk-in,B002391,2024-25,True
Q001908,2024-09-29,Website,B002469,2024-25,True
Q001913,2024-09-29,Hotel Partner,B002474,2024-25,True
Q001614,2024-09-30,Walk-in,B002092,2024-25,True
Q001668,2024-09-30,Referral,B002158,2024-25,True
Q001673,2024-09-30,Walk-in,B002165,2024-25,True
Q001695,2024-09-30,Referral,B002195,2024-25,True
Q001863,2024-09-30,Referral,B002413,2024-25,True
Q001866,2024-09-30,Walk-in,B002417,2024-25,True
Q001920,2024-09-30,OTA,B002484,2024-25,True
Q001516,2024-10-01,Walk-in,B001962,2024-25,True
Q001533,2024-10-01,Instagram,B001987,2024-25,True
Q001575,2024-10-01,OTA,B002046,2024-25,True
Q001601,2024-10-01,OTA,B002078,2024-25,True
Q001697,2024-10-01,Hotel Partner,B002197,2024-25,True
Q001862,2024-10-01,Walk-in,B002410,2024-25,True
Q001894,2024-10-01,Hotel Partner,B002454,2024-25,True
Q006547,2024-10-01,Website,,2024-25,False
Q006568,2024-10-01,Instagram,,2024-25,False
Q006582,2024-10-01,Website,,2024-25,False
Q006803,2024-10-01,Hotel Partner,,2024-25,False
Q006921,2024-10-01,Website,,2024-25,False
Q007057,2024-10-01,Walk-in,,2024-25,False
Q007612,2024-10-01,Walk-in,,2024-25,False
Q007664,2024-10-01,OTA,,2024-25,False
Q007797,2024-10-01,OTA,,2024-25,False
Q007981,2024-10-01,Walk-in,,2024-25,False
Q008062,2024-10-01,Referral,,2024-25,False
Q008283,2024-10-01,Website,,2024-25,False
Q008300,2024-10-01,OTA,,2024-25,False
Q001629,2024-10-02,Website,B002110,2024-25,True
Q001630,2024-10-02,OTA,B002111,2024-25,True
Q001686,2024-10-02,OTA,B002181,2024-25,True
Q001729,2024-10-02,OTA,B002235,2024-25,True
Q001814,2024-10-02,Website,B002345,2024-25,True
Q001836,2024-10-02,Hotel Partner,B002379,2024-25,True
Q001855,2024-10-02,OTA,B002402,2024-25,True
Q001873,2024-10-02,Instagram,B002425,2024-25,True
Q001887,2024-10-02,Hotel Partner,B002443,2024-25,True
Q006611,2024-10-02,Walk-in,,2024-25,False
Q007001,2024-10-02,Referral,,2024-25,False
Q007643,2024-10-02,Website,,2024-25,False
Q007763,2024-10-02,Hotel Partner,,2024-25,False
Q007800,2024-10-02,OTA,,2024-25,False
Q007913,2024-10-02,Referral,,2024-25,False
Q007987,2024-10-02,Walk-in,,2024-25,False
Q008235,2024-10-02,Walk-in,,2024-25,False
Q001720,2024-10-03,Instagram,B002224,2024-25,True
Q001736,2024-10-03,Website,B002242,2024-25,True
Q001749,2024-10-03,Website,B002256,2024-25,True
Q001826,2024-10-03,Referral,B002361,2024-25,True
Q001876,2024-10-03,Hotel Partner,B002428,2024-25,True
Q001911,2024-10-03,Walk-in,B002472,2024-25,True
Q001955,2024-10-03,Referral,B002521,2024-25,True
Q006510,2024-10-03,Website,,2024-25,False
Q006662,2024-10-03,Walk-in,,2024-25,False
Q006758,2024-10-03,Walk-in,,2024-25,False
Q007052,2024-10-03,Website,,2024-25,False
Q007366,2024-10-03,Hotel Partner,,2024-25,False
Q007506,2024-10-03,Instagram,,2024-25,False
Q007646,2024-10-03,Website,,2024-25,False
Q008361,2024-10-03,Website,,2024-25,False
Q001615,2024-10-04,OTA,B002093,2024-25,True
Q001715,2024-10-04,OTA,B002219,2024-25,True
Q001725,2024-10-04,Referral,B002230,2024-25,True
Q001730,2024-10-04,Walk-in,B002236,2024-25,True
Q001775,2024-10-04,Instagram,B002293,2024-25,True
Q001831,2024-10-04,Referral,B002369,2024-25,True
Q001899,2024-10-04,Website,B002459,2024-25,True
Q006500,2024-10-04,Website,,2024-25,False
Q006730,2024-10-04,Walk-in,,2024-25,False
Q007385,2024-10-04,Website,,2024-25,False
Q007715,2024-10-04,Hotel Partner,,2024-25,False
Q007834,2024-10-04,Instagram,,2024-25,False
Q007991,2024-10-04,OTA,,2024-25,False
Q001681,2024-10-05,OTA,B002174,2024-25,True
Q001684,2024-10-05,Instagram,B002177,2024-25,True
Q001705,2024-10-05,Walk-in,B002208,2024-25,True
Q001721,2024-10-05,Referral,B002226,2024-25,True
Q001756,2024-10-05,Walk-in,B002269,2024-25,True
Q001768,2024-10-05,Website,B002285,2024-25,True
Q001828,2024-10-05,Referral,B002365,2024-25,True
Q001869,2024-10-05,Website,B002421,2024-25,True
Q006623,2024-10-05,OTA,,2024-25,False
Q006832,2024-10-05,OTA,,2024-25,False
Q007386,2024-10-05,Walk-in,,2024-25,False
Q007623,2024-10-05,OTA,,2024-25,False
Q007628,2024-10-05,Website,,2024-25,False
Q007665,2024-10-05,OTA,,2024-25,False
Q007900,2024-10-05,Instagram,,2024-25,False
Q001689,2024-10-06,OTA,B002185,2024-25,True
Q001800,2024-10-06,OTA,B002328,2024-25,True
Q001848,2024-10-06,Walk-in,B002392,2024-25,True
Q001878,2024-10-06,Website,B002431,2024-25,True
Q001886,2024-10-06,Website,B002442,2024-25,True
Q001938,2024-10-06,OTA,B002503,2024-25,True
Q001990,2024-10-06,Website,B002568,2024-25,True
Q002026,2024-10-06,OTA,B002616,2024-25,True
Q002030,2024-10-06,Walk-in,B002625,2024-25,True
Q006548,2024-10-06,Walk-in,,2024-25,False
Q006562,2024-10-06,Referral,,2024-25,False
Q006922,2024-10-06,Instagram,,2024-25,False
Q007014,2024-10-06,Referral,,2024-25,False
Q007063,2024-10-06,Website,,2024-25,False
Q007569,2024-10-06,OTA,,2024-25,False
Q007673,2024-10-06,Referral,,2024-25,False
Q008355,2024-10-06,Walk-in,,2024-25,False
Q001605,2024-10-07,Referral,B002083,2024-25,True
Q001776,2024-10-07,Hotel Partner,B002294,2024-25,True
Q001777,2024-10-07,Instagram,B002295,2024-25,True
Q001778,2024-10-07,Referral,B002297,2024-25,True
Q001871,2024-10-07,Referral,B002423,2024-25,True
Q001872,2024-10-07,Hotel Partner,B002424,2024-25,True
Q001874,2024-10-07,Walk-in,B002426,2024-25,True
Q001880,2024-10-07,Instagram,B002433,2024-25,True
Q001881,2024-10-07,Walk-in,B002435,2024-25,True
Q001914,2024-10-07,Website,B002475,2024-25,True
Q006770,2024-10-07,Website,,2024-25,False
Q007369,2024-10-07,Website,,2024-25,False
Q007504,2024-10-07,Walk-in,,2024-25,False
Q007530,2024-10-07,OTA,,2024-25,False
Q007633,2024-10-07,Walk-in,,2024-25,False
Q007852,2024-10-07,Instagram,,2024-25,False
Q008111,2024-10-07,Instagram,,2024-25,False
Q008142,2024-10-07,Website,,2024-25,False
Q008323,2024-10-07,Website,,2024-25,False
Q001603,2024-10-08,OTA,B002081,2024-25,True
Q001677,2024-10-08,Website,B002170,2024-25,True
Q001690,2024-10-08,OTA,B002186,2024-25,True
Q001694,2024-10-08,OTA,B002194,2024-25,True
Q001702,2024-10-08,Walk-in,B002205,2024-25,True
Q001710,2024-10-08,Walk-in,B002213,2024-25,True
Q001782,2024-10-08,Hotel Partner,B002302,2024-25,True
Q001820,2024-10-08,Website,B002352,2024-25,True
Q001843,2024-10-08,Website,B002386,2024-25,True
Q001870,2024-10-08,Referral,B002422,2024-25,True
Q001928,2024-10-08,Walk-in,B002492,2024-25,True
Q002009,2024-10-08,Walk-in,B002592,2024-25,True
Q002038,2024-10-08,Walk-in,B002639,2024-25,True
Q006570,2024-10-08,Instagram,,2024-25,False
Q006619,2024-10-08,Website,,2024-25,False
Q006635,2024-10-08,Hotel Partner,,2024-25,False
Q006858,2024-10-08,Walk-in,,2024-25,False
Q006890,2024-10-08,Hotel Partner,,2024-25,False
Q006993,2024-10-08,Instagram,,2024-25,False
Q007370,2024-10-08,OTA,,2024-25,False
Q007517,2024-10-08,Website,,2024-25,False
Q008488,2024-10-08,OTA,,2024-25,False
Q001596,2024-10-09,OTA,B002071,2024-25,True
Q001669,2024-10-09,OTA,B002160,2024-25,True
Q001740,2024-10-09,Walk-in,B002246,2024-25,True
Q001742,2024-10-09,Website,B002248,2024-25,True
Q001744,2024-10-09,Walk-in,B002250,2024-25,True
Q001829,2024-10-09,Referral,B002366,2024-25,True
Q001877,2024-10-09,Referral,B002429,2024-25,True
Q001959,2024-10-09,Website,B002532,2024-25,True
Q006648,2024-10-09,Instagram,,2024-25,False
Q006829,2024-10-09,OTA,,2024-25,False
Q006856,2024-10-09,Hotel Partner,,2024-25,False
Q007054,2024-10-09,Referral,,2024-25,False
Q007571,2024-10-09,Walk-in,,2024-25,False
Q007764,2024-10-09,Referral,,2024-25,False
Q007941,2024-10-09,Referral,,2024-25,False
Q007975,2024-10-09,Website,,2024-25,False
Q007996,2024-10-09,Website,,2024-25,False
Q008120,2024-10-09,Walk-in,,2024-25,False
Q008362,2024-10-09,Walk-in,,2024-25,False
Q001616,2024-10-10,OTA,B002094,2024-25,True
Q001627,2024-10-10,OTA,B002107,2024-25,True
Q001727,2024-10-10,Instagram,B002232,2024-25,True
Q001781,2024-10-10,Website,B002300,2024-25,True
Q001784,2024-10-10,Referral,B002305,2024-25,True
Q001842,2024-10-10,Walk-in,B002385,2024-25,True
Q001860,2024-10-10,OTA,B002408,2024-25,True
Q001905,2024-10-10,OTA,B002466,2024-25,True
Q001921,2024-10-10,Website,B002485,2024-25,True
Q001947,2024-10-10,Referral,B002513,2024-25,True
Q006732,2024-10-10,OTA,,2024-25,False
Q007005,2024-10-10,Website,,2024-25,False
Q007167,2024-10-10,Walk-in,,2024-25,False
Q007250,2024-10-10,OTA,,2024-25,False
Q007348,2024-10-10,Hotel Partner,,2024-25,False
Q007557,2024-10-10,Walk-in,,2024-25,False
Q007672,2024-10-10,Website,,2024-25,False
Q008222,2024-10-10,Hotel Partner,,2024-25,False
Q008272,2024-10-10,Referral,,2024-25,False
Q001606,2024-10-11,Website,B002084,2024-25,True
Q001830,2024-10-11,Walk-in,B002368,2024-25,True
Q001934,2024-10-11,Hotel Partner,B002499,2024-25,True
Q001939,2024-10-11,OTA,B002504,2024-25,True
Q006608,2024-10-11,Instagram,,2024-25,False
Q007906,2024-10-11,Website,,2024-25,False
Q008258,2024-10-11,Hotel Partner,,2024-25,False
Q001660,2024-10-12,Walk-in,B002148,2024-25,True
Q001709,2024-10-12,OTA,B002212,2024-25,True
Q001737,2024-10-12,Walk-in,B002243,2024-25,True
Q001792,2024-10-12,Walk-in,B002319,2024-25,True
Q001893,2024-10-12,OTA,B002451,2024-25,True
Q001922,2024-10-12,Referral,B002486,2024-25,True
Q002031,2024-10-12,Walk-in,B002627,2024-25,True
Q006598,2024-10-12,Website,,2024-25,False
Q006650,2024-10-12,Walk-in,,2024-25,False
Q007281,2024-10-12,Website,,2024-25,False
Q007766,2024-10-12,Referral,,2024-25,False
Q007928,2024-10-12,Walk-in,,2024-25,False
Q001625,2024-10-13,OTA,B002104,2024-25,True
Q001683,2024-10-13,Referral,B002176,2024-25,True
Q001713,2024-10-13,Walk-in,B002217,2024-25,True
Q001841,2024-10-13,Walk-in,B002384,2024-25,True
Q001854,2024-10-13,Referral,B002401,2024-25,True
Q001949,2024-10-13,Referral,B002515,2024-25,True
Q002063,2024-10-13,Website,B002667,2024-25,True
Q006544,2024-10-13,Website,,2024-25,False
Q006647,2024-10-13,OTA,,2024-25,False
Q007172,2024-10-13,Referral,,2024-25,False
Q007203,2024-10-13,Walk-in,,2024-25,False
Q007205,2024-10-13,OTA,,2024-25,False
Q007227,2024-10-13,Walk-in,,2024-25,False
Q007448,2024-10-13,Hotel Partner,,2024-25,False
Q008038,2024-10-13,Hotel Partner,,2024-25,False
Q008114,2024-10-13,Walk-in,,2024-25,False
Q001722,2024-10-14,Walk-in,B002227,2024-25,True
Q001762,2024-10-14,Referral,B002276,2024-25,True
Q001810,2024-10-14,Website,B002341,2024-25,True
Q001816,2024-10-14,OTA,B002347,2024-25,True
Q001845,2024-10-14,Website,B002389,2024-25,True
Q001900,2024-10-14,Hotel Partner,B002460,2024-25,True
Q001906,2024-10-14,Instagram,B002467,2024-25,True
Q001951,2024-10-14,Walk-in,B002517,2024-25,True
Q001964,2024-10-14,Walk-in,B002537,2024-25,True
Q002019,2024-10-14,Walk-in,B002607,2024-25,True
Q006596,2024-10-14,Instagram,,2024-25,False
Q007020,2024-10-14,Walk-in,,2024-25,False
Q007194,2024-10-14,OTA,,2024-25,False
Q007432,2024-10-14,Walk-in,,2024-25,False
Q007758,2024-10-14,Referral,,2024-25,False
Q007770,2024-10-14,Website,,2024-25,False
Q007820,2024-10-14,Hotel Partner,,2024-25,False
Q008480,2024-10-14,Website,,2024-25,False
Q001739,2024-10-15,Referral,B002245,2024-25,True
Q001770,2024-10-15,OTA,B002287,2024-25,True
Q001819,2024-10-15,Hotel Partner,B002351,2024-25,True
Q001916,2024-10-15,Instagram,B002477,2024-25,True
Q001929,2024-10-15,Website,B002493,2024-25,True
Q001994,2024-10-15,Hotel Partner,B002573,2024-25,True
Q002091,2024-10-15,Walk-in,B002702,2024-25,True
Q006575,2024-10-15,Walk-in,,2024-25,False
Q006644,2024-10-15,OTA,,2024-25,False
Q007248,2024-10-15,Website,,2024-25,False
Q007425,2024-10-15,Walk-in,,2024-25,False
Q007556,2024-10-15,OTA,,2024-25,False
Q007654,2024-10-15,OTA,,2024-25,False
Q007924,2024-10-15,Website,,2024-25,False
Q007957,2024-10-15,Walk-in,,2024-25,False
Q008110,2024-10-15,OTA,,2024-25,False
Q008165,2024-10-15,Referral,,2024-25,False
Q008340,2024-10-15,OTA,,2024-25,False
Q001608,2024-10-16,Hotel Partner,B002086,2024-25,True
Q001655,2024-10-16,Website,B002143,2024-25,True
Q001746,2024-10-16,Referral,B002252,2024-25,True
Q001748,2024-10-16,Website,B002255,2024-25,True
Q001753,2024-10-16,Website,B002263,2024-25,True
Q001758,2024-10-16,Instagram,B002271,2024-25,True
Q001868,2024-10-16,Walk-in,B002420,2024-25,True
Q002003,2024-10-16,Instagram,B002584,2024-25,True
Q002074,2024-10-16,Walk-in,B002680,2024-25,True
Q006519,2024-10-16,Walk-in,,2024-25,False
Q006998,2024-10-16,Walk-in,,2024-25,False
Q007070,2024-10-16,Hotel Partner,,2024-25,False
Q007124,2024-10-16,Referral,,2024-25,False
Q007308,2024-10-16,Website,,2024-25,False
Q007387,2024-10-16,OTA,,2024-25,False
Q007402,2024-10-16,OTA,,2024-25,False
Q008214,2024-10-16,Walk-in,,2024-25,False
Q008369,2024-10-16,OTA,,2024-25,False
Q001649,2024-10-17,Hotel Partner,B002136,2024-25,True
Q001693,2024-10-17,Website,B002192,2024-25,True
Q001754,2024-10-17,OTA,B002264,2024-25,True
Q001774,2024-10-17,Walk-in,B002291,2024-25,True
Q001795,2024-10-17,OTA,B002322,2024-25,True
Q001806,2024-10-17,OTA,B002336,2024-25,True
Q001811,2024-10-17,OTA,B002342,2024-25,True
Q001910,2024-10-17,Hotel Partner,B002471,2024-25,True
Q001942,2024-10-17,OTA,B002508,2024-25,True
Q001968,2024-10-17,Walk-in,B002541,2024-25,True
Q001979,2024-10-17,Website,B002554,2024-25,True
Q002029,2024-10-17,Hotel Partner,B002622,2024-25,True
Q006641,2024-10-17,Instagram,,2024-25,False
Q006684,2024-10-17,Walk-in,,2024-25,False
Q006851,2024-10-17,Instagram,,2024-25,False
Q007853,2024-10-17,Walk-in,,2024-25,False
Q008469,2024-10-17,OTA,,2024-25,False
Q001733,2024-10-18,Hotel Partner,B002239,2024-25,True
Q001760,2024-10-18,OTA,B002274,2024-25,True
Q001808,2024-10-18,OTA,B002338,2024-25,True
Q001838,2024-10-18,OTA,B002381,2024-25,True
Q001915,2024-10-18,Website,B002476,2024-25,True
Q002008,2024-10-18,Referral,B002591,2024-25,True
Q006536,2024-10-18,Referral,,2024-25,False
Q006626,2024-10-18,Walk-in,,2024-25,False
Q006725,2024-10-18,Website,,2024-25,False
Q006777,2024-10-18,Walk-in,,2024-25,False
Q006844,2024-10-18,Website,,2024-25,False
Q006849,2024-10-18,Referral,,2024-25,False
Q006868,2024-10-18,OTA,,2024-25,False
Q006888,2024-10-18,Referral,,2024-25,False
Q006943,2024-10-18,Instagram,,2024-25,False
Q007031,2024-10-18,OTA,,2024-25,False
Q007049,2024-10-18,Walk-in,,2024-25,False
Q007244,2024-10-18,Instagram,,2024-25,False
Q007910,2024-10-18,Walk-in,,2024-25,False
Q007971,2024-10-18,Website,,2024-25,False
Q008115,2024-10-18,Instagram,,2024-25,False
Q001700,2024-10-19,Hotel Partner,B002202,2024-25,True
Q001732,2024-10-19,Hotel Partner,B002238,2024-25,True
Q001752,2024-10-19,Referral,B002262,2024-25,True
Q001827,2024-10-19,Website,B002363,2024-25,True
Q001849,2024-10-19,Walk-in,B002393,2024-25,True
Q001895,2024-10-19,Referral,B002455,2024-25,True
Q001912,2024-10-19,Walk-in,B002473,2024-25,True
Q001978,2024-10-19,Referral,B002552,2024-25,True
Q002013,2024-10-19,Hotel Partner,B002600,2024-25,True
Q002044,2024-10-19,Instagram,B002646,2024-25,True
Q002101,2024-10-19,Instagram,B002717,2024-25,True
Q002104,2024-10-19,Instagram,B002720,2024-25,True
Q002108,2024-10-19,Instagram,B002725,2024-25,True
Q007547,2024-10-19,OTA,,2024-25,False
Q007707,2024-10-19,OTA,,2024-25,False
Q007762,2024-10-19,Referral,,2024-25,False
Q007962,2024-10-19,Walk-in,,2024-25,False
Q008237,2024-10-19,Website,,2024-25,False
Q008385,2024-10-19,OTA,,2024-25,False
Q008422,2024-10-19,Instagram,,2024-25,False
Q008441,2024-10-19,Website,,2024-25,False
Q001691,2024-10-20,Hotel Partner,B002187,2024-25,True
Q001723,2024-10-20,Walk-in,B002228,2024-25,True
Q001747,2024-10-20,Website,B002254,2024-25,True
Q001803,2024-10-20,Hotel Partner,B002331,2024-25,True
Q001875,2024-10-20,OTA,B002427,2024-25,True
Q001925,2024-10-20,Instagram,B002489,2024-25,True
Q001953,2024-10-20,Referral,B002519,2024-25,True
Q002001,2024-10-20,Referral,B002582,2024-25,True
Q002023,2024-10-20,Walk-in,B002611,2024-25,True
Q002083,2024-10-20,Hotel Partner,B002693,2024-25,True
Q006505,2024-10-20,OTA,,2024-25,False
Q006831,2024-10-20,Walk-in,,2024-25,False
Q006942,2024-10-20,Hotel Partner,,2024-25,False
Q007012,2024-10-20,Referral,,2024-25,False
Q007144,2024-10-20,Referral,,2024-25,False
Q007315,2024-10-20,OTA,,2024-25,False
Q007520,2024-10-20,Website,,2024-25,False
Q007713,2024-10-20,Hotel Partner,,2024-25,False
Q001663,2024-10-21,Website,B002151,2024-25,True
Q001766,2024-10-21,Walk-in,B002281,2024-25,True
Q001785,2024-10-21,OTA,B002306,2024-25,True
Q001846,2024-10-21,Walk-in,B002390,2024-25,True
Q001856,2024-10-21,Website,B002404,2024-25,True
Q001857,2024-10-21,Walk-in,B002405,2024-25,True
Q001940,2024-10-21,Walk-in,B002505,2024-25,True
Q001992,2024-10-21,Walk-in,B002571,2024-25,True
Q002014,2024-10-21,Referral,B002601,2024-25,True
Q002021,2024-10-21,Hotel Partner,B002609,2024-25,True
Q002110,2024-10-21,Referral,B002729,2024-25,True
Q002123,2024-10-21,Referral,B002744,2024-25,True
Q002127,2024-10-21,OTA,B002749,2024-25,True
Q002135,2024-10-21,Referral,B002758,2024-25,True
Q002180,2024-10-21,Walk-in,B002812,2024-25,True
Q002184,2024-10-21,Referral,B002817,2024-25,True
Q006628,2024-10-21,Walk-in,,2024-25,False
Q006979,2024-10-21,Walk-in,,2024-25,False
Q006991,2024-10-21,Website,,2024-25,False
Q007836,2024-10-21,Instagram,,2024-25,False
Q008372,2024-10-21,OTA,,2024-25,False
Q008471,2024-10-21,Walk-in,,2024-25,False
Q001765,2024-10-22,OTA,B002280,2024-25,True
Q001818,2024-10-22,Instagram,B002350,2024-25,True
Q001858,2024-10-22,Referral,B002406,2024-25,True
Q001861,2024-10-22,Walk-in,B002409,2024-25,True
Q001903,2024-10-22,OTA,B002464,2024-25,True
Q001919,2024-10-22,Website,B002483,2024-25,True
Q001926,2024-10-22,Walk-in,B002490,2024-25,True
Q001936,2024-10-22,Hotel Partner,B002501,2024-25,True
Q001973,2024-10-22,Website,B002546,2024-25,True
Q001977,2024-10-22,Walk-in,B002551,2024-25,True
Q002010,2024-10-22,Walk-in,B002595,2024-25,True
Q002022,2024-10-22,Walk-in,B002610,2024-25,True
Q002087,2024-10-22,Referral,B002697,2024-25,True
Q002114,2024-10-22,Instagram,B002735,2024-25,True
Q002142,2024-10-22,Instagram,B002768,2024-25,True
Q006637,2024-10-22,Referral,,2024-25,False
Q006717,2024-10-22,Website,,2024-25,False
Q006747,2024-10-22,Instagram,,2024-25,False
Q006869,2024-10-22,Instagram,,2024-25,False
Q007587,2024-10-22,Walk-in,,2024-25,False
Q007614,2024-10-22,Instagram,,2024-25,False
Q007796,2024-10-22,Website,,2024-25,False
Q007944,2024-10-22,Website,,2024-25,False
Q008029,2024-10-22,OTA,,2024-25,False
Q008251,2024-10-22,Website,,2024-25,False
Q001789,2024-10-23,Referral,B002313,2024-25,True
Q001805,2024-10-23,Instagram,B002334,2024-25,True
Q001902,2024-10-23,Walk-in,B002463,2024-25,True
Q001904,2024-10-23,Instagram,B002465,2024-25,True
Q001980,2024-10-23,OTA,B002556,2024-25,True
Q002046,2024-10-23,Walk-in,B002649,2024-25,True
Q006592,2024-10-23,Referral,,2024-25,False
Q006886,2024-10-23,Walk-in,,2024-25,False
Q007531,2024-10-23,Walk-in,,2024-25,False
Q007784,2024-10-23,Website,,2024-25,False
Q008138,2024-10-23,Referral,,2024-25,False
Q008464,2024-10-23,Walk-in,,2024-25,False
Q008475,2024-10-23,Walk-in,,2024-25,False
Q001823,2024-10-24,Website,B002357,2024-25,True
Q001825,2024-10-24,Referral,B002359,2024-25,True
Q001896,2024-10-24,OTA,B002456,2024-25,True
Q001983,2024-10-24,Instagram,B002560,2024-25,True
Q002039,2024-10-24,Website,B002640,2024-25,True
Q002048,2024-10-24,Referral,B002650,2024-25,True
Q002179,2024-10-24,Referral,B002810,2024-25,True
Q006530,2024-10-24,OTA,,2024-25,False
Q006542,2024-10-24,Instagram,,2024-25,False
Q007061,2024-10-24,Hotel Partner,,2024-25,False
Q007862,2024-10-24,Referral,,2024-25,False
Q008377,2024-10-24,OTA,,2024-25,False
Q001699,2024-10-25,Website,B002201,2024-25,True
Q001779,2024-10-25,Walk-in,B002298,2024-25,True
Q001839,2024-10-25,Website,B002382,2024-25,True
Q001909,2024-10-25,Hotel Partner,B002470,2024-25,True
Q002006,2024-10-25,Instagram,B002588,2024-25,True
Q002020,2024-10-25,Website,B002608,2024-25,True
Q002095,2024-10-25,Referral,B002706,2024-25,True
Q002096,2024-10-25,Walk-in,B002710,2024-25,True
Q002097,2024-10-25,OTA,B002711,2024-25,True
Q002140,2024-10-25,Instagram,B002764,2024-25,True
Q002177,2024-10-25,Instagram,B002807,2024-25,True
Q002206,2024-10-25,Walk-in,B002844,2024-25,True
Q006723,2024-10-25,Referral,,2024-25,False
Q007307,2024-10-25,OTA,,2024-25,False
Q007799,2024-10-25,Walk-in,,2024-25,False
Q008121,2024-10-25,Instagram,,2024-25,False
Q008286,2024-10-25,OTA,,2024-25,False
Q008404,2024-10-25,Instagram,,2024-25,False
Q001757,2024-10-26,Website,B002270,2024-25,True
Q001799,2024-10-26,OTA,B002327,2024-25,True
Q001815,2024-10-26,Website,B002346,2024-25,True
Q001821,2024-10-26,Walk-in,B002355,2024-25,True
Q001931,2024-10-26,Walk-in,B002496,2024-25,True
Q001956,2024-10-26,OTA,B002526,2024-25,True
Q001961,2024-10-26,Instagram,B002534,2024-25,True
Q002066,2024-10-26,Hotel Partner,B002670,2024-25,True
Q002073,2024-10-26,Instagram,B002679,2024-25,True
Q002082,2024-10-26,Referral,B002691,2024-25,True
Q006978,2024-10-26,Referral,,2024-25,False
Q007110,2024-10-26,Walk-in,,2024-25,False
Q007295,2024-10-26,Walk-in,,2024-25,False
Q008384,2024-10-26,Walk-in,,2024-25,False
Q001888,2024-10-27,Instagram,B002444,2024-25,True
Q001945,2024-10-27,Hotel Partner,B002511,2024-25,True
Q001993,2024-10-27,Walk-in,B002572,2024-25,True
Q002033,2024-10-27,Walk-in,B002628,2024-25,True
Q002042,2024-10-27,Instagram,B002643,2024-25,True
Q002176,2024-10-27,Walk-in,B002806,2024-25,True
Q006796,2024-10-27,Walk-in,,2024-25,False
Q006798,2024-10-27,Website,,2024-25,False
Q007099,2024-10-27,Website,,2024-25,False
Q007256,2024-10-27,Instagram,,2024-25,False
Q007525,2024-10-27,Instagram,,2024-25,False
Q007804,2024-10-27,Hotel Partner,,2024-25,False
Q008052,2024-10-27,Website,,2024-25,False
Q008179,2024-10-27,OTA,,2024-25,False
Q008196,2024-10-27,Instagram,,2024-25,False
Q008353,2024-10-27,Referral,,2024-25,False
Q008481,2024-10-27,Walk-in,,2024-25,False
Q001767,2024-10-28,Instagram,B002282,2024-25,True
Q002049,2024-10-28,Referral,B002651,2024-25,True
Q002080,2024-10-28,Website,B002688,2024-25,True
Q002164,2024-10-28,Referral,B002791,2024-25,True
Q002220,2024-10-28,OTA,B002860,2024-25,True
Q006654,2024-10-28,Walk-in,,2024-25,False
Q006757,2024-10-28,Instagram,,2024-25,False
Q007584,2024-10-28,Website,,2024-25,False
Q007629,2024-10-28,Walk-in,,2024-25,False
Q008277,2024-10-28,Walk-in,,2024-25,False
Q008352,2024-10-28,OTA,,2024-25,False
Q001802,2024-10-29,Walk-in,B002330,2024-25,True
Q002185,2024-10-29,Referral,B002818,2024-25,True
Q002193,2024-10-29,Website,B002829,2024-25,True
Q006763,2024-10-29,Walk-in,,2024-25,False
Q006813,2024-10-29,Website,,2024-25,False
Q006901,2024-10-29,OTA,,2024-25,False
Q007115,2024-10-29,Hotel Partner,,2024-25,False
Q007187,2024-10-29,Hotel Partner,,2024-25,False
Q007312,2024-10-29,Hotel Partner,,2024-25,False
Q007361,2024-10-29,Hotel Partner,,2024-25,False
Q007572,2024-10-29,Walk-in,,2024-25,False
Q007632,2024-10-29,Referral,,2024-25,False
Q007682,2024-10-29,OTA,,2024-25,False
Q008096,2024-10-29,Hotel Partner,,2024-25,False
Q008180,2024-10-29,Hotel Partner,,2024-25,False
Q001712,2024-10-30,Referral,B002216,2024-25,True
Q001731,2024-10-30,Website,B002237,2024-25,True
Q001791,2024-10-30,Instagram,B002318,2024-25,True
Q001932,2024-10-30,OTA,B002497,2024-25,True
Q002151,2024-10-30,Instagram,B002778,2024-25,True
Q002194,2024-10-30,Walk-in,B002831,2024-25,True
Q002255,2024-10-30,Hotel Partner,B002906,2024-25,True
Q002324,2024-10-30,Website,B002993,2024-25,True
Q006700,2024-10-30,OTA,,2024-25,False
Q007082,2024-10-30,Walk-in,,2024-25,False
Q007083,2024-10-30,Website,,2024-25,False
Q007394,2024-10-30,Website,,2024-25,False
Q007979,2024-10-30,Walk-in,,2024-25,False
Q008006,2024-10-30,Website,,2024-25,False
Q008088,2024-10-30,OTA,,2024-25,False
Q008344,2024-10-30,Website,,2024-25,False
Q001813,2024-10-31,Website,B002344,2024-25,True
Q001817,2024-10-31,OTA,B002348,2024-25,True
Q001889,2024-10-31,OTA,B002445,2024-25,True
Q001982,2024-10-31,Walk-in,B002559,2024-25,True
Q001997,2024-10-31,Walk-in,B002576,2024-25,True
Q002012,2024-10-31,Instagram,B002599,2024-25,True
Q002024,2024-10-31,Hotel Partner,B002612,2024-25,True
Q002028,2024-10-31,Hotel Partner,B002621,2024-25,True
Q002068,2024-10-31,OTA,B002672,2024-25,True
Q002094,2024-10-31,Hotel Partner,B002705,2024-25,True
Q002139,2024-10-31,Walk-in,B002763,2024-25,True
Q006524,2024-10-31,Referral,,2024-25,False
Q007140,2024-10-31,Instagram,,2024-25,False
Q007373,2024-10-31,Hotel Partner,,2024-25,False
Q007637,2024-10-31,Website,,2024-25,False
Q007769,2024-10-31,Walk-in,,2024-25,False
Q007947,2024-10-31,Referral,,2024-25,False
Q008021,2024-10-31,Website,,2024-25,False
Q008089,2024-10-31,Walk-in,,2024-25,False
Q008141,2024-10-31,OTA,,2024-25,False
Q008351,2024-10-31,Walk-in,,2024-25,False
Q008430,2024-10-31,Hotel Partner,,2024-25,False
Q001864,2024-11-01,Hotel Partner,B002415,2024-25,True
Q001946,2024-11-01,Website,B002512,2024-25,True
Q002053,2024-11-01,Walk-in,B002657,2024-25,True
Q002107,2024-11-01,OTA,B002724,2024-25,True
Q002147,2024-11-01,Hotel Partner,B002773,2024-25,True
Q002172,2024-11-01,Website,B002799,2024-25,True
Q006718,2024-11-01,Hotel Partner,,2024-25,False
Q006861,2024-11-01,Walk-in,,2024-25,False
Q007415,2024-11-01,Walk-in,,2024-25,False
Q007566,2024-11-01,Website,,2024-25,False
Q007876,2024-11-01,Referral,,2024-25,False
Q008143,2024-11-01,Instagram,,2024-25,False
Q008412,2024-11-01,Instagram,,2024-25,False
Q001879,2024-11-02,OTA,B002432,2024-25,True
Q001988,2024-11-02,OTA,B002566,2024-25,True
Q002036,2024-11-02,Referral,B002636,2024-25,True
Q002051,2024-11-02,Website,B002653,2024-25,True
Q002115,2024-11-02,Walk-in,B002736,2024-25,True
Q002119,2024-11-02,Walk-in,B002740,2024-25,True
Q002152,2024-11-02,Hotel Partner,B002779,2024-25,True
Q002229,2024-11-02,Website,B002871,2024-25,True
Q002242,2024-11-02,Instagram,B002889,2024-25,True
Q002268,2024-11-02,Walk-in,B002921,2024-25,True
Q002295,2024-11-02,Website,B002956,2024-25,True
Q006707,2024-11-02,OTA,,2024-25,False
Q006997,2024-11-02,Website,,2024-25,False
Q007011,2024-11-02,Hotel Partner,,2024-25,False
Q007461,2024-11-02,Walk-in,,2024-25,False
Q007661,2024-11-02,Referral,,2024-25,False
Q008017,2024-11-02,Walk-in,,2024-25,False
Q008116,2024-11-02,Website,,2024-25,False
Q001804,2024-11-03,OTA,B002332,2024-25,True
Q001812,2024-11-03,Hotel Partner,B002343,2024-25,True
Q001835,2024-11-03,Referral,B002374,2024-25,True
Q001865,2024-11-03,OTA,B002416,2024-25,True
Q001923,2024-11-03,Walk-in,B002487,2024-25,True
Q001950,2024-11-03,OTA,B002516,2024-25,True
Q001970,2024-11-03,Walk-in,B002543,2024-25,True
Q002007,2024-11-03,Walk-in,B002589,2024-25,True
Q002017,2024-11-03,Hotel Partner,B002604,2024-25,True
Q002120,2024-11-03,Hotel Partner,B002741,2024-25,True
Q002125,2024-11-03,Website,B002746,2024-25,True
Q002141,2024-11-03,OTA,B002767,2024-25,True
Q002187,2024-11-03,OTA,B002820,2024-25,True
Q002259,2024-11-03,Instagram,B002910,2024-25,True
Q006754,2024-11-03,Website,,2024-25,False
Q006789,2024-11-03,Hotel Partner,,2024-25,False
Q007158,2024-11-03,Instagram,,2024-25,False
Q007159,2024-11-03,Walk-in,,2024-25,False
Q007228,2024-11-03,Referral,,2024-25,False
Q007274,2024-11-03,Referral,,2024-25,False
Q007397,2024-11-03,OTA,,2024-25,False
Q007920,2024-11-03,Instagram,,2024-25,False
Q008098,2024-11-03,Walk-in,,2024-25,False
Q008221,2024-11-03,Instagram,,2024-25,False
Q001807,2024-11-04,Walk-in,B002337,2024-25,True
Q001952,2024-11-04,Walk-in,B002518,2024-25,True
Q001958,2024-11-04,Referral,B002531,2024-25,True
Q001984,2024-11-04,Hotel Partner,B002561,2024-25,True
Q002081,2024-11-04,Walk-in,B002690,2024-25,True
Q002161,2024-11-04,Website,B002788,2024-25,True
Q002265,2024-11-04,Instagram,B002917,2024-25,True
Q006606,2024-11-04,Walk-in,,2024-25,False
Q006759,2024-11-04,Website,,2024-25,False
Q007433,2024-11-04,OTA,,2024-25,False
Q007529,2024-11-04,Referral,,2024-25,False
Q007564,2024-11-04,Website,,2024-25,False
Q007880,2024-11-04,Instagram,,2024-25,False
Q007894,2024-11-04,Hotel Partner,,2024-25,False
Q008183,2024-11-04,Referral,,2024-25,False
Q008309,2024-11-04,Referral,,2024-25,False
Q008371,2024-11-04,OTA,,2024-25,False
Q001917,2024-11-05,Walk-in,B002478,2024-25,True
Q001963,2024-11-05,Website,B002536,2024-25,True
Q002057,2024-11-05,Walk-in,B002661,2024-25,True
Q002084,2024-11-05,Walk-in,B002694,2024-25,True
Q002190,2024-11-05,Instagram,B002824,2024-25,True
Q002276,2024-11-05,Website,B002930,2024-25,True
Q006518,2024-11-05,Instagram,,2024-25,False
Q006595,2024-11-05,OTA,,2024-25,False
Q006605,2024-11-05,Website,,2024-25,False
Q006607,2024-11-05,Referral,,2024-25,False
Q006617,2024-11-05,Walk-in,,2024-25,False
Q007142,2024-11-05,Walk-in,,2024-25,False
Q007343,2024-11-05,Website,,2024-25,False
Q007443,2024-11-05,Referral,,2024-25,False
Q007819,2024-11-05,OTA,,2024-25,False
Q007854,2024-11-05,Instagram,,2024-25,False
Q008154,2024-11-05,Hotel Partner,,2024-25,False
Q008176,2024-11-05,OTA,,2024-25,False
Q008242,2024-11-05,Referral,,2024-25,False
Q008294,2024-11-05,Walk-in,,2024-25,False
Q001933,2024-11-06,Walk-in,B002498,2024-25,True
Q001967,2024-11-06,OTA,B002540,2024-25,True
Q001974,2024-11-06,Website,B002548,2024-25,True
Q001998,2024-11-06,Walk-in,B002578,2024-25,True
Q002040,2024-11-06,Website,B002641,2024-25,True
Q002098,2024-11-06,Walk-in,B002713,2024-25,True
Q002118,2024-11-06,Referral,B002739,2024-25,True
Q002158,2024-11-06,Hotel Partner,B002784,2024-25,True
Q002197,2024-11-06,Website,B002834,2024-25,True
Q002292,2024-11-06,OTA,B002953,2024-25,True
Q002329,2024-11-06,Instagram,B002998,2024-25,True
Q006782,2024-11-06,OTA,,2024-25,False
Q007047,2024-11-06,Walk-in,,2024-25,False
Q007620,2024-11-06,Website,,2024-25,False
Q007795,2024-11-06,Referral,,2024-25,False
Q008016,2024-11-06,Instagram,,2024-25,False
Q008440,2024-11-06,Website,,2024-25,False
Q008444,2024-11-06,OTA,,2024-25,False
Q001832,2024-11-07,Walk-in,B002371,2024-25,True
Q001901,2024-11-07,Referral,B002462,2024-25,True
Q001962,2024-11-07,Instagram,B002535,2024-25,True
Q001966,2024-11-07,Walk-in,B002539,2024-25,True
Q002086,2024-11-07,Referral,B002696,2024-25,True
Q002129,2024-11-07,Walk-in,B002751,2024-25,True
Q002186,2024-11-07,Instagram,B002819,2024-25,True
Q002212,2024-11-07,Instagram,B002850,2024-25,True
Q002226,2024-11-07,Instagram,B002868,2024-25,True
Q002267,2024-11-07,Hotel Partner,B002920,2024-25,True
Q002269,2024-11-07,Referral,B002922,2024-25,True
Q002312,2024-11-07,Referral,B002978,2024-25,True
Q002346,2024-11-07,Website,B003022,2024-25,True
Q006949,2024-11-07,Hotel Partner,,2024-25,False
Q007261,2024-11-07,Walk-in,,2024-25,False
Q007656,2024-11-07,Walk-in,,2024-25,False
Q007717,2024-11-07,Referral,,2024-25,False
Q008013,2024-11-07,Website,,2024-25,False
Q001780,2024-11-08,Referral,B002299,2024-25,True
Q001852,2024-11-08,Website,B002398,2024-25,True
Q001892,2024-11-08,OTA,B002448,2024-25,True
Q001937,2024-11-08,Walk-in,B002502,2024-25,True
Q002056,2024-11-08,OTA,B002660,2024-25,True
Q002065,2024-11-08,Referral,B002669,2024-25,True
Q002099,2024-11-08,Hotel Partner,B002715,2024-25,True
Q002103,2024-11-08,Instagram,B002719,2024-25,True
Q002205,2024-11-08,Referral,B002843,2024-25,True
Q002208,2024-11-08,OTA,B002846,2024-25,True
Q002304,2024-11-08,Walk-in,B002968,2024-25,True
Q002395,2024-11-08,Website,B003081,2024-25,True
Q002421,2024-11-08,Referral,B003113,2024-25,True
Q007309,2024-11-08,OTA,,2024-25,False
Q007408,2024-11-08,Instagram,,2024-25,False
Q007507,2024-11-08,Instagram,,2024-25,False
Q007891,2024-11-08,OTA,,2024-25,False
Q008391,2024-11-08,Website,,2024-25,False
Q008477,2024-11-08,Instagram,,2024-25,False
Q001924,2024-11-09,OTA,B002488,2024-25,True
Q001965,2024-11-09,Instagram,B002538,2024-25,True
Q002076,2024-11-09,OTA,B002683,2024-25,True
Q002090,2024-11-09,Website,B002700,2024-25,True
Q002225,2024-11-09,OTA,B002865,2024-25,True
Q002249,2024-11-09,Website,B002898,2024-25,True
Q002282,2024-11-09,Website,B002938,2024-25,True
Q002348,2024-11-09,Referral,B003026,2024-25,True
Q006714,2024-11-09,Walk-in,,2024-25,False
Q007029,2024-11-09,OTA,,2024-25,False
Q007045,2024-11-09,Website,,2024-25,False
Q007230,2024-11-09,Walk-in,,2024-25,False
Q007985,2024-11-09,Website,,2024-25,False
Q007989,2024-11-09,Referral,,2024-25,False
Q008069,2024-11-09,Referral,,2024-25,False
Q008418,2024-11-09,Walk-in,,2024-25,False
Q001882,2024-11-10,OTA,B002436,2024-25,True
Q001986,2024-11-10,Referral,B002563,2024-25,True
Q001991,2024-11-10,Walk-in,B002570,2024-25,True
Q002093,2024-11-10,OTA,B002704,2024-25,True
Q002136,2024-11-10,Walk-in,B002759,2024-25,True
Q002222,2024-11-10,OTA,B002862,2024-25,True
Q002231,2024-11-10,Walk-in,B002873,2024-25,True
Q002245,2024-11-10,Website,B002892,2024-25,True
Q002258,2024-11-10,OTA,B002909,2024-25,True
Q006535,2024-11-10,Website,,2024-25,False
Q006713,2024-11-10,Walk-in,,2024-25,False
Q007299,2024-11-10,Website,,2024-25,False
Q007476,2024-11-10,Instagram,,2024-25,False
Q007554,2024-11-10,Website,,2024-25,False
Q007937,2024-11-10,Walk-in,,2024-25,False
Q007988,2024-11-10,Walk-in,,2024-25,False
Q008345,2024-11-10,Instagram,,2024-25,False
Q008485,2024-11-10,OTA,,2024-25,False
Q001954,2024-11-11,Hotel Partner,B002520,2024-25,True
Q001972,2024-11-11,Instagram,B002545,2024-25,True
Q001976,2024-11-11,OTA,B002550,2024-25,True
Q001981,2024-11-11,Hotel Partner,B002557,2024-25,True
Q002015,2024-11-11,Walk-in,B002602,2024-25,True
Q002067,2024-11-11,Referral,B002671,2024-25,True
Q002131,2024-11-11,Referral,B002753,2024-25,True
Q002137,2024-11-11,OTA,B002760,2024-25,True
Q006614,2024-11-11,OTA,,2024-25,False
Q006672,2024-11-11,Website,,2024-25,False
Q006846,2024-11-11,Instagram,,2024-25,False
Q006958,2024-11-11,Referral,,2024-25,False
Q007262,2024-11-11,OTA,,2024-25,False
Q007338,2024-11-11,OTA,,2024-25,False
Q007475,2024-11-11,Website,,2024-25,False
Q007489,2024-11-11,Hotel Partner,,2024-25,False
Q007535,2024-11-11,OTA,,2024-25,False
Q008315,2024-11-11,Hotel Partner,,2024-25,False
Q001850,2024-11-12,Website,B002395,2024-25,True
Q001898,2024-11-12,OTA,B002458,2024-25,True
Q001927,2024-11-12,Walk-in,B002491,2024-25,True
Q002069,2024-11-12,OTA,B002673,2024-25,True
Q002078,2024-11-12,Website,B002686,2024-25,True
Q002200,2024-11-12,Walk-in,B002838,2024-25,True
Q002210,2024-11-12,OTA,B002848,2024-25,True
Q002266,2024-11-12,Instagram,B002918,2024-25,True
Q002279,2024-11-12,OTA,B002933,2024-25,True
Q002476,2024-11-12,Website,B003180,2024-25,True
Q006580,2024-11-12,Website,,2024-25,False
Q006581,2024-11-12,OTA,,2024-25,False
Q006664,2024-11-12,Instagram,,2024-25,False
Q007097,2024-11-12,Instagram,,2024-25,False
Q007207,2024-11-12,OTA,,2024-25,False
Q007218,2024-11-12,Website,,2024-25,False
Q007257,2024-11-12,Hotel Partner,,2024-25,False
Q007427,2024-11-12,Website,,2024-25,False
Q007546,2024-11-12,Instagram,,2024-25,False
Q007578,2024-11-12,Walk-in,,2024-25,False
Q007650,2024-11-12,Website,,2024-25,False
Q007757,2024-11-12,Referral,,2024-25,False
Q007821,2024-11-12,Website,,2024-25,False
Q007889,2024-11-12,Referral,,2024-25,False
Q007945,2024-11-12,Instagram,,2024-25,False
Q007952,2024-11-12,Referral,,2024-25,False
Q007954,2024-11-12,Instagram,,2024-25,False
Q001975,2024-11-13,Instagram,B002549,2024-25,True
Q002011,2024-11-13,OTA,B002596,2024-25,True
Q002045,2024-11-13,Walk-in,B002647,2024-25,True
Q002170,2024-11-13,Instagram,B002797,2024-25,True
Q002218,2024-11-13,OTA,B002857,2024-25,True
Q002251,2024-11-13,Walk-in,B002900,2024-25,True
Q002290,2024-11-13,Referral,B002951,2024-25,True
Q002307,2024-11-13,Hotel Partner,B002972,2024-25,True
Q002313,2024-11-13,OTA,B002980,2024-25,True
Q002315,2024-11-13,Referral,B002982,2024-25,True
Q002472,2024-11-13,Website,B003175,2024-25,True
Q002503,2024-11-13,Hotel Partner,B003211,2024-25,True
Q006554,2024-11-13,Instagram,,2024-25,False
Q006951,2024-11-13,OTA,,2024-25,False
Q007034,2024-11-13,Website,,2024-25,False
Q007107,2024-11-13,Website,,2024-25,False
Q007771,2024-11-13,OTA,,2024-25,False
Q008030,2024-11-13,Walk-in,,2024-25,False
Q008039,2024-11-13,OTA,,2024-25,False
Q001853,2024-11-14,Referral,B002399,2024-25,True
Q001907,2024-11-14,Instagram,B002468,2024-25,True
Q001935,2024-11-14,Website,B002500,2024-25,True
Q001943,2024-11-14,Referral,B002509,2024-25,True
Q002175,2024-11-14,Walk-in,B002805,2024-25,True
Q002237,2024-11-14,Referral,B002881,2024-25,True
Q002311,2024-11-14,Walk-in,B002977,2024-25,True
Q002352,2024-11-14,Walk-in,B003034,2024-25,True
Q002403,2024-11-14,Referral,B003092,2024-25,True
Q002449,2024-11-14,Website,B003148,2024-25,True
Q006506,2024-11-14,Walk-in,,2024-25,False
Q006751,2024-11-14,OTA,,2024-25,False
Q006835,2024-11-14,Hotel Partner,,2024-25,False
Q007085,2024-11-14,Referral,,2024-25,False
Q007608,2024-11-14,Website,,2024-25,False
Q008083,2024-11-14,Referral,,2024-25,False
Q008126,2024-11-14,Instagram,,2024-25,False
Q002072,2024-11-15,Walk-in,B002677,2024-25,True
Q002089,2024-11-15,Referral,B002699,2024-25,True
Q002092,2024-11-15,Referral,B002703,2024-25,True
Q002198,2024-11-15,Website,B002835,2024-25,True
Q002232,2024-11-15,OTA,B002876,2024-25,True
Q002264,2024-11-15,OTA,B002916,2024-25,True
Q002402,2024-11-15,Website,B003090,2024-25,True
Q002426,2024-11-15,Hotel Partner,B003118,2024-25,True
Q007496,2024-11-15,Website,,2024-25,False
Q007882,2024-11-15,OTA,,2024-25,False
Q001941,2024-11-16,Walk-in,B002507,2024-25,True
Q001995,2024-11-16,Walk-in,B002574,2024-25,True
Q002043,2024-11-16,Instagram,B002645,2024-25,True
Q002052,2024-11-16,Website,B002656,2024-25,True
Q002077,2024-11-16,Hotel Partner,B002684,2024-25,True
Q002154,2024-11-16,Walk-in,B002781,2024-25,True
Q006909,2024-11-16,Hotel Partner,,2024-25,False
Q007130,2024-11-16,Referral,,2024-25,False
Q007252,2024-11-16,Instagram,,2024-25,False
Q007371,2024-11-16,OTA,,2024-25,False
Q007423,2024-11-16,Walk-in,,2024-25,False
Q007440,2024-11-16,Website,,2024-25,False
Q007605,2024-11-16,Website,,2024-25,False
Q007734,2024-11-16,Walk-in,,2024-25,False
Q007901,2024-11-16,OTA,,2024-25,False
Q008014,2024-11-16,OTA,,2024-25,False
Q008148,2024-11-16,OTA,,2024-25,False
Q008170,2024-11-16,OTA,,2024-25,False
Q008233,2024-11-16,Website,,2024-25,False
Q008311,2024-11-16,Instagram,,2024-25,False
Q008462,2024-11-16,Website,,2024-25,False
Q002018,2024-11-17,Walk-in,B002606,2024-25,True
Q002138,2024-11-17,OTA,B002762,2024-25,True
Q002168,2024-11-17,OTA,B002795,2024-25,True
Q002195,2024-11-17,Referral,B002832,2024-25,True
Q002223,2024-11-17,Referral,B002863,2024-25,True
Q002224,2024-11-17,OTA,B002864,2024-25,True
Q002308,2024-11-17,Walk-in,B002973,2024-25,True
Q002318,2024-11-17,Walk-in,B002987,2024-25,True
Q002443,2024-11-17,Instagram,B003140,2024-25,True
Q006515,2024-11-17,Instagram,,2024-25,False
Q007006,2024-11-17,OTA,,2024-25,False
Q007024,2024-11-17,Website,,2024-25,False
Q007044,2024-11-17,Walk-in,,2024-25,False
Q007095,2024-11-17,Walk-in,,2024-25,False
Q007102,2024-11-17,Website,,2024-25,False
Q007213,2024-11-17,Hotel Partner,,2024-25,False
Q007421,2024-11-17,OTA,,2024-25,False
Q007487,2024-11-17,Walk-in,,2024-25,False
Q007680,2024-11-17,Walk-in,,2024-25,False
Q007908,2024-11-17,Walk-in,,2024-25,False
Q007963,2024-11-17,Walk-in,,2024-25,False
Q008105,2024-11-17,Referral,,2024-25,False
Q008166,2024-11-17,Referral,,2024-25,False
Q008236,2024-11-17,OTA,,2024-25,False
Q008329,2024-11-17,Website,,2024-25,False
Q008386,2024-11-17,Walk-in,,2024-25,False
Q008399,2024-11-17,Walk-in,,2024-25,False
Q008498,2024-11-17,Instagram,,2024-25,False
Q001948,2024-11-18,OTA,B002514,2024-25,True
Q002004,2024-11-18,OTA,B002585,2024-25,True
Q002165,2024-11-18,Website,B002792,2024-25,True
Q002254,2024-11-18,Walk-in,B002905,2024-25,True
Q002283,2024-11-18,OTA,B002939,2024-25,True
Q002288,2024-11-18,Walk-in,B002949,2024-25,True
Q002291,2024-11-18,Hotel Partner,B002952,2024-25,True
Q002294,2024-11-18,Walk-in,B002955,2024-25,True
Q002392,2024-11-18,Website,B003077,2024-25,True
Q002486,2024-11-18,Website,B003192,2024-25,True
Q007071,2024-11-18,Walk-in,,2024-25,False
Q007224,2024-11-18,Referral,,2024-25,False
Q007368,2024-11-18,Website,,2024-25,False
Q007460,2024-11-18,Referral,,2024-25,False
Q007731,2024-11-18,Hotel Partner,,2024-25,False
Q007786,2024-11-18,OTA,,2024-25,False
Q007791,2024-11-18,Referral,,2024-25,False
Q007824,2024-11-18,Walk-in,,2024-25,False
Q008152,2024-11-18,OTA,,2024-25,False
Q008333,2024-11-18,Website,,2024-25,False
Q001930,2024-11-19,Walk-in,B002494,2024-25,True
Q001989,2024-11-19,Website,B002567,2024-25,True
Q002060,2024-11-19,Referral,B002664,2024-25,True
Q002109,2024-11-19,Instagram,B002728,2024-25,True
Q002213,2024-11-19,Hotel Partner,B002851,2024-25,True
Q002284,2024-11-19,Hotel Partner,B002941,2024-25,True
Q002317,2024-11-19,Hotel Partner,B002986,2024-25,True
Q002332,2024-11-19,Walk-in,B003004,2024-25,True
Q002373,2024-11-19,Referral,B003056,2024-25,True
Q002391,2024-11-19,Instagram,B003076,2024-25,True
Q006573,2024-11-19,Instagram,,2024-25,False
Q006676,2024-11-19,Website,,2024-25,False
Q006902,2024-11-19,Walk-in,,2024-25,False
Q007072,2024-11-19,OTA,,2024-25,False
Q007074,2024-11-19,Instagram,,2024-25,False
Q007357,2024-11-19,OTA,,2024-25,False
Q007488,2024-11-19,Referral,,2024-25,False
Q007582,2024-11-19,Website,,2024-25,False
Q002000,2024-11-20,Walk-in,B002580,2024-25,True
Q002059,2024-11-20,Instagram,B002663,2024-25,True
Q002070,2024-11-20,OTA,B002675,2024-25,True
Q002121,2024-11-20,Walk-in,B002742,2024-25,True
Q002159,2024-11-20,Website,B002785,2024-25,True
Q007659,2024-11-20,Walk-in,,2024-25,False
Q008150,2024-11-20,Hotel Partner,,2024-25,False
Q008269,2024-11-20,Walk-in,,2024-25,False
Q001960,2024-11-21,Instagram,B002533,2024-25,True
Q001969,2024-11-21,Hotel Partner,B002542,2024-25,True
Q001985,2024-11-21,Walk-in,B002562,2024-25,True
Q001987,2024-11-21,Walk-in,B002564,2024-25,True
Q002025,2024-11-21,Walk-in,B002614,2024-25,True
Q002035,2024-11-21,Hotel Partner,B002633,2024-25,True
Q002058,2024-11-21,OTA,B002662,2024-25,True
Q002166,2024-11-21,Hotel Partner,B002793,2024-25,True
Q002181,2024-11-21,Instagram,B002813,2024-25,True
Q002211,2024-11-21,Referral,B002849,2024-25,True
Q002240,2024-11-21,Instagram,B002887,2024-25,True
Q002256,2024-11-21,Referral,B002907,2024-25,True
Q002358,2024-11-21,Hotel Partner,B003040,2024-25,True
Q002384,2024-11-21,Instagram,B003067,2024-25,True
Q002388,2024-11-21,Walk-in,B003072,2024-25,True
Q002496,2024-11-21,Walk-in,B003204,2024-25,True
Q006673,2024-11-21,Hotel Partner,,2024-25,False
Q006934,2024-11-21,Walk-in,,2024-25,False
Q007007,2024-11-21,Hotel Partner,,2024-25,False
Q007809,2024-11-21,Hotel Partner,,2024-25,False
Q007935,2024-11-21,Walk-in,,2024-25,False
Q008004,2024-11-21,Referral,,2024-25,False
Q008015,2024-11-21,Walk-in,,2024-25,False
Q002027,2024-11-22,Instagram,B002619,2024-25,True
Q002150,2024-11-22,OTA,B002776,2024-25,True
Q002196,2024-11-22,OTA,B002833,2024-25,True
Q002252,2024-11-22,Website,B002902,2024-25,True
Q002296,2024-11-22,Walk-in,B002957,2024-25,True
Q002302,2024-11-22,Walk-in,B002966,2024-25,True
Q002320,2024-11-22,Website,B002989,2024-25,True
Q002322,2024-11-22,Referral,B002991,2024-25,True
Q002325,2024-11-22,Website,B002994,2024-25,True
Q002339,2024-11-22,Website,B003012,2024-25,True
Q002429,2024-11-22,Website,B003121,2024-25,True
Q002510,2024-11-22,OTA,B003220,2024-25,True
Q006602,2024-11-22,Walk-in,,2024-25,False
Q006885,2024-11-22,Walk-in,,2024-25,False
Q007040,2024-11-22,OTA,,2024-25,False
Q007180,2024-11-22,Hotel Partner,,2024-25,False
Q007313,2024-11-22,OTA,,2024-25,False
Q007678,2024-11-22,Walk-in,,2024-25,False
Q007982,2024-11-22,Website,,2024-25,False
Q008041,2024-11-22,Website,,2024-25,False
Q008112,2024-11-22,OTA,,2024-25,False
Q008177,2024-11-22,OTA,,2024-25,False
Q008195,2024-11-22,Referral,,2024-25,False
Q008302,2024-11-22,Walk-in,,2024-25,False
Q008405,2024-11-22,OTA,,2024-25,False
Q008431,2024-11-22,OTA,,2024-25,False
Q001918,2024-11-23,OTA,B002480,2024-25,True
Q002079,2024-11-23,Website,B002687,2024-25,True
Q002263,2024-11-23,Hotel Partner,B002915,2024-25,True
Q002418,2024-11-23,Walk-in,B003110,2024-25,True
Q002488,2024-11-23,OTA,B003195,2024-25,True
Q002546,2024-11-23,Walk-in,B003262,2024-25,True
Q006502,2024-11-23,Hotel Partner,,2024-25,False
Q006576,2024-11-23,Instagram,,2024-25,False
Q006601,2024-11-23,Instagram,,2024-25,False
Q007208,2024-11-23,Website,,2024-25,False
Q007686,2024-11-23,Walk-in,,2024-25,False
Q007782,2024-11-23,Walk-in,,2024-25,False
Q007923,2024-11-23,Website,,2024-25,False
Q007972,2024-11-23,OTA,,2024-25,False
Q001944,2024-11-24,Instagram,B002510,2024-25,True
Q002034,2024-11-24,Referral,B002629,2024-25,True
Q002041,2024-11-24,OTA,B002642,2024-25,True
Q002113,2024-11-24,Website,B002732,2024-25,True
Q002128,2024-11-24,Website,B002750,2024-25,True
Q002278,2024-11-24,Website,B002932,2024-25,True
Q002327,2024-11-24,Hotel Partner,B002996,2024-25,True
Q002399,2024-11-24,Website,B003087,2024-25,True
Q002412,2024-11-24,Website,B003104,2024-25,True
Q002428,2024-11-24,Website,B003120,2024-25,True
Q002460,2024-11-24,Website,B003159,2024-25,True
Q006599,2024-11-24,Referral,,2024-25,False
Q006685,2024-11-24,OTA,,2024-25,False
Q007132,2024-11-24,Website,,2024-25,False
Q007204,2024-11-24,OTA,,2024-25,False
Q007636,2024-11-24,Walk-in,,2024-25,False
Q007835,2024-11-24,Walk-in,,2024-25,False
Q007881,2024-11-24,OTA,,2024-25,False
Q008308,2024-11-24,Website,,2024-25,False
Q008433,2024-11-24,Referral,,2024-25,False
Q001957,2024-11-25,Website,B002529,2024-25,True
Q002005,2024-11-25,Website,B002586,2024-25,True
Q002071,2024-11-25,Hotel Partner,B002676,2024-25,True
Q002075,2024-11-25,Hotel Partner,B002681,2024-25,True
Q002085,2024-11-25,Website,B002695,2024-25,True
Q002112,2024-11-25,OTA,B002731,2024-25,True
Q002204,2024-11-25,Website,B002842,2024-25,True
Q002215,2024-11-25,OTA,B002853,2024-25,True
Q002306,2024-11-25,OTA,B002971,2024-25,True
Q002330,2024-11-25,OTA,B002999,2024-25,True
Q002389,2024-11-25,Hotel Partner,B003074,2024-25,True
Q002414,2024-11-25,Website,B003106,2024-25,True
Q006719,2024-11-25,Walk-in,,2024-25,False
Q006824,2024-11-25,Hotel Partner,,2024-25,False
Q006927,2024-11-25,Instagram,,2024-25,False
Q006957,2024-11-25,OTA,,2024-25,False
Q007196,2024-11-25,Hotel Partner,,2024-25,False
Q007319,2024-11-25,OTA,,2024-25,False
Q007341,2024-11-25,Instagram,,2024-25,False
Q007365,2024-11-25,Referral,,2024-25,False
Q007861,2024-11-25,Walk-in,,2024-25,False
Q007905,2024-11-25,Walk-in,,2024-25,False
Q008337,2024-11-25,Referral,,2024-25,False
Q001971,2024-11-26,Hotel Partner,B002544,2024-25,True
Q002122,2024-11-26,Instagram,B002743,2024-25,True
Q002148,2024-11-26,Walk-in,B002774,2024-25,True
Q002183,2024-11-26,Website,B002815,2024-25,True
Q002189,2024-11-26,Referral,B002822,2024-25,True
Q002236,2024-11-26,Walk-in,B002880,2024-25,True
Q002246,2024-11-26,Website,B002894,2024-25,True
Q002248,2024-11-26,Walk-in,B002896,2024-25,True
Q002309,2024-11-26,Referral,B002974,2024-25,True
Q002341,2024-11-26,OTA,B003016,2024-25,True
Q002344,2024-11-26,Website,B003020,2024-25,True
Q002356,2024-11-26,Walk-in,B003038,2024-25,True
Q007008,2024-11-26,OTA,,2024-25,False
Q007126,2024-11-26,OTA,,2024-25,False
Q007163,2024-11-26,Hotel Partner,,2024-25,False
Q007263,2024-11-26,OTA,,2024-25,False
Q007285,2024-11-26,Website,,2024-25,False
Q007326,2024-11-26,Website,,2024-25,False
Q007642,2024-11-26,Walk-in,,2024-25,False
Q007733,2024-11-26,OTA,,2024-25,False
Q007953,2024-11-26,OTA,,2024-25,False
Q002050,2024-11-27,OTA,B002652,2024-25,True
Q002146,2024-11-27,Walk-in,B002772,2024-25,True
Q002201,2024-11-27,Referral,B002839,2024-25,True
Q002270,2024-11-27,Referral,B002923,2024-25,True
Q002334,2024-11-27,Walk-in,B003006,2024-25,True
Q002347,2024-11-27,OTA,B003024,2024-25,True
Q002353,2024-11-27,Referral,B003035,2024-25,True
Q002365,2024-11-27,Walk-in,B003048,2024-25,True
Q002369,2024-11-27,Walk-in,B003052,2024-25,True
Q002480,2024-11-27,Walk-in,B003186,2024-25,True
Q002511,2024-11-27,Website,B003222,2024-25,True
Q007174,2024-11-27,Referral,,2024-25,False
Q007453,2024-11-27,Walk-in,,2024-25,False
Q007631,2024-11-27,OTA,,2024-25,False
Q007976,2024-11-27,Walk-in,,2024-25,False
Q008298,2024-11-27,OTA,,2024-25,False
Q001996,2024-11-28,Referral,B002575,2024-25,True
Q002062,2024-11-28,Instagram,B002666,2024-25,True
Q002111,2024-11-28,OTA,B002730,2024-25,True
Q002117,2024-11-28,Instagram,B002738,2024-25,True
Q002124,2024-11-28,OTA,B002745,2024-25,True
Q002144,2024-11-28,OTA,B002770,2024-25,True
Q002153,2024-11-28,Instagram,B002780,2024-25,True
Q002173,2024-11-28,Walk-in,B002801,2024-25,True
Q002261,2024-11-28,Website,B002912,2024-25,True
Q002310,2024-11-28,Website,B002976,2024-25,True
Q002368,2024-11-28,Website,B003051,2024-25,True
Q002381,2024-11-28,Website,B003064,2024-25,True
Q002508,2024-11-28,Website,B003217,2024-25,True
Q002630,2024-11-28,Walk-in,B003370,2024-25,True
Q006567,2024-11-28,Hotel Partner,,2024-25,False
Q006752,2024-11-28,Hotel Partner,,2024-25,False
Q006843,2024-11-28,Instagram,,2024-25,False
Q007133,2024-11-28,Walk-in,,2024-25,False
Q007375,2024-11-28,OTA,,2024-25,False
Q007548,2024-11-28,OTA,,2024-25,False
Q007702,2024-11-28,Instagram,,2024-25,False
Q008106,2024-11-28,Walk-in,,2024-25,False
Q008184,2024-11-28,Instagram,,2024-25,False
Q008452,2024-11-28,Instagram,,2024-25,False
Q001999,2024-11-29,OTA,B002579,2024-25,True
Q002037,2024-11-29,Instagram,B002638,2024-25,True
Q002160,2024-11-29,OTA,B002786,2024-25,True
Q002350,2024-11-29,Walk-in,B003031,2024-25,True
Q002362,2024-11-29,OTA,B003045,2024-25,True
Q002375,2024-11-29,Walk-in,B003058,2024-25,True
Q002378,2024-11-29,Website,B003061,2024-25,True
Q002396,2024-11-29,OTA,B003082,2024-25,True
Q002411,2024-11-29,Hotel Partner,B003103,2024-25,True
Q002419,2024-11-29,Walk-in,B003111,2024-25,True
Q002446,2024-11-29,Walk-in,B003143,2024-25,True
Q002453,2024-11-29,Website,B003152,2024-25,True
Q002464,2024-11-29,Instagram,B003165,2024-25,True
Q002592,2024-11-29,Walk-in,B003320,2024-25,True
Q006521,2024-11-29,Walk-in,,2024-25,False
Q007789,2024-11-29,Website,,2024-25,False
Q007802,2024-11-29,Referral,,2024-25,False
Q007909,2024-11-29,Website,,2024-25,False
Q008257,2024-11-29,Website,,2024-25,False
Q008487,2024-11-29,Walk-in,,2024-25,False
Q002002,2024-11-30,Hotel Partner,B002583,2024-25,True
Q002016,2024-11-30,Website,B002603,2024-25,True
Q002055,2024-11-30,Walk-in,B002659,2024-25,True
Q002106,2024-11-30,Referral,B002723,2024-25,True
Q002149,2024-11-30,Website,B002775,2024-25,True
Q002163,2024-11-30,Referral,B002790,2024-25,True
Q002202,2024-11-30,Website,B002840,2024-25,True
Q002241,2024-11-30,OTA,B002888,2024-25,True
Q002244,2024-11-30,OTA,B002891,2024-25,True
Q002262,2024-11-30,Walk-in,B002914,2024-25,True
Q002299,2024-11-30,OTA,B002961,2024-25,True
Q002383,2024-11-30,OTA,B003066,2024-25,True
Q002424,2024-11-30,Referral,B003116,2024-25,True
Q002565,2024-11-30,Instagram,B003284,2024-25,True
Q002610,2024-11-30,Referral,B003344,2024-25,True
Q002666,2024-11-30,Instagram,B003414,2024-25,True
Q006543,2024-11-30,Walk-in,,2024-25,False
Q006632,2024-11-30,Website,,2024-25,False
Q006810,2024-11-30,Website,,2024-25,False
Q006867,2024-11-30,OTA,,2024-25,False
Q006946,2024-11-30,Walk-in,,2024-25,False
Q007137,2024-11-30,Walk-in,,2024-25,False
Q007822,2024-11-30,Referral,,2024-25,False
Q007918,2024-11-30,Referral,,2024-25,False
Q008410,2024-11-30,Walk-in,,2024-25,False
Q008447,2024-11-30,Walk-in,,2024-25,False
Q002116,2024-12-01,Instagram,B002737,2024-25,True
Q002155,2024-12-01,Walk-in,B002782,2024-25,True
Q002178,2024-12-01,Instagram,B002809,2024-25,True
Q002199,2024-12-01,Website,B002836,2024-25,True
Q002209,2024-12-01,Instagram,B002847,2024-25,True
Q002214,2024-12-01,OTA,B002852,2024-25,True
Q002230,2024-12-01,OTA,B002872,2024-25,True
Q002281,2024-12-01,Website,B002937,2024-25,True
Q002293,2024-12-01,Website,B002954,2024-25,True
Q002338,2024-12-01,OTA,B003011,2024-25,True
Q002372,2024-12-01,Hotel Partner,B003055,2024-25,True
Q002416,2024-12-01,Hotel Partner,B003108,2024-25,True
Q002479,2024-12-01,Walk-in,B003185,2024-25,True
Q002487,2024-12-01,Website,B003193,2024-25,True
Q002558,2024-12-01,Instagram,B003277,2024-25,True
Q006659,2024-12-01,Walk-in,,2024-25,False
Q006895,2024-12-01,Walk-in,,2024-25,False
Q007449,2024-12-01,Walk-in,,2024-25,False
Q007725,2024-12-01,OTA,,2024-25,False
Q002169,2024-12-02,Instagram,B002796,2024-25,True
Q002192,2024-12-02,Walk-in,B002826,2024-25,True
Q002207,2024-12-02,Website,B002845,2024-25,True
Q002250,2024-12-02,OTA,B002899,2024-25,True
Q002335,2024-12-02,OTA,B003008,2024-25,True
Q002340,2024-12-02,Referral,B003015,2024-25,True
Q002345,2024-12-02,Hotel Partner,B003021,2024-25,True
Q002349,2024-12-02,Instagram,B003028,2024-25,True
Q002374,2024-12-02,Website,B003057,2024-25,True
Q002379,2024-12-02,Walk-in,B003062,2024-25,True
Q002409,2024-12-02,Referral,B003100,2024-25,True
Q002438,2024-12-02,Hotel Partner,B003133,2024-25,True
Q002551,2024-12-02,Referral,B003267,2024-25,True
Q002605,2024-12-02,Website,B003335,2024-25,True
Q002637,2024-12-02,Hotel Partner,B003378,2024-25,True
Q002641,2024-12-02,Referral,B003383,2024-25,True
Q002656,2024-12-02,Hotel Partner,B003402,2024-25,True
Q006855,2024-12-02,Website,,2024-25,False
Q007779,2024-12-02,OTA,,2024-25,False
Q008379,2024-12-02,OTA,,2024-25,False
Q008453,2024-12-02,Walk-in,,2024-25,False
Q002088,2024-12-03,Walk-in,B002698,2024-25,True
Q002126,2024-12-03,Referral,B002747,2024-25,True
Q002272,2024-12-03,OTA,B002926,2024-25,True
Q002280,2024-12-03,OTA,B002936,2024-25,True
Q002321,2024-12-03,Website,B002990,2024-25,True
Q002328,2024-12-03,Walk-in,B002997,2024-25,True
Q002361,2024-12-03,Instagram,B003044,2024-25,True
Q002439,2024-12-03,Website,B003134,2024-25,True
Q002452,2024-12-03,Website,B003151,2024-25,True
Q002490,2024-12-03,OTA,B003197,2024-25,True
Q002491,2024-12-03,Referral,B003198,2024-25,True
Q002555,2024-12-03,Referral,B003274,2024-25,True
Q002682,2024-12-03,Instagram,B003433,2024-25,True
Q006801,2024-12-03,OTA,,2024-25,False
Q007249,2024-12-03,Instagram,,2024-25,False
Q007850,2024-12-03,OTA,,2024-25,False
Q008247,2024-12-03,Walk-in,,2024-25,False
Q002061,2024-12-04,Website,B002665,2024-25,True
Q002157,2024-12-04,Website,B002783,2024-25,True
Q002171,2024-12-04,Walk-in,B002798,2024-25,True
Q002203,2024-12-04,Website,B002841,2024-25,True
Q002233,2024-12-04,Instagram,B002877,2024-25,True
Q002405,2024-12-04,OTA,B003095,2024-25,True
Q002485,2024-12-04,OTA,B003191,2024-25,True
Q002502,2024-12-04,Referral,B003210,2024-25,True
Q002515,2024-12-04,Website,B003226,2024-25,True
Q002553,2024-12-04,Hotel Partner,B003271,2024-25,True
Q002579,2024-12-04,OTA,B003303,2024-25,True
Q006589,2024-12-04,Walk-in,,2024-25,False
Q007079,2024-12-04,Website,,2024-25,False
Q007459,2024-12-04,Website,,2024-25,False
Q008159,2024-12-04,OTA,,2024-25,False
Q008203,2024-12-04,Walk-in,,2024-25,False
Q002100,2024-12-05,Walk-in,B002716,2024-25,True
Q002130,2024-12-05,OTA,B002752,2024-25,True
Q002188,2024-12-05,Website,B002821,2024-25,True
Q002271,2024-12-05,Instagram,B002924,2024-25,True
Q002363,2024-12-05,Instagram,B003046,2024-25,True
Q002440,2024-12-05,OTA,B003135,2024-25,True
Q002567,2024-12-05,Walk-in,B003286,2024-25,True
Q006541,2024-12-05,Website,,2024-25,False
Q006930,2024-12-05,Website,,2024-25,False
Q007177,2024-12-05,Website,,2024-25,False
Q007837,2024-12-05,Website,,2024-25,False
Q008001,2024-12-05,Walk-in,,2024-25,False
Q008456,2024-12-05,Walk-in,,2024-25,False
Q002064,2024-12-06,OTA,B002668,2024-25,True
Q002235,2024-12-06,Walk-in,B002879,2024-25,True
Q002238,2024-12-06,Referral,B002882,2024-25,True
Q002275,2024-12-06,OTA,B002929,2024-25,True
Q002305,2024-12-06,Referral,B002970,2024-25,True
Q002336,2024-12-06,Walk-in,B003009,2024-25,True
Q002386,2024-12-06,OTA,B003070,2024-25,True
Q002417,2024-12-06,Walk-in,B003109,2024-25,True
Q002422,2024-12-06,Walk-in,B003114,2024-25,True
Q002431,2024-12-06,OTA,B003123,2024-25,True
Q002442,2024-12-06,Walk-in,B003139,2024-25,True
Q002444,2024-12-06,Referral,B003141,2024-25,True
Q002459,2024-12-06,Instagram,B003158,2024-25,True
Q002513,2024-12-06,OTA,B003224,2024-25,True
Q002514,2024-12-06,Instagram,B003225,2024-25,True
Q002523,2024-12-06,Website,B003234,2024-25,True
Q002533,2024-12-06,Referral,B003246,2024-25,True
Q002620,2024-12-06,Website,B003358,2024-25,True
Q002674,2024-12-06,Instagram,B003425,2024-25,True
Q006549,2024-12-06,Instagram,,2024-25,False
Q006657,2024-12-06,Website,,2024-25,False
Q006937,2024-12-06,OTA,,2024-25,False
Q007503,2024-12-06,Walk-in,,2024-25,False
Q008084,2024-12-06,OTA,,2024-25,False
Q008130,2024-12-06,Website,,2024-25,False
Q008208,2024-12-06,Walk-in,,2024-25,False
Q008428,2024-12-06,Website,,2024-25,False
Q002191,2024-12-07,OTA,B002825,2024-25,True
Q002274,2024-12-07,Walk-in,B002928,2024-25,True
Q002319,2024-12-07,Hotel Partner,B002988,2024-25,True
Q002481,2024-12-07,Referral,B003187,2024-25,True
Q002492,2024-12-07,Walk-in,B003199,2024-25,True
Q002550,2024-12-07,OTA,B003266,2024-25,True
Q002577,2024-12-07,Walk-in,B003299,2024-25,True
Q002584,2024-12-07,OTA,B003308,2024-25,True
Q002586,2024-12-07,Walk-in,B003310,2024-25,True
Q002600,2024-12-07,Referral,B003329,2024-25,True
Q002622,2024-12-07,Walk-in,B003360,2024-25,True
Q002717,2024-12-07,Referral,B003479,2024-25,True
Q002797,2024-12-07,Walk-in,B003579,2024-25,True
Q006551,2024-12-07,Walk-in,,2024-25,False
Q006615,2024-12-07,Walk-in,,2024-25,False
Q006660,2024-12-07,Walk-in,,2024-25,False
Q006825,2024-12-07,Instagram,,2024-25,False
Q007101,2024-12-07,OTA,,2024-25,False
Q007282,2024-12-07,Walk-in,,2024-25,False
Q007455,2024-12-07,OTA,,2024-25,False
Q007467,2024-12-07,Referral,,2024-25,False
Q007561,2024-12-07,OTA,,2024-25,False
Q007704,2024-12-07,Walk-in,,2024-25,False
Q007788,2024-12-07,Referral,,2024-25,False
Q008161,2024-12-07,Hotel Partner,,2024-25,False
Q008395,2024-12-07,Referral,,2024-25,False
Q002054,2024-12-08,Referral,B002658,2024-25,True
Q002105,2024-12-08,Referral,B002721,2024-25,True
Q002134,2024-12-08,Walk-in,B002757,2024-25,True
Q002143,2024-12-08,Referral,B002769,2024-25,True
Q002221,2024-12-08,Website,B002861,2024-25,True
Q002331,2024-12-08,OTA,B003001,2024-25,True
Q002337,2024-12-08,Instagram,B003010,2024-25,True
Q002343,2024-12-08,Website,B003019,2024-25,True
Q002354,2024-12-08,OTA,B003036,2024-25,True
Q002367,2024-12-08,Hotel Partner,B003050,2024-25,True
Q002376,2024-12-08,Instagram,B003059,2024-25,True
Q002377,2024-12-08,OTA,B003060,2024-25,True
Q002398,2024-12-08,Referral,B003086,2024-25,True
Q002404,2024-12-08,OTA,B003094,2024-25,True
Q002433,2024-12-08,Walk-in,B003126,2024-25,True
Q002437,2024-12-08,OTA,B003132,2024-25,True
Q006784,2024-12-08,Instagram,,2024-25,False
Q007033,2024-12-08,Website,,2024-25,False
Q007457,2024-12-08,Website,,2024-25,False
Q007749,2024-12-08,OTA,,2024-25,False
Q007883,2024-12-08,OTA,,2024-25,False
Q007899,2024-12-08,Website,,2024-25,False
Q008267,2024-12-08,Website,,2024-25,False
Q002145,2024-12-09,OTA,B002771,2024-25,True
Q002174,2024-12-09,Walk-in,B002802,2024-25,True
Q002227,2024-12-09,Hotel Partner,B002869,2024-25,True
Q002253,2024-12-09,Instagram,B002903,2024-25,True
Q002257,2024-12-09,Instagram,B002908,2024-25,True
Q002273,2024-12-09,Website,B002927,2024-25,True
Q002323,2024-12-09,OTA,B002992,2024-25,True
Q002326,2024-12-09,OTA,B002995,2024-25,True
Q002370,2024-12-09,Hotel Partner,B003053,2024-25,True
Q002478,2024-12-09,Website,B003184,2024-25,True
Q002497,2024-12-09,Referral,B003205,2024-25,True
Q002544,2024-12-09,OTA,B003259,2024-25,True
Q002645,2024-12-09,OTA,B003388,2024-25,True
Q002683,2024-12-09,OTA,B003434,2024-25,True
Q006616,2024-12-09,Walk-in,,2024-25,False
Q007017,2024-12-09,Walk-in,,2024-25,False
Q007354,2024-12-09,Website,,2024-25,False
Q007640,2024-12-09,OTA,,2024-25,False
Q007689,2024-12-09,OTA,,2024-25,False
Q008429,2024-12-09,Instagram,,2024-25,False
Q002132,2024-12-10,Website,B002754,2024-25,True
Q002133,2024-12-10,Walk-in,B002755,2024-25,True
Q002234,2024-12-10,Website,B002878,2024-25,True
Q002287,2024-12-10,Referral,B002946,2024-25,True
Q002303,2024-12-10,Website,B002967,2024-25,True
Q002380,2024-12-10,Walk-in,B003063,2024-25,True
Q002436,2024-12-10,Referral,B003131,2024-25,True
Q002489,2024-12-10,Walk-in,B003196,2024-25,True
Q002507,2024-12-10,Walk-in,B003216,2024-25,True
Q002536,2024-12-10,Instagram,B003251,2024-25,True
Q002557,2024-12-10,Hotel Partner,B003276,2024-25,True
Q002561,2024-12-10,Website,B003280,2024-25,True
Q002576,2024-12-10,Referral,B003298,2024-25,True
Q006612,2024-12-10,Walk-in,,2024-25,False
Q007134,2024-12-10,Walk-in,,2024-25,False
Q007342,2024-12-10,OTA,,2024-25,False
Q008058,2024-12-10,OTA,,2024-25,False
Q002102,2024-12-11,Hotel Partner,B002718,2024-25,True
Q002228,2024-12-11,OTA,B002870,2024-25,True
Q002300,2024-12-11,Referral,B002963,2024-25,True
Q002364,2024-12-11,Walk-in,B003047,2024-25,True
Q002387,2024-12-11,OTA,B003071,2024-25,True
Q002466,2024-12-11,Hotel Partner,B003168,2024-25,True
Q002477,2024-12-11,Referral,B003183,2024-25,True
Q002494,2024-12-11,Website,B003201,2024-25,True
Q002574,2024-12-11,Walk-in,B003295,2024-25,True
Q006842,2024-12-11,Website,,2024-25,False
Q006864,2024-12-11,Referral,,2024-25,False
Q006970,2024-12-11,Referral,,2024-25,False
Q007066,2024-12-11,Walk-in,,2024-25,False
Q007192,2024-12-11,OTA,,2024-25,False
Q007293,2024-12-11,OTA,,2024-25,False
Q007767,2024-12-11,Walk-in,,2024-25,False
Q007911,2024-12-11,OTA,,2024-25,False
Q002243,2024-12-12,Website,B002890,2024-25,True
Q002301,2024-12-12,OTA,B002964,2024-25,True
Q002359,2024-12-12,Walk-in,B003041,2024-25,True
Q002563,2024-12-12,Walk-in,B003282,2024-25,True
Q002575,2024-12-12,Referral,B003296,2024-25,True
Q002596,2024-12-12,Website,B003325,2024-25,True
Q002617,2024-12-12,Walk-in,B003354,2024-25,True
Q002619,2024-12-12,Website,B003357,2024-25,True
Q002780,2024-12-12,Hotel Partner,B003554,2024-25,True
Q007273,2024-12-12,OTA,,2024-25,False
Q007289,2024-12-12,Instagram,,2024-25,False
Q007331,2024-12-12,Walk-in,,2024-25,False
Q007663,2024-12-12,Walk-in,,2024-25,False
Q007668,2024-12-12,Referral,,2024-25,False
Q007756,2024-12-12,OTA,,2024-25,False
Q007997,2024-12-12,Walk-in,,2024-25,False
Q008033,2024-12-12,Website,,2024-25,False
Q008470,2024-12-12,Website,,2024-25,False
Q002371,2024-12-13,Hotel Partner,B003054,2024-25,True
Q002425,2024-12-13,Referral,B003117,2024-25,True
Q002467,2024-12-13,Hotel Partner,B003170,2024-25,True
Q002474,2024-12-13,OTA,B003177,2024-25,True
Q002475,2024-12-13,Walk-in,B003178,2024-25,True
Q002535,2024-12-13,Instagram,B003250,2024-25,True
Q002587,2024-12-13,OTA,B003311,2024-25,True
Q002631,2024-12-13,OTA,B003371,2024-25,True
Q002653,2024-12-13,OTA,B003399,2024-25,True
Q002805,2024-12-13,Hotel Partner,B003590,2024-25,True
Q002838,2024-12-13,Walk-in,B003632,2024-25,True
Q006671,2024-12-13,Website,,2024-25,False
Q006706,2024-12-13,OTA,,2024-25,False
Q006826,2024-12-13,Website,,2024-25,False
Q007026,2024-12-13,Walk-in,,2024-25,False
Q007253,2024-12-13,Walk-in,,2024-25,False
Q007300,2024-12-13,Hotel Partner,,2024-25,False
Q007454,2024-12-13,OTA,,2024-25,False
Q007511,2024-12-13,OTA,,2024-25,False
Q007616,2024-12-13,Website,,2024-25,False
Q008232,2024-12-13,Walk-in,,2024-25,False
Q008316,2024-12-13,OTA,,2024-25,False
Q002162,2024-12-14,Website,B002789,2024-25,True
Q002217,2024-12-14,Hotel Partner,B002856,2024-25,True
Q002297,2024-12-14,Instagram,B002958,2024-25,True
Q002415,2024-12-14,Hotel Partner,B003107,2024-25,True
Q002441,2024-12-14,Website,B003136,2024-25,True
Q002448,2024-12-14,Website,B003147,2024-25,True
Q002456,2024-12-14,Website,B003155,2024-25,True
Q002469,2024-12-14,Hotel Partner,B003172,2024-25,True
Q002540,2024-12-14,OTA,B003255,2024-25,True
Q002547,2024-12-14,Walk-in,B003263,2024-25,True
Q002569,2024-12-14,Hotel Partner,B003289,2024-25,True
Q002570,2024-12-14,Website,B003290,2024-25,True
Q002635,2024-12-14,Referral,B003376,2024-25,True
Q002696,2024-12-14,Hotel Partner,B003450,2024-25,True
Q002777,2024-12-14,OTA,B003550,2024-25,True
Q002886,2024-12-14,Walk-in,B003696,2024-25,True
Q006625,2024-12-14,Instagram,,2024-25,False
Q006806,2024-12-14,Walk-in,,2024-25,False
Q006941,2024-12-14,Walk-in,,2024-25,False
Q007212,2024-12-14,Website,,2024-25,False
Q007973,2024-12-14,Walk-in,,2024-25,False
Q008135,2024-12-14,Website,,2024-25,False
Q002182,2024-12-15,Walk-in,B002814,2024-25,True
Q002484,2024-12-15,Referral,B003190,2024-25,True
Q002506,2024-12-15,Hotel Partner,B003215,2024-25,True
Q002524,2024-12-15,Hotel Partner,B003235,2024-25,True
Q002568,2024-12-15,Hotel Partner,B003287,2024-25,True
Q002618,2024-12-15,Referral,B003356,2024-25,True
Q002634,2024-12-15,Walk-in,B003374,2024-25,True
Q002676,2024-12-15,Website,B003427,2024-25,True
Q002685,2024-12-15,Website,B003437,2024-25,True
Q002853,2024-12-15,Walk-in,B003653,2024-25,True
Q006938,2024-12-15,Instagram,,2024-25,False
Q007165,2024-12-15,Walk-in,,2024-25,False
Q007395,2024-12-15,Instagram,,2024-25,False
Q007878,2024-12-15,Referral,,2024-25,False
Q008273,2024-12-15,Hotel Partner,,2024-25,False
Q008438,2024-12-15,Instagram,,2024-25,False
Q002285,2024-12-16,Walk-in,B002944,2024-25,True
Q002314,2024-12-16,Walk-in,B002981,2024-25,True
Q002382,2024-12-16,Referral,B003065,2024-25,True
Q002385,2024-12-16,OTA,B003068,2024-25,True
Q002423,2024-12-16,Referral,B003115,2024-25,True
Q002454,2024-12-16,OTA,B003153,2024-25,True
Q002493,2024-12-16,Walk-in,B003200,2024-25,True
Q002607,2024-12-16,Hotel Partner,B003338,2024-25,True
Q002639,2024-12-16,Instagram,B003381,2024-25,True
Q002756,2024-12-16,Referral,B003525,2024-25,True
Q002830,2024-12-16,Walk-in,B003620,2024-25,True
Q006523,2024-12-16,Website,,2024-25,False
Q006613,2024-12-16,Website,,2024-25,False
Q007193,2024-12-16,Walk-in,,2024-25,False
Q007314,2024-12-16,Instagram,,2024-25,False
Q007560,2024-12-16,Walk-in,,2024-25,False
Q007589,2024-12-16,Referral,,2024-25,False
Q007687,2024-12-16,Walk-in,,2024-25,False
Q007714,2024-12-16,Hotel Partner,,2024-25,False
Q007748,2024-12-16,Hotel Partner,,2024-25,False
Q008049,2024-12-16,Instagram,,2024-25,False
Q002167,2024-12-17,Referral,B002794,2024-25,True
Q002342,2024-12-17,Website,B003017,2024-25,True
Q002406,2024-12-17,Instagram,B003096,2024-25,True
Q002408,2024-12-17,Referral,B003099,2024-25,True
Q002495,2024-12-17,Hotel Partner,B003203,2024-25,True
Q002559,2024-12-17,OTA,B003278,2024-25,True
Q002560,2024-12-17,Walk-in,B003279,2024-25,True
Q002759,2024-12-17,Website,B003528,2024-25,True
Q002784,2024-12-17,Website,B003558,2024-25,True
Q002785,2024-12-17,Walk-in,B003559,2024-25,True
Q002796,2024-12-17,OTA,B003577,2024-25,True
Q002842,2024-12-17,Walk-in,B003637,2024-25,True
Q007684,2024-12-17,Website,,2024-25,False
Q007775,2024-12-17,Website,,2024-25,False
Q008193,2024-12-17,Walk-in,,2024-25,False
Q008423,2024-12-17,OTA,,2024-25,False
Q002260,2024-12-18,Walk-in,B002911,2024-25,True
Q002286,2024-12-18,Hotel Partner,B002945,2024-25,True
Q002289,2024-12-18,Website,B002950,2024-25,True
Q002393,2024-12-18,Walk-in,B003079,2024-25,True
Q002427,2024-12-18,Walk-in,B003119,2024-25,True
Q002548,2024-12-18,OTA,B003264,2024-25,True
Q002601,2024-12-18,Website,B003330,2024-25,True
Q002603,2024-12-18,Website,B003333,2024-25,True
Q002609,2024-12-18,Walk-in,B003342,2024-25,True
Q002661,2024-12-18,Website,B003409,2024-25,True
Q002694,2024-12-18,Walk-in,B003447,2024-25,True
Q002697,2024-12-18,Website,B003451,2024-25,True
Q002729,2024-12-18,Walk-in,B003491,2024-25,True
Q002739,2024-12-18,Walk-in,B003502,2024-25,True
Q002824,2024-12-18,Referral,B003614,2024-25,True
Q002825,2024-12-18,Walk-in,B003615,2024-25,True
Q002882,2024-12-18,Instagram,B003691,2024-25,True
Q006528,2024-12-18,Website,,2024-25,False
Q006634,2024-12-18,Website,,2024-25,False
Q006987,2024-12-18,OTA,,2024-25,False
Q006989,2024-12-18,Hotel Partner,,2024-25,False
Q007241,2024-12-18,Walk-in,,2024-25,False
Q007732,2024-12-18,Walk-in,,2024-25,False
Q008229,2024-12-18,Walk-in,,2024-25,False
Q008299,2024-12-18,Referral,,2024-25,False
Q002366,2024-12-19,Walk-in,B003049,2024-25,True
Q002457,2024-12-19,Instagram,B003156,2024-25,True
Q002501,2024-12-19,Walk-in,B003209,2024-25,True
Q002518,2024-12-19,OTA,B003229,2024-25,True
Q002721,2024-12-19,OTA,B003483,2024-25,True
Q002726,2024-12-19,Walk-in,B003488,2024-25,True
Q002765,2024-12-19,Website,B003538,2024-25,True
Q002808,2024-12-19,OTA,B003594,2024-25,True
Q002810,2024-12-19,Website,B003596,2024-25,True
Q002822,2024-12-19,Website,B003610,2024-25,True
Q002833,2024-12-19,Hotel Partner,B003624,2024-25,True
Q002856,2024-12-19,Hotel Partner,B003657,2024-25,True
Q002911,2024-12-19,Walk-in,B003733,2024-25,True
Q006533,2024-12-19,Website,,2024-25,False
Q007178,2024-12-19,Referral,,2024-25,False
Q007236,2024-12-19,OTA,,2024-25,False
Q007237,2024-12-19,Website,,2024-25,False
Q007462,2024-12-19,Instagram,,2024-25,False
Q007473,2024-12-19,Website,,2024-25,False
Q007540,2024-12-19,Instagram,,2024-25,False
Q007688,2024-12-19,Walk-in,,2024-25,False
Q007751,2024-12-19,Website,,2024-25,False
Q008171,2024-12-19,Website,,2024-25,False
Q008200,2024-12-19,Hotel Partner,,2024-25,False
Q002219,2024-12-20,OTA,B002858,2024-25,True
Q002298,2024-12-20,Website,B002960,2024-25,True
Q002400,2024-12-20,Walk-in,B003088,2024-25,True
Q002413,2024-12-20,Hotel Partner,B003105,2024-25,True
Q002604,2024-12-20,OTA,B003334,2024-25,True
Q002629,2024-12-20,Walk-in,B003368,2024-25,True
Q002662,2024-12-20,Instagram,B003410,2024-25,True
Q002727,2024-12-20,Referral,B003489,2024-25,True
Q002753,2024-12-20,Referral,B003519,2024-25,True
Q002844,2024-12-20,Website,B003640,2024-25,True
Q006560,2024-12-20,Walk-in,,2024-25,False
Q006609,2024-12-20,Walk-in,,2024-25,False
Q007474,2024-12-20,OTA,,2024-25,False
Q007638,2024-12-20,Walk-in,,2024-25,False
Q008164,2024-12-20,Walk-in,,2024-25,False
Q008182,2024-12-20,Walk-in,,2024-25,False
Q008482,2024-12-20,Website,,2024-25,False
Q002216,2024-12-21,OTA,B002855,2024-25,True
Q002239,2024-12-21,OTA,B002885,2024-25,True
Q002247,2024-12-21,OTA,B002895,2024-25,True
Q002277,2024-12-21,Website,B002931,2024-25,True
Q002355,2024-12-21,Website,B003037,2024-25,True
Q002451,2024-12-21,Instagram,B003150,2024-25,True
Q002516,2024-12-21,Hotel Partner,B003227,2024-25,True
Q002543,2024-12-21,Referral,B003258,2024-25,True
Q002606,2024-12-21,Walk-in,B003337,2024-25,True
Q002640,2024-12-21,Instagram,B003382,2024-25,True
Q002701,2024-12-21,Website,B003458,2024-25,True
Q006522,2024-12-21,Walk-in,,2024-25,False
Q006749,2024-12-21,Walk-in,,2024-25,False
Q006776,2024-12-21,Referral,,2024-25,False
Q006866,2024-12-21,Referral,,2024-25,False
Q007350,2024-12-21,Walk-in,,2024-25,False
Q007579,2024-12-21,OTA,,2024-25,False
Q007583,2024-12-21,Referral,,2024-25,False
Q007693,2024-12-21,Website,,2024-25,False
Q007694,2024-12-21,Instagram,,2024-25,False
Q008240,2024-12-21,Referral,,2024-25,False
Q008303,2024-12-21,Walk-in,,2024-25,False
Q008496,2024-12-21,Hotel Partner,,2024-25,False
Q002447,2024-12-22,Instagram,B003145,2024-25,True
Q002500,2024-12-22,Instagram,B003208,2024-25,True
Q002526,2024-12-22,Walk-in,B003237,2024-25,True
Q002530,2024-12-22,Instagram,B003242,2024-25,True
Q002539,2024-12-22,Referral,B003254,2024-25,True
Q002597,2024-12-22,Instagram,B003326,2024-25,True
Q002614,2024-12-22,Walk-in,B003348,2024-25,True
Q002670,2024-12-22,Walk-in,B003419,2024-25,True
Q002735,2024-12-22,Instagram,B003498,2024-25,True
Q002741,2024-12-22,OTA,B003504,2024-25,True
Q006557,2024-12-22,OTA,,2024-25,False
Q006697,2024-12-22,Instagram,,2024-25,False
Q007481,2024-12-22,Hotel Partner,,2024-25,False
Q002333,2024-12-23,OTA,B003005,2024-25,True
Q002434,2024-12-23,Walk-in,B003128,2024-25,True
Q002445,2024-12-23,Hotel Partner,B003142,2024-25,True
Q002498,2024-12-23,Website,B003206,2024-25,True
Q002527,2024-12-23,OTA,B003239,2024-25,True
Q002532,2024-12-23,Website,B003244,2024-25,True
Q002671,2024-12-23,Walk-in,B003420,2024-25,True
Q002691,2024-12-23,Website,B003444,2024-25,True
Q002730,2024-12-23,Walk-in,B003493,2024-25,True
Q002762,2024-12-23,Walk-in,B003532,2024-25,True
Q002776,2024-12-23,Instagram,B003549,2024-25,True
Q007143,2024-12-23,Website,,2024-25,False
Q007221,2024-12-23,Hotel Partner,,2024-25,False
Q007223,2024-12-23,Website,,2024-25,False
Q007372,2024-12-23,Website,,2024-25,False
Q007576,2024-12-23,Walk-in,,2024-25,False
Q007635,2024-12-23,Instagram,,2024-25,False
Q008173,2024-12-23,Website,,2024-25,False
Q008390,2024-12-23,Walk-in,,2024-25,False
Q002435,2024-12-24,Website,B003130,2024-25,True
Q002504,2024-12-24,Instagram,B003213,2024-25,True
Q002517,2024-12-24,Hotel Partner,B003228,2024-25,True
Q002590,2024-12-24,Walk-in,B003316,2024-25,True
Q002594,2024-12-24,OTA,B003322,2024-25,True
Q002636,2024-12-24,Walk-in,B003377,2024-25,True
Q002650,2024-12-24,Referral,B003395,2024-25,True
Q002655,2024-12-24,Instagram,B003401,2024-25,True
Q002690,2024-12-24,Walk-in,B003442,2024-25,True
Q002723,2024-12-24,Instagram,B003485,2024-25,True
Q002770,2024-12-24,Instagram,B003543,2024-25,True
Q002826,2024-12-24,Referral,B003616,2024-25,True
Q007086,2024-12-24,OTA,,2024-25,False
Q007407,2024-12-24,Website,,2024-25,False
Q008153,2024-12-24,OTA,,2024-25,False
Q008417,2024-12-24,Hotel Partner,,2024-25,False
Q008419,2024-12-24,Walk-in,,2024-25,False
Q008450,2024-12-24,Walk-in,,2024-25,False
Q008468,2024-12-24,OTA,,2024-25,False
Q002316,2024-12-25,OTA,B002985,2024-25,True
Q002351,2024-12-25,OTA,B003032,2024-25,True
Q002463,2024-12-25,Walk-in,B003164,2024-25,True
Q002465,2024-12-25,Website,B003166,2024-25,True
Q002525,2024-12-25,OTA,B003236,2024-25,True
Q002580,2024-12-25,Website,B003304,2024-25,True
Q002595,2024-12-25,OTA,B003324,2024-25,True
Q002613,2024-12-25,Instagram,B003347,2024-25,True
Q002658,2024-12-25,Walk-in,B003404,2024-25,True
Q002716,2024-12-25,OTA,B003478,2024-25,True
Q002783,2024-12-25,Instagram,B003557,2024-25,True
Q002787,2024-12-25,Hotel Partner,B003563,2024-25,True
Q002791,2024-12-25,OTA,B003570,2024-25,True
Q002795,2024-12-25,Referral,B003575,2024-25,True
Q002860,2024-12-25,Website,B003662,2024-25,True
Q006529,2024-12-25,Hotel Partner,,2024-25,False
Q006734,2024-12-25,OTA,,2024-25,False
Q007023,2024-12-25,Website,,2024-25,False
Q007411,2024-12-25,Website,,2024-25,False
Q007490,2024-12-25,Referral,,2024-25,False
Q007639,2024-12-25,Walk-in,,2024-25,False
Q007792,2024-12-25,Referral,,2024-25,False
Q007897,2024-12-25,OTA,,2024-25,False
Q007936,2024-12-25,Website,,2024-25,False
Q008094,2024-12-25,Website,,2024-25,False
Q008238,2024-12-25,Referral,,2024-25,False
Q002401,2024-12-26,Instagram,B003089,2024-25,True
Q002430,2024-12-26,Walk-in,B003122,2024-25,True
Q002432,2024-12-26,Walk-in,B003124,2024-25,True
Q002455,2024-12-26,Instagram,B003154,2024-25,True
Q002482,2024-12-26,Walk-in,B003188,2024-25,True
Q002554,2024-12-26,Walk-in,B003272,2024-25,True
Q002703,2024-12-26,Referral,B003460,2024-25,True
Q002906,2024-12-26,Hotel Partner,B003726,2024-25,True
Q006513,2024-12-26,Website,,2024-25,False
Q007297,2024-12-26,Referral,,2024-25,False
Q007376,2024-12-26,Website,,2024-25,False
Q007759,2024-12-26,Referral,,2024-25,False
Q008293,2024-12-26,Referral,,2024-25,False
Q002410,2024-12-27,OTA,B003101,2024-25,True
Q002538,2024-12-27,Instagram,B003253,2024-25,True
Q002632,2024-12-27,Walk-in,B003372,2024-25,True
Q002667,2024-12-27,Walk-in,B003415,2024-25,True
Q002746,2024-12-27,Instagram,B003509,2024-25,True
Q002766,2024-12-27,OTA,B003539,2024-25,True
Q002768,2024-12-27,OTA,B003541,2024-25,True
Q002794,2024-12-27,Walk-in,B003574,2024-25,True
Q002832,2024-12-27,Walk-in,B003623,2024-25,True
Q006667,2024-12-27,Website,,2024-25,False
Q006698,2024-12-27,Website,,2024-25,False
Q006797,2024-12-27,Website,,2024-25,False
Q007310,2024-12-27,Referral,,2024-25,False
Q007410,2024-12-27,Walk-in,,2024-25,False
Q007513,2024-12-27,Walk-in,,2024-25,False
Q007558,2024-12-27,Referral,,2024-25,False
Q007645,2024-12-27,Referral,,2024-25,False
Q008397,2024-12-27,Walk-in,,2024-25,False
Q002357,2024-12-28,Walk-in,B003039,2024-25,True
Q002360,2024-12-28,Walk-in,B003043,2024-25,True
Q002394,2024-12-28,OTA,B003080,2024-25,True
Q002420,2024-12-28,Referral,B003112,2024-25,True
Q002541,2024-12-28,Website,B003256,2024-25,True
Q002627,2024-12-28,Walk-in,B003366,2024-25,True
Q002652,2024-12-28,Hotel Partner,B003398,2024-25,True
Q002675,2024-12-28,OTA,B003426,2024-25,True
Q002715,2024-12-28,Walk-in,B003477,2024-25,True
Q002719,2024-12-28,Instagram,B003481,2024-25,True
Q002792,2024-12-28,OTA,B003571,2024-25,True
Q002802,2024-12-28,OTA,B003585,2024-25,True
Q002892,2024-12-28,Walk-in,B003706,2024-25,True
Q006507,2024-12-28,Hotel Partner,,2024-25,False
Q006688,2024-12-28,OTA,,2024-25,False
Q007298,2024-12-28,Website,,2024-25,False
Q007948,2024-12-28,Hotel Partner,,2024-25,False
Q008008,2024-12-28,Referral,,2024-25,False
Q008074,2024-12-28,Instagram,,2024-25,False
Q008370,2024-12-28,Website,,2024-25,False
Q002390,2024-12-29,Website,B003075,2024-25,True
Q002450,2024-12-29,Walk-in,B003149,2024-25,True
Q002537,2024-12-29,Walk-in,B003252,2024-25,True
Q002588,2024-12-29,Referral,B003313,2024-25,True
Q002589,2024-12-29,Website,B003314,2024-25,True
Q002591,2024-12-29,Referral,B003318,2024-25,True
Q002648,2024-12-29,Referral,B003392,2024-25,True
Q002651,2024-12-29,Website,B003396,2024-25,True
Q002654,2024-12-29,Walk-in,B003400,2024-25,True
Q002732,2024-12-29,Walk-in,B003495,2024-25,True
Q002834,2024-12-29,Walk-in,B003625,2024-25,True
Q002837,2024-12-29,Website,B003631,2024-25,True
Q002887,2024-12-29,OTA,B003698,2024-25,True
Q002986,2024-12-29,Website,B003839,2024-25,True
Q007032,2024-12-29,Instagram,,2024-25,False
Q007156,2024-12-29,Walk-in,,2024-25,False
Q007591,2024-12-29,Website,,2024-25,False
Q007681,2024-12-29,OTA,,2024-25,False
Q002407,2024-12-30,Instagram,B003097,2024-25,True
Q002521,2024-12-30,OTA,B003232,2024-25,True
Q002529,2024-12-30,Referral,B003241,2024-25,True
Q002542,2024-12-30,Website,B003257,2024-25,True
Q002545,2024-12-30,Walk-in,B003261,2024-25,True
Q002602,2024-12-30,OTA,B003331,2024-25,True
Q002672,2024-12-30,Referral,B003421,2024-25,True
Q002686,2024-12-30,OTA,B003438,2024-25,True
Q002710,2024-12-30,Hotel Partner,B003470,2024-25,True
Q002908,2024-12-30,Walk-in,B003729,2024-25,True
Q002934,2024-12-30,Website,B003767,2024-25,True
Q006905,2024-12-30,Instagram,,2024-25,False
Q007586,2024-12-30,Instagram,,2024-25,False
Q007864,2024-12-30,Instagram,,2024-25,False
Q007939,2024-12-30,Hotel Partner,,2024-25,False
Q008145,2024-12-30,Referral,,2024-25,False
Q008366,2024-12-30,Hotel Partner,,2024-25,False
Q008401,2024-12-30,OTA,,2024-25,False
Q002573,2024-12-31,Walk-in,B003294,2024-25,True
Q002598,2024-12-31,OTA,B003327,2024-25,True
Q002660,2024-12-31,OTA,B003408,2024-25,True
Q002752,2024-12-31,Walk-in,B003518,2024-25,True
Q002782,2024-12-31,Walk-in,B003556,2024-25,True
Q002876,2024-12-31,OTA,B003681,2024-25,True
Q006857,2024-12-31,OTA,,2024-25,False
Q006912,2024-12-31,Referral,,2024-25,False
Q007010,2024-12-31,Website,,2024-25,False
Q007339,2024-12-31,Hotel Partner,,2024-25,False
Q008078,2024-12-31,Walk-in,,2024-25,False
Q002462,2025-01-01,Hotel Partner,B003163,2024-25,True
Q002483,2025-01-01,Referral,B003189,2024-25,True
Q002531,2025-01-01,Walk-in,B003243,2024-25,True
Q002552,2025-01-01,Referral,B003269,2024-25,True
Q002673,2025-01-01,Walk-in,B003424,2024-25,True
Q002705,2025-01-01,Walk-in,B003463,2024-25,True
Q002707,2025-01-01,Walk-in,B003466,2024-25,True
Q002742,2025-01-01,Hotel Partner,B003505,2024-25,True
Q002747,2025-01-01,Instagram,B003510,2024-25,True
Q002821,2025-01-01,Referral,B003609,2024-25,True
Q002907,2025-01-01,Website,B003727,2024-25,True
Q006775,2025-01-01,OTA,,2024-25,False
Q007030,2025-01-01,Hotel Partner,,2024-25,False
Q007355,2025-01-01,Walk-in,,2024-25,False
Q007662,2025-01-01,OTA,,2024-25,False
Q007722,2025-01-01,OTA,,2024-25,False
Q008019,2025-01-01,Instagram,,2024-25,False
Q008129,2025-01-01,Referral,,2024-25,False
Q008312,2025-01-01,Referral,,2024-25,False
Q002458,2025-01-02,Website,B003157,2024-25,True
Q002473,2025-01-02,OTA,B003176,2024-25,True
Q002520,2025-01-02,Walk-in,B003231,2024-25,True
Q002583,2025-01-02,Hotel Partner,B003307,2024-25,True
Q002633,2025-01-02,OTA,B003373,2024-25,True
Q002647,2025-01-02,Referral,B003391,2024-25,True
Q002775,2025-01-02,Walk-in,B003548,2024-25,True
Q002800,2025-01-02,Walk-in,B003583,2024-25,True
Q002817,2025-01-02,Walk-in,B003604,2024-25,True
Q006588,2025-01-02,Walk-in,,2024-25,False
Q006686,2025-01-02,Referral,,2024-25,False
Q006915,2025-01-02,Website,,2024-25,False
Q007255,2025-01-02,Hotel Partner,,2024-25,False
Q007719,2025-01-02,Instagram,,2024-25,False
Q007761,2025-01-02,Website,,2024-25,False
Q007886,2025-01-02,Walk-in,,2024-25,False
Q008043,2025-01-02,Walk-in,,2024-25,False
Q002468,2025-01-03,Instagram,B003171,2024-25,True
Q002522,2025-01-03,Instagram,B003233,2024-25,True
Q002566,2025-01-03,Hotel Partner,B003285,2024-25,True
Q002625,2025-01-03,Walk-in,B003364,2024-25,True
Q002734,2025-01-03,Referral,B003497,2024-25,True
Q002767,2025-01-03,Instagram,B003540,2024-25,True
Q002774,2025-01-03,Referral,B003547,2024-25,True
Q002828,2025-01-03,Instagram,B003618,2024-25,True
Q002839,2025-01-03,Instagram,B003633,2024-25,True
Q002918,2025-01-03,Instagram,B003742,2024-25,True
Q003001,2025-01-03,Walk-in,B003857,2024-25,True
Q006679,2025-01-03,Referral,,2024-25,False
Q006812,2025-01-03,Referral,,2024-25,False
Q006986,2025-01-03,Walk-in,,2024-25,False
Q007807,2025-01-03,OTA,,2024-25,False
Q008051,2025-01-03,Referral,,2024-25,False
Q008460,2025-01-03,OTA,,2024-25,False
Q002642,2025-01-04,Hotel Partner,B003384,2024-25,True
Q002643,2025-01-04,OTA,B003385,2024-25,True
Q002688,2025-01-04,Hotel Partner,B003440,2024-25,True
Q002790,2025-01-04,OTA,B003567,2024-25,True
Q002904,2025-01-04,Website,B003724,2024-25,True
Q002914,2025-01-04,Website,B003737,2024-25,True
Q002967,2025-01-04,Instagram,B003810,2024-25,True
Q003020,2025-01-04,Hotel Partner,B003882,2024-25,True
Q006692,2025-01-04,Website,,2024-25,False
Q006836,2025-01-04,Website,,2024-25,False
Q007683,2025-01-04,Website,,2024-25,False
Q007887,2025-01-04,Website,,2024-25,False
Q008040,2025-01-04,OTA,,2024-25,False
Q008056,2025-01-04,Hotel Partner,,2024-25,False
Q008322,2025-01-04,Walk-in,,2024-25,False
Q008492,2025-01-04,Walk-in,,2024-25,False
Q002528,2025-01-05,Instagram,B003240,2024-25,True
Q002556,2025-01-05,Referral,B003275,2024-25,True
Q002669,2025-01-05,Walk-in,B003418,2024-25,True
Q002677,2025-01-05,Hotel Partner,B003428,2024-25,True
Q002700,2025-01-05,Website,B003457,2024-25,True
Q002702,2025-01-05,OTA,B003459,2024-25,True
Q002840,2025-01-05,Instagram,B003634,2024-25,True
Q002850,2025-01-05,Walk-in,B003649,2024-25,True
Q002873,2025-01-05,Instagram,B003678,2024-25,True
Q002888,2025-01-05,Website,B003699,2024-25,True
Q006674,2025-01-05,Instagram,,2024-25,False
Q007067,2025-01-05,Referral,,2024-25,False
Q007100,2025-01-05,Website,,2024-25,False
Q007389,2025-01-05,OTA,,2024-25,False
Q007499,2025-01-05,Walk-in,,2024-25,False
Q007550,2025-01-05,Walk-in,,2024-25,False
Q007599,2025-01-05,OTA,,2024-25,False
Q007622,2025-01-05,Instagram,,2024-25,False
Q007787,2025-01-05,OTA,,2024-25,False
Q007943,2025-01-05,Walk-in,,2024-25,False
Q002397,2025-01-06,Walk-in,B003085,2024-25,True
Q002505,2025-01-06,Walk-in,B003214,2024-25,True
Q002564,2025-01-06,Referral,B003283,2024-25,True
Q002626,2025-01-06,Walk-in,B003365,2024-25,True
Q002711,2025-01-06,OTA,B003471,2024-25,True
Q002720,2025-01-06,Website,B003482,2024-25,True
Q002798,2025-01-06,Referral,B003580,2024-25,True
Q002801,2025-01-06,Walk-in,B003584,2024-25,True
Q002890,2025-01-06,Instagram,B003702,2024-25,True
Q002968,2025-01-06,Hotel Partner,B003812,2024-25,True
Q006559,2025-01-06,Instagram,,2024-25,False
Q006622,2025-01-06,Referral,,2024-25,False
Q006859,2025-01-06,Website,,2024-25,False
Q007087,2025-01-06,Referral,,2024-25,False
Q007176,2025-01-06,Referral,,2024-25,False
Q007428,2025-01-06,Referral,,2024-25,False
Q007670,2025-01-06,Walk-in,,2024-25,False
Q007703,2025-01-06,Walk-in,,2024-25,False
Q007738,2025-01-06,Walk-in,,2024-25,False
Q008072,2025-01-06,Instagram,,2024-25,False
Q008393,2025-01-06,Website,,2024-25,False
Q008424,2025-01-06,Instagram,,2024-25,False
Q002470,2025-01-07,Website,B003173,2024-25,True
Q002499,2025-01-07,Website,B003207,2024-25,True
Q002519,2025-01-07,Walk-in,B003230,2024-25,True
Q002549,2025-01-07,Walk-in,B003265,2024-25,True
Q002593,2025-01-07,OTA,B003321,2024-25,True
Q002608,2025-01-07,Website,B003341,2024-25,True
Q002851,2025-01-07,Walk-in,B003651,2024-25,True
Q002927,2025-01-07,Walk-in,B003755,2024-25,True
Q006552,2025-01-07,Hotel Partner,,2024-25,False
Q007037,2025-01-07,Website,,2024-25,False
Q007247,2025-01-07,Instagram,,2024-25,False
Q007311,2025-01-07,OTA,,2024-25,False
Q007970,2025-01-07,Website,,2024-25,False
Q008127,2025-01-07,Website,,2024-25,False
Q002646,2025-01-08,Walk-in,B003389,2024-25,True
Q002781,2025-01-08,Walk-in,B003555,2024-25,True
Q002815,2025-01-08,OTA,B003602,2024-25,True
Q002848,2025-01-08,Website,B003647,2024-25,True
Q002857,2025-01-08,Website,B003658,2024-25,True
Q002866,2025-01-08,Walk-in,B003670,2024-25,True
Q002885,2025-01-08,Hotel Partner,B003695,2024-25,True
Q002963,2025-01-08,Walk-in,B003804,2024-25,True
Q002993,2025-01-08,Walk-in,B003847,2024-25,True
Q006511,2025-01-08,Instagram,,2024-25,False
Q006911,2025-01-08,OTA,,2024-25,False
Q006965,2025-01-08,OTA,,2024-25,False
Q007093,2025-01-08,Instagram,,2024-25,False
Q007094,2025-01-08,Hotel Partner,,2024-25,False
Q007279,2025-01-08,Website,,2024-25,False
Q002562,2025-01-09,Instagram,B003281,2024-25,True
Q002571,2025-01-09,Website,B003291,2024-25,True
Q002585,2025-01-09,Referral,B003309,2024-25,True
Q002599,2025-01-09,Website,B003328,2024-25,True
Q002624,2025-01-09,OTA,B003363,2024-25,True
Q002649,2025-01-09,Hotel Partner,B003394,2024-25,True
Q002689,2025-01-09,Referral,B003441,2024-25,True
Q002750,2025-01-09,Walk-in,B003516,2024-25,True
Q002754,2025-01-09,Referral,B003522,2024-25,True
Q002788,2025-01-09,Hotel Partner,B003564,2024-25,True
Q002988,2025-01-09,Walk-in,B003841,2024-25,True
Q006765,2025-01-09,Hotel Partner,,2024-25,False
Q006805,2025-01-09,Website,,2024-25,False
Q007036,2025-01-09,OTA,,2024-25,False
Q007447,2025-01-09,Hotel Partner,,2024-25,False
Q007539,2025-01-09,Instagram,,2024-25,False
Q007755,2025-01-09,Website,,2024-25,False
Q008101,2025-01-09,Website,,2024-25,False
Q008478,2025-01-09,Walk-in,,2024-25,False
Q002509,2025-01-10,Walk-in,B003218,2024-25,True
Q002534,2025-01-10,Website,B003249,2024-25,True
Q002615,2025-01-10,Instagram,B003352,2024-25,True
Q002644,2025-01-10,Website,B003387,2024-25,True
Q002724,2025-01-10,Referral,B003486,2024-25,True
Q002738,2025-01-10,Instagram,B003501,2024-25,True
Q002816,2025-01-10,Website,B003603,2024-25,True
Q002917,2025-01-10,Walk-in,B003740,2024-25,True
Q002921,2025-01-10,Instagram,B003747,2024-25,True
Q002928,2025-01-10,OTA,B003756,2024-25,True
Q006696,2025-01-10,OTA,,2024-25,False
Q006781,2025-01-10,Walk-in,,2024-25,False
Q006852,2025-01-10,OTA,,2024-25,False
Q007290,2025-01-10,Instagram,,2024-25,False
Q007352,2025-01-10,Website,,2024-25,False
Q007406,2025-01-10,Walk-in,,2024-25,False
Q007594,2025-01-10,Walk-in,,2024-25,False
Q007627,2025-01-10,Walk-in,,2024-25,False
Q007844,2025-01-10,Website,,2024-25,False
Q007863,2025-01-10,Walk-in,,2024-25,False
Q008409,2025-01-10,Hotel Partner,,2024-25,False
Q002471,2025-01-11,Website,B003174,2024-25,True
Q002572,2025-01-11,Referral,B003293,2024-25,True
Q002612,2025-01-11,OTA,B003346,2024-25,True
Q002616,2025-01-11,OTA,B003353,2024-25,True
Q002679,2025-01-11,Walk-in,B003430,2024-25,True
Q002708,2025-01-11,OTA,B003467,2024-25,True
Q002731,2025-01-11,Instagram,B003494,2024-25,True
Q002736,2025-01-11,OTA,B003499,2024-25,True
Q002737,2025-01-11,Website,B003500,2024-25,True
Q002740,2025-01-11,Website,B003503,2024-25,True
Q002745,2025-01-11,Instagram,B003508,2024-25,True
Q002804,2025-01-11,OTA,B003589,2024-25,True
Q002809,2025-01-11,OTA,B003595,2024-25,True
Q002849,2025-01-11,OTA,B003648,2024-25,True
Q002972,2025-01-11,Website,B003820,2024-25,True
Q002974,2025-01-11,Walk-in,B003822,2024-25,True
Q006571,2025-01-11,OTA,,2024-25,False
Q006955,2025-01-11,Website,,2024-25,False
Q007046,2025-01-11,OTA,,2024-25,False
Q007152,2025-01-11,Instagram,,2024-25,False
Q007723,2025-01-11,Hotel Partner,,2024-25,False
Q008219,2025-01-11,Referral,,2024-25,False
Q008255,2025-01-11,Hotel Partner,,2024-25,False
Q008382,2025-01-11,Walk-in,,2024-25,False
Q008497,2025-01-11,Referral,,2024-25,False
Q002461,2025-01-12,Walk-in,B003162,2024-25,True
Q002681,2025-01-12,Walk-in,B003432,2024-25,True
Q002693,2025-01-12,OTA,B003446,2024-25,True
Q002714,2025-01-12,Website,B003476,2024-25,True
Q002831,2025-01-12,Instagram,B003622,2024-25,True
Q002879,2025-01-12,Instagram,B003687,2024-25,True
Q002895,2025-01-12,Referral,B003710,2024-25,True
Q002896,2025-01-12,Referral,B003712,2024-25,True
Q002898,2025-01-12,Instagram,B003714,2024-25,True
Q002910,2025-01-12,Website,B003731,2024-25,True
Q002950,2025-01-12,Walk-in,B003786,2024-25,True
Q003018,2025-01-12,Referral,B003880,2024-25,True
Q003024,2025-01-12,OTA,B003888,2024-25,True
Q003029,2025-01-12,Walk-in,B003896,2024-25,True
Q006629,2025-01-12,Referral,,2024-25,False
Q006669,2025-01-12,Website,,2024-25,False
Q006783,2025-01-12,OTA,,2024-25,False
Q006834,2025-01-12,Website,,2024-25,False
Q006860,2025-01-12,OTA,,2024-25,False
Q006884,2025-01-12,Referral,,2024-25,False
Q007000,2025-01-12,Walk-in,,2024-25,False
Q007251,2025-01-12,OTA,,2024-25,False
Q007466,2025-01-12,OTA,,2024-25,False
Q007484,2025-01-12,Referral,,2024-25,False
Q007781,2025-01-12,Referral,,2024-25,False
Q007974,2025-01-12,Referral,,2024-25,False
Q008035,2025-01-12,OTA,,2024-25,False
Q008060,2025-01-12,Instagram,,2024-25,False
Q008217,2025-01-12,Hotel Partner,,2024-25,False
Q008306,2025-01-12,Instagram,,2024-25,False
Q002512,2025-01-13,Walk-in,B003223,2024-25,True
Q002621,2025-01-13,Website,B003359,2024-25,True
Q002659,2025-01-13,OTA,B003407,2024-25,True
Q002698,2025-01-13,OTA,B003452,2024-25,True
Q002748,2025-01-13,Referral,B003511,2024-25,True
Q002793,2025-01-13,Walk-in,B003573,2024-25,True
Q002818,2025-01-13,OTA,B003606,2024-25,True
Q002889,2025-01-13,Hotel Partner,B003701,2024-25,True
Q002909,2025-01-13,Website,B003730,2024-25,True
Q002929,2025-01-13,OTA,B003758,2024-25,True
Q002956,2025-01-13,Referral,B003795,2024-25,True
Q002962,2025-01-13,Walk-in,B003802,2024-25,True
Q002994,2025-01-13,Hotel Partner,B003848,2024-25,True
Q003015,2025-01-13,Walk-in,B003876,2024-25,True
Q003023,2025-01-13,OTA,B003887,2024-25,True
Q003060,2025-01-13,Website,B003937,2024-25,True
Q003087,2025-01-13,Instagram,B003973,2024-25,True
Q003093,2025-01-13,Walk-in,B003981,2024-25,True
Q006578,2025-01-13,Referral,,2024-25,False
Q006682,2025-01-13,OTA,,2024-25,False
Q006872,2025-01-13,OTA,,2024-25,False
Q007226,2025-01-13,Instagram,,2024-25,False
Q007940,2025-01-13,Instagram,,2024-25,False
Q002578,2025-01-14,Referral,B003301,2024-25,True
Q002581,2025-01-14,Website,B003305,2024-25,True
Q002582,2025-01-14,Website,B003306,2024-25,True
Q002699,2025-01-14,Hotel Partner,B003455,2024-25,True
Q002757,2025-01-14,Instagram,B003526,2024-25,True
Q002811,2025-01-14,Walk-in,B003597,2024-25,True
Q002841,2025-01-14,Walk-in,B003635,2024-25,True
Q002899,2025-01-14,Referral,B003718,2024-25,True
Q002905,2025-01-14,OTA,B003725,2024-25,True
Q002938,2025-01-14,Walk-in,B003770,2024-25,True
Q002948,2025-01-14,Referral,B003784,2024-25,True
Q002957,2025-01-14,Hotel Partner,B003796,2024-25,True
Q002965,2025-01-14,OTA,B003807,2024-25,True
Q002979,2025-01-14,Website,B003830,2024-25,True
Q002987,2025-01-14,Hotel Partner,B003840,2024-25,True
Q003002,2025-01-14,OTA,B003858,2024-25,True
Q003052,2025-01-14,Website,B003926,2024-25,True
Q007092,2025-01-14,Walk-in,,2024-25,False
Q007170,2025-01-14,Referral,,2024-25,False
Q007660,2025-01-14,Website,,2024-25,False
Q007776,2025-01-14,Instagram,,2024-25,False
Q007801,2025-01-14,Referral,,2024-25,False
Q007932,2025-01-14,Walk-in,,2024-25,False
Q008085,2025-01-14,Walk-in,,2024-25,False
Q002628,2025-01-15,Walk-in,B003367,2024-25,True
Q002687,2025-01-15,Walk-in,B003439,2024-25,True
Q002725,2025-01-15,Walk-in,B003487,2024-25,True
Q002806,2025-01-15,Instagram,B003591,2024-25,True
Q002861,2025-01-15,Website,B003664,2024-25,True
Q002865,2025-01-15,Walk-in,B003669,2024-25,True
Q002870,2025-01-15,Instagram,B003675,2024-25,True
Q002959,2025-01-15,Instagram,B003798,2024-25,True
Q003117,2025-01-15,Referral,B004011,2024-25,True
Q006643,2025-01-15,OTA,,2024-25,False
Q006828,2025-01-15,Referral,,2024-25,False
Q007062,2025-01-15,Instagram,,2024-25,False
Q007151,2025-01-15,Walk-in,,2024-25,False
Q007181,2025-01-15,Instagram,,2024-25,False
Q007434,2025-01-15,Hotel Partner,,2024-25,False
Q007464,2025-01-15,OTA,,2024-25,False
Q007667,2025-01-15,Instagram,,2024-25,False
Q007803,2025-01-15,Instagram,,2024-25,False
Q007831,2025-01-15,Instagram,,2024-25,False
Q008253,2025-01-15,Instagram,,2024-25,False
Q008265,2025-01-15,Referral,,2024-25,False
Q008317,2025-01-15,Walk-in,,2024-25,False
Q008325,2025-01-15,Walk-in,,2024-25,False
Q002684,2025-01-16,Website,B003436,2024-25,True
Q002704,2025-01-16,Instagram,B003462,2024-25,True
Q002751,2025-01-16,Website,B003517,2024-25,True
Q002771,2025-01-16,Website,B003544,2024-25,True
Q002916,2025-01-16,Website,B003739,2024-25,True
Q002926,2025-01-16,Hotel Partner,B003754,2024-25,True
Q002966,2025-01-16,Walk-in,B003808,2024-25,True
Q002984,2025-01-16,Walk-in,B003837,2024-25,True
Q003000,2025-01-16,Walk-in,B003856,2024-25,True
Q003021,2025-01-16,OTA,B003883,2024-25,True
Q003036,2025-01-16,Instagram,B003904,2024-25,True
Q003057,2025-01-16,Instagram,B003933,2024-25,True
Q003169,2025-01-16,Walk-in,B004077,2024-25,True
Q006508,2025-01-16,Walk-in,,2024-25,False
Q006553,2025-01-16,Website,,2024-25,False
Q006633,2025-01-16,Website,,2024-25,False
Q008007,2025-01-16,Referral,,2024-25,False
Q008414,2025-01-16,OTA,,2024-25,False
Q002611,2025-01-17,Walk-in,B003345,2024-25,True
Q002665,2025-01-17,Instagram,B003413,2024-25,True
Q002854,2025-01-17,Referral,B003654,2024-25,True
Q002858,2025-01-17,OTA,B003660,2024-25,True
Q002923,2025-01-17,Referral,B003751,2024-25,True
Q002925,2025-01-17,Instagram,B003753,2024-25,True
Q002958,2025-01-17,OTA,B003797,2024-25,True
Q003068,2025-01-17,Website,B003946,2024-25,True
Q003079,2025-01-17,Website,B003963,2024-25,True
Q003136,2025-01-17,Referral,B004036,2024-25,True
Q003167,2025-01-17,Walk-in,B004075,2024-25,True
Q003200,2025-01-17,Referral,B004114,2024-25,True
Q006853,2025-01-17,Instagram,,2024-25,False
Q006950,2025-01-17,Hotel Partner,,2024-25,False
Q007059,2025-01-17,OTA,,2024-25,False
Q007452,2025-01-17,Referral,,2024-25,False
Q007597,2025-01-17,Walk-in,,2024-25,False
Q002680,2025-01-18,OTA,B003431,2024-25,True
Q002778,2025-01-18,OTA,B003551,2024-25,True
Q002819,2025-01-18,Website,B003607,2024-25,True
Q002852,2025-01-18,Walk-in,B003652,2024-25,True
Q002880,2025-01-18,Hotel Partner,B003688,2024-25,True
Q002953,2025-01-18,Website,B003790,2024-25,True
Q003059,2025-01-18,Referral,B003935,2024-25,True
Q003078,2025-01-18,Walk-in,B003962,2024-25,True
Q006504,2025-01-18,Instagram,,2024-25,False
Q006636,2025-01-18,Hotel Partner,,2024-25,False
Q006753,2025-01-18,OTA,,2024-25,False
Q006893,2025-01-18,Walk-in,,2024-25,False
Q006976,2025-01-18,Instagram,,2024-25,False
Q007485,2025-01-18,Instagram,,2024-25,False
Q007542,2025-01-18,OTA,,2024-25,False
Q007596,2025-01-18,OTA,,2024-25,False
Q007604,2025-01-18,Instagram,,2024-25,False
Q007812,2025-01-18,Website,,2024-25,False
Q007915,2025-01-18,Referral,,2024-25,False
Q007927,2025-01-18,Walk-in,,2024-25,False
Q008042,2025-01-18,Hotel Partner,,2024-25,False
Q008295,2025-01-18,OTA,,2024-25,False
Q008408,2025-01-18,Walk-in,,2024-25,False
Q002663,2025-01-19,Instagram,B003411,2024-25,True
Q002709,2025-01-19,Walk-in,B003469,2024-25,True
Q002728,2025-01-19,Instagram,B003490,2024-25,True
Q002760,2025-01-19,Hotel Partner,B003529,2024-25,True
Q002764,2025-01-19,Walk-in,B003537,2024-25,True
Q002829,2025-01-19,Website,B003619,2024-25,True
Q002941,2025-01-19,Walk-in,B003775,2024-25,True
Q002944,2025-01-19,OTA,B003779,2024-25,True
Q003006,2025-01-19,Walk-in,B003862,2024-25,True
Q003094,2025-01-19,Instagram,B003982,2024-25,True
Q003192,2025-01-19,Walk-in,B004106,2024-25,True
Q003203,2025-01-19,Instagram,B004118,2024-25,True
Q006935,2025-01-19,Website,,2024-25,False
Q007098,2025-01-19,Walk-in,,2024-25,False
Q007534,2025-01-19,OTA,,2024-25,False
Q007601,2025-01-19,OTA,,2024-25,False
Q007798,2025-01-19,Referral,,2024-25,False
Q007811,2025-01-19,OTA,,2024-25,False
Q008066,2025-01-19,OTA,,2024-25,False
Q002718,2025-01-20,Walk-in,B003480,2024-25,True
Q002733,2025-01-20,Instagram,B003496,2024-25,True
Q002761,2025-01-20,Hotel Partner,B003531,2024-25,True
Q002772,2025-01-20,Walk-in,B003545,2024-25,True
Q002789,2025-01-20,OTA,B003566,2024-25,True
Q002823,2025-01-20,Hotel Partner,B003611,2024-25,True
Q002867,2025-01-20,Walk-in,B003671,2024-25,True
Q003011,2025-01-20,Instagram,B003869,2024-25,True
Q003014,2025-01-20,Walk-in,B003875,2024-25,True
Q003171,2025-01-20,Website,B004079,2024-25,True
Q007378,2025-01-20,Website,,2024-25,False
Q007813,2025-01-20,Walk-in,,2024-25,False
Q008063,2025-01-20,Walk-in,,2024-25,False
Q008073,2025-01-20,Walk-in,,2024-25,False
Q008087,2025-01-20,Instagram,,2024-25,False
Q008132,2025-01-20,Referral,,2024-25,False
Q008260,2025-01-20,Walk-in,,2024-25,False
Q008314,2025-01-20,Walk-in,,2024-25,False
Q008342,2025-01-20,Walk-in,,2024-25,False
Q008374,2025-01-20,OTA,,2024-25,False
Q008493,2025-01-20,OTA,,2024-25,False
Q002668,2025-01-21,Hotel Partner,B003416,2024-25,True
Q002678,2025-01-21,Hotel Partner,B003429,2024-25,True
Q002769,2025-01-21,Instagram,B003542,2024-25,True
Q002803,2025-01-21,OTA,B003588,2024-25,True
Q002827,2025-01-21,Walk-in,B003617,2024-25,True
Q002845,2025-01-21,Walk-in,B003641,2024-25,True
Q003152,2025-01-21,Instagram,B004057,2024-25,True
Q006563,2025-01-21,Walk-in,,2024-25,False
Q006711,2025-01-21,OTA,,2024-25,False
Q008192,2025-01-21,Instagram,,2024-25,False
Q008275,2025-01-21,Referral,,2024-25,False
Q002047,2025-01-22,Instagram,B003593,2024-25,True
Q002706,2025-01-22,Walk-in,B003465,2024-25,True
Q002744,2025-01-22,Walk-in,B003507,2024-25,True
Q002779,2025-01-22,Instagram,B003553,2024-25,True
Q002799,2025-01-22,Hotel Partner,B003582,2024-25,True
Q002843,2025-01-22,Walk-in,B003639,2024-25,True
Q002877,2025-01-22,Referral,B003682,2024-25,True
Q003046,2025-01-22,Walk-in,B003918,2024-25,True
Q003066,2025-01-22,Walk-in,B003943,2024-25,True
Q003135,2025-01-22,Website,B004033,2024-25,True
Q006762,2025-01-22,OTA,,2024-25,False
Q006838,2025-01-22,Website,,2024-25,False
Q006953,2025-01-22,OTA,,2024-25,False
Q007409,2025-01-22,Walk-in,,2024-25,False
Q007514,2025-01-22,Website,,2024-25,False
Q008406,2025-01-22,Walk-in,,2024-25,False
Q008454,2025-01-22,Walk-in,,2024-25,False
Q002623,2025-01-23,OTA,B003361,2024-25,True
Q002657,2025-01-23,Walk-in,B003403,2024-25,True
Q002664,2025-01-23,Instagram,B003412,2024-25,True
Q002695,2025-01-23,Hotel Partner,B003448,2024-25,True
Q002755,2025-01-23,OTA,B003524,2024-25,True
Q002813,2025-01-23,Hotel Partner,B003600,2024-25,True
Q002902,2025-01-23,OTA,B003721,2024-25,True
Q002924,2025-01-23,Walk-in,B003752,2024-25,True
Q002970,2025-01-23,OTA,B003816,2024-25,True
Q002973,2025-01-23,Website,B003821,2024-25,True
Q003022,2025-01-23,Walk-in,B003886,2024-25,True
Q003027,2025-01-23,OTA,B003892,2024-25,True
Q003041,2025-01-23,OTA,B003909,2024-25,True
Q003083,2025-01-23,OTA,B003967,2024-25,True
Q003092,2025-01-23,OTA,B003980,2024-25,True
Q003131,2025-01-23,Referral,B004029,2024-25,True
Q003134,2025-01-23,Instagram,B004032,2024-25,True
Q007162,2025-01-23,OTA,,2024-25,False
Q007245,2025-01-23,Website,,2024-25,False
Q007647,2025-01-23,Walk-in,,2024-25,False
Q008025,2025-01-23,Website,,2024-25,False
Q008113,2025-01-23,Instagram,,2024-25,False
Q008264,2025-01-23,OTA,,2024-25,False
Q002878,2025-01-24,OTA,B003684,2024-25,True
Q002883,2025-01-24,Referral,B003693,2024-25,True
Q002939,2025-01-24,Hotel Partner,B003772,2024-25,True
Q002991,2025-01-24,Hotel Partner,B003844,2024-25,True
Q003003,2025-01-24,Hotel Partner,B003859,2024-25,True
Q003013,2025-01-24,OTA,B003873,2024-25,True
Q003016,2025-01-24,Website,B003878,2024-25,True
Q003065,2025-01-24,Walk-in,B003942,2024-25,True
Q003174,2025-01-24,Walk-in,B004082,2024-25,True
Q006916,2025-01-24,Website,,2024-25,False
Q007630,2025-01-24,Hotel Partner,,2024-25,False
Q007695,2025-01-24,Website,,2024-25,False
Q008413,2025-01-24,Instagram,,2024-25,False
Q008427,2025-01-24,Referral,,2024-25,False
Q002713,2025-01-25,Hotel Partner,B003474,2024-25,True
Q002743,2025-01-25,Website,B003506,2024-25,True
Q002758,2025-01-25,OTA,B003527,2024-25,True
Q002835,2025-01-25,Walk-in,B003628,2024-25,True
Q002863,2025-01-25,Walk-in,B003666,2024-25,True
Q002897,2025-01-25,Walk-in,B003713,2024-25,True
Q002919,2025-01-25,Walk-in,B003743,2024-25,True
Q003053,2025-01-25,Walk-in,B003928,2024-25,True
Q003062,2025-01-25,Referral,B003939,2024-25,True
Q003072,2025-01-25,Website,B003953,2024-25,True
Q003103,2025-01-25,Website,B003993,2024-25,True
Q006498,2025-01-25,Website,,2024-25,False
Q006908,2025-01-25,Instagram,,2024-25,False
Q006928,2025-01-25,Referral,,2024-25,False
Q007362,2025-01-25,OTA,,2024-25,False
Q007617,2025-01-25,OTA,,2024-25,False
Q007808,2025-01-25,OTA,,2024-25,False
Q002763,2025-01-26,OTA,B003536,2024-25,True
Q002846,2025-01-26,OTA,B003642,2024-25,True
Q002869,2025-01-26,Website,B003674,2024-25,True
Q002875,2025-01-26,Website,B003680,2024-25,True
Q002903,2025-01-26,Instagram,B003723,2024-25,True
Q002931,2025-01-26,OTA,B003763,2024-25,True
Q002955,2025-01-26,Hotel Partner,B003793,2024-25,True
Q002977,2025-01-26,Website,B003825,2024-25,True
Q003045,2025-01-26,Website,B003917,2024-25,True
Q003127,2025-01-26,Website,B004025,2024-25,True
Q003224,2025-01-26,Hotel Partner,B004144,2024-25,True
Q006561,2025-01-26,Hotel Partner,,2024-25,False
Q006584,2025-01-26,OTA,,2024-25,False
Q007056,2025-01-26,Instagram,,2024-25,False
Q007533,2025-01-26,Walk-in,,2024-25,False
Q007833,2025-01-26,Hotel Partner,,2024-25,False
Q008123,2025-01-26,Hotel Partner,,2024-25,False
Q008287,2025-01-26,Referral,,2024-25,False
Q008305,2025-01-26,Instagram,,2024-25,False
Q008330,2025-01-26,Walk-in,,2024-25,False
Q002638,2025-01-27,Website,B003379,2024-25,True
Q002712,2025-01-27,Referral,B003472,2024-25,True
Q002773,2025-01-27,Website,B003546,2024-25,True
Q002868,2025-01-27,Website,B003672,2024-25,True
Q002912,2025-01-27,Walk-in,B003734,2024-25,True
Q002945,2025-01-27,Referral,B003780,2024-25,True
Q002960,2025-01-27,Website,B003799,2024-25,True
Q003111,2025-01-27,Instagram,B004003,2024-25,True
Q003251,2025-01-27,Instagram,B004180,2024-25,True
Q003328,2025-01-27,Walk-in,B004268,2024-25,True
Q006591,2025-01-27,Walk-in,,2024-25,False
Q006802,2025-01-27,Hotel Partner,,2024-25,False
Q007166,2025-01-27,Instagram,,2024-25,False
Q007269,2025-01-27,Instagram,,2024-25,False
Q007347,2025-01-27,Walk-in,,2024-25,False
Q007412,2025-01-27,Walk-in,,2024-25,False
Q007446,2025-01-27,Website,,2024-25,False
Q008343,2025-01-27,Walk-in,,2024-25,False
Q002872,2025-01-28,Walk-in,B003677,2024-25,True
Q002937,2025-01-28,Referral,B003769,2024-25,True
Q003073,2025-01-28,Hotel Partner,B003954,2024-25,True
Q003098,2025-01-28,Instagram,B003987,2024-25,True
Q003142,2025-01-28,Instagram,B004046,2024-25,True
Q006677,2025-01-28,Website,,2024-25,False
Q006772,2025-01-28,Website,,2024-25,False
Q007516,2025-01-28,Website,,2024-25,False
Q007600,2025-01-28,Website,,2024-25,False
Q007700,2025-01-28,Hotel Partner,,2024-25,False
Q007790,2025-01-28,Hotel Partner,,2024-25,False
Q007858,2025-01-28,Website,,2024-25,False
Q008347,2025-01-28,OTA,,2024-25,False
Q002692,2025-01-29,Instagram,B003445,2024-25,True
Q002812,2025-01-29,Instagram,B003598,2024-25,True
Q002954,2025-01-29,Walk-in,B003792,2024-25,True
Q002985,2025-01-29,Walk-in,B003838,2024-25,True
Q002997,2025-01-29,Website,B003853,2024-25,True
Q003056,2025-01-29,Referral,B003932,2024-25,True
Q003074,2025-01-29,Website,B003956,2024-25,True
Q003104,2025-01-29,Hotel Partner,B003994,2024-25,True
Q003140,2025-01-29,Walk-in,B004043,2024-25,True
Q003163,2025-01-29,Walk-in,B004071,2024-25,True
Q003240,2025-01-29,Referral,B004164,2024-25,True
Q003253,2025-01-29,Instagram,B004183,2024-25,True
Q003270,2025-01-29,Referral,B004205,2024-25,True
Q003271,2025-01-29,Website,B004206,2024-25,True
Q003280,2025-01-29,Referral,B004215,2024-25,True
Q006743,2025-01-29,Referral,,2024-25,False
Q007491,2025-01-29,Website,,2024-25,False
Q007651,2025-01-29,Website,,2024-25,False
Q008010,2025-01-29,Website,,2024-25,False
Q002749,2025-01-30,Website,B003514,2024-25,True
Q002952,2025-01-30,Walk-in,B003789,2024-25,True
Q003076,2025-01-30,Hotel Partner,B003959,2024-25,True
Q003197,2025-01-30,Instagram,B004111,2024-25,True
Q003245,2025-01-30,OTA,B004172,2024-25,True
Q003250,2025-01-30,OTA,B004179,2024-25,True
Q007153,2025-01-30,Walk-in,,2024-25,False
Q007595,2025-01-30,OTA,,2024-25,False
Q007669,2025-01-30,OTA,,2024-25,False
Q002786,2025-01-31,Hotel Partner,B003561,2024-25,True
Q002862,2025-01-31,Walk-in,B003665,2024-25,True
Q002871,2025-01-31,Referral,B003676,2024-25,True
Q002900,2025-01-31,Walk-in,B003719,2024-25,True
Q002940,2025-01-31,Walk-in,B003774,2024-25,True
Q002951,2025-01-31,Walk-in,B003787,2024-25,True
Q002990,2025-01-31,Hotel Partner,B003843,2024-25,True
Q003067,2025-01-31,Hotel Partner,B003945,2024-25,True
Q003097,2025-01-31,Hotel Partner,B003986,2024-25,True
Q003238,2025-01-31,OTA,B004161,2024-25,True
Q003258,2025-01-31,Hotel Partner,B004188,2024-25,True
Q003264,2025-01-31,Walk-in,B004196,2024-25,True
Q006501,2025-01-31,Instagram,,2024-25,False
Q006645,2025-01-31,Instagram,,2024-25,False
Q006681,2025-01-31,Walk-in,,2024-25,False
Q007403,2025-01-31,OTA,,2024-25,False
Q007437,2025-01-31,Website,,2024-25,False
Q007553,2025-01-31,Instagram,,2024-25,False
Q007754,2025-01-31,Website,,2024-25,False
Q007992,2025-01-31,Walk-in,,2024-25,False
Q008122,2025-01-31,Walk-in,,2024-25,False
Q008147,2025-01-31,Hotel Partner,,2024-25,False
Q008446,2025-01-31,OTA,,2024-25,False
Q002855,2025-02-01,Walk-in,B003655,2024-25,True
Q002922,2025-02-01,Hotel Partner,B003748,2024-25,True
Q002998,2025-02-01,OTA,B003854,2024-25,True
Q003017,2025-02-01,Hotel Partner,B003879,2024-25,True
Q003038,2025-02-01,Walk-in,B003906,2024-25,True
Q003151,2025-02-01,OTA,B004056,2024-25,True
Q003196,2025-02-01,Referral,B004110,2024-25,True
Q003241,2025-02-01,OTA,B004167,2024-25,True
Q006788,2025-02-01,OTA,,2024-25,False
Q007246,2025-02-01,Hotel Partner,,2024-25,False
Q007470,2025-02-01,OTA,,2024-25,False
Q007658,2025-02-01,Website,,2024-25,False
Q007843,2025-02-01,Hotel Partner,,2024-25,False
Q007961,2025-02-01,Walk-in,,2024-25,False
Q008284,2025-02-01,Walk-in,,2024-25,False
Q008449,2025-02-01,Walk-in,,2024-25,False
Q002836,2025-02-02,OTA,B003630,2024-25,True
Q002864,2025-02-02,Hotel Partner,B003667,2024-25,True
Q003035,2025-02-02,Website,B003903,2024-25,True
Q003084,2025-02-02,Hotel Partner,B003968,2024-25,True
Q003118,2025-02-02,Walk-in,B004012,2024-25,True
Q003161,2025-02-02,Referral,B004067,2024-25,True
Q003193,2025-02-02,Referral,B004107,2024-25,True
Q003209,2025-02-02,OTA,B004125,2024-25,True
Q003310,2025-02-02,Referral,B004248,2024-25,True
Q006538,2025-02-02,Walk-in,,2024-25,False
Q006794,2025-02-02,Referral,,2024-25,False
Q006854,2025-02-02,Website,,2024-25,False
Q006917,2025-02-02,Website,,2024-25,False
Q007041,2025-02-02,Walk-in,,2024-25,False
Q007148,2025-02-02,Walk-in,,2024-25,False
Q007323,2025-02-02,Website,,2024-25,False
Q007483,2025-02-02,Instagram,,2024-25,False
Q007618,2025-02-02,OTA,,2024-25,False
Q007998,2025-02-02,Instagram,,2024-25,False
Q008131,2025-02-02,Hotel Partner,,2024-25,False
Q008341,2025-02-02,Website,,2024-25,False
Q002814,2025-02-03,Referral,B003601,2024-25,True
Q002847,2025-02-03,Instagram,B003646,2024-25,True
Q002894,2025-02-03,Instagram,B003709,2024-25,True
Q003004,2025-02-03,Referral,B003860,2024-25,True
Q003107,2025-02-03,Walk-in,B003998,2024-25,True
Q003156,2025-02-03,Website,B004061,2024-25,True
Q003166,2025-02-03,Instagram,B004074,2024-25,True
Q003213,2025-02-03,Website,B004131,2024-25,True
Q003259,2025-02-03,Walk-in,B004189,2024-25,True
Q003362,2025-02-03,Website,B004317,2024-25,True
Q006811,2025-02-03,OTA,,2024-25,False
Q006848,2025-02-03,OTA,,2024-25,False
Q006873,2025-02-03,Instagram,,2024-25,False
Q007051,2025-02-03,Website,,2024-25,False
Q007069,2025-02-03,Website,,2024-25,False
Q007220,2025-02-03,OTA,,2024-25,False
Q007330,2025-02-03,Website,,2024-25,False
Q007701,2025-02-03,Walk-in,,2024-25,False
Q008011,2025-02-03,OTA,,2024-25,False
Q008398,2025-02-03,Walk-in,,2024-25,False
Q002807,2025-02-04,Walk-in,B003592,2024-25,True
Q002983,2025-02-04,OTA,B003836,2024-25,True
Q002999,2025-02-04,Walk-in,B003855,2024-25,True
Q003030,2025-02-04,Website,B003897,2024-25,True
Q003050,2025-02-04,OTA,B003923,2024-25,True
Q003070,2025-02-04,Website,B003948,2024-25,True
Q003116,2025-02-04,Hotel Partner,B004010,2024-25,True
Q003132,2025-02-04,Hotel Partner,B004030,2024-25,True
Q003157,2025-02-04,Website,B004062,2024-25,True
Q003201,2025-02-04,OTA,B004115,2024-25,True
Q003305,2025-02-04,Website,B004243,2024-25,True
Q006658,2025-02-04,Website,,2024-25,False
Q006739,2025-02-04,Referral,,2024-25,False
Q007320,2025-02-04,Walk-in,,2024-25,False
Q007401,2025-02-04,OTA,,2024-25,False
Q007451,2025-02-04,OTA,,2024-25,False
Q007718,2025-02-04,Website,,2024-25,False
Q007753,2025-02-04,Website,,2024-25,False
Q008099,2025-02-04,Instagram,,2024-25,False
Q008248,2025-02-04,Referral,,2024-25,False
Q008326,2025-02-04,Instagram,,2024-25,False
Q002933,2025-02-05,Referral,B003766,2024-25,True
Q002942,2025-02-05,Website,B003776,2024-25,True
Q003010,2025-02-05,Walk-in,B003868,2024-25,True
Q003025,2025-02-05,Website,B003889,2024-25,True
Q003031,2025-02-05,Referral,B003899,2024-25,True
Q003048,2025-02-05,Referral,B003920,2024-25,True
Q003054,2025-02-05,OTA,B003929,2024-25,True
Q003081,2025-02-05,Hotel Partner,B003965,2024-25,True
Q003139,2025-02-05,Walk-in,B004041,2024-25,True
Q003144,2025-02-05,Hotel Partner,B004048,2024-25,True
Q003178,2025-02-05,Website,B004091,2024-25,True
Q003369,2025-02-05,Referral,B004325,2024-25,True
Q006600,2025-02-05,Walk-in,,2024-25,False
Q006818,2025-02-05,Hotel Partner,,2024-25,False
Q007211,2025-02-05,Instagram,,2024-25,False
Q007292,2025-02-05,OTA,,2024-25,False
Q007551,2025-02-05,Instagram,,2024-25,False
Q007653,2025-02-05,Walk-in,,2024-25,False
Q008032,2025-02-05,OTA,,2024-25,False
Q008102,2025-02-05,OTA,,2024-25,False
Q008261,2025-02-05,Walk-in,,2024-25,False
Q008268,2025-02-05,OTA,,2024-25,False
Q002874,2025-02-06,Hotel Partner,B003679,2024-25,True
Q002891,2025-02-06,Walk-in,B003703,2024-25,True
Q002893,2025-02-06,Instagram,B003708,2024-25,True
Q002920,2025-02-06,Walk-in,B003744,2024-25,True
Q002943,2025-02-06,OTA,B003778,2024-25,True
Q002992,2025-02-06,OTA,B003845,2024-25,True
Q003005,2025-02-06,Website,B003861,2024-25,True
Q003026,2025-02-06,Walk-in,B003890,2024-25,True
Q003034,2025-02-06,Walk-in,B003902,2024-25,True
Q003082,2025-02-06,Walk-in,B003966,2024-25,True
Q003123,2025-02-06,OTA,B004020,2024-25,True
Q003248,2025-02-06,OTA,B004176,2024-25,True
Q003380,2025-02-06,OTA,B004338,2024-25,True
Q006603,2025-02-06,Website,,2024-25,False
Q007382,2025-02-06,Instagram,,2024-25,False
Q008065,2025-02-06,Website,,2024-25,False
Q008186,2025-02-06,Walk-in,,2024-25,False
Q002820,2025-02-07,Website,B003608,2024-25,True
Q002859,2025-02-07,Walk-in,B003661,2024-25,True
Q003008,2025-02-07,Referral,B003866,2024-25,True
Q003033,2025-02-07,Hotel Partner,B003901,2024-25,True
Q003042,2025-02-07,Website,B003910,2024-25,True
Q003129,2025-02-07,Walk-in,B004027,2024-25,True
Q003188,2025-02-07,Website,B004101,2024-25,True
Q003211,2025-02-07,Instagram,B004129,2024-25,True
Q003220,2025-02-07,OTA,B004138,2024-25,True
Q003273,2025-02-07,OTA,B004208,2024-25,True
Q003412,2025-02-07,Walk-in,B004378,2024-25,True
Q006638,2025-02-07,OTA,,2024-25,False
Q006845,2025-02-07,Walk-in,,2024-25,False
Q007537,2025-02-07,Referral,,2024-25,False
Q007621,2025-02-07,Website,,2024-25,False
Q008093,2025-02-07,Website,,2024-25,False
Q002881,2025-02-08,Walk-in,B003689,2024-25,True
Q003109,2025-02-08,Referral,B004001,2024-25,True
Q003246,2025-02-08,Hotel Partner,B004173,2024-25,True
Q007043,2025-02-08,Instagram,,2024-25,False
Q007615,2025-02-08,OTA,,2024-25,False
Q007697,2025-02-08,Hotel Partner,,2024-25,False
Q007741,2025-02-08,Referral,,2024-25,False
Q007875,2025-02-08,Instagram,,2024-25,False
Q008472,2025-02-08,Walk-in,,2024-25,False
Q002884,2025-02-09,Website,B003694,2024-25,True
Q002930,2025-02-09,Instagram,B003761,2024-25,True
Q002969,2025-02-09,Walk-in,B003813,2024-25,True
Q002971,2025-02-09,Website,B003819,2024-25,True
Q002995,2025-02-09,Walk-in,B003849,2024-25,True
Q003037,2025-02-09,Website,B003905,2024-25,True
Q003086,2025-02-09,OTA,B003971,2024-25,True
Q003143,2025-02-09,Referral,B004047,2024-25,True
Q003165,2025-02-09,Referral,B004073,2024-25,True
Q003207,2025-02-09,Website,B004123,2024-25,True
Q003214,2025-02-09,Walk-in,B004132,2024-25,True
Q003228,2025-02-09,Walk-in,B004148,2024-25,True
Q003229,2025-02-09,Walk-in,B004149,2024-25,True
Q003285,2025-02-09,Hotel Partner,B004220,2024-25,True
Q006807,2025-02-09,Walk-in,,2024-25,False
Q006865,2025-02-09,OTA,,2024-25,False
Q007333,2025-02-09,Referral,,2024-25,False
Q007351,2025-02-09,Website,,2024-25,False
Q007424,2025-02-09,Hotel Partner,,2024-25,False
Q007980,2025-02-09,OTA,,2024-25,False
Q008244,2025-02-09,Instagram,,2024-25,False
Q008318,2025-02-09,Referral,,2024-25,False
Q008354,2025-02-09,Walk-in,,2024-25,False
Q002913,2025-02-10,Instagram,B003735,2024-25,True
Q002947,2025-02-10,Hotel Partner,B003782,2024-25,True
Q003055,2025-02-10,Instagram,B003931,2024-25,True
Q003069,2025-02-10,Walk-in,B003947,2024-25,True
Q003089,2025-02-10,Referral,B003976,2024-25,True
Q003173,2025-02-10,Instagram,B004081,2024-25,True
Q003265,2025-02-10,OTA,B004197,2024-25,True
Q003365,2025-02-10,Instagram,B004321,2024-25,True
Q003375,2025-02-10,Instagram,B004332,2024-25,True
Q006630,2025-02-10,OTA,,2024-25,False
Q006889,2025-02-10,OTA,,2024-25,False
Q007384,2025-02-10,Walk-in,,2024-25,False
Q007549,2025-02-10,Hotel Partner,,2024-25,False
Q007592,2025-02-10,Instagram,,2024-25,False
Q007676,2025-02-10,Hotel Partner,,2024-25,False
Q007746,2025-02-10,OTA,,2024-25,False
Q002901,2025-02-11,Referral,B003720,2024-25,True
Q002915,2025-02-11,Walk-in,B003738,2024-25,True
Q003049,2025-02-11,Instagram,B003921,2024-25,True
Q003105,2025-02-11,Referral,B003995,2024-25,True
Q003120,2025-02-11,Walk-in,B004016,2024-25,True
Q003121,2025-02-11,OTA,B004018,2024-25,True
Q003206,2025-02-11,Website,B004122,2024-25,True
Q003295,2025-02-11,Walk-in,B004231,2024-25,True
Q003430,2025-02-11,OTA,B004402,2024-25,True
Q006799,2025-02-11,Website,,2024-25,False
Q006809,2025-02-11,OTA,,2024-25,False
Q007259,2025-02-11,OTA,,2024-25,False
Q007465,2025-02-11,Walk-in,,2024-25,False
Q007500,2025-02-11,Walk-in,,2024-25,False
Q002976,2025-02-12,Referral,B003824,2024-25,True
Q003063,2025-02-12,Instagram,B003940,2024-25,True
Q003088,2025-02-12,Walk-in,B003974,2024-25,True
Q003090,2025-02-12,Hotel Partner,B003978,2024-25,True
Q003110,2025-02-12,Website,B004002,2024-25,True
Q003115,2025-02-12,Walk-in,B004009,2024-25,True
Q003125,2025-02-12,Walk-in,B004022,2024-25,True
Q003141,2025-02-12,Hotel Partner,B004044,2024-25,True
Q003210,2025-02-12,Instagram,B004128,2024-25,True
Q003284,2025-02-12,Walk-in,B004219,2024-25,True
Q003286,2025-02-12,Referral,B004221,2024-25,True
Q003334,2025-02-12,OTA,B004275,2024-25,True
Q006550,2025-02-12,Walk-in,,2024-25,False
Q006840,2025-02-12,Walk-in,,2024-25,False
Q006940,2025-02-12,Referral,,2024-25,False
Q007003,2025-02-12,OTA,,2024-25,False
Q007021,2025-02-12,Walk-in,,2024-25,False
Q007280,2025-02-12,Instagram,,2024-25,False
Q007747,2025-02-12,Website,,2024-25,False
Q007832,2025-02-12,Walk-in,,2024-25,False
Q007951,2025-02-12,OTA,,2024-25,False
Q008095,2025-02-12,Walk-in,,2024-25,False
Q002949,2025-02-13,Walk-in,B003785,2024-25,True
Q002981,2025-02-13,Referral,B003833,2024-25,True
Q002982,2025-02-13,Walk-in,B003834,2024-25,True
Q003047,2025-02-13,Instagram,B003919,2024-25,True
Q003122,2025-02-13,Website,B004019,2024-25,True
Q003153,2025-02-13,OTA,B004058,2024-25,True
Q003182,2025-02-13,OTA,B004095,2024-25,True
Q003257,2025-02-13,Website,B004187,2024-25,True
Q003297,2025-02-13,OTA,B004234,2024-25,True
Q003298,2025-02-13,Walk-in,B004235,2024-25,True
Q003302,2025-02-13,Walk-in,B004240,2024-25,True
Q003314,2025-02-13,OTA,B004252,2024-25,True
Q003384,2025-02-13,OTA,B004343,2024-25,True
Q003387,2025-02-13,Walk-in,B004346,2024-25,True
Q006520,2025-02-13,Website,,2024-25,False
Q006847,2025-02-13,Instagram,,2024-25,False
Q006992,2025-02-13,Referral,,2024-25,False
Q007081,2025-02-13,Instagram,,2024-25,False
Q007334,2025-02-13,Hotel Partner,,2024-25,False
Q007431,2025-02-13,OTA,,2024-25,False
Q007744,2025-02-13,OTA,,2024-25,False
Q007760,2025-02-13,Website,,2024-25,False
Q007999,2025-02-13,Walk-in,,2024-25,False
Q008086,2025-02-13,Referral,,2024-25,False
Q008403,2025-02-13,Walk-in,,2024-25,False
Q002961,2025-02-14,Referral,B003800,2024-25,True
Q002975,2025-02-14,OTA,B003823,2024-25,True
Q003028,2025-02-14,Website,B003895,2024-25,True
Q003080,2025-02-14,Referral,B003964,2024-25,True
Q003096,2025-02-14,Hotel Partner,B003984,2024-25,True
Q003421,2025-02-14,Website,B004389,2024-25,True
Q006876,2025-02-14,OTA,,2024-25,False
Q007344,2025-02-14,Instagram,,2024-25,False
Q007570,2025-02-14,Website,,2024-25,False
Q007573,2025-02-14,Instagram,,2024-25,False
Q007848,2025-02-14,OTA,,2024-25,False
Q008027,2025-02-14,Website,,2024-25,False
Q008281,2025-02-14,Walk-in,,2024-25,False
Q008336,2025-02-14,OTA,,2024-25,False
Q008348,2025-02-14,OTA,,2024-25,False
Q003085,2025-02-15,OTA,B003970,2024-25,True
Q003091,2025-02-15,Referral,B003979,2024-25,True
Q003106,2025-02-15,Referral,B003996,2024-25,True
Q003159,2025-02-15,Walk-in,B004064,2024-25,True
Q003168,2025-02-15,OTA,B004076,2024-25,True
Q003222,2025-02-15,OTA,B004142,2024-25,True
Q003263,2025-02-15,Hotel Partner,B004195,2024-25,True
Q003278,2025-02-15,Website,B004213,2024-25,True
Q003320,2025-02-15,Website,B004260,2024-25,True
Q003330,2025-02-15,Walk-in,B004270,2024-25,True
Q006736,2025-02-15,OTA,,2024-25,False
Q007160,2025-02-15,Referral,,2024-25,False
Q008020,2025-02-15,Website,,2024-25,False
Q008109,2025-02-15,Website,,2024-25,False
Q002935,2025-02-16,Referral,B003768,2024-25,True
Q002946,2025-02-16,Walk-in,B003781,2024-25,True
Q003101,2025-02-16,OTA,B003990,2024-25,True
Q003149,2025-02-16,Hotel Partner,B004053,2024-25,True
Q003180,2025-02-16,OTA,B004093,2024-25,True
Q003242,2025-02-16,OTA,B004168,2024-25,True
Q003292,2025-02-16,OTA,B004228,2024-25,True
Q003339,2025-02-16,OTA,B004281,2024-25,True
Q003378,2025-02-16,Walk-in,B004335,2024-25,True
Q006815,2025-02-16,Hotel Partner,,2024-25,False
Q006839,2025-02-16,Website,,2024-25,False
Q006892,2025-02-16,OTA,,2024-25,False
Q007009,2025-02-16,Hotel Partner,,2024-25,False
Q007823,2025-02-16,Walk-in,,2024-25,False
Q008031,2025-02-16,OTA,,2024-25,False
Q002989,2025-02-17,Walk-in,B003842,2024-25,True
Q002996,2025-02-17,Referral,B003852,2024-25,True
Q003007,2025-02-17,Walk-in,B003863,2024-25,True
Q003009,2025-02-17,OTA,B003867,2024-25,True
Q003032,2025-02-17,Website,B003900,2024-25,True
Q003100,2025-02-17,OTA,B003989,2024-25,True
Q003155,2025-02-17,Hotel Partner,B004060,2024-25,True
Q003195,2025-02-17,Website,B004109,2024-25,True
Q003202,2025-02-17,Walk-in,B004117,2024-25,True
Q003300,2025-02-17,Referral,B004237,2024-25,True
Q003309,2025-02-17,Instagram,B004247,2024-25,True
Q003348,2025-02-17,Instagram,B004299,2024-25,True
Q006891,2025-02-17,Website,,2024-25,False
Q006954,2025-02-17,Hotel Partner,,2024-25,False
Q007127,2025-02-17,Walk-in,,2024-25,False
Q007544,2025-02-17,Referral,,2024-25,False
Q007568,2025-02-17,Website,,2024-25,False
Q007859,2025-02-17,Instagram,,2024-25,False
Q008167,2025-02-17,Walk-in,,2024-25,False
Q008278,2025-02-17,Instagram,,2024-25,False
Q003172,2025-02-18,Hotel Partner,B004080,2024-25,True
Q003208,2025-02-18,Hotel Partner,B004124,2024-25,True
Q003236,2025-02-18,Instagram,B004158,2024-25,True
Q003408,2025-02-18,Walk-in,B004373,2024-25,True
Q003455,2025-02-18,Website,B004432,2024-25,True
Q006741,2025-02-18,OTA,,2024-25,False
Q007103,2025-02-18,Website,,2024-25,False
Q007267,2025-02-18,Walk-in,,2024-25,False
Q007602,2025-02-18,Website,,2024-25,False
Q007829,2025-02-18,Website,,2024-25,False
Q008288,2025-02-18,Instagram,,2024-25,False
Q008367,2025-02-18,Hotel Partner,,2024-25,False
Q002932,2025-02-19,Website,B003765,2024-25,True
Q003162,2025-02-19,Website,B004068,2024-25,True
Q003243,2025-02-19,Walk-in,B004169,2024-25,True
Q003360,2025-02-19,Website,B004315,2024-25,True
Q003368,2025-02-19,Walk-in,B004324,2024-25,True
Q006691,2025-02-19,Website,,2024-25,False
Q006746,2025-02-19,OTA,,2024-25,False
Q007136,2025-02-19,OTA,,2024-25,False
Q007379,2025-02-19,Walk-in,,2024-25,False
Q007868,2025-02-19,Website,,2024-25,False
Q008263,2025-02-19,Referral,,2024-25,False
Q008304,2025-02-19,Instagram,,2024-25,False
Q002964,2025-02-20,Instagram,B003806,2024-25,True
Q003012,2025-02-20,Website,B003870,2024-25,True
Q003058,2025-02-20,OTA,B003934,2024-25,True
Q003064,2025-02-20,Referral,B003941,2024-25,True
Q003145,2025-02-20,OTA,B004049,2024-25,True
Q003176,2025-02-20,Walk-in,B004085,2024-25,True
Q003179,2025-02-20,Referral,B004092,2024-25,True
Q003186,2025-02-20,Instagram,B004099,2024-25,True
Q003233,2025-02-20,Website,B004154,2024-25,True
Q006593,2025-02-20,Walk-in,,2024-25,False
Q007266,2025-02-20,OTA,,2024-25,False
Q007391,2025-02-20,Website,,2024-25,False
Q007965,2025-02-20,OTA,,2024-25,False
Q007984,2025-02-20,OTA,,2024-25,False
Q008046,2025-02-20,OTA,,2024-25,False
Q008125,2025-02-20,Website,,2024-25,False
Q008220,2025-02-20,OTA,,2024-25,False
Q008250,2025-02-20,Walk-in,,2024-25,False
Q003044,2025-02-21,Instagram,B003915,2024-25,True
Q003095,2025-02-21,Walk-in,B003983,2024-25,True
Q003112,2025-02-21,Hotel Partner,B004004,2024-25,True
Q003147,2025-02-21,Website,B004051,2024-25,True
Q003148,2025-02-21,Website,B004052,2024-25,True
Q003191,2025-02-21,Hotel Partner,B004105,2024-25,True
Q003255,2025-02-21,OTA,B004185,2024-25,True
Q003282,2025-02-21,Walk-in,B004217,2024-25,True
Q003296,2025-02-21,Website,B004232,2024-25,True
Q003313,2025-02-21,OTA,B004251,2024-25,True
Q003317,2025-02-21,Website,B004257,2024-25,True
Q003321,2025-02-21,Hotel Partner,B004261,2024-25,True
Q003364,2025-02-21,Website,B004320,2024-25,True
Q003374,2025-02-21,Walk-in,B004331,2024-25,True
Q003472,2025-02-21,Instagram,B004449,2024-25,True
Q003497,2025-02-21,OTA,B004481,2024-25,True
Q006693,2025-02-21,OTA,,2024-25,False
Q006906,2025-02-21,Website,,2024-25,False
Q006929,2025-02-21,Instagram,,2024-25,False
Q006971,2025-02-21,Referral,,2024-25,False
Q007740,2025-02-21,Referral,,2024-25,False
Q007827,2025-02-21,Referral,,2024-25,False
Q008191,2025-02-21,Walk-in,,2024-25,False
Q002978,2025-02-22,OTA,B003827,2024-25,True
Q003039,2025-02-22,OTA,B003907,2024-25,True
Q003235,2025-02-22,Referral,B004156,2024-25,True
Q006566,2025-02-22,Hotel Partner,,2024-25,False
Q006709,2025-02-22,Website,,2024-25,False
Q006814,2025-02-22,OTA,,2024-25,False
Q006914,2025-02-22,Website,,2024-25,False
Q007240,2025-02-22,Hotel Partner,,2024-25,False
Q007463,2025-02-22,Referral,,2024-25,False
Q007649,2025-02-22,Website,,2024-25,False
Q007655,2025-02-22,Walk-in,,2024-25,False
Q007699,2025-02-22,Website,,2024-25,False
Q007724,2025-02-22,Walk-in,,2024-25,False
Q007986,2025-02-22,Instagram,,2024-25,False
Q008009,2025-02-22,OTA,,2024-25,False
Q008108,2025-02-22,Hotel Partner,,2024-25,False
Q008151,2025-02-22,Instagram,,2024-25,False
Q008297,2025-02-22,OTA,,2024-25,False
Q008335,2025-02-22,Instagram,,2024-25,False
Q002980,2025-02-23,OTA,B003832,2024-25,True
Q003077,2025-02-23,Instagram,B003960,2024-25,True
Q003133,2025-02-23,Instagram,B004031,2024-25,True
Q003217,2025-02-23,Walk-in,B004135,2024-25,True
Q003290,2025-02-23,Website,B004226,2024-25,True
Q003350,2025-02-23,Walk-in,B004301,2024-25,True
Q003352,2025-02-23,Hotel Partner,B004304,2024-25,True
Q003394,2025-02-23,Website,B004354,2024-25,True
Q006961,2025-02-23,Instagram,,2024-25,False
Q006990,2025-02-23,Walk-in,,2024-25,False
Q007468,2025-02-23,OTA,,2024-25,False
Q007830,2025-02-23,Walk-in,,2024-25,False
Q007856,2025-02-23,OTA,,2024-25,False
Q008079,2025-02-23,Walk-in,,2024-25,False
Q008091,2025-02-23,Hotel Partner,,2024-25,False
Q003040,2025-02-24,Website,B003908,2024-25,True
Q003043,2025-02-24,Hotel Partner,B003914,2024-25,True
Q003113,2025-02-24,Referral,B004005,2024-25,True
Q003119,2025-02-24,Instagram,B004013,2024-25,True
Q003199,2025-02-24,OTA,B004113,2024-25,True
Q003239,2025-02-24,OTA,B004162,2024-25,True
Q003325,2025-02-24,Website,B004265,2024-25,True
Q003326,2025-02-24,Walk-in,B004266,2024-25,True
Q003466,2025-02-24,Website,B004443,2024-25,True
Q006526,2025-02-24,Instagram,,2024-25,False
Q006881,2025-02-24,OTA,,2024-25,False
Q007625,2025-02-24,Instagram,,2024-25,False
Q008198,2025-02-24,Website,,2024-25,False
Q008368,2025-02-24,Website,,2024-25,False
Q003051,2025-02-25,Hotel Partner,B003924,2024-25,True
Q003075,2025-02-25,Referral,B003958,2024-25,True
Q003124,2025-02-25,Website,B004021,2024-25,True
Q003212,2025-02-25,Website,B004130,2024-25,True
Q003315,2025-02-25,Website,B004253,2024-25,True
Q003373,2025-02-25,Walk-in,B004330,2024-25,True
Q003377,2025-02-25,Instagram,B004334,2024-25,True
Q003386,2025-02-25,Walk-in,B004345,2024-25,True
Q003514,2025-02-25,OTA,B004506,2024-25,True
Q006932,2025-02-25,Walk-in,,2024-25,False
Q006977,2025-02-25,Hotel Partner,,2024-25,False
Q007235,2025-02-25,Website,,2024-25,False
Q007674,2025-02-25,Walk-in,,2024-25,False
Q007934,2025-02-25,Walk-in,,2024-25,False
Q008037,2025-02-25,Website,,2024-25,False
Q008155,2025-02-25,Walk-in,,2024-25,False
Q008389,2025-02-25,OTA,,2024-25,False
Q003061,2025-02-26,Website,B003938,2024-25,True
Q003183,2025-02-26,Hotel Partner,B004096,2024-25,True
Q003227,2025-02-26,Referral,B004147,2024-25,True
Q003424,2025-02-26,Website,B004394,2024-25,True
Q003450,2025-02-26,Hotel Partner,B004426,2024-25,True
Q003508,2025-02-26,Hotel Partner,B004497,2024-25,True
Q006620,2025-02-26,Referral,,2024-25,False
Q006877,2025-02-26,Instagram,,2024-25,False
Q007559,2025-02-26,Website,,2024-25,False
Q007846,2025-02-26,OTA,,2024-25,False
Q007926,2025-02-26,Walk-in,,2024-25,False
Q008070,2025-02-26,Hotel Partner,,2024-25,False
Q008146,2025-02-26,Walk-in,,2024-25,False
Q008416,2025-02-26,OTA,,2024-25,False
Q008486,2025-02-26,Hotel Partner,,2024-25,False
Q003126,2025-02-27,OTA,B004023,2024-25,True
Q003184,2025-02-27,Walk-in,B004097,2024-25,True
Q003272,2025-02-27,Walk-in,B004207,2024-25,True
Q003323,2025-02-27,Hotel Partner,B004263,2024-25,True
Q003354,2025-02-27,OTA,B004307,2024-25,True
Q003370,2025-02-27,OTA,B004326,2024-25,True
Q003431,2025-02-27,Walk-in,B004403,2024-25,True
Q003433,2025-02-27,Walk-in,B004406,2024-25,True
Q006923,2025-02-27,Instagram,,2024-25,False
Q007210,2025-02-27,Instagram,,2024-25,False
Q007265,2025-02-27,OTA,,2024-25,False
Q007272,2025-02-27,Walk-in,,2024-25,False
Q007336,2025-02-27,OTA,,2024-25,False
Q007721,2025-02-27,OTA,,2024-25,False
Q007870,2025-02-27,Walk-in,,2024-25,False
Q007958,2025-02-27,Instagram,,2024-25,False
Q008292,2025-02-27,Walk-in,,2024-25,False
Q003137,2025-02-28,Walk-in,B004038,2024-25,True
Q003331,2025-02-28,Walk-in,B004271,2024-25,True
Q003333,2025-02-28,Referral,B004274,2024-25,True
Q003343,2025-02-28,Walk-in,B004292,2024-25,True
Q003382,2025-02-28,OTA,B004341,2024-25,True
Q003416,2025-02-28,Hotel Partner,B004383,2024-25,True
Q003444,2025-02-28,OTA,B004419,2024-25,True
Q003519,2025-02-28,OTA,B004512,2024-25,True
Q006733,2025-02-28,OTA,,2024-25,False
Q006878,2025-02-28,Hotel Partner,,2024-25,False
Q006925,2025-02-28,OTA,,2024-25,False
Q007327,2025-02-28,Instagram,,2024-25,False
Q007521,2025-02-28,OTA,,2024-25,False
Q007938,2025-02-28,Website,,2024-25,False
Q008048,2025-02-28,Referral,,2024-25,False
Q008067,2025-02-28,Referral,,2024-25,False
Q008118,2025-02-28,OTA,,2024-25,False
Q008157,2025-02-28,Referral,,2024-25,False
Q008190,2025-02-28,Hotel Partner,,2024-25,False
Q003185,2025-03-01,Hotel Partner,B004098,2024-25,True
Q003198,2025-03-01,Website,B004112,2024-25,True
Q003215,2025-03-01,Website,B004133,2024-25,True
Q003216,2025-03-01,OTA,B004134,2024-25,True
Q003232,2025-03-01,Instagram,B004153,2024-25,True
Q003276,2025-03-01,Website,B004211,2024-25,True
Q003283,2025-03-01,Walk-in,B004218,2024-25,True
Q003332,2025-03-01,Hotel Partner,B004272,2024-25,True
Q003337,2025-03-01,Referral,B004279,2024-25,True
Q003372,2025-03-01,Website,B004329,2024-25,True
Q003376,2025-03-01,OTA,B004333,2024-25,True
Q003388,2025-03-01,Instagram,B004348,2024-25,True
Q003460,2025-03-01,Walk-in,B004437,2024-25,True
Q003474,2025-03-01,Walk-in,B004451,2024-25,True
Q003484,2025-03-01,Referral,B004466,2024-25,True
Q006722,2025-03-01,Website,,2024-25,False
Q006822,2025-03-01,OTA,,2024-25,False
Q006903,2025-03-01,Walk-in,,2024-25,False
Q007113,2025-03-01,Instagram,,2024-25,False
Q007171,2025-03-01,OTA,,2024-25,False
Q007215,2025-03-01,Instagram,,2024-25,False
Q007565,2025-03-01,OTA,,2024-25,False
Q007716,2025-03-01,Website,,2024-25,False
Q007921,2025-03-01,Walk-in,,2024-25,False
Q007983,2025-03-01,OTA,,2024-25,False
Q003071,2025-03-02,Referral,B003951,2024-25,True
Q003223,2025-03-02,Website,B004143,2024-25,True
Q003225,2025-03-02,OTA,B004145,2024-25,True
Q003231,2025-03-02,Website,B004152,2024-25,True
Q003234,2025-03-02,Instagram,B004155,2024-25,True
Q003392,2025-03-02,Walk-in,B004352,2024-25,True
Q003402,2025-03-02,Website,B004363,2024-25,True
Q003439,2025-03-02,Walk-in,B004413,2024-25,True
Q003541,2025-03-02,Instagram,B004543,2024-25,True
Q006663,2025-03-02,Instagram,,2024-25,False
Q006670,2025-03-02,Website,,2024-25,False
Q006731,2025-03-02,OTA,,2024-25,False
Q007495,2025-03-02,OTA,,2024-25,False
Q007541,2025-03-02,Website,,2024-25,False
Q007768,2025-03-02,Walk-in,,2024-25,False
Q008080,2025-03-02,Referral,,2024-25,False
Q008128,2025-03-02,Referral,,2024-25,False
Q008136,2025-03-02,Walk-in,,2024-25,False
Q008223,2025-03-02,OTA,,2024-25,False
Q003158,2025-03-03,Website,B004063,2024-25,True
Q003205,2025-03-03,Walk-in,B004121,2024-25,True
Q003230,2025-03-03,OTA,B004151,2024-25,True
Q003252,2025-03-03,Website,B004181,2024-25,True
Q003294,2025-03-03,Website,B004230,2024-25,True
Q003345,2025-03-03,OTA,B004294,2024-25,True
Q003485,2025-03-03,Instagram,B004467,2024-25,True
Q003505,2025-03-03,Website,B004491,2024-25,True
Q006703,2025-03-03,Website,,2024-25,False
Q006726,2025-03-03,Instagram,,2024-25,False
Q006737,2025-03-03,Hotel Partner,,2024-25,False
Q007091,2025-03-03,OTA,,2024-25,False
Q007188,2025-03-03,Referral,,2024-25,False
Q007254,2025-03-03,Hotel Partner,,2024-25,False
Q007613,2025-03-03,OTA,,2024-25,False
Q008320,2025-03-03,Website,,2024-25,False
Q003099,2025-03-04,OTA,B003988,2024-25,True
Q003102,2025-03-04,Hotel Partner,B003991,2024-25,True
Q003138,2025-03-04,Instagram,B004039,2024-25,True
Q003170,2025-03-04,Referral,B004078,2024-25,True
Q003177,2025-03-04,Walk-in,B004089,2024-25,True
Q003262,2025-03-04,Hotel Partner,B004194,2024-25,True
Q003266,2025-03-04,Instagram,B004199,2024-25,True
Q003436,2025-03-04,Referral,B004410,2024-25,True
Q003558,2025-03-04,Referral,B004564,2024-25,True
Q006540,2025-03-04,Website,,2024-25,False
Q006967,2025-03-04,Referral,,2024-25,False
Q006999,2025-03-04,Instagram,,2024-25,False
Q007139,2025-03-04,Hotel Partner,,2024-25,False
Q007270,2025-03-04,Hotel Partner,,2024-25,False
Q007329,2025-03-04,Website,,2024-25,False
Q007729,2025-03-04,Walk-in,,2024-25,False
Q007772,2025-03-04,Website,,2024-25,False
Q008436,2025-03-04,Referral,,2024-25,False
Q003108,2025-03-05,OTA,B004000,2024-25,True
Q003114,2025-03-05,Website,B004008,2024-25,True
Q003221,2025-03-05,OTA,B004140,2024-25,True
Q003268,2025-03-05,Walk-in,B004203,2024-25,True
Q003308,2025-03-05,OTA,B004246,2024-25,True
Q003311,2025-03-05,Walk-in,B004249,2024-25,True
Q003358,2025-03-05,Walk-in,B004313,2024-25,True
Q003409,2025-03-05,Walk-in,B004374,2024-25,True
Q003451,2025-03-05,OTA,B004428,2024-25,True
Q003462,2025-03-05,OTA,B004439,2024-25,True
Q003476,2025-03-05,Walk-in,B004453,2024-25,True
Q006665,2025-03-05,OTA,,2024-25,False
Q006740,2025-03-05,Walk-in,,2024-25,False
Q006780,2025-03-05,Walk-in,,2024-25,False
Q006898,2025-03-05,OTA,,2024-25,False
Q007199,2025-03-05,OTA,,2024-25,False
Q007593,2025-03-05,Walk-in,,2024-25,False
Q007706,2025-03-05,OTA,,2024-25,False
Q007826,2025-03-05,Hotel Partner,,2024-25,False
Q007871,2025-03-05,Hotel Partner,,2024-25,False
Q008081,2025-03-05,OTA,,2024-25,False
Q008133,2025-03-05,Referral,,2024-25,False
Q003130,2025-03-06,Website,B004028,2024-25,True
Q003146,2025-03-06,Walk-in,B004050,2024-25,True
Q003150,2025-03-06,Hotel Partner,B004055,2024-25,True
Q003187,2025-03-06,OTA,B004100,2024-25,True
Q003194,2025-03-06,OTA,B004108,2024-25,True
Q003219,2025-03-06,Hotel Partner,B004137,2024-25,True
Q003226,2025-03-06,Website,B004146,2024-25,True
Q003247,2025-03-06,Hotel Partner,B004175,2024-25,True
Q003261,2025-03-06,Walk-in,B004191,2024-25,True
Q003318,2025-03-06,Walk-in,B004258,2024-25,True
Q003329,2025-03-06,Walk-in,B004269,2024-25,True
Q003357,2025-03-06,Walk-in,B004312,2024-25,True
Q003414,2025-03-06,Website,B004380,2024-25,True
Q003440,2025-03-06,Website,B004414,2024-25,True
Q006968,2025-03-06,Instagram,,2024-25,False
Q007073,2025-03-06,Instagram,,2024-25,False
Q007183,2025-03-06,Hotel Partner,,2024-25,False
Q007238,2025-03-06,Walk-in,,2024-25,False
Q007652,2025-03-06,Hotel Partner,,2024-25,False
Q007752,2025-03-06,Referral,,2024-25,False
Q007794,2025-03-06,Hotel Partner,,2024-25,False
Q007890,2025-03-06,Website,,2024-25,False
Q008494,2025-03-06,Website,,2024-25,False
Q003175,2025-03-07,Instagram,B004083,2024-25,True
Q003244,2025-03-07,Instagram,B004170,2024-25,True
Q003327,2025-03-07,Website,B004267,2024-25,True
Q003338,2025-03-07,OTA,B004280,2024-25,True
Q003418,2025-03-07,Website,B004386,2024-25,True
Q003443,2025-03-07,Walk-in,B004418,2024-25,True
Q003524,2025-03-07,Hotel Partner,B004521,2024-25,True
Q003553,2025-03-07,Walk-in,B004556,2024-25,True
Q006920,2025-03-07,Website,,2024-25,False
Q006926,2025-03-07,Instagram,,2024-25,False
Q007346,2025-03-07,Walk-in,,2024-25,False
Q007458,2025-03-07,Website,,2024-25,False
Q007666,2025-03-07,OTA,,2024-25,False
Q007840,2025-03-07,Referral,,2024-25,False
Q008259,2025-03-07,Referral,,2024-25,False
Q008274,2025-03-07,Referral,,2024-25,False
Q008451,2025-03-07,Walk-in,,2024-25,False
Q003267,2025-03-08,Walk-in,B004201,2024-25,True
Q003275,2025-03-08,Hotel Partner,B004210,2024-25,True
Q006532,2025-03-08,Walk-in,,2024-25,False
Q007498,2025-03-08,Website,,2024-25,False
Q007590,2025-03-08,Website,,2024-25,False
Q007930,2025-03-08,OTA,,2024-25,False
Q007990,2025-03-08,Website,,2024-25,False
Q008024,2025-03-08,Walk-in,,2024-25,False
Q008271,2025-03-08,Hotel Partner,,2024-25,False
Q003189,2025-03-09,Instagram,B004103,2024-25,True
Q003237,2025-03-09,Instagram,B004159,2024-25,True
Q003281,2025-03-09,OTA,B004216,2024-25,True
Q003304,2025-03-09,Hotel Partner,B004242,2024-25,True
Q003324,2025-03-09,Website,B004264,2024-25,True
Q003425,2025-03-09,Website,B004395,2024-25,True
Q003492,2025-03-09,Hotel Partner,B004475,2024-25,True
Q003540,2025-03-09,Walk-in,B004541,2024-25,True
Q006793,2025-03-09,OTA,,2024-25,False
Q006924,2025-03-09,Walk-in,,2024-25,False
Q007202,2025-03-09,Referral,,2024-25,False
Q007271,2025-03-09,Walk-in,,2024-25,False
Q007380,2025-03-09,Instagram,,2024-25,False
Q007817,2025-03-09,OTA,,2024-25,False
Q008197,2025-03-09,Referral,,2024-25,False
Q008230,2025-03-09,Instagram,,2024-25,False
Q008241,2025-03-09,Hotel Partner,,2024-25,False
Q003154,2025-03-10,Walk-in,B004059,2024-25,True
Q003160,2025-03-10,OTA,B004065,2024-25,True
Q003218,2025-03-10,Referral,B004136,2024-25,True
Q003287,2025-03-10,Website,B004222,2024-25,True
Q003342,2025-03-10,Referral,B004289,2024-25,True
Q003417,2025-03-10,Website,B004385,2024-25,True
Q003532,2025-03-10,Referral,B004532,2024-25,True
Q003573,2025-03-10,Referral,B004579,2024-25,True
Q003605,2025-03-10,Walk-in,B004616,2024-25,True
Q007135,2025-03-10,Walk-in,,2024-25,False
Q007138,2025-03-10,Referral,,2024-25,False
Q007842,2025-03-10,Referral,,2024-25,False
Q008107,2025-03-10,Hotel Partner,,2024-25,False
Q008124,2025-03-10,OTA,,2024-25,False
Q008282,2025-03-10,Walk-in,,2024-25,False
Q003274,2025-03-11,OTA,B004209,2024-25,True
Q003279,2025-03-11,Walk-in,B004214,2024-25,True
Q003361,2025-03-11,Instagram,B004316,2024-25,True
Q003391,2025-03-11,Walk-in,B004351,2024-25,True
Q003400,2025-03-11,OTA,B004361,2024-25,True
Q003481,2025-03-11,Instagram,B004462,2024-25,True
Q003491,2025-03-11,OTA,B004474,2024-25,True
Q003568,2025-03-11,Walk-in,B004574,2024-25,True
Q006724,2025-03-11,OTA,,2024-25,False
Q006952,2025-03-11,Instagram,,2024-25,False
Q008075,2025-03-11,Walk-in,,2024-25,False
Q008134,2025-03-11,OTA,,2024-25,False
Q008181,2025-03-11,OTA,,2024-25,False
Q008188,2025-03-11,OTA,,2024-25,False
Q003128,2025-03-12,Website,B004026,2024-25,True
Q003181,2025-03-12,Website,B004094,2024-25,True
Q003254,2025-03-12,OTA,B004184,2024-25,True
Q003256,2025-03-12,Instagram,B004186,2024-25,True
Q003306,2025-03-12,Referral,B004244,2024-25,True
Q003379,2025-03-12,Referral,B004337,2024-25,True
Q003415,2025-03-12,Hotel Partner,B004381,2024-25,True
Q003452,2025-03-12,Referral,B004429,2024-25,True
Q003456,2025-03-12,OTA,B004433,2024-25,True
Q003471,2025-03-12,Hotel Partner,B004448,2024-25,True
Q003479,2025-03-12,Referral,B004459,2024-25,True
Q003546,2025-03-12,Instagram,B004549,2024-25,True
Q003610,2025-03-12,Instagram,B004623,2024-25,True
Q006687,2025-03-12,Website,,2024-25,False
Q006720,2025-03-12,Website,,2024-25,False
Q006744,2025-03-12,Walk-in,,2024-25,False
Q006750,2025-03-12,Website,,2024-25,False
Q006841,2025-03-12,Referral,,2024-25,False
Q007053,2025-03-12,Website,,2024-25,False
Q007168,2025-03-12,Walk-in,,2024-25,False
Q007219,2025-03-12,OTA,,2024-25,False
Q007438,2025-03-12,Referral,,2024-25,False
Q007439,2025-03-12,Walk-in,,2024-25,False
Q007524,2025-03-12,Website,,2024-25,False
Q007671,2025-03-12,OTA,,2024-25,False
Q007814,2025-03-12,Website,,2024-25,False
Q008000,2025-03-12,Hotel Partner,,2024-25,False
Q008044,2025-03-12,OTA,,2024-25,False
Q008140,2025-03-12,Walk-in,,2024-25,False
Q003190,2025-03-13,Walk-in,B004104,2024-25,True
Q003277,2025-03-13,Walk-in,B004212,2024-25,True
Q003307,2025-03-13,Walk-in,B004245,2024-25,True
Q003407,2025-03-13,Walk-in,B004370,2024-25,True
Q003432,2025-03-13,Walk-in,B004405,2024-25,True
Q003510,2025-03-13,Walk-in,B004500,2024-25,True
Q003513,2025-03-13,Walk-in,B004505,2024-25,True
Q003518,2025-03-13,Walk-in,B004511,2024-25,True
Q003535,2025-03-13,Website,B004535,2024-25,True
Q003583,2025-03-13,Instagram,B004592,2024-25,True
Q003653,2025-03-13,OTA,B004675,2024-25,True
Q006683,2025-03-13,OTA,,2024-25,False
Q007147,2025-03-13,Website,,2024-25,False
Q007337,2025-03-13,Website,,2024-25,False
Q007356,2025-03-13,Instagram,,2024-25,False
Q007745,2025-03-13,OTA,,2024-25,False
Q007929,2025-03-13,Website,,2024-25,False
Q007942,2025-03-13,OTA,,2024-25,False
Q008047,2025-03-13,Instagram,,2024-25,False
Q008234,2025-03-13,Referral,,2024-25,False
Q008307,2025-03-13,Hotel Partner,,2024-25,False
Q008432,2025-03-13,Instagram,,2024-25,False
Q008434,2025-03-13,Hotel Partner,,2024-25,False
Q003336,2025-03-14,Instagram,B004278,2024-25,True
Q003341,2025-03-14,OTA,B004287,2024-25,True
Q003403,2025-03-14,Hotel Partner,B004364,2024-25,True
Q003429,2025-03-14,OTA,B004400,2024-25,True
Q003465,2025-03-14,OTA,B004442,2024-25,True
Q003503,2025-03-14,Walk-in,B004489,2024-25,True
Q007013,2025-03-14,Walk-in,,2024-25,False
Q007324,2025-03-14,Hotel Partner,,2024-25,False
Q007417,2025-03-14,Walk-in,,2024-25,False
Q007508,2025-03-14,Website,,2024-25,False
Q007543,2025-03-14,Instagram,,2024-25,False
Q007847,2025-03-14,Referral,,2024-25,False
Q008231,2025-03-14,Instagram,,2024-25,False
Q003289,2025-03-15,Referral,B004225,2024-25,True
Q003291,2025-03-15,Referral,B004227,2024-25,True
Q003344,2025-03-15,Walk-in,B004293,2024-25,True
Q003346,2025-03-15,Website,B004297,2024-25,True
Q003359,2025-03-15,Website,B004314,2024-25,True
Q003486,2025-03-15,Website,B004469,2024-25,True
Q003501,2025-03-15,OTA,B004486,2024-25,True
Q003559,2025-03-15,Walk-in,B004565,2024-25,True
Q006639,2025-03-15,Website,,2024-25,False
Q007027,2025-03-15,Walk-in,,2024-25,False
Q007078,2025-03-15,Instagram,,2024-25,False
Q007303,2025-03-15,Walk-in,,2024-25,False
Q007383,2025-03-15,Website,,2024-25,False
Q007644,2025-03-15,Walk-in,,2024-25,False
Q007892,2025-03-15,Walk-in,,2024-25,False
Q008054,2025-03-15,Hotel Partner,,2024-25,False
Q008363,2025-03-15,Walk-in,,2024-25,False
Q008458,2025-03-15,OTA,,2024-25,False
Q003288,2025-03-16,OTA,B004224,2024-25,True
Q003301,2025-03-16,Website,B004239,2024-25,True
Q003319,2025-03-16,OTA,B004259,2024-25,True
Q003448,2025-03-16,Walk-in,B004424,2024-25,True
Q003477,2025-03-16,OTA,B004454,2024-25,True
Q006678,2025-03-16,Website,,2024-25,False
Q006874,2025-03-16,OTA,,2024-25,False
Q006936,2025-03-16,Website,,2024-25,False
Q006974,2025-03-16,OTA,,2024-25,False
Q007182,2025-03-16,Walk-in,,2024-25,False
Q007284,2025-03-16,OTA,,2024-25,False
Q007492,2025-03-16,Walk-in,,2024-25,False
Q007607,2025-03-16,Walk-in,,2024-25,False
Q007624,2025-03-16,Hotel Partner,,2024-25,False
Q007641,2025-03-16,Website,,2024-25,False
Q007698,2025-03-16,Walk-in,,2024-25,False
Q008280,2025-03-16,OTA,,2024-25,False
Q008465,2025-03-16,OTA,,2024-25,False
Q003293,2025-03-17,Walk-in,B004229,2024-25,True
Q003312,2025-03-17,OTA,B004250,2024-25,True
Q003316,2025-03-17,Instagram,B004255,2024-25,True
Q003399,2025-03-17,Hotel Partner,B004360,2024-25,True
Q003453,2025-03-17,Website,B004430,2024-25,True
Q003470,2025-03-17,OTA,B004447,2024-25,True
Q003552,2025-03-17,Referral,B004555,2024-25,True
Q003576,2025-03-17,Walk-in,B004583,2024-25,True
Q003587,2025-03-17,Hotel Partner,B004597,2024-25,True
Q003627,2025-03-17,Hotel Partner,B004643,2024-25,True
Q006768,2025-03-17,OTA,,2024-25,False
Q006792,2025-03-17,Walk-in,,2024-25,False
Q007231,2025-03-17,Hotel Partner,,2024-25,False
Q007335,2025-03-17,Referral,,2024-25,False
Q007497,2025-03-17,Walk-in,,2024-25,False
Q007838,2025-03-17,Walk-in,,2024-25,False
Q008207,2025-03-17,Referral,,2024-25,False
Q008245,2025-03-17,Referral,,2024-25,False
Q008376,2025-03-17,Referral,,2024-25,False
Q003351,2025-03-18,OTA,B004303,2024-25,True
Q003495,2025-03-18,Website,B004478,2024-25,True
Q003621,2025-03-18,OTA,B004636,2024-25,True
Q006652,2025-03-18,Walk-in,,2024-25,False
Q006972,2025-03-18,Referral,,2024-25,False
Q007469,2025-03-18,OTA,,2024-25,False
Q007482,2025-03-18,OTA,,2024-25,False
Q007955,2025-03-18,Walk-in,,2024-25,False
Q008225,2025-03-18,Instagram,,2024-25,False
Q003164,2025-03-19,Referral,B004072,2024-25,True
Q003260,2025-03-19,Referral,B004190,2024-25,True
Q003383,2025-03-19,OTA,B004342,2024-25,True
Q003396,2025-03-19,Website,B004357,2024-25,True
Q003398,2025-03-19,Instagram,B004359,2024-25,True
Q003434,2025-03-19,OTA,B004407,2024-25,True
Q003457,2025-03-19,Instagram,B004434,2024-25,True
Q003469,2025-03-19,Walk-in,B004446,2024-25,True
Q006509,2025-03-19,OTA,,2024-25,False
Q006694,2025-03-19,Walk-in,,2024-25,False
Q007509,2025-03-19,Website,,2024-25,False
Q007956,2025-03-19,Website,,2024-25,False
Q008092,2025-03-19,Referral,,2024-25,False
Q003269,2025-03-20,OTA,B004204,2024-25,True
Q003381,2025-03-20,Instagram,B004340,2024-25,True
Q003426,2025-03-20,Walk-in,B004396,2024-25,True
Q003437,2025-03-20,OTA,B004411,2024-25,True
Q003562,2025-03-20,Instagram,B004568,2024-25,True
Q003592,2025-03-20,Instagram,B004602,2024-25,True
Q003601,2025-03-20,OTA,B004612,2024-25,True
Q006721,2025-03-20,Walk-in,,2024-25,False
Q006871,2025-03-20,Website,,2024-25,False
Q007268,2025-03-20,Website,,2024-25,False
Q007358,2025-03-20,Walk-in,,2024-25,False
Q007675,2025-03-20,Website,,2024-25,False
Q007855,2025-03-20,Referral,,2024-25,False
Q008357,2025-03-20,OTA,,2024-25,False
Q008421,2025-03-20,Walk-in,,2024-25,False
Q008483,2025-03-20,Website,,2024-25,False
Q003355,2025-03-21,OTA,B004309,2024-25,True
Q003367,2025-03-21,Website,B004323,2024-25,True
Q003385,2025-03-21,Website,B004344,2024-25,True
Q003395,2025-03-21,Walk-in,B004355,2024-25,True
Q003404,2025-03-21,Referral,B004365,2024-25,True
Q003458,2025-03-21,Hotel Partner,B004435,2024-25,True
Q003459,2025-03-21,Walk-in,B004436,2024-25,True
Q003467,2025-03-21,Walk-in,B004444,2024-25,True
Q003483,2025-03-21,Website,B004464,2024-25,True
Q003493,2025-03-21,Walk-in,B004476,2024-25,True
Q003531,2025-03-21,Hotel Partner,B004531,2024-25,True
Q003575,2025-03-21,Walk-in,B004582,2024-25,True
Q003578,2025-03-21,Walk-in,B004585,2024-25,True
Q006558,2025-03-21,Walk-in,,2024-25,False
Q006572,2025-03-21,Walk-in,,2024-25,False
Q007377,2025-03-21,OTA,,2024-25,False
Q007477,2025-03-21,OTA,,2024-25,False
Q007884,2025-03-21,OTA,,2024-25,False
Q008144,2025-03-21,Website,,2024-25,False
Q008313,2025-03-21,OTA,,2024-25,False
Q003322,2025-03-22,OTA,B004262,2024-25,True
Q003390,2025-03-22,Hotel Partner,B004350,2024-25,True
Q003427,2025-03-22,Walk-in,B004397,2024-25,True
Q003428,2025-03-22,Referral,B004399,2024-25,True
Q003480,2025-03-22,Website,B004460,2024-25,True
Q003509,2025-03-22,Walk-in,B004499,2024-25,True
Q003542,2025-03-22,Walk-in,B004544,2024-25,True
Q003566,2025-03-22,Referral,B004572,2024-25,True
Q003613,2025-03-22,Walk-in,B004628,2024-25,True
Q006830,2025-03-22,Website,,2024-25,False
Q006947,2025-03-22,Hotel Partner,,2024-25,False
Q007388,2025-03-22,Referral,,2024-25,False
Q007742,2025-03-22,Website,,2024-25,False
Q008455,2025-03-22,OTA,,2024-25,False
Q003303,2025-03-23,Website,B004241,2024-25,True
Q003463,2025-03-23,Instagram,B004440,2024-25,True
Q003482,2025-03-23,Referral,B004463,2024-25,True
Q003517,2025-03-23,Instagram,B004510,2024-25,True
Q003523,2025-03-23,Website,B004519,2024-25,True
Q003555,2025-03-23,Walk-in,B004558,2024-25,True
Q003597,2025-03-23,Hotel Partner,B004608,2024-25,True
Q003620,2025-03-23,OTA,B004635,2024-25,True
Q003650,2025-03-23,Referral,B004672,2024-25,True
Q006512,2025-03-23,OTA,,2024-25,False
Q006800,2025-03-23,Website,,2024-25,False
Q007316,2025-03-23,Hotel Partner,,2024-25,False
Q007340,2025-03-23,Website,,2024-25,False
Q007390,2025-03-23,OTA,,2024-25,False
Q007609,2025-03-23,Hotel Partner,,2024-25,False
Q007677,2025-03-23,Walk-in,,2024-25,False
Q003347,2025-03-24,Website,B004298,2024-25,True
Q003405,2025-03-24,OTA,B004366,2024-25,True
Q003411,2025-03-24,OTA,B004376,2024-25,True
Q003515,2025-03-24,Referral,B004507,2024-25,True
Q003657,2025-03-24,Website,B004682,2024-25,True
Q006704,2025-03-24,Hotel Partner,,2024-25,False
Q006764,2025-03-24,Instagram,,2024-25,False
Q008206,2025-03-24,Walk-in,,2024-25,False
Q008212,2025-03-24,Website,,2024-25,False
Q003363,2025-03-25,Referral,B004319,2024-25,True
Q003393,2025-03-25,Referral,B004353,2024-25,True
Q003464,2025-03-25,OTA,B004441,2024-25,True
Q003543,2025-03-25,Website,B004546,2024-25,True
Q003545,2025-03-25,Walk-in,B004548,2024-25,True
Q003561,2025-03-25,Walk-in,B004567,2024-25,True
Q003593,2025-03-25,OTA,B004603,2024-25,True
Q003603,2025-03-25,Hotel Partner,B004614,2024-25,True
Q006583,2025-03-25,OTA,,2024-25,False
Q006585,2025-03-25,OTA,,2024-25,False
Q007004,2025-03-25,OTA,,2024-25,False
Q007111,2025-03-25,Referral,,2024-25,False
Q007225,2025-03-25,Walk-in,,2024-25,False
Q007563,2025-03-25,Walk-in,,2024-25,False
Q003249,2025-03-26,Referral,B004178,2024-25,True
Q003356,2025-03-26,Hotel Partner,B004310,2024-25,True
Q003454,2025-03-26,OTA,B004431,2024-25,True
Q003560,2025-03-26,Referral,B004566,2024-25,True
Q006565,2025-03-26,OTA,,2024-25,False
Q006980,2025-03-26,Instagram,,2024-25,False
Q007025,2025-03-26,Walk-in,,2024-25,False
Q007128,2025-03-26,Website,,2024-25,False
Q007149,2025-03-26,Walk-in,,2024-25,False
Q007258,2025-03-26,Referral,,2024-25,False
Q007626,2025-03-26,Walk-in,,2024-25,False
Q003335,2025-03-27,Website,B004277,2024-25,True
Q003349,2025-03-27,Walk-in,B004300,2024-25,True
Q003435,2025-03-27,Instagram,B004409,2024-25,True
Q003494,2025-03-27,Referral,B004477,2024-25,True
Q003572,2025-03-27,Instagram,B004578,2024-25,True
Q003580,2025-03-27,Website,B004588,2024-25,True
Q003631,2025-03-27,Website,B004647,2024-25,True
Q006649,2025-03-27,Website,,2024-25,False
Q006728,2025-03-27,Walk-in,,2024-25,False
Q006918,2025-03-27,OTA,,2024-25,False
Q006975,2025-03-27,Hotel Partner,,2024-25,False
Q007129,2025-03-27,Walk-in,,2024-25,False
Q007201,2025-03-27,Hotel Partner,,2024-25,False
Q007914,2025-03-27,Referral,,2024-25,False
Q008356,2025-03-27,Referral,,2024-25,False
Q008443,2025-03-27,OTA,,2024-25,False
Q008476,2025-03-27,OTA,,2024-25,False
Q003353,2025-03-28,OTA,B004306,2024-25,True
Q003488,2025-03-28,OTA,B004471,2024-25,True
Q003504,2025-03-28,OTA,B004490,2024-25,True
Q003589,2025-03-28,OTA,B004599,2024-25,True
Q003625,2025-03-28,Walk-in,B004641,2024-25,True
Q003638,2025-03-28,Instagram,B004657,2024-25,True
Q006944,2025-03-28,Instagram,,2024-25,False
Q007186,2025-03-28,Website,,2024-25,False
Q007522,2025-03-28,OTA,,2024-25,False
Q007536,2025-03-28,Referral,,2024-25,False
Q007810,2025-03-28,Walk-in,,2024-25,False
Q008034,2025-03-28,Website,,2024-25,False
Q008158,2025-03-28,Website,,2024-25,False
Q003366,2025-03-29,Website,B004322,2024-25,True
Q003397,2025-03-29,OTA,B004358,2024-25,True
Q003422,2025-03-29,OTA,B004390,2024-25,True
Q003461,2025-03-29,Website,B004438,2024-25,True
Q003521,2025-03-29,Walk-in,B004517,2024-25,True
Q003529,2025-03-29,Walk-in,B004528,2024-25,True
Q003585,2025-03-29,Hotel Partner,B004594,2024-25,True
Q003665,2025-03-29,Instagram,B004691,2024-25,True
Q003696,2025-03-29,Instagram,B004733,2024-25,True
Q007019,2025-03-29,OTA,,2024-25,False
Q007048,2025-03-29,Website,,2024-25,False
Q007197,2025-03-29,Referral,,2024-25,False
Q007317,2025-03-29,Website,,2024-25,False
Q007710,2025-03-29,Website,,2024-25,False
Q007726,2025-03-29,OTA,,2024-25,False
Q008104,2025-03-29,Instagram,,2024-25,False
Q008168,2025-03-29,Website,,2024-25,False
Q008194,2025-03-29,Instagram,,2024-25,False
Q008216,2025-03-29,Referral,,2024-25,False
Q008290,2025-03-29,Walk-in,,2024-25,False
Q003299,2025-03-30,Walk-in,B004236,2024-25,True
Q003419,2025-03-30,Hotel Partner,B004387,2024-25,True
Q003441,2025-03-30,Hotel Partner,B004415,2024-25,True
Q003447,2025-03-30,Website,B004422,2024-25,True
Q003534,2025-03-30,OTA,B004534,2024-25,True
Q003567,2025-03-30,Website,B004573,2024-25,True
Q006537,2025-03-30,OTA,,2024-25,False
Q006618,2025-03-30,Website,,2024-25,False
Q006837,2025-03-30,OTA,,2024-25,False
Q007216,2025-03-30,OTA,,2024-25,False
Q007679,2025-03-30,OTA,,2024-25,False
Q008175,2025-03-30,Referral,,2024-25,False
Q003413,2025-03-31,Referral,B004379,2024-25,True
Q003438,2025-03-31,Website,B004412,2024-25,True
Q003468,2025-03-31,Instagram,B004445,2024-25,True
Q003526,2025-03-31,Instagram,B004524,2024-25,True
Q003538,2025-03-31,Walk-in,B004539,2024-25,True
Q003544,2025-03-31,OTA,B004547,2024-25,True
Q003584,2025-03-31,Hotel Partner,B004593,2024-25,True
Q003622,2025-03-31,Walk-in,B004637,2024-25,True
Q003645,2025-03-31,Instagram,B004667,2024-25,True
Q003687,2025-03-31,OTA,B004719,2024-25,True
Q003688,2025-03-31,Instagram,B004721,2024-25,True
Q006514,2025-03-31,Walk-in,,2024-25,False
Q006577,2025-03-31,Walk-in,,2024-25,False
Q006627,2025-03-31,Instagram,,2024-25,False
Q006642,2025-03-31,Referral,,2024-25,False
Q006646,2025-03-31,OTA,,2024-25,False
Q006816,2025-03-31,Walk-in,,2024-25,False
Q006862,2025-03-31,Referral,,2024-25,False
Q007575,2025-03-31,Website,,2024-25,False
Q008215,2025-03-31,Hotel Partner,,2024-25,False
Q003340,2025-04-01,Referral,B004282,2024-25,True
Q003371,2025-04-01,Website,B004328,2024-25,True
Q003537,2025-04-01,Website,B004538,2024-25,True
Q003563,2025-04-01,Website,B004569,2024-25,True
Q003599,2025-04-01,Hotel Partner,B004610,2024-25,True
Q003678,2025-04-01,OTA,B004710,2024-25,True
Q006651,2025-04-01,OTA,,2024-25,False
Q007217,2025-04-01,Walk-in,,2024-25,False
Q007275,2025-04-01,Walk-in,,2024-25,False
Q007294,2025-04-01,Referral,,2024-25,False
Q007374,2025-04-01,Walk-in,,2024-25,False
Q007418,2025-04-01,Referral,,2024-25,False
Q007606,2025-04-01,Instagram,,2024-25,False
Q007872,2025-04-01,Referral,,2024-25,False
Q003423,2025-04-02,Instagram,B004392,2024-25,True
Q003489,2025-04-02,Website,B004472,2024-25,True
Q003496,2025-04-02,Hotel Partner,B004479,2024-25,True
Q003595,2025-04-02,Walk-in,B004605,2024-25,True
Q006597,2025-04-02,OTA,,2024-25,False
Q007332,2025-04-02,Instagram,,2024-25,False
Q007603,2025-04-02,Referral,,2024-25,False
Q007708,2025-04-02,Website,,2024-25,False
Q008328,2025-04-02,Walk-in,,2024-25,False
Q003539,2025-04-03,OTA,B004540,2024-25,True
Q003556,2025-04-03,Instagram,B004560,2024-25,True
Q003590,2025-04-03,OTA,B004600,2024-25,True
Q003602,2025-04-03,Instagram,B004613,2024-25,True
Q006517,2025-04-03,Hotel Partner,,2024-25,False
Q006787,2025-04-03,OTA,,2024-25,False
Q007283,2025-04-03,Instagram,,2024-25,False
Q007420,2025-04-03,Referral,,2024-25,False
Q007916,2025-04-03,Website,,2024-25,False
Q007950,2025-04-03,Walk-in,,2024-25,False
Q007964,2025-04-03,Website,,2024-25,False
Q008463,2025-04-03,Referral,,2024-25,False
Q003420,2025-04-04,Walk-in,B004388,2024-25,True
Q003499,2025-04-04,OTA,B004484,2024-25,True
Q003511,2025-04-04,Walk-in,B004501,2024-25,True
Q003520,2025-04-04,Referral,B004516,2024-25,True
Q003522,2025-04-04,Instagram,B004518,2024-25,True
Q003604,2025-04-04,Walk-in,B004615,2024-25,True
Q006755,2025-04-04,Walk-in,,2024-25,False
Q007190,2025-04-04,Website,,2024-25,False
Q007712,2025-04-04,Instagram,,2024-25,False
Q003389,2025-04-05,Referral,B004349,2024-25,True
Q003406,2025-04-05,Website,B004367,2024-25,True
Q003449,2025-04-05,Referral,B004425,2024-25,True
Q003475,2025-04-05,OTA,B004452,2024-25,True
Q003506,2025-04-05,Website,B004492,2024-25,True
Q003554,2025-04-05,Walk-in,B004557,2024-25,True
Q003588,2025-04-05,Walk-in,B004598,2024-25,True
Q003596,2025-04-05,Website,B004606,2024-25,True
Q003608,2025-04-05,Walk-in,B004620,2024-25,True
Q003611,2025-04-05,Walk-in,B004626,2024-25,True
Q003618,2025-04-05,Walk-in,B004633,2024-25,True
Q006661,2025-04-05,Website,,2024-25,False
Q007055,2025-04-05,Walk-in,,2024-25,False
Q007096,2025-04-05,Instagram,,2024-25,False
Q007116,2025-04-05,Website,,2024-25,False
Q008185,2025-04-05,Website,,2024-25,False
Q008205,2025-04-05,Hotel Partner,,2024-25,False
Q008218,2025-04-05,OTA,,2024-25,False
Q008246,2025-04-05,Hotel Partner,,2024-25,False
Q008321,2025-04-05,Instagram,,2024-25,False
Q003442,2025-04-06,Walk-in,B004417,2024-25,True
Q003445,2025-04-06,Instagram,B004420,2024-25,True
Q003500,2025-04-06,Instagram,B004485,2024-25,True
Q003516,2025-04-06,Walk-in,B004509,2024-25,True
Q003569,2025-04-06,Walk-in,B004575,2024-25,True
Q003694,2025-04-06,Referral,B004730,2024-25,True
Q003697,2025-04-06,OTA,B004734,2024-25,True
Q006870,2025-04-06,OTA,,2024-25,False
Q006981,2025-04-06,Walk-in,,2024-25,False
Q007121,2025-04-06,Walk-in,,2024-25,False
Q007175,2025-04-06,Instagram,,2024-25,False
Q007555,2025-04-06,Instagram,,2024-25,False
Q007960,2025-04-06,OTA,,2024-25,False
Q008068,2025-04-06,OTA,,2024-25,False
Q008227,2025-04-06,Website,,2024-25,False
Q008346,2025-04-06,Walk-in,,2024-25,False
Q008442,2025-04-06,OTA,,2024-25,False
Q003410,2025-04-07,Website,B004375,2024-25,True
Q003446,2025-04-07,Website,B004421,2024-25,True
Q003498,2025-04-07,Walk-in,B004483,2024-25,True
Q003530,2025-04-07,Website,B004529,2024-25,True
Q003536,2025-04-07,Referral,B004536,2024-25,True
Q003634,2025-04-07,OTA,B004650,2024-25,True
Q003691,2025-04-07,Hotel Partner,B004726,2024-25,True
Q006710,2025-04-07,Instagram,,2024-25,False
Q006827,2025-04-07,Referral,,2024-25,False
Q006883,2025-04-07,Hotel Partner,,2024-25,False
Q007035,2025-04-07,Walk-in,,2024-25,False
Q007150,2025-04-07,Instagram,,2024-25,False
Q007164,2025-04-07,Instagram,,2024-25,False
Q007229,2025-04-07,OTA,,2024-25,False
Q007301,2025-04-07,Instagram,,2024-25,False
Q007478,2025-04-07,OTA,,2024-25,False
Q007692,2025-04-07,Walk-in,,2024-25,False
Q007893,2025-04-07,OTA,,2024-25,False
Q007993,2025-04-07,Walk-in,,2024-25,False
Q008199,2025-04-07,Referral,,2024-25,False
Q003548,2025-04-08,Walk-in,B004551,2024-25,True
Q003619,2025-04-08,Walk-in,B004634,2024-25,True
Q003628,2025-04-08,OTA,B004644,2024-25,True
Q003655,2025-04-08,Walk-in,B004678,2024-25,True
Q003668,2025-04-08,OTA,B004694,2024-25,True
Q006820,2025-04-08,OTA,,2024-25,False
Q007479,2025-04-08,Walk-in,,2024-25,False
Q007750,2025-04-08,OTA,,2024-25,False
Q008156,2025-04-08,Instagram,,2024-25,False
Q008178,2025-04-08,Instagram,,2024-25,False
Q003644,2025-04-09,OTA,B004666,2024-25,True
Q003646,2025-04-09,Referral,B004668,2024-25,True
Q003729,2025-04-09,Walk-in,B004779,2024-25,True
Q006594,2025-04-09,OTA,,2024-25,False
Q006742,2025-04-09,Referral,,2024-25,False
Q007146,2025-04-09,Website,,2024-25,False
Q007232,2025-04-09,Instagram,,2024-25,False
Q007242,2025-04-09,OTA,,2024-25,False
Q007291,2025-04-09,Website,,2024-25,False
Q007381,2025-04-09,Referral,,2024-25,False
Q008473,2025-04-09,Walk-in,,2024-25,False
Q003565,2025-04-10,Instagram,B004571,2024-25,True
Q003623,2025-04-10,Website,B004639,2024-25,True
Q003686,2025-04-10,OTA,B004718,2024-25,True
Q007080,2025-04-10,Referral,,2024-25,False
Q007089,2025-04-10,OTA,,2024-25,False
Q007222,2025-04-10,Instagram,,2024-25,False
Q007296,2025-04-10,Walk-in,,2024-25,False
Q007978,2025-04-10,Website,,2024-25,False
Q008163,2025-04-10,OTA,,2024-25,False
Q003401,2025-04-11,OTA,B004362,2024-25,True
Q003478,2025-04-11,OTA,B004456,2024-25,True
Q003528,2025-04-11,Referral,B004527,2024-25,True
Q003550,2025-04-11,OTA,B004553,2024-25,True
Q003574,2025-04-11,Walk-in,B004581,2024-25,True
Q003616,2025-04-11,OTA,B004631,2024-25,True
Q003654,2025-04-11,Website,B004677,2024-25,True
Q003715,2025-04-11,Walk-in,B004764,2024-25,True
Q006716,2025-04-11,Hotel Partner,,2024-25,False
Q006984,2025-04-11,Website,,2024-25,False
Q007523,2025-04-11,Walk-in,,2024-25,False
Q007611,2025-04-11,OTA,,2024-25,False
Q007841,2025-04-11,Walk-in,,2024-25,False
Q007857,2025-04-11,Referral,,2024-25,False
Q008334,2025-04-11,Hotel Partner,,2024-25,False
Q008392,2025-04-11,Hotel Partner,,2024-25,False
Q008420,2025-04-11,Walk-in,,2024-25,False
Q008435,2025-04-11,Walk-in,,2024-25,False
Q003473,2025-04-12,Referral,B004450,2024-25,True
Q003525,2025-04-12,Referral,B004523,2024-25,True
Q003723,2025-04-12,Walk-in,B004772,2024-25,True
Q006729,2025-04-12,Walk-in,,2024-25,False
Q006962,2025-04-12,Referral,,2024-25,False
Q006983,2025-04-12,OTA,,2024-25,False
Q007090,2025-04-12,Instagram,,2024-25,False
Q007322,2025-04-12,OTA,,2024-25,False
Q007494,2025-04-12,Walk-in,,2024-25,False
Q007512,2025-04-12,OTA,,2024-25,False
Q003502,2025-04-13,Walk-in,B004487,2024-25,True
Q003512,2025-04-13,Hotel Partner,B004502,2024-25,True
Q003642,2025-04-13,Referral,B004663,2024-25,True
Q003707,2025-04-13,OTA,B004749,2024-25,True
Q003716,2025-04-13,OTA,B004765,2024-25,True
Q003718,2025-04-13,Website,B004767,2024-25,True
Q006689,2025-04-13,Instagram,,2024-25,False
Q006766,2025-04-13,Instagram,,2024-25,False
Q007039,2025-04-13,OTA,,2024-25,False
Q007435,2025-04-13,Referral,,2024-25,False
Q007773,2025-04-13,Hotel Partner,,2024-25,False
Q008059,2025-04-13,Walk-in,,2024-25,False
Q008426,2025-04-13,Hotel Partner,,2024-25,False
Q003547,2025-04-14,OTA,B004550,2024-25,True
Q003564,2025-04-14,OTA,B004570,2024-25,True
Q003577,2025-04-14,Referral,B004584,2024-25,True
Q003617,2025-04-14,OTA,B004632,2024-25,True
Q003647,2025-04-14,Walk-in,B004669,2024-25,True
Q003660,2025-04-14,Website,B004685,2024-25,True
Q003663,2025-04-14,Referral,B004689,2024-25,True
Q003698,2025-04-14,Website,B004735,2024-25,True
Q006701,2025-04-14,Website,,2024-25,False
Q006779,2025-04-14,Referral,,2024-25,False
Q007120,2025-04-14,Instagram,,2024-25,False
Q007367,2025-04-14,OTA,,2024-25,False
Q007472,2025-04-14,OTA,,2024-25,False
Q007532,2025-04-14,Walk-in,,2024-25,False
Q007691,2025-04-14,Referral,,2024-25,False
Q007949,2025-04-14,Walk-in,,2024-25,False
Q003689,2025-04-15,Hotel Partner,B004724,2024-25,True
Q003705,2025-04-15,Instagram,B004745,2024-25,True
Q006900,2025-04-15,Walk-in,,2024-25,False
Q007068,2025-04-15,Referral,,2024-25,False
Q007122,2025-04-15,Referral,,2024-25,False
Q007243,2025-04-15,Instagram,,2024-25,False
Q008003,2025-04-15,Website,,2024-25,False
Q008252,2025-04-15,Website,,2024-25,False
Q008383,2025-04-15,Walk-in,,2024-25,False
Q008411,2025-04-15,OTA,,2024-25,False
Q003487,2025-04-16,Walk-in,B004470,2024-25,True
Q003527,2025-04-16,Website,B004526,2024-25,True
Q003581,2025-04-16,Website,B004589,2024-25,True
Q003594,2025-04-16,Instagram,B004604,2024-25,True
Q003607,2025-04-16,OTA,B004619,2024-25,True
Q003614,2025-04-16,Walk-in,B004629,2024-25,True
Q003632,2025-04-16,Instagram,B004648,2024-25,True
Q003648,2025-04-16,OTA,B004670,2024-25,True
Q003674,2025-04-16,OTA,B004704,2024-25,True
Q003736,2025-04-16,Referral,B004787,2024-25,True
Q007064,2025-04-16,Referral,,2024-25,False
Q007302,2025-04-16,Referral,,2024-25,False
Q007325,2025-04-16,Instagram,,2024-25,False
Q007444,2025-04-16,OTA,,2024-25,False
Q007793,2025-04-16,Hotel Partner,,2024-25,False
Q007839,2025-04-16,OTA,,2024-25,False
Q008276,2025-04-16,OTA,,2024-25,False
Q008364,2025-04-16,Website,,2024-25,False
Q003612,2025-04-17,Referral,B004627,2024-25,True
Q003658,2025-04-17,OTA,B004683,2024-25,True
Q003667,2025-04-17,Referral,B004693,2024-25,True
Q003685,2025-04-17,Walk-in,B004717,2024-25,True
Q003738,2025-04-17,Instagram,B004789,2024-25,True
Q006624,2025-04-17,Instagram,,2024-25,False
Q006785,2025-04-17,Instagram,,2024-25,False
Q006899,2025-04-17,Walk-in,,2024-25,False
Q007114,2025-04-17,Walk-in,,2024-25,False
Q007155,2025-04-17,Walk-in,,2024-25,False
Q007185,2025-04-17,Hotel Partner,,2024-25,False
Q007364,2025-04-17,Website,,2024-25,False
Q007480,2025-04-17,Website,,2024-25,False
Q007580,2025-04-17,OTA,,2024-25,False
Q007739,2025-04-17,Hotel Partner,,2024-25,False
Q007774,2025-04-17,OTA,,2024-25,False
Q007922,2025-04-17,Instagram,,2024-25,False
Q008332,2025-04-17,Walk-in,,2024-25,False
Q003570,2025-04-18,Website,B004576,2024-25,True
Q003579,2025-04-18,OTA,B004587,2024-25,True
Q003640,2025-04-18,Instagram,B004659,2024-25,True
Q003641,2025-04-18,Hotel Partner,B004662,2024-25,True
Q003712,2025-04-18,Referral,B004758,2024-25,True
Q006604,2025-04-18,Walk-in,,2024-25,False
Q006795,2025-04-18,Walk-in,,2024-25,False
Q007173,2025-04-18,Walk-in,,2024-25,False
Q007191,2025-04-18,OTA,,2024-25,False
Q007209,2025-04-18,Website,,2024-25,False
Q007349,2025-04-18,Website,,2024-25,False
Q007398,2025-04-18,OTA,,2024-25,False
Q007400,2025-04-18,Walk-in,,2024-25,False
Q007429,2025-04-18,OTA,,2024-25,False
Q007430,2025-04-18,Walk-in,,2024-25,False
Q007925,2025-04-18,Referral,,2024-25,False
Q008045,2025-04-18,Hotel Partner,,2024-25,False
Q008090,2025-04-18,Hotel Partner,,2024-25,False
Q003533,2025-04-19,OTA,B004533,2024-25,True
Q006982,2025-04-19,Website,,2024-25,False
Q007141,2025-04-19,Website,,2024-25,False
Q007393,2025-04-19,Instagram,,2024-25,False
Q007413,2025-04-19,Walk-in,,2024-25,False
Q008387,2025-04-19,Instagram,,2024-25,False
Q003490,2025-04-20,Website,B004473,2024-25,True
Q003549,2025-04-20,Hotel Partner,B004552,2024-25,True
Q003551,2025-04-20,Website,B004554,2024-25,True
Q003571,2025-04-20,Referral,B004577,2024-25,True
Q003600,2025-04-20,Website,B004611,2024-25,True
Q003692,2025-04-20,OTA,B004727,2024-25,True
Q003734,2025-04-20,Hotel Partner,B004785,2024-25,True
Q006745,2025-04-20,Website,,2024-25,False
Q006771,2025-04-20,OTA,,2024-25,False
Q006819,2025-04-20,Instagram,,2024-25,False
Q007527,2025-04-20,Referral,,2024-25,False
Q007903,2025-04-20,Referral,,2024-25,False
Q007977,2025-04-20,Website,,2024-25,False
Q008053,2025-04-20,Referral,,2024-25,False
Q008396,2025-04-20,Website,,2024-25,False
Q008407,2025-04-20,Walk-in,,2024-25,False
Q003636,2025-04-21,Website,B004654,2024-25,True
Q003639,2025-04-21,Website,B004658,2024-25,True
Q003690,2025-04-21,Walk-in,B004725,2024-25,True
Q003695,2025-04-21,Website,B004731,2024-25,True
Q006499,2025-04-21,Instagram,,2024-25,False
Q006668,2025-04-21,Website,,2024-25,False
Q006894,2025-04-21,Website,,2024-25,False
Q007154,2025-04-21,Hotel Partner,,2024-25,False
Q007157,2025-04-21,Instagram,,2024-25,False
Q007456,2025-04-21,Walk-in,,2024-25,False
Q008358,2025-04-21,Referral,,2024-25,False
Q003507,2025-04-22,Hotel Partner,B004496,2024-25,True
Q003591,2025-04-22,OTA,B004601,2024-25,True
Q003624,2025-04-22,OTA,B004640,2024-25,True
Q003633,2025-04-22,OTA,B004649,2024-25,True
Q003673,2025-04-22,Referral,B004703,2024-25,True
Q003725,2025-04-22,Referral,B004775,2024-25,True
Q006516,2025-04-22,Walk-in,,2024-25,False
Q007145,2025-04-22,Hotel Partner,,2024-25,False
Q007189,2025-04-22,Website,,2024-25,False
Q007634,2025-04-22,Walk-in,,2024-25,False
Q008349,2025-04-22,OTA,,2024-25,False
Q008380,2025-04-22,Website,,2024-25,False
Q008445,2025-04-22,Website,,2024-25,False
Q003586,2025-04-23,Website,B004596,2024-25,True
Q003630,2025-04-23,Walk-in,B004646,2024-25,True
Q003684,2025-04-23,Instagram,B004716,2024-25,True
Q003693,2025-04-23,Hotel Partner,B004728,2024-25,True
Q006527,2025-04-23,Walk-in,,2024-25,False
Q006587,2025-04-23,OTA,,2024-25,False
Q006590,2025-04-23,OTA,,2024-25,False
Q006708,2025-04-23,OTA,,2024-25,False
Q006817,2025-04-23,Instagram,,2024-25,False
Q007552,2025-04-23,OTA,,2024-25,False
Q008028,2025-04-23,Hotel Partner,,2024-25,False
Q008373,2025-04-23,Instagram,,2024-25,False
Q008448,2025-04-23,Hotel Partner,,2024-25,False
Q003606,2025-04-24,Website,B004617,2024-25,True
Q003637,2025-04-24,Walk-in,B004655,2024-25,True
Q003662,2025-04-24,Walk-in,B004688,2024-25,True
Q003682,2025-04-24,Website,B004714,2024-25,True
Q003743,2025-04-24,Website,B004797,2024-25,True
Q006699,2025-04-24,Walk-in,,2024-25,False
Q006879,2025-04-24,OTA,,2024-25,False
Q007737,2025-04-24,Instagram,,2024-25,False
Q008169,2025-04-24,Walk-in,,2024-25,False
Q008365,2025-04-24,OTA,,2024-25,False
Q003651,2025-04-25,Walk-in,B004673,2024-25,True
Q003677,2025-04-25,Instagram,B004707,2024-25,True
Q003740,2025-04-25,Walk-in,B004794,2024-25,True
Q003747,2025-04-25,OTA,B004803,2024-25,True
Q006833,2025-04-25,Instagram,,2024-25,False
Q006964,2025-04-25,OTA,,2024-25,False
Q006973,2025-04-25,Walk-in,,2024-25,False
Q006995,2025-04-25,Instagram,,2024-25,False
Q007042,2025-04-25,Website,,2024-25,False
Q007088,2025-04-25,OTA,,2024-25,False
Q007200,2025-04-25,OTA,,2024-25,False
Q007304,2025-04-25,Instagram,,2024-25,False
Q007501,2025-04-25,Website,,2024-25,False
Q007727,2025-04-25,Referral,,2024-25,False
Q007743,2025-04-25,OTA,,2024-25,False
Q007851,2025-04-25,Instagram,,2024-25,False
Q007917,2025-04-25,Hotel Partner,,2024-25,False
Q007967,2025-04-25,Website,,2024-25,False
Q008461,2025-04-25,Walk-in,,2024-25,False
Q003557,2025-04-26,OTA,B004562,2024-25,True
Q003582,2025-04-26,OTA,B004590,2024-25,True
Q003626,2025-04-26,OTA,B004642,2024-25,True
Q006621,2025-04-26,Hotel Partner,,2024-25,False
Q006896,2025-04-26,Walk-in,,2024-25,False
Q008097,2025-04-26,Referral,,2024-25,False
Q008249,2025-04-26,Hotel Partner,,2024-25,False
Q008338,2025-04-26,OTA,,2024-25,False
Q003680,2025-04-27,Hotel Partner,B004712,2024-25,True
Q003681,2025-04-27,Referral,B004713,2024-25,True
Q003714,2025-04-27,Website,B004763,2024-25,True
Q003720,2025-04-27,OTA,B004769,2024-25,True
Q003727,2025-04-27,OTA,B004777,2024-25,True
Q007214,2025-04-27,OTA,,2024-25,False
Q007519,2025-04-27,Instagram,,2024-25,False
Q007705,2025-04-27,OTA,,2024-25,False
Q007877,2025-04-27,OTA,,2024-25,False
Q007885,2025-04-27,Walk-in,,2024-25,False
Q007995,2025-04-27,Walk-in,,2024-25,False
Q008026,2025-04-27,Walk-in,,2024-25,False
Q003656,2025-04-28,Website,B004681,2024-25,True
Q003664,2025-04-28,Website,B004690,2024-25,True
Q003713,2025-04-28,Walk-in,B004760,2024-25,True
Q003746,2025-04-28,OTA,B004801,2024-25,True
Q006503,2025-04-28,Instagram,,2024-25,False
Q006631,2025-04-28,Walk-in,,2024-25,False
Q006960,2025-04-28,OTA,,2024-25,False
Q006994,2025-04-28,Website,,2024-25,False
Q007038,2025-04-28,Walk-in,,2024-25,False
Q007060,2025-04-28,OTA,,2024-25,False
Q007419,2025-04-28,Referral,,2024-25,False
Q007526,2025-04-28,Website,,2024-25,False
Q007696,2025-04-28,Walk-in,,2024-25,False
Q007765,2025-04-28,Website,,2024-25,False
Q007818,2025-04-28,OTA,,2024-25,False
Q007907,2025-04-28,OTA,,2024-25,False
Q003598,2025-04-29,Walk-in,B004609,2024-25,True
Q003635,2025-04-29,Walk-in,B004651,2024-25,True
Q003652,2025-04-29,Walk-in,B004674,2024-25,True
Q007108,2025-04-29,Referral,,2024-25,False
Q007363,2025-04-29,Website,,2024-25,False
Q007486,2025-04-29,OTA,,2024-25,False
Q007562,2025-04-29,Website,,2024-25,False
Q007610,2025-04-29,Walk-in,,2024-25,False
Q007898,2025-04-29,Instagram,,2024-25,False
Q008187,2025-04-29,Website,,2024-25,False
Q008425,2025-04-29,Referral,,2024-25,False
Q008491,2025-04-29,Hotel Partner,,2024-25,False
Q003629,2025-04-30,Walk-in,B004645,2024-25,True
Q003702,2025-04-30,Website,B004739,2024-25,True
Q003709,2025-04-30,Referral,B004752,2024-25,True
Q003744,2025-04-30,Referral,B004799,2024-25,True
Q007112,2025-04-30,OTA,,2024-25,False
Q007445,2025-04-30,Walk-in,,2024-25,False
Q007888,2025-04-30,Instagram,,2024-25,False
Q007904,2025-04-30,Walk-in,,2024-25,False
Q007919,2025-04-30,Hotel Partner,,2024-25,False
Q008076,2025-04-30,Hotel Partner,,2024-25,False
Q008211,2025-04-30,OTA,,2024-25,False
Q008474,2025-04-30,Walk-in,,2024-25,False
Q003609,2025-05-01,Instagram,B004621,2024-25,True
Q006564,2025-05-01,OTA,,2024-25,False
Q006656,2025-05-01,Walk-in,,2024-25,False
Q006680,2025-05-01,OTA,,2024-25,False
Q007002,2025-05-01,Walk-in,,2024-25,False
Q007233,2025-05-01,Website,,2024-25,False
Q007816,2025-05-01,Website,,2024-25,False
Q007946,2025-05-01,Referral,,2024-25,False
Q008117,2025-05-01,Walk-in,,2024-25,False
Q008119,2025-05-01,Walk-in,,2024-25,False
Q008209,2025-05-01,Website,,2024-25,False
Q008310,2025-05-01,OTA,,2024-25,False
Q003649,2025-05-02,Website,B004671,2024-25,True
Q006769,2025-05-02,OTA,,2024-25,False
Q006966,2025-05-02,OTA,,2024-25,False
Q007076,2025-05-02,Walk-in,,2024-25,False
Q007585,2025-05-02,Instagram,,2024-25,False
Q007873,2025-05-02,Instagram,,2024-25,False
Q008022,2025-05-02,Walk-in,,2024-25,False
Q008160,2025-05-02,Instagram,,2024-25,False
Q008289,2025-05-02,Walk-in,,2024-25,False
Q008439,2025-05-02,OTA,,2024-25,False
Q003699,2025-05-03,Referral,B004736,2024-25,True
Q006913,2025-05-03,Walk-in,,2024-25,False
Q006996,2025-05-03,Walk-in,,2024-25,False
Q007016,2025-05-03,OTA,,2024-25,False
Q007286,2025-05-03,Walk-in,,2024-25,False
Q007414,2025-05-03,OTA,,2024-25,False
Q007860,2025-05-03,Instagram,,2024-25,False
Q008279,2025-05-03,Walk-in,,2024-25,False
Q003669,2025-05-04,OTA,B004695,2024-25,True
Q003676,2025-05-04,OTA,B004706,2024-25,True
Q003722,2025-05-04,OTA,B004771,2024-25,True
Q006790,2025-05-04,Walk-in,,2024-25,False
Q007450,2025-05-04,Walk-in,,2024-25,False
Q007502,2025-05-04,OTA,,2024-25,False
Q007730,2025-05-04,Website,,2024-25,False
Q008202,2025-05-04,OTA,,2024-25,False
Q008489,2025-05-04,Referral,,2024-25,False
Q003704,2025-05-05,Walk-in,B004744,2024-25,True
Q003711,2025-05-05,OTA,B004757,2024-25,True
Q006555,2025-05-05,OTA,,2024-25,False
Q007545,2025-05-05,OTA,,2024-25,False
Q007581,2025-05-05,OTA,,2024-25,False
Q007778,2025-05-05,Walk-in,,2024-25,False
Q007785,2025-05-05,OTA,,2024-25,False
Q008324,2025-05-05,Hotel Partner,,2024-25,False
Q003615,2025-05-06,Instagram,B004630,2024-25,True
Q003666,2025-05-06,Website,B004692,2024-25,True
Q003701,2025-05-06,Instagram,B004738,2024-25,True
Q006666,2025-05-06,Website,,2024-25,False
Q006695,2025-05-06,Instagram,,2024-25,False
Q006791,2025-05-06,Referral,,2024-25,False
Q006919,2025-05-06,Referral,,2024-25,False
Q006933,2025-05-06,Hotel Partner,,2024-25,False
Q007018,2025-05-06,Referral,,2024-25,False
Q007105,2025-05-06,Instagram,,2024-25,False
Q007123,2025-05-06,Instagram,,2024-25,False
Q007518,2025-05-06,Instagram,,2024-25,False
Q007896,2025-05-06,Walk-in,,2024-25,False
Q008023,2025-05-06,Referral,,2024-25,False
Q003675,2025-05-07,Website,B004705,2024-25,True
Q003700,2025-05-07,OTA,B004737,2024-25,True
Q003717,2025-05-07,OTA,B004766,2024-25,True
Q006715,2025-05-07,Walk-in,,2024-25,False
Q006904,2025-05-07,Walk-in,,2024-25,False
Q007206,2025-05-07,Website,,2024-25,False
Q007277,2025-05-07,Instagram,,2024-25,False
Q007493,2025-05-07,OTA,,2024-25,False
Q008055,2025-05-07,Referral,,2024-25,False
Q008149,2025-05-07,OTA,,2024-25,False
Q008174,2025-05-07,Instagram,,2024-25,False
Q008467,2025-05-07,Walk-in,,2024-25,False
Q003659,2025-05-08,Walk-in,B004684,2024-25,True
Q006808,2025-05-08,Hotel Partner,,2024-25,False
Q007084,2025-05-08,OTA,,2024-25,False
Q007161,2025-05-08,Instagram,,2024-25,False
Q007306,2025-05-08,Referral,,2024-25,False
Q007805,2025-05-08,Referral,,2024-25,False
Q007994,2025-05-08,OTA,,2024-25,False
Q008375,2025-05-08,Instagram,,2024-25,False
Q003643,2025-05-09,OTA,B004665,2024-25,True
Q003679,2025-05-09,Website,B004711,2024-25,True
Q006496,2025-05-09,Walk-in,,2024-25,False
Q006546,2025-05-09,Website,,2024-25,False
Q006738,2025-05-09,Walk-in,,2024-25,False
Q007015,2025-05-09,Website,,2024-25,False
Q007118,2025-05-09,OTA,,2024-25,False
Q007405,2025-05-09,Walk-in,,2024-25,False
Q007933,2025-05-09,Referral,,2024-25,False
Q008071,2025-05-09,OTA,,2024-25,False
Q008189,2025-05-09,Website,,2024-25,False
Q008319,2025-05-09,Instagram,,2024-25,False
Q008350,2025-05-09,Instagram,,2024-25,False
Q006545,2025-05-10,OTA,,2024-25,False
Q006931,2025-05-10,OTA,,2024-25,False
Q006985,2025-05-10,Walk-in,,2024-25,False
Q007109,2025-05-10,Walk-in,,2024-25,False
Q007288,2025-05-10,OTA,,2024-25,False
Q007321,2025-05-10,Website,,2024-25,False
Q007416,2025-05-10,OTA,,2024-25,False
Q007471,2025-05-10,Website,,2024-25,False
Q007567,2025-05-10,Website,,2024-25,False
Q007735,2025-05-10,OTA,,2024-25,False
Q008018,2025-05-10,Walk-in,,2024-25,False
Q008137,2025-05-10,Walk-in,,2024-25,False
Q008172,2025-05-10,Website,,2024-25,False
Q008331,2025-05-10,OTA,,2024-25,False
Q003710,2025-05-11,OTA,B004756,2024-25,True
Q006525,2025-05-11,OTA,,2024-25,False
Q007028,2025-05-11,Hotel Partner,,2024-25,False
Q007075,2025-05-11,Hotel Partner,,2024-25,False
Q007198,2025-05-11,Referral,,2024-25,False
Q007345,2025-05-11,Walk-in,,2024-25,False
Q007399,2025-05-11,Instagram,,2024-25,False
Q007588,2025-05-11,Walk-in,,2024-25,False
Q007849,2025-05-11,Hotel Partner,,2024-25,False
Q007869,2025-05-11,Walk-in,,2024-25,False
Q007968,2025-05-11,Website,,2024-25,False
Q008061,2025-05-11,Website,,2024-25,False
Q003672,2025-05-12,Walk-in,B004702,2024-25,True
Q006569,2025-05-12,Referral,,2024-25,False
Q006760,2025-05-12,Instagram,,2024-25,False
Q006774,2025-05-12,Hotel Partner,,2024-25,False
Q006821,2025-05-12,Referral,,2024-25,False
Q006945,2025-05-12,Referral,,2024-25,False
Q007179,2025-05-12,Hotel Partner,,2024-25,False
Q007234,2025-05-12,Website,,2024-25,False
Q007239,2025-05-12,Website,,2024-25,False
Q007264,2025-05-12,Website,,2024-25,False
Q007278,2025-05-12,Walk-in,,2024-25,False
Q007360,2025-05-12,OTA,,2024-25,False
Q007436,2025-05-12,Walk-in,,2024-25,False
Q007709,2025-05-12,OTA,,2024-25,False
Q007969,2025-05-12,OTA,,2024-25,False
Q008002,2025-05-12,Instagram,,2024-25,False
Q008012,2025-05-12,Instagram,,2024-25,False
Q008082,2025-05-12,OTA,,2024-25,False
Q008204,2025-05-12,Instagram,,2024-25,False
Q008285,2025-05-12,OTA,,2024-25,False
Q003670,2025-05-13,Hotel Partner,B004697,2024-25,True
Q003708,2025-05-13,Referral,B004750,2024-25,True
Q006875,2025-05-13,OTA,,2024-25,False
Q007598,2025-05-13,OTA,,2024-25,False
Q008360,2025-05-13,Walk-in,,2024-25,False
Q006850,2025-05-14,Walk-in,,2024-25,False
Q007422,2025-05-14,Website,,2024-25,False
Q008050,2025-05-14,Hotel Partner,,2024-25,False
Q008301,2025-05-14,OTA,,2024-25,False
Q003741,2025-05-15,Walk-in,B004795,2024-25,True
Q006887,2025-05-15,Walk-in,,2024-25,False
Q006948,2025-05-15,Hotel Partner,,2024-25,False
Q007169,2025-05-15,Referral,,2024-25,False
Q007392,2025-05-15,Walk-in,,2024-25,False
Q007815,2025-05-15,Website,,2024-25,False
Q008466,2025-05-15,OTA,,2024-25,False
Q003661,2025-05-16,Referral,B004687,2024-25,True
Q003671,2025-05-16,Website,B004698,2024-25,True
Q003703,2025-05-16,Walk-in,B004740,2024-25,True
Q003730,2025-05-16,OTA,B004780,2024-25,True
Q006702,2025-05-16,Walk-in,,2024-25,False
Q006705,2025-05-16,Walk-in,,2024-25,False
Q006735,2025-05-16,Website,,2024-25,False
Q006748,2025-05-16,OTA,,2024-25,False
Q007119,2025-05-16,OTA,,2024-25,False
Q007318,2025-05-16,Referral,,2024-25,False
Q007505,2025-05-16,OTA,,2024-25,False
Q007515,2025-05-16,Instagram,,2024-25,False
Q007685,2025-05-16,Website,,2024-25,False
Q007902,2025-05-16,Walk-in,,2024-25,False
Q008162,2025-05-16,Website,,2024-25,False
Q008262,2025-05-16,Instagram,,2024-25,False
Q008415,2025-05-16,Referral,,2024-25,False
Q008495,2025-05-16,OTA,,2024-25,False
Q006690,2025-05-17,Instagram,,2024-25,False
Q006969,2025-05-17,Walk-in,,2024-25,False
Q007022,2025-05-17,Website,,2024-25,False
Q007125,2025-05-17,Walk-in,,2024-25,False
Q007426,2025-05-17,Hotel Partner,,2024-25,False
Q007711,2025-05-17,Walk-in,,2024-25,False
Q007783,2025-05-17,OTA,,2024-25,False
Q008243,2025-05-17,OTA,,2024-25,False
Q008359,2025-05-17,Website,,2024-25,False
Q008400,2025-05-17,OTA,,2024-25,False
Q006767,2025-05-18,OTA,,2024-25,False
Q006778,2025-05-18,Website,,2024-25,False
Q006963,2025-05-18,OTA,,2024-25,False
Q007359,2025-05-18,Website,,2024-25,False
Q007574,2025-05-18,Referral,,2024-25,False
Q007690,2025-05-18,OTA,,2024-25,False
Q007866,2025-05-18,Hotel Partner,,2024-25,False
Q008378,2025-05-18,OTA,,2024-25,False
Q008479,2025-05-18,Walk-in,,2024-25,False
Q003706,2025-05-19,Walk-in,B004748,2024-25,True
Q003719,2025-05-19,Hotel Partner,B004768,2024-25,True
Q003724,2025-05-19,OTA,B004773,2024-25,True
Q003737,2025-05-19,Walk-in,B004788,2024-25,True
Q007260,2025-05-19,Website,,2024-25,False
Q007538,2025-05-19,Walk-in,,2024-25,False
Q007825,2025-05-19,Hotel Partner,,2024-25,False
Q008036,2025-05-19,Walk-in,,2024-25,False
Q008224,2025-05-19,Referral,,2024-25,False
Q003726,2025-05-20,Website,B004776,2024-25,True
Q003728,2025-05-20,Hotel Partner,B004778,2024-25,True
Q006727,2025-05-20,Hotel Partner,,2024-25,False
Q006907,2025-05-20,Walk-in,,2024-25,False
Q007353,2025-05-20,Walk-in,,2024-25,False
Q007510,2025-05-20,Website,,2024-25,False
Q007720,2025-05-20,OTA,,2024-25,False
Q007845,2025-05-20,Walk-in,,2024-25,False
Q007931,2025-05-20,OTA,,2024-25,False
Q008226,2025-05-20,Website,,2024-25,False
Q008339,2025-05-20,OTA,,2024-25,False
Q003683,2025-05-21,Website,B004715,2024-25,True
Q003739,2025-05-21,Walk-in,B004792,2024-25,True
Q006655,2025-05-21,Website,,2024-25,False
Q006804,2025-05-21,Website,,2024-25,False
Q006882,2025-05-21,OTA,,2024-25,False
Q006988,2025-05-21,Website,,2024-25,False
Q007104,2025-05-21,Walk-in,,2024-25,False
Q008103,2025-05-21,Website,,2024-25,False
Q008256,2025-05-21,Referral,,2024-25,False
Q008484,2025-05-21,Website,,2024-25,False
Q006610,2025-05-22,Referral,,2024-25,False
Q006756,2025-05-22,Walk-in,,2024-25,False
Q006761,2025-05-22,Walk-in,,2024-25,False
Q006863,2025-05-22,Website,,2024-25,False
Q007077,2025-05-22,OTA,,2024-25,False
Q007305,2025-05-22,Instagram,,2024-25,False
Q007912,2025-05-22,Website,,2024-25,False
Q008201,2025-05-22,Referral,,2024-25,False
Q008291,2025-05-22,Website,,2024-25,False
Q003731,2025-05-23,OTA,B004781,2024-25,True
Q006497,2025-05-23,Referral,,2024-25,False
Q006712,2025-05-23,Hotel Partner,,2024-25,False
Q007050,2025-05-23,Website,,2024-25,False
Q007058,2025-05-23,Referral,,2024-25,False
Q007780,2025-05-23,Referral,,2024-25,False
Q007867,2025-05-23,Referral,,2024-25,False
Q008213,2025-05-23,Referral,,2024-25,False
Q008381,2025-05-23,Instagram,,2024-25,False
Q003733,2025-05-24,Walk-in,B004784,2024-25,True
Q006823,2025-05-24,Website,,2024-25,False
Q006959,2025-05-24,Instagram,,2024-25,False
Q007874,2025-05-24,Walk-in,,2024-25,False
Q008077,2025-05-24,OTA,,2024-25,False
Q008210,2025-05-24,Referral,,2024-25,False
Q008388,2025-05-24,OTA,,2024-25,False
Q006531,2025-05-25,Hotel Partner,,2024-25,False
Q006897,2025-05-25,Website,,2024-25,False
Q006939,2025-05-25,OTA,,2024-25,False
Q007106,2025-05-25,Hotel Partner,,2024-25,False
Q007287,2025-05-25,OTA,,2024-25,False
Q007619,2025-05-25,Hotel Partner,,2024-25,False
Q007736,2025-05-25,Hotel Partner,,2024-25,False
Q007959,2025-05-25,Instagram,,2024-25,False
Q008228,2025-05-25,Walk-in,,2024-25,False
Q008266,2025-05-25,Walk-in,,2024-25,False
Q008402,2025-05-25,Instagram,,2024-25,False
Q008459,2025-05-25,Walk-in,,2024-25,False
Q003721,2025-05-26,Instagram,B004770,2024-25,True
Q006556,2025-05-26,Website,,2024-25,False
Q006640,2025-05-26,Website,,2024-25,False
Q006880,2025-05-26,Walk-in,,2024-25,False
Q007195,2025-05-26,Walk-in,,2024-25,False
Q007528,2025-05-26,Website,,2024-25,False
Q008057,2025-05-26,Instagram,,2024-25,False
Q008139,2025-05-26,Referral,,2024-25,False
Q008437,2025-05-26,Website,,2024-25,False
Q003735,2025-05-27,OTA,B004786,2024-25,True
Q006773,2025-05-27,Website,,2024-25,False
Q007328,2025-05-27,Instagram,,2024-25,False
Q007865,2025-05-27,Referral,,2024-25,False
Q008064,2025-05-27,OTA,,2024-25,False
Q008457,2025-05-27,OTA,,2024-25,False
Q006539,2025-05-28,OTA,,2024-25,False
Q006574,2025-05-28,Instagram,,2024-25,False
Q006579,2025-05-28,OTA,,2024-25,False
Q006910,2025-05-28,Referral,,2024-25,False
Q006956,2025-05-28,Website,,2024-25,False
Q007396,2025-05-28,OTA,,2024-25,False
Q007442,2025-05-28,Hotel Partner,,2024-25,False
Q007657,2025-05-28,Walk-in,,2024-25,False
Q007777,2025-05-28,Referral,,2024-25,False
Q007806,2025-05-28,OTA,,2024-25,False
Q007879,2025-05-28,Walk-in,,2024-25,False
Q008394,2025-05-28,OTA,,2024-25,False
Q006534,2025-05-29,Website,,2024-25,False
Q006586,2025-05-29,Referral,,2024-25,False
Q006786,2025-05-29,Website,,2024-25,False
Q007065,2025-05-29,Referral,,2024-25,False
Q007131,2025-05-29,Walk-in,,2024-25,False
Q007184,2025-05-29,Referral,,2024-25,False
Q007828,2025-05-29,Hotel Partner,,2024-25,False
Q007895,2025-05-29,Referral,,2024-25,False
Q008239,2025-05-29,Walk-in,,2024-25,False
Q008327,2025-05-29,Walk-in,,2024-25,False
Q008490,2025-05-29,Hotel Partner,,2024-25,False
Q006653,2025-05-30,Walk-in,,2024-25,False
Q006675,2025-05-30,Walk-in,,2024-25,False
Q007117,2025-05-30,Website,,2024-25,False
Q007276,2025-05-30,Hotel Partner,,2024-25,False
Q007728,2025-05-30,Referral,,2024-25,False
Q007966,2025-05-30,OTA,,2024-25,False
Q008254,2025-05-30,Instagram,,2024-25,False
Q007404,2025-05-31,Walk-in,,2024-25,False
Q007441,2025-05-31,Referral,,2024-25,False
Q007577,2025-05-31,Referral,,2024-25,False
Q007648,2025-05-31,Website,,2024-25,False
Q008005,2025-05-31,OTA,,2024-25,False
Q008100,2025-05-31,Hotel Partner,,2024-25,False
Q008270,2025-05-31,Instagram,,2024-25,False
Q008296,2025-05-31,Hotel Partner,,2024-25,False
Q003732,2025-06-02,OTA,B004782,2025-26,True
Q003742,2025-06-04,OTA,B004796,2025-26,True
Q003745,2025-06-04,OTA,B004800,2025-26,True
Q003753,2025-07-31,Walk-in,B004810,2025-26,True
Q003762,2025-08-01,OTA,B004822,2025-26,True
Q003764,2025-08-05,Walk-in,B004824,2025-26,True
Q003749,2025-08-06,OTA,B004806,2025-26,True
Q003782,2025-08-08,OTA,B004847,2025-26,True
Q003772,2025-08-09,Walk-in,B004833,2025-26,True
Q003752,2025-08-13,Instagram,B004809,2025-26,True
Q003852,2025-08-13,Referral,B004940,2025-26,True
Q003809,2025-08-14,Website,B004880,2025-26,True
Q003864,2025-08-14,Website,B004956,2025-26,True
Q003769,2025-08-15,Website,B004830,2025-26,True
Q003808,2025-08-15,OTA,B004878,2025-26,True
Q003819,2025-08-16,Website,B004893,2025-26,True
Q003767,2025-08-17,OTA,B004828,2025-26,True
Q003801,2025-08-17,Referral,B004871,2025-26,True
Q003756,2025-08-18,OTA,B004814,2025-26,True
Q003792,2025-08-18,Instagram,B004860,2025-26,True
Q003804,2025-08-18,OTA,B004874,2025-26,True
Q003757,2025-08-19,Referral,B004815,2025-26,True
Q003800,2025-08-19,OTA,B004870,2025-26,True
Q003841,2025-08-19,Walk-in,B004922,2025-26,True
Q003858,2025-08-20,OTA,B004949,2025-26,True
Q003884,2025-08-22,Website,B004980,2025-26,True
Q003748,2025-08-23,Referral,B004804,2025-26,True
Q003911,2025-08-23,Instagram,B005013,2025-26,True
Q003760,2025-08-24,Website,B004818,2025-26,True
Q003773,2025-08-24,Walk-in,B004834,2025-26,True
Q003790,2025-08-24,Hotel Partner,B004858,2025-26,True
Q003803,2025-08-24,Walk-in,B004873,2025-26,True
Q003891,2025-08-24,OTA,B004988,2025-26,True
Q003927,2025-08-24,Website,B005032,2025-26,True
Q003774,2025-08-25,OTA,B004835,2025-26,True
Q003814,2025-08-25,Instagram,B004887,2025-26,True
Q003794,2025-08-26,Walk-in,B004864,2025-26,True
Q003802,2025-08-26,Referral,B004872,2025-26,True
Q003848,2025-08-26,Walk-in,B004932,2025-26,True
Q003815,2025-08-27,Hotel Partner,B004888,2025-26,True
Q003871,2025-08-27,OTA,B004963,2025-26,True
Q003827,2025-08-28,Website,B004902,2025-26,True
Q003967,2025-08-28,Referral,B005087,2025-26,True
Q003799,2025-08-29,Referral,B004869,2025-26,True
Q003825,2025-08-29,Hotel Partner,B004901,2025-26,True
Q003771,2025-08-30,Walk-in,B004832,2025-26,True
Q003807,2025-08-30,Website,B004877,2025-26,True
Q003828,2025-08-30,Walk-in,B004904,2025-26,True
Q003844,2025-08-30,OTA,B004928,2025-26,True
Q003853,2025-08-30,Walk-in,B004941,2025-26,True
Q003876,2025-08-30,Hotel Partner,B004970,2025-26,True
Q003943,2025-08-30,OTA,B005053,2025-26,True
Q003908,2025-08-31,Website,B005010,2025-26,True
Q003949,2025-08-31,Instagram,B005062,2025-26,True
Q003758,2025-09-01,Walk-in,B004816,2025-26,True
Q003770,2025-09-01,Instagram,B004831,2025-26,True
Q003787,2025-09-01,Instagram,B004853,2025-26,True
Q003798,2025-09-01,OTA,B004868,2025-26,True
Q003935,2025-09-01,Referral,B005043,2025-26,True
Q003765,2025-09-02,Referral,B004825,2025-26,True
Q003766,2025-09-02,Hotel Partner,B004827,2025-26,True
Q003829,2025-09-02,OTA,B004905,2025-26,True
Q003869,2025-09-02,OTA,B004961,2025-26,True
Q003870,2025-09-02,OTA,B004962,2025-26,True
Q003885,2025-09-02,Website,B004981,2025-26,True
Q003751,2025-09-03,Website,B004808,2025-26,True
Q003840,2025-09-03,Website,B004921,2025-26,True
Q003845,2025-09-03,Website,B004929,2025-26,True
Q003887,2025-09-03,Referral,B004984,2025-26,True
Q004000,2025-09-03,Instagram,B005130,2025-26,True
Q003938,2025-09-04,Referral,B005047,2025-26,True
Q003755,2025-09-05,Website,B004813,2025-26,True
Q003791,2025-09-05,Website,B004859,2025-26,True
Q003895,2025-09-05,OTA,B004992,2025-26,True
Q003750,2025-09-06,OTA,B004807,2025-26,True
Q003768,2025-09-06,OTA,B004829,2025-26,True
Q003812,2025-09-06,Walk-in,B004883,2025-26,True
Q003883,2025-09-06,Website,B004979,2025-26,True
Q003974,2025-09-06,Walk-in,B005095,2025-26,True
Q003793,2025-09-07,Instagram,B004861,2025-26,True
Q003831,2025-09-07,Website,B004908,2025-26,True
Q003879,2025-09-07,OTA,B004975,2025-26,True
Q003910,2025-09-07,Instagram,B005012,2025-26,True
Q003805,2025-09-08,Walk-in,B004875,2025-26,True
Q003854,2025-09-08,Walk-in,B004942,2025-26,True
Q004033,2025-09-08,OTA,B005171,2025-26,True
Q003754,2025-09-09,Referral,B004812,2025-26,True
Q003823,2025-09-09,Referral,B004899,2025-26,True
Q003865,2025-09-09,Instagram,B004957,2025-26,True
Q003874,2025-09-09,Hotel Partner,B004968,2025-26,True
Q003915,2025-09-09,Referral,B005017,2025-26,True
Q003932,2025-09-09,Website,B005038,2025-26,True
Q003960,2025-09-09,Website,B005077,2025-26,True
Q003781,2025-09-10,OTA,B004846,2025-26,True
Q003796,2025-09-10,Referral,B004866,2025-26,True
Q003843,2025-09-10,OTA,B004925,2025-26,True
Q003898,2025-09-10,Website,B004997,2025-26,True
Q003973,2025-09-10,Instagram,B005094,2025-26,True
Q003861,2025-09-11,Hotel Partner,B004953,2025-26,True
Q003971,2025-09-11,Website,B005091,2025-26,True
Q003784,2025-09-12,Referral,B004850,2025-26,True
Q003786,2025-09-12,OTA,B004852,2025-26,True
Q003832,2025-09-12,OTA,B004909,2025-26,True
Q003886,2025-09-12,Instagram,B004983,2025-26,True
Q003893,2025-09-12,Instagram,B004990,2025-26,True
Q003899,2025-09-12,OTA,B004999,2025-26,True
Q003925,2025-09-12,OTA,B005030,2025-26,True
Q003934,2025-09-12,Instagram,B005040,2025-26,True
Q003958,2025-09-12,OTA,B005075,2025-26,True
Q003777,2025-09-13,OTA,B004840,2025-26,True
Q003824,2025-09-13,OTA,B004900,2025-26,True
Q003830,2025-09-13,Referral,B004906,2025-26,True
Q003759,2025-09-14,Walk-in,B004817,2025-26,True
Q003813,2025-09-14,Referral,B004885,2025-26,True
Q003820,2025-09-14,Referral,B004895,2025-26,True
Q003947,2025-09-14,OTA,B005060,2025-26,True
Q003761,2025-09-15,Walk-in,B004821,2025-26,True
Q003779,2025-09-15,Website,B004842,2025-26,True
Q003849,2025-09-15,Walk-in,B004933,2025-26,True
Q003866,2025-09-15,Website,B004958,2025-26,True
Q003878,2025-09-15,Hotel Partner,B004974,2025-26,True
Q003785,2025-09-16,Website,B004851,2025-26,True
Q003795,2025-09-16,Website,B004865,2025-26,True
Q003839,2025-09-16,Website,B004919,2025-26,True
Q003847,2025-09-16,Referral,B004931,2025-26,True
Q003851,2025-09-16,Walk-in,B004938,2025-26,True
Q003888,2025-09-16,Walk-in,B004985,2025-26,True
Q003904,2025-09-16,Instagram,B005004,2025-26,True
Q003909,2025-09-16,Referral,B005011,2025-26,True
Q003920,2025-09-16,Instagram,B005023,2025-26,True
Q003926,2025-09-16,OTA,B005031,2025-26,True
Q003984,2025-09-16,Website,B005110,2025-26,True
Q003833,2025-09-17,OTA,B004910,2025-26,True
Q003837,2025-09-17,Walk-in,B004916,2025-26,True
Q003902,2025-09-17,Walk-in,B005002,2025-26,True
Q003907,2025-09-17,Website,B005008,2025-26,True
Q003923,2025-09-17,Walk-in,B005026,2025-26,True
Q004023,2025-09-17,OTA,B005159,2025-26,True
Q003763,2025-09-18,Referral,B004823,2025-26,True
Q003783,2025-09-18,Instagram,B004848,2025-26,True
Q003862,2025-09-18,Walk-in,B004954,2025-26,True
Q003882,2025-09-18,OTA,B004978,2025-26,True
Q003921,2025-09-18,OTA,B005024,2025-26,True
Q003977,2025-09-18,Instagram,B005098,2025-26,True
Q004029,2025-09-18,OTA,B005166,2025-26,True
Q003836,2025-09-19,Website,B004915,2025-26,True
Q003872,2025-09-19,OTA,B004964,2025-26,True
Q003889,2025-09-19,Referral,B004986,2025-26,True
Q003894,2025-09-19,Instagram,B004991,2025-26,True
Q003914,2025-09-19,OTA,B005016,2025-26,True
Q003931,2025-09-19,Hotel Partner,B005036,2025-26,True
Q003954,2025-09-19,Hotel Partner,B005070,2025-26,True
Q003963,2025-09-19,OTA,B005081,2025-26,True
Q003789,2025-09-20,Hotel Partner,B004857,2025-26,True
Q003877,2025-09-20,OTA,B004971,2025-26,True
Q003961,2025-09-20,Website,B005079,2025-26,True
Q003969,2025-09-20,OTA,B005089,2025-26,True
Q004004,2025-09-20,OTA,B005134,2025-26,True
Q004012,2025-09-20,Walk-in,B005146,2025-26,True
Q004046,2025-09-20,Walk-in,B005184,2025-26,True
Q004106,2025-09-20,Referral,B005267,2025-26,True
Q003939,2025-09-21,OTA,B005048,2025-26,True
Q003944,2025-09-21,Instagram,B005055,2025-26,True
Q003990,2025-09-21,OTA,B005119,2025-26,True
Q003991,2025-09-21,Walk-in,B005120,2025-26,True
Q003806,2025-09-22,Hotel Partner,B004876,2025-26,True
Q003834,2025-09-22,OTA,B004911,2025-26,True
Q003855,2025-09-22,OTA,B004943,2025-26,True
Q003966,2025-09-22,OTA,B005084,2025-26,True
Q003970,2025-09-22,Referral,B005090,2025-26,True
Q004006,2025-09-22,Walk-in,B005137,2025-26,True
Q004018,2025-09-22,Walk-in,B005153,2025-26,True
Q004019,2025-09-22,Referral,B005154,2025-26,True
Q004051,2025-09-22,Referral,B005191,2025-26,True
Q004121,2025-09-22,Hotel Partner,B005286,2025-26,True
Q003775,2025-09-23,Instagram,B004838,2025-26,True
Q003850,2025-09-23,OTA,B004934,2025-26,True
Q003924,2025-09-23,OTA,B005029,2025-26,True
Q004066,2025-09-23,OTA,B005209,2025-26,True
Q003816,2025-09-24,Website,B004889,2025-26,True
Q003846,2025-09-24,OTA,B004930,2025-26,True
Q003897,2025-09-24,Website,B004994,2025-26,True
Q003818,2025-09-25,OTA,B004892,2025-26,True
Q003916,2025-09-25,OTA,B005019,2025-26,True
Q003941,2025-09-25,Walk-in,B005050,2025-26,True
Q004022,2025-09-25,Referral,B005158,2025-26,True
Q004095,2025-09-25,Walk-in,B005254,2025-26,True
Q003780,2025-09-26,Website,B004843,2025-26,True
Q003817,2025-09-26,Walk-in,B004891,2025-26,True
Q003822,2025-09-26,Walk-in,B004898,2025-26,True
Q003856,2025-09-26,Website,B004944,2025-26,True
Q003859,2025-09-26,Instagram,B004950,2025-26,True
Q003940,2025-09-26,Walk-in,B005049,2025-26,True
Q003776,2025-09-27,Website,B004839,2025-26,True
Q003863,2025-09-27,Instagram,B004955,2025-26,True
Q004050,2025-09-27,Hotel Partner,B005189,2025-26,True
Q004085,2025-09-27,Walk-in,B005238,2025-26,True
Q004109,2025-09-27,OTA,B005270,2025-26,True
Q004153,2025-09-27,Website,B005325,2025-26,True
Q003788,2025-09-28,OTA,B004855,2025-26,True
Q003860,2025-09-28,Referral,B004952,2025-26,True
Q003867,2025-09-28,Walk-in,B004959,2025-26,True
Q003868,2025-09-28,OTA,B004960,2025-26,True
Q003896,2025-09-28,OTA,B004993,2025-26,True
Q003936,2025-09-28,Walk-in,B005044,2025-26,True
Q003965,2025-09-28,Website,B005083,2025-26,True
Q003978,2025-09-28,OTA,B005100,2025-26,True
Q004024,2025-09-28,Hotel Partner,B005160,2025-26,True
Q003797,2025-09-29,Walk-in,B004867,2025-26,True
Q003810,2025-09-29,Walk-in,B004881,2025-26,True
Q003821,2025-09-29,OTA,B004896,2025-26,True
Q003880,2025-09-29,OTA,B004976,2025-26,True
Q003906,2025-09-29,Hotel Partner,B005006,2025-26,True
Q004034,2025-09-29,OTA,B005172,2025-26,True
Q004072,2025-09-29,Website,B005218,2025-26,True
Q004077,2025-09-29,Website,B005226,2025-26,True
Q004140,2025-09-29,Walk-in,B005310,2025-26,True
Q003842,2025-09-30,Referral,B004923,2025-26,True
Q003929,2025-09-30,Website,B005034,2025-26,True
Q003983,2025-09-30,OTA,B005106,2025-26,True
Q004092,2025-09-30,Walk-in,B005248,2025-26,True
Q004154,2025-09-30,Walk-in,B005329,2025-26,True
Q003811,2025-10-01,OTA,B004882,2025-26,True
Q003875,2025-10-01,Walk-in,B004969,2025-26,True
Q003905,2025-10-01,OTA,B005005,2025-26,True
Q003995,2025-10-01,Instagram,B005124,2025-26,True
Q003998,2025-10-01,Referral,B005128,2025-26,True
Q004136,2025-10-01,OTA,B005306,2025-26,True
Q008958,2025-10-01,Instagram,,2025-26,False
Q008962,2025-10-01,OTA,,2025-26,False
Q009436,2025-10-01,Walk-in,,2025-26,False
Q009602,2025-10-01,Website,,2025-26,False
Q009892,2025-10-01,OTA,,2025-26,False
Q010209,2025-10-01,Hotel Partner,,2025-26,False
Q010268,2025-10-01,OTA,,2025-26,False
Q010531,2025-10-01,Website,,2025-26,False
Q010703,2025-10-01,Instagram,,2025-26,False
Q003903,2025-10-02,Website,B005003,2025-26,True
Q003975,2025-10-02,Walk-in,B005096,2025-26,True
Q004002,2025-10-02,OTA,B005132,2025-26,True
Q004049,2025-10-02,Instagram,B005188,2025-26,True
Q004105,2025-10-02,Referral,B005266,2025-26,True
Q004172,2025-10-02,OTA,B005352,2025-26,True
Q008653,2025-10-02,OTA,,2025-26,False
Q008799,2025-10-02,OTA,,2025-26,False
Q008912,2025-10-02,Website,,2025-26,False
Q008923,2025-10-02,Website,,2025-26,False
Q009505,2025-10-02,OTA,,2025-26,False
Q009954,2025-10-02,Walk-in,,2025-26,False
Q010047,2025-10-02,OTA,,2025-26,False
Q010148,2025-10-02,Website,,2025-26,False
Q010682,2025-10-02,OTA,,2025-26,False
Q003928,2025-10-03,Walk-in,B005033,2025-26,True
Q003930,2025-10-03,Hotel Partner,B005035,2025-26,True
Q003985,2025-10-03,OTA,B005111,2025-26,True
Q004039,2025-10-03,Website,B005177,2025-26,True
Q004064,2025-10-03,Website,B005206,2025-26,True
Q004101,2025-10-03,OTA,B005262,2025-26,True
Q008853,2025-10-03,OTA,,2025-26,False
Q009072,2025-10-03,Walk-in,,2025-26,False
Q009819,2025-10-03,Website,,2025-26,False
Q009860,2025-10-03,Website,,2025-26,False
Q009917,2025-10-03,Website,,2025-26,False
Q009993,2025-10-03,Instagram,,2025-26,False
Q010121,2025-10-03,Instagram,,2025-26,False
Q010359,2025-10-03,Website,,2025-26,False
Q010617,2025-10-03,Instagram,,2025-26,False
Q003778,2025-10-04,OTA,B004841,2025-26,True
Q003857,2025-10-04,OTA,B004945,2025-26,True
Q003881,2025-10-04,Website,B004977,2025-26,True
Q003957,2025-10-04,Instagram,B005074,2025-26,True
Q003962,2025-10-04,Walk-in,B005080,2025-26,True
Q004042,2025-10-04,OTA,B005180,2025-26,True
Q004043,2025-10-04,Website,B005181,2025-26,True
Q008864,2025-10-04,Instagram,,2025-26,False
Q008972,2025-10-04,Walk-in,,2025-26,False
Q009773,2025-10-04,Walk-in,,2025-26,False
Q009774,2025-10-04,Hotel Partner,,2025-26,False
Q009844,2025-10-04,Walk-in,,2025-26,False
Q010063,2025-10-04,Walk-in,,2025-26,False
Q010658,2025-10-04,OTA,,2025-26,False
Q010716,2025-10-04,Walk-in,,2025-26,False
Q010767,2025-10-04,Website,,2025-26,False
Q003873,2025-10-05,OTA,B004967,2025-26,True
Q003919,2025-10-05,Hotel Partner,B005022,2025-26,True
Q003937,2025-10-05,Website,B005045,2025-26,True
Q003951,2025-10-05,Walk-in,B005065,2025-26,True
Q004015,2025-10-05,Hotel Partner,B005149,2025-26,True
Q004086,2025-10-05,OTA,B005239,2025-26,True
Q008670,2025-10-05,OTA,,2025-26,False
Q009027,2025-10-05,OTA,,2025-26,False
Q009031,2025-10-05,Instagram,,2025-26,False
Q009308,2025-10-05,Instagram,,2025-26,False
Q009776,2025-10-05,Referral,,2025-26,False
Q009968,2025-10-05,Instagram,,2025-26,False
Q010265,2025-10-05,OTA,,2025-26,False
Q010614,2025-10-05,Referral,,2025-26,False
Q010688,2025-10-05,OTA,,2025-26,False
Q010698,2025-10-05,Referral,,2025-26,False
Q003835,2025-10-06,Walk-in,B004914,2025-26,True
Q003838,2025-10-06,OTA,B004918,2025-26,True
Q003948,2025-10-06,Walk-in,B005061,2025-26,True
Q004005,2025-10-06,OTA,B005136,2025-26,True
Q004147,2025-10-06,Hotel Partner,B005318,2025-26,True
Q008602,2025-10-06,Instagram,,2025-26,False
Q008774,2025-10-06,Hotel Partner,,2025-26,False
Q008950,2025-10-06,Instagram,,2025-26,False
Q009456,2025-10-06,Website,,2025-26,False
Q010036,2025-10-06,Walk-in,,2025-26,False
Q010067,2025-10-06,Walk-in,,2025-26,False
Q010267,2025-10-06,Hotel Partner,,2025-26,False
Q010335,2025-10-06,OTA,,2025-26,False
Q010628,2025-10-06,Website,,2025-26,False
Q010639,2025-10-06,Walk-in,,2025-26,False
Q010769,2025-10-06,OTA,,2025-26,False
Q003900,2025-10-07,OTA,B005000,2025-26,True
Q003959,2025-10-07,Website,B005076,2025-26,True
Q003982,2025-10-07,OTA,B005104,2025-26,True
Q004011,2025-10-07,Hotel Partner,B005144,2025-26,True
Q004032,2025-10-07,Referral,B005169,2025-26,True
Q004234,2025-10-07,Referral,B005433,2025-26,True
Q008512,2025-10-07,Instagram,,2025-26,False
Q009143,2025-10-07,Walk-in,,2025-26,False
Q009675,2025-10-07,OTA,,2025-26,False
Q009906,2025-10-07,OTA,,2025-26,False
Q010056,2025-10-07,Referral,,2025-26,False
Q010150,2025-10-07,Hotel Partner,,2025-26,False
Q010580,2025-10-07,Walk-in,,2025-26,False
Q003890,2025-10-08,Referral,B004987,2025-26,True
Q003901,2025-10-08,OTA,B005001,2025-26,True
Q003950,2025-10-08,OTA,B005064,2025-26,True
Q003993,2025-10-08,Instagram,B005122,2025-26,True
Q004036,2025-10-08,OTA,B005174,2025-26,True
Q004041,2025-10-08,Walk-in,B005179,2025-26,True
Q004098,2025-10-08,Website,B005259,2025-26,True
Q004142,2025-10-08,Walk-in,B005312,2025-26,True
Q004150,2025-10-08,OTA,B005321,2025-26,True
Q008698,2025-10-08,Instagram,,2025-26,False
Q008707,2025-10-08,OTA,,2025-26,False
Q008804,2025-10-08,Website,,2025-26,False
Q009089,2025-10-08,Website,,2025-26,False
Q009129,2025-10-08,Hotel Partner,,2025-26,False
Q009324,2025-10-08,Hotel Partner,,2025-26,False
Q009334,2025-10-08,Walk-in,,2025-26,False
Q009494,2025-10-08,Referral,,2025-26,False
Q009709,2025-10-08,OTA,,2025-26,False
Q010154,2025-10-08,OTA,,2025-26,False
Q010223,2025-10-08,Website,,2025-26,False
Q010725,2025-10-08,OTA,,2025-26,False
Q010727,2025-10-08,Referral,,2025-26,False
Q003918,2025-10-09,Walk-in,B005021,2025-26,True
Q004030,2025-10-09,Walk-in,B005167,2025-26,True
Q004108,2025-10-09,Website,B005269,2025-26,True
Q004114,2025-10-09,OTA,B005278,2025-26,True
Q004117,2025-10-09,Referral,B005282,2025-26,True
Q008536,2025-10-09,Website,,2025-26,False
Q009915,2025-10-09,OTA,,2025-26,False
Q010172,2025-10-09,Instagram,,2025-26,False
Q010195,2025-10-09,Walk-in,,2025-26,False
Q010198,2025-10-09,OTA,,2025-26,False
Q010242,2025-10-09,Instagram,,2025-26,False
Q010394,2025-10-09,OTA,,2025-26,False
Q010635,2025-10-09,Walk-in,,2025-26,False
Q010706,2025-10-09,Walk-in,,2025-26,False
Q002032,2025-10-10,OTA,B004894,2025-26,True
Q003945,2025-10-10,OTA,B005056,2025-26,True
Q003952,2025-10-10,Website,B005067,2025-26,True
Q003955,2025-10-10,Hotel Partner,B005072,2025-26,True
Q003996,2025-10-10,Referral,B005125,2025-26,True
Q004016,2025-10-10,Website,B005150,2025-26,True
Q004055,2025-10-10,Instagram,B005195,2025-26,True
Q004074,2025-10-10,Referral,B005221,2025-26,True
Q004118,2025-10-10,Website,B005283,2025-26,True
Q004130,2025-10-10,OTA,B005297,2025-26,True
Q004274,2025-10-10,Hotel Partner,B005478,2025-26,True
Q008501,2025-10-10,Walk-in,,2025-26,False
Q008741,2025-10-10,Website,,2025-26,False
Q008842,2025-10-10,OTA,,2025-26,False
Q008880,2025-10-10,OTA,,2025-26,False
Q009317,2025-10-10,Hotel Partner,,2025-26,False
Q009500,2025-10-10,Instagram,,2025-26,False
Q009535,2025-10-10,OTA,,2025-26,False
Q009758,2025-10-10,Hotel Partner,,2025-26,False
Q009845,2025-10-10,OTA,,2025-26,False
Q010076,2025-10-10,OTA,,2025-26,False
Q010328,2025-10-10,Walk-in,,2025-26,False
Q010497,2025-10-10,Walk-in,,2025-26,False
Q010519,2025-10-10,OTA,,2025-26,False
Q010729,2025-10-10,Hotel Partner,,2025-26,False
Q003922,2025-10-11,OTA,B005025,2025-26,True
Q003979,2025-10-11,OTA,B005101,2025-26,True
Q004160,2025-10-11,Website,B005336,2025-26,True
Q004236,2025-10-11,Website,B005435,2025-26,True
Q004249,2025-10-11,Website,B005449,2025-26,True
Q008705,2025-10-11,Instagram,,2025-26,False
Q008721,2025-10-11,Instagram,,2025-26,False
Q008847,2025-10-11,Walk-in,,2025-26,False
Q009183,2025-10-11,OTA,,2025-26,False
Q009198,2025-10-11,Instagram,,2025-26,False
Q009859,2025-10-11,Referral,,2025-26,False
Q010419,2025-10-11,OTA,,2025-26,False
Q003913,2025-10-12,OTA,B005015,2025-26,True
Q003917,2025-10-12,Walk-in,B005020,2025-26,True
Q004031,2025-10-12,Instagram,B005168,2025-26,True
Q004060,2025-10-12,Hotel Partner,B005201,2025-26,True
Q004191,2025-10-12,Instagram,B005376,2025-26,True
Q004192,2025-10-12,OTA,B005378,2025-26,True
Q004221,2025-10-12,Instagram,B005415,2025-26,True
Q008762,2025-10-12,Walk-in,,2025-26,False
Q009517,2025-10-12,Instagram,,2025-26,False
Q009552,2025-10-12,Website,,2025-26,False
Q009755,2025-10-12,Website,,2025-26,False
Q010005,2025-10-12,Website,,2025-26,False
Q010459,2025-10-12,OTA,,2025-26,False
Q010586,2025-10-12,Walk-in,,2025-26,False
Q010771,2025-10-12,Instagram,,2025-26,False
Q003968,2025-10-13,OTA,B005088,2025-26,True
Q003972,2025-10-13,OTA,B005092,2025-26,True
Q003987,2025-10-13,OTA,B005116,2025-26,True
Q003989,2025-10-13,OTA,B005118,2025-26,True
Q004027,2025-10-13,OTA,B005164,2025-26,True
Q004048,2025-10-13,Website,B005186,2025-26,True
Q004082,2025-10-13,OTA,B005232,2025-26,True
Q004103,2025-10-13,Website,B005264,2025-26,True
Q004164,2025-10-13,Instagram,B005341,2025-26,True
Q008655,2025-10-13,OTA,,2025-26,False
Q008768,2025-10-13,OTA,,2025-26,False
Q008828,2025-10-13,Hotel Partner,,2025-26,False
Q009039,2025-10-13,Instagram,,2025-26,False
Q009065,2025-10-13,Walk-in,,2025-26,False
Q009247,2025-10-13,Walk-in,,2025-26,False
Q009283,2025-10-13,OTA,,2025-26,False
Q009310,2025-10-13,Website,,2025-26,False
Q009553,2025-10-13,Referral,,2025-26,False
Q009567,2025-10-13,OTA,,2025-26,False
Q009704,2025-10-13,Website,,2025-26,False
Q010422,2025-10-13,Walk-in,,2025-26,False
Q003980,2025-10-14,OTA,B005102,2025-26,True
Q003981,2025-10-14,Website,B005103,2025-26,True
Q004065,2025-10-14,OTA,B005208,2025-26,True
Q004135,2025-10-14,Walk-in,B005304,2025-26,True
Q004158,2025-10-14,OTA,B005334,2025-26,True
Q004222,2025-10-14,Instagram,B005416,2025-26,True
Q008588,2025-10-14,Website,,2025-26,False
Q008658,2025-10-14,OTA,,2025-26,False
Q008714,2025-10-14,OTA,,2025-26,False
Q009446,2025-10-14,Instagram,,2025-26,False
Q009869,2025-10-14,OTA,,2025-26,False
Q010368,2025-10-14,OTA,,2025-26,False
Q010544,2025-10-14,Website,,2025-26,False
Q010779,2025-10-14,Walk-in,,2025-26,False
Q003976,2025-10-15,Website,B005097,2025-26,True
Q004020,2025-10-15,Walk-in,B005156,2025-26,True
Q004081,2025-10-15,Referral,B005231,2025-26,True
Q004100,2025-10-15,Instagram,B005261,2025-26,True
Q004177,2025-10-15,OTA,B005358,2025-26,True
Q008836,2025-10-15,OTA,,2025-26,False
Q008944,2025-10-15,Walk-in,,2025-26,False
Q009703,2025-10-15,OTA,,2025-26,False
Q010072,2025-10-15,Hotel Partner,,2025-26,False
Q003892,2025-10-16,OTA,B004989,2025-26,True
Q003912,2025-10-16,Hotel Partner,B005014,2025-26,True
Q003956,2025-10-16,Walk-in,B005073,2025-26,True
Q004001,2025-10-16,Walk-in,B005131,2025-26,True
Q004045,2025-10-16,Hotel Partner,B005183,2025-26,True
Q004073,2025-10-16,Hotel Partner,B005220,2025-26,True
Q004088,2025-10-16,OTA,B005242,2025-26,True
Q004091,2025-10-16,Referral,B005247,2025-26,True
Q004139,2025-10-16,Referral,B005309,2025-26,True
Q004211,2025-10-16,Walk-in,B005402,2025-26,True
Q004269,2025-10-16,Walk-in,B005472,2025-26,True
Q004289,2025-10-16,Instagram,B005497,2025-26,True
Q008555,2025-10-16,OTA,,2025-26,False
Q009316,2025-10-16,Referral,,2025-26,False
Q009340,2025-10-16,Website,,2025-26,False
Q009723,2025-10-16,Walk-in,,2025-26,False
Q010320,2025-10-16,OTA,,2025-26,False
Q010740,2025-10-16,OTA,,2025-26,False
Q004010,2025-10-17,Referral,B005143,2025-26,True
Q004059,2025-10-17,Instagram,B005199,2025-26,True
Q004107,2025-10-17,OTA,B005268,2025-26,True
Q004186,2025-10-17,Walk-in,B005370,2025-26,True
Q004193,2025-10-17,OTA,B005379,2025-26,True
Q004232,2025-10-17,Hotel Partner,B005431,2025-26,True
Q004253,2025-10-17,Referral,B005453,2025-26,True
Q004303,2025-10-17,OTA,B005514,2025-26,True
Q009127,2025-10-17,OTA,,2025-26,False
Q009329,2025-10-17,OTA,,2025-26,False
Q009653,2025-10-17,Walk-in,,2025-26,False
Q010568,2025-10-17,Walk-in,,2025-26,False
Q010570,2025-10-17,Website,,2025-26,False
Q010710,2025-10-17,OTA,,2025-26,False
Q010784,2025-10-17,Website,,2025-26,False
Q003946,2025-10-18,Referral,B005057,2025-26,True
Q004099,2025-10-18,Hotel Partner,B005260,2025-26,True
Q004102,2025-10-18,Instagram,B005263,2025-26,True
Q004182,2025-10-18,Referral,B005363,2025-26,True
Q004228,2025-10-18,Referral,B005425,2025-26,True
Q004285,2025-10-18,OTA,B005493,2025-26,True
Q008964,2025-10-18,OTA,,2025-26,False
Q009225,2025-10-18,Walk-in,,2025-26,False
Q009510,2025-10-18,OTA,,2025-26,False
Q009533,2025-10-18,Referral,,2025-26,False
Q009747,2025-10-18,OTA,,2025-26,False
Q010240,2025-10-18,Walk-in,,2025-26,False
Q010406,2025-10-18,Website,,2025-26,False
Q010529,2025-10-18,Website,,2025-26,False
Q010669,2025-10-18,Website,,2025-26,False
Q003942,2025-10-19,Walk-in,B005052,2025-26,True
Q003953,2025-10-19,Hotel Partner,B005069,2025-26,True
Q003986,2025-10-19,Website,B005112,2025-26,True
Q004087,2025-10-19,Walk-in,B005240,2025-26,True
Q004093,2025-10-19,Instagram,B005249,2025-26,True
Q004116,2025-10-19,OTA,B005281,2025-26,True
Q004181,2025-10-19,Instagram,B005362,2025-26,True
Q004196,2025-10-19,OTA,B005383,2025-26,True
Q004218,2025-10-19,Instagram,B005412,2025-26,True
Q004270,2025-10-19,OTA,B005473,2025-26,True
Q008548,2025-10-19,OTA,,2025-26,False
Q008956,2025-10-19,Walk-in,,2025-26,False
Q008995,2025-10-19,Instagram,,2025-26,False
Q009067,2025-10-19,Website,,2025-26,False
Q009266,2025-10-19,Walk-in,,2025-26,False
Q009870,2025-10-19,Referral,,2025-26,False
Q009971,2025-10-19,Website,,2025-26,False
Q010033,2025-10-19,OTA,,2025-26,False
Q010245,2025-10-19,Referral,,2025-26,False
Q010266,2025-10-19,Website,,2025-26,False
Q010583,2025-10-19,OTA,,2025-26,False
Q003997,2025-10-20,OTA,B005127,2025-26,True
Q004162,2025-10-20,Website,B005339,2025-26,True
Q004340,2025-10-20,Walk-in,B005556,2025-26,True
Q008895,2025-10-20,Website,,2025-26,False
Q008899,2025-10-20,Referral,,2025-26,False
Q009111,2025-10-20,Website,,2025-26,False
Q009259,2025-10-20,Instagram,,2025-26,False
Q009286,2025-10-20,OTA,,2025-26,False
Q009415,2025-10-20,Walk-in,,2025-26,False
Q009829,2025-10-20,OTA,,2025-26,False
Q009839,2025-10-20,Referral,,2025-26,False
Q009999,2025-10-20,OTA,,2025-26,False
Q010046,2025-10-20,Website,,2025-26,False
Q010146,2025-10-20,Website,,2025-26,False
Q010230,2025-10-20,Hotel Partner,,2025-26,False
Q010345,2025-10-20,Instagram,,2025-26,False
Q010496,2025-10-20,Instagram,,2025-26,False
Q010701,2025-10-20,OTA,,2025-26,False
Q010764,2025-10-20,Website,,2025-26,False
Q004025,2025-10-21,Referral,B005162,2025-26,True
Q004053,2025-10-21,Website,B005193,2025-26,True
Q004169,2025-10-21,Website,B005346,2025-26,True
Q008525,2025-10-21,Walk-in,,2025-26,False
Q008593,2025-10-21,OTA,,2025-26,False
Q008971,2025-10-21,Referral,,2025-26,False
Q009100,2025-10-21,Instagram,,2025-26,False
Q009328,2025-10-21,OTA,,2025-26,False
Q009339,2025-10-21,OTA,,2025-26,False
Q009385,2025-10-21,Walk-in,,2025-26,False
Q009452,2025-10-21,OTA,,2025-26,False
Q009823,2025-10-21,Instagram,,2025-26,False
Q009861,2025-10-21,OTA,,2025-26,False
Q009925,2025-10-21,Instagram,,2025-26,False
Q009958,2025-10-21,Referral,,2025-26,False
Q010090,2025-10-21,Walk-in,,2025-26,False
Q010382,2025-10-21,OTA,,2025-26,False
Q004009,2025-10-22,Referral,B005142,2025-26,True
Q004078,2025-10-22,OTA,B005227,2025-26,True
Q004155,2025-10-22,OTA,B005330,2025-26,True
Q004198,2025-10-22,Walk-in,B005386,2025-26,True
Q004257,2025-10-22,OTA,B005459,2025-26,True
Q004268,2025-10-22,OTA,B005471,2025-26,True
Q008933,2025-10-22,OTA,,2025-26,False
Q008961,2025-10-22,OTA,,2025-26,False
Q009406,2025-10-22,OTA,,2025-26,False
Q009813,2025-10-22,Website,,2025-26,False
Q010257,2025-10-22,Walk-in,,2025-26,False
Q010446,2025-10-22,Instagram,,2025-26,False
Q010462,2025-10-22,Hotel Partner,,2025-26,False
Q003933,2025-10-23,OTA,B005039,2025-26,True
Q004008,2025-10-23,OTA,B005140,2025-26,True
Q004035,2025-10-23,Walk-in,B005173,2025-26,True
Q004047,2025-10-23,Website,B005185,2025-26,True
Q004057,2025-10-23,Instagram,B005197,2025-26,True
Q004067,2025-10-23,Hotel Partner,B005211,2025-26,True
Q004183,2025-10-23,Instagram,B005366,2025-26,True
Q004244,2025-10-23,Walk-in,B005444,2025-26,True
Q004279,2025-10-23,Website,B005483,2025-26,True
Q004284,2025-10-23,OTA,B005491,2025-26,True
Q004360,2025-10-23,Website,B005581,2025-26,True
Q008595,2025-10-23,OTA,,2025-26,False
Q008879,2025-10-23,Website,,2025-26,False
Q009023,2025-10-23,Website,,2025-26,False
Q009515,2025-10-23,OTA,,2025-26,False
Q009611,2025-10-23,OTA,,2025-26,False
Q009725,2025-10-23,Instagram,,2025-26,False
Q010115,2025-10-23,Referral,,2025-26,False
Q010130,2025-10-23,Website,,2025-26,False
Q010642,2025-10-23,Hotel Partner,,2025-26,False
Q010657,2025-10-23,OTA,,2025-26,False
Q010717,2025-10-23,Walk-in,,2025-26,False
Q003964,2025-10-24,Walk-in,B005082,2025-26,True
Q003988,2025-10-24,Walk-in,B005117,2025-26,True
Q004026,2025-10-24,OTA,B005163,2025-26,True
Q004209,2025-10-24,Website,B005400,2025-26,True
Q004331,2025-10-24,Website,B005547,2025-26,True
Q008594,2025-10-24,Referral,,2025-26,False
Q008701,2025-10-24,OTA,,2025-26,False
Q010152,2025-10-24,Walk-in,,2025-26,False
Q010176,2025-10-24,Referral,,2025-26,False
Q004007,2025-10-25,Website,B005138,2025-26,True
Q004021,2025-10-25,OTA,B005157,2025-26,True
Q004040,2025-10-25,OTA,B005178,2025-26,True
Q004104,2025-10-25,Website,B005265,2025-26,True
Q004205,2025-10-25,Instagram,B005394,2025-26,True
Q004275,2025-10-25,OTA,B005479,2025-26,True
Q004291,2025-10-25,Walk-in,B005501,2025-26,True
Q004336,2025-10-25,OTA,B005552,2025-26,True
Q004373,2025-10-25,Instagram,B005596,2025-26,True
Q008504,2025-10-25,Referral,,2025-26,False
Q008886,2025-10-25,Walk-in,,2025-26,False
Q008907,2025-10-25,OTA,,2025-26,False
Q009218,2025-10-25,Referral,,2025-26,False
Q009926,2025-10-25,Website,,2025-26,False
Q010155,2025-10-25,OTA,,2025-26,False
Q010158,2025-10-25,Referral,,2025-26,False
Q010234,2025-10-25,Website,,2025-26,False
Q010646,2025-10-25,OTA,,2025-26,False
Q010683,2025-10-25,OTA,,2025-26,False
Q003992,2025-10-26,Hotel Partner,B005121,2025-26,True
Q003999,2025-10-26,Website,B005129,2025-26,True
Q004058,2025-10-26,Hotel Partner,B005198,2025-26,True
Q004110,2025-10-26,Instagram,B005272,2025-26,True
Q004133,2025-10-26,OTA,B005302,2025-26,True
Q004170,2025-10-26,OTA,B005348,2025-26,True
Q004310,2025-10-26,Instagram,B005522,2025-26,True
Q004343,2025-10-26,Instagram,B005560,2025-26,True
Q008717,2025-10-26,Walk-in,,2025-26,False
Q009097,2025-10-26,Walk-in,,2025-26,False
Q009107,2025-10-26,OTA,,2025-26,False
Q009180,2025-10-26,Referral,,2025-26,False
Q009195,2025-10-26,Website,,2025-26,False
Q009239,2025-10-26,Instagram,,2025-26,False
Q009293,2025-10-26,Website,,2025-26,False
Q009391,2025-10-26,Website,,2025-26,False
Q009546,2025-10-26,OTA,,2025-26,False
Q009559,2025-10-26,OTA,,2025-26,False
Q009674,2025-10-26,OTA,,2025-26,False
Q009792,2025-10-26,Referral,,2025-26,False
Q009973,2025-10-26,Walk-in,,2025-26,False
Q010662,2025-10-26,Hotel Partner,,2025-26,False
Q010781,2025-10-26,Website,,2025-26,False
Q004157,2025-10-27,Walk-in,B005333,2025-26,True
Q004202,2025-10-27,Walk-in,B005391,2025-26,True
Q004210,2025-10-27,Website,B005401,2025-26,True
Q004219,2025-10-27,Website,B005413,2025-26,True
Q004364,2025-10-27,Website,B005585,2025-26,True
Q004442,2025-10-27,Instagram,B005685,2025-26,True
Q008984,2025-10-27,OTA,,2025-26,False
Q009088,2025-10-27,Walk-in,,2025-26,False
Q009132,2025-10-27,Instagram,,2025-26,False
Q009264,2025-10-27,Walk-in,,2025-26,False
Q009539,2025-10-27,Walk-in,,2025-26,False
Q009557,2025-10-27,Walk-in,,2025-26,False
Q009692,2025-10-27,OTA,,2025-26,False
Q009784,2025-10-27,Referral,,2025-26,False
Q009803,2025-10-27,Instagram,,2025-26,False
Q009928,2025-10-27,OTA,,2025-26,False
Q010666,2025-10-27,Website,,2025-26,False
Q004037,2025-10-28,Referral,B005175,2025-26,True
Q004071,2025-10-28,OTA,B005217,2025-26,True
Q004112,2025-10-28,Website,B005276,2025-26,True
Q004113,2025-10-28,OTA,B005277,2025-26,True
Q004127,2025-10-28,Referral,B005293,2025-26,True
Q004129,2025-10-28,Referral,B005295,2025-26,True
Q004149,2025-10-28,OTA,B005320,2025-26,True
Q004214,2025-10-28,Instagram,B005407,2025-26,True
Q008590,2025-10-28,Walk-in,,2025-26,False
Q008818,2025-10-28,OTA,,2025-26,False
Q009403,2025-10-28,Instagram,,2025-26,False
Q009443,2025-10-28,Walk-in,,2025-26,False
Q009652,2025-10-28,Instagram,,2025-26,False
Q009849,2025-10-28,Walk-in,,2025-26,False
Q010123,2025-10-28,Hotel Partner,,2025-26,False
Q010513,2025-10-28,OTA,,2025-26,False
Q004028,2025-10-29,Website,B005165,2025-26,True
Q004054,2025-10-29,Walk-in,B005194,2025-26,True
Q004151,2025-10-29,OTA,B005322,2025-26,True
Q004200,2025-10-29,Instagram,B005388,2025-26,True
Q009192,2025-10-29,OTA,,2025-26,False
Q009580,2025-10-29,Walk-in,,2025-26,False
Q010481,2025-10-29,Website,,2025-26,False
Q010828,2025-10-29,OTA,,2025-26,False
Q004111,2025-10-30,Website,B005273,2025-26,True
Q004131,2025-10-30,Walk-in,B005298,2025-26,True
Q004184,2025-10-30,OTA,B005367,2025-26,True
Q004188,2025-10-30,OTA,B005372,2025-26,True
Q004260,2025-10-30,Website,B005463,2025-26,True
Q004266,2025-10-30,Referral,B005469,2025-26,True
Q004388,2025-10-30,OTA,B005616,2025-26,True
Q008507,2025-10-30,Referral,,2025-26,False
Q008634,2025-10-30,OTA,,2025-26,False
Q008808,2025-10-30,Website,,2025-26,False
Q009351,2025-10-30,Walk-in,,2025-26,False
Q009801,2025-10-30,Website,,2025-26,False
Q010052,2025-10-30,Walk-in,,2025-26,False
Q010317,2025-10-30,Referral,,2025-26,False
Q010372,2025-10-30,OTA,,2025-26,False
Q010415,2025-10-30,Instagram,,2025-26,False
Q004052,2025-10-31,OTA,B005192,2025-26,True
Q004062,2025-10-31,Website,B005204,2025-26,True
Q004070,2025-10-31,Website,B005216,2025-26,True
Q004089,2025-10-31,Website,B005243,2025-26,True
Q004090,2025-10-31,Referral,B005246,2025-26,True
Q004094,2025-10-31,OTA,B005251,2025-26,True
Q004179,2025-10-31,Website,B005360,2025-26,True
Q004247,2025-10-31,Hotel Partner,B005447,2025-26,True
Q004248,2025-10-31,Referral,B005448,2025-26,True
Q004314,2025-10-31,Walk-in,B005526,2025-26,True
Q004332,2025-10-31,OTA,B005548,2025-26,True
Q004384,2025-10-31,Instagram,B005612,2025-26,True
Q004399,2025-10-31,OTA,B005629,2025-26,True
Q008819,2025-10-31,Website,,2025-26,False
Q009224,2025-10-31,Website,,2025-26,False
Q009313,2025-10-31,Instagram,,2025-26,False
Q009648,2025-10-31,Hotel Partner,,2025-26,False
Q009815,2025-10-31,Referral,,2025-26,False
Q010016,2025-10-31,Referral,,2025-26,False
Q010336,2025-10-31,OTA,,2025-26,False
Q003994,2025-11-01,Website,B005123,2025-26,True
Q004075,2025-11-01,Website,B005223,2025-26,True
Q004084,2025-11-01,OTA,B005236,2025-26,True
Q004123,2025-11-01,Instagram,B005288,2025-26,True
Q004311,2025-11-01,Website,B005523,2025-26,True
Q004443,2025-11-01,Website,B005686,2025-26,True
Q008840,2025-11-01,Hotel Partner,,2025-26,False
Q008909,2025-11-01,Instagram,,2025-26,False
Q008975,2025-11-01,OTA,,2025-26,False
Q009199,2025-11-01,OTA,,2025-26,False
Q009235,2025-11-01,OTA,,2025-26,False
Q009320,2025-11-01,Referral,,2025-26,False
Q009538,2025-11-01,Referral,,2025-26,False
Q009932,2025-11-01,Referral,,2025-26,False
Q010039,2025-11-01,Referral,,2025-26,False
Q010062,2025-11-01,Hotel Partner,,2025-26,False
Q010196,2025-11-01,OTA,,2025-26,False
Q010203,2025-11-01,Website,,2025-26,False
Q004038,2025-11-02,Instagram,B005176,2025-26,True
Q004097,2025-11-02,Hotel Partner,B005257,2025-26,True
Q004134,2025-11-02,OTA,B005303,2025-26,True
Q004195,2025-11-02,Walk-in,B005382,2025-26,True
Q004220,2025-11-02,Walk-in,B005414,2025-26,True
Q004327,2025-11-02,Website,B005542,2025-26,True
Q004375,2025-11-02,Website,B005598,2025-26,True
Q004376,2025-11-02,OTA,B005601,2025-26,True
Q004418,2025-11-02,Website,B005656,2025-26,True
Q004432,2025-11-02,OTA,B005673,2025-26,True
Q004453,2025-11-02,Instagram,B005701,2025-26,True
Q004483,2025-11-02,OTA,B005740,2025-26,True
Q008585,2025-11-02,OTA,,2025-26,False
Q008834,2025-11-02,Referral,,2025-26,False
Q008874,2025-11-02,Referral,,2025-26,False
Q009305,2025-11-02,OTA,,2025-26,False
Q009401,2025-11-02,Walk-in,,2025-26,False
Q009618,2025-11-02,Website,,2025-26,False
Q009789,2025-11-02,Walk-in,,2025-26,False
Q010074,2025-11-02,Walk-in,,2025-26,False
Q010346,2025-11-02,OTA,,2025-26,False
Q010365,2025-11-02,Instagram,,2025-26,False
Q010534,2025-11-02,OTA,,2025-26,False
Q004063,2025-11-03,Hotel Partner,B005205,2025-26,True
Q004166,2025-11-03,Hotel Partner,B005343,2025-26,True
Q004189,2025-11-03,OTA,B005374,2025-26,True
Q004233,2025-11-03,OTA,B005432,2025-26,True
Q004328,2025-11-03,Hotel Partner,B005543,2025-26,True
Q004337,2025-11-03,Website,B005553,2025-26,True
Q004468,2025-11-03,Walk-in,B005722,2025-26,True
Q008798,2025-11-03,OTA,,2025-26,False
Q008978,2025-11-03,OTA,,2025-26,False
Q009059,2025-11-03,Instagram,,2025-26,False
Q009114,2025-11-03,Website,,2025-26,False
Q009708,2025-11-03,OTA,,2025-26,False
Q010392,2025-11-03,Instagram,,2025-26,False
Q010505,2025-11-03,Website,,2025-26,False
Q010557,2025-11-03,OTA,,2025-26,False
Q010648,2025-11-03,Website,,2025-26,False
Q004013,2025-11-04,Walk-in,B005147,2025-26,True
Q004017,2025-11-04,Walk-in,B005151,2025-26,True
Q004143,2025-11-04,Hotel Partner,B005314,2025-26,True
Q004174,2025-11-04,OTA,B005354,2025-26,True
Q004197,2025-11-04,Website,B005384,2025-26,True
Q004207,2025-11-04,Referral,B005396,2025-26,True
Q004240,2025-11-04,Website,B005440,2025-26,True
Q004251,2025-11-04,OTA,B005451,2025-26,True
Q004254,2025-11-04,OTA,B005454,2025-26,True
Q004263,2025-11-04,Walk-in,B005466,2025-26,True
Q004296,2025-11-04,OTA,B005506,2025-26,True
Q004297,2025-11-04,OTA,B005507,2025-26,True
Q004320,2025-11-04,Referral,B005534,2025-26,True
Q004413,2025-11-04,Instagram,B005650,2025-26,True
Q009102,2025-11-04,Walk-in,,2025-26,False
Q009173,2025-11-04,Walk-in,,2025-26,False
Q009240,2025-11-04,OTA,,2025-26,False
Q009366,2025-11-04,Referral,,2025-26,False
Q009430,2025-11-04,Hotel Partner,,2025-26,False
Q009498,2025-11-04,OTA,,2025-26,False
Q009609,2025-11-04,Instagram,,2025-26,False
Q009658,2025-11-04,Walk-in,,2025-26,False
Q009698,2025-11-04,Walk-in,,2025-26,False
Q010202,2025-11-04,Referral,,2025-26,False
Q010304,2025-11-04,Walk-in,,2025-26,False
Q010358,2025-11-04,OTA,,2025-26,False
Q010448,2025-11-04,Website,,2025-26,False
Q010492,2025-11-04,Instagram,,2025-26,False
Q010625,2025-11-04,Walk-in,,2025-26,False
Q010812,2025-11-04,OTA,,2025-26,False
Q004003,2025-11-05,OTA,B005133,2025-26,True
Q004014,2025-11-05,Instagram,B005148,2025-26,True
Q004076,2025-11-05,OTA,B005224,2025-26,True
Q004096,2025-11-05,Walk-in,B005256,2025-26,True
Q004120,2025-11-05,Walk-in,B005285,2025-26,True
Q004261,2025-11-05,Website,B005464,2025-26,True
Q004299,2025-11-05,OTA,B005509,2025-26,True
Q004315,2025-11-05,Walk-in,B005527,2025-26,True
Q004330,2025-11-05,Hotel Partner,B005546,2025-26,True
Q004401,2025-11-05,OTA,B005632,2025-26,True
Q004435,2025-11-05,Walk-in,B005676,2025-26,True
Q008514,2025-11-05,Walk-in,,2025-26,False
Q008817,2025-11-05,OTA,,2025-26,False
Q008866,2025-11-05,Walk-in,,2025-26,False
Q008988,2025-11-05,Walk-in,,2025-26,False
Q009094,2025-11-05,OTA,,2025-26,False
Q009739,2025-11-05,Hotel Partner,,2025-26,False
Q010219,2025-11-05,OTA,,2025-26,False
Q010486,2025-11-05,OTA,,2025-26,False
Q010555,2025-11-05,Website,,2025-26,False
Q004137,2025-11-06,Website,B005307,2025-26,True
Q004180,2025-11-06,OTA,B005361,2025-26,True
Q004271,2025-11-06,Walk-in,B005475,2025-26,True
Q004308,2025-11-06,Website,B005520,2025-26,True
Q004357,2025-11-06,OTA,B005576,2025-26,True
Q004428,2025-11-06,OTA,B005668,2025-26,True
Q008809,2025-11-06,Walk-in,,2025-26,False
Q008979,2025-11-06,OTA,,2025-26,False
Q009115,2025-11-06,Website,,2025-26,False
Q009389,2025-11-06,Referral,,2025-26,False
Q009637,2025-11-06,Referral,,2025-26,False
Q009691,2025-11-06,Website,,2025-26,False
Q010071,2025-11-06,Walk-in,,2025-26,False
Q010159,2025-11-06,OTA,,2025-26,False
Q010493,2025-11-06,Instagram,,2025-26,False
Q010691,2025-11-06,Hotel Partner,,2025-26,False
Q004061,2025-11-07,Hotel Partner,B005202,2025-26,True
Q004068,2025-11-07,OTA,B005213,2025-26,True
Q004083,2025-11-07,OTA,B005234,2025-26,True
Q004119,2025-11-07,Instagram,B005284,2025-26,True
Q004128,2025-11-07,Walk-in,B005294,2025-26,True
Q004145,2025-11-07,Walk-in,B005316,2025-26,True
Q004199,2025-11-07,Walk-in,B005387,2025-26,True
Q004201,2025-11-07,OTA,B005390,2025-26,True
Q004239,2025-11-07,Walk-in,B005439,2025-26,True
Q004278,2025-11-07,Website,B005482,2025-26,True
Q004287,2025-11-07,Instagram,B005495,2025-26,True
Q004366,2025-11-07,Walk-in,B005588,2025-26,True
Q004396,2025-11-07,Walk-in,B005625,2025-26,True
Q004424,2025-11-07,Walk-in,B005664,2025-26,True
Q008693,2025-11-07,Website,,2025-26,False
Q009827,2025-11-07,OTA,,2025-26,False
Q009990,2025-11-07,Walk-in,,2025-26,False
Q010057,2025-11-07,Instagram,,2025-26,False
Q010661,2025-11-07,OTA,,2025-26,False
Q010690,2025-11-07,OTA,,2025-26,False
Q010711,2025-11-07,Walk-in,,2025-26,False
Q010724,2025-11-07,Instagram,,2025-26,False
Q004126,2025-11-08,OTA,B005292,2025-26,True
Q004204,2025-11-08,Instagram,B005393,2025-26,True
Q004350,2025-11-08,Instagram,B005567,2025-26,True
Q004400,2025-11-08,OTA,B005630,2025-26,True
Q008704,2025-11-08,Walk-in,,2025-26,False
Q008890,2025-11-08,Referral,,2025-26,False
Q009058,2025-11-08,Walk-in,,2025-26,False
Q009087,2025-11-08,Instagram,,2025-26,False
Q009150,2025-11-08,Instagram,,2025-26,False
Q009169,2025-11-08,Referral,,2025-26,False
Q009374,2025-11-08,OTA,,2025-26,False
Q009617,2025-11-08,Instagram,,2025-26,False
Q009629,2025-11-08,Walk-in,,2025-26,False
Q009721,2025-11-08,OTA,,2025-26,False
Q009833,2025-11-08,Website,,2025-26,False
Q010216,2025-11-08,Website,,2025-26,False
Q004056,2025-11-09,Walk-in,B005196,2025-26,True
Q004080,2025-11-09,OTA,B005230,2025-26,True
Q004165,2025-11-09,Walk-in,B005342,2025-26,True
Q004175,2025-11-09,OTA,B005355,2025-26,True
Q004178,2025-11-09,Website,B005359,2025-26,True
Q004231,2025-11-09,Walk-in,B005429,2025-26,True
Q004374,2025-11-09,Instagram,B005597,2025-26,True
Q004383,2025-11-09,OTA,B005611,2025-26,True
Q004386,2025-11-09,Instagram,B005614,2025-26,True
Q004391,2025-11-09,Website,B005620,2025-26,True
Q004423,2025-11-09,OTA,B005663,2025-26,True
Q004431,2025-11-09,Hotel Partner,B005672,2025-26,True
Q004444,2025-11-09,OTA,B005689,2025-26,True
Q004463,2025-11-09,Instagram,B005713,2025-26,True
Q008869,2025-11-09,Hotel Partner,,2025-26,False
Q009140,2025-11-09,Instagram,,2025-26,False
Q009274,2025-11-09,Instagram,,2025-26,False
Q009301,2025-11-09,OTA,,2025-26,False
Q009369,2025-11-09,OTA,,2025-26,False
Q010011,2025-11-09,Referral,,2025-26,False
Q010127,2025-11-09,Website,,2025-26,False
Q010385,2025-11-09,Website,,2025-26,False
Q010453,2025-11-09,Hotel Partner,,2025-26,False
Q010463,2025-11-09,OTA,,2025-26,False
Q004044,2025-11-10,Walk-in,B005182,2025-26,True
Q004144,2025-11-10,Referral,B005315,2025-26,True
Q004161,2025-11-10,OTA,B005338,2025-26,True
Q004168,2025-11-10,Instagram,B005345,2025-26,True
Q004185,2025-11-10,Website,B005368,2025-26,True
Q004255,2025-11-10,Hotel Partner,B005457,2025-26,True
Q004262,2025-11-10,Walk-in,B005465,2025-26,True
Q004281,2025-11-10,OTA,B005485,2025-26,True
Q004305,2025-11-10,Website,B005517,2025-26,True
Q004346,2025-11-10,Website,B005563,2025-26,True
Q004446,2025-11-10,Hotel Partner,B005693,2025-26,True
Q004449,2025-11-10,Referral,B005697,2025-26,True
Q004493,2025-11-10,Website,B005751,2025-26,True
Q004567,2025-11-10,Instagram,B005850,2025-26,True
Q009040,2025-11-10,Instagram,,2025-26,False
Q009079,2025-11-10,Website,,2025-26,False
Q009151,2025-11-10,Hotel Partner,,2025-26,False
Q009248,2025-11-10,OTA,,2025-26,False
Q009350,2025-11-10,OTA,,2025-26,False
Q009428,2025-11-10,Walk-in,,2025-26,False
Q009570,2025-11-10,OTA,,2025-26,False
Q009760,2025-11-10,Walk-in,,2025-26,False
Q009862,2025-11-10,OTA,,2025-26,False
Q009961,2025-11-10,Instagram,,2025-26,False
Q010633,2025-11-10,OTA,,2025-26,False
Q004069,2025-11-11,Instagram,B005215,2025-26,True
Q004138,2025-11-11,OTA,B005308,2025-26,True
Q004213,2025-11-11,Walk-in,B005404,2025-26,True
Q004225,2025-11-11,Hotel Partner,B005420,2025-26,True
Q004321,2025-11-11,Instagram,B005535,2025-26,True
Q004334,2025-11-11,Walk-in,B005550,2025-26,True
Q004392,2025-11-11,OTA,B005621,2025-26,True
Q004523,2025-11-11,Walk-in,B005790,2025-26,True
Q008545,2025-11-11,OTA,,2025-26,False
Q008782,2025-11-11,Walk-in,,2025-26,False
Q008932,2025-11-11,OTA,,2025-26,False
Q009105,2025-11-11,Hotel Partner,,2025-26,False
Q009390,2025-11-11,Walk-in,,2025-26,False
Q009473,2025-11-11,Walk-in,,2025-26,False
Q009630,2025-11-11,Instagram,,2025-26,False
Q009868,2025-11-11,OTA,,2025-26,False
Q010082,2025-11-11,Website,,2025-26,False
Q010526,2025-11-11,Walk-in,,2025-26,False
Q004079,2025-11-12,Referral,B005229,2025-26,True
Q004125,2025-11-12,Walk-in,B005291,2025-26,True
Q004159,2025-11-12,Website,B005335,2025-26,True
Q004212,2025-11-12,Website,B005403,2025-26,True
Q004313,2025-11-12,Instagram,B005525,2025-26,True
Q008803,2025-11-12,Walk-in,,2025-26,False
Q009022,2025-11-12,Walk-in,,2025-26,False
Q009070,2025-11-12,OTA,,2025-26,False
Q009181,2025-11-12,OTA,,2025-26,False
Q009476,2025-11-12,OTA,,2025-26,False
Q009587,2025-11-12,Walk-in,,2025-26,False
Q009626,2025-11-12,OTA,,2025-26,False
Q009715,2025-11-12,Hotel Partner,,2025-26,False
Q010381,2025-11-12,Walk-in,,2025-26,False
Q004203,2025-11-13,Walk-in,B005392,2025-26,True
Q004292,2025-11-13,Hotel Partner,B005502,2025-26,True
Q004294,2025-11-13,Walk-in,B005504,2025-26,True
Q004324,2025-11-13,Walk-in,B005539,2025-26,True
Q004339,2025-11-13,Website,B005555,2025-26,True
Q004358,2025-11-13,Referral,B005577,2025-26,True
Q004397,2025-11-13,OTA,B005626,2025-26,True
Q004404,2025-11-13,Hotel Partner,B005636,2025-26,True
Q004458,2025-11-13,OTA,B005707,2025-26,True
Q004520,2025-11-13,Referral,B005786,2025-26,True
Q004534,2025-11-13,Website,B005803,2025-26,True
Q008505,2025-11-13,Website,,2025-26,False
Q008622,2025-11-13,Referral,,2025-26,False
Q008683,2025-11-13,Instagram,,2025-26,False
Q008742,2025-11-13,Website,,2025-26,False
Q010089,2025-11-13,Walk-in,,2025-26,False
Q010417,2025-11-13,Referral,,2025-26,False
Q010443,2025-11-13,OTA,,2025-26,False
Q010518,2025-11-13,Walk-in,,2025-26,False
Q010743,2025-11-13,Website,,2025-26,False
Q010844,2025-11-13,Walk-in,,2025-26,False
Q004148,2025-11-14,Walk-in,B005319,2025-26,True
Q004194,2025-11-14,Walk-in,B005380,2025-26,True
Q004264,2025-11-14,OTA,B005467,2025-26,True
Q004267,2025-11-14,Website,B005470,2025-26,True
Q004286,2025-11-14,OTA,B005494,2025-26,True
Q004361,2025-11-14,OTA,B005582,2025-26,True
Q004461,2025-11-14,OTA,B005710,2025-26,True
Q004466,2025-11-14,Website,B005720,2025-26,True
Q004504,2025-11-14,OTA,B005765,2025-26,True
Q004509,2025-11-14,OTA,B005772,2025-26,True
Q008517,2025-11-14,OTA,,2025-26,False
Q008732,2025-11-14,Instagram,,2025-26,False
Q008875,2025-11-14,Hotel Partner,,2025-26,False
Q009166,2025-11-14,Instagram,,2025-26,False
Q009277,2025-11-14,Instagram,,2025-26,False
Q009897,2025-11-14,Website,,2025-26,False
Q010509,2025-11-14,OTA,,2025-26,False
Q010595,2025-11-14,OTA,,2025-26,False
Q010611,2025-11-14,OTA,,2025-26,False
Q010730,2025-11-14,Instagram,,2025-26,False
Q004173,2025-11-15,Walk-in,B005353,2025-26,True
Q004241,2025-11-15,Walk-in,B005441,2025-26,True
Q004243,2025-11-15,Website,B005443,2025-26,True
Q004387,2025-11-15,Website,B005615,2025-26,True
Q004407,2025-11-15,Walk-in,B005639,2025-26,True
Q004414,2025-11-15,OTA,B005651,2025-26,True
Q004481,2025-11-15,Walk-in,B005737,2025-26,True
Q004531,2025-11-15,OTA,B005798,2025-26,True
Q008550,2025-11-15,OTA,,2025-26,False
Q008861,2025-11-15,Walk-in,,2025-26,False
Q008948,2025-11-15,Website,,2025-26,False
Q009018,2025-11-15,Referral,,2025-26,False
Q009063,2025-11-15,OTA,,2025-26,False
Q009117,2025-11-15,Hotel Partner,,2025-26,False
Q010204,2025-11-15,Referral,,2025-26,False
Q004280,2025-11-16,Website,B005484,2025-26,True
Q004351,2025-11-16,OTA,B005569,2025-26,True
Q004440,2025-11-16,Website,B005682,2025-26,True
Q004441,2025-11-16,OTA,B005683,2025-26,True
Q004497,2025-11-16,Referral,B005758,2025-26,True
Q008500,2025-11-16,OTA,,2025-26,False
Q008696,2025-11-16,OTA,,2025-26,False
Q008812,2025-11-16,Walk-in,,2025-26,False
Q009168,2025-11-16,OTA,,2025-26,False
Q009179,2025-11-16,Walk-in,,2025-26,False
Q009333,2025-11-16,OTA,,2025-26,False
Q009378,2025-11-16,Website,,2025-26,False
Q009612,2025-11-16,Website,,2025-26,False
Q009945,2025-11-16,Website,,2025-26,False
Q009992,2025-11-16,OTA,,2025-26,False
Q010241,2025-11-16,Referral,,2025-26,False
Q010272,2025-11-16,Walk-in,,2025-26,False
Q010378,2025-11-16,OTA,,2025-26,False
Q010768,2025-11-16,Website,,2025-26,False
Q004115,2025-11-17,OTA,B005279,2025-26,True
Q004146,2025-11-17,Instagram,B005317,2025-26,True
Q004226,2025-11-17,OTA,B005422,2025-26,True
Q004323,2025-11-17,Website,B005538,2025-26,True
Q004355,2025-11-17,Hotel Partner,B005574,2025-26,True
Q004476,2025-11-17,OTA,B005732,2025-26,True
Q008529,2025-11-17,OTA,,2025-26,False
Q008612,2025-11-17,Walk-in,,2025-26,False
Q009135,2025-11-17,Referral,,2025-26,False
Q009413,2025-11-17,Website,,2025-26,False
Q009705,2025-11-17,Website,,2025-26,False
Q009821,2025-11-17,OTA,,2025-26,False
Q010061,2025-11-17,Referral,,2025-26,False
Q010113,2025-11-17,OTA,,2025-26,False
Q010194,2025-11-17,Website,,2025-26,False
Q010390,2025-11-17,Walk-in,,2025-26,False
Q010442,2025-11-17,Hotel Partner,,2025-26,False
Q010538,2025-11-17,Referral,,2025-26,False
Q010551,2025-11-17,Referral,,2025-26,False
Q010593,2025-11-17,Referral,,2025-26,False
Q004122,2025-11-18,OTA,B005287,2025-26,True
Q004141,2025-11-18,Walk-in,B005311,2025-26,True
Q004242,2025-11-18,Walk-in,B005442,2025-26,True
Q004246,2025-11-18,Hotel Partner,B005446,2025-26,True
Q004277,2025-11-18,Website,B005481,2025-26,True
Q004293,2025-11-18,OTA,B005503,2025-26,True
Q004338,2025-11-18,Website,B005554,2025-26,True
Q004398,2025-11-18,OTA,B005628,2025-26,True
Q004402,2025-11-18,Hotel Partner,B005633,2025-26,True
Q004426,2025-11-18,OTA,B005666,2025-26,True
Q004462,2025-11-18,Walk-in,B005712,2025-26,True
Q004482,2025-11-18,Website,B005738,2025-26,True
Q004524,2025-11-18,Walk-in,B005791,2025-26,True
Q004606,2025-11-18,Hotel Partner,B005904,2025-26,True
Q008509,2025-11-18,OTA,,2025-26,False
Q008981,2025-11-18,Walk-in,,2025-26,False
Q009056,2025-11-18,Walk-in,,2025-26,False
Q009472,2025-11-18,Walk-in,,2025-26,False
Q009693,2025-11-18,Website,,2025-26,False
Q009988,2025-11-18,Referral,,2025-26,False
Q010013,2025-11-18,Walk-in,,2025-26,False
Q010165,2025-11-18,Hotel Partner,,2025-26,False
Q010601,2025-11-18,Website,,2025-26,False
Q010608,2025-11-18,OTA,,2025-26,False
Q004152,2025-11-19,Hotel Partner,B005324,2025-26,True
Q004167,2025-11-19,OTA,B005344,2025-26,True
Q004208,2025-11-19,OTA,B005398,2025-26,True
Q004216,2025-11-19,Referral,B005410,2025-26,True
Q004252,2025-11-19,Instagram,B005452,2025-26,True
Q004273,2025-11-19,Walk-in,B005477,2025-26,True
Q004298,2025-11-19,OTA,B005508,2025-26,True
Q004345,2025-11-19,Referral,B005562,2025-26,True
Q004359,2025-11-19,Walk-in,B005578,2025-26,True
Q004367,2025-11-19,Walk-in,B005589,2025-26,True
Q004464,2025-11-19,Walk-in,B005715,2025-26,True
Q004474,2025-11-19,Walk-in,B005730,2025-26,True
Q009142,2025-11-19,OTA,,2025-26,False
Q009387,2025-11-19,OTA,,2025-26,False
Q010384,2025-11-19,OTA,,2025-26,False
Q010582,2025-11-19,Instagram,,2025-26,False
Q010673,2025-11-19,Walk-in,,2025-26,False
Q004132,2025-11-20,Website,B005300,2025-26,True
Q004163,2025-11-20,Walk-in,B005340,2025-26,True
Q004176,2025-11-20,Website,B005357,2025-26,True
Q004256,2025-11-20,Instagram,B005458,2025-26,True
Q004335,2025-11-20,Instagram,B005551,2025-26,True
Q004394,2025-11-20,Referral,B005623,2025-26,True
Q004405,2025-11-20,Walk-in,B005637,2025-26,True
Q004459,2025-11-20,Hotel Partner,B005708,2025-26,True
Q008615,2025-11-20,Walk-in,,2025-26,False
Q008753,2025-11-20,Website,,2025-26,False
Q008827,2025-11-20,Referral,,2025-26,False
Q008860,2025-11-20,Instagram,,2025-26,False
Q009049,2025-11-20,Website,,2025-26,False
Q009217,2025-11-20,OTA,,2025-26,False
Q009492,2025-11-20,Referral,,2025-26,False
Q009673,2025-11-20,Walk-in,,2025-26,False
Q009879,2025-11-20,Walk-in,,2025-26,False
Q009895,2025-11-20,OTA,,2025-26,False
Q009969,2025-11-20,Hotel Partner,,2025-26,False
Q010201,2025-11-20,Walk-in,,2025-26,False
Q010331,2025-11-20,Website,,2025-26,False
Q010818,2025-11-20,Instagram,,2025-26,False
Q004124,2025-11-21,OTA,B005289,2025-26,True
Q004230,2025-11-21,Website,B005428,2025-26,True
Q004318,2025-11-21,Website,B005531,2025-26,True
Q004395,2025-11-21,Website,B005624,2025-26,True
Q004478,2025-11-21,Website,B005734,2025-26,True
Q004485,2025-11-21,Website,B005742,2025-26,True
Q004542,2025-11-21,Referral,B005820,2025-26,True
Q004560,2025-11-21,Walk-in,B005843,2025-26,True
Q004564,2025-11-21,Hotel Partner,B005847,2025-26,True
Q004571,2025-11-21,OTA,B005854,2025-26,True
Q004572,2025-11-21,OTA,B005856,2025-26,True
Q008730,2025-11-21,Referral,,2025-26,False
Q009075,2025-11-21,OTA,,2025-26,False
Q009985,2025-11-21,OTA,,2025-26,False
Q010163,2025-11-21,OTA,,2025-26,False
Q010232,2025-11-21,Instagram,,2025-26,False
Q010796,2025-11-21,Walk-in,,2025-26,False
Q010819,2025-11-21,Instagram,,2025-26,False
Q004171,2025-11-22,OTA,B005351,2025-26,True
Q004250,2025-11-22,Walk-in,B005450,2025-26,True
Q004258,2025-11-22,Website,B005461,2025-26,True
Q004272,2025-11-22,OTA,B005476,2025-26,True
Q004288,2025-11-22,OTA,B005496,2025-26,True
Q004304,2025-11-22,OTA,B005516,2025-26,True
Q004322,2025-11-22,OTA,B005536,2025-26,True
Q004411,2025-11-22,Walk-in,B005645,2025-26,True
Q004415,2025-11-22,OTA,B005652,2025-26,True
Q004417,2025-11-22,Walk-in,B005654,2025-26,True
Q004419,2025-11-22,Website,B005659,2025-26,True
Q004437,2025-11-22,OTA,B005679,2025-26,True
Q004477,2025-11-22,Website,B005733,2025-26,True
Q004494,2025-11-22,OTA,B005754,2025-26,True
Q004499,2025-11-22,OTA,B005760,2025-26,True
Q004522,2025-11-22,Website,B005789,2025-26,True
Q004578,2025-11-22,Instagram,B005865,2025-26,True
Q008570,2025-11-22,Referral,,2025-26,False
Q008617,2025-11-22,Hotel Partner,,2025-26,False
Q009112,2025-11-22,Walk-in,,2025-26,False
Q009252,2025-11-22,Website,,2025-26,False
Q009450,2025-11-22,Website,,2025-26,False
Q010162,2025-11-22,Website,,2025-26,False
Q010311,2025-11-22,OTA,,2025-26,False
Q010627,2025-11-22,Instagram,,2025-26,False
Q010817,2025-11-22,Walk-in,,2025-26,False
Q004215,2025-11-23,Website,B005409,2025-26,True
Q004317,2025-11-23,Walk-in,B005530,2025-26,True
Q004342,2025-11-23,Instagram,B005558,2025-26,True
Q004382,2025-11-23,Referral,B005610,2025-26,True
Q004508,2025-11-23,Walk-in,B005769,2025-26,True
Q004527,2025-11-23,Website,B005794,2025-26,True
Q008735,2025-11-23,Walk-in,,2025-26,False
Q009120,2025-11-23,OTA,,2025-26,False
Q009344,2025-11-23,OTA,,2025-26,False
Q009375,2025-11-23,Referral,,2025-26,False
Q009454,2025-11-23,Website,,2025-26,False
Q009475,2025-11-23,Referral,,2025-26,False
Q009613,2025-11-23,Walk-in,,2025-26,False
Q009714,2025-11-23,Hotel Partner,,2025-26,False
Q009729,2025-11-23,Instagram,,2025-26,False
Q009810,2025-11-23,OTA,,2025-26,False
Q010045,2025-11-23,Website,,2025-26,False
Q010342,2025-11-23,OTA,,2025-26,False
Q010347,2025-11-23,OTA,,2025-26,False
Q010488,2025-11-23,Website,,2025-26,False
Q004206,2025-11-24,Website,B005395,2025-26,True
Q004237,2025-11-24,Website,B005436,2025-26,True
Q004259,2025-11-24,Website,B005462,2025-26,True
Q004282,2025-11-24,OTA,B005488,2025-26,True
Q004283,2025-11-24,Walk-in,B005489,2025-26,True
Q004379,2025-11-24,Website,B005606,2025-26,True
Q004408,2025-11-24,Referral,B005640,2025-26,True
Q004450,2025-11-24,Walk-in,B005698,2025-26,True
Q004551,2025-11-24,OTA,B005833,2025-26,True
Q004554,2025-11-24,Walk-in,B005837,2025-26,True
Q004575,2025-11-24,OTA,B005862,2025-26,True
Q008556,2025-11-24,Hotel Partner,,2025-26,False
Q008723,2025-11-24,OTA,,2025-26,False
Q008814,2025-11-24,OTA,,2025-26,False
Q008911,2025-11-24,Walk-in,,2025-26,False
Q009309,2025-11-24,Walk-in,,2025-26,False
Q009432,2025-11-24,Website,,2025-26,False
Q009464,2025-11-24,OTA,,2025-26,False
Q009507,2025-11-24,OTA,,2025-26,False
Q010760,2025-11-24,Hotel Partner,,2025-26,False
Q004223,2025-11-25,OTA,B005417,2025-26,True
Q004341,2025-11-25,Referral,B005557,2025-26,True
Q004362,2025-11-25,Walk-in,B005583,2025-26,True
Q004433,2025-11-25,Walk-in,B005674,2025-26,True
Q004456,2025-11-25,Hotel Partner,B005705,2025-26,True
Q004472,2025-11-25,OTA,B005726,2025-26,True
Q004514,2025-11-25,Instagram,B005778,2025-26,True
Q004541,2025-11-25,OTA,B005818,2025-26,True
Q009425,2025-11-25,OTA,,2025-26,False
Q009576,2025-11-25,OTA,,2025-26,False
Q010133,2025-11-25,Hotel Partner,,2025-26,False
Q010482,2025-11-25,Instagram,,2025-26,False
Q004190,2025-11-26,Website,B005375,2025-26,True
Q004295,2025-11-26,OTA,B005505,2025-26,True
Q004344,2025-11-26,Walk-in,B005561,2025-26,True
Q004368,2025-11-26,Walk-in,B005590,2025-26,True
Q004380,2025-11-26,OTA,B005607,2025-26,True
Q004390,2025-11-26,OTA,B005619,2025-26,True
Q004403,2025-11-26,OTA,B005635,2025-26,True
Q004513,2025-11-26,Walk-in,B005777,2025-26,True
Q004547,2025-11-26,OTA,B005827,2025-26,True
Q004574,2025-11-26,Hotel Partner,B005861,2025-26,True
Q004589,2025-11-26,Instagram,B005880,2025-26,True
Q004590,2025-11-26,OTA,B005881,2025-26,True
Q004608,2025-11-26,OTA,B005907,2025-26,True
Q004622,2025-11-26,OTA,B005921,2025-26,True
Q008955,2025-11-26,OTA,,2025-26,False
Q009006,2025-11-26,Instagram,,2025-26,False
Q009346,2025-11-26,OTA,,2025-26,False
Q009499,2025-11-26,OTA,,2025-26,False
Q009511,2025-11-26,OTA,,2025-26,False
Q009556,2025-11-26,Hotel Partner,,2025-26,False
Q009764,2025-11-26,Referral,,2025-26,False
Q010078,2025-11-26,Walk-in,,2025-26,False
Q004156,2025-11-27,Hotel Partner,B005331,2025-26,True
Q004300,2025-11-27,Instagram,B005510,2025-26,True
Q004306,2025-11-27,Referral,B005518,2025-26,True
Q004352,2025-11-27,Website,B005571,2025-26,True
Q004356,2025-11-27,OTA,B005575,2025-26,True
Q004487,2025-11-27,Walk-in,B005745,2025-26,True
Q004528,2025-11-27,Hotel Partner,B005795,2025-26,True
Q004579,2025-11-27,OTA,B005867,2025-26,True
Q009302,2025-11-27,Hotel Partner,,2025-26,False
Q009699,2025-11-27,Walk-in,,2025-26,False
Q009783,2025-11-27,OTA,,2025-26,False
Q009852,2025-11-27,OTA,,2025-26,False
Q010250,2025-11-27,Walk-in,,2025-26,False
Q010494,2025-11-27,OTA,,2025-26,False
Q004229,2025-11-28,Referral,B005427,2025-26,True
Q004416,2025-11-28,Instagram,B005653,2025-26,True
Q004489,2025-11-28,OTA,B005747,2025-26,True
Q004500,2025-11-28,Walk-in,B005761,2025-26,True
Q008656,2025-11-28,Website,,2025-26,False
Q008967,2025-11-28,Website,,2025-26,False
Q009104,2025-11-28,Referral,,2025-26,False
Q009136,2025-11-28,Walk-in,,2025-26,False
Q009234,2025-11-28,Referral,,2025-26,False
Q009250,2025-11-28,Website,,2025-26,False
Q009477,2025-11-28,Website,,2025-26,False
Q009756,2025-11-28,Instagram,,2025-26,False
Q009888,2025-11-28,Hotel Partner,,2025-26,False
Q010058,2025-11-28,Hotel Partner,,2025-26,False
Q010101,2025-11-28,OTA,,2025-26,False
Q010478,2025-11-28,Walk-in,,2025-26,False
Q010512,2025-11-28,Hotel Partner,,2025-26,False
Q010528,2025-11-28,Walk-in,,2025-26,False
Q010647,2025-11-28,OTA,,2025-26,False
Q010813,2025-11-28,OTA,,2025-26,False
Q004224,2025-11-29,OTA,B005418,2025-26,True
Q004309,2025-11-29,Instagram,B005521,2025-26,True
Q004325,2025-11-29,OTA,B005540,2025-26,True
Q004329,2025-11-29,OTA,B005545,2025-26,True
Q004371,2025-11-29,Referral,B005593,2025-26,True
Q004521,2025-11-29,Instagram,B005787,2025-26,True
Q004525,2025-11-29,Walk-in,B005792,2025-26,True
Q004633,2025-11-29,Walk-in,B005935,2025-26,True
Q008531,2025-11-29,Walk-in,,2025-26,False
Q008568,2025-11-29,Website,,2025-26,False
Q009101,2025-11-29,Instagram,,2025-26,False
Q009393,2025-11-29,Referral,,2025-26,False
Q009651,2025-11-29,Referral,,2025-26,False
Q009989,2025-11-29,OTA,,2025-26,False
Q010160,2025-11-29,Walk-in,,2025-26,False
Q010343,2025-11-29,Website,,2025-26,False
Q010412,2025-11-29,OTA,,2025-26,False
Q010588,2025-11-29,Walk-in,,2025-26,False
Q004276,2025-11-30,Instagram,B005480,2025-26,True
Q004348,2025-11-30,Instagram,B005565,2025-26,True
Q004370,2025-11-30,Referral,B005592,2025-26,True
Q004389,2025-11-30,Walk-in,B005617,2025-26,True
Q004445,2025-11-30,OTA,B005692,2025-26,True
Q004447,2025-11-30,Instagram,B005695,2025-26,True
Q004465,2025-11-30,Walk-in,B005719,2025-26,True
Q004516,2025-11-30,OTA,B005781,2025-26,True
Q004544,2025-11-30,Website,B005822,2025-26,True
Q008561,2025-11-30,Walk-in,,2025-26,False
Q008584,2025-11-30,Website,,2025-26,False
Q008668,2025-11-30,Instagram,,2025-26,False
Q008927,2025-11-30,Instagram,,2025-26,False
Q009184,2025-11-30,Walk-in,,2025-26,False
Q009636,2025-11-30,Website,,2025-26,False
Q010303,2025-11-30,Instagram,,2025-26,False
Q010429,2025-11-30,Website,,2025-26,False
Q010458,2025-11-30,Walk-in,,2025-26,False
Q010797,2025-11-30,Website,,2025-26,False
Q004238,2025-12-01,Website,B005437,2025-26,True
Q004319,2025-12-01,Hotel Partner,B005533,2025-26,True
Q004349,2025-12-01,Walk-in,B005566,2025-26,True
Q004406,2025-12-01,OTA,B005638,2025-26,True
Q004454,2025-12-01,Referral,B005703,2025-26,True
Q004537,2025-12-01,OTA,B005812,2025-26,True
Q004592,2025-12-01,Hotel Partner,B005883,2025-26,True
Q004617,2025-12-01,Hotel Partner,B005916,2025-26,True
Q004636,2025-12-01,OTA,B005939,2025-26,True
Q004655,2025-12-01,Walk-in,B005965,2025-26,True
Q009336,2025-12-01,Instagram,,2025-26,False
Q009873,2025-12-01,OTA,,2025-26,False
Q009905,2025-12-01,Walk-in,,2025-26,False
Q009931,2025-12-01,Walk-in,,2025-26,False
Q010073,2025-12-01,Website,,2025-26,False
Q010185,2025-12-01,OTA,,2025-26,False
Q010408,2025-12-01,Instagram,,2025-26,False
Q010665,2025-12-01,OTA,,2025-26,False
Q004187,2025-12-02,Instagram,B005371,2025-26,True
Q004235,2025-12-02,OTA,B005434,2025-26,True
Q004409,2025-12-02,Walk-in,B005643,2025-26,True
Q004469,2025-12-02,Walk-in,B005723,2025-26,True
Q004502,2025-12-02,OTA,B005763,2025-26,True
Q004517,2025-12-02,OTA,B005782,2025-26,True
Q004595,2025-12-02,OTA,B005891,2025-26,True
Q004611,2025-12-02,OTA,B005910,2025-26,True
Q004678,2025-12-02,Website,B005993,2025-26,True
Q008636,2025-12-02,Website,,2025-26,False
Q008729,2025-12-02,OTA,,2025-26,False
Q009213,2025-12-02,Hotel Partner,,2025-26,False
Q009876,2025-12-02,Instagram,,2025-26,False
Q009996,2025-12-02,Instagram,,2025-26,False
Q010511,2025-12-02,Walk-in,,2025-26,False
Q010536,2025-12-02,Instagram,,2025-26,False
Q004227,2025-12-03,Hotel Partner,B005423,2025-26,True
Q004369,2025-12-03,Walk-in,B005591,2025-26,True
Q004378,2025-12-03,OTA,B005603,2025-26,True
Q004412,2025-12-03,OTA,B005646,2025-26,True
Q004555,2025-12-03,Website,B005838,2025-26,True
Q004565,2025-12-03,Website,B005848,2025-26,True
Q004569,2025-12-03,Instagram,B005852,2025-26,True
Q004583,2025-12-03,OTA,B005872,2025-26,True
Q008686,2025-12-03,OTA,,2025-26,False
Q009501,2025-12-03,OTA,,2025-26,False
Q009782,2025-12-03,Website,,2025-26,False
Q009817,2025-12-03,OTA,,2025-26,False
Q009944,2025-12-03,Website,,2025-26,False
Q010093,2025-12-03,Hotel Partner,,2025-26,False
Q010131,2025-12-03,Referral,,2025-26,False
Q010302,2025-12-03,OTA,,2025-26,False
Q010826,2025-12-03,OTA,,2025-26,False
Q010838,2025-12-03,Instagram,,2025-26,False
Q004217,2025-12-04,OTA,B005411,2025-26,True
Q004265,2025-12-04,Instagram,B005468,2025-26,True
Q004377,2025-12-04,OTA,B005602,2025-26,True
Q004381,2025-12-04,Walk-in,B005608,2025-26,True
Q004393,2025-12-04,Website,B005622,2025-26,True
Q004480,2025-12-04,OTA,B005736,2025-26,True
Q004519,2025-12-04,OTA,B005785,2025-26,True
Q004550,2025-12-04,OTA,B005830,2025-26,True
Q004553,2025-12-04,Referral,B005836,2025-26,True
Q004607,2025-12-04,Website,B005905,2025-26,True
Q004613,2025-12-04,OTA,B005912,2025-26,True
Q004642,2025-12-04,Walk-in,B005948,2025-26,True
Q009429,2025-12-04,Referral,,2025-26,False
Q009641,2025-12-04,OTA,,2025-26,False
Q009766,2025-12-04,Website,,2025-26,False
Q010181,2025-12-04,Walk-in,,2025-26,False
Q010401,2025-12-04,Instagram,,2025-26,False
Q010567,2025-12-04,Website,,2025-26,False
Q010689,2025-12-04,Walk-in,,2025-26,False
Q004307,2025-12-05,Hotel Partner,B005519,2025-26,True
Q004347,2025-12-05,Walk-in,B005564,2025-26,True
Q004422,2025-12-05,Referral,B005662,2025-26,True
Q004429,2025-12-05,Referral,B005669,2025-26,True
Q004436,2025-12-05,Instagram,B005677,2025-26,True
Q004503,2025-12-05,OTA,B005764,2025-26,True
Q004510,2025-12-05,Website,B005773,2025-26,True
Q004530,2025-12-05,OTA,B005797,2025-26,True
Q004533,2025-12-05,Referral,B005802,2025-26,True
Q004540,2025-12-05,Walk-in,B005817,2025-26,True
Q004548,2025-12-05,Website,B005828,2025-26,True
Q004615,2025-12-05,Walk-in,B005914,2025-26,True
Q004621,2025-12-05,OTA,B005920,2025-26,True
Q004627,2025-12-05,OTA,B005929,2025-26,True
Q009005,2025-12-05,OTA,,2025-26,False
Q009096,2025-12-05,Website,,2025-26,False
Q009438,2025-12-05,Hotel Partner,,2025-26,False
Q009909,2025-12-05,OTA,,2025-26,False
Q010579,2025-12-05,OTA,,2025-26,False
Q004245,2025-12-06,Walk-in,B005445,2025-26,True
Q004290,2025-12-06,Instagram,B005498,2025-26,True
Q004301,2025-12-06,OTA,B005511,2025-26,True
Q004312,2025-12-06,Referral,B005524,2025-26,True
Q004326,2025-12-06,OTA,B005541,2025-26,True
Q004333,2025-12-06,Hotel Partner,B005549,2025-26,True
Q004354,2025-12-06,OTA,B005573,2025-26,True
Q004365,2025-12-06,OTA,B005587,2025-26,True
Q004420,2025-12-06,Walk-in,B005660,2025-26,True
Q004457,2025-12-06,Website,B005706,2025-26,True
Q004479,2025-12-06,Instagram,B005735,2025-26,True
Q004539,2025-12-06,OTA,B005816,2025-26,True
Q004561,2025-12-06,Walk-in,B005844,2025-26,True
Q004584,2025-12-06,OTA,B005875,2025-26,True
Q004604,2025-12-06,OTA,B005902,2025-26,True
Q009122,2025-12-06,OTA,,2025-26,False
Q009354,2025-12-06,Walk-in,,2025-26,False
Q009448,2025-12-06,Website,,2025-26,False
Q009451,2025-12-06,Referral,,2025-26,False
Q010118,2025-12-06,Hotel Partner,,2025-26,False
Q010186,2025-12-06,Website,,2025-26,False
Q010214,2025-12-06,Hotel Partner,,2025-26,False
Q010804,2025-12-06,OTA,,2025-26,False
Q004448,2025-12-07,OTA,B005696,2025-26,True
Q004599,2025-12-07,Instagram,B005897,2025-26,True
Q004624,2025-12-07,Instagram,B005923,2025-26,True
Q004630,2025-12-07,Referral,B005932,2025-26,True
Q004713,2025-12-07,Website,B006040,2025-26,True
Q008503,2025-12-07,Referral,,2025-26,False
Q008687,2025-12-07,Walk-in,,2025-26,False
Q008787,2025-12-07,Instagram,,2025-26,False
Q009229,2025-12-07,Website,,2025-26,False
Q009278,2025-12-07,Walk-in,,2025-26,False
Q009323,2025-12-07,Walk-in,,2025-26,False
Q009364,2025-12-07,OTA,,2025-26,False
Q009449,2025-12-07,Hotel Partner,,2025-26,False
Q009604,2025-12-07,Walk-in,,2025-26,False
Q009853,2025-12-07,Hotel Partner,,2025-26,False
Q010054,2025-12-07,Website,,2025-26,False
Q010349,2025-12-07,Website,,2025-26,False
Q010591,2025-12-07,Website,,2025-26,False
Q004372,2025-12-08,OTA,B005594,2025-26,True
Q004421,2025-12-08,OTA,B005661,2025-26,True
Q004434,2025-12-08,Walk-in,B005675,2025-26,True
Q004452,2025-12-08,Instagram,B005700,2025-26,True
Q004475,2025-12-08,Hotel Partner,B005731,2025-26,True
Q004618,2025-12-08,Walk-in,B005917,2025-26,True
Q004663,2025-12-08,Instagram,B005974,2025-26,True
Q004669,2025-12-08,OTA,B005983,2025-26,True
Q008675,2025-12-08,Instagram,,2025-26,False
Q008945,2025-12-08,Walk-in,,2025-26,False
Q009109,2025-12-08,Referral,,2025-26,False
Q009191,2025-12-08,Referral,,2025-26,False
Q009200,2025-12-08,Website,,2025-26,False
Q009995,2025-12-08,Hotel Partner,,2025-26,False
Q010229,2025-12-08,Instagram,,2025-26,False
Q010357,2025-12-08,OTA,,2025-26,False
Q010660,2025-12-08,OTA,,2025-26,False
Q010692,2025-12-08,Website,,2025-26,False
Q010766,2025-12-08,Walk-in,,2025-26,False
Q010777,2025-12-08,Walk-in,,2025-26,False
Q004363,2025-12-09,Walk-in,B005584,2025-26,True
Q004439,2025-12-09,Referral,B005681,2025-26,True
Q004451,2025-12-09,Walk-in,B005699,2025-26,True
Q004577,2025-12-09,OTA,B005864,2025-26,True
Q004582,2025-12-09,Hotel Partner,B005870,2025-26,True
Q004609,2025-12-09,Walk-in,B005908,2025-26,True
Q009529,2025-12-09,Walk-in,,2025-26,False
Q009589,2025-12-09,Instagram,,2025-26,False
Q004316,2025-12-10,Walk-in,B005528,2025-26,True
Q004471,2025-12-10,OTA,B005725,2025-26,True
Q004490,2025-12-10,Walk-in,B005748,2025-26,True
Q004535,2025-12-10,OTA,B005808,2025-26,True
Q004637,2025-12-10,OTA,B005941,2025-26,True
Q004706,2025-12-10,Referral,B006031,2025-26,True
Q004764,2025-12-10,Website,B006109,2025-26,True
Q008703,2025-12-10,OTA,,2025-26,False
Q008756,2025-12-10,Website,,2025-26,False
Q008816,2025-12-10,Instagram,,2025-26,False
Q008820,2025-12-10,Walk-in,,2025-26,False
Q008833,2025-12-10,Referral,,2025-26,False
Q009297,2025-12-10,Instagram,,2025-26,False
Q009521,2025-12-10,Instagram,,2025-26,False
Q009850,2025-12-10,OTA,,2025-26,False
Q010553,2025-12-10,Walk-in,,2025-26,False
Q004353,2025-12-11,Website,B005572,2025-26,True
Q004556,2025-12-11,OTA,B005839,2025-26,True
Q004614,2025-12-11,Walk-in,B005913,2025-26,True
Q004662,2025-12-11,Walk-in,B005972,2025-26,True
Q004668,2025-12-11,Referral,B005982,2025-26,True
Q004694,2025-12-11,Website,B006016,2025-26,True
Q004791,2025-12-11,OTA,B006143,2025-26,True
Q008716,2025-12-11,Website,,2025-26,False
Q008815,2025-12-11,OTA,,2025-26,False
Q008970,2025-12-11,Hotel Partner,,2025-26,False
Q009984,2025-12-11,OTA,,2025-26,False
Q010297,2025-12-11,Website,,2025-26,False
Q010656,2025-12-11,Walk-in,,2025-26,False
Q004302,2025-12-12,Referral,B005513,2025-26,True
Q004498,2025-12-12,Walk-in,B005759,2025-26,True
Q004580,2025-12-12,Walk-in,B005868,2025-26,True
Q004594,2025-12-12,OTA,B005886,2025-26,True
Q004635,2025-12-12,Referral,B005938,2025-26,True
Q004672,2025-12-12,OTA,B005986,2025-26,True
Q004682,2025-12-12,OTA,B006000,2025-26,True
Q004699,2025-12-12,OTA,B006024,2025-26,True
Q004782,2025-12-12,Walk-in,B006128,2025-26,True
Q008775,2025-12-12,Instagram,,2025-26,False
Q008891,2025-12-12,Walk-in,,2025-26,False
Q009017,2025-12-12,OTA,,2025-26,False
Q009051,2025-12-12,OTA,,2025-26,False
Q009527,2025-12-12,OTA,,2025-26,False
Q009601,2025-12-12,Website,,2025-26,False
Q009830,2025-12-12,OTA,,2025-26,False
Q009866,2025-12-12,Referral,,2025-26,False
Q010031,2025-12-12,Walk-in,,2025-26,False
Q010167,2025-12-12,Referral,,2025-26,False
Q010696,2025-12-12,Referral,,2025-26,False
Q004512,2025-12-13,Website,B005775,2025-26,True
Q004552,2025-12-13,Referral,B005835,2025-26,True
Q004610,2025-12-13,Walk-in,B005909,2025-26,True
Q004634,2025-12-13,Website,B005937,2025-26,True
Q004638,2025-12-13,Referral,B005942,2025-26,True
Q004670,2025-12-13,Walk-in,B005984,2025-26,True
Q008650,2025-12-13,Website,,2025-26,False
Q008959,2025-12-13,Walk-in,,2025-26,False
Q009489,2025-12-13,Instagram,,2025-26,False
Q009728,2025-12-13,OTA,,2025-26,False
Q009900,2025-12-13,Walk-in,,2025-26,False
Q009921,2025-12-13,Referral,,2025-26,False
Q009962,2025-12-13,Walk-in,,2025-26,False
Q010109,2025-12-13,Instagram,,2025-26,False
Q010793,2025-12-13,OTA,,2025-26,False
Q004385,2025-12-14,Hotel Partner,B005613,2025-26,True
Q004467,2025-12-14,Instagram,B005721,2025-26,True
Q004506,2025-12-14,Instagram,B005767,2025-26,True
Q004515,2025-12-14,Referral,B005779,2025-26,True
Q004532,2025-12-14,OTA,B005799,2025-26,True
Q004626,2025-12-14,Hotel Partner,B005928,2025-26,True
Q004652,2025-12-14,Walk-in,B005960,2025-26,True
Q004671,2025-12-14,Website,B005985,2025-26,True
Q004685,2025-12-14,Walk-in,B006004,2025-26,True
Q008677,2025-12-14,OTA,,2025-26,False
Q008986,2025-12-14,Instagram,,2025-26,False
Q010380,2025-12-14,Referral,,2025-26,False
Q010563,2025-12-14,OTA,,2025-26,False
Q010630,2025-12-14,Walk-in,,2025-26,False
Q010643,2025-12-14,OTA,,2025-26,False
Q004484,2025-12-15,Website,B005741,2025-26,True
Q004511,2025-12-15,OTA,B005774,2025-26,True
Q004549,2025-12-15,Referral,B005829,2025-26,True
Q004673,2025-12-15,Instagram,B005987,2025-26,True
Q004688,2025-12-15,Instagram,B006008,2025-26,True
Q008854,2025-12-15,Referral,,2025-26,False
Q008887,2025-12-15,Referral,,2025-26,False
Q009592,2025-12-15,Referral,,2025-26,False
Q009722,2025-12-15,Referral,,2025-26,False
Q009875,2025-12-15,OTA,,2025-26,False
Q010129,2025-12-15,Referral,,2025-26,False
Q010329,2025-12-15,Referral,,2025-26,False
Q010820,2025-12-15,Instagram,,2025-26,False
Q004430,2025-12-16,Website,B005670,2025-26,True
Q004438,2025-12-16,OTA,B005680,2025-26,True
Q004460,2025-12-16,Walk-in,B005709,2025-26,True
Q004495,2025-12-16,Website,B005755,2025-26,True
Q004559,2025-12-16,Walk-in,B005842,2025-26,True
Q004675,2025-12-16,Walk-in,B005990,2025-26,True
Q004679,2025-12-16,OTA,B005995,2025-26,True
Q004835,2025-12-16,OTA,B006203,2025-26,True
Q008649,2025-12-16,Walk-in,,2025-26,False
Q008974,2025-12-16,Referral,,2025-26,False
Q009679,2025-12-16,Referral,,2025-26,False
Q009786,2025-12-16,OTA,,2025-26,False
Q010260,2025-12-16,Website,,2025-26,False
Q010338,2025-12-16,Hotel Partner,,2025-26,False
Q010524,2025-12-16,Hotel Partner,,2025-26,False
Q010525,2025-12-16,Website,,2025-26,False
Q010732,2025-12-16,Walk-in,,2025-26,False
Q010770,2025-12-16,Walk-in,,2025-26,False
Q010787,2025-12-16,Referral,,2025-26,False
Q002722,2025-12-17,Website,B006144,2025-26,True
Q004425,2025-12-17,Website,B005665,2025-26,True
Q004640,2025-12-17,Hotel Partner,B005946,2025-26,True
Q004650,2025-12-17,Walk-in,B005958,2025-26,True
Q004717,2025-12-17,Walk-in,B006047,2025-26,True
Q004736,2025-12-17,Walk-in,B006073,2025-26,True
Q008530,2025-12-17,Hotel Partner,,2025-26,False
Q008560,2025-12-17,OTA,,2025-26,False
Q008843,2025-12-17,Instagram,,2025-26,False
Q008917,2025-12-17,Referral,,2025-26,False
Q009269,2025-12-17,Walk-in,,2025-26,False
Q009600,2025-12-17,Walk-in,,2025-26,False
Q009680,2025-12-17,Instagram,,2025-26,False
Q009874,2025-12-17,Website,,2025-26,False
Q009880,2025-12-17,Website,,2025-26,False
Q009981,2025-12-17,OTA,,2025-26,False
Q010277,2025-12-17,Referral,,2025-26,False
Q010373,2025-12-17,Referral,,2025-26,False
Q010508,2025-12-17,Website,,2025-26,False
Q010631,2025-12-17,OTA,,2025-26,False
Q004488,2025-12-18,Walk-in,B005746,2025-26,True
Q004491,2025-12-18,Referral,B005749,2025-26,True
Q004496,2025-12-18,OTA,B005756,2025-26,True
Q004586,2025-12-18,Website,B005877,2025-26,True
Q004588,2025-12-18,OTA,B005879,2025-26,True
Q004697,2025-12-18,OTA,B006020,2025-26,True
Q004762,2025-12-18,OTA,B006106,2025-26,True
Q004813,2025-12-18,OTA,B006177,2025-26,True
Q004845,2025-12-18,OTA,B006217,2025-26,True
Q009209,2025-12-18,OTA,,2025-26,False
Q009383,2025-12-18,Walk-in,,2025-26,False
Q009596,2025-12-18,OTA,,2025-26,False
Q009676,2025-12-18,Walk-in,,2025-26,False
Q009946,2025-12-18,Referral,,2025-26,False
Q010736,2025-12-18,Website,,2025-26,False
Q004410,2025-12-19,Walk-in,B005644,2025-26,True
Q004427,2025-12-19,Referral,B005667,2025-26,True
Q004492,2025-12-19,OTA,B005750,2025-26,True
Q004557,2025-12-19,Website,B005840,2025-26,True
Q004597,2025-12-19,OTA,B005893,2025-26,True
Q004729,2025-12-19,OTA,B006061,2025-26,True
Q004846,2025-12-19,Walk-in,B006219,2025-26,True
Q008630,2025-12-19,Website,,2025-26,False
Q009099,2025-12-19,Walk-in,,2025-26,False
Q009162,2025-12-19,Hotel Partner,,2025-26,False
Q009300,2025-12-19,OTA,,2025-26,False
Q009615,2025-12-19,Walk-in,,2025-26,False
Q010164,2025-12-19,OTA,,2025-26,False
Q010179,2025-12-19,Referral,,2025-26,False
Q010452,2025-12-19,Walk-in,,2025-26,False
Q010733,2025-12-19,OTA,,2025-26,False
Q000921,2025-12-20,Instagram,B005826,2025-26,True
Q004486,2025-12-20,Walk-in,B005743,2025-26,True
Q004505,2025-12-20,Website,B005766,2025-26,True
Q004573,2025-12-20,Website,B005860,2025-26,True
Q004616,2025-12-20,OTA,B005915,2025-26,True
Q004658,2025-12-20,OTA,B005968,2025-26,True
Q004702,2025-12-20,OTA,B006027,2025-26,True
Q004805,2025-12-20,Hotel Partner,B006161,2025-26,True
Q004869,2025-12-20,OTA,B006248,2025-26,True
Q008652,2025-12-20,OTA,,2025-26,False
Q008745,2025-12-20,OTA,,2025-26,False
Q008780,2025-12-20,Instagram,,2025-26,False
Q009093,2025-12-20,Website,,2025-26,False
Q009400,2025-12-20,OTA,,2025-26,False
Q009763,2025-12-20,Referral,,2025-26,False
Q010188,2025-12-20,Walk-in,,2025-26,False
Q010457,2025-12-20,Website,,2025-26,False
Q010654,2025-12-20,Walk-in,,2025-26,False
Q004473,2025-12-21,OTA,B005729,2025-26,True
Q004518,2025-12-21,Walk-in,B005783,2025-26,True
Q004526,2025-12-21,Referral,B005793,2025-26,True
Q004566,2025-12-21,OTA,B005849,2025-26,True
Q004629,2025-12-21,OTA,B005931,2025-26,True
Q004641,2025-12-21,Walk-in,B005947,2025-26,True
Q004704,2025-12-21,Instagram,B006029,2025-26,True
Q004730,2025-12-21,Hotel Partner,B006063,2025-26,True
Q004735,2025-12-21,Hotel Partner,B006070,2025-26,True
Q004806,2025-12-21,Instagram,B006162,2025-26,True
Q004857,2025-12-21,Walk-in,B006234,2025-26,True
Q008784,2025-12-21,OTA,,2025-26,False
Q009412,2025-12-21,Instagram,,2025-26,False
Q009545,2025-12-21,Walk-in,,2025-26,False
Q009584,2025-12-21,Instagram,,2025-26,False
Q009840,2025-12-21,OTA,,2025-26,False
Q010030,2025-12-21,Website,,2025-26,False
Q010487,2025-12-21,Website,,2025-26,False
Q004501,2025-12-22,OTA,B005762,2025-26,True
Q004546,2025-12-22,OTA,B005825,2025-26,True
Q004625,2025-12-22,OTA,B005926,2025-26,True
Q004690,2025-12-22,Website,B006012,2025-26,True
Q004698,2025-12-22,Website,B006022,2025-26,True
Q004749,2025-12-22,Walk-in,B006090,2025-26,True
Q004751,2025-12-22,OTA,B006092,2025-26,True
Q008573,2025-12-22,Website,,2025-26,False
Q008777,2025-12-22,OTA,,2025-26,False
Q009103,2025-12-22,Instagram,,2025-26,False
Q009124,2025-12-22,Referral,,2025-26,False
Q009226,2025-12-22,OTA,,2025-26,False
Q009737,2025-12-22,Instagram,,2025-26,False
Q009956,2025-12-22,OTA,,2025-26,False
Q010020,2025-12-22,OTA,,2025-26,False
Q010434,2025-12-22,Website,,2025-26,False
Q010720,2025-12-22,Instagram,,2025-26,False
Q010745,2025-12-22,Website,,2025-26,False
Q004536,2025-12-23,OTA,B005809,2025-26,True
Q004628,2025-12-23,Walk-in,B005930,2025-26,True
Q004644,2025-12-23,Walk-in,B005952,2025-26,True
Q004680,2025-12-23,OTA,B005996,2025-26,True
Q004683,2025-12-23,Website,B006002,2025-26,True
Q004734,2025-12-23,Instagram,B006068,2025-26,True
Q004758,2025-12-23,OTA,B006101,2025-26,True
Q004767,2025-12-23,Walk-in,B006113,2025-26,True
Q004786,2025-12-23,Referral,B006134,2025-26,True
Q008515,2025-12-23,OTA,,2025-26,False
Q008539,2025-12-23,Website,,2025-26,False
Q008855,2025-12-23,OTA,,2025-26,False
Q009008,2025-12-23,OTA,,2025-26,False
Q009076,2025-12-23,Website,,2025-26,False
Q010098,2025-12-23,OTA,,2025-26,False
Q010293,2025-12-23,Walk-in,,2025-26,False
Q010466,2025-12-23,Instagram,,2025-26,False
Q004455,2025-12-24,Instagram,B005704,2025-26,True
Q004568,2025-12-24,Website,B005851,2025-26,True
Q004593,2025-12-24,Walk-in,B005884,2025-26,True
Q004632,2025-12-24,Walk-in,B005934,2025-26,True
Q004656,2025-12-24,Website,B005966,2025-26,True
Q004709,2025-12-24,OTA,B006034,2025-26,True
Q004783,2025-12-24,OTA,B006130,2025-26,True
Q004792,2025-12-24,Walk-in,B006145,2025-26,True
Q004800,2025-12-24,Hotel Partner,B006156,2025-26,True
Q004807,2025-12-24,OTA,B006163,2025-26,True
Q004818,2025-12-24,OTA,B006182,2025-26,True
Q009284,2025-12-24,Referral,,2025-26,False
Q009384,2025-12-24,OTA,,2025-26,False
Q009634,2025-12-24,Website,,2025-26,False
Q009982,2025-12-24,Walk-in,,2025-26,False
Q010064,2025-12-24,OTA,,2025-26,False
Q010068,2025-12-24,Website,,2025-26,False
Q004507,2025-12-25,OTA,B005768,2025-26,True
Q004576,2025-12-25,OTA,B005863,2025-26,True
Q004596,2025-12-25,OTA,B005892,2025-26,True
Q004623,2025-12-25,OTA,B005922,2025-26,True
Q004753,2025-12-25,Walk-in,B006094,2025-26,True
Q004772,2025-12-25,Website,B006118,2025-26,True
Q004810,2025-12-25,OTA,B006171,2025-26,True
Q004838,2025-12-25,OTA,B006207,2025-26,True
Q008596,2025-12-25,Walk-in,,2025-26,False
Q008761,2025-12-25,Referral,,2025-26,False
Q009026,2025-12-25,Website,,2025-26,False
Q009172,2025-12-25,Instagram,,2025-26,False
Q009639,2025-12-25,Walk-in,,2025-26,False
Q010430,2025-12-25,Hotel Partner,,2025-26,False
Q010437,2025-12-25,Referral,,2025-26,False
Q004562,2025-12-26,Website,B005845,2025-26,True
Q004695,2025-12-26,OTA,B006017,2025-26,True
Q004724,2025-12-26,Instagram,B006056,2025-26,True
Q004746,2025-12-26,OTA,B006087,2025-26,True
Q004756,2025-12-26,OTA,B006099,2025-26,True
Q004799,2025-12-26,Website,B006155,2025-26,True
Q004823,2025-12-26,OTA,B006189,2025-26,True
Q004909,2025-12-26,OTA,B006300,2025-26,True
Q004926,2025-12-26,Walk-in,B006327,2025-26,True
Q008592,2025-12-26,Walk-in,,2025-26,False
Q008773,2025-12-26,Hotel Partner,,2025-26,False
Q008915,2025-12-26,Instagram,,2025-26,False
Q009116,2025-12-26,Website,,2025-26,False
Q009144,2025-12-26,Website,,2025-26,False
Q009540,2025-12-26,OTA,,2025-26,False
Q009856,2025-12-26,Website,,2025-26,False
Q009924,2025-12-26,OTA,,2025-26,False
Q010065,2025-12-26,Walk-in,,2025-26,False
Q010423,2025-12-26,OTA,,2025-26,False
Q010576,2025-12-26,OTA,,2025-26,False
Q004686,2025-12-27,Website,B006005,2025-26,True
Q004689,2025-12-27,Referral,B006010,2025-26,True
Q004733,2025-12-27,Referral,B006067,2025-26,True
Q004771,2025-12-27,Hotel Partner,B006117,2025-26,True
Q004775,2025-12-27,OTA,B006121,2025-26,True
Q004849,2025-12-27,Walk-in,B006223,2025-26,True
Q009322,2025-12-27,OTA,,2025-26,False
Q009371,2025-12-27,Walk-in,,2025-26,False
Q009555,2025-12-27,OTA,,2025-26,False
Q009777,2025-12-27,OTA,,2025-26,False
Q010000,2025-12-27,OTA,,2025-26,False
Q010360,2025-12-27,Referral,,2025-26,False
Q010379,2025-12-27,Website,,2025-26,False
Q010502,2025-12-27,Walk-in,,2025-26,False
Q004543,2025-12-28,Walk-in,B005821,2025-26,True
Q004591,2025-12-28,Website,B005882,2025-26,True
Q004603,2025-12-28,Hotel Partner,B005901,2025-26,True
Q004605,2025-12-28,Referral,B005903,2025-26,True
Q004631,2025-12-28,Walk-in,B005933,2025-26,True
Q004645,2025-12-28,Walk-in,B005953,2025-26,True
Q004665,2025-12-28,OTA,B005976,2025-26,True
Q004781,2025-12-28,Website,B006127,2025-26,True
Q004864,2025-12-28,Instagram,B006243,2025-26,True
Q004876,2025-12-28,OTA,B006257,2025-26,True
Q008699,2025-12-28,OTA,,2025-26,False
Q008829,2025-12-28,Walk-in,,2025-26,False
Q009254,2025-12-28,Website,,2025-26,False
Q009574,2025-12-28,Hotel Partner,,2025-26,False
Q009669,2025-12-28,Instagram,,2025-26,False
Q009738,2025-12-28,OTA,,2025-26,False
Q009980,2025-12-28,Referral,,2025-26,False
Q010075,2025-12-28,OTA,,2025-26,False
Q004581,2025-12-29,Instagram,B005869,2025-26,True
Q004587,2025-12-29,OTA,B005878,2025-26,True
Q004619,2025-12-29,OTA,B005918,2025-26,True
Q004653,2025-12-29,OTA,B005961,2025-26,True
Q004660,2025-12-29,Website,B005970,2025-26,True
Q004754,2025-12-29,Website,B006095,2025-26,True
Q004778,2025-12-29,OTA,B006124,2025-26,True
Q004834,2025-12-29,OTA,B006202,2025-26,True
Q008519,2025-12-29,Walk-in,,2025-26,False
Q008575,2025-12-29,OTA,,2025-26,False
Q008671,2025-12-29,OTA,,2025-26,False
Q009131,2025-12-29,OTA,,2025-26,False
Q009633,2025-12-29,Website,,2025-26,False
Q009957,2025-12-29,OTA,,2025-26,False
Q010050,2025-12-29,Walk-in,,2025-26,False
Q010086,2025-12-29,Website,,2025-26,False
Q010192,2025-12-29,Website,,2025-26,False
Q010244,2025-12-29,OTA,,2025-26,False
Q004470,2025-12-30,Referral,B005724,2025-26,True
Q004612,2025-12-30,OTA,B005911,2025-26,True
Q004712,2025-12-30,Hotel Partner,B006039,2025-26,True
Q004731,2025-12-30,Website,B006065,2025-26,True
Q004763,2025-12-30,Instagram,B006107,2025-26,True
Q004770,2025-12-30,Hotel Partner,B006116,2025-26,True
Q004798,2025-12-30,OTA,B006154,2025-26,True
Q004803,2025-12-30,Instagram,B006159,2025-26,True
Q004819,2025-12-30,Hotel Partner,B006183,2025-26,True
Q009273,2025-12-30,Walk-in,,2025-26,False
Q009466,2025-12-30,Instagram,,2025-26,False
Q009565,2025-12-30,OTA,,2025-26,False
Q009620,2025-12-30,Walk-in,,2025-26,False
Q010166,2025-12-30,Instagram,,2025-26,False
Q010498,2025-12-30,OTA,,2025-26,False
Q010520,2025-12-30,Referral,,2025-26,False
Q010577,2025-12-30,Referral,,2025-26,False
Q010705,2025-12-30,Instagram,,2025-26,False
Q004545,2025-12-31,Hotel Partner,B005824,2025-26,True
Q004647,2025-12-31,Hotel Partner,B005955,2025-26,True
Q004664,2025-12-31,Hotel Partner,B005975,2025-26,True
Q004667,2025-12-31,Website,B005979,2025-26,True
Q004701,2025-12-31,Website,B006026,2025-26,True
Q004707,2025-12-31,Website,B006032,2025-26,True
Q004715,2025-12-31,Website,B006045,2025-26,True
Q004814,2025-12-31,Website,B006178,2025-26,True
Q004821,2025-12-31,OTA,B006185,2025-26,True
Q008663,2025-12-31,Referral,,2025-26,False
Q008722,2025-12-31,OTA,,2025-26,False
Q009057,2025-12-31,Hotel Partner,,2025-26,False
Q009342,2025-12-31,OTA,,2025-26,False
Q009712,2025-12-31,Website,,2025-26,False
Q010644,2025-12-31,Referral,,2025-26,False
Q010833,2025-12-31,OTA,,2025-26,False
Q004598,2026-01-01,Walk-in,B005894,2025-26,True
Q004716,2026-01-01,Referral,B006046,2025-26,True
Q004727,2026-01-01,Website,B006059,2025-26,True
Q004789,2026-01-01,OTA,B006138,2025-26,True
Q004808,2026-01-01,OTA,B006165,2025-26,True
Q004822,2026-01-01,Hotel Partner,B006186,2025-26,True
Q004826,2026-01-01,OTA,B006193,2025-26,True
Q008625,2026-01-01,Walk-in,,2025-26,False
Q008946,2026-01-01,Referral,,2025-26,False
Q008968,2026-01-01,Instagram,,2025-26,False
Q009299,2026-01-01,OTA,,2025-26,False
Q009312,2026-01-01,OTA,,2025-26,False
Q010145,2026-01-01,Walk-in,,2025-26,False
Q004563,2026-01-02,Walk-in,B005846,2025-26,True
Q004651,2026-01-02,Walk-in,B005959,2025-26,True
Q004661,2026-01-02,Walk-in,B005971,2025-26,True
Q004681,2026-01-02,Hotel Partner,B005998,2025-26,True
Q004714,2026-01-02,OTA,B006043,2025-26,True
Q004721,2026-01-02,Instagram,B006052,2025-26,True
Q004908,2026-01-02,OTA,B006299,2025-26,True
Q008580,2026-01-02,OTA,,2025-26,False
Q008740,2026-01-02,OTA,,2025-26,False
Q009014,2026-01-02,Walk-in,,2025-26,False
Q009125,2026-01-02,OTA,,2025-26,False
Q009152,2026-01-02,Hotel Partner,,2025-26,False
Q009437,2026-01-02,Website,,2025-26,False
Q010444,2026-01-02,OTA,,2025-26,False
Q010522,2026-01-02,OTA,,2025-26,False
Q004601,2026-01-03,Website,B005899,2025-26,True
Q004648,2026-01-03,Referral,B005956,2025-26,True
Q004677,2026-01-03,Walk-in,B005992,2025-26,True
Q004693,2026-01-03,OTA,B006015,2025-26,True
Q004711,2026-01-03,Website,B006036,2025-26,True
Q004743,2026-01-03,Walk-in,B006084,2025-26,True
Q004761,2026-01-03,Website,B006105,2025-26,True
Q004873,2026-01-03,OTA,B006253,2025-26,True
Q004885,2026-01-03,Walk-in,B006270,2025-26,True
Q008905,2026-01-03,Hotel Partner,,2025-26,False
Q009045,2026-01-03,Walk-in,,2025-26,False
Q009642,2026-01-03,Walk-in,,2025-26,False
Q010439,2026-01-03,Instagram,,2025-26,False
Q010734,2026-01-03,Referral,,2025-26,False
Q010842,2026-01-03,OTA,,2025-26,False
Q004529,2026-01-04,Referral,B005796,2025-26,True
Q004538,2026-01-04,Walk-in,B005814,2025-26,True
Q004620,2026-01-04,Website,B005919,2025-26,True
Q004741,2026-01-04,OTA,B006080,2025-26,True
Q004755,2026-01-04,Referral,B006097,2025-26,True
Q004776,2026-01-04,Walk-in,B006122,2025-26,True
Q004847,2026-01-04,Website,B006220,2025-26,True
Q004855,2026-01-04,Website,B006229,2025-26,True
Q008609,2026-01-04,Website,,2025-26,False
Q009032,2026-01-04,Instagram,,2025-26,False
Q009158,2026-01-04,OTA,,2025-26,False
Q009253,2026-01-04,Hotel Partner,,2025-26,False
Q009290,2026-01-04,Referral,,2025-26,False
Q009433,2026-01-04,Website,,2025-26,False
Q009561,2026-01-04,OTA,,2025-26,False
Q009564,2026-01-04,OTA,,2025-26,False
Q010006,2026-01-04,Instagram,,2025-26,False
Q010018,2026-01-04,Instagram,,2025-26,False
Q010097,2026-01-04,OTA,,2025-26,False
Q010564,2026-01-04,Walk-in,,2025-26,False
Q010597,2026-01-04,OTA,,2025-26,False
Q010629,2026-01-04,Website,,2025-26,False
Q010675,2026-01-04,Referral,,2025-26,False
Q004558,2026-01-05,OTA,B005841,2025-26,True
Q004570,2026-01-05,OTA,B005853,2025-26,True
Q004602,2026-01-05,Website,B005900,2025-26,True
Q004654,2026-01-05,Instagram,B005964,2025-26,True
Q004740,2026-01-05,Hotel Partner,B006079,2025-26,True
Q004760,2026-01-05,OTA,B006104,2025-26,True
Q004766,2026-01-05,Walk-in,B006112,2025-26,True
Q004833,2026-01-05,Website,B006201,2025-26,True
Q004913,2026-01-05,Website,B006306,2025-26,True
Q004966,2026-01-05,OTA,B006380,2025-26,True
Q004968,2026-01-05,Website,B006383,2025-26,True
Q008541,2026-01-05,Hotel Partner,,2025-26,False
Q008680,2026-01-05,OTA,,2025-26,False
Q008724,2026-01-05,Hotel Partner,,2025-26,False
Q008916,2026-01-05,Referral,,2025-26,False
Q009019,2026-01-05,Referral,,2025-26,False
Q009834,2026-01-05,OTA,,2025-26,False
Q010367,2026-01-05,Website,,2025-26,False
Q010376,2026-01-05,Referral,,2025-26,False
Q010499,2026-01-05,OTA,,2025-26,False
Q010752,2026-01-05,Referral,,2025-26,False
Q004719,2026-01-06,Website,B006049,2025-26,True
Q004787,2026-01-06,Referral,B006135,2025-26,True
Q004893,2026-01-06,OTA,B006280,2025-26,True
Q008522,2026-01-06,Walk-in,,2025-26,False
Q008638,2026-01-06,Walk-in,,2025-26,False
Q009011,2026-01-06,Referral,,2025-26,False
Q009488,2026-01-06,OTA,,2025-26,False
Q009770,2026-01-06,Hotel Partner,,2025-26,False
Q010616,2026-01-06,Website,,2025-26,False
Q010763,2026-01-06,Hotel Partner,,2025-26,False
Q004600,2026-01-07,OTA,B005898,2025-26,True
Q004643,2026-01-07,Walk-in,B005950,2025-26,True
Q004687,2026-01-07,Website,B006006,2025-26,True
Q004728,2026-01-07,Hotel Partner,B006060,2025-26,True
Q008785,2026-01-07,Referral,,2025-26,False
Q008973,2026-01-07,Website,,2025-26,False
Q009055,2026-01-07,OTA,,2025-26,False
Q009211,2026-01-07,OTA,,2025-26,False
Q009407,2026-01-07,Instagram,,2025-26,False
Q009824,2026-01-07,Walk-in,,2025-26,False
Q009977,2026-01-07,OTA,,2025-26,False
Q010330,2026-01-07,Referral,,2025-26,False
Q010388,2026-01-07,OTA,,2025-26,False
Q010490,2026-01-07,OTA,,2025-26,False
Q010523,2026-01-07,OTA,,2025-26,False
Q010532,2026-01-07,Hotel Partner,,2025-26,False
Q010589,2026-01-07,OTA,,2025-26,False
Q010799,2026-01-07,Walk-in,,2025-26,False
Q002936,2026-01-08,Walk-in,B006317,2025-26,True
Q004649,2026-01-08,Hotel Partner,B005957,2025-26,True
Q004710,2026-01-08,Hotel Partner,B006035,2025-26,True
Q004718,2026-01-08,Hotel Partner,B006048,2025-26,True
Q004739,2026-01-08,OTA,B006078,2025-26,True
Q004747,2026-01-08,OTA,B006088,2025-26,True
Q004840,2026-01-08,OTA,B006211,2025-26,True
Q004842,2026-01-08,OTA,B006213,2025-26,True
Q004895,2026-01-08,OTA,B006282,2025-26,True
Q004931,2026-01-08,Walk-in,B006332,2025-26,True
Q004951,2026-01-08,Walk-in,B006359,2025-26,True
Q008518,2026-01-08,Hotel Partner,,2025-26,False
Q008586,2026-01-08,OTA,,2025-26,False
Q009145,2026-01-08,Referral,,2025-26,False
Q009395,2026-01-08,Walk-in,,2025-26,False
Q009588,2026-01-08,Walk-in,,2025-26,False
Q010110,2026-01-08,Website,,2025-26,False
Q004657,2026-01-09,Website,B005967,2025-26,True
Q004757,2026-01-09,Instagram,B006100,2025-26,True
Q004815,2026-01-09,Instagram,B006179,2025-26,True
Q004820,2026-01-09,Walk-in,B006184,2025-26,True
Q008825,2026-01-09,Hotel Partner,,2025-26,False
Q008935,2026-01-09,Website,,2025-26,False
Q009118,2026-01-09,Website,,2025-26,False
Q009187,2026-01-09,Instagram,,2025-26,False
Q009625,2026-01-09,Website,,2025-26,False
Q009878,2026-01-09,Walk-in,,2025-26,False
Q009910,2026-01-09,OTA,,2025-26,False
Q010008,2026-01-09,Instagram,,2025-26,False
Q004750,2026-01-10,Hotel Partner,B006091,2025-26,True
Q004809,2026-01-10,Hotel Partner,B006169,2025-26,True
Q004874,2026-01-10,Referral,B006254,2025-26,True
Q004889,2026-01-10,Referral,B006274,2025-26,True
Q004899,2026-01-10,OTA,B006286,2025-26,True
Q004924,2026-01-10,OTA,B006323,2025-26,True
Q008597,2026-01-10,Walk-in,,2025-26,False
Q008605,2026-01-10,OTA,,2025-26,False
Q008690,2026-01-10,Walk-in,,2025-26,False
Q008918,2026-01-10,OTA,,2025-26,False
Q009623,2026-01-10,Website,,2025-26,False
Q009912,2026-01-10,Website,,2025-26,False
Q010141,2026-01-10,Instagram,,2025-26,False
Q010279,2026-01-10,OTA,,2025-26,False
Q010470,2026-01-10,Hotel Partner,,2025-26,False
Q010699,2026-01-10,Walk-in,,2025-26,False
Q004666,2026-01-11,OTA,B005978,2025-26,True
Q004817,2026-01-11,OTA,B006181,2025-26,True
Q004837,2026-01-11,Referral,B006206,2025-26,True
Q004856,2026-01-11,Referral,B006231,2025-26,True
Q004867,2026-01-11,Instagram,B006246,2025-26,True
Q004870,2026-01-11,OTA,B006250,2025-26,True
Q004925,2026-01-11,OTA,B006325,2025-26,True
Q008564,2026-01-11,Walk-in,,2025-26,False
Q008728,2026-01-11,Walk-in,,2025-26,False
Q009442,2026-01-11,OTA,,2025-26,False
Q009455,2026-01-11,OTA,,2025-26,False
Q009628,2026-01-11,OTA,,2025-26,False
Q009797,2026-01-11,Website,,2025-26,False
Q009841,2026-01-11,Instagram,,2025-26,False
Q009965,2026-01-11,OTA,,2025-26,False
Q010500,2026-01-11,Walk-in,,2025-26,False
Q010507,2026-01-11,Instagram,,2025-26,False
Q010539,2026-01-11,Website,,2025-26,False
Q004585,2026-01-12,Instagram,B005876,2025-26,True
Q004674,2026-01-12,Walk-in,B005988,2025-26,True
Q004705,2026-01-12,OTA,B006030,2025-26,True
Q004726,2026-01-12,Walk-in,B006058,2025-26,True
Q004738,2026-01-12,Walk-in,B006076,2025-26,True
Q004759,2026-01-12,Instagram,B006102,2025-26,True
Q004896,2026-01-12,Referral,B006283,2025-26,True
Q004946,2026-01-12,OTA,B006353,2025-26,True
Q004993,2026-01-12,Walk-in,B006414,2025-26,True
Q005040,2026-01-12,Walk-in,B006475,2025-26,True
Q008511,2026-01-12,Walk-in,,2025-26,False
Q008551,2026-01-12,Walk-in,,2025-26,False
Q008772,2026-01-12,OTA,,2025-26,False
Q008976,2026-01-12,Walk-in,,2025-26,False
Q009050,2026-01-12,Instagram,,2025-26,False
Q009052,2026-01-12,Hotel Partner,,2025-26,False
Q009126,2026-01-12,OTA,,2025-26,False
Q010262,2026-01-12,Walk-in,,2025-26,False
Q010393,2026-01-12,Instagram,,2025-26,False
Q010421,2026-01-12,OTA,,2025-26,False
Q010676,2026-01-12,Website,,2025-26,False
Q004700,2026-01-13,Walk-in,B006025,2025-26,True
Q004720,2026-01-13,Website,B006050,2025-26,True
Q004723,2026-01-13,Referral,B006054,2025-26,True
Q004779,2026-01-13,Walk-in,B006125,2025-26,True
Q004824,2026-01-13,Website,B006191,2025-26,True
Q004875,2026-01-13,Instagram,B006255,2025-26,True
Q004883,2026-01-13,OTA,B006268,2025-26,True
Q004919,2026-01-13,OTA,B006314,2025-26,True
Q004922,2026-01-13,Instagram,B006320,2025-26,True
Q004941,2026-01-13,OTA,B006344,2025-26,True
Q004943,2026-01-13,Website,B006348,2025-26,True
Q004950,2026-01-13,Referral,B006358,2025-26,True
Q005009,2026-01-13,OTA,B006434,2025-26,True
Q008589,2026-01-13,Website,,2025-26,False
Q009551,2026-01-13,Website,,2025-26,False
Q010143,2026-01-13,Walk-in,,2025-26,False
Q010521,2026-01-13,Referral,,2025-26,False
Q004676,2026-01-14,Instagram,B005991,2025-26,True
Q004774,2026-01-14,OTA,B006120,2025-26,True
Q004841,2026-01-14,OTA,B006212,2025-26,True
Q004904,2026-01-14,Walk-in,B006294,2025-26,True
Q004914,2026-01-14,Walk-in,B006307,2025-26,True
Q005011,2026-01-14,Website,B006437,2025-26,True
Q008679,2026-01-14,Walk-in,,2025-26,False
Q008940,2026-01-14,Walk-in,,2025-26,False
Q009325,2026-01-14,Instagram,,2025-26,False
Q009504,2026-01-14,Website,,2025-26,False
Q009544,2026-01-14,OTA,,2025-26,False
Q009573,2026-01-14,Walk-in,,2025-26,False
Q009805,2026-01-14,Hotel Partner,,2025-26,False
Q010080,2026-01-14,Website,,2025-26,False
Q010085,2026-01-14,Walk-in,,2025-26,False
Q010364,2026-01-14,Hotel Partner,,2025-26,False
Q010387,2026-01-14,Referral,,2025-26,False
Q010728,2026-01-14,Website,,2025-26,False
Q010810,2026-01-14,OTA,,2025-26,False
Q004639,2026-01-15,OTA,B005945,2025-26,True
Q004684,2026-01-15,OTA,B006003,2025-26,True
Q004732,2026-01-15,Website,B006066,2025-26,True
Q004748,2026-01-15,OTA,B006089,2025-26,True
Q004795,2026-01-15,Website,B006149,2025-26,True
Q004831,2026-01-15,Website,B006199,2025-26,True
Q004879,2026-01-15,Referral,B006264,2025-26,True
Q004906,2026-01-15,OTA,B006296,2025-26,True
Q008712,2026-01-15,Walk-in,,2025-26,False
Q008759,2026-01-15,Walk-in,,2025-26,False
Q008889,2026-01-15,Hotel Partner,,2025-26,False
Q009148,2026-01-15,OTA,,2025-26,False
Q009149,2026-01-15,Website,,2025-26,False
Q009919,2026-01-15,Walk-in,,2025-26,False
Q009963,2026-01-15,Instagram,,2025-26,False
Q009983,2026-01-15,Walk-in,,2025-26,False
Q010174,2026-01-15,Website,,2025-26,False
Q010210,2026-01-15,Referral,,2025-26,False
Q010469,2026-01-15,Referral,,2025-26,False
Q010527,2026-01-15,OTA,,2025-26,False
Q010726,2026-01-15,OTA,,2025-26,False
Q010753,2026-01-15,OTA,,2025-26,False
Q004863,2026-01-16,Instagram,B006240,2025-26,True
Q004900,2026-01-16,Instagram,B006287,2025-26,True
Q005089,2026-01-16,Website,B006541,2025-26,True
Q008604,2026-01-16,Walk-in,,2025-26,False
Q008702,2026-01-16,Website,,2025-26,False
Q008982,2026-01-16,Walk-in,,2025-26,False
Q009311,2026-01-16,OTA,,2025-26,False
Q009700,2026-01-16,OTA,,2025-26,False
Q009975,2026-01-16,Walk-in,,2025-26,False
Q010106,2026-01-16,OTA,,2025-26,False
Q010178,2026-01-16,OTA,,2025-26,False
Q010211,2026-01-16,Website,,2025-26,False
Q010348,2026-01-16,OTA,,2025-26,False
Q010592,2026-01-16,Instagram,,2025-26,False
Q010641,2026-01-16,Website,,2025-26,False
Q004659,2026-01-17,Hotel Partner,B005969,2025-26,True
Q004691,2026-01-17,Instagram,B006013,2025-26,True
Q004692,2026-01-17,Walk-in,B006014,2025-26,True
Q004696,2026-01-17,OTA,B006018,2025-26,True
Q004722,2026-01-17,OTA,B006053,2025-26,True
Q004802,2026-01-17,OTA,B006158,2025-26,True
Q004825,2026-01-17,Referral,B006192,2025-26,True
Q004830,2026-01-17,Instagram,B006198,2025-26,True
Q004850,2026-01-17,Website,B006224,2025-26,True
Q004920,2026-01-17,Referral,B006318,2025-26,True
Q004933,2026-01-17,Referral,B006335,2025-26,True
Q008608,2026-01-17,Referral,,2025-26,False
Q009157,2026-01-17,OTA,,2025-26,False
Q009337,2026-01-17,Website,,2025-26,False
Q009734,2026-01-17,OTA,,2025-26,False
Q009835,2026-01-17,Website,,2025-26,False
Q010015,2026-01-17,Walk-in,,2025-26,False
Q010274,2026-01-17,Referral,,2025-26,False
Q010637,2026-01-17,Walk-in,,2025-26,False
Q010671,2026-01-17,Instagram,,2025-26,False
Q004646,2026-01-18,Website,B005954,2025-26,True
Q004708,2026-01-18,Referral,B006033,2025-26,True
Q004769,2026-01-18,OTA,B006115,2025-26,True
Q004773,2026-01-18,Referral,B006119,2025-26,True
Q004793,2026-01-18,Walk-in,B006146,2025-26,True
Q004794,2026-01-18,Website,B006148,2025-26,True
Q004829,2026-01-18,OTA,B006197,2025-26,True
Q004843,2026-01-18,Referral,B006214,2025-26,True
Q004865,2026-01-18,Walk-in,B006244,2025-26,True
Q005001,2026-01-18,Walk-in,B006424,2025-26,True
Q008695,2026-01-18,OTA,,2025-26,False
Q008990,2026-01-18,Walk-in,,2025-26,False
Q009044,2026-01-18,OTA,,2025-26,False
Q009133,2026-01-18,Website,,2025-26,False
Q009356,2026-01-18,Walk-in,,2025-26,False
Q010084,2026-01-18,Hotel Partner,,2025-26,False
Q004790,2026-01-19,OTA,B006141,2025-26,True
Q004832,2026-01-19,OTA,B006200,2025-26,True
Q004844,2026-01-19,Website,B006216,2025-26,True
Q004861,2026-01-19,Walk-in,B006238,2025-26,True
Q004890,2026-01-19,OTA,B006276,2025-26,True
Q004903,2026-01-19,Website,B006292,2025-26,True
Q004939,2026-01-19,OTA,B006341,2025-26,True
Q004955,2026-01-19,Instagram,B006366,2025-26,True
Q005058,2026-01-19,Instagram,B006499,2025-26,True
Q005067,2026-01-19,Hotel Partner,B006511,2025-26,True
Q008709,2026-01-19,Walk-in,,2025-26,False
Q008897,2026-01-19,Referral,,2025-26,False
Q008910,2026-01-19,Hotel Partner,,2025-26,False
Q009007,2026-01-19,Website,,2025-26,False
Q009036,2026-01-19,Walk-in,,2025-26,False
Q009202,2026-01-19,Referral,,2025-26,False
Q009210,2026-01-19,OTA,,2025-26,False
Q009381,2026-01-19,Website,,2025-26,False
Q009967,2026-01-19,Referral,,2025-26,False
Q010445,2026-01-19,Referral,,2025-26,False
Q010450,2026-01-19,Instagram,,2025-26,False
Q010590,2026-01-19,OTA,,2025-26,False
Q010845,2026-01-19,Walk-in,,2025-26,False
Q004744,2026-01-20,Website,B006085,2025-26,True
Q004812,2026-01-20,Referral,B006176,2025-26,True
Q004836,2026-01-20,OTA,B006204,2025-26,True
Q004886,2026-01-20,Walk-in,B006271,2025-26,True
Q004959,2026-01-20,Instagram,B006370,2025-26,True
Q005070,2026-01-20,OTA,B006515,2025-26,True
Q008633,2026-01-20,OTA,,2025-26,False
Q008767,2026-01-20,Walk-in,,2025-26,False
Q009762,2026-01-20,Walk-in,,2025-26,False
Q010081,2026-01-20,OTA,,2025-26,False
Q010094,2026-01-20,Walk-in,,2025-26,False
Q010224,2026-01-20,OTA,,2025-26,False
Q010599,2026-01-20,Website,,2025-26,False
Q004765,2026-01-21,OTA,B006110,2025-26,True
Q004887,2026-01-21,Instagram,B006272,2025-26,True
Q004916,2026-01-21,OTA,B006311,2025-26,True
Q004969,2026-01-21,Website,B006384,2025-26,True
Q005050,2026-01-21,Hotel Partner,B006490,2025-26,True
Q005087,2026-01-21,OTA,B006536,2025-26,True
Q008802,2026-01-21,Website,,2025-26,False
Q009399,2026-01-21,Walk-in,,2025-26,False
Q009732,2026-01-21,Walk-in,,2025-26,False
Q009820,2026-01-21,OTA,,2025-26,False
Q010495,2026-01-21,Website,,2025-26,False
Q010565,2026-01-21,OTA,,2025-26,False
Q004788,2026-01-22,Hotel Partner,B006136,2025-26,True
Q004796,2026-01-22,Hotel Partner,B006152,2025-26,True
Q004828,2026-01-22,Walk-in,B006196,2025-26,True
Q005035,2026-01-22,OTA,B006469,2025-26,True
Q005083,2026-01-22,Website,B006532,2025-26,True
Q008737,2026-01-22,OTA,,2025-26,False
Q009482,2026-01-22,Walk-in,,2025-26,False
Q009711,2026-01-22,Walk-in,,2025-26,False
Q009749,2026-01-22,OTA,,2025-26,False
Q009978,2026-01-22,OTA,,2025-26,False
Q010017,2026-01-22,Walk-in,,2025-26,False
Q010028,2026-01-22,Walk-in,,2025-26,False
Q010139,2026-01-22,Referral,,2025-26,False
Q010405,2026-01-22,Referral,,2025-26,False
Q004703,2026-01-23,Referral,B006028,2025-26,True
Q004737,2026-01-23,Walk-in,B006075,2025-26,True
Q004854,2026-01-23,Website,B006228,2025-26,True
Q004859,2026-01-23,OTA,B006236,2025-26,True
Q004932,2026-01-23,OTA,B006334,2025-26,True
Q008754,2026-01-23,Walk-in,,2025-26,False
Q009021,2026-01-23,Instagram,,2025-26,False
Q009095,2026-01-23,Instagram,,2025-26,False
Q009467,2026-01-23,Referral,,2025-26,False
Q009670,2026-01-23,Walk-in,,2025-26,False
Q009748,2026-01-23,Website,,2025-26,False
Q010029,2026-01-23,Walk-in,,2025-26,False
Q010191,2026-01-23,OTA,,2025-26,False
Q010193,2026-01-23,Website,,2025-26,False
Q010255,2026-01-23,Referral,,2025-26,False
Q010285,2026-01-23,Hotel Partner,,2025-26,False
Q003826,2026-01-24,Hotel Partner,B006131,2025-26,True
Q004804,2026-01-24,Hotel Partner,B006160,2025-26,True
Q004816,2026-01-24,Website,B006180,2025-26,True
Q004929,2026-01-24,Referral,B006330,2025-26,True
Q004973,2026-01-24,Instagram,B006388,2025-26,True
Q004987,2026-01-24,OTA,B006405,2025-26,True
Q004988,2026-01-24,OTA,B006406,2025-26,True
Q005004,2026-01-24,OTA,B006429,2025-26,True
Q009343,2026-01-24,Referral,,2025-26,False
Q009355,2026-01-24,Hotel Partner,,2025-26,False
Q009848,2026-01-24,Walk-in,,2025-26,False
Q009858,2026-01-24,OTA,,2025-26,False
Q010283,2026-01-24,OTA,,2025-26,False
Q010289,2026-01-24,OTA,,2025-26,False
Q010436,2026-01-24,OTA,,2025-26,False
Q010455,2026-01-24,Hotel Partner,,2025-26,False
Q004780,2026-01-25,Walk-in,B006126,2025-26,True
Q004785,2026-01-25,OTA,B006133,2025-26,True
Q004853,2026-01-25,OTA,B006227,2025-26,True
Q004892,2026-01-25,Referral,B006278,2025-26,True
Q004917,2026-01-25,Referral,B006312,2025-26,True
Q004961,2026-01-25,OTA,B006373,2025-26,True
Q005000,2026-01-25,Website,B006423,2025-26,True
Q005081,2026-01-25,OTA,B006530,2025-26,True
Q008776,2026-01-25,OTA,,2025-26,False
Q009038,2026-01-25,Instagram,,2025-26,False
Q009147,2026-01-25,Walk-in,,2025-26,False
Q009190,2026-01-25,OTA,,2025-26,False
Q010038,2026-01-25,Hotel Partner,,2025-26,False
Q010319,2026-01-25,OTA,,2025-26,False
Q010516,2026-01-25,OTA,,2025-26,False
Q010634,2026-01-25,Walk-in,,2025-26,False
Q004860,2026-01-26,Website,B006237,2025-26,True
Q004937,2026-01-26,OTA,B006339,2025-26,True
Q004970,2026-01-26,OTA,B006385,2025-26,True
Q004990,2026-01-26,OTA,B006408,2025-26,True
Q005014,2026-01-26,Instagram,B006441,2025-26,True
Q008533,2026-01-26,Instagram,,2025-26,False
Q008606,2026-01-26,OTA,,2025-26,False
Q008977,2026-01-26,OTA,,2025-26,False
Q009208,2026-01-26,Walk-in,,2025-26,False
Q004752,2026-01-27,Walk-in,B006093,2025-26,True
Q004768,2026-01-27,Instagram,B006114,2025-26,True
Q004797,2026-01-27,Website,B006153,2025-26,True
Q004852,2026-01-27,OTA,B006226,2025-26,True
Q004944,2026-01-27,Referral,B006350,2025-26,True
Q004960,2026-01-27,OTA,B006371,2025-26,True
Q004999,2026-01-27,OTA,B006421,2025-26,True
Q005053,2026-01-27,OTA,B006493,2025-26,True
Q005064,2026-01-27,Hotel Partner,B006506,2025-26,True
Q005080,2026-01-27,Hotel Partner,B006529,2025-26,True
Q005085,2026-01-27,OTA,B006534,2025-26,True
Q005098,2026-01-27,Walk-in,B006554,2025-26,True
Q005099,2026-01-27,Walk-in,B006555,2025-26,True
Q008607,2026-01-27,Website,,2025-26,False
Q008801,2026-01-27,Referral,,2025-26,False
Q008953,2026-01-27,Walk-in,,2025-26,False
Q009010,2026-01-27,OTA,,2025-26,False
Q009416,2026-01-27,Instagram,,2025-26,False
Q009550,2026-01-27,Referral,,2025-26,False
Q009896,2026-01-27,OTA,,2025-26,False
Q010237,2026-01-27,Website,,2025-26,False
Q010566,2026-01-27,OTA,,2025-26,False
Q010613,2026-01-27,Instagram,,2025-26,False
Q010707,2026-01-27,Walk-in,,2025-26,False
Q010712,2026-01-27,OTA,,2025-26,False
Q004725,2026-01-28,Walk-in,B006057,2025-26,True
Q004742,2026-01-28,Website,B006083,2025-26,True
Q004801,2026-01-28,OTA,B006157,2025-26,True
Q004839,2026-01-28,OTA,B006210,2025-26,True
Q004872,2026-01-28,Website,B006252,2025-26,True
Q004948,2026-01-28,Website,B006355,2025-26,True
Q004949,2026-01-28,Website,B006357,2025-26,True
Q005007,2026-01-28,Walk-in,B006432,2025-26,True
Q005043,2026-01-28,Instagram,B006480,2025-26,True
Q005102,2026-01-28,Website,B006560,2025-26,True
Q009161,2026-01-28,Hotel Partner,,2025-26,False
Q009241,2026-01-28,OTA,,2025-26,False
Q009363,2026-01-28,Referral,,2025-26,False
Q009622,2026-01-28,Website,,2025-26,False
Q010288,2026-01-28,OTA,,2025-26,False
Q010396,2026-01-28,Hotel Partner,,2025-26,False
Q010547,2026-01-28,Instagram,,2025-26,False
Q010626,2026-01-28,OTA,,2025-26,False
Q010807,2026-01-28,OTA,,2025-26,False
Q004777,2026-01-29,OTA,B006123,2025-26,True
Q004784,2026-01-29,OTA,B006132,2025-26,True
Q004811,2026-01-29,Website,B006175,2025-26,True
Q004878,2026-01-29,OTA,B006261,2025-26,True
Q004881,2026-01-29,OTA,B006266,2025-26,True
Q004894,2026-01-29,OTA,B006281,2025-26,True
Q004934,2026-01-29,Website,B006336,2025-26,True
Q004980,2026-01-29,Walk-in,B006397,2025-26,True
Q004994,2026-01-29,OTA,B006415,2025-26,True
Q005025,2026-01-29,OTA,B006456,2025-26,True
Q005146,2026-01-29,Instagram,B006615,2025-26,True
Q008892,2026-01-29,Instagram,,2025-26,False
Q009174,2026-01-29,OTA,,2025-26,False
Q009214,2026-01-29,Website,,2025-26,False
Q009445,2026-01-29,Website,,2025-26,False
Q009487,2026-01-29,Instagram,,2025-26,False
Q009799,2026-01-29,OTA,,2025-26,False
Q009809,2026-01-29,Walk-in,,2025-26,False
Q009865,2026-01-29,Website,,2025-26,False
Q010116,2026-01-29,Website,,2025-26,False
Q010149,2026-01-29,Website,,2025-26,False
Q010403,2026-01-29,Instagram,,2025-26,False
Q010713,2026-01-29,Hotel Partner,,2025-26,False
Q010731,2026-01-29,OTA,,2025-26,False
Q004745,2026-01-30,Instagram,B006086,2025-26,True
Q004858,2026-01-30,OTA,B006235,2025-26,True
Q004958,2026-01-30,Website,B006369,2025-26,True
Q005013,2026-01-30,Walk-in,B006439,2025-26,True
Q005021,2026-01-30,Walk-in,B006449,2025-26,True
Q005026,2026-01-30,OTA,B006457,2025-26,True
Q005031,2026-01-30,OTA,B006465,2025-26,True
Q005057,2026-01-30,OTA,B006498,2025-26,True
Q008769,2026-01-30,OTA,,2025-26,False
Q009015,2026-01-30,OTA,,2025-26,False
Q009207,2026-01-30,OTA,,2025-26,False
Q009271,2026-01-30,Walk-in,,2025-26,False
Q009368,2026-01-30,Website,,2025-26,False
Q009486,2026-01-30,Walk-in,,2025-26,False
Q009949,2026-01-30,Instagram,,2025-26,False
Q010440,2026-01-30,Instagram,,2025-26,False
Q010562,2026-01-30,OTA,,2025-26,False
Q003019,2026-01-31,Hotel Partner,B006172,2025-26,True
Q004923,2026-01-31,Walk-in,B006322,2025-26,True
Q005084,2026-01-31,OTA,B006533,2025-26,True
Q005106,2026-01-31,Walk-in,B006564,2025-26,True
Q008844,2026-01-31,Instagram,,2025-26,False
Q009373,2026-01-31,Walk-in,,2025-26,False
Q009654,2026-01-31,OTA,,2025-26,False
Q010027,2026-01-31,Website,,2025-26,False
Q010786,2026-01-31,Hotel Partner,,2025-26,False
Q004827,2026-02-01,OTA,B006195,2025-26,True
Q004928,2026-02-01,Walk-in,B006329,2025-26,True
Q004962,2026-02-01,Hotel Partner,B006375,2025-26,True
Q004964,2026-02-01,Hotel Partner,B006377,2025-26,True
Q004974,2026-02-01,OTA,B006389,2025-26,True
Q004997,2026-02-01,Instagram,B006418,2025-26,True
Q004998,2026-02-01,Hotel Partner,B006419,2025-26,True
Q005012,2026-02-01,Hotel Partner,B006438,2025-26,True
Q005062,2026-02-01,Walk-in,B006503,2025-26,True
Q005123,2026-02-01,OTA,B006587,2025-26,True
Q005130,2026-02-01,OTA,B006594,2025-26,True
Q008624,2026-02-01,Instagram,,2025-26,False
Q008672,2026-02-01,Walk-in,,2025-26,False
Q008746,2026-02-01,Instagram,,2025-26,False
Q008821,2026-02-01,Instagram,,2025-26,False
Q008856,2026-02-01,OTA,,2025-26,False
Q009379,2026-02-01,Walk-in,,2025-26,False
Q009543,2026-02-01,OTA,,2025-26,False
Q009872,2026-02-01,OTA,,2025-26,False
Q010153,2026-02-01,OTA,,2025-26,False
Q004891,2026-02-02,Website,B006277,2025-26,True
Q004915,2026-02-02,Instagram,B006308,2025-26,True
Q004952,2026-02-02,Instagram,B006361,2025-26,True
Q004967,2026-02-02,Walk-in,B006382,2025-26,True
Q005051,2026-02-02,Hotel Partner,B006491,2025-26,True
Q005092,2026-02-02,Walk-in,B006546,2025-26,True
Q005198,2026-02-02,Hotel Partner,B006690,2025-26,True
Q008627,2026-02-02,OTA,,2025-26,False
Q008826,2026-02-02,Website,,2025-26,False
Q008898,2026-02-02,Website,,2025-26,False
Q009086,2026-02-02,Referral,,2025-26,False
Q009635,2026-02-02,Walk-in,,2025-26,False
Q009667,2026-02-02,Hotel Partner,,2025-26,False
Q009707,2026-02-02,Walk-in,,2025-26,False
Q010095,2026-02-02,Walk-in,,2025-26,False
Q010334,2026-02-02,Hotel Partner,,2025-26,False
Q010783,2026-02-02,Walk-in,,2025-26,False
Q004851,2026-02-03,OTA,B006225,2025-26,True
Q004907,2026-02-03,Hotel Partner,B006297,2025-26,True
Q004927,2026-02-03,Walk-in,B006328,2025-26,True
Q004972,2026-02-03,OTA,B006387,2025-26,True
Q005018,2026-02-03,OTA,B006445,2025-26,True
Q005101,2026-02-03,OTA,B006558,2025-26,True
Q005163,2026-02-03,Walk-in,B006641,2025-26,True
Q005172,2026-02-03,Referral,B006653,2025-26,True
Q008989,2026-02-03,Walk-in,,2025-26,False
Q009341,2026-02-03,Instagram,,2025-26,False
Q010542,2026-02-03,Referral,,2025-26,False
Q010739,2026-02-03,OTA,,2025-26,False
Q010789,2026-02-03,Website,,2025-26,False
Q004848,2026-02-04,Referral,B006221,2025-26,True
Q004866,2026-02-04,Walk-in,B006245,2025-26,True
Q004918,2026-02-04,Referral,B006313,2025-26,True
Q004938,2026-02-04,Instagram,B006340,2025-26,True
Q004995,2026-02-04,OTA,B006416,2025-26,True
Q005066,2026-02-04,Website,B006509,2025-26,True
Q005069,2026-02-04,Walk-in,B006514,2025-26,True
Q005118,2026-02-04,Website,B006579,2025-26,True
Q005126,2026-02-04,OTA,B006590,2025-26,True
Q005202,2026-02-04,Walk-in,B006694,2025-26,True
Q005209,2026-02-04,Walk-in,B006703,2025-26,True
Q008848,2026-02-04,Referral,,2025-26,False
Q008925,2026-02-04,Hotel Partner,,2025-26,False
Q009332,2026-02-04,Website,,2025-26,False
Q009370,2026-02-04,OTA,,2025-26,False
Q009509,2026-02-04,Walk-in,,2025-26,False
Q009524,2026-02-04,OTA,,2025-26,False
Q010275,2026-02-04,OTA,,2025-26,False
Q010409,2026-02-04,Referral,,2025-26,False
Q010815,2026-02-04,Hotel Partner,,2025-26,False
Q004935,2026-02-05,Referral,B006337,2025-26,True
Q004971,2026-02-05,Website,B006386,2025-26,True
Q004975,2026-02-05,Walk-in,B006390,2025-26,True
Q004984,2026-02-05,Website,B006402,2025-26,True
Q005044,2026-02-05,Hotel Partner,B006481,2025-26,True
Q005153,2026-02-05,OTA,B006625,2025-26,True
Q005194,2026-02-05,Hotel Partner,B006685,2025-26,True
Q009186,2026-02-05,OTA,,2025-26,False
Q009222,2026-02-05,OTA,,2025-26,False
Q009937,2026-02-05,Referral,,2025-26,False
Q010212,2026-02-05,Hotel Partner,,2025-26,False
Q010476,2026-02-05,Hotel Partner,,2025-26,False
Q010697,2026-02-05,OTA,,2025-26,False
Q010808,2026-02-05,OTA,,2025-26,False
Q005002,2026-02-06,Referral,B006426,2025-26,True
Q005019,2026-02-06,Hotel Partner,B006446,2025-26,True
Q005095,2026-02-06,Walk-in,B006550,2025-26,True
Q005145,2026-02-06,Referral,B006613,2025-26,True
Q008571,2026-02-06,OTA,,2025-26,False
Q008631,2026-02-06,Website,,2025-26,False
Q008757,2026-02-06,OTA,,2025-26,False
Q008779,2026-02-06,OTA,,2025-26,False
Q008794,2026-02-06,OTA,,2025-26,False
Q009113,2026-02-06,Hotel Partner,,2025-26,False
Q009558,2026-02-06,OTA,,2025-26,False
Q009627,2026-02-06,Hotel Partner,,2025-26,False
Q009804,2026-02-06,Instagram,,2025-26,False
Q009994,2026-02-06,Walk-in,,2025-26,False
Q010238,2026-02-06,OTA,,2025-26,False
Q010307,2026-02-06,Hotel Partner,,2025-26,False
Q010428,2026-02-06,Instagram,,2025-26,False
Q010545,2026-02-06,OTA,,2025-26,False
Q010548,2026-02-06,OTA,,2025-26,False
Q005032,2026-02-07,OTA,B006466,2025-26,True
Q005103,2026-02-07,Walk-in,B006561,2025-26,True
Q008558,2026-02-07,Hotel Partner,,2025-26,False
Q008783,2026-02-07,OTA,,2025-26,False
Q008998,2026-02-07,OTA,,2025-26,False
Q009571,2026-02-07,Referral,,2025-26,False
Q009798,2026-02-07,Walk-in,,2025-26,False
Q010142,2026-02-07,OTA,,2025-26,False
Q010383,2026-02-07,OTA,,2025-26,False
Q010402,2026-02-07,Website,,2025-26,False
Q010824,2026-02-07,Referral,,2025-26,False
Q004880,2026-02-08,OTA,B006265,2025-26,True
Q004898,2026-02-08,Website,B006285,2025-26,True
Q004905,2026-02-08,OTA,B006295,2025-26,True
Q004977,2026-02-08,OTA,B006394,2025-26,True
Q005024,2026-02-08,Walk-in,B006455,2025-26,True
Q005038,2026-02-08,OTA,B006473,2025-26,True
Q005046,2026-02-08,OTA,B006484,2025-26,True
Q005176,2026-02-08,Referral,B006658,2025-26,True
Q008557,2026-02-08,Referral,,2025-26,False
Q008684,2026-02-08,Walk-in,,2025-26,False
Q009276,2026-02-08,Website,,2025-26,False
Q009457,2026-02-08,Instagram,,2025-26,False
Q009724,2026-02-08,Walk-in,,2025-26,False
Q009979,2026-02-08,Website,,2025-26,False
Q010126,2026-02-08,Walk-in,,2025-26,False
Q004871,2026-02-09,OTA,B006251,2025-26,True
Q004963,2026-02-09,Instagram,B006376,2025-26,True
Q005010,2026-02-09,OTA,B006435,2025-26,True
Q005093,2026-02-09,Hotel Partner,B006548,2025-26,True
Q005104,2026-02-09,Walk-in,B006562,2025-26,True
Q005136,2026-02-09,Hotel Partner,B006601,2025-26,True
Q008936,2026-02-09,Instagram,,2025-26,False
Q009462,2026-02-09,Walk-in,,2025-26,False
Q009854,2026-02-09,OTA,,2025-26,False
Q009922,2026-02-09,Hotel Partner,,2025-26,False
Q009934,2026-02-09,OTA,,2025-26,False
Q010040,2026-02-09,OTA,,2025-26,False
Q010128,2026-02-09,OTA,,2025-26,False
Q010326,2026-02-09,OTA,,2025-26,False
Q010774,2026-02-09,OTA,,2025-26,False
Q010791,2026-02-09,Referral,,2025-26,False
Q004945,2026-02-10,OTA,B006351,2025-26,True
Q004957,2026-02-10,Website,B006368,2025-26,True
Q005008,2026-02-10,Instagram,B006433,2025-26,True
Q005022,2026-02-10,Instagram,B006453,2025-26,True
Q005107,2026-02-10,OTA,B006566,2025-26,True
Q005139,2026-02-10,Walk-in,B006605,2025-26,True
Q005151,2026-02-10,Instagram,B006623,2025-26,True
Q005203,2026-02-10,OTA,B006696,2025-26,True
Q008849,2026-02-10,OTA,,2025-26,False
Q009156,2026-02-10,Walk-in,,2025-26,False
Q009194,2026-02-10,OTA,,2025-26,False
Q009260,2026-02-10,Walk-in,,2025-26,False
Q009560,2026-02-10,Referral,,2025-26,False
Q009761,2026-02-10,Website,,2025-26,False
Q010144,2026-02-10,Website,,2025-26,False
Q010451,2026-02-10,Walk-in,,2025-26,False
Q010615,2026-02-10,Website,,2025-26,False
Q004882,2026-02-11,Hotel Partner,B006267,2025-26,True
Q004910,2026-02-11,Referral,B006301,2025-26,True
Q004930,2026-02-11,Instagram,B006331,2025-26,True
Q004954,2026-02-11,OTA,B006365,2025-26,True
Q004989,2026-02-11,Walk-in,B006407,2025-26,True
Q005005,2026-02-11,OTA,B006430,2025-26,True
Q005020,2026-02-11,OTA,B006448,2025-26,True
Q005039,2026-02-11,Hotel Partner,B006474,2025-26,True
Q005052,2026-02-11,Walk-in,B006492,2025-26,True
Q005096,2026-02-11,Walk-in,B006551,2025-26,True
Q005117,2026-02-11,Walk-in,B006578,2025-26,True
Q005141,2026-02-11,Website,B006607,2025-26,True
Q005149,2026-02-11,Website,B006620,2025-26,True
Q005204,2026-02-11,Hotel Partner,B006697,2025-26,True
Q008528,2026-02-11,Hotel Partner,,2025-26,False
Q008626,2026-02-11,Website,,2025-26,False
Q009001,2026-02-11,OTA,,2025-26,False
Q009212,2026-02-11,Referral,,2025-26,False
Q009459,2026-02-11,Instagram,,2025-26,False
Q009742,2026-02-11,Instagram,,2025-26,False
Q009765,2026-02-11,Referral,,2025-26,False
Q010035,2026-02-11,OTA,,2025-26,False
Q010037,2026-02-11,Website,,2025-26,False
Q010292,2026-02-11,OTA,,2025-26,False
Q010612,2026-02-11,OTA,,2025-26,False
Q010686,2026-02-11,Hotel Partner,,2025-26,False
Q004888,2026-02-12,OTA,B006273,2025-26,True
Q004897,2026-02-12,OTA,B006284,2025-26,True
Q004912,2026-02-12,Hotel Partner,B006303,2025-26,True
Q005006,2026-02-12,Instagram,B006431,2025-26,True
Q005034,2026-02-12,Hotel Partner,B006468,2025-26,True
Q005125,2026-02-12,OTA,B006589,2025-26,True
Q005175,2026-02-12,Walk-in,B006656,2025-26,True
Q008553,2026-02-12,Referral,,2025-26,False
Q009164,2026-02-12,Website,,2025-26,False
Q009289,2026-02-12,OTA,,2025-26,False
Q009610,2026-02-12,Hotel Partner,,2025-26,False
Q010060,2026-02-12,OTA,,2025-26,False
Q010091,2026-02-12,OTA,,2025-26,False
Q010124,2026-02-12,Referral,,2025-26,False
Q010276,2026-02-12,Website,,2025-26,False
Q010363,2026-02-12,Walk-in,,2025-26,False
Q010471,2026-02-12,OTA,,2025-26,False
Q010489,2026-02-12,OTA,,2025-26,False
Q010530,2026-02-12,Website,,2025-26,False
Q010758,2026-02-12,OTA,,2025-26,False
Q004884,2026-02-13,OTA,B006269,2025-26,True
Q004936,2026-02-13,OTA,B006338,2025-26,True
Q004940,2026-02-13,Website,B006343,2025-26,True
Q004983,2026-02-13,Walk-in,B006401,2025-26,True
Q005029,2026-02-13,Walk-in,B006462,2025-26,True
Q005147,2026-02-13,Instagram,B006617,2025-26,True
Q005215,2026-02-13,OTA,B006711,2025-26,True
Q009353,2026-02-13,Hotel Partner,,2025-26,False
Q009440,2026-02-13,Hotel Partner,,2025-26,False
Q009687,2026-02-13,OTA,,2025-26,False
Q009713,2026-02-13,OTA,,2025-26,False
Q009851,2026-02-13,Walk-in,,2025-26,False
Q010177,2026-02-13,Walk-in,,2025-26,False
Q010432,2026-02-13,OTA,,2025-26,False
Q010517,2026-02-13,Website,,2025-26,False
Q010790,2026-02-13,Instagram,,2025-26,False
Q004862,2026-02-14,OTA,B006239,2025-26,True
Q005041,2026-02-14,Referral,B006477,2025-26,True
Q005049,2026-02-14,OTA,B006489,2025-26,True
Q005074,2026-02-14,Walk-in,B006520,2025-26,True
Q005079,2026-02-14,Instagram,B006528,2025-26,True
Q005111,2026-02-14,OTA,B006571,2025-26,True
Q005120,2026-02-14,Hotel Partner,B006583,2025-26,True
Q005131,2026-02-14,Hotel Partner,B006596,2025-26,True
Q005174,2026-02-14,Instagram,B006655,2025-26,True
Q005188,2026-02-14,OTA,B006679,2025-26,True
Q008578,2026-02-14,Hotel Partner,,2025-26,False
Q008628,2026-02-14,Instagram,,2025-26,False
Q009231,2026-02-14,Walk-in,,2025-26,False
Q009367,2026-02-14,OTA,,2025-26,False
Q009607,2026-02-14,OTA,,2025-26,False
Q009778,2026-02-14,OTA,,2025-26,False
Q010217,2026-02-14,OTA,,2025-26,False
Q010252,2026-02-14,Referral,,2025-26,False
Q010687,2026-02-14,Hotel Partner,,2025-26,False
Q004902,2026-02-15,Instagram,B006291,2025-26,True
Q004921,2026-02-15,OTA,B006319,2025-26,True
Q004965,2026-02-15,OTA,B006378,2025-26,True
Q005042,2026-02-15,Instagram,B006478,2025-26,True
Q005063,2026-02-15,Website,B006504,2025-26,True
Q005065,2026-02-15,Referral,B006508,2025-26,True
Q005086,2026-02-15,Instagram,B006535,2025-26,True
Q005162,2026-02-15,Instagram,B006638,2025-26,True
Q005248,2026-02-15,Instagram,B006750,2025-26,True
Q008750,2026-02-15,Instagram,,2025-26,False
Q008760,2026-02-15,Walk-in,,2025-26,False
Q009695,2026-02-15,Website,,2025-26,False
Q010554,2026-02-15,OTA,,2025-26,False
Q010572,2026-02-15,Referral,,2025-26,False
Q004978,2026-02-16,Instagram,B006395,2025-26,True
Q005027,2026-02-16,Website,B006459,2025-26,True
Q005121,2026-02-16,Referral,B006585,2025-26,True
Q005134,2026-02-16,Instagram,B006599,2025-26,True
Q005148,2026-02-16,Walk-in,B006618,2025-26,True
Q008870,2026-02-16,Hotel Partner,,2025-26,False
Q009160,2026-02-16,OTA,,2025-26,False
Q009265,2026-02-16,Website,,2025-26,False
Q009461,2026-02-16,OTA,,2025-26,False
Q010111,2026-02-16,OTA,,2025-26,False
Q010474,2026-02-16,OTA,,2025-26,False
Q004868,2026-02-17,OTA,B006247,2025-26,True
Q004877,2026-02-17,OTA,B006258,2025-26,True
Q004942,2026-02-17,Hotel Partner,B006347,2025-26,True
Q004956,2026-02-17,Hotel Partner,B006367,2025-26,True
Q004992,2026-02-17,Walk-in,B006411,2025-26,True
Q005023,2026-02-17,OTA,B006454,2025-26,True
Q005056,2026-02-17,Hotel Partner,B006496,2025-26,True
Q005075,2026-02-17,Website,B006521,2025-26,True
Q005100,2026-02-17,Hotel Partner,B006556,2025-26,True
Q005144,2026-02-17,OTA,B006612,2025-26,True
Q005165,2026-02-17,OTA,B006643,2025-26,True
Q005217,2026-02-17,Hotel Partner,B006713,2025-26,True
Q005264,2026-02-17,Instagram,B006776,2025-26,True
Q005268,2026-02-17,Instagram,B006781,2025-26,True
Q005286,2026-02-17,Website,B006801,2025-26,True
Q008823,2026-02-17,Walk-in,,2025-26,False
Q008922,2026-02-17,Walk-in,,2025-26,False
Q008985,2026-02-17,OTA,,2025-26,False
Q009004,2026-02-17,Referral,,2025-26,False
Q009042,2026-02-17,OTA,,2025-26,False
Q009376,2026-02-17,OTA,,2025-26,False
Q009414,2026-02-17,OTA,,2025-26,False
Q009426,2026-02-17,OTA,,2025-26,False
Q009974,2026-02-17,OTA,,2025-26,False
Q010096,2026-02-17,OTA,,2025-26,False
Q010301,2026-02-17,OTA,,2025-26,False
Q010340,2026-02-17,Website,,2025-26,False
Q010620,2026-02-17,Walk-in,,2025-26,False
Q010748,2026-02-17,Instagram,,2025-26,False
Q004947,2026-02-18,OTA,B006354,2025-26,True
Q005017,2026-02-18,Hotel Partner,B006444,2025-26,True
Q005055,2026-02-18,OTA,B006495,2025-26,True
Q005071,2026-02-18,Walk-in,B006517,2025-26,True
Q005088,2026-02-18,OTA,B006539,2025-26,True
Q005094,2026-02-18,Walk-in,B006549,2025-26,True
Q005110,2026-02-18,Walk-in,B006569,2025-26,True
Q005115,2026-02-18,Walk-in,B006576,2025-26,True
Q005122,2026-02-18,Hotel Partner,B006586,2025-26,True
Q005156,2026-02-18,OTA,B006629,2025-26,True
Q005260,2026-02-18,Website,B006769,2025-26,True
Q005288,2026-02-18,Hotel Partner,B006805,2025-26,True
Q008639,2026-02-18,Walk-in,,2025-26,False
Q008681,2026-02-18,OTA,,2025-26,False
Q009013,2026-02-18,Website,,2025-26,False
Q009053,2026-02-18,Instagram,,2025-26,False
Q009640,2026-02-18,Walk-in,,2025-26,False
Q009690,2026-02-18,Instagram,,2025-26,False
Q009871,2026-02-18,OTA,,2025-26,False
Q009938,2026-02-18,Instagram,,2025-26,False
Q010653,2026-02-18,Referral,,2025-26,False
Q010750,2026-02-18,Website,,2025-26,False
Q004976,2026-02-19,OTA,B006393,2025-26,True
Q004979,2026-02-19,OTA,B006396,2025-26,True
Q004981,2026-02-19,Website,B006398,2025-26,True
Q004985,2026-02-19,Referral,B006403,2025-26,True
Q005116,2026-02-19,Website,B006577,2025-26,True
Q005143,2026-02-19,OTA,B006611,2025-26,True
Q005180,2026-02-19,Walk-in,B006666,2025-26,True
Q005242,2026-02-19,OTA,B006743,2025-26,True
Q008871,2026-02-19,Referral,,2025-26,False
Q008931,2026-02-19,Website,,2025-26,False
Q009398,2026-02-19,OTA,,2025-26,False
Q009986,2026-02-19,Walk-in,,2025-26,False
Q010263,2026-02-19,Website,,2025-26,False
Q010344,2026-02-19,Website,,2025-26,False
Q004911,2026-02-20,OTA,B006302,2025-26,True
Q005207,2026-02-20,Walk-in,B006700,2025-26,True
Q005305,2026-02-20,Website,B006829,2025-26,True
Q008726,2026-02-20,Walk-in,,2025-26,False
Q008786,2026-02-20,Website,,2025-26,False
Q008960,2026-02-20,Walk-in,,2025-26,False
Q009360,2026-02-20,Walk-in,,2025-26,False
Q010190,2026-02-20,Instagram,,2025-26,False
Q010400,2026-02-20,Walk-in,,2025-26,False
Q010441,2026-02-20,OTA,,2025-26,False
Q010830,2026-02-20,OTA,,2025-26,False
Q004953,2026-02-21,Hotel Partner,B006362,2025-26,True
Q004991,2026-02-21,OTA,B006410,2025-26,True
Q005015,2026-02-21,Website,B006442,2025-26,True
Q005016,2026-02-21,Walk-in,B006443,2025-26,True
Q005059,2026-02-21,Website,B006500,2025-26,True
Q005068,2026-02-21,Referral,B006512,2025-26,True
Q005097,2026-02-21,Referral,B006552,2025-26,True
Q005164,2026-02-21,Walk-in,B006642,2025-26,True
Q005193,2026-02-21,Hotel Partner,B006684,2025-26,True
Q005245,2026-02-21,Referral,B006747,2025-26,True
Q008574,2026-02-21,Hotel Partner,,2025-26,False
Q008598,2026-02-21,OTA,,2025-26,False
Q008749,2026-02-21,OTA,,2025-26,False
Q008751,2026-02-21,Walk-in,,2025-26,False
Q008793,2026-02-21,Walk-in,,2025-26,False
Q009423,2026-02-21,Referral,,2025-26,False
Q009537,2026-02-21,Walk-in,,2025-26,False
Q009569,2026-02-21,Hotel Partner,,2025-26,False
Q009901,2026-02-21,Referral,,2025-26,False
Q010120,2026-02-21,Walk-in,,2025-26,False
Q010314,2026-02-21,Walk-in,,2025-26,False
Q010473,2026-02-21,Website,,2025-26,False
Q010550,2026-02-21,OTA,,2025-26,False
Q010652,2026-02-21,Instagram,,2025-26,False
Q005128,2026-02-22,OTA,B006592,2025-26,True
Q005129,2026-02-22,Hotel Partner,B006593,2025-26,True
Q005186,2026-02-22,Walk-in,B006676,2025-26,True
Q005234,2026-02-22,Instagram,B006733,2025-26,True
Q005255,2026-02-22,OTA,B006761,2025-26,True
Q008583,2026-02-22,OTA,,2025-26,False
Q008930,2026-02-22,Instagram,,2025-26,False
Q009146,2026-02-22,OTA,,2025-26,False
Q009205,2026-02-22,OTA,,2025-26,False
Q009717,2026-02-22,OTA,,2025-26,False
Q009767,2026-02-22,Referral,,2025-26,False
Q010718,2026-02-22,OTA,,2025-26,False
Q004901,2026-02-23,Website,B006290,2025-26,True
Q005003,2026-02-23,Website,B006428,2025-26,True
Q005048,2026-02-23,Hotel Partner,B006488,2025-26,True
Q005061,2026-02-23,Website,B006502,2025-26,True
Q005073,2026-02-23,Referral,B006519,2025-26,True
Q005119,2026-02-23,Hotel Partner,B006580,2025-26,True
Q005133,2026-02-23,OTA,B006598,2025-26,True
Q005140,2026-02-23,OTA,B006606,2025-26,True
Q005168,2026-02-23,OTA,B006646,2025-26,True
Q005254,2026-02-23,Hotel Partner,B006759,2025-26,True
Q005257,2026-02-23,Walk-in,B006766,2025-26,True
Q008682,2026-02-23,OTA,,2025-26,False
Q008858,2026-02-23,Walk-in,,2025-26,False
Q009175,2026-02-23,Hotel Partner,,2025-26,False
Q009718,2026-02-23,Walk-in,,2025-26,False
Q009867,2026-02-23,OTA,,2025-26,False
Q010169,2026-02-23,OTA,,2025-26,False
Q010205,2026-02-23,Instagram,,2025-26,False
Q010370,2026-02-23,OTA,,2025-26,False
Q010552,2026-02-23,Instagram,,2025-26,False
Q005054,2026-02-24,Hotel Partner,B006494,2025-26,True
Q005076,2026-02-24,Hotel Partner,B006523,2025-26,True
Q005157,2026-02-24,Referral,B006630,2025-26,True
Q005173,2026-02-24,Website,B006654,2025-26,True
Q005184,2026-02-24,Hotel Partner,B006673,2025-26,True
Q005241,2026-02-24,OTA,B006742,2025-26,True
Q005253,2026-02-24,Instagram,B006758,2025-26,True
Q005258,2026-02-24,OTA,B006767,2025-26,True
Q005346,2026-02-24,Referral,B006890,2025-26,True
Q008587,2026-02-24,Hotel Partner,,2025-26,False
Q009025,2026-02-24,Referral,,2025-26,False
Q009203,2026-02-24,Instagram,,2025-26,False
Q009245,2026-02-24,Instagram,,2025-26,False
Q009621,2026-02-24,Walk-in,,2025-26,False
Q009666,2026-02-24,OTA,,2025-26,False
Q009706,2026-02-24,Walk-in,,2025-26,False
Q009736,2026-02-24,Hotel Partner,,2025-26,False
Q009952,2026-02-24,Instagram,,2025-26,False
Q010751,2026-02-24,Instagram,,2025-26,False
Q004986,2026-02-25,Website,B006404,2025-26,True
Q005028,2026-02-25,Website,B006461,2025-26,True
Q005179,2026-02-25,Website,B006665,2025-26,True
Q005185,2026-02-25,Walk-in,B006675,2025-26,True
Q005246,2026-02-25,Walk-in,B006748,2025-26,True
Q008865,2026-02-25,OTA,,2025-26,False
Q008934,2026-02-25,Website,,2025-26,False
Q008997,2026-02-25,Instagram,,2025-26,False
Q009002,2026-02-25,Walk-in,,2025-26,False
Q009167,2026-02-25,Walk-in,,2025-26,False
Q009496,2026-02-25,OTA,,2025-26,False
Q009688,2026-02-25,Instagram,,2025-26,False
Q009731,2026-02-25,Instagram,,2025-26,False
Q009960,2026-02-25,Walk-in,,2025-26,False
Q009987,2026-02-25,OTA,,2025-26,False
Q010009,2026-02-25,Website,,2025-26,False
Q010136,2026-02-25,Instagram,,2025-26,False
Q005274,2026-02-26,Referral,B006788,2025-26,True
Q005297,2026-02-26,OTA,B006818,2025-26,True
Q005351,2026-02-26,OTA,B006897,2025-26,True
Q008644,2026-02-26,OTA,,2025-26,False
Q008807,2026-02-26,Website,,2025-26,False
Q009108,2026-02-26,Hotel Partner,,2025-26,False
Q009746,2026-02-26,OTA,,2025-26,False
Q009884,2026-02-26,Instagram,,2025-26,False
Q010397,2026-02-26,Website,,2025-26,False
Q010491,2026-02-26,Instagram,,2025-26,False
Q010672,2026-02-26,OTA,,2025-26,False
Q010822,2026-02-26,Hotel Partner,,2025-26,False
Q005045,2026-02-27,Hotel Partner,B006483,2025-26,True
Q005082,2026-02-27,Website,B006531,2025-26,True
Q005160,2026-02-27,Walk-in,B006634,2025-26,True
Q005225,2026-02-27,Instagram,B006722,2025-26,True
Q005237,2026-02-27,Walk-in,B006736,2025-26,True
Q005240,2026-02-27,OTA,B006740,2025-26,True
Q005306,2026-02-27,Website,B006830,2025-26,True
Q005310,2026-02-27,Referral,B006838,2025-26,True
Q005344,2026-02-27,Website,B006888,2025-26,True
Q008563,2026-02-27,Instagram,,2025-26,False
Q008715,2026-02-27,Instagram,,2025-26,False
Q008920,2026-02-27,Referral,,2025-26,False
Q009037,2026-02-27,Website,,2025-26,False
Q009041,2026-02-27,Referral,,2025-26,False
Q009119,2026-02-27,OTA,,2025-26,False
Q009940,2026-02-27,Referral,,2025-26,False
Q009947,2026-02-27,Website,,2025-26,False
Q010014,2026-02-27,Referral,,2025-26,False
Q010034,2026-02-27,OTA,,2025-26,False
Q010477,2026-02-27,Website,,2025-26,False
Q010541,2026-02-27,Hotel Partner,,2025-26,False
Q010571,2026-02-27,OTA,,2025-26,False
Q010609,2026-02-27,Website,,2025-26,False
Q010816,2026-02-27,Hotel Partner,,2025-26,False
Q003204,2026-02-28,Website,B006637,2025-26,True
Q005091,2026-02-28,OTA,B006545,2025-26,True
Q005105,2026-02-28,Walk-in,B006563,2025-26,True
Q005171,2026-02-28,Website,B006652,2025-26,True
Q005181,2026-02-28,OTA,B006668,2025-26,True
Q005205,2026-02-28,Instagram,B006698,2025-26,True
Q005214,2026-02-28,Website,B006709,2025-26,True
Q005219,2026-02-28,OTA,B006715,2025-26,True
Q005231,2026-02-28,Referral,B006730,2025-26,True
Q005249,2026-02-28,OTA,B006751,2025-26,True
Q008642,2026-02-28,Hotel Partner,,2025-26,False
Q008796,2026-02-28,OTA,,2025-26,False
Q008797,2026-02-28,Referral,,2025-26,False
Q008839,2026-02-28,OTA,,2025-26,False
Q009434,2026-02-28,Referral,,2025-26,False
Q009519,2026-02-28,Website,,2025-26,False
Q009542,2026-02-28,Instagram,,2025-26,False
Q009743,2026-02-28,Referral,,2025-26,False
Q009787,2026-02-28,Hotel Partner,,2025-26,False
Q010004,2026-02-28,Instagram,,2025-26,False
Q010070,2026-02-28,Walk-in,,2025-26,False
Q010316,2026-02-28,Hotel Partner,,2025-26,False
Q010395,2026-02-28,Instagram,,2025-26,False
Q005047,2026-03-01,Referral,B006487,2025-26,True
Q005078,2026-03-01,Walk-in,B006527,2025-26,True
Q005150,2026-03-01,Instagram,B006621,2025-26,True
Q005155,2026-03-01,Hotel Partner,B006628,2025-26,True
Q005167,2026-03-01,Instagram,B006645,2025-26,True
Q005224,2026-03-01,OTA,B006721,2025-26,True
Q005275,2026-03-01,OTA,B006789,2025-26,True
Q005287,2026-03-01,OTA,B006803,2025-26,True
Q005360,2026-03-01,Hotel Partner,B006912,2025-26,True
Q009176,2026-03-01,OTA,,2025-26,False
Q009285,2026-03-01,Walk-in,,2025-26,False
Q009382,2026-03-01,Website,,2025-26,False
Q009419,2026-03-01,Walk-in,,2025-26,False
Q009508,2026-03-01,Website,,2025-26,False
Q009744,2026-03-01,Hotel Partner,,2025-26,False
Q009785,2026-03-01,Instagram,,2025-26,False
Q009908,2026-03-01,Hotel Partner,,2025-26,False
Q010069,2026-03-01,Hotel Partner,,2025-26,False
Q010269,2026-03-01,OTA,,2025-26,False
Q010514,2026-03-01,Walk-in,,2025-26,False
Q010785,2026-03-01,Referral,,2025-26,False
Q004982,2026-03-02,OTA,B006399,2025-26,True
Q005030,2026-03-02,OTA,B006463,2025-26,True
Q005033,2026-03-02,Instagram,B006467,2025-26,True
Q005077,2026-03-02,Referral,B006524,2025-26,True
Q005216,2026-03-02,OTA,B006712,2025-26,True
Q005261,2026-03-02,Referral,B006770,2025-26,True
Q005294,2026-03-02,Walk-in,B006811,2025-26,True
Q005331,2026-03-02,OTA,B006874,2025-26,True
Q009110,2026-03-02,Website,,2025-26,False
Q009220,2026-03-02,Walk-in,,2025-26,False
Q009970,2026-03-02,OTA,,2025-26,False
Q009991,2026-03-02,Website,,2025-26,False
Q010371,2026-03-02,OTA,,2025-26,False
Q005190,2026-03-03,OTA,B006681,2025-26,True
Q005259,2026-03-03,Hotel Partner,B006768,2025-26,True
Q005300,2026-03-03,Website,B006823,2025-26,True
Q005325,2026-03-03,Website,B006863,2025-26,True
Q005391,2026-03-03,Walk-in,B006951,2025-26,True
Q008614,2026-03-03,Hotel Partner,,2025-26,False
Q008667,2026-03-03,OTA,,2025-26,False
Q008837,2026-03-03,Instagram,,2025-26,False
Q009495,2026-03-03,Walk-in,,2025-26,False
Q009898,2026-03-03,Instagram,,2025-26,False
Q009951,2026-03-03,Referral,,2025-26,False
Q010122,2026-03-03,Walk-in,,2025-26,False
Q010353,2026-03-03,Walk-in,,2025-26,False
Q005112,2026-03-04,Referral,B006572,2025-26,True
Q005169,2026-03-04,Walk-in,B006647,2025-26,True
Q005262,2026-03-04,Instagram,B006772,2025-26,True
Q005263,2026-03-04,Walk-in,B006773,2025-26,True
Q005271,2026-03-04,Website,B006784,2025-26,True
Q008535,2026-03-04,Referral,,2025-26,False
Q008562,2026-03-04,Website,,2025-26,False
Q008648,2026-03-04,OTA,,2025-26,False
Q008901,2026-03-04,Hotel Partner,,2025-26,False
Q009074,2026-03-04,Website,,2025-26,False
Q009196,2026-03-04,OTA,,2025-26,False
Q009206,2026-03-04,Instagram,,2025-26,False
Q009215,2026-03-04,Walk-in,,2025-26,False
Q009268,2026-03-04,Walk-in,,2025-26,False
Q009365,2026-03-04,Walk-in,,2025-26,False
Q009649,2026-03-04,OTA,,2025-26,False
Q009716,2026-03-04,Instagram,,2025-26,False
Q004996,2026-03-05,Website,B006417,2025-26,True
Q005037,2026-03-05,Hotel Partner,B006472,2025-26,True
Q005072,2026-03-05,Hotel Partner,B006518,2025-26,True
Q005108,2026-03-05,OTA,B006567,2025-26,True
Q005135,2026-03-05,Walk-in,B006600,2025-26,True
Q005159,2026-03-05,Hotel Partner,B006632,2025-26,True
Q005166,2026-03-05,Instagram,B006644,2025-26,True
Q005243,2026-03-05,Walk-in,B006745,2025-26,True
Q005247,2026-03-05,Website,B006749,2025-26,True
Q005277,2026-03-05,Instagram,B006791,2025-26,True
Q008521,2026-03-05,Referral,,2025-26,False
Q008665,2026-03-05,OTA,,2025-26,False
Q008718,2026-03-05,Referral,,2025-26,False
Q008903,2026-03-05,OTA,,2025-26,False
Q009513,2026-03-05,Website,,2025-26,False
Q009594,2026-03-05,Walk-in,,2025-26,False
Q010248,2026-03-05,Walk-in,,2025-26,False
Q010309,2026-03-05,Instagram,,2025-26,False
Q010679,2026-03-05,Website,,2025-26,False
Q010680,2026-03-05,OTA,,2025-26,False
Q005036,2026-03-06,Website,B006470,2025-26,True
Q005114,2026-03-06,Instagram,B006574,2025-26,True
Q005124,2026-03-06,OTA,B006588,2025-26,True
Q005142,2026-03-06,Instagram,B006609,2025-26,True
Q005191,2026-03-06,Hotel Partner,B006682,2025-26,True
Q005313,2026-03-06,Instagram,B006844,2025-26,True
Q005380,2026-03-06,OTA,B006938,2025-26,True
Q008616,2026-03-06,OTA,,2025-26,False
Q008913,2026-03-06,Walk-in,,2025-26,False
Q009177,2026-03-06,Website,,2025-26,False
Q009246,2026-03-06,OTA,,2025-26,False
Q009779,2026-03-06,Walk-in,,2025-26,False
Q009882,2026-03-06,OTA,,2025-26,False
Q010187,2026-03-06,OTA,,2025-26,False
Q010207,2026-03-06,Walk-in,,2025-26,False
Q010399,2026-03-06,Website,,2025-26,False
Q010831,2026-03-06,Walk-in,,2025-26,False
Q005060,2026-03-07,Referral,B006501,2025-26,True
Q005090,2026-03-07,Walk-in,B006543,2025-26,True
Q005218,2026-03-07,Walk-in,B006714,2025-26,True
Q005285,2026-03-07,Instagram,B006800,2025-26,True
Q005333,2026-03-07,Walk-in,B006876,2025-26,True
Q008621,2026-03-07,OTA,,2025-26,False
Q008778,2026-03-07,Referral,,2025-26,False
Q009182,2026-03-07,Walk-in,,2025-26,False
Q009800,2026-03-07,Walk-in,,2025-26,False
Q009807,2026-03-07,OTA,,2025-26,False
Q010083,2026-03-07,Website,,2025-26,False
Q010220,2026-03-07,Hotel Partner,,2025-26,False
Q010249,2026-03-07,OTA,,2025-26,False
Q010305,2026-03-07,Referral,,2025-26,False
Q010454,2026-03-07,Instagram,,2025-26,False
Q010537,2026-03-07,Hotel Partner,,2025-26,False
Q010556,2026-03-07,Website,,2025-26,False
Q010623,2026-03-07,Instagram,,2025-26,False
Q010762,2026-03-07,OTA,,2025-26,False
Q010806,2026-03-07,Walk-in,,2025-26,False
Q005127,2026-03-08,OTA,B006591,2025-26,True
Q005177,2026-03-08,Instagram,B006659,2025-26,True
Q005327,2026-03-08,Instagram,B006867,2025-26,True
Q005328,2026-03-08,Website,B006868,2025-26,True
Q008862,2026-03-08,Hotel Partner,,2025-26,False
Q009046,2026-03-08,OTA,,2025-26,False
Q009671,2026-03-08,OTA,,2025-26,False
Q010256,2026-03-08,Walk-in,,2025-26,False
Q010290,2026-03-08,OTA,,2025-26,False
Q010350,2026-03-08,Hotel Partner,,2025-26,False
Q005109,2026-03-09,OTA,B006568,2025-26,True
Q005138,2026-03-09,OTA,B006604,2025-26,True
Q005226,2026-03-09,Walk-in,B006723,2025-26,True
Q005272,2026-03-09,Website,B006785,2025-26,True
Q005282,2026-03-09,Referral,B006797,2025-26,True
Q005405,2026-03-09,OTA,B006970,2025-26,True
Q008710,2026-03-09,OTA,,2025-26,False
Q008893,2026-03-09,Walk-in,,2025-26,False
Q009228,2026-03-09,Instagram,,2025-26,False
Q009314,2026-03-09,Referral,,2025-26,False
Q009326,2026-03-09,OTA,,2025-26,False
Q009526,2026-03-09,OTA,,2025-26,False
Q009733,2026-03-09,OTA,,2025-26,False
Q010251,2026-03-09,Instagram,,2025-26,False
Q010281,2026-03-09,Walk-in,,2025-26,False
Q010744,2026-03-09,Walk-in,,2025-26,False
Q010746,2026-03-09,Instagram,,2025-26,False
Q010778,2026-03-09,Instagram,,2025-26,False
Q010809,2026-03-09,Website,,2025-26,False
Q005113,2026-03-10,OTA,B006573,2025-26,True
Q005192,2026-03-10,Website,B006683,2025-26,True
Q005199,2026-03-10,Walk-in,B006691,2025-26,True
Q005222,2026-03-10,Walk-in,B006719,2025-26,True
Q005227,2026-03-10,Instagram,B006724,2025-26,True
Q005279,2026-03-10,OTA,B006793,2025-26,True
Q005293,2026-03-10,OTA,B006810,2025-26,True
Q005352,2026-03-10,Referral,B006898,2025-26,True
Q005420,2026-03-10,OTA,B006989,2025-26,True
Q008510,2026-03-10,OTA,,2025-26,False
Q008929,2026-03-10,Referral,,2025-26,False
Q009062,2026-03-10,OTA,,2025-26,False
Q009579,2026-03-10,Instagram,,2025-26,False
Q009608,2026-03-10,OTA,,2025-26,False
Q009665,2026-03-10,Referral,,2025-26,False
Q009683,2026-03-10,Referral,,2025-26,False
Q009730,2026-03-10,OTA,,2025-26,False
Q010226,2026-03-10,Website,,2025-26,False
Q010389,2026-03-10,Instagram,,2025-26,False
Q010391,2026-03-10,OTA,,2025-26,False
Q010504,2026-03-10,Walk-in,,2025-26,False
Q005182,2026-03-11,Instagram,B006671,2025-26,True
Q005210,2026-03-11,Referral,B006704,2025-26,True
Q005252,2026-03-11,Walk-in,B006757,2025-26,True
Q005289,2026-03-11,OTA,B006806,2025-26,True
Q005299,2026-03-11,Website,B006821,2025-26,True
Q005320,2026-03-11,OTA,B006854,2025-26,True
Q005353,2026-03-11,OTA,B006900,2025-26,True
Q005361,2026-03-11,OTA,B006913,2025-26,True
Q005373,2026-03-11,Walk-in,B006929,2025-26,True
Q005403,2026-03-11,Instagram,B006968,2025-26,True
Q009159,2026-03-11,Hotel Partner,,2025-26,False
Q009170,2026-03-11,OTA,,2025-26,False
Q009359,2026-03-11,Walk-in,,2025-26,False
Q009411,2026-03-11,Instagram,,2025-26,False
Q010206,2026-03-11,OTA,,2025-26,False
Q010704,2026-03-11,OTA,,2025-26,False
Q005323,2026-03-12,Walk-in,B006860,2025-26,True
Q005341,2026-03-12,Walk-in,B006885,2025-26,True
Q005416,2026-03-12,Walk-in,B006983,2025-26,True
Q005417,2026-03-12,OTA,B006985,2025-26,True
Q008708,2026-03-12,OTA,,2025-26,False
Q009078,2026-03-12,OTA,,2025-26,False
Q009590,2026-03-12,Walk-in,,2025-26,False
Q009719,2026-03-12,OTA,,2025-26,False
Q009966,2026-03-12,OTA,,2025-26,False
Q010243,2026-03-12,Hotel Partner,,2025-26,False
Q010287,2026-03-12,Hotel Partner,,2025-26,False
Q005201,2026-03-13,OTA,B006693,2025-26,True
Q005233,2026-03-13,OTA,B006732,2025-26,True
Q005307,2026-03-13,Instagram,B006831,2025-26,True
Q005452,2026-03-13,Walk-in,B007030,2025-26,True
Q008676,2026-03-13,Hotel Partner,,2025-26,False
Q009163,2026-03-13,Hotel Partner,,2025-26,False
Q010270,2026-03-13,Instagram,,2025-26,False
Q010284,2026-03-13,Website,,2025-26,False
Q010418,2026-03-13,Walk-in,,2025-26,False
Q010765,2026-03-13,Website,,2025-26,False
Q010840,2026-03-13,Walk-in,,2025-26,False
Q005265,2026-03-14,Hotel Partner,B006777,2025-26,True
Q005348,2026-03-14,OTA,B006893,2025-26,True
Q005379,2026-03-14,Hotel Partner,B006937,2025-26,True
Q008661,2026-03-14,OTA,,2025-26,False
Q008867,2026-03-14,Walk-in,,2025-26,False
Q009016,2026-03-14,Walk-in,,2025-26,False
Q009091,2026-03-14,OTA,,2025-26,False
Q009281,2026-03-14,Walk-in,,2025-26,False
Q009479,2026-03-14,Referral,,2025-26,False
Q009583,2026-03-14,Website,,2025-26,False
Q009686,2026-03-14,OTA,,2025-26,False
Q009812,2026-03-14,Hotel Partner,,2025-26,False
Q009837,2026-03-14,Referral,,2025-26,False
Q010059,2026-03-14,Website,,2025-26,False
Q010535,2026-03-14,Instagram,,2025-26,False
Q005178,2026-03-15,Website,B006664,2025-26,True
Q005183,2026-03-15,Referral,B006672,2025-26,True
Q005230,2026-03-15,OTA,B006728,2025-26,True
Q005256,2026-03-15,Instagram,B006763,2025-26,True
Q005267,2026-03-15,Website,B006780,2025-26,True
Q005311,2026-03-15,Website,B006840,2025-26,True
Q005475,2026-03-15,Walk-in,B007057,2025-26,True
Q008640,2026-03-15,Walk-in,,2025-26,False
Q008748,2026-03-15,Walk-in,,2025-26,False
Q009251,2026-03-15,Hotel Partner,,2025-26,False
Q009357,2026-03-15,Referral,,2025-26,False
Q009397,2026-03-15,OTA,,2025-26,False
Q010632,2026-03-15,OTA,,2025-26,False
Q010709,2026-03-15,Website,,2025-26,False
Q005154,2026-03-16,OTA,B006627,2025-26,True
Q005158,2026-03-16,Hotel Partner,B006631,2025-26,True
Q005326,2026-03-16,OTA,B006864,2025-26,True
Q005365,2026-03-16,OTA,B006918,2025-26,True
Q005372,2026-03-16,Hotel Partner,B006928,2025-26,True
Q005382,2026-03-16,Referral,B006940,2025-26,True
Q005388,2026-03-16,Website,B006947,2025-26,True
Q005428,2026-03-16,Referral,B006999,2025-26,True
Q008711,2026-03-16,Hotel Partner,,2025-26,False
Q008863,2026-03-16,Website,,2025-26,False
Q008991,2026-03-16,OTA,,2025-26,False
Q009083,2026-03-16,OTA,,2025-26,False
Q009388,2026-03-16,Instagram,,2025-26,False
Q009578,2026-03-16,Website,,2025-26,False
Q009581,2026-03-16,Walk-in,,2025-26,False
Q009661,2026-03-16,OTA,,2025-26,False
Q009911,2026-03-16,Instagram,,2025-26,False
Q009914,2026-03-16,Instagram,,2025-26,False
Q009948,2026-03-16,Walk-in,,2025-26,False
Q010002,2026-03-16,Walk-in,,2025-26,False
Q010012,2026-03-16,OTA,,2025-26,False
Q010561,2026-03-16,Website,,2025-26,False
Q010741,2026-03-16,OTA,,2025-26,False
Q005132,2026-03-17,Website,B006597,2025-26,True
Q005195,2026-03-17,Referral,B006687,2025-26,True
Q005251,2026-03-17,Website,B006756,2025-26,True
Q005290,2026-03-17,OTA,B006807,2025-26,True
Q005304,2026-03-17,OTA,B006828,2025-26,True
Q005317,2026-03-17,Referral,B006848,2025-26,True
Q005330,2026-03-17,OTA,B006872,2025-26,True
Q005359,2026-03-17,OTA,B006910,2025-26,True
Q005364,2026-03-17,OTA,B006917,2025-26,True
Q005374,2026-03-17,OTA,B006930,2025-26,True
Q008540,2026-03-17,Hotel Partner,,2025-26,False
Q008873,2026-03-17,OTA,,2025-26,False
Q009335,2026-03-17,Website,,2025-26,False
Q009408,2026-03-17,Instagram,,2025-26,False
Q009710,2026-03-17,Referral,,2025-26,False
Q009885,2026-03-17,Instagram,,2025-26,False
Q010055,2026-03-17,OTA,,2025-26,False
Q010239,2026-03-17,Instagram,,2025-26,False
Q010296,2026-03-17,Walk-in,,2025-26,False
Q010318,2026-03-17,Hotel Partner,,2025-26,False
Q010540,2026-03-17,Referral,,2025-26,False
Q010693,2026-03-17,OTA,,2025-26,False
Q005137,2026-03-18,Website,B006602,2025-26,True
Q005376,2026-03-18,Hotel Partner,B006932,2025-26,True
Q005412,2026-03-18,Hotel Partner,B006979,2025-26,True
Q008599,2026-03-18,Hotel Partner,,2025-26,False
Q008752,2026-03-18,Referral,,2025-26,False
Q009073,2026-03-18,OTA,,2025-26,False
Q009727,2026-03-18,OTA,,2025-26,False
Q009846,2026-03-18,OTA,,2025-26,False
Q009877,2026-03-18,Website,,2025-26,False
Q010480,2026-03-18,Instagram,,2025-26,False
Q005284,2026-03-19,Referral,B006799,2025-26,True
Q005415,2026-03-19,Hotel Partner,B006982,2025-26,True
Q005434,2026-03-19,OTA,B007007,2025-26,True
Q009081,2026-03-19,Website,,2025-26,False
Q009619,2026-03-19,Walk-in,,2025-26,False
Q010077,2026-03-19,Instagram,,2025-26,False
Q010161,2026-03-19,OTA,,2025-26,False
Q010213,2026-03-19,Walk-in,,2025-26,False
Q010827,2026-03-19,Referral,,2025-26,False
Q005152,2026-03-20,OTA,B006624,2025-26,True
Q005189,2026-03-20,OTA,B006680,2025-26,True
Q005347,2026-03-20,Instagram,B006891,2025-26,True
Q005370,2026-03-20,Referral,B006924,2025-26,True
Q008547,2026-03-20,OTA,,2025-26,False
Q008643,2026-03-20,OTA,,2025-26,False
Q008937,2026-03-20,Website,,2025-26,False
Q009478,2026-03-20,Instagram,,2025-26,False
Q009677,2026-03-20,OTA,,2025-26,False
Q009832,2026-03-20,Website,,2025-26,False
Q009933,2026-03-20,Website,,2025-26,False
Q010022,2026-03-20,OTA,,2025-26,False
Q010354,2026-03-20,OTA,,2025-26,False
Q010575,2026-03-20,Referral,,2025-26,False
Q010659,2026-03-20,Website,,2025-26,False
Q010742,2026-03-20,Website,,2025-26,False
Q010776,2026-03-20,OTA,,2025-26,False
Q010788,2026-03-20,OTA,,2025-26,False
Q005187,2026-03-21,Instagram,B006677,2025-26,True
Q005208,2026-03-21,Walk-in,B006702,2025-26,True
Q005239,2026-03-21,Walk-in,B006739,2025-26,True
Q005296,2026-03-21,Hotel Partner,B006817,2025-26,True
Q005301,2026-03-21,Walk-in,B006825,2025-26,True
Q005368,2026-03-21,Walk-in,B006922,2025-26,True
Q005392,2026-03-21,OTA,B006952,2025-26,True
Q005414,2026-03-21,OTA,B006981,2025-26,True
Q008524,2026-03-21,Walk-in,,2025-26,False
Q008591,2026-03-21,OTA,,2025-26,False
Q008965,2026-03-21,Instagram,,2025-26,False
Q009237,2026-03-21,Instagram,,2025-26,False
Q009280,2026-03-21,Instagram,,2025-26,False
Q009282,2026-03-21,Instagram,,2025-26,False
Q009577,2026-03-21,OTA,,2025-26,False
Q009681,2026-03-21,OTA,,2025-26,False
Q009808,2026-03-21,Instagram,,2025-26,False
Q009847,2026-03-21,Website,,2025-26,False
Q009918,2026-03-21,Website,,2025-26,False
Q010254,2026-03-21,Website,,2025-26,False
Q010366,2026-03-21,OTA,,2025-26,False
Q010515,2026-03-21,OTA,,2025-26,False
Q010549,2026-03-21,Walk-in,,2025-26,False
Q010835,2026-03-21,Walk-in,,2025-26,False
Q005170,2026-03-22,Walk-in,B006649,2025-26,True
Q005229,2026-03-22,Website,B006727,2025-26,True
Q005283,2026-03-22,OTA,B006798,2025-26,True
Q005314,2026-03-22,OTA,B006845,2025-26,True
Q005337,2026-03-22,OTA,B006880,2025-26,True
Q005369,2026-03-22,OTA,B006923,2025-26,True
Q005393,2026-03-22,Instagram,B006954,2025-26,True
Q005407,2026-03-22,Referral,B006972,2025-26,True
Q005421,2026-03-22,Hotel Partner,B006990,2025-26,True
Q005446,2026-03-22,OTA,B007023,2025-26,True
Q008508,2026-03-22,OTA,,2025-26,False
Q008790,2026-03-22,OTA,,2025-26,False
Q009098,2026-03-22,Website,,2025-26,False
Q009893,2026-03-22,OTA,,2025-26,False
Q009916,2026-03-22,Referral,,2025-26,False
Q010117,2026-03-22,Website,,2025-26,False
Q010447,2026-03-22,OTA,,2025-26,False
Q005220,2026-03-23,OTA,B006716,2025-26,True
Q005354,2026-03-23,Instagram,B006901,2025-26,True
Q005387,2026-03-23,Walk-in,B006946,2025-26,True
Q005397,2026-03-23,Instagram,B006959,2025-26,True
Q005479,2026-03-23,OTA,B007062,2025-26,True
Q005488,2026-03-23,Instagram,B007076,2025-26,True
Q008824,2026-03-23,Instagram,,2025-26,False
Q008900,2026-03-23,Referral,,2025-26,False
Q009204,2026-03-23,Walk-in,,2025-26,False
Q009447,2026-03-23,OTA,,2025-26,False
Q009485,2026-03-23,Hotel Partner,,2025-26,False
Q005357,2026-03-24,OTA,B006906,2025-26,True
Q005371,2026-03-24,OTA,B006926,2025-26,True
Q005431,2026-03-24,Referral,B007002,2025-26,True
Q008766,2026-03-24,Walk-in,,2025-26,False
Q008789,2026-03-24,Website,,2025-26,False
Q009060,2026-03-24,OTA,,2025-26,False
Q009178,2026-03-24,Instagram,,2025-26,False
Q009424,2026-03-24,Website,,2025-26,False
Q009689,2026-03-24,OTA,,2025-26,False
Q010051,2026-03-24,OTA,,2025-26,False
Q010280,2026-03-24,OTA,,2025-26,False
Q005161,2026-03-25,Walk-in,B006635,2025-26,True
Q005200,2026-03-25,OTA,B006692,2025-26,True
Q005244,2026-03-25,Walk-in,B006746,2025-26,True
Q005291,2026-03-25,OTA,B006808,2025-26,True
Q005385,2026-03-25,OTA,B006944,2025-26,True
Q005451,2026-03-25,OTA,B007029,2025-26,True
Q008657,2026-03-25,Instagram,,2025-26,False
Q008942,2026-03-25,OTA,,2025-26,False
Q009028,2026-03-25,Instagram,,2025-26,False
Q009255,2026-03-25,Walk-in,,2025-26,False
Q009586,2026-03-25,Walk-in,,2025-26,False
Q009795,2026-03-25,Walk-in,,2025-26,False
Q009836,2026-03-25,Walk-in,,2025-26,False
Q010282,2026-03-25,Instagram,,2025-26,False
Q010465,2026-03-25,Referral,,2025-26,False
Q010468,2026-03-25,OTA,,2025-26,False
Q010792,2026-03-25,Hotel Partner,,2025-26,False
Q005280,2026-03-26,Hotel Partner,B006794,2025-26,True
Q005339,2026-03-26,Walk-in,B006882,2025-26,True
Q005342,2026-03-26,Hotel Partner,B006886,2025-26,True
Q005355,2026-03-26,OTA,B006902,2025-26,True
Q005384,2026-03-26,Website,B006943,2025-26,True
Q005453,2026-03-26,Website,B007031,2025-26,True
Q008654,2026-03-26,Walk-in,,2025-26,False
Q008700,2026-03-26,OTA,,2025-26,False
Q009287,2026-03-26,Walk-in,,2025-26,False
Q009295,2026-03-26,Walk-in,,2025-26,False
Q009547,2026-03-26,Referral,,2025-26,False
Q009662,2026-03-26,Referral,,2025-26,False
Q010103,2026-03-26,OTA,,2025-26,False
Q010425,2026-03-26,Walk-in,,2025-26,False
Q005206,2026-03-27,Instagram,B006699,2025-26,True
Q005213,2026-03-27,OTA,B006708,2025-26,True
Q005298,2026-03-27,OTA,B006820,2025-26,True
Q005309,2026-03-27,Instagram,B006833,2025-26,True
Q005315,2026-03-27,OTA,B006846,2025-26,True
Q005332,2026-03-27,OTA,B006875,2025-26,True
Q005437,2026-03-27,Walk-in,B007011,2025-26,True
Q005494,2026-03-27,Hotel Partner,B007091,2025-26,True
Q008619,2026-03-27,Website,,2025-26,False
Q008706,2026-03-27,OTA,,2025-26,False
Q009171,2026-03-27,OTA,,2025-26,False
Q009465,2026-03-27,Walk-in,,2025-26,False
Q009493,2026-03-27,OTA,,2025-26,False
Q009941,2026-03-27,Walk-in,,2025-26,False
Q010021,2026-03-27,OTA,,2025-26,False
Q010322,2026-03-27,Instagram,,2025-26,False
Q010598,2026-03-27,Referral,,2025-26,False
Q005221,2026-03-28,OTA,B006718,2025-26,True
Q005281,2026-03-28,Walk-in,B006795,2025-26,True
Q005423,2026-03-28,Website,B006992,2025-26,True
Q008546,2026-03-28,OTA,,2025-26,False
Q008877,2026-03-28,Hotel Partner,,2025-26,False
Q009306,2026-03-28,Website,,2025-26,False
Q009536,2026-03-28,Referral,,2025-26,False
Q009616,2026-03-28,Website,,2025-26,False
Q009843,2026-03-28,Website,,2025-26,False
Q010104,2026-03-28,Instagram,,2025-26,False
Q010772,2026-03-28,OTA,,2025-26,False
Q005212,2026-03-29,Website,B006707,2025-26,True
Q005235,2026-03-29,Walk-in,B006734,2025-26,True
Q005250,2026-03-29,Hotel Partner,B006755,2025-26,True
Q005319,2026-03-29,Instagram,B006852,2025-26,True
Q005338,2026-03-29,Referral,B006881,2025-26,True
Q005406,2026-03-29,Hotel Partner,B006971,2025-26,True
Q005443,2026-03-29,OTA,B007017,2025-26,True
Q008549,2026-03-29,OTA,,2025-26,False
Q008841,2026-03-29,Website,,2025-26,False
Q009257,2026-03-29,Walk-in,,2025-26,False
Q009261,2026-03-29,Referral,,2025-26,False
Q009483,2026-03-29,OTA,,2025-26,False
Q009655,2026-03-29,Instagram,,2025-26,False
Q009726,2026-03-29,Website,,2025-26,False
Q009923,2026-03-29,OTA,,2025-26,False
Q010236,2026-03-29,OTA,,2025-26,False
Q010410,2026-03-29,Website,,2025-26,False
Q010475,2026-03-29,Website,,2025-26,False
Q005266,2026-03-30,Instagram,B006778,2025-26,True
Q005292,2026-03-30,OTA,B006809,2025-26,True
Q005321,2026-03-30,Website,B006858,2025-26,True
Q005396,2026-03-30,Referral,B006958,2025-26,True
Q005487,2026-03-30,OTA,B007075,2025-26,True
Q009267,2026-03-30,Walk-in,,2025-26,False
Q009348,2026-03-30,OTA,,2025-26,False
Q009582,2026-03-30,Website,,2025-26,False
Q009793,2026-03-30,Walk-in,,2025-26,False
Q009816,2026-03-30,Referral,,2025-26,False
Q010424,2026-03-30,Website,,2025-26,False
Q010510,2026-03-30,OTA,,2025-26,False
Q010573,2026-03-30,OTA,,2025-26,False
Q005196,2026-03-31,OTA,B006688,2025-26,True
Q005343,2026-03-31,Walk-in,B006887,2025-26,True
Q005377,2026-03-31,OTA,B006934,2025-26,True
Q005484,2026-03-31,Website,B007067,2025-26,True
Q008791,2026-03-31,OTA,,2025-26,False
Q008928,2026-03-31,Website,,2025-26,False
Q009141,2026-03-31,Website,,2025-26,False
Q009441,2026-03-31,Instagram,,2025-26,False
Q009514,2026-03-31,OTA,,2025-26,False
Q009528,2026-03-31,OTA,,2025-26,False
Q009650,2026-03-31,Instagram,,2025-26,False
Q009754,2026-03-31,Walk-in,,2025-26,False
Q009788,2026-03-31,Walk-in,,2025-26,False
Q010306,2026-03-31,OTA,,2025-26,False
Q010313,2026-03-31,OTA,,2025-26,False
Q010398,2026-03-31,Hotel Partner,,2025-26,False
Q005197,2026-04-01,OTA,B006689,2025-26,True
Q005211,2026-04-01,OTA,B006705,2025-26,True
Q005270,2026-04-01,Website,B006783,2025-26,True
Q005302,2026-04-01,Instagram,B006826,2025-26,True
Q005318,2026-04-01,Instagram,B006851,2025-26,True
Q005336,2026-04-01,Hotel Partner,B006879,2025-26,True
Q005340,2026-04-01,Referral,B006883,2025-26,True
Q005456,2026-04-01,Hotel Partner,B007035,2025-26,True
Q005474,2026-04-01,Website,B007055,2025-26,True
Q008610,2026-04-01,OTA,,2025-26,False
Q008881,2026-04-01,Instagram,,2025-26,False
Q009330,2026-04-01,OTA,,2025-26,False
Q009562,2026-04-01,Instagram,,2025-26,False
Q009791,2026-04-01,OTA,,2025-26,False
Q010043,2026-04-01,Website,,2025-26,False
Q010107,2026-04-01,OTA,,2025-26,False
Q010295,2026-04-01,OTA,,2025-26,False
Q010339,2026-04-01,Instagram,,2025-26,False
Q010484,2026-04-01,Referral,,2025-26,False
Q010546,2026-04-01,Website,,2025-26,False
Q010569,2026-04-01,OTA,,2025-26,False
Q010621,2026-04-01,OTA,,2025-26,False
Q010651,2026-04-01,Walk-in,,2025-26,False
Q010773,2026-04-01,OTA,,2025-26,False
Q005276,2026-04-02,Instagram,B006790,2025-26,True
Q005350,2026-04-02,OTA,B006896,2025-26,True
Q005473,2026-04-02,Instagram,B007054,2025-26,True
Q005503,2026-04-02,Referral,B007102,2025-26,True
Q008765,2026-04-02,Instagram,,2025-26,False
Q009035,2026-04-02,Instagram,,2025-26,False
Q009054,2026-04-02,Instagram,,2025-26,False
Q009790,2026-04-02,Walk-in,,2025-26,False
Q009802,2026-04-02,Walk-in,,2025-26,False
Q010233,2026-04-02,Website,,2025-26,False
Q010291,2026-04-02,Instagram,,2025-26,False
Q010312,2026-04-02,Walk-in,,2025-26,False
Q010321,2026-04-02,OTA,,2025-26,False
Q010420,2026-04-02,OTA,,2025-26,False
Q010483,2026-04-02,Walk-in,,2025-26,False
Q010843,2026-04-02,OTA,,2025-26,False
Q002156,2026-04-03,Walk-in,B007082,2025-26,True
Q005228,2026-04-03,OTA,B006726,2025-26,True
Q005418,2026-04-03,Walk-in,B006986,2025-26,True
Q005427,2026-04-03,OTA,B006998,2025-26,True
Q005438,2026-04-03,Hotel Partner,B007012,2025-26,True
Q005560,2026-04-03,OTA,B007168,2025-26,True
Q008806,2026-04-03,OTA,,2025-26,False
Q008872,2026-04-03,Walk-in,,2025-26,False
Q008999,2026-04-03,Instagram,,2025-26,False
Q009068,2026-04-03,OTA,,2025-26,False
Q009444,2026-04-03,Website,,2025-26,False
Q009520,2026-04-03,OTA,,2025-26,False
Q009534,2026-04-03,OTA,,2025-26,False
Q009645,2026-04-03,OTA,,2025-26,False
Q009899,2026-04-03,OTA,,2025-26,False
Q010049,2026-04-03,Referral,,2025-26,False
Q010221,2026-04-03,Hotel Partner,,2025-26,False
Q010352,2026-04-03,OTA,,2025-26,False
Q010375,2026-04-03,OTA,,2025-26,False
Q005223,2026-04-04,Website,B006720,2025-26,True
Q005232,2026-04-04,Website,B006731,2025-26,True
Q005363,2026-04-04,OTA,B006916,2025-26,True
Q005410,2026-04-04,Referral,B006977,2025-26,True
Q005499,2026-04-04,Hotel Partner,B007096,2025-26,True
Q005508,2026-04-04,Instagram,B007107,2025-26,True
Q005551,2026-04-04,Instagram,B007157,2025-26,True
Q005558,2026-04-04,Walk-in,B007166,2025-26,True
Q008526,2026-04-04,OTA,,2025-26,False
Q009232,2026-04-04,OTA,,2025-26,False
Q009512,2026-04-04,OTA,,2025-26,False
Q009826,2026-04-04,Hotel Partner,,2025-26,False
Q009883,2026-04-04,OTA,,2025-26,False
Q010286,2026-04-04,OTA,,2025-26,False
Q010814,2026-04-04,Referral,,2025-26,False
Q005324,2026-04-05,Walk-in,B006862,2025-26,True
Q005358,2026-04-05,Referral,B006907,2025-26,True
Q005362,2026-04-05,Referral,B006915,2025-26,True
Q005383,2026-04-05,Website,B006941,2025-26,True
Q005394,2026-04-05,Website,B006955,2025-26,True
Q005429,2026-04-05,Website,B007000,2025-26,True
Q005512,2026-04-05,Hotel Partner,B007114,2025-26,True
Q008542,2026-04-05,Instagram,,2025-26,False
Q008894,2026-04-05,OTA,,2025-26,False
Q009431,2026-04-05,OTA,,2025-26,False
Q009530,2026-04-05,Hotel Partner,,2025-26,False
Q009745,2026-04-05,OTA,,2025-26,False
Q009838,2026-04-05,Walk-in,,2025-26,False
Q009920,2026-04-05,Referral,,2025-26,False
Q009955,2026-04-05,OTA,,2025-26,False
Q010007,2026-04-05,OTA,,2025-26,False
Q010200,2026-04-05,Instagram,,2025-26,False
Q010351,2026-04-05,OTA,,2025-26,False
Q010636,2026-04-05,Instagram,,2025-26,False
Q010663,2026-04-05,Referral,,2025-26,False
Q005238,2026-04-06,Instagram,B006737,2025-26,True
Q005269,2026-04-06,Referral,B006782,2025-26,True
Q005322,2026-04-06,Website,B006859,2025-26,True
Q005334,2026-04-06,Hotel Partner,B006877,2025-26,True
Q005375,2026-04-06,Website,B006931,2025-26,True
Q005381,2026-04-06,Referral,B006939,2025-26,True
Q005386,2026-04-06,OTA,B006945,2025-26,True
Q005390,2026-04-06,Website,B006950,2025-26,True
Q005413,2026-04-06,Walk-in,B006980,2025-26,True
Q005424,2026-04-06,OTA,B006993,2025-26,True
Q005460,2026-04-06,Referral,B007039,2025-26,True
Q005482,2026-04-06,OTA,B007065,2025-26,True
Q005525,2026-04-06,Website,B007127,2025-26,True
Q008567,2026-04-06,OTA,,2025-26,False
Q008694,2026-04-06,OTA,,2025-26,False
Q009069,2026-04-06,Walk-in,,2025-26,False
Q009470,2026-04-06,OTA,,2025-26,False
Q009484,2026-04-06,Hotel Partner,,2025-26,False
Q009516,2026-04-06,Walk-in,,2025-26,False
Q009828,2026-04-06,Website,,2025-26,False
Q010024,2026-04-06,Walk-in,,2025-26,False
Q010681,2026-04-06,Walk-in,,2025-26,False
Q010775,2026-04-06,Instagram,,2025-26,False
Q005236,2026-04-07,OTA,B006735,2025-26,True
Q005312,2026-04-07,Referral,B006841,2025-26,True
Q005395,2026-04-07,Referral,B006956,2025-26,True
Q005472,2026-04-07,Instagram,B007051,2025-26,True
Q005534,2026-04-07,Instagram,B007136,2025-26,True
Q005538,2026-04-07,Website,B007140,2025-26,True
Q005559,2026-04-07,OTA,B007167,2025-26,True
Q008733,2026-04-07,OTA,,2025-26,False
Q009548,2026-04-07,Hotel Partner,,2025-26,False
Q009702,2026-04-07,Walk-in,,2025-26,False
Q009794,2026-04-07,Walk-in,,2025-26,False
Q009825,2026-04-07,Website,,2025-26,False
Q009930,2026-04-07,Walk-in,,2025-26,False
Q009943,2026-04-07,Walk-in,,2025-26,False
Q010102,2026-04-07,OTA,,2025-26,False
Q010182,2026-04-07,OTA,,2025-26,False
Q010189,2026-04-07,Walk-in,,2025-26,False
Q010472,2026-04-07,OTA,,2025-26,False
Q010558,2026-04-07,OTA,,2025-26,False
Q010596,2026-04-07,Website,,2025-26,False
Q005273,2026-04-08,Hotel Partner,B006786,2025-26,True
Q005329,2026-04-08,OTA,B006870,2025-26,True
Q005345,2026-04-08,OTA,B006889,2025-26,True
Q005411,2026-04-08,Website,B006978,2025-26,True
Q005447,2026-04-08,Website,B007024,2025-26,True
Q005478,2026-04-08,Referral,B007060,2025-26,True
Q005511,2026-04-08,Website,B007112,2025-26,True
Q005536,2026-04-08,Walk-in,B007138,2025-26,True
Q008666,2026-04-08,OTA,,2025-26,False
Q009227,2026-04-08,Website,,2025-26,False
Q009463,2026-04-08,Walk-in,,2025-26,False
Q009585,2026-04-08,Referral,,2025-26,False
Q010374,2026-04-08,Referral,,2025-26,False
Q005316,2026-04-09,OTA,B006847,2025-26,True
Q005445,2026-04-09,Website,B007021,2025-26,True
Q005468,2026-04-09,OTA,B007047,2025-26,True
Q005505,2026-04-09,Referral,B007104,2025-26,True
Q005530,2026-04-09,Website,B007132,2025-26,True
Q008876,2026-04-09,OTA,,2025-26,False
Q009230,2026-04-09,Referral,,2025-26,False
Q009243,2026-04-09,Hotel Partner,,2025-26,False
Q009435,2026-04-09,Instagram,,2025-26,False
Q009471,2026-04-09,OTA,,2025-26,False
Q009531,2026-04-09,OTA,,2025-26,False
Q009929,2026-04-09,OTA,,2025-26,False
Q010025,2026-04-09,Website,,2025-26,False
Q010756,2026-04-09,OTA,,2025-26,False
Q010782,2026-04-09,OTA,,2025-26,False
Q005278,2026-04-10,OTA,B006792,2025-26,True
Q005303,2026-04-10,Instagram,B006827,2025-26,True
Q005419,2026-04-10,Walk-in,B006987,2025-26,True
Q005528,2026-04-10,Walk-in,B007130,2025-26,True
Q005544,2026-04-10,OTA,B007147,2025-26,True
Q008543,2026-04-10,OTA,,2025-26,False
Q008689,2026-04-10,OTA,,2025-26,False
Q009242,2026-04-10,Website,,2025-26,False
Q009262,2026-04-10,OTA,,2025-26,False
Q009904,2026-04-10,Website,,2025-26,False
Q010231,2026-04-10,OTA,,2025-26,False
Q010413,2026-04-10,OTA,,2025-26,False
Q010674,2026-04-10,Walk-in,,2025-26,False
Q005356,2026-04-11,Instagram,B006905,2025-26,True
Q005485,2026-04-11,OTA,B007071,2025-26,True
Q005524,2026-04-11,Hotel Partner,B007126,2025-26,True
Q008713,2026-04-11,OTA,,2025-26,False
Q009034,2026-04-11,Website,,2025-26,False
Q009082,2026-04-11,Walk-in,,2025-26,False
Q010197,2026-04-11,Website,,2025-26,False
Q010218,2026-04-11,Referral,,2025-26,False
Q010610,2026-04-11,Walk-in,,2025-26,False
Q005467,2026-04-12,Referral,B007046,2025-26,True
Q008641,2026-04-12,Hotel Partner,,2025-26,False
Q008884,2026-04-12,Walk-in,,2025-26,False
Q009753,2026-04-12,Referral,,2025-26,False
Q009772,2026-04-12,Referral,,2025-26,False
Q009913,2026-04-12,Instagram,,2025-26,False
Q010258,2026-04-12,OTA,,2025-26,False
Q010618,2026-04-12,OTA,,2025-26,False
Q005308,2026-04-13,Website,B006832,2025-26,True
Q005489,2026-04-13,OTA,B007084,2025-26,True
Q008669,2026-04-13,Website,,2025-26,False
Q008755,2026-04-13,Hotel Partner,,2025-26,False
Q008883,2026-04-13,Walk-in,,2025-26,False
Q009672,2026-04-13,Walk-in,,2025-26,False
Q009964,2026-04-13,Referral,,2025-26,False
Q010246,2026-04-13,Website,,2025-26,False
Q010356,2026-04-13,Website,,2025-26,False
Q010801,2026-04-13,OTA,,2025-26,False
Q005295,2026-04-14,OTA,B006813,2025-26,True
Q005378,2026-04-14,Referral,B006935,2025-26,True
Q005439,2026-04-14,OTA,B007013,2025-26,True
Q005486,2026-04-14,OTA,B007073,2025-26,True
Q005540,2026-04-14,Walk-in,B007142,2025-26,True
Q008544,2026-04-14,OTA,,2025-26,False
Q008632,2026-04-14,Walk-in,,2025-26,False
Q008810,2026-04-14,Walk-in,,2025-26,False
Q008896,2026-04-14,OTA,,2025-26,False
Q009003,2026-04-14,Referral,,2025-26,False
Q009189,2026-04-14,OTA,,2025-26,False
Q009270,2026-04-14,OTA,,2025-26,False
Q009439,2026-04-14,OTA,,2025-26,False
Q009886,2026-04-14,Hotel Partner,,2025-26,False
Q010125,2026-04-14,OTA,,2025-26,False
Q010485,2026-04-14,Instagram,,2025-26,False
Q010585,2026-04-14,Website,,2025-26,False
Q010722,2026-04-14,OTA,,2025-26,False
Q010754,2026-04-14,Walk-in,,2025-26,False
Q010800,2026-04-14,Walk-in,,2025-26,False
Q010811,2026-04-14,Referral,,2025-26,False
Q010832,2026-04-14,Walk-in,,2025-26,False
Q005450,2026-04-15,Walk-in,B007028,2025-26,True
Q008921,2026-04-15,OTA,,2025-26,False
Q008957,2026-04-15,Website,,2025-26,False
Q009188,2026-04-15,Walk-in,,2025-26,False
Q009701,2026-04-15,Referral,,2025-26,False
Q009775,2026-04-15,Instagram,,2025-26,False
Q009881,2026-04-15,OTA,,2025-26,False
Q010044,2026-04-15,Walk-in,,2025-26,False
Q010180,2026-04-15,Walk-in,,2025-26,False
Q010449,2026-04-15,OTA,,2025-26,False
Q010461,2026-04-15,Instagram,,2025-26,False
Q010619,2026-04-15,OTA,,2025-26,False
Q010645,2026-04-15,Walk-in,,2025-26,False
Q010708,2026-04-15,OTA,,2025-26,False
Q010759,2026-04-15,OTA,,2025-26,False
Q005366,2026-04-16,Referral,B006919,2025-26,True
Q005401,2026-04-16,Hotel Partner,B006964,2025-26,True
Q008576,2026-04-16,Website,,2025-26,False
Q009080,2026-04-16,Hotel Partner,,2025-26,False
Q009197,2026-04-16,OTA,,2025-26,False
Q009532,2026-04-16,Walk-in,,2025-26,False
Q010355,2026-04-16,Walk-in,,2025-26,False
Q010841,2026-04-16,OTA,,2025-26,False
Q005400,2026-04-17,Website,B006963,2025-26,True
Q005441,2026-04-17,Website,B007015,2025-26,True
Q005550,2026-04-17,Instagram,B007154,2025-26,True
Q008516,2026-04-17,Walk-in,,2025-26,False
Q008534,2026-04-17,Walk-in,,2025-26,False
Q008538,2026-04-17,Instagram,,2025-26,False
Q008646,2026-04-17,OTA,,2025-26,False
Q008771,2026-04-17,Walk-in,,2025-26,False
Q008952,2026-04-17,Referral,,2025-26,False
Q009298,2026-04-17,Instagram,,2025-26,False
Q009331,2026-04-17,OTA,,2025-26,False
Q009491,2026-04-17,Walk-in,,2025-26,False
Q009685,2026-04-17,Walk-in,,2025-26,False
Q009902,2026-04-17,OTA,,2025-26,False
Q010650,2026-04-17,Instagram,,2025-26,False
Q005408,2026-04-18,OTA,B006974,2025-26,True
Q005435,2026-04-18,Referral,B007008,2025-26,True
Q005483,2026-04-18,Referral,B007066,2025-26,True
Q008601,2026-04-18,Instagram,,2025-26,False
Q008685,2026-04-18,Walk-in,,2025-26,False
Q008792,2026-04-18,Walk-in,,2025-26,False
Q008800,2026-04-18,Walk-in,,2025-26,False
Q008987,2026-04-18,OTA,,2025-26,False
Q009155,2026-04-18,OTA,,2025-26,False
Q009453,2026-04-18,Instagram,,2025-26,False
Q009481,2026-04-18,OTA,,2025-26,False
Q009864,2026-04-18,Hotel Partner,,2025-26,False
Q009953,2026-04-18,Instagram,,2025-26,False
Q005430,2026-04-19,OTA,B007001,2025-26,True
Q005471,2026-04-19,Instagram,B007050,2025-26,True
Q005541,2026-04-19,Walk-in,B007143,2025-26,True
Q005562,2026-04-19,Website,B007171,2025-26,True
Q008577,2026-04-19,OTA,,2025-26,False
Q008795,2026-04-19,OTA,,2025-26,False
Q008904,2026-04-19,Hotel Partner,,2025-26,False
Q009139,2026-04-19,Referral,,2025-26,False
Q009258,2026-04-19,Referral,,2025-26,False
Q009377,2026-04-19,Referral,,2025-26,False
Q009678,2026-04-19,Referral,,2025-26,False
Q009694,2026-04-19,Website,,2025-26,False
Q010362,2026-04-19,OTA,,2025-26,False
Q010622,2026-04-19,Walk-in,,2025-26,False
Q010714,2026-04-19,Instagram,,2025-26,False
Q005398,2026-04-20,Hotel Partner,B006960,2025-26,True
Q005426,2026-04-20,OTA,B006997,2025-26,True
Q005440,2026-04-20,Referral,B007014,2025-26,True
Q005458,2026-04-20,Walk-in,B007037,2025-26,True
Q005469,2026-04-20,Instagram,B007048,2025-26,True
Q005481,2026-04-20,Walk-in,B007064,2025-26,True
Q005490,2026-04-20,Walk-in,B007085,2025-26,True
Q005497,2026-04-20,Instagram,B007094,2025-26,True
Q005507,2026-04-20,Referral,B007106,2025-26,True
Q005535,2026-04-20,Referral,B007137,2025-26,True
Q005543,2026-04-20,Instagram,B007146,2025-26,True
Q008579,2026-04-20,Instagram,,2025-26,False
Q009421,2026-04-20,OTA,,2025-26,False
Q009605,2026-04-20,Referral,,2025-26,False
Q009741,2026-04-20,Instagram,,2025-26,False
Q010138,2026-04-20,Website,,2025-26,False
Q010606,2026-04-20,OTA,,2025-26,False
Q005463,2026-04-21,Instagram,B007042,2025-26,True
Q005556,2026-04-21,Website,B007164,2025-26,True
Q008645,2026-04-21,Walk-in,,2025-26,False
Q008908,2026-04-21,Website,,2025-26,False
Q009275,2026-04-21,Walk-in,,2025-26,False
Q009338,2026-04-21,OTA,,2025-26,False
Q009427,2026-04-21,Referral,,2025-26,False
Q009503,2026-04-21,Referral,,2025-26,False
Q010151,2026-04-21,Website,,2025-26,False
Q010407,2026-04-21,Instagram,,2025-26,False
Q005335,2026-04-22,OTA,B006878,2025-26,True
Q005470,2026-04-22,Website,B007049,2025-26,True
Q005514,2026-04-22,Referral,B007116,2025-26,True
Q005537,2026-04-22,Website,B007139,2025-26,True
Q008552,2026-04-22,Referral,,2025-26,False
Q008613,2026-04-22,OTA,,2025-26,False
Q008629,2026-04-22,OTA,,2025-26,False
Q008832,2026-04-22,OTA,,2025-26,False
Q009077,2026-04-22,Website,,2025-26,False
Q009121,2026-04-22,OTA,,2025-26,False
Q009292,2026-04-22,Walk-in,,2025-26,False
Q009321,2026-04-22,Website,,2025-26,False
Q009469,2026-04-22,OTA,,2025-26,False
Q009959,2026-04-22,Website,,2025-26,False
Q010048,2026-04-22,Hotel Partner,,2025-26,False
Q010479,2026-04-22,OTA,,2025-26,False
Q010581,2026-04-22,Instagram,,2025-26,False
Q010684,2026-04-22,Instagram,,2025-26,False
Q005448,2026-04-23,Walk-in,B007025,2025-26,True
Q005461,2026-04-23,Instagram,B007040,2025-26,True
Q005466,2026-04-23,Walk-in,B007045,2025-26,True
Q008720,2026-04-23,Walk-in,,2025-26,False
Q008813,2026-04-23,Instagram,,2025-26,False
Q008835,2026-04-23,OTA,,2025-26,False
Q008845,2026-04-23,OTA,,2025-26,False
Q008969,2026-04-23,Walk-in,,2025-26,False
Q009085,2026-04-23,Walk-in,,2025-26,False
Q010273,2026-04-23,OTA,,2025-26,False
Q010333,2026-04-23,OTA,,2025-26,False
Q010802,2026-04-23,Referral,,2025-26,False
Q005457,2026-04-24,Walk-in,B007036,2025-26,True
Q005502,2026-04-24,OTA,B007101,2025-26,True
Q005527,2026-04-24,OTA,B007129,2025-26,True
Q005557,2026-04-24,Instagram,B007165,2025-26,True
Q008581,2026-04-24,Walk-in,,2025-26,False
Q008582,2026-04-24,Referral,,2025-26,False
Q008811,2026-04-24,Walk-in,,2025-26,False
Q008924,2026-04-24,Walk-in,,2025-26,False
Q009066,2026-04-24,Walk-in,,2025-26,False
Q009263,2026-04-24,Hotel Partner,,2025-26,False
Q009417,2026-04-24,Walk-in,,2025-26,False
Q009806,2026-04-24,Hotel Partner,,2025-26,False
Q010467,2026-04-24,Referral,,2025-26,False
Q010501,2026-04-24,Instagram,,2025-26,False
Q010670,2026-04-24,Website,,2025-26,False
Q010700,2026-04-24,Instagram,,2025-26,False
Q005349,2026-04-25,Walk-in,B006894,2025-26,True
Q005367,2026-04-25,Instagram,B006920,2025-26,True
Q005389,2026-04-25,Instagram,B006949,2025-26,True
Q005404,2026-04-25,Instagram,B006969,2025-26,True
Q005432,2026-04-25,Website,B007004,2025-26,True
Q005462,2026-04-25,Referral,B007041,2025-26,True
Q005465,2026-04-25,Hotel Partner,B007044,2025-26,True
Q005506,2026-04-25,OTA,B007105,2025-26,True
Q005545,2026-04-25,OTA,B007148,2025-26,True
Q005555,2026-04-25,Walk-in,B007163,2025-26,True
Q008532,2026-04-25,OTA,,2025-26,False
Q008603,2026-04-25,Website,,2025-26,False
Q008647,2026-04-25,Instagram,,2025-26,False
Q008692,2026-04-25,Referral,,2025-26,False
Q008744,2026-04-25,OTA,,2025-26,False
Q008868,2026-04-25,Hotel Partner,,2025-26,False
Q009349,2026-04-25,Instagram,,2025-26,False
Q010271,2026-04-25,OTA,,2025-26,False
Q005399,2026-04-26,Instagram,B006962,2025-26,True
Q005422,2026-04-26,Walk-in,B006991,2025-26,True
Q005425,2026-04-26,OTA,B006994,2025-26,True
Q005436,2026-04-26,Walk-in,B007009,2025-26,True
Q008620,2026-04-26,OTA,,2025-26,False
Q008719,2026-04-26,OTA,,2025-26,False
Q009064,2026-04-26,OTA,,2025-26,False
Q009123,2026-04-26,Walk-in,,2025-26,False
Q009219,2026-04-26,OTA,,2025-26,False
Q009474,2026-04-26,Walk-in,,2025-26,False
Q009523,2026-04-26,OTA,,2025-26,False
Q009796,2026-04-26,Referral,,2025-26,False
Q010032,2026-04-26,Website,,2025-26,False
Q010414,2026-04-26,Referral,,2025-26,False
Q010433,2026-04-26,Website,,2025-26,False
Q005402,2026-04-27,Walk-in,B006967,2025-26,True
Q005449,2026-04-27,OTA,B007027,2025-26,True
Q005476,2026-04-27,Walk-in,B007058,2025-26,True
Q005521,2026-04-27,OTA,B007123,2025-26,True
Q005531,2026-04-27,Hotel Partner,B007133,2025-26,True
Q005548,2026-04-27,Instagram,B007152,2025-26,True
Q005549,2026-04-27,OTA,B007153,2025-26,True
Q008537,2026-04-27,Website,,2025-26,False
Q008559,2026-04-27,OTA,,2025-26,False
Q008660,2026-04-27,Referral,,2025-26,False
Q008947,2026-04-27,Walk-in,,2025-26,False
Q008966,2026-04-27,Website,,2025-26,False
Q009668,2026-04-27,OTA,,2025-26,False
Q009998,2026-04-27,Referral,,2025-26,False
Q010132,2026-04-27,Instagram,,2025-26,False
Q010171,2026-04-27,Hotel Partner,,2025-26,False
Q010361,2026-04-27,Walk-in,,2025-26,False
Q010823,2026-04-27,OTA,,2025-26,False
Q005442,2026-04-28,OTA,B007016,2025-26,True
Q005459,2026-04-28,Instagram,B007038,2025-26,True
Q005493,2026-04-28,Referral,B007090,2025-26,True
Q005513,2026-04-28,Instagram,B007115,2025-26,True
Q008506,2026-04-28,Hotel Partner,,2025-26,False
Q008906,2026-04-28,OTA,,2025-26,False
Q008980,2026-04-28,OTA,,2025-26,False
Q009296,2026-04-28,Walk-in,,2025-26,False
Q009890,2026-04-28,Website,,2025-26,False
Q010184,2026-04-28,OTA,,2025-26,False
Q010749,2026-04-28,Walk-in,,2025-26,False
Q005500,2026-04-29,Referral,B007097,2025-26,True
Q005529,2026-04-29,Website,B007131,2025-26,True
Q005561,2026-04-29,Walk-in,B007169,2025-26,True
Q008734,2026-04-29,Hotel Partner,,2025-26,False
Q008963,2026-04-29,Walk-in,,2025-26,False
Q009048,2026-04-29,Walk-in,,2025-26,False
Q009084,2026-04-29,OTA,,2025-26,False
Q009294,2026-04-29,Referral,,2025-26,False
Q009780,2026-04-29,OTA,,2025-26,False
Q010604,2026-04-29,Walk-in,,2025-26,False
Q010837,2026-04-29,OTA,,2025-26,False
Q005504,2026-04-30,Referral,B007103,2025-26,True
Q005547,2026-04-30,Website,B007150,2025-26,True
Q008600,2026-04-30,Website,,2025-26,False
Q008781,2026-04-30,OTA,,2025-26,False
Q009071,2026-04-30,Walk-in,,2025-26,False
Q009318,2026-04-30,Walk-in,,2025-26,False
Q009595,2026-04-30,Walk-in,,2025-26,False
Q009643,2026-04-30,Walk-in,,2025-26,False
Q009750,2026-04-30,OTA,,2025-26,False
Q009903,2026-04-30,Website,,2025-26,False
Q010001,2026-04-30,Referral,,2025-26,False
Q010369,2026-04-30,Hotel Partner,,2025-26,False
Q010594,2026-04-30,Website,,2025-26,False
Q010803,2026-04-30,Instagram,,2025-26,False
Q005454,2026-05-01,OTA,B007032,2025-26,True
Q005477,2026-05-01,OTA,B007059,2025-26,True
Q005496,2026-05-01,Website,B007093,2025-26,True
Q005517,2026-05-01,OTA,B007119,2025-26,True
Q005520,2026-05-01,Walk-in,B007122,2025-26,True
Q008618,2026-05-01,Website,,2025-26,False
Q008851,2026-05-01,Walk-in,,2025-26,False
Q009029,2026-05-01,Hotel Partner,,2025-26,False
Q009201,2026-05-01,Referral,,2025-26,False
Q009572,2026-05-01,OTA,,2025-26,False
Q009591,2026-05-01,Website,,2025-26,False
Q009603,2026-05-01,Website,,2025-26,False
Q009631,2026-05-01,OTA,,2025-26,False
Q009976,2026-05-01,OTA,,2025-26,False
Q010100,2026-05-01,OTA,,2025-26,False
Q010170,2026-05-01,Hotel Partner,,2025-26,False
Q010737,2026-05-01,Website,,2025-26,False
Q005518,2026-05-02,OTA,B007120,2025-26,True
Q008736,2026-05-02,OTA,,2025-26,False
Q008747,2026-05-02,Walk-in,,2025-26,False
Q008805,2026-05-02,OTA,,2025-26,False
Q009468,2026-05-02,Referral,,2025-26,False
Q009598,2026-05-02,Walk-in,,2025-26,False
Q009752,2026-05-02,OTA,,2025-26,False
Q010298,2026-05-02,OTA,,2025-26,False
Q010411,2026-05-02,Website,,2025-26,False
Q010664,2026-05-02,Hotel Partner,,2025-26,False
Q010821,2026-05-02,Instagram,,2025-26,False
Q005539,2026-05-03,OTA,B007141,2025-26,True
Q008520,2026-05-03,Website,,2025-26,False
Q008637,2026-05-03,Walk-in,,2025-26,False
Q008763,2026-05-03,Website,,2025-26,False
Q009358,2026-05-03,OTA,,2025-26,False
Q009422,2026-05-03,Website,,2025-26,False
Q009522,2026-05-03,Instagram,,2025-26,False
Q009684,2026-05-03,Instagram,,2025-26,False
Q010119,2026-05-03,Hotel Partner,,2025-26,False
Q010377,2026-05-03,Referral,,2025-26,False
Q010503,2026-05-03,Instagram,,2025-26,False
Q010584,2026-05-03,OTA,,2025-26,False
Q005409,2026-05-04,Website,B006976,2025-26,True
Q005480,2026-05-04,Website,B007063,2025-26,True
Q005553,2026-05-04,Walk-in,B007160,2025-26,True
Q008664,2026-05-04,OTA,,2025-26,False
Q008919,2026-05-04,OTA,,2025-26,False
Q008939,2026-05-04,OTA,,2025-26,False
Q009153,2026-05-04,Hotel Partner,,2025-26,False
Q009420,2026-05-04,Walk-in,,2025-26,False
Q009814,2026-05-04,Referral,,2025-26,False
Q010137,2026-05-04,Instagram,,2025-26,False
Q010308,2026-05-04,OTA,,2025-26,False
Q005444,2026-05-05,OTA,B007019,2025-26,True
Q005491,2026-05-05,OTA,B007087,2025-26,True
Q005495,2026-05-05,Referral,B007092,2025-26,True
Q005533,2026-05-05,Website,B007135,2025-26,True
Q008938,2026-05-05,Instagram,,2025-26,False
Q009009,2026-05-05,Referral,,2025-26,False
Q009185,2026-05-05,Walk-in,,2025-26,False
Q009327,2026-05-05,Instagram,,2025-26,False
Q009409,2026-05-05,Website,,2025-26,False
Q010315,2026-05-05,Walk-in,,2025-26,False
Q010416,2026-05-05,OTA,,2025-26,False
Q005532,2026-05-06,Walk-in,B007134,2025-26,True
Q008857,2026-05-06,Referral,,2025-26,False
Q009043,2026-05-06,Hotel Partner,,2025-26,False
Q009090,2026-05-06,Instagram,,2025-26,False
Q009092,2026-05-06,Referral,,2025-26,False
Q010010,2026-05-06,OTA,,2025-26,False
Q010099,2026-05-06,Website,,2025-26,False
Q010135,2026-05-06,Website,,2025-26,False
Q010798,2026-05-06,Hotel Partner,,2025-26,False
Q010825,2026-05-06,Hotel Partner,,2025-26,False
Q005433,2026-05-07,OTA,B007006,2025-26,True
Q005498,2026-05-07,Website,B007095,2025-26,True
Q008565,2026-05-07,OTA,,2025-26,False
Q008673,2026-05-07,Instagram,,2025-26,False
Q009288,2026-05-07,Walk-in,,2025-26,False
Q009657,2026-05-07,Walk-in,,2025-26,False
Q010199,2026-05-07,Website,,2025-26,False
Q010560,2026-05-07,Hotel Partner,,2025-26,False
Q010735,2026-05-07,Referral,,2025-26,False
Q005464,2026-05-08,OTA,B007043,2025-26,True
Q008659,2026-05-08,OTA,,2025-26,False
Q008731,2026-05-08,OTA,,2025-26,False
Q009221,2026-05-08,Walk-in,,2025-26,False
Q009233,2026-05-08,Walk-in,,2025-26,False
Q009599,2026-05-08,Walk-in,,2025-26,False
Q009663,2026-05-08,Walk-in,,2025-26,False
Q009740,2026-05-08,OTA,,2025-26,False
Q009751,2026-05-08,Website,,2025-26,False
Q010092,2026-05-08,OTA,,2025-26,False
Q010325,2026-05-08,Hotel Partner,,2025-26,False
Q010460,2026-05-08,Website,,2025-26,False
Q010464,2026-05-08,Walk-in,,2025-26,False
Q010607,2026-05-08,Instagram,,2025-26,False
Q010715,2026-05-08,Referral,,2025-26,False
Q005519,2026-05-09,Instagram,B007121,2025-26,True
Q008994,2026-05-09,Website,,2025-26,False
Q009138,2026-05-09,Hotel Partner,,2025-26,False
Q009831,2026-05-09,Hotel Partner,,2025-26,False
Q010578,2026-05-09,OTA,,2025-26,False
Q010694,2026-05-09,Referral,,2025-26,False
Q009020,2026-05-10,OTA,,2025-26,False
Q009304,2026-05-10,OTA,,2025-26,False
Q009638,2026-05-10,OTA,,2025-26,False
Q009656,2026-05-10,Referral,,2025-26,False
Q009696,2026-05-10,Walk-in,,2025-26,False
Q010341,2026-05-10,Website,,2025-26,False
Q010559,2026-05-10,OTA,,2025-26,False
Q010640,2026-05-10,OTA,,2025-26,False
Q010721,2026-05-10,Referral,,2025-26,False
Q010747,2026-05-10,Website,,2025-26,False
Q008527,2026-05-11,OTA,,2025-26,False
Q008651,2026-05-11,Walk-in,,2025-26,False
Q008691,2026-05-11,OTA,,2025-26,False
Q008738,2026-05-11,OTA,,2025-26,False
Q008852,2026-05-11,Hotel Partner,,2025-26,False
Q008882,2026-05-11,Instagram,,2025-26,False
Q008926,2026-05-11,OTA,,2025-26,False
Q010173,2026-05-11,OTA,,2025-26,False
Q010278,2026-05-11,Instagram,,2025-26,False
Q010836,2026-05-11,OTA,,2025-26,False
Q005455,2026-05-12,Referral,B007034,2025-26,True
Q005516,2026-05-12,Referral,B007118,2025-26,True
Q005522,2026-05-12,OTA,B007124,2025-26,True
Q005526,2026-05-12,Hotel Partner,B007128,2025-26,True
Q009134,2026-05-12,Walk-in,,2025-26,False
Q009193,2026-05-12,Walk-in,,2025-26,False
Q009682,2026-05-12,Website,,2025-26,False
Q010157,2026-05-12,Walk-in,,2025-26,False
Q010259,2026-05-12,Referral,,2025-26,False
Q010324,2026-05-12,Referral,,2025-26,False
Q010574,2026-05-12,Referral,,2025-26,False
Q010603,2026-05-12,Referral,,2025-26,False
Q010649,2026-05-12,Referral,,2025-26,False
Q005509,2026-05-13,Website,B007108,2025-26,True
Q005510,2026-05-13,Walk-in,B007110,2025-26,True
Q005546,2026-05-13,Walk-in,B007149,2025-26,True
Q008758,2026-05-13,Website,,2025-26,False
Q008914,2026-05-13,Walk-in,,2025-26,False
Q009216,2026-05-13,OTA,,2025-26,False
Q009566,2026-05-13,OTA,,2025-26,False
Q010215,2026-05-13,Website,,2025-26,False
Q010235,2026-05-13,OTA,,2025-26,False
Q010685,2026-05-13,Referral,,2025-26,False
Q005523,2026-05-14,OTA,B007125,2025-26,True
Q005552,2026-05-14,Website,B007158,2025-26,True
Q008566,2026-05-14,Instagram,,2025-26,False
Q008727,2026-05-14,OTA,,2025-26,False
Q008822,2026-05-14,OTA,,2025-26,False
Q009061,2026-05-14,Website,,2025-26,False
Q009154,2026-05-14,OTA,,2025-26,False
Q009345,2026-05-14,OTA,,2025-26,False
Q009418,2026-05-14,Website,,2025-26,False
Q009554,2026-05-14,OTA,,2025-26,False
Q009593,2026-05-14,Instagram,,2025-26,False
Q009597,2026-05-14,Referral,,2025-26,False
Q009647,2026-05-14,Hotel Partner,,2025-26,False
Q009720,2026-05-14,Referral,,2025-26,False
Q009855,2026-05-14,OTA,,2025-26,False
Q009887,2026-05-14,OTA,,2025-26,False
Q010261,2026-05-14,OTA,,2025-26,False
Q010404,2026-05-14,Walk-in,,2025-26,False
Q010543,2026-05-14,Instagram,,2025-26,False
Q010587,2026-05-14,Walk-in,,2025-26,False
Q010755,2026-05-14,Walk-in,,2025-26,False
Q010829,2026-05-14,OTA,,2025-26,False
Q005501,2026-05-15,Website,B007098,2025-26,True
Q008572,2026-05-15,Instagram,,2025-26,False
Q008770,2026-05-15,Walk-in,,2025-26,False
Q008878,2026-05-15,Hotel Partner,,2025-26,False
Q009361,2026-05-15,OTA,,2025-26,False
Q009646,2026-05-15,Walk-in,,2025-26,False
Q010780,2026-05-15,Referral,,2025-26,False
Q005492,2026-05-16,Website,B007088,2025-26,True
Q008502,2026-05-16,Website,,2025-26,False
Q008523,2026-05-16,Website,,2025-26,False
Q008554,2026-05-16,Instagram,,2025-26,False
Q008850,2026-05-16,OTA,,2025-26,False
Q009244,2026-05-16,Walk-in,,2025-26,False
Q009256,2026-05-16,OTA,,2025-26,False
Q009303,2026-05-16,OTA,,2025-26,False
Q009307,2026-05-16,OTA,,2025-26,False
Q009606,2026-05-16,Website,,2025-26,False
Q009939,2026-05-16,Walk-in,,2025-26,False
Q010019,2026-05-16,OTA,,2025-26,False
Q010506,2026-05-16,Website,,2025-26,False
Q010834,2026-05-16,OTA,,2025-26,False
Q005515,2026-05-17,Website,B007117,2025-26,True
Q008678,2026-05-17,OTA,,2025-26,False
Q008996,2026-05-17,Referral,,2025-26,False
Q009033,2026-05-17,OTA,,2025-26,False
Q009942,2026-05-17,Website,,2025-26,False
Q010026,2026-05-17,Website,,2025-26,False
Q010299,2026-05-17,OTA,,2025-26,False
Q010327,2026-05-17,Instagram,,2025-26,False
Q010602,2026-05-17,Referral,,2025-26,False
Q009130,2026-05-18,Hotel Partner,,2025-26,False
Q009392,2026-05-18,Walk-in,,2025-26,False
Q009460,2026-05-18,Website,,2025-26,False
Q009624,2026-05-18,OTA,,2025-26,False
Q010042,2026-05-18,Referral,,2025-26,False
Q010253,2026-05-18,OTA,,2025-26,False
Q010805,2026-05-18,Instagram,,2025-26,False
Q005542,2026-05-19,OTA,B007144,2025-26,True
Q008569,2026-05-19,OTA,,2025-26,False
Q009380,2026-05-19,OTA,,2025-26,False
Q010108,2026-05-19,Walk-in,,2025-26,False
Q010222,2026-05-19,Referral,,2025-26,False
Q010247,2026-05-19,Walk-in,,2025-26,False
Q010264,2026-05-19,Hotel Partner,,2025-26,False
Q010431,2026-05-19,Website,,2025-26,False
Q010668,2026-05-19,OTA,,2025-26,False
Q008788,2026-05-20,Website,,2025-26,False
Q009165,2026-05-20,Walk-in,,2025-26,False
Q009236,2026-05-20,Hotel Partner,,2025-26,False
Q009249,2026-05-20,OTA,,2025-26,False
Q009272,2026-05-20,OTA,,2025-26,False
Q009410,2026-05-20,Referral,,2025-26,False
Q009818,2026-05-20,Walk-in,,2025-26,False
Q010168,2026-05-20,OTA,,2025-26,False
Q010655,2026-05-20,Hotel Partner,,2025-26,False
Q005554,2026-05-21,Website,B007162,2025-26,True
Q008623,2026-05-21,OTA,,2025-26,False
Q008662,2026-05-21,Walk-in,,2025-26,False
Q008725,2026-05-21,Walk-in,,2025-26,False
Q008831,2026-05-21,Walk-in,,2025-26,False
Q008983,2026-05-21,Website,,2025-26,False
Q009458,2026-05-21,Walk-in,,2025-26,False
Q009541,2026-05-21,Walk-in,,2025-26,False
Q009568,2026-05-21,Walk-in,,2025-26,False
Q009857,2026-05-21,Walk-in,,2025-26,False
Q009863,2026-05-21,Walk-in,,2025-26,False
Q009907,2026-05-21,OTA,,2025-26,False
Q010294,2026-05-21,OTA,,2025-26,False
Q010386,2026-05-21,Walk-in,,2025-26,False
Q010702,2026-05-21,Walk-in,,2025-26,False
Q010757,2026-05-21,Walk-in,,2025-26,False
Q010794,2026-05-21,Referral,,2025-26,False
Q008859,2026-05-22,Walk-in,,2025-26,False
Q008943,2026-05-22,Website,,2025-26,False
Q008949,2026-05-22,Walk-in,,2025-26,False
Q008992,2026-05-22,Instagram,,2025-26,False
Q009315,2026-05-22,Walk-in,,2025-26,False
Q009402,2026-05-22,Walk-in,,2025-26,False
Q009506,2026-05-22,OTA,,2025-26,False
Q009518,2026-05-22,Referral,,2025-26,False
Q009889,2026-05-22,Instagram,,2025-26,False
Q010105,2026-05-22,OTA,,2025-26,False
Q010112,2026-05-22,Website,,2025-26,False
Q010183,2026-05-22,Referral,,2025-26,False
Q010227,2026-05-22,Website,,2025-26,False
Q008688,2026-05-23,Instagram,,2025-26,False
Q008951,2026-05-23,OTA,,2025-26,False
Q008954,2026-05-23,OTA,,2025-26,False
Q009279,2026-05-23,OTA,,2025-26,False
Q009404,2026-05-23,Walk-in,,2025-26,False
Q009644,2026-05-23,Website,,2025-26,False
Q009771,2026-05-23,Walk-in,,2025-26,False
Q009811,2026-05-23,OTA,,2025-26,False
Q009936,2026-05-23,Website,,2025-26,False
Q009997,2026-05-23,Walk-in,,2025-26,False
Q010023,2026-05-23,Instagram,,2025-26,False
Q010053,2026-05-23,Hotel Partner,,2025-26,False
Q010114,2026-05-23,Instagram,,2025-26,False
Q010140,2026-05-23,Walk-in,,2025-26,False
Q010600,2026-05-23,OTA,,2025-26,False
Q010839,2026-05-23,Instagram,,2025-26,False
Q008499,2026-05-24,Website,,2025-26,False
Q008902,2026-05-24,Walk-in,,2025-26,False
Q009030,2026-05-24,OTA,,2025-26,False
Q009223,2026-05-24,Walk-in,,2025-26,False
Q009319,2026-05-24,Instagram,,2025-26,False
Q009575,2026-05-24,OTA,,2025-26,False
Q009614,2026-05-24,OTA,,2025-26,False
Q009842,2026-05-24,OTA,,2025-26,False
Q009927,2026-05-24,OTA,,2025-26,False
Q010066,2026-05-24,Website,,2025-26,False
Q010228,2026-05-24,OTA,,2025-26,False
Q010332,2026-05-24,OTA,,2025-26,False
Q010435,2026-05-24,Website,,2025-26,False
Q010533,2026-05-24,Instagram,,2025-26,False
Q010678,2026-05-24,Hotel Partner,,2025-26,False
Q008611,2026-05-25,Walk-in,,2025-26,False
Q008743,2026-05-25,Instagram,,2025-26,False
Q008888,2026-05-25,Walk-in,,2025-26,False
Q008941,2026-05-25,Instagram,,2025-26,False
Q009106,2026-05-25,Website,,2025-26,False
Q009137,2026-05-25,Walk-in,,2025-26,False
Q009238,2026-05-25,OTA,,2025-26,False
Q009386,2026-05-25,OTA,,2025-26,False
Q009632,2026-05-25,Referral,,2025-26,False
Q010003,2026-05-25,Instagram,,2025-26,False
Q010088,2026-05-25,Walk-in,,2025-26,False
Q010667,2026-05-25,Instagram,,2025-26,False
Q010677,2026-05-25,Website,,2025-26,False
Q010761,2026-05-25,Referral,,2025-26,False
Q008697,2026-05-26,Walk-in,,2025-26,False
Q008764,2026-05-26,Website,,2025-26,False
Q008830,2026-05-26,OTA,,2025-26,False
Q008846,2026-05-26,Instagram,,2025-26,False
Q009012,2026-05-26,Walk-in,,2025-26,False
Q009128,2026-05-26,Walk-in,,2025-26,False
Q009291,2026-05-26,Website,,2025-26,False
Q009372,2026-05-26,Website,,2025-26,False
Q009480,2026-05-26,OTA,,2025-26,False
Q010134,2026-05-26,OTA,,2025-26,False
Q010147,2026-05-26,OTA,,2025-26,False
Q010795,2026-05-26,Website,,2025-26,False
Q008838,2026-05-27,Instagram,,2025-26,False
Q009000,2026-05-27,Website,,2025-26,False
Q009664,2026-05-27,Referral,,2025-26,False
Q009759,2026-05-27,OTA,,2025-26,False
Q009769,2026-05-27,Referral,,2025-26,False
Q009822,2026-05-27,Instagram,,2025-26,False
Q010041,2026-05-27,Instagram,,2025-26,False
Q010426,2026-05-27,Instagram,,2025-26,False
Q010605,2026-05-27,Hotel Partner,,2025-26,False
Q008635,2026-05-28,Referral,,2025-26,False
Q009362,2026-05-28,Referral,,2025-26,False
Q009549,2026-05-28,Hotel Partner,,2025-26,False
Q009563,2026-05-28,OTA,,2025-26,False
Q009659,2026-05-28,Walk-in,,2025-26,False
Q009697,2026-05-28,Instagram,,2025-26,False
Q009735,2026-05-28,Walk-in,,2025-26,False
Q009768,2026-05-28,Referral,,2025-26,False
Q009950,2026-05-28,OTA,,2025-26,False
Q009972,2026-05-28,OTA,,2025-26,False
Q010310,2026-05-28,Website,,2025-26,False
Q010323,2026-05-28,OTA,,2025-26,False
Q010638,2026-05-28,Hotel Partner,,2025-26,False
Q010738,2026-05-28,Referral,,2025-26,False
Q008993,2026-05-29,Walk-in,,2025-26,False
Q009347,2026-05-29,OTA,,2025-26,False
Q009490,2026-05-29,Walk-in,,2025-26,False
Q009781,2026-05-29,OTA,,2025-26,False
Q009894,2026-05-29,Walk-in,,2025-26,False
Q009935,2026-05-29,OTA,,2025-26,False
Q010156,2026-05-29,Referral,,2025-26,False
Q010300,2026-05-29,Instagram,,2025-26,False
Q010337,2026-05-29,Walk-in,,2025-26,False
Q010427,2026-05-29,OTA,,2025-26,False
Q010624,2026-05-29,OTA,,2025-26,False
Q010723,2026-05-29,OTA,,2025-26,False
Q008513,2026-05-30,Referral,,2025-26,False
Q008674,2026-05-30,OTA,,2025-26,False
Q008739,2026-05-30,Website,,2025-26,False
Q008885,2026-05-30,Walk-in,,2025-26,False
Q009024,2026-05-30,OTA,,2025-26,False
Q009497,2026-05-30,Website,,2025-26,False
Q010087,2026-05-30,OTA,,2025-26,False
Q010719,2026-05-30,OTA,,2025-26,False
Q009047,2026-05-31,Walk-in,,2025-26,False
Q009352,2026-05-31,Instagram,,2025-26,False
Q009394,2026-05-31,Walk-in,,2025-26,False
Q009396,2026-05-31,Referral,,2025-26,False
Q009405,2026-05-31,Website,,2025-26,False
Q009502,2026-05-31,Walk-in,,2025-26,False
Q009525,2026-05-31,Website,,2025-26,False
Q009660,2026-05-31,Website,,2025-26,False
Q009757,2026-05-31,Instagram,,2025-26,False
Q009891,2026-05-31,OTA,,2025-26,False
Q010079,2026-05-31,OTA,,2025-26,False
Q010175,2026-05-31,Website,,2025-26,False
Q010208,2026-05-31,OTA,,2025-26,False
Q010225,2026-05-31,Walk-in,,2025-26,False
Q010438,2026-05-31,OTA,,2025-26,False
Q010456,2026-05-31,Website,,2025-26,False
Q010695,2026-05-31,Hotel Partner,,2025-26,False
