customer_id,first_name,last_name,nationality,age,age_missing,cert_level,acquisition_channel,signup_date,completed_bookings,lifetime_revenue_inr,is_repeat_customer,took_course,course_then_fundive
C00001,Ananya,Tanaka,Israel,31.0,0,None,Referral,2023-12-30,2,34450.0,1,1,0
C00002,Daniel,Dubois,India,28.0,0,Advanced,Referral,2023-12-26,4,40150.0,1,0,0
C00003,Rohan,Brown,Russia,33.0,0,Open Water,Website,2023-12-30,1,3600.0,0,0,0
C00004,Daniel,Rossi,France,28.0,0,Open Water,Instagram,2023-12-24,1,3750.0,0,0,0
C00005,Chloe,Taylor,Japan,33.0,0,Rescue,Website,2023-12-26,5,52900.0,1,1,0
C00006,Dmitri,Ivanov,Russia,31.0,0,None,Referral,2023-12-31,1,6750.0,0,0,0
C00007,Ishaan,Nair,Germany,,1,Open Water,Unknown,2023-12-24,5,30500.0,1,0,0
C00008,Sven,Gupta,India,30.0,0,None,OTA,2023-12-23,1,9550.0,0,0,0
C00009,Aditya,Bakker,India,52.0,0,None,OTA,2023-12-30,1,6150.0,0,0,0
C00010,Aditya,Nair,Netherlands,50.0,0,Open Water,Unknown,2023-12-25,3,38250.0,1,1,1
C00011,Tom,Menon,United States,38.0,0,None,Instagram,2023-12-28,3,34150.0,1,1,1
C00012,Divya,Menon,India,29.0,0,Rescue,Walk-in,2023-12-29,5,53500.0,1,1,1
C00013,Sneha,Muller,Germany,28.0,0,Advanced,Walk-in,2023-12-28,1,7950.0,0,0,0
C00014,Sven,Rossi,United Kingdom,31.0,0,Advanced,Referral,2023-12-31,5,56100.0,1,1,1
C00015,Tom,Iyer,India,32.0,0,None,Hotel Partner,2023-12-27,1,4800.0,0,0,0
C00016,James,Kulkarni,France,42.0,0,None,Walk-in,2023-12-27,6,62050.0,1,1,1
C00017,Rohan,Wilson,Germany,45.0,0,None,Walk-in,2023-12-25,5,56650.0,1,1,1
C00018,Sarah,Rao,India,32.0,0,None,Referral,2024-01-01,2,10600.0,1,0,0
C00019,Priya,Schmidt,India,21.0,0,None,Referral,2023-12-26,1,3750.0,0,0,0
C00020,Neha,Park,India,34.0,0,None,Unknown,2023-12-30,1,5100.0,0,0,0
C00021,Aditya,Park,India,47.0,0,Open Water,OTA,2023-12-25,3,36700.0,1,1,1
C00022,Pooja,Kulkarni,India,33.0,0,None,Referral,2023-12-28,4,65750.0,1,1,1
C00023,Yuki,Gupta,France,46.0,0,Advanced,Instagram,2023-12-25,3,40550.0,1,1,0
C00024,Arjun,Muller,Russia,33.0,0,Open Water,OTA,2024-01-02,3,21700.0,1,0,0
C00025,Yuki,Levi,India,53.0,0,None,Website,2023-12-26,1,5700.0,0,0,0
C00026,Marco,Jansen,Germany,35.0,0,None,Website,2024-01-01,2,14600.0,1,0,0
C00027,Pierre,Dubois,Germany,36.0,0,Open Water,OTA,2023-12-30,1,3300.0,0,0,0
C00028,Anouk,Rao,India,19.0,0,None,Referral,2023-12-28,2,13000.0,1,0,0
C00029,Noa,Kim,Netherlands,23.0,0,None,Hotel Partner,2023-12-30,4,68450.0,1,1,1
C00030,Noa,Desai,United States,31.0,0,Open Water,Instagram,2024-01-02,2,32900.0,1,1,1
C00031,Neha,Rao,United Kingdom,24.0,0,None,Hotel Partner,2023-12-27,3,37250.0,1,1,1
C00032,Itai,Kulkarni,India,37.0,0,None,Website,2023-12-27,2,15750.0,1,0,0
C00033,Sven,Taylor,Germany,42.0,0,Open Water,Referral,2023-12-29,3,20800.0,1,0,0
C00034,Aditya,Levi,Russia,,1,Open Water,Referral,2023-12-31,2,18800.0,1,0,0
C00035,Arjun,Kim,Israel,36.0,0,None,Referral,2023-12-31,4,69150.0,1,1,1
C00036,Hannah,Petrova,France,45.0,0,None,Walk-in,2023-12-27,4,50900.0,1,1,1
C00037,Aarav,Kim,South Korea,12.0,0,Advanced,Walk-in,2023-12-31,2,41150.0,1,1,0
C00038,Arjun,Levi,Russia,41.0,0,Advanced,Walk-in,2023-12-26,2,16050.0,1,0,0
C00039,Neha,Chowdhury,Germany,46.0,0,Advanced,Hotel Partner,2024-01-04,2,17450.0,1,0,0
C00040,Vikram,Kulkarni,United Kingdom,37.0,0,None,Website,2023-12-27,3,62050.0,1,1,1
C00041,Neha,Tanaka,India,33.0,0,None,Referral,2023-12-27,0,,0,0,0
C00042,Yuki,Desai,Germany,,1,None,Instagram,2024-01-03,1,15100.0,0,0,0
C00043,Hannah,Bakker,United Kingdom,45.0,0,Open Water,Unknown,2023-12-31,1,15200.0,0,0,0
C00044,Siddharth,Banerjee,India,31.0,0,None,OTA,2024-01-02,0,,0,0,0
C00045,Ishaan,Desai,United Kingdom,27.0,0,Open Water,Walk-in,2023-12-31,4,78950.0,1,1,1
C00046,Karan,Park,Israel,40.0,0,None,Walk-in,2024-01-04,5,100950.0,1,1,1
C00047,Rohan,Rossi,United Kingdom,31.0,0,None,Hotel Partner,2023-12-27,4,61950.0,1,1,1
C00048,Sarah,Bakker,United States,27.0,0,None,OTA,2023-12-29,3,48400.0,1,1,1
C00049,Liam,Levi,India,33.0,0,None,Walk-in,2023-12-28,2,33800.0,1,1,0
C00050,Aarav,Muller,India,51.0,0,Open Water,Hotel Partner,2024-01-03,2,23150.0,1,0,0
C00051,Ravi,Cohen,India,34.0,0,Advanced,Walk-in,2024-01-01,3,44900.0,1,1,1
C00052,Ishaan,Rao,India,33.0,0,None,Hotel Partner,2023-12-27,1,7200.0,0,0,0
C00053,Liam,Dubois,India,47.0,0,Open Water,Walk-in,2024-01-04,1,7700.0,0,0,0
C00054,Ananya,Taylor,Germany,16.0,0,Open Water,Referral,2023-12-28,1,3650.0,0,0,0
C00055,Yuki,Menon,India,38.0,0,None,Website,2024-01-03,3,18000.0,1,0,0
C00056,Liam,Reddy,India,45.0,0,None,Website,2024-01-04,3,35000.0,1,1,1
C00057,Rohan,Petrova,India,35.0,0,None,Referral,2024-01-05,2,7000.0,1,0,0
C00058,Hannah,Dubois,France,46.0,0,Divemaster,Unknown,2023-12-27,3,11500.0,1,0,0
C00059,Meera,OConnor,Russia,39.0,0,None,Instagram,2023-12-26,2,33900.0,1,1,0
C00060,Arjun,Smith,Australia,29.0,0,None,Walk-in,2024-01-02,1,27250.0,0,1,0
C00061,Neha,Petrova,Italy,30.0,0,Advanced,Walk-in,2023-12-27,4,43000.0,1,0,0
C00062,Anouk,Patel,Australia,,1,Open Water,Referral,2024-01-02,2,22500.0,1,0,0
C00063,Lukas,Jansen,India,27.0,0,Open Water,Unknown,2023-12-31,2,10750.0,1,0,0
C00064,Noa,Smith,India,41.0,0,Advanced,Hotel Partner,2023-12-31,3,24700.0,1,0,0
C00065,Emma,Muller,Russia,14.0,0,Open Water,Walk-in,2024-01-04,4,52400.0,1,1,1
C00066,Hannah,Brown,India,30.0,0,None,Walk-in,2023-12-30,6,88300.0,1,1,1
C00067,Emma,Kulkarni,India,14.0,0,Advanced,Website,2023-12-30,1,11300.0,0,0,0
C00068,Pooja,Petrova,Israel,33.0,0,Rescue,Instagram,2023-12-31,2,17800.0,1,0,0
C00069,Aarav,Banerjee,India,46.0,0,Open Water,Referral,2023-12-31,2,27950.0,1,0,0
C00070,Marco,Desai,India,49.0,0,Open Water,Instagram,2024-01-05,1,4000.0,0,0,0
C00071,Itai,Petrova,United Kingdom,31.0,0,Open Water,Referral,2024-01-04,4,42700.0,1,1,1
C00072,Vikram,Schmidt,Japan,26.0,0,None,Walk-in,2024-01-02,1,5750.0,0,0,0
C00073,Meera,Rao,India,32.0,0,Open Water,Instagram,2024-01-02,1,10900.0,0,0,0
C00074,Karan,Sharma,Germany,37.0,0,Open Water,Unknown,2024-01-04,1,3700.0,0,0,0
C00075,Sarah,Desai,Germany,42.0,0,Open Water,Walk-in,2023-12-31,0,,0,0,0
C00076,Ishaan,Desai,India,24.0,0,Open Water,OTA,2023-12-31,1,23250.0,0,1,0
C00077,Pooja,OConnor,India,29.0,0,Open Water,Website,2024-01-01,6,115850.0,1,1,1
C00078,Noa,Brown,India,38.0,0,Advanced,Instagram,2023-12-28,3,48100.0,1,1,0
C00079,Pooja,Kim,Germany,39.0,0,Open Water,Website,2024-01-02,5,52800.0,1,1,1
C00080,Dmitri,Cohen,Israel,38.0,0,None,Referral,2024-01-04,2,12450.0,1,0,0
C00081,Aarav,Tanaka,Russia,34.0,0,None,Instagram,2024-01-06,1,5100.0,0,0,0
C00082,Elena,Ivanov,Russia,46.0,0,None,Unknown,2024-01-05,1,5700.0,0,0,0
C00083,Itai,Levi,India,43.0,0,Open Water,Hotel Partner,2023-12-28,2,38250.0,1,1,1
C00084,Vikram,Rao,India,37.0,0,Rescue,Website,2024-01-01,1,7450.0,0,0,0
C00085,Daniel,Schmidt,France,26.0,0,None,Walk-in,2023-12-30,3,47850.0,1,1,1
C00086,Divya,Taylor,South Korea,38.0,0,None,Walk-in,2023-12-30,1,5500.0,0,0,0
C00087,Neha,Wilson,India,34.0,0,Advanced,OTA,2024-01-03,0,,0,0,0
C00088,Emma,Gupta,India,12.0,0,None,Referral,2023-12-30,1,11250.0,0,0,0
C00089,Meera,Gupta,India,54.0,0,Open Water,Website,2024-01-02,4,26100.0,1,0,0
C00090,Aarav,Reddy,India,31.0,0,None,OTA,2024-01-01,1,4650.0,0,0,0
C00091,Pierre,Tanaka,United Kingdom,15.0,0,None,Hotel Partner,2024-01-03,4,26350.0,1,0,0
C00092,Elena,Iyer,India,25.0,0,Advanced,Instagram,2023-12-29,5,57900.0,1,1,1
C00093,Olga,Muller,Japan,28.0,0,Advanced,OTA,2023-12-31,3,36800.0,1,1,1
C00094,Sophie,Reddy,Australia,16.0,0,None,Unknown,2024-01-06,3,32700.0,1,1,1
C00095,Olga,Iyer,India,23.0,0,Divemaster,Website,2024-01-03,3,53900.0,1,1,0
C00096,Dmitri,Gupta,India,39.0,0,Rescue,Referral,2024-01-02,1,6750.0,0,0,0
C00097,Siddharth,Sharma,India,19.0,0,None,Walk-in,2024-01-07,2,19700.0,1,0,0
C00098,Camille,Rossi,India,34.0,0,None,Website,2024-01-04,1,5550.0,0,0,0
C00099,Camille,Park,France,44.0,0,Open Water,Walk-in,2024-01-06,1,27500.0,0,1,0
C00100,Arjun,Brown,India,45.0,0,None,Referral,2023-12-30,1,5050.0,0,0,0
C00101,Pierre,Cohen,Australia,32.0,0,None,Website,2023-12-31,2,39250.0,1,1,1
C00102,Sven,Gupta,India,34.0,0,None,Website,2024-01-08,4,26200.0,1,0,0
C00103,Camille,Gupta,India,27.0,0,Advanced,Website,2024-01-09,1,14900.0,0,0,0
C00104,Vikram,Ivanov,India,33.0,0,Open Water,Walk-in,2024-01-03,1,28400.0,0,1,0
C00105,Emma,Petrova,India,51.0,0,Advanced,Website,2024-01-07,3,42350.0,1,1,1
C00106,Pooja,OConnor,India,37.0,0,Open Water,OTA,2023-12-31,2,9650.0,1,0,0
C00107,Priya,Ivanov,India,30.0,0,None,Walk-in,2024-01-07,1,5850.0,0,0,0
C00108,James,Banerjee,India,15.0,0,None,Website,2024-01-03,1,5100.0,0,0,0
C00109,Rahul,Tanaka,India,47.0,0,Open Water,Hotel Partner,2024-01-04,1,13950.0,0,0,0
C00110,Pooja,Rossi,India,21.0,0,Open Water,Website,2024-01-08,2,41800.0,1,1,1
C00111,Elena,Menon,India,29.0,0,Advanced,Walk-in,2024-01-03,6,68000.0,1,1,1
C00112,Lukas,Kim,India,30.0,0,None,Website,2024-01-06,1,5750.0,0,0,0
C00113,Rohan,Sharma,Netherlands,20.0,0,None,Hotel Partner,2023-12-30,0,,0,0,0
C00114,Neha,Dubois,Israel,24.0,0,None,Walk-in,2024-01-03,1,5350.0,0,0,0
C00115,Liam,Taylor,India,36.0,0,None,Referral,2024-01-07,1,24300.0,0,1,0
C00116,Arjun,Taylor,India,39.0,0,Open Water,Unknown,2024-01-01,1,26100.0,0,1,0
C00117,Ananya,Kim,United Kingdom,36.0,0,Divemaster,Referral,2024-01-07,3,40050.0,1,1,1
C00118,Dmitri,Kim,Germany,26.0,0,None,Referral,2024-01-09,3,16400.0,1,0,0
C00119,Sophie,Taylor,India,49.0,0,Open Water,Walk-in,2024-01-03,2,18450.0,1,0,0
C00120,Divya,Taylor,Israel,32.0,0,Open Water,Instagram,2024-01-03,1,3850.0,0,0,0
C00121,Camille,Schmidt,India,33.0,0,None,Website,2024-01-08,0,,0,0,0
C00122,Ishaan,OConnor,India,23.0,0,Open Water,OTA,2024-01-03,2,5850.0,1,0,0
C00123,Elena,Wilson,Italy,41.0,0,Open Water,Referral,2024-01-04,1,3750.0,0,0,0
C00124,James,Rao,United Kingdom,21.0,0,Open Water,Website,2024-01-10,2,7400.0,1,0,0
C00125,Arjun,Tanaka,United Kingdom,43.0,0,Advanced,Instagram,2024-01-08,3,43650.0,1,1,0
C00126,Aarav,Taylor,Russia,24.0,0,Rescue,Referral,2024-01-06,1,7400.0,0,0,0
C00127,Liam,Dubois,India,27.0,0,Open Water,Walk-in,2024-01-09,3,59600.0,1,1,0
C00128,Sven,Jansen,Israel,32.0,0,None,Website,2024-01-02,1,27500.0,0,1,0
C00129,Elena,Petrova,India,23.0,0,None,Website,2024-01-05,3,44350.0,1,1,1
C00130,Kavya,Tanaka,India,35.0,0,Open Water,Unknown,2024-01-03,2,57500.0,1,1,0
C00131,Ananya,OConnor,India,42.0,0,None,Website,2024-01-11,1,25300.0,0,1,0
C00132,Itai,Park,United Kingdom,44.0,0,Advanced,Website,2024-01-09,4,60700.0,1,1,0
C00133,Karan,Levi,United Kingdom,43.0,0,Advanced,Unknown,2024-01-07,2,30000.0,1,1,0
C00134,Sven,Levi,Italy,42.0,0,None,Unknown,2024-01-04,1,5200.0,0,0,0
C00135,Ananya,Levi,India,48.0,0,None,Website,2024-01-10,1,5100.0,0,0,0
C00136,Vikram,Schmidt,India,29.0,0,Open Water,Website,2024-01-04,1,3950.0,0,0,0
C00137,Ishaan,Banerjee,India,45.0,0,Open Water,Unknown,2024-01-04,1,7600.0,0,0,0
C00138,Itai,Levi,Germany,34.0,0,Open Water,Referral,2024-01-07,3,42000.0,1,1,1
C00139,Yuki,Taylor,India,53.0,0,Open Water,Referral,2024-01-02,1,10100.0,0,0,0
C00140,Camille,Rao,Germany,52.0,0,Advanced,Walk-in,2024-01-09,1,3650.0,0,0,0
C00141,Tom,Jansen,United Kingdom,33.0,0,Advanced,OTA,2024-01-11,1,11650.0,0,0,0
C00142,Dmitri,Nair,United States,28.0,0,None,Hotel Partner,2024-01-09,0,,0,0,0
C00143,Olga,Desai,United Kingdom,22.0,0,Advanced,Walk-in,2024-01-08,2,14700.0,1,0,0
C00144,Karan,Bakker,Russia,42.0,0,Open Water,Walk-in,2024-01-03,1,11350.0,0,0,0
C00145,Elena,Sharma,India,30.0,0,Advanced,Website,2024-01-10,1,7800.0,0,0,0
C00146,Tom,Chowdhury,United Kingdom,42.0,0,None,Referral,2024-01-07,2,19150.0,1,0,0
C00147,Aarav,Rao,Japan,26.0,0,None,Unknown,2024-01-07,1,5000.0,0,0,0
C00148,Ishaan,Bakker,India,41.0,0,None,Unknown,2024-01-05,1,11200.0,0,0,0
C00149,Siddharth,Jansen,India,50.0,0,Rescue,OTA,2024-01-11,2,12200.0,1,0,0
C00150,Camille,Schmidt,India,39.0,0,None,Website,2024-01-06,2,8700.0,1,0,0
C00151,Aditya,Cohen,United Kingdom,30.0,0,Open Water,Hotel Partner,2024-01-11,1,6800.0,0,0,0
C00152,Ravi,Reddy,Russia,45.0,0,None,Instagram,2024-01-09,1,5350.0,0,0,0
C00153,Itai,Chowdhury,India,37.0,0,None,Referral,2024-01-10,2,10400.0,1,0,0
C00154,Minjun,Park,India,17.0,0,Open Water,Instagram,2024-01-07,3,59350.0,1,1,1
C00155,Yuki,Bakker,India,19.0,0,None,Instagram,2024-01-12,2,30750.0,1,1,1
C00156,Itai,Rao,Israel,42.0,0,Advanced,Website,2024-01-10,2,10650.0,1,0,0
C00157,Sneha,OConnor,India,32.0,0,Rescue,Walk-in,2024-01-04,2,23200.0,1,0,0
C00158,Minjun,Jansen,Russia,30.0,0,None,Unknown,2024-01-07,1,10750.0,0,0,0
C00159,Arjun,Smith,India,43.0,0,Open Water,Unknown,2024-01-07,3,38600.0,1,1,1
C00160,Minjun,Brown,India,18.0,0,None,Website,2024-01-11,0,,0,0,0
C00161,Sarah,Tanaka,South Korea,29.0,0,Open Water,Walk-in,2024-01-07,3,59900.0,1,1,0
C00162,Sneha,Dubois,Australia,28.0,0,None,Walk-in,2024-01-09,1,5700.0,0,0,0
C00163,Sneha,Desai,India,39.0,0,Open Water,Walk-in,2024-01-11,3,59200.0,1,1,1
C00164,Noa,Brown,India,45.0,0,None,Hotel Partner,2024-01-08,1,9900.0,0,0,0
C00165,Pierre,Gupta,India,38.0,0,None,Unknown,2024-01-06,1,26300.0,0,1,0
C00166,Tom,Menon,India,36.0,0,Open Water,OTA,2024-01-13,1,9200.0,0,0,0
C00167,Yuki,Smith,United Kingdom,51.0,0,Open Water,Walk-in,2024-01-05,2,17650.0,1,0,0
C00168,Marco,Taylor,Australia,35.0,0,Divemaster,Referral,2024-01-14,3,32950.0,1,0,0
C00169,Tom,Taylor,Russia,29.0,0,Open Water,Unknown,2024-01-12,2,18800.0,1,0,0
C00170,Elena,Petrova,India,33.0,0,None,Unknown,2024-01-10,1,4950.0,0,0,0
C00171,Daniel,Sharma,Russia,33.0,0,Open Water,Walk-in,2024-01-08,3,45050.0,1,1,1
C00172,Liam,Patel,India,33.0,0,None,Unknown,2024-01-07,1,11850.0,0,0,0
C00173,Dmitri,Wilson,Russia,39.0,0,Open Water,Referral,2024-01-09,1,3750.0,0,0,0
C00174,Daniel,Park,India,12.0,0,Open Water,Walk-in,2024-01-09,1,27000.0,0,1,0
C00175,Daniel,Banerjee,India,35.0,0,None,Referral,2024-01-05,2,10350.0,1,0,0
C00176,Chloe,Kim,Netherlands,31.0,0,None,Referral,2024-01-09,2,15950.0,1,0,0
C00177,Aarav,Rao,Italy,33.0,0,Open Water,Website,2024-01-12,2,40500.0,1,1,0
C00178,Minjun,Desai,India,17.0,0,None,OTA,2024-01-13,2,26200.0,1,1,0
C00179,Tom,Gupta,India,32.0,0,Advanced,Walk-in,2024-01-08,2,7850.0,1,0,0
C00180,Camille,Tanaka,Germany,36.0,0,Advanced,OTA,2024-01-09,0,,0,0,0
C00181,Rahul,Smith,India,26.0,0,None,Website,2024-01-07,1,5400.0,0,0,0
C00182,Emma,Iyer,India,31.0,0,None,Hotel Partner,2024-01-07,3,60300.0,1,1,1
C00183,Camille,Iyer,France,32.0,0,None,Hotel Partner,2024-01-15,1,5250.0,0,0,0
C00184,Tom,Kim,India,25.0,0,None,Walk-in,2024-01-14,2,30400.0,1,1,1
C00185,Olga,Park,Japan,49.0,0,None,Website,2024-01-13,1,5050.0,0,0,0
C00186,Sven,Tanaka,Israel,15.0,0,None,OTA,2024-01-09,1,4700.0,0,0,0
C00187,Marco,Patel,India,30.0,0,Rescue,Referral,2024-01-13,3,14300.0,1,0,0
C00188,Marco,Iyer,India,37.0,0,Open Water,Instagram,2024-01-09,3,23050.0,1,0,0
C00189,Minjun,Rossi,India,26.0,0,Open Water,Walk-in,2024-01-06,2,22000.0,1,0,0
C00190,Neha,Kim,India,49.0,0,Open Water,Website,2024-01-10,1,3800.0,0,0,0
C00191,Dmitri,Ivanov,Russia,30.0,0,None,OTA,2024-01-13,0,,0,0,0
C00192,Sneha,Cohen,United Kingdom,35.0,0,Advanced,Referral,2024-01-13,2,10300.0,1,0,0
C00193,Minjun,Levi,India,21.0,0,None,Unknown,2024-01-10,4,34350.0,1,1,1
C00194,Sven,Desai,United Kingdom,45.0,0,None,Referral,2024-01-15,2,34600.0,1,1,0
C00195,Sarah,Iyer,India,51.0,0,None,Hotel Partner,2024-01-17,2,8750.0,1,0,0
C00196,Meera,Kulkarni,Germany,31.0,0,Open Water,Instagram,2024-01-17,3,40050.0,1,1,1
C00197,Emma,Ivanov,India,,1,Open Water,Instagram,2024-01-14,1,3750.0,0,0,0
C00198,Neha,Chowdhury,South Korea,51.0,0,Open Water,Hotel Partner,2024-01-16,3,43600.0,1,1,1
C00199,Priya,Rao,India,12.0,0,Advanced,Referral,2024-01-18,1,14200.0,0,0,0
C00200,Neha,Park,India,17.0,0,Open Water,Walk-in,2024-01-15,4,30650.0,1,0,0
C00201,Siddharth,Kim,Netherlands,26.0,0,None,Unknown,2024-01-10,1,5900.0,0,0,0
C00202,Hannah,Sharma,India,22.0,0,Open Water,Instagram,2024-01-17,4,62050.0,1,1,1
C00203,Neha,Sharma,India,47.0,0,Open Water,Referral,2024-01-10,2,6800.0,1,0,0
C00204,Hannah,Muller,Netherlands,24.0,0,Open Water,Instagram,2024-01-10,2,22750.0,1,0,0
C00205,Divya,Tanaka,United Kingdom,26.0,0,None,Website,2024-01-13,1,27400.0,0,1,0
C00206,Liam,Muller,India,23.0,0,Open Water,Hotel Partner,2024-01-09,2,20050.0,1,0,0
C00207,Itai,Muller,Australia,44.0,0,Open Water,Instagram,2024-01-08,1,14750.0,0,0,0
C00208,Dmitri,Kulkarni,India,50.0,0,None,Unknown,2024-01-18,1,5200.0,0,0,0
C00209,Olga,Schmidt,Israel,36.0,0,None,Hotel Partner,2024-01-16,2,29950.0,1,1,1
C00210,Itai,OConnor,United States,,1,Advanced,Walk-in,2024-01-13,6,55850.0,1,0,0
C00211,Marco,Taylor,Australia,24.0,0,None,Hotel Partner,2024-01-11,1,24600.0,0,1,0
C00212,Arjun,Nair,India,36.0,0,Rescue,Hotel Partner,2024-01-17,4,47150.0,1,1,1
C00213,Elena,Wilson,Germany,,1,Rescue,Website,2024-01-13,2,10750.0,1,0,0
C00214,Divya,Smith,South Korea,15.0,0,None,Walk-in,2024-01-13,2,9650.0,1,0,0
C00215,Ishaan,Tanaka,Germany,13.0,0,None,Unknown,2024-01-10,6,93100.0,1,1,1
C00216,Priya,Ivanov,France,30.0,0,None,Instagram,2024-01-15,1,5200.0,0,0,0
C00217,Elena,Iyer,India,57.0,0,None,Walk-in,2024-01-17,1,26100.0,0,1,0
C00218,Emma,Smith,India,40.0,0,None,OTA,2024-01-16,4,44100.0,1,1,1
C00219,Lukas,Levi,Japan,52.0,0,None,Hotel Partner,2024-01-15,1,4750.0,0,0,0
C00220,Daniel,Taylor,Germany,19.0,0,Advanced,Unknown,2024-01-10,1,3300.0,0,0,0
C00221,Lukas,Reddy,Australia,41.0,0,None,Referral,2024-01-19,1,4850.0,0,0,0
C00222,Sophie,Tanaka,India,,1,None,OTA,2024-01-10,1,4850.0,0,0,0
C00223,Pierre,Petrova,India,26.0,0,None,Hotel Partner,2024-01-12,2,29900.0,1,1,0
C00224,Minjun,Gupta,Netherlands,32.0,0,None,Website,2024-01-11,1,5500.0,0,0,0
C00225,Emma,Rossi,India,36.0,0,None,Walk-in,2024-01-14,1,5900.0,0,0,0
C00226,Arjun,Desai,Russia,39.0,0,None,Hotel Partner,2024-01-14,0,,0,0,0
C00227,Aarav,Petrova,Russia,38.0,0,Open Water,Unknown,2024-01-18,1,11400.0,0,0,0
C00228,Lukas,Taylor,United States,30.0,0,None,Walk-in,2024-01-11,2,9200.0,1,0,0
C00229,Noa,Bakker,Germany,24.0,0,Divemaster,Walk-in,2024-01-16,1,7550.0,0,0,0
C00230,Aarav,Schmidt,France,14.0,0,None,Hotel Partner,2024-01-16,1,5100.0,0,0,0
C00231,Yuki,Brown,South Korea,24.0,0,None,Referral,2024-01-16,3,35300.0,1,1,0
C00232,Anouk,Sharma,India,35.0,0,Open Water,Website,2024-01-14,2,15050.0,1,0,0
C00233,Camille,Reddy,India,21.0,0,Advanced,Walk-in,2024-01-20,2,22850.0,1,0,0
C00234,Divya,Taylor,India,32.0,0,Open Water,Website,2024-01-15,1,11700.0,0,0,0
C00235,Ishaan,Muller,India,31.0,0,None,Walk-in,2024-01-12,0,,0,0,0
C00236,Siddharth,Kulkarni,United Kingdom,32.0,0,Open Water,Walk-in,2024-01-14,1,27150.0,0,1,0
C00237,Rahul,Desai,United States,,1,Advanced,OTA,2024-01-20,1,3000.0,0,0,0
C00238,Vikram,Muller,United Kingdom,,1,None,Walk-in,2024-01-20,1,5700.0,0,0,0
C00239,Arjun,Gupta,India,38.0,0,Advanced,Walk-in,2024-01-13,2,11600.0,1,0,0
C00240,Kavya,Schmidt,India,46.0,0,None,Walk-in,2024-01-13,1,5350.0,0,0,0
C00241,Ishaan,OConnor,United States,43.0,0,Advanced,OTA,2024-01-21,2,14650.0,1,0,0
C00242,Sven,Cohen,India,38.0,0,None,Unknown,2024-01-15,1,5200.0,0,0,0
C00243,Marco,Bakker,Germany,22.0,0,Open Water,Website,2024-01-20,2,53700.0,1,1,0
C00244,Siddharth,Taylor,India,30.0,0,None,Hotel Partner,2024-01-20,2,10400.0,1,0,0
C00245,Sarah,Gupta,United Kingdom,49.0,0,None,Walk-in,2024-01-16,3,14900.0,1,0,0
C00246,Pooja,Reddy,Netherlands,23.0,0,Open Water,Instagram,2024-01-14,3,27100.0,1,0,0
C00247,Noa,Muller,India,43.0,0,Advanced,Instagram,2024-01-12,4,23350.0,1,1,1
C00248,Siddharth,Desai,France,17.0,0,None,Walk-in,2024-01-17,1,5150.0,0,0,0
C00249,Ravi,Gupta,India,35.0,0,None,Walk-in,2024-01-18,1,5400.0,0,0,0
C00250,Tom,Ivanov,Netherlands,32.0,0,Divemaster,Hotel Partner,2024-01-13,1,14350.0,0,0,0
C00251,Pooja,Muller,India,23.0,0,None,Walk-in,2024-01-17,1,5200.0,0,0,0
C00252,Siddharth,Levi,France,58.0,0,Open Water,Walk-in,2024-01-16,1,7650.0,0,0,0
C00253,Pierre,Tanaka,India,33.0,0,None,Referral,2024-01-16,2,30450.0,1,1,0
C00254,Hannah,Patel,France,23.0,0,None,Referral,2024-01-19,1,24450.0,0,1,0
C00255,Marco,Dubois,Italy,36.0,0,Rescue,Instagram,2024-01-12,1,15550.0,0,0,0
C00256,Pierre,Taylor,Russia,24.0,0,None,Walk-in,2024-01-20,1,5300.0,0,0,0
C00257,Kavya,Levi,India,42.0,0,None,Instagram,2024-01-17,0,,0,0,0
C00258,Rahul,OConnor,Australia,25.0,0,None,Walk-in,2024-01-20,1,11100.0,0,0,0
C00259,Sven,Levi,Israel,,1,Open Water,OTA,2024-01-23,1,23900.0,0,1,0
C00260,Sarah,Desai,Netherlands,40.0,0,None,Instagram,2024-01-22,1,7200.0,0,0,0
C00261,Meera,OConnor,India,57.0,0,Open Water,Unknown,2024-01-15,0,,0,0,0
C00262,Hannah,OConnor,France,33.0,0,Open Water,Website,2024-01-18,1,25500.0,0,1,0
C00263,Vikram,Rao,India,45.0,0,None,Website,2024-01-16,2,25900.0,1,0,0
C00264,Arjun,Reddy,United Kingdom,32.0,0,Open Water,Referral,2024-01-22,1,11050.0,0,0,0
C00265,Pooja,Dubois,India,41.0,0,None,Referral,2024-01-15,1,5250.0,0,0,0
C00266,Karan,Smith,France,36.0,0,Open Water,Instagram,2024-01-19,0,,0,0,0
C00267,Priya,Levi,Israel,,1,None,Instagram,2024-01-23,3,33450.0,1,0,0
C00268,Rahul,Bakker,United States,46.0,0,None,Referral,2024-01-19,1,25950.0,0,1,0
C00269,Daniel,Cohen,India,35.0,0,Advanced,Referral,2024-01-23,3,32750.0,1,1,1
C00270,Aditya,Taylor,India,37.0,0,None,Website,2024-01-15,2,16350.0,1,0,0
C00271,Marco,Ivanov,United Kingdom,37.0,0,Divemaster,Walk-in,2024-01-22,2,24250.0,1,0,0
C00272,Aarav,Menon,India,49.0,0,None,OTA,2024-01-23,1,4450.0,0,0,0
C00273,Rohan,OConnor,India,23.0,0,Open Water,Referral,2024-01-19,1,7550.0,0,0,0
C00274,Hannah,Wilson,Netherlands,35.0,0,Open Water,Hotel Partner,2024-01-22,1,3200.0,0,0,0
C00275,Pierre,Menon,Russia,39.0,0,None,Instagram,2024-01-22,3,62300.0,1,1,1
C00276,Liam,Smith,India,26.0,0,Open Water,Instagram,2024-01-20,2,31950.0,1,1,1
C00277,Meera,Reddy,India,24.0,0,None,Instagram,2024-01-23,2,7750.0,1,0,0
C00278,Hannah,Petrova,United Kingdom,32.0,0,None,Unknown,2024-01-20,5,33600.0,1,0,0
C00279,Emma,Rao,India,26.0,0,None,Walk-in,2024-01-23,2,32400.0,1,1,0
C00280,Sophie,Brown,India,26.0,0,Open Water,Instagram,2024-01-24,1,11850.0,0,0,0
C00281,Dmitri,Kulkarni,Russia,17.0,0,Advanced,OTA,2024-01-25,2,16050.0,1,0,0
C00282,Yuki,Kulkarni,India,36.0,0,Rescue,Walk-in,2024-01-17,1,7700.0,0,0,0
C00283,Priya,Park,United Kingdom,12.0,0,None,Walk-in,2024-01-16,1,10450.0,0,0,0
C00284,Marco,Park,Israel,47.0,0,Open Water,Walk-in,2024-01-19,1,26000.0,0,1,0
C00285,Aarav,Dubois,United States,41.0,0,None,Website,2024-01-18,1,5450.0,0,0,0
C00286,Karan,Chowdhury,India,26.0,0,Open Water,Instagram,2024-01-22,2,15250.0,1,0,0
C00287,Rohan,Petrova,India,,1,Rescue,Instagram,2024-01-24,3,27850.0,1,0,0
C00288,Noa,Brown,United States,31.0,0,Advanced,Walk-in,2024-01-25,1,7950.0,0,0,0
C00289,Siddharth,Reddy,India,22.0,0,Open Water,Website,2024-01-22,1,7200.0,0,0,0
C00290,Liam,Chowdhury,United Kingdom,25.0,0,Open Water,Hotel Partner,2024-01-24,1,3450.0,0,0,0
C00291,Sven,Jansen,India,23.0,0,None,Unknown,2024-01-25,2,10900.0,1,0,0
C00292,Vikram,Bakker,United Kingdom,33.0,0,None,Unknown,2024-01-18,1,5600.0,0,0,0
C00293,Camille,Banerjee,India,17.0,0,None,Website,2024-01-17,1,5300.0,0,0,0
C00294,Karan,Park,India,29.0,0,None,Walk-in,2024-01-17,2,16950.0,1,0,0
C00295,Marco,Taylor,India,26.0,0,None,Instagram,2024-01-24,1,5000.0,0,0,0
C00296,Yuki,Chowdhury,Russia,44.0,0,None,Referral,2024-01-22,3,42200.0,1,1,1
C00297,Ananya,Ivanov,United Kingdom,,1,Open Water,Website,2024-01-20,1,3500.0,0,0,0
C00298,Chloe,Taylor,India,35.0,0,Open Water,Website,2024-01-16,1,15250.0,0,0,0
C00299,Liam,Jansen,India,12.0,0,None,Walk-in,2024-01-18,2,13800.0,1,0,0
C00300,Dmitri,Taylor,India,20.0,0,None,Referral,2024-01-25,1,5100.0,0,0,0
C00301,Aditya,Cohen,India,27.0,0,None,Referral,2024-01-26,2,30300.0,1,1,0
C00302,Rahul,Brown,India,37.0,0,Open Water,Website,2024-01-24,1,3900.0,0,0,0
C00303,James,Rossi,India,36.0,0,None,Unknown,2024-01-24,2,12900.0,1,0,0
C00304,Sneha,Jansen,Israel,25.0,0,Open Water,Walk-in,2024-01-27,2,33450.0,1,1,1
C00305,Pierre,Schmidt,United Kingdom,,1,Open Water,OTA,2024-01-17,1,6450.0,0,0,0
C00306,Aarav,Reddy,India,41.0,0,Divemaster,OTA,2024-01-21,2,14800.0,1,0,0
C00307,Liam,OConnor,India,12.0,0,None,Referral,2024-01-23,2,39800.0,1,1,1
C00308,Anouk,Tanaka,India,29.0,0,None,Walk-in,2024-01-26,2,13550.0,1,0,0
C00309,Ishaan,Desai,India,35.0,0,Open Water,Hotel Partner,2024-01-17,2,23150.0,1,0,0
C00310,Anouk,Petrova,Japan,,1,None,Walk-in,2024-01-27,3,35800.0,1,1,0
C00311,Minjun,Iyer,United States,39.0,0,Open Water,Website,2024-01-26,0,,0,0,0
C00312,Camille,Taylor,Australia,32.0,0,Advanced,Referral,2024-01-25,2,51800.0,1,1,0
C00313,Pooja,Rao,India,29.0,0,Open Water,Referral,2024-01-18,1,7500.0,0,0,0
C00314,Divya,Sharma,Germany,31.0,0,Advanced,Referral,2024-01-28,1,11450.0,0,0,0
C00315,Daniel,Kim,India,35.0,0,Advanced,Website,2024-01-26,2,53450.0,1,1,0
C00316,Camille,Rao,Germany,21.0,0,Open Water,Website,2024-01-22,2,29700.0,1,1,1
C00317,Sven,Rao,United Kingdom,32.0,0,Open Water,Walk-in,2024-01-18,1,12100.0,0,0,0
C00318,Aditya,Desai,Netherlands,49.0,0,None,Walk-in,2024-01-28,2,33850.0,1,1,0
C00319,James,Brown,Italy,26.0,0,Advanced,OTA,2024-01-22,1,5850.0,0,0,0
C00320,Neha,Nair,India,12.0,0,None,OTA,2024-01-23,0,,0,0,0
C00321,Sarah,Chowdhury,France,41.0,0,Open Water,Unknown,2024-01-20,1,7700.0,0,0,0
C00322,Hannah,Nair,India,43.0,0,Rescue,Hotel Partner,2024-01-21,4,53750.0,1,1,1
C00323,Neha,Levi,India,46.0,0,Advanced,Walk-in,2024-01-25,2,18550.0,1,0,0
C00324,Rahul,Bakker,India,42.0,0,None,Website,2024-01-26,1,11400.0,0,0,0
C00325,Karan,Banerjee,Israel,29.0,0,Open Water,Referral,2024-01-19,1,7050.0,0,0,0
C00326,Daniel,Kim,United Kingdom,43.0,0,None,Unknown,2024-01-20,1,4500.0,0,0,0
C00327,Sneha,Cohen,India,40.0,0,None,Unknown,2024-01-26,1,26050.0,0,1,0
C00328,Ishaan,Petrova,India,36.0,0,Rescue,Website,2024-01-27,1,15100.0,0,0,0
C00329,Rohan,Tanaka,India,49.0,0,None,Instagram,2024-01-22,1,5150.0,0,0,0
C00330,Kavya,Desai,Netherlands,35.0,0,Open Water,Website,2024-01-23,1,10700.0,0,0,0
C00331,Ananya,Smith,India,30.0,0,Open Water,Walk-in,2024-01-26,1,3650.0,0,0,0
C00332,Priya,Levi,Russia,39.0,0,None,Hotel Partner,2024-01-24,0,,0,0,0
C00333,Ishaan,Smith,United States,28.0,0,None,OTA,2024-01-23,1,24300.0,0,1,0
C00334,Noa,Muller,India,27.0,0,None,Referral,2024-01-24,1,26350.0,0,1,0
C00335,Ishaan,Brown,India,23.0,0,Advanced,Website,2024-01-28,1,11850.0,0,0,0
C00336,Vikram,Nair,Italy,31.0,0,Advanced,Referral,2024-01-20,1,14100.0,0,0,0
C00337,Priya,Cohen,Israel,22.0,0,Open Water,Walk-in,2024-01-28,2,28550.0,1,0,0
C00338,James,Gupta,India,35.0,0,Rescue,Walk-in,2024-01-28,1,26100.0,0,1,0
C00339,Dmitri,Brown,Germany,40.0,0,None,Walk-in,2024-01-24,1,5350.0,0,0,0
C00340,Aditya,Gupta,India,,1,None,Referral,2024-01-30,2,42450.0,1,1,1
C00341,Sven,Cohen,Netherlands,15.0,0,None,Walk-in,2024-01-27,3,37350.0,1,1,1
C00342,James,Banerjee,United States,19.0,0,None,Unknown,2024-01-28,1,5450.0,0,0,0
C00343,Daniel,Muller,Germany,12.0,0,Advanced,Website,2024-01-30,3,25800.0,1,0,0
C00344,Neha,Kim,Australia,42.0,0,None,Unknown,2024-01-25,2,8700.0,1,0,0
C00345,Camille,Smith,India,27.0,0,None,Walk-in,2024-01-26,2,32750.0,1,1,0
C00346,Camille,Sharma,India,27.0,0,None,Website,2024-01-28,2,55100.0,1,1,0
C00347,Daniel,Tanaka,India,34.0,0,None,Walk-in,2024-01-28,2,18900.0,1,0,0
C00348,Liam,Bakker,United Kingdom,32.0,0,Advanced,Hotel Partner,2024-01-28,1,6850.0,0,0,0
C00349,Aditya,Ivanov,Australia,34.0,0,None,Walk-in,2024-01-31,2,32300.0,1,1,0
C00350,Olga,Nair,India,,1,Open Water,Walk-in,2024-01-31,2,11300.0,1,0,0
C00351,Rohan,Bakker,United States,26.0,0,Open Water,Website,2024-01-31,2,10850.0,1,0,0
C00352,Olga,Ivanov,India,,1,None,Referral,2024-01-23,1,5000.0,0,0,0
C00353,Rohan,Gupta,Russia,49.0,0,None,Walk-in,2024-01-25,1,5600.0,0,0,0
C00354,Karan,Chowdhury,India,34.0,0,Advanced,Website,2024-01-29,2,11800.0,1,0,0
C00355,Sneha,Bakker,United Kingdom,26.0,0,Open Water,Instagram,2024-01-27,1,7550.0,0,0,0
C00356,Camille,Schmidt,India,21.0,0,Divemaster,Walk-in,2024-01-26,0,,0,0,0
C00357,Elena,Gupta,United Kingdom,44.0,0,None,Website,2024-01-29,0,,0,0,0
C00358,Tom,Taylor,India,37.0,0,Open Water,Walk-in,2024-01-25,1,28650.0,0,1,0
C00359,Divya,Cohen,India,33.0,0,Open Water,Referral,2024-01-22,3,13850.0,1,0,0
C00360,Liam,OConnor,India,35.0,0,Open Water,Website,2024-01-24,1,11700.0,0,0,0
C00361,Anouk,Petrova,India,,1,Open Water,Hotel Partner,2024-01-23,1,6700.0,0,0,0
C00362,Karan,Tanaka,India,36.0,0,None,Referral,2024-01-22,3,18400.0,1,0,0
C00363,Noa,Iyer,India,,1,None,Walk-in,2024-01-22,2,38100.0,1,1,1
C00364,Arjun,Brown,India,24.0,0,Open Water,Website,2024-01-25,1,11950.0,0,0,0
C00365,Arjun,Sharma,Australia,42.0,0,Open Water,Website,2024-01-29,2,32000.0,1,1,1
C00366,Ravi,Chowdhury,India,,1,Rescue,Website,2024-01-30,0,,0,0,0
C00367,Olga,Schmidt,India,25.0,0,None,Referral,2024-01-24,1,5050.0,0,0,0
C00368,Ananya,Rossi,India,,1,None,Walk-in,2024-01-26,2,21400.0,1,0,0
C00369,Pooja,Ivanov,India,43.0,0,Advanced,Walk-in,2024-02-01,2,18500.0,1,0,0
C00370,Rahul,Desai,India,23.0,0,Rescue,Walk-in,2024-01-25,2,34100.0,1,1,0
C00371,Emma,OConnor,India,,1,None,Website,2024-01-23,1,26100.0,0,1,0
C00372,Ravi,Iyer,Netherlands,20.0,0,None,Walk-in,2024-01-23,1,5750.0,0,0,0
C00373,Camille,Iyer,Japan,13.0,0,Advanced,Walk-in,2024-02-01,1,8100.0,0,0,0
C00374,Noa,Muller,India,16.0,0,Open Water,Website,2024-02-01,1,7450.0,0,0,0
C00375,Yuki,Menon,United States,36.0,0,None,Referral,2024-01-24,2,10200.0,1,0,0
C00376,Anouk,Patel,India,37.0,0,Advanced,Website,2024-02-01,1,3900.0,0,0,0
C00377,Arjun,Kulkarni,India,,1,None,Instagram,2024-02-02,2,12750.0,1,0,0
C00378,Ravi,Taylor,India,38.0,0,None,OTA,2024-02-03,2,27800.0,1,1,1
C00379,Rohan,Gupta,India,27.0,0,None,Website,2024-01-27,2,30200.0,1,1,0
C00380,Priya,Bakker,France,31.0,0,Rescue,Walk-in,2024-02-01,4,29250.0,1,0,0
C00381,Hannah,Gupta,India,,1,None,OTA,2024-01-27,3,41050.0,1,1,1
C00382,Ananya,Wilson,India,41.0,0,None,Referral,2024-01-29,1,5250.0,0,0,0
C00383,Rohan,Patel,India,26.0,0,Advanced,Referral,2024-01-31,1,3800.0,0,0,0
C00384,Rahul,OConnor,France,40.0,0,Open Water,Walk-in,2024-01-31,1,28600.0,0,1,0
C00385,Dmitri,Schmidt,Russia,34.0,0,Advanced,Instagram,2024-01-25,3,21850.0,1,0,0
C00386,Sven,Rossi,India,52.0,0,None,Hotel Partner,2024-02-01,1,4800.0,0,0,0
C00387,Camille,OConnor,India,35.0,0,Open Water,Walk-in,2024-01-29,2,14500.0,1,0,0
C00388,Marco,Petrova,Netherlands,54.0,0,None,Walk-in,2024-01-30,1,29700.0,0,1,0
C00389,Lukas,Reddy,India,,1,Open Water,Website,2024-01-27,2,25450.0,1,0,0
C00390,Sophie,Petrova,India,50.0,0,Open Water,Website,2024-01-29,1,3450.0,0,0,0
C00391,Anouk,Kim,India,26.0,0,Advanced,OTA,2024-02-03,1,9200.0,0,0,0
C00392,Liam,Gupta,France,47.0,0,Advanced,Referral,2024-01-30,1,10500.0,0,0,0
C00393,Itai,Patel,Russia,44.0,0,Open Water,Instagram,2024-01-27,2,14900.0,1,0,0
C00394,Pooja,Schmidt,India,32.0,0,None,Referral,2024-01-25,1,5100.0,0,0,0
C00395,Kavya,Schmidt,France,30.0,0,None,Website,2024-01-27,1,28050.0,0,1,0
C00396,Aditya,Taylor,Germany,33.0,0,Open Water,Website,2024-01-28,0,,0,0,0
C00397,Rohan,Wilson,United Kingdom,30.0,0,None,OTA,2024-01-31,0,,0,0,0
C00398,Tom,Gupta,India,31.0,0,Open Water,Instagram,2024-02-01,1,15100.0,0,0,0
C00399,Olga,Nair,South Korea,38.0,0,Open Water,Unknown,2024-02-01,1,15500.0,0,0,0
C00400,Emma,Cohen,Russia,46.0,0,Open Water,Referral,2024-02-02,1,25800.0,0,1,0
C00401,Rohan,Kim,Russia,34.0,0,Open Water,Hotel Partner,2024-02-02,1,13900.0,0,0,0
C00402,Pierre,Smith,India,30.0,0,Open Water,Walk-in,2024-02-02,1,3650.0,0,0,0
C00403,Tom,Wilson,Japan,26.0,0,None,Walk-in,2024-01-28,1,10750.0,0,0,0
C00404,Aditya,Brown,Australia,34.0,0,Open Water,Hotel Partner,2024-01-31,2,6850.0,1,0,0
C00405,Sarah,Brown,India,42.0,0,None,Walk-in,2024-02-05,2,18500.0,1,0,0
C00406,Rahul,Sharma,India,34.0,0,None,OTA,2024-01-31,2,25400.0,1,1,0
C00407,Rahul,Schmidt,India,21.0,0,Advanced,Website,2024-02-05,1,11750.0,0,0,0
C00408,Sarah,Chowdhury,Russia,44.0,0,Advanced,Walk-in,2024-01-27,2,19500.0,1,0,0
C00409,Meera,Jansen,India,26.0,0,Open Water,Instagram,2024-01-29,1,3850.0,0,0,0
C00410,Arjun,Muller,Israel,39.0,0,Open Water,Walk-in,2024-01-27,2,15550.0,1,0,0
C00411,Sven,Schmidt,United States,37.0,0,None,Walk-in,2024-01-28,2,21000.0,1,0,0
C00412,Chloe,Kulkarni,Italy,28.0,0,Open Water,Walk-in,2024-01-31,1,26700.0,0,1,0
C00413,Yuki,Tanaka,Italy,41.0,0,Open Water,Unknown,2024-02-03,2,24750.0,1,1,0
C00414,Arjun,Banerjee,Russia,39.0,0,None,Walk-in,2024-02-01,2,33150.0,1,1,1
C00415,Karan,Jansen,India,25.0,0,None,Unknown,2024-01-27,3,21400.0,1,0,0
C00416,Siddharth,Muller,India,31.0,0,None,Unknown,2024-02-04,1,4550.0,0,0,0
C00417,Neha,Wilson,Russia,49.0,0,None,Website,2024-01-31,1,5650.0,0,0,0
C00418,Ishaan,Park,India,29.0,0,Advanced,Referral,2024-01-31,2,31700.0,1,1,1
C00419,Camille,Kulkarni,Russia,12.0,0,None,Walk-in,2024-02-02,1,11750.0,0,0,0
C00420,Aditya,Desai,Australia,31.0,0,Open Water,Referral,2024-01-28,1,28200.0,0,1,0
C00421,Rohan,Rossi,India,46.0,0,Open Water,Website,2024-02-01,3,47400.0,1,1,0
C00422,Sneha,Iyer,India,55.0,0,Rescue,Walk-in,2024-02-05,2,30850.0,1,1,0
C00423,Rohan,Iyer,India,44.0,0,Open Water,Walk-in,2024-02-03,2,27200.0,1,0,0
C00424,Ravi,Taylor,India,19.0,0,None,Referral,2024-02-06,2,32650.0,1,1,1
C00425,Yuki,Jansen,India,38.0,0,Divemaster,OTA,2024-01-29,1,6500.0,0,0,0
C00426,Noa,Menon,India,15.0,0,Open Water,Hotel Partner,2024-02-06,1,3500.0,0,0,0
C00427,Olga,Bakker,India,44.0,0,Advanced,Walk-in,2024-02-07,1,7450.0,0,0,0
C00428,Sneha,Sharma,India,18.0,0,None,Instagram,2024-02-01,1,5150.0,0,0,0
C00429,Emma,Ivanov,United Kingdom,17.0,0,Open Water,Website,2024-02-03,2,21150.0,1,0,0
C00430,Priya,Patel,India,37.0,0,None,Unknown,2024-02-06,2,48850.0,1,1,0
C00431,Emma,Kulkarni,India,25.0,0,Advanced,Referral,2024-02-02,1,6800.0,0,0,0
C00432,Ananya,Menon,India,44.0,0,None,OTA,2024-01-31,1,4450.0,0,0,0
C00433,Minjun,Iyer,India,13.0,0,Advanced,Unknown,2024-02-05,2,56850.0,1,1,0
C00434,Arjun,Brown,United Kingdom,24.0,0,Open Water,Unknown,2024-02-07,2,14800.0,1,0,0
C00435,Divya,Iyer,Italy,41.0,0,Open Water,Instagram,2024-01-29,3,59500.0,1,1,1
C00436,Sarah,Dubois,United Kingdom,51.0,0,Open Water,Website,2024-02-01,0,,0,0,0
C00437,Marco,Chowdhury,United States,36.0,0,None,OTA,2024-02-06,1,23600.0,0,1,0
C00438,Ravi,Patel,India,12.0,0,None,Instagram,2024-01-30,3,34350.0,1,1,1
C00439,Ravi,Tanaka,India,23.0,0,Advanced,Hotel Partner,2024-01-31,1,3500.0,0,0,0
C00440,Divya,Desai,Israel,25.0,0,None,OTA,2024-02-08,2,15200.0,1,0,0
C00441,Ishaan,Cohen,India,37.0,0,Advanced,Website,2024-01-31,1,10800.0,0,0,0
C00442,Emma,Bakker,France,,1,Open Water,Referral,2024-02-03,2,34650.0,1,1,1
C00443,Meera,Petrova,India,30.0,0,Divemaster,Walk-in,2024-01-30,1,12200.0,0,0,0
C00444,Aditya,Jansen,India,39.0,0,Open Water,Instagram,2024-01-29,1,3800.0,0,0,0
C00445,Liam,Taylor,India,44.0,0,Open Water,Website,2024-02-04,1,7050.0,0,0,0
C00446,Ishaan,Kulkarni,India,,1,Open Water,OTA,2024-02-03,0,,0,0,0
C00447,Sophie,Levi,United Kingdom,44.0,0,None,Referral,2024-02-07,2,10050.0,1,0,0
C00448,Daniel,Jansen,India,47.0,0,Open Water,Unknown,2024-01-30,1,3600.0,0,0,0
C00449,Lukas,Gupta,India,21.0,0,None,Walk-in,2024-02-07,1,28950.0,0,1,0
C00450,Anouk,Muller,Italy,33.0,0,Advanced,Walk-in,2024-02-01,1,7150.0,0,0,0
C00451,Tom,Patel,India,39.0,0,None,Referral,2024-02-03,1,26300.0,0,1,0
C00452,Tom,Ivanov,India,37.0,0,Open Water,Referral,2024-02-06,5,58600.0,1,1,1
C00453,Anouk,Dubois,United Kingdom,18.0,0,Advanced,Instagram,2024-01-30,1,10800.0,0,0,0
C00454,Noa,Levi,United States,33.0,0,Open Water,Walk-in,2024-02-03,1,3550.0,0,0,0
C00455,Rohan,Bakker,Australia,27.0,0,None,Instagram,2024-02-02,2,17100.0,1,0,0
C00456,Rohan,Gupta,India,49.0,0,None,Walk-in,2024-02-10,1,5800.0,0,0,0
C00457,Rahul,Park,India,25.0,0,Divemaster,OTA,2024-02-08,3,32150.0,1,1,1
C00458,Ananya,Ivanov,Russia,39.0,0,Open Water,Hotel Partner,2024-02-03,2,25000.0,1,0,0
C00459,Sven,Sharma,India,32.0,0,Open Water,Walk-in,2024-02-04,1,3850.0,0,0,0
C00460,Marco,Kim,United States,52.0,0,None,Unknown,2024-02-01,1,28050.0,0,1,0
C00461,Marco,Dubois,India,12.0,0,None,Website,2024-02-07,1,5650.0,0,0,0
C00462,Noa,Kim,India,40.0,0,None,Walk-in,2024-02-03,1,5300.0,0,0,0
C00463,Lukas,Patel,Germany,46.0,0,Rescue,Unknown,2024-02-10,3,39350.0,1,0,0
C00464,Siddharth,Taylor,India,33.0,0,Open Water,Unknown,2024-02-08,2,10500.0,1,0,0
C00465,Noa,Iyer,India,,1,None,Website,2024-02-02,1,28050.0,0,1,0
C00466,Camille,Sharma,India,53.0,0,None,Unknown,2024-02-05,1,5650.0,0,0,0
C00467,Emma,Smith,India,31.0,0,None,Website,2024-02-09,1,27850.0,0,1,0
C00468,Tom,Park,India,,1,None,Referral,2024-02-03,1,25250.0,0,1,0
C00469,Aditya,Ivanov,France,34.0,0,Rescue,Website,2024-02-03,2,14500.0,1,0,0
C00470,Siddharth,Sharma,India,12.0,0,Open Water,Hotel Partner,2024-02-07,0,,0,0,0
C00471,Ishaan,Cohen,India,46.0,0,None,OTA,2024-02-06,1,4500.0,0,0,0
C00472,Noa,Rossi,Italy,45.0,0,Advanced,Unknown,2024-02-03,0,,0,0,0
C00473,Liam,Bakker,Germany,28.0,0,None,OTA,2024-02-10,2,35750.0,1,1,1
C00474,Ishaan,Taylor,Netherlands,24.0,0,None,Unknown,2024-02-03,1,5850.0,0,0,0
C00475,Priya,OConnor,India,29.0,0,None,Walk-in,2024-02-07,2,32000.0,1,1,0
C00476,Olga,Rossi,India,32.0,0,Rescue,Referral,2024-02-04,2,29650.0,1,0,0
C00477,Sophie,Tanaka,India,44.0,0,Open Water,Referral,2024-02-04,2,13800.0,1,0,0
C00478,Ananya,Desai,Italy,37.0,0,None,Hotel Partner,2024-02-12,1,4700.0,0,0,0
C00479,Dmitri,Schmidt,Italy,35.0,0,Open Water,Referral,2024-02-04,2,7400.0,1,0,0
C00480,Dmitri,Reddy,France,20.0,0,Advanced,Website,2024-02-09,1,27950.0,0,1,0
C00481,Olga,Wilson,Italy,33.0,0,Divemaster,Website,2024-02-08,1,3500.0,0,0,0
C00482,Ananya,Patel,India,34.0,0,Open Water,OTA,2024-02-08,1,22550.0,0,1,0
C00483,Ishaan,Kim,France,12.0,0,Open Water,Website,2024-02-05,1,3800.0,0,0,0
C00484,Vikram,Levi,India,46.0,0,Open Water,Website,2024-02-05,1,10600.0,0,0,0
C00485,Emma,Kulkarni,United States,34.0,0,None,Hotel Partner,2024-02-07,2,14950.0,1,0,0
C00486,Dmitri,Cohen,Germany,38.0,0,None,Website,2024-02-05,2,40700.0,1,1,1
C00487,Anouk,Schmidt,India,21.0,0,None,Walk-in,2024-02-12,2,41050.0,1,1,0
C00488,Kavya,Sharma,United Kingdom,26.0,0,Open Water,Walk-in,2024-02-05,1,26750.0,0,1,0
C00489,Anouk,Ivanov,India,19.0,0,None,OTA,2024-02-07,1,6450.0,0,0,0
C00490,Noa,Taylor,India,46.0,0,None,Walk-in,2024-02-09,2,17300.0,1,0,0
C00491,Minjun,Menon,India,30.0,0,None,Walk-in,2024-02-04,1,5600.0,0,0,0
C00492,Priya,Tanaka,India,14.0,0,None,Unknown,2024-02-06,3,30900.0,1,1,0
C00493,Siddharth,Nair,Australia,25.0,0,None,Walk-in,2024-02-04,2,10800.0,1,0,0
C00494,Siddharth,Brown,United Kingdom,31.0,0,Open Water,Referral,2024-02-09,1,26600.0,0,1,0
C00495,Liam,Reddy,India,24.0,0,Open Water,OTA,2024-02-13,0,,0,0,0
C00496,Divya,Rossi,India,30.0,0,Divemaster,Website,2024-02-10,1,10700.0,0,0,0
C00497,Aditya,Taylor,Israel,53.0,0,Open Water,Website,2024-02-14,2,18650.0,1,0,0
C00498,Neha,Wilson,United Kingdom,30.0,0,Rescue,Referral,2024-02-10,1,3800.0,0,0,0
C00499,Sophie,Wilson,South Korea,41.0,0,Open Water,Referral,2024-02-07,3,43200.0,1,1,1
C00500,Aditya,Tanaka,India,21.0,0,None,Walk-in,2024-02-14,1,5900.0,0,0,0
C00501,Ananya,Smith,India,38.0,0,None,Website,2024-02-07,1,10200.0,0,0,0
C00502,Aditya,Iyer,Germany,27.0,0,None,Walk-in,2024-02-10,2,11250.0,1,0,0
C00503,Aarav,Bakker,India,22.0,0,None,Hotel Partner,2024-02-13,1,5250.0,0,0,0
C00504,Aarav,Gupta,Netherlands,14.0,0,Open Water,Instagram,2024-02-10,0,,0,0,0
C00505,Divya,Dubois,India,15.0,0,None,Hotel Partner,2024-02-05,0,,0,0,0
C00506,Sven,Smith,South Korea,,1,None,Unknown,2024-02-06,2,8900.0,1,0,0
C00507,Rahul,Ivanov,India,,1,None,Unknown,2024-02-10,1,5200.0,0,0,0
C00508,Vikram,Sharma,France,27.0,0,Advanced,Referral,2024-02-12,1,10150.0,0,0,0
C00509,Meera,Menon,India,52.0,0,None,OTA,2024-02-06,1,6000.0,0,0,0
C00510,Noa,Iyer,India,32.0,0,None,Walk-in,2024-02-08,1,5100.0,0,0,0
C00511,Ravi,Jansen,India,29.0,0,Advanced,Walk-in,2024-02-12,2,57550.0,1,1,0
C00512,Elena,Cohen,Australia,,1,Divemaster,Referral,2024-02-14,1,10300.0,0,0,0
C00513,Siddharth,Rossi,South Korea,33.0,0,None,Website,2024-02-14,2,52750.0,1,1,0
C00514,Vikram,Petrova,India,31.0,0,None,Hotel Partner,2024-02-07,2,16000.0,1,0,0
C00515,Emma,Nair,India,43.0,0,None,Referral,2024-02-15,1,25100.0,0,1,0
C00516,Minjun,OConnor,India,20.0,0,None,Hotel Partner,2024-02-15,1,4850.0,0,0,0
C00517,Sophie,Ivanov,India,25.0,0,None,Walk-in,2024-02-12,2,15050.0,1,0,0
C00518,Emma,Petrova,Japan,30.0,0,Advanced,Hotel Partner,2024-02-07,1,12800.0,0,0,0
C00519,Hannah,Wilson,France,26.0,0,None,Instagram,2024-02-10,1,11200.0,0,0,0
C00520,Yuki,Wilson,India,30.0,0,Open Water,Hotel Partner,2024-02-07,0,,0,0,0
C00521,Divya,Iyer,India,18.0,0,Open Water,Walk-in,2024-02-11,2,7950.0,1,0,0
C00522,Kavya,Banerjee,India,45.0,0,Advanced,Referral,2024-02-14,1,7150.0,0,0,0
C00523,Anouk,Muller,United States,40.0,0,Divemaster,Walk-in,2024-02-14,1,4000.0,0,0,0
C00524,Marco,Taylor,India,40.0,0,None,Walk-in,2024-02-17,1,27100.0,0,1,0
C00525,Ravi,Banerjee,India,37.0,0,None,Walk-in,2024-02-07,1,28700.0,0,1,0
C00526,Pooja,Reddy,Italy,43.0,0,Open Water,Hotel Partner,2024-02-07,1,3500.0,0,0,0
C00527,Rohan,Schmidt,India,23.0,0,Open Water,Unknown,2024-02-15,1,3550.0,0,0,0
C00528,Anouk,Desai,India,39.0,0,None,Website,2024-02-07,1,28250.0,0,1,0
C00529,Neha,Reddy,Israel,59.0,0,None,Website,2024-02-15,2,10200.0,1,0,0
C00530,Yuki,Menon,India,30.0,0,Rescue,Referral,2024-02-12,2,7050.0,1,0,0
C00531,Daniel,Desai,France,34.0,0,None,Walk-in,2024-02-13,1,28300.0,0,1,0
C00532,Itai,Smith,India,45.0,0,None,Hotel Partner,2024-02-09,1,4950.0,0,0,0
C00533,Pierre,Ivanov,India,46.0,0,None,Instagram,2024-02-12,1,5500.0,0,0,0
C00534,Sarah,Ivanov,India,31.0,0,None,Website,2024-02-09,1,5000.0,0,0,0
C00535,Olga,Dubois,India,,1,None,Hotel Partner,2024-02-17,2,9650.0,1,0,0
C00536,Pooja,Rao,Russia,32.0,0,None,Website,2024-02-17,4,22250.0,1,0,0
C00537,Dmitri,Desai,India,35.0,0,Open Water,OTA,2024-02-13,2,18300.0,1,0,0
C00538,Emma,Bakker,India,27.0,0,Advanced,OTA,2024-02-13,1,6600.0,0,0,0
C00539,Rahul,Iyer,India,36.0,0,Advanced,OTA,2024-02-13,1,3000.0,0,0,0
C00540,Marco,Iyer,Russia,36.0,0,None,Walk-in,2024-02-14,1,5450.0,0,0,0
C00541,Ishaan,Gupta,India,29.0,0,Advanced,Hotel Partner,2024-02-16,2,10050.0,1,0,0
C00542,Daniel,Tanaka,United States,,1,Open Water,Instagram,2024-02-18,1,14200.0,0,0,0
C00543,Karan,Gupta,India,34.0,0,Open Water,Website,2024-02-13,2,10850.0,1,0,0
C00544,Elena,Gupta,India,17.0,0,Advanced,Website,2024-02-18,1,11200.0,0,0,0
C00545,Pierre,Ivanov,Italy,52.0,0,Open Water,Hotel Partner,2024-02-11,1,10450.0,0,0,0
C00546,Vikram,Menon,Germany,29.0,0,Advanced,Unknown,2024-02-13,1,11200.0,0,0,0
C00547,Ananya,Iyer,India,37.0,0,None,Referral,2024-02-17,2,12250.0,1,0,0
C00548,Divya,Menon,United Kingdom,36.0,0,Open Water,Walk-in,2024-02-17,1,7700.0,0,0,0
C00549,Ravi,Cohen,Italy,40.0,0,None,Website,2024-02-18,1,5250.0,0,0,0
C00550,Priya,Brown,India,24.0,0,None,Website,2024-02-13,1,5050.0,0,0,0
C00551,Yuki,Nair,Germany,36.0,0,Open Water,Referral,2024-02-14,1,10600.0,0,0,0
C00552,Daniel,Kulkarni,India,33.0,0,None,Hotel Partner,2024-02-09,0,,0,0,0
C00553,Lukas,Jansen,India,47.0,0,None,Walk-in,2024-02-13,2,5200.0,1,0,0
C00554,Emma,Cohen,United Kingdom,30.0,0,Advanced,Walk-in,2024-02-09,0,,0,0,0
C00555,Arjun,Ivanov,Russia,43.0,0,Open Water,Walk-in,2024-02-19,2,14500.0,1,0,0
C00556,Kavya,Rao,India,26.0,0,Open Water,Website,2024-02-12,1,7200.0,0,0,0
C00557,Daniel,Muller,Israel,30.0,0,Open Water,Instagram,2024-02-10,1,14600.0,0,0,0
C00558,Ishaan,Brown,India,31.0,0,Advanced,OTA,2024-02-09,1,6350.0,0,0,0
C00559,Karan,Wilson,Russia,30.0,0,None,OTA,2024-02-10,3,20750.0,1,0,0
C00560,Ravi,Menon,India,58.0,0,None,OTA,2024-02-15,1,4300.0,0,0,0
C00561,Rohan,Chowdhury,India,28.0,0,None,Walk-in,2024-02-11,1,5700.0,0,0,0
C00562,Tom,Gupta,India,31.0,0,None,Hotel Partner,2024-02-11,0,,0,0,0
C00563,Emma,OConnor,Israel,32.0,0,Open Water,Walk-in,2024-02-13,1,7100.0,0,0,0
C00564,Lukas,Muller,India,31.0,0,None,Referral,2024-02-09,2,32900.0,1,1,1
C00565,Kavya,Rossi,Russia,36.0,0,None,OTA,2024-02-15,2,28850.0,1,1,0
C00566,Neha,Banerjee,Israel,30.0,0,None,Website,2024-02-10,1,5650.0,0,0,0
C00567,Divya,Iyer,India,,1,None,Website,2024-02-10,3,49350.0,1,1,1
C00568,Rahul,Cohen,Australia,17.0,0,None,Unknown,2024-02-13,2,20750.0,1,0,0
C00569,Meera,Dubois,South Korea,36.0,0,Open Water,OTA,2024-02-15,2,12550.0,1,0,0
C00570,Chloe,Reddy,Italy,31.0,0,None,Unknown,2024-02-13,1,4600.0,0,0,0
C00571,Arjun,Nair,India,25.0,0,Open Water,Website,2024-02-14,1,27800.0,0,1,0
C00572,Meera,Ivanov,India,37.0,0,None,Website,2024-02-14,2,33550.0,1,1,1
C00573,Chloe,Chowdhury,Russia,51.0,0,None,Walk-in,2024-02-20,1,5850.0,0,0,0
C00574,Sven,Levi,South Korea,15.0,0,Rescue,Referral,2024-02-14,2,18050.0,1,0,0
C00575,Aarav,Cohen,India,39.0,0,Open Water,Walk-in,2024-02-11,1,15300.0,0,0,0
C00576,Dmitri,Wilson,India,,1,Open Water,Walk-in,2024-02-18,2,26350.0,1,0,0
C00577,Pierre,Muller,India,35.0,0,Open Water,Website,2024-02-13,2,31000.0,1,1,1
C00578,Sven,Muller,South Korea,44.0,0,None,Hotel Partner,2024-02-19,1,5350.0,0,0,0
C00579,Sven,Taylor,India,36.0,0,Open Water,Instagram,2024-02-11,1,7700.0,0,0,0
C00580,Priya,Patel,India,38.0,0,None,Walk-in,2024-02-14,1,5150.0,0,0,0
C00581,James,Schmidt,Israel,40.0,0,None,Website,2024-02-18,2,10550.0,1,0,0
C00582,Kavya,Cohen,Germany,14.0,0,None,Referral,2024-02-21,0,,0,0,0
C00583,Noa,Patel,India,32.0,0,Open Water,Walk-in,2024-02-19,2,14700.0,1,0,0
C00584,Hannah,Sharma,India,44.0,0,None,Unknown,2024-02-22,2,11150.0,1,0,0
C00585,Priya,Cohen,United Kingdom,47.0,0,Open Water,OTA,2024-02-21,3,56300.0,1,1,1
C00586,Anouk,Brown,India,46.0,0,None,Referral,2024-02-21,1,5350.0,0,0,0
C00587,Aarav,Nair,United Kingdom,48.0,0,None,Walk-in,2024-02-18,1,5500.0,0,0,0
C00588,Camille,Kulkarni,India,35.0,0,None,Hotel Partner,2024-02-15,1,25400.0,0,1,0
C00589,Ananya,Muller,India,17.0,0,Open Water,Unknown,2024-02-13,1,3200.0,0,0,0
C00590,Rohan,Bakker,France,46.0,0,None,Hotel Partner,2024-02-19,2,29600.0,1,1,0
C00591,Olga,Jansen,India,26.0,0,Rescue,Hotel Partner,2024-02-22,1,6850.0,0,0,0
C00592,Minjun,Petrova,India,,1,Open Water,Referral,2024-02-21,1,10250.0,0,0,0
C00593,Lukas,Rossi,India,26.0,0,None,Referral,2024-02-13,2,35250.0,1,1,1
C00594,Divya,Desai,India,29.0,0,Open Water,Hotel Partner,2024-02-18,0,,0,0,0
C00595,Neha,Park,Italy,27.0,0,Advanced,Walk-in,2024-02-17,2,7500.0,1,0,0
C00596,Priya,Schmidt,Japan,18.0,0,Open Water,Referral,2024-02-18,1,6700.0,0,0,0
C00597,Yuki,Kulkarni,Italy,31.0,0,Open Water,Hotel Partner,2024-02-15,1,23850.0,0,1,0
C00598,Rahul,Ivanov,India,36.0,0,Advanced,Referral,2024-02-19,1,3850.0,0,0,0
C00599,Yuki,Wilson,India,33.0,0,Rescue,OTA,2024-02-14,1,9050.0,0,0,0
C00600,Aarav,Gupta,United States,,1,Rescue,Instagram,2024-02-18,2,38300.0,1,1,0
C00601,Sophie,OConnor,India,,1,None,Instagram,2024-02-21,1,11400.0,0,0,0
C00602,Meera,Sharma,India,35.0,0,None,Instagram,2024-02-15,1,10700.0,0,0,0
C00603,Vikram,Bakker,India,46.0,0,None,Website,2024-02-23,1,26300.0,0,1,0
C00604,Lukas,Brown,India,42.0,0,Advanced,Instagram,2024-02-21,0,,0,0,0
C00605,Minjun,Reddy,India,34.0,0,None,Walk-in,2024-02-19,1,5200.0,0,0,0
C00606,Siddharth,Rao,India,25.0,0,None,Instagram,2024-02-17,0,,0,0,0
C00607,Daniel,Gupta,India,40.0,0,Rescue,Website,2024-02-21,2,21800.0,1,0,0
C00608,Minjun,Kim,France,36.0,0,Open Water,Instagram,2024-02-21,1,4000.0,0,0,0
C00609,Sven,Rao,India,40.0,0,None,Website,2024-02-21,3,39200.0,1,1,1
C00610,Emma,Menon,Israel,67.0,0,Rescue,Walk-in,2024-02-16,1,8050.0,0,0,0
C00611,Daniel,Kulkarni,United Kingdom,36.0,0,Open Water,Walk-in,2024-02-19,1,11550.0,0,0,0
C00612,Ananya,Banerjee,India,26.0,0,None,Unknown,2024-02-16,1,4500.0,0,0,0
C00613,Aarav,Rossi,Germany,,1,Open Water,Unknown,2024-02-20,0,,0,0,0
C00614,Pooja,Levi,France,40.0,0,Open Water,Instagram,2024-02-21,2,32650.0,1,1,1
C00615,Aarav,Wilson,India,39.0,0,None,Instagram,2024-02-22,1,10400.0,0,0,0
C00616,Siddharth,Patel,India,43.0,0,Open Water,Instagram,2024-02-16,1,26900.0,0,1,0
C00617,Minjun,Reddy,India,41.0,0,Open Water,Walk-in,2024-02-25,1,11450.0,0,0,0
C00618,Sarah,Menon,France,,1,None,Website,2024-02-26,1,5050.0,0,0,0
C00619,Liam,Dubois,Australia,39.0,0,Advanced,Website,2024-02-24,1,3950.0,0,0,0
C00620,Sarah,Cohen,United States,46.0,0,None,Referral,2024-02-23,1,10000.0,0,0,0
C00621,Sven,Menon,France,22.0,0,None,OTA,2024-02-18,1,4300.0,0,0,0
C00622,Arjun,Dubois,India,,1,None,OTA,2024-02-21,1,4700.0,0,0,0
C00623,Divya,Levi,France,45.0,0,Divemaster,Walk-in,2024-02-23,1,8000.0,0,0,0
C00624,Priya,Tanaka,India,40.0,0,None,Unknown,2024-02-22,1,5300.0,0,0,0
C00625,Chloe,Tanaka,India,28.0,0,Rescue,Referral,2024-02-20,1,3500.0,0,0,0
C00626,Sneha,Wilson,India,38.0,0,Open Water,OTA,2024-02-27,1,9950.0,0,0,0
C00627,Karan,Rossi,France,24.0,0,None,Walk-in,2024-02-25,1,5400.0,0,0,0
C00628,Aarav,Sharma,India,,1,None,Referral,2024-02-23,1,26200.0,0,1,0
C00629,James,Petrova,France,48.0,0,Open Water,Instagram,2024-02-20,2,32650.0,1,1,0
C00630,Chloe,Kim,India,42.0,0,Advanced,Hotel Partner,2024-02-23,2,13450.0,1,0,0
C00631,Dmitri,Patel,India,39.0,0,Open Water,Website,2024-02-21,1,3650.0,0,0,0
C00632,Liam,Brown,India,35.0,0,Advanced,Website,2024-02-26,1,10350.0,0,0,0
C00633,Sophie,Cohen,Germany,23.0,0,Open Water,Instagram,2024-02-27,2,32100.0,1,1,1
C00634,Anouk,Reddy,Germany,44.0,0,None,Referral,2024-02-18,1,5050.0,0,0,0
C00635,Olga,Muller,India,29.0,0,Open Water,Referral,2024-02-18,1,3650.0,0,0,0
C00636,Vikram,Muller,Germany,28.0,0,None,Instagram,2024-02-24,2,31350.0,1,1,0
C00637,Noa,Bakker,India,17.0,0,None,Walk-in,2024-02-18,1,29300.0,0,1,0
C00638,Itai,Reddy,United States,53.0,0,Rescue,Instagram,2024-02-23,1,7650.0,0,0,0
C00639,Pierre,Smith,India,37.0,0,Rescue,Referral,2024-02-27,1,13950.0,0,0,0
C00640,Chloe,Petrova,France,37.0,0,Open Water,Unknown,2024-02-22,1,11650.0,0,0,0
C00641,Aarav,Menon,Japan,40.0,0,Advanced,Walk-in,2024-02-21,1,26600.0,0,1,0
C00642,Meera,Tanaka,India,34.0,0,Open Water,Instagram,2024-02-23,1,25150.0,0,1,0
C00643,Minjun,Brown,India,26.0,0,Open Water,Website,2024-02-24,1,3650.0,0,0,0
C00644,Ravi,Petrova,India,55.0,0,Open Water,OTA,2024-02-23,2,15600.0,1,0,0
C00645,Kavya,Desai,South Korea,,1,None,Unknown,2024-02-22,1,0.0,0,0,0
C00646,Tom,Nair,India,31.0,0,None,Unknown,2024-02-28,1,5100.0,0,0,0
C00647,Neha,Patel,France,47.0,0,Open Water,Website,2024-02-26,3,42100.0,1,0,0
C00648,Arjun,OConnor,India,34.0,0,None,Referral,2024-02-19,1,5350.0,0,0,0
C00649,Aarav,Park,Australia,22.0,0,Open Water,Unknown,2024-02-25,2,31350.0,1,1,1
C00650,Anouk,Jansen,India,38.0,0,None,Referral,2024-02-29,2,31500.0,1,1,0
C00651,Daniel,Bakker,India,31.0,0,None,Instagram,2024-02-21,1,26050.0,0,1,0
C00652,Sven,Sharma,Russia,15.0,0,None,Hotel Partner,2024-02-27,1,10300.0,0,0,0
C00653,Yuki,Banerjee,India,20.0,0,None,Walk-in,2024-02-27,1,5400.0,0,0,0
C00654,Meera,Dubois,Russia,56.0,0,Advanced,Unknown,2024-02-20,1,26150.0,0,1,0
C00655,Rahul,Reddy,India,30.0,0,Advanced,Walk-in,2024-02-19,1,3800.0,0,0,0
C00656,Olga,Reddy,India,44.0,0,Advanced,Referral,2024-02-22,2,14950.0,1,0,0
C00657,Ishaan,Dubois,Italy,16.0,0,Open Water,Walk-in,2024-02-28,2,29750.0,1,1,1
C00658,Tom,Muller,France,42.0,0,None,Referral,2024-02-22,2,53250.0,1,1,0
C00659,Daniel,Banerjee,India,29.0,0,Advanced,Hotel Partner,2024-02-25,3,29300.0,1,0,0
C00660,Minjun,Smith,Italy,31.0,0,None,Walk-in,2024-02-25,1,5500.0,0,0,0
C00661,Karan,Bakker,United Kingdom,43.0,0,Advanced,Website,2024-02-24,2,11200.0,1,0,0
C00662,Aarav,Wilson,India,25.0,0,Advanced,Instagram,2024-02-26,1,7450.0,0,0,0
C00663,Sven,Jansen,India,32.0,0,Open Water,Unknown,2024-02-27,2,7800.0,1,0,0
C00664,Ravi,Cohen,Netherlands,27.0,0,None,Walk-in,2024-02-23,1,28950.0,0,1,0
C00665,Sophie,Kim,India,43.0,0,None,Hotel Partner,2024-02-23,0,,0,0,0
C00666,Aarav,Taylor,India,36.0,0,None,Unknown,2024-02-29,1,5250.0,0,0,0
C00667,Sneha,Cohen,India,37.0,0,Open Water,Website,2024-02-24,1,11450.0,0,0,0
C00668,Aarav,Tanaka,South Korea,45.0,0,Open Water,Website,2024-02-28,2,23150.0,1,0,0
C00669,Liam,Park,India,32.0,0,Open Water,Hotel Partner,2024-02-24,4,48750.0,1,1,1
C00670,Emma,Smith,Israel,30.0,0,Open Water,Website,2024-02-23,2,20750.0,1,0,0
C00671,Marco,Bakker,India,26.0,0,None,Walk-in,2024-02-24,0,,0,0,0
C00672,Dmitri,Sharma,India,48.0,0,Open Water,Instagram,2024-02-26,0,,0,0,0
C00673,Sneha,Rao,India,38.0,0,Advanced,Instagram,2024-02-28,1,11600.0,0,0,0
C00674,Hannah,Cohen,India,40.0,0,None,Unknown,2024-02-28,1,5000.0,0,0,0
C00675,Priya,Muller,Netherlands,30.0,0,None,OTA,2024-03-01,0,,0,0,0
C00676,Rahul,Bakker,India,52.0,0,Advanced,Walk-in,2024-02-22,0,,0,0,0
C00677,Meera,Rao,India,39.0,0,None,Referral,2024-03-01,1,5250.0,0,0,0
C00678,Priya,Reddy,India,59.0,0,None,Website,2024-02-25,3,37950.0,1,1,0
C00679,Sarah,Nair,India,30.0,0,Advanced,Unknown,2024-02-26,1,6700.0,0,0,0
C00680,Pierre,Smith,India,34.0,0,Open Water,Website,2024-03-02,2,27750.0,1,1,0
C00681,Aditya,Schmidt,Netherlands,46.0,0,None,Instagram,2024-03-04,2,21500.0,1,0,0
C00682,Ishaan,Brown,India,37.0,0,None,Website,2024-02-28,1,5250.0,0,0,0
C00683,Daniel,Muller,India,,1,Open Water,Instagram,2024-02-23,1,0.0,0,0,0
C00684,Ananya,Jansen,United Kingdom,23.0,0,Advanced,Referral,2024-02-26,1,7100.0,0,0,0
C00685,Vikram,Brown,Australia,37.0,0,Open Water,Instagram,2024-02-29,0,,0,0,0
C00686,Hannah,Dubois,Netherlands,46.0,0,None,OTA,2024-03-01,0,,0,0,0
C00687,Yuki,Jansen,India,48.0,0,Open Water,Instagram,2024-03-01,2,11200.0,1,0,0
C00688,Rahul,Bakker,India,,1,Open Water,Referral,2024-02-28,1,7400.0,0,0,0
C00689,Noa,Banerjee,Russia,37.0,0,None,Hotel Partner,2024-02-29,2,11900.0,1,0,0
C00690,Divya,Iyer,India,45.0,0,Divemaster,Website,2024-02-23,2,28050.0,1,1,0
C00691,Aditya,Kulkarni,South Korea,36.0,0,None,Instagram,2024-03-02,1,10900.0,0,0,0
C00692,Lukas,Sharma,India,29.0,0,Advanced,Website,2024-02-27,3,41050.0,1,1,0
C00693,Hannah,Chowdhury,India,50.0,0,None,Walk-in,2024-02-26,1,5350.0,0,0,0
C00694,Vikram,Kulkarni,India,31.0,0,None,OTA,2024-03-02,1,4500.0,0,0,0
C00695,Daniel,Banerjee,India,35.0,0,None,Instagram,2024-03-03,1,5050.0,0,0,0
C00696,Dmitri,Schmidt,India,34.0,0,None,Walk-in,2024-03-04,2,36550.0,1,1,1
C00697,Sarah,Petrova,India,53.0,0,Open Water,Instagram,2024-02-26,0,,0,0,0
C00698,Elena,Smith,India,34.0,0,None,Hotel Partner,2024-02-24,1,4650.0,0,0,0
C00699,James,Chowdhury,India,42.0,0,None,Referral,2024-03-04,1,25850.0,0,1,0
C00700,Elena,Wilson,India,47.0,0,None,Instagram,2024-02-28,2,9000.0,1,0,0
C00701,Yuki,Schmidt,Israel,45.0,0,Rescue,OTA,2024-03-03,2,13100.0,1,0,0
C00702,Tom,Sharma,India,23.0,0,None,Referral,2024-02-28,1,26150.0,0,1,0
C00703,Emma,Dubois,India,37.0,0,None,Website,2024-03-03,4,51450.0,1,1,1
C00704,Itai,Reddy,South Korea,12.0,0,Open Water,Website,2024-03-03,1,7600.0,0,0,0
C00705,Ravi,Iyer,India,35.0,0,Advanced,Website,2024-02-25,1,27100.0,0,1,0
C00706,Olga,Taylor,India,42.0,0,None,Walk-in,2024-02-28,1,14600.0,0,0,0
C00707,Lukas,Cohen,India,42.0,0,None,Walk-in,2024-03-02,1,5800.0,0,0,0
C00708,Ravi,Patel,India,39.0,0,Open Water,Website,2024-03-05,3,18850.0,1,0,0
C00709,Kavya,Reddy,India,29.0,0,None,Instagram,2024-02-27,0,,0,0,0
C00710,Meera,Patel,United Kingdom,27.0,0,None,Website,2024-03-03,1,10100.0,0,0,0
C00711,Arjun,Cohen,United Kingdom,,1,None,Hotel Partner,2024-03-06,1,10550.0,0,0,0
C00712,Aarav,Schmidt,India,28.0,0,Open Water,Unknown,2024-02-25,0,,0,0,0
C00713,Kavya,Iyer,India,39.0,0,None,Walk-in,2024-03-03,1,5250.0,0,0,0
C00714,Anouk,Kulkarni,United Kingdom,38.0,0,None,Website,2024-02-26,1,5550.0,0,0,0
C00715,Aarav,Wilson,France,34.0,0,Open Water,Website,2024-02-27,1,7400.0,0,0,0
C00716,Sophie,Nair,India,31.0,0,Open Water,Walk-in,2024-03-02,2,41200.0,1,1,1
C00717,Ishaan,Desai,Germany,25.0,0,Open Water,OTA,2024-02-25,1,12800.0,0,0,0
C00718,Emma,Menon,France,33.0,0,Rescue,Hotel Partner,2024-02-27,1,7050.0,0,0,0
C00719,Elena,Muller,India,32.0,0,Open Water,Website,2024-02-29,3,44450.0,1,1,0
C00720,Lukas,Kulkarni,Russia,21.0,0,Open Water,OTA,2024-02-27,1,3250.0,0,0,0
C00721,Yuki,Menon,Australia,19.0,0,None,Website,2024-02-27,1,5300.0,0,0,0
C00722,Chloe,Smith,India,16.0,0,None,Unknown,2024-03-06,1,5450.0,0,0,0
C00723,Sven,OConnor,India,29.0,0,Advanced,Referral,2024-03-06,1,3600.0,0,0,0
C00724,Aarav,Menon,India,37.0,0,Open Water,Walk-in,2024-03-07,2,7450.0,1,0,0
C00725,Yuki,Reddy,United Kingdom,15.0,0,None,Referral,2024-03-02,3,40550.0,1,1,1
C00726,Dmitri,Brown,Russia,20.0,0,None,Referral,2024-03-06,0,,0,0,0
C00727,Vikram,Petrova,Germany,12.0,0,Open Water,Referral,2024-03-05,2,39800.0,1,1,1
C00728,Pooja,Muller,India,,1,None,Website,2024-03-07,1,27600.0,0,1,0
C00729,James,Iyer,United Kingdom,34.0,0,Open Water,OTA,2024-03-05,2,9350.0,1,0,0
C00730,Emma,Taylor,India,21.0,0,Open Water,Walk-in,2024-03-01,1,3900.0,0,0,0
C00731,Sarah,Park,India,29.0,0,Advanced,Instagram,2024-03-05,1,3800.0,0,0,0
C00732,Ananya,Muller,India,20.0,0,None,Instagram,2024-02-29,1,5400.0,0,0,0
C00733,Minjun,Park,Russia,31.0,0,Divemaster,Referral,2024-03-04,1,11450.0,0,0,0
C00734,Chloe,Banerjee,Japan,24.0,0,Open Water,Instagram,2024-03-08,1,14300.0,0,0,0
C00735,Sneha,Smith,Russia,31.0,0,None,Hotel Partner,2024-02-28,1,10550.0,0,0,0
C00736,Arjun,OConnor,India,19.0,0,None,OTA,2024-02-29,1,4750.0,0,0,0
C00737,Yuki,Muller,Netherlands,17.0,0,Advanced,Website,2024-03-08,1,3650.0,0,0,0
C00738,Noa,Tanaka,India,25.0,0,None,Referral,2024-03-04,1,10650.0,0,0,0
C00739,Hannah,Dubois,India,,1,Open Water,Hotel Partner,2024-03-09,2,29500.0,1,1,1
C00740,Sophie,Brown,India,42.0,0,Open Water,Unknown,2024-03-10,1,10450.0,0,0,0
C00741,Pierre,Muller,United States,42.0,0,None,Instagram,2024-03-03,1,5550.0,0,0,0
C00742,Dmitri,OConnor,Germany,17.0,0,None,Instagram,2024-03-03,2,10850.0,1,0,0
C00743,Divya,Reddy,India,18.0,0,None,Referral,2024-03-03,1,26150.0,0,1,0
C00744,Meera,Levi,India,37.0,0,Open Water,Hotel Partner,2024-03-03,1,3300.0,0,0,0
C00745,Camille,Tanaka,Italy,45.0,0,None,Walk-in,2024-03-10,1,5250.0,0,0,0
C00746,Neha,Schmidt,India,30.0,0,None,Walk-in,2024-03-11,1,5700.0,0,0,0
C00747,Rohan,Cohen,India,,1,Advanced,Hotel Partner,2024-03-11,4,59950.0,1,1,0
C00748,Itai,Bakker,Australia,39.0,0,Open Water,Website,2024-03-02,1,14200.0,0,0,0
C00749,Aditya,Schmidt,United Kingdom,40.0,0,Open Water,Website,2024-03-10,1,10950.0,0,0,0
C00750,Chloe,Bakker,India,42.0,0,Open Water,Unknown,2024-03-08,1,23600.0,0,1,0
C00751,Minjun,Nair,Russia,29.0,0,None,OTA,2024-03-11,1,9200.0,0,0,0
C00752,Dmitri,Chowdhury,Germany,23.0,0,Open Water,Unknown,2024-03-04,0,,0,0,0
C00753,Sarah,Jansen,India,50.0,0,None,Hotel Partner,2024-03-02,0,,0,0,0
C00754,Aarav,Nair,India,41.0,0,Open Water,OTA,2024-03-09,1,3150.0,0,0,0
C00755,Camille,Wilson,India,31.0,0,Open Water,Hotel Partner,2024-03-05,0,,0,0,0
C00756,Lukas,Dubois,Australia,21.0,0,None,Referral,2024-03-04,1,10700.0,0,0,0
C00757,Liam,Bakker,Germany,33.0,0,None,Walk-in,2024-03-05,3,45300.0,1,1,1
C00758,Rohan,Levi,India,33.0,0,Open Water,Walk-in,2024-03-12,2,54950.0,1,1,0
C00759,Aarav,Desai,Netherlands,36.0,0,Open Water,Unknown,2024-03-07,1,7250.0,0,0,0
C00760,Vikram,Reddy,India,25.0,0,None,Walk-in,2024-03-07,2,34900.0,1,1,0
C00761,Rohan,OConnor,India,27.0,0,Advanced,Referral,2024-03-08,2,36250.0,1,1,1
C00762,James,Bakker,Australia,20.0,0,None,Referral,2024-03-11,1,5250.0,0,0,0
C00763,Hannah,Nair,India,35.0,0,None,Referral,2024-03-13,1,5100.0,0,0,0
C00764,Chloe,OConnor,Israel,47.0,0,Open Water,Walk-in,2024-03-09,0,,0,0,0
C00765,Ravi,Levi,India,23.0,0,Open Water,Walk-in,2024-03-08,2,38900.0,1,1,0
C00766,Rahul,Petrova,Italy,38.0,0,Advanced,Walk-in,2024-03-03,1,3600.0,0,0,0
C00767,Liam,Schmidt,India,21.0,0,Open Water,Walk-in,2024-03-07,2,19300.0,1,0,0
C00768,Karan,Patel,Israel,23.0,0,None,Unknown,2024-03-12,2,12100.0,1,0,0
C00769,Ananya,Desai,India,20.0,0,Open Water,Website,2024-03-04,1,10650.0,0,0,0
C00770,Olga,Desai,Israel,43.0,0,Open Water,Referral,2024-03-07,1,10200.0,0,0,0
C00771,Siddharth,Nair,Germany,36.0,0,None,Referral,2024-03-07,1,4850.0,0,0,0
C00772,Ravi,Menon,India,34.0,0,None,Unknown,2024-03-07,1,5500.0,0,0,0
C00773,Yuki,Dubois,South Korea,39.0,0,Open Water,Referral,2024-03-10,1,3650.0,0,0,0
C00774,Tom,Menon,Russia,25.0,0,Advanced,Walk-in,2024-03-13,1,3900.0,0,0,0
C00775,Olga,Wilson,India,39.0,0,Advanced,Website,2024-03-12,1,26650.0,0,1,0
C00776,Ravi,Banerjee,Australia,39.0,0,None,Walk-in,2024-03-08,1,5800.0,0,0,0
C00777,Camille,Rao,Israel,23.0,0,Open Water,Walk-in,2024-03-04,1,4100.0,0,0,0
C00778,Sarah,Dubois,Netherlands,34.0,0,None,Website,2024-03-11,1,5450.0,0,0,0
C00779,James,Taylor,Italy,58.0,0,Advanced,Walk-in,2024-03-04,1,3950.0,0,0,0
C00780,Ishaan,Levi,South Korea,31.0,0,Advanced,Website,2024-03-14,1,14450.0,0,0,0
C00781,Pierre,Petrova,India,28.0,0,None,Referral,2024-03-08,2,14800.0,1,0,0
C00782,Lukas,Park,France,34.0,0,None,Hotel Partner,2024-03-11,3,37150.0,1,1,1
C00783,Hannah,Brown,India,,1,Advanced,Walk-in,2024-03-05,2,7500.0,1,0,0
C00784,Divya,Smith,Netherlands,54.0,0,Rescue,Walk-in,2024-03-05,1,11150.0,0,0,0
C00785,Dmitri,Levi,India,41.0,0,Open Water,Website,2024-03-05,2,33050.0,1,1,1
C00786,Divya,Rossi,India,31.0,0,Open Water,Instagram,2024-03-05,1,3750.0,0,0,0
C00787,Elena,Wilson,India,43.0,0,Rescue,Website,2024-03-15,1,7550.0,0,0,0
C00788,Elena,Levi,Israel,50.0,0,None,Instagram,2024-03-07,1,26050.0,0,1,0
C00789,Chloe,Gupta,India,26.0,0,Open Water,Website,2024-03-14,1,3750.0,0,0,0
C00790,James,Cohen,India,22.0,0,None,Website,2024-03-16,1,26300.0,0,1,0
C00791,Aditya,Schmidt,India,43.0,0,Advanced,Referral,2024-03-07,2,18900.0,1,0,0
C00792,Pooja,Dubois,United States,,1,Divemaster,Walk-in,2024-03-11,2,10650.0,1,0,0
C00793,Meera,Sharma,India,26.0,0,Advanced,Website,2024-03-10,1,7200.0,0,0,0
C00794,Ananya,Muller,India,33.0,0,None,Walk-in,2024-03-09,1,27500.0,0,1,0
C00795,Hannah,Reddy,Russia,31.0,0,Advanced,Instagram,2024-03-06,1,6950.0,0,0,0
C00796,Emma,Kim,India,45.0,0,None,Referral,2024-03-16,1,25250.0,0,1,0
C00797,Aarav,Jansen,India,12.0,0,None,Unknown,2024-03-06,1,5150.0,0,0,0
C00798,Sophie,Schmidt,India,49.0,0,None,Hotel Partner,2024-03-15,1,5000.0,0,0,0
C00799,Elena,Tanaka,India,,1,Open Water,Instagram,2024-03-07,3,14350.0,1,0,0
C00800,Ishaan,Dubois,India,41.0,0,Open Water,Walk-in,2024-03-16,2,10900.0,1,0,0
C00801,Camille,Schmidt,Israel,21.0,0,Open Water,Hotel Partner,2024-03-11,1,6900.0,0,0,0
C00802,Rahul,Tanaka,India,35.0,0,None,Walk-in,2024-03-08,1,5650.0,0,0,0
C00803,Marco,Park,India,24.0,0,Open Water,Website,2024-03-16,1,3550.0,0,0,0
C00804,Sophie,OConnor,India,19.0,0,Open Water,Walk-in,2024-03-13,2,35650.0,1,1,0
C00805,Sophie,Iyer,France,22.0,0,Open Water,Referral,2024-03-12,2,11300.0,1,0,0
C00806,Camille,Rao,India,36.0,0,None,Referral,2024-03-09,1,27350.0,0,1,0
C00807,Marco,Schmidt,France,37.0,0,None,OTA,2024-03-07,1,4500.0,0,0,0
C00808,Divya,Kulkarni,India,,1,Advanced,Website,2024-03-09,1,7350.0,0,0,0
C00809,Ananya,Brown,Netherlands,34.0,0,None,Website,2024-03-09,1,11500.0,0,0,0
C00810,Ishaan,Sharma,Italy,40.0,0,None,Referral,2024-03-17,1,5050.0,0,0,0
C00811,Elena,Desai,Israel,31.0,0,Advanced,Website,2024-03-14,1,15850.0,0,0,0
C00812,Divya,Jansen,Germany,32.0,0,None,Hotel Partner,2024-03-08,4,78650.0,1,1,0
C00813,Minjun,Kulkarni,India,20.0,0,Rescue,Referral,2024-03-12,2,18100.0,1,0,0
C00814,Dmitri,Banerjee,India,,1,None,Walk-in,2024-03-13,2,11600.0,1,0,0
C00815,Sneha,Banerjee,India,33.0,0,None,Hotel Partner,2024-03-10,1,25350.0,0,1,0
C00816,Minjun,Patel,India,26.0,0,Open Water,Walk-in,2024-03-12,1,12300.0,0,0,0
C00817,Chloe,Taylor,India,44.0,0,Advanced,Instagram,2024-03-09,1,3750.0,0,0,0
C00818,Anouk,Reddy,United Kingdom,14.0,0,Advanced,Referral,2024-03-18,2,11000.0,1,0,0
C00819,Tom,Tanaka,United States,39.0,0,Rescue,Instagram,2024-03-17,1,7350.0,0,0,0
C00820,Hannah,Petrova,India,34.0,0,Open Water,Website,2024-03-10,1,7200.0,0,0,0
C00821,Camille,Iyer,Netherlands,21.0,0,Open Water,Referral,2024-03-12,1,3350.0,0,0,0
C00822,Vikram,Taylor,India,28.0,0,Open Water,Hotel Partner,2024-03-16,1,24350.0,0,1,0
C00823,Sneha,Levi,India,28.0,0,Open Water,Website,2024-03-09,2,14400.0,1,0,0
C00824,Chloe,Park,South Korea,29.0,0,None,Website,2024-03-18,1,5150.0,0,0,0
C00825,Tom,Chowdhury,India,37.0,0,None,Referral,2024-03-14,1,26000.0,0,1,0
C00826,Emma,Cohen,India,16.0,0,Open Water,Referral,2024-03-19,2,27800.0,1,0,0
C00827,Karan,Wilson,India,38.0,0,Open Water,Hotel Partner,2024-03-16,0,,0,0,0
C00828,Aarav,Petrova,Italy,49.0,0,Advanced,Website,2024-03-15,3,36600.0,1,1,1
C00829,Pierre,Wilson,Germany,36.0,0,None,Hotel Partner,2024-03-16,2,10200.0,1,0,0
C00830,Arjun,Cohen,Germany,35.0,0,Open Water,Walk-in,2024-03-14,1,3700.0,0,0,0
C00831,Vikram,Iyer,India,30.0,0,None,Walk-in,2024-03-14,1,5850.0,0,0,0
C00832,Daniel,Kulkarni,India,27.0,0,Advanced,Walk-in,2024-03-18,1,3600.0,0,0,0
C00833,Rohan,Banerjee,India,33.0,0,Open Water,Referral,2024-03-18,1,10250.0,0,0,0
C00834,Daniel,Tanaka,India,26.0,0,Open Water,Instagram,2024-03-15,2,30350.0,1,1,0
C00835,Ishaan,Ivanov,India,27.0,0,None,Walk-in,2024-03-16,1,5800.0,0,0,0
C00836,Camille,Tanaka,Australia,37.0,0,Open Water,Walk-in,2024-03-13,2,33050.0,1,1,1
C00837,Daniel,Gupta,Israel,32.0,0,None,Instagram,2024-03-10,1,0.0,0,0,0
C00838,Aditya,Taylor,Japan,20.0,0,None,Website,2024-03-11,1,5100.0,0,0,0
C00839,Rohan,Cohen,India,37.0,0,None,Instagram,2024-03-16,2,10100.0,1,0,0
C00840,Olga,Nair,Israel,49.0,0,Open Water,Website,2024-03-18,1,27300.0,0,1,0
C00841,Rohan,Brown,United Kingdom,29.0,0,Open Water,Hotel Partner,2024-03-14,1,3300.0,0,0,0
C00842,Liam,Chowdhury,Italy,30.0,0,Open Water,Walk-in,2024-03-15,1,8150.0,0,0,0
C00843,Chloe,Wilson,Netherlands,31.0,0,None,Walk-in,2024-03-10,0,,0,0,0
C00844,Priya,Petrova,Japan,46.0,0,None,Instagram,2024-03-12,3,44800.0,1,1,1
C00845,Pierre,Sharma,India,30.0,0,None,Walk-in,2024-03-13,1,26950.0,0,1,0
C00846,Vikram,Patel,Japan,20.0,0,None,Website,2024-03-20,1,5000.0,0,0,0
C00847,Aarav,Brown,Russia,31.0,0,None,Hotel Partner,2024-03-18,1,9450.0,0,0,0
C00848,Pierre,Petrova,India,12.0,0,None,Referral,2024-03-20,4,48300.0,1,1,1
C00849,Pierre,Cohen,India,34.0,0,None,Walk-in,2024-03-11,2,16700.0,1,0,0
C00850,Sophie,Ivanov,United Kingdom,34.0,0,Open Water,Walk-in,2024-03-13,1,11000.0,0,0,0
C00851,Sophie,Desai,India,37.0,0,None,Hotel Partner,2024-03-16,1,25150.0,0,1,0
C00852,Rahul,Menon,India,34.0,0,Open Water,Hotel Partner,2024-03-20,1,6650.0,0,0,0
C00853,Ananya,Tanaka,Israel,47.0,0,None,OTA,2024-03-17,1,21450.0,0,1,0
C00854,Sneha,Kim,Japan,27.0,0,None,Walk-in,2024-03-12,2,17950.0,1,0,0
C00855,Elena,Rao,United States,29.0,0,None,Instagram,2024-03-15,1,26150.0,0,1,0
C00856,Rohan,Schmidt,United States,35.0,0,None,OTA,2024-03-21,0,,0,0,0
C00857,Daniel,Rao,India,51.0,0,Rescue,Referral,2024-03-15,1,10350.0,0,0,0
C00858,Sneha,Tanaka,Germany,40.0,0,Open Water,OTA,2024-03-13,0,,0,0,0
C00859,Sneha,Patel,India,28.0,0,None,OTA,2024-03-21,1,4350.0,0,0,0
C00860,Anouk,Iyer,India,48.0,0,None,Walk-in,2024-03-15,1,27450.0,0,1,0
C00861,Liam,Kim,United Kingdom,34.0,0,Open Water,Unknown,2024-03-16,2,16000.0,1,0,0
C00862,Neha,Sharma,India,30.0,0,Advanced,Website,2024-03-22,2,37250.0,1,1,1
C00863,Rohan,Petrova,United Kingdom,28.0,0,None,Walk-in,2024-03-23,1,27250.0,0,1,0
C00864,Meera,Banerjee,India,36.0,0,Open Water,Instagram,2024-03-20,1,25150.0,0,1,0
C00865,Marco,Iyer,India,34.0,0,None,Website,2024-03-16,1,5600.0,0,0,0
C00866,Minjun,Brown,France,37.0,0,Open Water,OTA,2024-03-15,1,21400.0,0,1,0
C00867,Anouk,Wilson,India,34.0,0,None,Website,2024-03-14,2,12150.0,1,0,0
C00868,Itai,OConnor,India,,1,Advanced,Walk-in,2024-03-23,1,12000.0,0,0,0
C00869,Rohan,Desai,France,,1,Advanced,Website,2024-03-20,1,7000.0,0,0,0
C00870,Liam,Rao,India,29.0,0,Open Water,Walk-in,2024-03-15,1,12150.0,0,0,0
C00871,Ishaan,Ivanov,India,44.0,0,None,Walk-in,2024-03-17,1,5300.0,0,0,0
C00872,Lukas,Sharma,France,26.0,0,Open Water,Referral,2024-03-22,1,7050.0,0,0,0
C00873,Arjun,Sharma,Italy,40.0,0,None,Website,2024-03-21,1,5300.0,0,0,0
C00874,Tom,Tanaka,India,42.0,0,Divemaster,Instagram,2024-03-23,1,4000.0,0,0,0
C00875,Olga,Tanaka,Germany,26.0,0,None,Walk-in,2024-03-20,0,,0,0,0
C00876,Ishaan,Schmidt,India,30.0,0,Open Water,OTA,2024-03-19,2,15650.0,1,0,0
C00877,Hannah,Petrova,India,37.0,0,None,Referral,2024-03-16,1,26450.0,0,1,0
C00878,Hannah,Sharma,India,31.0,0,Open Water,Instagram,2024-03-23,0,,0,0,0
C00879,Priya,Levi,India,,1,Open Water,Unknown,2024-03-15,1,3650.0,0,0,0
C00880,Karan,Rossi,United Kingdom,24.0,0,Advanced,Walk-in,2024-03-23,1,3900.0,0,0,0
C00881,Sneha,Park,Netherlands,35.0,0,Open Water,Walk-in,2024-03-17,1,3750.0,0,0,0
C00882,Ishaan,Brown,Japan,32.0,0,Rescue,Website,2024-03-20,1,15500.0,0,0,0
C00883,Priya,Chowdhury,India,49.0,0,Advanced,Unknown,2024-03-25,1,11600.0,0,0,0
C00884,Emma,Smith,United Kingdom,,1,Divemaster,Walk-in,2024-03-23,1,11300.0,0,0,0
C00885,Itai,Park,United Kingdom,36.0,0,None,Referral,2024-03-16,1,27550.0,0,1,0
C00886,Rahul,Gupta,Australia,25.0,0,None,Unknown,2024-03-24,1,5050.0,0,0,0
C00887,Rohan,Bakker,South Korea,43.0,0,Open Water,OTA,2024-03-23,1,3100.0,0,0,0
C00888,Ishaan,Kim,Germany,,1,None,Hotel Partner,2024-03-20,0,,0,0,0
C00889,Emma,Petrova,India,55.0,0,Open Water,Walk-in,2024-03-16,1,8000.0,0,0,0
C00890,Anouk,Schmidt,India,34.0,0,None,Unknown,2024-03-20,1,26300.0,0,1,0
C00891,Priya,Ivanov,India,,1,None,Walk-in,2024-03-21,1,26000.0,0,1,0
C00892,Karan,Levi,Russia,14.0,0,None,Walk-in,2024-03-22,1,5250.0,0,0,0
C00893,Liam,Sharma,Netherlands,47.0,0,None,Walk-in,2024-03-19,1,29100.0,0,1,0
C00894,Marco,Cohen,India,37.0,0,None,Referral,2024-03-22,2,15400.0,1,0,0
C00895,Arjun,Nair,India,42.0,0,None,Website,2024-03-23,1,7450.0,0,0,0
C00896,Arjun,Kim,Russia,41.0,0,Advanced,Hotel Partner,2024-03-27,2,13700.0,1,0,0
C00897,Chloe,Petrova,India,30.0,0,Open Water,Instagram,2024-03-20,2,19700.0,1,0,0
C00898,Aarav,Schmidt,India,,1,Advanced,Website,2024-03-18,1,7700.0,0,0,0
C00899,James,Desai,France,41.0,0,Open Water,Website,2024-03-22,1,7200.0,0,0,0
C00900,Anouk,Nair,South Korea,40.0,0,Advanced,Website,2024-03-20,1,15200.0,0,0,0
C00901,Aarav,Schmidt,Italy,39.0,0,Open Water,Website,2024-03-17,1,11100.0,0,0,0
C00902,Aarav,Taylor,United Kingdom,47.0,0,Advanced,OTA,2024-03-17,1,21550.0,0,1,0
C00903,Dmitri,Sharma,United Kingdom,20.0,0,None,Hotel Partner,2024-03-28,1,5300.0,0,0,0
C00904,Sneha,Kulkarni,India,42.0,0,None,Website,2024-03-25,1,28450.0,0,1,0
C00905,Hannah,Desai,India,30.0,0,Advanced,Instagram,2024-03-22,1,3500.0,0,0,0
C00906,Sven,Dubois,Germany,30.0,0,None,Instagram,2024-03-23,1,25850.0,0,1,0
C00907,Daniel,Reddy,Italy,23.0,0,None,Unknown,2024-03-24,1,26050.0,0,1,0
C00908,Neha,Bakker,India,39.0,0,None,Unknown,2024-03-20,0,,0,0,0
C00909,Sophie,Schmidt,France,43.0,0,Open Water,Website,2024-03-28,3,17550.0,1,0,0
C00910,Meera,Levi,France,31.0,0,Rescue,Walk-in,2024-03-28,1,11400.0,0,0,0
C00911,Tom,OConnor,Germany,53.0,0,None,Hotel Partner,2024-03-24,0,,0,0,0
C00912,Rahul,Patel,United Kingdom,46.0,0,None,Referral,2024-03-25,0,,0,0,0
C00913,Ravi,Muller,India,23.0,0,Open Water,Referral,2024-03-23,1,10100.0,0,0,0
C00914,Lukas,Kim,France,41.0,0,Advanced,Walk-in,2024-03-21,1,28100.0,0,1,0
C00915,Marco,Taylor,United Kingdom,35.0,0,None,OTA,2024-03-24,1,4500.0,0,0,0
C00916,Camille,Petrova,India,30.0,0,Open Water,Walk-in,2024-03-27,2,55400.0,1,1,0
C00917,Aarav,Banerjee,Russia,32.0,0,Open Water,Instagram,2024-03-20,1,7550.0,0,0,0
C00918,Ishaan,Taylor,United States,42.0,0,None,OTA,2024-03-24,1,4550.0,0,0,0
C00919,Sarah,Gupta,United Kingdom,18.0,0,Open Water,Walk-in,2024-03-27,2,7700.0,1,0,0
C00920,Minjun,Reddy,India,60.0,0,Divemaster,Website,2024-03-24,3,30450.0,1,0,0
C00921,Sneha,Taylor,Russia,31.0,0,Open Water,Walk-in,2024-03-22,1,11900.0,0,0,0
C00922,Ananya,Bakker,Italy,41.0,0,None,OTA,2024-03-22,1,23900.0,0,1,0
C00923,Divya,Dubois,India,20.0,0,Divemaster,Website,2024-03-21,0,,0,0,0
C00924,Divya,Schmidt,Japan,23.0,0,Open Water,OTA,2024-03-20,1,8900.0,0,0,0
C00925,Elena,Schmidt,India,21.0,0,Open Water,Walk-in,2024-03-27,2,20000.0,1,0,0
C00926,Rohan,Park,India,20.0,0,Divemaster,Instagram,2024-03-28,1,15000.0,0,0,0
C00927,Sarah,Brown,India,43.0,0,None,Walk-in,2024-03-22,2,9450.0,1,0,0
C00928,Emma,Menon,Japan,31.0,0,None,Referral,2024-03-21,1,5100.0,0,0,0
C00929,Anouk,Levi,India,35.0,0,None,Hotel Partner,2024-03-24,0,,0,0,0
C00930,Yuki,Rao,India,,1,None,Referral,2024-03-23,1,26900.0,0,1,0
C00931,Neha,Wilson,India,43.0,0,Advanced,Hotel Partner,2024-03-20,1,10300.0,0,0,0
C00932,Pooja,Menon,India,31.0,0,None,Referral,2024-03-30,2,8600.0,1,0,0
C00933,Pierre,Levi,Russia,18.0,0,None,OTA,2024-03-27,1,8850.0,0,0,0
C00934,Ishaan,Brown,France,38.0,0,Open Water,Referral,2024-03-26,1,3500.0,0,0,0
C00935,Sophie,Dubois,India,46.0,0,None,OTA,2024-03-27,1,6400.0,0,0,0
C00936,Sophie,OConnor,Germany,,1,Open Water,Unknown,2024-03-24,1,27300.0,0,1,0
C00937,Vikram,Taylor,Russia,30.0,0,None,Website,2024-03-26,1,5500.0,0,0,0
C00938,Tom,Levi,India,29.0,0,Rescue,Website,2024-03-28,1,13750.0,0,0,0
C00939,Arjun,Kim,Netherlands,31.0,0,None,Unknown,2024-03-28,1,5550.0,0,0,0
C00940,Tom,Brown,India,34.0,0,None,Hotel Partner,2024-03-22,1,5150.0,0,0,0
C00941,Pooja,Brown,India,,1,Open Water,Referral,2024-03-31,1,14000.0,0,0,0
C00942,Emma,Kulkarni,India,29.0,0,Open Water,Website,2024-03-24,3,18100.0,1,0,0
C00943,Minjun,Kim,India,33.0,0,Rescue,Instagram,2024-03-24,1,7350.0,0,0,0
C00944,Priya,Gupta,France,40.0,0,None,Instagram,2024-03-29,1,5800.0,0,0,0
C00945,Noa,Kim,India,38.0,0,None,Walk-in,2024-03-31,1,5850.0,0,0,0
C00946,Yuki,Brown,United States,33.0,0,Open Water,Instagram,2024-03-23,2,26350.0,1,0,0
C00947,Noa,Gupta,India,47.0,0,None,Hotel Partner,2024-03-31,1,4850.0,0,0,0
C00948,Ishaan,Banerjee,India,46.0,0,Open Water,Walk-in,2024-03-25,1,11000.0,0,0,0
C00949,Marco,Park,Germany,43.0,0,Advanced,Walk-in,2024-03-30,1,3650.0,0,0,0
C00950,Pierre,Iyer,India,18.0,0,Open Water,Referral,2024-03-28,1,10200.0,0,0,0
C00951,Sophie,Jansen,India,15.0,0,Advanced,Walk-in,2024-03-29,1,7700.0,0,0,0
C00952,Neha,Chowdhury,India,29.0,0,Advanced,Instagram,2024-04-02,0,,0,0,0
C00953,Dmitri,Rao,India,32.0,0,Advanced,Referral,2024-04-02,1,7800.0,0,0,0
C00954,Sarah,Taylor,Russia,,1,Open Water,Walk-in,2024-03-26,1,11500.0,0,0,0
C00955,Ananya,Jansen,India,38.0,0,Open Water,Website,2024-03-27,1,7200.0,0,0,0
C00956,Rohan,Gupta,India,43.0,0,None,OTA,2024-03-24,1,4850.0,0,0,0
C00957,Rohan,Muller,India,55.0,0,Divemaster,Unknown,2024-03-26,1,3650.0,0,0,0
C00958,Pierre,Taylor,India,35.0,0,None,Website,2024-03-30,1,26050.0,0,1,0
C00959,Elena,Park,South Korea,21.0,0,None,OTA,2024-03-29,1,4800.0,0,0,0
C00960,Itai,Levi,Germany,38.0,0,Open Water,Unknown,2024-03-25,1,4000.0,0,0,0
C00961,Pooja,Menon,Germany,42.0,0,Rescue,Website,2024-03-31,1,11900.0,0,0,0
C00962,Rohan,Smith,South Korea,38.0,0,None,Website,2024-03-24,1,5200.0,0,0,0
C00963,Arjun,Chowdhury,India,28.0,0,None,Referral,2024-03-30,2,31950.0,1,1,1
C00964,Sneha,Banerjee,United States,35.0,0,Advanced,Website,2024-04-01,1,10800.0,0,0,0
C00965,Anouk,Bakker,Netherlands,28.0,0,Open Water,Walk-in,2024-04-01,1,7500.0,0,0,0
C00966,Anouk,Iyer,India,49.0,0,None,Hotel Partner,2024-03-24,1,4900.0,0,0,0
C00967,Hannah,Smith,France,36.0,0,Advanced,Hotel Partner,2024-03-29,1,7200.0,0,0,0
C00968,Tom,Ivanov,India,,1,None,Referral,2024-04-01,2,32650.0,1,1,0
C00969,Pooja,Rossi,Russia,,1,Open Water,Walk-in,2024-03-29,2,34800.0,1,1,1
C00970,Meera,Brown,India,33.0,0,None,Walk-in,2024-03-26,1,10600.0,0,0,0
C00971,Sophie,Iyer,Italy,,1,Advanced,Referral,2024-04-04,1,3650.0,0,0,0
C00972,Priya,Nair,India,29.0,0,None,Instagram,2024-03-28,1,27250.0,0,1,0
C00973,Marco,Chowdhury,Germany,,1,Rescue,Walk-in,2024-03-30,1,0.0,0,0,0
C00974,Sneha,Tanaka,United Kingdom,33.0,0,None,Referral,2024-04-02,2,16250.0,1,0,0
C00975,Neha,Tanaka,Germany,24.0,0,Open Water,Unknown,2024-03-28,1,4000.0,0,0,0
C00976,Camille,Petrova,United States,32.0,0,Advanced,Hotel Partner,2024-04-03,0,,0,0,0
C00977,Liam,Tanaka,India,28.0,0,Advanced,Walk-in,2024-04-01,1,15750.0,0,0,0
C00978,Dmitri,Sharma,India,42.0,0,None,Walk-in,2024-04-05,1,11700.0,0,0,0
C00979,James,Kulkarni,India,32.0,0,None,Unknown,2024-03-28,1,5800.0,0,0,0
C00980,Minjun,Jansen,United States,,1,Rescue,Referral,2024-04-02,1,3900.0,0,0,0
C00981,Yuki,Smith,India,46.0,0,Advanced,Website,2024-03-30,2,14350.0,1,0,0
C00982,Meera,Tanaka,India,28.0,0,Open Water,Instagram,2024-04-01,1,7300.0,0,0,0
C00983,Neha,Sharma,Japan,34.0,0,Open Water,Website,2024-04-06,1,10600.0,0,0,0
C00984,Camille,Rossi,France,38.0,0,Advanced,Walk-in,2024-04-02,1,11700.0,0,0,0
C00985,Ishaan,Cohen,India,22.0,0,Advanced,Walk-in,2024-04-05,3,48500.0,1,1,1
C00986,Pierre,Muller,Israel,29.0,0,None,Instagram,2024-03-31,1,5650.0,0,0,0
C00987,Hannah,Patel,United Kingdom,25.0,0,None,Website,2024-04-05,0,,0,0,0
C00988,Liam,Muller,India,29.0,0,None,Walk-in,2024-03-30,1,5150.0,0,0,0
C00989,Kavya,Petrova,United Kingdom,48.0,0,Advanced,Walk-in,2024-03-31,1,12200.0,0,0,0
C00990,Marco,Taylor,India,23.0,0,Open Water,Instagram,2024-03-29,1,7050.0,0,0,0
C00991,Rahul,Menon,Australia,45.0,0,None,Website,2024-04-05,0,,0,0,0
C00992,Priya,Desai,Australia,,1,Open Water,Website,2024-04-04,1,6850.0,0,0,0
C00993,Sophie,Kim,India,34.0,0,Open Water,Instagram,2024-04-05,1,3900.0,0,0,0
C00994,Emma,Cohen,India,35.0,0,Open Water,Walk-in,2024-04-03,2,40500.0,1,1,1
C00995,Yuki,Kulkarni,India,28.0,0,None,Referral,2024-04-08,1,5300.0,0,0,0
C00996,Elena,Wilson,India,12.0,0,None,OTA,2024-04-03,4,35100.0,1,1,1
C00997,Vikram,Nair,India,,1,Open Water,Instagram,2024-04-09,1,26200.0,0,1,0
C00998,Priya,Smith,Japan,21.0,0,Advanced,Instagram,2024-04-04,2,18850.0,1,0,0
C00999,Yuki,Cohen,India,35.0,0,None,Walk-in,2024-04-04,1,5950.0,0,0,0
C01000,Lukas,Taylor,India,41.0,0,None,Hotel Partner,2024-04-02,1,4800.0,0,0,0
C01001,Meera,Rao,United Kingdom,16.0,0,None,Walk-in,2024-04-06,1,5850.0,0,0,0
C01002,Chloe,Levi,United Kingdom,31.0,0,None,Website,2024-04-10,2,9850.0,1,0,0
C01003,Minjun,Cohen,India,52.0,0,None,OTA,2024-04-02,0,,0,0,0
C01004,Elena,Kulkarni,India,25.0,0,Open Water,Instagram,2024-04-06,1,8000.0,0,0,0
C01005,Kavya,Menon,Germany,51.0,0,None,Website,2024-04-03,1,5400.0,0,0,0
C01006,Liam,Park,South Korea,32.0,0,None,Unknown,2024-04-04,1,25900.0,0,1,0
C01007,Emma,Rossi,Russia,33.0,0,Advanced,OTA,2024-04-07,1,9350.0,0,0,0
C01008,Liam,Desai,United Kingdom,14.0,0,Open Water,Website,2024-04-08,1,10400.0,0,0,0
C01009,Karan,Menon,Italy,40.0,0,Advanced,OTA,2024-04-02,1,13150.0,0,0,0
C01010,Marco,Kulkarni,Netherlands,30.0,0,None,Website,2024-04-11,3,11200.0,1,0,0
C01011,Kavya,Wilson,India,30.0,0,Open Water,Referral,2024-04-11,1,14200.0,0,0,0
C01012,Hannah,Ivanov,India,45.0,0,None,Website,2024-04-03,2,9100.0,1,0,0
C01013,Elena,Rao,India,49.0,0,Rescue,OTA,2024-04-06,1,6450.0,0,0,0
C01014,Hannah,Sharma,United States,29.0,0,Advanced,Instagram,2024-04-07,3,51800.0,1,1,1
C01015,Elena,Rao,South Korea,35.0,0,None,Hotel Partner,2024-04-05,1,24250.0,0,1,0
C01016,Sophie,Cohen,India,27.0,0,Open Water,Walk-in,2024-04-07,1,12150.0,0,0,0
C01017,Lukas,Taylor,India,29.0,0,Advanced,Website,2024-04-09,1,3950.0,0,0,0
C01018,Dmitri,Dubois,India,42.0,0,Advanced,Website,2024-04-07,1,11450.0,0,0,0
C01019,Ananya,Banerjee,United Kingdom,12.0,0,None,Unknown,2024-04-12,1,5450.0,0,0,0
C01020,Elena,Wilson,India,36.0,0,None,Unknown,2024-04-03,2,17950.0,1,0,0
C01021,Pooja,Dubois,India,33.0,0,Open Water,Website,2024-04-13,1,13850.0,0,0,0
C01022,Sven,Desai,India,39.0,0,None,Website,2024-04-09,2,10950.0,1,0,0
C01023,Olga,Desai,Israel,18.0,0,Advanced,Instagram,2024-04-04,1,11300.0,0,0,0
C01024,Tom,Levi,South Korea,12.0,0,None,Walk-in,2024-04-09,1,5350.0,0,0,0
C01025,Chloe,Nair,Japan,15.0,0,Open Water,Instagram,2024-04-07,1,7800.0,0,0,0
C01026,Emma,Patel,India,21.0,0,None,Unknown,2024-04-06,1,5350.0,0,0,0
C01027,Noa,Petrova,France,35.0,0,Open Water,Website,2024-04-08,1,7750.0,0,0,0
C01028,Arjun,Sharma,United Kingdom,38.0,0,Open Water,Walk-in,2024-04-14,1,7150.0,0,0,0
C01029,Olga,Rao,Germany,38.0,0,None,Hotel Partner,2024-04-10,1,5050.0,0,0,0
C01030,Divya,Desai,India,22.0,0,None,Walk-in,2024-04-08,1,5150.0,0,0,0
C01031,Marco,Bakker,India,49.0,0,Advanced,Walk-in,2024-04-15,1,7100.0,0,0,0
C01032,Tom,Wilson,United Kingdom,22.0,0,Open Water,Website,2024-04-13,1,25900.0,0,1,0
C01033,Aditya,Patel,India,47.0,0,None,Website,2024-04-14,2,43250.0,1,1,1
C01034,Ravi,Desai,Russia,34.0,0,Open Water,Referral,2024-04-07,0,,0,0,0
C01035,Tom,Desai,India,29.0,0,Open Water,Unknown,2024-04-13,1,7250.0,0,0,0
C01036,Camille,Jansen,India,32.0,0,None,Unknown,2024-04-13,3,55000.0,1,1,0
C01037,Vikram,Cohen,India,35.0,0,Advanced,Unknown,2024-04-16,1,24500.0,0,1,0
C01038,Sarah,Muller,India,34.0,0,Advanced,Referral,2024-04-09,1,3650.0,0,0,0
C01039,Tom,OConnor,India,29.0,0,None,Instagram,2024-04-13,1,11400.0,0,0,0
C01040,Camille,Kulkarni,India,32.0,0,Open Water,Website,2024-04-15,2,17150.0,1,0,0
C01041,Pooja,Park,Germany,22.0,0,Open Water,Unknown,2024-04-14,1,7650.0,0,0,0
C01042,Sarah,Desai,India,36.0,0,Advanced,Walk-in,2024-04-14,1,14150.0,0,0,0
C01043,Pierre,Park,India,38.0,0,Open Water,Walk-in,2024-04-07,1,3700.0,0,0,0
C01044,Karan,Smith,United Kingdom,25.0,0,None,Walk-in,2024-04-10,1,10550.0,0,0,0
C01045,Tom,Park,India,,1,Advanced,Hotel Partner,2024-04-12,0,,0,0,0
C01046,Sophie,Muller,Russia,25.0,0,Open Water,Walk-in,2024-04-18,1,11100.0,0,0,0
C01047,Ananya,OConnor,India,32.0,0,None,Instagram,2024-04-08,0,,0,0,0
C01048,Meera,Kim,India,43.0,0,Open Water,Website,2024-04-17,1,3600.0,0,0,0
C01049,Siddharth,Rossi,India,22.0,0,Open Water,Website,2024-04-15,1,3650.0,0,0,0
C01050,Sophie,Cohen,Russia,47.0,0,Advanced,OTA,2024-04-16,1,8850.0,0,0,0
C01051,Dmitri,Levi,India,24.0,0,Open Water,Website,2024-04-09,1,27000.0,0,1,0
C01052,Sophie,Kulkarni,Japan,21.0,0,None,Referral,2024-04-17,2,15350.0,1,0,0
C01053,Divya,Dubois,United States,39.0,0,None,Website,2024-04-10,1,5550.0,0,0,0
C01054,Sven,Brown,India,29.0,0,None,Walk-in,2024-04-14,1,3950.0,0,0,0
C01055,Camille,Schmidt,India,27.0,0,Open Water,Website,2024-04-18,0,,0,0,0
C01056,Sarah,Menon,Netherlands,13.0,0,None,Instagram,2024-04-09,2,10650.0,1,0,0
C01057,Itai,Park,Netherlands,29.0,0,None,Website,2024-04-19,2,19550.0,1,0,0
C01058,Aarav,Schmidt,India,28.0,0,None,Website,2024-04-19,3,36500.0,1,1,1
C01059,Aarav,Wilson,Russia,45.0,0,None,OTA,2024-04-13,1,4550.0,0,0,0
C01060,Marco,Banerjee,India,39.0,0,None,Instagram,2024-04-14,2,56050.0,1,1,0
C01061,Rohan,Tanaka,India,36.0,0,Open Water,Walk-in,2024-04-12,1,7700.0,0,0,0
C01062,Kavya,Nair,Australia,23.0,0,Advanced,Referral,2024-04-14,3,24950.0,1,0,0
C01063,Dmitri,Kim,India,,1,None,Walk-in,2024-04-16,1,25700.0,0,1,0
C01064,Siddharth,Sharma,United Kingdom,35.0,0,Open Water,Walk-in,2024-04-10,1,3650.0,0,0,0
C01065,Marco,Brown,India,33.0,0,Advanced,Hotel Partner,2024-04-16,1,9650.0,0,0,0
C01066,Pierre,Muller,India,38.0,0,Open Water,Instagram,2024-04-12,3,46450.0,1,1,1
C01067,Liam,Brown,India,28.0,0,None,Unknown,2024-04-15,1,5700.0,0,0,0
C01068,Ishaan,Gupta,France,38.0,0,Advanced,Walk-in,2024-04-14,2,41350.0,1,1,1
C01069,Olga,Bakker,India,22.0,0,Open Water,Website,2024-04-11,1,13900.0,0,0,0
C01070,Chloe,Tanaka,Germany,34.0,0,Advanced,Referral,2024-04-15,1,7750.0,0,0,0
C01071,Divya,Banerjee,Israel,31.0,0,None,Referral,2024-04-19,1,24350.0,0,1,0
C01072,Camille,Patel,India,29.0,0,Advanced,Website,2024-04-14,1,24850.0,0,1,0
C01073,Siddharth,Banerjee,France,51.0,0,None,Website,2024-04-20,2,31800.0,1,1,0
C01074,Yuki,Wilson,India,33.0,0,None,Unknown,2024-04-13,1,11350.0,0,0,0
C01075,Minjun,Ivanov,India,28.0,0,Open Water,Walk-in,2024-04-13,1,3600.0,0,0,0
C01076,Olga,Iyer,India,29.0,0,None,Walk-in,2024-04-18,1,5350.0,0,0,0
C01077,Marco,Rossi,United Kingdom,36.0,0,None,Walk-in,2024-04-11,2,36550.0,1,1,1
C01078,Yuki,Kulkarni,India,35.0,0,None,Referral,2024-04-13,1,5200.0,0,0,0
C01079,Yuki,Sharma,Italy,26.0,0,Advanced,Unknown,2024-04-17,2,19150.0,1,0,0
C01080,Ananya,Gupta,France,41.0,0,None,Hotel Partner,2024-04-14,1,5100.0,0,0,0
C01081,Camille,Cohen,India,41.0,0,Advanced,Website,2024-04-18,1,11300.0,0,0,0
C01082,Yuki,Iyer,India,31.0,0,None,Walk-in,2024-04-18,0,,0,0,0
C01083,Siddharth,Tanaka,India,29.0,0,None,Walk-in,2024-04-21,1,5350.0,0,0,0
C01084,Aditya,Taylor,India,30.0,0,Open Water,Website,2024-04-18,1,3650.0,0,0,0
C01085,Anouk,Cohen,Netherlands,41.0,0,None,Walk-in,2024-04-17,2,9150.0,1,0,0
C01086,Sophie,Rossi,India,33.0,0,Open Water,Walk-in,2024-04-19,2,36950.0,1,1,0
C01087,Pierre,Nair,India,38.0,0,None,Referral,2024-04-14,1,25400.0,0,1,0
C01088,Rahul,Wilson,Australia,42.0,0,Advanced,OTA,2024-04-13,1,6400.0,0,0,0
C01089,Arjun,Banerjee,India,37.0,0,None,Hotel Partner,2024-04-17,2,8050.0,1,0,0
C01090,Lukas,Levi,India,33.0,0,Rescue,Referral,2024-04-16,2,35400.0,1,1,0
C01091,Noa,Kulkarni,United Kingdom,40.0,0,Advanced,Referral,2024-04-18,1,11600.0,0,0,0
C01092,Tom,Gupta,India,39.0,0,Advanced,Website,2024-04-16,3,19100.0,1,0,0
C01093,Aditya,Petrova,United Kingdom,36.0,0,Open Water,Website,2024-04-23,1,25300.0,0,1,0
C01094,Ravi,Patel,India,36.0,0,Open Water,Unknown,2024-04-18,1,23750.0,0,1,0
C01095,Ravi,Jansen,India,27.0,0,None,Referral,2024-04-14,0,,0,0,0
C01096,Camille,Banerjee,India,43.0,0,Open Water,Walk-in,2024-04-17,1,3550.0,0,0,0
C01097,Tom,Wilson,Italy,47.0,0,Advanced,OTA,2024-04-22,1,11850.0,0,0,0
C01098,Yuki,Smith,United States,47.0,0,Open Water,Website,2024-04-20,1,3450.0,0,0,0
C01099,Dmitri,Smith,India,29.0,0,Advanced,Hotel Partner,2024-04-19,2,13350.0,1,0,0
C01100,Siddharth,Cohen,India,22.0,0,Open Water,Hotel Partner,2024-04-20,1,3300.0,0,0,0
C01101,Dmitri,Wilson,France,31.0,0,Open Water,OTA,2024-04-21,1,3300.0,0,0,0
C01102,Lukas,Rao,India,31.0,0,None,Walk-in,2024-04-19,1,5600.0,0,0,0
C01103,Pooja,Petrova,Japan,38.0,0,None,Hotel Partner,2024-04-16,1,5250.0,0,0,0
C01104,Dmitri,Reddy,United Kingdom,37.0,0,Advanced,Hotel Partner,2024-04-16,1,7100.0,0,0,0
C01105,Tom,Kim,United Kingdom,12.0,0,Open Water,Unknown,2024-04-22,1,3850.0,0,0,0
C01106,Elena,Ivanov,India,38.0,0,Rescue,Instagram,2024-04-15,1,11050.0,0,0,0
C01107,James,Muller,India,37.0,0,None,Referral,2024-04-20,0,,0,0,0
C01108,Itai,Tanaka,United Kingdom,39.0,0,None,Referral,2024-04-17,1,9850.0,0,0,0
C01109,Hannah,Rossi,India,39.0,0,None,Instagram,2024-04-17,1,15450.0,0,0,0
C01110,Meera,Banerjee,India,36.0,0,None,Walk-in,2024-04-23,0,,0,0,0
C01111,Olga,Ivanov,India,25.0,0,None,Website,2024-04-22,1,5600.0,0,0,0
C01112,Aditya,Tanaka,United Kingdom,34.0,0,None,Referral,2024-04-17,1,5450.0,0,0,0
C01113,Karan,Muller,India,32.0,0,None,Walk-in,2024-04-17,1,26750.0,0,1,0
C01114,Elena,Ivanov,India,51.0,0,None,Website,2024-04-18,1,10050.0,0,0,0
C01115,Hannah,Gupta,Germany,35.0,0,Advanced,Walk-in,2024-04-16,1,11700.0,0,0,0
C01116,Aarav,Petrova,Netherlands,31.0,0,None,Website,2024-04-20,0,,0,0,0
C01117,Chloe,Tanaka,India,27.0,0,Open Water,Instagram,2024-04-19,1,4000.0,0,0,0
C01118,Siddharth,Ivanov,United Kingdom,30.0,0,None,Walk-in,2024-04-24,0,,0,0,0
C01119,Rohan,Menon,United Kingdom,35.0,0,None,Walk-in,2024-04-26,1,7600.0,0,0,0
C01120,Meera,Muller,Russia,28.0,0,None,OTA,2024-04-27,1,2850.0,0,0,0
C01121,Siddharth,Schmidt,Russia,20.0,0,None,Hotel Partner,2024-04-20,1,23200.0,0,1,0
C01122,Ravi,Jansen,India,43.0,0,Rescue,Walk-in,2024-04-22,2,7450.0,1,0,0
C01123,Lukas,Menon,India,34.0,0,None,Walk-in,2024-04-21,1,28400.0,0,1,0
C01124,Hannah,Gupta,India,42.0,0,Advanced,Website,2024-04-26,1,7700.0,0,0,0
C01125,Olga,OConnor,India,34.0,0,None,OTA,2024-04-26,1,4500.0,0,0,0
C01126,Aarav,Nair,United States,34.0,0,None,Referral,2024-04-23,1,5200.0,0,0,0
C01127,Minjun,Kulkarni,India,42.0,0,Open Water,Instagram,2024-04-28,1,7500.0,0,0,0
C01128,Kavya,Cohen,India,19.0,0,Advanced,Walk-in,2024-04-28,1,16000.0,0,0,0
C01129,Rohan,Cohen,India,30.0,0,Open Water,Website,2024-04-29,1,3950.0,0,0,0
C01130,Siddharth,Chowdhury,Japan,41.0,0,None,Unknown,2024-04-25,1,5100.0,0,0,0
C01131,Karan,Gupta,Japan,26.0,0,None,Hotel Partner,2024-04-20,0,,0,0,0
C01132,Anouk,Brown,France,34.0,0,None,Referral,2024-04-25,1,5600.0,0,0,0
C01133,Noa,Kim,Italy,38.0,0,Advanced,Website,2024-04-23,1,7400.0,0,0,0
C01134,Divya,OConnor,Germany,30.0,0,None,Walk-in,2024-04-22,1,7350.0,0,0,0
C01135,Priya,Smith,Israel,54.0,0,Open Water,Walk-in,2024-04-24,2,19600.0,1,0,0
C01136,Minjun,Bakker,India,,1,Open Water,OTA,2024-04-29,2,9050.0,1,0,0
C01137,Daniel,Kim,Russia,41.0,0,None,Website,2024-04-26,1,5700.0,0,0,0
C01138,Olga,Levi,India,47.0,0,None,Walk-in,2024-04-26,1,5300.0,0,0,0
C01139,Lukas,OConnor,India,39.0,0,Open Water,Walk-in,2024-04-25,1,3850.0,0,0,0
C01140,Sarah,Chowdhury,Germany,40.0,0,None,Instagram,2024-04-24,1,5300.0,0,0,0
C01141,Sarah,Park,India,45.0,0,Open Water,Referral,2024-04-27,2,15350.0,1,0,0
C01142,Ananya,Rossi,Russia,,1,Open Water,Website,2024-04-30,1,3650.0,0,0,0
C01143,Liam,Patel,Italy,18.0,0,None,Hotel Partner,2024-04-29,1,3650.0,0,0,0
C01144,Ananya,Petrova,India,22.0,0,None,Website,2024-04-28,1,5350.0,0,0,0
C01145,Itai,Muller,South Korea,17.0,0,None,Website,2024-04-25,1,7250.0,0,0,0
C01146,Sneha,Cohen,France,43.0,0,Open Water,Referral,2024-05-01,2,11000.0,1,0,0
C01147,Priya,Muller,India,37.0,0,None,Walk-in,2024-04-27,1,11300.0,0,0,0
C01148,James,Petrova,India,27.0,0,None,Website,2024-04-26,1,5000.0,0,0,0
C01149,Meera,Cohen,India,31.0,0,None,Website,2024-04-25,1,27200.0,0,1,0
C01150,Aarav,Sharma,India,45.0,0,Open Water,Referral,2024-04-29,2,18300.0,1,0,0
C01151,Rohan,Iyer,Israel,48.0,0,None,Walk-in,2024-04-24,1,28700.0,0,1,0
C01152,Camille,Desai,Germany,29.0,0,Advanced,Walk-in,2024-04-26,0,,0,0,0
C01153,Divya,Tanaka,United States,15.0,0,None,Website,2024-04-26,1,5400.0,0,0,0
C01154,Itai,Iyer,India,,1,None,Hotel Partner,2024-04-25,1,4900.0,0,0,0
C01155,Kavya,Jansen,India,28.0,0,Open Water,Website,2024-04-24,1,3500.0,0,0,0
C01156,Pierre,Cohen,United Kingdom,48.0,0,Rescue,Referral,2024-04-26,1,3600.0,0,0,0
C01157,Aarav,Iyer,India,29.0,0,Open Water,Hotel Partner,2024-04-25,1,9700.0,0,0,0
C01158,Ravi,Rossi,India,36.0,0,Open Water,Unknown,2024-04-30,0,,0,0,0
C01159,Aditya,Wilson,Netherlands,27.0,0,Open Water,Unknown,2024-05-01,2,32600.0,1,1,1
C01160,Vikram,Tanaka,United Kingdom,47.0,0,Advanced,Hotel Partner,2024-05-01,1,3450.0,0,0,0
C01161,Karan,Petrova,Netherlands,26.0,0,Advanced,Referral,2024-05-05,2,15150.0,1,0,0
C01162,Liam,Bakker,Russia,34.0,0,Open Water,OTA,2024-04-27,1,3150.0,0,0,0
C01163,Yuki,Iyer,India,36.0,0,None,Website,2024-04-27,1,5600.0,0,0,0
C01164,Sneha,Cohen,India,38.0,0,None,Website,2024-05-03,1,11150.0,0,0,0
C01165,James,Rossi,India,26.0,0,None,Hotel Partner,2024-05-06,2,28700.0,1,1,0
C01166,Minjun,Taylor,India,36.0,0,Advanced,Instagram,2024-05-06,1,10400.0,0,0,0
C01167,Rahul,Chowdhury,Israel,29.0,0,None,Referral,2024-04-28,1,5500.0,0,0,0
C01168,Minjun,Park,Israel,36.0,0,Advanced,Referral,2024-05-03,0,,0,0,0
C01169,Vikram,Taylor,United Kingdom,40.0,0,Advanced,Walk-in,2024-05-07,1,10650.0,0,0,0
C01170,Chloe,Cohen,Netherlands,45.0,0,Open Water,Website,2024-05-01,0,,0,0,0
C01171,Aditya,Patel,India,20.0,0,None,Walk-in,2024-04-28,1,5350.0,0,0,0
C01172,Rahul,Kulkarni,India,23.0,0,None,Website,2024-04-29,1,7300.0,0,0,0
C01173,Chloe,Rao,Germany,38.0,0,None,Referral,2024-04-29,2,9000.0,1,0,0
C01174,Daniel,Rossi,Russia,35.0,0,None,Website,2024-05-06,2,12050.0,1,0,0
C01175,Karan,Wilson,Japan,38.0,0,Rescue,Referral,2024-04-29,1,14450.0,0,0,0
C01176,Sneha,Ivanov,India,45.0,0,None,Referral,2024-05-07,2,37400.0,1,1,0
C01177,Divya,OConnor,India,48.0,0,Advanced,Hotel Partner,2024-04-30,3,31350.0,1,0,0
C01178,Daniel,Dubois,India,43.0,0,None,Website,2024-05-01,1,5000.0,0,0,0
C01179,Elena,Muller,India,34.0,0,Open Water,Referral,2024-05-02,2,28400.0,1,1,1
C01180,Noa,Smith,India,12.0,0,None,OTA,2024-04-29,2,8650.0,1,0,0
C01181,Rohan,Iyer,India,38.0,0,Open Water,Referral,2024-05-06,1,6750.0,0,0,0
C01182,Aditya,Jansen,India,27.0,0,Open Water,Website,2024-05-06,1,13950.0,0,0,0
C01183,Yuki,Reddy,Israel,12.0,0,None,Walk-in,2024-05-01,1,5100.0,0,0,0
C01184,Aditya,Jansen,India,40.0,0,None,OTA,2024-05-03,1,4650.0,0,0,0
C01185,Elena,Sharma,India,34.0,0,Open Water,Walk-in,2024-05-10,1,7900.0,0,0,0
C01186,Daniel,Rao,India,20.0,0,Open Water,Unknown,2024-05-03,1,11300.0,0,0,0
C01187,Siddharth,Iyer,Germany,43.0,0,Open Water,OTA,2024-05-10,1,9300.0,0,0,0
C01188,Lukas,Desai,United Kingdom,22.0,0,Advanced,Walk-in,2024-05-07,1,7900.0,0,0,0
C01189,James,Gupta,South Korea,24.0,0,None,Walk-in,2024-04-30,0,,0,0,0
C01190,Hannah,Patel,India,35.0,0,Advanced,Instagram,2024-05-05,1,3800.0,0,0,0
C01191,James,Iyer,India,44.0,0,Open Water,Website,2024-05-11,1,7500.0,0,0,0
C01192,Pierre,Rossi,Israel,19.0,0,Open Water,Hotel Partner,2024-05-05,1,6600.0,0,0,0
C01193,Minjun,Patel,Germany,23.0,0,None,Walk-in,2024-05-06,1,5300.0,0,0,0
C01194,Noa,Jansen,India,46.0,0,None,Hotel Partner,2024-05-04,1,5350.0,0,0,0
C01195,Hannah,Schmidt,France,35.0,0,Open Water,Walk-in,2024-05-11,0,,0,0,0
C01196,Liam,Petrova,Australia,26.0,0,Open Water,Hotel Partner,2024-05-09,1,7300.0,0,0,0
C01197,Sarah,Taylor,India,58.0,0,None,Walk-in,2024-05-10,0,,0,0,0
C01198,Elena,Gupta,India,44.0,0,None,Unknown,2024-05-04,0,,0,0,0
C01199,Sophie,Sharma,India,38.0,0,None,Referral,2024-05-04,1,5550.0,0,0,0
C01200,Anouk,Rossi,India,27.0,0,Advanced,Website,2024-05-10,0,,0,0,0
C01201,Daniel,Kulkarni,Germany,37.0,0,None,Instagram,2024-05-03,1,5450.0,0,0,0
C01202,Sarah,Patel,Israel,43.0,0,None,Website,2024-05-10,0,,0,0,0
C01203,Camille,Muller,India,46.0,0,Open Water,Website,2024-05-11,0,,0,0,0
C01204,Itai,Menon,France,42.0,0,None,Website,2024-05-08,0,,0,0,0
C01205,Divya,Smith,India,,1,None,Unknown,2024-05-08,2,14600.0,1,0,0
C01206,Kavya,Tanaka,Germany,28.0,0,None,Website,2024-05-08,0,,0,0,0
C01207,Emma,Banerjee,India,27.0,0,None,Hotel Partner,2024-05-06,1,26150.0,0,1,0
C01208,Meera,Schmidt,India,32.0,0,Open Water,Walk-in,2024-05-03,1,3850.0,0,0,0
C01209,Vikram,Levi,Australia,30.0,0,None,Instagram,2024-05-05,1,4950.0,0,0,0
C01210,Aarav,Chowdhury,India,21.0,0,Advanced,Walk-in,2024-05-14,1,3650.0,0,0,0
C01211,Chloe,Kim,Russia,30.0,0,None,Website,2024-05-09,2,14100.0,1,0,0
C01212,James,Reddy,South Korea,52.0,0,Open Water,Hotel Partner,2024-05-10,1,7250.0,0,0,0
C01213,Neha,Sharma,India,29.0,0,Open Water,Website,2024-05-14,1,7300.0,0,0,0
C01214,Liam,Cohen,India,38.0,0,Open Water,OTA,2024-05-05,1,2900.0,0,0,0
C01215,Anouk,OConnor,India,27.0,0,None,Walk-in,2024-05-12,2,42050.0,1,1,1
C01216,Chloe,Rao,Germany,28.0,0,Open Water,Unknown,2024-05-11,0,,0,0,0
C01217,Siddharth,Bakker,Israel,23.0,0,None,OTA,2024-05-15,0,,0,0,0
C01218,Dmitri,Ivanov,India,20.0,0,None,Referral,2024-05-08,1,5450.0,0,0,0
C01219,Priya,Wilson,India,18.0,0,None,Walk-in,2024-05-07,1,5750.0,0,0,0
C01220,Arjun,Petrova,India,,1,None,Walk-in,2024-05-11,1,10700.0,0,0,0
C01221,Lukas,Muller,India,41.0,0,None,Instagram,2024-05-08,1,5200.0,0,0,0
C01222,Pooja,Reddy,Russia,49.0,0,Advanced,Hotel Partner,2024-05-14,1,7250.0,0,0,0
C01223,Dmitri,Gupta,Germany,34.0,0,None,Unknown,2024-05-15,1,5450.0,0,0,0
C01224,Ananya,Nair,India,21.0,0,None,Website,2024-05-06,1,5300.0,0,0,0
C01225,Siddharth,Sharma,India,20.0,0,Open Water,Referral,2024-05-15,1,3750.0,0,0,0
C01226,Itai,Rao,India,29.0,0,Advanced,Walk-in,2024-05-14,2,31450.0,1,1,0
C01227,James,Smith,Netherlands,,1,None,Hotel Partner,2024-05-08,2,8800.0,1,0,0
C01228,Marco,Park,Germany,33.0,0,None,Website,2024-05-14,1,5100.0,0,0,0
C01229,Ravi,Banerjee,India,27.0,0,Open Water,Walk-in,2024-05-09,2,20050.0,1,0,0
C01230,Sarah,Jansen,India,31.0,0,Advanced,Unknown,2024-05-10,1,4050.0,0,0,0
C01231,Karan,Jansen,Israel,26.0,0,None,Walk-in,2024-05-12,3,27850.0,1,0,0
C01232,Rohan,Schmidt,India,30.0,0,None,Website,2024-05-17,1,5550.0,0,0,0
C01233,Elena,Bakker,India,46.0,0,Advanced,Website,2024-05-15,0,,0,0,0
C01234,Elena,Kim,Japan,22.0,0,None,Walk-in,2024-05-10,1,5900.0,0,0,0
C01235,Kavya,Dubois,India,32.0,0,None,Unknown,2024-05-17,1,11000.0,0,0,0
C01236,Ravi,Schmidt,India,29.0,0,None,Walk-in,2024-05-08,1,5800.0,0,0,0
C01237,Tom,Brown,India,24.0,0,None,Hotel Partner,2024-05-11,2,10050.0,1,0,0
C01238,Rahul,Iyer,Italy,37.0,0,None,Website,2024-05-11,0,,0,0,0
C01239,Daniel,Cohen,India,33.0,0,None,Website,2024-05-18,1,7650.0,0,0,0
C01240,Emma,Rossi,India,40.0,0,None,Website,2024-05-12,0,,0,0,0
C01241,Priya,OConnor,Israel,,1,Open Water,Unknown,2024-05-10,2,26300.0,1,0,0
C01242,Pierre,Iyer,India,37.0,0,None,Hotel Partner,2024-05-17,1,10350.0,0,0,0
C01243,Rahul,Rossi,United States,12.0,0,None,Hotel Partner,2024-05-09,2,9800.0,1,0,0
C01244,Pierre,Muller,Japan,,1,Open Water,Hotel Partner,2024-05-16,1,14450.0,0,0,0
C01245,Elena,Petrova,Russia,19.0,0,Advanced,Instagram,2024-05-15,1,15850.0,0,0,0
C01246,Pierre,Reddy,United States,23.0,0,Advanced,Instagram,2024-05-15,0,,0,0,0
C01247,Anouk,Desai,India,42.0,0,None,Unknown,2024-05-19,1,5900.0,0,0,0
C01248,Dmitri,Park,India,39.0,0,None,OTA,2024-05-12,0,,0,0,0
C01249,Aarav,Chowdhury,South Korea,30.0,0,None,Walk-in,2024-05-15,2,10450.0,1,0,0
C01250,Sophie,Chowdhury,India,36.0,0,None,Referral,2024-05-11,1,26400.0,0,1,0
C01251,Liam,Patel,India,34.0,0,None,Walk-in,2024-05-16,1,5350.0,0,0,0
C01252,Ishaan,Ivanov,India,30.0,0,None,Walk-in,2024-05-17,1,5000.0,0,0,0
C01253,Noa,Patel,Russia,27.0,0,None,Website,2024-05-15,1,28700.0,0,1,0
C01254,Ananya,Iyer,India,35.0,0,None,Referral,2024-05-12,1,10300.0,0,0,0
C01255,Camille,Wilson,Australia,38.0,0,Open Water,Website,2024-05-12,1,7550.0,0,0,0
C01256,James,Muller,Italy,37.0,0,Open Water,Walk-in,2024-05-19,1,3600.0,0,0,0
C01257,Tom,Wilson,Netherlands,32.0,0,Open Water,Referral,2024-05-17,1,0.0,0,0,0
C01258,Rahul,Brown,India,34.0,0,None,Referral,2024-05-16,0,,0,0,0
C01259,Marco,Kulkarni,India,26.0,0,Open Water,Instagram,2024-05-22,1,14600.0,0,0,0
C01260,Sophie,Patel,India,37.0,0,None,Walk-in,2024-05-20,2,10500.0,1,0,0
C01261,Neha,Cohen,Russia,39.0,0,None,Website,2024-05-18,1,5350.0,0,0,0
C01262,Karan,Nair,India,35.0,0,None,Website,2024-05-15,1,5350.0,0,0,0
C01263,Aditya,Rossi,India,40.0,0,None,Walk-in,2024-05-21,0,,0,0,0
C01264,Dmitri,Sharma,Australia,43.0,0,None,Instagram,2024-05-13,1,5350.0,0,0,0
C01265,Ananya,Rossi,India,35.0,0,None,Instagram,2024-05-17,1,10250.0,0,0,0
C01266,Sven,Gupta,Japan,36.0,0,Open Water,Referral,2024-05-15,2,18600.0,1,0,0
C01267,Aarav,Levi,India,32.0,0,Open Water,Unknown,2024-05-23,2,14650.0,1,0,0
C01268,Daniel,Kulkarni,India,31.0,0,Advanced,Walk-in,2024-05-21,1,3900.0,0,0,0
C01269,Tom,Menon,India,28.0,0,None,Walk-in,2024-05-23,1,5600.0,0,0,0
C01270,Ishaan,Petrova,India,,1,Open Water,Walk-in,2024-05-17,1,4050.0,0,0,0
C01271,Ravi,Bakker,India,25.0,0,Open Water,Walk-in,2024-05-14,1,3950.0,0,0,0
C01272,Kavya,Desai,India,43.0,0,None,Website,2024-05-19,1,10750.0,0,0,0
C01273,Sarah,Patel,India,30.0,0,None,Website,2024-05-17,2,30350.0,1,1,1
C01274,Kavya,Smith,India,48.0,0,Advanced,OTA,2024-05-16,2,36600.0,1,1,1
C01275,Dmitri,Kulkarni,India,15.0,0,Open Water,Website,2024-05-20,1,15750.0,0,0,0
C01276,Divya,Banerjee,India,50.0,0,Open Water,Instagram,2024-05-21,1,4000.0,0,0,0
C01277,Siddharth,Kim,Japan,50.0,0,None,Walk-in,2024-05-25,1,5300.0,0,0,0
C01278,Arjun,Iyer,France,21.0,0,None,Website,2024-05-15,4,33500.0,1,0,0
C01279,Kavya,Dubois,India,24.0,0,Open Water,Unknown,2024-05-15,2,23600.0,1,0,0
C01280,Daniel,Kim,Germany,36.0,0,Open Water,Walk-in,2024-05-24,1,3550.0,0,0,0
C01281,Marco,Jansen,India,31.0,0,Advanced,Referral,2024-05-25,1,15250.0,0,0,0
C01282,Karan,Nair,Germany,30.0,0,None,Referral,2024-05-20,1,10250.0,0,0,0
C01283,Dmitri,Iyer,India,24.0,0,None,Walk-in,2024-05-23,2,18300.0,1,0,0
C01284,Lukas,Petrova,United Kingdom,47.0,0,Open Water,Referral,2024-05-18,1,3650.0,0,0,0
C01285,Pierre,Chowdhury,Italy,35.0,0,None,Website,2024-05-26,2,36800.0,1,1,1
C01286,Aarav,Rossi,United Kingdom,38.0,0,Open Water,Referral,2024-05-26,1,6900.0,0,0,0
C01287,Siddharth,Kim,India,25.0,0,Advanced,Walk-in,2024-05-18,1,12250.0,0,0,0
C01288,Priya,Smith,India,33.0,0,Open Water,Hotel Partner,2024-05-28,1,25600.0,0,1,0
C01289,Pooja,Schmidt,India,,1,Advanced,Hotel Partner,2024-05-25,1,3450.0,0,0,0
C01290,Elena,Rossi,India,40.0,0,Open Water,Walk-in,2024-05-26,1,3700.0,0,0,0
C01291,Rohan,Levi,India,29.0,0,Open Water,Referral,2024-05-21,1,3500.0,0,0,0
C01292,Noa,Kim,India,12.0,0,Rescue,Instagram,2024-05-24,1,7250.0,0,0,0
C01293,Divya,Patel,India,,1,Advanced,Hotel Partner,2024-05-24,2,10050.0,1,0,0
C01294,Chloe,Kulkarni,France,43.0,0,None,Unknown,2024-05-23,2,32100.0,1,1,0
C01295,Hannah,Sharma,India,41.0,0,Advanced,Website,2024-05-20,2,20400.0,1,0,0
C01296,Rahul,Tanaka,Netherlands,35.0,0,Open Water,Walk-in,2024-05-26,1,3700.0,0,0,0
C01297,Meera,Petrova,Germany,40.0,0,None,Instagram,2024-05-20,1,5650.0,0,0,0
C01298,Meera,Tanaka,India,47.0,0,Advanced,Referral,2024-05-24,0,,0,0,0
C01299,Tom,Schmidt,India,16.0,0,None,Unknown,2024-05-20,2,13000.0,1,0,0
C01300,Ishaan,Nair,India,36.0,0,None,Website,2024-05-24,2,8850.0,1,0,0
C01301,Kavya,Sharma,India,39.0,0,None,Hotel Partner,2024-05-25,1,5250.0,0,0,0
C01302,Marco,Wilson,United States,27.0,0,None,Website,2024-05-29,0,,0,0,0
C01303,Yuki,Ivanov,Germany,36.0,0,Open Water,Instagram,2024-05-22,1,26150.0,0,1,0
C01304,Tom,Chowdhury,Russia,29.0,0,Advanced,Walk-in,2024-05-28,1,4050.0,0,0,0
C01305,Sophie,Kulkarni,India,19.0,0,None,Referral,2024-05-20,2,16550.0,1,0,0
C01306,Chloe,Patel,India,37.0,0,None,Walk-in,2024-05-25,0,,0,0,0
C01307,Meera,Muller,India,28.0,0,Advanced,Unknown,2024-05-30,0,,0,0,0
C01308,Pooja,Kim,Israel,34.0,0,Open Water,Unknown,2024-05-25,1,10300.0,0,0,0
C01309,Yuki,Chowdhury,Australia,50.0,0,None,Referral,2024-05-30,0,,0,0,0
C01310,Divya,Brown,India,15.0,0,Advanced,Walk-in,2024-05-29,0,,0,0,0
C01311,Ananya,Tanaka,India,39.0,0,Open Water,OTA,2024-05-29,0,,0,0,0
C01312,Ravi,Schmidt,India,37.0,0,None,Unknown,2024-06-02,1,3450.0,0,0,0
C01313,Emma,Jansen,India,36.0,0,Open Water,Referral,2024-06-05,0,,0,0,0
C01314,Pooja,OConnor,India,43.0,0,Advanced,Instagram,2024-06-09,1,27950.0,0,1,0
C01315,Daniel,Kulkarni,India,25.0,0,Advanced,Instagram,2024-06-03,1,6750.0,0,0,0
C01316,Camille,Iyer,India,27.0,0,Open Water,Website,2024-06-07,0,,0,0,0
C01317,Meera,Bakker,India,32.0,0,None,Walk-in,2024-06-10,0,,0,0,0
C01318,Divya,Brown,Germany,50.0,0,None,Instagram,2024-06-05,0,,0,0,0
C01319,Tom,Schmidt,India,33.0,0,Advanced,Walk-in,2024-06-07,1,11000.0,0,0,0
C01320,Aarav,Ivanov,India,44.0,0,None,Referral,2024-09-17,0,,0,0,0
C01321,Itai,Ivanov,India,33.0,0,Advanced,Walk-in,2024-09-09,1,7000.0,0,0,0
C01322,Dmitri,Tanaka,India,42.0,0,Open Water,OTA,2024-09-13,0,,0,0,0
C01323,Elena,Patel,South Korea,42.0,0,None,OTA,2024-09-19,0,,0,0,0
C01324,Dmitri,Smith,India,52.0,0,None,Walk-in,2024-09-19,1,10350.0,0,0,0
C01325,Sven,Levi,Germany,,1,None,Referral,2024-09-13,0,,0,0,0
C01326,Sven,Banerjee,India,17.0,0,Rescue,Unknown,2024-09-13,1,23800.0,0,1,0
C01327,Lukas,Iyer,India,29.0,0,None,OTA,2024-09-16,0,,0,0,0
C01328,Noa,Desai,France,44.0,0,Open Water,Website,2024-09-15,1,25650.0,0,1,0
C01329,Dmitri,Rao,India,25.0,0,Open Water,Unknown,2024-09-17,1,10550.0,0,0,0
C01330,Olga,Park,Germany,24.0,0,None,Walk-in,2024-09-28,2,10550.0,1,0,0
C01331,Yuki,Patel,India,25.0,0,None,Website,2024-09-22,0,,0,0,0
C01332,Liam,Ivanov,United States,47.0,0,Rescue,Referral,2024-09-24,1,3450.0,0,0,0
C01333,Emma,Smith,Australia,27.0,0,None,Unknown,2024-09-25,0,,0,0,0
C01334,Daniel,Dubois,Italy,33.0,0,Advanced,Instagram,2024-09-22,0,,0,0,0
C01335,Sophie,Desai,Italy,55.0,0,None,OTA,2024-09-23,0,,0,0,0
C01336,Lukas,Taylor,Germany,19.0,0,None,OTA,2024-09-28,1,4750.0,0,0,0
C01337,Kavya,Chowdhury,South Korea,39.0,0,Open Water,OTA,2024-09-27,1,3100.0,0,0,0
C01338,Ravi,Patel,United Kingdom,36.0,0,Open Water,Website,2024-09-25,1,6750.0,0,0,0
C01339,Ishaan,Reddy,India,39.0,0,Open Water,Walk-in,2024-09-28,2,21400.0,1,0,0
C01340,Sophie,Gupta,India,31.0,0,Open Water,Unknown,2024-09-26,0,,0,0,0
C01341,Meera,Sharma,France,31.0,0,None,Website,2024-09-23,1,5500.0,0,0,0
C01342,Rahul,Wilson,Israel,43.0,0,Open Water,Instagram,2024-09-25,1,3750.0,0,0,0
C01343,Arjun,Patel,India,22.0,0,Open Water,Walk-in,2024-09-26,2,14850.0,1,0,0
C01344,James,Desai,India,23.0,0,None,Hotel Partner,2024-09-30,1,4600.0,0,0,0
C01345,Liam,Rao,India,,1,Open Water,Referral,2024-09-26,2,30150.0,1,0,0
C01346,Daniel,Menon,Russia,36.0,0,Open Water,Unknown,2024-09-22,0,,0,0,0
C01347,Ananya,Banerjee,South Korea,31.0,0,None,Website,2024-09-26,1,5400.0,0,0,0
C01348,Ravi,Cohen,Germany,,1,Open Water,OTA,2024-10-02,0,,0,0,0
C01349,Divya,Banerjee,Netherlands,13.0,0,None,Unknown,2024-10-03,0,,0,0,0
C01350,Priya,Rossi,India,31.0,0,Open Water,Walk-in,2024-09-29,2,31000.0,1,1,1
C01351,Vikram,Ivanov,United States,23.0,0,Advanced,Walk-in,2024-10-01,2,8000.0,1,0,0
C01352,Priya,Ivanov,India,16.0,0,Open Water,OTA,2024-10-03,0,,0,0,0
C01353,Karan,Smith,United Kingdom,17.0,0,None,Hotel Partner,2024-09-27,1,22850.0,0,1,0
C01354,Olga,Wilson,United States,,1,Open Water,Walk-in,2024-09-24,1,3950.0,0,0,0
C01355,Neha,Iyer,United States,23.0,0,None,Walk-in,2024-10-03,1,5250.0,0,0,0
C01356,Ananya,Jansen,Japan,43.0,0,None,OTA,2024-10-01,1,9350.0,0,0,0
C01357,Divya,Menon,South Korea,39.0,0,Advanced,Referral,2024-09-27,2,10550.0,1,0,0
C01358,James,Petrova,Netherlands,25.0,0,None,Unknown,2024-09-24,1,10750.0,0,0,0
C01359,Sven,Reddy,India,47.0,0,None,OTA,2024-10-04,1,8300.0,0,0,0
C01360,Minjun,Kim,South Korea,39.0,0,Open Water,Website,2024-09-25,1,10100.0,0,0,0
C01361,Minjun,Rao,Russia,44.0,0,None,OTA,2024-09-27,0,,0,0,0
C01362,Camille,Ivanov,India,17.0,0,Open Water,Instagram,2024-10-02,1,25750.0,0,1,0
C01363,Liam,Menon,India,46.0,0,None,OTA,2024-09-25,1,4400.0,0,0,0
C01364,Kavya,Ivanov,United States,60.0,0,Open Water,Walk-in,2024-10-01,0,,0,0,0
C01365,Neha,Schmidt,India,35.0,0,Open Water,Website,2024-10-05,2,28200.0,1,1,1
C01366,Meera,Brown,India,41.0,0,Advanced,Website,2024-10-02,0,,0,0,0
C01367,Pierre,Schmidt,India,30.0,0,Open Water,Referral,2024-10-04,0,,0,0,0
C01368,Itai,Brown,India,27.0,0,Open Water,OTA,2024-10-02,1,3150.0,0,0,0
C01369,James,Gupta,India,33.0,0,Open Water,Instagram,2024-10-03,1,3800.0,0,0,0
C01370,Elena,Rao,India,17.0,0,None,Hotel Partner,2024-09-28,1,5050.0,0,0,0
C01371,Noa,Sharma,India,33.0,0,Open Water,Walk-in,2024-10-01,1,15900.0,0,0,0
C01372,Itai,Rao,Russia,20.0,0,None,Walk-in,2024-10-05,0,,0,0,0
C01373,Meera,Desai,Russia,19.0,0,None,Website,2024-09-28,1,5500.0,0,0,0
C01374,Hannah,Muller,Netherlands,41.0,0,Advanced,Referral,2024-09-27,0,,0,0,0
C01375,Divya,Schmidt,United Kingdom,,1,Open Water,Walk-in,2024-10-01,1,10750.0,0,0,0
C01376,Anouk,Rossi,United Kingdom,39.0,0,None,Walk-in,2024-09-28,1,5750.0,0,0,0
C01377,Kavya,Taylor,India,40.0,0,Advanced,Website,2024-09-30,1,7200.0,0,0,0
C01378,Pierre,Cohen,India,46.0,0,None,Instagram,2024-10-03,2,15100.0,1,0,0
C01379,Yuki,Rao,Italy,37.0,0,Advanced,Unknown,2024-10-06,0,,0,0,0
C01380,Minjun,Nair,India,38.0,0,None,Website,2024-10-02,0,,0,0,0
C01381,Yuki,Nair,South Korea,29.0,0,None,Unknown,2024-10-04,0,,0,0,0
C01382,Minjun,Tanaka,Italy,34.0,0,Advanced,Walk-in,2024-10-05,2,10800.0,1,0,0
C01383,Karan,Patel,India,36.0,0,Open Water,Walk-in,2024-09-29,0,,0,0,0
C01384,Aditya,Levi,Germany,28.0,0,Open Water,Walk-in,2024-09-30,1,3900.0,0,0,0
C01385,Ananya,Iyer,Australia,40.0,0,Open Water,Referral,2024-10-04,1,3250.0,0,0,0
C01386,Sarah,OConnor,France,21.0,0,Open Water,OTA,2024-10-08,1,20500.0,0,1,0
C01387,Sarah,OConnor,Netherlands,52.0,0,None,Website,2024-10-02,4,44300.0,1,1,1
C01388,Siddharth,Cohen,Netherlands,33.0,0,None,OTA,2024-10-03,1,4100.0,0,0,0
C01389,Noa,Banerjee,India,52.0,0,None,Website,2024-10-06,1,4950.0,0,0,0
C01390,Camille,Rao,India,21.0,0,None,Walk-in,2024-10-09,1,10950.0,0,0,0
C01391,Emma,Kim,United States,52.0,0,Open Water,OTA,2024-10-03,1,6400.0,0,0,0
C01392,Daniel,Petrova,Israel,14.0,0,Open Water,OTA,2024-10-09,1,22850.0,0,1,0
C01393,Hannah,Gupta,United States,30.0,0,None,Instagram,2024-10-10,1,5300.0,0,0,0
C01394,Hannah,Sharma,India,24.0,0,None,Website,2024-10-09,1,5200.0,0,0,0
C01395,Dmitri,Schmidt,India,21.0,0,Open Water,Hotel Partner,2024-10-02,1,10250.0,0,0,0
C01396,Camille,Park,India,57.0,0,Open Water,Walk-in,2024-10-03,2,11750.0,1,0,0
C01397,Pierre,Wilson,Russia,28.0,0,Open Water,Walk-in,2024-10-09,1,7150.0,0,0,0
C01398,Sneha,Kulkarni,India,,1,None,Referral,2024-10-08,1,24900.0,0,1,0
C01399,Aditya,Schmidt,France,25.0,0,Advanced,Walk-in,2024-10-02,1,7150.0,0,0,0
C01400,Divya,Dubois,India,28.0,0,Advanced,Referral,2024-10-05,1,3450.0,0,0,0
C01401,Camille,Wilson,Italy,38.0,0,Open Water,OTA,2024-10-04,1,8750.0,0,0,0
C01402,Pierre,Park,India,30.0,0,None,Unknown,2024-10-10,1,28950.0,0,1,0
C01403,Aditya,Levi,India,28.0,0,None,OTA,2024-10-09,1,23750.0,0,1,0
C01404,Neha,Desai,India,24.0,0,None,OTA,2024-10-05,1,4150.0,0,0,0
C01405,Anouk,Brown,India,20.0,0,None,OTA,2024-10-10,1,3200.0,0,0,0
C01406,Pierre,Banerjee,United Kingdom,38.0,0,Advanced,Website,2024-10-06,1,3800.0,0,0,0
C01407,Tom,Reddy,India,21.0,0,Open Water,OTA,2024-10-05,1,6150.0,0,0,0
C01408,Siddharth,Kulkarni,Italy,,1,Advanced,Walk-in,2024-10-06,2,11450.0,1,0,0
C01409,Rahul,Cohen,India,34.0,0,None,Referral,2024-10-06,1,11350.0,0,0,0
C01410,Sarah,Muller,India,42.0,0,None,Website,2024-10-04,1,5450.0,0,0,0
C01411,Elena,Rao,India,22.0,0,Rescue,Walk-in,2024-10-06,0,,0,0,0
C01412,Tom,Smith,India,36.0,0,None,Website,2024-10-02,1,5150.0,0,0,0
C01413,Sneha,Desai,United Kingdom,29.0,0,None,OTA,2024-10-05,2,11700.0,1,0,0
C01414,Sophie,Levi,India,42.0,0,None,Hotel Partner,2024-10-08,1,4900.0,0,0,0
C01415,Chloe,Muller,India,24.0,0,Open Water,Walk-in,2024-10-10,1,27200.0,0,1,0
C01416,Daniel,Chowdhury,Japan,39.0,0,Open Water,Referral,2024-10-12,2,21300.0,1,0,0
C01417,Noa,Tanaka,India,37.0,0,None,Website,2024-10-05,1,4900.0,0,0,0
C01418,Itai,Nair,Russia,24.0,0,Advanced,OTA,2024-10-11,0,,0,0,0
C01419,Liam,Levi,India,27.0,0,None,Referral,2024-10-05,2,30300.0,1,1,0
C01420,Itai,Patel,India,33.0,0,Open Water,Instagram,2024-10-09,1,3450.0,0,0,0
C01421,James,Smith,Australia,42.0,0,None,Hotel Partner,2024-10-10,1,9000.0,0,0,0
C01422,Ishaan,Gupta,India,44.0,0,Open Water,OTA,2024-10-06,1,12850.0,0,0,0
C01423,Olga,Kim,India,42.0,0,Open Water,Hotel Partner,2024-10-07,1,23300.0,0,1,0
C01424,James,Cohen,India,41.0,0,None,Referral,2024-10-09,1,4850.0,0,0,0
C01425,Priya,Rao,India,31.0,0,Open Water,Walk-in,2024-10-03,1,7450.0,0,0,0
C01426,Emma,Bakker,India,,1,None,Instagram,2024-10-09,0,,0,0,0
C01427,Divya,Bakker,India,51.0,0,None,OTA,2024-10-08,0,,0,0,0
C01428,Elena,Banerjee,India,44.0,0,Open Water,Website,2024-10-08,1,3750.0,0,0,0
C01429,Ravi,Iyer,United States,30.0,0,Advanced,Walk-in,2024-10-06,1,3900.0,0,0,0
C01430,Liam,Nair,Germany,22.0,0,Advanced,Instagram,2024-10-07,2,18350.0,1,0,0
C01431,Marco,Petrova,India,39.0,0,None,Referral,2024-10-06,0,,0,0,0
C01432,Sneha,Iyer,United Kingdom,39.0,0,Open Water,Website,2024-10-12,1,6950.0,0,0,0
C01433,Hannah,Petrova,India,32.0,0,Open Water,Referral,2024-10-05,2,26300.0,1,0,0
C01434,Ravi,Cohen,United States,35.0,0,Advanced,Unknown,2024-10-11,1,3050.0,0,0,0
C01435,Sarah,Jansen,India,39.0,0,None,Referral,2024-10-06,1,4750.0,0,0,0
C01436,Liam,Muller,India,20.0,0,None,Walk-in,2024-10-07,0,,0,0,0
C01437,James,OConnor,India,44.0,0,Open Water,OTA,2024-10-11,1,2900.0,0,0,0
C01438,Vikram,Menon,Germany,,1,Open Water,Walk-in,2024-10-05,1,3800.0,0,0,0
C01439,Vikram,Sharma,India,35.0,0,Advanced,OTA,2024-10-09,1,21650.0,0,1,0
C01440,Rohan,Patel,India,41.0,0,Open Water,Website,2024-10-13,0,,0,0,0
C01441,James,Kulkarni,India,44.0,0,Open Water,Walk-in,2024-10-11,1,3700.0,0,0,0
C01442,Itai,Patel,United States,31.0,0,None,Referral,2024-10-08,2,37500.0,1,1,1
C01443,Emma,Park,Australia,19.0,0,None,OTA,2024-10-11,3,13100.0,1,0,0
C01444,Sneha,Sharma,India,37.0,0,Open Water,Website,2024-10-16,0,,0,0,0
C01445,Meera,Iyer,India,28.0,0,None,Instagram,2024-10-08,1,10500.0,0,0,0
C01446,Divya,Chowdhury,India,38.0,0,Advanced,Website,2024-10-09,1,7300.0,0,0,0
C01447,Arjun,Levi,United States,44.0,0,Advanced,Referral,2024-10-12,1,3400.0,0,0,0
C01448,Ishaan,Ivanov,India,44.0,0,None,Website,2024-10-17,2,19700.0,1,0,0
C01449,Divya,Chowdhury,South Korea,29.0,0,None,OTA,2024-10-15,2,15200.0,1,0,0
C01450,Ishaan,Smith,India,40.0,0,None,Website,2024-10-16,1,6750.0,0,0,0
C01451,Noa,Kulkarni,India,,1,Advanced,Walk-in,2024-10-08,1,7250.0,0,0,0
C01452,Elena,Wilson,India,41.0,0,Open Water,Referral,2024-10-18,1,7000.0,0,0,0
C01453,Rahul,Taylor,Australia,32.0,0,None,Referral,2024-10-09,0,,0,0,0
C01454,Sarah,Iyer,India,,1,Open Water,Website,2024-10-09,1,13400.0,0,0,0
C01455,Olga,Patel,Italy,30.0,0,Open Water,Hotel Partner,2024-10-14,1,9500.0,0,0,0
C01456,Dmitri,Cohen,Netherlands,,1,Open Water,Walk-in,2024-10-11,1,7950.0,0,0,0
C01457,Sophie,Jansen,Israel,41.0,0,Open Water,Referral,2024-10-10,1,10200.0,0,0,0
C01458,Aditya,Desai,United Kingdom,20.0,0,None,Website,2024-10-19,1,4950.0,0,0,0
C01459,Neha,Cohen,Netherlands,38.0,0,None,OTA,2024-10-11,2,44500.0,1,1,0
C01460,Arjun,Kulkarni,India,48.0,0,Open Water,Walk-in,2024-10-11,1,3950.0,0,0,0
C01461,Chloe,Smith,India,36.0,0,None,OTA,2024-10-19,0,,0,0,0
C01462,Olga,Rossi,Netherlands,39.0,0,Open Water,OTA,2024-10-15,0,,0,0,0
C01463,Marco,Iyer,Netherlands,33.0,0,None,OTA,2024-10-16,1,8600.0,0,0,0
C01464,Ananya,Petrova,India,33.0,0,Open Water,OTA,2024-10-17,1,9650.0,0,0,0
C01465,James,Bakker,Germany,,1,None,OTA,2024-10-12,1,4650.0,0,0,0
C01466,Daniel,Smith,India,28.0,0,Divemaster,Website,2024-10-15,1,7750.0,0,0,0
C01467,Vikram,Rossi,South Korea,42.0,0,None,Website,2024-10-10,1,5500.0,0,0,0
C01468,Itai,Banerjee,India,22.0,0,Open Water,Referral,2024-10-20,1,14900.0,0,0,0
C01469,Pierre,Smith,United Kingdom,44.0,0,Open Water,Website,2024-10-11,1,6750.0,0,0,0
C01470,Vikram,Bakker,India,26.0,0,Open Water,OTA,2024-10-20,0,,0,0,0
C01471,Pooja,Muller,India,38.0,0,Open Water,OTA,2024-10-21,0,,0,0,0
C01472,Ananya,Reddy,India,29.0,0,None,Hotel Partner,2024-10-19,0,,0,0,0
C01473,Yuki,Gupta,Germany,36.0,0,None,Walk-in,2024-10-21,1,5150.0,0,0,0
C01474,Sneha,Levi,United Kingdom,38.0,0,None,OTA,2024-10-21,1,4100.0,0,0,0
C01475,Tom,Petrova,India,40.0,0,Open Water,OTA,2024-10-12,0,,0,0,0
C01476,Sarah,Schmidt,Germany,23.0,0,None,Referral,2024-10-22,1,4750.0,0,0,0
C01477,Pooja,Chowdhury,Israel,54.0,0,None,Instagram,2024-10-19,2,12650.0,1,0,0
C01478,Lukas,OConnor,Germany,32.0,0,None,OTA,2024-10-21,0,,0,0,0
C01479,Rahul,Levi,Russia,28.0,0,Advanced,Instagram,2024-10-20,1,7850.0,0,0,0
C01480,Hannah,Brown,India,54.0,0,None,Instagram,2024-10-23,0,,0,0,0
C01481,Liam,Reddy,India,27.0,0,Advanced,Walk-in,2024-10-19,1,3550.0,0,0,0
C01482,Sarah,Jansen,India,31.0,0,Open Water,Walk-in,2024-10-23,1,15300.0,0,0,0
C01483,Tom,Desai,Germany,34.0,0,None,Instagram,2024-10-15,1,28000.0,0,1,0
C01484,Elena,Cohen,Israel,32.0,0,Open Water,OTA,2024-10-14,0,,0,0,0
C01485,Elena,Ivanov,India,46.0,0,Advanced,Unknown,2024-10-15,2,14050.0,1,0,0
C01486,Ananya,Bakker,Germany,37.0,0,Advanced,Website,2024-10-19,1,13700.0,0,0,0
C01487,Emma,Menon,India,36.0,0,Open Water,OTA,2024-10-20,0,,0,0,0
C01488,Emma,Gupta,Germany,22.0,0,None,Unknown,2024-10-20,0,,0,0,0
C01489,Priya,Muller,Australia,51.0,0,None,OTA,2024-10-23,1,4300.0,0,0,0
C01490,Emma,Kulkarni,Russia,,1,None,Referral,2024-10-13,1,14100.0,0,0,0
C01491,Emma,Petrova,India,43.0,0,Divemaster,Walk-in,2024-10-19,1,3500.0,0,0,0
C01492,Pierre,Jansen,India,38.0,0,None,Hotel Partner,2024-10-18,0,,0,0,0
C01493,Aarav,Muller,Russia,39.0,0,None,Unknown,2024-10-17,1,5650.0,0,0,0
C01494,Olga,Patel,India,30.0,0,None,OTA,2024-10-21,1,4450.0,0,0,0
C01495,Karan,Banerjee,Russia,36.0,0,None,Walk-in,2024-10-20,1,5350.0,0,0,0
C01496,Siddharth,Tanaka,India,26.0,0,Open Water,Instagram,2024-10-22,2,17900.0,1,0,0
C01497,Yuki,Ivanov,India,36.0,0,None,Website,2024-10-22,1,27350.0,0,1,0
C01498,Lukas,Banerjee,Netherlands,24.0,0,Open Water,OTA,2024-10-20,2,20600.0,1,0,0
C01499,Chloe,Kulkarni,India,23.0,0,Open Water,Walk-in,2024-10-21,1,26050.0,0,1,0
C01500,Hannah,Ivanov,India,31.0,0,Open Water,Referral,2024-10-22,1,27300.0,0,1,0
C01501,Aarav,Rossi,Netherlands,29.0,0,Advanced,Website,2024-10-18,1,10050.0,0,0,0
C01502,Sarah,Banerjee,Italy,30.0,0,None,Website,2024-10-26,1,4950.0,0,0,0
C01503,Divya,Rossi,India,,1,Divemaster,Instagram,2024-10-20,0,,0,0,0
C01504,Vikram,Dubois,Germany,21.0,0,Rescue,Instagram,2024-10-19,2,22550.0,1,0,0
C01505,Aditya,Park,India,50.0,0,None,Walk-in,2024-10-21,2,10700.0,1,0,0
C01506,Meera,Chowdhury,France,29.0,0,Open Water,OTA,2024-10-24,0,,0,0,0
C01507,Sophie,Kim,India,49.0,0,None,Unknown,2024-10-16,1,5200.0,0,0,0
C01508,Priya,Muller,Italy,35.0,0,None,OTA,2024-10-26,1,22550.0,0,1,0
C01509,James,Rao,India,33.0,0,None,Website,2024-10-19,3,17450.0,1,0,0
C01510,Ananya,Muller,India,35.0,0,Rescue,Walk-in,2024-10-24,1,3900.0,0,0,0
C01511,Divya,Kulkarni,India,,1,None,OTA,2024-10-21,1,4400.0,0,0,0
C01512,Sophie,Dubois,Russia,30.0,0,Open Water,Instagram,2024-10-17,1,11350.0,0,0,0
C01513,Yuki,Chowdhury,India,23.0,0,Open Water,Website,2024-10-17,1,6800.0,0,0,0
C01514,Divya,Cohen,United States,30.0,0,Open Water,Website,2024-10-21,2,14500.0,1,0,0
C01515,Ananya,Jansen,India,39.0,0,None,Unknown,2024-10-17,1,5500.0,0,0,0
C01516,Chloe,Desai,Australia,31.0,0,None,Instagram,2024-10-23,0,,0,0,0
C01517,Dmitri,Rossi,India,32.0,0,None,Website,2024-10-24,1,3750.0,0,0,0
C01518,Itai,Gupta,India,33.0,0,None,Instagram,2024-10-23,0,,0,0,0
C01519,Minjun,Brown,Russia,16.0,0,Open Water,Walk-in,2024-10-25,2,35100.0,1,1,0
C01520,Itai,Cohen,India,25.0,0,None,Hotel Partner,2024-10-26,1,4700.0,0,0,0
C01521,Karan,Chowdhury,India,19.0,0,None,Unknown,2024-10-26,0,,0,0,0
C01522,Divya,Jansen,India,30.0,0,None,Referral,2024-10-23,1,3500.0,0,0,0
C01523,Sophie,Chowdhury,India,36.0,0,None,Referral,2024-10-27,0,,0,0,0
C01524,Elena,Smith,Italy,24.0,0,None,Walk-in,2024-10-26,1,5650.0,0,0,0
C01525,Karan,Cohen,Germany,38.0,0,Open Water,OTA,2024-10-26,1,2900.0,0,0,0
C01526,Sneha,Rossi,India,14.0,0,Open Water,OTA,2024-10-27,1,9800.0,0,0,0
C01527,Pooja,Patel,India,45.0,0,Open Water,OTA,2024-10-29,1,12550.0,0,0,0
C01528,Karan,Menon,India,32.0,0,Open Water,Walk-in,2024-10-24,1,7550.0,0,0,0
C01529,Ananya,Levi,India,47.0,0,None,Referral,2024-10-23,0,,0,0,0
C01530,Chloe,Sharma,Italy,33.0,0,None,OTA,2024-10-28,1,23700.0,0,1,0
C01531,Sven,Sharma,Netherlands,12.0,0,Advanced,Hotel Partner,2024-10-22,1,3550.0,0,0,0
C01532,Minjun,Schmidt,United Kingdom,24.0,0,Advanced,Walk-in,2024-10-24,1,6950.0,0,0,0
C01533,Daniel,Park,India,12.0,0,Open Water,OTA,2024-10-22,0,,0,0,0
C01534,Yuki,Nair,Israel,28.0,0,None,Unknown,2024-10-23,2,30900.0,1,1,0
C01535,Tom,Banerjee,United States,38.0,0,Advanced,Walk-in,2024-10-29,1,3500.0,0,0,0
C01536,Pooja,Menon,Germany,24.0,0,None,Hotel Partner,2024-10-25,1,14200.0,0,0,0
C01537,Aarav,Chowdhury,India,50.0,0,None,Unknown,2024-10-28,0,,0,0,0
C01538,Marco,Kim,Japan,33.0,0,Open Water,Walk-in,2024-10-23,1,10500.0,0,0,0
C01539,James,Park,India,39.0,0,None,OTA,2024-10-31,0,,0,0,0
C01540,Camille,Rossi,India,40.0,0,Open Water,Website,2024-10-22,0,,0,0,0
C01541,Pierre,Sharma,India,41.0,0,Rescue,Unknown,2024-10-23,1,7600.0,0,0,0
C01542,Noa,Tanaka,India,,1,Open Water,OTA,2024-10-27,1,3050.0,0,0,0
C01543,Aarav,Kim,United States,42.0,0,None,Walk-in,2024-10-26,2,41250.0,1,1,1
C01544,Sneha,Smith,Germany,37.0,0,None,Walk-in,2024-10-25,2,32600.0,1,1,1
C01545,Itai,Ivanov,India,41.0,0,None,Instagram,2024-11-02,1,5400.0,0,0,0
C01546,Arjun,Ivanov,India,36.0,0,None,OTA,2024-11-01,2,8500.0,1,0,0
C01547,Noa,Ivanov,India,63.0,0,Open Water,OTA,2024-11-03,0,,0,0,0
C01548,Elena,Rao,Germany,31.0,0,Open Water,Walk-in,2024-10-29,1,14000.0,0,0,0
C01549,Siddharth,Wilson,India,26.0,0,None,Instagram,2024-11-01,0,,0,0,0
C01550,Rahul,Rao,India,27.0,0,Open Water,Walk-in,2024-11-03,1,3750.0,0,0,0
C01551,Kavya,Petrova,Italy,36.0,0,None,Referral,2024-10-28,1,24500.0,0,1,0
C01552,Pooja,Menon,India,43.0,0,Advanced,Walk-in,2024-11-03,1,7050.0,0,0,0
C01553,Emma,Bakker,Japan,30.0,0,None,Walk-in,2024-10-24,1,5050.0,0,0,0
C01554,Sven,Kim,India,25.0,0,Open Water,OTA,2024-10-31,1,12450.0,0,0,0
C01555,Rohan,Kulkarni,India,34.0,0,None,Website,2024-10-27,1,3450.0,0,0,0
C01556,Pooja,Gupta,India,29.0,0,None,Hotel Partner,2024-10-29,1,23500.0,0,1,0
C01557,Elena,Kulkarni,Netherlands,44.0,0,None,Walk-in,2024-10-28,1,5400.0,0,0,0
C01558,Minjun,Chowdhury,India,,1,Rescue,Instagram,2024-10-25,1,7400.0,0,0,0
C01559,Neha,Reddy,Netherlands,32.0,0,Open Water,Referral,2024-11-02,1,3500.0,0,0,0
C01560,Chloe,Jansen,South Korea,39.0,0,Open Water,Unknown,2024-10-26,2,31000.0,1,1,1
C01561,Ananya,Menon,India,,1,Advanced,Walk-in,2024-10-31,0,,0,0,0
C01562,Aditya,Cohen,France,42.0,0,None,Walk-in,2024-10-30,1,27450.0,0,1,0
C01563,Sophie,Sharma,Israel,50.0,0,Divemaster,Referral,2024-10-26,1,14850.0,0,0,0
C01564,Aditya,Smith,United Kingdom,32.0,0,None,Referral,2024-10-26,1,5350.0,0,0,0
C01565,Daniel,Rao,India,47.0,0,Open Water,Unknown,2024-11-01,1,7150.0,0,0,0
C01566,Lukas,Taylor,Netherlands,28.0,0,None,Instagram,2024-11-02,1,5200.0,0,0,0
C01567,Meera,Rossi,South Korea,,1,None,Referral,2024-10-27,1,4900.0,0,0,0
C01568,Hannah,Bakker,India,32.0,0,Divemaster,Referral,2024-10-24,2,11250.0,1,0,0
C01569,Tom,Tanaka,India,13.0,0,None,OTA,2024-11-01,0,,0,0,0
C01570,Emma,Reddy,India,53.0,0,None,Walk-in,2024-10-30,2,33350.0,1,1,0
C01571,Tom,Ivanov,Netherlands,24.0,0,None,Instagram,2024-10-25,1,25100.0,0,1,0
C01572,Ravi,Levi,Israel,41.0,0,Open Water,OTA,2024-10-30,1,5750.0,0,0,0
C01573,Noa,Petrova,India,30.0,0,None,Website,2024-10-29,2,10200.0,1,0,0
C01574,Aarav,Petrova,India,40.0,0,Open Water,Walk-in,2024-10-26,1,7400.0,0,0,0
C01575,Hannah,Chowdhury,United States,34.0,0,None,Referral,2024-10-25,1,24600.0,0,1,0
C01576,Karan,Brown,Israel,39.0,0,Advanced,Walk-in,2024-10-27,1,27050.0,0,1,0
C01577,Ravi,Muller,India,30.0,0,Open Water,Instagram,2024-10-26,1,7650.0,0,0,0
C01578,Itai,Wilson,India,30.0,0,None,Website,2024-10-29,1,10200.0,0,0,0
C01579,Ananya,Levi,Germany,19.0,0,Open Water,OTA,2024-10-27,1,5750.0,0,0,0
C01580,Rohan,Cohen,India,43.0,0,Open Water,Walk-in,2024-11-01,1,4000.0,0,0,0
C01581,Yuki,OConnor,South Korea,33.0,0,Open Water,OTA,2024-11-05,1,12350.0,0,0,0
C01582,Rahul,Taylor,India,,1,None,Referral,2024-11-01,2,23700.0,1,0,0
C01583,Ishaan,OConnor,India,,1,None,Website,2024-10-28,1,5250.0,0,0,0
C01584,Ananya,Dubois,India,45.0,0,Advanced,Website,2024-11-02,2,22000.0,1,0,0
C01585,Karan,Gupta,South Korea,27.0,0,None,Website,2024-11-05,1,10100.0,0,0,0
C01586,Tom,Menon,India,19.0,0,Open Water,Walk-in,2024-10-31,1,7450.0,0,0,0
C01587,Siddharth,Wilson,India,24.0,0,None,OTA,2024-10-31,1,4350.0,0,0,0
C01588,Yuki,Levi,Germany,14.0,0,Open Water,Walk-in,2024-10-31,1,11800.0,0,0,0
C01589,Divya,Tanaka,Netherlands,29.0,0,None,Website,2024-11-04,1,5000.0,0,0,0
C01590,Itai,Sharma,France,48.0,0,None,Website,2024-10-30,1,25450.0,0,1,0
C01591,Rahul,Iyer,Germany,38.0,0,None,Instagram,2024-11-05,1,5050.0,0,0,0
C01592,Divya,Rao,Australia,41.0,0,None,OTA,2024-10-31,1,4300.0,0,0,0
C01593,Olga,OConnor,India,19.0,0,None,Unknown,2024-11-07,3,40650.0,1,1,1
C01594,Sven,Patel,India,,1,Advanced,Website,2024-11-02,1,25700.0,0,1,0
C01595,Siddharth,Bakker,India,23.0,0,Open Water,Instagram,2024-11-01,1,25600.0,0,1,0
C01596,Aarav,Cohen,India,31.0,0,Open Water,OTA,2024-11-01,0,,0,0,0
C01597,Ananya,Chowdhury,India,38.0,0,None,Walk-in,2024-11-07,1,5300.0,0,0,0
C01598,Emma,Iyer,Netherlands,42.0,0,Rescue,Website,2024-10-29,1,7550.0,0,0,0
C01599,Siddharth,Brown,India,28.0,0,None,OTA,2024-10-30,0,,0,0,0
C01600,James,Rao,United States,49.0,0,None,Walk-in,2024-10-29,1,26800.0,0,1,0
C01601,Meera,Ivanov,Australia,26.0,0,Open Water,Instagram,2024-11-07,2,22850.0,1,0,0
C01602,Liam,Reddy,India,35.0,0,Open Water,Walk-in,2024-10-29,1,11550.0,0,0,0
C01603,Neha,Petrova,India,36.0,0,None,Website,2024-11-08,1,5350.0,0,0,0
C01604,Emma,Gupta,Netherlands,34.0,0,Advanced,Instagram,2024-10-29,2,38950.0,1,1,0
C01605,Pooja,Bakker,United Kingdom,45.0,0,None,Walk-in,2024-11-08,1,5200.0,0,0,0
C01606,Olga,Tanaka,United States,32.0,0,Divemaster,OTA,2024-11-04,0,,0,0,0
C01607,Meera,Schmidt,Italy,41.0,0,Advanced,Instagram,2024-11-05,2,14200.0,1,0,0
C01608,Neha,Menon,Israel,41.0,0,None,Hotel Partner,2024-11-02,2,13500.0,1,0,0
C01609,Dmitri,Desai,India,,1,None,Instagram,2024-10-30,1,5350.0,0,0,0
C01610,Sven,Bakker,Germany,33.0,0,Open Water,Hotel Partner,2024-11-04,1,3400.0,0,0,0
C01611,Ravi,Levi,Russia,49.0,0,Open Water,Referral,2024-11-08,1,10200.0,0,0,0
C01612,Noa,Reddy,Germany,24.0,0,Open Water,Walk-in,2024-11-08,1,10700.0,0,0,0
C01613,Aarav,Petrova,India,43.0,0,Open Water,Referral,2024-11-03,1,24650.0,0,1,0
C01614,Tom,Cohen,India,44.0,0,Open Water,Website,2024-11-09,2,51250.0,1,1,0
C01615,Elena,Kulkarni,South Korea,,1,None,Hotel Partner,2024-11-01,1,4550.0,0,0,0
C01616,Lukas,Jansen,Germany,37.0,0,Divemaster,OTA,2024-11-07,1,3000.0,0,0,0
C01617,Noa,Cohen,India,38.0,0,Open Water,Website,2024-11-02,1,27150.0,0,1,0
C01618,Minjun,Patel,India,50.0,0,None,Website,2024-11-05,2,32800.0,1,1,1
C01619,Arjun,Park,United Kingdom,43.0,0,None,Instagram,2024-11-07,1,5450.0,0,0,0
C01620,Marco,Rossi,India,17.0,0,None,OTA,2024-11-01,1,4450.0,0,0,0
C01621,Liam,Kulkarni,India,31.0,0,None,Website,2024-11-03,1,5400.0,0,0,0
C01622,Minjun,Muller,India,,1,None,Referral,2024-11-02,3,14750.0,1,0,0
C01623,Priya,Bakker,United Kingdom,38.0,0,None,Referral,2024-11-03,1,27000.0,0,1,0
C01624,Aditya,Petrova,India,54.0,0,None,Instagram,2024-11-07,1,5650.0,0,0,0
C01625,Chloe,Bakker,India,35.0,0,None,Unknown,2024-11-10,0,,0,0,0
C01626,Arjun,Brown,India,27.0,0,None,Walk-in,2024-11-07,1,3900.0,0,0,0
C01627,Arjun,Sharma,Australia,,1,Open Water,Instagram,2024-11-03,1,7650.0,0,0,0
C01628,Vikram,Park,United Kingdom,33.0,0,None,Walk-in,2024-11-06,1,11550.0,0,0,0
C01629,Dmitri,Desai,India,28.0,0,None,Hotel Partner,2024-11-10,1,23350.0,0,1,0
C01630,Ravi,Smith,India,33.0,0,Open Water,Walk-in,2024-11-09,1,25550.0,0,1,0
C01631,Ishaan,Taylor,India,42.0,0,None,OTA,2024-11-04,1,9050.0,0,0,0
C01632,Minjun,Nair,Japan,37.0,0,None,OTA,2024-11-01,1,4450.0,0,0,0
C01633,Ravi,Jansen,United Kingdom,38.0,0,Open Water,Referral,2024-11-11,0,,0,0,0
C01634,Sarah,Gupta,India,39.0,0,Open Water,Referral,2024-11-07,1,24250.0,0,1,0
C01635,Lukas,Brown,Australia,44.0,0,Open Water,OTA,2024-11-03,0,,0,0,0
C01636,Hannah,Kim,Netherlands,34.0,0,Advanced,OTA,2024-11-09,1,2900.0,0,0,0
C01637,Ishaan,Dubois,France,51.0,0,Open Water,Walk-in,2024-11-09,1,6950.0,0,0,0
C01638,Vikram,Rao,Israel,29.0,0,Open Water,Walk-in,2024-11-04,1,7400.0,0,0,0
C01639,Karan,Dubois,India,37.0,0,Advanced,Website,2024-11-02,2,10150.0,1,0,0
C01640,Divya,Brown,Australia,31.0,0,None,Instagram,2024-11-12,1,5500.0,0,0,0
C01641,Ravi,Taylor,India,61.0,0,Open Water,Instagram,2024-11-11,1,3650.0,0,0,0
C01642,Sarah,Dubois,Germany,21.0,0,Advanced,OTA,2024-11-08,1,8500.0,0,0,0
C01643,Emma,Rao,United States,37.0,0,Advanced,Walk-in,2024-11-06,1,7650.0,0,0,0
C01644,Siddharth,Ivanov,France,,1,None,OTA,2024-11-13,1,4200.0,0,0,0
C01645,Anouk,Schmidt,India,29.0,0,Open Water,Unknown,2024-11-07,1,9300.0,0,0,0
C01646,Rahul,Kim,France,45.0,0,Rescue,Website,2024-11-11,1,10350.0,0,0,0
C01647,Pierre,Chowdhury,Russia,42.0,0,None,OTA,2024-11-06,1,4550.0,0,0,0
C01648,Minjun,Rossi,Israel,46.0,0,None,Hotel Partner,2024-11-08,2,48350.0,1,1,0
C01649,Pooja,Park,India,27.0,0,Open Water,Website,2024-11-13,3,63900.0,1,1,1
C01650,Marco,Jansen,Germany,17.0,0,None,Website,2024-11-10,1,5550.0,0,0,0
C01651,Hannah,Sharma,India,51.0,0,Open Water,OTA,2024-11-14,0,,0,0,0
C01652,James,Schmidt,India,40.0,0,None,OTA,2024-11-11,1,4250.0,0,0,0
C01653,Vikram,Dubois,France,,1,None,OTA,2024-11-14,1,4450.0,0,0,0
C01654,Pooja,Iyer,India,25.0,0,None,Walk-in,2024-11-05,1,5750.0,0,0,0
C01655,Dmitri,Ivanov,India,36.0,0,None,Walk-in,2024-11-12,1,5050.0,0,0,0
C01656,Pierre,Banerjee,France,33.0,0,Open Water,Walk-in,2024-11-14,1,7600.0,0,0,0
C01657,Vikram,Chowdhury,India,,1,Open Water,Hotel Partner,2024-11-09,1,3450.0,0,0,0
C01658,Hannah,Kim,India,35.0,0,Rescue,Website,2024-11-10,1,14750.0,0,0,0
C01659,Rohan,Bakker,India,36.0,0,Divemaster,Hotel Partner,2024-11-08,1,12850.0,0,0,0
C01660,Kavya,Kim,United Kingdom,12.0,0,Advanced,Referral,2024-11-11,0,,0,0,0
C01661,Aarav,Brown,Israel,39.0,0,None,Instagram,2024-11-12,2,35400.0,1,1,1
C01662,Sarah,Schmidt,India,30.0,0,None,Referral,2024-11-09,1,10400.0,0,0,0
C01663,Sneha,Reddy,India,31.0,0,Open Water,OTA,2024-11-04,1,12300.0,0,0,0
C01664,Daniel,Gupta,Russia,,1,Open Water,Referral,2024-11-08,1,10550.0,0,0,0
C01665,Kavya,Rao,Netherlands,17.0,0,None,Referral,2024-11-12,1,4950.0,0,0,0
C01666,Priya,Jansen,India,37.0,0,Open Water,Instagram,2024-11-10,0,,0,0,0
C01667,Pierre,Jansen,India,34.0,0,Open Water,Unknown,2024-11-07,1,27350.0,0,1,0
C01668,Olga,Tanaka,India,39.0,0,None,Website,2024-11-11,1,10050.0,0,0,0
C01669,Ravi,Wilson,United Kingdom,21.0,0,Open Water,Walk-in,2024-11-12,1,3800.0,0,0,0
C01670,Aditya,Levi,India,60.0,0,Open Water,Website,2024-11-11,1,15450.0,0,0,0
C01671,Liam,Schmidt,United States,34.0,0,Advanced,Website,2024-11-11,0,,0,0,0
C01672,Daniel,Gupta,India,28.0,0,Open Water,Referral,2024-11-11,1,0.0,0,0,0
C01673,Dmitri,Brown,France,13.0,0,Open Water,OTA,2024-11-13,0,,0,0,0
C01674,Karan,Rossi,India,34.0,0,Advanced,Referral,2024-11-06,1,10450.0,0,0,0
C01675,Neha,Desai,Netherlands,40.0,0,Open Water,Hotel Partner,2024-11-10,0,,0,0,0
C01676,Noa,Petrova,Israel,23.0,0,None,OTA,2024-11-09,0,,0,0,0
C01677,Pierre,Park,Australia,31.0,0,Open Water,Walk-in,2024-11-07,1,3700.0,0,0,0
C01678,Tom,Menon,United States,52.0,0,Advanced,Walk-in,2024-11-08,2,17800.0,1,0,0
C01679,Yuki,Taylor,India,20.0,0,Open Water,Website,2024-11-11,2,17700.0,1,0,0
C01680,Rohan,Sharma,Israel,30.0,0,None,Hotel Partner,2024-11-15,1,5100.0,0,0,0
C01681,Ravi,Petrova,India,40.0,0,Open Water,Instagram,2024-11-08,1,3800.0,0,0,0
C01682,Sven,Levi,India,39.0,0,Open Water,Unknown,2024-11-15,1,10950.0,0,0,0
C01683,Rohan,Schmidt,India,40.0,0,None,Walk-in,2024-11-12,1,27700.0,0,1,0
C01684,Priya,Petrova,United States,27.0,0,None,Walk-in,2024-11-07,0,,0,0,0
C01685,James,Tanaka,India,35.0,0,None,Walk-in,2024-11-07,1,5200.0,0,0,0
C01686,Ananya,Petrova,India,45.0,0,None,Website,2024-11-08,0,,0,0,0
C01687,Siddharth,Taylor,India,25.0,0,Open Water,Website,2024-11-17,1,7350.0,0,0,0
C01688,Emma,Desai,Russia,41.0,0,Open Water,Instagram,2024-11-15,0,,0,0,0
C01689,Sophie,Menon,India,30.0,0,Open Water,OTA,2024-11-17,0,,0,0,0
C01690,Noa,Kulkarni,India,33.0,0,Open Water,Referral,2024-11-15,2,42100.0,1,1,0
C01691,Arjun,Dubois,Netherlands,27.0,0,None,Referral,2024-11-13,1,4950.0,0,0,0
C01692,Ravi,Chowdhury,India,16.0,0,Advanced,OTA,2024-11-14,0,,0,0,0
C01693,Aditya,Schmidt,France,45.0,0,None,Website,2024-11-08,0,,0,0,0
C01694,Minjun,Iyer,Netherlands,30.0,0,None,Website,2024-11-10,1,5400.0,0,0,0
C01695,Arjun,Muller,India,30.0,0,Open Water,Walk-in,2024-11-12,3,66250.0,1,1,1
C01696,Daniel,Tanaka,Japan,44.0,0,Open Water,Referral,2024-11-14,1,7200.0,0,0,0
C01697,Liam,Bakker,United States,43.0,0,None,OTA,2024-11-18,0,,0,0,0
C01698,Dmitri,Jansen,India,,1,None,Unknown,2024-11-14,1,4250.0,0,0,0
C01699,Arjun,Smith,India,42.0,0,None,Walk-in,2024-11-13,1,5150.0,0,0,0
C01700,Priya,Wilson,United Kingdom,40.0,0,Open Water,Referral,2024-11-18,0,,0,0,0
C01701,Dmitri,Levi,India,37.0,0,None,Referral,2024-11-12,0,,0,0,0
C01702,Tom,Muller,India,45.0,0,Open Water,Hotel Partner,2024-11-14,0,,0,0,0
C01703,Yuki,Banerjee,Italy,29.0,0,Open Water,OTA,2024-11-14,0,,0,0,0
C01704,Chloe,Kulkarni,United Kingdom,27.0,0,Open Water,Walk-in,2024-11-17,0,,0,0,0
C01705,Aarav,Nair,India,27.0,0,None,Unknown,2024-11-13,0,,0,0,0
C01706,Itai,Banerjee,India,35.0,0,Advanced,Walk-in,2024-11-14,1,7150.0,0,0,0
C01707,Karan,Petrova,India,37.0,0,None,Website,2024-11-14,0,,0,0,0
C01708,Daniel,Iyer,India,,1,None,Hotel Partner,2024-11-09,1,13550.0,0,0,0
C01709,Tom,Muller,Italy,35.0,0,Open Water,Walk-in,2024-11-14,0,,0,0,0
C01710,Aarav,Patel,India,47.0,0,Open Water,Referral,2024-11-16,1,13800.0,0,0,0
C01711,Minjun,Kim,United States,41.0,0,Advanced,Website,2024-11-17,0,,0,0,0
C01712,Ravi,Gupta,Germany,20.0,0,None,OTA,2024-11-11,0,,0,0,0
C01713,Aarav,Petrova,India,29.0,0,None,Walk-in,2024-11-20,0,,0,0,0
C01714,Hannah,Gupta,Russia,33.0,0,None,Walk-in,2024-11-17,0,,0,0,0
C01715,Divya,Sharma,India,27.0,0,None,OTA,2024-11-14,0,,0,0,0
C01716,Pooja,Rao,United Kingdom,44.0,0,None,Walk-in,2024-11-13,1,5100.0,0,0,0
C01717,Siddharth,Patel,India,35.0,0,Open Water,OTA,2024-11-14,0,,0,0,0
C01718,Sneha,Ivanov,Italy,35.0,0,None,Website,2024-11-21,0,,0,0,0
C01719,Liam,Park,South Korea,31.0,0,Open Water,Walk-in,2024-11-16,1,11200.0,0,0,0
C01720,Kavya,Petrova,India,28.0,0,None,Website,2024-11-13,0,,0,0,0
C01721,Ravi,Ivanov,Germany,26.0,0,None,Instagram,2024-11-19,1,5600.0,0,0,0
C01722,Yuki,Schmidt,India,20.0,0,None,OTA,2024-11-14,1,4200.0,0,0,0
C01723,Aarav,Menon,Japan,39.0,0,Advanced,Instagram,2024-11-20,1,7100.0,0,0,0
C01724,Minjun,Nair,Italy,25.0,0,None,Walk-in,2024-11-19,1,25200.0,0,1,0
C01725,Rohan,Brown,South Korea,36.0,0,None,OTA,2024-11-13,2,8750.0,1,0,0
C01726,Hannah,Tanaka,India,47.0,0,None,Instagram,2024-11-13,0,,0,0,0
C01727,Sven,Taylor,Netherlands,30.0,0,Open Water,Unknown,2024-11-15,1,2900.0,0,0,0
C01728,Sophie,Petrova,India,46.0,0,Open Water,Website,2024-11-15,2,17450.0,1,0,0
C01729,Hannah,Sharma,India,,1,None,Hotel Partner,2024-11-18,0,,0,0,0
C01730,Ananya,Rossi,India,35.0,0,None,Referral,2024-11-20,1,10500.0,0,0,0
C01731,Hannah,Levi,India,39.0,0,Advanced,OTA,2024-11-19,1,12300.0,0,0,0
C01732,Emma,Wilson,Russia,31.0,0,Open Water,Website,2024-11-16,0,,0,0,0
C01733,Elena,Desai,South Korea,30.0,0,Open Water,OTA,2024-11-22,0,,0,0,0
C01734,Minjun,Dubois,India,37.0,0,Advanced,Website,2024-11-20,1,7600.0,0,0,0
C01735,Meera,Sharma,India,31.0,0,None,Hotel Partner,2024-11-15,0,,0,0,0
C01736,Chloe,Kim,South Korea,35.0,0,Advanced,Referral,2024-11-14,3,36650.0,1,1,1
C01737,Olga,Banerjee,India,26.0,0,Open Water,Walk-in,2024-11-13,3,36450.0,1,1,1
C01738,Elena,Muller,India,,1,Open Water,OTA,2024-11-19,1,3200.0,0,0,0
C01739,Sophie,Schmidt,India,,1,Open Water,Instagram,2024-11-13,1,3850.0,0,0,0
C01740,Camille,Dubois,India,31.0,0,None,Hotel Partner,2024-11-15,1,4550.0,0,0,0
C01741,Tom,Petrova,India,28.0,0,None,Walk-in,2024-11-18,1,5600.0,0,0,0
C01742,Minjun,Gupta,Israel,,1,Rescue,Unknown,2024-11-15,2,35450.0,1,1,0
C01743,Yuki,Muller,India,49.0,0,None,Hotel Partner,2024-11-18,2,11450.0,1,0,0
C01744,James,Iyer,India,18.0,0,Open Water,Website,2024-11-15,1,13450.0,0,0,0
C01745,Yuki,Muller,India,29.0,0,Open Water,Website,2024-11-16,1,27650.0,0,1,0
C01746,Sneha,Dubois,India,38.0,0,None,Instagram,2024-11-15,1,25650.0,0,1,0
C01747,Olga,Iyer,India,14.0,0,Rescue,Walk-in,2024-11-16,1,11100.0,0,0,0
C01748,Marco,Smith,United Kingdom,34.0,0,None,OTA,2024-11-20,1,4150.0,0,0,0
C01749,James,Banerjee,India,27.0,0,Advanced,OTA,2024-11-25,0,,0,0,0
C01750,Tom,Tanaka,India,39.0,0,Open Water,Walk-in,2024-11-17,1,3700.0,0,0,0
C01751,Lukas,Rossi,India,22.0,0,None,OTA,2024-11-23,0,,0,0,0
C01752,Minjun,Desai,Italy,23.0,0,None,Unknown,2024-11-21,1,26250.0,0,1,0
C01753,Tom,Brown,India,30.0,0,Open Water,Walk-in,2024-11-24,1,7300.0,0,0,0
C01754,Olga,Chowdhury,India,27.0,0,None,OTA,2024-11-24,0,,0,0,0
C01755,James,Brown,India,38.0,0,Open Water,Instagram,2024-11-21,1,3800.0,0,0,0
C01756,Neha,Tanaka,Israel,43.0,0,Open Water,Walk-in,2024-11-22,1,14200.0,0,0,0
C01757,Sven,Kulkarni,India,31.0,0,None,Walk-in,2024-11-27,1,27700.0,0,1,0
C01758,Sarah,Wilson,Netherlands,27.0,0,Open Water,Walk-in,2024-11-19,3,41850.0,1,1,1
C01759,Neha,Kulkarni,Italy,26.0,0,Open Water,Website,2024-11-24,3,24950.0,1,0,0
C01760,Sven,OConnor,India,32.0,0,None,Walk-in,2024-11-21,1,5250.0,0,0,0
C01761,Tom,Taylor,India,25.0,0,Divemaster,Walk-in,2024-11-18,1,3550.0,0,0,0
C01762,Pierre,Desai,Israel,44.0,0,None,OTA,2024-11-24,2,8850.0,1,0,0
C01763,Ishaan,Brown,India,31.0,0,Advanced,Walk-in,2024-11-19,1,7050.0,0,0,0
C01764,Kavya,Kulkarni,India,37.0,0,Open Water,Hotel Partner,2024-11-18,1,3300.0,0,0,0
C01765,Noa,Nair,Japan,44.0,0,Advanced,Website,2024-11-22,2,22250.0,1,0,0
C01766,Divya,Tanaka,United Kingdom,24.0,0,Rescue,Walk-in,2024-11-22,2,7050.0,1,0,0
C01767,Olga,OConnor,India,35.0,0,Rescue,OTA,2024-11-24,1,11400.0,0,0,0
C01768,Karan,Cohen,India,34.0,0,None,OTA,2024-11-17,2,9350.0,1,0,0
C01769,Sarah,Desai,India,,1,None,Walk-in,2024-11-25,1,27050.0,0,1,0
C01770,Arjun,Park,United States,44.0,0,Advanced,Walk-in,2024-11-18,1,7250.0,0,0,0
C01771,Marco,Patel,India,,1,Divemaster,Walk-in,2024-11-21,1,7950.0,0,0,0
C01772,Kavya,Kulkarni,France,33.0,0,None,OTA,2024-11-18,1,9300.0,0,0,0
C01773,Neha,Chowdhury,United States,47.0,0,None,Referral,2024-11-25,1,24300.0,0,1,0
C01774,Meera,Chowdhury,Netherlands,54.0,0,Open Water,Website,2024-11-18,2,10600.0,1,0,0
C01775,Sven,Kulkarni,Japan,,1,Advanced,Referral,2024-11-21,1,3650.0,0,0,0
C01776,Daniel,Muller,India,29.0,0,None,OTA,2024-11-22,1,8500.0,0,0,0
C01777,Priya,Banerjee,India,33.0,0,None,OTA,2024-11-19,1,21650.0,0,1,0
C01778,Karan,Iyer,India,33.0,0,Open Water,Walk-in,2024-11-26,1,7350.0,0,0,0
C01779,Rahul,Menon,Germany,47.0,0,Rescue,Walk-in,2024-11-20,2,36750.0,1,1,0
C01780,Pooja,Kulkarni,India,28.0,0,Advanced,Referral,2024-11-19,1,3550.0,0,0,0
C01781,Sneha,Banerjee,Netherlands,37.0,0,Open Water,Hotel Partner,2024-11-22,1,3550.0,0,0,0
C01782,Divya,Patel,India,23.0,0,None,Referral,2024-11-26,1,5300.0,0,0,0
C01783,Arjun,Rao,India,35.0,0,Open Water,Website,2024-11-26,1,7200.0,0,0,0
C01784,Noa,Banerjee,South Korea,21.0,0,Open Water,Referral,2024-11-25,1,6850.0,0,0,0
C01785,Sarah,Smith,India,42.0,0,Open Water,Walk-in,2024-11-24,1,11300.0,0,0,0
C01786,Lukas,OConnor,Russia,41.0,0,Advanced,OTA,2024-11-24,2,15300.0,1,0,0
C01787,Noa,Desai,India,38.0,0,Advanced,Hotel Partner,2024-11-22,1,12400.0,0,0,0
C01788,Sven,Gupta,Israel,24.0,0,Open Water,Unknown,2024-11-30,1,6850.0,0,0,0
C01789,Itai,Sharma,India,12.0,0,None,Referral,2024-11-29,1,4850.0,0,0,0
C01790,James,Iyer,India,35.0,0,None,Website,2024-11-30,0,,0,0,0
C01791,Ishaan,Cohen,India,32.0,0,None,Instagram,2024-11-24,1,26450.0,0,1,0
C01792,Divya,Desai,India,42.0,0,None,Instagram,2024-11-27,2,9350.0,1,0,0
C01793,Dmitri,Kulkarni,India,41.0,0,None,Instagram,2024-11-26,1,26700.0,0,1,0
C01794,Tom,Wilson,India,31.0,0,None,OTA,2024-11-22,0,,0,0,0
C01795,Rahul,Tanaka,India,26.0,0,Advanced,Walk-in,2024-11-30,1,11850.0,0,0,0
C01796,Tom,Nair,India,13.0,0,Advanced,Hotel Partner,2024-11-30,1,6700.0,0,0,0
C01797,Tom,Kulkarni,Germany,49.0,0,Advanced,Hotel Partner,2024-11-27,1,3400.0,0,0,0
C01798,Aarav,Gupta,India,33.0,0,Open Water,Instagram,2024-11-29,1,11750.0,0,0,0
C01799,Rahul,Chowdhury,India,21.0,0,Rescue,Website,2024-11-23,1,7200.0,0,0,0
C01800,Itai,Cohen,India,,1,Open Water,Unknown,2024-11-30,0,,0,0,0
C01801,Noa,Sharma,India,44.0,0,Open Water,Website,2024-12-01,0,,0,0,0
C01802,Siddharth,Brown,India,20.0,0,None,Instagram,2024-11-25,0,,0,0,0
C01803,Divya,Menon,India,32.0,0,None,OTA,2024-11-24,2,31550.0,1,1,1
C01804,Rahul,Chowdhury,Australia,41.0,0,None,Walk-in,2024-11-23,1,27350.0,0,1,0
C01805,Aditya,Menon,India,23.0,0,Open Water,Referral,2024-11-26,0,,0,0,0
C01806,Ananya,Dubois,India,25.0,0,Open Water,Walk-in,2024-11-24,1,3900.0,0,0,0
C01807,Sarah,Bakker,India,43.0,0,None,Website,2024-11-25,1,3600.0,0,0,0
C01808,Noa,Dubois,India,57.0,0,Open Water,OTA,2024-11-29,1,13100.0,0,0,0
C01809,Itai,Nair,Australia,,1,None,OTA,2024-11-25,1,21050.0,0,1,0
C01810,Kavya,Petrova,India,31.0,0,Advanced,Hotel Partner,2024-11-29,1,6250.0,0,0,0
C01811,Sneha,Desai,Israel,29.0,0,Advanced,Instagram,2024-11-26,1,3400.0,0,0,0
C01812,Divya,Kulkarni,Italy,31.0,0,None,Walk-in,2024-11-29,2,30750.0,1,1,1
C01813,Anouk,Bakker,India,41.0,0,Open Water,Instagram,2024-12-01,1,7050.0,0,0,0
C01814,Ravi,Dubois,India,26.0,0,None,Hotel Partner,2024-11-23,1,23900.0,0,1,0
C01815,Dmitri,Kulkarni,India,31.0,0,Open Water,Unknown,2024-11-27,1,3500.0,0,0,0
C01816,Dmitri,Smith,India,32.0,0,Open Water,Referral,2024-11-25,1,3750.0,0,0,0
C01817,Divya,Chowdhury,France,27.0,0,None,OTA,2024-12-02,1,4650.0,0,0,0
C01818,Itai,Brown,India,37.0,0,Open Water,Unknown,2024-12-01,1,8650.0,0,0,0
C01819,Ravi,Smith,India,43.0,0,None,Website,2024-11-26,1,9800.0,0,0,0
C01820,Elena,Reddy,India,32.0,0,Rescue,Website,2024-11-23,1,7550.0,0,0,0
C01821,Pooja,Iyer,India,30.0,0,None,Website,2024-12-01,1,10200.0,0,0,0
C01822,Liam,Patel,India,29.0,0,None,Walk-in,2024-11-24,1,5500.0,0,0,0
C01823,Noa,OConnor,India,40.0,0,Advanced,Walk-in,2024-12-01,1,7150.0,0,0,0
C01824,Sarah,Brown,United Kingdom,12.0,0,Open Water,Walk-in,2024-12-03,1,7100.0,0,0,0
C01825,Hannah,Chowdhury,India,36.0,0,Open Water,Referral,2024-12-03,1,15100.0,0,0,0
C01826,Hannah,Ivanov,India,30.0,0,Advanced,Walk-in,2024-11-30,1,15450.0,0,0,0
C01827,Sneha,Petrova,Japan,28.0,0,None,Walk-in,2024-12-03,1,11300.0,0,0,0
C01828,Sarah,Gupta,United States,38.0,0,Open Water,OTA,2024-11-25,1,3100.0,0,0,0
C01829,Marco,Gupta,India,39.0,0,Open Water,Instagram,2024-11-29,1,11000.0,0,0,0
C01830,Pooja,Park,United Kingdom,52.0,0,Divemaster,Hotel Partner,2024-12-03,0,,0,0,0
C01831,Emma,Petrova,India,38.0,0,None,Instagram,2024-12-03,0,,0,0,0
C01832,Ananya,Schmidt,United Kingdom,39.0,0,None,OTA,2024-12-01,0,,0,0,0
C01833,Kavya,Taylor,Israel,46.0,0,None,Website,2024-11-25,1,5200.0,0,0,0
C01834,Pierre,Chowdhury,United Kingdom,,1,Open Water,Referral,2024-12-03,1,10850.0,0,0,0
C01835,Sophie,Dubois,India,24.0,0,Advanced,Instagram,2024-12-02,0,,0,0,0
C01836,Divya,Banerjee,Japan,24.0,0,Open Water,Walk-in,2024-11-29,1,3950.0,0,0,0
C01837,Daniel,Chowdhury,Israel,15.0,0,Open Water,Unknown,2024-12-02,1,3500.0,0,0,0
C01838,Rohan,Menon,India,30.0,0,None,Referral,2024-11-26,1,5050.0,0,0,0
C01839,Priya,Petrova,India,28.0,0,Open Water,Walk-in,2024-12-05,0,,0,0,0
C01840,Karan,Brown,India,36.0,0,None,Walk-in,2024-12-04,2,55100.0,1,1,0
C01841,Camille,Menon,Israel,48.0,0,None,Walk-in,2024-11-30,1,5050.0,0,0,0
C01842,Chloe,Taylor,India,27.0,0,None,Unknown,2024-11-26,2,22300.0,1,0,0
C01843,Hannah,Park,India,40.0,0,None,OTA,2024-11-29,0,,0,0,0
C01844,Priya,Patel,India,33.0,0,Open Water,Walk-in,2024-12-03,0,,0,0,0
C01845,Marco,Park,India,39.0,0,Open Water,Instagram,2024-11-30,2,21900.0,1,0,0
C01846,Kavya,OConnor,Russia,36.0,0,Open Water,Instagram,2024-11-30,0,,0,0,0
C01847,Arjun,Bakker,France,29.0,0,Open Water,Hotel Partner,2024-11-27,0,,0,0,0
C01848,Sarah,Wilson,Netherlands,24.0,0,None,Walk-in,2024-12-05,1,5350.0,0,0,0
C01849,Anouk,Rossi,India,,1,None,Website,2024-12-05,0,,0,0,0
C01850,Emma,Bakker,United Kingdom,40.0,0,Advanced,Hotel Partner,2024-12-05,1,3250.0,0,0,0
C01851,Olga,Tanaka,India,18.0,0,None,OTA,2024-11-26,0,,0,0,0
C01852,Neha,Reddy,India,39.0,0,Rescue,Walk-in,2024-12-04,2,10700.0,1,0,0
C01853,Siddharth,Dubois,Netherlands,31.0,0,None,Walk-in,2024-11-30,1,3600.0,0,0,0
C01854,Daniel,Nair,United Kingdom,32.0,0,None,Website,2024-12-02,1,7350.0,0,0,0
C01855,Pierre,Kim,Russia,23.0,0,None,Hotel Partner,2024-12-04,0,,0,0,0
C01856,Liam,Kim,Russia,31.0,0,Open Water,Hotel Partner,2024-12-03,0,,0,0,0
C01857,Marco,Taylor,Russia,40.0,0,None,Hotel Partner,2024-11-26,1,5100.0,0,0,0
C01858,Aditya,Reddy,India,37.0,0,None,Walk-in,2024-11-30,1,5500.0,0,0,0
C01859,Camille,Nair,India,26.0,0,None,Referral,2024-12-02,2,9900.0,1,0,0
C01860,Itai,Levi,India,43.0,0,Open Water,Hotel Partner,2024-11-27,0,,0,0,0
C01861,Noa,Chowdhury,India,,1,Open Water,OTA,2024-12-07,0,,0,0,0
C01862,Camille,Rossi,India,30.0,0,Advanced,Unknown,2024-11-30,1,3550.0,0,0,0
C01863,Daniel,Wilson,India,22.0,0,None,Walk-in,2024-12-06,0,,0,0,0
C01864,Chloe,Patel,India,46.0,0,Open Water,Hotel Partner,2024-12-05,1,10300.0,0,0,0
C01865,Hannah,Kulkarni,India,,1,None,Walk-in,2024-12-06,0,,0,0,0
C01866,Divya,Schmidt,India,48.0,0,None,Walk-in,2024-11-27,2,11450.0,1,0,0
C01867,Elena,Wilson,India,24.0,0,None,Walk-in,2024-12-04,1,6950.0,0,0,0
C01868,Sven,Brown,India,39.0,0,Open Water,Walk-in,2024-12-03,2,7850.0,1,0,0
C01869,Sven,OConnor,India,,1,None,Unknown,2024-11-28,0,,0,0,0
C01870,Itai,OConnor,India,40.0,0,None,Unknown,2024-12-03,1,4400.0,0,0,0
C01871,Anouk,Iyer,Italy,19.0,0,Advanced,Unknown,2024-12-05,2,36750.0,1,1,1
C01872,Liam,Kulkarni,India,35.0,0,Rescue,Referral,2024-12-01,0,,0,0,0
C01873,Daniel,Nair,Netherlands,27.0,0,Advanced,OTA,2024-12-07,1,12650.0,0,0,0
C01874,Rahul,Bakker,India,32.0,0,None,Walk-in,2024-11-29,1,5600.0,0,0,0
C01875,Ishaan,Smith,India,29.0,0,Advanced,Website,2024-12-01,0,,0,0,0
C01876,Emma,Cohen,India,,1,Open Water,Instagram,2024-12-04,1,7350.0,0,0,0
C01877,Sven,Kulkarni,India,31.0,0,Advanced,Hotel Partner,2024-11-29,1,9700.0,0,0,0
C01878,James,Chowdhury,Italy,33.0,0,None,Instagram,2024-12-08,1,5450.0,0,0,0
C01879,Liam,Taylor,India,17.0,0,None,Instagram,2024-12-01,0,,0,0,0
C01880,Daniel,Banerjee,India,12.0,0,None,Walk-in,2024-12-01,1,5300.0,0,0,0
C01881,Sophie,Nair,Japan,43.0,0,Open Water,Instagram,2024-12-05,1,11550.0,0,0,0
C01882,Olga,Patel,India,21.0,0,None,Walk-in,2024-12-04,1,5700.0,0,0,0
C01883,Daniel,OConnor,India,28.0,0,None,Referral,2024-12-05,1,5300.0,0,0,0
C01884,Neha,Jansen,India,,1,None,Unknown,2024-11-29,1,10600.0,0,0,0
C01885,Neha,Schmidt,Russia,40.0,0,None,OTA,2024-12-07,2,9200.0,1,0,0
C01886,Pierre,Nair,India,39.0,0,Open Water,Website,2024-12-03,0,,0,0,0
C01887,Sven,Desai,South Korea,33.0,0,Open Water,OTA,2024-12-04,0,,0,0,0
C01888,Divya,OConnor,United Kingdom,21.0,0,None,Website,2024-12-02,1,5350.0,0,0,0
C01889,Ishaan,Jansen,India,,1,None,Referral,2024-12-02,1,24700.0,0,1,0
C01890,Anouk,Brown,India,31.0,0,Open Water,OTA,2024-12-09,1,9750.0,0,0,0
C01891,Neha,Levi,India,28.0,0,None,Walk-in,2024-12-04,1,5000.0,0,0,0
C01892,Tom,Petrova,France,38.0,0,None,OTA,2024-12-06,0,,0,0,0
C01893,James,Brown,Japan,,1,Open Water,Referral,2024-12-10,1,7400.0,0,0,0
C01894,Chloe,OConnor,India,32.0,0,Advanced,Instagram,2024-12-01,1,7150.0,0,0,0
C01895,Neha,Cohen,Russia,30.0,0,None,Website,2024-12-06,1,5250.0,0,0,0
C01896,Sarah,Desai,India,35.0,0,Open Water,Referral,2024-12-01,1,11400.0,0,0,0
C01897,Sven,Rao,India,36.0,0,Advanced,Hotel Partner,2024-12-04,1,7150.0,0,0,0
C01898,Karan,Brown,Italy,43.0,0,Advanced,Referral,2024-12-06,0,,0,0,0
C01899,Ravi,Jansen,India,43.0,0,None,Unknown,2024-12-02,0,,0,0,0
C01900,Yuki,Patel,India,38.0,0,Advanced,OTA,2024-12-04,1,6350.0,0,0,0
C01901,Sophie,Tanaka,France,29.0,0,Advanced,Instagram,2024-12-01,0,,0,0,0
C01902,Sophie,Rossi,India,61.0,0,None,OTA,2024-12-08,1,4250.0,0,0,0
C01903,Chloe,Tanaka,India,40.0,0,None,Hotel Partner,2024-12-09,1,4900.0,0,0,0
C01904,Noa,Sharma,India,38.0,0,None,Walk-in,2024-12-07,1,5500.0,0,0,0
C01905,Emma,Gupta,Russia,40.0,0,Advanced,Walk-in,2024-12-08,1,15800.0,0,0,0
C01906,Emma,Chowdhury,India,16.0,0,Open Water,Instagram,2024-12-06,1,11750.0,0,0,0
C01907,Emma,Rao,Israel,59.0,0,None,Walk-in,2024-12-06,0,,0,0,0
C01908,James,Cohen,India,34.0,0,None,Hotel Partner,2024-12-08,1,7150.0,0,0,0
C01909,Minjun,Ivanov,India,40.0,0,None,Hotel Partner,2024-12-04,0,,0,0,0
C01910,Sneha,Dubois,Netherlands,39.0,0,None,Hotel Partner,2024-12-08,0,,0,0,0
C01911,Ishaan,OConnor,India,23.0,0,None,Referral,2024-12-06,1,5000.0,0,0,0
C01912,Neha,Dubois,India,41.0,0,Open Water,Website,2024-12-04,2,18250.0,1,0,0
C01913,Itai,Muller,India,23.0,0,None,Website,2024-12-07,1,24450.0,0,1,0
C01914,Emma,Levi,India,24.0,0,Open Water,Website,2024-12-05,1,3500.0,0,0,0
C01915,Sneha,Jansen,India,22.0,0,None,Website,2024-12-09,1,5300.0,0,0,0
C01916,Aditya,Nair,Germany,,1,Advanced,Referral,2024-12-03,2,13950.0,1,0,0
C01917,Tom,Dubois,India,31.0,0,None,Hotel Partner,2024-12-05,1,13200.0,0,0,0
C01918,Neha,Bakker,India,25.0,0,None,Walk-in,2024-12-11,1,25600.0,0,1,0
C01919,Tom,Kim,Netherlands,33.0,0,Open Water,Referral,2024-12-04,0,,0,0,0
C01920,Sneha,Chowdhury,Russia,,1,Open Water,Referral,2024-12-03,1,3600.0,0,0,0
C01921,Lukas,Nair,India,48.0,0,Advanced,Walk-in,2024-12-04,1,3800.0,0,0,0
C01922,Olga,Iyer,India,44.0,0,None,Website,2024-12-12,1,10900.0,0,0,0
C01923,Noa,Rossi,Israel,37.0,0,None,OTA,2024-12-05,1,12700.0,0,0,0
C01924,Meera,Muller,India,41.0,0,Rescue,Referral,2024-12-05,1,3400.0,0,0,0
C01925,Sneha,Smith,India,34.0,0,None,OTA,2024-12-06,1,4500.0,0,0,0
C01926,Aditya,Gupta,Israel,37.0,0,None,Hotel Partner,2024-12-06,1,9300.0,0,0,0
C01927,Sneha,Muller,India,,1,Open Water,Referral,2024-12-13,1,3300.0,0,0,0
C01928,Sophie,Levi,India,31.0,0,None,Walk-in,2024-12-07,0,,0,0,0
C01929,Olga,Nair,Russia,41.0,0,Open Water,Instagram,2024-12-12,1,15100.0,0,0,0
C01930,Ishaan,Schmidt,India,,1,Open Water,Hotel Partner,2024-12-10,1,24350.0,0,1,0
C01931,Camille,Banerjee,Israel,31.0,0,None,Walk-in,2024-12-11,1,10450.0,0,0,0
C01932,Neha,Jansen,Netherlands,,1,Divemaster,Unknown,2024-12-12,1,7000.0,0,0,0
C01933,Pierre,OConnor,France,30.0,0,Advanced,OTA,2024-12-03,1,11550.0,0,0,0
C01934,Yuki,Rao,United Kingdom,31.0,0,Open Water,Hotel Partner,2024-12-11,1,10650.0,0,0,0
C01935,Sophie,Ivanov,India,31.0,0,None,Walk-in,2024-12-07,1,5700.0,0,0,0
C01936,Yuki,Desai,United States,36.0,0,Advanced,Instagram,2024-12-08,2,7100.0,1,0,0
C01937,Rahul,Rossi,Italy,42.0,0,Open Water,Instagram,2024-12-05,1,3550.0,0,0,0
C01938,Hannah,Dubois,Italy,25.0,0,None,Instagram,2024-12-04,1,25800.0,0,1,0
C01939,Ishaan,Jansen,France,34.0,0,Advanced,Referral,2024-12-07,1,6950.0,0,0,0
C01940,Neha,Muller,Israel,37.0,0,Open Water,Walk-in,2024-12-04,0,,0,0,0
C01941,Noa,Wilson,India,33.0,0,None,Referral,2024-12-06,1,23800.0,0,1,0
C01942,Pooja,Jansen,India,35.0,0,Open Water,OTA,2024-12-09,0,,0,0,0
C01943,Sven,Nair,India,18.0,0,Open Water,Unknown,2024-12-09,1,3850.0,0,0,0
C01944,Marco,Nair,Russia,34.0,0,None,Referral,2024-12-12,1,5200.0,0,0,0
C01945,Olga,Levi,India,39.0,0,Rescue,Referral,2024-12-04,1,3450.0,0,0,0
C01946,James,Levi,Israel,47.0,0,Open Water,Instagram,2024-12-14,1,15300.0,0,0,0
C01947,Lukas,Desai,India,33.0,0,Open Water,OTA,2024-12-08,1,9700.0,0,0,0
C01948,Meera,Cohen,India,42.0,0,Open Water,OTA,2024-12-11,2,9450.0,1,0,0
C01949,Sven,Muller,United States,19.0,0,Open Water,Website,2024-12-11,2,41250.0,1,1,1
C01950,James,Rao,India,17.0,0,Open Water,Walk-in,2024-12-09,0,,0,0,0
C01951,Sarah,Cohen,India,32.0,0,Open Water,OTA,2024-12-04,1,12950.0,0,0,0
C01952,Sneha,Rao,Russia,47.0,0,None,Instagram,2024-12-08,1,5550.0,0,0,0
C01953,Dmitri,Brown,Israel,44.0,0,None,Walk-in,2024-12-05,1,28650.0,0,1,0
C01954,Elena,Sharma,Germany,24.0,0,None,Instagram,2024-12-06,1,5500.0,0,0,0
C01955,Liam,Cohen,India,55.0,0,None,Walk-in,2024-12-07,1,5550.0,0,0,0
C01956,Rahul,Wilson,Germany,40.0,0,Open Water,Hotel Partner,2024-12-10,1,7050.0,0,0,0
C01957,Itai,Ivanov,India,36.0,0,None,Walk-in,2024-12-09,0,,0,0,0
C01958,Siddharth,Muller,India,39.0,0,None,Instagram,2024-12-14,1,5600.0,0,0,0
C01959,Ishaan,Muller,Israel,24.0,0,Open Water,OTA,2024-12-14,0,,0,0,0
C01960,Olga,Jansen,Australia,46.0,0,None,Website,2024-12-14,1,3600.0,0,0,0
C01961,Siddharth,Schmidt,United States,18.0,0,Open Water,Unknown,2024-12-12,1,14800.0,0,0,0
C01962,Pierre,Tanaka,India,47.0,0,None,Website,2024-12-09,1,5100.0,0,0,0
C01963,Anouk,Kulkarni,India,36.0,0,None,OTA,2024-12-11,1,4650.0,0,0,0
C01964,Ravi,Taylor,United Kingdom,42.0,0,Advanced,Referral,2024-12-09,1,14600.0,0,0,0
C01965,Minjun,Menon,United Kingdom,33.0,0,None,Walk-in,2024-12-15,2,10750.0,1,0,0
C01966,Yuki,Chowdhury,India,43.0,0,Open Water,Website,2024-12-11,0,,0,0,0
C01967,Aarav,Smith,Germany,46.0,0,None,Walk-in,2024-12-13,2,41750.0,1,1,0
C01968,Pierre,Nair,United Kingdom,42.0,0,Open Water,Referral,2024-12-13,1,10150.0,0,0,0
C01969,Hannah,Gupta,India,16.0,0,Advanced,Walk-in,2024-12-09,2,38900.0,1,1,0
C01970,Liam,Sharma,Israel,35.0,0,Open Water,OTA,2024-12-09,1,21000.0,0,1,0
C01971,Lukas,Muller,India,,1,Open Water,OTA,2024-12-15,1,5800.0,0,0,0
C01972,Neha,Kulkarni,India,22.0,0,None,Walk-in,2024-12-14,1,5050.0,0,0,0
C01973,Minjun,Cohen,India,27.0,0,None,Instagram,2024-12-13,0,,0,0,0
C01974,Aditya,Gupta,India,29.0,0,Advanced,OTA,2024-12-08,1,3100.0,0,0,0
C01975,Rohan,Ivanov,India,30.0,0,None,OTA,2024-12-10,1,4450.0,0,0,0
C01976,Daniel,Chowdhury,India,22.0,0,None,OTA,2024-12-12,1,4700.0,0,0,0
C01977,Ishaan,Ivanov,Netherlands,48.0,0,Open Water,OTA,2024-12-08,2,23450.0,1,1,0
C01978,Neha,Cohen,India,30.0,0,None,Hotel Partner,2024-12-11,1,25250.0,0,1,0
C01979,Priya,Banerjee,Israel,34.0,0,Open Water,Walk-in,2024-12-09,1,3800.0,0,0,0
C01980,Vikram,Smith,India,33.0,0,None,Unknown,2024-12-13,1,10450.0,0,0,0
C01981,Divya,Patel,India,32.0,0,Advanced,OTA,2024-12-14,0,,0,0,0
C01982,Lukas,Rossi,India,36.0,0,Advanced,Instagram,2024-12-15,1,3700.0,0,0,0
C01983,Rahul,Schmidt,India,33.0,0,None,Hotel Partner,2024-12-18,1,4800.0,0,0,0
C01984,Dmitri,Jansen,India,20.0,0,Open Water,Instagram,2024-12-14,1,26350.0,0,1,0
C01985,Ishaan,Ivanov,Japan,,1,None,Walk-in,2024-12-12,1,11450.0,0,0,0
C01986,Emma,Desai,India,20.0,0,Open Water,Walk-in,2024-12-09,1,7800.0,0,0,0
C01987,Daniel,Smith,India,43.0,0,None,Website,2024-12-14,0,,0,0,0
C01988,Pierre,Park,India,45.0,0,Open Water,Hotel Partner,2024-12-15,1,24650.0,0,1,0
C01989,Camille,Ivanov,India,51.0,0,None,Website,2024-12-14,1,5250.0,0,0,0
C01990,Lukas,OConnor,India,42.0,0,None,OTA,2024-12-17,2,9000.0,1,0,0
C01991,Sven,Kim,Japan,23.0,0,None,Unknown,2024-12-13,1,5100.0,0,0,0
C01992,Neha,Petrova,Netherlands,24.0,0,None,Website,2024-12-18,1,27200.0,0,1,0
C01993,Sven,Wilson,India,42.0,0,Rescue,Website,2024-12-17,0,,0,0,0
C01994,Liam,Patel,Israel,33.0,0,Advanced,Referral,2024-12-18,2,14400.0,1,0,0
C01995,Pierre,Dubois,India,17.0,0,None,Website,2024-12-12,1,10750.0,0,0,0
C01996,Sophie,Banerjee,India,23.0,0,None,Hotel Partner,2024-12-08,0,,0,0,0
C01997,Vikram,Schmidt,India,31.0,0,None,Referral,2024-12-11,1,5400.0,0,0,0
C01998,Daniel,Dubois,India,35.0,0,Open Water,Instagram,2024-12-14,1,10800.0,0,0,0
C01999,Itai,Gupta,India,24.0,0,None,Instagram,2024-12-10,1,5650.0,0,0,0
C02000,Chloe,Muller,India,47.0,0,Advanced,Website,2024-12-10,1,7000.0,0,0,0
C02001,Olga,Levi,United Kingdom,41.0,0,None,Walk-in,2024-12-13,1,26950.0,0,1,0
C02002,Olga,Cohen,France,26.0,0,Advanced,Walk-in,2024-12-17,1,7650.0,0,0,0
C02003,Sarah,Kim,India,12.0,0,None,OTA,2024-12-10,1,6000.0,0,0,0
C02004,Neha,Reddy,Australia,27.0,0,None,Website,2024-12-14,1,5450.0,0,0,0
C02005,Yuki,Kim,Japan,34.0,0,None,Walk-in,2024-12-16,1,28300.0,0,1,0
C02006,Rohan,Kulkarni,India,33.0,0,Open Water,Walk-in,2024-12-18,0,,0,0,0
C02007,Neha,Jansen,India,28.0,0,None,Instagram,2024-12-16,0,,0,0,0
C02008,Anouk,Reddy,India,37.0,0,None,Website,2024-12-15,1,5400.0,0,0,0
C02009,Pooja,Cohen,India,39.0,0,None,Unknown,2024-12-10,1,10700.0,0,0,0
C02010,Rohan,Jansen,India,37.0,0,None,Unknown,2024-12-13,1,3550.0,0,0,0
C02011,Siddharth,Park,India,,1,Advanced,Instagram,2024-12-16,1,10400.0,0,0,0
C02012,Pooja,Jansen,India,48.0,0,None,Unknown,2024-12-17,1,5650.0,0,0,0
C02013,Sarah,Schmidt,India,26.0,0,Advanced,Instagram,2024-12-18,2,11050.0,1,0,0
C02014,Aditya,Brown,Netherlands,,1,Open Water,Walk-in,2024-12-13,2,40850.0,1,1,1
C02015,Noa,Reddy,United Kingdom,36.0,0,Divemaster,Referral,2024-12-19,1,10950.0,0,0,0
C02016,Pooja,Nair,Italy,31.0,0,None,Instagram,2024-12-19,0,,0,0,0
C02017,Itai,Bakker,Japan,27.0,0,None,OTA,2024-12-10,1,20950.0,0,1,0
C02018,Itai,Ivanov,India,28.0,0,None,Website,2024-12-19,1,4950.0,0,0,0
C02019,Chloe,Levi,Germany,35.0,0,None,Referral,2024-12-15,1,5150.0,0,0,0
C02020,Hannah,Kulkarni,India,33.0,0,Advanced,Referral,2024-12-18,1,14700.0,0,0,0
C02021,Marco,Petrova,Netherlands,27.0,0,None,OTA,2024-12-19,1,4100.0,0,0,0
C02022,Ishaan,Sharma,Russia,,1,Open Water,Walk-in,2024-12-14,1,16000.0,0,0,0
C02023,Sarah,Sharma,France,17.0,0,Advanced,Referral,2024-12-13,2,31050.0,1,1,1
C02024,Divya,Kulkarni,South Korea,33.0,0,None,Hotel Partner,2024-12-11,1,4900.0,0,0,0
C02025,Elena,Kim,India,39.0,0,Open Water,Website,2024-12-17,1,27600.0,0,1,0
C02026,Rahul,Rossi,India,31.0,0,None,Website,2024-12-12,0,,0,0,0
C02027,Hannah,Muller,India,42.0,0,Open Water,Walk-in,2024-12-15,1,6950.0,0,0,0
C02028,Liam,Taylor,Japan,19.0,0,Advanced,Referral,2024-12-21,1,3300.0,0,0,0
C02029,Itai,Cohen,Italy,50.0,0,Open Water,Website,2024-12-21,3,37750.0,1,1,0
C02030,Pooja,Kim,Germany,40.0,0,None,Walk-in,2024-12-19,0,,0,0,0
C02031,Itai,Tanaka,Germany,33.0,0,Open Water,Referral,2024-12-18,1,13850.0,0,0,0
C02032,Meera,Ivanov,India,,1,Open Water,Website,2024-12-12,0,,0,0,0
C02033,Tom,Taylor,India,30.0,0,None,Website,2024-12-17,0,,0,0,0
C02034,Divya,Menon,India,42.0,0,None,Referral,2024-12-17,1,10500.0,0,0,0
C02035,Yuki,Kim,India,19.0,0,Open Water,Walk-in,2024-12-14,2,14850.0,1,0,0
C02036,Sven,Rossi,India,34.0,0,Open Water,Website,2024-12-18,1,14750.0,0,0,0
C02037,Priya,Rossi,Russia,54.0,0,None,OTA,2024-12-13,0,,0,0,0
C02038,Liam,Bakker,South Korea,48.0,0,None,Instagram,2024-12-15,0,,0,0,0
C02039,Hannah,Sharma,Germany,43.0,0,None,OTA,2024-12-21,1,3050.0,0,0,0
C02040,Sophie,Ivanov,India,54.0,0,Open Water,Referral,2024-12-17,1,7500.0,0,0,0
C02041,Aditya,Gupta,India,48.0,0,Advanced,Instagram,2024-12-17,0,,0,0,0
C02042,Rohan,Muller,Netherlands,,1,None,Hotel Partner,2024-12-14,2,9700.0,1,0,0
C02043,Dmitri,Chowdhury,South Korea,71.0,0,None,OTA,2024-12-19,0,,0,0,0
C02044,Pooja,Rossi,India,22.0,0,None,OTA,2024-12-13,0,,0,0,0
C02045,Yuki,OConnor,India,32.0,0,None,OTA,2024-12-16,1,4250.0,0,0,0
C02046,Meera,Muller,India,17.0,0,Open Water,OTA,2024-12-21,1,9100.0,0,0,0
C02047,Liam,Banerjee,India,34.0,0,None,OTA,2024-12-22,1,4600.0,0,0,0
C02048,Yuki,Jansen,United Kingdom,,1,Advanced,OTA,2024-12-13,1,11850.0,0,0,0
C02049,Lukas,Levi,United States,33.0,0,None,Referral,2024-12-14,1,5350.0,0,0,0
C02050,Elena,Reddy,India,22.0,0,Open Water,OTA,2024-12-22,1,3250.0,0,0,0
C02051,Elena,Iyer,India,34.0,0,Open Water,OTA,2024-12-15,1,3150.0,0,0,0
C02052,Rahul,Kulkarni,United States,41.0,0,Advanced,Walk-in,2024-12-13,3,18600.0,1,0,0
C02053,Aarav,Nair,India,35.0,0,Rescue,Referral,2024-12-16,1,6950.0,0,0,0
C02054,Neha,Wilson,Germany,48.0,0,Open Water,Unknown,2024-12-22,1,3450.0,0,0,0
C02055,Daniel,Nair,France,42.0,0,Open Water,Hotel Partner,2024-12-18,1,22500.0,0,1,0
C02056,Tom,Tanaka,India,39.0,0,None,OTA,2024-12-15,1,23250.0,0,1,0
C02057,Tom,Rossi,India,,1,None,Website,2024-12-17,0,,0,0,0
C02058,Meera,Petrova,United States,22.0,0,None,OTA,2024-12-23,1,4150.0,0,0,0
C02059,Lukas,Menon,India,53.0,0,None,Walk-in,2024-12-21,1,5450.0,0,0,0
C02060,Ananya,Menon,India,31.0,0,Advanced,Website,2024-12-14,0,,0,0,0
C02061,Noa,Reddy,India,13.0,0,Open Water,Instagram,2024-12-19,1,25900.0,0,1,0
C02062,Ananya,Rossi,India,37.0,0,None,Unknown,2024-12-20,1,5300.0,0,0,0
C02063,Dmitri,OConnor,Israel,19.0,0,Advanced,Walk-in,2024-12-15,1,3600.0,0,0,0
C02064,Rohan,OConnor,Israel,33.0,0,None,Walk-in,2024-12-15,1,5150.0,0,0,0
C02065,Sarah,Rossi,Israel,41.0,0,None,Referral,2024-12-23,1,9550.0,0,0,0
C02066,Ravi,Dubois,India,24.0,0,Open Water,Referral,2024-12-17,1,7050.0,0,0,0
C02067,Hannah,Sharma,India,34.0,0,Open Water,Walk-in,2024-12-21,2,40200.0,1,1,1
C02068,Rohan,Wilson,South Korea,43.0,0,None,Instagram,2024-12-21,2,39150.0,1,1,0
C02069,Emma,Wilson,Russia,39.0,0,Advanced,Instagram,2024-12-18,1,3650.0,0,0,0
C02070,Vikram,Petrova,Israel,,1,Advanced,OTA,2024-12-18,2,29750.0,1,1,1
C02071,Tom,Banerjee,United States,40.0,0,Advanced,Instagram,2024-12-25,0,,0,0,0
C02072,Olga,OConnor,Germany,51.0,0,None,Website,2024-12-21,0,,0,0,0
C02073,Dmitri,Schmidt,India,25.0,0,Open Water,OTA,2024-12-20,2,11650.0,1,0,0
C02074,Aditya,Schmidt,India,38.0,0,None,Website,2024-12-16,2,33050.0,1,1,1
C02075,Kavya,Gupta,South Korea,30.0,0,Open Water,Unknown,2024-12-23,1,0.0,0,0,0
C02076,Tom,Rao,India,59.0,0,Open Water,Walk-in,2024-12-25,1,3950.0,0,0,0
C02077,Marco,Gupta,France,41.0,0,Open Water,Walk-in,2024-12-23,1,27800.0,0,1,0
C02078,Elena,Gupta,India,36.0,0,Open Water,Website,2024-12-26,4,54800.0,1,1,0
C02079,James,Sharma,India,35.0,0,Open Water,Walk-in,2024-12-24,0,,0,0,0
C02080,Karan,Jansen,India,41.0,0,Open Water,Website,2024-12-18,1,3550.0,0,0,0
C02081,Pooja,Rossi,India,28.0,0,None,Website,2024-12-24,2,15650.0,1,0,0
C02082,Siddharth,Cohen,Israel,44.0,0,None,Instagram,2024-12-26,1,25400.0,0,1,0
C02083,Divya,Nair,United Kingdom,48.0,0,Open Water,Website,2024-12-21,2,17100.0,1,0,0
C02084,Emma,Jansen,India,36.0,0,None,Hotel Partner,2024-12-18,1,4800.0,0,0,0
C02085,Sven,Brown,Germany,26.0,0,Open Water,Instagram,2024-12-27,3,18550.0,1,0,0
C02086,Marco,Levi,India,21.0,0,None,OTA,2024-12-20,2,7700.0,1,0,0
C02087,James,OConnor,India,29.0,0,Advanced,Walk-in,2024-12-19,1,11750.0,0,0,0
C02088,Itai,Patel,India,,1,Open Water,Website,2024-12-20,0,,0,0,0
C02089,Ishaan,Petrova,Germany,27.0,0,Divemaster,Hotel Partner,2024-12-20,2,32800.0,1,1,0
C02090,Tom,Petrova,France,,1,None,Walk-in,2024-12-18,1,5200.0,0,0,0
C02091,Noa,OConnor,India,32.0,0,Rescue,Hotel Partner,2024-12-27,1,3350.0,0,0,0
C02092,Ananya,Sharma,India,22.0,0,Rescue,Unknown,2024-12-24,1,9800.0,0,0,0
C02093,Anouk,Kim,Italy,38.0,0,None,Instagram,2024-12-21,1,24500.0,0,1,0
C02094,James,OConnor,Russia,27.0,0,None,Instagram,2024-12-22,1,5200.0,0,0,0
C02095,Lukas,Nair,Italy,,1,None,OTA,2024-12-27,1,4600.0,0,0,0
C02096,Daniel,Desai,Netherlands,39.0,0,Open Water,Hotel Partner,2024-12-21,2,17050.0,1,0,0
C02097,Priya,Bakker,United Kingdom,36.0,0,Open Water,Walk-in,2024-12-27,1,3500.0,0,0,0
C02098,Pierre,Wilson,India,24.0,0,Open Water,Referral,2024-12-28,1,10000.0,0,0,0
C02099,Meera,Dubois,India,30.0,0,Open Water,Referral,2024-12-28,1,9950.0,0,0,0
C02100,Dmitri,Iyer,India,32.0,0,Advanced,Instagram,2024-12-27,2,14050.0,1,0,0
C02101,Divya,Schmidt,India,14.0,0,Advanced,Walk-in,2024-12-25,1,14700.0,0,0,0
C02102,Ishaan,Rao,India,46.0,0,None,OTA,2024-12-28,1,4750.0,0,0,0
C02103,Aditya,Patel,Russia,17.0,0,Advanced,Website,2024-12-26,2,22100.0,1,0,0
C02104,Emma,Tanaka,India,19.0,0,Open Water,OTA,2024-12-24,1,12550.0,0,0,0
C02105,Aarav,Jansen,India,33.0,0,None,Website,2024-12-18,1,5600.0,0,0,0
C02106,Pooja,Muller,India,49.0,0,Open Water,Unknown,2024-12-27,1,3200.0,0,0,0
C02107,Elena,Desai,Netherlands,32.0,0,Advanced,OTA,2024-12-28,1,9250.0,0,0,0
C02108,Ananya,Ivanov,Russia,40.0,0,Advanced,Website,2024-12-21,0,,0,0,0
C02109,Aditya,Gupta,Netherlands,45.0,0,Rescue,OTA,2024-12-27,1,6550.0,0,0,0
C02110,Arjun,Smith,Australia,34.0,0,None,Website,2024-12-24,1,5450.0,0,0,0
C02111,Rohan,Brown,India,19.0,0,Open Water,Hotel Partner,2024-12-26,2,28300.0,1,1,1
C02112,Ravi,Brown,United Kingdom,39.0,0,None,Hotel Partner,2024-12-22,1,9750.0,0,0,0
C02113,Pierre,Iyer,Australia,41.0,0,None,Walk-in,2024-12-27,1,27750.0,0,1,0
C02114,Olga,Gupta,India,19.0,0,Open Water,Hotel Partner,2024-12-27,1,3450.0,0,0,0
C02115,Hannah,Dubois,Israel,28.0,0,None,Referral,2024-12-19,1,9500.0,0,0,0
C02116,Neha,Cohen,Israel,45.0,0,Advanced,Referral,2024-12-28,0,,0,0,0
C02117,Vikram,Banerjee,India,41.0,0,None,Referral,2024-12-28,1,5450.0,0,0,0
C02118,Itai,Gupta,Germany,35.0,0,Open Water,Walk-in,2024-12-19,2,22200.0,1,0,0
C02119,Liam,Jansen,India,27.0,0,Open Water,Referral,2024-12-29,1,3450.0,0,0,0
C02120,Chloe,Park,Italy,46.0,0,Open Water,Hotel Partner,2024-12-23,1,12850.0,0,0,0
C02121,Kavya,Nair,Israel,50.0,0,Advanced,Unknown,2024-12-27,2,7600.0,1,0,0
C02122,Dmitri,Taylor,United Kingdom,12.0,0,Advanced,Walk-in,2024-12-19,1,7500.0,0,0,0
C02123,Sven,Desai,Netherlands,22.0,0,None,Website,2024-12-21,1,5600.0,0,0,0
C02124,Marco,OConnor,India,37.0,0,None,Walk-in,2024-12-23,2,9150.0,1,0,0
C02125,Neha,OConnor,India,39.0,0,Rescue,Instagram,2024-12-27,1,3600.0,0,0,0
C02126,Tom,Taylor,India,29.0,0,Open Water,Instagram,2024-12-25,1,3550.0,0,0,0
C02127,Dmitri,Smith,Japan,43.0,0,Advanced,Website,2024-12-26,1,7350.0,0,0,0
C02128,Sophie,Banerjee,France,,1,None,Instagram,2024-12-25,1,28300.0,0,1,0
C02129,Dmitri,Levi,India,27.0,0,None,Referral,2024-12-22,2,29600.0,1,1,0
C02130,Aarav,Cohen,Japan,36.0,0,None,OTA,2024-12-27,1,4750.0,0,0,0
C02131,Liam,Rossi,Russia,27.0,0,None,Walk-in,2024-12-26,2,9000.0,1,0,0
C02132,Sophie,Patel,India,37.0,0,Open Water,Website,2024-12-28,1,27000.0,0,1,0
C02133,Chloe,Smith,India,32.0,0,None,Instagram,2024-12-27,2,8450.0,1,0,0
C02134,Sven,Sharma,India,21.0,0,Advanced,Referral,2024-12-20,1,7250.0,0,0,0
C02135,Hannah,OConnor,Russia,49.0,0,Open Water,OTA,2024-12-30,1,3100.0,0,0,0
C02136,Lukas,Reddy,India,45.0,0,Advanced,Hotel Partner,2024-12-30,1,6700.0,0,0,0
C02137,Tom,Schmidt,India,21.0,0,Advanced,Walk-in,2024-12-24,1,3450.0,0,0,0
C02138,Karan,Nair,India,24.0,0,None,Referral,2024-12-31,1,24700.0,0,1,0
C02139,Chloe,Jansen,Israel,27.0,0,Advanced,Walk-in,2024-12-31,2,7250.0,1,0,0
C02140,Divya,Petrova,South Korea,24.0,0,Open Water,Walk-in,2024-12-24,1,11650.0,0,0,0
C02141,Rahul,Ivanov,India,,1,None,Walk-in,2024-12-21,1,5400.0,0,0,0
C02142,Karan,Menon,Japan,47.0,0,Open Water,OTA,2024-12-26,1,9550.0,0,0,0
C02143,Kavya,Cohen,Germany,,1,Open Water,Unknown,2024-12-24,1,8000.0,0,0,0
C02144,Vikram,Sharma,India,37.0,0,None,Referral,2024-12-22,1,5300.0,0,0,0
C02145,Sven,Jansen,Russia,20.0,0,Open Water,OTA,2024-12-23,1,6250.0,0,0,0
C02146,Sophie,Petrova,India,36.0,0,Open Water,Hotel Partner,2025-01-01,1,9850.0,0,0,0
C02147,Elena,Ivanov,India,37.0,0,Advanced,Unknown,2024-12-22,2,11550.0,1,0,0
C02148,Emma,Tanaka,United States,44.0,0,None,Unknown,2024-12-23,3,51300.0,1,1,1
C02149,Kavya,Cohen,India,52.0,0,None,Website,2024-12-24,1,9900.0,0,0,0
C02150,Sven,Kulkarni,Germany,29.0,0,None,Unknown,2024-12-30,2,52000.0,1,1,0
C02151,Kavya,Menon,India,37.0,0,None,Referral,2024-12-25,1,5450.0,0,0,0
C02152,Divya,OConnor,India,,1,None,OTA,2024-12-31,1,21600.0,0,1,0
C02153,Pierre,Kim,United Kingdom,29.0,0,None,Website,2024-12-27,1,10050.0,0,0,0
C02154,Arjun,Wilson,India,34.0,0,None,Website,2024-12-23,1,25350.0,0,1,0
C02155,Olga,Kim,Netherlands,27.0,0,None,OTA,2024-12-23,2,10000.0,1,0,0
C02156,Kavya,Jansen,Russia,30.0,0,Advanced,Hotel Partner,2024-12-24,1,26000.0,0,1,0
C02157,Meera,Kulkarni,Russia,38.0,0,Advanced,Instagram,2024-12-24,1,7800.0,0,0,0
C02158,Elena,Brown,Russia,41.0,0,None,OTA,2024-12-23,1,4250.0,0,0,0
C02159,Olga,Menon,India,14.0,0,None,OTA,2024-12-28,1,4400.0,0,0,0
C02160,Sneha,Banerjee,India,34.0,0,None,Unknown,2024-12-27,1,27700.0,0,1,0
C02161,Priya,Gupta,India,30.0,0,Open Water,Website,2024-12-27,1,3650.0,0,0,0
C02162,Vikram,Kulkarni,India,26.0,0,None,OTA,2024-12-23,1,4700.0,0,0,0
C02163,Sophie,Wilson,India,41.0,0,Open Water,Unknown,2024-12-31,2,19550.0,1,0,0
C02164,Pooja,Ivanov,India,40.0,0,Open Water,OTA,2024-12-27,1,22250.0,0,1,0
C02165,Sarah,Muller,India,34.0,0,Rescue,Walk-in,2024-12-25,0,,0,0,0
C02166,Sarah,Rossi,India,32.0,0,Rescue,OTA,2024-12-23,0,,0,0,0
C02167,Hannah,Wilson,Australia,54.0,0,Open Water,Website,2024-12-29,1,3400.0,0,0,0
C02168,Minjun,Menon,India,41.0,0,None,Referral,2024-12-28,2,29050.0,1,1,1
C02169,Pierre,Smith,Italy,48.0,0,Advanced,Unknown,2024-12-24,2,17050.0,1,0,0
C02170,Dmitri,Gupta,India,47.0,0,Divemaster,Hotel Partner,2024-12-24,0,,0,0,0
C02171,Rohan,Dubois,India,18.0,0,None,Website,2024-12-31,1,5400.0,0,0,0
C02172,Dmitri,Rossi,Japan,45.0,0,Open Water,Unknown,2024-12-29,1,3500.0,0,0,0
C02173,Sneha,Patel,Israel,26.0,0,Open Water,Hotel Partner,2024-12-26,1,14300.0,0,0,0
C02174,James,Menon,India,12.0,0,Open Water,Website,2024-12-31,1,3750.0,0,0,0
C02175,Priya,Jansen,India,32.0,0,Open Water,OTA,2024-12-28,2,9650.0,1,0,0
C02176,Olga,Desai,Germany,18.0,0,Advanced,Walk-in,2025-01-03,1,14650.0,0,0,0
C02177,Liam,Menon,France,51.0,0,Open Water,Referral,2024-12-25,1,6900.0,0,0,0
C02178,Emma,Jansen,India,35.0,0,None,Referral,2024-12-25,1,5100.0,0,0,0
C02179,Dmitri,Gupta,India,30.0,0,None,Instagram,2025-01-01,1,5400.0,0,0,0
C02180,Rahul,Kulkarni,India,36.0,0,None,Unknown,2025-01-03,1,4450.0,0,0,0
C02181,Liam,Reddy,United States,37.0,0,Rescue,Unknown,2024-12-26,1,3450.0,0,0,0
C02182,Arjun,Iyer,Russia,49.0,0,Open Water,Walk-in,2024-12-28,1,7700.0,0,0,0
C02183,Ishaan,Gupta,India,29.0,0,Rescue,OTA,2025-01-03,1,9100.0,0,0,0
C02184,Rohan,Petrova,France,39.0,0,Open Water,Referral,2024-12-25,1,10550.0,0,0,0
C02185,Ishaan,Menon,United Kingdom,24.0,0,Open Water,Walk-in,2024-12-30,1,7250.0,0,0,0
C02186,Liam,Brown,United Kingdom,43.0,0,None,OTA,2024-12-27,0,,0,0,0
C02187,Tom,Bakker,India,40.0,0,Advanced,Walk-in,2025-01-04,1,0.0,0,1,0
C02188,Marco,Jansen,India,24.0,0,None,Hotel Partner,2025-01-04,1,4850.0,0,0,0
C02189,Itai,Rossi,India,12.0,0,Advanced,Walk-in,2025-01-02,1,7000.0,0,0,0
C02190,Dmitri,Rossi,France,48.0,0,None,Unknown,2024-12-27,1,9400.0,0,0,0
C02191,Pierre,Wilson,India,38.0,0,Advanced,Walk-in,2025-01-01,1,14050.0,0,0,0
C02192,Rahul,Bakker,Russia,40.0,0,Rescue,Unknown,2025-01-03,1,14150.0,0,0,0
C02193,Elena,Cohen,Russia,41.0,0,None,OTA,2024-12-28,1,4250.0,0,0,0
C02194,Camille,Reddy,India,35.0,0,Advanced,Instagram,2025-01-04,1,11150.0,0,0,0
C02195,Sophie,Cohen,France,38.0,0,Open Water,Walk-in,2025-01-03,1,14850.0,0,0,0
C02196,Elena,Desai,Japan,29.0,0,Rescue,Walk-in,2025-01-01,1,15300.0,0,0,0
C02197,Pooja,Brown,United Kingdom,30.0,0,None,Hotel Partner,2025-01-04,1,22950.0,0,1,0
C02198,Aarav,Brown,France,30.0,0,Open Water,Hotel Partner,2025-01-01,0,,0,0,0
C02199,Arjun,Muller,India,40.0,0,Open Water,Hotel Partner,2025-01-04,1,23550.0,0,1,0
C02200,Sarah,Rossi,Israel,33.0,0,None,Hotel Partner,2024-12-31,0,,0,0,0
C02201,Sarah,Petrova,Israel,18.0,0,Divemaster,Referral,2024-12-30,1,3500.0,0,0,0
C02202,Ishaan,Gupta,India,,1,Advanced,Website,2025-01-06,1,3700.0,0,0,0
C02203,Aarav,Menon,Russia,39.0,0,Rescue,Walk-in,2025-01-04,1,3950.0,0,0,0
C02204,Sarah,Ivanov,India,49.0,0,None,Instagram,2024-12-30,1,5000.0,0,0,0
C02205,Sneha,Rossi,India,34.0,0,None,OTA,2025-01-04,0,,0,0,0
C02206,Ravi,Ivanov,United Kingdom,35.0,0,None,Website,2024-12-28,0,,0,0,0
C02207,Ishaan,Cohen,India,,1,Open Water,Walk-in,2024-12-29,2,22500.0,1,0,0
C02208,Pooja,Chowdhury,India,36.0,0,None,Website,2025-01-01,1,5150.0,0,0,0
C02209,Aarav,Wilson,Germany,25.0,0,Divemaster,Referral,2025-01-02,1,7500.0,0,0,0
C02210,Pierre,Brown,India,23.0,0,None,OTA,2024-12-30,2,28700.0,1,1,1
C02211,Ananya,Taylor,South Korea,37.0,0,Rescue,OTA,2024-12-31,1,3050.0,0,0,0
C02212,Chloe,Iyer,India,26.0,0,Open Water,Walk-in,2025-01-03,2,7550.0,1,0,0
C02213,Karan,Rao,India,45.0,0,Open Water,OTA,2024-12-27,0,,0,0,0
C02214,Sophie,Patel,South Korea,39.0,0,None,Unknown,2024-12-31,1,4300.0,0,0,0
C02215,Elena,Kim,India,40.0,0,Open Water,Walk-in,2025-01-05,0,,0,0,0
C02216,Chloe,Brown,India,26.0,0,Open Water,Hotel Partner,2025-01-07,1,22600.0,0,1,0
C02217,Priya,Sharma,India,29.0,0,None,Website,2024-12-31,1,26300.0,0,1,0
C02218,Tom,Rao,India,36.0,0,None,Instagram,2024-12-28,2,9150.0,1,0,0
C02219,Sarah,Kulkarni,France,19.0,0,Open Water,Website,2024-12-31,1,6800.0,0,0,0
C02220,Liam,Bakker,India,38.0,0,Advanced,Website,2025-01-01,1,7400.0,0,0,0
C02221,Sven,Menon,India,33.0,0,None,Unknown,2024-12-28,2,10900.0,1,0,0
C02222,Yuki,Kim,India,15.0,0,None,OTA,2024-12-31,0,,0,0,0
C02223,Minjun,Wilson,India,35.0,0,Open Water,Website,2025-01-06,1,3500.0,0,0,0
C02224,Dmitri,Reddy,India,47.0,0,None,Unknown,2025-01-06,1,4400.0,0,0,0
C02225,Emma,Cohen,Germany,35.0,0,Advanced,Instagram,2025-01-04,0,,0,0,0
C02226,Sarah,Jansen,India,26.0,0,None,Walk-in,2024-12-30,2,7550.0,1,0,0
C02227,Kavya,OConnor,India,32.0,0,None,Website,2025-01-04,1,5550.0,0,0,0
C02228,Elena,Chowdhury,India,29.0,0,None,Instagram,2025-01-08,1,4950.0,0,0,0
C02229,Minjun,Tanaka,Germany,46.0,0,Open Water,Website,2025-01-01,1,7250.0,0,0,0
C02230,Emma,Smith,France,15.0,0,None,Unknown,2025-01-07,1,4650.0,0,0,0
C02231,Siddharth,Smith,United Kingdom,31.0,0,None,Referral,2025-01-08,1,26050.0,0,1,0
C02232,Pooja,Chowdhury,India,47.0,0,Open Water,Website,2025-01-01,0,,0,0,0
C02233,Liam,Petrova,United Kingdom,36.0,0,None,Unknown,2025-01-06,1,9100.0,0,0,0
C02234,Pooja,Ivanov,India,22.0,0,None,Instagram,2025-01-02,1,27500.0,0,1,0
C02235,Sophie,Petrova,Netherlands,35.0,0,None,Unknown,2025-01-03,1,5550.0,0,0,0
C02236,Camille,Park,Russia,34.0,0,Open Water,Unknown,2025-01-06,3,40350.0,1,1,1
C02237,Sophie,Reddy,United Kingdom,26.0,0,None,Referral,2025-01-05,1,5150.0,0,0,0
C02238,Ravi,Gupta,Germany,30.0,0,None,Referral,2025-01-06,1,4850.0,0,0,0
C02239,Pierre,Nair,India,40.0,0,None,Unknown,2025-01-08,1,9200.0,0,0,0
C02240,Sven,Menon,India,40.0,0,Open Water,Hotel Partner,2025-01-09,1,24400.0,0,1,0
C02241,Hannah,Cohen,United Kingdom,31.0,0,None,Unknown,2024-12-31,1,4900.0,0,0,0
C02242,Kavya,Nair,India,27.0,0,None,Hotel Partner,2025-01-08,1,10300.0,0,0,0
C02243,Ananya,Rossi,United Kingdom,39.0,0,Advanced,Hotel Partner,2025-01-03,1,13800.0,0,0,0
C02244,Olga,Iyer,Israel,36.0,0,Rescue,Unknown,2025-01-07,1,7450.0,0,0,0
C02245,Itai,Taylor,India,29.0,0,None,Referral,2025-01-09,0,,0,0,0
C02246,Emma,OConnor,Netherlands,24.0,0,Advanced,Walk-in,2025-01-02,1,3950.0,0,0,0
C02247,Rahul,Reddy,India,43.0,0,Open Water,Referral,2025-01-03,2,7200.0,1,0,0
C02248,James,Ivanov,India,33.0,0,Open Water,Referral,2025-01-08,1,7400.0,0,0,0
C02249,Sven,Banerjee,India,35.0,0,None,Hotel Partner,2025-01-08,0,,0,0,0
C02250,Anouk,Rao,United States,32.0,0,Divemaster,Walk-in,2025-01-04,1,7950.0,0,0,0
C02251,Elena,Levi,India,22.0,0,Open Water,Website,2025-01-08,1,14400.0,0,0,0
C02252,Rahul,Patel,India,21.0,0,None,Website,2025-01-06,1,5550.0,0,0,0
C02253,Pierre,Reddy,India,37.0,0,None,Walk-in,2025-01-10,0,,0,0,0
C02254,Elena,Bakker,India,36.0,0,None,OTA,2025-01-10,0,,0,0,0
C02255,Ananya,Brown,India,37.0,0,None,Walk-in,2025-01-06,2,30400.0,1,1,0
C02256,Karan,Bakker,India,37.0,0,Advanced,Instagram,2024-12-31,1,14950.0,0,0,0
C02257,Priya,Patel,India,30.0,0,None,OTA,2025-01-04,2,7500.0,1,0,0
C02258,Arjun,Levi,Japan,25.0,0,Open Water,Website,2025-01-06,1,3700.0,0,0,0
C02259,Yuki,Kulkarni,India,36.0,0,Open Water,OTA,2025-01-09,1,6200.0,0,0,0
C02260,Camille,Tanaka,India,32.0,0,None,Hotel Partner,2025-01-05,0,,0,0,0
C02261,James,OConnor,United Kingdom,32.0,0,Open Water,Website,2025-01-09,2,15100.0,1,0,0
C02262,Vikram,Reddy,India,22.0,0,None,Website,2025-01-05,2,53200.0,1,1,0
C02263,Chloe,Nair,India,40.0,0,None,OTA,2025-01-10,1,4550.0,0,0,0
C02264,Vikram,Cohen,India,44.0,0,None,Walk-in,2025-01-06,1,27450.0,0,1,0
C02265,Siddharth,Iyer,India,29.0,0,None,Walk-in,2025-01-02,1,5750.0,0,0,0
C02266,Liam,Kulkarni,Germany,22.0,0,Rescue,Hotel Partner,2025-01-02,1,3600.0,0,0,0
C02267,Olga,Ivanov,India,,1,Advanced,Walk-in,2025-01-04,0,,0,0,0
C02268,Tom,Muller,India,37.0,0,None,Instagram,2025-01-03,1,24750.0,0,1,0
C02269,Aditya,Petrova,India,37.0,0,None,Instagram,2025-01-11,1,4950.0,0,0,0
C02270,Tom,Menon,India,23.0,0,Open Water,Unknown,2025-01-11,3,55900.0,1,1,1
C02271,Priya,Jansen,India,37.0,0,None,Website,2025-01-04,1,5250.0,0,0,0
C02272,Aditya,Dubois,India,,1,Open Water,Unknown,2025-01-08,1,7400.0,0,0,0
C02273,Kavya,Levi,Israel,34.0,0,None,Website,2025-01-06,1,4850.0,0,0,0
C02274,Sven,Desai,Russia,36.0,0,Open Water,OTA,2025-01-12,1,3200.0,0,0,0
C02275,Ravi,Tanaka,Netherlands,22.0,0,Advanced,Instagram,2025-01-06,1,24700.0,0,1,0
C02276,Hannah,Dubois,United States,32.0,0,Advanced,Website,2025-01-03,1,3650.0,0,0,0
C02277,Chloe,Kim,United States,34.0,0,Open Water,Instagram,2025-01-10,1,15150.0,0,0,0
C02278,Itai,Brown,India,23.0,0,Open Water,Website,2025-01-09,1,26550.0,0,1,0
C02279,Elena,Rossi,South Korea,20.0,0,None,Unknown,2025-01-10,1,5300.0,0,0,0
C02280,Karan,Brown,South Korea,27.0,0,None,Walk-in,2025-01-12,1,5550.0,0,0,0
C02281,Rohan,Park,India,41.0,0,Open Water,Hotel Partner,2025-01-05,2,14150.0,1,0,0
C02282,Aarav,Muller,India,38.0,0,Open Water,Walk-in,2025-01-08,1,11200.0,0,0,0
C02283,Olga,Smith,India,41.0,0,Advanced,Instagram,2025-01-06,1,6850.0,0,0,0
C02284,Sven,Menon,India,,1,None,Website,2025-01-09,2,15200.0,1,0,0
C02285,Yuki,Rossi,India,38.0,0,None,Website,2025-01-03,2,33050.0,1,1,0
C02286,Ravi,Rossi,India,34.0,0,Advanced,Hotel Partner,2025-01-11,1,3350.0,0,0,0
C02287,Dmitri,Tanaka,India,26.0,0,None,Hotel Partner,2025-01-04,1,5100.0,0,0,0
C02288,Chloe,Tanaka,India,12.0,0,Advanced,Website,2025-01-07,1,7750.0,0,0,0
C02289,Minjun,Dubois,United Kingdom,33.0,0,None,Website,2025-01-14,1,5400.0,0,0,0
C02290,Neha,Menon,Netherlands,46.0,0,Open Water,OTA,2025-01-04,2,22600.0,1,0,0
C02291,Sneha,Park,Russia,28.0,0,None,OTA,2025-01-06,1,2950.0,0,0,0
C02292,Emma,Taylor,Israel,17.0,0,None,Walk-in,2025-01-04,1,11450.0,0,0,0
C02293,Ananya,Jansen,India,43.0,0,Advanced,Walk-in,2025-01-08,1,3850.0,0,0,0
C02294,Olga,Smith,India,21.0,0,Advanced,Website,2025-01-05,1,10200.0,0,0,0
C02295,Kavya,Tanaka,Germany,29.0,0,None,Website,2025-01-06,2,32400.0,1,1,0
C02296,Olga,Reddy,India,,1,Advanced,Walk-in,2025-01-06,1,3850.0,0,0,0
C02297,Sarah,Taylor,India,47.0,0,Divemaster,Referral,2025-01-09,1,10300.0,0,0,0
C02298,Neha,Rossi,Israel,34.0,0,None,Unknown,2025-01-14,0,,0,0,0
C02299,Meera,Ivanov,Netherlands,33.0,0,None,Unknown,2025-01-07,1,5400.0,0,0,0
C02300,Arjun,Kim,South Korea,49.0,0,Advanced,Walk-in,2025-01-09,1,15700.0,0,0,0
C02301,Ananya,Rao,Australia,,1,Open Water,Walk-in,2025-01-07,1,15750.0,0,0,0
C02302,Pooja,Cohen,United Kingdom,36.0,0,None,Referral,2025-01-08,1,4900.0,0,0,0
C02303,Meera,Rao,Russia,29.0,0,Open Water,Referral,2025-01-08,1,10750.0,0,0,0
C02304,Sarah,Chowdhury,United Kingdom,24.0,0,Advanced,OTA,2025-01-05,0,,0,0,0
C02305,Pooja,Sharma,Israel,38.0,0,Advanced,Website,2025-01-10,2,40100.0,1,1,0
C02306,Ishaan,Petrova,India,35.0,0,None,Website,2025-01-15,1,5200.0,0,0,0
C02307,Vikram,Petrova,India,49.0,0,None,Hotel Partner,2025-01-11,0,,0,0,0
C02308,Anouk,Chowdhury,India,43.0,0,None,OTA,2025-01-12,1,4350.0,0,0,0
C02309,Ananya,Brown,India,28.0,0,None,Walk-in,2025-01-11,1,25200.0,0,1,0
C02310,Pooja,Patel,Israel,26.0,0,Open Water,OTA,2025-01-12,2,21250.0,1,0,0
C02311,Olga,Sharma,South Korea,33.0,0,Open Water,Referral,2025-01-13,1,24050.0,0,1,0
C02312,Elena,Nair,India,13.0,0,None,Walk-in,2025-01-12,1,5800.0,0,0,0
C02313,Neha,Rao,India,33.0,0,None,Website,2025-01-11,1,9950.0,0,0,0
C02314,Karan,Reddy,Germany,41.0,0,None,OTA,2025-01-08,1,4600.0,0,0,0
C02315,Pierre,Reddy,India,,1,Advanced,Hotel Partner,2025-01-08,1,3500.0,0,0,0
C02316,Rohan,Bakker,India,27.0,0,Open Water,Walk-in,2025-01-12,1,7200.0,0,0,0
C02317,Elena,Bakker,India,26.0,0,None,Website,2025-01-13,1,5400.0,0,0,0
C02318,Arjun,Iyer,India,29.0,0,Advanced,Unknown,2025-01-08,1,3750.0,0,0,0
C02319,Meera,Park,India,17.0,0,Advanced,Instagram,2025-01-14,1,3800.0,0,0,0
C02320,Ishaan,Dubois,India,29.0,0,Open Water,Walk-in,2025-01-16,1,3600.0,0,0,0
C02321,Anouk,Rossi,India,53.0,0,Rescue,Hotel Partner,2025-01-11,2,19750.0,1,0,0
C02322,Pierre,Gupta,India,19.0,0,None,Walk-in,2025-01-11,1,11550.0,0,0,0
C02323,Noa,Bakker,United Kingdom,33.0,0,Advanced,Hotel Partner,2025-01-16,0,,0,0,0
C02324,Aditya,Banerjee,Netherlands,54.0,0,Advanced,Walk-in,2025-01-07,1,11000.0,0,0,0
C02325,Aarav,Dubois,India,25.0,0,Open Water,Website,2025-01-08,1,10150.0,0,0,0
C02326,Aditya,Levi,Japan,41.0,0,Rescue,Walk-in,2025-01-11,0,,0,0,0
C02327,Pierre,Patel,Germany,16.0,0,None,Website,2025-01-09,1,5350.0,0,0,0
C02328,Minjun,Reddy,India,26.0,0,None,OTA,2025-01-09,0,,0,0,0
C02329,Marco,Nair,Germany,32.0,0,None,Walk-in,2025-01-07,1,5300.0,0,0,0
C02330,Itai,Jansen,India,34.0,0,Open Water,Website,2025-01-10,1,14050.0,0,0,0
C02331,Elena,Brown,India,27.0,0,Open Water,Walk-in,2025-01-07,1,25900.0,0,1,0
C02332,Marco,Nair,Israel,44.0,0,Rescue,OTA,2025-01-08,0,,0,0,0
C02333,Pooja,Wilson,Russia,43.0,0,Open Water,Instagram,2025-01-07,3,35150.0,1,0,0
C02334,Liam,Wilson,India,15.0,0,Open Water,Unknown,2025-01-15,1,6650.0,0,0,0
C02335,Sneha,Petrova,India,59.0,0,None,Hotel Partner,2025-01-07,1,4750.0,0,0,0
C02336,Siddharth,Nair,Russia,36.0,0,Open Water,OTA,2025-01-16,1,3200.0,0,0,0
C02337,Emma,Kulkarni,United Kingdom,31.0,0,None,Walk-in,2025-01-16,0,,0,0,0
C02338,Yuki,Muller,Japan,34.0,0,None,Walk-in,2025-01-07,2,10850.0,1,0,0
C02339,Elena,OConnor,India,14.0,0,None,OTA,2025-01-15,1,4100.0,0,0,0
C02340,Tom,Wilson,India,27.0,0,Open Water,Website,2025-01-09,1,14850.0,0,0,0
C02341,Daniel,Chowdhury,India,33.0,0,None,Hotel Partner,2025-01-11,1,4600.0,0,0,0
C02342,Ananya,Levi,United Kingdom,28.0,0,Open Water,Unknown,2025-01-08,3,32200.0,1,1,1
C02343,Divya,Taylor,India,38.0,0,Open Water,Walk-in,2025-01-12,1,7850.0,0,0,0
C02344,Chloe,Bakker,Russia,50.0,0,Advanced,OTA,2025-01-14,1,5700.0,0,0,0
C02345,Daniel,OConnor,United Kingdom,30.0,0,Advanced,Referral,2025-01-12,1,3550.0,0,0,0
C02346,Olga,Ivanov,India,,1,Open Water,Instagram,2025-01-16,1,6750.0,0,0,0
C02347,Elena,Chowdhury,India,27.0,0,None,Walk-in,2025-01-13,1,5500.0,0,0,0
C02348,Emma,Gupta,Israel,,1,Open Water,Website,2025-01-14,1,14400.0,0,0,0
C02349,Neha,Dubois,United Kingdom,20.0,0,None,Website,2025-01-16,1,5200.0,0,0,0
C02350,Camille,Tanaka,India,17.0,0,Divemaster,Referral,2025-01-14,1,11000.0,0,0,0
C02351,Kavya,Dubois,Netherlands,16.0,0,None,OTA,2025-01-17,1,8550.0,0,0,0
C02352,Pooja,Desai,Russia,20.0,0,Advanced,OTA,2025-01-15,1,12750.0,0,0,0
C02353,Ishaan,Chowdhury,India,29.0,0,None,Website,2025-01-18,1,5500.0,0,0,0
C02354,Sven,Bakker,India,15.0,0,None,Instagram,2025-01-16,1,26200.0,0,1,0
C02355,Dmitri,Jansen,United States,15.0,0,Open Water,Instagram,2025-01-15,0,,0,0,0
C02356,Aarav,Desai,South Korea,26.0,0,Rescue,Unknown,2025-01-14,1,11200.0,0,0,0
C02357,Camille,Menon,Israel,71.0,0,None,Instagram,2025-01-14,1,27050.0,0,1,0
C02358,Divya,Bakker,India,25.0,0,None,Referral,2025-01-14,1,5350.0,0,0,0
C02359,Hannah,Rossi,India,34.0,0,None,Website,2025-01-11,0,,0,0,0
C02360,Pierre,Levi,South Korea,25.0,0,None,Referral,2025-01-16,1,5100.0,0,0,0
C02361,Priya,Rossi,United Kingdom,22.0,0,None,Walk-in,2025-01-17,0,,0,0,0
C02362,Chloe,Kim,South Korea,34.0,0,None,OTA,2025-01-12,1,4250.0,0,0,0
C02363,Liam,Iyer,India,28.0,0,None,Walk-in,2025-01-14,1,5800.0,0,0,0
C02364,Hannah,Levi,Russia,28.0,0,Divemaster,OTA,2025-01-13,2,11800.0,1,0,0
C02365,Minjun,Desai,India,24.0,0,Advanced,Walk-in,2025-01-18,2,11650.0,1,0,0
C02366,Pooja,Wilson,United Kingdom,37.0,0,Advanced,Unknown,2025-01-15,2,13500.0,1,0,0
C02367,Siddharth,OConnor,United Kingdom,25.0,0,None,OTA,2025-01-20,1,4500.0,0,0,0
C02368,Kavya,Sharma,India,51.0,0,Advanced,Hotel Partner,2025-01-10,1,6800.0,0,0,0
C02369,Rahul,Rossi,India,41.0,0,Open Water,Unknown,2025-01-10,1,10700.0,0,0,0
C02370,Sven,Iyer,United Kingdom,36.0,0,None,Hotel Partner,2025-01-19,1,23600.0,0,1,0
C02371,Dmitri,Ivanov,India,35.0,0,Open Water,Referral,2025-01-10,1,3300.0,0,0,0
C02372,Camille,Park,Japan,,1,None,Hotel Partner,2025-01-16,1,24450.0,0,1,0
C02373,Pierre,Desai,United Kingdom,28.0,0,Advanced,Unknown,2025-01-17,1,6900.0,0,0,0
C02374,Hannah,Menon,India,39.0,0,Open Water,OTA,2025-01-15,1,6200.0,0,0,0
C02375,Sarah,Park,India,44.0,0,None,Walk-in,2025-01-17,1,25800.0,0,1,0
C02376,Minjun,Park,India,47.0,0,None,Unknown,2025-01-14,1,26150.0,0,1,0
C02377,Ishaan,Rao,Germany,,1,None,Instagram,2025-01-17,2,10850.0,1,0,0
C02378,Kavya,Ivanov,France,43.0,0,None,Hotel Partner,2025-01-19,1,4700.0,0,0,0
C02379,Rahul,Petrova,India,45.0,0,Advanced,Walk-in,2025-01-15,0,,0,0,0
C02380,Chloe,Iyer,India,,1,Open Water,Referral,2025-01-17,2,14500.0,1,0,0
C02381,Kavya,Patel,India,36.0,0,None,Hotel Partner,2025-01-18,0,,0,0,0
C02382,Tom,Dubois,India,40.0,0,None,Website,2025-01-16,1,5500.0,0,0,0
C02383,Marco,Petrova,Israel,41.0,0,None,Website,2025-01-14,1,5250.0,0,0,0
C02384,Yuki,Levi,United Kingdom,36.0,0,None,Walk-in,2025-01-17,1,5600.0,0,0,0
C02385,Chloe,Chowdhury,Israel,16.0,0,None,Referral,2025-01-13,1,4900.0,0,0,0
C02386,Liam,Banerjee,India,30.0,0,Open Water,OTA,2025-01-21,0,,0,0,0
C02387,Sven,Menon,India,12.0,0,Open Water,Referral,2025-01-20,3,41050.0,1,1,1
C02388,Daniel,OConnor,India,42.0,0,Divemaster,Walk-in,2025-01-22,2,35700.0,1,1,0
C02389,Meera,Park,India,29.0,0,None,Referral,2025-01-13,1,3350.0,0,0,0
C02390,Hannah,Dubois,Netherlands,34.0,0,Open Water,Referral,2025-01-22,1,3350.0,0,0,0
C02391,Sneha,Rossi,Australia,28.0,0,Advanced,Instagram,2025-01-15,0,,0,0,0
C02392,Noa,Reddy,India,25.0,0,Open Water,Website,2025-01-17,0,,0,0,0
C02393,Aditya,Desai,India,31.0,0,None,Website,2025-01-19,1,26900.0,0,1,0
C02394,Anouk,Kim,India,25.0,0,Advanced,Hotel Partner,2025-01-19,1,6350.0,0,0,0
C02395,Priya,Kim,India,42.0,0,None,Referral,2025-01-18,1,14350.0,0,0,0
C02396,Priya,Muller,India,42.0,0,Advanced,Walk-in,2025-01-16,2,15350.0,1,0,0
C02397,Tom,Tanaka,South Korea,38.0,0,Divemaster,OTA,2025-01-18,1,8700.0,0,0,0
C02398,Meera,Rao,Israel,32.0,0,Open Water,Website,2025-01-18,2,11500.0,1,0,0
C02399,Yuki,Gupta,India,17.0,0,Open Water,Referral,2025-01-14,1,3550.0,0,0,0
C02400,Aditya,Tanaka,South Korea,42.0,0,Advanced,Website,2025-01-21,1,7400.0,0,0,0
C02401,Tom,Tanaka,United Kingdom,30.0,0,Open Water,Referral,2025-01-15,0,,0,0,0
C02402,Chloe,Dubois,India,48.0,0,None,Walk-in,2025-01-22,1,25300.0,0,1,0
C02403,Vikram,Petrova,India,43.0,0,Open Water,Unknown,2025-01-15,0,,0,0,0
C02404,Aditya,Reddy,Australia,,1,Open Water,Referral,2025-01-21,3,37850.0,1,1,1
C02405,Marco,Nair,Japan,28.0,0,Open Water,Walk-in,2025-01-16,0,,0,0,0
C02406,Ishaan,Dubois,Netherlands,39.0,0,Rescue,Walk-in,2025-01-22,1,10800.0,0,0,0
C02407,Aditya,Gupta,India,13.0,0,Advanced,OTA,2025-01-23,0,,0,0,0
C02408,Ravi,Ivanov,India,21.0,0,None,OTA,2025-01-16,1,4200.0,0,0,0
C02409,Camille,Chowdhury,United Kingdom,23.0,0,None,OTA,2025-01-15,1,4200.0,0,0,0
C02410,Vikram,Cohen,India,24.0,0,None,Website,2025-01-14,0,,0,0,0
C02411,Priya,Chowdhury,India,29.0,0,None,Instagram,2025-01-18,1,5000.0,0,0,0
C02412,Minjun,Levi,India,31.0,0,None,OTA,2025-01-14,1,4550.0,0,0,0
C02413,Olga,OConnor,India,30.0,0,None,Website,2025-01-24,1,24750.0,0,1,0
C02414,Sophie,Patel,Israel,28.0,0,Open Water,Website,2025-01-18,1,14500.0,0,0,0
C02415,Itai,Park,India,35.0,0,None,OTA,2025-01-21,1,22050.0,0,1,0
C02416,Noa,Patel,South Korea,50.0,0,Advanced,OTA,2025-01-15,1,6500.0,0,0,0
C02417,Neha,Reddy,India,46.0,0,None,Website,2025-01-15,1,9750.0,0,0,0
C02418,Liam,Petrova,Germany,36.0,0,Advanced,Website,2025-01-19,1,10200.0,0,0,0
C02419,Yuki,Desai,India,30.0,0,None,Instagram,2025-01-22,2,15050.0,1,0,0
C02420,Noa,Taylor,United States,12.0,0,None,Walk-in,2025-01-23,1,5050.0,0,0,0
C02421,Sarah,Jansen,India,,1,Open Water,Hotel Partner,2025-01-23,2,33650.0,1,1,1
C02422,Sven,Chowdhury,Germany,33.0,0,Divemaster,Unknown,2025-01-15,1,3100.0,0,0,0
C02423,Kavya,Dubois,South Korea,,1,None,Walk-in,2025-01-23,1,5150.0,0,0,0
C02424,Daniel,Brown,India,34.0,0,None,Website,2025-01-25,1,5250.0,0,0,0
C02425,Olga,Schmidt,India,34.0,0,Open Water,Walk-in,2025-01-15,1,7050.0,0,0,0
C02426,Dmitri,OConnor,India,41.0,0,None,Walk-in,2025-01-15,1,5300.0,0,0,0
C02427,Divya,Menon,Italy,30.0,0,None,Referral,2025-01-15,1,11000.0,0,0,0
C02428,Olga,Schmidt,Japan,32.0,0,Advanced,OTA,2025-01-23,0,,0,0,0
C02429,James,Petrova,United Kingdom,34.0,0,None,Walk-in,2025-01-15,1,27650.0,0,1,0
C02430,Rohan,Cohen,India,32.0,0,Advanced,OTA,2025-01-25,1,3100.0,0,0,0
C02431,Aditya,Dubois,Germany,39.0,0,Open Water,Hotel Partner,2025-01-17,0,,0,0,0
C02432,Anouk,Bakker,India,21.0,0,Rescue,Instagram,2025-01-25,3,24450.0,1,0,0
C02433,Sophie,Sharma,India,30.0,0,None,OTA,2025-01-23,1,9200.0,0,0,0
C02434,Neha,Kulkarni,India,58.0,0,None,Walk-in,2025-01-16,1,5500.0,0,0,0
C02435,Itai,Reddy,India,42.0,0,Open Water,Referral,2025-01-24,2,11000.0,1,0,0
C02436,Minjun,Rao,India,21.0,0,None,Website,2025-01-25,1,5150.0,0,0,0
C02437,Divya,Ivanov,Israel,53.0,0,Open Water,Website,2025-01-19,1,27050.0,0,1,0
C02438,Ravi,Petrova,France,32.0,0,Open Water,Walk-in,2025-01-23,1,3500.0,0,0,0
C02439,Karan,Chowdhury,United States,29.0,0,None,Unknown,2025-01-24,0,,0,0,0
C02440,Ananya,Ivanov,India,32.0,0,None,Referral,2025-01-18,1,4850.0,0,0,0
C02441,Karan,Wilson,India,33.0,0,None,OTA,2025-01-24,1,4550.0,0,0,0
C02442,Anouk,Sharma,Russia,50.0,0,Advanced,Walk-in,2025-01-26,1,4000.0,0,0,0
C02443,Rohan,Gupta,India,37.0,0,None,Walk-in,2025-01-26,0,,0,0,0
C02444,Pierre,Dubois,France,48.0,0,Divemaster,Walk-in,2025-01-21,2,23100.0,1,0,0
C02445,Ishaan,Levi,India,33.0,0,Open Water,Walk-in,2025-01-25,1,7050.0,0,0,0
C02446,Meera,Park,India,28.0,0,Advanced,Hotel Partner,2025-01-22,1,3400.0,0,0,0
C02447,Ananya,Ivanov,India,23.0,0,Open Water,Walk-in,2025-01-24,1,7100.0,0,0,0
C02448,Siddharth,Schmidt,Australia,47.0,0,None,Unknown,2025-01-27,2,17850.0,1,0,0
C02449,Sarah,Iyer,India,31.0,0,Advanced,Unknown,2025-01-26,2,15950.0,1,0,0
C02450,Elena,Brown,France,37.0,0,Open Water,OTA,2025-01-17,0,,0,0,0
C02451,Minjun,Kulkarni,Australia,13.0,0,Advanced,Referral,2025-01-22,0,,0,0,0
C02452,Aditya,Chowdhury,India,31.0,0,Open Water,Unknown,2025-01-23,2,13300.0,1,0,0
C02453,Daniel,Desai,India,29.0,0,Rescue,Website,2025-01-27,0,,0,0,0
C02454,Lukas,Rossi,India,42.0,0,Open Water,OTA,2025-01-21,2,22650.0,1,1,1
C02455,Sophie,Smith,India,40.0,0,Open Water,Instagram,2025-01-20,1,3550.0,0,0,0
C02456,Neha,Tanaka,Israel,33.0,0,None,Instagram,2025-01-21,1,27600.0,0,1,0
C02457,Chloe,Rao,India,20.0,0,Advanced,Referral,2025-01-20,1,9950.0,0,0,0
C02458,Noa,Reddy,India,38.0,0,None,Hotel Partner,2025-01-21,3,12700.0,1,0,0
C02459,Olga,Menon,United Kingdom,27.0,0,Advanced,Unknown,2025-01-23,1,8850.0,0,0,0
C02460,Kavya,Kulkarni,India,33.0,0,Open Water,Walk-in,2025-01-23,1,27050.0,0,1,0
C02461,Ishaan,Park,India,51.0,0,Open Water,Website,2025-01-24,1,25300.0,0,1,0
C02462,Arjun,Schmidt,United States,38.0,0,Open Water,OTA,2025-01-22,1,2950.0,0,0,0
C02463,Ishaan,Sharma,India,68.0,0,None,Walk-in,2025-01-19,2,28500.0,1,1,1
C02464,Yuki,Ivanov,India,41.0,0,Open Water,Unknown,2025-01-22,1,6950.0,0,0,0
C02465,Vikram,Rossi,India,31.0,0,Open Water,Referral,2025-01-26,1,11250.0,0,0,0
C02466,Tom,Taylor,Italy,39.0,0,None,Website,2025-01-21,1,5000.0,0,0,0
C02467,Neha,Smith,India,51.0,0,None,Referral,2025-01-29,1,5500.0,0,0,0
C02468,Divya,Kim,India,38.0,0,None,Website,2025-01-21,1,5000.0,0,0,0
C02469,Meera,OConnor,Australia,26.0,0,None,Walk-in,2025-01-26,1,11000.0,0,0,0
C02470,Marco,Bakker,United Kingdom,41.0,0,None,OTA,2025-01-21,1,21350.0,0,1,0
C02471,Sneha,Dubois,France,40.0,0,None,Walk-in,2025-01-27,1,5400.0,0,0,0
C02472,Ishaan,Smith,India,,1,Advanced,Instagram,2025-01-27,1,7800.0,0,0,0
C02473,Dmitri,Gupta,India,42.0,0,None,Hotel Partner,2025-01-22,1,9500.0,0,0,0
C02474,Aarav,Sharma,United Kingdom,28.0,0,Advanced,Walk-in,2025-01-22,1,10750.0,0,0,0
C02475,Anouk,Banerjee,India,29.0,0,Open Water,Walk-in,2025-01-24,2,17600.0,1,0,0
C02476,Dmitri,Patel,Israel,45.0,0,None,Website,2025-01-20,1,5050.0,0,0,0
C02477,Sophie,Bakker,India,41.0,0,Advanced,OTA,2025-01-25,3,18200.0,1,0,0
C02478,Daniel,Bakker,India,50.0,0,None,Instagram,2025-01-22,1,26950.0,0,1,0
C02479,Daniel,Gupta,United Kingdom,52.0,0,None,Instagram,2025-01-26,1,5550.0,0,0,0
C02480,Aditya,Bakker,France,29.0,0,Open Water,Instagram,2025-01-23,1,15650.0,0,0,0
C02481,Ananya,Jansen,United Kingdom,30.0,0,Open Water,Instagram,2025-01-22,1,7100.0,0,0,0
C02482,Elena,Ivanov,South Korea,46.0,0,None,Instagram,2025-01-25,2,13100.0,1,0,0
C02483,Marco,Rossi,Italy,45.0,0,None,Walk-in,2025-01-27,1,11150.0,0,0,0
C02484,Sophie,Ivanov,United States,39.0,0,Advanced,Walk-in,2025-01-24,0,,0,0,0
C02485,Ravi,Dubois,United Kingdom,38.0,0,Rescue,Walk-in,2025-01-28,1,11500.0,0,0,0
C02486,Chloe,Chowdhury,India,22.0,0,None,Walk-in,2025-01-26,1,5750.0,0,0,0
C02487,Tom,Petrova,India,39.0,0,None,Referral,2025-01-26,1,27250.0,0,1,0
C02488,Divya,Wilson,India,34.0,0,Divemaster,Walk-in,2025-01-24,1,7250.0,0,0,0
C02489,Sneha,Dubois,India,14.0,0,None,Website,2025-01-27,0,,0,0,0
C02490,Camille,Park,Netherlands,53.0,0,Advanced,Unknown,2025-01-26,1,6950.0,0,0,0
C02491,Aarav,Kulkarni,India,29.0,0,Open Water,Instagram,2025-01-21,1,27850.0,0,1,0
C02492,Rohan,OConnor,India,,1,Open Water,OTA,2025-01-23,1,6400.0,0,0,0
C02493,Daniel,Banerjee,Italy,47.0,0,Advanced,Website,2025-01-31,1,11300.0,0,0,0
C02494,Karan,Park,India,34.0,0,None,Hotel Partner,2025-01-27,1,23600.0,0,1,0
C02495,Sneha,Gupta,India,34.0,0,Open Water,Walk-in,2025-01-27,1,25100.0,0,1,0
C02496,Sneha,Rossi,India,27.0,0,None,Walk-in,2025-01-25,1,27650.0,0,1,0
C02497,Priya,Nair,South Korea,33.0,0,Open Water,OTA,2025-01-30,1,3100.0,0,0,0
C02498,Ravi,Rossi,India,20.0,0,None,OTA,2025-01-24,0,,0,0,0
C02499,Noa,Iyer,India,56.0,0,Divemaster,Website,2025-01-25,0,,0,0,0
C02500,Divya,Brown,India,45.0,0,None,Website,2025-01-21,2,32250.0,1,1,0
C02501,Pierre,Tanaka,South Korea,38.0,0,None,Walk-in,2025-01-23,1,5150.0,0,0,0
C02502,Meera,Kulkarni,India,31.0,0,None,Hotel Partner,2025-01-24,2,9650.0,1,0,0
C02503,Liam,Kulkarni,India,14.0,0,Open Water,Referral,2025-01-27,1,6950.0,0,0,0
C02504,Rohan,Reddy,United States,39.0,0,Advanced,Walk-in,2025-01-31,1,7200.0,0,0,0
C02505,Anouk,Petrova,India,25.0,0,None,Instagram,2025-01-24,1,5150.0,0,0,0
C02506,Divya,Schmidt,United Kingdom,38.0,0,None,OTA,2025-01-28,1,4150.0,0,0,0
C02507,Elena,Sharma,Japan,41.0,0,Advanced,Walk-in,2025-01-24,2,52300.0,1,1,0
C02508,Divya,Taylor,Israel,40.0,0,None,Hotel Partner,2025-01-24,0,,0,0,0
C02509,Arjun,Nair,Australia,30.0,0,Open Water,Walk-in,2025-01-31,1,11100.0,0,0,0
C02510,Arjun,Iyer,India,,1,None,Hotel Partner,2025-02-01,1,5150.0,0,0,0
C02511,Dmitri,Iyer,India,40.0,0,None,OTA,2025-01-23,1,4300.0,0,0,0
C02512,Emma,Sharma,Australia,40.0,0,Advanced,Walk-in,2025-01-23,1,7400.0,0,0,0
C02513,Camille,Levi,France,,1,Advanced,Hotel Partner,2025-01-28,1,13450.0,0,0,0
C02514,Ravi,Chowdhury,Netherlands,39.0,0,Advanced,OTA,2025-01-31,0,,0,0,0
C02515,Sophie,Tanaka,Russia,,1,None,OTA,2025-01-23,1,4400.0,0,0,0
C02516,Hannah,Bakker,United States,35.0,0,None,Unknown,2025-02-01,1,4950.0,0,0,0
C02517,Yuki,Cohen,India,33.0,0,Open Water,Referral,2025-01-23,1,3300.0,0,0,0
C02518,Pierre,Kulkarni,India,54.0,0,None,Instagram,2025-01-26,1,5550.0,0,0,0
C02519,Meera,Smith,United Kingdom,40.0,0,Open Water,Walk-in,2025-01-24,2,14400.0,1,0,0
C02520,Aditya,Levi,India,41.0,0,Open Water,Instagram,2025-02-02,0,,0,0,0
C02521,Noa,Cohen,India,35.0,0,Open Water,Walk-in,2025-01-30,4,25550.0,1,0,0
C02522,Neha,Kulkarni,Russia,25.0,0,Open Water,Unknown,2025-01-30,2,28550.0,1,1,0
C02523,Aditya,Kulkarni,India,17.0,0,Rescue,Referral,2025-02-02,1,13150.0,0,0,0
C02524,Siddharth,Levi,India,44.0,0,None,Walk-in,2025-01-26,1,27600.0,0,1,0
C02525,Sarah,Muller,India,48.0,0,None,OTA,2025-02-01,1,22300.0,0,1,0
C02526,Daniel,Menon,India,,1,Advanced,Referral,2025-01-31,1,3700.0,0,0,0
C02527,Tom,Reddy,Russia,39.0,0,None,OTA,2025-01-23,1,4250.0,0,0,0
C02528,Vikram,Brown,South Korea,34.0,0,None,Hotel Partner,2025-02-01,1,10000.0,0,0,0
C02529,Liam,Reddy,United Kingdom,35.0,0,Open Water,Website,2025-02-01,1,24750.0,0,1,0
C02530,Ishaan,Rao,India,34.0,0,None,Website,2025-01-23,1,4900.0,0,0,0
C02531,Rahul,Gupta,India,32.0,0,None,Walk-in,2025-01-25,1,10750.0,0,0,0
C02532,Rahul,Petrova,India,35.0,0,Rescue,Referral,2025-01-29,1,11250.0,0,0,0
C02533,Rahul,Cohen,South Korea,33.0,0,Open Water,Walk-in,2025-01-28,2,34250.0,1,1,1
C02534,Priya,Cohen,India,26.0,0,None,Instagram,2025-01-29,2,18700.0,1,0,0
C02535,Aditya,Patel,India,41.0,0,None,Website,2025-01-23,1,5300.0,0,0,0
C02536,Karan,Tanaka,United States,41.0,0,Rescue,OTA,2025-01-24,0,,0,0,0
C02537,Itai,Taylor,India,43.0,0,Advanced,Instagram,2025-01-26,1,3600.0,0,0,0
C02538,Daniel,Rossi,Russia,25.0,0,Open Water,Unknown,2025-01-26,0,,0,0,0
C02539,Chloe,Schmidt,United States,31.0,0,Open Water,Walk-in,2025-01-30,1,25200.0,0,1,0
C02540,Pooja,Tanaka,United States,36.0,0,Open Water,Unknown,2025-01-26,1,7050.0,0,0,0
C02541,Chloe,Gupta,India,,1,Open Water,Unknown,2025-01-27,1,3500.0,0,0,0
C02542,Priya,Sharma,India,39.0,0,Open Water,Walk-in,2025-01-29,1,3800.0,0,0,0
C02543,Meera,Tanaka,India,38.0,0,Open Water,Unknown,2025-01-28,1,27050.0,0,1,0
C02544,Sophie,Bakker,India,34.0,0,Open Water,Unknown,2025-02-01,1,13450.0,0,0,0
C02545,Ishaan,Menon,Germany,,1,Advanced,Website,2025-02-01,0,,0,0,0
C02546,Sarah,Cohen,South Korea,28.0,0,None,Instagram,2025-02-02,1,5400.0,0,0,0
C02547,Ishaan,Kulkarni,Italy,47.0,0,None,Website,2025-02-01,1,5250.0,0,0,0
C02548,Pooja,Brown,India,27.0,0,Open Water,OTA,2025-01-27,0,,0,0,0
C02549,Arjun,Bakker,Germany,35.0,0,None,Hotel Partner,2025-01-30,1,25750.0,0,1,0
C02550,Sophie,Schmidt,India,24.0,0,Divemaster,Website,2025-01-26,1,10450.0,0,0,0
C02551,Emma,Banerjee,Germany,38.0,0,Open Water,Instagram,2025-02-02,1,3650.0,0,0,0
C02552,Hannah,Kim,India,43.0,0,Open Water,Instagram,2025-01-31,0,,0,0,0
C02553,Pierre,Desai,India,,1,Advanced,Referral,2025-01-30,3,44350.0,1,1,1
C02554,Karan,OConnor,Italy,27.0,0,Rescue,Website,2025-02-01,2,17250.0,1,0,0
C02555,Divya,Schmidt,United Kingdom,32.0,0,None,Referral,2025-02-02,1,5150.0,0,0,0
C02556,Arjun,Rossi,India,50.0,0,Open Water,Unknown,2025-02-04,1,15100.0,0,0,0
C02557,Sven,Brown,India,30.0,0,None,Website,2025-01-25,1,5350.0,0,0,0
C02558,Daniel,Rossi,India,56.0,0,None,Unknown,2025-01-30,2,9200.0,1,0,0
C02559,Camille,Brown,India,37.0,0,None,Website,2025-01-31,1,5050.0,0,0,0
C02560,Camille,Brown,Germany,29.0,0,None,Unknown,2025-01-30,1,25950.0,0,1,0
C02561,Marco,Gupta,India,42.0,0,None,Referral,2025-01-30,1,25800.0,0,1,0
C02562,Itai,Ivanov,United Kingdom,39.0,0,Open Water,Referral,2025-02-02,2,18300.0,1,0,0
C02563,Marco,Desai,India,26.0,0,None,Unknown,2025-01-26,1,5050.0,0,0,0
C02564,Emma,Muller,Russia,36.0,0,None,Referral,2025-02-05,1,5000.0,0,0,0
C02565,Siddharth,Desai,Australia,,1,None,OTA,2025-01-26,2,8750.0,1,0,0
C02566,Noa,Wilson,United Kingdom,22.0,0,Advanced,OTA,2025-01-27,2,18800.0,1,0,0
C02567,Arjun,Sharma,India,36.0,0,None,Referral,2025-02-01,1,10150.0,0,0,0
C02568,Anouk,Jansen,France,,1,Open Water,OTA,2025-01-29,1,9100.0,0,0,0
C02569,Chloe,Cohen,India,30.0,0,Rescue,Website,2025-02-01,1,7600.0,0,0,0
C02570,Priya,Chowdhury,India,33.0,0,Open Water,Hotel Partner,2025-02-01,1,23050.0,0,1,0
C02571,Elena,Petrova,United Kingdom,38.0,0,None,Walk-in,2025-01-27,1,5150.0,0,0,0
C02572,Yuki,OConnor,Russia,32.0,0,Open Water,Unknown,2025-02-02,1,24600.0,0,1,0
C02573,Hannah,Sharma,India,12.0,0,Open Water,Walk-in,2025-02-05,1,25300.0,0,1,0
C02574,Anouk,Park,Russia,26.0,0,Open Water,OTA,2025-01-28,1,5650.0,0,0,0
C02575,Rahul,Petrova,India,41.0,0,Open Water,Walk-in,2025-02-01,2,36350.0,1,1,0
C02576,Lukas,Schmidt,Australia,22.0,0,None,Walk-in,2025-02-03,1,5250.0,0,0,0
C02577,Arjun,Taylor,India,36.0,0,Open Water,Website,2025-02-03,0,,0,0,0
C02578,Priya,Chowdhury,Australia,41.0,0,Open Water,OTA,2025-02-06,1,20800.0,0,1,0
C02579,Daniel,Levi,India,43.0,0,Open Water,Instagram,2025-01-30,1,27100.0,0,1,0
C02580,Chloe,Brown,India,26.0,0,None,OTA,2025-01-31,0,,0,0,0
C02581,Arjun,Tanaka,Germany,34.0,0,Open Water,Instagram,2025-01-28,0,,0,0,0
C02582,Noa,Kulkarni,India,,1,Open Water,Instagram,2025-02-02,2,10600.0,1,0,0
C02583,Minjun,Muller,United States,30.0,0,None,Walk-in,2025-02-02,1,26800.0,0,1,0
C02584,Aditya,Cohen,India,30.0,0,Advanced,Website,2025-01-28,1,26700.0,0,1,0
C02585,Hannah,Desai,Germany,31.0,0,None,Referral,2025-01-30,1,10400.0,0,0,0
C02586,Emma,Petrova,Israel,16.0,0,Open Water,Walk-in,2025-02-05,1,27150.0,0,1,0
C02587,Lukas,OConnor,India,29.0,0,None,Instagram,2025-01-28,1,5400.0,0,0,0
C02588,Minjun,Cohen,India,59.0,0,Open Water,OTA,2025-01-31,1,21700.0,0,1,0
C02589,Sophie,Brown,Italy,22.0,0,Open Water,Website,2025-02-07,0,,0,0,0
C02590,Priya,Ivanov,India,21.0,0,Open Water,Hotel Partner,2025-01-31,1,3500.0,0,0,0
C02591,Arjun,Tanaka,United States,37.0,0,None,Unknown,2025-02-03,2,10400.0,1,0,0
C02592,Hannah,Menon,India,33.0,0,None,Website,2025-02-08,1,5250.0,0,0,0
C02593,Vikram,Rao,Germany,,1,Open Water,Walk-in,2025-02-01,1,7750.0,0,0,0
C02594,Itai,Kulkarni,India,48.0,0,None,Hotel Partner,2025-02-07,1,7000.0,0,0,0
C02595,Itai,Park,India,,1,Advanced,OTA,2025-01-29,0,,0,0,0
C02596,Kavya,Sharma,India,54.0,0,Open Water,Hotel Partner,2025-02-05,1,3600.0,0,0,0
C02597,Anouk,Menon,India,33.0,0,Open Water,Hotel Partner,2025-02-03,2,10300.0,1,0,0
C02598,Rohan,Kulkarni,Japan,32.0,0,None,Instagram,2025-01-31,2,12550.0,1,0,0
C02599,Dmitri,Menon,Germany,,1,None,Hotel Partner,2025-02-02,1,4900.0,0,0,0
C02600,Ravi,OConnor,India,23.0,0,Open Water,OTA,2025-02-06,0,,0,0,0
C02601,Ravi,Iyer,United States,45.0,0,None,OTA,2025-01-30,2,10600.0,1,0,0
C02602,Itai,Tanaka,India,,1,Rescue,Referral,2025-01-30,1,11050.0,0,0,0
C02603,Aarav,Kim,India,37.0,0,None,Unknown,2025-02-04,1,27800.0,0,1,0
C02604,Camille,Wilson,India,57.0,0,Open Water,Unknown,2025-01-30,1,6200.0,0,0,0
C02605,Aarav,Menon,India,37.0,0,None,Walk-in,2025-01-31,1,5000.0,0,0,0
C02606,Chloe,Taylor,India,18.0,0,Open Water,Hotel Partner,2025-02-04,1,3400.0,0,0,0
C02607,Vikram,Bakker,Germany,32.0,0,None,Hotel Partner,2025-01-30,1,4550.0,0,0,0
C02608,Vikram,Desai,India,40.0,0,None,Walk-in,2025-02-08,0,,0,0,0
C02609,Hannah,Wilson,Germany,46.0,0,Open Water,OTA,2025-02-08,1,9050.0,0,0,0
C02610,Noa,Patel,India,32.0,0,None,OTA,2025-02-07,1,4650.0,0,0,0
C02611,Rohan,Muller,India,46.0,0,None,Unknown,2025-02-03,2,10100.0,1,0,0
C02612,James,Taylor,France,,1,None,Instagram,2025-02-02,1,11150.0,0,0,0
C02613,Priya,Ivanov,India,33.0,0,None,Walk-in,2025-02-02,1,27600.0,0,1,0
C02614,Ravi,Smith,India,,1,None,OTA,2025-02-04,2,30650.0,1,1,1
C02615,Rahul,Bakker,Netherlands,,1,None,Website,2025-02-02,1,26400.0,0,1,0
C02616,Lukas,Patel,Netherlands,,1,None,Walk-in,2025-02-05,1,3900.0,0,0,0
C02617,Rahul,Brown,South Korea,15.0,0,Advanced,Unknown,2025-02-01,1,3900.0,0,0,0
C02618,Itai,Brown,Germany,37.0,0,None,Hotel Partner,2025-02-05,1,4500.0,0,0,0
C02619,Liam,Chowdhury,India,29.0,0,Rescue,Referral,2025-02-03,1,13100.0,0,0,0
C02620,Camille,Banerjee,Netherlands,32.0,0,None,OTA,2025-02-02,1,4150.0,0,0,0
C02621,Tom,OConnor,India,43.0,0,Advanced,Website,2025-02-06,1,10050.0,0,0,0
C02622,Pierre,Ivanov,India,28.0,0,None,Walk-in,2025-02-08,2,31600.0,1,1,1
C02623,Ravi,Muller,India,36.0,0,None,Walk-in,2025-02-10,1,28750.0,0,1,0
C02624,Arjun,Petrova,Australia,40.0,0,Advanced,OTA,2025-02-03,1,6250.0,0,0,0
C02625,Aditya,Taylor,Germany,24.0,0,None,Referral,2025-02-09,1,5050.0,0,0,0
C02626,Aarav,Kulkarni,United Kingdom,45.0,0,None,Website,2025-02-05,1,26150.0,0,1,0
C02627,Ishaan,Schmidt,Russia,42.0,0,Open Water,Hotel Partner,2025-02-02,1,3300.0,0,0,0
C02628,Priya,Rossi,India,47.0,0,None,Website,2025-02-03,1,5600.0,0,0,0
C02629,Rahul,Schmidt,South Korea,,1,Open Water,Walk-in,2025-02-02,1,10900.0,0,0,0
C02630,Sophie,Schmidt,India,50.0,0,None,Referral,2025-02-09,0,,0,0,0
C02631,Liam,Ivanov,India,35.0,0,Open Water,Walk-in,2025-02-09,1,3600.0,0,0,0
C02632,Itai,Tanaka,India,39.0,0,None,Referral,2025-02-05,1,5200.0,0,0,0
C02633,Emma,Sharma,India,61.0,0,Open Water,Walk-in,2025-02-04,0,,0,0,0
C02634,Rahul,Nair,Russia,31.0,0,None,Instagram,2025-02-06,1,5250.0,0,0,0
C02635,Ishaan,Kim,India,25.0,0,Advanced,Website,2025-02-11,1,11600.0,0,0,0
C02636,Arjun,Dubois,Israel,32.0,0,Advanced,Unknown,2025-02-02,1,13550.0,0,0,0
C02637,Meera,Nair,India,32.0,0,Open Water,Instagram,2025-02-04,1,3850.0,0,0,0
C02638,Tom,Brown,Italy,41.0,0,Open Water,Walk-in,2025-02-06,1,10600.0,0,0,0
C02639,Vikram,Petrova,India,37.0,0,None,Hotel Partner,2025-02-11,1,4750.0,0,0,0
C02640,Noa,Kulkarni,India,46.0,0,Open Water,Walk-in,2025-02-04,1,7150.0,0,0,0
C02641,Divya,Patel,India,37.0,0,Advanced,Walk-in,2025-02-09,1,7600.0,0,0,0
C02642,Lukas,Ivanov,India,38.0,0,None,OTA,2025-02-04,1,4100.0,0,0,0
C02643,Olga,Bakker,Germany,34.0,0,None,Website,2025-02-10,1,5600.0,0,0,0
C02644,Pooja,Brown,United Kingdom,,1,Open Water,Walk-in,2025-02-06,1,14750.0,0,0,0
C02645,Itai,Wilson,Japan,20.0,0,Advanced,Instagram,2025-02-03,0,,0,0,0
C02646,Noa,Kim,India,24.0,0,Open Water,Walk-in,2025-02-07,1,7900.0,0,0,0
C02647,Neha,Rao,Russia,,1,None,Hotel Partner,2025-02-13,0,,0,0,0
C02648,Tom,OConnor,India,,1,None,Walk-in,2025-02-07,1,26800.0,0,1,0
C02649,Aarav,Reddy,Germany,30.0,0,Advanced,Walk-in,2025-02-13,1,24950.0,0,1,0
C02650,Divya,Sharma,United Kingdom,59.0,0,Open Water,Website,2025-02-09,2,42300.0,1,1,1
C02651,James,Rossi,Netherlands,41.0,0,None,OTA,2025-02-13,1,9000.0,0,0,0
C02652,Divya,Taylor,Italy,37.0,0,Open Water,Unknown,2025-02-11,2,25550.0,1,0,0
C02653,Marco,Menon,India,32.0,0,Advanced,Website,2025-02-04,1,7700.0,0,0,0
C02654,Rahul,Taylor,United States,51.0,0,None,Instagram,2025-02-09,1,5250.0,0,0,0
C02655,Priya,Park,Russia,38.0,0,Open Water,Instagram,2025-02-07,0,,0,0,0
C02656,Anouk,Petrova,India,33.0,0,Advanced,Walk-in,2025-02-12,2,18750.0,1,0,0
C02657,Vikram,Brown,France,30.0,0,None,Walk-in,2025-02-13,1,5550.0,0,0,0
C02658,Pooja,Cohen,India,40.0,0,None,Unknown,2025-02-06,2,12700.0,1,0,0
C02659,Elena,Bakker,India,38.0,0,Advanced,Walk-in,2025-02-12,1,10800.0,0,0,0
C02660,Tom,Smith,Germany,47.0,0,None,Hotel Partner,2025-02-08,1,5100.0,0,0,0
C02661,Minjun,Tanaka,India,12.0,0,Advanced,Website,2025-02-11,1,13450.0,0,0,0
C02662,Pooja,Iyer,South Korea,53.0,0,Open Water,OTA,2025-02-09,2,23500.0,1,1,0
C02663,Minjun,Iyer,India,20.0,0,None,Walk-in,2025-02-07,3,19750.0,1,0,0
C02664,Sven,Muller,India,42.0,0,None,Website,2025-02-11,1,5550.0,0,0,0
C02665,Hannah,Chowdhury,India,37.0,0,None,Website,2025-02-06,1,3750.0,0,0,0
C02666,Rahul,Gupta,India,46.0,0,Open Water,Walk-in,2025-02-05,2,36450.0,1,1,0
C02667,Sarah,Banerjee,Germany,32.0,0,None,Instagram,2025-02-08,1,4900.0,0,0,0
C02668,Divya,Petrova,India,62.0,0,Open Water,Walk-in,2025-02-07,1,3450.0,0,0,0
C02669,Ravi,Kim,Israel,36.0,0,None,Walk-in,2025-02-16,1,5150.0,0,0,0
C02670,Ravi,Patel,India,39.0,0,Open Water,Walk-in,2025-02-10,1,28500.0,0,1,0
C02671,Meera,Nair,India,49.0,0,None,OTA,2025-02-15,1,22550.0,0,1,0
C02672,Ravi,Sharma,United States,12.0,0,None,Website,2025-02-09,1,5250.0,0,0,0
C02673,Lukas,Rossi,Russia,39.0,0,None,Walk-in,2025-02-13,1,28900.0,0,1,0
C02674,Divya,Muller,India,28.0,0,Open Water,Instagram,2025-02-11,1,3800.0,0,0,0
C02675,Ravi,OConnor,India,18.0,0,Open Water,Hotel Partner,2025-02-09,0,,0,0,0
C02676,Aarav,Bakker,Germany,45.0,0,Open Water,Website,2025-02-07,1,25100.0,0,1,0
C02677,Daniel,Cohen,United States,32.0,0,Advanced,OTA,2025-02-06,1,12000.0,0,0,0
C02678,Camille,Chowdhury,India,48.0,0,None,Instagram,2025-02-09,2,16100.0,1,0,0
C02679,Divya,Nair,Italy,42.0,0,Open Water,Unknown,2025-02-15,1,12000.0,0,0,0
C02680,Elena,Reddy,India,46.0,0,None,OTA,2025-02-07,0,,0,0,0
C02681,Anouk,Bakker,India,42.0,0,Advanced,Instagram,2025-02-10,2,11350.0,1,0,0
C02682,Priya,Desai,United Kingdom,30.0,0,None,Instagram,2025-02-13,1,5350.0,0,0,0
C02683,Minjun,Sharma,India,37.0,0,None,Hotel Partner,2025-02-06,1,23400.0,0,1,0
C02684,Yuki,Muller,Netherlands,34.0,0,None,Hotel Partner,2025-02-07,1,9050.0,0,0,0
C02685,Itai,Kulkarni,India,12.0,0,None,Referral,2025-02-13,1,5200.0,0,0,0
C02686,Ravi,Reddy,India,43.0,0,None,Website,2025-02-11,1,26750.0,0,1,0
C02687,Pierre,Rossi,India,52.0,0,Advanced,Hotel Partner,2025-02-15,1,10800.0,0,0,0
C02688,Divya,Gupta,United Kingdom,36.0,0,Advanced,Walk-in,2025-02-09,1,3500.0,0,0,0
C02689,Kavya,Patel,India,33.0,0,Open Water,OTA,2025-02-08,0,,0,0,0
C02690,Kavya,Banerjee,Netherlands,32.0,0,Rescue,OTA,2025-02-08,1,11500.0,0,0,0
C02691,Daniel,Gupta,India,,1,Advanced,Website,2025-02-10,1,6750.0,0,0,0
C02692,Minjun,Levi,India,28.0,0,Open Water,Referral,2025-02-12,2,13350.0,1,0,0
C02693,Sneha,Muller,India,,1,Open Water,Unknown,2025-02-17,2,36200.0,1,1,0
C02694,Dmitri,Muller,Germany,44.0,0,None,Unknown,2025-02-10,1,4900.0,0,0,0
C02695,Sven,Petrova,Italy,39.0,0,None,Walk-in,2025-02-09,0,,0,0,0
C02696,Sophie,Dubois,Russia,33.0,0,None,Walk-in,2025-02-14,2,11300.0,1,0,0
C02697,Liam,Taylor,India,34.0,0,Rescue,Website,2025-02-15,1,3450.0,0,0,0
C02698,Olga,Rossi,India,,1,None,Instagram,2025-02-18,1,5600.0,0,0,0
C02699,Lukas,Rossi,India,25.0,0,Advanced,Instagram,2025-02-16,1,3450.0,0,0,0
C02700,Divya,Wilson,India,36.0,0,Advanced,Unknown,2025-02-11,1,3600.0,0,0,0
C02701,Olga,Petrova,India,32.0,0,Open Water,Walk-in,2025-02-14,2,14500.0,1,0,0
C02702,Daniel,Wilson,South Korea,22.0,0,None,Referral,2025-02-13,1,5150.0,0,0,0
C02703,Ishaan,Cohen,India,33.0,0,None,Walk-in,2025-02-08,2,10900.0,1,0,0
C02704,Priya,Levi,India,35.0,0,Advanced,Instagram,2025-02-15,1,7250.0,0,0,0
C02705,Sophie,Jansen,India,,1,None,Walk-in,2025-02-16,0,,0,0,0
C02706,Olga,Rossi,United Kingdom,30.0,0,None,Website,2025-02-10,1,5500.0,0,0,0
C02707,Ananya,Kulkarni,India,43.0,0,Rescue,Referral,2025-02-13,2,13650.0,1,0,0
C02708,Neha,Rossi,Italy,22.0,0,None,Unknown,2025-02-12,2,10250.0,1,0,0
C02709,Pooja,Iyer,India,27.0,0,None,OTA,2025-02-14,0,,0,0,0
C02710,Kavya,Park,India,51.0,0,None,Website,2025-02-11,0,,0,0,0
C02711,Siddharth,Nair,France,33.0,0,Open Water,Instagram,2025-02-18,0,,0,0,0
C02712,Ishaan,Iyer,United Kingdom,40.0,0,None,Website,2025-02-12,1,9900.0,0,0,0
C02713,Dmitri,Wilson,India,48.0,0,Open Water,OTA,2025-02-09,1,6250.0,0,0,0
C02714,Meera,OConnor,India,18.0,0,Open Water,Unknown,2025-02-09,1,12700.0,0,0,0
C02715,Itai,Dubois,France,,1,Open Water,Website,2025-02-19,1,13950.0,0,0,0
C02716,Aarav,Desai,India,48.0,0,Open Water,Unknown,2025-02-16,0,,0,0,0
C02717,Aditya,OConnor,India,31.0,0,None,Walk-in,2025-02-19,1,28250.0,0,1,0
C02718,Elena,OConnor,France,26.0,0,Advanced,Website,2025-02-12,1,7400.0,0,0,0
C02719,Liam,Desai,United States,42.0,0,None,Referral,2025-02-10,1,5050.0,0,0,0
C02720,Aditya,Menon,India,36.0,0,None,Walk-in,2025-02-11,1,28550.0,0,1,0
C02721,Yuki,Park,India,43.0,0,None,Walk-in,2025-02-17,2,9350.0,1,0,0
C02722,Liam,Rao,United Kingdom,48.0,0,None,Instagram,2025-02-16,2,40750.0,1,1,1
C02723,Aarav,Petrova,India,33.0,0,Open Water,Instagram,2025-02-18,1,3400.0,0,0,0
C02724,Neha,Chowdhury,Australia,49.0,0,Open Water,Website,2025-02-16,1,3450.0,0,0,0
C02725,Liam,Kulkarni,India,27.0,0,None,Walk-in,2025-02-17,0,,0,0,0
C02726,Hannah,Tanaka,India,46.0,0,None,Walk-in,2025-02-15,1,27350.0,0,1,0
C02727,Yuki,Sharma,India,,1,None,Walk-in,2025-02-16,0,,0,0,0
C02728,Neha,Levi,India,42.0,0,None,Hotel Partner,2025-02-14,1,4650.0,0,0,0
C02729,Divya,Banerjee,Netherlands,28.0,0,None,Referral,2025-02-20,1,5100.0,0,0,0
C02730,Meera,Petrova,India,34.0,0,None,Hotel Partner,2025-02-18,1,4750.0,0,0,0
C02731,Siddharth,Tanaka,Germany,39.0,0,None,Walk-in,2025-02-20,1,5400.0,0,0,0
C02732,Elena,Ivanov,India,45.0,0,Open Water,Referral,2025-02-10,1,27150.0,0,1,0
C02733,Camille,Gupta,India,,1,None,Unknown,2025-02-17,0,,0,0,0
C02734,Divya,Kulkarni,India,25.0,0,Rescue,Instagram,2025-02-13,1,3850.0,0,0,0
C02735,Tom,Kulkarni,India,16.0,0,Open Water,Hotel Partner,2025-02-16,1,10300.0,0,0,0
C02736,Emma,Taylor,India,34.0,0,None,Walk-in,2025-02-17,1,5550.0,0,0,0
C02737,Sarah,Brown,India,47.0,0,None,OTA,2025-02-16,1,4450.0,0,0,0
C02738,Divya,Reddy,United Kingdom,24.0,0,None,OTA,2025-02-16,2,27000.0,1,1,0
C02739,Noa,Brown,Russia,18.0,0,None,Instagram,2025-02-12,1,9850.0,0,0,0
C02740,James,Cohen,India,23.0,0,None,Referral,2025-02-13,1,26650.0,0,1,0
C02741,Aditya,Kim,India,25.0,0,None,Instagram,2025-02-15,1,28100.0,0,1,0
C02742,Ravi,Ivanov,Australia,23.0,0,None,Instagram,2025-02-14,2,16450.0,1,0,0
C02743,Arjun,Levi,India,44.0,0,None,OTA,2025-02-12,1,4550.0,0,0,0
C02744,Aarav,Bakker,India,40.0,0,None,OTA,2025-02-13,1,21350.0,0,1,0
C02745,Camille,Kim,Israel,33.0,0,None,Referral,2025-02-17,0,,0,0,0
C02746,Lukas,Levi,India,31.0,0,Advanced,Website,2025-02-15,1,24850.0,0,1,0
C02747,Ishaan,Gupta,Netherlands,32.0,0,Advanced,Walk-in,2025-02-21,1,3600.0,0,0,0
C02748,Neha,Banerjee,Germany,22.0,0,None,Hotel Partner,2025-02-15,1,24000.0,0,1,0
C02749,Karan,Iyer,United States,23.0,0,Open Water,Website,2025-02-18,2,11200.0,1,0,0
C02750,Priya,Kim,India,40.0,0,Open Water,Walk-in,2025-02-14,1,26500.0,0,1,0
C02751,Neha,Levi,Germany,40.0,0,None,Unknown,2025-02-15,0,,0,0,0
C02752,Camille,Jansen,India,28.0,0,Advanced,Unknown,2025-02-22,1,3350.0,0,0,0
C02753,Ishaan,Patel,United States,31.0,0,Open Water,Walk-in,2025-02-21,0,,0,0,0
C02754,Ravi,Gupta,India,40.0,0,Divemaster,OTA,2025-02-16,1,12100.0,0,0,0
C02755,Camille,Smith,India,13.0,0,Advanced,Referral,2025-02-23,0,,0,0,0
C02756,Liam,Dubois,United States,26.0,0,Open Water,Hotel Partner,2025-02-13,0,,0,0,0
C02757,Kavya,Dubois,India,35.0,0,None,Referral,2025-02-17,1,4850.0,0,0,0
C02758,Marco,Tanaka,Germany,43.0,0,None,Referral,2025-02-22,1,5350.0,0,0,0
C02759,Chloe,Dubois,India,37.0,0,None,Walk-in,2025-02-15,1,5000.0,0,0,0
C02760,Noa,Reddy,India,34.0,0,None,Walk-in,2025-02-14,1,5650.0,0,0,0
C02761,Rohan,Iyer,Netherlands,39.0,0,Open Water,Walk-in,2025-02-14,3,17850.0,1,0,0
C02762,Sven,Kulkarni,India,26.0,0,None,Website,2025-02-17,1,4850.0,0,0,0
C02763,Ishaan,Dubois,Germany,30.0,0,None,Unknown,2025-02-16,2,36250.0,1,1,0
C02764,Ananya,Chowdhury,India,12.0,0,Open Water,Unknown,2025-02-19,0,,0,0,0
C02765,Priya,Patel,India,35.0,0,None,Unknown,2025-02-22,1,24800.0,0,1,0
C02766,Marco,Brown,Russia,41.0,0,None,Referral,2025-02-23,0,,0,0,0
C02767,Olga,Cohen,India,23.0,0,None,Hotel Partner,2025-02-23,0,,0,0,0
C02768,Meera,Bakker,India,13.0,0,None,Unknown,2025-02-14,2,8250.0,1,0,0
C02769,Itai,Desai,Israel,22.0,0,None,Instagram,2025-02-22,0,,0,0,0
C02770,Hannah,Muller,United States,49.0,0,None,Website,2025-02-15,1,5350.0,0,0,0
C02771,Sarah,Smith,Italy,22.0,0,None,OTA,2025-02-21,0,,0,0,0
C02772,Priya,Smith,India,28.0,0,None,Walk-in,2025-02-17,0,,0,0,0
C02773,Aarav,Jansen,United Kingdom,44.0,0,None,Hotel Partner,2025-02-15,1,5150.0,0,0,0
C02774,Aarav,Smith,India,34.0,0,Open Water,Instagram,2025-02-25,0,,0,0,0
C02775,Priya,Bakker,India,38.0,0,Advanced,OTA,2025-02-23,0,,0,0,0
C02776,Sarah,Desai,India,,1,Open Water,Walk-in,2025-02-19,1,7850.0,0,0,0
C02777,Hannah,Reddy,Germany,36.0,0,None,Hotel Partner,2025-02-16,1,4950.0,0,0,0
C02778,Ishaan,OConnor,South Korea,26.0,0,Open Water,Instagram,2025-02-21,1,11200.0,0,0,0
C02779,Chloe,Gupta,Australia,61.0,0,None,Hotel Partner,2025-02-17,1,5000.0,0,0,0
C02780,Pierre,Dubois,South Korea,44.0,0,None,Walk-in,2025-02-18,1,5700.0,0,0,0
C02781,Rohan,Smith,India,15.0,0,Advanced,Referral,2025-02-22,1,6800.0,0,0,0
C02782,Neha,Kim,Germany,49.0,0,Rescue,Unknown,2025-02-19,2,15500.0,1,0,0
C02783,Dmitri,Sharma,Russia,20.0,0,Open Water,Referral,2025-02-24,1,10500.0,0,0,0
C02784,Liam,Rossi,Australia,31.0,0,None,Referral,2025-02-25,1,24200.0,0,1,0
C02785,Rohan,Park,India,34.0,0,None,Website,2025-02-20,1,5300.0,0,0,0
C02786,Rohan,Brown,France,46.0,0,None,Unknown,2025-02-17,1,26150.0,0,1,0
C02787,Elena,Bakker,United States,45.0,0,Advanced,Website,2025-02-17,0,,0,0,0
C02788,Noa,Gupta,India,25.0,0,Advanced,OTA,2025-02-23,1,11650.0,0,0,0
C02789,Chloe,Rossi,France,,1,Open Water,Referral,2025-02-18,1,3500.0,0,0,0
C02790,Rahul,Petrova,Netherlands,37.0,0,Open Water,Website,2025-02-17,1,10900.0,0,0,0
C02791,Olga,Dubois,Germany,37.0,0,Rescue,Unknown,2025-02-17,1,15100.0,0,0,0
C02792,Minjun,Kulkarni,India,31.0,0,Rescue,OTA,2025-02-25,0,,0,0,0
C02793,Minjun,Sharma,India,34.0,0,None,Website,2025-02-20,0,,0,0,0
C02794,Kavya,Kim,India,36.0,0,Open Water,Hotel Partner,2025-02-21,1,6350.0,0,0,0
C02795,Dmitri,Muller,India,,1,Advanced,OTA,2025-02-22,2,9350.0,1,0,0
C02796,Siddharth,Kim,United Kingdom,42.0,0,None,Referral,2025-02-23,1,5000.0,0,0,0
C02797,Siddharth,Tanaka,United States,26.0,0,None,OTA,2025-02-20,1,4500.0,0,0,0
C02798,Tom,Rao,India,44.0,0,Open Water,Walk-in,2025-02-18,1,26050.0,0,1,0
C02799,Itai,Kim,India,40.0,0,Advanced,Walk-in,2025-02-23,1,14350.0,0,0,0
C02800,Kavya,Levi,India,35.0,0,None,Website,2025-02-22,2,29550.0,1,1,0
C02801,Aarav,Patel,United Kingdom,44.0,0,None,Hotel Partner,2025-02-19,1,4850.0,0,0,0
C02802,Siddharth,Gupta,India,40.0,0,Rescue,Walk-in,2025-02-21,1,15500.0,0,0,0
C02803,Sophie,Menon,India,31.0,0,Open Water,Walk-in,2025-02-26,1,3500.0,0,0,0
C02804,Karan,Ivanov,Australia,26.0,0,None,Hotel Partner,2025-02-20,1,5000.0,0,0,0
C02805,Emma,Levi,India,31.0,0,Open Water,OTA,2025-02-25,1,3000.0,0,0,0
C02806,Olga,Bakker,India,33.0,0,Advanced,Hotel Partner,2025-02-20,1,13250.0,0,0,0
C02807,Ishaan,Patel,United States,25.0,0,None,Walk-in,2025-02-25,1,5250.0,0,0,0
C02808,Ishaan,Dubois,Israel,41.0,0,Open Water,Walk-in,2025-02-20,1,3850.0,0,0,0
C02809,Sarah,Dubois,India,27.0,0,Advanced,OTA,2025-02-24,1,3250.0,0,0,0
C02810,Emma,Jansen,Russia,46.0,0,Open Water,Website,2025-02-27,1,3850.0,0,0,0
C02811,Lukas,Levi,India,19.0,0,None,Referral,2025-02-23,1,4750.0,0,0,0
C02812,Rahul,Menon,Russia,21.0,0,None,OTA,2025-02-28,0,,0,0,0
C02813,Ravi,Kim,India,23.0,0,Advanced,Walk-in,2025-02-20,1,26150.0,0,1,0
C02814,Liam,Muller,Australia,24.0,0,Rescue,Walk-in,2025-02-24,2,21850.0,1,0,0
C02815,Camille,Rao,Australia,29.0,0,None,Walk-in,2025-02-20,2,38000.0,1,1,1
C02816,Hannah,Patel,Israel,37.0,0,None,Referral,2025-02-28,1,5200.0,0,0,0
C02817,Emma,Bakker,Australia,51.0,0,None,Walk-in,2025-02-20,1,5350.0,0,0,0
C02818,James,Banerjee,India,39.0,0,Open Water,Walk-in,2025-02-25,1,7050.0,0,0,0
C02819,Ananya,Nair,France,20.0,0,None,Instagram,2025-02-27,1,26000.0,0,1,0
C02820,Sophie,Patel,Germany,14.0,0,None,Walk-in,2025-02-22,1,24950.0,0,1,0
C02821,Pooja,Muller,India,35.0,0,None,Referral,2025-02-23,0,,0,0,0
C02822,Siddharth,Desai,United Kingdom,15.0,0,None,OTA,2025-03-02,2,7000.0,1,0,0
C02823,Arjun,Tanaka,India,41.0,0,None,Walk-in,2025-03-02,2,31800.0,1,1,0
C02824,Priya,Jansen,India,30.0,0,None,Instagram,2025-02-25,4,48550.0,1,1,1
C02825,Tom,Petrova,India,34.0,0,None,Website,2025-03-01,2,10450.0,1,0,0
C02826,Noa,Park,India,20.0,0,Open Water,Hotel Partner,2025-02-24,1,3450.0,0,0,0
C02827,Divya,Rao,India,34.0,0,None,Website,2025-02-24,1,5400.0,0,0,0
C02828,Liam,Tanaka,France,18.0,0,Advanced,OTA,2025-03-02,1,3000.0,0,0,0
C02829,Liam,Menon,India,42.0,0,Open Water,Referral,2025-02-23,0,,0,0,0
C02830,Aditya,Reddy,India,20.0,0,Open Water,Walk-in,2025-02-28,1,13900.0,0,0,0
C02831,Ananya,Kulkarni,United Kingdom,23.0,0,None,Walk-in,2025-02-22,2,30850.0,1,1,0
C02832,Noa,Banerjee,India,33.0,0,None,Hotel Partner,2025-02-24,1,23950.0,0,1,0
C02833,Camille,Jansen,United Kingdom,38.0,0,Open Water,OTA,2025-02-25,1,3250.0,0,0,0
C02834,Lukas,Muller,India,40.0,0,None,Website,2025-03-02,0,,0,0,0
C02835,Daniel,Park,India,42.0,0,None,Walk-in,2025-02-25,1,10200.0,0,0,0
C02836,Lukas,Desai,India,25.0,0,Advanced,OTA,2025-03-01,1,22000.0,0,1,0
C02837,Arjun,Brown,Japan,33.0,0,None,OTA,2025-02-28,1,6300.0,0,0,0
C02838,Itai,Wilson,Russia,30.0,0,None,Website,2025-02-24,1,14900.0,0,0,0
C02839,Vikram,Taylor,France,16.0,0,None,Walk-in,2025-02-28,0,,0,0,0
C02840,Hannah,Chowdhury,Russia,26.0,0,None,OTA,2025-02-28,0,,0,0,0
C02841,Ravi,Kim,India,29.0,0,Open Water,Hotel Partner,2025-02-28,1,13450.0,0,0,0
C02842,Kavya,Ivanov,Germany,38.0,0,Advanced,Walk-in,2025-02-25,2,15350.0,1,0,0
C02843,Olga,Schmidt,India,22.0,0,None,Website,2025-03-02,1,24900.0,0,1,0
C02844,Camille,Muller,India,35.0,0,None,Walk-in,2025-03-05,1,27850.0,0,1,0
C02845,Lukas,Iyer,United Kingdom,47.0,0,None,Website,2025-02-28,1,4900.0,0,0,0
C02846,Tom,Rossi,India,23.0,0,None,Referral,2025-03-05,2,26050.0,1,0,0
C02847,Pierre,Wilson,Netherlands,30.0,0,Advanced,Unknown,2025-03-01,0,,0,0,0
C02848,Lukas,Ivanov,South Korea,40.0,0,Advanced,Website,2025-03-03,1,10850.0,0,0,0
C02849,Emma,Park,India,44.0,0,None,Instagram,2025-02-25,2,12700.0,1,0,0
C02850,Aditya,Cohen,Russia,,1,Rescue,Website,2025-02-23,0,,0,0,0
C02851,Kavya,Jansen,India,38.0,0,Rescue,OTA,2025-03-03,0,,0,0,0
C02852,Daniel,Iyer,India,37.0,0,Open Water,Website,2025-03-01,1,3900.0,0,0,0
C02853,James,Sharma,India,,1,Advanced,OTA,2025-02-27,1,3000.0,0,0,0
C02854,Rohan,Banerjee,Germany,52.0,0,None,Unknown,2025-03-05,0,,0,0,0
C02855,Ishaan,Levi,India,39.0,0,None,Instagram,2025-03-03,0,,0,0,0
C02856,Karan,Nair,France,40.0,0,Advanced,Instagram,2025-03-04,1,3400.0,0,0,0
C02857,Dmitri,Schmidt,India,49.0,0,None,Website,2025-02-28,2,16850.0,1,0,0
C02858,Karan,Taylor,India,28.0,0,None,Website,2025-03-03,1,5050.0,0,0,0
C02859,Aarav,Gupta,India,35.0,0,Open Water,Walk-in,2025-02-27,1,3850.0,0,0,0
C02860,Emma,Tanaka,India,45.0,0,Open Water,Referral,2025-03-02,0,,0,0,0
C02861,Aarav,Brown,India,26.0,0,Open Water,Instagram,2025-03-01,1,11200.0,0,0,0
C02862,Karan,Banerjee,India,30.0,0,None,Unknown,2025-03-02,1,5300.0,0,0,0
C02863,Meera,Kulkarni,India,37.0,0,Open Water,Unknown,2025-02-27,1,7150.0,0,0,0
C02864,Elena,Smith,United States,26.0,0,None,Hotel Partner,2025-03-04,1,5150.0,0,0,0
C02865,Kavya,Tanaka,India,40.0,0,None,Website,2025-03-01,1,10650.0,0,0,0
C02866,Yuki,Rossi,India,40.0,0,Advanced,Website,2025-03-03,1,3700.0,0,0,0
C02867,Rahul,Gupta,Netherlands,28.0,0,None,Walk-in,2025-03-04,1,5550.0,0,0,0
C02868,Siddharth,Rao,India,27.0,0,Rescue,Walk-in,2025-03-04,1,7200.0,0,0,0
C02869,Itai,Cohen,India,54.0,0,Advanced,Instagram,2025-02-26,1,3500.0,0,0,0
C02870,Ananya,Levi,India,47.0,0,None,Referral,2025-03-04,1,5100.0,0,0,0
C02871,Camille,Dubois,India,38.0,0,Advanced,OTA,2025-03-01,1,8850.0,0,0,0
C02872,Camille,Desai,India,41.0,0,None,Referral,2025-03-08,0,,0,0,0
C02873,Hannah,Wilson,Israel,28.0,0,None,Walk-in,2025-03-04,0,,0,0,0
C02874,Ishaan,Cohen,India,30.0,0,None,Website,2025-03-07,1,24350.0,0,1,0
C02875,Itai,Petrova,India,42.0,0,Advanced,Website,2025-02-28,0,,0,0,0
C02876,Pierre,Tanaka,Germany,33.0,0,None,Unknown,2025-03-07,1,5300.0,0,0,0
C02877,Marco,Petrova,India,18.0,0,None,Instagram,2025-03-02,0,,0,0,0
C02878,Kavya,Iyer,India,38.0,0,Open Water,Referral,2025-03-06,1,14850.0,0,0,0
C02879,Sven,Muller,India,33.0,0,Open Water,Walk-in,2025-03-05,1,3650.0,0,0,0
C02880,Olga,Dubois,India,25.0,0,Open Water,Unknown,2025-03-07,1,3350.0,0,0,0
C02881,Siddharth,Cohen,India,27.0,0,Open Water,Website,2025-03-08,1,3850.0,0,0,0
C02882,Arjun,Wilson,India,44.0,0,Advanced,Walk-in,2025-02-28,1,7050.0,0,0,0
C02883,Chloe,Dubois,India,39.0,0,None,Website,2025-03-07,1,5300.0,0,0,0
C02884,Itai,OConnor,India,37.0,0,Open Water,Walk-in,2025-02-27,0,,0,0,0
C02885,Liam,Kulkarni,Australia,23.0,0,None,Referral,2025-02-28,2,31300.0,1,1,1
C02886,Emma,Schmidt,Australia,37.0,0,None,Hotel Partner,2025-03-07,1,23250.0,0,1,0
C02887,Dmitri,Petrova,India,35.0,0,None,Website,2025-03-08,1,9900.0,0,0,0
C02888,Sven,Reddy,Russia,28.0,0,Open Water,Walk-in,2025-03-06,1,11400.0,0,0,0
C02889,Hannah,Reddy,India,40.0,0,Open Water,Website,2025-03-07,0,,0,0,0
C02890,Pierre,Sharma,United Kingdom,31.0,0,None,Hotel Partner,2025-03-06,1,5100.0,0,0,0
C02891,James,Levi,India,25.0,0,None,Instagram,2025-03-04,0,,0,0,0
C02892,Arjun,Sharma,South Korea,34.0,0,None,Hotel Partner,2025-03-04,1,4750.0,0,0,0
C02893,Siddharth,Dubois,Germany,33.0,0,None,Walk-in,2025-03-07,1,10900.0,0,0,0
C02894,Ananya,Sharma,India,,1,Open Water,Website,2025-03-04,2,17100.0,1,0,0
C02895,Meera,Iyer,India,47.0,0,None,Hotel Partner,2025-03-05,1,4850.0,0,0,0
C02896,Kavya,Ivanov,India,44.0,0,None,Unknown,2025-03-07,1,4550.0,0,0,0
C02897,Elena,Rao,India,36.0,0,Advanced,Referral,2025-03-02,1,6650.0,0,0,0
C02898,Aditya,Cohen,India,55.0,0,Open Water,Instagram,2025-03-06,1,7750.0,0,0,0
C02899,James,Smith,Israel,40.0,0,None,Referral,2025-03-02,1,5100.0,0,0,0
C02900,Anouk,Kim,United Kingdom,33.0,0,None,Unknown,2025-03-06,1,10100.0,0,0,0
C02901,Divya,Bakker,India,36.0,0,None,Unknown,2025-03-02,1,5250.0,0,0,0
C02902,Ananya,Ivanov,Germany,44.0,0,None,Hotel Partner,2025-03-05,0,,0,0,0
C02903,Ravi,Levi,Australia,26.0,0,Open Water,Referral,2025-03-02,2,7100.0,1,0,0
C02904,Noa,Cohen,Netherlands,30.0,0,None,OTA,2025-03-11,1,20500.0,0,1,0
C02905,Sarah,Levi,United Kingdom,34.0,0,Open Water,Walk-in,2025-03-05,1,11700.0,0,0,0
C02906,Camille,Petrova,India,35.0,0,None,Instagram,2025-03-09,1,5550.0,0,0,0
C02907,Ananya,Iyer,Germany,33.0,0,Advanced,Walk-in,2025-03-08,2,15850.0,1,0,0
C02908,Marco,Kim,India,42.0,0,Open Water,Unknown,2025-03-07,1,3600.0,0,0,0
C02909,Sophie,Rossi,United Kingdom,38.0,0,None,Website,2025-03-06,1,5200.0,0,0,0
C02910,Sneha,Schmidt,India,36.0,0,None,Hotel Partner,2025-03-08,1,4650.0,0,0,0
C02911,Neha,Ivanov,India,26.0,0,Open Water,Instagram,2025-03-05,1,3600.0,0,0,0
C02912,Yuki,Ivanov,Germany,32.0,0,Advanced,OTA,2025-03-09,2,11900.0,1,0,0
C02913,Priya,Desai,India,32.0,0,Open Water,OTA,2025-03-11,1,9850.0,0,0,0
C02914,Lukas,Levi,Italy,12.0,0,Open Water,Hotel Partner,2025-03-06,1,6400.0,0,0,0
C02915,Siddharth,Kulkarni,India,38.0,0,None,Unknown,2025-03-09,1,3800.0,0,0,0
C02916,Itai,Park,Netherlands,36.0,0,None,Hotel Partner,2025-03-12,0,,0,0,0
C02917,Siddharth,Taylor,France,18.0,0,None,Referral,2025-03-14,1,5200.0,0,0,0
C02918,Arjun,Rossi,South Korea,38.0,0,Open Water,Referral,2025-03-14,1,7150.0,0,0,0
C02919,Elena,Muller,India,30.0,0,Open Water,Website,2025-03-07,1,11000.0,0,0,0
C02920,Liam,Banerjee,Germany,19.0,0,Open Water,Walk-in,2025-03-14,2,40000.0,1,1,1
C02921,Neha,Bakker,India,18.0,0,Open Water,Referral,2025-03-06,2,7250.0,1,0,0
C02922,Divya,Ivanov,India,48.0,0,None,OTA,2025-03-11,1,21750.0,0,1,0
C02923,Yuki,Smith,India,34.0,0,None,Referral,2025-03-08,1,27250.0,0,1,0
C02924,Sven,Iyer,Netherlands,36.0,0,None,Website,2025-03-12,1,26050.0,0,1,0
C02925,Tom,Dubois,India,22.0,0,Advanced,Instagram,2025-03-12,2,6950.0,1,0,0
C02926,Meera,Tanaka,United Kingdom,21.0,0,None,Hotel Partner,2025-03-13,1,4500.0,0,0,0
C02927,Pierre,Cohen,Netherlands,32.0,0,Open Water,Referral,2025-03-05,1,0.0,0,0,0
C02928,Anouk,Gupta,India,36.0,0,None,Website,2025-03-05,1,5050.0,0,0,0
C02929,Ishaan,Menon,Netherlands,38.0,0,Open Water,Walk-in,2025-03-05,1,7750.0,0,0,0
C02930,Aarav,Dubois,India,32.0,0,None,Hotel Partner,2025-03-13,1,4550.0,0,0,0
C02931,Sneha,Iyer,India,40.0,0,None,Referral,2025-03-11,1,24000.0,0,1,0
C02932,Kavya,Muller,India,27.0,0,None,Walk-in,2025-03-11,1,28150.0,0,1,0
C02933,Karan,Brown,Germany,37.0,0,None,Walk-in,2025-03-09,0,,0,0,0
C02934,Liam,Bakker,Russia,39.0,0,None,Walk-in,2025-03-12,1,25000.0,0,1,0
C02935,James,Cohen,France,,1,Open Water,Unknown,2025-03-12,1,6900.0,0,0,0
C02936,Chloe,Dubois,India,29.0,0,None,OTA,2025-03-10,0,,0,0,0
C02937,Siddharth,Banerjee,India,,1,Advanced,Unknown,2025-03-12,1,14650.0,0,0,0
C02938,Divya,Dubois,India,,1,Open Water,OTA,2025-03-06,1,9400.0,0,0,0
C02939,Divya,Wilson,Netherlands,48.0,0,Open Water,Website,2025-03-14,1,3550.0,0,0,0
C02940,Aditya,Kim,France,,1,Rescue,Walk-in,2025-03-11,0,,0,0,0
C02941,Rohan,Sharma,United Kingdom,31.0,0,Open Water,Website,2025-03-11,1,7250.0,0,0,0
C02942,Pooja,Dubois,India,21.0,0,None,Walk-in,2025-03-15,1,27450.0,0,1,0
C02943,Aarav,Dubois,India,41.0,0,Open Water,Website,2025-03-15,1,10850.0,0,0,0
C02944,Sarah,Rossi,Russia,21.0,0,Advanced,Referral,2025-03-17,1,26350.0,0,1,0
C02945,Daniel,Kim,India,39.0,0,Open Water,Hotel Partner,2025-03-09,1,10500.0,0,0,0
C02946,Neha,Patel,Australia,39.0,0,Advanced,Website,2025-03-11,1,7150.0,0,0,0
C02947,Neha,Muller,India,29.0,0,Open Water,OTA,2025-03-10,1,3100.0,0,0,0
C02948,Meera,Park,United Kingdom,18.0,0,Open Water,Referral,2025-03-08,0,,0,0,0
C02949,Pierre,Brown,Australia,19.0,0,Open Water,Unknown,2025-03-11,1,3550.0,0,0,0
C02950,James,Rossi,Germany,,1,Advanced,Instagram,2025-03-11,0,,0,0,0
C02951,Ishaan,Muller,Germany,12.0,0,Advanced,Website,2025-03-10,1,10050.0,0,0,0
C02952,Sophie,Reddy,India,38.0,0,None,Hotel Partner,2025-03-13,3,24450.0,1,0,0
C02953,Meera,Smith,Germany,25.0,0,Open Water,Walk-in,2025-03-10,3,44700.0,1,1,1
C02954,Karan,Chowdhury,United Kingdom,49.0,0,None,Hotel Partner,2025-03-16,0,,0,0,0
C02955,Noa,Cohen,Italy,30.0,0,Open Water,Unknown,2025-03-10,1,4000.0,0,0,0
C02956,Tom,Wilson,India,33.0,0,Open Water,Instagram,2025-03-15,1,3750.0,0,0,0
C02957,Kavya,Kulkarni,United States,43.0,0,Advanced,Hotel Partner,2025-03-16,0,,0,0,0
C02958,Liam,OConnor,India,,1,None,OTA,2025-03-13,0,,0,0,0
C02959,Sneha,Kim,South Korea,21.0,0,Open Water,Website,2025-03-10,1,3600.0,0,0,0
C02960,Aditya,Nair,Germany,45.0,0,Advanced,Hotel Partner,2025-03-16,1,3100.0,0,0,0
C02961,Pierre,Tanaka,United Kingdom,45.0,0,Open Water,OTA,2025-03-13,2,27800.0,1,1,0
C02962,Yuki,Park,Netherlands,12.0,0,Open Water,Instagram,2025-03-18,1,3500.0,0,0,0
C02963,Noa,Tanaka,Italy,43.0,0,Rescue,OTA,2025-03-17,1,5700.0,0,0,0
C02964,Divya,Tanaka,Israel,37.0,0,Divemaster,Walk-in,2025-03-18,1,14200.0,0,0,0
C02965,Emma,Nair,United Kingdom,15.0,0,None,Hotel Partner,2025-03-16,0,,0,0,0
C02966,Emma,Muller,India,25.0,0,Advanced,Website,2025-03-19,2,34500.0,1,1,1
C02967,Lukas,Kulkarni,India,22.0,0,None,Website,2025-03-13,1,5550.0,0,0,0
C02968,Camille,Patel,India,22.0,0,Open Water,Website,2025-03-10,1,7000.0,0,0,0
C02969,Kavya,Muller,Netherlands,45.0,0,Advanced,Walk-in,2025-03-15,2,56150.0,1,1,0
C02970,Camille,Gupta,France,43.0,0,Open Water,OTA,2025-03-11,1,20550.0,0,1,0
C02971,Sven,Nair,India,,1,None,Walk-in,2025-03-13,1,5350.0,0,0,0
C02972,Ananya,Iyer,Italy,29.0,0,Open Water,Unknown,2025-03-16,1,3400.0,0,0,0
C02973,James,Rossi,India,32.0,0,Open Water,Website,2025-03-12,2,25450.0,1,0,0
C02974,Neha,Reddy,Australia,14.0,0,Open Water,OTA,2025-03-19,1,11700.0,0,0,0
C02975,Neha,OConnor,India,39.0,0,None,Hotel Partner,2025-03-20,2,15300.0,1,0,0
C02976,Vikram,Kulkarni,Australia,,1,Advanced,Walk-in,2025-03-14,1,3450.0,0,0,0
C02977,Lukas,Gupta,India,28.0,0,Advanced,Referral,2025-03-17,1,7600.0,0,0,0
C02978,Yuki,Desai,Russia,24.0,0,Advanced,Referral,2025-03-19,0,,0,0,0
C02979,Minjun,Kulkarni,Germany,24.0,0,None,Instagram,2025-03-15,2,8950.0,1,0,0
C02980,Ananya,Chowdhury,India,38.0,0,Open Water,Walk-in,2025-03-17,1,14200.0,0,0,0
C02981,Sven,Muller,India,26.0,0,None,Referral,2025-03-14,1,4900.0,0,0,0
C02982,Daniel,Patel,United Kingdom,19.0,0,None,Hotel Partner,2025-03-14,2,8200.0,1,0,0
C02983,Lukas,Muller,United Kingdom,28.0,0,None,Instagram,2025-03-19,1,3550.0,0,0,0
C02984,Ravi,Wilson,Germany,32.0,0,None,Walk-in,2025-03-15,2,12550.0,1,0,0
C02985,Ishaan,Rossi,India,24.0,0,Open Water,Instagram,2025-03-14,0,,0,0,0
C02986,Ananya,Smith,India,34.0,0,None,Walk-in,2025-03-12,1,5000.0,0,0,0
C02987,Tom,Banerjee,Germany,34.0,0,Open Water,Walk-in,2025-03-15,0,,0,0,0
C02988,Rahul,Ivanov,Japan,52.0,0,None,Website,2025-03-20,1,5600.0,0,0,0
C02989,Itai,Kulkarni,India,30.0,0,Rescue,Referral,2025-03-20,0,,0,0,0
C02990,Tom,Chowdhury,Italy,28.0,0,Open Water,OTA,2025-03-17,1,3100.0,0,0,0
C02991,Rohan,Park,Germany,56.0,0,Open Water,Unknown,2025-03-14,1,28800.0,0,1,0
C02992,Olga,Rossi,Italy,26.0,0,None,Referral,2025-03-12,0,,0,0,0
C02993,Ananya,Schmidt,India,32.0,0,None,Unknown,2025-03-18,1,5550.0,0,0,0
C02994,Hannah,Desai,Israel,49.0,0,None,Referral,2025-03-12,1,6550.0,0,0,0
C02995,Sophie,Reddy,United Kingdom,42.0,0,Rescue,OTA,2025-03-14,1,8800.0,0,0,0
C02996,Arjun,Dubois,India,37.0,0,Advanced,Website,2025-03-13,0,,0,0,0
C02997,Noa,Kim,Italy,48.0,0,None,OTA,2025-03-13,1,4100.0,0,0,0
C02998,Rahul,Ivanov,India,34.0,0,None,Walk-in,2025-03-20,2,12400.0,1,0,0
C02999,Pooja,Taylor,India,39.0,0,Open Water,Unknown,2025-03-18,0,,0,0,0
C03000,Chloe,Kulkarni,India,25.0,0,Open Water,Website,2025-03-17,1,10750.0,0,0,0
C03001,Tom,Dubois,United States,40.0,0,None,Unknown,2025-03-19,1,5700.0,0,0,0
C03002,Itai,Ivanov,India,24.0,0,Advanced,Walk-in,2025-03-20,1,10400.0,0,0,0
C03003,Sven,Chowdhury,India,33.0,0,Advanced,Walk-in,2025-03-22,1,7750.0,0,0,0
C03004,Rahul,Patel,Netherlands,53.0,0,None,Referral,2025-03-19,2,36250.0,1,1,0
C03005,Yuki,Menon,India,17.0,0,None,OTA,2025-03-16,2,24500.0,1,1,1
C03006,Ravi,Schmidt,India,31.0,0,None,Referral,2025-03-16,1,27300.0,0,1,0
C03007,Itai,Park,Germany,29.0,0,None,Instagram,2025-03-16,1,5550.0,0,0,0
C03008,Sneha,Park,India,25.0,0,None,Referral,2025-03-14,1,4850.0,0,0,0
C03009,Noa,Iyer,United Kingdom,,1,Rescue,OTA,2025-03-22,1,12450.0,0,0,0
C03010,Sarah,Sharma,Israel,22.0,0,Divemaster,Instagram,2025-03-20,1,3850.0,0,0,0
C03011,Aditya,Park,Israel,28.0,0,Advanced,OTA,2025-03-17,1,11950.0,0,0,0
C03012,Marco,Menon,India,22.0,0,None,Walk-in,2025-03-24,1,5350.0,0,0,0
C03013,Marco,Patel,United Kingdom,43.0,0,Open Water,Website,2025-03-16,1,24800.0,0,1,0
C03014,Neha,Dubois,Italy,54.0,0,None,Website,2025-03-16,1,26750.0,0,1,0
C03015,Emma,Petrova,India,28.0,0,None,Hotel Partner,2025-03-23,1,24200.0,0,1,0
C03016,Sven,Schmidt,France,,1,Divemaster,OTA,2025-03-17,4,47600.0,1,1,1
C03017,Marco,Muller,Russia,31.0,0,None,Walk-in,2025-03-18,1,5750.0,0,0,0
C03018,James,Tanaka,India,25.0,0,Open Water,OTA,2025-03-14,1,12850.0,0,0,0
C03019,Sneha,Brown,India,37.0,0,Open Water,Instagram,2025-03-18,1,25150.0,0,1,0
C03020,Elena,Wilson,India,32.0,0,Open Water,Instagram,2025-03-22,1,3550.0,0,0,0
C03021,Priya,Sharma,India,36.0,0,None,Website,2025-03-15,1,27750.0,0,1,0
C03022,Sarah,OConnor,India,36.0,0,Open Water,Walk-in,2025-03-15,1,3500.0,0,0,0
C03023,Chloe,Schmidt,Russia,23.0,0,None,OTA,2025-03-17,1,20650.0,0,1,0
C03024,Elena,Jansen,India,22.0,0,None,Walk-in,2025-03-17,0,,0,0,0
C03025,Ananya,Nair,Japan,31.0,0,Open Water,Referral,2025-03-19,1,6700.0,0,0,0
C03026,Camille,Schmidt,Australia,52.0,0,Open Water,Hotel Partner,2025-03-20,1,6750.0,0,0,0
C03027,Chloe,Banerjee,Netherlands,37.0,0,None,OTA,2025-03-16,1,4600.0,0,0,0
C03028,Tom,Levi,India,49.0,0,Open Water,OTA,2025-03-16,0,,0,0,0
C03029,Pierre,Reddy,United Kingdom,52.0,0,Advanced,OTA,2025-03-22,0,,0,0,0
C03030,Pierre,Menon,India,39.0,0,None,Referral,2025-03-23,3,16150.0,1,0,0
C03031,Pooja,Banerjee,Netherlands,34.0,0,Advanced,OTA,2025-03-23,1,2950.0,0,0,0
C03032,Sven,Rao,Israel,43.0,0,Open Water,Hotel Partner,2025-03-24,1,3400.0,0,0,0
C03033,Ishaan,Chowdhury,India,19.0,0,Open Water,OTA,2025-03-21,0,,0,0,0
C03034,Anouk,Kim,United States,38.0,0,None,Referral,2025-03-25,1,11000.0,0,0,0
C03035,Divya,Taylor,Russia,39.0,0,None,Walk-in,2025-03-22,1,5500.0,0,0,0
C03036,Kavya,Iyer,Japan,44.0,0,Open Water,Walk-in,2025-03-23,1,26950.0,0,1,0
C03037,Ravi,Wilson,India,45.0,0,Open Water,OTA,2025-03-26,1,22850.0,0,1,0
C03038,Sarah,Bakker,India,45.0,0,None,Website,2025-03-26,1,25600.0,0,1,0
C03039,Pooja,Jansen,India,36.0,0,None,Website,2025-03-26,1,5000.0,0,0,0
C03040,Pierre,Iyer,India,34.0,0,None,Instagram,2025-03-26,1,24700.0,0,1,0
C03041,Priya,Brown,Italy,35.0,0,Advanced,Referral,2025-03-18,1,6650.0,0,0,0
C03042,Ishaan,Sharma,India,12.0,0,None,Referral,2025-03-18,1,10400.0,0,0,0
C03043,Meera,Petrova,Italy,30.0,0,Open Water,Instagram,2025-03-22,1,7200.0,0,0,0
C03044,Lukas,Desai,France,39.0,0,None,Instagram,2025-03-18,0,,0,0,0
C03045,Hannah,Levi,India,28.0,0,Advanced,OTA,2025-03-19,1,22550.0,0,1,0
C03046,Ananya,Chowdhury,France,25.0,0,Open Water,OTA,2025-03-22,2,45050.0,1,1,0
C03047,Rahul,Cohen,India,20.0,0,None,Referral,2025-03-27,0,,0,0,0
C03048,Siddharth,Patel,India,22.0,0,Open Water,Website,2025-03-19,1,10650.0,0,0,0
C03049,Meera,Brown,India,50.0,0,Advanced,OTA,2025-03-21,0,,0,0,0
C03050,Divya,Rao,India,19.0,0,None,OTA,2025-03-27,1,4450.0,0,0,0
C03051,Hannah,Cohen,United States,32.0,0,Open Water,Walk-in,2025-03-19,1,3950.0,0,0,0
C03052,Divya,Jansen,Australia,41.0,0,None,OTA,2025-03-19,2,8850.0,1,0,0
C03053,Rohan,Levi,South Korea,32.0,0,Advanced,Unknown,2025-03-18,1,8600.0,0,0,0
C03054,Yuki,Rossi,India,13.0,0,Open Water,Website,2025-03-26,1,14400.0,0,0,0
C03055,Sophie,Rao,India,46.0,0,None,Hotel Partner,2025-03-26,1,24000.0,0,1,0
C03056,Liam,Dubois,India,36.0,0,Open Water,OTA,2025-03-22,1,3000.0,0,0,0
C03057,Siddharth,OConnor,India,31.0,0,None,OTA,2025-03-25,1,9300.0,0,0,0
C03058,Dmitri,Cohen,India,34.0,0,None,Referral,2025-03-19,3,37600.0,1,1,1
C03059,Vikram,Levi,India,27.0,0,None,OTA,2025-03-27,1,21400.0,0,1,0
C03060,Rohan,Patel,Italy,45.0,0,Open Water,Instagram,2025-03-24,1,10700.0,0,0,0
C03061,Sophie,Rossi,India,24.0,0,None,Website,2025-03-27,2,30500.0,1,1,1
C03062,Meera,OConnor,India,32.0,0,Open Water,Walk-in,2025-03-19,1,3800.0,0,0,0
C03063,Karan,Smith,Germany,40.0,0,None,Instagram,2025-03-18,1,5150.0,0,0,0
C03064,Sarah,Bakker,Netherlands,31.0,0,Open Water,OTA,2025-03-21,1,2950.0,0,0,0
C03065,Liam,Smith,India,24.0,0,None,OTA,2025-03-26,1,4100.0,0,0,0
C03066,Sarah,Tanaka,Russia,39.0,0,None,Instagram,2025-03-23,1,5500.0,0,0,0
C03067,Sneha,Rao,India,44.0,0,Open Water,Hotel Partner,2025-03-29,1,7150.0,0,0,0
C03068,Rahul,Chowdhury,India,,1,None,Walk-in,2025-03-28,1,5550.0,0,0,0
C03069,Yuki,Rao,Russia,,1,Advanced,Referral,2025-03-24,1,13400.0,0,0,0
C03070,Pierre,Park,India,27.0,0,None,Hotel Partner,2025-03-27,2,10000.0,1,0,0
C03071,Ishaan,Dubois,Germany,25.0,0,None,Unknown,2025-03-22,1,4900.0,0,0,0
C03072,Pierre,Bakker,United Kingdom,,1,None,Walk-in,2025-03-19,1,26150.0,0,1,0
C03073,Daniel,Nair,Germany,18.0,0,Open Water,Instagram,2025-03-26,1,14600.0,0,0,0
C03074,Rahul,Kim,India,42.0,0,None,Walk-in,2025-03-26,1,3700.0,0,0,0
C03075,Arjun,Wilson,France,27.0,0,None,OTA,2025-03-23,2,10350.0,1,0,0
C03076,Emma,Banerjee,Netherlands,39.0,0,None,Referral,2025-03-28,1,5250.0,0,0,0
C03077,Lukas,Nair,India,,1,Advanced,Website,2025-03-27,1,3600.0,0,0,0
C03078,Daniel,Chowdhury,United Kingdom,33.0,0,Open Water,OTA,2025-03-30,1,3150.0,0,0,0
C03079,Rahul,Dubois,India,25.0,0,Divemaster,Unknown,2025-03-26,1,6050.0,0,0,0
C03080,Kavya,Banerjee,India,27.0,0,Advanced,Hotel Partner,2025-03-20,1,13600.0,0,0,0
C03081,Kavya,Jansen,India,40.0,0,None,Unknown,2025-03-28,2,15800.0,1,0,0
C03082,Chloe,OConnor,India,47.0,0,None,Walk-in,2025-03-24,0,,0,0,0
C03083,Sven,Kim,Germany,30.0,0,Open Water,Website,2025-03-28,1,14500.0,0,0,0
C03084,Daniel,Petrova,India,28.0,0,None,Referral,2025-03-22,1,5300.0,0,0,0
C03085,Olga,Schmidt,India,17.0,0,Open Water,Walk-in,2025-03-23,2,11100.0,1,0,0
C03086,Vikram,Smith,Russia,27.0,0,Rescue,Walk-in,2025-03-25,1,3600.0,0,0,0
C03087,Liam,Wilson,India,47.0,0,Open Water,Walk-in,2025-03-26,2,24750.0,1,0,0
C03088,Arjun,Jansen,United Kingdom,53.0,0,None,Unknown,2025-03-22,0,,0,0,0
C03089,Camille,Jansen,India,36.0,0,None,Website,2025-03-29,1,5100.0,0,0,0
C03090,Liam,Levi,Australia,35.0,0,Advanced,OTA,2025-03-20,1,12150.0,0,0,0
C03091,Marco,Patel,Russia,30.0,0,None,Referral,2025-03-22,2,11550.0,1,0,0
C03092,Hannah,OConnor,India,20.0,0,None,Website,2025-03-22,0,,0,0,0
C03093,Tom,Dubois,United Kingdom,31.0,0,Advanced,Referral,2025-03-23,1,15150.0,0,0,0
C03094,Sneha,Smith,India,45.0,0,Open Water,OTA,2025-03-22,1,2950.0,0,0,0
C03095,Minjun,Bakker,United States,28.0,0,Advanced,Website,2025-03-22,1,3450.0,0,0,0
C03096,Rohan,Muller,India,27.0,0,Advanced,Walk-in,2025-03-30,1,10850.0,0,0,0
C03097,Aditya,Kulkarni,India,25.0,0,Open Water,Website,2025-03-23,0,,0,0,0
C03098,Dmitri,Reddy,United Kingdom,25.0,0,Divemaster,OTA,2025-03-30,2,6000.0,1,0,0
C03099,Ananya,Park,South Korea,39.0,0,Open Water,Walk-in,2025-03-30,1,3850.0,0,0,0
C03100,Liam,Dubois,India,39.0,0,None,Walk-in,2025-03-25,1,5450.0,0,0,0
C03101,James,Schmidt,France,36.0,0,Open Water,Referral,2025-03-27,1,10700.0,0,0,0
C03102,Neha,Rossi,India,47.0,0,Open Water,OTA,2025-03-25,1,8700.0,0,0,0
C03103,Pierre,Jansen,United States,30.0,0,None,Website,2025-03-28,0,,0,0,0
C03104,Elena,Rossi,United Kingdom,31.0,0,Open Water,Walk-in,2025-03-22,0,,0,0,0
C03105,Siddharth,Kim,India,36.0,0,None,Website,2025-03-31,0,,0,0,0
C03106,Neha,Desai,India,25.0,0,None,Hotel Partner,2025-03-25,0,,0,0,0
C03107,Ananya,Iyer,India,38.0,0,Open Water,Website,2025-03-24,1,27150.0,0,1,0
C03108,Anouk,Wilson,India,,1,None,Referral,2025-03-25,0,,0,0,0
C03109,Dmitri,Park,India,53.0,0,Open Water,OTA,2025-03-28,0,,0,0,0
C03110,Hannah,Iyer,India,32.0,0,None,Instagram,2025-03-30,1,5150.0,0,0,0
C03111,Aarav,Levi,Italy,40.0,0,Open Water,Referral,2025-03-29,1,10800.0,0,0,0
C03112,Ananya,Chowdhury,India,29.0,0,Open Water,Walk-in,2025-04-01,0,,0,0,0
C03113,Chloe,Desai,Germany,37.0,0,Open Water,OTA,2025-03-23,0,,0,0,0
C03114,Minjun,Bakker,India,25.0,0,None,OTA,2025-03-31,0,,0,0,0
C03115,Pierre,Rao,India,45.0,0,None,OTA,2025-04-01,0,,0,0,0
C03116,Hannah,Desai,Netherlands,37.0,0,None,Walk-in,2025-04-01,1,24950.0,0,1,0
C03117,Marco,Brown,South Korea,28.0,0,None,Instagram,2025-03-26,2,18050.0,1,0,0
C03118,Arjun,Menon,United Kingdom,13.0,0,None,OTA,2025-03-26,1,8500.0,0,0,0
C03119,Olga,Jansen,India,34.0,0,None,Website,2025-03-23,0,,0,0,0
C03120,Chloe,Chowdhury,India,35.0,0,None,Walk-in,2025-04-02,1,5200.0,0,0,0
C03121,Yuki,Levi,Russia,34.0,0,None,Hotel Partner,2025-03-25,1,4800.0,0,0,0
C03122,Liam,Gupta,India,,1,None,OTA,2025-03-29,1,22200.0,0,1,0
C03123,Ravi,Tanaka,India,38.0,0,None,Hotel Partner,2025-04-01,1,5100.0,0,0,0
C03124,Liam,Wilson,India,27.0,0,None,Website,2025-04-01,1,10450.0,0,0,0
C03125,Lukas,Kim,France,29.0,0,None,Walk-in,2025-03-31,1,5100.0,0,0,0
C03126,Dmitri,Petrova,India,27.0,0,None,Website,2025-04-02,1,4900.0,0,0,0
C03127,Neha,Schmidt,India,,1,Open Water,Walk-in,2025-03-27,1,7450.0,0,0,0
C03128,Marco,Sharma,India,25.0,0,None,Walk-in,2025-03-29,1,11550.0,0,0,0
C03129,Neha,Patel,India,,1,None,Walk-in,2025-03-28,1,27300.0,0,1,0
C03130,Elena,Desai,United States,38.0,0,Advanced,Website,2025-04-01,1,13950.0,0,0,0
C03131,Rahul,Rossi,India,23.0,0,None,Referral,2025-03-28,1,4850.0,0,0,0
C03132,Anouk,Rossi,India,32.0,0,None,OTA,2025-04-03,2,27050.0,1,1,0
C03133,Hannah,Smith,Germany,49.0,0,Open Water,Referral,2025-03-30,2,51900.0,1,1,0
C03134,Tom,Taylor,Netherlands,21.0,0,None,Website,2025-03-29,1,5400.0,0,0,0
C03135,Anouk,Muller,India,,1,Advanced,Instagram,2025-03-28,2,10600.0,1,0,0
C03136,Marco,Petrova,United Kingdom,25.0,0,Rescue,OTA,2025-03-30,1,11600.0,0,0,0
C03137,Chloe,Levi,United Kingdom,25.0,0,Open Water,Referral,2025-03-25,1,6850.0,0,0,0
C03138,Marco,Rossi,United Kingdom,39.0,0,Advanced,OTA,2025-04-03,0,,0,0,0
C03139,Noa,Muller,Italy,20.0,0,None,Instagram,2025-04-05,1,5100.0,0,0,0
C03140,Karan,Sharma,Japan,19.0,0,Advanced,OTA,2025-04-05,1,3200.0,0,0,0
C03141,Chloe,Banerjee,Italy,43.0,0,None,OTA,2025-04-01,1,4550.0,0,0,0
C03142,Rahul,Wilson,Australia,48.0,0,Open Water,OTA,2025-03-26,1,2850.0,0,0,0
C03143,Emma,Kim,India,30.0,0,Advanced,Walk-in,2025-03-31,2,18700.0,1,0,0
C03144,Arjun,Levi,Israel,24.0,0,None,OTA,2025-04-02,1,4450.0,0,0,0
C03145,Siddharth,Desai,India,16.0,0,Open Water,Instagram,2025-04-03,0,,0,0,0
C03146,Arjun,Kim,United Kingdom,49.0,0,None,Unknown,2025-03-31,1,5350.0,0,0,0
C03147,Hannah,Patel,India,37.0,0,Open Water,Website,2025-03-30,0,,0,0,0
C03148,Emma,Gupta,India,29.0,0,Advanced,Website,2025-03-29,1,7400.0,0,0,0
C03149,Tom,Chowdhury,India,36.0,0,Open Water,Instagram,2025-03-28,1,13750.0,0,0,0
C03150,James,Iyer,India,36.0,0,None,Walk-in,2025-04-05,1,5750.0,0,0,0
C03151,Rohan,Taylor,Germany,15.0,0,None,Walk-in,2025-04-05,1,5250.0,0,0,0
C03152,Arjun,Taylor,India,40.0,0,Advanced,Walk-in,2025-04-02,0,,0,0,0
C03153,Ravi,OConnor,India,36.0,0,None,OTA,2025-03-27,0,,0,0,0
C03154,Camille,Patel,France,28.0,0,Open Water,Hotel Partner,2025-04-03,0,,0,0,0
C03155,Ravi,Desai,Germany,30.0,0,Open Water,Instagram,2025-04-04,0,,0,0,0
C03156,Ananya,Wilson,Australia,40.0,0,None,OTA,2025-04-06,2,8800.0,1,0,0
C03157,Ishaan,Muller,India,45.0,0,None,OTA,2025-04-07,1,9050.0,0,0,0
C03158,Vikram,Jansen,India,42.0,0,Advanced,Walk-in,2025-03-28,1,7050.0,0,0,0
C03159,Olga,Menon,India,35.0,0,Open Water,OTA,2025-03-30,1,3050.0,0,0,0
C03160,Sven,Park,India,34.0,0,Open Water,Hotel Partner,2025-03-28,1,6700.0,0,0,0
C03161,Ishaan,Rossi,India,30.0,0,None,OTA,2025-03-29,2,8950.0,1,0,0
C03162,Minjun,Patel,India,49.0,0,None,Walk-in,2025-04-04,0,,0,0,0
C03163,Ishaan,Gupta,India,34.0,0,None,Website,2025-04-02,1,27100.0,0,1,0
C03164,Sneha,Kulkarni,India,33.0,0,None,Website,2025-03-31,1,5050.0,0,0,0
C03165,Karan,Brown,India,41.0,0,None,Instagram,2025-04-02,0,,0,0,0
C03166,Itai,Chowdhury,United Kingdom,27.0,0,None,Website,2025-04-02,0,,0,0,0
C03167,Yuki,OConnor,India,32.0,0,None,Walk-in,2025-03-29,1,5600.0,0,0,0
C03168,Hannah,Kim,United States,41.0,0,None,Website,2025-04-04,1,5150.0,0,0,0
C03169,Dmitri,Menon,India,,1,None,Instagram,2025-04-04,1,25550.0,0,1,0
C03170,Vikram,Rao,India,37.0,0,None,Website,2025-03-30,1,5200.0,0,0,0
C03171,Elena,Chowdhury,Russia,41.0,0,Open Water,Walk-in,2025-04-06,1,10500.0,0,0,0
C03172,Minjun,Levi,Italy,48.0,0,Advanced,Referral,2025-04-04,2,13700.0,1,0,0
C03173,Emma,Wilson,India,37.0,0,None,OTA,2025-04-01,0,,0,0,0
C03174,Minjun,Rossi,India,37.0,0,None,Instagram,2025-04-01,1,26750.0,0,1,0
C03175,Lukas,Chowdhury,India,57.0,0,None,Website,2025-03-31,1,26450.0,0,1,0
C03176,Camille,Wilson,India,42.0,0,None,Unknown,2025-04-07,0,,0,0,0
C03177,Kavya,Kulkarni,Israel,42.0,0,Open Water,Walk-in,2025-04-02,1,7150.0,0,0,0
C03178,Chloe,Tanaka,United Kingdom,,1,Open Water,Instagram,2025-04-01,1,10500.0,0,0,0
C03179,Tom,Cohen,Germany,,1,Open Water,OTA,2025-04-01,0,,0,0,0
C03180,Kavya,Jansen,India,40.0,0,Open Water,Instagram,2025-04-08,1,6900.0,0,0,0
C03181,Lukas,Rossi,India,45.0,0,Divemaster,Walk-in,2025-04-05,0,,0,0,0
C03182,Aarav,Muller,United Kingdom,31.0,0,Open Water,Hotel Partner,2025-04-01,1,9750.0,0,0,0
C03183,Sophie,Cohen,United Kingdom,44.0,0,Advanced,Instagram,2025-04-03,0,,0,0,0
C03184,Anouk,Nair,India,36.0,0,None,OTA,2025-03-31,1,4500.0,0,0,0
C03185,Meera,Kim,India,27.0,0,Advanced,OTA,2025-03-31,0,,0,0,0
C03186,Ishaan,Rao,India,44.0,0,None,Website,2025-04-03,1,14700.0,0,0,0
C03187,Liam,Sharma,India,20.0,0,Open Water,Walk-in,2025-04-05,1,7200.0,0,0,0
C03188,Camille,Kim,India,25.0,0,None,Walk-in,2025-04-05,1,5750.0,0,0,0
C03189,James,Jansen,United Kingdom,45.0,0,None,Walk-in,2025-04-04,1,26050.0,0,1,0
C03190,Olga,Banerjee,Russia,20.0,0,Advanced,Instagram,2025-04-03,1,11150.0,0,0,0
C03191,Ishaan,Park,Japan,33.0,0,Open Water,Hotel Partner,2025-04-11,0,,0,0,0
C03192,Siddharth,OConnor,India,20.0,0,None,Walk-in,2025-04-04,1,5350.0,0,0,0
C03193,Elena,Reddy,India,27.0,0,None,Walk-in,2025-04-09,1,5450.0,0,0,0
C03194,James,Kim,Germany,44.0,0,Rescue,Website,2025-04-01,2,36750.0,1,1,0
C03195,Marco,Cohen,India,32.0,0,Advanced,Walk-in,2025-04-04,0,,0,0,0
C03196,Ravi,Rossi,India,26.0,0,None,Walk-in,2025-04-06,3,67950.0,1,1,1
C03197,Emma,Iyer,South Korea,25.0,0,Advanced,Website,2025-04-10,2,41050.0,1,1,0
C03198,James,Jansen,India,34.0,0,None,Instagram,2025-04-12,1,15150.0,0,0,0
C03199,Aarav,Menon,South Korea,53.0,0,Open Water,Hotel Partner,2025-04-10,1,6850.0,0,0,0
C03200,Kavya,Levi,United Kingdom,38.0,0,Rescue,OTA,2025-04-06,1,9050.0,0,0,0
C03201,Divya,Rao,India,38.0,0,None,Website,2025-04-02,0,,0,0,0
C03202,Lukas,Taylor,India,21.0,0,None,Referral,2025-04-08,1,24000.0,0,1,0
C03203,Anouk,Tanaka,India,19.0,0,Divemaster,OTA,2025-04-06,1,8600.0,0,0,0
C03204,Aditya,Menon,Netherlands,23.0,0,Rescue,Website,2025-04-03,1,14050.0,0,0,0
C03205,Priya,Dubois,Russia,47.0,0,Advanced,Referral,2025-04-02,1,3400.0,0,0,0
C03206,Ishaan,Kim,India,33.0,0,Open Water,Walk-in,2025-04-09,1,3600.0,0,0,0
C03207,Pooja,Chowdhury,India,48.0,0,Advanced,Walk-in,2025-04-12,2,17550.0,1,0,0
C03208,Siddharth,Ivanov,Israel,36.0,0,None,Walk-in,2025-04-08,1,26600.0,0,1,0
C03209,Pooja,Smith,Israel,45.0,0,Open Water,Website,2025-04-12,0,,0,0,0
C03210,Hannah,Brown,United States,32.0,0,Open Water,OTA,2025-04-11,1,8900.0,0,0,0
C03211,Arjun,Dubois,India,20.0,0,None,Referral,2025-04-04,1,11200.0,0,0,0
C03212,Rahul,Sharma,United Kingdom,42.0,0,Open Water,Website,2025-04-07,0,,0,0,0
C03213,Ishaan,Brown,India,31.0,0,Open Water,Hotel Partner,2025-04-09,0,,0,0,0
C03214,Siddharth,Wilson,India,,1,Open Water,Hotel Partner,2025-04-09,0,,0,0,0
C03215,Sven,Dubois,Israel,30.0,0,Advanced,Website,2025-04-11,0,,0,0,0
C03216,Rohan,Desai,France,34.0,0,None,Website,2025-04-05,0,,0,0,0
C03217,Meera,Ivanov,India,41.0,0,Open Water,Website,2025-04-11,0,,0,0,0
C03218,Aarav,Rao,United States,29.0,0,Advanced,Hotel Partner,2025-04-09,1,9300.0,0,0,0
C03219,Chloe,Schmidt,India,18.0,0,None,Walk-in,2025-04-08,2,17700.0,1,0,0
C03220,Ananya,Levi,Netherlands,29.0,0,Open Water,Website,2025-04-09,0,,0,0,0
C03221,Arjun,Cohen,India,30.0,0,Advanced,OTA,2025-04-13,0,,0,0,0
C03222,Lukas,Bakker,India,14.0,0,None,Instagram,2025-04-11,0,,0,0,0
C03223,Ishaan,Muller,India,40.0,0,Advanced,Walk-in,2025-04-12,0,,0,0,0
C03224,Hannah,Bakker,India,49.0,0,None,Website,2025-04-05,0,,0,0,0
C03225,Ishaan,Menon,India,36.0,0,None,Website,2025-04-08,1,25450.0,0,1,0
C03226,Daniel,Desai,India,41.0,0,None,Unknown,2025-04-08,0,,0,0,0
C03227,Itai,Iyer,India,35.0,0,Open Water,Walk-in,2025-04-14,1,3950.0,0,0,0
C03228,Sven,Dubois,India,38.0,0,None,OTA,2025-04-11,1,4550.0,0,0,0
C03229,Aarav,Ivanov,Japan,,1,Advanced,Referral,2025-04-07,1,10700.0,0,0,0
C03230,Neha,Dubois,Germany,30.0,0,Open Water,OTA,2025-04-13,1,6450.0,0,0,0
C03231,Marco,Kim,Germany,45.0,0,Open Water,Unknown,2025-04-14,2,15200.0,1,0,0
C03232,Dmitri,Petrova,India,32.0,0,None,Walk-in,2025-04-10,1,26850.0,0,1,0
C03233,Ravi,Park,India,40.0,0,None,OTA,2025-04-11,1,20950.0,0,1,0
C03234,Daniel,Petrova,Germany,25.0,0,Advanced,Walk-in,2025-04-12,1,28600.0,0,1,0
C03235,Noa,Nair,India,25.0,0,Open Water,Walk-in,2025-04-10,1,15450.0,0,0,0
C03236,Sneha,Desai,United Kingdom,37.0,0,None,Walk-in,2025-04-10,1,5300.0,0,0,0
C03237,Liam,Taylor,United Kingdom,43.0,0,None,Instagram,2025-04-17,1,5200.0,0,0,0
C03238,Itai,Tanaka,Russia,49.0,0,None,Unknown,2025-04-14,1,5300.0,0,0,0
C03239,Rahul,Jansen,Russia,33.0,0,Open Water,OTA,2025-04-10,2,11950.0,1,0,0
C03240,Ananya,Reddy,Japan,35.0,0,Rescue,Walk-in,2025-04-16,1,15550.0,0,0,0
C03241,Priya,Kim,Israel,30.0,0,Open Water,Unknown,2025-04-11,1,0.0,0,0,0
C03242,Aarav,Cohen,Germany,43.0,0,None,Unknown,2025-04-18,0,,0,0,0
C03243,Ravi,OConnor,Russia,21.0,0,None,Walk-in,2025-04-08,1,5750.0,0,0,0
C03244,Sarah,Patel,United Kingdom,26.0,0,Open Water,Walk-in,2025-04-15,1,3900.0,0,0,0
C03245,Rohan,Menon,India,49.0,0,Rescue,OTA,2025-04-17,0,,0,0,0
C03246,James,Tanaka,India,28.0,0,Open Water,Instagram,2025-04-14,1,7050.0,0,0,0
C03247,Daniel,Wilson,Germany,42.0,0,Advanced,Website,2025-04-10,1,7150.0,0,0,0
C03248,Sneha,Schmidt,India,25.0,0,None,Website,2025-04-18,1,24750.0,0,1,0
C03249,Rohan,Schmidt,India,32.0,0,None,Referral,2025-04-14,1,4950.0,0,0,0
C03250,Minjun,Dubois,India,21.0,0,Rescue,Website,2025-04-17,2,11200.0,1,0,0
C03251,Siddharth,Levi,India,49.0,0,None,OTA,2025-04-11,1,21250.0,0,1,0
C03252,Marco,Jansen,India,40.0,0,Divemaster,Referral,2025-04-18,1,6950.0,0,0,0
C03253,Rohan,Rao,India,33.0,0,None,Website,2025-04-11,1,5450.0,0,0,0
C03254,Marco,Petrova,United States,26.0,0,Advanced,OTA,2025-04-15,1,6550.0,0,0,0
C03255,Chloe,Cohen,India,28.0,0,Open Water,Instagram,2025-04-13,1,7200.0,0,0,0
C03256,Noa,Ivanov,India,34.0,0,None,Hotel Partner,2025-04-18,2,7700.0,1,0,0
C03257,Emma,Kulkarni,United Kingdom,24.0,0,Open Water,Walk-in,2025-04-20,2,34150.0,1,1,0
C03258,Siddharth,Gupta,Israel,,1,Divemaster,Walk-in,2025-04-17,1,7400.0,0,0,0
C03259,Liam,Dubois,Germany,37.0,0,Rescue,Website,2025-04-10,1,3400.0,0,0,0
C03260,Dmitri,Rossi,India,27.0,0,None,Unknown,2025-04-12,0,,0,0,0
C03261,Emma,Banerjee,France,42.0,0,None,OTA,2025-04-20,0,,0,0,0
C03262,Daniel,Menon,India,25.0,0,None,Website,2025-04-17,0,,0,0,0
C03263,Aditya,Levi,Germany,29.0,0,None,Walk-in,2025-04-14,1,10450.0,0,0,0
C03264,Dmitri,Chowdhury,India,19.0,0,Open Water,Instagram,2025-04-15,1,7500.0,0,0,0
C03265,Hannah,Nair,India,19.0,0,Open Water,OTA,2025-04-15,1,12850.0,0,0,0
C03266,Marco,Banerjee,Australia,,1,Rescue,Referral,2025-04-15,1,3400.0,0,0,0
C03267,Liam,Kim,South Korea,51.0,0,Open Water,Walk-in,2025-04-14,1,3850.0,0,0,0
C03268,Itai,Schmidt,United Kingdom,,1,Advanced,OTA,2025-04-16,1,22800.0,0,1,0
C03269,Neha,Jansen,United Kingdom,23.0,0,Open Water,Walk-in,2025-04-17,1,7900.0,0,0,0
C03270,Ishaan,Kulkarni,India,39.0,0,None,Referral,2025-04-16,1,4750.0,0,0,0
C03271,Rahul,Petrova,India,31.0,0,Open Water,OTA,2025-04-20,0,,0,0,0
C03272,James,Desai,Netherlands,37.0,0,Open Water,Instagram,2025-04-17,1,3800.0,0,0,0
C03273,Lukas,Jansen,India,,1,None,Referral,2025-04-12,1,10700.0,0,0,0
C03274,Neha,Brown,United Kingdom,60.0,0,None,Unknown,2025-04-22,1,28150.0,0,1,0
C03275,Ishaan,Bakker,Germany,38.0,0,Open Water,Referral,2025-04-19,1,13400.0,0,0,0
C03276,Rohan,Park,India,22.0,0,None,Website,2025-04-19,1,5200.0,0,0,0
C03277,Chloe,Park,India,,1,Advanced,Referral,2025-04-13,1,3600.0,0,0,0
C03278,Camille,Schmidt,India,45.0,0,None,Instagram,2025-04-17,0,,0,0,0
C03279,Pooja,Iyer,India,33.0,0,None,Unknown,2025-04-16,2,25950.0,1,1,1
C03280,Lukas,Muller,India,34.0,0,None,Website,2025-04-19,1,5550.0,0,0,0
C03281,Vikram,Bakker,India,37.0,0,Open Water,Website,2025-04-22,1,3450.0,0,0,0
C03282,Camille,Muller,India,26.0,0,None,OTA,2025-04-23,1,4700.0,0,0,0
C03283,Vikram,Gupta,India,45.0,0,None,Hotel Partner,2025-04-21,1,24650.0,0,1,0
C03284,Vikram,Desai,Italy,40.0,0,None,Walk-in,2025-04-19,0,,0,0,0
C03285,Noa,Menon,Germany,32.0,0,None,Referral,2025-04-22,0,,0,0,0
C03286,Sophie,Tanaka,India,47.0,0,None,Website,2025-04-20,1,5550.0,0,0,0
C03287,Sneha,Rao,India,30.0,0,None,Hotel Partner,2025-04-17,1,5000.0,0,0,0
C03288,Aditya,Brown,United States,33.0,0,Rescue,OTA,2025-04-19,0,,0,0,0
C03289,Pooja,Ivanov,India,30.0,0,Advanced,OTA,2025-04-16,1,6300.0,0,0,0
C03290,Tom,Patel,India,26.0,0,None,Walk-in,2025-04-22,1,5800.0,0,0,0
C03291,Ananya,OConnor,India,33.0,0,None,OTA,2025-04-16,0,,0,0,0
C03292,Tom,Patel,United States,,1,None,OTA,2025-04-21,1,4600.0,0,0,0
C03293,Chloe,Wilson,Japan,38.0,0,Open Water,Walk-in,2025-04-17,2,7200.0,1,0,0
C03294,James,Patel,Italy,47.0,0,Rescue,OTA,2025-04-16,1,3000.0,0,0,0
C03295,Neha,OConnor,United States,41.0,0,Open Water,Unknown,2025-04-22,2,7200.0,1,0,0
C03296,Itai,Wilson,India,43.0,0,None,Website,2025-04-19,1,5600.0,0,0,0
C03297,Priya,Cohen,India,32.0,0,None,Walk-in,2025-04-23,1,5250.0,0,0,0
C03298,Rohan,Ivanov,India,28.0,0,None,Unknown,2025-04-20,0,,0,0,0
C03299,Daniel,Ivanov,India,24.0,0,Advanced,Hotel Partner,2025-04-16,1,3350.0,0,0,0
C03300,Karan,OConnor,India,,1,Open Water,Unknown,2025-04-16,0,,0,0,0
C03301,Neha,Kulkarni,India,50.0,0,None,Walk-in,2025-04-21,1,5250.0,0,0,0
C03302,Rohan,Gupta,Australia,20.0,0,Open Water,Walk-in,2025-04-25,1,15800.0,0,0,0
C03303,James,Schmidt,India,43.0,0,None,Walk-in,2025-04-17,1,28600.0,0,1,0
C03304,Aarav,Iyer,Australia,37.0,0,None,Unknown,2025-04-23,0,,0,0,0
C03305,Priya,Smith,India,,1,None,Website,2025-04-18,1,5450.0,0,0,0
C03306,Yuki,Rao,South Korea,41.0,0,Advanced,Walk-in,2025-04-24,0,,0,0,0
C03307,Daniel,Ivanov,India,37.0,0,Open Water,OTA,2025-04-23,2,20450.0,1,0,0
C03308,Sarah,Smith,United States,21.0,0,Advanced,Referral,2025-04-19,1,7300.0,0,0,0
C03309,Camille,Patel,United States,31.0,0,Open Water,Unknown,2025-04-26,1,7650.0,0,0,0
C03310,Sarah,Brown,United States,33.0,0,None,Instagram,2025-04-22,1,5250.0,0,0,0
C03311,Karan,Menon,United States,32.0,0,None,Walk-in,2025-04-20,1,25850.0,0,1,0
C03312,Divya,Petrova,India,33.0,0,None,OTA,2025-04-25,1,20500.0,0,1,0
C03313,Arjun,Schmidt,United Kingdom,37.0,0,None,Referral,2025-04-26,1,5500.0,0,0,0
C03314,Aditya,Chowdhury,India,27.0,0,None,OTA,2025-04-21,1,4600.0,0,0,0
C03315,Elena,Taylor,Russia,51.0,0,None,Unknown,2025-04-19,1,5400.0,0,0,0
C03316,Marco,Jansen,India,42.0,0,Open Water,Walk-in,2025-04-19,0,,0,0,0
C03317,Yuki,Taylor,Japan,37.0,0,None,Instagram,2025-04-23,0,,0,0,0
C03318,Rohan,Park,India,33.0,0,Open Water,Website,2025-04-20,1,3600.0,0,0,0
C03319,Sneha,Nair,France,31.0,0,Open Water,Walk-in,2025-04-27,0,,0,0,0
C03320,Priya,Rao,India,21.0,0,Advanced,Hotel Partner,2025-04-18,0,,0,0,0
C03321,Ishaan,Ivanov,India,,1,None,Walk-in,2025-04-20,1,5450.0,0,0,0
C03322,Dmitri,Rossi,India,30.0,0,None,Referral,2025-04-24,1,5050.0,0,0,0
C03323,Hannah,Ivanov,India,27.0,0,Advanced,Instagram,2025-04-21,0,,0,0,0
C03324,Priya,Kim,Russia,,1,None,Website,2025-04-25,0,,0,0,0
C03325,Aditya,Patel,Russia,33.0,0,None,Unknown,2025-04-26,1,9650.0,0,0,0
C03326,Rahul,Brown,France,,1,None,Website,2025-04-19,1,5300.0,0,0,0
C03327,Meera,Sharma,Netherlands,26.0,0,Open Water,OTA,2025-04-29,0,,0,0,0
C03328,Rohan,Wilson,Japan,39.0,0,Advanced,Hotel Partner,2025-04-25,1,3200.0,0,0,0
C03329,Minjun,Rossi,India,29.0,0,None,Referral,2025-04-27,1,5400.0,0,0,0
C03330,Vikram,Gupta,India,37.0,0,None,OTA,2025-04-25,0,,0,0,0
C03331,Emma,Patel,France,28.0,0,None,Referral,2025-04-20,1,24550.0,0,1,0
C03332,Liam,Rao,Russia,61.0,0,Open Water,Website,2025-04-29,1,11350.0,0,0,0
C03333,Karan,Cohen,Israel,24.0,0,Open Water,Walk-in,2025-04-25,0,,0,0,0
C03334,Ishaan,Iyer,India,42.0,0,None,Unknown,2025-04-29,1,5050.0,0,0,0
C03335,Sneha,Bakker,India,36.0,0,Open Water,Instagram,2025-04-30,1,7600.0,0,0,0
C03336,Pierre,Tanaka,India,46.0,0,Open Water,Walk-in,2025-04-22,1,7900.0,0,0,0
C03337,Olga,Iyer,India,43.0,0,Rescue,Unknown,2025-04-21,2,29050.0,1,1,0
C03338,Noa,Dubois,India,43.0,0,None,Website,2025-04-22,1,4950.0,0,0,0
C03339,Divya,Petrova,India,,1,None,OTA,2025-04-27,1,4450.0,0,0,0
C03340,Pooja,Wilson,India,28.0,0,Open Water,Walk-in,2025-04-21,1,3750.0,0,0,0
C03341,Rahul,Menon,India,38.0,0,Open Water,Instagram,2025-04-24,1,7600.0,0,0,0
C03342,Marco,Gupta,India,49.0,0,None,Unknown,2025-05-02,1,4100.0,0,0,0
C03343,Sven,Nair,France,39.0,0,None,Walk-in,2025-04-24,1,25850.0,0,1,0
C03344,Ravi,OConnor,Netherlands,30.0,0,None,Hotel Partner,2025-04-23,1,23750.0,0,1,0
C03345,Camille,Brown,India,24.0,0,Advanced,OTA,2025-04-29,2,24050.0,1,1,0
C03346,Sophie,Banerjee,India,50.0,0,Open Water,Website,2025-04-26,1,3600.0,0,0,0
C03347,Arjun,Kim,India,33.0,0,Open Water,Walk-in,2025-04-24,1,15500.0,0,0,0
C03348,Karan,Schmidt,United States,,1,Open Water,Unknown,2025-04-27,2,14100.0,1,0,0
C03349,Arjun,Tanaka,Germany,19.0,0,Advanced,Walk-in,2025-04-23,0,,0,0,0
C03350,Yuki,Tanaka,India,25.0,0,Open Water,Walk-in,2025-04-24,1,3700.0,0,0,0
C03351,Yuki,Jansen,India,32.0,0,None,OTA,2025-04-28,0,,0,0,0
C03352,Sneha,Menon,India,,1,Advanced,Instagram,2025-04-29,1,14600.0,0,0,0
C03353,Camille,Rossi,United States,44.0,0,Open Water,Walk-in,2025-05-03,1,11600.0,0,0,0
C03354,Rahul,Rao,India,45.0,0,None,Walk-in,2025-05-02,0,,0,0,0
C03355,Yuki,Nair,Russia,21.0,0,None,Unknown,2025-04-30,1,3700.0,0,0,0
C03356,Anouk,Rossi,South Korea,41.0,0,Open Water,Website,2025-04-29,0,,0,0,0
C03357,Tom,Iyer,India,26.0,0,None,OTA,2025-04-27,0,,0,0,0
C03358,Ananya,Wilson,Australia,44.0,0,Open Water,Instagram,2025-04-25,0,,0,0,0
C03359,Priya,Reddy,India,39.0,0,None,Referral,2025-04-28,1,5050.0,0,0,0
C03360,Arjun,Menon,France,,1,None,Website,2025-04-30,0,,0,0,0
C03361,Rahul,Desai,United Kingdom,21.0,0,None,Unknown,2025-04-30,0,,0,0,0
C03362,Karan,Nair,Russia,43.0,0,None,Website,2025-05-05,1,24400.0,0,1,0
C03363,Rahul,Park,India,18.0,0,Open Water,Referral,2025-05-02,1,6550.0,0,0,0
C03364,Kavya,Reddy,India,31.0,0,Open Water,Referral,2025-04-28,1,6900.0,0,0,0
C03365,Meera,Rao,Italy,36.0,0,Open Water,Walk-in,2025-05-05,1,25100.0,0,1,0
C03366,Karan,Muller,India,34.0,0,None,Walk-in,2025-05-03,1,25550.0,0,1,0
C03367,Rahul,Petrova,India,41.0,0,Open Water,Walk-in,2025-05-02,1,3700.0,0,0,0
C03368,Sven,Banerjee,India,38.0,0,None,Referral,2025-04-29,1,5000.0,0,0,0
C03369,Neha,Tanaka,India,35.0,0,Advanced,Walk-in,2025-05-01,1,10450.0,0,0,0
C03370,Vikram,Park,India,12.0,0,Open Water,OTA,2025-04-26,0,,0,0,0
C03371,Arjun,Jansen,Italy,32.0,0,None,Website,2025-05-06,1,5200.0,0,0,0
C03372,Anouk,Sharma,United Kingdom,20.0,0,Open Water,Website,2025-05-04,1,3700.0,0,0,0
C03373,Sophie,Taylor,France,,1,Open Water,OTA,2025-05-01,1,6500.0,0,0,0
C03374,Minjun,Dubois,India,,1,None,Unknown,2025-04-28,0,,0,0,0
C03375,Chloe,Reddy,France,41.0,0,Open Water,Instagram,2025-04-30,0,,0,0,0
C03376,Sarah,Kim,France,18.0,0,None,Hotel Partner,2025-04-28,0,,0,0,0
C03377,Kavya,Tanaka,India,52.0,0,None,Hotel Partner,2025-05-07,1,23000.0,0,1,0
C03378,Aarav,Nair,India,,1,Divemaster,Walk-in,2025-04-30,1,7300.0,0,0,0
C03379,Ravi,Kim,United States,42.0,0,Rescue,Hotel Partner,2025-05-05,0,,0,0,0
C03380,Dmitri,Rao,India,34.0,0,None,Walk-in,2025-04-27,1,28250.0,0,1,0
C03381,Emma,Iyer,United Kingdom,17.0,0,Open Water,OTA,2025-04-30,0,,0,0,0
C03382,Arjun,Taylor,India,33.0,0,Open Water,OTA,2025-05-06,2,41200.0,1,1,0
C03383,Sophie,Cohen,India,17.0,0,None,OTA,2025-04-30,0,,0,0,0
C03384,Siddharth,Schmidt,Italy,31.0,0,None,Instagram,2025-05-08,1,26050.0,0,1,0
C03385,Pooja,Banerjee,India,13.0,0,None,Walk-in,2025-05-07,0,,0,0,0
C03386,Kavya,Desai,Australia,27.0,0,Advanced,Unknown,2025-05-02,1,3600.0,0,0,0
C03387,Ravi,Dubois,India,36.0,0,None,OTA,2025-05-06,2,12500.0,1,0,0
C03388,Emma,Chowdhury,India,31.0,0,Advanced,Walk-in,2025-05-01,2,14950.0,1,0,0
C03389,Aarav,Smith,United States,32.0,0,Rescue,Hotel Partner,2025-05-08,2,32200.0,1,1,0
C03390,Elena,Chowdhury,India,28.0,0,Open Water,Website,2025-05-07,1,7000.0,0,0,0
C03391,Chloe,Patel,India,,1,None,Instagram,2025-05-06,1,5050.0,0,0,0
C03392,Meera,Desai,India,31.0,0,Open Water,Hotel Partner,2025-05-05,1,6500.0,0,0,0
C03393,Minjun,Muller,India,46.0,0,Open Water,Walk-in,2025-05-07,1,11500.0,0,0,0
C03394,Aarav,Iyer,South Korea,12.0,0,Open Water,Unknown,2025-05-01,1,10950.0,0,0,0
C03395,Siddharth,Bakker,India,37.0,0,None,Website,2025-05-06,1,5250.0,0,0,0
C03396,Rohan,Brown,India,39.0,0,None,Walk-in,2025-05-06,1,5300.0,0,0,0
C03397,Sarah,Reddy,Germany,21.0,0,Open Water,Instagram,2025-05-04,0,,0,0,0
C03398,Hannah,Jansen,India,38.0,0,Divemaster,Instagram,2025-05-08,2,41650.0,1,1,0
C03399,Elena,Rao,India,32.0,0,Advanced,Referral,2025-05-07,1,10500.0,0,0,0
C03400,Ananya,Chowdhury,India,54.0,0,Rescue,Website,2025-05-07,2,22600.0,1,0,0
C03401,Hannah,Reddy,United Kingdom,,1,None,Walk-in,2025-05-02,1,3700.0,0,0,0
C03402,Divya,Petrova,India,46.0,0,Open Water,Referral,2025-05-03,1,3550.0,0,0,0
C03403,Minjun,Smith,India,,1,Open Water,Unknown,2025-05-03,1,3800.0,0,0,0
C03404,Sneha,Menon,India,36.0,0,None,Instagram,2025-05-04,1,3800.0,0,0,0
C03405,Siddharth,Banerjee,Netherlands,30.0,0,Advanced,OTA,2025-05-05,1,8750.0,0,0,0
C03406,Pooja,Gupta,Germany,12.0,0,None,Walk-in,2025-05-13,0,,0,0,0
C03407,Rohan,Wilson,Russia,37.0,0,Advanced,Unknown,2025-05-08,0,,0,0,0
C03408,Dmitri,Wilson,United Kingdom,23.0,0,Open Water,OTA,2025-05-10,0,,0,0,0
C03409,Chloe,Tanaka,Russia,18.0,0,Open Water,Walk-in,2025-05-09,1,6750.0,0,0,0
C03410,Noa,Kim,South Korea,,1,Open Water,Website,2025-05-11,0,,0,0,0
C03411,Noa,Rossi,United Kingdom,17.0,0,None,OTA,2025-05-10,1,9500.0,0,0,0
C03412,Arjun,Kim,India,,1,None,Walk-in,2025-05-07,0,,0,0,0
C03413,Camille,Taylor,Russia,26.0,0,Rescue,OTA,2025-05-09,0,,0,0,0
C03414,Yuki,Petrova,India,44.0,0,None,Hotel Partner,2025-05-11,0,,0,0,0
C03415,Chloe,Petrova,Italy,33.0,0,Open Water,OTA,2025-05-05,0,,0,0,0
C03416,Daniel,Rao,India,37.0,0,None,Walk-in,2025-05-08,1,5300.0,0,0,0
C03417,Pooja,Sharma,Germany,33.0,0,None,Walk-in,2025-05-07,1,5250.0,0,0,0
C03418,Divya,Bakker,India,13.0,0,None,Website,2025-05-09,1,24650.0,0,1,0
C03419,Liam,Wilson,Germany,20.0,0,Open Water,OTA,2025-05-04,0,,0,0,0
C03420,Daniel,Schmidt,United States,28.0,0,Divemaster,Website,2025-05-07,1,3550.0,0,0,0
C03421,Sven,Nair,South Korea,,1,Open Water,Walk-in,2025-05-08,2,11450.0,1,0,0
C03422,Sven,Sharma,South Korea,24.0,0,Open Water,Unknown,2025-05-08,1,7850.0,0,0,0
C03423,Marco,Smith,India,40.0,0,Open Water,Instagram,2025-05-11,1,3800.0,0,0,0
C03424,Minjun,Rao,India,38.0,0,Open Water,Unknown,2025-05-06,1,3650.0,0,0,0
C03425,Priya,Banerjee,India,15.0,0,None,Instagram,2025-05-08,1,25900.0,0,1,0
C03426,Noa,Iyer,India,39.0,0,Open Water,Hotel Partner,2025-05-07,1,3500.0,0,0,0
C03427,Sarah,Sharma,India,47.0,0,Divemaster,Referral,2025-05-15,0,,0,0,0
C03428,Yuki,Schmidt,Russia,15.0,0,None,OTA,2025-05-11,0,,0,0,0
C03429,Ravi,Patel,Israel,33.0,0,Open Water,OTA,2025-05-15,1,11400.0,0,0,0
C03430,Arjun,Desai,France,32.0,0,Open Water,Referral,2025-05-13,1,26100.0,0,1,0
C03431,Sven,Park,Israel,36.0,0,Open Water,Walk-in,2025-05-17,1,28850.0,0,1,0
C03432,Rahul,Smith,India,,1,Advanced,OTA,2025-05-15,0,,0,0,0
C03433,Pooja,Banerjee,India,31.0,0,Open Water,Website,2025-05-12,1,3800.0,0,0,0
C03434,Pierre,Rao,India,30.0,0,Open Water,Referral,2025-05-17,1,6950.0,0,0,0
C03435,Meera,Desai,India,39.0,0,None,Walk-in,2025-05-14,1,5650.0,0,0,0
C03436,Kavya,Smith,Australia,45.0,0,None,Walk-in,2025-05-08,1,5250.0,0,0,0
C03437,Minjun,Nair,Russia,18.0,0,Open Water,Referral,2025-05-11,1,7450.0,0,0,0
C03438,Neha,Brown,India,,1,None,Website,2025-05-16,1,4850.0,0,0,0
C03439,Karan,Levi,India,28.0,0,None,Walk-in,2025-05-11,1,27550.0,0,1,0
C03440,Ishaan,Cohen,India,50.0,0,None,Website,2025-05-17,0,,0,0,0
C03441,Rohan,Bakker,Israel,15.0,0,None,Website,2025-05-10,1,5000.0,0,0,0
C03442,Sneha,Petrova,India,23.0,0,None,Website,2025-05-12,1,5250.0,0,0,0
C03443,Rahul,Desai,India,23.0,0,Advanced,OTA,2025-05-12,1,11450.0,0,0,0
C03444,Ravi,Park,India,42.0,0,Open Water,Walk-in,2025-05-09,1,7300.0,0,0,0
C03445,Sarah,Sharma,France,45.0,0,None,Website,2025-05-17,1,5300.0,0,0,0
C03446,Olga,Menon,India,15.0,0,Advanced,Walk-in,2025-05-14,1,0.0,0,0,0
C03447,Meera,Levi,India,39.0,0,None,Referral,2025-05-13,1,5450.0,0,0,0
C03448,Kavya,Chowdhury,Netherlands,29.0,0,Rescue,Walk-in,2025-05-19,0,,0,0,0
C03449,Anouk,Sharma,India,30.0,0,None,Website,2025-05-15,2,20300.0,1,0,0
C03450,Olga,Smith,United Kingdom,34.0,0,None,Unknown,2025-05-17,2,31000.0,1,1,0
C03451,Daniel,Bakker,Israel,45.0,0,Open Water,Website,2025-05-14,1,11400.0,0,0,0
C03452,Liam,Patel,India,39.0,0,Open Water,Referral,2025-05-12,2,22000.0,1,0,0
C03453,Rohan,Kim,India,30.0,0,None,OTA,2025-05-12,0,,0,0,0
C03454,James,Petrova,India,45.0,0,Open Water,Hotel Partner,2025-05-12,3,16600.0,1,0,0
C03455,Ravi,Wilson,India,48.0,0,Advanced,Hotel Partner,2025-05-19,1,7000.0,0,0,0
C03456,Divya,Reddy,Italy,26.0,0,None,Website,2025-05-14,1,5350.0,0,0,0
C03457,Anouk,Ivanov,Australia,,1,Open Water,Walk-in,2025-05-12,1,4000.0,0,0,0
C03458,Meera,Taylor,India,43.0,0,None,Walk-in,2025-05-18,1,26950.0,0,1,0
C03459,Itai,Smith,India,40.0,0,Advanced,Referral,2025-05-12,1,25750.0,0,1,0
C03460,Arjun,Brown,India,30.0,0,None,OTA,2025-05-14,1,9250.0,0,0,0
C03461,Rohan,Chowdhury,Japan,38.0,0,Open Water,Website,2025-05-21,2,10650.0,1,0,0
C03462,Sarah,Sharma,India,24.0,0,None,OTA,2025-05-21,1,4600.0,0,0,0
C03463,Ananya,Taylor,France,40.0,0,None,Instagram,2025-05-18,2,10100.0,1,0,0
C03464,Olga,Tanaka,India,21.0,0,None,Walk-in,2025-05-15,1,5750.0,0,0,0
C03465,Olga,Iyer,India,36.0,0,None,Website,2025-05-16,2,28400.0,1,1,0
C03466,Ananya,Rossi,India,43.0,0,None,Hotel Partner,2025-05-16,0,,0,0,0
C03467,Marco,Iyer,India,22.0,0,Open Water,Referral,2025-05-22,1,7100.0,0,0,0
C03468,Yuki,Rao,Australia,21.0,0,None,Website,2025-05-22,1,5100.0,0,0,0
C03469,Tom,Desai,India,46.0,0,None,Instagram,2025-05-16,1,9800.0,0,0,0
C03470,Sophie,Reddy,Italy,26.0,0,None,OTA,2025-05-17,1,4650.0,0,0,0
C03471,Tom,Iyer,United States,18.0,0,None,OTA,2025-05-18,1,4300.0,0,0,0
C03472,Anouk,Reddy,United Kingdom,26.0,0,None,Instagram,2025-05-17,0,,0,0,0
C03473,Itai,Kim,Italy,25.0,0,None,Instagram,2025-05-15,0,,0,0,0
C03474,Arjun,Taylor,United Kingdom,30.0,0,Open Water,Website,2025-05-17,1,3750.0,0,0,0
C03475,Minjun,Rossi,India,31.0,0,Advanced,Instagram,2025-05-14,0,,0,0,0
C03476,Pooja,Wilson,India,33.0,0,Open Water,Hotel Partner,2025-05-14,0,,0,0,0
C03477,Rahul,Wilson,India,,1,Open Water,Walk-in,2025-05-22,1,11100.0,0,0,0
C03478,Karan,Reddy,Germany,18.0,0,None,Hotel Partner,2025-05-24,1,23200.0,0,1,0
C03479,Hannah,Desai,India,48.0,0,None,OTA,2025-05-19,0,,0,0,0
C03480,Marco,Desai,India,22.0,0,Open Water,Unknown,2025-05-20,1,14150.0,0,0,0
C03481,Ishaan,Patel,India,,1,Open Water,Walk-in,2025-05-21,1,28100.0,0,1,0
C03482,Tom,Tanaka,United States,19.0,0,Open Water,Website,2025-05-24,1,25450.0,0,1,0
C03483,Rahul,Kim,India,31.0,0,None,Walk-in,2025-05-25,1,10650.0,0,0,0
C03484,Priya,Brown,India,21.0,0,None,Instagram,2025-05-17,1,10200.0,0,0,0
C03485,Tom,Bakker,Netherlands,40.0,0,None,OTA,2025-05-17,2,16200.0,1,0,0
C03486,Priya,Ivanov,India,26.0,0,Open Water,Website,2025-05-25,1,14000.0,0,0,0
C03487,Kavya,Rao,United States,47.0,0,Open Water,Referral,2025-05-16,1,13450.0,0,0,0
C03488,Dmitri,Schmidt,France,27.0,0,Advanced,OTA,2025-05-19,0,,0,0,0
C03489,Lukas,Reddy,France,55.0,0,None,Instagram,2025-05-26,1,15550.0,0,0,0
C03490,Noa,Schmidt,India,19.0,0,Open Water,Website,2025-05-23,1,3450.0,0,0,0
C03491,Olga,Petrova,United Kingdom,31.0,0,None,Walk-in,2025-05-23,1,28750.0,0,1,0
C03492,James,OConnor,Russia,,1,Open Water,Website,2025-05-22,0,,0,0,0
C03493,Rohan,OConnor,Japan,23.0,0,None,OTA,2025-05-22,0,,0,0,0
C03494,Siddharth,Rossi,Israel,49.0,0,None,Walk-in,2025-05-21,0,,0,0,0
C03495,Aarav,Bakker,India,13.0,0,Advanced,OTA,2025-05-25,1,5800.0,0,0,0
C03496,James,Levi,India,39.0,0,Open Water,Walk-in,2025-05-23,1,3650.0,0,0,0
C03497,Itai,Cohen,Russia,41.0,0,None,Walk-in,2025-05-24,1,5350.0,0,0,0
C03498,Itai,Desai,India,50.0,0,Advanced,OTA,2025-05-24,0,,0,0,0
C03499,Yuki,Taylor,India,14.0,0,None,Referral,2025-05-20,1,3450.0,0,0,0
C03500,Emma,Brown,India,28.0,0,None,Instagram,2025-05-27,1,24450.0,0,1,0
C03501,Arjun,Jansen,India,44.0,0,None,OTA,2025-05-22,1,8950.0,0,0,0
C03502,Aarav,Taylor,India,40.0,0,Open Water,Instagram,2025-05-27,0,,0,0,0
C03503,Sven,Taylor,France,23.0,0,Open Water,OTA,2025-05-19,0,,0,0,0
C03504,Pierre,Chowdhury,India,25.0,0,None,Walk-in,2025-05-20,1,26450.0,0,1,0
C03505,Emma,Sharma,Australia,38.0,0,Advanced,Unknown,2025-05-24,1,5650.0,0,0,0
C03506,Chloe,Tanaka,India,30.0,0,Rescue,Walk-in,2025-05-24,1,3900.0,0,0,0
C03507,Meera,Park,India,23.0,0,None,Unknown,2025-05-28,1,4950.0,0,0,0
C03508,Chloe,Reddy,India,36.0,0,None,Walk-in,2025-05-22,0,,0,0,0
C03509,Priya,Iyer,India,47.0,0,None,OTA,2025-05-21,1,4250.0,0,0,0
C03510,Camille,Banerjee,France,,1,None,OTA,2025-05-21,0,,0,0,0
C03511,Rohan,Smith,India,28.0,0,Open Water,Website,2025-05-27,2,7250.0,1,0,0
C03512,Karan,Wilson,Netherlands,17.0,0,Open Water,Hotel Partner,2025-05-25,1,3550.0,0,0,0
C03513,Ishaan,Iyer,India,26.0,0,Open Water,OTA,2025-05-27,1,5650.0,0,0,0
C03514,Daniel,Smith,Russia,23.0,0,None,OTA,2025-05-21,1,9300.0,0,0,0
C03515,Sophie,Gupta,India,35.0,0,Open Water,Hotel Partner,2025-05-22,2,14050.0,1,0,0
C03516,Ishaan,Jansen,India,25.0,0,None,Referral,2025-05-21,1,5450.0,0,0,0
C03517,Arjun,Tanaka,India,56.0,0,None,OTA,2025-05-30,0,,0,0,0
C03518,Elena,Kim,India,28.0,0,None,Hotel Partner,2025-06-03,0,,0,0,0
C03519,Daniel,Banerjee,South Korea,31.0,0,Open Water,Walk-in,2025-05-27,2,11200.0,1,0,0
C03520,Arjun,Taylor,France,33.0,0,None,OTA,2025-06-02,0,,0,0,0
C03521,Olga,Banerjee,United Kingdom,24.0,0,None,OTA,2025-05-30,0,,0,0,0
C03522,Dmitri,Gupta,Netherlands,42.0,0,Open Water,OTA,2025-05-30,0,,0,0,0
C03523,Chloe,Smith,India,36.0,0,None,Instagram,2025-06-03,0,,0,0,0
C03524,Dmitri,Taylor,India,31.0,0,None,Walk-in,2025-06-01,1,5300.0,0,0,0
C03525,Vikram,Muller,India,48.0,0,None,Hotel Partner,2025-06-03,0,,0,0,0
C03526,Camille,Rao,India,,1,Advanced,Unknown,2025-06-06,0,,0,0,0
C03527,Daniel,Bakker,India,47.0,0,Rescue,Referral,2025-06-08,2,13850.0,1,0,0
C03528,Divya,Tanaka,United Kingdom,46.0,0,None,Instagram,2025-06-01,1,4800.0,0,0,0
C03529,Vikram,OConnor,Germany,34.0,0,Open Water,Referral,2025-06-07,1,7150.0,0,0,0
C03530,Kavya,Sharma,India,40.0,0,Open Water,Referral,2025-06-08,1,9700.0,0,0,0
C03531,Hannah,Dubois,India,35.0,0,Advanced,Walk-in,2025-06-08,1,28050.0,0,1,0
C03532,Daniel,Gupta,India,31.0,0,Advanced,OTA,2025-06-10,0,,0,0,0
C03533,Meera,Dubois,India,17.0,0,Divemaster,OTA,2025-06-12,0,,0,0,0
C03534,Itai,Tanaka,Netherlands,33.0,0,None,Walk-in,2025-06-06,0,,0,0,0
C03535,Pooja,Wilson,India,,1,Open Water,Referral,2025-06-12,1,3500.0,0,0,0
C03536,Pierre,Bakker,United Kingdom,25.0,0,None,OTA,2025-06-04,0,,0,0,0
C03537,Rahul,Nair,India,32.0,0,Open Water,OTA,2025-06-10,0,,0,0,0
C03538,Vikram,Tanaka,Italy,28.0,0,None,Website,2025-06-05,0,,0,0,0
C03539,Tom,Tanaka,India,44.0,0,None,OTA,2025-06-14,0,,0,0,0
C03540,Siddharth,Petrova,United Kingdom,39.0,0,None,Referral,2025-09-06,1,4700.0,0,0,0
C03541,Hannah,Brown,India,44.0,0,None,OTA,2025-09-15,3,20750.0,1,0,0
C03542,Daniel,Desai,Israel,,1,None,OTA,2025-09-06,0,,0,0,0
C03543,Kavya,Rossi,Israel,50.0,0,Open Water,OTA,2025-09-14,1,2950.0,0,0,0
C03544,Olga,Chowdhury,India,45.0,0,None,Unknown,2025-09-21,1,10100.0,0,0,0
C03545,Anouk,Wilson,United States,31.0,0,Open Water,Walk-in,2025-09-20,1,11600.0,0,0,0
C03546,Aditya,Park,India,47.0,0,Advanced,Website,2025-09-20,0,,0,0,0
C03547,Sneha,Park,Russia,29.0,0,None,Referral,2025-09-26,0,,0,0,0
C03548,Aditya,Bakker,Israel,28.0,0,Open Water,Website,2025-09-19,0,,0,0,0
C03549,Priya,Cohen,United Kingdom,,1,Open Water,OTA,2025-09-27,0,,0,0,0
C03550,Priya,Taylor,India,36.0,0,Advanced,Unknown,2025-09-19,0,,0,0,0
C03551,Daniel,Iyer,France,39.0,0,Open Water,Walk-in,2025-09-28,1,26250.0,0,1,0
C03552,Siddharth,Cohen,Japan,22.0,0,Advanced,Website,2025-09-23,0,,0,0,0
C03553,Dmitri,Cohen,Australia,26.0,0,Open Water,Walk-in,2025-09-19,0,,0,0,0
C03554,Meera,Smith,India,27.0,0,None,Website,2025-09-27,0,,0,0,0
C03555,Yuki,Gupta,United Kingdom,37.0,0,None,Referral,2025-09-22,0,,0,0,0
C03556,Ravi,Schmidt,India,,1,Open Water,Unknown,2025-09-23,0,,0,0,0
C03557,Itai,Jansen,India,25.0,0,None,OTA,2025-09-30,0,,0,0,0
C03558,Pierre,Bakker,United Kingdom,28.0,0,Open Water,Hotel Partner,2025-09-24,0,,0,0,0
C03559,Liam,Chowdhury,India,38.0,0,Advanced,OTA,2025-10-01,0,,0,0,0
C03560,Emma,Park,Israel,,1,Advanced,OTA,2025-09-27,0,,0,0,0
C03561,Sophie,Sharma,India,32.0,0,Advanced,Instagram,2025-10-02,0,,0,0,0
C03562,Kavya,Tanaka,United States,,1,None,Walk-in,2025-09-25,1,5050.0,0,0,0
C03563,Camille,Wilson,France,30.0,0,None,Unknown,2025-09-28,0,,0,0,0
C03564,Marco,Ivanov,United Kingdom,41.0,0,Open Water,Unknown,2025-09-30,0,,0,0,0
C03565,Aditya,Jansen,Japan,,1,None,OTA,2025-10-01,2,9800.0,1,0,0
C03566,Neha,Muller,India,35.0,0,Open Water,Website,2025-10-01,1,3600.0,0,0,0
C03567,Olga,Ivanov,India,38.0,0,None,OTA,2025-09-25,0,,0,0,0
C03568,Yuki,Sharma,United States,33.0,0,None,Unknown,2025-09-23,1,5350.0,0,0,0
C03569,Camille,Desai,Germany,29.0,0,Open Water,Unknown,2025-09-29,0,,0,0,0
C03570,Elena,Park,Netherlands,19.0,0,None,OTA,2025-09-25,0,,0,0,0
C03571,Lukas,Park,India,39.0,0,None,Website,2025-10-03,1,25100.0,0,1,0
C03572,Priya,Bakker,Germany,32.0,0,Advanced,Website,2025-09-27,0,,0,0,0
C03573,Ravi,Ivanov,Germany,24.0,0,None,Website,2025-09-26,0,,0,0,0
C03574,Divya,Bakker,India,37.0,0,Open Water,OTA,2025-09-27,0,,0,0,0
C03575,Neha,Chowdhury,India,,1,Open Water,Instagram,2025-10-04,1,10750.0,0,0,0
C03576,Yuki,Menon,India,32.0,0,Advanced,OTA,2025-09-27,1,8950.0,0,0,0
C03577,Elena,OConnor,India,14.0,0,Advanced,Referral,2025-09-27,1,3700.0,0,0,0
C03578,Ishaan,Dubois,India,23.0,0,None,Website,2025-09-30,1,24950.0,0,1,0
C03579,Dmitri,Kulkarni,France,42.0,0,Open Water,Unknown,2025-10-03,1,5700.0,0,0,0
C03580,Kavya,Rao,India,48.0,0,Advanced,Instagram,2025-09-28,1,3450.0,0,0,0
C03581,Itai,Park,Australia,19.0,0,None,Website,2025-09-30,2,8350.0,1,0,0
C03582,Noa,Taylor,India,40.0,0,None,Unknown,2025-10-05,1,0.0,0,0,0
C03583,Olga,Chowdhury,India,,1,None,Hotel Partner,2025-09-26,1,5000.0,0,0,0
C03584,Sarah,Levi,United States,31.0,0,None,Hotel Partner,2025-09-27,1,10000.0,0,0,0
C03585,Anouk,Kim,India,42.0,0,None,Hotel Partner,2025-10-05,0,,0,0,0
C03586,Yuki,Smith,Russia,35.0,0,None,Website,2025-10-01,1,5200.0,0,0,0
C03587,Minjun,Smith,India,27.0,0,None,Unknown,2025-09-26,1,5450.0,0,0,0
C03588,Sophie,Patel,India,28.0,0,None,Walk-in,2025-10-01,1,24200.0,0,1,0
C03589,Rahul,Schmidt,India,38.0,0,None,Walk-in,2025-10-05,1,25950.0,0,1,0
C03590,Aarav,Tanaka,Italy,43.0,0,Open Water,Website,2025-10-01,1,3250.0,0,0,0
C03591,Tom,Gupta,United States,21.0,0,Advanced,Referral,2025-10-06,1,7050.0,0,0,0
C03592,Rahul,Cohen,Israel,39.0,0,None,Walk-in,2025-09-27,1,6950.0,0,0,0
C03593,Aarav,Schmidt,India,,1,Divemaster,OTA,2025-09-28,1,2850.0,0,0,0
C03594,Liam,Tanaka,India,,1,Rescue,Referral,2025-09-29,0,,0,0,0
C03595,Minjun,Taylor,India,30.0,0,Advanced,Unknown,2025-09-30,0,,0,0,0
C03596,Camille,Chowdhury,South Korea,26.0,0,Advanced,Unknown,2025-10-06,1,13950.0,0,0,0
C03597,Meera,Patel,India,32.0,0,Open Water,OTA,2025-09-30,1,20050.0,0,1,0
C03598,Ishaan,Menon,India,34.0,0,Advanced,Hotel Partner,2025-10-08,1,25200.0,0,1,0
C03599,Minjun,Park,Russia,34.0,0,Advanced,Website,2025-09-29,1,7100.0,0,0,0
C03600,Liam,Reddy,India,37.0,0,Open Water,Unknown,2025-09-29,1,12550.0,0,0,0
C03601,Aarav,Taylor,India,46.0,0,None,Website,2025-10-04,1,23900.0,0,1,0
C03602,Siddharth,Bakker,India,46.0,0,None,Walk-in,2025-10-04,1,5000.0,0,0,0
C03603,Camille,Brown,India,37.0,0,Open Water,Unknown,2025-10-04,1,2950.0,0,0,0
C03604,Tom,Iyer,South Korea,41.0,0,None,Unknown,2025-10-08,2,15500.0,1,0,0
C03605,Sven,Park,India,45.0,0,None,Walk-in,2025-10-08,1,5000.0,0,0,0
C03606,Elena,Petrova,Israel,32.0,0,Rescue,Referral,2025-10-04,1,3350.0,0,0,0
C03607,Itai,Ivanov,India,39.0,0,Rescue,Website,2025-09-30,1,6950.0,0,0,0
C03608,Karan,Nair,India,35.0,0,None,Instagram,2025-09-30,1,5300.0,0,0,0
C03609,Karan,Cohen,India,28.0,0,Advanced,Hotel Partner,2025-10-03,1,23700.0,0,1,0
C03610,Aarav,Iyer,France,27.0,0,Advanced,Website,2025-10-03,1,3300.0,0,0,0
C03611,Elena,Desai,South Korea,19.0,0,Open Water,OTA,2025-10-04,1,2800.0,0,0,0
C03612,Olga,Nair,India,42.0,0,Open Water,Walk-in,2025-10-04,1,3700.0,0,0,0
C03613,Siddharth,Wilson,India,20.0,0,None,OTA,2025-10-10,0,,0,0,0
C03614,Chloe,Petrova,United Kingdom,37.0,0,Advanced,Website,2025-10-08,0,,0,0,0
C03615,Arjun,Kulkarni,Russia,38.0,0,Open Water,OTA,2025-10-04,1,8300.0,0,0,0
C03616,Rohan,Gupta,India,45.0,0,None,Referral,2025-10-04,1,24550.0,0,1,0
C03617,Sneha,Bakker,India,12.0,0,Rescue,OTA,2025-10-04,1,3050.0,0,0,0
C03618,Elena,Sharma,Australia,29.0,0,Open Water,Unknown,2025-10-06,1,14800.0,0,0,0
C03619,Aditya,Muller,India,,1,Advanced,Walk-in,2025-10-11,1,3450.0,0,0,0
C03620,Sneha,Ivanov,Japan,41.0,0,Open Water,Referral,2025-10-06,1,3650.0,0,0,0
C03621,Priya,Bakker,India,47.0,0,None,OTA,2025-10-10,1,4400.0,0,0,0
C03622,Kavya,Bakker,India,43.0,0,Open Water,Hotel Partner,2025-10-04,1,22750.0,0,1,0
C03623,Sneha,Tanaka,Australia,30.0,0,None,Website,2025-10-06,1,5200.0,0,0,0
C03624,Sophie,Reddy,Russia,33.0,0,None,Walk-in,2025-10-02,1,5500.0,0,0,0
C03625,Ananya,Petrova,United States,41.0,0,None,OTA,2025-10-09,1,4600.0,0,0,0
C03626,Itai,Rao,India,35.0,0,None,Walk-in,2025-10-09,1,4850.0,0,0,0
C03627,Anouk,Tanaka,India,34.0,0,None,Website,2025-10-09,0,,0,0,0
C03628,Vikram,Petrova,Russia,31.0,0,None,OTA,2025-10-04,1,4250.0,0,0,0
C03629,Pierre,Kulkarni,United States,30.0,0,Open Water,OTA,2025-10-03,0,,0,0,0
C03630,Arjun,Wilson,Russia,33.0,0,Advanced,OTA,2025-10-07,2,12050.0,1,0,0
C03631,Emma,Kim,South Korea,57.0,0,None,Unknown,2025-10-05,1,3400.0,0,0,0
C03632,Tom,Reddy,India,36.0,0,Open Water,Walk-in,2025-10-05,1,3850.0,0,0,0
C03633,Lukas,Patel,India,33.0,0,Open Water,Website,2025-10-02,0,,0,0,0
C03634,Meera,Desai,Japan,43.0,0,Rescue,Walk-in,2025-10-12,0,,0,0,0
C03635,Pierre,Chowdhury,India,29.0,0,Advanced,OTA,2025-10-09,0,,0,0,0
C03636,Sneha,Ivanov,India,13.0,0,Advanced,Website,2025-10-03,1,27200.0,0,1,0
C03637,Liam,Desai,India,51.0,0,Rescue,Walk-in,2025-10-06,2,14200.0,1,0,0
C03638,Lukas,Kim,United Kingdom,26.0,0,None,Referral,2025-10-08,1,5150.0,0,0,0
C03639,Sven,Desai,Russia,27.0,0,Open Water,Instagram,2025-10-02,1,10050.0,0,0,0
C03640,Neha,Rossi,India,52.0,0,Advanced,OTA,2025-10-03,1,9400.0,0,0,0
C03641,Meera,Dubois,United Kingdom,42.0,0,None,OTA,2025-10-08,1,4050.0,0,0,0
C03642,Aarav,Smith,Germany,40.0,0,Advanced,OTA,2025-10-06,1,3050.0,0,0,0
C03643,Rahul,Tanaka,India,,1,None,Website,2025-10-13,1,5400.0,0,0,0
C03644,Marco,Kim,India,33.0,0,Open Water,OTA,2025-10-10,1,12500.0,0,0,0
C03645,Tom,Cohen,Japan,19.0,0,Open Water,Walk-in,2025-10-08,1,3750.0,0,0,0
C03646,Hannah,Nair,India,22.0,0,None,Walk-in,2025-10-12,1,5050.0,0,0,0
C03647,Anouk,Petrova,India,43.0,0,None,Unknown,2025-10-13,0,,0,0,0
C03648,Olga,Levi,Germany,33.0,0,Open Water,OTA,2025-10-12,1,12500.0,0,0,0
C03649,Ishaan,Rao,United Kingdom,35.0,0,Rescue,Walk-in,2025-10-14,1,15150.0,0,0,0
C03650,Rohan,Schmidt,Israel,44.0,0,None,OTA,2025-10-11,2,30700.0,1,1,1
C03651,Camille,Dubois,India,44.0,0,Divemaster,OTA,2025-10-14,1,5700.0,0,0,0
C03652,Pierre,Taylor,Japan,51.0,0,Open Water,Referral,2025-10-14,1,9650.0,0,0,0
C03653,Aarav,Wilson,India,36.0,0,Advanced,Walk-in,2025-10-09,1,3550.0,0,0,0
C03654,Minjun,Brown,India,16.0,0,None,Unknown,2025-10-07,2,10700.0,1,0,0
C03655,Ishaan,Smith,Israel,30.0,0,Advanced,Website,2025-10-15,0,,0,0,0
C03656,Marco,Dubois,Russia,42.0,0,None,OTA,2025-10-12,0,,0,0,0
C03657,Pooja,Rossi,India,40.0,0,Open Water,OTA,2025-10-12,2,8600.0,1,0,0
C03658,Minjun,Rao,India,47.0,0,None,OTA,2025-10-05,0,,0,0,0
C03659,Hannah,Wilson,India,18.0,0,Open Water,OTA,2025-10-12,1,5900.0,0,0,0
C03660,Priya,Ivanov,India,25.0,0,Open Water,Instagram,2025-10-08,1,6700.0,0,0,0
C03661,Chloe,Dubois,United States,33.0,0,Open Water,OTA,2025-10-08,1,2900.0,0,0,0
C03662,Lukas,Kulkarni,Australia,37.0,0,Advanced,Referral,2025-10-13,1,13250.0,0,0,0
C03663,Karan,Nair,Netherlands,36.0,0,None,Hotel Partner,2025-10-13,1,4950.0,0,0,0
C03664,Neha,Dubois,India,26.0,0,None,Walk-in,2025-10-12,1,5100.0,0,0,0
C03665,Sarah,Gupta,Russia,30.0,0,None,Unknown,2025-10-14,1,5300.0,0,0,0
C03666,Yuki,Menon,Italy,41.0,0,Advanced,Website,2025-10-06,0,,0,0,0
C03667,Divya,Cohen,India,41.0,0,Divemaster,Instagram,2025-10-12,0,,0,0,0
C03668,Rohan,Bakker,Germany,26.0,0,None,Website,2025-10-15,0,,0,0,0
C03669,Emma,OConnor,Russia,38.0,0,None,OTA,2025-10-09,1,12150.0,0,0,0
C03670,Lukas,Rao,India,41.0,0,None,OTA,2025-10-14,0,,0,0,0
C03671,Lukas,Tanaka,India,27.0,0,Advanced,OTA,2025-10-13,1,21250.0,0,1,0
C03672,Aarav,Rao,India,33.0,0,Open Water,OTA,2025-10-16,1,9500.0,0,0,0
C03673,Sarah,Nair,Italy,43.0,0,Open Water,Instagram,2025-10-17,0,,0,0,0
C03674,Daniel,Tanaka,India,14.0,0,None,OTA,2025-10-18,0,,0,0,0
C03675,Pooja,Cohen,India,43.0,0,None,Hotel Partner,2025-10-08,0,,0,0,0
C03676,Vikram,Schmidt,Netherlands,44.0,0,Advanced,Hotel Partner,2025-10-15,1,3200.0,0,0,0
C03677,Marco,Bakker,Israel,38.0,0,Open Water,OTA,2025-10-16,1,12650.0,0,0,0
C03678,Siddharth,Patel,Netherlands,41.0,0,Open Water,Website,2025-10-09,2,32050.0,1,1,0
C03679,Aarav,Smith,India,35.0,0,None,Walk-in,2025-10-15,1,5400.0,0,0,0
C03680,Aditya,Smith,United Kingdom,37.0,0,None,OTA,2025-10-12,1,22050.0,0,1,0
C03681,Olga,Iyer,India,32.0,0,None,OTA,2025-10-13,1,2950.0,0,0,0
C03682,Daniel,Kulkarni,India,30.0,0,None,Website,2025-10-12,1,5250.0,0,0,0
C03683,Yuki,Muller,United States,46.0,0,None,OTA,2025-10-10,0,,0,0,0
C03684,Karan,Levi,India,20.0,0,None,Website,2025-10-10,1,5100.0,0,0,0
C03685,Ishaan,Smith,India,24.0,0,None,Website,2025-10-20,1,23950.0,0,1,0
C03686,Ananya,Jansen,India,31.0,0,None,Website,2025-10-17,1,4850.0,0,0,0
C03687,Meera,Banerjee,United Kingdom,39.0,0,Rescue,Instagram,2025-10-14,1,6700.0,0,0,0
C03688,Olga,Kulkarni,United States,32.0,0,None,Referral,2025-10-17,1,4600.0,0,0,0
C03689,Itai,Patel,India,22.0,0,None,Walk-in,2025-10-15,3,40100.0,1,1,1
C03690,Camille,Dubois,Australia,48.0,0,Open Water,Referral,2025-10-19,1,7250.0,0,0,0
C03691,Itai,Brown,South Korea,30.0,0,Open Water,Referral,2025-10-16,1,10500.0,0,0,0
C03692,Divya,Rao,Australia,18.0,0,Open Water,OTA,2025-10-13,0,,0,0,0
C03693,Priya,Sharma,India,16.0,0,Open Water,OTA,2025-10-20,1,20900.0,0,1,0
C03694,Minjun,Petrova,India,31.0,0,Advanced,Instagram,2025-10-15,1,3700.0,0,0,0
C03695,Rahul,Chowdhury,United States,44.0,0,None,Instagram,2025-10-16,1,5150.0,0,0,0
C03696,Meera,OConnor,India,31.0,0,Open Water,OTA,2025-10-12,1,20800.0,0,1,0
C03697,Itai,Dubois,Russia,38.0,0,Open Water,OTA,2025-10-19,2,25700.0,1,1,1
C03698,Rohan,Iyer,India,39.0,0,None,Website,2025-10-14,0,,0,0,0
C03699,Siddharth,OConnor,Japan,50.0,0,None,Walk-in,2025-10-18,1,5500.0,0,0,0
C03700,Emma,Cohen,India,23.0,0,None,Walk-in,2025-10-21,1,7050.0,0,0,0
C03701,Itai,OConnor,India,34.0,0,None,OTA,2025-10-12,1,4300.0,0,0,0
C03702,Marco,Park,India,26.0,0,Open Water,OTA,2025-10-22,1,12400.0,0,0,0
C03703,Anouk,Tanaka,South Korea,28.0,0,Rescue,Instagram,2025-10-14,1,7400.0,0,0,0
C03704,Pierre,Iyer,Israel,23.0,0,Open Water,OTA,2025-10-16,1,6200.0,0,0,0
C03705,Sven,Rossi,India,12.0,0,None,Hotel Partner,2025-10-15,0,,0,0,0
C03706,Pierre,Tanaka,India,12.0,0,None,Website,2025-10-17,0,,0,0,0
C03707,Aarav,Schmidt,Germany,19.0,0,None,Website,2025-10-20,2,37100.0,1,1,0
C03708,Aarav,Petrova,India,28.0,0,None,Walk-in,2025-10-22,1,5300.0,0,0,0
C03709,Ravi,Dubois,Germany,36.0,0,None,Website,2025-10-22,0,,0,0,0
C03710,Hannah,Sharma,Russia,33.0,0,Open Water,Referral,2025-10-19,1,6800.0,0,0,0
C03711,James,Dubois,Germany,31.0,0,None,Instagram,2025-10-18,2,8500.0,1,0,0
C03712,Neha,Brown,Netherlands,55.0,0,None,Instagram,2025-10-18,0,,0,0,0
C03713,Neha,OConnor,United States,46.0,0,Open Water,Unknown,2025-10-16,0,,0,0,0
C03714,Anouk,Sharma,Netherlands,41.0,0,None,Referral,2025-10-17,1,5150.0,0,0,0
C03715,Aditya,Rossi,India,33.0,0,Open Water,Referral,2025-10-21,1,6600.0,0,0,0
C03716,Sarah,Tanaka,India,,1,Advanced,Walk-in,2025-10-14,1,3400.0,0,0,0
C03717,Ravi,Iyer,India,33.0,0,None,Walk-in,2025-10-22,1,25250.0,0,1,0
C03718,Sven,Nair,India,26.0,0,Open Water,Hotel Partner,2025-10-24,1,3050.0,0,0,0
C03719,Pooja,Cohen,India,42.0,0,None,Instagram,2025-10-19,1,5100.0,0,0,0
C03720,Minjun,Nair,Japan,36.0,0,None,OTA,2025-10-24,1,4000.0,0,0,0
C03721,Sneha,Wilson,South Korea,38.0,0,Rescue,Instagram,2025-10-21,0,,0,0,0
C03722,Meera,Muller,India,,1,None,OTA,2025-10-24,2,8750.0,1,0,0
C03723,Pierre,Banerjee,United Kingdom,21.0,0,None,OTA,2025-10-26,1,4150.0,0,0,0
C03724,Ananya,Kulkarni,Japan,37.0,0,None,Walk-in,2025-10-16,1,4900.0,0,0,0
C03725,Karan,Chowdhury,India,30.0,0,Open Water,Hotel Partner,2025-10-23,1,3450.0,0,0,0
C03726,Sarah,Chowdhury,India,43.0,0,Advanced,Hotel Partner,2025-10-16,0,,0,0,0
C03727,Lukas,Muller,India,42.0,0,None,OTA,2025-10-21,0,,0,0,0
C03728,Aarav,Reddy,India,33.0,0,Advanced,Website,2025-10-26,1,7450.0,0,0,0
C03729,Priya,Cohen,India,39.0,0,Rescue,OTA,2025-10-23,1,3150.0,0,0,0
C03730,James,Kulkarni,India,40.0,0,None,Instagram,2025-10-16,1,5150.0,0,0,0
C03731,Sophie,Gupta,India,44.0,0,None,Walk-in,2025-10-25,1,5450.0,0,0,0
C03732,Hannah,Taylor,India,33.0,0,Advanced,Referral,2025-10-19,2,33650.0,1,1,0
C03733,Priya,Muller,France,,1,None,Referral,2025-10-18,1,5000.0,0,0,0
C03734,Itai,Chowdhury,India,51.0,0,Open Water,Website,2025-10-24,1,13650.0,0,0,0
C03735,Ishaan,Petrova,India,23.0,0,None,Referral,2025-10-22,1,9800.0,0,0,0
C03736,Kavya,Patel,India,26.0,0,None,OTA,2025-10-21,2,7650.0,1,0,0
C03737,Meera,Smith,India,28.0,0,Advanced,Walk-in,2025-10-25,0,,0,0,0
C03738,Divya,Jansen,India,45.0,0,Open Water,Walk-in,2025-10-28,1,11250.0,0,0,0
C03739,Dmitri,Banerjee,India,34.0,0,None,Walk-in,2025-10-28,1,10750.0,0,0,0
C03740,Ananya,Muller,India,29.0,0,None,Unknown,2025-10-22,1,5300.0,0,0,0
C03741,Anouk,Jansen,India,36.0,0,None,OTA,2025-10-26,2,12650.0,1,0,0
C03742,Ravi,Petrova,India,37.0,0,None,Referral,2025-10-24,0,,0,0,0
C03743,Ishaan,Tanaka,India,26.0,0,Advanced,Walk-in,2025-10-22,1,3350.0,0,0,0
C03744,Pooja,Patel,India,53.0,0,Open Water,OTA,2025-10-24,0,,0,0,0
C03745,Divya,Kim,India,36.0,0,None,OTA,2025-10-25,1,11350.0,0,0,0
C03746,Rohan,Levi,India,21.0,0,None,Walk-in,2025-10-28,0,,0,0,0
C03747,Pierre,Dubois,India,33.0,0,Advanced,Instagram,2025-10-25,0,,0,0,0
C03748,Divya,Petrova,United Kingdom,44.0,0,None,Website,2025-10-21,2,8250.0,1,0,0
C03749,Meera,Sharma,France,24.0,0,None,Unknown,2025-10-28,0,,0,0,0
C03750,Liam,Schmidt,India,19.0,0,None,Instagram,2025-10-24,0,,0,0,0
C03751,Aditya,Menon,India,58.0,0,None,Website,2025-10-22,1,24750.0,0,1,0
C03752,Sophie,OConnor,Australia,44.0,0,Divemaster,OTA,2025-10-21,2,18200.0,1,0,0
C03753,Rohan,Levi,India,47.0,0,Rescue,Hotel Partner,2025-10-24,1,12150.0,0,0,0
C03754,Priya,Brown,India,39.0,0,Open Water,Hotel Partner,2025-10-21,0,,0,0,0
C03755,Karan,Banerjee,India,31.0,0,None,OTA,2025-10-27,2,12750.0,1,0,0
C03756,Divya,Patel,United Kingdom,28.0,0,Open Water,Hotel Partner,2025-10-24,0,,0,0,0
C03757,Yuki,Levi,France,32.0,0,None,Walk-in,2025-10-27,1,5400.0,0,0,0
C03758,Arjun,Iyer,France,33.0,0,None,Website,2025-10-27,1,4900.0,0,0,0
C03759,Aarav,Rossi,Australia,36.0,0,Open Water,Website,2025-10-28,1,3650.0,0,0,0
C03760,Ishaan,Muller,India,44.0,0,None,Unknown,2025-10-25,1,5150.0,0,0,0
C03761,Marco,Iyer,United Kingdom,38.0,0,None,Website,2025-10-26,1,5000.0,0,0,0
C03762,Liam,Menon,India,35.0,0,Advanced,Unknown,2025-10-22,1,24700.0,0,1,0
C03763,Priya,Wilson,India,35.0,0,None,OTA,2025-10-22,1,4000.0,0,0,0
C03764,Lukas,Sharma,Netherlands,25.0,0,None,Walk-in,2025-10-28,1,24600.0,0,1,0
C03765,Pierre,Nair,India,26.0,0,Open Water,OTA,2025-10-25,2,11200.0,1,0,0
C03766,Pierre,Muller,India,25.0,0,Open Water,Walk-in,2025-10-29,1,3650.0,0,0,0
C03767,Rahul,Reddy,Russia,47.0,0,None,OTA,2025-10-31,1,4100.0,0,0,0
C03768,Noa,Banerjee,South Korea,,1,Advanced,Referral,2025-10-27,1,6400.0,0,0,0
C03769,Ananya,Gupta,Australia,36.0,0,None,OTA,2025-10-31,1,4050.0,0,0,0
C03770,Elena,Ivanov,India,30.0,0,Advanced,OTA,2025-10-30,1,2950.0,0,0,0
C03771,Ishaan,Desai,India,34.0,0,None,Referral,2025-10-29,0,,0,0,0
C03772,Sven,Desai,Russia,27.0,0,Open Water,Website,2025-10-24,1,13100.0,0,0,0
C03773,Chloe,Rao,India,,1,Open Water,OTA,2025-11-01,1,9350.0,0,0,0
C03774,Minjun,Reddy,United States,37.0,0,Advanced,OTA,2025-10-29,1,12250.0,0,0,0
C03775,Aarav,Gupta,Germany,32.0,0,None,Walk-in,2025-10-31,0,,0,0,0
C03776,Pierre,Patel,United Kingdom,36.0,0,Advanced,Website,2025-11-03,1,7050.0,0,0,0
C03777,Kavya,Taylor,France,46.0,0,None,Instagram,2025-10-27,0,,0,0,0
C03778,Lukas,OConnor,Japan,,1,Open Water,OTA,2025-10-28,0,,0,0,0
C03779,Liam,Kulkarni,Germany,43.0,0,None,OTA,2025-11-02,0,,0,0,0
C03780,Tom,Muller,India,37.0,0,None,OTA,2025-10-27,0,,0,0,0
C03781,Vikram,Bakker,India,,1,Open Water,Unknown,2025-11-01,0,,0,0,0
C03782,Dmitri,Muller,India,29.0,0,None,Unknown,2025-11-02,0,,0,0,0
C03783,Lukas,Smith,India,47.0,0,Open Water,OTA,2025-10-26,1,2800.0,0,0,0
C03784,Sarah,Patel,France,42.0,0,Open Water,Walk-in,2025-10-27,0,,0,0,0
C03785,Siddharth,Muller,India,,1,None,OTA,2025-10-28,0,,0,0,0
C03786,Kavya,Smith,India,29.0,0,Open Water,Walk-in,2025-11-04,0,,0,0,0
C03787,Daniel,Levi,Germany,41.0,0,None,Website,2025-11-02,1,4900.0,0,0,0
C03788,Yuki,Kulkarni,India,41.0,0,None,OTA,2025-10-31,1,22350.0,0,1,0
C03789,Priya,Kulkarni,India,27.0,0,Rescue,Website,2025-10-29,1,13300.0,0,0,0
C03790,James,Cohen,Russia,41.0,0,Advanced,Walk-in,2025-10-30,1,11500.0,0,0,0
C03791,Hannah,Park,India,35.0,0,Advanced,OTA,2025-11-04,0,,0,0,0
C03792,Emma,Ivanov,India,46.0,0,None,OTA,2025-10-29,1,6250.0,0,0,0
C03793,Noa,Rao,France,25.0,0,Open Water,Walk-in,2025-11-04,1,11400.0,0,0,0
C03794,Liam,Rao,India,,1,None,Unknown,2025-11-05,0,,0,0,0
C03795,Elena,Smith,India,58.0,0,None,Instagram,2025-11-06,1,5250.0,0,0,0
C03796,Marco,Kim,United States,32.0,0,None,Website,2025-11-05,1,4700.0,0,0,0
C03797,Sven,Jansen,India,19.0,0,Advanced,Instagram,2025-11-05,0,,0,0,0
C03798,Pierre,Wilson,India,34.0,0,None,Referral,2025-10-30,0,,0,0,0
C03799,James,Park,India,40.0,0,Open Water,OTA,2025-10-31,0,,0,0,0
C03800,Minjun,Wilson,India,22.0,0,Open Water,Unknown,2025-10-31,1,20550.0,0,1,0
C03801,Sneha,Nair,Australia,22.0,0,None,Referral,2025-10-28,1,5250.0,0,0,0
C03802,Dmitri,Dubois,India,39.0,0,None,Website,2025-10-30,2,15750.0,1,0,0
C03803,Rahul,Reddy,Russia,39.0,0,None,Instagram,2025-11-03,0,,0,0,0
C03804,Priya,Sharma,India,29.0,0,None,OTA,2025-11-01,0,,0,0,0
C03805,Elena,Taylor,India,45.0,0,None,OTA,2025-11-06,1,4000.0,0,0,0
C03806,Sarah,Cohen,United States,45.0,0,None,OTA,2025-11-03,1,4200.0,0,0,0
C03807,Ananya,Gupta,India,36.0,0,Advanced,Unknown,2025-11-01,0,,0,0,0
C03808,Karan,Reddy,India,38.0,0,None,OTA,2025-11-03,1,22150.0,0,1,0
C03809,Sophie,Taylor,Japan,19.0,0,None,Walk-in,2025-11-08,1,10700.0,0,0,0
C03810,Anouk,Cohen,South Korea,33.0,0,None,Website,2025-10-31,1,4950.0,0,0,0
C03811,Aarav,Rossi,India,29.0,0,Open Water,Referral,2025-11-05,0,,0,0,0
C03812,Yuki,Patel,India,18.0,0,Advanced,OTA,2025-10-30,1,10950.0,0,0,0
C03813,James,Kim,India,45.0,0,Advanced,Website,2025-11-05,0,,0,0,0
C03814,Marco,Wilson,United Kingdom,29.0,0,Open Water,Referral,2025-11-03,1,14100.0,0,0,0
C03815,Karan,Menon,India,,1,Open Water,Hotel Partner,2025-11-05,1,3300.0,0,0,0
C03816,Dmitri,Desai,India,,1,Rescue,Walk-in,2025-11-06,2,10450.0,1,0,0
C03817,Meera,Cohen,India,40.0,0,Open Water,Walk-in,2025-11-06,1,7650.0,0,0,0
C03818,Minjun,Reddy,United Kingdom,27.0,0,None,Hotel Partner,2025-11-03,1,4700.0,0,0,0
C03819,Arjun,Kim,Australia,22.0,0,None,Website,2025-11-01,1,5300.0,0,0,0
C03820,Pooja,Banerjee,Netherlands,26.0,0,None,Walk-in,2025-11-03,1,5400.0,0,0,0
C03821,Daniel,Rao,Japan,33.0,0,None,Hotel Partner,2025-11-04,1,23150.0,0,1,0
C03822,Neha,Sharma,India,41.0,0,None,Walk-in,2025-11-01,1,5150.0,0,0,0
C03823,Emma,Kulkarni,India,40.0,0,Advanced,Referral,2025-11-10,1,14700.0,0,0,0
C03824,Marco,Ivanov,India,30.0,0,Advanced,OTA,2025-11-09,1,6000.0,0,0,0
C03825,Priya,Muller,Germany,21.0,0,None,OTA,2025-11-02,1,4050.0,0,0,0
C03826,Itai,Desai,India,39.0,0,Advanced,Unknown,2025-10-31,0,,0,0,0
C03827,Sophie,Park,United Kingdom,22.0,0,Open Water,OTA,2025-11-06,1,8400.0,0,0,0
C03828,Ravi,Jansen,India,34.0,0,Divemaster,Instagram,2025-11-06,0,,0,0,0
C03829,Lukas,Smith,Germany,,1,Advanced,Referral,2025-11-10,1,9550.0,0,0,0
C03830,Liam,Nair,India,28.0,0,Advanced,OTA,2025-11-04,1,2850.0,0,0,0
C03831,Ananya,Schmidt,South Korea,43.0,0,None,OTA,2025-11-06,0,,0,0,0
C03832,Priya,OConnor,United Kingdom,29.0,0,Open Water,Website,2025-11-01,0,,0,0,0
C03833,Siddharth,Banerjee,India,45.0,0,Advanced,Instagram,2025-11-04,1,14600.0,0,0,0
C03834,Olga,Wilson,India,23.0,0,Open Water,Referral,2025-11-09,1,10150.0,0,0,0
C03835,Camille,Tanaka,Italy,38.0,0,Open Water,Instagram,2025-11-09,0,,0,0,0
C03836,Meera,Park,India,43.0,0,Open Water,OTA,2025-11-03,0,,0,0,0
C03837,Sarah,Iyer,Israel,,1,Advanced,Walk-in,2025-11-06,1,3650.0,0,0,0
C03838,Ishaan,Iyer,United Kingdom,24.0,0,None,OTA,2025-11-12,0,,0,0,0
C03839,Rohan,Muller,Israel,34.0,0,None,Referral,2025-11-05,1,25150.0,0,1,0
C03840,Sophie,Dubois,India,23.0,0,Open Water,Unknown,2025-11-10,0,,0,0,0
C03841,Pooja,Dubois,United States,27.0,0,Open Water,Website,2025-11-03,1,3300.0,0,0,0
C03842,Rohan,Nair,India,39.0,0,Divemaster,OTA,2025-11-12,1,11650.0,0,0,0
C03843,Liam,Reddy,India,41.0,0,Open Water,Walk-in,2025-11-12,0,,0,0,0
C03844,Ishaan,Nair,France,34.0,0,None,OTA,2025-11-03,1,4400.0,0,0,0
C03845,Sophie,Schmidt,Australia,33.0,0,Advanced,Website,2025-11-07,0,,0,0,0
C03846,Lukas,Desai,India,31.0,0,None,Walk-in,2025-11-08,0,,0,0,0
C03847,Minjun,Iyer,India,29.0,0,Open Water,Hotel Partner,2025-11-10,1,6450.0,0,0,0
C03848,Arjun,Sharma,Israel,32.0,0,Open Water,Unknown,2025-11-06,1,7250.0,0,0,0
C03849,Minjun,Petrova,India,43.0,0,Advanced,Website,2025-11-05,1,3400.0,0,0,0
C03850,Lukas,Chowdhury,India,15.0,0,Advanced,Unknown,2025-11-05,0,,0,0,0
C03851,Pierre,Sharma,France,19.0,0,None,Unknown,2025-11-11,1,9150.0,0,0,0
C03852,Chloe,Cohen,France,47.0,0,Open Water,Instagram,2025-11-12,1,14100.0,0,0,0
C03853,Marco,Gupta,Netherlands,,1,Open Water,Hotel Partner,2025-11-15,2,15850.0,1,0,0
C03854,Divya,Levi,United Kingdom,50.0,0,Open Water,OTA,2025-11-11,1,9150.0,0,0,0
C03855,Itai,Nair,India,27.0,0,None,Referral,2025-11-14,1,4600.0,0,0,0
C03856,Liam,Kulkarni,India,24.0,0,Open Water,OTA,2025-11-06,1,6200.0,0,0,0
C03857,Ananya,Muller,United Kingdom,34.0,0,None,Website,2025-11-14,1,5400.0,0,0,0
C03858,Liam,Levi,Australia,20.0,0,Open Water,Instagram,2025-11-14,0,,0,0,0
C03859,Sven,Smith,India,38.0,0,Open Water,Instagram,2025-11-09,0,,0,0,0
C03860,Divya,Taylor,India,37.0,0,Open Water,Unknown,2025-11-15,0,,0,0,0
C03861,Dmitri,Desai,India,36.0,0,None,Walk-in,2025-11-10,0,,0,0,0
C03862,Pierre,Wilson,India,31.0,0,Open Water,Hotel Partner,2025-11-06,0,,0,0,0
C03863,Rahul,Banerjee,Germany,29.0,0,None,Hotel Partner,2025-11-09,0,,0,0,0
C03864,Arjun,Jansen,India,,1,Open Water,OTA,2025-11-11,0,,0,0,0
C03865,Sven,Dubois,India,33.0,0,None,Website,2025-11-10,0,,0,0,0
C03866,Meera,Brown,India,20.0,0,None,Hotel Partner,2025-11-12,0,,0,0,0
C03867,Divya,Brown,India,49.0,0,None,Unknown,2025-11-12,1,26700.0,0,1,0
C03868,Aarav,Petrova,India,39.0,0,Open Water,Website,2025-11-10,1,3750.0,0,0,0
C03869,Karan,Iyer,Russia,21.0,0,None,OTA,2025-11-12,0,,0,0,0
C03870,Anouk,Park,India,16.0,0,Open Water,Unknown,2025-11-13,0,,0,0,0
C03871,Olga,Petrova,India,12.0,0,None,Hotel Partner,2025-11-12,0,,0,0,0
C03872,Sophie,Iyer,United Kingdom,54.0,0,None,Hotel Partner,2025-11-15,0,,0,0,0
C03873,Neha,Muller,India,29.0,0,Open Water,Website,2025-11-10,0,,0,0,0
C03874,Sneha,Rossi,India,24.0,0,None,OTA,2025-11-16,1,4300.0,0,0,0
C03875,Tom,Patel,Russia,37.0,0,Open Water,OTA,2025-11-14,2,14700.0,1,0,0
C03876,Minjun,Levi,United Kingdom,35.0,0,Open Water,Referral,2025-11-18,1,10750.0,0,0,0
C03877,Dmitri,Petrova,India,22.0,0,None,Walk-in,2025-11-18,2,12500.0,1,0,0
C03878,Noa,Menon,Russia,35.0,0,None,OTA,2025-11-15,1,4100.0,0,0,0
C03879,Arjun,Patel,France,22.0,0,Open Water,Unknown,2025-11-18,1,12700.0,0,0,0
C03880,Sneha,Ivanov,India,14.0,0,None,Referral,2025-11-17,1,4750.0,0,0,0
C03881,Sarah,Sharma,Netherlands,,1,None,OTA,2025-11-17,1,4350.0,0,0,0
C03882,Hannah,Schmidt,Israel,12.0,0,None,Referral,2025-11-16,0,,0,0,0
C03883,Rohan,Sharma,India,44.0,0,Rescue,OTA,2025-11-11,0,,0,0,0
C03884,Liam,Reddy,Japan,,1,None,OTA,2025-11-20,1,8450.0,0,0,0
C03885,Pooja,Park,Russia,28.0,0,Open Water,OTA,2025-11-16,1,5600.0,0,0,0
C03886,Sarah,Wilson,India,36.0,0,Advanced,OTA,2025-11-18,0,,0,0,0
C03887,Aarav,Smith,Australia,36.0,0,None,Walk-in,2025-11-16,1,5600.0,0,0,0
C03888,Rahul,Wilson,Italy,48.0,0,None,Unknown,2025-11-19,1,4350.0,0,0,0
C03889,Rahul,Bakker,India,,1,Open Water,Walk-in,2025-11-10,0,,0,0,0
C03890,Siddharth,Rossi,Israel,12.0,0,None,Website,2025-11-18,1,5400.0,0,0,0
C03891,Chloe,Tanaka,United Kingdom,27.0,0,None,OTA,2025-11-16,1,4400.0,0,0,0
C03892,Sven,Wilson,India,33.0,0,None,Website,2025-11-13,1,5200.0,0,0,0
C03893,Noa,Brown,India,29.0,0,Advanced,Instagram,2025-11-16,1,7550.0,0,0,0
C03894,Emma,Kulkarni,India,30.0,0,Advanced,Referral,2025-11-14,1,6950.0,0,0,0
C03895,James,Bakker,Italy,25.0,0,None,Unknown,2025-11-11,2,29750.0,1,1,1
C03896,Camille,Chowdhury,Russia,52.0,0,Rescue,Referral,2025-11-21,1,7150.0,0,0,0
C03897,James,Kim,United Kingdom,31.0,0,Open Water,Walk-in,2025-11-18,1,25100.0,0,1,0
C03898,Ravi,Schmidt,India,41.0,0,None,Unknown,2025-11-13,0,,0,0,0
C03899,Arjun,Jansen,India,,1,None,Website,2025-11-18,1,5400.0,0,0,0
C03900,Arjun,Desai,Russia,46.0,0,Open Water,OTA,2025-11-22,1,11050.0,0,0,0
C03901,Sarah,Tanaka,India,25.0,0,None,OTA,2025-11-12,1,4050.0,0,0,0
C03902,Rohan,Gupta,Russia,29.0,0,Advanced,Website,2025-11-17,1,3400.0,0,0,0
C03903,Arjun,Chowdhury,India,42.0,0,Open Water,Walk-in,2025-11-21,1,25300.0,0,1,0
C03904,Vikram,Rossi,India,,1,None,OTA,2025-11-18,1,4350.0,0,0,0
C03905,Yuki,Menon,India,20.0,0,None,Walk-in,2025-11-16,1,5050.0,0,0,0
C03906,Kavya,Desai,India,40.0,0,None,Hotel Partner,2025-11-21,1,5050.0,0,0,0
C03907,Marco,Kulkarni,United Kingdom,29.0,0,Open Water,Walk-in,2025-11-14,1,10150.0,0,0,0
C03908,Siddharth,Rao,India,33.0,0,Open Water,Website,2025-11-23,1,6850.0,0,0,0
C03909,Daniel,Sharma,India,50.0,0,None,Hotel Partner,2025-11-22,1,4600.0,0,0,0
C03910,Kavya,Taylor,Netherlands,39.0,0,Open Water,OTA,2025-11-15,0,,0,0,0
C03911,Ishaan,Nair,India,39.0,0,Open Water,Website,2025-11-20,1,14150.0,0,0,0
C03912,Neha,Gupta,Australia,45.0,0,Advanced,Referral,2025-11-20,0,,0,0,0
C03913,Dmitri,Petrova,United States,,1,Open Water,Referral,2025-11-21,1,6850.0,0,0,0
C03914,Divya,Jansen,India,33.0,0,None,OTA,2025-11-16,1,4450.0,0,0,0
C03915,Emma,Rao,India,35.0,0,Open Water,Website,2025-11-20,0,,0,0,0
C03916,Kavya,OConnor,India,35.0,0,Rescue,OTA,2025-11-20,1,9000.0,0,0,0
C03917,Rohan,Banerjee,India,28.0,0,Advanced,OTA,2025-11-20,2,14450.0,1,0,0
C03918,Neha,Sharma,Germany,30.0,0,None,Instagram,2025-11-24,1,26950.0,0,1,0
C03919,Rohan,Dubois,United Kingdom,38.0,0,None,Website,2025-11-21,0,,0,0,0
C03920,Dmitri,Iyer,United Kingdom,37.0,0,None,OTA,2025-11-15,1,4400.0,0,0,0
C03921,Ananya,Dubois,India,40.0,0,Advanced,Walk-in,2025-11-24,1,3350.0,0,0,0
C03922,Sven,Cohen,India,35.0,0,Open Water,Website,2025-11-16,1,25400.0,0,1,0
C03923,Aditya,Ivanov,India,45.0,0,None,OTA,2025-11-17,1,4450.0,0,0,0
C03924,Olga,Reddy,United Kingdom,32.0,0,None,Unknown,2025-11-15,1,4450.0,0,0,0
C03925,Ravi,OConnor,India,18.0,0,None,OTA,2025-11-15,0,,0,0,0
C03926,Tom,Reddy,India,45.0,0,None,Website,2025-11-24,0,,0,0,0
C03927,Sven,Gupta,India,29.0,0,Open Water,OTA,2025-11-24,1,5850.0,0,0,0
C03928,Priya,Menon,India,39.0,0,None,Website,2025-11-24,0,,0,0,0
C03929,Meera,Patel,India,19.0,0,Open Water,Instagram,2025-11-21,1,10800.0,0,0,0
C03930,Chloe,Jansen,Israel,12.0,0,Open Water,Walk-in,2025-11-20,1,15100.0,0,0,0
C03931,Yuki,Cohen,Israel,,1,None,Instagram,2025-11-15,1,5500.0,0,0,0
C03932,Siddharth,Kulkarni,India,38.0,0,None,OTA,2025-11-21,1,4600.0,0,0,0
C03933,Ishaan,Banerjee,Australia,51.0,0,Open Water,OTA,2025-11-24,0,,0,0,0
C03934,Karan,Nair,India,38.0,0,None,Walk-in,2025-11-21,1,4900.0,0,0,0
C03935,James,Park,India,,1,None,OTA,2025-11-20,1,4400.0,0,0,0
C03936,Kavya,Wilson,India,44.0,0,None,Referral,2025-11-25,1,9250.0,0,0,0
C03937,Ananya,Desai,India,14.0,0,None,Walk-in,2025-11-16,1,5350.0,0,0,0
C03938,Hannah,Banerjee,United Kingdom,41.0,0,None,Unknown,2025-11-23,2,10300.0,1,0,0
C03939,Sneha,Rossi,United States,24.0,0,None,Unknown,2025-11-18,1,10850.0,0,0,0
C03940,Liam,Chowdhury,India,28.0,0,Open Water,OTA,2025-11-24,1,5750.0,0,0,0
C03941,Emma,Kulkarni,India,,1,Open Water,Walk-in,2025-11-24,1,24650.0,0,1,0
C03942,Vikram,Ivanov,France,,1,Open Water,Website,2025-11-23,1,7400.0,0,0,0
C03943,Sarah,Menon,Netherlands,21.0,0,None,Website,2025-11-23,1,3700.0,0,0,0
C03944,Anouk,Rossi,South Korea,,1,Open Water,OTA,2025-11-18,1,11200.0,0,0,0
C03945,Sarah,Park,India,27.0,0,Open Water,OTA,2025-11-18,0,,0,0,0
C03946,Ravi,Taylor,Russia,31.0,0,None,Unknown,2025-11-18,0,,0,0,0
C03947,Lukas,Bakker,United Kingdom,47.0,0,None,Walk-in,2025-11-21,1,11000.0,0,0,0
C03948,Vikram,Menon,India,24.0,0,None,Walk-in,2025-11-23,1,25950.0,0,1,0
C03949,James,Tanaka,India,,1,Advanced,OTA,2025-11-18,1,3000.0,0,0,0
C03950,Sarah,Menon,United States,42.0,0,None,Unknown,2025-11-26,1,5200.0,0,0,0
C03951,Tom,Patel,South Korea,12.0,0,None,Unknown,2025-11-27,0,,0,0,0
C03952,Ishaan,Brown,India,31.0,0,Advanced,Referral,2025-11-21,1,3200.0,0,0,0
C03953,Hannah,Rossi,India,33.0,0,None,Walk-in,2025-11-28,0,,0,0,0
C03954,Sneha,Desai,Netherlands,36.0,0,Open Water,Walk-in,2025-11-20,1,3800.0,0,0,0
C03955,Divya,Petrova,Netherlands,27.0,0,Open Water,Walk-in,2025-11-27,1,7600.0,0,0,0
C03956,Aarav,Sharma,India,32.0,0,Rescue,Website,2025-11-27,0,,0,0,0
C03957,Hannah,Sharma,India,47.0,0,None,Walk-in,2025-11-20,0,,0,0,0
C03958,Yuki,Kulkarni,United Kingdom,40.0,0,None,Instagram,2025-11-25,1,5400.0,0,0,0
C03959,Pooja,Bakker,India,38.0,0,Advanced,Hotel Partner,2025-11-24,1,3300.0,0,0,0
C03960,Karan,Gupta,India,36.0,0,None,Walk-in,2025-11-29,2,12300.0,1,0,0
C03961,Ravi,Sharma,India,44.0,0,Rescue,OTA,2025-11-27,1,3150.0,0,0,0
C03962,Ananya,Taylor,India,,1,Advanced,OTA,2025-11-28,0,,0,0,0
C03963,Aarav,Kulkarni,Israel,,1,Advanced,OTA,2025-11-21,1,5550.0,0,0,0
C03964,Aarav,Rao,United States,,1,Open Water,Hotel Partner,2025-11-21,1,3300.0,0,0,0
C03965,Yuki,Smith,United States,38.0,0,None,Website,2025-11-25,0,,0,0,0
C03966,Camille,OConnor,India,33.0,0,Rescue,Website,2025-11-20,1,10650.0,0,0,0
C03967,Vikram,Ivanov,India,28.0,0,Advanced,Hotel Partner,2025-11-27,0,,0,0,0
C03968,Tom,Desai,Germany,41.0,0,Open Water,Hotel Partner,2025-11-24,1,3100.0,0,0,0
C03969,Rahul,OConnor,India,39.0,0,Advanced,OTA,2025-11-29,0,,0,0,0
C03970,Elena,Jansen,India,51.0,0,None,OTA,2025-11-23,0,,0,0,0
C03971,Neha,Jansen,India,36.0,0,Open Water,Unknown,2025-11-23,1,15150.0,0,0,0
C03972,Kavya,Cohen,South Korea,,1,None,OTA,2025-11-24,1,4450.0,0,0,0
C03973,James,Rao,India,49.0,0,Open Water,Website,2025-11-29,1,26000.0,0,1,0
C03974,James,Taylor,India,27.0,0,None,Website,2025-11-27,1,5450.0,0,0,0
C03975,Rohan,Desai,United States,27.0,0,None,OTA,2025-11-21,0,,0,0,0
C03976,Ravi,Desai,Japan,14.0,0,Open Water,Website,2025-11-30,1,3450.0,0,0,0
C03977,Lukas,Petrova,Netherlands,49.0,0,Advanced,Walk-in,2025-11-23,2,10150.0,1,0,0
C03978,Yuki,Rossi,India,26.0,0,None,Instagram,2025-11-24,2,8450.0,1,0,0
C03979,Emma,Menon,Australia,34.0,0,Open Water,Walk-in,2025-11-30,2,38950.0,1,1,0
C03980,Daniel,Banerjee,United States,20.0,0,Advanced,OTA,2025-12-01,1,5950.0,0,0,0
C03981,Liam,Dubois,India,45.0,0,None,Instagram,2025-11-25,1,4900.0,0,0,0
C03982,Vikram,Tanaka,India,28.0,0,Advanced,Website,2025-11-21,1,3300.0,0,0,0
C03983,Sven,Park,India,43.0,0,None,Website,2025-11-25,1,5200.0,0,0,0
C03984,Aditya,Desai,Italy,32.0,0,None,OTA,2025-11-29,1,4200.0,0,0,0
C03985,Meera,Taylor,India,45.0,0,Open Water,OTA,2025-11-24,1,8350.0,0,0,0
C03986,Emma,Dubois,India,27.0,0,Open Water,OTA,2025-11-26,1,2800.0,0,0,0
C03987,Noa,Menon,Russia,40.0,0,None,OTA,2025-11-22,1,4050.0,0,0,0
C03988,Pierre,Jansen,India,16.0,0,Open Water,OTA,2025-11-21,0,,0,0,0
C03989,Meera,Dubois,Germany,28.0,0,None,Walk-in,2025-11-30,1,25650.0,0,1,0
C03990,Sophie,Reddy,South Korea,,1,Open Water,OTA,2025-11-21,2,6100.0,1,0,0
C03991,Rahul,Schmidt,India,27.0,0,Advanced,OTA,2025-11-21,0,,0,0,0
C03992,Daniel,Desai,Russia,37.0,0,Open Water,Website,2025-11-22,1,7350.0,0,0,0
C03993,Aditya,Kulkarni,India,38.0,0,Open Water,Website,2025-11-26,2,17350.0,1,0,0
C03994,Chloe,Gupta,Netherlands,29.0,0,None,OTA,2025-11-28,1,4400.0,0,0,0
C03995,Rahul,Brown,Netherlands,44.0,0,Advanced,Website,2025-11-30,2,21350.0,1,0,0
C03996,Rohan,Reddy,India,33.0,0,Open Water,Website,2025-11-28,1,10250.0,0,0,0
C03997,Camille,Schmidt,Australia,46.0,0,None,OTA,2025-11-30,1,4100.0,0,0,0
C03998,Priya,Rao,Germany,33.0,0,Open Water,Instagram,2025-11-28,0,,0,0,0
C03999,Divya,Ivanov,India,37.0,0,Open Water,Referral,2025-11-23,1,6350.0,0,0,0
C04000,Marco,Schmidt,India,28.0,0,Open Water,OTA,2025-12-02,1,8600.0,0,0,0
C04001,Sarah,Brown,India,37.0,0,None,OTA,2025-11-29,1,4100.0,0,0,0
C04002,Hannah,Smith,Germany,38.0,0,Open Water,Instagram,2025-11-29,1,3750.0,0,0,0
C04003,Lukas,Rossi,Russia,43.0,0,None,OTA,2025-11-25,0,,0,0,0
C04004,Liam,Smith,United Kingdom,43.0,0,Open Water,Website,2025-11-28,0,,0,0,0
C04005,James,Schmidt,India,,1,None,OTA,2025-11-24,1,4200.0,0,0,0
C04006,Neha,Wilson,United Kingdom,38.0,0,Open Water,Walk-in,2025-11-23,2,11100.0,1,0,0
C04007,Rahul,Kim,India,50.0,0,Open Water,Instagram,2025-11-29,1,11250.0,0,0,0
C04008,Ishaan,Sharma,Russia,48.0,0,Open Water,OTA,2025-11-25,0,,0,0,0
C04009,Dmitri,Levi,United States,35.0,0,Advanced,Walk-in,2025-12-02,1,25500.0,0,1,0
C04010,Siddharth,Patel,India,31.0,0,None,OTA,2025-11-22,1,20400.0,0,1,0
C04011,Sven,Reddy,Germany,43.0,0,None,Unknown,2025-11-24,1,25800.0,0,1,0
C04012,Emma,Ivanov,France,48.0,0,Advanced,Walk-in,2025-12-01,1,3750.0,0,0,0
C04013,Rohan,Rao,Italy,19.0,0,Open Water,OTA,2025-12-02,0,,0,0,0
C04014,Sophie,Levi,India,26.0,0,None,Walk-in,2025-12-02,1,5500.0,0,0,0
C04015,Ishaan,Schmidt,India,21.0,0,None,Unknown,2025-11-30,1,5500.0,0,0,0
C04016,Marco,Petrova,United Kingdom,16.0,0,Rescue,OTA,2025-12-02,1,2800.0,0,0,0
C04017,Lukas,Tanaka,India,21.0,0,None,Website,2025-12-04,2,14750.0,1,0,0
C04018,Sneha,Brown,India,23.0,0,None,Walk-in,2025-11-30,2,32900.0,1,1,0
C04019,Siddharth,Sharma,United Kingdom,,1,Open Water,Walk-in,2025-12-01,0,,0,0,0
C04020,Chloe,Muller,United Kingdom,48.0,0,Open Water,Walk-in,2025-11-29,1,15000.0,0,0,0
C04021,Dmitri,Kim,South Korea,44.0,0,Open Water,Instagram,2025-12-04,0,,0,0,0
C04022,Priya,Brown,India,12.0,0,Open Water,OTA,2025-11-30,1,8850.0,0,0,0
C04023,Arjun,Patel,India,54.0,0,None,Walk-in,2025-11-24,1,4950.0,0,0,0
C04024,Siddharth,Wilson,United Kingdom,28.0,0,Open Water,Walk-in,2025-11-29,1,13400.0,0,0,0
C04025,Sneha,Nair,United Kingdom,30.0,0,None,Instagram,2025-11-27,0,,0,0,0
C04026,Meera,Menon,India,39.0,0,None,Instagram,2025-11-26,1,24700.0,0,1,0
C04027,Yuki,Sharma,India,31.0,0,Open Water,Website,2025-12-05,1,24400.0,0,1,0
C04028,Marco,Bakker,United States,28.0,0,Advanced,Referral,2025-11-26,1,3300.0,0,0,0
C04029,Priya,Gupta,India,25.0,0,None,OTA,2025-12-01,0,,0,0,0
C04030,Sneha,Muller,United Kingdom,46.0,0,Divemaster,OTA,2025-11-27,1,6350.0,0,0,0
C04031,Hannah,Rossi,India,34.0,0,Open Water,Walk-in,2025-12-05,1,3450.0,0,0,0
C04032,Sophie,Gupta,India,31.0,0,None,Website,2025-12-04,1,5200.0,0,0,0
C04033,Noa,Taylor,India,29.0,0,Open Water,Unknown,2025-12-05,1,10250.0,0,0,0
C04034,Rohan,Iyer,South Korea,32.0,0,None,Website,2025-12-05,1,5100.0,0,0,0
C04035,Chloe,Cohen,India,,1,None,Walk-in,2025-11-28,1,10450.0,0,0,0
C04036,Aditya,Desai,India,15.0,0,Open Water,Hotel Partner,2025-11-28,1,9600.0,0,0,0
C04037,Divya,Tanaka,Israel,,1,None,Instagram,2025-12-02,0,,0,0,0
C04038,James,Tanaka,India,44.0,0,Open Water,Website,2025-12-05,2,7400.0,1,0,0
C04039,Daniel,Bakker,Germany,25.0,0,Advanced,Referral,2025-12-03,2,19550.0,1,0,0
C04040,Marco,Taylor,India,30.0,0,Advanced,Instagram,2025-12-04,1,24200.0,0,1,0
C04041,Karan,Smith,France,45.0,0,Rescue,Website,2025-11-28,0,,0,0,0
C04042,Chloe,Bakker,South Korea,32.0,0,None,Walk-in,2025-12-03,1,27600.0,0,1,0
C04043,Noa,Muller,India,41.0,0,None,Instagram,2025-11-27,0,,0,0,0
C04044,Ananya,Park,Japan,45.0,0,Rescue,OTA,2025-11-27,0,,0,0,0
C04045,Emma,Petrova,United States,,1,Open Water,OTA,2025-11-26,1,8600.0,0,0,0
C04046,Lukas,Menon,India,33.0,0,None,Hotel Partner,2025-12-01,1,4500.0,0,0,0
C04047,Ishaan,Cohen,India,27.0,0,None,Hotel Partner,2025-12-03,1,4600.0,0,0,0
C04048,Camille,Muller,India,26.0,0,Rescue,OTA,2025-11-29,1,5950.0,0,0,0
C04049,Neha,Reddy,Germany,20.0,0,None,Hotel Partner,2025-12-02,1,4750.0,0,0,0
C04050,Olga,Ivanov,Israel,34.0,0,None,OTA,2025-11-30,1,4050.0,0,0,0
C04051,Lukas,Bakker,South Korea,30.0,0,None,Referral,2025-12-01,1,3550.0,0,0,0
C04052,Arjun,Park,South Korea,34.0,0,None,Instagram,2025-12-06,1,10400.0,0,0,0
C04053,Marco,OConnor,India,29.0,0,None,Referral,2025-11-30,1,4750.0,0,0,0
C04054,James,Muller,United Kingdom,37.0,0,Open Water,Website,2025-12-06,1,10700.0,0,0,0
C04055,Sophie,Rossi,South Korea,36.0,0,None,Walk-in,2025-12-04,2,15400.0,1,0,0
C04056,Sophie,OConnor,Russia,21.0,0,Open Water,Instagram,2025-12-04,1,13700.0,0,0,0
C04057,Karan,Petrova,India,41.0,0,Advanced,Unknown,2025-12-03,1,12500.0,0,0,0
C04058,Olga,Dubois,United Kingdom,43.0,0,None,OTA,2025-12-03,0,,0,0,0
C04059,Rahul,Taylor,India,25.0,0,None,OTA,2025-12-02,1,4100.0,0,0,0
C04060,Tom,Bakker,India,35.0,0,Open Water,Website,2025-11-30,1,3500.0,0,0,0
C04061,Siddharth,Reddy,India,21.0,0,Open Water,Website,2025-12-01,1,11000.0,0,0,0
C04062,Sneha,Rao,India,30.0,0,Open Water,Website,2025-12-06,1,26750.0,0,1,0
C04063,Sophie,Menon,France,55.0,0,None,Hotel Partner,2025-11-30,0,,0,0,0
C04064,Vikram,Gupta,India,26.0,0,None,Walk-in,2025-12-02,1,3750.0,0,0,0
C04065,Yuki,Muller,India,,1,Open Water,Walk-in,2025-12-05,1,7750.0,0,0,0
C04066,Daniel,Brown,India,44.0,0,Open Water,Walk-in,2025-11-29,1,3600.0,0,0,0
C04067,Tom,Park,Italy,26.0,0,None,Website,2025-12-03,1,5000.0,0,0,0
C04068,Aditya,Rao,India,40.0,0,None,Walk-in,2025-12-03,1,11000.0,0,0,0
C04069,Marco,OConnor,India,17.0,0,Advanced,Walk-in,2025-12-08,2,28300.0,1,1,1
C04070,Ishaan,Sharma,Russia,40.0,0,Open Water,Unknown,2025-12-09,1,3200.0,0,0,0
C04071,Yuki,Brown,Netherlands,35.0,0,Open Water,Unknown,2025-12-03,1,6250.0,0,0,0
C04072,Tom,Rossi,India,29.0,0,None,Referral,2025-12-08,1,4900.0,0,0,0
C04073,Dmitri,Bakker,India,43.0,0,Open Water,Website,2025-12-02,1,7150.0,0,0,0
C04074,Sneha,Levi,United Kingdom,,1,Advanced,OTA,2025-12-08,1,6250.0,0,0,0
C04075,Aarav,Petrova,Israel,20.0,0,Open Water,Instagram,2025-11-30,1,3700.0,0,0,0
C04076,Hannah,Kulkarni,India,,1,Open Water,Referral,2025-12-05,1,3400.0,0,0,0
C04077,Vikram,Muller,Netherlands,31.0,0,None,OTA,2025-12-04,1,4350.0,0,0,0
C04078,Lukas,Reddy,India,28.0,0,None,OTA,2025-12-07,0,,0,0,0
C04079,Liam,Kulkarni,India,31.0,0,Open Water,Hotel Partner,2025-12-05,1,13200.0,0,0,0
C04080,Divya,Muller,Israel,47.0,0,Open Water,Unknown,2025-12-07,1,13500.0,0,0,0
C04081,Arjun,Rossi,India,38.0,0,Open Water,OTA,2025-12-10,0,,0,0,0
C04082,Vikram,Muller,India,19.0,0,Open Water,OTA,2025-12-04,1,11700.0,0,0,0
C04083,Rahul,Chowdhury,India,,1,Open Water,Website,2025-12-06,1,6500.0,0,0,0
C04084,Ananya,Sharma,Japan,14.0,0,None,Website,2025-12-10,1,5050.0,0,0,0
C04085,Yuki,Rossi,United States,29.0,0,Open Water,Walk-in,2025-12-08,1,14850.0,0,0,0
C04086,Anouk,Reddy,Russia,23.0,0,None,OTA,2025-12-10,1,4600.0,0,0,0
C04087,Olga,Petrova,India,39.0,0,None,Referral,2025-12-01,1,25600.0,0,1,0
C04088,Aarav,Park,India,36.0,0,None,Website,2025-12-06,1,5350.0,0,0,0
C04089,Aditya,Patel,India,28.0,0,None,OTA,2025-12-06,1,4100.0,0,0,0
C04090,Dmitri,Chowdhury,India,17.0,0,Advanced,Walk-in,2025-12-01,2,18650.0,1,0,0
C04091,Ravi,Nair,France,28.0,0,None,OTA,2025-12-10,1,3950.0,0,0,0
C04092,Pooja,Chowdhury,India,42.0,0,None,Website,2025-12-03,0,,0,0,0
C04093,Neha,Cohen,Russia,23.0,0,Advanced,Walk-in,2025-12-02,2,24950.0,1,0,0
C04094,Aditya,Reddy,South Korea,30.0,0,None,OTA,2025-12-11,1,4350.0,0,0,0
C04095,Daniel,Muller,India,20.0,0,Open Water,Hotel Partner,2025-12-07,1,6500.0,0,0,0
C04096,Yuki,Desai,India,28.0,0,None,OTA,2025-12-02,1,3000.0,0,0,0
C04097,Aarav,Menon,United Kingdom,13.0,0,None,Unknown,2025-12-09,1,4900.0,0,0,0
C04098,Ishaan,Iyer,India,32.0,0,None,Website,2025-12-05,1,4950.0,0,0,0
C04099,Rohan,Park,Australia,33.0,0,None,Website,2025-12-06,1,5050.0,0,0,0
C04100,Ananya,Rossi,Germany,25.0,0,None,OTA,2025-12-06,1,8800.0,0,0,0
C04101,Ravi,OConnor,Russia,27.0,0,None,Referral,2025-12-10,3,13000.0,1,0,0
C04102,Liam,Desai,United Kingdom,29.0,0,Open Water,Instagram,2025-12-02,1,3400.0,0,0,0
C04103,Sarah,Petrova,India,18.0,0,Advanced,OTA,2025-12-09,1,5900.0,0,0,0
C04104,Ananya,Cohen,India,35.0,0,Open Water,Walk-in,2025-12-07,1,13750.0,0,0,0
C04105,James,Rao,India,52.0,0,Open Water,OTA,2025-12-06,0,,0,0,0
C04106,Emma,Jansen,Italy,43.0,0,None,Instagram,2025-12-06,1,4950.0,0,0,0
C04107,Camille,Patel,India,32.0,0,None,OTA,2025-12-07,1,4100.0,0,0,0
C04108,Sven,Nair,India,29.0,0,None,Unknown,2025-12-09,1,5100.0,0,0,0
C04109,Sarah,Sharma,Israel,42.0,0,None,Instagram,2025-12-11,1,5050.0,0,0,0
C04110,Dmitri,Desai,India,12.0,0,Open Water,OTA,2025-12-07,1,2950.0,0,0,0
C04111,Elena,Patel,India,,1,Open Water,Walk-in,2025-12-13,1,10050.0,0,0,0
C04112,Siddharth,Sharma,India,45.0,0,Rescue,Hotel Partner,2025-12-12,0,,0,0,0
C04113,Anouk,Gupta,India,25.0,0,Open Water,OTA,2025-12-08,1,5850.0,0,0,0
C04114,Dmitri,Jansen,Russia,19.0,0,None,OTA,2025-12-10,1,4550.0,0,0,0
C04115,Sarah,Gupta,Germany,34.0,0,None,OTA,2025-12-11,0,,0,0,0
C04116,Ananya,Kim,Italy,34.0,0,Advanced,OTA,2025-12-12,0,,0,0,0
C04117,Ishaan,Rao,United States,17.0,0,Advanced,OTA,2025-12-15,1,3050.0,0,0,0
C04118,Daniel,Schmidt,India,28.0,0,None,Instagram,2025-12-13,1,9600.0,0,0,0
C04119,Sneha,Tanaka,India,41.0,0,None,OTA,2025-12-07,0,,0,0,0
C04120,Camille,Levi,France,28.0,0,None,Website,2025-12-10,1,10050.0,0,0,0
C04121,Itai,Tanaka,Australia,35.0,0,None,Referral,2025-12-08,0,,0,0,0
C04122,Camille,Nair,Netherlands,16.0,0,None,OTA,2025-12-05,0,,0,0,0
C04123,Divya,Muller,Italy,37.0,0,Open Water,Hotel Partner,2025-12-09,1,9950.0,0,0,0
C04124,Ananya,Petrova,India,40.0,0,None,OTA,2025-12-12,2,8800.0,1,0,0
C04125,Olga,Desai,India,19.0,0,None,Website,2025-12-07,1,4900.0,0,0,0
C04126,Kavya,Iyer,India,27.0,0,None,Referral,2025-12-05,2,9850.0,1,0,0
C04127,Anouk,Bakker,India,43.0,0,Open Water,Hotel Partner,2025-12-10,1,6250.0,0,0,0
C04128,Sven,Iyer,France,26.0,0,Open Water,Website,2025-12-13,1,10150.0,0,0,0
C04129,Minjun,Banerjee,India,37.0,0,None,Instagram,2025-12-06,0,,0,0,0
C04130,Divya,Wilson,United Kingdom,,1,None,Website,2025-12-11,1,5000.0,0,0,0
C04131,Rohan,Ivanov,United States,37.0,0,None,Referral,2025-12-06,1,9600.0,0,0,0
C04132,Sarah,Dubois,India,29.0,0,None,Instagram,2025-12-06,1,5250.0,0,0,0
C04133,Ravi,Smith,South Korea,19.0,0,Open Water,Walk-in,2025-12-11,0,,0,0,0
C04134,Anouk,Levi,Netherlands,34.0,0,Open Water,Walk-in,2025-12-07,2,34700.0,1,1,0
C04135,Neha,Levi,India,33.0,0,Open Water,Walk-in,2025-12-07,1,15350.0,0,0,0
C04136,Sarah,Jansen,Russia,27.0,0,None,Website,2025-12-14,1,5300.0,0,0,0
C04137,Sven,Rossi,India,,1,None,Website,2025-12-13,2,10250.0,1,0,0
C04138,Divya,Park,France,30.0,0,None,Hotel Partner,2025-12-12,1,9300.0,0,0,0
C04139,Meera,Dubois,India,16.0,0,None,Instagram,2025-12-07,1,5100.0,0,0,0
C04140,Anouk,Rossi,India,40.0,0,None,OTA,2025-12-08,1,3950.0,0,0,0
C04141,Daniel,Rossi,Israel,41.0,0,Advanced,Referral,2025-12-14,1,3200.0,0,0,0
C04142,Tom,Desai,India,28.0,0,Open Water,Website,2025-12-15,0,,0,0,0
C04143,Camille,Rossi,India,32.0,0,None,Walk-in,2025-12-15,1,6850.0,0,0,0
C04144,Divya,Menon,Germany,29.0,0,None,OTA,2025-12-15,0,,0,0,0
C04145,Vikram,Park,Netherlands,28.0,0,Open Water,Website,2025-12-17,1,3350.0,0,0,0
C04146,Rohan,Gupta,United Kingdom,12.0,0,None,Hotel Partner,2025-12-13,1,3350.0,0,0,0
C04147,Sven,Wilson,India,44.0,0,None,OTA,2025-12-08,1,4000.0,0,0,0
C04148,Ravi,Gupta,India,33.0,0,Open Water,OTA,2025-12-14,1,8350.0,0,0,0
C04149,Arjun,Rao,United Kingdom,45.0,0,Open Water,Hotel Partner,2025-12-18,1,6850.0,0,0,0
C04150,Ananya,OConnor,India,36.0,0,None,Website,2025-12-11,0,,0,0,0
C04151,Daniel,Petrova,India,15.0,0,Rescue,Unknown,2025-12-15,0,,0,0,0
C04152,Aarav,Banerjee,India,32.0,0,Advanced,Hotel Partner,2025-12-17,1,9800.0,0,0,0
C04153,Vikram,Wilson,India,15.0,0,None,Unknown,2025-12-16,1,25500.0,0,1,0
C04154,Liam,Tanaka,France,28.0,0,None,OTA,2025-12-09,1,8100.0,0,0,0
C04155,Itai,Reddy,India,22.0,0,None,Website,2025-12-14,0,,0,0,0
C04156,Tom,Gupta,Netherlands,23.0,0,Open Water,Website,2025-12-13,0,,0,0,0
C04157,Meera,Desai,India,38.0,0,None,Website,2025-12-18,0,,0,0,0
C04158,Arjun,Sharma,India,12.0,0,None,Walk-in,2025-12-19,1,7550.0,0,0,0
C04159,Emma,Patel,India,34.0,0,Rescue,Referral,2025-12-19,1,3300.0,0,0,0
C04160,Vikram,Wilson,India,38.0,0,Advanced,Instagram,2025-12-12,1,7550.0,0,0,0
C04161,Sneha,Rao,United States,30.0,0,Advanced,Website,2025-12-16,1,6700.0,0,0,0
C04162,Ananya,Kulkarni,India,30.0,0,None,Instagram,2025-12-14,1,5450.0,0,0,0
C04163,Yuki,Levi,Russia,35.0,0,Open Water,Walk-in,2025-12-09,1,25850.0,0,1,0
C04164,Sarah,Taylor,India,23.0,0,None,Referral,2025-12-13,1,4650.0,0,0,0
C04165,Sven,Sharma,France,28.0,0,None,Website,2025-12-17,1,5300.0,0,0,0
C04166,Itai,Cohen,United Kingdom,34.0,0,Open Water,Instagram,2025-12-12,1,26700.0,0,1,0
C04167,Siddharth,Iyer,India,44.0,0,Open Water,Walk-in,2025-12-13,1,3650.0,0,0,0
C04168,Arjun,Kulkarni,India,39.0,0,None,Instagram,2025-12-17,1,3300.0,0,0,0
C04169,Olga,Ivanov,United Kingdom,35.0,0,Open Water,Walk-in,2025-12-16,1,13800.0,0,0,0
C04170,Daniel,Wilson,France,48.0,0,None,OTA,2025-12-14,1,22500.0,0,1,0
C04171,Minjun,Petrova,India,29.0,0,None,Referral,2025-12-12,2,9350.0,1,0,0
C04172,Camille,Banerjee,India,,1,None,Website,2025-12-11,1,4850.0,0,0,0
C04173,Vikram,Iyer,India,43.0,0,None,Website,2025-12-20,1,9950.0,0,0,0
C04174,Meera,Rao,India,36.0,0,None,OTA,2025-12-18,1,22500.0,0,1,0
C04175,Divya,Reddy,Netherlands,26.0,0,None,Hotel Partner,2025-12-16,0,,0,0,0
C04176,Ravi,Banerjee,India,42.0,0,None,OTA,2025-12-20,0,,0,0,0
C04177,Sven,Chowdhury,Germany,20.0,0,None,Referral,2025-12-12,1,4850.0,0,0,0
C04178,Emma,Jansen,France,,1,Open Water,Walk-in,2025-12-10,1,3850.0,0,0,0
C04179,Divya,Wilson,Russia,32.0,0,None,Website,2025-12-11,0,,0,0,0
C04180,Rahul,Banerjee,United Kingdom,43.0,0,Open Water,OTA,2025-12-13,2,21250.0,1,0,0
C04181,Elena,Cohen,Germany,47.0,0,Open Water,Website,2025-12-19,1,3650.0,0,0,0
C04182,Divya,Gupta,India,,1,Open Water,OTA,2025-12-10,1,3000.0,0,0,0
C04183,Arjun,Desai,India,21.0,0,Divemaster,Walk-in,2025-12-16,1,6850.0,0,0,0
C04184,Pooja,Iyer,Italy,25.0,0,Advanced,Website,2025-12-20,1,3250.0,0,0,0
C04185,Camille,Chowdhury,Germany,41.0,0,Rescue,OTA,2025-12-16,0,,0,0,0
C04186,Divya,Banerjee,India,40.0,0,None,Walk-in,2025-12-13,2,24000.0,1,0,0
C04187,Sarah,Ivanov,India,27.0,0,Open Water,Referral,2025-12-14,1,6350.0,0,0,0
C04188,Pooja,Nair,Netherlands,38.0,0,None,Referral,2025-12-19,1,5250.0,0,0,0
C04189,Ravi,Dubois,Germany,26.0,0,None,OTA,2025-12-14,1,4550.0,0,0,0
C04190,Yuki,Brown,Germany,25.0,0,None,Unknown,2025-12-18,1,5350.0,0,0,0
C04191,Olga,Dubois,India,27.0,0,Open Water,Instagram,2025-12-16,1,26100.0,0,1,0
C04192,Karan,Jansen,India,36.0,0,None,Unknown,2025-12-12,1,3750.0,0,0,0
C04193,Priya,Nair,Italy,30.0,0,Open Water,Website,2025-12-19,1,3550.0,0,0,0
C04194,Sophie,Brown,India,,1,Open Water,Hotel Partner,2025-12-14,0,,0,0,0
C04195,Minjun,Schmidt,India,54.0,0,None,OTA,2025-12-20,1,4400.0,0,0,0
C04196,Pooja,Smith,United Kingdom,41.0,0,None,OTA,2025-12-21,1,4050.0,0,0,0
C04197,Rohan,OConnor,France,36.0,0,None,Unknown,2025-12-12,0,,0,0,0
C04198,Pierre,Kulkarni,India,,1,None,OTA,2025-12-21,0,,0,0,0
C04199,Elena,Rao,India,41.0,0,Open Water,Website,2025-12-15,0,,0,0,0
C04200,Tom,Kim,United Kingdom,31.0,0,None,Unknown,2025-12-22,0,,0,0,0
C04201,Minjun,Bakker,United States,33.0,0,Open Water,Unknown,2025-12-18,1,13800.0,0,0,0
C04202,Daniel,Rao,India,35.0,0,Open Water,OTA,2025-12-18,1,9200.0,0,0,0
C04203,Aarav,Schmidt,India,43.0,0,None,Instagram,2025-12-23,1,27350.0,0,1,0
C04204,Vikram,Kim,Russia,34.0,0,Open Water,Hotel Partner,2025-12-14,1,3050.0,0,0,0
C04205,Vikram,Desai,United States,38.0,0,None,Instagram,2025-12-22,0,,0,0,0
C04206,Sneha,Desai,India,43.0,0,None,Website,2025-12-18,1,25150.0,0,1,0
C04207,Sophie,Banerjee,India,25.0,0,None,OTA,2025-12-17,1,4100.0,0,0,0
C04208,Aditya,Levi,India,21.0,0,Rescue,Website,2025-12-16,1,10100.0,0,0,0
C04209,Noa,Park,Germany,39.0,0,Advanced,OTA,2025-12-23,1,3050.0,0,0,0
C04210,Anouk,Muller,United States,29.0,0,None,Website,2025-12-19,1,10400.0,0,0,0
C04211,Neha,Rossi,Italy,14.0,0,Open Water,OTA,2025-12-21,1,2800.0,0,0,0
C04212,Chloe,Patel,India,37.0,0,None,Website,2025-12-17,1,26950.0,0,1,0
C04213,Pooja,Park,India,22.0,0,Rescue,Website,2025-12-23,1,7450.0,0,0,0
C04214,Liam,Rao,Netherlands,42.0,0,None,Unknown,2025-12-23,0,,0,0,0
C04215,Dmitri,Patel,India,33.0,0,None,OTA,2025-12-23,0,,0,0,0
C04216,Noa,Rao,India,31.0,0,Open Water,OTA,2025-12-25,1,9500.0,0,0,0
C04217,Dmitri,Muller,Russia,12.0,0,None,OTA,2025-12-18,1,12300.0,0,0,0
C04218,Aditya,Desai,India,28.0,0,Advanced,OTA,2025-12-19,1,5750.0,0,0,0
C04219,Elena,Iyer,India,46.0,0,Rescue,Hotel Partner,2025-12-15,1,6350.0,0,0,0
C04220,Sven,Taylor,France,,1,Open Water,Hotel Partner,2025-12-23,1,3150.0,0,0,0
C04221,Itai,Brown,Israel,33.0,0,Open Water,Walk-in,2025-12-20,2,20800.0,1,0,0
C04222,Camille,Menon,India,21.0,0,None,OTA,2025-12-20,1,4000.0,0,0,0
C04223,Ishaan,Wilson,India,25.0,0,None,Hotel Partner,2025-12-16,1,24300.0,0,1,0
C04224,Pierre,Patel,Netherlands,28.0,0,Open Water,Walk-in,2025-12-18,0,,0,0,0
C04225,Anouk,Kulkarni,Russia,27.0,0,Open Water,OTA,2025-12-17,0,,0,0,0
C04226,Rahul,Park,Australia,24.0,0,Rescue,Walk-in,2025-12-24,1,13900.0,0,0,0
C04227,Chloe,Menon,India,32.0,0,None,Referral,2025-12-19,1,5200.0,0,0,0
C04228,Kavya,Rao,Italy,32.0,0,Rescue,OTA,2025-12-24,1,5750.0,0,0,0
C04229,Anouk,Muller,India,35.0,0,Open Water,OTA,2025-12-21,1,8250.0,0,0,0
C04230,Pooja,Gupta,India,43.0,0,None,Unknown,2025-12-22,0,,0,0,0
C04231,Minjun,Kim,Russia,16.0,0,Open Water,Walk-in,2025-12-17,1,7700.0,0,0,0
C04232,Dmitri,Park,Germany,28.0,0,None,Unknown,2025-12-26,1,4200.0,0,0,0
C04233,Anouk,Smith,United States,56.0,0,Open Water,OTA,2025-12-19,1,9250.0,0,0,0
C04234,Elena,Banerjee,India,40.0,0,None,Referral,2025-12-24,2,28800.0,1,1,0
C04235,Daniel,Schmidt,Russia,29.0,0,None,OTA,2025-12-25,0,,0,0,0
C04236,Ishaan,Dubois,India,47.0,0,Rescue,OTA,2025-12-27,0,,0,0,0
C04237,Sneha,Brown,India,15.0,0,Advanced,OTA,2025-12-25,0,,0,0,0
C04238,Karan,Sharma,United States,49.0,0,Advanced,Instagram,2025-12-18,1,6800.0,0,0,0
C04239,Sarah,Iyer,Israel,25.0,0,Advanced,Referral,2025-12-23,1,3350.0,0,0,0
C04240,Elena,Smith,United Kingdom,30.0,0,Open Water,Website,2025-12-21,1,14050.0,0,0,0
C04241,Liam,Levi,Russia,21.0,0,None,Referral,2025-12-25,0,,0,0,0
C04242,Karan,Tanaka,United Kingdom,33.0,0,Advanced,Walk-in,2025-12-21,1,10500.0,0,0,0
C04243,Ishaan,Levi,India,12.0,0,None,Unknown,2025-12-22,1,25650.0,0,1,0
C04244,Noa,Wilson,France,39.0,0,Advanced,Walk-in,2025-12-21,0,,0,0,0
C04245,Minjun,Bakker,Italy,48.0,0,None,OTA,2025-12-18,2,8700.0,1,0,0
C04246,Chloe,Schmidt,United Kingdom,28.0,0,Divemaster,Referral,2025-12-24,1,10050.0,0,0,0
C04247,Noa,Banerjee,France,31.0,0,Advanced,Walk-in,2025-12-26,1,3850.0,0,0,0
C04248,Rahul,Park,France,35.0,0,None,Unknown,2025-12-27,1,4100.0,0,0,0
C04249,Camille,Dubois,India,32.0,0,None,Referral,2025-12-26,0,,0,0,0
C04250,Priya,Park,Germany,,1,Advanced,OTA,2025-12-20,0,,0,0,0
C04251,Meera,Kulkarni,India,29.0,0,Open Water,Referral,2025-12-18,1,9900.0,0,0,0
C04252,Siddharth,Reddy,Germany,45.0,0,Open Water,Website,2025-12-27,1,24250.0,0,1,0
C04253,Lukas,Wilson,Australia,27.0,0,Open Water,Website,2025-12-28,1,25750.0,0,1,0
C04254,Pooja,Brown,India,33.0,0,Open Water,OTA,2025-12-22,0,,0,0,0
C04255,Lukas,Rao,India,29.0,0,None,Walk-in,2025-12-18,0,,0,0,0
C04256,Rahul,Gupta,India,32.0,0,Rescue,Unknown,2025-12-24,1,7650.0,0,0,0
C04257,Minjun,Jansen,Germany,52.0,0,Open Water,OTA,2025-12-23,1,5550.0,0,0,0
C04258,Arjun,Dubois,Germany,31.0,0,None,Referral,2025-12-21,1,5200.0,0,0,0
C04259,Meera,Menon,Italy,39.0,0,Open Water,Website,2025-12-24,1,6550.0,0,0,0
C04260,Meera,Muller,France,59.0,0,Open Water,OTA,2025-12-23,1,5600.0,0,0,0
C04261,Pierre,Nair,United Kingdom,34.0,0,None,Instagram,2025-12-26,0,,0,0,0
C04262,Rahul,Desai,India,25.0,0,Advanced,Unknown,2025-12-29,0,,0,0,0
C04263,Rohan,Kim,Netherlands,17.0,0,Advanced,Referral,2025-12-25,2,17550.0,1,0,0
C04264,Hannah,Smith,India,,1,Open Water,OTA,2025-12-26,0,,0,0,0
C04265,Noa,Rao,United Kingdom,,1,Open Water,OTA,2025-12-21,0,,0,0,0
C04266,Itai,Chowdhury,Australia,36.0,0,None,OTA,2025-12-22,0,,0,0,0
C04267,Hannah,Kulkarni,Germany,28.0,0,Open Water,Hotel Partner,2025-12-25,0,,0,0,0
C04268,Pierre,Tanaka,India,19.0,0,Advanced,Website,2025-12-23,1,6650.0,0,0,0
C04269,Sneha,Menon,India,34.0,0,Open Water,Instagram,2025-12-28,0,,0,0,0
C04270,Dmitri,Kulkarni,India,39.0,0,Advanced,Unknown,2025-12-24,1,8500.0,0,0,0
C04271,Hannah,Desai,United States,42.0,0,None,Referral,2025-12-23,0,,0,0,0
C04272,Ananya,Park,Netherlands,52.0,0,None,Walk-in,2025-12-26,1,5400.0,0,0,0
C04273,Sneha,Patel,India,22.0,0,None,Walk-in,2025-12-23,1,5500.0,0,0,0
C04274,Anouk,Bakker,United Kingdom,,1,Open Water,Instagram,2026-01-01,1,27000.0,0,1,0
C04275,Siddharth,Nair,United Kingdom,39.0,0,Advanced,Walk-in,2025-12-30,1,7600.0,0,0,0
C04276,Olga,Gupta,United States,19.0,0,Advanced,Referral,2025-12-29,1,3600.0,0,0,0
C04277,Camille,Sharma,France,37.0,0,None,Instagram,2025-12-28,1,5200.0,0,0,0
C04278,Noa,Tanaka,India,43.0,0,None,Website,2025-12-28,1,5300.0,0,0,0
C04279,Marco,Levi,United States,45.0,0,None,OTA,2025-12-24,0,,0,0,0
C04280,Kavya,Smith,India,38.0,0,None,Hotel Partner,2026-01-01,1,5000.0,0,0,0
C04281,Aditya,Rao,Australia,25.0,0,Open Water,OTA,2026-01-01,1,9000.0,0,0,0
C04282,Neha,Park,United States,22.0,0,None,Hotel Partner,2025-12-24,1,23600.0,0,1,0
C04283,Sophie,Desai,United Kingdom,47.0,0,Open Water,Walk-in,2025-12-28,1,3400.0,0,0,0
C04284,Siddharth,Sharma,United States,46.0,0,None,Instagram,2025-12-31,1,25600.0,0,1,0
C04285,Pooja,Smith,United Kingdom,31.0,0,Open Water,Website,2025-12-25,1,9800.0,0,0,0
C04286,Liam,Ivanov,India,44.0,0,Open Water,Walk-in,2025-12-23,1,25750.0,0,1,0
C04287,Sarah,Nair,India,36.0,0,Advanced,Website,2025-12-26,1,10150.0,0,0,0
C04288,Camille,Gupta,India,37.0,0,None,Walk-in,2025-12-27,2,12200.0,1,0,0
C04289,Tom,Park,India,47.0,0,Open Water,Unknown,2026-01-01,1,6750.0,0,0,0
C04290,Minjun,OConnor,United States,28.0,0,Advanced,Instagram,2025-12-31,1,10350.0,0,0,0
C04291,Noa,Cohen,United Kingdom,29.0,0,Advanced,Walk-in,2025-12-30,1,3700.0,0,0,0
C04292,Itai,Smith,India,14.0,0,None,Walk-in,2025-12-26,1,4850.0,0,0,0
C04293,Lukas,Brown,India,35.0,0,None,Referral,2025-12-26,1,5000.0,0,0,0
C04294,Itai,Kim,United Kingdom,36.0,0,Advanced,OTA,2026-01-03,1,2950.0,0,0,0
C04295,Karan,OConnor,India,50.0,0,Divemaster,Unknown,2026-01-02,1,12350.0,0,0,0
C04296,Dmitri,Muller,United Kingdom,38.0,0,Open Water,Website,2025-12-31,0,,0,0,0
C04297,Sven,Banerjee,Netherlands,27.0,0,Open Water,OTA,2025-12-24,1,2850.0,0,0,0
C04298,Karan,Wilson,India,40.0,0,Open Water,OTA,2025-12-24,1,2850.0,0,0,0
C04299,Karan,OConnor,Germany,24.0,0,None,Walk-in,2026-01-02,2,18500.0,1,0,0
C04300,Daniel,Rao,United Kingdom,26.0,0,Open Water,Hotel Partner,2026-01-01,3,50550.0,1,1,1
C04301,Sneha,Levi,United Kingdom,,1,None,OTA,2025-12-30,0,,0,0,0
C04302,Divya,Kulkarni,India,43.0,0,Advanced,OTA,2026-01-02,1,12350.0,0,0,0
C04303,Aditya,Chowdhury,India,30.0,0,Open Water,Walk-in,2025-12-27,1,15150.0,0,0,0
C04304,Divya,Menon,India,35.0,0,None,Website,2025-12-26,1,4950.0,0,0,0
C04305,Dmitri,Cohen,India,38.0,0,None,OTA,2025-12-30,0,,0,0,0
C04306,Minjun,Kim,Russia,36.0,0,None,Website,2026-01-04,1,23800.0,0,1,0
C04307,Karan,OConnor,Israel,13.0,0,None,Walk-in,2026-01-01,1,5050.0,0,0,0
C04308,Anouk,Ivanov,Germany,39.0,0,Rescue,Hotel Partner,2025-12-29,0,,0,0,0
C04309,Daniel,Cohen,Netherlands,46.0,0,Advanced,Walk-in,2025-12-27,2,14100.0,1,0,0
C04310,Chloe,Tanaka,India,56.0,0,None,Walk-in,2026-01-04,1,5550.0,0,0,0
C04311,Ishaan,Ivanov,India,40.0,0,None,Unknown,2025-12-27,2,10400.0,1,0,0
C04312,Daniel,Kim,United Kingdom,23.0,0,Open Water,OTA,2025-12-27,1,21050.0,0,1,0
C04313,Rahul,Rossi,Russia,34.0,0,None,Website,2025-12-28,1,24000.0,0,1,0
C04314,Vikram,Bakker,India,43.0,0,Rescue,OTA,2026-01-05,2,5950.0,1,0,0
C04315,Anouk,Rao,India,33.0,0,Open Water,OTA,2026-01-02,1,3000.0,0,0,0
C04316,Noa,Petrova,India,40.0,0,Open Water,OTA,2026-01-05,1,3100.0,0,0,0
C04317,Vikram,Cohen,India,36.0,0,Rescue,Hotel Partner,2025-12-31,2,29150.0,1,1,0
C04318,Dmitri,OConnor,Israel,37.0,0,None,Referral,2026-01-04,0,,0,0,0
C04319,Aarav,Desai,United Kingdom,43.0,0,Open Water,Walk-in,2026-01-02,1,7100.0,0,0,0
C04320,Sophie,Park,Russia,36.0,0,None,Walk-in,2025-12-27,0,,0,0,0
C04321,Sarah,Schmidt,India,31.0,0,Rescue,Unknown,2025-12-28,0,,0,0,0
C04322,Olga,Desai,Italy,,1,None,OTA,2026-01-04,1,4100.0,0,0,0
C04323,Rohan,OConnor,India,39.0,0,Open Water,OTA,2026-01-02,1,6050.0,0,0,0
C04324,Elena,Patel,India,27.0,0,Open Water,Website,2025-12-29,1,13050.0,0,0,0
C04325,Sophie,Menon,Germany,44.0,0,Open Water,Instagram,2026-01-02,1,7100.0,0,0,0
C04326,Ravi,Petrova,India,26.0,0,Rescue,OTA,2026-01-06,1,2850.0,0,0,0
C04327,Vikram,Kim,Russia,27.0,0,None,Walk-in,2026-01-02,1,5350.0,0,0,0
C04328,Arjun,Patel,India,39.0,0,None,Unknown,2025-12-27,1,21950.0,0,1,0
C04329,Lukas,Petrova,Italy,37.0,0,None,Website,2025-12-30,1,5100.0,0,0,0
C04330,Chloe,Dubois,Israel,33.0,0,None,Walk-in,2025-12-31,1,14550.0,0,0,0
C04331,Siddharth,Sharma,India,33.0,0,None,Referral,2025-12-31,0,,0,0,0
C04332,Minjun,Levi,India,12.0,0,None,Website,2025-12-29,1,25150.0,0,1,0
C04333,Elena,Park,Israel,32.0,0,None,OTA,2025-12-28,1,4200.0,0,0,0
C04334,Lukas,Tanaka,India,43.0,0,Open Water,OTA,2026-01-04,0,,0,0,0
C04335,Neha,Dubois,France,52.0,0,Open Water,Walk-in,2026-01-01,1,14400.0,0,0,0
C04336,Camille,Muller,India,40.0,0,None,Walk-in,2026-01-04,0,,0,0,0
C04337,Sven,Levi,India,31.0,0,None,OTA,2026-01-06,1,4250.0,0,0,0
C04338,Aarav,Brown,India,28.0,0,None,Referral,2026-01-06,1,4700.0,0,0,0
C04339,Tom,Kulkarni,Germany,25.0,0,None,Unknown,2025-12-30,1,7050.0,0,0,0
C04340,Vikram,Menon,India,23.0,0,None,Website,2026-01-04,1,9400.0,0,0,0
C04341,Meera,Desai,Australia,31.0,0,Open Water,Walk-in,2026-01-05,1,11500.0,0,0,0
C04342,Dmitri,Menon,Netherlands,21.0,0,Advanced,Walk-in,2026-01-05,0,,0,0,0
C04343,Ananya,Cohen,India,38.0,0,Open Water,Walk-in,2026-01-08,0,,0,0,0
C04344,Anouk,Ivanov,India,31.0,0,None,Unknown,2026-01-07,0,,0,0,0
C04345,Dmitri,Patel,India,41.0,0,None,Website,2026-01-06,1,26400.0,0,1,0
C04346,Chloe,Bakker,India,49.0,0,Open Water,Hotel Partner,2026-01-01,1,6350.0,0,0,0
C04347,Lukas,Reddy,India,37.0,0,None,Referral,2025-12-30,0,,0,0,0
C04348,Hannah,Petrova,France,35.0,0,Open Water,OTA,2025-12-31,1,2850.0,0,0,0
C04349,Pooja,Desai,India,23.0,0,None,OTA,2026-01-01,1,4400.0,0,0,0
C04350,Siddharth,Taylor,Russia,51.0,0,Open Water,OTA,2026-01-06,0,,0,0,0
C04351,Pooja,Levi,India,27.0,0,None,OTA,2026-01-06,0,,0,0,0
C04352,Siddharth,Nair,South Korea,20.0,0,Open Water,Unknown,2025-12-30,1,25850.0,0,1,0
C04353,Meera,Jansen,South Korea,40.0,0,None,Unknown,2026-01-09,2,15050.0,1,0,0
C04354,Minjun,OConnor,India,22.0,0,None,Walk-in,2026-01-05,1,5150.0,0,0,0
C04355,Arjun,Rossi,Netherlands,50.0,0,Open Water,Unknown,2026-01-09,0,,0,0,0
C04356,Sarah,Taylor,India,29.0,0,Open Water,Hotel Partner,2026-01-04,0,,0,0,0
C04357,Neha,Chowdhury,Japan,36.0,0,None,Walk-in,2026-01-08,1,5250.0,0,0,0
C04358,Noa,Rao,India,41.0,0,Rescue,OTA,2026-01-05,1,5700.0,0,0,0
C04359,Anouk,Petrova,Netherlands,32.0,0,None,Walk-in,2026-01-01,1,5400.0,0,0,0
C04360,Vikram,Petrova,India,36.0,0,None,Unknown,2026-01-03,1,21850.0,0,1,0
C04361,Karan,Banerjee,India,37.0,0,None,Walk-in,2026-01-09,1,9800.0,0,0,0
C04362,Lukas,OConnor,Germany,37.0,0,Open Water,Walk-in,2026-01-06,1,10150.0,0,0,0
C04363,Sophie,Park,India,,1,Open Water,OTA,2026-01-08,1,11850.0,0,0,0
C04364,Itai,Taylor,Russia,47.0,0,Advanced,Walk-in,2026-01-11,1,7750.0,0,0,0
C04365,Arjun,Schmidt,United States,19.0,0,None,OTA,2026-01-08,0,,0,0,0
C04366,Itai,Dubois,India,34.0,0,None,Walk-in,2026-01-07,1,24450.0,0,1,0
C04367,Ravi,Chowdhury,France,32.0,0,None,Website,2026-01-07,0,,0,0,0
C04368,Olga,Petrova,India,13.0,0,Open Water,Hotel Partner,2026-01-09,2,13400.0,1,0,0
C04369,Liam,Reddy,India,,1,Advanced,OTA,2026-01-09,1,12150.0,0,0,0
C04370,Rohan,Rao,Italy,26.0,0,Advanced,Instagram,2026-01-08,0,,0,0,0
C04371,Noa,Rossi,India,25.0,0,None,OTA,2026-01-06,1,4100.0,0,0,0
C04372,Lukas,Petrova,Australia,,1,None,Website,2026-01-02,1,4700.0,0,0,0
C04373,Aditya,Levi,United Kingdom,26.0,0,None,Referral,2026-01-06,1,5300.0,0,0,0
C04374,Meera,Jansen,India,43.0,0,None,OTA,2026-01-02,1,4300.0,0,0,0
C04375,Ishaan,Iyer,India,24.0,0,Open Water,Website,2026-01-05,1,3600.0,0,0,0
C04376,Sophie,Dubois,Germany,32.0,0,None,OTA,2026-01-11,1,22500.0,0,1,0
C04377,Karan,Sharma,India,45.0,0,Open Water,OTA,2026-01-03,1,11600.0,0,0,0
C04378,Karan,Banerjee,India,48.0,0,Advanced,Referral,2026-01-02,1,3450.0,0,0,0
C04379,Lukas,Desai,United Kingdom,30.0,0,None,Referral,2026-01-05,2,19900.0,1,0,0
C04380,Lukas,Nair,India,52.0,0,None,Walk-in,2026-01-05,1,5200.0,0,0,0
C04381,Vikram,Sharma,Russia,30.0,0,Rescue,Website,2026-01-05,1,3700.0,0,0,0
C04382,Yuki,Schmidt,France,43.0,0,None,OTA,2026-01-08,1,4600.0,0,0,0
C04383,Daniel,Taylor,India,,1,Advanced,Walk-in,2026-01-03,1,3350.0,0,0,0
C04384,Rohan,Tanaka,United Kingdom,30.0,0,Rescue,Walk-in,2026-01-06,2,28350.0,1,0,0
C04385,Kavya,Brown,Israel,41.0,0,None,Website,2026-01-06,1,5100.0,0,0,0
C04386,Tom,Desai,India,48.0,0,Open Water,Unknown,2026-01-13,2,37850.0,1,1,0
C04387,Aarav,Levi,Netherlands,52.0,0,Advanced,Website,2026-01-05,0,,0,0,0
C04388,Arjun,Rao,India,32.0,0,Open Water,OTA,2026-01-14,0,,0,0,0
C04389,Vikram,Petrova,India,27.0,0,Advanced,Instagram,2026-01-13,1,7600.0,0,0,0
C04390,Elena,Levi,United Kingdom,31.0,0,Open Water,Website,2026-01-06,1,3550.0,0,0,0
C04391,Meera,Levi,India,15.0,0,Advanced,OTA,2026-01-07,1,21050.0,0,1,0
C04392,Meera,Smith,India,38.0,0,None,OTA,2026-01-04,1,4250.0,0,0,0
C04393,Sven,Chowdhury,India,31.0,0,None,OTA,2026-01-07,1,8850.0,0,0,0
C04394,Sarah,Chowdhury,India,33.0,0,None,OTA,2026-01-11,0,,0,0,0
C04395,Pooja,Jansen,United States,27.0,0,Open Water,Hotel Partner,2026-01-06,1,10400.0,0,0,0
C04396,Minjun,Kim,India,,1,Open Water,Website,2026-01-08,1,10300.0,0,0,0
C04397,James,Chowdhury,India,37.0,0,Open Water,Hotel Partner,2026-01-10,1,12250.0,0,0,0
C04398,Itai,Taylor,United States,22.0,0,Open Water,OTA,2026-01-05,1,5800.0,0,0,0
C04399,Anouk,Petrova,India,50.0,0,Open Water,OTA,2026-01-16,1,11750.0,0,0,0
C04400,Dmitri,Iyer,Netherlands,30.0,0,None,OTA,2026-01-12,0,,0,0,0
C04401,Olga,OConnor,India,37.0,0,None,Instagram,2026-01-16,2,10300.0,1,0,0
C04402,Sneha,Bakker,Japan,19.0,0,None,OTA,2026-01-15,1,4500.0,0,0,0
C04403,Vikram,Schmidt,France,49.0,0,None,Walk-in,2026-01-07,1,5100.0,0,0,0
C04404,Olga,OConnor,Australia,15.0,0,None,Unknown,2026-01-13,1,23000.0,0,1,0
C04405,Hannah,Wilson,India,39.0,0,Advanced,Hotel Partner,2026-01-12,1,9150.0,0,0,0
C04406,Pierre,Patel,India,25.0,0,None,OTA,2026-01-11,1,4050.0,0,0,0
C04407,Anouk,Menon,India,31.0,0,Open Water,Instagram,2026-01-15,0,,0,0,0
C04408,Itai,Iyer,India,35.0,0,Open Water,Instagram,2026-01-16,0,,0,0,0
C04409,Ananya,Park,India,45.0,0,None,OTA,2026-01-09,1,4050.0,0,0,0
C04410,Camille,Rossi,India,24.0,0,Open Water,Instagram,2026-01-15,1,3750.0,0,0,0
C04411,Pierre,Iyer,India,43.0,0,Open Water,Website,2026-01-16,0,,0,0,0
C04412,James,OConnor,India,38.0,0,Rescue,OTA,2026-01-17,1,6300.0,0,0,0
C04413,Camille,Tanaka,Italy,35.0,0,Advanced,OTA,2026-01-16,0,,0,0,0
C04414,Olga,Gupta,India,,1,Open Water,Instagram,2026-01-12,1,10500.0,0,0,0
C04415,Pooja,Kim,India,39.0,0,None,OTA,2026-01-08,0,,0,0,0
C04416,Pierre,Wilson,France,27.0,0,None,Website,2026-01-15,1,4900.0,0,0,0
C04417,Hannah,Desai,Russia,27.0,0,None,Walk-in,2026-01-14,1,10600.0,0,0,0
C04418,Olga,Smith,India,22.0,0,Advanced,Walk-in,2026-01-10,1,24750.0,0,1,0
C04419,Sophie,Smith,Russia,25.0,0,Advanced,OTA,2026-01-12,0,,0,0,0
C04420,Ananya,Desai,India,20.0,0,None,Instagram,2026-01-14,1,13900.0,0,0,0
C04421,Priya,Petrova,India,43.0,0,Open Water,Walk-in,2026-01-14,1,3750.0,0,0,0
C04422,Emma,Nair,India,37.0,0,Open Water,Hotel Partner,2026-01-17,0,,0,0,0
C04423,Aarav,Taylor,India,30.0,0,Open Water,OTA,2026-01-18,1,6200.0,0,0,0
C04424,Neha,Desai,United States,50.0,0,Advanced,OTA,2026-01-12,1,21650.0,0,1,0
C04425,Ravi,Brown,India,33.0,0,None,OTA,2026-01-08,0,,0,0,0
C04426,Daniel,Tanaka,United States,26.0,0,None,Unknown,2026-01-12,1,5250.0,0,0,0
C04427,Noa,Rao,United Kingdom,32.0,0,Open Water,OTA,2026-01-12,1,11150.0,0,0,0
C04428,Ravi,Desai,Israel,34.0,0,Open Water,OTA,2026-01-19,0,,0,0,0
C04429,Priya,Chowdhury,Japan,37.0,0,Advanced,Instagram,2026-01-14,2,17100.0,1,0,0
C04430,Kavya,Gupta,India,52.0,0,None,Website,2026-01-10,1,5250.0,0,0,0
C04431,Lukas,Brown,India,20.0,0,Open Water,Website,2026-01-17,1,25500.0,0,1,0
C04432,Ravi,Desai,United Kingdom,32.0,0,Open Water,Hotel Partner,2026-01-19,1,6900.0,0,0,0
C04433,Rahul,Reddy,India,35.0,0,None,OTA,2026-01-19,2,12250.0,1,0,0
C04434,Camille,Ivanov,India,30.0,0,None,Website,2026-01-18,0,,0,0,0
C04435,Kavya,Iyer,Israel,44.0,0,Rescue,Referral,2026-01-12,1,3200.0,0,0,0
C04436,Pooja,Jansen,Netherlands,20.0,0,None,OTA,2026-01-09,0,,0,0,0
C04437,Rohan,Desai,India,52.0,0,None,Walk-in,2026-01-16,1,26050.0,0,1,0
C04438,Arjun,Rao,India,25.0,0,Open Water,OTA,2026-01-10,2,23050.0,1,1,0
C04439,Kavya,Reddy,United States,31.0,0,None,OTA,2026-01-09,1,4500.0,0,0,0
C04440,Sven,Park,India,37.0,0,None,OTA,2026-01-18,1,4450.0,0,0,0
C04441,Karan,Petrova,India,27.0,0,None,Walk-in,2026-01-16,1,5500.0,0,0,0
C04442,Marco,Kulkarni,Germany,25.0,0,Open Water,Unknown,2026-01-10,1,25800.0,0,1,0
C04443,Noa,Ivanov,India,48.0,0,None,OTA,2026-01-12,0,,0,0,0
C04444,Aarav,Chowdhury,Netherlands,33.0,0,None,Hotel Partner,2026-01-10,0,,0,0,0
C04445,Pooja,Rao,India,55.0,0,None,Walk-in,2026-01-18,1,10500.0,0,0,0
C04446,Daniel,Smith,United Kingdom,37.0,0,None,OTA,2026-01-20,0,,0,0,0
C04447,Daniel,Reddy,India,50.0,0,Open Water,Website,2026-01-11,1,13050.0,0,0,0
C04448,Siddharth,Bakker,India,45.0,0,None,Unknown,2026-01-14,0,,0,0,0
C04449,Sven,Ivanov,India,30.0,0,None,Unknown,2026-01-12,1,4100.0,0,0,0
C04450,Liam,Muller,India,,1,Open Water,OTA,2026-01-19,0,,0,0,0
C04451,Karan,Smith,India,38.0,0,None,Hotel Partner,2026-01-15,0,,0,0,0
C04452,Sarah,Petrova,India,39.0,0,Open Water,OTA,2026-01-12,0,,0,0,0
C04453,Itai,Kulkarni,India,33.0,0,None,Website,2026-01-11,0,,0,0,0
C04454,Camille,Kulkarni,Germany,52.0,0,Open Water,Unknown,2026-01-18,1,9950.0,0,0,0
C04455,Divya,Muller,Germany,22.0,0,None,OTA,2026-01-13,0,,0,0,0
C04456,Ishaan,Iyer,India,28.0,0,None,Walk-in,2026-01-20,0,,0,0,0
C04457,Noa,Petrova,United Kingdom,28.0,0,Open Water,OTA,2026-01-15,0,,0,0,0
C04458,Minjun,Petrova,India,21.0,0,Rescue,Unknown,2026-01-21,1,10100.0,0,0,0
C04459,Hannah,Reddy,India,36.0,0,Open Water,Walk-in,2026-01-17,1,3600.0,0,0,0
C04460,Karan,Muller,India,39.0,0,None,Walk-in,2026-01-11,1,10600.0,0,0,0
C04461,Ishaan,Nair,India,12.0,0,Advanced,OTA,2026-01-18,1,3150.0,0,0,0
C04462,Divya,Levi,India,39.0,0,Divemaster,Website,2026-01-21,1,10650.0,0,0,0
C04463,Dmitri,Patel,India,38.0,0,Open Water,Unknown,2026-01-20,1,9200.0,0,0,0
C04464,Aditya,Ivanov,India,24.0,0,Open Water,OTA,2026-01-14,1,22400.0,0,1,0
C04465,Sven,Chowdhury,India,24.0,0,Advanced,OTA,2026-01-16,0,,0,0,0
C04466,Dmitri,Taylor,Italy,13.0,0,None,Referral,2026-01-12,0,,0,0,0
C04467,Neha,Brown,India,48.0,0,Open Water,Hotel Partner,2026-01-18,1,6950.0,0,0,0
C04468,Ananya,Patel,Italy,37.0,0,None,Website,2026-01-12,1,27050.0,0,1,0
C04469,Lukas,Muller,India,42.0,0,Open Water,Hotel Partner,2026-01-20,0,,0,0,0
C04470,Elena,Gupta,India,49.0,0,None,Walk-in,2026-01-18,1,5500.0,0,0,0
C04471,Divya,Brown,France,43.0,0,Open Water,Walk-in,2026-01-22,1,13450.0,0,0,0
C04472,Lukas,Kim,Russia,51.0,0,Open Water,OTA,2026-01-20,0,,0,0,0
C04473,Tom,Nair,India,46.0,0,Advanced,OTA,2026-01-15,0,,0,0,0
C04474,Yuki,Levi,United States,41.0,0,Advanced,Walk-in,2026-01-17,1,15050.0,0,0,0
C04475,Lukas,Gupta,United States,33.0,0,Advanced,Walk-in,2026-01-13,1,13950.0,0,0,0
C04476,Camille,Kulkarni,Australia,40.0,0,Advanced,Referral,2026-01-19,1,3600.0,0,0,0
C04477,Meera,Muller,India,36.0,0,None,Hotel Partner,2026-01-24,0,,0,0,0
C04478,Neha,Bakker,India,38.0,0,Open Water,Walk-in,2026-01-23,2,33050.0,1,1,0
C04479,Tom,Wilson,India,23.0,0,None,Walk-in,2026-01-19,1,5550.0,0,0,0
C04480,Sven,Tanaka,India,,1,Advanced,OTA,2026-01-21,1,5600.0,0,0,0
C04481,Aarav,Desai,South Korea,33.0,0,Rescue,OTA,2026-01-15,1,9150.0,0,0,0
C04482,Aarav,Bakker,India,45.0,0,Advanced,Instagram,2026-01-20,1,3600.0,0,0,0
C04483,Minjun,Levi,India,32.0,0,Open Water,Walk-in,2026-01-24,1,3650.0,0,0,0
C04484,Camille,Iyer,India,26.0,0,Rescue,Website,2026-01-23,1,9800.0,0,0,0
C04485,Marco,Petrova,India,29.0,0,None,OTA,2026-01-19,0,,0,0,0
C04486,Camille,Reddy,Russia,53.0,0,Advanced,Hotel Partner,2026-01-19,1,12150.0,0,0,0
C04487,Minjun,Desai,India,,1,Advanced,Website,2026-01-24,1,6750.0,0,0,0
C04488,Pierre,Kulkarni,India,37.0,0,None,Walk-in,2026-01-17,1,27500.0,0,1,0
C04489,Divya,Cohen,United Kingdom,35.0,0,Open Water,Walk-in,2026-01-17,1,25350.0,0,1,0
C04490,Pooja,Banerjee,Australia,22.0,0,Advanced,Hotel Partner,2026-01-21,1,12350.0,0,0,0
C04491,Arjun,Wilson,United Kingdom,36.0,0,Open Water,Instagram,2026-01-16,1,14950.0,0,0,0
C04492,Priya,Gupta,Australia,36.0,0,None,Hotel Partner,2026-01-17,2,29300.0,1,1,0
C04493,Aarav,Wilson,India,47.0,0,None,OTA,2026-01-23,1,20800.0,0,1,0
C04494,Priya,Iyer,India,22.0,0,None,Website,2026-01-25,0,,0,0,0
C04495,Vikram,Rao,India,36.0,0,Open Water,Website,2026-01-23,1,14000.0,0,0,0
C04496,Vikram,Jansen,India,29.0,0,Open Water,Referral,2026-01-19,1,3400.0,0,0,0
C04497,Aditya,Patel,Italy,15.0,0,None,Walk-in,2026-01-18,0,,0,0,0
C04498,Noa,Ivanov,Russia,31.0,0,Divemaster,Website,2026-01-23,1,11000.0,0,0,0
C04499,Dmitri,Iyer,India,38.0,0,None,OTA,2026-01-18,1,8600.0,0,0,0
C04500,Kavya,Sharma,United States,,1,None,Instagram,2026-01-17,1,5100.0,0,0,0
C04501,Lukas,Gupta,United Kingdom,32.0,0,None,Walk-in,2026-01-19,1,5200.0,0,0,0
C04502,Aarav,Iyer,France,33.0,0,Open Water,Referral,2026-01-17,1,12950.0,0,0,0
C04503,Karan,Kulkarni,India,49.0,0,None,Walk-in,2026-01-22,1,25300.0,0,1,0
C04504,Aarav,Smith,India,41.0,0,Advanced,Instagram,2026-01-16,1,3450.0,0,0,0
C04505,Camille,Sharma,Israel,23.0,0,Open Water,Walk-in,2026-01-19,1,3450.0,0,0,0
C04506,Lukas,Dubois,Italy,36.0,0,None,OTA,2026-01-20,0,,0,0,0
C04507,Marco,Cohen,India,49.0,0,None,Hotel Partner,2026-01-27,1,24650.0,0,1,0
C04508,Priya,Sharma,Japan,40.0,0,Open Water,Website,2026-01-26,1,10750.0,0,0,0
C04509,Sarah,Banerjee,India,43.0,0,None,OTA,2026-01-17,1,4300.0,0,0,0
C04510,Priya,Taylor,United Kingdom,20.0,0,Open Water,OTA,2026-01-22,2,31500.0,1,1,0
C04511,Aarav,Kim,India,30.0,0,None,Website,2026-01-20,1,5050.0,0,0,0
C04512,Anouk,Levi,India,42.0,0,None,Walk-in,2026-01-26,2,38750.0,1,1,1
C04513,Aditya,Park,India,27.0,0,Open Water,Website,2026-01-26,1,3550.0,0,0,0
C04514,Arjun,Kim,India,12.0,0,None,Website,2026-01-28,1,9900.0,0,0,0
C04515,Sophie,Rao,India,27.0,0,Open Water,OTA,2026-01-19,1,5950.0,0,0,0
C04516,Lukas,Desai,United Kingdom,27.0,0,None,Unknown,2026-01-24,2,12000.0,1,0,0
C04517,Ananya,Dubois,Germany,53.0,0,Open Water,Website,2026-01-18,0,,0,0,0
C04518,Vikram,Iyer,Netherlands,,1,Open Water,Unknown,2026-01-18,1,10450.0,0,0,0
C04519,Lukas,Taylor,Germany,40.0,0,Advanced,OTA,2026-01-20,1,2750.0,0,0,0
C04520,Liam,Dubois,United Kingdom,43.0,0,None,Website,2026-01-29,1,4850.0,0,0,0
C04521,Itai,Brown,India,23.0,0,Advanced,Instagram,2026-01-26,1,6600.0,0,0,0
C04522,Divya,Wilson,Germany,38.0,0,Open Water,Walk-in,2026-01-19,1,3700.0,0,0,0
C04523,Neha,Wilson,Israel,28.0,0,Divemaster,OTA,2026-01-21,1,11350.0,0,0,0
C04524,Pooja,Iyer,India,36.0,0,Open Water,Website,2026-01-28,1,3250.0,0,0,0
C04525,Lukas,Levi,India,41.0,0,Divemaster,OTA,2026-01-27,0,,0,0,0
C04526,Dmitri,Kim,South Korea,,1,None,OTA,2026-01-27,0,,0,0,0
C04527,Aarav,Park,India,,1,None,Unknown,2026-01-21,0,,0,0,0
C04528,Ishaan,Muller,South Korea,29.0,0,Open Water,OTA,2026-01-27,1,11200.0,0,0,0
C04529,Pooja,Wilson,India,40.0,0,None,Website,2026-01-29,1,5150.0,0,0,0
C04530,Priya,Chowdhury,India,39.0,0,Open Water,OTA,2026-01-26,0,,0,0,0
C04531,Sven,Nair,India,39.0,0,None,OTA,2026-01-24,1,4250.0,0,0,0
C04532,Yuki,Iyer,United States,28.0,0,None,Unknown,2026-01-26,2,32000.0,1,1,0
C04533,Ishaan,Sharma,Germany,32.0,0,Open Water,OTA,2026-01-29,1,9300.0,0,0,0
C04534,Pierre,Petrova,India,35.0,0,Open Water,Referral,2026-01-24,1,9600.0,0,0,0
C04535,Itai,Brown,India,35.0,0,None,Instagram,2026-01-26,1,5000.0,0,0,0
C04536,Aarav,Taylor,India,,1,None,OTA,2026-01-24,1,4000.0,0,0,0
C04537,Pierre,OConnor,India,22.0,0,Rescue,Referral,2026-01-29,1,10600.0,0,0,0
C04538,Itai,Taylor,India,,1,Advanced,Website,2026-01-28,1,7200.0,0,0,0
C04539,Minjun,Smith,India,33.0,0,None,OTA,2026-01-29,1,4550.0,0,0,0
C04540,Ananya,Brown,India,41.0,0,None,Hotel Partner,2026-01-24,1,5050.0,0,0,0
C04541,Olga,Levi,India,35.0,0,Advanced,Website,2026-01-24,1,10900.0,0,0,0
C04542,Pooja,Taylor,Australia,32.0,0,None,OTA,2026-01-25,1,4400.0,0,0,0
C04543,Marco,OConnor,Israel,,1,Open Water,Hotel Partner,2026-01-26,1,3250.0,0,0,0
C04544,Aarav,Park,India,40.0,0,None,Hotel Partner,2026-01-31,0,,0,0,0
C04545,Ananya,Bakker,India,45.0,0,None,Website,2026-01-31,0,,0,0,0
C04546,Priya,Smith,South Korea,45.0,0,Open Water,Instagram,2026-01-27,1,7500.0,0,0,0
C04547,Rahul,Nair,India,45.0,0,None,OTA,2026-01-29,0,,0,0,0
C04548,Arjun,Rossi,Netherlands,31.0,0,Open Water,OTA,2026-01-25,0,,0,0,0
C04549,Priya,Chowdhury,India,37.0,0,Divemaster,Unknown,2026-01-24,1,14000.0,0,0,0
C04550,Lukas,Banerjee,India,30.0,0,None,Referral,2026-01-26,1,4950.0,0,0,0
C04551,Anouk,Gupta,India,28.0,0,None,Hotel Partner,2026-01-27,1,10000.0,0,0,0
C04552,Vikram,Smith,Japan,24.0,0,None,Website,2026-01-26,1,23900.0,0,1,0
C04553,Minjun,Iyer,South Korea,27.0,0,None,Website,2026-01-28,1,5200.0,0,0,0
C04554,Elena,Iyer,United States,31.0,0,Open Water,Instagram,2026-01-27,0,,0,0,0
C04555,Minjun,Reddy,India,28.0,0,None,OTA,2026-01-27,1,4350.0,0,0,0
C04556,Itai,Smith,India,35.0,0,Advanced,Referral,2026-01-25,1,6900.0,0,0,0
C04557,Tom,Banerjee,Netherlands,20.0,0,Open Water,Website,2026-01-30,1,10200.0,0,0,0
C04558,Daniel,Jansen,India,40.0,0,None,Unknown,2026-01-25,1,5300.0,0,0,0
C04559,Emma,Park,India,32.0,0,Open Water,Walk-in,2026-01-24,0,,0,0,0
C04560,Hannah,Wilson,South Korea,23.0,0,Open Water,Walk-in,2026-01-30,1,3550.0,0,0,0
C04561,Minjun,Ivanov,India,36.0,0,Advanced,Website,2026-01-31,0,,0,0,0
C04562,Pierre,OConnor,United Kingdom,25.0,0,None,Unknown,2026-01-26,0,,0,0,0
C04563,Siddharth,Jansen,India,24.0,0,None,Instagram,2026-01-30,1,4800.0,0,0,0
C04564,Minjun,OConnor,India,35.0,0,None,Hotel Partner,2026-02-03,0,,0,0,0
C04565,Pierre,Petrova,France,37.0,0,None,OTA,2026-02-02,0,,0,0,0
C04566,Ishaan,Brown,Australia,36.0,0,None,Website,2026-01-25,2,21200.0,1,0,0
C04567,Sarah,Kim,United Kingdom,33.0,0,Advanced,Website,2026-01-24,0,,0,0,0
C04568,Tom,Schmidt,Israel,41.0,0,None,Referral,2026-01-25,1,4600.0,0,0,0
C04569,Rohan,Tanaka,India,27.0,0,Open Water,OTA,2026-02-02,1,5750.0,0,0,0
C04570,James,Rao,United Kingdom,37.0,0,Open Water,Hotel Partner,2026-01-30,1,6050.0,0,0,0
C04571,Olga,Petrova,India,24.0,0,None,Website,2026-01-25,0,,0,0,0
C04572,Hannah,Petrova,India,27.0,0,None,Referral,2026-01-27,1,5250.0,0,0,0
C04573,James,Gupta,Israel,28.0,0,Divemaster,Walk-in,2026-02-01,2,26100.0,1,0,0
C04574,Anouk,Patel,India,35.0,0,Advanced,Walk-in,2026-01-29,1,3450.0,0,0,0
C04575,Rahul,Taylor,United Kingdom,40.0,0,Open Water,Walk-in,2026-02-02,0,,0,0,0
C04576,Karan,Reddy,India,48.0,0,None,OTA,2026-02-05,2,12200.0,1,0,0
C04577,Dmitri,Kim,India,55.0,0,None,Hotel Partner,2026-01-30,0,,0,0,0
C04578,Chloe,Sharma,India,53.0,0,None,OTA,2026-02-04,1,21400.0,0,1,0
C04579,Minjun,Muller,Germany,35.0,0,None,OTA,2026-01-27,1,4450.0,0,0,0
C04580,Pierre,Muller,India,18.0,0,Divemaster,Website,2026-01-26,1,3300.0,0,0,0
C04581,Anouk,Jansen,India,46.0,0,None,Unknown,2026-01-29,1,5600.0,0,0,0
C04582,Aditya,Dubois,India,24.0,0,None,Website,2026-01-28,1,4850.0,0,0,0
C04583,Neha,Kim,India,41.0,0,Open Water,Instagram,2026-01-27,1,14050.0,0,0,0
C04584,Camille,Sharma,Germany,31.0,0,Advanced,OTA,2026-01-27,1,9400.0,0,0,0
C04585,Rohan,Banerjee,India,26.0,0,Advanced,Hotel Partner,2026-02-02,1,10400.0,0,0,0
C04586,Ravi,Petrova,India,36.0,0,None,OTA,2026-02-03,1,8350.0,0,0,0
C04587,Aditya,Kim,India,42.0,0,Open Water,Walk-in,2026-01-28,1,25900.0,0,1,0
C04588,Meera,Rossi,India,30.0,0,Advanced,Walk-in,2026-02-05,1,6950.0,0,0,0
C04589,Tom,Jansen,Germany,41.0,0,Open Water,Website,2026-02-03,1,7350.0,0,0,0
C04590,Emma,Petrova,India,40.0,0,Open Water,OTA,2026-02-06,1,3100.0,0,0,0
C04591,Pierre,Bakker,Netherlands,48.0,0,None,Referral,2026-01-29,1,5250.0,0,0,0
C04592,Noa,Brown,India,39.0,0,Advanced,OTA,2026-01-31,1,5650.0,0,0,0
C04593,Camille,Desai,United States,,1,None,Instagram,2026-02-04,1,5300.0,0,0,0
C04594,Chloe,Gupta,India,30.0,0,None,OTA,2026-02-06,1,21900.0,0,1,0
C04595,Rahul,Rao,India,27.0,0,None,Instagram,2026-01-27,1,5050.0,0,0,0
C04596,Tom,Tanaka,India,28.0,0,Advanced,Walk-in,2026-02-04,1,13550.0,0,0,0
C04597,Siddharth,Nair,India,23.0,0,None,OTA,2026-02-05,1,4100.0,0,0,0
C04598,Rahul,Patel,India,43.0,0,None,OTA,2026-02-05,1,4550.0,0,0,0
C04599,Dmitri,Rao,Russia,34.0,0,None,Instagram,2026-01-31,1,5450.0,0,0,0
C04600,Rahul,Menon,Israel,31.0,0,None,Website,2026-02-04,1,5100.0,0,0,0
C04601,Tom,Levi,France,21.0,0,Advanced,OTA,2026-01-31,1,6000.0,0,0,0
C04602,Pierre,Kim,India,45.0,0,None,Walk-in,2026-01-29,1,25600.0,0,1,0
C04603,Sneha,Dubois,United Kingdom,,1,None,Walk-in,2026-02-05,1,4950.0,0,0,0
C04604,Sophie,Patel,Israel,29.0,0,Open Water,Walk-in,2026-02-07,1,3850.0,0,0,0
C04605,Rahul,Sharma,Italy,42.0,0,Open Water,Instagram,2026-02-07,1,3500.0,0,0,0
C04606,Noa,OConnor,Germany,23.0,0,None,OTA,2026-02-03,1,4450.0,0,0,0
C04607,Siddharth,Muller,Russia,45.0,0,Open Water,Hotel Partner,2026-02-03,1,21800.0,0,1,0
C04608,Pierre,Kim,Germany,,1,None,Hotel Partner,2026-02-06,1,4750.0,0,0,0
C04609,Vikram,Tanaka,India,44.0,0,None,Website,2026-02-05,1,5000.0,0,0,0
C04610,Pierre,Chowdhury,India,37.0,0,None,Referral,2026-01-29,1,7350.0,0,0,0
C04611,Itai,Petrova,India,40.0,0,Open Water,OTA,2026-01-29,1,3000.0,0,0,0
C04612,Priya,Jansen,France,23.0,0,Open Water,OTA,2026-02-01,2,5900.0,1,0,0
C04613,Arjun,Iyer,Italy,46.0,0,Open Water,OTA,2026-02-01,1,8600.0,0,0,0
C04614,Sophie,Banerjee,United Kingdom,39.0,0,None,OTA,2026-02-06,0,,0,0,0
C04615,Camille,OConnor,India,33.0,0,None,Walk-in,2026-02-03,1,5450.0,0,0,0
C04616,Vikram,Rossi,India,46.0,0,None,Walk-in,2026-02-03,1,5400.0,0,0,0
C04617,Kavya,Rao,India,44.0,0,Open Water,Website,2026-02-02,1,7000.0,0,0,0
C04618,Meera,Iyer,India,42.0,0,Advanced,Walk-in,2026-01-31,1,7300.0,0,0,0
C04619,Liam,Desai,India,28.0,0,Advanced,OTA,2026-02-04,1,9050.0,0,0,0
C04620,Hannah,Taylor,India,42.0,0,Open Water,OTA,2026-02-02,0,,0,0,0
C04621,Yuki,Brown,India,60.0,0,None,Hotel Partner,2026-02-07,1,5000.0,0,0,0
C04622,Dmitri,Schmidt,India,35.0,0,None,OTA,2026-01-30,1,20350.0,0,1,0
C04623,Ishaan,Tanaka,India,47.0,0,None,Referral,2026-01-30,1,5200.0,0,0,0
C04624,Elena,Sharma,India,35.0,0,None,Referral,2026-01-29,0,,0,0,0
C04625,Anouk,Patel,India,30.0,0,None,OTA,2026-02-09,1,4150.0,0,0,0
C04626,Rohan,Tanaka,India,36.0,0,None,OTA,2026-02-04,1,4250.0,0,0,0
C04627,Divya,Petrova,India,48.0,0,None,OTA,2026-02-03,2,26750.0,1,1,0
C04628,Neha,Kim,Russia,30.0,0,None,Instagram,2026-02-05,1,5400.0,0,0,0
C04629,Sneha,Petrova,India,48.0,0,Open Water,Website,2026-02-03,1,3500.0,0,0,0
C04630,Aarav,Cohen,India,43.0,0,Open Water,Unknown,2026-02-07,1,6850.0,0,0,0
C04631,Dmitri,Cohen,India,41.0,0,Advanced,Walk-in,2026-02-03,1,10250.0,0,0,0
C04632,Arjun,Menon,Israel,37.0,0,None,OTA,2026-02-04,1,4500.0,0,0,0
C04633,Pierre,Chowdhury,France,36.0,0,Divemaster,Website,2026-02-09,1,3550.0,0,0,0
C04634,Ravi,Kulkarni,Russia,36.0,0,None,Website,2026-02-05,1,24950.0,0,1,0
C04635,James,Kim,Germany,47.0,0,None,Walk-in,2026-02-06,0,,0,0,0
C04636,Daniel,OConnor,Australia,,1,Advanced,OTA,2026-02-10,0,,0,0,0
C04637,Hannah,Tanaka,India,20.0,0,Open Water,Hotel Partner,2026-02-08,1,22150.0,0,1,0
C04638,Sarah,OConnor,India,20.0,0,Advanced,Website,2026-02-03,0,,0,0,0
C04639,Divya,Levi,Russia,36.0,0,Open Water,OTA,2026-02-08,0,,0,0,0
C04640,Rohan,Jansen,India,25.0,0,Rescue,Website,2026-02-09,0,,0,0,0
C04641,Itai,Muller,South Korea,24.0,0,Open Water,Hotel Partner,2026-02-01,1,3350.0,0,0,0
C04642,Anouk,Jansen,India,28.0,0,Open Water,OTA,2026-02-08,1,3050.0,0,0,0
C04643,Sneha,Dubois,India,45.0,0,None,OTA,2026-02-03,1,9050.0,0,0,0
C04644,Sven,Kim,Russia,13.0,0,Open Water,Hotel Partner,2026-02-09,1,10100.0,0,0,0
C04645,Hannah,Brown,India,,1,Open Water,Hotel Partner,2026-02-12,1,3350.0,0,0,0
C04646,Lukas,Kim,India,30.0,0,Open Water,OTA,2026-02-11,1,8400.0,0,0,0
C04647,Ishaan,Muller,India,27.0,0,Open Water,Walk-in,2026-02-11,1,3600.0,0,0,0
C04648,Arjun,Jansen,Netherlands,36.0,0,Rescue,OTA,2026-02-10,0,,0,0,0
C04649,Marco,Park,Australia,54.0,0,Open Water,Website,2026-02-08,1,7050.0,0,0,0
C04650,James,Smith,United Kingdom,39.0,0,Open Water,Walk-in,2026-02-13,1,3450.0,0,0,0
C04651,Sven,Jansen,India,30.0,0,Open Water,OTA,2026-02-06,2,33900.0,1,1,1
C04652,Priya,Jansen,India,38.0,0,None,OTA,2026-02-11,0,,0,0,0
C04653,Liam,Kulkarni,India,43.0,0,Advanced,Hotel Partner,2026-02-08,1,3350.0,0,0,0
C04654,Daniel,Rossi,India,19.0,0,None,Instagram,2026-02-13,1,25550.0,0,1,0
C04655,Itai,Dubois,India,47.0,0,Open Water,Website,2026-02-03,1,7300.0,0,0,0
C04656,Aarav,Levi,India,25.0,0,Open Water,Referral,2026-02-09,1,6850.0,0,0,0
C04657,James,Iyer,United States,41.0,0,None,OTA,2026-02-06,0,,0,0,0
C04658,Emma,Taylor,India,38.0,0,None,Website,2026-02-07,2,19650.0,1,0,0
C04659,Camille,Patel,Germany,30.0,0,None,Instagram,2026-02-07,1,6700.0,0,0,0
C04660,Lukas,Gupta,South Korea,15.0,0,None,Website,2026-02-13,2,10150.0,1,0,0
C04661,Kavya,Iyer,India,51.0,0,Open Water,OTA,2026-02-12,1,8300.0,0,0,0
C04662,Sophie,Jansen,India,42.0,0,None,OTA,2026-02-12,0,,0,0,0
C04663,Liam,Ivanov,India,29.0,0,None,Walk-in,2026-02-05,0,,0,0,0
C04664,Liam,Desai,India,16.0,0,Advanced,OTA,2026-02-05,1,2850.0,0,0,0
C04665,Tom,Sharma,India,49.0,0,None,Instagram,2026-02-10,1,5400.0,0,0,0
C04666,Vikram,Chowdhury,India,30.0,0,Advanced,OTA,2026-02-11,1,6300.0,0,0,0
C04667,Minjun,Ivanov,India,40.0,0,Divemaster,OTA,2026-02-09,1,2850.0,0,0,0
C04668,Olga,Park,United Kingdom,25.0,0,None,OTA,2026-02-07,0,,0,0,0
C04669,Kavya,Jansen,India,48.0,0,Rescue,Referral,2026-02-14,1,9600.0,0,0,0
C04670,Minjun,Nair,India,41.0,0,None,OTA,2026-02-13,1,4000.0,0,0,0
C04671,Camille,Sharma,India,24.0,0,None,Walk-in,2026-02-07,1,5200.0,0,0,0
C04672,Pierre,Bakker,India,24.0,0,None,OTA,2026-02-14,0,,0,0,0
C04673,Noa,Cohen,South Korea,33.0,0,None,Walk-in,2026-02-08,1,5450.0,0,0,0
C04674,Emma,Cohen,Netherlands,44.0,0,Advanced,Unknown,2026-02-15,1,12300.0,0,0,0
C04675,Pooja,Brown,India,31.0,0,None,Instagram,2026-02-09,0,,0,0,0
C04676,Siddharth,Bakker,United Kingdom,47.0,0,Divemaster,Unknown,2026-02-14,1,3050.0,0,0,0
C04677,Emma,Smith,India,12.0,0,None,Website,2026-02-09,2,14550.0,1,0,0
C04678,Daniel,Rao,India,19.0,0,None,OTA,2026-02-12,2,8350.0,1,0,0
C04679,Daniel,Jansen,India,31.0,0,Divemaster,OTA,2026-02-13,0,,0,0,0
C04680,Sven,Levi,India,28.0,0,None,OTA,2026-02-15,1,4500.0,0,0,0
C04681,James,Kim,Italy,34.0,0,None,OTA,2026-02-09,0,,0,0,0
C04682,Dmitri,Nair,India,23.0,0,None,Referral,2026-02-08,0,,0,0,0
C04683,Camille,Wilson,Japan,51.0,0,Advanced,OTA,2026-02-11,1,2950.0,0,0,0
C04684,Pooja,Nair,India,28.0,0,None,Referral,2026-02-15,1,4950.0,0,0,0
C04685,Kavya,Nair,South Korea,,1,Advanced,OTA,2026-02-12,1,8250.0,0,0,0
C04686,Elena,Park,India,,1,None,OTA,2026-02-10,2,28650.0,1,1,0
C04687,Olga,Cohen,India,,1,Advanced,OTA,2026-02-12,1,6050.0,0,0,0
C04688,Daniel,Sharma,India,40.0,0,None,OTA,2026-02-15,1,4200.0,0,0,0
C04689,Vikram,Nair,India,32.0,0,Open Water,Referral,2026-02-15,1,3300.0,0,0,0
C04690,Siddharth,Park,India,40.0,0,None,Instagram,2026-02-17,1,25100.0,0,1,0
C04691,Ravi,Tanaka,France,35.0,0,None,Website,2026-02-08,1,5350.0,0,0,0
C04692,Liam,Kulkarni,United Kingdom,25.0,0,None,OTA,2026-02-09,2,7450.0,1,0,0
C04693,Karan,Kim,India,29.0,0,None,Website,2026-02-17,1,4750.0,0,0,0
C04694,Priya,Desai,France,37.0,0,None,Walk-in,2026-02-14,1,5050.0,0,0,0
C04695,Pooja,Patel,India,,1,Advanced,Hotel Partner,2026-02-08,1,9100.0,0,0,0
C04696,Aarav,Cohen,India,24.0,0,Divemaster,Walk-in,2026-02-09,1,6850.0,0,0,0
C04697,Ananya,Kim,India,41.0,0,Open Water,Website,2026-02-13,1,26700.0,0,1,0
C04698,Pooja,Menon,United Kingdom,40.0,0,None,OTA,2026-02-09,1,8950.0,0,0,0
C04699,Siddharth,Chowdhury,India,45.0,0,Advanced,OTA,2026-02-17,1,9000.0,0,0,0
C04700,Minjun,Menon,Japan,38.0,0,None,Website,2026-02-16,1,4900.0,0,0,0
C04701,Aarav,Chowdhury,United States,48.0,0,Advanced,Website,2026-02-09,1,7300.0,0,0,0
C04702,Daniel,Bakker,Russia,43.0,0,Open Water,Website,2026-02-17,0,,0,0,0
C04703,Rohan,Gupta,United States,24.0,0,None,Referral,2026-02-11,1,5150.0,0,0,0
C04704,Liam,Rao,India,32.0,0,None,Instagram,2026-02-12,1,5150.0,0,0,0
C04705,Ananya,Park,Israel,28.0,0,Advanced,Walk-in,2026-02-18,1,7700.0,0,0,0
C04706,Priya,Levi,India,,1,Open Water,OTA,2026-02-13,0,,0,0,0
C04707,Kavya,Dubois,United Kingdom,35.0,0,Open Water,OTA,2026-02-18,1,8450.0,0,0,0
C04708,Neha,Schmidt,India,23.0,0,None,Walk-in,2026-02-12,1,5550.0,0,0,0
C04709,Meera,Patel,India,37.0,0,None,OTA,2026-02-13,0,,0,0,0
C04710,Pooja,Smith,India,36.0,0,Open Water,Instagram,2026-02-10,1,13350.0,0,0,0
C04711,Hannah,Bakker,Germany,35.0,0,None,Walk-in,2026-02-16,0,,0,0,0
C04712,Rahul,Kim,Israel,26.0,0,Open Water,Hotel Partner,2026-02-11,1,9600.0,0,0,0
C04713,Marco,Wilson,France,43.0,0,Advanced,Instagram,2026-02-13,1,7500.0,0,0,0
C04714,Daniel,Tanaka,India,30.0,0,Advanced,Walk-in,2026-02-16,1,10350.0,0,0,0
C04715,Emma,Dubois,India,51.0,0,None,Walk-in,2026-02-16,1,4850.0,0,0,0
C04716,Vikram,Ivanov,India,34.0,0,None,Instagram,2026-02-19,0,,0,0,0
C04717,Kavya,Dubois,South Korea,44.0,0,None,OTA,2026-02-16,0,,0,0,0
C04718,Olga,Schmidt,Australia,17.0,0,None,Instagram,2026-02-18,1,10000.0,0,0,0
C04719,Hannah,Wilson,India,57.0,0,Open Water,Unknown,2026-02-16,0,,0,0,0
C04720,Anouk,Petrova,Israel,,1,Open Water,OTA,2026-02-18,0,,0,0,0
C04721,Siddharth,Patel,India,33.0,0,None,Website,2026-02-10,0,,0,0,0
C04722,Ravi,Menon,India,26.0,0,Advanced,OTA,2026-02-17,0,,0,0,0
C04723,Vikram,Chowdhury,United States,22.0,0,None,Referral,2026-02-11,1,25600.0,0,1,0
C04724,Kavya,Schmidt,Japan,31.0,0,None,Instagram,2026-02-19,1,7000.0,0,0,0
C04725,Lukas,Desai,Netherlands,25.0,0,None,Walk-in,2026-02-17,1,5000.0,0,0,0
C04726,Itai,Chowdhury,India,24.0,0,Advanced,OTA,2026-02-20,0,,0,0,0
C04727,Divya,Jansen,India,26.0,0,Open Water,Website,2026-02-16,1,3650.0,0,0,0
C04728,Hannah,Ivanov,India,24.0,0,None,OTA,2026-02-12,0,,0,0,0
C04729,Emma,Petrova,Netherlands,34.0,0,Rescue,OTA,2026-02-12,0,,0,0,0
C04730,Chloe,Brown,India,21.0,0,None,Referral,2026-02-21,0,,0,0,0
C04731,Emma,Rossi,India,33.0,0,Open Water,Walk-in,2026-02-19,1,3800.0,0,0,0
C04732,Lukas,Desai,India,17.0,0,None,Referral,2026-02-20,1,4850.0,0,0,0
C04733,Sarah,Bakker,India,55.0,0,Advanced,OTA,2026-02-15,1,12550.0,0,0,0
C04734,Rahul,Park,India,30.0,0,Advanced,Unknown,2026-02-12,1,5700.0,0,0,0
C04735,Tom,Levi,United Kingdom,26.0,0,None,Hotel Partner,2026-02-20,1,4800.0,0,0,0
C04736,Arjun,Kim,India,,1,None,OTA,2026-02-20,1,4000.0,0,0,0
C04737,Rohan,Menon,India,44.0,0,None,OTA,2026-02-20,1,4000.0,0,0,0
C04738,Lukas,Banerjee,United States,,1,None,Walk-in,2026-02-17,1,5450.0,0,0,0
C04739,Arjun,Rossi,Italy,30.0,0,Advanced,Walk-in,2026-02-13,1,24800.0,0,1,0
C04740,Vikram,Rao,Netherlands,37.0,0,Advanced,Instagram,2026-02-19,0,,0,0,0
C04741,Rohan,Banerjee,India,,1,None,OTA,2026-02-16,0,,0,0,0
C04742,Pooja,Levi,France,25.0,0,Open Water,Referral,2026-02-15,1,25550.0,0,1,0
C04743,Yuki,OConnor,India,47.0,0,Advanced,Walk-in,2026-02-20,1,3550.0,0,0,0
C04744,Karan,Menon,India,45.0,0,Advanced,OTA,2026-02-13,1,8450.0,0,0,0
C04745,Anouk,Rao,Australia,31.0,0,None,Referral,2026-02-20,1,5100.0,0,0,0
C04746,Divya,Chowdhury,Germany,,1,None,Unknown,2026-02-18,1,4100.0,0,0,0
C04747,Daniel,Petrova,India,,1,None,OTA,2026-02-16,0,,0,0,0
C04748,Lukas,Petrova,Israel,34.0,0,Open Water,OTA,2026-02-14,1,8900.0,0,0,0
C04749,Noa,Petrova,United Kingdom,34.0,0,None,Referral,2026-02-18,0,,0,0,0
C04750,Chloe,Dubois,India,42.0,0,Advanced,OTA,2026-02-17,1,12700.0,0,0,0
C04751,Chloe,Kim,Russia,25.0,0,Divemaster,Website,2026-02-13,1,13450.0,0,0,0
C04752,Emma,Rao,India,16.0,0,None,OTA,2026-02-15,1,4350.0,0,0,0
C04753,Aditya,OConnor,United Kingdom,39.0,0,Open Water,Instagram,2026-02-17,1,3300.0,0,0,0
C04754,Sophie,Smith,Israel,29.0,0,None,Website,2026-02-20,1,5250.0,0,0,0
C04755,Aarav,Banerjee,India,20.0,0,Open Water,Unknown,2026-02-22,2,17250.0,1,0,0
C04756,Lukas,Petrova,United Kingdom,35.0,0,Rescue,Website,2026-02-17,1,3500.0,0,0,0
C04757,James,Smith,Italy,39.0,0,None,Instagram,2026-02-22,2,10600.0,1,0,0
C04758,Aarav,Jansen,India,36.0,0,Advanced,Website,2026-02-21,0,,0,0,0
C04759,Chloe,Nair,Japan,35.0,0,Open Water,Website,2026-02-18,0,,0,0,0
C04760,Pierre,Brown,India,33.0,0,Open Water,Walk-in,2026-02-22,1,3550.0,0,0,0
C04761,Yuki,Reddy,South Korea,32.0,0,Open Water,Hotel Partner,2026-02-18,0,,0,0,0
C04762,Ishaan,Rao,France,35.0,0,Advanced,Website,2026-02-21,1,23450.0,0,1,0
C04763,Liam,Chowdhury,India,28.0,0,None,OTA,2026-02-23,1,4300.0,0,0,0
C04764,Divya,Desai,India,41.0,0,Open Water,Instagram,2026-02-15,1,3350.0,0,0,0
C04765,Meera,Chowdhury,India,22.0,0,Open Water,Hotel Partner,2026-02-25,1,22350.0,0,1,0
C04766,Meera,Gupta,India,28.0,0,None,Website,2026-02-18,1,4950.0,0,0,0
C04767,Lukas,Ivanov,India,49.0,0,Open Water,Walk-in,2026-02-15,1,3350.0,0,0,0
C04768,Sophie,Rao,India,32.0,0,None,Instagram,2026-02-16,0,,0,0,0
C04769,Minjun,Rossi,Netherlands,12.0,0,Open Water,Walk-in,2026-02-25,0,,0,0,0
C04770,Marco,Smith,India,28.0,0,None,Walk-in,2026-02-25,1,4950.0,0,0,0
C04771,Daniel,Nair,Russia,25.0,0,Advanced,OTA,2026-02-22,0,,0,0,0
C04772,Sven,Kim,India,19.0,0,Open Water,Referral,2026-02-20,1,6850.0,0,0,0
C04773,Dmitri,Levi,Italy,21.0,0,None,OTA,2026-02-26,1,4500.0,0,0,0
C04774,James,Iyer,India,36.0,0,Advanced,OTA,2026-02-24,1,2750.0,0,0,0
C04775,Camille,Sharma,Italy,,1,None,Referral,2026-02-24,1,4800.0,0,0,0
C04776,Ishaan,OConnor,Germany,25.0,0,None,Unknown,2026-02-16,1,24550.0,0,1,0
C04777,Minjun,Levi,India,38.0,0,None,Referral,2026-02-21,0,,0,0,0
C04778,Ravi,Muller,France,14.0,0,None,OTA,2026-02-21,1,4550.0,0,0,0
C04779,Camille,Jansen,United Kingdom,38.0,0,Open Water,Instagram,2026-02-16,1,3550.0,0,0,0
C04780,Chloe,Petrova,India,44.0,0,Open Water,Website,2026-02-21,1,7200.0,0,0,0
C04781,Hannah,Petrova,South Korea,50.0,0,Open Water,Walk-in,2026-02-25,1,10100.0,0,0,0
C04782,Ananya,Desai,Russia,42.0,0,None,OTA,2026-02-24,1,4300.0,0,0,0
C04783,Camille,Kulkarni,India,37.0,0,Open Water,Walk-in,2026-02-21,1,3850.0,0,0,0
C04784,Emma,Ivanov,Netherlands,41.0,0,None,Referral,2026-02-17,1,23150.0,0,1,0
C04785,Minjun,Park,India,47.0,0,None,Walk-in,2026-02-19,1,25550.0,0,1,0
C04786,Noa,Bakker,Japan,36.0,0,Open Water,Referral,2026-02-17,2,10150.0,1,0,0
C04787,Ananya,Muller,India,28.0,0,Rescue,Walk-in,2026-02-27,0,,0,0,0
C04788,Ravi,Tanaka,India,27.0,0,None,Instagram,2026-02-19,0,,0,0,0
C04789,Kavya,Jansen,India,,1,None,OTA,2026-02-24,0,,0,0,0
C04790,Pooja,Petrova,India,,1,None,Referral,2026-02-23,0,,0,0,0
C04791,Ishaan,Schmidt,Russia,23.0,0,Open Water,Website,2026-02-27,1,0.0,0,0,0
C04792,Noa,Jansen,India,42.0,0,None,Referral,2026-02-26,0,,0,0,0
C04793,Rahul,Park,Russia,44.0,0,Open Water,OTA,2026-02-28,1,3050.0,0,0,0
C04794,Ravi,Sharma,Netherlands,37.0,0,None,OTA,2026-02-22,1,23000.0,0,1,0
C04795,Vikram,Gupta,United Kingdom,22.0,0,None,Instagram,2026-02-25,1,5000.0,0,0,0
C04796,Rohan,Jansen,India,28.0,0,None,OTA,2026-02-21,1,4050.0,0,0,0
C04797,James,OConnor,India,45.0,0,Advanced,OTA,2026-02-22,1,2900.0,0,0,0
C04798,Itai,Dubois,United States,27.0,0,None,OTA,2026-02-20,0,,0,0,0
C04799,James,Bakker,India,35.0,0,None,OTA,2026-02-26,1,8050.0,0,0,0
C04800,Camille,Jansen,France,19.0,0,None,OTA,2026-02-23,1,4250.0,0,0,0
C04801,Aditya,Banerjee,South Korea,20.0,0,None,Hotel Partner,2026-02-24,1,4900.0,0,0,0
C04802,Ishaan,Petrova,Germany,25.0,0,Rescue,OTA,2026-02-25,0,,0,0,0
C04803,Sophie,Dubois,India,20.0,0,Rescue,Referral,2026-02-26,1,10850.0,0,0,0
C04804,Ishaan,Brown,India,35.0,0,Divemaster,Walk-in,2026-02-27,3,21300.0,1,0,0
C04805,Daniel,Jansen,Italy,27.0,0,None,OTA,2026-02-19,2,15600.0,1,0,0
C04806,Kavya,Muller,India,27.0,0,None,OTA,2026-02-26,1,4050.0,0,0,0
C04807,Pierre,Taylor,Japan,31.0,0,Advanced,Website,2026-02-24,0,,0,0,0
C04808,Sarah,Jansen,Israel,25.0,0,Advanced,Referral,2026-02-21,1,3450.0,0,0,0
C04809,Tom,Petrova,India,38.0,0,None,Walk-in,2026-02-25,1,5500.0,0,0,0
C04810,Aarav,Petrova,Germany,27.0,0,Open Water,Walk-in,2026-03-01,1,3500.0,0,0,0
C04811,Arjun,Schmidt,France,30.0,0,None,Instagram,2026-02-26,1,6900.0,0,0,0
C04812,Ravi,Levi,Australia,33.0,0,None,Hotel Partner,2026-02-26,1,24400.0,0,1,0
C04813,Liam,Nair,India,34.0,0,Advanced,Website,2026-02-20,1,14600.0,0,0,0
C04814,Dmitri,Chowdhury,India,25.0,0,None,OTA,2026-03-01,0,,0,0,0
C04815,Chloe,Tanaka,Russia,26.0,0,None,OTA,2026-02-21,0,,0,0,0
C04816,Vikram,Jansen,Israel,41.0,0,Open Water,Instagram,2026-02-25,1,14300.0,0,0,0
C04817,Hannah,Nair,United States,32.0,0,None,Hotel Partner,2026-02-24,0,,0,0,0
C04818,Aditya,Kulkarni,India,33.0,0,Open Water,Website,2026-02-23,1,24000.0,0,1,0
C04819,Emma,Menon,Israel,40.0,0,None,Website,2026-02-24,1,5000.0,0,0,0
C04820,Itai,Kim,India,34.0,0,None,Instagram,2026-02-28,1,27150.0,0,1,0
C04821,Daniel,Tanaka,Japan,30.0,0,None,Hotel Partner,2026-02-21,1,5000.0,0,0,0
C04822,Itai,Rao,India,30.0,0,Open Water,OTA,2026-02-24,1,8650.0,0,0,0
C04823,Itai,Rao,Israel,31.0,0,Open Water,Hotel Partner,2026-02-23,2,19550.0,1,0,0
C04824,Kavya,Kulkarni,India,42.0,0,Advanced,Instagram,2026-03-02,1,3650.0,0,0,0
C04825,Arjun,Chowdhury,India,24.0,0,None,Hotel Partner,2026-02-24,1,9500.0,0,0,0
C04826,Rohan,Banerjee,India,41.0,0,None,OTA,2026-03-03,1,20400.0,0,1,0
C04827,Ishaan,Menon,India,43.0,0,None,Referral,2026-02-26,1,4750.0,0,0,0
C04828,Ananya,Rao,India,23.0,0,Open Water,OTA,2026-02-28,1,3150.0,0,0,0
C04829,Emma,Schmidt,India,30.0,0,Open Water,Website,2026-03-02,1,13600.0,0,0,0
C04830,Pierre,Desai,France,28.0,0,None,Walk-in,2026-02-23,1,5500.0,0,0,0
C04831,Arjun,Wilson,United States,,1,None,Website,2026-02-25,1,5100.0,0,0,0
C04832,Vikram,Brown,Netherlands,40.0,0,None,Website,2026-02-25,1,4900.0,0,0,0
C04833,Noa,Jansen,Russia,35.0,0,None,OTA,2026-02-24,0,,0,0,0
C04834,Aditya,Patel,France,25.0,0,None,Instagram,2026-03-02,1,5450.0,0,0,0
C04835,Pooja,Sharma,France,30.0,0,None,Walk-in,2026-03-01,1,5550.0,0,0,0
C04836,Rohan,Ivanov,Australia,,1,Rescue,Walk-in,2026-03-04,1,15050.0,0,0,0
C04837,Pooja,Sharma,India,43.0,0,None,OTA,2026-02-25,1,4150.0,0,0,0
C04838,Hannah,Park,India,48.0,0,None,OTA,2026-03-04,1,4350.0,0,0,0
C04839,Dmitri,Rao,France,30.0,0,Open Water,OTA,2026-03-03,1,6300.0,0,0,0
C04840,Yuki,Sharma,Israel,12.0,0,Open Water,Instagram,2026-02-25,0,,0,0,0
C04841,Anouk,Jansen,India,49.0,0,Divemaster,OTA,2026-03-03,0,,0,0,0
C04842,Ishaan,Jansen,Italy,32.0,0,None,Walk-in,2026-02-26,1,5100.0,0,0,0
C04843,Itai,Bakker,India,,1,Open Water,Website,2026-02-25,1,3600.0,0,0,0
C04844,Pooja,OConnor,India,31.0,0,Open Water,Unknown,2026-02-25,1,2850.0,0,0,0
C04845,Sophie,Cohen,United Kingdom,16.0,0,Open Water,OTA,2026-02-26,0,,0,0,0
C04846,Yuki,Tanaka,India,22.0,0,None,Walk-in,2026-03-07,1,5500.0,0,0,0
C04847,Arjun,Kulkarni,India,23.0,0,Open Water,Website,2026-03-07,1,7500.0,0,0,0
C04848,James,OConnor,India,25.0,0,None,Website,2026-03-03,1,24200.0,0,1,0
C04849,Hannah,Bakker,Germany,,1,Rescue,OTA,2026-02-25,1,6100.0,0,0,0
C04850,Neha,Park,India,16.0,0,Open Water,Walk-in,2026-03-05,1,25300.0,0,1,0
C04851,James,Banerjee,India,19.0,0,None,OTA,2026-03-03,1,4100.0,0,0,0
C04852,Sven,Rossi,United States,38.0,0,Open Water,Walk-in,2026-03-08,1,27650.0,0,1,0
C04853,Anouk,Gupta,India,26.0,0,Open Water,OTA,2026-03-06,1,3100.0,0,0,0
C04854,Priya,Levi,India,34.0,0,None,OTA,2026-02-26,1,5650.0,0,0,0
C04855,Camille,Kulkarni,Israel,31.0,0,Advanced,Referral,2026-02-27,0,,0,0,0
C04856,Vikram,Cohen,Germany,26.0,0,Open Water,Walk-in,2026-03-05,1,14600.0,0,0,0
C04857,Tom,Gupta,Germany,15.0,0,None,Website,2026-03-07,1,4800.0,0,0,0
C04858,Vikram,Dubois,Germany,35.0,0,None,Instagram,2026-03-06,1,4900.0,0,0,0
C04859,Dmitri,Iyer,India,48.0,0,Open Water,Hotel Partner,2026-03-08,1,6650.0,0,0,0
C04860,Ananya,Kulkarni,United States,35.0,0,Divemaster,Website,2026-03-04,1,6600.0,0,0,0
C04861,Sneha,Jansen,Russia,33.0,0,Open Water,OTA,2026-02-27,1,20100.0,0,1,0
C04862,Neha,Rao,India,40.0,0,None,Unknown,2026-03-09,1,5300.0,0,0,0
C04863,Rohan,Wilson,India,35.0,0,Open Water,Website,2026-03-03,1,6600.0,0,0,0
C04864,Rohan,Ivanov,Russia,25.0,0,Advanced,Walk-in,2026-02-28,1,7200.0,0,0,0
C04865,Yuki,Ivanov,Israel,28.0,0,Open Water,OTA,2026-03-03,1,3000.0,0,0,0
C04866,Daniel,Banerjee,India,41.0,0,None,Referral,2026-03-06,1,4900.0,0,0,0
C04867,Vikram,Taylor,India,32.0,0,None,OTA,2026-03-04,1,4450.0,0,0,0
C04868,Aditya,Banerjee,France,29.0,0,None,Website,2026-02-27,1,25100.0,0,1,0
C04869,Sophie,Park,India,24.0,0,Advanced,OTA,2026-03-05,0,,0,0,0
C04870,Sarah,Rossi,France,16.0,0,None,OTA,2026-03-04,1,8050.0,0,0,0
C04871,Sven,Petrova,India,30.0,0,None,Instagram,2026-02-28,1,5050.0,0,0,0
C04872,Sneha,Muller,South Korea,36.0,0,Advanced,Walk-in,2026-03-02,1,3600.0,0,0,0
C04873,Liam,Kulkarni,India,43.0,0,Advanced,OTA,2026-03-04,1,22200.0,0,1,0
C04874,Rohan,Banerjee,Russia,18.0,0,None,Website,2026-03-03,1,4850.0,0,0,0
C04875,Lukas,Rao,India,26.0,0,Rescue,Hotel Partner,2026-03-10,1,6450.0,0,0,0
C04876,Sophie,Brown,India,35.0,0,Divemaster,Walk-in,2026-03-10,1,6700.0,0,0,0
C04877,Elena,Wilson,India,30.0,0,None,Referral,2026-03-03,1,4650.0,0,0,0
C04878,Ishaan,Iyer,India,35.0,0,None,Instagram,2026-03-10,1,7450.0,0,0,0
C04879,Hannah,Ivanov,India,48.0,0,Open Water,Website,2026-03-03,1,14800.0,0,0,0
C04880,Neha,Gupta,India,22.0,0,Open Water,Walk-in,2026-03-06,1,24250.0,0,1,0
C04881,James,Gupta,India,52.0,0,Advanced,Hotel Partner,2026-03-04,1,6950.0,0,0,0
C04882,Sophie,Tanaka,France,26.0,0,None,OTA,2026-03-03,1,3000.0,0,0,0
C04883,Sophie,Desai,India,45.0,0,None,Hotel Partner,2026-03-06,1,24100.0,0,1,0
C04884,Lukas,Cohen,India,32.0,0,Open Water,OTA,2026-03-07,1,2850.0,0,0,0
C04885,Ishaan,Reddy,United Kingdom,38.0,0,None,OTA,2026-03-02,2,13550.0,1,0,0
C04886,Olga,Desai,Netherlands,42.0,0,Open Water,Walk-in,2026-03-12,0,,0,0,0
C04887,Meera,Iyer,India,26.0,0,Open Water,Unknown,2026-03-10,1,23150.0,0,1,0
C04888,Rahul,Desai,India,62.0,0,None,Walk-in,2026-03-09,1,5550.0,0,0,0
C04889,Siddharth,Tanaka,South Korea,39.0,0,Open Water,OTA,2026-03-02,1,9400.0,0,0,0
C04890,Anouk,Chowdhury,United Kingdom,28.0,0,Open Water,Instagram,2026-03-02,1,6800.0,0,0,0
C04891,Siddharth,Smith,India,38.0,0,None,Unknown,2026-03-12,0,,0,0,0
C04892,Sneha,Brown,Australia,12.0,0,Open Water,OTA,2026-03-08,1,6150.0,0,0,0
C04893,Hannah,Rao,Japan,23.0,0,None,OTA,2026-03-12,1,4350.0,0,0,0
C04894,Liam,Jansen,India,22.0,0,Open Water,Website,2026-03-12,1,7400.0,0,0,0
C04895,Sarah,Park,India,37.0,0,Advanced,OTA,2026-03-09,1,6250.0,0,0,0
C04896,Rohan,Cohen,India,44.0,0,None,Website,2026-03-13,1,5250.0,0,0,0
C04897,Siddharth,Rao,India,30.0,0,None,Walk-in,2026-03-03,1,5350.0,0,0,0
C04898,Kavya,Ivanov,India,37.0,0,None,Hotel Partner,2026-03-07,1,5000.0,0,0,0
C04899,Sophie,Jansen,India,24.0,0,None,OTA,2026-03-13,1,21200.0,0,1,0
C04900,Sneha,Nair,Russia,39.0,0,Advanced,Instagram,2026-03-13,1,6600.0,0,0,0
C04901,Marco,Park,United Kingdom,,1,None,Hotel Partner,2026-03-08,2,10000.0,1,0,0
C04902,Tom,Taylor,India,32.0,0,Advanced,Unknown,2026-03-06,1,2750.0,0,0,0
C04903,Daniel,Dubois,United Kingdom,46.0,0,None,Website,2026-03-10,1,4750.0,0,0,0
C04904,Meera,Sharma,India,31.0,0,Open Water,OTA,2026-03-08,1,3150.0,0,0,0
C04905,Neha,Petrova,France,31.0,0,Advanced,Hotel Partner,2026-03-10,0,,0,0,0
C04906,Chloe,Brown,Germany,42.0,0,None,OTA,2026-03-04,0,,0,0,0
C04907,Chloe,Chowdhury,Russia,17.0,0,Open Water,Walk-in,2026-03-13,1,26100.0,0,1,0
C04908,Minjun,Tanaka,India,44.0,0,None,OTA,2026-03-13,1,4550.0,0,0,0
C04909,Karan,Rao,India,23.0,0,Open Water,Referral,2026-03-07,1,6800.0,0,0,0
C04910,Karan,Gupta,India,33.0,0,Advanced,Instagram,2026-03-04,2,6800.0,1,0,0
C04911,Neha,Desai,Germany,27.0,0,None,OTA,2026-03-08,1,8800.0,0,0,0
C04912,Neha,Bakker,India,29.0,0,Open Water,Instagram,2026-03-07,1,10750.0,0,0,0
C04913,Ananya,Sharma,Germany,42.0,0,Open Water,Hotel Partner,2026-03-09,0,,0,0,0
C04914,Karan,Dubois,India,49.0,0,Divemaster,Hotel Partner,2026-03-13,0,,0,0,0
C04915,Yuki,Jansen,India,52.0,0,Open Water,OTA,2026-03-05,0,,0,0,0
C04916,Noa,Patel,India,19.0,0,Open Water,OTA,2026-03-14,0,,0,0,0
C04917,Aarav,Reddy,India,,1,Open Water,Referral,2026-03-05,1,23400.0,0,1,0
C04918,Kavya,Kulkarni,India,46.0,0,Rescue,Unknown,2026-03-05,1,3050.0,0,0,0
C04919,Meera,Iyer,India,25.0,0,None,OTA,2026-03-06,1,4350.0,0,0,0
C04920,James,Iyer,Germany,44.0,0,Advanced,Hotel Partner,2026-03-11,1,6900.0,0,0,0
C04921,James,Patel,India,,1,None,Unknown,2026-03-13,1,9450.0,0,0,0
C04922,Anouk,Rao,United States,35.0,0,Advanced,Unknown,2026-03-08,1,24950.0,0,1,0
C04923,Divya,Park,Australia,41.0,0,Open Water,OTA,2026-03-14,0,,0,0,0
C04924,Tom,Desai,India,33.0,0,None,Hotel Partner,2026-03-12,1,4950.0,0,0,0
C04925,Marco,Banerjee,South Korea,30.0,0,None,Hotel Partner,2026-03-11,0,,0,0,0
C04926,Itai,Rao,India,31.0,0,Open Water,Walk-in,2026-03-15,1,25100.0,0,1,0
C04927,Meera,Dubois,Russia,18.0,0,None,Instagram,2026-03-11,1,5350.0,0,0,0
C04928,Chloe,Smith,India,39.0,0,Open Water,Unknown,2026-03-11,1,3300.0,0,0,0
C04929,Camille,Ivanov,India,,1,None,Referral,2026-03-10,1,6750.0,0,0,0
C04930,Sarah,Park,India,24.0,0,Open Water,Website,2026-03-10,1,3600.0,0,0,0
C04931,James,Taylor,Japan,44.0,0,Open Water,Walk-in,2026-03-13,1,7700.0,0,0,0
C04932,Sneha,Dubois,India,31.0,0,None,Website,2026-03-08,1,5400.0,0,0,0
C04933,Chloe,Patel,India,26.0,0,Rescue,Unknown,2026-03-06,0,,0,0,0
C04934,James,Reddy,India,,1,Open Water,Hotel Partner,2026-03-13,1,6200.0,0,0,0
C04935,Itai,Park,Netherlands,35.0,0,Open Water,Referral,2026-03-10,1,10000.0,0,0,0
C04936,Liam,Taylor,France,40.0,0,Open Water,Website,2026-03-15,1,3600.0,0,0,0
C04937,Chloe,Nair,United States,43.0,0,None,OTA,2026-03-16,1,4050.0,0,0,0
C04938,Ravi,Smith,India,49.0,0,Open Water,Hotel Partner,2026-03-10,1,6050.0,0,0,0
C04939,Ananya,Menon,France,42.0,0,Open Water,Referral,2026-03-13,1,6900.0,0,0,0
C04940,Lukas,Cohen,India,34.0,0,Open Water,OTA,2026-03-11,1,8750.0,0,0,0
C04941,Noa,Nair,India,53.0,0,None,Walk-in,2026-03-12,0,,0,0,0
C04942,Tom,Park,India,28.0,0,None,Unknown,2026-03-13,1,20050.0,0,1,0
C04943,Pierre,Kim,France,57.0,0,Open Water,Walk-in,2026-03-10,0,,0,0,0
C04944,Itai,Jansen,South Korea,34.0,0,Open Water,Hotel Partner,2026-03-12,1,6350.0,0,0,0
C04945,Sven,Wilson,India,26.0,0,Open Water,Referral,2026-03-08,1,10650.0,0,0,0
C04946,Neha,Patel,Germany,23.0,0,None,Walk-in,2026-03-07,1,5200.0,0,0,0
C04947,Tom,Nair,India,45.0,0,Open Water,Website,2026-03-16,0,,0,0,0
C04948,Arjun,Jansen,India,25.0,0,Advanced,Hotel Partner,2026-03-09,1,3450.0,0,0,0
C04949,Sarah,Nair,India,28.0,0,None,Unknown,2026-03-08,1,5200.0,0,0,0
C04950,Marco,Schmidt,India,28.0,0,Advanced,Instagram,2026-03-15,1,13950.0,0,0,0
C04951,Liam,Wilson,India,27.0,0,Advanced,Unknown,2026-03-17,0,,0,0,0
C04952,Aarav,Petrova,India,,1,Advanced,Instagram,2026-03-17,1,13400.0,0,0,0
C04953,Sneha,Smith,Russia,,1,Open Water,Hotel Partner,2026-03-16,1,12200.0,0,0,0
C04954,Itai,Menon,India,37.0,0,Open Water,OTA,2026-03-11,1,2850.0,0,0,0
C04955,Yuki,Smith,Italy,30.0,0,Open Water,Website,2026-03-13,1,3500.0,0,0,0
C04956,Siddharth,Brown,India,41.0,0,None,OTA,2026-03-11,1,4500.0,0,0,0
C04957,Yuki,Patel,United Kingdom,40.0,0,Open Water,Unknown,2026-03-08,0,,0,0,0
C04958,Siddharth,Petrova,France,42.0,0,None,Instagram,2026-03-10,1,26450.0,0,1,0
C04959,Pooja,Rao,India,38.0,0,None,OTA,2026-03-12,1,4400.0,0,0,0
C04960,Ananya,Tanaka,Russia,45.0,0,None,Unknown,2026-03-09,0,,0,0,0
C04961,Meera,Tanaka,India,44.0,0,Open Water,OTA,2026-03-17,1,5850.0,0,0,0
C04962,Kavya,Rossi,India,50.0,0,Open Water,OTA,2026-03-17,1,5900.0,0,0,0
C04963,Dmitri,Rossi,Italy,43.0,0,Advanced,Instagram,2026-03-16,1,7450.0,0,0,0
C04964,Elena,Tanaka,India,35.0,0,None,Website,2026-03-10,1,23850.0,0,1,0
C04965,Arjun,Menon,India,41.0,0,None,Instagram,2026-03-16,2,9750.0,1,0,0
C04966,Aditya,Patel,India,,1,Open Water,Walk-in,2026-03-09,2,11350.0,1,0,0
C04967,Aditya,Dubois,India,37.0,0,Advanced,Hotel Partner,2026-03-20,0,,0,0,0
C04968,Liam,Chowdhury,India,32.0,0,Open Water,OTA,2026-03-15,0,,0,0,0
C04969,Lukas,Park,United Kingdom,37.0,0,Open Water,Unknown,2026-03-12,1,10400.0,0,0,0
C04970,Chloe,OConnor,India,28.0,0,None,Walk-in,2026-03-14,0,,0,0,0
C04971,Elena,Levi,India,30.0,0,Open Water,Hotel Partner,2026-03-16,1,6400.0,0,0,0
C04972,Sven,Sharma,India,,1,None,Walk-in,2026-03-17,1,26400.0,0,1,0
C04973,Minjun,Brown,India,44.0,0,None,Walk-in,2026-03-11,1,5050.0,0,0,0
C04974,Yuki,Taylor,Germany,31.0,0,None,Walk-in,2026-03-13,1,15450.0,0,0,0
C04975,Emma,Cohen,Italy,33.0,0,None,Referral,2026-03-18,1,24000.0,0,1,0
C04976,Daniel,Taylor,India,45.0,0,None,Walk-in,2026-03-11,1,5400.0,0,0,0
C04977,Aarav,Cohen,India,37.0,0,None,Walk-in,2026-03-18,1,5100.0,0,0,0
C04978,Minjun,Banerjee,India,,1,None,Hotel Partner,2026-03-18,1,4650.0,0,0,0
C04979,Sven,Patel,India,38.0,0,Advanced,Walk-in,2026-03-18,1,6950.0,0,0,0
C04980,Ananya,Gupta,Netherlands,28.0,0,None,OTA,2026-03-15,0,,0,0,0
C04981,Daniel,Wilson,India,19.0,0,None,Hotel Partner,2026-03-15,1,4600.0,0,0,0
C04982,Pierre,Petrova,United Kingdom,36.0,0,Advanced,Unknown,2026-03-15,1,3500.0,0,0,0
C04983,Meera,Park,India,46.0,0,None,Walk-in,2026-03-15,1,24400.0,0,1,0
C04984,Priya,Chowdhury,Israel,18.0,0,Open Water,Unknown,2026-03-15,1,3400.0,0,0,0
C04985,Itai,Bakker,India,,1,Open Water,Walk-in,2026-03-20,1,3450.0,0,0,0
C04986,Priya,Patel,India,25.0,0,Open Water,OTA,2026-03-12,0,,0,0,0
C04987,Hannah,Kulkarni,India,,1,None,OTA,2026-03-21,1,4550.0,0,0,0
C04988,Karan,Taylor,India,41.0,0,None,OTA,2026-03-13,1,22550.0,0,1,0
C04989,Lukas,Chowdhury,India,36.0,0,None,Walk-in,2026-03-20,1,5050.0,0,0,0
C04990,Ananya,Rossi,Italy,21.0,0,None,Walk-in,2026-03-19,1,24850.0,0,1,0
C04991,Marco,Sharma,Russia,34.0,0,Advanced,OTA,2026-03-20,1,2800.0,0,0,0
C04992,Daniel,Brown,Russia,26.0,0,Open Water,Referral,2026-03-17,0,,0,0,0
C04993,Karan,Petrova,India,38.0,0,Open Water,OTA,2026-03-21,1,21700.0,0,1,0
C04994,Chloe,Muller,India,16.0,0,Divemaster,Walk-in,2026-03-17,1,7400.0,0,0,0
C04995,Meera,Kim,United States,35.0,0,None,Walk-in,2026-03-21,1,4950.0,0,0,0
C04996,Rohan,Sharma,Israel,27.0,0,Open Water,Website,2026-03-16,0,,0,0,0
C04997,Arjun,Gupta,South Korea,,1,None,Walk-in,2026-03-22,1,4950.0,0,0,0
C04998,Olga,Iyer,India,22.0,0,Open Water,Website,2026-03-17,0,,0,0,0
C04999,Kavya,Schmidt,Japan,38.0,0,Open Water,Hotel Partner,2026-03-21,2,26800.0,1,1,0
C05000,Kavya,Rao,Israel,40.0,0,None,Walk-in,2026-03-18,2,19850.0,1,0,0
C05001,Karan,Sharma,India,40.0,0,None,Unknown,2026-03-19,1,26400.0,0,1,0
C05002,Karan,Kim,Japan,38.0,0,None,Hotel Partner,2026-03-15,0,,0,0,0
C05003,Emma,Levi,India,35.0,0,None,Referral,2026-03-20,0,,0,0,0
C05004,Sneha,Dubois,India,24.0,0,None,OTA,2026-03-20,1,4450.0,0,0,0
C05005,Divya,Petrova,Italy,12.0,0,None,OTA,2026-03-21,0,,0,0,0
C05006,Ishaan,Patel,India,37.0,0,Open Water,OTA,2026-03-19,1,3150.0,0,0,0
C05007,Rahul,Bakker,Japan,36.0,0,None,OTA,2026-03-23,0,,0,0,0
C05008,Rohan,Kulkarni,India,39.0,0,Rescue,OTA,2026-03-25,1,3150.0,0,0,0
C05009,Noa,Petrova,India,16.0,0,Open Water,OTA,2026-03-21,0,,0,0,0
C05010,Rohan,Gupta,India,30.0,0,Open Water,OTA,2026-03-18,1,12300.0,0,0,0
C05011,Kavya,Rao,United States,47.0,0,Advanced,Walk-in,2026-03-17,0,,0,0,0
C05012,Liam,Rao,Netherlands,35.0,0,Advanced,Hotel Partner,2026-03-23,0,,0,0,0
C05013,Aditya,Brown,Israel,50.0,0,None,Website,2026-03-22,0,,0,0,0
C05014,Chloe,Rossi,India,31.0,0,Open Water,OTA,2026-03-24,0,,0,0,0
C05015,Dmitri,Reddy,Italy,40.0,0,Advanced,Instagram,2026-03-17,0,,0,0,0
C05016,Vikram,Kim,United Kingdom,44.0,0,None,Unknown,2026-03-26,0,,0,0,0
C05017,Vikram,Banerjee,United States,26.0,0,None,Hotel Partner,2026-03-19,0,,0,0,0
C05018,Aditya,Chowdhury,Israel,39.0,0,None,Website,2026-03-22,1,9650.0,0,0,0
C05019,Chloe,Sharma,India,29.0,0,None,Website,2026-03-24,1,3550.0,0,0,0
C05020,Chloe,Menon,Italy,31.0,0,Open Water,Walk-in,2026-03-18,1,14200.0,0,0,0
C05021,Ananya,Menon,India,43.0,0,Advanced,OTA,2026-03-24,1,2750.0,0,0,0
C05022,Emma,Ivanov,Russia,12.0,0,None,Unknown,2026-03-26,1,5250.0,0,0,0
C05023,Noa,Gupta,India,23.0,0,None,Hotel Partner,2026-03-20,0,,0,0,0
C05024,Lukas,Taylor,India,29.0,0,None,Unknown,2026-03-19,1,6950.0,0,0,0
C05025,Rohan,Rao,Germany,35.0,0,Open Water,Unknown,2026-03-18,1,14400.0,0,0,0
C05026,Arjun,Banerjee,India,36.0,0,None,OTA,2026-03-26,1,4250.0,0,0,0
C05027,Camille,Bakker,India,,1,Open Water,OTA,2026-03-18,1,6000.0,0,0,0
C05028,Anouk,Desai,United Kingdom,19.0,0,Open Water,Unknown,2026-03-26,1,23450.0,0,1,0
C05029,Hannah,Desai,India,24.0,0,Rescue,OTA,2026-03-24,1,12450.0,0,0,0
C05030,Divya,OConnor,India,34.0,0,None,Instagram,2026-03-22,1,5350.0,0,0,0
C05031,Dmitri,Gupta,India,23.0,0,Open Water,Instagram,2026-03-20,1,10700.0,0,0,0
C05032,Vikram,Kim,India,26.0,0,Open Water,Walk-in,2026-03-23,0,,0,0,0
C05033,Rohan,Ivanov,India,44.0,0,Open Water,Referral,2026-03-18,0,,0,0,0
C05034,Arjun,Schmidt,India,22.0,0,None,Website,2026-03-20,0,,0,0,0
C05035,Ananya,Jansen,India,26.0,0,Advanced,Instagram,2026-03-29,1,7250.0,0,0,0
C05036,Yuki,Cohen,India,34.0,0,Advanced,OTA,2026-03-19,0,,0,0,0
C05037,Daniel,Patel,France,50.0,0,Advanced,Instagram,2026-03-23,1,7550.0,0,0,0
C05038,Rahul,Taylor,India,32.0,0,None,OTA,2026-03-26,0,,0,0,0
C05039,Ravi,Muller,France,31.0,0,None,OTA,2026-03-22,1,22500.0,0,1,0
C05040,James,Levi,India,37.0,0,Open Water,Referral,2026-03-19,2,6650.0,1,0,0
C05041,Siddharth,Menon,India,14.0,0,Advanced,OTA,2026-03-24,1,6100.0,0,0,0
C05042,Pierre,Petrova,India,22.0,0,Advanced,OTA,2026-03-22,1,5500.0,0,0,0
C05043,Aarav,Reddy,India,45.0,0,Advanced,Hotel Partner,2026-03-25,1,6450.0,0,0,0
C05044,Rohan,Menon,Russia,31.0,0,Open Water,Hotel Partner,2026-03-23,1,6200.0,0,0,0
C05045,Karan,Petrova,United States,27.0,0,None,OTA,2026-03-23,0,,0,0,0
C05046,Noa,Bakker,United Kingdom,37.0,0,Divemaster,Walk-in,2026-03-28,1,3800.0,0,0,0
C05047,Marco,Petrova,India,24.0,0,None,Hotel Partner,2026-03-20,0,,0,0,0
C05048,Pooja,Desai,United States,25.0,0,Divemaster,Unknown,2026-03-27,0,,0,0,0
C05049,Meera,Kim,India,34.0,0,None,Instagram,2026-03-21,0,,0,0,0
C05050,Aditya,Menon,India,33.0,0,None,OTA,2026-03-30,0,,0,0,0
C05051,Priya,Jansen,India,37.0,0,None,Hotel Partner,2026-03-26,1,4550.0,0,0,0
C05052,Meera,Wilson,Japan,32.0,0,None,Walk-in,2026-03-27,1,26650.0,0,1,0
C05053,Aarav,Banerjee,India,36.0,0,Advanced,OTA,2026-03-23,0,,0,0,0
C05054,Chloe,Rossi,Germany,17.0,0,Open Water,Instagram,2026-03-30,0,,0,0,0
C05055,Priya,Jansen,Japan,37.0,0,Open Water,Instagram,2026-03-22,1,10550.0,0,0,0
C05056,Priya,Cohen,India,35.0,0,None,Walk-in,2026-03-27,1,4900.0,0,0,0
C05057,Priya,Iyer,Germany,46.0,0,Rescue,Walk-in,2026-03-29,0,,0,0,0
C05058,Meera,Cohen,United Kingdom,40.0,0,None,Unknown,2026-03-24,2,36000.0,1,1,1
C05059,Camille,Iyer,United Kingdom,29.0,0,Advanced,Website,2026-03-29,0,,0,0,0
C05060,Chloe,Patel,India,27.0,0,Open Water,Referral,2026-03-28,1,10650.0,0,0,0
C05061,Sophie,Park,United Kingdom,20.0,0,Open Water,Website,2026-03-29,1,11100.0,0,0,0
C05062,Daniel,OConnor,India,12.0,0,Open Water,Instagram,2026-03-26,1,3600.0,0,0,0
C05063,Dmitri,Rao,India,29.0,0,Open Water,Walk-in,2026-03-28,1,27350.0,0,1,0
C05064,Priya,Schmidt,India,,1,Open Water,Instagram,2026-03-26,1,3700.0,0,0,0
C05065,Camille,Wilson,United States,21.0,0,None,Referral,2026-03-30,1,4800.0,0,0,0
C05066,Aarav,Dubois,India,36.0,0,None,Website,2026-03-27,1,26700.0,0,1,0
C05067,Rahul,Chowdhury,India,32.0,0,None,OTA,2026-03-25,1,3950.0,0,0,0
C05068,Ishaan,Kulkarni,India,28.0,0,Open Water,Website,2026-03-29,1,3400.0,0,0,0
C05069,Sarah,Banerjee,India,42.0,0,None,Website,2026-03-26,1,4750.0,0,0,0
C05070,Priya,Rossi,Germany,30.0,0,Open Water,OTA,2026-03-24,1,9400.0,0,0,0
C05071,Karan,Schmidt,United Kingdom,,1,None,OTA,2026-04-01,0,,0,0,0
C05072,Siddharth,Park,India,21.0,0,Divemaster,Referral,2026-03-27,0,,0,0,0
C05073,James,Chowdhury,India,36.0,0,None,Website,2026-03-25,1,5150.0,0,0,0
C05074,Aditya,Brown,India,,1,Rescue,Instagram,2026-03-28,0,,0,0,0
C05075,Lukas,Muller,Russia,46.0,0,Advanced,Referral,2026-03-25,0,,0,0,0
C05076,Ravi,Desai,India,32.0,0,None,Hotel Partner,2026-03-31,0,,0,0,0
C05077,Itai,Rao,India,35.0,0,None,Website,2026-03-29,1,5300.0,0,0,0
C05078,Aarav,Sharma,India,16.0,0,None,Walk-in,2026-03-27,0,,0,0,0
C05079,Yuki,Levi,India,22.0,0,Divemaster,OTA,2026-03-26,0,,0,0,0
C05080,Sven,Sharma,India,27.0,0,Open Water,OTA,2026-03-29,1,5600.0,0,0,0
C05081,Pooja,Bakker,India,43.0,0,None,OTA,2026-03-25,0,,0,0,0
C05082,Liam,Smith,Russia,46.0,0,Open Water,Hotel Partner,2026-03-28,0,,0,0,0
C05083,Meera,Schmidt,India,27.0,0,Open Water,Website,2026-03-28,0,,0,0,0
C05084,Aarav,Desai,India,37.0,0,Advanced,Hotel Partner,2026-03-26,0,,0,0,0
C05085,Sneha,Brown,India,31.0,0,Open Water,OTA,2026-03-29,1,6350.0,0,0,0
C05086,Rahul,Banerjee,India,34.0,0,Advanced,Referral,2026-04-01,0,,0,0,0
C05087,Ishaan,Jansen,India,20.0,0,Open Water,Unknown,2026-04-05,1,3050.0,0,0,0
C05088,Sneha,Cohen,India,16.0,0,Advanced,OTA,2026-03-31,0,,0,0,0
C05089,Camille,Cohen,United Kingdom,43.0,0,None,Hotel Partner,2026-03-28,1,4600.0,0,0,0
C05090,Dmitri,Levi,India,39.0,0,None,Walk-in,2026-03-30,0,,0,0,0
C05091,Tom,Brown,Russia,,1,None,OTA,2026-04-03,0,,0,0,0
C05092,Rahul,Smith,Netherlands,14.0,0,None,OTA,2026-04-03,1,4500.0,0,0,0
C05093,Marco,Schmidt,India,31.0,0,Open Water,Walk-in,2026-04-01,2,14650.0,1,0,0
C05094,James,Ivanov,Netherlands,54.0,0,Open Water,Unknown,2026-04-02,1,2900.0,0,0,0
C05095,Aditya,Patel,India,23.0,0,Open Water,Hotel Partner,2026-04-05,1,3400.0,0,0,0
C05096,Divya,Banerjee,United Kingdom,18.0,0,Open Water,Instagram,2026-04-02,1,6600.0,0,0,0
C05097,Pierre,Sharma,India,48.0,0,None,Instagram,2026-04-03,1,4900.0,0,0,0
C05098,Yuki,Tanaka,India,24.0,0,Advanced,Walk-in,2026-03-29,1,11250.0,0,0,0
C05099,James,Desai,India,29.0,0,Advanced,Walk-in,2026-03-31,0,,0,0,0
C05100,James,Dubois,India,41.0,0,None,Referral,2026-03-28,0,,0,0,0
C05101,Neha,Chowdhury,India,,1,Advanced,OTA,2026-04-06,0,,0,0,0
C05102,Neha,Wilson,Netherlands,,1,None,Walk-in,2026-03-29,0,,0,0,0
C05103,Siddharth,OConnor,United States,38.0,0,Open Water,Unknown,2026-03-29,0,,0,0,0
C05104,Arjun,Petrova,India,25.0,0,Advanced,OTA,2026-03-28,0,,0,0,0
C05105,Lukas,Desai,India,38.0,0,None,Website,2026-04-01,0,,0,0,0
C05106,Divya,Iyer,Israel,41.0,0,None,OTA,2026-03-31,0,,0,0,0
C05107,Elena,Sharma,India,40.0,0,None,Hotel Partner,2026-04-03,0,,0,0,0
C05108,Aarav,Patel,India,37.0,0,Open Water,Walk-in,2026-04-08,0,,0,0,0
C05109,Meera,Ivanov,India,,1,None,Unknown,2026-04-08,1,11450.0,0,0,0
C05110,Meera,Ivanov,Netherlands,41.0,0,Rescue,OTA,2026-03-29,0,,0,0,0
C05111,Priya,Brown,India,,1,None,OTA,2026-04-04,1,4200.0,0,0,0
C05112,Sneha,Kim,United States,28.0,0,Advanced,OTA,2026-04-09,1,6100.0,0,0,0
C05113,Aditya,Iyer,India,35.0,0,Open Water,Website,2026-04-08,0,,0,0,0
C05114,Aditya,Taylor,Germany,44.0,0,Advanced,OTA,2026-04-01,1,6300.0,0,0,0
C05115,Meera,Kulkarni,United States,22.0,0,Open Water,Website,2026-04-02,1,7500.0,0,0,0
C05116,Karan,Smith,India,34.0,0,None,OTA,2026-04-02,0,,0,0,0
C05117,Tom,Sharma,United States,43.0,0,Open Water,Website,2026-04-03,1,7150.0,0,0,0
C05118,Vikram,Banerjee,India,,1,Open Water,Unknown,2026-04-03,0,,0,0,0
C05119,Rahul,Wilson,India,48.0,0,Open Water,Hotel Partner,2026-03-31,1,3300.0,0,0,0
C05120,Marco,Schmidt,Italy,21.0,0,None,Website,2026-04-06,1,5200.0,0,0,0
C05121,Aarav,Bakker,United Kingdom,22.0,0,None,OTA,2026-03-31,1,20150.0,0,1,0
C05122,Ishaan,OConnor,India,22.0,0,None,Instagram,2026-04-06,1,5400.0,0,0,0
C05123,Noa,Muller,India,22.0,0,Open Water,Walk-in,2026-04-01,1,27550.0,0,1,0
C05124,Sven,Sharma,Israel,41.0,0,Open Water,OTA,2026-04-01,1,8450.0,0,0,0
C05125,Hannah,Brown,Netherlands,56.0,0,Open Water,Walk-in,2026-04-06,1,7500.0,0,0,0
C05126,Ishaan,Menon,India,35.0,0,None,Instagram,2026-04-09,1,10050.0,0,0,0
C05127,Chloe,Kim,India,27.0,0,None,Unknown,2026-04-11,1,5200.0,0,0,0
C05128,Ishaan,Reddy,India,16.0,0,None,OTA,2026-04-07,1,4050.0,0,0,0
C05129,Vikram,Park,Russia,34.0,0,None,Instagram,2026-04-03,1,5100.0,0,0,0
C05130,Ishaan,Sharma,Australia,37.0,0,None,OTA,2026-04-03,1,4400.0,0,0,0
C05131,Chloe,Petrova,India,20.0,0,Advanced,OTA,2026-04-02,0,,0,0,0
C05132,Sneha,Levi,India,28.0,0,None,Walk-in,2026-04-08,1,5550.0,0,0,0
C05133,Elena,Taylor,India,,1,Open Water,Referral,2026-04-09,2,17000.0,1,0,0
C05134,Hannah,Ivanov,France,33.0,0,Open Water,Walk-in,2026-04-04,0,,0,0,0
C05135,James,Smith,Italy,,1,Advanced,Website,2026-04-10,2,7050.0,1,0,0
C05136,Arjun,Wilson,Japan,45.0,0,None,Instagram,2026-04-10,1,24300.0,0,1,0
C05137,Tom,Patel,India,21.0,0,Advanced,Unknown,2026-04-05,1,7400.0,0,0,0
C05138,Hannah,Chowdhury,India,29.0,0,Advanced,OTA,2026-04-09,0,,0,0,0
C05139,Ananya,Menon,United Kingdom,36.0,0,Open Water,OTA,2026-04-13,1,20200.0,0,1,0
C05140,Marco,Patel,India,23.0,0,None,Website,2026-04-05,1,5300.0,0,0,0
C05141,Sarah,Wilson,India,51.0,0,None,Walk-in,2026-04-12,1,5100.0,0,0,0
C05142,Lukas,Park,India,22.0,0,Open Water,Instagram,2026-04-10,1,7050.0,0,0,0
C05143,Arjun,Ivanov,India,34.0,0,Rescue,Hotel Partner,2026-04-07,1,9050.0,0,0,0
C05144,Yuki,Menon,India,19.0,0,None,Instagram,2026-04-05,1,4800.0,0,0,0
C05145,Olga,Desai,India,43.0,0,Advanced,OTA,2026-04-07,1,3150.0,0,0,0
C05146,Yuki,Rao,Germany,33.0,0,Advanced,OTA,2026-04-11,0,,0,0,0
C05147,Ravi,OConnor,India,37.0,0,None,Instagram,2026-04-08,1,24300.0,0,1,0
C05148,Noa,Ivanov,India,28.0,0,Advanced,Unknown,2026-04-10,1,13450.0,0,0,0
C05149,Marco,Park,United Kingdom,18.0,0,None,OTA,2026-04-07,0,,0,0,0
C05150,Siddharth,Muller,India,,1,Advanced,Walk-in,2026-04-10,0,,0,0,0
C05151,Divya,Petrova,Japan,22.0,0,Open Water,OTA,2026-04-06,0,,0,0,0
C05152,Camille,Kulkarni,India,31.0,0,None,Hotel Partner,2026-04-14,0,,0,0,0
C05153,Sarah,Rao,United Kingdom,26.0,0,Open Water,Website,2026-04-11,1,6950.0,0,0,0
C05154,Minjun,Park,Israel,32.0,0,None,Referral,2026-04-13,0,,0,0,0
C05155,Daniel,Smith,India,38.0,0,None,Instagram,2026-04-05,1,10000.0,0,0,0
C05156,Sven,Wilson,India,33.0,0,None,Walk-in,2026-04-05,0,,0,0,0
C05157,Yuki,Wilson,India,30.0,0,Open Water,Walk-in,2026-04-08,0,,0,0,0
C05158,Ananya,Patel,Italy,44.0,0,Advanced,Instagram,2026-04-16,0,,0,0,0
C05159,Emma,Jansen,Israel,12.0,0,Advanced,Instagram,2026-04-09,0,,0,0,0
C05160,Aarav,Taylor,Australia,32.0,0,None,Instagram,2026-04-10,1,4850.0,0,0,0
C05161,Aarav,Brown,India,28.0,0,None,OTA,2026-04-08,0,,0,0,0
C05162,Vikram,Park,India,27.0,0,None,Website,2026-04-14,0,,0,0,0
C05163,Anouk,Nair,France,39.0,0,None,Instagram,2026-04-12,2,10000.0,1,0,0
C05164,Kavya,Muller,Australia,33.0,0,Advanced,Referral,2026-04-14,0,,0,0,0
C05165,Minjun,Desai,United States,45.0,0,Advanced,Website,2026-04-17,0,,0,0,0
C05166,Camille,Levi,India,31.0,0,Advanced,Unknown,2026-04-16,0,,0,0,0
C05167,Aarav,Nair,United Kingdom,37.0,0,None,Hotel Partner,2026-04-12,0,,0,0,0
C05168,Divya,Reddy,India,45.0,0,None,OTA,2026-04-09,0,,0,0,0
C05169,James,Muller,United States,29.0,0,Open Water,Referral,2026-04-12,1,12950.0,0,0,0
C05170,Ravi,Jansen,South Korea,25.0,0,None,OTA,2026-04-13,0,,0,0,0
C05171,Hannah,OConnor,Germany,55.0,0,Open Water,Instagram,2026-04-16,0,,0,0,0
C05172,Anouk,Rossi,Israel,27.0,0,None,Instagram,2026-04-11,1,5350.0,0,0,0
C05173,Ananya,Dubois,Australia,44.0,0,Open Water,OTA,2026-04-13,0,,0,0,0
C05174,Itai,Levi,India,37.0,0,None,OTA,2026-04-15,0,,0,0,0
C05175,Emma,Smith,Netherlands,36.0,0,Advanced,Hotel Partner,2026-04-18,0,,0,0,0
C05176,Aditya,Rao,India,12.0,0,Open Water,Walk-in,2026-04-11,0,,0,0,0
C05177,Sven,Rao,Russia,12.0,0,Open Water,OTA,2026-04-11,0,,0,0,0
C05178,Chloe,Desai,United Kingdom,16.0,0,None,Referral,2026-04-18,0,,0,0,0
C05179,Rohan,Banerjee,India,41.0,0,Open Water,OTA,2026-04-13,1,8300.0,0,0,0
C05180,Aarav,Park,Australia,30.0,0,Rescue,Referral,2026-04-10,1,11000.0,0,0,0
C05181,James,Ivanov,Italy,30.0,0,Open Water,Instagram,2026-04-18,0,,0,0,0
C05182,Anouk,Tanaka,India,25.0,0,Open Water,Website,2026-04-09,2,13400.0,1,0,0
C05183,Arjun,Dubois,India,53.0,0,Advanced,OTA,2026-04-12,1,2900.0,0,0,0
C05184,Dmitri,Rao,Russia,29.0,0,None,OTA,2026-04-10,0,,0,0,0
C05185,Liam,Bakker,India,41.0,0,None,Hotel Partner,2026-04-19,1,4700.0,0,0,0
C05186,Arjun,Levi,India,27.0,0,Open Water,OTA,2026-04-18,1,20150.0,0,1,0
C05187,Divya,Menon,Netherlands,51.0,0,Divemaster,Unknown,2026-04-10,1,8900.0,0,0,0
C05188,Anouk,Iyer,Netherlands,36.0,0,None,OTA,2026-04-17,0,,0,0,0
C05189,Rohan,Sharma,France,39.0,0,None,OTA,2026-04-12,1,4100.0,0,0,0
C05190,James,Rossi,India,39.0,0,Advanced,Referral,2026-04-14,1,7000.0,0,0,0
C05191,Karan,Banerjee,India,29.0,0,Open Water,OTA,2026-04-14,0,,0,0,0
C05192,Pierre,Tanaka,India,40.0,0,None,Walk-in,2026-04-18,1,5450.0,0,0,0
C05193,Ishaan,Petrova,India,43.0,0,None,Hotel Partner,2026-04-14,1,9900.0,0,0,0
C05194,Daniel,Taylor,Italy,23.0,0,Advanced,OTA,2026-04-15,1,12100.0,0,0,0
C05195,Neha,Dubois,India,45.0,0,Advanced,Instagram,2026-04-20,0,,0,0,0
C05196,Emma,Levi,India,27.0,0,Open Water,OTA,2026-04-12,0,,0,0,0
C05197,Aarav,Gupta,India,15.0,0,Open Water,Unknown,2026-04-13,0,,0,0,0
C05198,Hannah,Schmidt,United Kingdom,,1,Open Water,Hotel Partner,2026-04-16,0,,0,0,0
C05199,Elena,Patel,India,49.0,0,None,Website,2026-04-12,1,4950.0,0,0,0
C05200,Neha,Menon,Netherlands,22.0,0,Rescue,Walk-in,2026-04-12,1,10150.0,0,0,0
C05201,Sarah,Rao,India,20.0,0,Open Water,Walk-in,2026-04-22,1,27150.0,0,1,0
C05202,Rahul,Kulkarni,India,26.0,0,None,Instagram,2026-04-19,0,,0,0,0
C05203,Anouk,Taylor,Netherlands,37.0,0,None,Instagram,2026-04-18,1,5350.0,0,0,0
C05204,Noa,Rao,Russia,25.0,0,None,Website,2026-04-20,1,5000.0,0,0,0
C05205,Aarav,Gupta,India,33.0,0,Open Water,Instagram,2026-04-18,1,3400.0,0,0,0
C05206,Pooja,Cohen,India,32.0,0,None,Website,2026-04-18,1,3650.0,0,0,0
C05207,Hannah,OConnor,India,53.0,0,None,Instagram,2026-04-20,2,16050.0,1,0,0
C05208,Hannah,Jansen,India,49.0,0,None,Instagram,2026-04-15,1,24350.0,0,1,0
C05209,Aarav,Dubois,United Kingdom,35.0,0,None,Website,2026-04-15,1,5300.0,0,0,0
C05210,Elena,OConnor,France,26.0,0,None,Website,2026-04-14,1,4750.0,0,0,0
C05211,Sarah,Iyer,India,39.0,0,None,Hotel Partner,2026-04-18,1,24900.0,0,1,0
C05212,Priya,Dubois,India,,1,None,Website,2026-04-18,1,4900.0,0,0,0
C05213,Pooja,Petrova,South Korea,26.0,0,Open Water,Referral,2026-04-21,1,10300.0,0,0,0
C05214,Yuki,Kulkarni,Germany,50.0,0,Open Water,Instagram,2026-04-18,1,3500.0,0,0,0
C05215,Rohan,Reddy,Israel,50.0,0,Open Water,Instagram,2026-04-19,1,7050.0,0,0,0
C05216,Elena,Wilson,India,27.0,0,None,Instagram,2026-04-18,1,4800.0,0,0,0
C05217,Sarah,Nair,Russia,29.0,0,Open Water,OTA,2026-04-16,1,2800.0,0,0,0
C05218,Liam,Bakker,Netherlands,26.0,0,Open Water,OTA,2026-04-19,1,6000.0,0,0,0
C05219,Rahul,Tanaka,Russia,58.0,0,Open Water,Referral,2026-04-15,1,6750.0,0,0,0
C05220,Rahul,Tanaka,India,,1,Advanced,Website,2026-04-25,1,11200.0,0,0,0
C05221,Neha,Kulkarni,Germany,36.0,0,Divemaster,Website,2026-04-21,0,,0,0,0
C05222,Olga,Nair,India,27.0,0,Advanced,Instagram,2026-04-24,1,7550.0,0,0,0
C05223,Lukas,Muller,United Kingdom,21.0,0,None,Unknown,2026-04-25,0,,0,0,0
C05224,Divya,Gupta,India,39.0,0,None,OTA,2026-04-19,1,20700.0,0,1,0
C05225,Aditya,Rossi,Russia,35.0,0,Advanced,OTA,2026-04-21,0,,0,0,0
C05226,Hannah,Kulkarni,India,43.0,0,Open Water,Hotel Partner,2026-04-21,1,22550.0,0,1,0
C05227,Divya,Taylor,France,32.0,0,None,Website,2026-04-25,1,4900.0,0,0,0
C05228,Vikram,OConnor,India,45.0,0,None,Website,2026-04-15,0,,0,0,0
C05229,Chloe,Desai,India,,1,None,Unknown,2026-04-21,2,12150.0,1,0,0
C05230,Aditya,Schmidt,India,24.0,0,Rescue,Website,2026-04-24,0,,0,0,0
C05231,Tom,Dubois,Netherlands,41.0,0,None,Walk-in,2026-04-15,0,,0,0,0
C05232,Minjun,Petrova,United Kingdom,16.0,0,None,Website,2026-04-21,1,4800.0,0,0,0
C05233,Liam,Rossi,Israel,36.0,0,Open Water,OTA,2026-04-19,0,,0,0,0
C05234,Yuki,Dubois,India,39.0,0,None,OTA,2026-04-19,1,4200.0,0,0,0
C05235,Noa,Kim,India,,1,None,Hotel Partner,2026-04-23,1,4650.0,0,0,0
C05236,James,Ivanov,India,37.0,0,Open Water,Website,2026-04-20,1,3650.0,0,0,0
C05237,Ananya,Reddy,Germany,56.0,0,Rescue,Walk-in,2026-04-21,1,3500.0,0,0,0
C05238,Yuki,Banerjee,Germany,21.0,0,None,OTA,2026-04-25,0,,0,0,0
C05239,Ishaan,Levi,India,37.0,0,None,Referral,2026-04-24,1,4850.0,0,0,0
C05240,Divya,Rao,India,38.0,0,Divemaster,OTA,2026-04-17,0,,0,0,0
C05241,Aarav,Kim,India,37.0,0,Rescue,Instagram,2026-04-26,1,10000.0,0,0,0
C05242,James,Ivanov,India,36.0,0,Rescue,OTA,2026-04-24,1,2850.0,0,0,0
C05243,Kavya,Smith,United Kingdom,34.0,0,None,OTA,2026-04-19,2,8750.0,1,0,0
C05244,Pierre,Menon,India,26.0,0,None,Walk-in,2026-04-22,1,24400.0,0,1,0
C05245,Sophie,Iyer,India,,1,Open Water,Unknown,2026-04-22,1,9800.0,0,0,0
C05246,Sven,Smith,India,36.0,0,None,Hotel Partner,2026-04-25,1,4800.0,0,0,0
C05247,Arjun,Banerjee,India,23.0,0,None,OTA,2026-04-24,1,4000.0,0,0,0
C05248,Aarav,Cohen,France,47.0,0,Open Water,Referral,2026-04-23,1,7250.0,0,0,0
C05249,Siddharth,Brown,Japan,31.0,0,Open Water,Referral,2026-04-25,1,6350.0,0,0,0
C05250,James,Cohen,United States,37.0,0,None,Instagram,2026-04-21,1,5000.0,0,0,0
C05251,Ravi,Sharma,Australia,26.0,0,Advanced,Unknown,2026-04-20,0,,0,0,0
C05252,Sarah,Iyer,United States,,1,None,Walk-in,2026-04-25,1,10250.0,0,0,0
C05253,Lukas,Rossi,United Kingdom,39.0,0,Open Water,Website,2026-04-22,1,14350.0,0,0,0
C05254,Emma,Reddy,United States,46.0,0,Open Water,Referral,2026-04-28,0,,0,0,0
C05255,Anouk,Kim,India,34.0,0,Open Water,Instagram,2026-04-23,1,25300.0,0,1,0
C05256,Meera,Levi,Germany,27.0,0,None,Website,2026-04-21,0,,0,0,0
C05257,Sneha,Wilson,United States,23.0,0,None,Unknown,2026-04-21,1,8300.0,0,0,0
C05258,Liam,Dubois,Germany,32.0,0,None,Walk-in,2026-04-27,1,5250.0,0,0,0
C05259,Sophie,Patel,India,21.0,0,Open Water,Referral,2026-04-29,1,6650.0,0,0,0
C05260,Liam,Muller,India,23.0,0,None,OTA,2026-04-21,1,4150.0,0,0,0
C05261,Rohan,Brown,India,36.0,0,Open Water,OTA,2026-04-29,1,6350.0,0,0,0
C05262,Lukas,Chowdhury,Netherlands,51.0,0,Open Water,Referral,2026-04-25,1,3250.0,0,0,0
C05263,Karan,Petrova,Australia,26.0,0,Open Water,Referral,2026-04-27,0,,0,0,0
C05264,Sarah,OConnor,Russia,26.0,0,Advanced,Instagram,2026-04-30,1,13600.0,0,0,0
C05265,Aarav,Kulkarni,India,,1,Advanced,OTA,2026-04-21,0,,0,0,0
C05266,Camille,Reddy,India,45.0,0,None,OTA,2026-04-23,0,,0,0,0
C05267,Aditya,Iyer,India,41.0,0,Rescue,Unknown,2026-04-23,1,12850.0,0,0,0
C05268,Sarah,Jansen,India,43.0,0,None,Referral,2026-04-24,1,9600.0,0,0,0
C05269,Aarav,Ivanov,Germany,34.0,0,Open Water,Referral,2026-05-01,0,,0,0,0
C05270,Emma,Taylor,India,51.0,0,Open Water,Instagram,2026-04-24,1,24050.0,0,1,0
C05271,Arjun,Nair,France,30.0,0,None,OTA,2026-04-25,0,,0,0,0
C05272,Chloe,Kim,India,21.0,0,None,Hotel Partner,2026-04-24,0,,0,0,0
C05273,James,Bakker,Germany,37.0,0,Advanced,OTA,2026-04-24,0,,0,0,0
C05274,Priya,Rossi,Germany,29.0,0,None,Unknown,2026-04-27,0,,0,0,0
C05275,Kavya,Banerjee,India,41.0,0,Open Water,OTA,2026-04-25,0,,0,0,0
C05276,Rohan,Schmidt,India,,1,Open Water,OTA,2026-04-28,0,,0,0,0
C05277,Yuki,Kulkarni,India,46.0,0,Open Water,Referral,2026-04-24,1,13000.0,0,0,0
C05278,Ananya,Gupta,India,43.0,0,Open Water,Instagram,2026-04-28,1,3700.0,0,0,0
C05279,Anouk,Muller,India,24.0,0,Advanced,OTA,2026-04-26,0,,0,0,0
C05280,Aarav,Rossi,Germany,,1,None,Walk-in,2026-04-25,1,10850.0,0,0,0
C05281,Yuki,OConnor,Italy,17.0,0,Open Water,OTA,2026-04-29,0,,0,0,0
C05282,Sophie,Dubois,India,38.0,0,Advanced,Referral,2026-04-25,0,,0,0,0
C05283,Kavya,Kulkarni,India,28.0,0,Advanced,OTA,2026-05-02,0,,0,0,0
C05284,Anouk,Banerjee,India,30.0,0,Open Water,Hotel Partner,2026-04-29,1,3400.0,0,0,0
C05285,Karan,Sharma,India,37.0,0,None,Walk-in,2026-04-23,1,24800.0,0,1,0
C05286,Divya,Gupta,India,29.0,0,Advanced,OTA,2026-05-03,0,,0,0,0
C05287,James,Desai,India,47.0,0,Rescue,Website,2026-05-03,0,,0,0,0
C05288,Aarav,Wilson,United States,48.0,0,None,Hotel Partner,2026-05-04,1,4750.0,0,0,0
C05289,Rahul,Patel,France,47.0,0,Open Water,Walk-in,2026-05-03,0,,0,0,0
C05290,Neha,Park,India,37.0,0,Rescue,OTA,2026-04-25,0,,0,0,0
C05291,Anouk,Rossi,Israel,,1,None,Referral,2026-04-24,1,5000.0,0,0,0
C05292,Lukas,OConnor,United Kingdom,35.0,0,None,Website,2026-04-29,1,5250.0,0,0,0
C05293,Kavya,Bakker,India,12.0,0,None,Hotel Partner,2026-04-27,1,4800.0,0,0,0
C05294,Aarav,Reddy,India,16.0,0,Open Water,Unknown,2026-05-03,0,,0,0,0
C05295,Aditya,Petrova,India,23.0,0,None,Referral,2026-04-27,0,,0,0,0
C05296,Karan,Levi,India,42.0,0,Open Water,Website,2026-05-05,1,6500.0,0,0,0
C05297,Olga,Taylor,Germany,,1,None,Instagram,2026-05-05,1,9750.0,0,0,0
C05298,Daniel,Kulkarni,United States,27.0,0,Open Water,Website,2026-04-28,0,,0,0,0
C05299,Vikram,Gupta,India,48.0,0,Advanced,OTA,2026-05-05,1,12000.0,0,0,0
C05300,Lukas,Tanaka,Australia,30.0,0,None,OTA,2026-05-02,1,4300.0,0,0,0
C05301,Sophie,Smith,Italy,26.0,0,Advanced,Walk-in,2026-05-03,0,,0,0,0
C05302,Elena,Dubois,Israel,31.0,0,None,Unknown,2026-04-26,0,,0,0,0
C05303,Olga,Menon,India,44.0,0,Open Water,Referral,2026-05-03,1,7100.0,0,0,0
C05304,Marco,Sharma,India,51.0,0,Open Water,Website,2026-04-30,1,9700.0,0,0,0
C05305,Daniel,Taylor,India,36.0,0,None,Walk-in,2026-05-03,1,7200.0,0,0,0
C05306,Pierre,OConnor,India,42.0,0,None,OTA,2026-05-01,1,4050.0,0,0,0
C05307,Aditya,Desai,India,34.0,0,Open Water,OTA,2026-05-03,1,6200.0,0,0,0
C05308,Lukas,Iyer,United Kingdom,25.0,0,None,Instagram,2026-05-03,1,5250.0,0,0,0
C05309,Yuki,Kulkarni,India,49.0,0,Open Water,Referral,2026-04-27,1,13550.0,0,0,0
C05310,Kavya,Kulkarni,Russia,23.0,0,Open Water,Walk-in,2026-04-27,1,3400.0,0,0,0
C05311,Itai,Ivanov,India,49.0,0,Open Water,Referral,2026-05-05,0,,0,0,0
C05312,Neha,Jansen,India,32.0,0,Open Water,Hotel Partner,2026-05-03,0,,0,0,0
C05313,Camille,Iyer,South Korea,48.0,0,Advanced,OTA,2026-05-05,0,,0,0,0
C05314,Ravi,Smith,India,40.0,0,None,Instagram,2026-05-08,1,4850.0,0,0,0
C05315,Dmitri,Sharma,India,14.0,0,None,Unknown,2026-04-30,1,4750.0,0,0,0
C05316,Sophie,Rossi,India,23.0,0,Advanced,Walk-in,2026-04-28,1,3600.0,0,0,0
C05317,Karan,Kim,India,29.0,0,Advanced,Hotel Partner,2026-05-08,1,6600.0,0,0,0
C05318,Hannah,Banerjee,Netherlands,34.0,0,Open Water,Walk-in,2026-05-05,0,,0,0,0
C05319,Lukas,Gupta,South Korea,46.0,0,Open Water,Instagram,2026-04-29,1,3350.0,0,0,0
C05320,Arjun,Patel,India,39.0,0,None,Unknown,2026-05-04,1,11250.0,0,0,0
C05321,Pierre,Wilson,Russia,21.0,0,None,Hotel Partner,2026-05-02,1,4750.0,0,0,0
C05322,Chloe,Desai,India,42.0,0,Open Water,Referral,2026-05-05,1,3500.0,0,0,0
C05323,Kavya,Levi,Italy,47.0,0,None,Referral,2026-05-09,1,9800.0,0,0,0
C05324,Hannah,Kulkarni,India,23.0,0,Open Water,OTA,2026-05-09,0,,0,0,0
C05325,Aditya,Chowdhury,India,24.0,0,Open Water,Hotel Partner,2026-05-06,1,10250.0,0,0,0
C05326,Divya,Wilson,India,25.0,0,None,Website,2026-05-03,1,4950.0,0,0,0
C05327,Rahul,Kim,India,,1,None,Referral,2026-05-06,0,,0,0,0
C05328,Rahul,Dubois,India,27.0,0,Open Water,Website,2026-05-08,1,11200.0,0,0,0
C05329,Pierre,Patel,France,20.0,0,None,Hotel Partner,2026-05-01,1,4650.0,0,0,0
C05330,Marco,Banerjee,France,36.0,0,None,Walk-in,2026-05-06,1,5600.0,0,0,0
C05331,Divya,Chowdhury,India,15.0,0,None,OTA,2026-05-10,1,22200.0,0,1,0
C05332,Camille,Sharma,South Korea,40.0,0,None,Unknown,2026-05-01,0,,0,0,0
C05333,Liam,OConnor,France,74.0,0,Open Water,Walk-in,2026-05-09,1,27950.0,0,1,0
C05334,Camille,Rossi,India,21.0,0,Advanced,OTA,2026-05-01,1,6150.0,0,0,0
C05335,Noa,Rao,United Kingdom,30.0,0,Open Water,OTA,2026-05-11,1,2800.0,0,0,0
C05336,Pierre,Kulkarni,France,24.0,0,Open Water,Walk-in,2026-05-04,2,7050.0,1,0,0
C05337,Sophie,Schmidt,India,35.0,0,Advanced,Walk-in,2026-05-02,1,7550.0,0,0,0
C05338,Aarav,OConnor,Netherlands,22.0,0,Open Water,Instagram,2026-05-07,1,15050.0,0,0,0
C05339,Sarah,Brown,India,37.0,0,None,OTA,2026-05-01,0,,0,0,0
C05340,Karan,Iyer,Italy,26.0,0,Open Water,Hotel Partner,2026-05-07,1,3300.0,0,0,0
C05341,Sven,Tanaka,India,20.0,0,None,Walk-in,2026-05-11,1,3850.0,0,0,0
C05342,Chloe,Smith,India,32.0,0,None,Website,2026-05-11,1,5000.0,0,0,0
C05343,Meera,Jansen,Russia,29.0,0,None,Unknown,2026-05-10,1,21600.0,0,1,0
C05344,Sneha,Rossi,India,20.0,0,Advanced,Unknown,2026-05-08,0,,0,0,0
C05345,Itai,Brown,France,34.0,0,None,Unknown,2026-05-12,0,,0,0,0
C05346,Camille,Levi,Japan,44.0,0,Open Water,Website,2026-05-05,0,,0,0,0
C05347,Camille,Schmidt,United Kingdom,49.0,0,None,OTA,2026-05-12,0,,0,0,0
C05348,Aarav,Iyer,United Kingdom,53.0,0,Open Water,Unknown,2026-05-04,0,,0,0,0
C05349,Sophie,Petrova,France,46.0,0,Advanced,Referral,2026-05-08,0,,0,0,0
C05350,Ishaan,Menon,India,,1,Open Water,Website,2026-05-05,1,3700.0,0,0,0
C05351,Neha,Banerjee,India,21.0,0,Open Water,OTA,2026-05-06,1,5900.0,0,0,0
C05352,Chloe,Brown,India,34.0,0,None,Unknown,2026-05-10,1,4950.0,0,0,0
C05353,Tom,Levi,India,42.0,0,None,OTA,2026-05-04,0,,0,0,0
C05354,Aarav,Levi,France,44.0,0,None,Website,2026-05-11,1,5000.0,0,0,0
C05355,Vikram,Kulkarni,Germany,32.0,0,Open Water,Instagram,2026-05-07,1,7400.0,0,0,0
C05356,Dmitri,Levi,India,31.0,0,Advanced,OTA,2026-05-05,0,,0,0,0
C05357,Tom,Nair,India,20.0,0,None,OTA,2026-05-04,0,,0,0,0
C05358,Aarav,Gupta,India,,1,None,Referral,2026-05-13,1,5250.0,0,0,0
C05359,Chloe,Cohen,Germany,31.0,0,None,Walk-in,2026-05-09,1,5050.0,0,0,0
C05360,Meera,Dubois,Germany,35.0,0,Advanced,OTA,2026-05-08,1,12400.0,0,0,0
C05361,Itai,Reddy,Russia,25.0,0,None,Hotel Partner,2026-05-09,1,10100.0,0,0,0
C05362,Meera,Sharma,Netherlands,34.0,0,Open Water,OTA,2026-05-13,1,20500.0,0,1,0
C05363,Noa,Rossi,India,,1,None,Referral,2026-05-14,1,5000.0,0,0,0
C05364,Olga,Kulkarni,Australia,20.0,0,None,Website,2026-05-04,1,10150.0,0,0,0
C05365,Noa,Muller,India,34.0,0,Rescue,OTA,2026-05-08,1,5500.0,0,0,0
C05366,Emma,Iyer,United Kingdom,25.0,0,None,OTA,2026-05-04,1,4400.0,0,0,0
C05367,Arjun,Taylor,India,43.0,0,None,Walk-in,2026-05-11,1,5050.0,0,0,0
C05368,Anouk,Gupta,Germany,48.0,0,None,OTA,2026-05-15,0,,0,0,0
C05369,Kavya,Rossi,United Kingdom,43.0,0,Rescue,Walk-in,2026-05-12,0,,0,0,0
C05370,Elena,Taylor,India,44.0,0,Open Water,Website,2026-05-09,0,,0,0,0
C05371,Dmitri,Ivanov,Australia,,1,Open Water,OTA,2026-05-15,0,,0,0,0
C05372,Yuki,Sharma,India,47.0,0,Open Water,OTA,2026-05-10,0,,0,0,0
C05373,Aarav,Gupta,United States,19.0,0,Open Water,Website,2026-05-12,0,,0,0,0
C05374,Pierre,Chowdhury,India,43.0,0,Rescue,Walk-in,2026-05-11,0,,0,0,0
C05375,Daniel,Jansen,India,33.0,0,Open Water,OTA,2026-05-05,1,6200.0,0,0,0
C05376,Aditya,Petrova,India,53.0,0,None,OTA,2026-05-05,0,,0,0,0
C05377,Pierre,Schmidt,South Korea,36.0,0,Open Water,Walk-in,2026-05-12,0,,0,0,0
C05378,Pooja,Rossi,India,26.0,0,None,OTA,2026-05-16,1,4500.0,0,0,0
C05379,Minjun,Chowdhury,Italy,33.0,0,Open Water,Walk-in,2026-05-14,0,,0,0,0
C05380,Divya,Bakker,Russia,35.0,0,None,OTA,2026-05-13,0,,0,0,0
C05381,Yuki,Gupta,United States,34.0,0,Open Water,Referral,2026-05-09,0,,0,0,0
C05382,Anouk,Gupta,India,39.0,0,Advanced,Hotel Partner,2026-05-15,0,,0,0,0
C05383,Aditya,Rossi,Italy,,1,None,Walk-in,2026-05-06,0,,0,0,0
C05384,Rahul,Cohen,India,23.0,0,None,Walk-in,2026-05-15,1,24200.0,0,1,0
C05385,Sneha,Patel,India,56.0,0,Rescue,Instagram,2026-05-12,0,,0,0,0
C05386,Tom,Smith,India,50.0,0,Open Water,Referral,2026-05-07,0,,0,0,0
C05387,Siddharth,Jansen,India,40.0,0,Rescue,Instagram,2026-05-14,0,,0,0,0
C05388,Camille,Iyer,Netherlands,29.0,0,Open Water,Referral,2026-05-17,0,,0,0,0
C05389,Itai,Taylor,Israel,15.0,0,Advanced,Instagram,2026-05-17,0,,0,0,0
C05390,Sven,Muller,India,24.0,0,Open Water,OTA,2026-05-15,1,8450.0,0,0,0
C05391,Pooja,Jansen,India,,1,Advanced,Referral,2026-05-15,0,,0,0,0
C05392,Ravi,Wilson,India,37.0,0,Open Water,OTA,2026-05-14,0,,0,0,0
C05393,Karan,Bakker,India,23.0,0,None,Instagram,2026-05-10,1,7450.0,0,0,0
C05394,Ananya,Banerjee,India,42.0,0,None,Website,2026-05-13,0,,0,0,0
C05395,Aditya,Chowdhury,India,42.0,0,None,Instagram,2026-05-14,1,26950.0,0,1,0
C05396,Emma,Rossi,Australia,15.0,0,Open Water,Instagram,2026-05-13,1,6850.0,0,0,0
C05397,Daniel,Gupta,Italy,21.0,0,Open Water,Instagram,2026-05-09,1,7050.0,0,0,0
C05398,Sarah,Chowdhury,India,46.0,0,None,Instagram,2026-05-18,1,5450.0,0,0,0
C05399,Emma,Muller,Israel,33.0,0,None,Instagram,2026-05-08,1,4950.0,0,0,0
C05400,Pierre,Taylor,Netherlands,32.0,0,Open Water,Unknown,2026-05-12,1,14700.0,0,0,0
C05401,Itai,Dubois,United States,41.0,0,None,Walk-in,2026-05-16,1,9750.0,0,0,0
C05402,Neha,Petrova,India,,1,Open Water,Walk-in,2026-05-13,1,11500.0,0,0,0
C05403,Daniel,Brown,India,39.0,0,None,OTA,2026-05-09,0,,0,0,0
C05404,Arjun,Brown,India,19.0,0,None,Referral,2026-05-09,0,,0,0,0
C05405,Ravi,Gupta,United States,,1,Advanced,Hotel Partner,2026-05-19,1,6350.0,0,0,0
C05406,Ishaan,Park,United Kingdom,56.0,0,Open Water,OTA,2026-05-10,1,5700.0,0,0,0
C05407,Itai,Brown,Russia,36.0,0,None,Website,2026-05-14,1,4750.0,0,0,0
C05408,Pierre,Muller,India,42.0,0,None,Walk-in,2026-05-13,0,,0,0,0
C05409,Aarav,Muller,India,63.0,0,Open Water,Website,2026-05-17,1,13850.0,0,0,0
C05410,Sneha,Gupta,India,33.0,0,Open Water,Hotel Partner,2026-05-20,1,6100.0,0,0,0
C05411,Aditya,Gupta,India,28.0,0,None,OTA,2026-05-11,1,4550.0,0,0,0
C05412,Lukas,Banerjee,Germany,48.0,0,Open Water,Instagram,2026-05-15,1,3650.0,0,0,0
C05413,Hannah,Smith,India,34.0,0,None,OTA,2026-05-10,1,21550.0,0,1,0
C05414,Minjun,Patel,United States,26.0,0,Advanced,OTA,2026-05-17,1,3050.0,0,0,0
C05415,Rohan,Wilson,Germany,29.0,0,None,Instagram,2026-05-13,0,,0,0,0
C05416,Sneha,Nair,India,43.0,0,None,OTA,2026-05-18,1,3950.0,0,0,0
C05417,Elena,Menon,Netherlands,32.0,0,Open Water,Instagram,2026-05-11,0,,0,0,0
C05418,Ananya,Rossi,India,14.0,0,None,OTA,2026-05-18,1,7950.0,0,0,0
C05419,Divya,Chowdhury,India,17.0,0,Open Water,Hotel Partner,2026-05-13,1,9650.0,0,0,0
C05420,Marco,Gupta,India,38.0,0,Open Water,Walk-in,2026-05-12,1,3400.0,0,0,0
C05421,Sophie,Levi,Germany,18.0,0,None,Walk-in,2026-05-18,1,5050.0,0,0,0
C05422,Rohan,Rao,United States,,1,None,Walk-in,2026-05-17,1,10450.0,0,0,0
C05423,Chloe,Levi,India,49.0,0,None,Walk-in,2026-05-19,1,5000.0,0,0,0
C05424,Pierre,Nair,India,38.0,0,Advanced,Website,2026-05-18,0,,0,0,0
C05425,Hannah,Park,Israel,33.0,0,Divemaster,Hotel Partner,2026-05-15,0,,0,0,0
C05426,Rohan,Iyer,India,47.0,0,None,Referral,2026-05-22,1,10450.0,0,0,0
C05427,Rohan,Muller,India,29.0,0,Open Water,Hotel Partner,2026-05-18,1,6450.0,0,0,0
C05428,Ravi,Petrova,United Kingdom,41.0,0,Open Water,Referral,2026-05-20,1,13450.0,0,0,0
C05429,Siddharth,Dubois,India,46.0,0,Open Water,Website,2026-05-22,1,10450.0,0,0,0
C05430,Liam,Chowdhury,India,49.0,0,None,Unknown,2026-05-19,0,,0,0,0
C05431,Sven,Bakker,India,18.0,0,Advanced,Website,2026-05-14,0,,0,0,0
C05432,Marco,Menon,United States,27.0,0,None,Hotel Partner,2026-05-16,1,5050.0,0,0,0
C05433,Tom,Sharma,India,35.0,0,None,Referral,2026-05-20,0,,0,0,0
C05434,Arjun,Rossi,Germany,49.0,0,None,Website,2026-05-15,0,,0,0,0
C05435,Sven,Reddy,India,37.0,0,None,OTA,2026-05-16,0,,0,0,0
C05436,Neha,Bakker,India,41.0,0,None,Walk-in,2026-05-16,1,10550.0,0,0,0
C05437,Siddharth,Rossi,Japan,18.0,0,Advanced,OTA,2026-05-19,0,,0,0,0
C05438,Pierre,Bakker,Russia,25.0,0,Open Water,Referral,2026-05-23,0,,0,0,0
C05439,James,Bakker,United Kingdom,30.0,0,None,Unknown,2026-05-22,0,,0,0,0
C05440,Meera,Brown,Germany,36.0,0,Open Water,Referral,2026-05-18,0,,0,0,0
C05441,Arjun,Iyer,India,33.0,0,None,OTA,2026-05-14,0,,0,0,0
C05442,Karan,Reddy,Netherlands,12.0,0,Open Water,Referral,2026-05-16,0,,0,0,0
C05443,Lukas,Chowdhury,India,34.0,0,Advanced,Instagram,2026-05-23,1,11150.0,0,0,0
C05444,Siddharth,Ivanov,Netherlands,19.0,0,None,Website,2026-05-20,1,4900.0,0,0,0
C05445,Divya,Iyer,Netherlands,35.0,0,None,Website,2026-05-15,0,,0,0,0
C05446,Elena,Wilson,South Korea,32.0,0,None,OTA,2026-05-20,0,,0,0,0
C05447,Divya,Iyer,India,38.0,0,Open Water,Hotel Partner,2026-05-17,0,,0,0,0
C05448,Anouk,Kulkarni,India,,1,None,Instagram,2026-05-19,1,4900.0,0,0,0
C05449,Sneha,Schmidt,India,35.0,0,None,Referral,2026-05-20,0,,0,0,0
C05450,Minjun,Chowdhury,Germany,43.0,0,Open Water,Website,2026-05-21,1,10700.0,0,0,0
C05451,Itai,Ivanov,India,47.0,0,Open Water,Referral,2026-05-19,1,3200.0,0,0,0
C05452,Minjun,Bakker,Russia,34.0,0,Open Water,OTA,2026-05-22,1,6250.0,0,0,0
C05453,Lukas,Ivanov,United Kingdom,31.0,0,None,OTA,2026-05-15,1,8250.0,0,0,0
C05454,Dmitri,Petrova,India,40.0,0,None,Instagram,2026-05-23,1,5500.0,0,0,0
C05455,Elena,Tanaka,Russia,39.0,0,Open Water,Unknown,2026-05-20,1,10150.0,0,0,0
C05456,Elena,Desai,Russia,37.0,0,Open Water,OTA,2026-05-18,1,21350.0,0,1,0
C05457,Yuki,Rao,South Korea,43.0,0,Open Water,OTA,2026-05-26,0,,0,0,0
C05458,James,Bakker,India,38.0,0,None,Hotel Partner,2026-05-24,1,4350.0,0,0,0
C05459,Vikram,Levi,United States,,1,None,Website,2026-05-16,1,4700.0,0,0,0
C05460,Daniel,Taylor,Australia,26.0,0,Open Water,Hotel Partner,2026-05-26,1,22650.0,0,1,0
C05461,Sophie,Ivanov,India,41.0,0,None,Walk-in,2026-05-17,1,10250.0,0,0,0
C05462,Karan,Kim,India,29.0,0,None,Website,2026-05-16,1,26450.0,0,1,0
C05463,Divya,Banerjee,France,23.0,0,None,Hotel Partner,2026-05-18,0,,0,0,0
C05464,Vikram,Rossi,Germany,29.0,0,None,Website,2026-05-20,1,23900.0,0,1,0
C05465,Emma,Nair,India,42.0,0,Open Water,Instagram,2026-05-26,1,26300.0,0,1,0
C05466,Emma,Rossi,India,33.0,0,None,Referral,2026-05-20,0,,0,0,0
C05467,Divya,Ivanov,India,30.0,0,None,Walk-in,2026-05-18,1,5600.0,0,0,0
C05468,Neha,Kulkarni,India,29.0,0,Advanced,Website,2026-05-22,1,6550.0,0,0,0
C05469,Kavya,Kulkarni,Russia,24.0,0,Open Water,Website,2026-05-18,1,3250.0,0,0,0
C05470,Neha,Reddy,Germany,43.0,0,Open Water,OTA,2026-05-23,1,8600.0,0,0,0
C05471,Sven,Banerjee,India,26.0,0,Advanced,Walk-in,2026-05-18,0,,0,0,0
C05472,Arjun,Schmidt,India,30.0,0,None,Unknown,2026-05-28,1,5000.0,0,0,0
C05473,Sneha,Dubois,India,35.0,0,None,OTA,2026-05-26,1,4050.0,0,0,0
C05474,Olga,Nair,India,,1,Open Water,Referral,2026-05-24,0,,0,0,0
C05475,James,Petrova,India,44.0,0,Advanced,Unknown,2026-05-21,1,3550.0,0,0,0
C05476,Meera,Kulkarni,India,31.0,0,Open Water,OTA,2026-05-27,1,5600.0,0,0,0
C05477,Marco,Jansen,India,,1,None,OTA,2026-05-23,1,4600.0,0,0,0
C05478,Aarav,Ivanov,India,45.0,0,None,Walk-in,2026-05-24,0,,0,0,0
C05479,Chloe,Banerjee,India,15.0,0,Open Water,OTA,2026-05-29,1,5650.0,0,0,0
C05480,Itai,Bakker,Israel,33.0,0,Open Water,Instagram,2026-05-25,1,10000.0,0,0,0
C05481,Sneha,Chowdhury,India,44.0,0,None,Unknown,2026-05-24,1,4450.0,0,0,0
C05482,Elena,Jansen,India,32.0,0,None,Instagram,2026-05-20,1,27000.0,0,1,0
C05483,Karan,Park,South Korea,34.0,0,None,Walk-in,2026-05-27,1,5100.0,0,0,0
C05484,Daniel,Nair,India,46.0,0,None,Walk-in,2026-05-29,1,5100.0,0,0,0
C05485,Olga,Levi,India,33.0,0,Divemaster,Website,2026-05-24,1,3550.0,0,0,0
C05486,Aarav,Bakker,India,12.0,0,Open Water,Hotel Partner,2026-05-20,1,12550.0,0,0,0
C05487,Yuki,Iyer,India,,1,None,Walk-in,2026-05-29,1,5500.0,0,0,0
C05488,Rohan,Gupta,Netherlands,,1,Open Water,Instagram,2026-05-27,1,3700.0,0,0,0
C05489,Divya,Levi,India,44.0,0,None,Website,2026-05-25,1,4950.0,0,0,0
C05490,Divya,Wilson,Germany,37.0,0,Divemaster,Instagram,2026-05-21,1,7100.0,0,0,0
C05491,Vikram,Menon,India,43.0,0,None,Walk-in,2026-05-23,1,15050.0,0,0,0
C05492,Vikram,Smith,India,34.0,0,Divemaster,OTA,2026-05-21,0,,0,0,0
C05493,Sven,Brown,Israel,47.0,0,Open Water,Walk-in,2026-05-23,0,,0,0,0
C05494,Sven,Reddy,India,46.0,0,Open Water,OTA,2026-05-29,1,2750.0,0,0,0
C05495,Ishaan,Kulkarni,India,34.0,0,Advanced,Website,2026-05-24,1,6950.0,0,0,0
