inquiry_id,inquiry_date,channel,converted_booking_id,is_converted,is_converted_any_booking,season_year
Q000027,2023-11-04,OTA,B000035,1,1,2023-24 (half)
Q000010,2023-11-05,OTA,B000015,1,1,2023-24 (half)
Q000100,2023-11-05,OTA,B000125,1,1,2023-24 (half)
Q000046,2023-11-06,Website,B000058,1,1,2023-24 (half)
Q000122,2023-11-07,Walk-in,B000153,1,1,2023-24 (half)
Q000026,2023-11-08,Instagram,B000034,1,1,2023-24 (half)
Q000101,2023-11-08,Hotel Partner,B000126,1,1,2023-24 (half)
Q000134,2023-11-08,Website,B000168,0,1,2023-24 (half)
Q000008,2023-11-09,Referral,B000012,1,1,2023-24 (half)
Q000047,2023-11-09,Referral,B000059,0,1,2023-24 (half)
Q000070,2023-11-10,Walk-in,B000087,1,1,2023-24 (half)
Q000144,2023-11-11,Website,B000181,1,1,2023-24 (half)
Q000114,2023-11-12,OTA,B000143,1,1,2023-24 (half)
Q000050,2023-11-13,Website,B000062,1,1,2023-24 (half)
Q000068,2023-11-13,Referral,B000085,1,1,2023-24 (half)
Q000006,2023-11-15,Website,B000008,1,1,2023-24 (half)
Q000067,2023-11-15,Walk-in,B000084,1,1,2023-24 (half)
Q000113,2023-11-15,Website,B000142,1,1,2023-24 (half)
Q000015,2023-11-17,Referral,B000021,1,1,2023-24 (half)
Q000097,2023-11-17,Referral,B000122,1,1,2023-24 (half)
Q000208,2023-11-17,Walk-in,B000261,0,1,2023-24 (half)
Q000224,2023-11-17,Referral,B000278,1,1,2023-24 (half)
Q000023,2023-11-18,Walk-in,B000031,1,1,2023-24 (half)
Q000040,2023-11-18,Referral,B000051,1,1,2023-24 (half)
Q000155,2023-11-18,OTA,B000194,1,1,2023-24 (half)
Q000004,2023-11-19,Instagram,B000005,0,1,2023-24 (half)
Q000052,2023-11-19,Referral,B000065,1,1,2023-24 (half)
Q000077,2023-11-19,Instagram,B000097,1,1,2023-24 (half)
Q000095,2023-11-19,Referral,B000120,1,1,2023-24 (half)
Q000025,2023-11-20,Referral,B000033,1,1,2023-24 (half)
Q000062,2023-11-20,Website,B000079,1,1,2023-24 (half)
Q000073,2023-11-20,Website,B000093,1,1,2023-24 (half)
Q000157,2023-11-20,Hotel Partner,B000196,0,1,2023-24 (half)
Q000159,2023-11-20,Walk-in,B000199,1,1,2023-24 (half)
Q000176,2023-11-20,Referral,B000221,1,1,2023-24 (half)
Q000274,2023-11-20,Hotel Partner,B000348,1,1,2023-24 (half)
Q000065,2023-11-21,Walk-in,B000082,1,1,2023-24 (half)
Q000072,2023-11-21,Hotel Partner,B000090,1,1,2023-24 (half)
Q000075,2023-11-21,Referral,B000095,1,1,2023-24 (half)
Q000088,2023-11-21,Referral,B000110,1,1,2023-24 (half)
Q000013,2023-11-22,Walk-in,B000018,1,1,2023-24 (half)
Q000133,2023-11-22,Website,B000167,1,1,2023-24 (half)
Q000186,2023-11-22,Website,B000234,1,1,2023-24 (half)
Q000218,2023-11-22,Website,B000271,1,1,2023-24 (half)
Q000244,2023-11-22,Walk-in,B000302,1,1,2023-24 (half)
Q000254,2023-11-22,Walk-in,B000315,1,1,2023-24 (half)
Q000309,2023-11-22,Instagram,B000387,0,1,2023-24 (half)
Q000055,2023-11-23,Hotel Partner,B000071,1,1,2023-24 (half)
Q000132,2023-11-23,Website,B000166,1,1,2023-24 (half)
Q000142,2023-11-23,Referral,B000177,1,1,2023-24 (half)
Q000194,2023-11-23,Referral,B000242,1,1,2023-24 (half)
Q000035,2023-11-24,Hotel Partner,B000046,1,1,2023-24 (half)
Q000064,2023-11-24,Hotel Partner,B000081,0,1,2023-24 (half)
Q000087,2023-11-24,Website,B000109,1,1,2023-24 (half)
Q000202,2023-11-24,Website,B000251,0,1,2023-24 (half)
Q000215,2023-11-24,Website,B000268,1,1,2023-24 (half)
Q000253,2023-11-24,Hotel Partner,B000314,1,1,2023-24 (half)
Q000005,2023-11-25,Referral,B000007,0,1,2023-24 (half)
Q000032,2023-11-25,Hotel Partner,B000043,1,1,2023-24 (half)
Q000049,2023-11-25,Instagram,B000061,0,1,2023-24 (half)
Q000089,2023-11-25,Referral,B000112,1,1,2023-24 (half)
Q000121,2023-11-25,Walk-in,B000152,1,1,2023-24 (half)
Q000235,2023-11-25,Website,B000290,1,1,2023-24 (half)
Q000265,2023-11-25,Walk-in,B000338,1,1,2023-24 (half)
Q000278,2023-11-25,Walk-in,B000353,1,1,2023-24 (half)
Q000007,2023-11-26,Referral,B000010,1,1,2023-24 (half)
Q000036,2023-11-26,Website,B000047,0,1,2023-24 (half)
Q000041,2023-11-26,Walk-in,B000053,1,1,2023-24 (half)
Q000147,2023-11-26,Instagram,B000185,1,1,2023-24 (half)
Q000198,2023-11-26,Hotel Partner,B000247,1,1,2023-24 (half)
Q000230,2023-11-26,Walk-in,B000285,1,1,2023-24 (half)
Q000270,2023-11-26,Referral,B000344,1,1,2023-24 (half)
Q000057,2023-11-27,Referral,B000074,1,1,2023-24 (half)
Q000071,2023-11-27,Referral,B000088,1,1,2023-24 (half)
Q000174,2023-11-27,OTA,B000219,0,1,2023-24 (half)
Q000245,2023-11-27,Walk-in,B000303,1,1,2023-24 (half)
Q000295,2023-11-27,Walk-in,B000371,1,1,2023-24 (half)
Q000310,2023-11-27,Instagram,B000388,1,1,2023-24 (half)
Q000003,2023-11-28,Instagram,B000004,1,1,2023-24 (half)
Q000045,2023-11-28,Hotel Partner,B000057,1,1,2023-24 (half)
Q000080,2023-11-28,Instagram,B000101,1,1,2023-24 (half)
Q000112,2023-11-28,Website,B000141,1,1,2023-24 (half)
Q000115,2023-11-28,Website,B000144,1,1,2023-24 (half)
Q000118,2023-11-28,Website,B000149,1,1,2023-24 (half)
Q000255,2023-11-28,Hotel Partner,B000319,1,1,2023-24 (half)
Q000268,2023-11-28,Walk-in,B000342,1,1,2023-24 (half)
Q000328,2023-11-28,Walk-in,B000407,1,1,2023-24 (half)
Q000009,2023-11-29,Website,B000013,1,1,2023-24 (half)
Q000012,2023-11-29,Instagram,B000017,1,1,2023-24 (half)
Q000028,2023-11-29,Website,B000036,1,1,2023-24 (half)
Q000069,2023-11-29,Website,B000086,1,1,2023-24 (half)
Q000076,2023-11-29,Walk-in,B000096,1,1,2023-24 (half)
Q000102,2023-11-29,Walk-in,B000127,1,1,2023-24 (half)
Q000103,2023-11-29,OTA,B000129,1,1,2023-24 (half)
Q000107,2023-11-29,Referral,B000134,1,1,2023-24 (half)
Q000168,2023-11-29,Instagram,B000210,1,1,2023-24 (half)
Q000177,2023-11-29,Website,B000222,0,1,2023-24 (half)
Q000228,2023-11-29,Walk-in,B000283,1,1,2023-24 (half)
Q000296,2023-11-29,Instagram,B000372,0,1,2023-24 (half)
Q000197,2023-11-30,OTA,B000246,1,1,2023-24 (half)
Q000304,2023-11-30,Website,B000382,1,1,2023-24 (half)
Q000043,2023-12-01,Walk-in,B000055,1,1,2023-24 (half)
Q000149,2023-12-01,Website,B000188,1,1,2023-24 (half)
Q000227,2023-12-01,Walk-in,B000282,1,1,2023-24 (half)
Q000231,2023-12-01,Instagram,B000286,1,1,2023-24 (half)
Q000247,2023-12-01,Instagram,B000305,1,1,2023-24 (half)
Q000259,2023-12-01,Website,B000327,0,1,2023-24 (half)
Q000280,2023-12-01,Instagram,B000355,1,1,2023-24 (half)
Q000394,2023-12-01,Walk-in,B000491,1,1,2023-24 (half)
Q000415,2023-12-01,Walk-in,B000529,1,1,2023-24 (half)
Q000051,2023-12-02,Instagram,B000063,1,1,2023-24 (half)
Q000063,2023-12-02,Referral,B000080,0,1,2023-24 (half)
Q000066,2023-12-02,Instagram,B000083,1,1,2023-24 (half)
Q000082,2023-12-02,OTA,B000104,1,1,2023-24 (half)
Q000117,2023-12-02,Website,B000146,1,1,2023-24 (half)
Q000120,2023-12-02,Website,B000151,1,1,2023-24 (half)
Q000127,2023-12-02,Walk-in,B000158,1,1,2023-24 (half)
Q000226,2023-12-02,Hotel Partner,B000280,1,1,2023-24 (half)
Q000237,2023-12-02,Website,B000294,1,1,2023-24 (half)
Q000240,2023-12-02,Walk-in,B000297,1,1,2023-24 (half)
Q000334,2023-12-02,Website,B000416,1,1,2023-24 (half)
Q000352,2023-12-02,Walk-in,B000438,1,1,2023-24 (half)
Q000016,2023-12-03,Hotel Partner,B000022,1,1,2023-24 (half)
Q000018,2023-12-03,Walk-in,B000024,1,1,2023-24 (half)
Q000020,2023-12-03,Walk-in,B000027,1,1,2023-24 (half)
Q000053,2023-12-03,OTA,B000069,1,1,2023-24 (half)
Q000059,2023-12-03,Walk-in,B000076,1,1,2023-24 (half)
Q000084,2023-12-03,Instagram,B000106,1,1,2023-24 (half)
Q000106,2023-12-03,Website,B000133,1,1,2023-24 (half)
Q000162,2023-12-03,Referral,B000202,1,1,2023-24 (half)
Q000166,2023-12-03,Hotel Partner,B000208,1,1,2023-24 (half)
Q000173,2023-12-03,Walk-in,B000217,1,1,2023-24 (half)
Q000182,2023-12-03,Website,B000229,1,1,2023-24 (half)
Q000222,2023-12-03,Instagram,B000275,1,1,2023-24 (half)
Q000287,2023-12-03,Referral,B000363,1,1,2023-24 (half)
Q000322,2023-12-03,Instagram,B000401,1,1,2023-24 (half)
Q000356,2023-12-03,OTA,B000443,1,1,2023-24 (half)
Q000451,2023-12-03,Instagram,B000570,1,1,2023-24 (half)
Q000039,2023-12-04,Referral,B000050,1,1,2023-24 (half)
Q000094,2023-12-04,Walk-in,B000118,1,1,2023-24 (half)
Q000169,2023-12-04,Referral,B000211,1,1,2023-24 (half)
Q000238,2023-12-04,Hotel Partner,B000295,1,1,2023-24 (half)
Q000300,2023-12-04,OTA,B000376,1,1,2023-24 (half)
Q000338,2023-12-04,Hotel Partner,B000423,1,1,2023-24 (half)
Q000349,2023-12-04,Hotel Partner,B000435,1,1,2023-24 (half)
Q000017,2023-12-05,Walk-in,B000023,1,1,2023-24 (half)
Q000044,2023-12-05,Hotel Partner,B000056,1,1,2023-24 (half)
Q000467,2023-12-05,Instagram,B000590,1,1,2023-24 (half)
Q000021,2023-12-06,Referral,B000028,1,1,2023-24 (half)
Q000022,2023-12-06,Referral,B000029,1,1,2023-24 (half)
Q000048,2023-12-06,Referral,B000060,0,1,2023-24 (half)
Q000092,2023-12-06,Website,B000116,1,1,2023-24 (half)
Q000098,2023-12-06,Website,B000123,1,1,2023-24 (half)
Q000131,2023-12-06,Instagram,B000165,1,1,2023-24 (half)
Q000171,2023-12-06,Instagram,B000215,1,1,2023-24 (half)
Q000178,2023-12-06,Instagram,B000223,1,1,2023-24 (half)
Q000243,2023-12-06,Walk-in,B000301,1,1,2023-24 (half)
Q000248,2023-12-06,Website,B000306,1,1,2023-24 (half)
Q000263,2023-12-06,Walk-in,B000336,1,1,2023-24 (half)
Q000332,2023-12-06,Instagram,B000414,1,1,2023-24 (half)
Q000042,2023-12-07,Walk-in,B000054,1,1,2023-24 (half)
Q000058,2023-12-07,Hotel Partner,B000075,1,1,2023-24 (half)
Q000086,2023-12-07,Instagram,B000108,1,1,2023-24 (half)
Q000156,2023-12-07,Referral,B000195,1,1,2023-24 (half)
Q000200,2023-12-07,Walk-in,B000249,1,1,2023-24 (half)
Q000216,2023-12-07,OTA,B000269,1,1,2023-24 (half)
Q000249,2023-12-07,OTA,B000308,1,1,2023-24 (half)
Q000286,2023-12-07,Referral,B000361,0,1,2023-24 (half)
Q000293,2023-12-07,OTA,B000369,0,1,2023-24 (half)
Q000337,2023-12-07,Website,B000422,1,1,2023-24 (half)
Q000347,2023-12-07,Referral,B000433,1,1,2023-24 (half)
Q000368,2023-12-07,Website,B000456,1,1,2023-24 (half)
Q000410,2023-12-07,Website,B000519,1,1,2023-24 (half)
Q000110,2023-12-08,Walk-in,B000137,1,1,2023-24 (half)
Q000150,2023-12-08,Instagram,B000189,1,1,2023-24 (half)
Q000191,2023-12-08,Instagram,B000239,1,1,2023-24 (half)
Q000251,2023-12-08,Hotel Partner,B000311,1,1,2023-24 (half)
Q000303,2023-12-08,Walk-in,B000380,1,1,2023-24 (half)
Q000370,2023-12-08,Hotel Partner,B000460,1,1,2023-24 (half)
Q000483,2023-12-08,Referral,B000609,1,1,2023-24 (half)
Q000031,2023-12-09,Referral,B000041,1,1,2023-24 (half)
Q000078,2023-12-09,Walk-in,B000099,1,1,2023-24 (half)
Q000099,2023-12-09,Instagram,B000124,1,1,2023-24 (half)
Q000105,2023-12-09,Walk-in,B000131,1,1,2023-24 (half)
Q000164,2023-12-09,OTA,B000206,1,1,2023-24 (half)
Q000170,2023-12-09,Instagram,B000212,1,1,2023-24 (half)
Q000193,2023-12-09,Walk-in,B000241,0,1,2023-24 (half)
Q000233,2023-12-09,Referral,B000288,1,1,2023-24 (half)
Q000266,2023-12-09,Walk-in,B000340,1,1,2023-24 (half)
Q000305,2023-12-09,Referral,B000383,1,1,2023-24 (half)
Q000030,2023-12-10,OTA,B000040,0,1,2023-24 (half)
Q000090,2023-12-10,Walk-in,B000114,1,1,2023-24 (half)
Q000151,2023-12-10,Website,B000190,1,1,2023-24 (half)
Q000199,2023-12-10,Referral,B000248,1,1,2023-24 (half)
Q000267,2023-12-10,Walk-in,B000341,1,1,2023-24 (half)
Q000357,2023-12-10,Referral,B000444,1,1,2023-24 (half)
Q000381,2023-12-10,Instagram,B000473,1,1,2023-24 (half)
Q000060,2023-12-11,Referral,B000077,1,1,2023-24 (half)
Q000109,2023-12-11,Instagram,B000136,1,1,2023-24 (half)
Q000126,2023-12-11,Website,B000157,1,1,2023-24 (half)
Q000135,2023-12-11,OTA,B000169,1,1,2023-24 (half)
Q000146,2023-12-11,Website,B000183,1,1,2023-24 (half)
Q000229,2023-12-11,OTA,B000284,1,1,2023-24 (half)
Q000241,2023-12-11,Hotel Partner,B000299,1,1,2023-24 (half)
Q000271,2023-12-11,Walk-in,B000345,1,1,2023-24 (half)
Q000346,2023-12-11,Referral,B000432,1,1,2023-24 (half)
Q000444,2023-12-11,Instagram,B000562,0,1,2023-24 (half)
Q000553,2023-12-11,Walk-in,B000697,0,1,2023-24 (half)
Q000061,2023-12-12,Website,B000078,1,1,2023-24 (half)
Q000184,2023-12-12,Walk-in,B000231,1,1,2023-24 (half)
Q000333,2023-12-12,Walk-in,B000415,1,1,2023-24 (half)
Q000379,2023-12-12,Hotel Partner,B000470,0,1,2023-24 (half)
Q000386,2023-12-12,Referral,B000479,1,1,2023-24 (half)
Q000393,2023-12-12,Referral,B000490,1,1,2023-24 (half)
Q000402,2023-12-12,Instagram,B000507,1,1,2023-24 (half)
Q000116,2023-12-13,Walk-in,B000145,1,1,2023-24 (half)
Q000153,2023-12-13,Referral,B000192,1,1,2023-24 (half)
Q000167,2023-12-13,OTA,B000209,1,1,2023-24 (half)
Q000297,2023-12-13,Walk-in,B000373,0,1,2023-24 (half)
Q000341,2023-12-13,Referral,B000427,1,1,2023-24 (half)
Q000354,2023-12-13,OTA,B000441,1,1,2023-24 (half)
Q000383,2023-12-13,Walk-in,B000475,1,1,2023-24 (half)
Q000443,2023-12-13,Referral,B000561,1,1,2023-24 (half)
Q000489,2023-12-13,Website,B000615,1,1,2023-24 (half)
Q000517,2023-12-13,Website,B000654,1,1,2023-24 (half)
Q000534,2023-12-13,Walk-in,B000675,1,1,2023-24 (half)
Q000033,2023-12-14,Instagram,B000044,1,1,2023-24 (half)
Q000056,2023-12-14,Walk-in,B000072,0,1,2023-24 (half)
Q000074,2023-12-14,Instagram,B000094,1,1,2023-24 (half)
Q000079,2023-12-14,Walk-in,B000100,0,1,2023-24 (half)
Q000093,2023-12-14,Hotel Partner,B000117,0,1,2023-24 (half)
Q000152,2023-12-14,Referral,B000191,1,1,2023-24 (half)
Q000175,2023-12-14,Referral,B000220,1,1,2023-24 (half)
Q000217,2023-12-14,Referral,B000270,1,1,2023-24 (half)
Q000343,2023-12-14,Website,B000429,1,1,2023-24 (half)
Q000365,2023-12-14,Referral,B000453,1,1,2023-24 (half)
Q000494,2023-12-14,Instagram,B000622,1,1,2023-24 (half)
Q000002,2023-12-15,Website,B000003,1,1,2023-24 (half)
Q000165,2023-12-15,Website,B000207,1,1,2023-24 (half)
Q000183,2023-12-15,OTA,B000230,1,1,2023-24 (half)
Q000213,2023-12-15,Referral,B000266,1,1,2023-24 (half)
Q000232,2023-12-15,Website,B000287,0,1,2023-24 (half)
Q000250,2023-12-15,Hotel Partner,B000309,1,1,2023-24 (half)
Q000439,2023-12-15,Instagram,B000557,1,1,2023-24 (half)
Q000519,2023-12-15,Walk-in,B000656,1,1,2023-24 (half)
Q000565,2023-12-15,Walk-in,B000713,1,1,2023-24 (half)
Q000130,2023-12-16,Walk-in,B000164,1,1,2023-24 (half)
Q000136,2023-12-16,Walk-in,B000170,1,1,2023-24 (half)
Q000201,2023-12-16,OTA,B000250,0,1,2023-24 (half)
Q000209,2023-12-16,Website,B000262,1,1,2023-24 (half)
Q000210,2023-12-16,Hotel Partner,B000263,1,1,2023-24 (half)
Q000261,2023-12-16,Website,B000329,1,1,2023-24 (half)
Q000358,2023-12-16,Website,B000446,1,1,2023-24 (half)
Q000362,2023-12-16,Walk-in,B000450,1,1,2023-24 (half)
Q000442,2023-12-16,Instagram,B000560,1,1,2023-24 (half)
Q000001,2023-12-17,Referral,B000001,1,1,2023-24 (half)
Q000085,2023-12-17,Hotel Partner,B000107,1,1,2023-24 (half)
Q000141,2023-12-17,Referral,B000176,0,1,2023-24 (half)
Q000172,2023-12-17,Website,B000216,1,1,2023-24 (half)
Q000220,2023-12-17,Website,B000273,1,1,2023-24 (half)
Q000269,2023-12-17,OTA,B000343,1,1,2023-24 (half)
Q000291,2023-12-17,Referral,B000367,0,1,2023-24 (half)
Q000420,2023-12-17,Walk-in,B000534,1,1,2023-24 (half)
Q000441,2023-12-17,Referral,B000559,1,1,2023-24 (half)
Q000452,2023-12-17,Walk-in,B000572,1,1,2023-24 (half)
Q000453,2023-12-17,Hotel Partner,B000575,1,1,2023-24 (half)
Q000536,2023-12-17,Referral,B000678,1,1,2023-24 (half)
Q000029,2023-12-18,Walk-in,B000037,1,1,2023-24 (half)
Q000037,2023-12-18,Website,B000048,1,1,2023-24 (half)
Q000143,2023-12-18,Website,B000180,1,1,2023-24 (half)
Q000187,2023-12-18,Instagram,B000235,1,1,2023-24 (half)
Q000203,2023-12-18,Hotel Partner,B000252,1,1,2023-24 (half)
Q000329,2023-12-18,Walk-in,B000408,1,1,2023-24 (half)
Q000409,2023-12-18,Walk-in,B000517,1,1,2023-24 (half)
Q000431,2023-12-18,Referral,B000547,1,1,2023-24 (half)
Q000459,2023-12-18,OTA,B000581,1,1,2023-24 (half)
Q000512,2023-12-18,Referral,B000647,1,1,2023-24 (half)
Q000616,2023-12-18,Website,B000782,1,1,2023-24 (half)
Q000137,2023-12-19,Referral,B000171,1,1,2023-24 (half)
Q000219,2023-12-19,Hotel Partner,B000272,1,1,2023-24 (half)
Q000282,2023-12-19,Hotel Partner,B000357,1,1,2023-24 (half)
Q000308,2023-12-19,Instagram,B000386,0,1,2023-24 (half)
Q000314,2023-12-19,Website,B000392,1,1,2023-24 (half)
Q000375,2023-12-19,Hotel Partner,B000465,0,1,2023-24 (half)
Q000485,2023-12-19,Walk-in,B000611,0,1,2023-24 (half)
Q000125,2023-12-20,Hotel Partner,B000156,0,1,2023-24 (half)
Q000140,2023-12-20,Walk-in,B000175,1,1,2023-24 (half)
Q000252,2023-12-20,Referral,B000312,1,1,2023-24 (half)
Q000385,2023-12-20,Referral,B000478,0,1,2023-24 (half)
Q000398,2023-12-20,Walk-in,B000499,1,1,2023-24 (half)
Q000599,2023-12-20,Hotel Partner,B000758,1,1,2023-24 (half)
Q000633,2023-12-20,Walk-in,B000804,1,1,2023-24 (half)
Q000011,2023-12-21,Hotel Partner,B000016,1,1,2023-24 (half)
Q000014,2023-12-21,Hotel Partner,B000019,1,1,2023-24 (half)
Q000024,2023-12-21,OTA,B000032,1,1,2023-24 (half)
Q000124,2023-12-21,Website,B000155,1,1,2023-24 (half)
Q000161,2023-12-21,Website,B000201,1,1,2023-24 (half)
Q000192,2023-12-21,Referral,B000240,1,1,2023-24 (half)
Q000234,2023-12-21,Instagram,B000289,1,1,2023-24 (half)
Q000256,2023-12-21,Hotel Partner,B000321,0,1,2023-24 (half)
Q000260,2023-12-21,Referral,B000328,1,1,2023-24 (half)
Q000437,2023-12-21,Website,B000555,1,1,2023-24 (half)
Q000440,2023-12-21,Website,B000558,0,1,2023-24 (half)
Q000445,2023-12-21,Referral,B000563,1,1,2023-24 (half)
Q000569,2023-12-21,Walk-in,B000717,1,1,2023-24 (half)
Q000572,2023-12-21,Website,B000721,1,1,2023-24 (half)
Q000600,2023-12-21,Instagram,B000759,1,1,2023-24 (half)
Q000083,2023-12-22,Website,B000105,0,1,2023-24 (half)
Q000154,2023-12-22,Walk-in,B000193,1,1,2023-24 (half)
Q000158,2023-12-22,Hotel Partner,B000198,1,1,2023-24 (half)
Q000181,2023-12-22,Hotel Partner,B000228,1,1,2023-24 (half)
Q000196,2023-12-22,Website,B000245,1,1,2023-24 (half)
Q000214,2023-12-22,Walk-in,B000267,1,1,2023-24 (half)
Q000273,2023-12-22,Website,B000347,1,1,2023-24 (half)
Q000279,2023-12-22,Walk-in,B000354,1,1,2023-24 (half)
Q000298,2023-12-22,Walk-in,B000374,1,1,2023-24 (half)
Q000318,2023-12-22,Instagram,B000397,1,1,2023-24 (half)
Q000378,2023-12-22,Referral,B000469,1,1,2023-24 (half)
Q000380,2023-12-22,Website,B000472,1,1,2023-24 (half)
Q000403,2023-12-22,Website,B000509,0,1,2023-24 (half)
Q000465,2023-12-22,Walk-in,B000587,1,1,2023-24 (half)
Q000498,2023-12-22,Hotel Partner,B000626,1,1,2023-24 (half)
Q000515,2023-12-22,OTA,B000652,1,1,2023-24 (half)
Q000580,2023-12-22,Website,B000732,1,1,2023-24 (half)
Q000091,2023-12-23,Hotel Partner,B000115,1,1,2023-24 (half)
Q000246,2023-12-23,Instagram,B000304,1,1,2023-24 (half)
Q000292,2023-12-23,Referral,B000368,1,1,2023-24 (half)
Q000307,2023-12-23,Referral,B000385,1,1,2023-24 (half)
Q000336,2023-12-23,Referral,B000419,1,1,2023-24 (half)
Q000373,2023-12-23,Hotel Partner,B000463,1,1,2023-24 (half)
Q000412,2023-12-23,Walk-in,B000524,1,1,2023-24 (half)
Q000477,2023-12-23,Referral,B000602,1,1,2023-24 (half)
Q000019,2023-12-24,Instagram,B000025,0,1,2023-24 (half)
Q000054,2023-12-24,Walk-in,B000070,1,1,2023-24 (half)
Q000123,2023-12-24,Website,B000154,1,1,2023-24 (half)
Q000139,2023-12-24,Instagram,B000173,1,1,2023-24 (half)
Q000179,2023-12-24,Walk-in,B000224,1,1,2023-24 (half)
Q000180,2023-12-24,Walk-in,B000227,1,1,2023-24 (half)
Q000275,2023-12-24,Website,B000349,1,1,2023-24 (half)
Q000331,2023-12-24,Instagram,B000413,1,1,2023-24 (half)
Q000339,2023-12-24,Referral,B000424,1,1,2023-24 (half)
Q000363,2023-12-24,Referral,B000451,1,1,2023-24 (half)
Q000417,2023-12-24,Walk-in,B000531,1,1,2023-24 (half)
Q000474,2023-12-24,Walk-in,B000598,1,1,2023-24 (half)
Q000488,2023-12-24,Instagram,B000614,1,1,2023-24 (half)
Q000537,2023-12-24,Referral,B000679,1,1,2023-24 (half)
Q000560,2023-12-24,Website,B000707,0,1,2023-24 (half)
Q000038,2023-12-25,Referral,B000049,1,1,2023-24 (half)
Q000096,2023-12-25,OTA,B000121,0,1,2023-24 (half)
Q000104,2023-12-25,Instagram,B000130,1,1,2023-24 (half)
Q000145,2023-12-25,Walk-in,B000182,1,1,2023-24 (half)
Q000190,2023-12-25,Walk-in,B000238,1,1,2023-24 (half)
Q000391,2023-12-25,Walk-in,B000486,0,1,2023-24 (half)
Q000471,2023-12-25,Walk-in,B000594,1,1,2023-24 (half)
Q000482,2023-12-25,Walk-in,B000608,1,1,2023-24 (half)
Q000491,2023-12-25,Referral,B000617,1,1,2023-24 (half)
Q000526,2023-12-25,Hotel Partner,B000666,0,1,2023-24 (half)
Q000603,2023-12-25,Hotel Partner,B000763,0,1,2023-24 (half)
Q000622,2023-12-25,Walk-in,B000789,1,1,2023-24 (half)
Q000225,2023-12-26,Hotel Partner,B000279,1,1,2023-24 (half)
Q000301,2023-12-26,Instagram,B000378,0,1,2023-24 (half)
Q000313,2023-12-26,Referral,B000391,1,1,2023-24 (half)
Q000457,2023-12-26,Walk-in,B000579,0,1,2023-24 (half)
Q000458,2023-12-26,Walk-in,B000580,1,1,2023-24 (half)
Q000504,2023-12-26,Referral,B000636,1,1,2023-24 (half)
Q000527,2023-12-26,OTA,B000667,0,1,2023-24 (half)
Q000574,2023-12-26,Walk-in,B000724,0,1,2023-24 (half)
Q000644,2023-12-26,OTA,B000818,1,1,2023-24 (half)
Q000649,2023-12-26,Instagram,B000823,1,1,2023-24 (half)
Q000684,2023-12-26,Walk-in,B000869,1,1,2023-24 (half)
Q000108,2023-12-27,Referral,B000135,1,1,2023-24 (half)
Q000138,2023-12-27,Website,B000172,1,1,2023-24 (half)
Q000221,2023-12-27,Walk-in,B000274,1,1,2023-24 (half)
Q000276,2023-12-27,Walk-in,B000350,1,1,2023-24 (half)
Q000302,2023-12-27,Walk-in,B000379,0,1,2023-24 (half)
Q000340,2023-12-27,Instagram,B000426,1,1,2023-24 (half)
Q000342,2023-12-27,Website,B000428,1,1,2023-24 (half)
Q000348,2023-12-27,Website,B000434,1,1,2023-24 (half)
Q000355,2023-12-27,Walk-in,B000442,1,1,2023-24 (half)
Q000367,2023-12-27,Website,B000455,1,1,2023-24 (half)
Q000390,2023-12-27,Website,B000485,1,1,2023-24 (half)
Q000424,2023-12-27,OTA,B000538,1,1,2023-24 (half)
Q000428,2023-12-27,Website,B000544,1,1,2023-24 (half)
Q000456,2023-12-27,Walk-in,B000578,1,1,2023-24 (half)
Q000585,2023-12-27,Hotel Partner,B000737,1,1,2023-24 (half)
Q000639,2023-12-27,Walk-in,B000810,1,1,2023-24 (half)
Q000148,2023-12-28,Website,B000187,1,1,2023-24 (half)
Q000207,2023-12-28,Referral,B000257,1,1,2023-24 (half)
Q000223,2023-12-28,Referral,B000277,1,1,2023-24 (half)
Q000257,2023-12-28,Referral,B000322,0,1,2023-24 (half)
Q000290,2023-12-28,Instagram,B000366,1,1,2023-24 (half)
Q000389,2023-12-28,Walk-in,B000484,1,1,2023-24 (half)
Q000414,2023-12-28,Website,B000528,1,1,2023-24 (half)
Q000511,2023-12-28,Walk-in,B000646,1,1,2023-24 (half)
Q000522,2023-12-28,Hotel Partner,B000659,0,1,2023-24 (half)
Q000550,2023-12-28,Website,B000694,1,1,2023-24 (half)
Q000557,2023-12-28,OTA,B000703,1,1,2023-24 (half)
Q000609,2023-12-28,Instagram,B000771,1,1,2023-24 (half)
Q000205,2023-12-29,Website,B000255,1,1,2023-24 (half)
Q000262,2023-12-29,Instagram,B000331,0,1,2023-24 (half)
Q000283,2023-12-29,Walk-in,B000358,1,1,2023-24 (half)
Q000312,2023-12-29,Website,B000390,1,1,2023-24 (half)
Q000369,2023-12-29,Walk-in,B000458,1,1,2023-24 (half)
Q000388,2023-12-29,Referral,B000481,1,1,2023-24 (half)
Q000408,2023-12-29,Hotel Partner,B000515,1,1,2023-24 (half)
Q000422,2023-12-29,Website,B000536,1,1,2023-24 (half)
Q000432,2023-12-29,Referral,B000548,1,1,2023-24 (half)
Q000462,2023-12-29,Walk-in,B000584,1,1,2023-24 (half)
Q000486,2023-12-29,Hotel Partner,B000612,1,1,2023-24 (half)
Q000563,2023-12-29,Referral,B000711,1,1,2023-24 (half)
Q000664,2023-12-29,Instagram,B000843,1,1,2023-24 (half)
Q000676,2023-12-29,Instagram,B000858,1,1,2023-24 (half)
Q000712,2023-12-29,Referral,B000905,1,1,2023-24 (half)
Q000081,2023-12-30,Website,B000102,1,1,2023-24 (half)
Q000204,2023-12-30,Walk-in,B000254,1,1,2023-24 (half)
Q000285,2023-12-30,Hotel Partner,B000360,0,1,2023-24 (half)
Q000350,2023-12-30,Website,B000436,1,1,2023-24 (half)
Q000454,2023-12-30,Hotel Partner,B000576,1,1,2023-24 (half)
Q000478,2023-12-30,Walk-in,B000603,1,1,2023-24 (half)
Q000495,2023-12-30,Website,B000623,0,1,2023-24 (half)
Q000505,2023-12-30,Referral,B000637,1,1,2023-24 (half)
Q000531,2023-12-30,Website,B000671,1,1,2023-24 (half)
Q000535,2023-12-30,Walk-in,B000676,1,1,2023-24 (half)
Q000702,2023-12-30,Referral,B000893,1,1,2023-24 (half)
Q000727,2023-12-30,Instagram,B000922,1,1,2023-24 (half)
Q000732,2023-12-30,Instagram,B000928,1,1,2023-24 (half)
Q000759,2023-12-30,Hotel Partner,B000966,0,1,2023-24 (half)
Q000034,2023-12-31,Hotel Partner,B000045,1,1,2023-24 (half)
Q000111,2023-12-31,Walk-in,B000139,1,1,2023-24 (half)
Q000206,2023-12-31,OTA,B000256,1,1,2023-24 (half)
Q000382,2023-12-31,Website,B000474,1,1,2023-24 (half)
Q000436,2023-12-31,Website,B000554,1,1,2023-24 (half)
Q000472,2023-12-31,Website,B000596,1,1,2023-24 (half)
Q000480,2023-12-31,Website,B000605,1,1,2023-24 (half)
Q000538,2023-12-31,Hotel Partner,B000680,1,1,2023-24 (half)
Q000738,2023-12-31,Website,B000938,1,1,2023-24 (half)
Q000163,2024-01-01,Referral,B000203,1,1,2023-24 (half)
Q000188,2024-01-01,Referral,B000236,1,1,2023-24 (half)
Q000317,2024-01-01,Hotel Partner,B000396,0,1,2023-24 (half)
Q000320,2024-01-01,Walk-in,B000399,1,1,2023-24 (half)
Q000372,2024-01-01,Website,B000462,1,1,2023-24 (half)
Q000376,2024-01-01,Website,B000467,1,1,2023-24 (half)
Q000411,2024-01-01,Website,B000520,0,1,2023-24 (half)
Q000475,2024-01-01,Referral,B000599,1,1,2023-24 (half)
Q000484,2024-01-01,OTA,B000610,1,1,2023-24 (half)
Q000630,2024-01-01,OTA,B000801,1,1,2023-24 (half)
Q000648,2024-01-01,Website,B000822,1,1,2023-24 (half)
Q000672,2024-01-01,Walk-in,B000853,1,1,2023-24 (half)
Q000713,2024-01-01,Referral,B000906,1,1,2023-24 (half)
Q005907,2024-01-01,Referral,,0,0,2023-24 (half)
Q006255,2024-01-01,Walk-in,,0,0,2023-24 (half)
Q006466,2024-01-01,Hotel Partner,,0,0,2023-24 (half)
Q000129,2024-01-02,Referral,B000161,1,1,2023-24 (half)
Q000404,2024-01-02,Hotel Partner,B000511,1,1,2023-24 (half)
Q000423,2024-01-02,Referral,B000537,1,1,2023-24 (half)
Q000529,2024-01-02,OTA,B000669,1,1,2023-24 (half)
Q000539,2024-01-02,Referral,B000682,1,1,2023-24 (half)
Q000642,2024-01-02,Referral,B000814,1,1,2023-24 (half)
Q005567,2024-01-02,Hotel Partner,,0,0,2023-24 (half)
Q005589,2024-01-02,Walk-in,,0,0,2023-24 (half)
Q005655,2024-01-02,Instagram,,0,0,2023-24 (half)
Q005677,2024-01-02,Walk-in,,0,0,2023-24 (half)
Q005780,2024-01-02,Hotel Partner,,0,0,2023-24 (half)
Q005830,2024-01-02,Walk-in,,0,0,2023-24 (half)
Q006275,2024-01-02,Walk-in,,0,0,2023-24 (half)
Q006336,2024-01-02,Hotel Partner,,0,0,2023-24 (half)
Q006445,2024-01-02,Website,,0,0,2023-24 (half)
Q000119,2024-01-03,Hotel Partner,B000150,0,1,2023-24 (half)
Q000264,2024-01-03,OTA,B000337,1,1,2023-24 (half)
Q000284,2024-01-03,Walk-in,B000359,1,1,2023-24 (half)
Q000294,2024-01-03,Instagram,B000370,1,1,2023-24 (half)
Q000345,2024-01-03,Walk-in,B000431,1,1,2023-24 (half)
Q000366,2024-01-03,Referral,B000454,1,1,2023-24 (half)
Q000582,2024-01-03,Referral,B000734,1,1,2023-24 (half)
Q000596,2024-01-03,Walk-in,B000754,1,1,2023-24 (half)
Q000775,2024-01-03,Website,B000988,1,1,2023-24 (half)
Q005569,2024-01-03,Hotel Partner,,0,0,2023-24 (half)
Q005623,2024-01-03,Walk-in,,0,0,2023-24 (half)
Q005667,2024-01-03,Website,,0,0,2023-24 (half)
Q005707,2024-01-03,Website,,0,0,2023-24 (half)
Q006177,2024-01-03,Walk-in,,0,0,2023-24 (half)
Q000160,2024-01-04,Walk-in,B000200,1,1,2023-24 (half)
Q000185,2024-01-04,Referral,B000232,1,1,2023-24 (half)
Q000306,2024-01-04,Hotel Partner,B000384,0,1,2023-24 (half)
Q000315,2024-01-04,OTA,B000394,1,1,2023-24 (half)
Q000325,2024-01-04,Walk-in,B000404,1,1,2023-24 (half)
Q000335,2024-01-04,Website,B000417,1,1,2023-24 (half)
Q000361,2024-01-04,Website,B000449,0,1,2023-24 (half)
Q000374,2024-01-04,Hotel Partner,B000464,1,1,2023-24 (half)
Q000416,2024-01-04,Walk-in,B000530,1,1,2023-24 (half)
Q000455,2024-01-04,Hotel Partner,B000577,1,1,2023-24 (half)
Q000513,2024-01-04,Instagram,B000648,1,1,2023-24 (half)
Q000549,2024-01-04,Hotel Partner,B000693,1,1,2023-24 (half)
Q000592,2024-01-04,Website,B000748,0,1,2023-24 (half)
Q000641,2024-01-04,Website,B000812,1,1,2023-24 (half)
Q000737,2024-01-04,OTA,B000936,1,1,2023-24 (half)
Q000799,2024-01-04,Website,B001021,1,1,2023-24 (half)
Q005621,2024-01-04,Website,,0,0,2023-24 (half)
Q005812,2024-01-04,Website,,0,0,2023-24 (half)
Q005988,2024-01-04,Website,,0,0,2023-24 (half)
Q006394,2024-01-04,Walk-in,,0,0,2023-24 (half)
Q006438,2024-01-04,Hotel Partner,,0,0,2023-24 (half)
Q000281,2024-01-05,Walk-in,B000356,1,1,2023-24 (half)
Q000353,2024-01-05,Referral,B000440,1,1,2023-24 (half)
Q000399,2024-01-05,Walk-in,B000500,1,1,2023-24 (half)
Q000400,2024-01-05,Referral,B000504,1,1,2023-24 (half)
Q000466,2024-01-05,Instagram,B000588,1,1,2023-24 (half)
Q000500,2024-01-05,Walk-in,B000630,1,1,2023-24 (half)
Q000726,2024-01-05,Referral,B000921,1,1,2023-24 (half)
Q000763,2024-01-05,Website,B000971,1,1,2023-24 (half)
Q000824,2024-01-05,Instagram,B001058,1,1,2023-24 (half)
Q005646,2024-01-05,OTA,,0,0,2023-24 (half)
Q005679,2024-01-05,Hotel Partner,,0,0,2023-24 (half)
Q006036,2024-01-05,Website,,0,0,2023-24 (half)
Q006178,2024-01-05,Referral,,0,0,2023-24 (half)
Q006311,2024-01-05,Instagram,,0,0,2023-24 (half)
Q000189,2024-01-06,Walk-in,B000237,1,1,2023-24 (half)
Q000316,2024-01-06,Referral,B000395,1,1,2023-24 (half)
Q000401,2024-01-06,Website,B000506,1,1,2023-24 (half)
Q000406,2024-01-06,Referral,B000513,1,1,2023-24 (half)
Q000413,2024-01-06,Walk-in,B000525,1,1,2023-24 (half)
Q000425,2024-01-06,Website,B000539,1,1,2023-24 (half)
Q000544,2024-01-06,Website,B000687,1,1,2023-24 (half)
Q000601,2024-01-06,Website,B000760,1,1,2023-24 (half)
Q000602,2024-01-06,Website,B000762,1,1,2023-24 (half)
Q000628,2024-01-06,Website,B000798,1,1,2023-24 (half)
Q006088,2024-01-06,Website,,0,0,2023-24 (half)
Q006117,2024-01-06,Website,,0,0,2023-24 (half)
Q006221,2024-01-06,Referral,,0,0,2023-24 (half)
Q006417,2024-01-06,Website,,0,0,2023-24 (half)
Q000321,2024-01-07,Instagram,B000400,1,1,2023-24 (half)
Q000351,2024-01-07,Walk-in,B000437,1,1,2023-24 (half)
Q000359,2024-01-07,Hotel Partner,B000447,1,1,2023-24 (half)
Q000405,2024-01-07,Walk-in,B000512,1,1,2023-24 (half)
Q000502,2024-01-07,Website,B000633,1,1,2023-24 (half)
Q000595,2024-01-07,Referral,B000753,1,1,2023-24 (half)
Q000647,2024-01-07,OTA,B000821,1,1,2023-24 (half)
Q000673,2024-01-07,Walk-in,B000854,1,1,2023-24 (half)
Q000683,2024-01-07,Hotel Partner,B000867,1,1,2023-24 (half)
Q000690,2024-01-07,Instagram,B000878,0,1,2023-24 (half)
Q000698,2024-01-07,OTA,B000889,1,1,2023-24 (half)
Q000778,2024-01-07,Walk-in,B000993,1,1,2023-24 (half)
Q000804,2024-01-07,Website,B001027,1,1,2023-24 (half)
Q005882,2024-01-07,Hotel Partner,,0,0,2023-24 (half)
Q005962,2024-01-07,Website,,0,0,2023-24 (half)
Q006023,2024-01-07,Website,,0,0,2023-24 (half)
Q006196,2024-01-07,Instagram,,0,0,2023-24 (half)
Q006208,2024-01-07,Referral,,0,0,2023-24 (half)
Q006242,2024-01-07,Walk-in,,0,0,2023-24 (half)
Q006295,2024-01-07,Instagram,,0,0,2023-24 (half)
Q006307,2024-01-07,Hotel Partner,,0,0,2023-24 (half)
Q006492,2024-01-07,OTA,,0,0,2023-24 (half)
Q000344,2024-01-08,Walk-in,B000430,1,1,2023-24 (half)
Q000501,2024-01-08,Walk-in,B000631,1,1,2023-24 (half)
Q000584,2024-01-08,Walk-in,B000736,1,1,2023-24 (half)
Q000625,2024-01-08,OTA,B000792,0,1,2023-24 (half)
Q000627,2024-01-08,Referral,B000794,1,1,2023-24 (half)
Q000654,2024-01-08,Website,B000830,1,1,2023-24 (half)
Q000665,2024-01-08,Referral,B000845,1,1,2023-24 (half)
Q000785,2024-01-08,Website,B001003,1,1,2023-24 (half)
Q000807,2024-01-08,Website,B001030,1,1,2023-24 (half)
Q005767,2024-01-08,Website,,0,0,2023-24 (half)
Q005798,2024-01-08,Walk-in,,0,0,2023-24 (half)
Q006111,2024-01-08,Instagram,,0,0,2023-24 (half)
Q006133,2024-01-08,Walk-in,,0,0,2023-24 (half)
Q006439,2024-01-08,Walk-in,,0,0,2023-24 (half)
Q000128,2024-01-09,Referral,B000160,1,1,2023-24 (half)
Q000239,2024-01-09,Walk-in,B000296,1,1,2023-24 (half)
Q000288,2024-01-09,Referral,B000364,1,1,2023-24 (half)
Q000311,2024-01-09,Referral,B000389,1,1,2023-24 (half)
Q000377,2024-01-09,Instagram,B000468,1,1,2023-24 (half)
Q000397,2024-01-09,Website,B000496,1,1,2023-24 (half)
Q000447,2024-01-09,Website,B000566,0,1,2023-24 (half)
Q000470,2024-01-09,Walk-in,B000593,1,1,2023-24 (half)
Q000503,2024-01-09,Walk-in,B000634,1,1,2023-24 (half)
Q000507,2024-01-09,Instagram,B000639,1,1,2023-24 (half)
Q000524,2024-01-09,Website,B000661,1,1,2023-24 (half)
Q000573,2024-01-09,Referral,B000723,1,1,2023-24 (half)
Q000661,2024-01-09,Referral,B000840,0,1,2023-24 (half)
Q000752,2024-01-09,Referral,B000958,1,1,2023-24 (half)
Q000823,2024-01-09,Walk-in,B001057,1,1,2023-24 (half)
Q005580,2024-01-09,Walk-in,,0,0,2023-24 (half)
Q005688,2024-01-09,OTA,,0,0,2023-24 (half)
Q005883,2024-01-09,Walk-in,,0,0,2023-24 (half)
Q005899,2024-01-09,Walk-in,,0,0,2023-24 (half)
Q005936,2024-01-09,Website,,0,0,2023-24 (half)
Q006249,2024-01-09,Walk-in,,0,0,2023-24 (half)
Q006366,2024-01-09,Referral,,0,0,2023-24 (half)
Q006375,2024-01-09,Walk-in,,0,0,2023-24 (half)
Q000212,2024-01-10,Walk-in,B000265,1,1,2023-24 (half)
Q000236,2024-01-10,Instagram,B000292,1,1,2023-24 (half)
Q000433,2024-01-10,Walk-in,B000549,1,1,2023-24 (half)
Q000463,2024-01-10,OTA,B000585,1,1,2023-24 (half)
Q000464,2024-01-10,Website,B000586,1,1,2023-24 (half)
Q000508,2024-01-10,Hotel Partner,B000640,0,1,2023-24 (half)
Q000516,2024-01-10,Walk-in,B000653,1,1,2023-24 (half)
Q000520,2024-01-10,Walk-in,B000657,1,1,2023-24 (half)
Q000523,2024-01-10,Website,B000660,1,1,2023-24 (half)
Q000610,2024-01-10,Walk-in,B000772,1,1,2023-24 (half)
Q000635,2024-01-10,Walk-in,B000806,1,1,2023-24 (half)
Q000691,2024-01-10,Walk-in,B000880,0,1,2023-24 (half)
Q000705,2024-01-10,Referral,B000898,0,1,2023-24 (half)
Q000709,2024-01-10,OTA,B000902,1,1,2023-24 (half)
Q005849,2024-01-10,Hotel Partner,,0,0,2023-24 (half)
Q005934,2024-01-10,Website,,0,0,2023-24 (half)
Q006192,2024-01-10,Referral,,0,0,2023-24 (half)
Q006294,2024-01-10,Hotel Partner,,0,0,2023-24 (half)
Q000319,2024-01-11,Referral,B000398,1,1,2023-24 (half)
Q000429,2024-01-11,Walk-in,B000545,1,1,2023-24 (half)
Q000438,2024-01-11,OTA,B000556,1,1,2023-24 (half)
Q000578,2024-01-11,Walk-in,B000729,1,1,2023-24 (half)
Q000797,2024-01-11,Referral,B001018,1,1,2023-24 (half)
Q005857,2024-01-11,Website,,0,0,2023-24 (half)
Q005955,2024-01-11,Referral,,0,0,2023-24 (half)
Q005967,2024-01-11,Walk-in,,0,0,2023-24 (half)
Q006205,2024-01-11,Walk-in,,0,0,2023-24 (half)
Q006433,2024-01-11,Hotel Partner,,0,0,2023-24 (half)
Q000195,2024-01-12,Referral,B000244,1,1,2023-24 (half)
Q000547,2024-01-12,Website,B000690,1,1,2023-24 (half)
Q000577,2024-01-12,Hotel Partner,B000727,1,1,2023-24 (half)
Q000621,2024-01-12,Hotel Partner,B000788,0,1,2023-24 (half)
Q000653,2024-01-12,Referral,B000828,1,1,2023-24 (half)
Q000750,2024-01-12,Referral,B000956,0,1,2023-24 (half)
Q000762,2024-01-12,Walk-in,B000970,1,1,2023-24 (half)
Q000765,2024-01-12,Website,B000973,1,1,2023-24 (half)
Q000770,2024-01-12,Website,B000982,1,1,2023-24 (half)
Q000819,2024-01-12,Hotel Partner,B001049,1,1,2023-24 (half)
Q000868,2024-01-12,OTA,B001117,1,1,2023-24 (half)
Q005575,2024-01-12,Walk-in,,0,0,2023-24 (half)
Q005902,2024-01-12,Instagram,,0,0,2023-24 (half)
Q006296,2024-01-12,Walk-in,,0,0,2023-24 (half)
Q006447,2024-01-12,Walk-in,,0,0,2023-24 (half)
Q006456,2024-01-12,OTA,,0,0,2023-24 (half)
Q000211,2024-01-13,OTA,B000264,0,1,2023-24 (half)
Q000327,2024-01-13,OTA,B000406,1,1,2023-24 (half)
Q000364,2024-01-13,Instagram,B000452,1,1,2023-24 (half)
Q000371,2024-01-13,OTA,B000461,0,1,2023-24 (half)
Q000460,2024-01-13,Hotel Partner,B000582,1,1,2023-24 (half)
Q000479,2024-01-13,Referral,B000604,1,1,2023-24 (half)
Q000532,2024-01-13,Referral,B000672,1,1,2023-24 (half)
Q000562,2024-01-13,Referral,B000710,1,1,2023-24 (half)
Q000587,2024-01-13,Instagram,B000740,1,1,2023-24 (half)
Q000597,2024-01-13,Referral,B000755,1,1,2023-24 (half)
Q000608,2024-01-13,Hotel Partner,B000769,1,1,2023-24 (half)
Q000629,2024-01-13,OTA,B000800,1,1,2023-24 (half)
Q000638,2024-01-13,Referral,B000809,1,1,2023-24 (half)
Q000667,2024-01-13,Referral,B000847,0,1,2023-24 (half)
Q000681,2024-01-13,Referral,B000865,1,1,2023-24 (half)
Q000769,2024-01-13,Referral,B000980,1,1,2023-24 (half)
Q000876,2024-01-13,Walk-in,B001127,1,1,2023-24 (half)
Q005603,2024-01-13,Website,,0,0,2023-24 (half)
Q005614,2024-01-13,Instagram,,0,0,2023-24 (half)
Q006016,2024-01-13,Website,,0,0,2023-24 (half)
Q006385,2024-01-13,OTA,,0,0,2023-24 (half)
Q006414,2024-01-13,Instagram,,0,0,2023-24 (half)
Q000242,2024-01-14,Website,B000300,1,1,2023-24 (half)
Q000272,2024-01-14,Walk-in,B000346,1,1,2023-24 (half)
Q000277,2024-01-14,Instagram,B000351,1,1,2023-24 (half)
Q000289,2024-01-14,Instagram,B000365,1,1,2023-24 (half)
Q000326,2024-01-14,Instagram,B000405,1,1,2023-24 (half)
Q000395,2024-01-14,Hotel Partner,B000494,1,1,2023-24 (half)
Q000419,2024-01-14,Website,B000533,1,1,2023-24 (half)
Q000421,2024-01-14,Walk-in,B000535,1,1,2023-24 (half)
Q000540,2024-01-14,Website,B000683,1,1,2023-24 (half)
Q000586,2024-01-14,Walk-in,B000739,1,1,2023-24 (half)
Q000658,2024-01-14,Walk-in,B000835,1,1,2023-24 (half)
Q000795,2024-01-14,Walk-in,B001016,1,1,2023-24 (half)
Q005617,2024-01-14,Walk-in,,0,0,2023-24 (half)
Q005651,2024-01-14,Website,,0,0,2023-24 (half)
Q005683,2024-01-14,Referral,,0,0,2023-24 (half)
Q005873,2024-01-14,Website,,0,0,2023-24 (half)
Q005944,2024-01-14,Walk-in,,0,0,2023-24 (half)
Q005956,2024-01-14,Walk-in,,0,0,2023-24 (half)
Q006012,2024-01-14,Hotel Partner,,0,0,2023-24 (half)
Q006174,2024-01-14,Walk-in,,0,0,2023-24 (half)
Q006287,2024-01-14,Referral,,0,0,2023-24 (half)
Q006304,2024-01-14,Instagram,,0,0,2023-24 (half)
Q006478,2024-01-14,Referral,,0,0,2023-24 (half)
Q000258,2024-01-15,Walk-in,B000325,1,1,2023-24 (half)
Q000323,2024-01-15,Instagram,B000402,1,1,2023-24 (half)
Q000481,2024-01-15,Walk-in,B000607,1,1,2023-24 (half)
Q000533,2024-01-15,Walk-in,B000674,1,1,2023-24 (half)
Q000605,2024-01-15,OTA,B000765,0,1,2023-24 (half)
Q000669,2024-01-15,OTA,B000850,1,1,2023-24 (half)
Q000678,2024-01-15,Hotel Partner,B000862,1,1,2023-24 (half)
Q000718,2024-01-15,Walk-in,B000913,1,1,2023-24 (half)
Q000735,2024-01-15,Website,B000933,1,1,2023-24 (half)
Q000760,2024-01-15,Walk-in,B000967,1,1,2023-24 (half)
Q005632,2024-01-15,Referral,,0,0,2023-24 (half)
Q005834,2024-01-15,Referral,,0,0,2023-24 (half)
Q006116,2024-01-15,Hotel Partner,,0,0,2023-24 (half)
Q006131,2024-01-15,OTA,,0,0,2023-24 (half)
Q000299,2024-01-16,OTA,B000375,1,1,2023-24 (half)
Q000360,2024-01-16,Walk-in,B000448,1,1,2023-24 (half)
Q000430,2024-01-16,OTA,B000546,0,1,2023-24 (half)
Q000434,2024-01-16,Instagram,B000550,1,1,2023-24 (half)
Q000518,2024-01-16,Website,B000655,1,1,2023-24 (half)
Q000545,2024-01-16,Hotel Partner,B000688,1,1,2023-24 (half)
Q000554,2024-01-16,OTA,B000699,0,1,2023-24 (half)
Q000614,2024-01-16,Walk-in,B000780,0,1,2023-24 (half)
Q000652,2024-01-16,Referral,B000827,1,1,2023-24 (half)
Q000719,2024-01-16,Hotel Partner,B000914,1,1,2023-24 (half)
Q000753,2024-01-16,Website,B000959,1,1,2023-24 (half)
Q000784,2024-01-16,Instagram,B001001,1,1,2023-24 (half)
Q000907,2024-01-16,Walk-in,B001169,1,1,2023-24 (half)
Q005742,2024-01-16,Referral,,0,0,2023-24 (half)
Q005965,2024-01-16,Website,,0,0,2023-24 (half)
Q000330,2024-01-17,Walk-in,B000409,1,1,2023-24 (half)
Q000384,2024-01-17,OTA,B000477,1,1,2023-24 (half)
Q000407,2024-01-17,Website,B000514,1,1,2023-24 (half)
Q000435,2024-01-17,Walk-in,B000553,1,1,2023-24 (half)
Q000446,2024-01-17,Website,B000565,1,1,2023-24 (half)
Q000450,2024-01-17,OTA,B000569,0,1,2023-24 (half)
Q000487,2024-01-17,Walk-in,B000613,1,1,2023-24 (half)
Q000556,2024-01-17,Walk-in,B000702,1,1,2023-24 (half)
Q000716,2024-01-17,Referral,B000911,1,1,2023-24 (half)
Q005570,2024-01-17,Referral,,0,0,2023-24 (half)
Q005608,2024-01-17,Walk-in,,0,0,2023-24 (half)
Q005636,2024-01-17,Referral,,0,0,2023-24 (half)
Q005771,2024-01-17,Referral,,0,0,2023-24 (half)
Q005891,2024-01-17,Website,,0,0,2023-24 (half)
Q005972,2024-01-17,Website,,0,0,2023-24 (half)
Q006035,2024-01-17,Walk-in,,0,0,2023-24 (half)
Q006110,2024-01-17,OTA,,0,0,2023-24 (half)
Q006370,2024-01-17,Walk-in,,0,0,2023-24 (half)
Q006399,2024-01-17,Instagram,,0,0,2023-24 (half)
Q000426,2024-01-18,Instagram,B000541,1,1,2023-24 (half)
Q000468,2024-01-18,OTA,B000591,1,1,2023-24 (half)
Q000509,2024-01-18,Walk-in,B000641,1,1,2023-24 (half)
Q000510,2024-01-18,Instagram,B000645,1,1,2023-24 (half)
Q000525,2024-01-18,Instagram,B000665,1,1,2023-24 (half)
Q000583,2024-01-18,Hotel Partner,B000735,1,1,2023-24 (half)
Q000588,2024-01-18,Walk-in,B000742,1,1,2023-24 (half)
Q000590,2024-01-18,Walk-in,B000744,1,1,2023-24 (half)
Q000593,2024-01-18,Hotel Partner,B000749,1,1,2023-24 (half)
Q000606,2024-01-18,OTA,B000766,1,1,2023-24 (half)
Q000612,2024-01-18,Website,B000775,1,1,2023-24 (half)
Q000687,2024-01-18,OTA,B000873,1,1,2023-24 (half)
Q000749,2024-01-18,Walk-in,B000955,1,1,2023-24 (half)
Q000780,2024-01-18,Instagram,B000995,0,1,2023-24 (half)
Q000843,2024-01-18,Walk-in,B001080,1,1,2023-24 (half)
Q000885,2024-01-18,Walk-in,B001138,1,1,2023-24 (half)
Q005620,2024-01-18,Website,,0,0,2023-24 (half)
Q005713,2024-01-18,Walk-in,,0,0,2023-24 (half)
Q006004,2024-01-18,OTA,,0,0,2023-24 (half)
Q006145,2024-01-18,Referral,,0,0,2023-24 (half)
Q000324,2024-01-19,Walk-in,B000403,1,1,2023-24 (half)
Q000449,2024-01-19,OTA,B000568,0,1,2023-24 (half)
Q000473,2024-01-19,OTA,B000597,1,1,2023-24 (half)
Q000493,2024-01-19,Website,B000620,1,1,2023-24 (half)
Q000717,2024-01-19,Instagram,B000912,1,1,2023-24 (half)
Q000743,2024-01-19,Walk-in,B000947,1,1,2023-24 (half)
Q000745,2024-01-19,Referral,B000949,0,1,2023-24 (half)
Q000813,2024-01-19,Hotel Partner,B001040,1,1,2023-24 (half)
Q000863,2024-01-19,Website,B001112,1,1,2023-24 (half)
Q005568,2024-01-19,Referral,,0,0,2023-24 (half)
Q006030,2024-01-19,Website,,0,0,2023-24 (half)
Q006187,2024-01-19,Referral,,0,0,2023-24 (half)
Q006260,2024-01-19,Walk-in,,0,0,2023-24 (half)
Q006341,2024-01-19,Walk-in,,0,0,2023-24 (half)
Q006392,2024-01-19,Walk-in,,0,0,2023-24 (half)
Q006429,2024-01-19,OTA,,0,0,2023-24 (half)
Q000396,2024-01-20,Walk-in,B000495,1,1,2023-24 (half)
Q000530,2024-01-20,Walk-in,B000670,1,1,2023-24 (half)
Q000543,2024-01-20,Website,B000686,1,1,2023-24 (half)
Q000670,2024-01-20,Referral,B000851,1,1,2023-24 (half)
Q000708,2024-01-20,OTA,B000901,1,1,2023-24 (half)
Q000764,2024-01-20,Hotel Partner,B000972,1,1,2023-24 (half)
Q005640,2024-01-20,OTA,,0,0,2023-24 (half)
Q006405,2024-01-20,Website,,0,0,2023-24 (half)
Q000387,2024-01-21,Website,B000480,1,1,2023-24 (half)
Q000469,2024-01-21,Walk-in,B000592,1,1,2023-24 (half)
Q000499,2024-01-21,Referral,B000629,1,1,2023-24 (half)
Q000521,2024-01-21,Instagram,B000658,1,1,2023-24 (half)
Q000623,2024-01-21,Walk-in,B000790,1,1,2023-24 (half)
Q000655,2024-01-21,Walk-in,B000831,1,1,2023-24 (half)
Q000689,2024-01-21,Website,B000877,1,1,2023-24 (half)
Q000805,2024-01-21,Instagram,B001028,0,1,2023-24 (half)
Q000856,2024-01-21,OTA,B001102,1,1,2023-24 (half)
Q005702,2024-01-21,Instagram,,0,0,2023-24 (half)
Q005980,2024-01-21,Website,,0,0,2023-24 (half)
Q006009,2024-01-21,Referral,,0,0,2023-24 (half)
Q006440,2024-01-21,Referral,,0,0,2023-24 (half)
Q000490,2024-01-22,Hotel Partner,B000616,1,1,2023-24 (half)
Q000541,2024-01-22,OTA,B000684,1,1,2023-24 (half)
Q000618,2024-01-22,Website,B000785,1,1,2023-24 (half)
Q000675,2024-01-22,Hotel Partner,B000857,1,1,2023-24 (half)
Q005657,2024-01-22,Instagram,,0,0,2023-24 (half)
Q005805,2024-01-22,Referral,,0,0,2023-24 (half)
Q005856,2024-01-22,OTA,,0,0,2023-24 (half)
Q005866,2024-01-22,Referral,,0,0,2023-24 (half)
Q005973,2024-01-22,OTA,,0,0,2023-24 (half)
Q006359,2024-01-22,Walk-in,,0,0,2023-24 (half)
Q006491,2024-01-22,Walk-in,,0,0,2023-24 (half)
Q000497,2024-01-23,Instagram,B000625,1,1,2023-24 (half)
Q000542,2024-01-23,Referral,B000685,1,1,2023-24 (half)
Q000555,2024-01-23,Walk-in,B000700,1,1,2023-24 (half)
Q000564,2024-01-23,Referral,B000712,1,1,2023-24 (half)
Q000598,2024-01-23,Instagram,B000756,1,1,2023-24 (half)
Q000619,2024-01-23,Referral,B000786,1,1,2023-24 (half)
Q000624,2024-01-23,Walk-in,B000791,0,1,2023-24 (half)
Q000671,2024-01-23,Referral,B000852,1,1,2023-24 (half)
Q000710,2024-01-23,Walk-in,B000903,1,1,2023-24 (half)
Q000720,2024-01-23,Website,B000915,1,1,2023-24 (half)
Q000758,2024-01-23,Hotel Partner,B000965,0,1,2023-24 (half)
Q000767,2024-01-23,Walk-in,B000976,0,1,2023-24 (half)
Q000828,2024-01-23,Instagram,B001062,1,1,2023-24 (half)
Q000884,2024-01-23,Hotel Partner,B001136,1,1,2023-24 (half)
Q000898,2024-01-23,Walk-in,B001156,1,1,2023-24 (half)
Q000928,2024-01-23,Referral,B001197,1,1,2023-24 (half)
Q005774,2024-01-23,Hotel Partner,,0,0,2023-24 (half)
Q005917,2024-01-23,Instagram,,0,0,2023-24 (half)
Q006090,2024-01-23,Walk-in,,0,0,2023-24 (half)
Q006335,2024-01-23,Walk-in,,0,0,2023-24 (half)
Q006389,2024-01-23,OTA,,0,0,2023-24 (half)
Q006427,2024-01-23,Website,,0,0,2023-24 (half)
Q000476,2024-01-24,Website,B000601,1,1,2023-24 (half)
Q000528,2024-01-24,Walk-in,B000668,0,1,2023-24 (half)
Q000558,2024-01-24,Walk-in,B000704,1,1,2023-24 (half)
Q000571,2024-01-24,Instagram,B000719,0,1,2023-24 (half)
Q000575,2024-01-24,OTA,B000725,1,1,2023-24 (half)
Q000581,2024-01-24,Hotel Partner,B000733,1,1,2023-24 (half)
Q000636,2024-01-24,Walk-in,B000807,1,1,2023-24 (half)
Q000917,2024-01-24,Hotel Partner,B001184,1,1,2023-24 (half)
Q000926,2024-01-24,Website,B001194,1,1,2023-24 (half)
Q000982,2024-01-24,Website,B001267,1,1,2023-24 (half)
Q005566,2024-01-24,Walk-in,,0,0,2023-24 (half)
Q005710,2024-01-24,OTA,,0,0,2023-24 (half)
Q005768,2024-01-24,Referral,,0,0,2023-24 (half)
Q005877,2024-01-24,OTA,,0,0,2023-24 (half)
Q005932,2024-01-24,Walk-in,,0,0,2023-24 (half)
Q006095,2024-01-24,Website,,0,0,2023-24 (half)
Q006212,2024-01-24,Instagram,,0,0,2023-24 (half)
Q006377,2024-01-24,Walk-in,,0,0,2023-24 (half)
Q006423,2024-01-24,Walk-in,,0,0,2023-24 (half)
Q000496,2024-01-25,OTA,B000624,1,1,2023-24 (half)
Q000514,2024-01-25,Walk-in,B000649,1,1,2023-24 (half)
Q000568,2024-01-25,Hotel Partner,B000716,1,1,2023-24 (half)
Q000694,2024-01-25,Website,B000883,1,1,2023-24 (half)
Q000741,2024-01-25,Hotel Partner,B000943,1,1,2023-24 (half)
Q000814,2024-01-25,Website,B001041,1,1,2023-24 (half)
Q000838,2024-01-25,Hotel Partner,B001074,1,1,2023-24 (half)
Q000850,2024-01-25,OTA,B001089,1,1,2023-24 (half)
Q001030,2024-01-25,OTA,B001336,1,1,2023-24 (half)
Q005747,2024-01-25,Hotel Partner,,0,0,2023-24 (half)
Q005863,2024-01-25,Hotel Partner,,0,0,2023-24 (half)
Q006032,2024-01-25,Walk-in,,0,0,2023-24 (half)
Q006147,2024-01-25,Website,,0,0,2023-24 (half)
Q006179,2024-01-25,Walk-in,,0,0,2023-24 (half)
Q006245,2024-01-25,Instagram,,0,0,2023-24 (half)
Q006280,2024-01-25,Hotel Partner,,0,0,2023-24 (half)
Q000392,2024-01-26,Instagram,B000489,1,1,2023-24 (half)
Q000567,2024-01-26,Walk-in,B000715,1,1,2023-24 (half)
Q000594,2024-01-26,Instagram,B000750,1,1,2023-24 (half)
Q000659,2024-01-26,Hotel Partner,B000836,1,1,2023-24 (half)
Q000721,2024-01-26,Website,B000916,1,1,2023-24 (half)
Q000766,2024-01-26,Walk-in,B000975,0,1,2023-24 (half)
Q000771,2024-01-26,Walk-in,B000983,0,1,2023-24 (half)
Q000955,2024-01-26,Website,B001229,1,1,2023-24 (half)
Q005724,2024-01-26,Website,,0,0,2023-24 (half)
Q005748,2024-01-26,Instagram,,0,0,2023-24 (half)
Q005920,2024-01-26,Walk-in,,0,0,2023-24 (half)
Q005927,2024-01-26,Website,,0,0,2023-24 (half)
Q006175,2024-01-26,Referral,,0,0,2023-24 (half)
Q000418,2024-01-27,Walk-in,B000532,1,1,2023-24 (half)
Q000448,2024-01-27,Website,B000567,0,1,2023-24 (half)
Q000551,2024-01-27,Referral,B000695,1,1,2023-24 (half)
Q000591,2024-01-27,Walk-in,B000746,1,1,2023-24 (half)
Q000640,2024-01-27,OTA,B000811,1,1,2023-24 (half)
Q000643,2024-01-27,Website,B000816,1,1,2023-24 (half)
Q000768,2024-01-27,Instagram,B000979,0,1,2023-24 (half)
Q000779,2024-01-27,Referral,B000994,1,1,2023-24 (half)
Q000793,2024-01-27,Walk-in,B001014,1,1,2023-24 (half)
Q000817,2024-01-27,Walk-in,B001045,1,1,2023-24 (half)
Q000822,2024-01-27,Website,B001055,1,1,2023-24 (half)
Q000902,2024-01-27,Hotel Partner,B001162,1,1,2023-24 (half)
Q001047,2024-01-27,Referral,B001359,1,1,2023-24 (half)
Q005668,2024-01-27,Hotel Partner,,0,0,2023-24 (half)
Q005692,2024-01-27,Walk-in,,0,0,2023-24 (half)
Q005721,2024-01-27,Walk-in,,0,0,2023-24 (half)
Q005828,2024-01-27,Website,,0,0,2023-24 (half)
Q005906,2024-01-27,Hotel Partner,,0,0,2023-24 (half)
Q005978,2024-01-27,Walk-in,,0,0,2023-24 (half)
Q006244,2024-01-27,Instagram,,0,0,2023-24 (half)
Q006348,2024-01-27,Referral,,0,0,2023-24 (half)
Q006386,2024-01-27,Hotel Partner,,0,0,2023-24 (half)
Q006469,2024-01-27,Referral,,0,0,2023-24 (half)
Q000461,2024-01-28,Walk-in,B000583,1,1,2023-24 (half)
Q000492,2024-01-28,OTA,B000618,1,1,2023-24 (half)
Q000579,2024-01-28,Referral,B000731,1,1,2023-24 (half)
Q000663,2024-01-28,OTA,B000842,1,1,2023-24 (half)
Q000695,2024-01-28,Website,B000885,1,1,2023-24 (half)
Q000751,2024-01-28,Website,B000957,1,1,2023-24 (half)
Q000761,2024-01-28,Hotel Partner,B000969,1,1,2023-24 (half)
Q000792,2024-01-28,Referral,B001012,1,1,2023-24 (half)
Q000802,2024-01-28,Website,B001025,1,1,2023-24 (half)
Q000854,2024-01-28,Hotel Partner,B001096,0,1,2023-24 (half)
Q000910,2024-01-28,Website,B001173,1,1,2023-24 (half)
Q001060,2024-01-28,Referral,B001373,1,1,2023-24 (half)
Q001072,2024-01-28,Walk-in,B001387,1,1,2023-24 (half)
Q005642,2024-01-28,Hotel Partner,,0,0,2023-24 (half)
Q005791,2024-01-28,Hotel Partner,,0,0,2023-24 (half)
Q005815,2024-01-28,Walk-in,,0,0,2023-24 (half)
Q005870,2024-01-28,OTA,,0,0,2023-24 (half)
Q006085,2024-01-28,Instagram,,0,0,2023-24 (half)
Q006183,2024-01-28,Walk-in,,0,0,2023-24 (half)
Q006436,2024-01-28,OTA,,0,0,2023-24 (half)
Q006489,2024-01-28,OTA,,0,0,2023-24 (half)
Q000546,2024-01-29,OTA,B000689,1,1,2023-24 (half)
Q000548,2024-01-29,Website,B000691,1,1,2023-24 (half)
Q000626,2024-01-29,Referral,B000793,1,1,2023-24 (half)
Q000645,2024-01-29,Walk-in,B000819,1,1,2023-24 (half)
Q000680,2024-01-29,Referral,B000864,1,1,2023-24 (half)
Q000776,2024-01-29,Instagram,B000990,1,1,2023-24 (half)
Q000786,2024-01-29,Walk-in,B001004,1,1,2023-24 (half)
Q000798,2024-01-29,Website,B001020,1,1,2023-24 (half)
Q000811,2024-01-29,Walk-in,B001038,1,1,2023-24 (half)
Q000881,2024-01-29,Website,B001132,1,1,2023-24 (half)
Q000944,2024-01-29,Instagram,B001215,1,1,2023-24 (half)
Q000980,2024-01-29,Website,B001264,1,1,2023-24 (half)
Q005802,2024-01-29,Website,,0,0,2023-24 (half)
Q006065,2024-01-29,Instagram,,0,0,2023-24 (half)
Q006154,2024-01-29,Website,,0,0,2023-24 (half)
Q006483,2024-01-29,Referral,,0,0,2023-24 (half)
Q000552,2024-01-30,Walk-in,B000696,1,1,2023-24 (half)
Q000611,2024-01-30,Referral,B000774,1,1,2023-24 (half)
Q000617,2024-01-30,Website,B000784,1,1,2023-24 (half)
Q000660,2024-01-30,Instagram,B000837,1,1,2023-24 (half)
Q000686,2024-01-30,Referral,B000872,1,1,2023-24 (half)
Q000733,2024-01-30,Website,B000930,1,1,2023-24 (half)
Q000831,2024-01-30,Walk-in,B001065,1,1,2023-24 (half)
Q000844,2024-01-30,OTA,B001081,0,1,2023-24 (half)
Q000865,2024-01-30,OTA,B001114,1,1,2023-24 (half)
Q000911,2024-01-30,OTA,B001174,1,1,2023-24 (half)
Q000946,2024-01-30,Website,B001220,1,1,2023-24 (half)
Q000998,2024-01-30,Walk-in,B001288,1,1,2023-24 (half)
Q005578,2024-01-30,Walk-in,,0,0,2023-24 (half)
Q005658,2024-01-30,Website,,0,0,2023-24 (half)
Q005854,2024-01-30,Walk-in,,0,0,2023-24 (half)
Q005874,2024-01-30,Website,,0,0,2023-24 (half)
Q000634,2024-01-31,Hotel Partner,B000805,0,1,2023-24 (half)
Q000656,2024-01-31,Walk-in,B000832,1,1,2023-24 (half)
Q000703,2024-01-31,Instagram,B000894,1,1,2023-24 (half)
Q000711,2024-01-31,Walk-in,B000904,1,1,2023-24 (half)
Q000777,2024-01-31,Website,B000991,1,1,2023-24 (half)
Q000787,2024-01-31,OTA,B001005,1,1,2023-24 (half)
Q000862,2024-01-31,Instagram,B001111,1,1,2023-24 (half)
Q000867,2024-01-31,Referral,B001116,1,1,2023-24 (half)
Q000892,2024-01-31,Website,B001146,1,1,2023-24 (half)
Q000943,2024-01-31,Walk-in,B001214,1,1,2023-24 (half)
Q000997,2024-01-31,Website,B001287,1,1,2023-24 (half)
Q001065,2024-01-31,Website,B001380,0,1,2023-24 (half)
Q005577,2024-01-31,Referral,,0,0,2023-24 (half)
Q005645,2024-01-31,Instagram,,0,0,2023-24 (half)
Q005977,2024-01-31,Walk-in,,0,0,2023-24 (half)
Q006060,2024-01-31,Walk-in,,0,0,2023-24 (half)
Q006100,2024-01-31,Instagram,,0,0,2023-24 (half)
Q006167,2024-01-31,Walk-in,,0,0,2023-24 (half)
Q006267,2024-01-31,Walk-in,,0,0,2023-24 (half)
Q006476,2024-01-31,Walk-in,,0,0,2023-24 (half)
Q006482,2024-01-31,Hotel Partner,,0,0,2023-24 (half)
Q000427,2024-02-01,OTA,B000542,1,1,2023-24 (half)
Q000559,2024-02-01,OTA,B000706,0,1,2023-24 (half)
Q000576,2024-02-01,Walk-in,B000726,1,1,2023-24 (half)
Q000637,2024-02-01,Referral,B000808,1,1,2023-24 (half)
Q000773,2024-02-01,Hotel Partner,B000986,0,1,2023-24 (half)
Q000796,2024-02-01,OTA,B001017,1,1,2023-24 (half)
Q000860,2024-02-01,Walk-in,B001107,0,1,2023-24 (half)
Q000886,2024-02-01,Website,B001139,1,1,2023-24 (half)
Q000970,2024-02-01,OTA,B001248,0,1,2023-24 (half)
Q005693,2024-02-01,Instagram,,0,0,2023-24 (half)
Q005921,2024-02-01,Referral,,0,0,2023-24 (half)
Q005933,2024-02-01,Hotel Partner,,0,0,2023-24 (half)
Q006021,2024-02-01,Instagram,,0,0,2023-24 (half)
Q006214,2024-02-01,Walk-in,,0,0,2023-24 (half)
Q006459,2024-02-01,Website,,0,0,2023-24 (half)
Q000774,2024-02-02,OTA,B000987,1,1,2023-24 (half)
Q000808,2024-02-02,Website,B001033,0,1,2023-24 (half)
Q000821,2024-02-02,OTA,B001054,1,1,2023-24 (half)
Q000891,2024-02-02,Instagram,B001145,1,1,2023-24 (half)
Q000895,2024-02-02,Instagram,B001153,0,1,2023-24 (half)
Q000904,2024-02-02,Walk-in,B001165,1,1,2023-24 (half)
Q000938,2024-02-02,Instagram,B001208,0,1,2023-24 (half)
Q001013,2024-02-02,Website,B001309,1,1,2023-24 (half)
Q001051,2024-02-02,OTA,B001363,1,1,2023-24 (half)
Q005684,2024-02-02,Walk-in,,0,0,2023-24 (half)
Q005937,2024-02-02,Hotel Partner,,0,0,2023-24 (half)
Q006074,2024-02-02,Hotel Partner,,0,0,2023-24 (half)
Q006430,2024-02-02,Website,,0,0,2023-24 (half)
Q000506,2024-02-03,Referral,B000638,1,1,2023-24 (half)
Q000646,2024-02-03,Website,B000820,1,1,2023-24 (half)
Q000651,2024-02-03,Referral,B000825,1,1,2023-24 (half)
Q000692,2024-02-03,Instagram,B000881,0,1,2023-24 (half)
Q000699,2024-02-03,Website,B000890,0,1,2023-24 (half)
Q000739,2024-02-03,Referral,B000941,1,1,2023-24 (half)
Q000748,2024-02-03,Walk-in,B000954,1,1,2023-24 (half)
Q000782,2024-02-03,Hotel Partner,B000999,0,1,2023-24 (half)
Q000794,2024-02-03,Instagram,B001015,1,1,2023-24 (half)
Q000800,2024-02-03,Website,B001022,1,1,2023-24 (half)
Q000950,2024-02-03,Walk-in,B001224,1,1,2023-24 (half)
Q000976,2024-02-03,Walk-in,B001259,1,1,2023-24 (half)
Q001025,2024-02-03,Hotel Partner,B001328,1,1,2023-24 (half)
Q005811,2024-02-03,Walk-in,,0,0,2023-24 (half)
Q005928,2024-02-03,Walk-in,,0,0,2023-24 (half)
Q006054,2024-02-03,Website,,0,0,2023-24 (half)
Q006070,2024-02-03,Walk-in,,0,0,2023-24 (half)
Q006286,2024-02-03,Instagram,,0,0,2023-24 (half)
Q000650,2024-02-04,Walk-in,B000824,1,1,2023-24 (half)
Q000674,2024-02-04,Instagram,B000856,1,1,2023-24 (half)
Q000688,2024-02-04,Instagram,B000875,0,1,2023-24 (half)
Q000700,2024-02-04,Instagram,B000891,1,1,2023-24 (half)
Q000707,2024-02-04,Referral,B000900,1,1,2023-24 (half)
Q000772,2024-02-04,Referral,B000984,1,1,2023-24 (half)
Q000986,2024-02-04,Website,B001271,1,1,2023-24 (half)
Q001002,2024-02-04,Walk-in,B001296,1,1,2023-24 (half)
Q005736,2024-02-04,Walk-in,,0,0,2023-24 (half)
Q005829,2024-02-04,Website,,0,0,2023-24 (half)
Q005895,2024-02-04,Instagram,,0,0,2023-24 (half)
Q006176,2024-02-04,Walk-in,,0,0,2023-24 (half)
Q006298,2024-02-04,Walk-in,,0,0,2023-24 (half)
Q006424,2024-02-04,Walk-in,,0,0,2023-24 (half)
Q000570,2024-02-05,Referral,B000718,1,1,2023-24 (half)
Q000620,2024-02-05,Walk-in,B000787,1,1,2023-24 (half)
Q000632,2024-02-05,Walk-in,B000803,1,1,2023-24 (half)
Q000662,2024-02-05,Instagram,B000841,1,1,2023-24 (half)
Q000810,2024-02-05,Website,B001037,1,1,2023-24 (half)
Q000827,2024-02-05,Referral,B001061,1,1,2023-24 (half)
Q000869,2024-02-05,Referral,B001118,1,1,2023-24 (half)
Q000875,2024-02-05,Walk-in,B001125,1,1,2023-24 (half)
Q000996,2024-02-05,Walk-in,B001285,1,1,2023-24 (half)
Q005916,2024-02-05,Hotel Partner,,0,0,2023-24 (half)
Q006064,2024-02-05,Referral,,0,0,2023-24 (half)
Q006223,2024-02-05,OTA,,0,0,2023-24 (half)
Q006420,2024-02-05,Website,,0,0,2023-24 (half)
Q000589,2024-02-06,Referral,B000743,1,1,2023-24 (half)
Q000724,2024-02-06,Referral,B000919,1,1,2023-24 (half)
Q000747,2024-02-06,Referral,B000952,0,1,2023-24 (half)
Q000754,2024-02-06,Instagram,B000960,1,1,2023-24 (half)
Q000873,2024-02-06,Walk-in,B001123,1,1,2023-24 (half)
Q000889,2024-02-06,Instagram,B001142,1,1,2023-24 (half)
Q000912,2024-02-06,Website,B001175,1,1,2023-24 (half)
Q000983,2024-02-06,Walk-in,B001268,1,1,2023-24 (half)
Q001008,2024-02-06,Referral,B001303,1,1,2023-24 (half)
Q001075,2024-02-06,Walk-in,B001390,1,1,2023-24 (half)
Q005590,2024-02-06,Walk-in,,0,0,2023-24 (half)
Q006120,2024-02-06,Hotel Partner,,0,0,2023-24 (half)
Q006344,2024-02-06,Walk-in,,0,0,2023-24 (half)
Q006367,2024-02-06,Instagram,,0,0,2023-24 (half)
Q000631,2024-02-07,OTA,B000802,1,1,2023-24 (half)
Q000657,2024-02-07,Website,B000833,1,1,2023-24 (half)
Q000677,2024-02-07,Hotel Partner,B000859,1,1,2023-24 (half)
Q000685,2024-02-07,Referral,B000870,1,1,2023-24 (half)
Q000734,2024-02-07,Walk-in,B000932,1,1,2023-24 (half)
Q000841,2024-02-07,Referral,B001077,0,1,2023-24 (half)
Q000963,2024-02-07,Website,B001237,0,1,2023-24 (half)
Q000968,2024-02-07,Walk-in,B001244,1,1,2023-24 (half)
Q000985,2024-02-07,Walk-in,B001270,1,1,2023-24 (half)
Q001037,2024-02-07,Instagram,B001345,1,1,2023-24 (half)
Q001084,2024-02-07,Website,B001400,1,1,2023-24 (half)
Q001086,2024-02-07,Referral,B001402,1,1,2023-24 (half)
Q001126,2024-02-07,Walk-in,B001453,1,1,2023-24 (half)
Q005600,2024-02-07,Walk-in,,0,0,2023-24 (half)
Q005982,2024-02-07,Website,,0,0,2023-24 (half)
Q006053,2024-02-07,Referral,,0,0,2023-24 (half)
Q006128,2024-02-07,Walk-in,,0,0,2023-24 (half)
Q006159,2024-02-07,OTA,,0,0,2023-24 (half)
Q006168,2024-02-07,Referral,,0,0,2023-24 (half)
Q006246,2024-02-07,Website,,0,0,2023-24 (half)
Q006305,2024-02-07,OTA,,0,0,2023-24 (half)
Q006330,2024-02-07,Hotel Partner,,0,0,2023-24 (half)
Q006398,2024-02-07,Hotel Partner,,0,0,2023-24 (half)
Q000682,2024-02-08,Hotel Partner,B000866,0,1,2023-24 (half)
Q000744,2024-02-08,Walk-in,B000948,1,1,2023-24 (half)
Q000746,2024-02-08,Website,B000950,0,1,2023-24 (half)
Q000755,2024-02-08,Referral,B000961,1,1,2023-24 (half)
Q000845,2024-02-08,Walk-in,B001082,1,1,2023-24 (half)
Q001012,2024-02-08,Instagram,B001307,1,1,2023-24 (half)
Q001033,2024-02-08,OTA,B001339,1,1,2023-24 (half)
Q005725,2024-02-08,Instagram,,0,0,2023-24 (half)
Q006232,2024-02-08,OTA,,0,0,2023-24 (half)
Q006409,2024-02-08,Walk-in,,0,0,2023-24 (half)
Q000815,2024-02-09,Referral,B001043,1,1,2023-24 (half)
Q000849,2024-02-09,OTA,B001088,1,1,2023-24 (half)
Q000853,2024-02-09,Website,B001094,1,1,2023-24 (half)
Q000994,2024-02-09,Walk-in,B001281,1,1,2023-24 (half)
Q005711,2024-02-09,Referral,,0,0,2023-24 (half)
Q005741,2024-02-09,Walk-in,,0,0,2023-24 (half)
Q005924,2024-02-09,Instagram,,0,0,2023-24 (half)
Q006013,2024-02-09,Hotel Partner,,0,0,2023-24 (half)
Q006077,2024-02-09,Website,,0,0,2023-24 (half)
Q006276,2024-02-09,Website,,0,0,2023-24 (half)
Q006395,2024-02-09,Referral,,0,0,2023-24 (half)
Q006408,2024-02-09,Walk-in,,0,0,2023-24 (half)
Q006448,2024-02-09,Instagram,,0,0,2023-24 (half)
Q006458,2024-02-09,Website,,0,0,2023-24 (half)
Q000604,2024-02-10,OTA,B000764,1,1,2023-24 (half)
Q000697,2024-02-10,Instagram,B000887,1,1,2023-24 (half)
Q000852,2024-02-10,Website,B001092,1,1,2023-24 (half)
Q000878,2024-02-10,Walk-in,B001129,0,1,2023-24 (half)
Q000915,2024-02-10,Walk-in,B001182,1,1,2023-24 (half)
Q000924,2024-02-10,Website,B001190,1,1,2023-24 (half)
Q000987,2024-02-10,Referral,B001272,1,1,2023-24 (half)
Q001017,2024-02-10,OTA,B001316,1,1,2023-24 (half)
Q001020,2024-02-10,Website,B001320,1,1,2023-24 (half)
Q001063,2024-02-10,Walk-in,B001378,1,1,2023-24 (half)
Q005689,2024-02-10,Website,,0,0,2023-24 (half)
Q005766,2024-02-10,Walk-in,,0,0,2023-24 (half)
Q005773,2024-02-10,Walk-in,,0,0,2023-24 (half)
Q005803,2024-02-10,Walk-in,,0,0,2023-24 (half)
Q005912,2024-02-10,Website,,0,0,2023-24 (half)
Q005950,2024-02-10,Referral,,0,0,2023-24 (half)
Q006011,2024-02-10,Instagram,,0,0,2023-24 (half)
Q006400,2024-02-10,Walk-in,,0,0,2023-24 (half)
Q000561,2024-02-11,Website,B000709,1,1,2023-24 (half)
Q000607,2024-02-11,Walk-in,B000767,1,1,2023-24 (half)
Q000613,2024-02-11,Walk-in,B000776,1,1,2023-24 (half)
Q000715,2024-02-11,Walk-in,B000910,1,1,2023-24 (half)
Q000791,2024-02-11,Hotel Partner,B001011,1,1,2023-24 (half)
Q000887,2024-02-11,Instagram,B001140,1,1,2023-24 (half)
Q000893,2024-02-11,Referral,B001147,1,1,2023-24 (half)
Q000927,2024-02-11,Website,B001195,1,1,2023-24 (half)
Q000934,2024-02-11,Walk-in,B001203,1,1,2023-24 (half)
Q000989,2024-02-11,Instagram,B001274,1,1,2023-24 (half)
Q001043,2024-02-11,Walk-in,B001353,1,1,2023-24 (half)
Q001069,2024-02-11,Walk-in,B001384,1,1,2023-24 (half)
Q005618,2024-02-11,Referral,,0,0,2023-24 (half)
Q005660,2024-02-11,OTA,,0,0,2023-24 (half)
Q005754,2024-02-11,OTA,,0,0,2023-24 (half)
Q005786,2024-02-11,Walk-in,,0,0,2023-24 (half)
Q005974,2024-02-11,OTA,,0,0,2023-24 (half)
Q006040,2024-02-11,Walk-in,,0,0,2023-24 (half)
Q006137,2024-02-11,Instagram,,0,0,2023-24 (half)
Q006252,2024-02-11,Website,,0,0,2023-24 (half)
Q006384,2024-02-11,Website,,0,0,2023-24 (half)
Q000566,2024-02-12,Website,B000714,1,1,2023-24 (half)
Q000728,2024-02-12,Walk-in,B000923,1,1,2023-24 (half)
Q000781,2024-02-12,Instagram,B000997,1,1,2023-24 (half)
Q000816,2024-02-12,Website,B001044,1,1,2023-24 (half)
Q000826,2024-02-12,Instagram,B001060,1,1,2023-24 (half)
Q000832,2024-02-12,Walk-in,B001066,1,1,2023-24 (half)
Q000837,2024-02-12,Walk-in,B001072,0,1,2023-24 (half)
Q000839,2024-02-12,Instagram,B001075,1,1,2023-24 (half)
Q000897,2024-02-12,Referral,B001155,1,1,2023-24 (half)
Q000900,2024-02-12,Hotel Partner,B001158,1,1,2023-24 (half)
Q000913,2024-02-12,Website,B001178,1,1,2023-24 (half)
Q000960,2024-02-12,OTA,B001234,1,1,2023-24 (half)
Q001016,2024-02-12,Referral,B001312,1,1,2023-24 (half)
Q001022,2024-02-12,Instagram,B001322,1,1,2023-24 (half)
Q001113,2024-02-12,Website,B001439,1,1,2023-24 (half)
Q001123,2024-02-12,Walk-in,B001449,1,1,2023-24 (half)
Q005806,2024-02-12,OTA,,0,0,2023-24 (half)
Q005864,2024-02-12,Walk-in,,0,0,2023-24 (half)
Q006045,2024-02-12,Website,,0,0,2023-24 (half)
Q006098,2024-02-12,OTA,,0,0,2023-24 (half)
Q006101,2024-02-12,Website,,0,0,2023-24 (half)
Q006153,2024-02-12,Referral,,0,0,2023-24 (half)
Q006215,2024-02-12,Instagram,,0,0,2023-24 (half)
Q000615,2024-02-13,Instagram,B000781,1,1,2023-24 (half)
Q000693,2024-02-13,OTA,B000882,1,1,2023-24 (half)
Q000729,2024-02-13,Instagram,B000924,1,1,2023-24 (half)
Q000730,2024-02-13,Website,B000926,1,1,2023-24 (half)
Q000806,2024-02-13,Website,B001029,1,1,2023-24 (half)
Q000861,2024-02-13,Walk-in,B001109,1,1,2023-24 (half)
Q000874,2024-02-13,Website,B001124,1,1,2023-24 (half)
Q000935,2024-02-13,Hotel Partner,B001204,1,1,2023-24 (half)
Q001058,2024-02-13,OTA,B001370,1,1,2023-24 (half)
Q001068,2024-02-13,Walk-in,B001383,1,1,2023-24 (half)
Q005964,2024-02-13,Hotel Partner,,0,0,2023-24 (half)
Q006262,2024-02-13,Website,,0,0,2023-24 (half)
Q006284,2024-02-13,OTA,,0,0,2023-24 (half)
Q006302,2024-02-13,Instagram,,0,0,2023-24 (half)
Q000704,2024-02-14,Walk-in,B000896,1,1,2023-24 (half)
Q000859,2024-02-14,Referral,B001106,1,1,2023-24 (half)
Q000871,2024-02-14,Referral,B001120,1,1,2023-24 (half)
Q000965,2024-02-14,Website,B001241,1,1,2023-24 (half)
Q000995,2024-02-14,Walk-in,B001282,1,1,2023-24 (half)
Q001142,2024-02-14,Website,B001474,1,1,2023-24 (half)
Q005629,2024-02-14,Walk-in,,0,0,2023-24 (half)
Q005664,2024-02-14,Referral,,0,0,2023-24 (half)
Q005894,2024-02-14,Hotel Partner,,0,0,2023-24 (half)
Q006222,2024-02-14,Website,,0,0,2023-24 (half)
Q006351,2024-02-14,Referral,,0,0,2023-24 (half)
Q006435,2024-02-14,OTA,,0,0,2023-24 (half)
Q006495,2024-02-14,Hotel Partner,,0,0,2023-24 (half)
Q000790,2024-02-15,Instagram,B001008,0,1,2023-24 (half)
Q000834,2024-02-15,Website,B001069,1,1,2023-24 (half)
Q000882,2024-02-15,Website,B001134,1,1,2023-24 (half)
Q000962,2024-02-15,Hotel Partner,B001236,1,1,2023-24 (half)
Q001005,2024-02-15,Instagram,B001300,1,1,2023-24 (half)
Q001040,2024-02-15,Walk-in,B001349,1,1,2023-24 (half)
Q001173,2024-02-15,Website,B001511,1,1,2023-24 (half)
Q005970,2024-02-15,OTA,,0,0,2023-24 (half)
Q006139,2024-02-15,Referral,,0,0,2023-24 (half)
Q006306,2024-02-15,Website,,0,0,2023-24 (half)
Q006347,2024-02-15,Walk-in,,0,0,2023-24 (half)
Q006460,2024-02-15,Referral,,0,0,2023-24 (half)
Q006475,2024-02-15,Referral,,0,0,2023-24 (half)
Q000679,2024-02-16,Website,B000863,1,1,2023-24 (half)
Q000740,2024-02-16,Instagram,B000942,1,1,2023-24 (half)
Q000742,2024-02-16,Walk-in,B000945,1,1,2023-24 (half)
Q000906,2024-02-16,Referral,B001168,1,1,2023-24 (half)
Q000922,2024-02-16,Referral,B001188,1,1,2023-24 (half)
Q000953,2024-02-16,Hotel Partner,B001227,1,1,2023-24 (half)
Q000974,2024-02-16,Website,B001257,1,1,2023-24 (half)
Q000992,2024-02-16,Instagram,B001278,0,1,2023-24 (half)
Q001053,2024-02-16,Instagram,B001365,1,1,2023-24 (half)
Q005697,2024-02-16,Instagram,,0,0,2023-24 (half)
Q005759,2024-02-16,Walk-in,,0,0,2023-24 (half)
Q005966,2024-02-16,Hotel Partner,,0,0,2023-24 (half)
Q006048,2024-02-16,Walk-in,,0,0,2023-24 (half)
Q006096,2024-02-16,Walk-in,,0,0,2023-24 (half)
Q006243,2024-02-16,Instagram,,0,0,2023-24 (half)
Q006259,2024-02-16,Walk-in,,0,0,2023-24 (half)
Q006265,2024-02-16,Website,,0,0,2023-24 (half)
Q000666,2024-02-17,Website,B000846,1,1,2023-24 (half)
Q000820,2024-02-17,Referral,B001051,1,1,2023-24 (half)
Q000840,2024-02-17,OTA,B001076,0,1,2023-24 (half)
Q000956,2024-02-17,Website,B001230,1,1,2023-24 (half)
Q001021,2024-02-17,Instagram,B001321,1,1,2023-24 (half)
Q001049,2024-02-17,OTA,B001361,1,1,2023-24 (half)
Q001052,2024-02-17,Referral,B001364,1,1,2023-24 (half)
Q005712,2024-02-17,Website,,0,0,2023-24 (half)
Q005728,2024-02-17,Referral,,0,0,2023-24 (half)
Q005792,2024-02-17,Walk-in,,0,0,2023-24 (half)
Q005919,2024-02-17,Walk-in,,0,0,2023-24 (half)
Q005926,2024-02-17,Website,,0,0,2023-24 (half)
Q006119,2024-02-17,Website,,0,0,2023-24 (half)
Q006200,2024-02-17,Walk-in,,0,0,2023-24 (half)
Q006254,2024-02-17,Website,,0,0,2023-24 (half)
Q006446,2024-02-17,Walk-in,,0,0,2023-24 (half)
Q006480,2024-02-17,Instagram,,0,0,2023-24 (half)
Q000803,2024-02-18,Walk-in,B001026,1,1,2023-24 (half)
Q000842,2024-02-18,Hotel Partner,B001078,1,1,2023-24 (half)
Q000866,2024-02-18,Referral,B001115,1,1,2023-24 (half)
Q000914,2024-02-18,Referral,B001180,1,1,2023-24 (half)
Q000951,2024-02-18,Walk-in,B001225,0,1,2023-24 (half)
Q000964,2024-02-18,Instagram,B001239,1,1,2023-24 (half)
Q000981,2024-02-18,Walk-in,B001266,1,1,2023-24 (half)
Q001004,2024-02-18,Referral,B001298,0,1,2023-24 (half)
Q001010,2024-02-18,Hotel Partner,B001305,1,1,2023-24 (half)
Q001027,2024-02-18,Referral,B001331,1,1,2023-24 (half)
Q001066,2024-02-18,Instagram,B001381,1,1,2023-24 (half)
Q001099,2024-02-18,Instagram,B001423,1,1,2023-24 (half)
Q001222,2024-02-18,Walk-in,B001574,1,1,2023-24 (half)
Q005649,2024-02-18,Referral,,0,0,2023-24 (half)
Q005841,2024-02-18,Referral,,0,0,2023-24 (half)
Q005851,2024-02-18,Hotel Partner,,0,0,2023-24 (half)
Q006115,2024-02-18,Referral,,0,0,2023-24 (half)
Q006129,2024-02-18,Referral,,0,0,2023-24 (half)
Q006236,2024-02-18,Website,,0,0,2023-24 (half)
Q000668,2024-02-19,Walk-in,B000848,1,1,2023-24 (half)
Q000757,2024-02-19,Walk-in,B000964,1,1,2023-24 (half)
Q000809,2024-02-19,Walk-in,B001035,1,1,2023-24 (half)
Q000812,2024-02-19,OTA,B001039,1,1,2023-24 (half)
Q000825,2024-02-19,OTA,B001059,1,1,2023-24 (half)
Q000855,2024-02-19,Walk-in,B001098,1,1,2023-24 (half)
Q000931,2024-02-19,Website,B001200,1,1,2023-24 (half)
Q000947,2024-02-19,OTA,B001221,1,1,2023-24 (half)
Q000961,2024-02-19,Walk-in,B001235,1,1,2023-24 (half)
Q000967,2024-02-19,OTA,B001243,1,1,2023-24 (half)
Q001018,2024-02-19,Hotel Partner,B001317,1,1,2023-24 (half)
Q001031,2024-02-19,Walk-in,B001337,1,1,2023-24 (half)
Q001057,2024-02-19,Referral,B001369,1,1,2023-24 (half)
Q001083,2024-02-19,Walk-in,B001399,1,1,2023-24 (half)
Q001092,2024-02-19,Walk-in,B001411,1,1,2023-24 (half)
Q001101,2024-02-19,Website,B001425,1,1,2023-24 (half)
Q001231,2024-02-19,Walk-in,B001584,1,1,2023-24 (half)
Q005609,2024-02-19,Instagram,,0,0,2023-24 (half)
Q006199,2024-02-19,Referral,,0,0,2023-24 (half)
Q006383,2024-02-19,Hotel Partner,,0,0,2023-24 (half)
Q006422,2024-02-19,Website,,0,0,2023-24 (half)
Q000701,2024-02-20,Instagram,B000892,1,1,2023-24 (half)
Q000722,2024-02-20,Instagram,B000917,1,1,2023-24 (half)
Q000725,2024-02-20,Hotel Partner,B000920,1,1,2023-24 (half)
Q000731,2024-02-20,Walk-in,B000927,1,1,2023-24 (half)
Q000736,2024-02-20,Website,B000935,1,1,2023-24 (half)
Q000788,2024-02-20,Instagram,B001006,1,1,2023-24 (half)
Q000830,2024-02-20,OTA,B001064,0,1,2023-24 (half)
Q000847,2024-02-20,Website,B001086,1,1,2023-24 (half)
Q000858,2024-02-20,Referral,B001105,1,1,2023-24 (half)
Q000879,2024-02-20,Website,B001130,1,1,2023-24 (half)
Q000916,2024-02-20,Walk-in,B001183,1,1,2023-24 (half)
Q001035,2024-02-20,Walk-in,B001341,1,1,2023-24 (half)
Q001070,2024-02-20,Referral,B001385,1,1,2023-24 (half)
Q001087,2024-02-20,Walk-in,B001403,1,1,2023-24 (half)
Q001105,2024-02-20,Walk-in,B001429,1,1,2023-24 (half)
Q001110,2024-02-20,Walk-in,B001436,1,1,2023-24 (half)
Q001131,2024-02-20,Instagram,B001461,1,1,2023-24 (half)
Q001204,2024-02-20,Walk-in,B001547,1,1,2023-24 (half)
Q005672,2024-02-20,Hotel Partner,,0,0,2023-24 (half)
Q005787,2024-02-20,Instagram,,0,0,2023-24 (half)
Q005923,2024-02-20,Walk-in,,0,0,2023-24 (half)
Q005961,2024-02-20,OTA,,0,0,2023-24 (half)
Q006047,2024-02-20,OTA,,0,0,2023-24 (half)
Q006076,2024-02-20,Referral,,0,0,2023-24 (half)
Q006089,2024-02-20,Website,,0,0,2023-24 (half)
Q000836,2024-02-21,Hotel Partner,B001071,1,1,2023-24 (half)
Q000846,2024-02-21,Hotel Partner,B001084,1,1,2023-24 (half)
Q000903,2024-02-21,Website,B001164,1,1,2023-24 (half)
Q000920,2024-02-21,Instagram,B001187,1,1,2023-24 (half)
Q000933,2024-02-21,Walk-in,B001202,1,1,2023-24 (half)
Q001062,2024-02-21,Instagram,B001375,1,1,2023-24 (half)
Q001085,2024-02-21,Website,B001401,1,1,2023-24 (half)
Q001128,2024-02-21,Website,B001458,1,1,2023-24 (half)
Q001146,2024-02-21,Instagram,B001479,1,1,2023-24 (half)
Q005583,2024-02-21,Walk-in,,0,0,2023-24 (half)
Q005908,2024-02-21,Hotel Partner,,0,0,2023-24 (half)
Q006072,2024-02-21,Referral,,0,0,2023-24 (half)
Q006073,2024-02-21,Hotel Partner,,0,0,2023-24 (half)
Q006241,2024-02-21,Walk-in,,0,0,2023-24 (half)
Q006320,2024-02-21,Hotel Partner,,0,0,2023-24 (half)
Q006461,2024-02-21,Instagram,,0,0,2023-24 (half)
Q000880,2024-02-22,Walk-in,B001131,1,1,2023-24 (half)
Q000972,2024-02-22,Walk-in,B001253,0,1,2023-24 (half)
Q001006,2024-02-22,Walk-in,B001301,1,1,2023-24 (half)
Q001014,2024-02-22,Website,B001310,1,1,2023-24 (half)
Q001076,2024-02-22,Website,B001391,1,1,2023-24 (half)
Q001080,2024-02-22,Walk-in,B001395,1,1,2023-24 (half)
Q001082,2024-02-22,OTA,B001398,1,1,2023-24 (half)
Q001097,2024-02-22,Walk-in,B001421,1,1,2023-24 (half)
Q001115,2024-02-22,Instagram,B001441,1,1,2023-24 (half)
Q001117,2024-02-22,Referral,B001443,1,1,2023-24 (half)
Q001192,2024-02-22,Website,B001534,1,1,2023-24 (half)
Q005563,2024-02-22,Walk-in,,0,0,2023-24 (half)
Q005676,2024-02-22,Referral,,0,0,2023-24 (half)
Q006019,2024-02-22,Referral,,0,0,2023-24 (half)
Q006027,2024-02-22,Walk-in,,0,0,2023-24 (half)
Q006136,2024-02-22,Walk-in,,0,0,2023-24 (half)
Q000696,2024-02-23,Walk-in,B000886,1,1,2023-24 (half)
Q000706,2024-02-23,Website,B000899,1,1,2023-24 (half)
Q000756,2024-02-23,Walk-in,B000962,1,1,2023-24 (half)
Q000894,2024-02-23,Website,B001149,1,1,2023-24 (half)
Q000925,2024-02-23,Hotel Partner,B001192,1,1,2023-24 (half)
Q000936,2024-02-23,Walk-in,B001205,0,1,2023-24 (half)
Q000945,2024-02-23,Hotel Partner,B001218,1,1,2023-24 (half)
Q000971,2024-02-23,Referral,B001249,1,1,2023-24 (half)
Q000973,2024-02-23,Walk-in,B001256,1,1,2023-24 (half)
Q000999,2024-02-23,Referral,B001290,1,1,2023-24 (half)
Q001045,2024-02-23,Referral,B001356,1,1,2023-24 (half)
Q001134,2024-02-23,Website,B001465,1,1,2023-24 (half)
Q005648,2024-02-23,Walk-in,,0,0,2023-24 (half)
Q005817,2024-02-23,Referral,,0,0,2023-24 (half)
Q005872,2024-02-23,Instagram,,0,0,2023-24 (half)
Q006000,2024-02-23,Website,,0,0,2023-24 (half)
Q006081,2024-02-23,Website,,0,0,2023-24 (half)
Q000723,2024-02-24,Referral,B000918,1,1,2023-24 (half)
Q000789,2024-02-24,Walk-in,B001007,1,1,2023-24 (half)
Q000835,2024-02-24,Referral,B001070,1,1,2023-24 (half)
Q000883,2024-02-24,Referral,B001135,1,1,2023-24 (half)
Q000888,2024-02-24,Website,B001141,1,1,2023-24 (half)
Q000909,2024-02-24,Instagram,B001172,1,1,2023-24 (half)
Q001042,2024-02-24,Walk-in,B001352,1,1,2023-24 (half)
Q001056,2024-02-24,Website,B001368,1,1,2023-24 (half)
Q001104,2024-02-24,Walk-in,B001428,1,1,2023-24 (half)
Q001127,2024-02-24,Instagram,B001456,1,1,2023-24 (half)
Q006022,2024-02-24,Hotel Partner,,0,0,2023-24 (half)
Q006441,2024-02-24,Instagram,,0,0,2023-24 (half)
Q006472,2024-02-24,Website,,0,0,2023-24 (half)
Q000714,2024-02-25,Walk-in,B000909,1,1,2023-24 (half)
Q000818,2024-02-25,Referral,B001046,1,1,2023-24 (half)
Q000939,2024-02-25,Referral,B001209,1,1,2023-24 (half)
Q000958,2024-02-25,Referral,B001232,1,1,2023-24 (half)
Q000979,2024-02-25,OTA,B001263,1,1,2023-24 (half)
Q001048,2024-02-25,Referral,B001360,0,1,2023-24 (half)
Q001145,2024-02-25,Website,B001478,1,1,2023-24 (half)
Q001183,2024-02-25,Website,B001523,1,1,2023-24 (half)
Q005699,2024-02-25,OTA,,0,0,2023-24 (half)
Q005913,2024-02-25,Walk-in,,0,0,2023-24 (half)
Q005983,2024-02-25,Walk-in,,0,0,2023-24 (half)
Q000848,2024-02-26,Website,B001087,1,1,2023-24 (half)
Q000905,2024-02-26,Instagram,B001166,1,1,2023-24 (half)
Q000918,2024-02-26,Walk-in,B001185,1,1,2023-24 (half)
Q000954,2024-02-26,Walk-in,B001228,1,1,2023-24 (half)
Q000988,2024-02-26,Website,B001273,1,1,2023-24 (half)
Q001038,2024-02-26,Walk-in,B001347,1,1,2023-24 (half)
Q001149,2024-02-26,Website,B001482,1,1,2023-24 (half)
Q001188,2024-02-26,Walk-in,B001530,1,1,2023-24 (half)
Q006357,2024-02-26,Website,,0,0,2023-24 (half)
Q006402,2024-02-26,OTA,,0,0,2023-24 (half)
Q000801,2024-02-27,Walk-in,B001024,1,1,2023-24 (half)
Q000829,2024-02-27,Hotel Partner,B001063,1,1,2023-24 (half)
Q000877,2024-02-27,Walk-in,B001128,1,1,2023-24 (half)
Q000890,2024-02-27,Website,B001143,1,1,2023-24 (half)
Q000969,2024-02-27,Instagram,B001247,1,1,2023-24 (half)
Q001036,2024-02-27,OTA,B001344,1,1,2023-24 (half)
Q001152,2024-02-27,Instagram,B001485,1,1,2023-24 (half)
Q001155,2024-02-27,Website,B001489,1,1,2023-24 (half)
Q005682,2024-02-27,Referral,,0,0,2023-24 (half)
Q006014,2024-02-27,Hotel Partner,,0,0,2023-24 (half)
Q006164,2024-02-27,OTA,,0,0,2023-24 (half)
Q000783,2024-02-28,Website,B001000,1,1,2023-24 (half)
Q000957,2024-02-28,Hotel Partner,B001231,1,1,2023-24 (half)
Q001028,2024-02-28,Referral,B001332,0,1,2023-24 (half)
Q001079,2024-02-28,Instagram,B001394,0,1,2023-24 (half)
Q001088,2024-02-28,Walk-in,B001404,1,1,2023-24 (half)
Q001107,2024-02-28,Walk-in,B001433,1,1,2023-24 (half)
Q001154,2024-02-28,Website,B001488,1,1,2023-24 (half)
Q001169,2024-02-28,Instagram,B001505,1,1,2023-24 (half)
Q001206,2024-02-28,Website,B001549,1,1,2023-24 (half)
Q005674,2024-02-28,Referral,,0,0,2023-24 (half)
Q005835,2024-02-28,Walk-in,,0,0,2023-24 (half)
Q006103,2024-02-28,Referral,,0,0,2023-24 (half)
Q006194,2024-02-28,Walk-in,,0,0,2023-24 (half)
Q006234,2024-02-28,Walk-in,,0,0,2023-24 (half)
Q006316,2024-02-28,Referral,,0,0,2023-24 (half)
Q006352,2024-02-28,Walk-in,,0,0,2023-24 (half)
Q000966,2024-02-29,Hotel Partner,B001242,0,1,2023-24 (half)
Q000984,2024-02-29,OTA,B001269,1,1,2023-24 (half)
Q000991,2024-02-29,Referral,B001277,1,1,2023-24 (half)
Q001039,2024-02-29,OTA,B001348,1,1,2023-24 (half)
Q001100,2024-02-29,Referral,B001424,1,1,2023-24 (half)
Q001195,2024-02-29,Instagram,B001537,1,1,2023-24 (half)
Q005843,2024-02-29,Instagram,,0,0,2023-24 (half)
Q006152,2024-02-29,Hotel Partner,,0,0,2023-24 (half)
Q006318,2024-02-29,OTA,,0,0,2023-24 (half)
Q006350,2024-02-29,OTA,,0,0,2023-24 (half)
Q000833,2024-03-01,OTA,B001067,1,1,2023-24 (half)
Q000923,2024-03-01,Instagram,B001189,1,1,2023-24 (half)
Q001001,2024-03-01,Referral,B001294,1,1,2023-24 (half)
Q001061,2024-03-01,Website,B001374,1,1,2023-24 (half)
Q001205,2024-03-01,Walk-in,B001548,0,1,2023-24 (half)
Q001265,2024-03-01,Instagram,B001636,1,1,2023-24 (half)
Q005638,2024-03-01,Instagram,,0,0,2023-24 (half)
Q005822,2024-03-01,Walk-in,,0,0,2023-24 (half)
Q006033,2024-03-01,Referral,,0,0,2023-24 (half)
Q006068,2024-03-01,Website,,0,0,2023-24 (half)
Q006132,2024-03-01,Referral,,0,0,2023-24 (half)
Q006227,2024-03-01,Walk-in,,0,0,2023-24 (half)
Q006268,2024-03-01,Walk-in,,0,0,2023-24 (half)
Q006273,2024-03-01,Instagram,,0,0,2023-24 (half)
Q006381,2024-03-01,OTA,,0,0,2023-24 (half)
Q006450,2024-03-01,Website,,0,0,2023-24 (half)
Q001011,2024-03-02,Hotel Partner,B001306,1,1,2023-24 (half)
Q001019,2024-03-02,Instagram,B001318,1,1,2023-24 (half)
Q001064,2024-03-02,Walk-in,B001379,1,1,2023-24 (half)
Q001094,2024-03-02,Instagram,B001413,1,1,2023-24 (half)
Q001098,2024-03-02,Walk-in,B001422,1,1,2023-24 (half)
Q001114,2024-03-02,Website,B001440,1,1,2023-24 (half)
Q001182,2024-03-02,Website,B001521,1,1,2023-24 (half)
Q005595,2024-03-02,Referral,,0,0,2023-24 (half)
Q005758,2024-03-02,Referral,,0,0,2023-24 (half)
Q006257,2024-03-02,Instagram,,0,0,2023-24 (half)
Q006363,2024-03-02,Walk-in,,0,0,2023-24 (half)
Q006373,2024-03-02,Website,,0,0,2023-24 (half)
Q006426,2024-03-02,Walk-in,,0,0,2023-24 (half)
Q006431,2024-03-02,Walk-in,,0,0,2023-24 (half)
Q000870,2024-03-03,Walk-in,B001119,1,1,2023-24 (half)
Q000908,2024-03-03,Referral,B001170,1,1,2023-24 (half)
Q000942,2024-03-03,Walk-in,B001212,1,1,2023-24 (half)
Q000975,2024-03-03,Walk-in,B001258,0,1,2023-24 (half)
Q000978,2024-03-03,OTA,B001262,1,1,2023-24 (half)
Q001000,2024-03-03,Referral,B001292,1,1,2023-24 (half)
Q001029,2024-03-03,Walk-in,B001334,1,1,2023-24 (half)
Q001032,2024-03-03,Instagram,B001338,1,1,2023-24 (half)
Q001103,2024-03-03,Website,B001427,1,1,2023-24 (half)
Q001141,2024-03-03,Hotel Partner,B001473,1,1,2023-24 (half)
Q001180,2024-03-03,Instagram,B001519,1,1,2023-24 (half)
Q001256,2024-03-03,Walk-in,B001618,1,1,2023-24 (half)
Q001261,2024-03-03,Website,B001631,1,1,2023-24 (half)
Q005685,2024-03-03,OTA,,0,0,2023-24 (half)
Q005696,2024-03-03,Walk-in,,0,0,2023-24 (half)
Q005716,2024-03-03,OTA,,0,0,2023-24 (half)
Q005745,2024-03-03,OTA,,0,0,2023-24 (half)
Q005796,2024-03-03,Hotel Partner,,0,0,2023-24 (half)
Q006002,2024-03-03,OTA,,0,0,2023-24 (half)
Q006442,2024-03-03,Walk-in,,0,0,2023-24 (half)
Q000851,2024-03-04,Walk-in,B001090,0,1,2023-24 (half)
Q000930,2024-03-04,Referral,B001199,1,1,2023-24 (half)
Q000949,2024-03-04,Instagram,B001223,1,1,2023-24 (half)
Q001044,2024-03-04,Hotel Partner,B001355,0,1,2023-24 (half)
Q001046,2024-03-04,Instagram,B001357,1,1,2023-24 (half)
Q001089,2024-03-04,Hotel Partner,B001407,1,1,2023-24 (half)
Q001144,2024-03-04,Website,B001477,1,1,2023-24 (half)
Q001156,2024-03-04,Hotel Partner,B001490,1,1,2023-24 (half)
Q001209,2024-03-04,Website,B001553,1,1,2023-24 (half)
Q005587,2024-03-04,Website,,0,0,2023-24 (half)
Q000929,2024-03-05,Hotel Partner,B001198,0,1,2023-24 (half)
Q001007,2024-03-05,Walk-in,B001302,1,1,2023-24 (half)
Q001024,2024-03-05,Website,B001326,1,1,2023-24 (half)
Q001074,2024-03-05,Referral,B001389,1,1,2023-24 (half)
Q001095,2024-03-05,Walk-in,B001419,1,1,2023-24 (half)
Q001178,2024-03-05,Walk-in,B001517,1,1,2023-24 (half)
Q001193,2024-03-05,Website,B001535,1,1,2023-24 (half)
Q005678,2024-03-05,Referral,,0,0,2023-24 (half)
Q005714,2024-03-05,Website,,0,0,2023-24 (half)
Q005825,2024-03-05,Website,,0,0,2023-24 (half)
Q006106,2024-03-05,Referral,,0,0,2023-24 (half)
Q006288,2024-03-05,Walk-in,,0,0,2023-24 (half)
Q006474,2024-03-05,Website,,0,0,2023-24 (half)
Q006488,2024-03-05,Referral,,0,0,2023-24 (half)
Q000901,2024-03-06,Walk-in,B001160,1,1,2023-24 (half)
Q000937,2024-03-06,Website,B001206,1,1,2023-24 (half)
Q001071,2024-03-06,Hotel Partner,B001386,1,1,2023-24 (half)
Q001096,2024-03-06,Walk-in,B001420,1,1,2023-24 (half)
Q001122,2024-03-06,Instagram,B001448,1,1,2023-24 (half)
Q001130,2024-03-06,Walk-in,B001460,1,1,2023-24 (half)
Q001162,2024-03-06,Website,B001498,1,1,2023-24 (half)
Q001167,2024-03-06,Website,B001503,1,1,2023-24 (half)
Q001177,2024-03-06,Walk-in,B001516,1,1,2023-24 (half)
Q001202,2024-03-06,Website,B001544,1,1,2023-24 (half)
Q001229,2024-03-06,Walk-in,B001582,1,1,2023-24 (half)
Q001255,2024-03-06,Website,B001617,0,1,2023-24 (half)
Q001278,2024-03-06,Walk-in,B001658,1,1,2023-24 (half)
Q005848,2024-03-06,Website,,0,0,2023-24 (half)
Q005885,2024-03-06,Website,,0,0,2023-24 (half)
Q006238,2024-03-06,Instagram,,0,0,2023-24 (half)
Q006465,2024-03-06,OTA,,0,0,2023-24 (half)
Q000872,2024-03-07,Referral,B001122,1,1,2023-24 (half)
Q001050,2024-03-07,Referral,B001362,1,1,2023-24 (half)
Q001164,2024-03-07,Referral,B001500,0,1,2023-24 (half)
Q001252,2024-03-07,Instagram,B001614,1,1,2023-24 (half)
Q001280,2024-03-07,Referral,B001660,1,1,2023-24 (half)
Q005634,2024-03-07,Walk-in,,0,0,2023-24 (half)
Q005832,2024-03-07,Hotel Partner,,0,0,2023-24 (half)
Q005910,2024-03-07,OTA,,0,0,2023-24 (half)
Q005999,2024-03-07,Referral,,0,0,2023-24 (half)
Q006056,2024-03-07,Instagram,,0,0,2023-24 (half)
Q006062,2024-03-07,Website,,0,0,2023-24 (half)
Q006230,2024-03-07,OTA,,0,0,2023-24 (half)
Q006282,2024-03-07,Hotel Partner,,0,0,2023-24 (half)
Q006293,2024-03-07,Website,,0,0,2023-24 (half)
Q006337,2024-03-07,Instagram,,0,0,2023-24 (half)
Q000864,2024-03-08,Walk-in,B001113,1,1,2023-24 (half)
Q000940,2024-03-08,Website,B001210,1,1,2023-24 (half)
Q001023,2024-03-08,Hotel Partner,B001324,0,1,2023-24 (half)
Q001157,2024-03-08,Walk-in,B001492,1,1,2023-24 (half)
Q001203,2024-03-08,Hotel Partner,B001545,1,1,2023-24 (half)
Q001207,2024-03-08,Referral,B001550,1,1,2023-24 (half)
Q005840,2024-03-08,Walk-in,,0,0,2023-24 (half)
Q006141,2024-03-08,Walk-in,,0,0,2023-24 (half)
Q006190,2024-03-08,Walk-in,,0,0,2023-24 (half)
Q006387,2024-03-08,Hotel Partner,,0,0,2023-24 (half)
Q000899,2024-03-09,Hotel Partner,B001157,1,1,2023-24 (half)
Q000919,2024-03-09,Walk-in,B001186,1,1,2023-24 (half)
Q000977,2024-03-09,Instagram,B001260,1,1,2023-24 (half)
Q001077,2024-03-09,OTA,B001392,1,1,2023-24 (half)
Q001078,2024-03-09,Website,B001393,1,1,2023-24 (half)
Q001109,2024-03-09,OTA,B001435,1,1,2023-24 (half)
Q005601,2024-03-09,OTA,,0,0,2023-24 (half)
Q005975,2024-03-09,Walk-in,,0,0,2023-24 (half)
Q005981,2024-03-09,Walk-in,,0,0,2023-24 (half)
Q006018,2024-03-09,Referral,,0,0,2023-24 (half)
Q006061,2024-03-09,Walk-in,,0,0,2023-24 (half)
Q006271,2024-03-09,Website,,0,0,2023-24 (half)
Q000932,2024-03-10,Hotel Partner,B001201,1,1,2023-24 (half)
Q001034,2024-03-10,Website,B001340,0,1,2023-24 (half)
Q001120,2024-03-10,Instagram,B001446,1,1,2023-24 (half)
Q001199,2024-03-10,Walk-in,B001541,1,1,2023-24 (half)
Q001227,2024-03-10,Referral,B001580,1,1,2023-24 (half)
Q005656,2024-03-10,Walk-in,,0,0,2023-24 (half)
Q006001,2024-03-10,Website,,0,0,2023-24 (half)
Q006097,2024-03-10,Website,,0,0,2023-24 (half)
Q006219,2024-03-10,Walk-in,,0,0,2023-24 (half)
Q006454,2024-03-10,Walk-in,,0,0,2023-24 (half)
Q000857,2024-03-11,Referral,B001103,1,1,2023-24 (half)
Q000896,2024-03-11,OTA,B001154,1,1,2023-24 (half)
Q000941,2024-03-11,Website,B001211,1,1,2023-24 (half)
Q001041,2024-03-11,Instagram,B001351,1,1,2023-24 (half)
Q001054,2024-03-11,OTA,B001366,1,1,2023-24 (half)
Q001210,2024-03-11,Instagram,B001554,1,1,2023-24 (half)
Q001336,2024-03-11,OTA,B001726,1,1,2023-24 (half)
Q001347,2024-03-11,Hotel Partner,B001743,1,1,2023-24 (half)
Q005588,2024-03-11,Walk-in,,0,0,2023-24 (half)
Q005639,2024-03-11,Referral,,0,0,2023-24 (half)
Q005726,2024-03-11,OTA,,0,0,2023-24 (half)
Q006049,2024-03-11,OTA,,0,0,2023-24 (half)
Q006171,2024-03-11,Walk-in,,0,0,2023-24 (half)
Q000952,2024-03-12,Instagram,B001226,1,1,2023-24 (half)
Q001003,2024-03-12,Website,B001297,1,1,2023-24 (half)
Q001116,2024-03-12,Walk-in,B001442,1,1,2023-24 (half)
Q001118,2024-03-12,Referral,B001444,1,1,2023-24 (half)
Q001121,2024-03-12,Walk-in,B001447,1,1,2023-24 (half)
Q001181,2024-03-12,Walk-in,B001520,1,1,2023-24 (half)
Q001223,2024-03-12,Referral,B001575,1,1,2023-24 (half)
Q001293,2024-03-12,Website,B001674,1,1,2023-24 (half)
Q005644,2024-03-12,Website,,0,0,2023-24 (half)
Q005750,2024-03-12,Walk-in,,0,0,2023-24 (half)
Q005821,2024-03-12,Website,,0,0,2023-24 (half)
Q005878,2024-03-12,Walk-in,,0,0,2023-24 (half)
Q006102,2024-03-12,Walk-in,,0,0,2023-24 (half)
Q006122,2024-03-12,OTA,,0,0,2023-24 (half)
Q006146,2024-03-12,Hotel Partner,,0,0,2023-24 (half)
Q006148,2024-03-12,Walk-in,,0,0,2023-24 (half)
Q000990,2024-03-13,OTA,B001276,1,1,2023-24 (half)
Q001172,2024-03-13,Instagram,B001510,1,1,2023-24 (half)
Q001225,2024-03-13,OTA,B001577,1,1,2023-24 (half)
Q005662,2024-03-13,Walk-in,,0,0,2023-24 (half)
Q005734,2024-03-13,Walk-in,,0,0,2023-24 (half)
Q005951,2024-03-13,Walk-in,,0,0,2023-24 (half)
Q006038,2024-03-13,Walk-in,,0,0,2023-24 (half)
Q006331,2024-03-13,Walk-in,,0,0,2023-24 (half)
Q006393,2024-03-13,Referral,,0,0,2023-24 (half)
Q006451,2024-03-13,Website,,0,0,2023-24 (half)
Q006485,2024-03-13,Referral,,0,0,2023-24 (half)
Q000959,2024-03-14,Walk-in,B001233,1,1,2023-24 (half)
Q001009,2024-03-14,Website,B001304,1,1,2023-24 (half)
Q001125,2024-03-14,Hotel Partner,B001452,1,1,2023-24 (half)
Q001287,2024-03-14,Referral,B001667,1,1,2023-24 (half)
Q001321,2024-03-14,Referral,B001709,1,1,2023-24 (half)
Q005671,2024-03-14,Walk-in,,0,0,2023-24 (half)
Q005789,2024-03-14,Instagram,,0,0,2023-24 (half)
Q005839,2024-03-14,Hotel Partner,,0,0,2023-24 (half)
Q006052,2024-03-14,Hotel Partner,,0,0,2023-24 (half)
Q006093,2024-03-14,Website,,0,0,2023-24 (half)
Q001015,2024-03-15,Website,B001311,1,1,2023-24 (half)
Q001090,2024-03-15,Referral,B001409,1,1,2023-24 (half)
Q001171,2024-03-15,Referral,B001507,1,1,2023-24 (half)
Q001175,2024-03-15,Walk-in,B001513,1,1,2023-24 (half)
Q001232,2024-03-15,OTA,B001585,1,1,2023-24 (half)
Q005602,2024-03-15,Website,,0,0,2023-24 (half)
Q005650,2024-03-15,Referral,,0,0,2023-24 (half)
Q005819,2024-03-15,Website,,0,0,2023-24 (half)
Q005852,2024-03-15,OTA,,0,0,2023-24 (half)
Q005892,2024-03-15,Walk-in,,0,0,2023-24 (half)
Q005959,2024-03-15,OTA,,0,0,2023-24 (half)
Q006123,2024-03-15,Walk-in,,0,0,2023-24 (half)
Q006125,2024-03-15,Website,,0,0,2023-24 (half)
Q006253,2024-03-15,Walk-in,,0,0,2023-24 (half)
Q006380,2024-03-15,OTA,,0,0,2023-24 (half)
Q000948,2024-03-16,Hotel Partner,B001222,1,1,2023-24 (half)
Q001081,2024-03-16,Instagram,B001397,1,1,2023-24 (half)
Q001112,2024-03-16,Website,B001438,0,1,2023-24 (half)
Q001158,2024-03-16,Hotel Partner,B001493,1,1,2023-24 (half)
Q001165,2024-03-16,Referral,B001501,1,1,2023-24 (half)
Q001174,2024-03-16,Referral,B001512,0,1,2023-24 (half)
Q001235,2024-03-16,Hotel Partner,B001588,1,1,2023-24 (half)
Q001247,2024-03-16,Walk-in,B001608,0,1,2023-24 (half)
Q001273,2024-03-16,Walk-in,B001650,1,1,2023-24 (half)
Q005594,2024-03-16,Instagram,,0,0,2023-24 (half)
Q005809,2024-03-16,Website,,0,0,2023-24 (half)
Q005831,2024-03-16,Instagram,,0,0,2023-24 (half)
Q005903,2024-03-16,Walk-in,,0,0,2023-24 (half)
Q006028,2024-03-16,Walk-in,,0,0,2023-24 (half)
Q006041,2024-03-16,Website,,0,0,2023-24 (half)
Q006186,2024-03-16,Walk-in,,0,0,2023-24 (half)
Q006198,2024-03-16,Referral,,0,0,2023-24 (half)
Q006277,2024-03-16,Website,,0,0,2023-24 (half)
Q001059,2024-03-17,Hotel Partner,B001372,1,1,2023-24 (half)
Q001093,2024-03-17,Referral,B001412,1,1,2023-24 (half)
Q001138,2024-03-17,Website,B001470,1,1,2023-24 (half)
Q001150,2024-03-17,Instagram,B001483,1,1,2023-24 (half)
Q001267,2024-03-17,Hotel Partner,B001640,0,1,2023-24 (half)
Q001318,2024-03-17,Walk-in,B001704,1,1,2023-24 (half)
Q001335,2024-03-17,Website,B001725,1,1,2023-24 (half)
Q005723,2024-03-17,Walk-in,,0,0,2023-24 (half)
Q005760,2024-03-17,Hotel Partner,,0,0,2023-24 (half)
Q005986,2024-03-17,Instagram,,0,0,2023-24 (half)
Q001067,2024-03-18,Hotel Partner,B001382,1,1,2023-24 (half)
Q001242,2024-03-18,Instagram,B001600,1,1,2023-24 (half)
Q001248,2024-03-18,Website,B001609,0,1,2023-24 (half)
Q001258,2024-03-18,Walk-in,B001620,1,1,2023-24 (half)
Q001283,2024-03-18,Website,B001663,1,1,2023-24 (half)
Q001291,2024-03-18,Walk-in,B001672,1,1,2023-24 (half)
Q001297,2024-03-18,Hotel Partner,B001678,1,1,2023-24 (half)
Q001373,2024-03-18,Walk-in,B001779,1,1,2023-24 (half)
Q005579,2024-03-18,OTA,,0,0,2023-24 (half)
Q005581,2024-03-18,Website,,0,0,2023-24 (half)
Q005706,2024-03-18,Walk-in,,0,0,2023-24 (half)
Q005733,2024-03-18,Instagram,,0,0,2023-24 (half)
Q005804,2024-03-18,Referral,,0,0,2023-24 (half)
Q006188,2024-03-18,Website,,0,0,2023-24 (half)
Q000993,2024-03-19,Hotel Partner,B001280,1,1,2023-24 (half)
Q001026,2024-03-19,Hotel Partner,B001329,0,1,2023-24 (half)
Q001215,2024-03-19,Referral,B001563,1,1,2023-24 (half)
Q001236,2024-03-19,OTA,B001590,1,1,2023-24 (half)
Q001245,2024-03-19,Referral,B001603,1,1,2023-24 (half)
Q001249,2024-03-19,Walk-in,B001610,1,1,2023-24 (half)
Q001325,2024-03-19,OTA,B001713,1,1,2023-24 (half)
Q005875,2024-03-19,Instagram,,0,0,2023-24 (half)
Q005904,2024-03-19,Hotel Partner,,0,0,2023-24 (half)
Q005942,2024-03-19,OTA,,0,0,2023-24 (half)
Q005963,2024-03-19,Referral,,0,0,2023-24 (half)
Q006046,2024-03-19,Walk-in,,0,0,2023-24 (half)
Q006251,2024-03-19,Instagram,,0,0,2023-24 (half)
Q001073,2024-03-20,Instagram,B001388,0,1,2023-24 (half)
Q001108,2024-03-20,OTA,B001434,1,1,2023-24 (half)
Q001135,2024-03-20,OTA,B001466,1,1,2023-24 (half)
Q001216,2024-03-20,Instagram,B001564,1,1,2023-24 (half)
Q001226,2024-03-20,Hotel Partner,B001578,1,1,2023-24 (half)
Q001237,2024-03-20,Website,B001591,1,1,2023-24 (half)
Q005753,2024-03-20,Website,,0,0,2023-24 (half)
Q005855,2024-03-20,Instagram,,0,0,2023-24 (half)
Q005900,2024-03-20,Website,,0,0,2023-24 (half)
Q005905,2024-03-20,Website,,0,0,2023-24 (half)
Q005945,2024-03-20,Walk-in,,0,0,2023-24 (half)
Q005979,2024-03-20,Instagram,,0,0,2023-24 (half)
Q006354,2024-03-20,Walk-in,,0,0,2023-24 (half)
Q001091,2024-03-21,Walk-in,B001410,1,1,2023-24 (half)
Q001220,2024-03-21,Instagram,B001572,1,1,2023-24 (half)
Q001263,2024-03-21,OTA,B001633,1,1,2023-24 (half)
Q001314,2024-03-21,Referral,B001700,0,1,2023-24 (half)
Q001331,2024-03-21,Instagram,B001720,1,1,2023-24 (half)
Q001350,2024-03-21,Walk-in,B001748,1,1,2023-24 (half)
Q005673,2024-03-21,Referral,,0,0,2023-24 (half)
Q005740,2024-03-21,Hotel Partner,,0,0,2023-24 (half)
Q005763,2024-03-21,Walk-in,,0,0,2023-24 (half)
Q005818,2024-03-21,Referral,,0,0,2023-24 (half)
Q006024,2024-03-21,Instagram,,0,0,2023-24 (half)
Q006410,2024-03-21,Hotel Partner,,0,0,2023-24 (half)
Q006462,2024-03-21,Hotel Partner,,0,0,2023-24 (half)
Q001106,2024-03-22,Walk-in,B001430,1,1,2023-24 (half)
Q001244,2024-03-22,Hotel Partner,B001602,1,1,2023-24 (half)
Q001260,2024-03-22,Walk-in,B001626,0,1,2023-24 (half)
Q001295,2024-03-22,Website,B001676,1,1,2023-24 (half)
Q001319,2024-03-22,Hotel Partner,B001706,0,1,2023-24 (half)
Q005624,2024-03-22,Instagram,,0,0,2023-24 (half)
Q005799,2024-03-22,Referral,,0,0,2023-24 (half)
Q006428,2024-03-22,OTA,,0,0,2023-24 (half)
Q001055,2024-03-23,Website,B001367,1,1,2023-24 (half)
Q001168,2024-03-23,Referral,B001504,0,1,2023-24 (half)
Q001201,2024-03-23,Walk-in,B001543,1,1,2023-24 (half)
Q001282,2024-03-23,Hotel Partner,B001662,1,1,2023-24 (half)
Q001344,2024-03-23,Website,B001740,0,1,2023-24 (half)
Q005765,2024-03-23,Hotel Partner,,0,0,2023-24 (half)
Q005775,2024-03-23,Referral,,0,0,2023-24 (half)
Q005779,2024-03-23,Website,,0,0,2023-24 (half)
Q006118,2024-03-23,Instagram,,0,0,2023-24 (half)
Q001132,2024-03-24,Website,B001462,1,1,2023-24 (half)
Q001290,2024-03-24,Referral,B001671,1,1,2023-24 (half)
Q005593,2024-03-24,Walk-in,,0,0,2023-24 (half)
Q005816,2024-03-24,Walk-in,,0,0,2023-24 (half)
Q005909,2024-03-24,Walk-in,,0,0,2023-24 (half)
Q006182,2024-03-24,Hotel Partner,,0,0,2023-24 (half)
Q006235,2024-03-24,Website,,0,0,2023-24 (half)
Q001119,2024-03-25,OTA,B001445,1,1,2023-24 (half)
Q001137,2024-03-25,Referral,B001469,1,1,2023-24 (half)
Q001148,2024-03-25,Website,B001481,1,1,2023-24 (half)
Q001191,2024-03-25,Instagram,B001533,1,1,2023-24 (half)
Q001276,2024-03-25,Walk-in,B001656,1,1,2023-24 (half)
Q001281,2024-03-25,Hotel Partner,B001661,1,1,2023-24 (half)
Q001289,2024-03-25,Website,B001670,1,1,2023-24 (half)
Q001303,2024-03-25,OTA,B001686,1,1,2023-24 (half)
Q001326,2024-03-25,Referral,B001714,1,1,2023-24 (half)
Q005573,2024-03-25,Hotel Partner,,0,0,2023-24 (half)
Q005653,2024-03-25,Hotel Partner,,0,0,2023-24 (half)
Q005833,2024-03-25,Walk-in,,0,0,2023-24 (half)
Q005846,2024-03-25,Hotel Partner,,0,0,2023-24 (half)
Q005946,2024-03-25,Walk-in,,0,0,2023-24 (half)
Q005995,2024-03-25,OTA,,0,0,2023-24 (half)
Q006071,2024-03-25,Instagram,,0,0,2023-24 (half)
Q006142,2024-03-25,Hotel Partner,,0,0,2023-24 (half)
Q006224,2024-03-25,Walk-in,,0,0,2023-24 (half)
Q006321,2024-03-25,Hotel Partner,,0,0,2023-24 (half)
Q006329,2024-03-25,Instagram,,0,0,2023-24 (half)
Q001140,2024-03-26,Instagram,B001472,1,1,2023-24 (half)
Q001151,2024-03-26,Walk-in,B001484,1,1,2023-24 (half)
Q001166,2024-03-26,Walk-in,B001502,1,1,2023-24 (half)
Q001184,2024-03-26,Website,B001524,1,1,2023-24 (half)
Q001190,2024-03-26,Website,B001532,1,1,2023-24 (half)
Q001271,2024-03-26,Walk-in,B001646,1,1,2023-24 (half)
Q001305,2024-03-26,Walk-in,B001690,1,1,2023-24 (half)
Q001312,2024-03-26,Hotel Partner,B001697,1,1,2023-24 (half)
Q001348,2024-03-26,Website,B001744,0,1,2023-24 (half)
Q001369,2024-03-26,Walk-in,B001774,0,1,2023-24 (half)
Q001383,2024-03-26,Website,B001792,0,1,2023-24 (half)
Q001432,2024-03-26,Referral,B001855,1,1,2023-24 (half)
Q005795,2024-03-26,Website,,0,0,2023-24 (half)
Q005827,2024-03-26,Walk-in,,0,0,2023-24 (half)
Q005971,2024-03-26,Website,,0,0,2023-24 (half)
Q006443,2024-03-26,Instagram,,0,0,2023-24 (half)
Q006449,2024-03-26,Website,,0,0,2023-24 (half)
Q001176,2024-03-27,Walk-in,B001514,1,1,2023-24 (half)
Q001187,2024-03-27,Website,B001529,1,1,2023-24 (half)
Q001238,2024-03-27,Hotel Partner,B001592,1,1,2023-24 (half)
Q001251,2024-03-27,Walk-in,B001612,0,1,2023-24 (half)
Q001275,2024-03-27,OTA,B001652,1,1,2023-24 (half)
Q001396,2024-03-27,Website,B001810,1,1,2023-24 (half)
Q005681,2024-03-27,Walk-in,,0,0,2023-24 (half)
Q005889,2024-03-27,Website,,0,0,2023-24 (half)
Q006401,2024-03-27,Walk-in,,0,0,2023-24 (half)
Q001170,2024-03-28,Website,B001506,1,1,2023-24 (half)
Q001196,2024-03-28,Hotel Partner,B001538,0,1,2023-24 (half)
Q001320,2024-03-28,Website,B001707,0,1,2023-24 (half)
Q001340,2024-03-28,Walk-in,B001734,0,1,2023-24 (half)
Q001357,2024-03-28,OTA,B001756,1,1,2023-24 (half)
Q005746,2024-03-28,Walk-in,,0,0,2023-24 (half)
Q006034,2024-03-28,Walk-in,,0,0,2023-24 (half)
Q006143,2024-03-28,Referral,,0,0,2023-24 (half)
Q006206,2024-03-28,Walk-in,,0,0,2023-24 (half)
Q006369,2024-03-28,Instagram,,0,0,2023-24 (half)
Q001212,2024-03-29,OTA,B001556,1,1,2023-24 (half)
Q001214,2024-03-29,Referral,B001560,1,1,2023-24 (half)
Q001257,2024-03-29,Website,B001619,0,1,2023-24 (half)
Q001274,2024-03-29,Hotel Partner,B001651,0,1,2023-24 (half)
Q001333,2024-03-29,Walk-in,B001723,0,1,2023-24 (half)
Q001355,2024-03-29,Hotel Partner,B001754,1,1,2023-24 (half)
Q001367,2024-03-29,Referral,B001769,1,1,2023-24 (half)
Q005596,2024-03-29,Walk-in,,0,0,2023-24 (half)
Q005691,2024-03-29,Instagram,,0,0,2023-24 (half)
Q005752,2024-03-29,Referral,,0,0,2023-24 (half)
Q006166,2024-03-29,Walk-in,,0,0,2023-24 (half)
Q006204,2024-03-29,OTA,,0,0,2023-24 (half)
Q006233,2024-03-29,Hotel Partner,,0,0,2023-24 (half)
Q006272,2024-03-29,Walk-in,,0,0,2023-24 (half)
Q006324,2024-03-29,Instagram,,0,0,2023-24 (half)
Q006452,2024-03-29,Hotel Partner,,0,0,2023-24 (half)
Q001143,2024-03-30,Website,B001476,1,1,2023-24 (half)
Q001161,2024-03-30,Walk-in,B001497,1,1,2023-24 (half)
Q001233,2024-03-30,Referral,B001586,0,1,2023-24 (half)
Q001269,2024-03-30,Instagram,B001644,1,1,2023-24 (half)
Q001296,2024-03-30,Referral,B001677,1,1,2023-24 (half)
Q001375,2024-03-30,Hotel Partner,B001782,1,1,2023-24 (half)
Q001384,2024-03-30,Hotel Partner,B001795,1,1,2023-24 (half)
Q005572,2024-03-30,Website,,0,0,2023-24 (half)
Q005860,2024-03-30,Instagram,,0,0,2023-24 (half)
Q005948,2024-03-30,Instagram,,0,0,2023-24 (half)
Q006092,2024-03-30,Referral,,0,0,2023-24 (half)
Q006203,2024-03-30,Website,,0,0,2023-24 (half)
Q006353,2024-03-30,Walk-in,,0,0,2023-24 (half)
Q001111,2024-03-31,Instagram,B001437,1,1,2023-24 (half)
Q001129,2024-03-31,Walk-in,B001459,1,1,2023-24 (half)
Q001163,2024-03-31,Website,B001499,1,1,2023-24 (half)
Q001197,2024-03-31,Walk-in,B001539,1,1,2023-24 (half)
Q001200,2024-03-31,Website,B001542,1,1,2023-24 (half)
Q001240,2024-03-31,Hotel Partner,B001597,1,1,2023-24 (half)
Q001292,2024-03-31,Walk-in,B001673,0,1,2023-24 (half)
Q001393,2024-03-31,Referral,B001807,0,1,2023-24 (half)
Q005756,2024-03-31,Hotel Partner,,0,0,2023-24 (half)
Q005853,2024-03-31,Instagram,,0,0,2023-24 (half)
Q005868,2024-03-31,Instagram,,0,0,2023-24 (half)
Q006003,2024-03-31,Website,,0,0,2023-24 (half)
Q001194,2024-04-01,OTA,B001536,1,1,2023-24 (half)
Q001221,2024-04-01,Walk-in,B001573,1,1,2023-24 (half)
Q001359,2024-04-01,Walk-in,B001759,1,1,2023-24 (half)
Q005659,2024-04-01,Instagram,,0,0,2023-24 (half)
Q005675,2024-04-01,Instagram,,0,0,2023-24 (half)
Q005751,2024-04-01,Walk-in,,0,0,2023-24 (half)
Q005813,2024-04-01,Website,,0,0,2023-24 (half)
Q006173,2024-04-01,Referral,,0,0,2023-24 (half)
Q006263,2024-04-01,Website,,0,0,2023-24 (half)
Q006309,2024-04-01,Walk-in,,0,0,2023-24 (half)
Q006343,2024-04-01,Referral,,0,0,2023-24 (half)
Q006477,2024-04-01,Walk-in,,0,0,2023-24 (half)
Q006484,2024-04-01,Website,,0,0,2023-24 (half)
Q001124,2024-04-02,Walk-in,B001451,1,1,2023-24 (half)
Q001153,2024-04-02,Website,B001487,1,1,2023-24 (half)
Q001160,2024-04-02,Website,B001495,1,1,2023-24 (half)
Q001179,2024-04-02,Hotel Partner,B001518,0,1,2023-24 (half)
Q001185,2024-04-02,Website,B001527,1,1,2023-24 (half)
Q001302,2024-04-02,Referral,B001684,1,1,2023-24 (half)
Q001329,2024-04-02,Website,B001717,1,1,2023-24 (half)
Q001430,2024-04-02,Walk-in,B001852,1,1,2023-24 (half)
Q005622,2024-04-02,Walk-in,,0,0,2023-24 (half)
Q005722,2024-04-02,Referral,,0,0,2023-24 (half)
Q005730,2024-04-02,Walk-in,,0,0,2023-24 (half)
Q005794,2024-04-02,Instagram,,0,0,2023-24 (half)
Q005922,2024-04-02,Walk-in,,0,0,2023-24 (half)
Q006057,2024-04-02,Instagram,,0,0,2023-24 (half)
Q006161,2024-04-02,Walk-in,,0,0,2023-24 (half)
Q006180,2024-04-02,Instagram,,0,0,2023-24 (half)
Q006396,2024-04-02,Instagram,,0,0,2023-24 (half)
Q001147,2024-04-03,Hotel Partner,B001480,1,1,2023-24 (half)
Q001213,2024-04-03,Walk-in,B001557,1,1,2023-24 (half)
Q001311,2024-04-03,Referral,B001696,0,1,2023-24 (half)
Q001313,2024-04-03,Website,B001699,0,1,2023-24 (half)
Q001362,2024-04-03,Referral,B001762,1,1,2023-24 (half)
Q001407,2024-04-03,Walk-in,B001822,0,1,2023-24 (half)
Q001408,2024-04-03,Instagram,B001823,1,1,2023-24 (half)
Q005598,2024-04-03,Walk-in,,0,0,2023-24 (half)
Q005604,2024-04-03,Hotel Partner,,0,0,2023-24 (half)
Q005731,2024-04-03,Instagram,,0,0,2023-24 (half)
Q005842,2024-04-03,Walk-in,,0,0,2023-24 (half)
Q005915,2024-04-03,Walk-in,,0,0,2023-24 (half)
Q005940,2024-04-03,Walk-in,,0,0,2023-24 (half)
Q006279,2024-04-03,Instagram,,0,0,2023-24 (half)
Q006397,2024-04-03,Walk-in,,0,0,2023-24 (half)
Q006486,2024-04-03,Instagram,,0,0,2023-24 (half)
Q001102,2024-04-04,Instagram,B001426,1,1,2023-24 (half)
Q001224,2024-04-04,Website,B001576,1,1,2023-24 (half)
Q001228,2024-04-04,Website,B001581,1,1,2023-24 (half)
Q001234,2024-04-04,OTA,B001587,1,1,2023-24 (half)
Q001241,2024-04-04,Instagram,B001599,1,1,2023-24 (half)
Q001270,2024-04-04,Website,B001645,1,1,2023-24 (half)
Q001309,2024-04-04,Referral,B001694,1,1,2023-24 (half)
Q005564,2024-04-04,Website,,0,0,2023-24 (half)
Q005888,2024-04-04,Website,,0,0,2023-24 (half)
Q006333,2024-04-04,Hotel Partner,,0,0,2023-24 (half)
Q001219,2024-04-05,Walk-in,B001570,1,1,2023-24 (half)
Q001288,2024-04-05,Walk-in,B001668,1,1,2023-24 (half)
Q001310,2024-04-05,OTA,B001695,0,1,2023-24 (half)
Q001330,2024-04-05,OTA,B001718,1,1,2023-24 (half)
Q001365,2024-04-05,Website,B001767,1,1,2023-24 (half)
Q001381,2024-04-05,Website,B001789,0,1,2023-24 (half)
Q001457,2024-04-05,Walk-in,B001885,1,1,2023-24 (half)
Q005938,2024-04-05,Website,,0,0,2023-24 (half)
Q005943,2024-04-05,Instagram,,0,0,2023-24 (half)
Q005954,2024-04-05,Instagram,,0,0,2023-24 (half)
Q005994,2024-04-05,Referral,,0,0,2023-24 (half)
Q006209,2024-04-05,Walk-in,,0,0,2023-24 (half)
Q006300,2024-04-05,OTA,,0,0,2023-24 (half)
Q006323,2024-04-05,Website,,0,0,2023-24 (half)
Q006457,2024-04-05,Walk-in,,0,0,2023-24 (half)
Q001133,2024-04-06,Referral,B001463,1,1,2023-24 (half)
Q001139,2024-04-06,OTA,B001471,1,1,2023-24 (half)
Q001277,2024-04-06,Walk-in,B001657,1,1,2023-24 (half)
Q001339,2024-04-06,Hotel Partner,B001731,1,1,2023-24 (half)
Q001371,2024-04-06,Website,B001776,1,1,2023-24 (half)
Q001388,2024-04-06,Walk-in,B001802,1,1,2023-24 (half)
Q001395,2024-04-06,Walk-in,B001809,0,1,2023-24 (half)
Q001403,2024-04-06,Walk-in,B001817,1,1,2023-24 (half)
Q005871,2024-04-06,Walk-in,,0,0,2023-24 (half)
Q006121,2024-04-06,Website,,0,0,2023-24 (half)
Q006155,2024-04-06,Instagram,,0,0,2023-24 (half)
Q006299,2024-04-06,Referral,,0,0,2023-24 (half)
Q006326,2024-04-06,Walk-in,,0,0,2023-24 (half)
Q001159,2024-04-07,Referral,B001494,1,1,2023-24 (half)
Q001266,2024-04-07,Website,B001638,1,1,2023-24 (half)
Q001294,2024-04-07,Hotel Partner,B001675,1,1,2023-24 (half)
Q001301,2024-04-07,Walk-in,B001683,1,1,2023-24 (half)
Q001451,2024-04-07,Website,B001878,1,1,2023-24 (half)
Q005687,2024-04-07,Walk-in,,0,0,2023-24 (half)
Q005898,2024-04-07,Hotel Partner,,0,0,2023-24 (half)
Q005911,2024-04-07,Website,,0,0,2023-24 (half)
Q005992,2024-04-07,Referral,,0,0,2023-24 (half)
Q006017,2024-04-07,Walk-in,,0,0,2023-24 (half)
Q006051,2024-04-07,Walk-in,,0,0,2023-24 (half)
Q006063,2024-04-07,Referral,,0,0,2023-24 (half)
Q006069,2024-04-07,Website,,0,0,2023-24 (half)
Q006086,2024-04-07,OTA,,0,0,2023-24 (half)
Q001186,2024-04-08,Referral,B001528,1,1,2023-24 (half)
Q001217,2024-04-08,Website,B001565,1,1,2023-24 (half)
Q001239,2024-04-08,OTA,B001594,1,1,2023-24 (half)
Q001246,2024-04-08,Referral,B001605,0,1,2023-24 (half)
Q001284,2024-04-08,Hotel Partner,B001664,1,1,2023-24 (half)
Q001308,2024-04-08,Instagram,B001693,1,1,2023-24 (half)
Q001366,2024-04-08,Website,B001768,1,1,2023-24 (half)
Q005571,2024-04-08,Referral,,0,0,2023-24 (half)
Q005643,2024-04-08,Website,,0,0,2023-24 (half)
Q005695,2024-04-08,Walk-in,,0,0,2023-24 (half)
Q005778,2024-04-08,Walk-in,,0,0,2023-24 (half)
Q005781,2024-04-08,Instagram,,0,0,2023-24 (half)
Q005808,2024-04-08,Walk-in,,0,0,2023-24 (half)
Q005987,2024-04-08,Instagram,,0,0,2023-24 (half)
Q006025,2024-04-08,Website,,0,0,2023-24 (half)
Q006075,2024-04-08,Walk-in,,0,0,2023-24 (half)
Q006080,2024-04-08,Instagram,,0,0,2023-24 (half)
Q006151,2024-04-08,Hotel Partner,,0,0,2023-24 (half)
Q006237,2024-04-08,Website,,0,0,2023-24 (half)
Q006391,2024-04-08,Referral,,0,0,2023-24 (half)
Q001211,2024-04-09,Referral,B001555,1,1,2023-24 (half)
Q001230,2024-04-09,Website,B001583,1,1,2023-24 (half)
Q001279,2024-04-09,Instagram,B001659,1,1,2023-24 (half)
Q001307,2024-04-09,Hotel Partner,B001692,1,1,2023-24 (half)
Q001392,2024-04-09,Referral,B001806,1,1,2023-24 (half)
Q001398,2024-04-09,Website,B001812,1,1,2023-24 (half)
Q005663,2024-04-09,Website,,0,0,2023-24 (half)
Q005762,2024-04-09,Walk-in,,0,0,2023-24 (half)
Q005769,2024-04-09,Referral,,0,0,2023-24 (half)
Q005859,2024-04-09,Instagram,,0,0,2023-24 (half)
Q006172,2024-04-09,Walk-in,,0,0,2023-24 (half)
Q006248,2024-04-09,Website,,0,0,2023-24 (half)
Q006418,2024-04-09,Walk-in,,0,0,2023-24 (half)
Q001189,2024-04-10,Website,B001531,0,1,2023-24 (half)
Q001218,2024-04-10,Website,B001568,1,1,2023-24 (half)
Q001317,2024-04-10,Website,B001703,0,1,2023-24 (half)
Q001338,2024-04-10,Hotel Partner,B001729,1,1,2023-24 (half)
Q005652,2024-04-10,Website,,0,0,2023-24 (half)
Q006162,2024-04-10,Instagram,,0,0,2023-24 (half)
Q006218,2024-04-10,Walk-in,,0,0,2023-24 (half)
Q006453,2024-04-10,Website,,0,0,2023-24 (half)
Q001198,2024-04-11,Referral,B001540,1,1,2023-24 (half)
Q001286,2024-04-11,Website,B001666,1,1,2023-24 (half)
Q001300,2024-04-11,Hotel Partner,B001682,1,1,2023-24 (half)
Q001327,2024-04-11,Website,B001715,1,1,2023-24 (half)
Q001358,2024-04-11,Walk-in,B001757,1,1,2023-24 (half)
Q005574,2024-04-11,Walk-in,,0,0,2023-24 (half)
Q005705,2024-04-11,Walk-in,,0,0,2023-24 (half)
Q005749,2024-04-11,Website,,0,0,2023-24 (half)
Q005837,2024-04-11,Website,,0,0,2023-24 (half)
Q006006,2024-04-11,Walk-in,,0,0,2023-24 (half)
Q006105,2024-04-11,Walk-in,,0,0,2023-24 (half)
Q006126,2024-04-11,Website,,0,0,2023-24 (half)
Q006135,2024-04-11,OTA,,0,0,2023-24 (half)
Q006261,2024-04-11,Hotel Partner,,0,0,2023-24 (half)
Q006285,2024-04-11,Hotel Partner,,0,0,2023-24 (half)
Q006455,2024-04-11,Walk-in,,0,0,2023-24 (half)
Q001250,2024-04-12,Instagram,B001611,0,1,2023-24 (half)
Q001343,2024-04-12,Website,B001739,0,1,2023-24 (half)
Q001462,2024-04-12,Website,B001892,0,1,2023-24 (half)
Q001463,2024-04-12,Hotel Partner,B001893,0,1,2023-24 (half)
Q005918,2024-04-12,Website,,0,0,2023-24 (half)
Q005989,2024-04-12,Walk-in,,0,0,2023-24 (half)
Q006197,2024-04-12,Website,,0,0,2023-24 (half)
Q006264,2024-04-12,Walk-in,,0,0,2023-24 (half)
Q006289,2024-04-12,Walk-in,,0,0,2023-24 (half)
Q006411,2024-04-12,Walk-in,,0,0,2023-24 (half)
Q001254,2024-04-13,Walk-in,B001616,1,1,2023-24 (half)
Q001272,2024-04-13,Website,B001647,1,1,2023-24 (half)
Q001315,2024-04-13,Hotel Partner,B001701,1,1,2023-24 (half)
Q001337,2024-04-13,Walk-in,B001728,1,1,2023-24 (half)
Q001394,2024-04-13,Walk-in,B001808,1,1,2023-24 (half)
Q001450,2024-04-13,Walk-in,B001877,1,1,2023-24 (half)
Q001452,2024-04-13,Hotel Partner,B001879,1,1,2023-24 (half)
Q001458,2024-04-13,Hotel Partner,B001887,1,1,2023-24 (half)
Q005735,2024-04-13,Website,,0,0,2023-24 (half)
Q005836,2024-04-13,OTA,,0,0,2023-24 (half)
Q006220,2024-04-13,Referral,,0,0,2023-24 (half)
Q006364,2024-04-13,Walk-in,,0,0,2023-24 (half)
Q006378,2024-04-13,Website,,0,0,2023-24 (half)
Q006434,2024-04-13,Walk-in,,0,0,2023-24 (half)
Q006473,2024-04-13,Instagram,,0,0,2023-24 (half)
Q001377,2024-04-14,Walk-in,B001785,1,1,2023-24 (half)
Q001389,2024-04-14,OTA,B001803,0,1,2023-24 (half)
Q001418,2024-04-14,Website,B001836,1,1,2023-24 (half)
Q001460,2024-04-14,OTA,B001890,1,1,2023-24 (half)
Q005565,2024-04-14,Instagram,,0,0,2023-24 (half)
Q005666,2024-04-14,Walk-in,,0,0,2023-24 (half)
Q005739,2024-04-14,Walk-in,,0,0,2023-24 (half)
Q006327,2024-04-14,Website,,0,0,2023-24 (half)
Q006345,2024-04-14,Referral,,0,0,2023-24 (half)
Q006479,2024-04-14,Referral,,0,0,2023-24 (half)
Q001324,2024-04-15,Referral,B001712,1,1,2023-24 (half)
Q001379,2024-04-15,Walk-in,B001787,1,1,2023-24 (half)
Q001391,2024-04-15,Walk-in,B001805,1,1,2023-24 (half)
Q001422,2024-04-15,Instagram,B001842,1,1,2023-24 (half)
Q006037,2024-04-15,Walk-in,,0,0,2023-24 (half)
Q006368,2024-04-15,Referral,,0,0,2023-24 (half)
Q006406,2024-04-15,Hotel Partner,,0,0,2023-24 (half)
Q006419,2024-04-15,Referral,,0,0,2023-24 (half)
Q006487,2024-04-15,Website,,0,0,2023-24 (half)
Q001243,2024-04-16,Website,B001601,0,1,2023-24 (half)
Q001285,2024-04-16,Website,B001665,1,1,2023-24 (half)
Q001304,2024-04-16,Website,B001689,1,1,2023-24 (half)
Q001349,2024-04-16,Hotel Partner,B001747,1,1,2023-24 (half)
Q001354,2024-04-16,Website,B001753,1,1,2023-24 (half)
Q001368,2024-04-16,Walk-in,B001773,1,1,2023-24 (half)
Q001390,2024-04-16,Walk-in,B001804,1,1,2023-24 (half)
Q001397,2024-04-16,Referral,B001811,1,1,2023-24 (half)
Q005782,2024-04-16,Hotel Partner,,0,0,2023-24 (half)
Q005800,2024-04-16,Instagram,,0,0,2023-24 (half)
Q006231,2024-04-16,Website,,0,0,2023-24 (half)
Q001253,2024-04-17,Referral,B001615,1,1,2023-24 (half)
Q001264,2024-04-17,Referral,B001634,1,1,2023-24 (half)
Q001299,2024-04-17,Website,B001680,0,1,2023-24 (half)
Q001351,2024-04-17,Instagram,B001749,0,1,2023-24 (half)
Q005879,2024-04-17,Hotel Partner,,0,0,2023-24 (half)
Q005881,2024-04-17,Walk-in,,0,0,2023-24 (half)
Q006008,2024-04-17,Referral,,0,0,2023-24 (half)
Q006031,2024-04-17,Hotel Partner,,0,0,2023-24 (half)
Q006210,2024-04-17,Hotel Partner,,0,0,2023-24 (half)
Q006211,2024-04-17,Referral,,0,0,2023-24 (half)
Q006240,2024-04-17,OTA,,0,0,2023-24 (half)
Q006290,2024-04-17,Walk-in,,0,0,2023-24 (half)
Q001404,2024-04-18,Referral,B001818,1,1,2023-24 (half)
Q001466,2024-04-18,OTA,B001896,0,1,2023-24 (half)
Q005592,2024-04-18,Hotel Partner,,0,0,2023-24 (half)
Q005814,2024-04-18,Hotel Partner,,0,0,2023-24 (half)
Q005931,2024-04-18,Hotel Partner,,0,0,2023-24 (half)
Q005976,2024-04-18,Walk-in,,0,0,2023-24 (half)
Q006170,2024-04-18,Referral,,0,0,2023-24 (half)
Q006360,2024-04-18,Website,,0,0,2023-24 (half)
Q006463,2024-04-18,Instagram,,0,0,2023-24 (half)
Q001376,2024-04-19,Walk-in,B001783,1,1,2023-24 (half)
Q001402,2024-04-19,Instagram,B001816,1,1,2023-24 (half)
Q001426,2024-04-19,Walk-in,B001846,1,1,2023-24 (half)
Q005627,2024-04-19,Website,,0,0,2023-24 (half)
Q006066,2024-04-19,Website,,0,0,2023-24 (half)
Q006094,2024-04-19,Hotel Partner,,0,0,2023-24 (half)
Q006149,2024-04-19,Walk-in,,0,0,2023-24 (half)
Q006193,2024-04-19,Referral,,0,0,2023-24 (half)
Q006308,2024-04-19,Website,,0,0,2023-24 (half)
Q001208,2024-04-20,Website,B001552,1,1,2023-24 (half)
Q001328,2024-04-20,Walk-in,B001716,1,1,2023-24 (half)
Q001334,2024-04-20,Instagram,B001724,1,1,2023-24 (half)
Q005719,2024-04-20,OTA,,0,0,2023-24 (half)
Q005850,2024-04-20,Website,,0,0,2023-24 (half)
Q005935,2024-04-20,Walk-in,,0,0,2023-24 (half)
Q006185,2024-04-20,Walk-in,,0,0,2023-24 (half)
Q001259,2024-04-21,Instagram,B001622,1,1,2023-24 (half)
Q001298,2024-04-21,Referral,B001679,0,1,2023-24 (half)
Q001322,2024-04-21,Hotel Partner,B001710,1,1,2023-24 (half)
Q005631,2024-04-21,Website,,0,0,2023-24 (half)
Q006340,2024-04-21,Walk-in,,0,0,2023-24 (half)
Q006468,2024-04-21,Instagram,,0,0,2023-24 (half)
Q001268,2024-04-22,Walk-in,B001642,1,1,2023-24 (half)
Q001386,2024-04-22,Walk-in,B001798,1,1,2023-24 (half)
Q001428,2024-04-22,Referral,B001850,1,1,2023-24 (half)
Q005925,2024-04-22,Walk-in,,0,0,2023-24 (half)
Q001306,2024-04-23,Hotel Partner,B001691,1,1,2023-24 (half)
Q001401,2024-04-23,Referral,B001815,0,1,2023-24 (half)
Q001445,2024-04-23,Walk-in,B001870,1,1,2023-24 (half)
Q005591,2024-04-23,Walk-in,,0,0,2023-24 (half)
Q005669,2024-04-23,Instagram,,0,0,2023-24 (half)
Q005744,2024-04-23,Website,,0,0,2023-24 (half)
Q006043,2024-04-23,Website,,0,0,2023-24 (half)
Q006083,2024-04-23,Referral,,0,0,2023-24 (half)
Q006403,2024-04-23,Website,,0,0,2023-24 (half)
Q001341,2024-04-24,Referral,B001736,0,1,2023-24 (half)
Q001346,2024-04-24,Hotel Partner,B001742,0,1,2023-24 (half)
Q001378,2024-04-24,Walk-in,B001786,1,1,2023-24 (half)
Q005661,2024-04-24,Referral,,0,0,2023-24 (half)
Q005757,2024-04-24,Website,,0,0,2023-24 (half)
Q005824,2024-04-24,Instagram,,0,0,2023-24 (half)
Q005880,2024-04-24,Walk-in,,0,0,2023-24 (half)
Q005985,2024-04-24,Hotel Partner,,0,0,2023-24 (half)
Q001262,2024-04-25,Instagram,B001632,1,1,2023-24 (half)
Q001416,2024-04-25,Walk-in,B001832,1,1,2023-24 (half)
Q001433,2024-04-25,Website,B001856,1,1,2023-24 (half)
Q001468,2024-04-25,Referral,B001898,0,1,2023-24 (half)
Q005647,2024-04-25,Walk-in,,0,0,2023-24 (half)
Q005718,2024-04-25,Walk-in,,0,0,2023-24 (half)
Q005838,2024-04-25,Walk-in,,0,0,2023-24 (half)
Q005893,2024-04-25,Website,,0,0,2023-24 (half)
Q006189,2024-04-25,Website,,0,0,2023-24 (half)
Q006229,2024-04-25,Instagram,,0,0,2023-24 (half)
Q001342,2024-04-26,Instagram,B001738,1,1,2023-24 (half)
Q001361,2024-04-26,Instagram,B001761,0,1,2023-24 (half)
Q001405,2024-04-26,Website,B001819,1,1,2023-24 (half)
Q001424,2024-04-26,Walk-in,B001844,1,1,2023-24 (half)
Q001464,2024-04-26,Referral,B001894,0,1,2023-24 (half)
Q006010,2024-04-26,Hotel Partner,,0,0,2023-24 (half)
Q006114,2024-04-26,Website,,0,0,2023-24 (half)
Q006207,2024-04-26,Walk-in,,0,0,2023-24 (half)
Q006421,2024-04-26,Walk-in,,0,0,2023-24 (half)
Q006490,2024-04-26,Walk-in,,0,0,2023-24 (half)
Q001316,2024-04-27,Walk-in,B001702,1,1,2023-24 (half)
Q001352,2024-04-27,OTA,B001750,0,1,2023-24 (half)
Q001360,2024-04-27,OTA,B001760,0,1,2023-24 (half)
Q001364,2024-04-27,Instagram,B001765,1,1,2023-24 (half)
Q001387,2024-04-27,Instagram,B001800,0,1,2023-24 (half)
Q001421,2024-04-27,Website,B001841,1,1,2023-24 (half)
Q001444,2024-04-27,Instagram,B001868,1,1,2023-24 (half)
Q001467,2024-04-27,Hotel Partner,B001897,1,1,2023-24 (half)
Q001470,2024-04-27,Instagram,B001900,1,1,2023-24 (half)
Q005611,2024-04-27,Walk-in,,0,0,2023-24 (half)
Q005788,2024-04-27,OTA,,0,0,2023-24 (half)
Q005984,2024-04-27,Walk-in,,0,0,2023-24 (half)
Q006107,2024-04-27,Instagram,,0,0,2023-24 (half)
Q006317,2024-04-27,Website,,0,0,2023-24 (half)
Q006346,2024-04-27,Walk-in,,0,0,2023-24 (half)
Q006361,2024-04-27,OTA,,0,0,2023-24 (half)
Q006444,2024-04-27,OTA,,0,0,2023-24 (half)
Q006493,2024-04-27,Walk-in,,0,0,2023-24 (half)
Q001413,2024-04-28,Walk-in,B001828,1,1,2023-24 (half)
Q001459,2024-04-28,Website,B001888,1,1,2023-24 (half)
Q005625,2024-04-28,Referral,,0,0,2023-24 (half)
Q006156,2024-04-28,Referral,,0,0,2023-24 (half)
Q006195,2024-04-28,OTA,,0,0,2023-24 (half)
Q006416,2024-04-28,Walk-in,,0,0,2023-24 (half)
Q001356,2024-04-29,Website,B001755,1,1,2023-24 (half)
Q001363,2024-04-29,Walk-in,B001764,1,1,2023-24 (half)
Q001374,2024-04-29,Walk-in,B001780,1,1,2023-24 (half)
Q001380,2024-04-29,Hotel Partner,B001788,1,1,2023-24 (half)
Q001382,2024-04-29,Website,B001791,1,1,2023-24 (half)
Q001399,2024-04-29,Walk-in,B001813,1,1,2023-24 (half)
Q001449,2024-04-29,Referral,B001876,0,1,2023-24 (half)
Q005597,2024-04-29,Walk-in,,0,0,2023-24 (half)
Q005612,2024-04-29,OTA,,0,0,2023-24 (half)
Q005729,2024-04-29,Website,,0,0,2023-24 (half)
Q005764,2024-04-29,Walk-in,,0,0,2023-24 (half)
Q005810,2024-04-29,Hotel Partner,,0,0,2023-24 (half)
Q005884,2024-04-29,Referral,,0,0,2023-24 (half)
Q005930,2024-04-29,Referral,,0,0,2023-24 (half)
Q006042,2024-04-29,Referral,,0,0,2023-24 (half)
Q006112,2024-04-29,Walk-in,,0,0,2023-24 (half)
Q006301,2024-04-29,Instagram,,0,0,2023-24 (half)
Q001353,2024-04-30,Walk-in,B001751,1,1,2023-24 (half)
Q001412,2024-04-30,Website,B001827,1,1,2023-24 (half)
Q001415,2024-04-30,Website,B001831,0,1,2023-24 (half)
Q001435,2024-04-30,Referral,B001858,1,1,2023-24 (half)
Q005952,2024-04-30,Walk-in,,0,0,2023-24 (half)
Q006015,2024-04-30,Referral,,0,0,2023-24 (half)
Q006020,2024-04-30,Hotel Partner,,0,0,2023-24 (half)
Q006029,2024-04-30,Walk-in,,0,0,2023-24 (half)
Q006127,2024-04-30,Walk-in,,0,0,2023-24 (half)
Q006247,2024-04-30,Walk-in,,0,0,2023-24 (half)
Q006292,2024-04-30,Hotel Partner,,0,0,2023-24 (half)
Q006319,2024-04-30,OTA,,0,0,2023-24 (half)
Q001345,2024-05-01,Website,B001741,0,1,2023-24 (half)
Q001372,2024-05-01,Walk-in,B001778,1,1,2023-24 (half)
Q001409,2024-05-01,Instagram,B001824,0,1,2023-24 (half)
Q001423,2024-05-01,Walk-in,B001843,1,1,2023-24 (half)
Q005720,2024-05-01,Walk-in,,0,0,2023-24 (half)
Q005732,2024-05-01,OTA,,0,0,2023-24 (half)
Q005770,2024-05-01,Walk-in,,0,0,2023-24 (half)
Q006058,2024-05-01,Walk-in,,0,0,2023-24 (half)
Q006104,2024-05-01,OTA,,0,0,2023-24 (half)
Q006130,2024-05-01,Referral,,0,0,2023-24 (half)
Q006250,2024-05-01,Walk-in,,0,0,2023-24 (half)
Q006325,2024-05-01,Walk-in,,0,0,2023-24 (half)
Q006407,2024-05-01,Instagram,,0,0,2023-24 (half)
Q001332,2024-05-02,OTA,B001721,1,1,2023-24 (half)
Q001434,2024-05-02,Website,B001857,1,1,2023-24 (half)
Q001455,2024-05-02,Walk-in,B001883,1,1,2023-24 (half)
Q005584,2024-05-02,Website,,0,0,2023-24 (half)
Q005605,2024-05-02,Walk-in,,0,0,2023-24 (half)
Q005941,2024-05-02,Instagram,,0,0,2023-24 (half)
Q005958,2024-05-02,Website,,0,0,2023-24 (half)
Q006091,2024-05-02,Website,,0,0,2023-24 (half)
Q006144,2024-05-02,Walk-in,,0,0,2023-24 (half)
Q006313,2024-05-02,Walk-in,,0,0,2023-24 (half)
Q001323,2024-05-03,Website,B001711,1,1,2023-24 (half)
Q001370,2024-05-03,Hotel Partner,B001775,1,1,2023-24 (half)
Q005619,2024-05-03,Referral,,0,0,2023-24 (half)
Q005633,2024-05-03,OTA,,0,0,2023-24 (half)
Q005820,2024-05-03,Website,,0,0,2023-24 (half)
Q005861,2024-05-03,Referral,,0,0,2023-24 (half)
Q005957,2024-05-03,Walk-in,,0,0,2023-24 (half)
Q001448,2024-05-04,Instagram,B001875,1,1,2023-24 (half)
Q001461,2024-05-04,Instagram,B001891,1,1,2023-24 (half)
Q001471,2024-05-04,Website,B001901,0,1,2023-24 (half)
Q005635,2024-05-04,Instagram,,0,0,2023-24 (half)
Q005641,2024-05-04,Website,,0,0,2023-24 (half)
Q005704,2024-05-04,Walk-in,,0,0,2023-24 (half)
Q005783,2024-05-04,Hotel Partner,,0,0,2023-24 (half)
Q005886,2024-05-04,Hotel Partner,,0,0,2023-24 (half)
Q006099,2024-05-04,Hotel Partner,,0,0,2023-24 (half)
Q006349,2024-05-04,Website,,0,0,2023-24 (half)
Q006382,2024-05-04,Website,,0,0,2023-24 (half)
Q005607,2024-05-05,Website,,0,0,2023-24 (half)
Q005686,2024-05-05,Website,,0,0,2023-24 (half)
Q005785,2024-05-05,Walk-in,,0,0,2023-24 (half)
Q005801,2024-05-05,Walk-in,,0,0,2023-24 (half)
Q005960,2024-05-05,Instagram,,0,0,2023-24 (half)
Q006425,2024-05-05,Website,,0,0,2023-24 (half)
Q006437,2024-05-05,Hotel Partner,,0,0,2023-24 (half)
Q001438,2024-05-06,Walk-in,B001862,1,1,2023-24 (half)
Q005997,2024-05-06,Instagram,,0,0,2023-24 (half)
Q006150,2024-05-06,Walk-in,,0,0,2023-24 (half)
Q006216,2024-05-06,Website,,0,0,2023-24 (half)
Q001431,2024-05-07,Walk-in,B001853,1,1,2023-24 (half)
Q001437,2024-05-07,Website,B001861,1,1,2023-24 (half)
Q001441,2024-05-07,Walk-in,B001865,1,1,2023-24 (half)
Q001442,2024-05-07,Referral,B001866,1,1,2023-24 (half)
Q001446,2024-05-07,Website,B001871,1,1,2023-24 (half)
Q005694,2024-05-07,Walk-in,,0,0,2023-24 (half)
Q005823,2024-05-07,Walk-in,,0,0,2023-24 (half)
Q006372,2024-05-07,Hotel Partner,,0,0,2023-24 (half)
Q006471,2024-05-07,Instagram,,0,0,2023-24 (half)
Q001410,2024-05-08,Referral,B001825,1,1,2023-24 (half)
Q005947,2024-05-08,Referral,,0,0,2023-24 (half)
Q006078,2024-05-08,Referral,,0,0,2023-24 (half)
Q006213,2024-05-08,Instagram,,0,0,2023-24 (half)
Q006312,2024-05-08,Hotel Partner,,0,0,2023-24 (half)
Q006355,2024-05-08,Website,,0,0,2023-24 (half)
Q006376,2024-05-08,Referral,,0,0,2023-24 (half)
Q001411,2024-05-09,Walk-in,B001826,1,1,2023-24 (half)
Q001419,2024-05-09,OTA,B001837,1,1,2023-24 (half)
Q001425,2024-05-09,Website,B001845,1,1,2023-24 (half)
Q001453,2024-05-09,Website,B001880,0,1,2023-24 (half)
Q005582,2024-05-09,Website,,0,0,2023-24 (half)
Q005738,2024-05-09,Walk-in,,0,0,2023-24 (half)
Q005793,2024-05-09,Website,,0,0,2023-24 (half)
Q005897,2024-05-09,Referral,,0,0,2023-24 (half)
Q006109,2024-05-09,Walk-in,,0,0,2023-24 (half)
Q006158,2024-05-09,Referral,,0,0,2023-24 (half)
Q006226,2024-05-09,Website,,0,0,2023-24 (half)
Q006365,2024-05-09,Instagram,,0,0,2023-24 (half)
Q001414,2024-05-10,Website,B001830,1,1,2023-24 (half)
Q001420,2024-05-10,Referral,B001838,1,1,2023-24 (half)
Q001440,2024-05-10,Hotel Partner,B001864,1,1,2023-24 (half)
Q005776,2024-05-10,Walk-in,,0,0,2023-24 (half)
Q005865,2024-05-10,OTA,,0,0,2023-24 (half)
Q006050,2024-05-10,Referral,,0,0,2023-24 (half)
Q006202,2024-05-10,Walk-in,,0,0,2023-24 (half)
Q001429,2024-05-11,Referral,B001851,1,1,2023-24 (half)
Q001465,2024-05-11,Walk-in,B001895,0,1,2023-24 (half)
Q005585,2024-05-11,Referral,,0,0,2023-24 (half)
Q005790,2024-05-11,Walk-in,,0,0,2023-24 (half)
Q005847,2024-05-11,Walk-in,,0,0,2023-24 (half)
Q006181,2024-05-11,Referral,,0,0,2023-24 (half)
Q006412,2024-05-11,Hotel Partner,,0,0,2023-24 (half)
Q001447,2024-05-12,Walk-in,B001874,1,1,2023-24 (half)
Q001454,2024-05-12,Website,B001882,1,1,2023-24 (half)
Q001473,2024-05-12,Walk-in,B001904,1,1,2023-24 (half)
Q005700,2024-05-12,Walk-in,,0,0,2023-24 (half)
Q005990,2024-05-12,Hotel Partner,,0,0,2023-24 (half)
Q006362,2024-05-12,OTA,,0,0,2023-24 (half)
Q006470,2024-05-12,Website,,0,0,2023-24 (half)
Q001400,2024-05-13,Referral,B001814,1,1,2023-24 (half)
Q005743,2024-05-13,Instagram,,0,0,2023-24 (half)
Q005797,2024-05-13,Referral,,0,0,2023-24 (half)
Q005807,2024-05-13,Walk-in,,0,0,2023-24 (half)
Q005680,2024-05-14,OTA,,0,0,2023-24 (half)
Q005887,2024-05-14,Walk-in,,0,0,2023-24 (half)
Q005969,2024-05-14,OTA,,0,0,2023-24 (half)
Q005998,2024-05-14,Hotel Partner,,0,0,2023-24 (half)
Q006079,2024-05-14,Hotel Partner,,0,0,2023-24 (half)
Q006217,2024-05-14,Instagram,,0,0,2023-24 (half)
Q006315,2024-05-14,OTA,,0,0,2023-24 (half)
Q006432,2024-05-14,Instagram,,0,0,2023-24 (half)
Q001385,2024-05-15,Instagram,B001797,1,1,2023-24 (half)
Q005709,2024-05-15,Walk-in,,0,0,2023-24 (half)
Q005876,2024-05-15,Website,,0,0,2023-24 (half)
Q005914,2024-05-15,Website,,0,0,2023-24 (half)
Q006055,2024-05-15,Hotel Partner,,0,0,2023-24 (half)
Q006281,2024-05-15,Website,,0,0,2023-24 (half)
Q006339,2024-05-15,Instagram,,0,0,2023-24 (half)
Q001436,2024-05-16,Walk-in,B001859,1,1,2023-24 (half)
Q001456,2024-05-16,Referral,B001884,1,1,2023-24 (half)
Q005606,2024-05-16,Instagram,,0,0,2023-24 (half)
Q005901,2024-05-16,Hotel Partner,,0,0,2023-24 (half)
Q005968,2024-05-16,Referral,,0,0,2023-24 (half)
Q006005,2024-05-16,Walk-in,,0,0,2023-24 (half)
Q006184,2024-05-16,Referral,,0,0,2023-24 (half)
Q006297,2024-05-16,Website,,0,0,2023-24 (half)
Q001417,2024-05-17,Website,B001835,1,1,2023-24 (half)
Q005599,2024-05-17,Referral,,0,0,2023-24 (half)
Q005615,2024-05-17,OTA,,0,0,2023-24 (half)
Q005628,2024-05-17,Website,,0,0,2023-24 (half)
Q005708,2024-05-17,Walk-in,,0,0,2023-24 (half)
Q005727,2024-05-17,Walk-in,,0,0,2023-24 (half)
Q006165,2024-05-17,Walk-in,,0,0,2023-24 (half)
Q006258,2024-05-17,Walk-in,,0,0,2023-24 (half)
Q006310,2024-05-17,Walk-in,,0,0,2023-24 (half)
Q005613,2024-05-18,Referral,,0,0,2023-24 (half)
Q005630,2024-05-18,OTA,,0,0,2023-24 (half)
Q005637,2024-05-18,Referral,,0,0,2023-24 (half)
Q005784,2024-05-18,Referral,,0,0,2023-24 (half)
Q005953,2024-05-18,Referral,,0,0,2023-24 (half)
Q006067,2024-05-18,Walk-in,,0,0,2023-24 (half)
Q006108,2024-05-18,Website,,0,0,2023-24 (half)
Q006269,2024-05-18,Website,,0,0,2023-24 (half)
Q001439,2024-05-19,Hotel Partner,B001863,1,1,2023-24 (half)
Q005761,2024-05-19,Instagram,,0,0,2023-24 (half)
Q005862,2024-05-19,Website,,0,0,2023-24 (half)
Q006007,2024-05-19,Walk-in,,0,0,2023-24 (half)
Q006291,2024-05-19,Walk-in,,0,0,2023-24 (half)
Q006314,2024-05-19,OTA,,0,0,2023-24 (half)
Q005698,2024-05-20,Walk-in,,0,0,2023-24 (half)
Q005755,2024-05-20,Hotel Partner,,0,0,2023-24 (half)
Q005939,2024-05-20,Walk-in,,0,0,2023-24 (half)
Q006044,2024-05-20,Walk-in,,0,0,2023-24 (half)
Q006163,2024-05-20,Referral,,0,0,2023-24 (half)
Q006374,2024-05-20,Hotel Partner,,0,0,2023-24 (half)
Q001406,2024-05-21,Website,B001821,1,1,2023-24 (half)
Q001427,2024-05-21,Referral,B001847,1,1,2023-24 (half)
Q005610,2024-05-21,Website,,0,0,2023-24 (half)
Q005654,2024-05-21,Walk-in,,0,0,2023-24 (half)
Q005844,2024-05-21,Instagram,,0,0,2023-24 (half)
Q005845,2024-05-21,Website,,0,0,2023-24 (half)
Q005890,2024-05-21,Walk-in,,0,0,2023-24 (half)
Q006124,2024-05-21,Walk-in,,0,0,2023-24 (half)
Q006266,2024-05-21,Walk-in,,0,0,2023-24 (half)
Q006283,2024-05-21,Walk-in,,0,0,2023-24 (half)
Q006332,2024-05-21,Referral,,0,0,2023-24 (half)
Q006481,2024-05-21,Hotel Partner,,0,0,2023-24 (half)
Q005670,2024-05-22,Instagram,,0,0,2023-24 (half)
Q005991,2024-05-22,Website,,0,0,2023-24 (half)
Q006087,2024-05-22,Walk-in,,0,0,2023-24 (half)
Q006157,2024-05-22,Referral,,0,0,2023-24 (half)
Q006256,2024-05-22,Website,,0,0,2023-24 (half)
Q006334,2024-05-22,Walk-in,,0,0,2023-24 (half)
Q006415,2024-05-22,Referral,,0,0,2023-24 (half)
Q006467,2024-05-22,Walk-in,,0,0,2023-24 (half)
Q005777,2024-05-23,OTA,,0,0,2023-24 (half)
Q005867,2024-05-23,Website,,0,0,2023-24 (half)
Q005996,2024-05-23,Instagram,,0,0,2023-24 (half)
Q006169,2024-05-23,Hotel Partner,,0,0,2023-24 (half)
Q006322,2024-05-23,Website,,0,0,2023-24 (half)
Q006328,2024-05-23,Referral,,0,0,2023-24 (half)
Q006342,2024-05-23,Website,,0,0,2023-24 (half)
Q001443,2024-05-24,Referral,B001867,1,1,2023-24 (half)
Q006026,2024-05-24,Referral,,0,0,2023-24 (half)
Q006138,2024-05-24,Referral,,0,0,2023-24 (half)
Q006356,2024-05-24,Instagram,,0,0,2023-24 (half)
Q006464,2024-05-24,OTA,,0,0,2023-24 (half)
Q005896,2024-05-25,Referral,,0,0,2023-24 (half)
Q006039,2024-05-25,Hotel Partner,,0,0,2023-24 (half)
Q006082,2024-05-25,Hotel Partner,,0,0,2023-24 (half)
Q006494,2024-05-25,Website,,0,0,2023-24 (half)
Q005586,2024-05-26,Walk-in,,0,0,2023-24 (half)
Q005690,2024-05-26,Walk-in,,0,0,2023-24 (half)
Q005701,2024-05-26,Hotel Partner,,0,0,2023-24 (half)
Q005737,2024-05-26,Walk-in,,0,0,2023-24 (half)
Q005826,2024-05-26,Walk-in,,0,0,2023-24 (half)
Q006225,2024-05-26,Website,,0,0,2023-24 (half)
Q006228,2024-05-26,OTA,,0,0,2023-24 (half)
Q006278,2024-05-26,Walk-in,,0,0,2023-24 (half)
Q006338,2024-05-26,Hotel Partner,,0,0,2023-24 (half)
Q005576,2024-05-27,Website,,0,0,2023-24 (half)
Q005858,2024-05-27,Walk-in,,0,0,2023-24 (half)
Q005929,2024-05-27,Walk-in,,0,0,2023-24 (half)
Q006140,2024-05-27,Referral,,0,0,2023-24 (half)
Q006239,2024-05-27,OTA,,0,0,2023-24 (half)
Q006358,2024-05-27,Walk-in,,0,0,2023-24 (half)
Q006379,2024-05-27,Hotel Partner,,0,0,2023-24 (half)
Q005616,2024-05-28,Referral,,0,0,2023-24 (half)
Q005665,2024-05-28,Hotel Partner,,0,0,2023-24 (half)
Q005772,2024-05-28,Hotel Partner,,0,0,2023-24 (half)
Q005993,2024-05-28,Website,,0,0,2023-24 (half)
Q006191,2024-05-28,Website,,0,0,2023-24 (half)
Q006303,2024-05-28,Website,,0,0,2023-24 (half)
Q006390,2024-05-28,Referral,,0,0,2023-24 (half)
Q005869,2024-05-29,Instagram,,0,0,2023-24 (half)
Q006084,2024-05-29,Website,,0,0,2023-24 (half)
Q006160,2024-05-29,Hotel Partner,,0,0,2023-24 (half)
Q006274,2024-05-29,Website,,0,0,2023-24 (half)
Q005626,2024-05-30,Walk-in,,0,0,2023-24 (half)
Q005703,2024-05-30,Hotel Partner,,0,0,2023-24 (half)
Q005715,2024-05-30,Hotel Partner,,0,0,2023-24 (half)
Q005717,2024-05-30,Website,,0,0,2023-24 (half)
Q005949,2024-05-30,Walk-in,,0,0,2023-24 (half)
Q006113,2024-05-30,Walk-in,,0,0,2023-24 (half)
Q006134,2024-05-30,Website,,0,0,2023-24 (half)
Q006371,2024-05-30,Referral,,0,0,2023-24 (half)
Q001469,2024-05-31,Instagram,B001899,1,1,2023-24 (half)
Q006059,2024-05-31,Website,,0,0,2023-24 (half)
Q006201,2024-05-31,Walk-in,,0,0,2023-24 (half)
Q006270,2024-05-31,Walk-in,,0,0,2023-24 (half)
Q006388,2024-05-31,Website,,0,0,2023-24 (half)
Q006404,2024-05-31,Referral,,0,0,2023-24 (half)
Q006413,2024-05-31,Website,,0,0,2023-24 (half)
Q001472,2024-06-12,Walk-in,B001902,0,1,2024-25
Q001484,2024-07-25,Walk-in,B001916,0,1,2024-25
Q001479,2024-07-29,OTA,B001911,0,1,2024-25
Q001481,2024-08-04,Referral,B001913,0,1,2024-25
Q001490,2024-08-07,OTA,B001924,0,1,2024-25
Q001508,2024-08-08,Referral,B001948,1,1,2024-25
Q001511,2024-08-08,OTA,B001952,1,1,2024-25
Q001498,2024-08-09,Walk-in,B001934,1,1,2024-25
Q001480,2024-08-10,Walk-in,B001912,1,1,2024-25
Q001474,2024-08-11,Walk-in,B001905,0,1,2024-25
Q001477,2024-08-11,Walk-in,B001908,1,1,2024-25
Q001489,2024-08-12,Website,B001923,0,1,2024-25
Q001492,2024-08-12,OTA,B001926,0,1,2024-25
Q001499,2024-08-12,Hotel Partner,B001935,0,1,2024-25
Q001519,2024-08-12,Walk-in,B001965,0,1,2024-25
Q001551,2024-08-13,Walk-in,B002012,1,1,2024-25
Q001501,2024-08-14,Instagram,B001937,1,1,2024-25
Q001509,2024-08-15,Hotel Partner,B001949,1,1,2024-25
Q001534,2024-08-15,Website,B001989,0,1,2024-25
Q001475,2024-08-16,Website,B001906,0,1,2024-25
Q001476,2024-08-16,Referral,B001907,0,1,2024-25
Q001570,2024-08-17,Hotel Partner,B002039,1,1,2024-25
Q001538,2024-08-18,OTA,B001995,0,1,2024-25
Q001557,2024-08-18,OTA,B002021,1,1,2024-25
Q001504,2024-08-19,Referral,B001941,0,1,2024-25
Q001539,2024-08-19,Referral,B001996,1,1,2024-25
Q001560,2024-08-19,Website,B002024,1,1,2024-25
Q001567,2024-08-19,OTA,B002036,0,1,2024-25
Q001604,2024-08-19,Referral,B002082,1,1,2024-25
Q001609,2024-08-19,Referral,B002087,1,1,2024-25
Q001637,2024-08-19,OTA,B002118,0,1,2024-25
Q001525,2024-08-20,Referral,B001972,1,1,2024-25
Q001540,2024-08-20,OTA,B001997,1,1,2024-25
Q001486,2024-08-21,Website,B001920,1,1,2024-25
Q001495,2024-08-21,Hotel Partner,B001931,1,1,2024-25
Q001531,2024-08-21,Walk-in,B001984,1,1,2024-25
Q001537,2024-08-21,Walk-in,B001993,0,1,2024-25
Q001553,2024-08-21,Walk-in,B002014,1,1,2024-25
Q001515,2024-08-22,Website,B001961,0,1,2024-25
Q001550,2024-08-22,Walk-in,B002011,1,1,2024-25
Q001583,2024-08-22,OTA,B002054,1,1,2024-25
Q001491,2024-08-23,Referral,B001925,1,1,2024-25
Q001532,2024-08-23,OTA,B001985,0,1,2024-25
Q001536,2024-08-23,Walk-in,B001992,1,1,2024-25
Q001569,2024-08-23,Instagram,B002038,0,1,2024-25
Q001632,2024-08-23,Website,B002113,1,1,2024-25
Q001483,2024-08-24,Hotel Partner,B001915,0,1,2024-25
Q001670,2024-08-24,Website,B002161,1,1,2024-25
Q001514,2024-08-25,Walk-in,B001960,0,1,2024-25
Q001562,2024-08-25,Website,B002028,1,1,2024-25
Q001628,2024-08-25,Hotel Partner,B002108,0,1,2024-25
Q001652,2024-08-25,Walk-in,B002140,1,1,2024-25
Q001494,2024-08-26,OTA,B001930,1,1,2024-25
Q001506,2024-08-26,Walk-in,B001945,1,1,2024-25
Q001510,2024-08-26,Walk-in,B001950,1,1,2024-25
Q001658,2024-08-26,Hotel Partner,B002146,0,1,2024-25
Q001512,2024-08-27,Instagram,B001954,1,1,2024-25
Q001543,2024-08-27,Website,B002001,1,1,2024-25
Q001589,2024-08-27,Walk-in,B002061,1,1,2024-25
Q001643,2024-08-27,Website,B002125,0,1,2024-25
Q001667,2024-08-27,Walk-in,B002156,1,1,2024-25
Q001485,2024-08-28,Website,B001918,1,1,2024-25
Q001650,2024-08-28,OTA,B002138,1,1,2024-25
Q001496,2024-08-29,OTA,B001932,1,1,2024-25
Q001478,2024-08-30,OTA,B001910,0,1,2024-25
Q001497,2024-08-30,Website,B001933,1,1,2024-25
Q001521,2024-08-30,Referral,B001967,1,1,2024-25
Q001547,2024-08-30,Instagram,B002006,1,1,2024-25
Q001549,2024-08-30,Instagram,B002010,1,1,2024-25
Q001580,2024-08-30,Instagram,B002051,1,1,2024-25
Q001619,2024-08-30,Website,B002098,1,1,2024-25
Q001493,2024-08-31,Walk-in,B001927,0,1,2024-25
Q001541,2024-08-31,OTA,B001998,1,1,2024-25
Q001554,2024-08-31,Referral,B002015,1,1,2024-25
Q001559,2024-08-31,OTA,B002023,0,1,2024-25
Q001564,2024-08-31,Hotel Partner,B002032,1,1,2024-25
Q001565,2024-08-31,Referral,B002034,1,1,2024-25
Q001594,2024-08-31,Instagram,B002067,1,1,2024-25
Q001635,2024-08-31,Referral,B002116,1,1,2024-25
Q001696,2024-08-31,Walk-in,B002196,1,1,2024-25
Q001503,2024-09-01,Referral,B001940,1,1,2024-25
Q001545,2024-09-01,Walk-in,B002003,0,1,2024-25
Q001613,2024-09-01,OTA,B002091,1,1,2024-25
Q001640,2024-09-01,Walk-in,B002122,1,1,2024-25
Q001522,2024-09-02,Website,B001968,1,1,2024-25
Q001526,2024-09-02,Instagram,B001973,0,1,2024-25
Q001571,2024-09-02,OTA,B002040,1,1,2024-25
Q001623,2024-09-02,Referral,B002102,1,1,2024-25
Q001626,2024-09-02,Hotel Partner,B002105,1,1,2024-25
Q001577,2024-09-03,Walk-in,B002048,1,1,2024-25
Q001584,2024-09-03,Referral,B002055,1,1,2024-25
Q001586,2024-09-03,Walk-in,B002058,1,1,2024-25
Q001617,2024-09-03,OTA,B002096,0,1,2024-25
Q001644,2024-09-03,Website,B002127,1,1,2024-25
Q001661,2024-09-03,Referral,B002149,1,1,2024-25
Q001703,2024-09-03,Referral,B002206,1,1,2024-25
Q001530,2024-09-04,Walk-in,B001983,1,1,2024-25
Q001544,2024-09-04,Walk-in,B002002,1,1,2024-25
Q001548,2024-09-05,Walk-in,B002009,1,1,2024-25
Q001552,2024-09-05,Referral,B002013,1,1,2024-25
Q001587,2024-09-05,OTA,B002059,1,1,2024-25
Q001598,2024-09-05,Instagram,B002074,1,1,2024-25
Q001633,2024-09-05,OTA,B002114,1,1,2024-25
Q001639,2024-09-05,Instagram,B002120,0,1,2024-25
Q001487,2024-09-06,Walk-in,B001921,1,1,2024-25
Q001535,2024-09-06,Walk-in,B001990,1,1,2024-25
Q001724,2024-09-06,Referral,B002229,1,1,2024-25
Q001568,2024-09-07,Referral,B002037,1,1,2024-25
Q001585,2024-09-07,OTA,B002057,1,1,2024-25
Q001588,2024-09-07,Website,B002060,0,1,2024-25
Q001666,2024-09-07,Instagram,B002155,1,1,2024-25
Q001718,2024-09-07,Walk-in,B002222,1,1,2024-25
Q001786,2024-09-07,Website,B002308,1,1,2024-25
Q001529,2024-09-08,Referral,B001980,0,1,2024-25
Q001591,2024-09-08,Website,B002064,0,1,2024-25
Q001631,2024-09-08,Walk-in,B002112,1,1,2024-25
Q001638,2024-09-08,Instagram,B002119,0,1,2024-25
Q001671,2024-09-08,Walk-in,B002162,1,1,2024-25
Q001488,2024-09-09,OTA,B001922,0,1,2024-25
Q001500,2024-09-09,Website,B001936,1,1,2024-25
Q001597,2024-09-09,Referral,B002073,1,1,2024-25
Q001645,2024-09-09,Website,B002128,1,1,2024-25
Q001750,2024-09-09,Instagram,B002259,0,1,2024-25
Q001621,2024-09-10,OTA,B002100,0,1,2024-25
Q001772,2024-09-10,Walk-in,B002289,1,1,2024-25
Q001507,2024-09-11,Walk-in,B001946,1,1,2024-25
Q001528,2024-09-11,Website,B001979,1,1,2024-25
Q001600,2024-09-11,Website,B002076,1,1,2024-25
Q001624,2024-09-11,Website,B002103,1,1,2024-25
Q001672,2024-09-11,OTA,B002163,1,1,2024-25
Q001482,2024-09-12,Website,B001914,0,1,2024-25
Q001517,2024-09-12,Website,B001963,1,1,2024-25
Q001572,2024-09-12,Hotel Partner,B002041,1,1,2024-25
Q001647,2024-09-12,Website,B002131,1,1,2024-25
Q001685,2024-09-12,Walk-in,B002180,1,1,2024-25
Q001704,2024-09-12,Walk-in,B002207,1,1,2024-25
Q001743,2024-09-12,OTA,B002249,1,1,2024-25
Q001751,2024-09-12,Walk-in,B002260,1,1,2024-25
Q001794,2024-09-12,Walk-in,B002321,1,1,2024-25
Q001518,2024-09-13,OTA,B001964,1,1,2024-25
Q001524,2024-09-13,Referral,B001970,0,1,2024-25
Q001611,2024-09-13,Referral,B002089,1,1,2024-25
Q001651,2024-09-13,Hotel Partner,B002139,1,1,2024-25
Q001653,2024-09-13,Instagram,B002141,1,1,2024-25
Q001654,2024-09-13,Walk-in,B002142,1,1,2024-25
Q001773,2024-09-13,Referral,B002290,1,1,2024-25
Q001542,2024-09-14,OTA,B002000,1,1,2024-25
Q001558,2024-09-14,Referral,B002022,1,1,2024-25
Q001646,2024-09-14,Walk-in,B002130,0,1,2024-25
Q001692,2024-09-14,Walk-in,B002191,1,1,2024-25
Q001714,2024-09-14,Walk-in,B002218,1,1,2024-25
Q001801,2024-09-14,Walk-in,B002329,1,1,2024-25
Q001707,2024-09-15,OTA,B002210,0,1,2024-25
Q001734,2024-09-15,Instagram,B002240,1,1,2024-25
Q001790,2024-09-15,Walk-in,B002317,0,1,2024-25
Q001555,2024-09-16,Referral,B002017,1,1,2024-25
Q001618,2024-09-16,OTA,B002097,1,1,2024-25
Q001622,2024-09-16,Website,B002101,1,1,2024-25
Q001657,2024-09-16,Website,B002145,1,1,2024-25
Q001665,2024-09-16,Instagram,B002154,0,1,2024-25
Q001682,2024-09-16,Referral,B002175,1,1,2024-25
Q001728,2024-09-16,Referral,B002234,1,1,2024-25
Q001576,2024-09-17,Website,B002047,1,1,2024-25
Q001590,2024-09-17,Referral,B002062,1,1,2024-25
Q001602,2024-09-17,Walk-in,B002080,1,1,2024-25
Q001620,2024-09-17,OTA,B002099,1,1,2024-25
Q001664,2024-09-17,Website,B002153,1,1,2024-25
Q001735,2024-09-17,OTA,B002241,1,1,2024-25
Q001738,2024-09-17,Referral,B002244,1,1,2024-25
Q001793,2024-09-17,Hotel Partner,B002320,1,1,2024-25
Q001579,2024-09-18,Referral,B002050,0,1,2024-25
Q001595,2024-09-18,Walk-in,B002069,1,1,2024-25
Q001662,2024-09-18,Walk-in,B002150,1,1,2024-25
Q001674,2024-09-18,Website,B002166,1,1,2024-25
Q001706,2024-09-18,Instagram,B002209,1,1,2024-25
Q001745,2024-09-18,OTA,B002251,1,1,2024-25
Q001851,2024-09-18,OTA,B002397,0,1,2024-25
Q001513,2024-09-19,Website,B001957,1,1,2024-25
Q001563,2024-09-19,Website,B002030,1,1,2024-25
Q001566,2024-09-19,Website,B002035,1,1,2024-25
Q001610,2024-09-19,Walk-in,B002088,1,1,2024-25
Q001634,2024-09-19,OTA,B002115,0,1,2024-25
Q001711,2024-09-19,Walk-in,B002215,1,1,2024-25
Q001741,2024-09-19,Instagram,B002247,1,1,2024-25
Q001755,2024-09-19,Website,B002265,1,1,2024-25
Q001769,2024-09-19,Instagram,B002286,1,1,2024-25
Q001679,2024-09-20,Walk-in,B002172,0,1,2024-25
Q001680,2024-09-20,Hotel Partner,B002173,0,1,2024-25
Q001687,2024-09-20,OTA,B002182,1,1,2024-25
Q001717,2024-09-20,Hotel Partner,B002221,1,1,2024-25
Q001763,2024-09-20,Walk-in,B002277,1,1,2024-25
Q001822,2024-09-20,Hotel Partner,B002356,1,1,2024-25
Q001833,2024-09-20,Website,B002372,1,1,2024-25
Q001840,2024-09-20,Hotel Partner,B002383,0,1,2024-25
Q001867,2024-09-20,Walk-in,B002419,0,1,2024-25
Q001502,2024-09-21,Walk-in,B001938,1,1,2024-25
Q001582,2024-09-22,Referral,B002053,1,1,2024-25
Q001698,2024-09-22,OTA,B002200,0,1,2024-25
Q001761,2024-09-22,Walk-in,B002275,1,1,2024-25
Q001505,2024-09-23,OTA,B001943,0,1,2024-25
Q001593,2024-09-23,Hotel Partner,B002066,1,1,2024-25
Q001676,2024-09-23,Instagram,B002169,0,1,2024-25
Q001809,2024-09-23,OTA,B002340,1,1,2024-25
Q001573,2024-09-24,Website,B002042,0,1,2024-25
Q001612,2024-09-24,Website,B002090,1,1,2024-25
Q001726,2024-09-24,Referral,B002231,1,1,2024-25
Q001824,2024-09-24,Hotel Partner,B002358,1,1,2024-25
Q001883,2024-09-24,Walk-in,B002437,0,1,2024-25
Q001891,2024-09-24,Walk-in,B002447,1,1,2024-25
Q001520,2024-09-25,Walk-in,B001966,0,1,2024-25
Q001527,2024-09-25,Walk-in,B001975,1,1,2024-25
Q001581,2024-09-25,Website,B002052,1,1,2024-25
Q001592,2024-09-25,Website,B002065,1,1,2024-25
Q001641,2024-09-25,Walk-in,B002123,1,1,2024-25
Q001659,2024-09-25,OTA,B002147,1,1,2024-25
Q001688,2024-09-25,Referral,B002184,0,1,2024-25
Q001759,2024-09-25,Website,B002273,1,1,2024-25
Q001783,2024-09-25,Website,B002304,0,1,2024-25
Q001787,2024-09-25,Website,B002309,1,1,2024-25
Q001546,2024-09-26,OTA,B002004,1,1,2024-25
Q001561,2024-09-26,Referral,B002027,1,1,2024-25
Q001642,2024-09-26,Instagram,B002124,1,1,2024-25
Q001648,2024-09-26,Referral,B002133,0,1,2024-25
Q001656,2024-09-26,Walk-in,B002144,1,1,2024-25
Q001771,2024-09-26,Website,B002288,0,1,2024-25
Q001798,2024-09-26,Referral,B002326,1,1,2024-25
Q001523,2024-09-27,Website,B001969,0,1,2024-25
Q001578,2024-09-27,Instagram,B002049,1,1,2024-25
Q001675,2024-09-27,Website,B002167,1,1,2024-25
Q001797,2024-09-27,Referral,B002325,0,1,2024-25
Q001837,2024-09-27,Website,B002380,1,1,2024-25
Q001859,2024-09-27,OTA,B002407,0,1,2024-25
Q001884,2024-09-27,Hotel Partner,B002439,1,1,2024-25
Q001885,2024-09-27,Walk-in,B002441,1,1,2024-25
Q001136,2024-09-28,Walk-in,B002193,1,1,2024-25
Q001556,2024-09-28,OTA,B002018,1,1,2024-25
Q001599,2024-09-28,Website,B002075,1,1,2024-25
Q001636,2024-09-28,Instagram,B002117,1,1,2024-25
Q001719,2024-09-28,Walk-in,B002223,1,1,2024-25
Q001764,2024-09-28,Website,B002279,1,1,2024-25
Q001796,2024-09-28,Walk-in,B002324,1,1,2024-25
Q001844,2024-09-28,Hotel Partner,B002387,1,1,2024-25
Q001890,2024-09-28,Instagram,B002446,1,1,2024-25
Q001897,2024-09-28,Website,B002457,0,1,2024-25
Q001574,2024-09-29,Instagram,B002045,0,1,2024-25
Q001607,2024-09-29,Website,B002085,1,1,2024-25
Q001678,2024-09-29,Instagram,B002171,0,1,2024-25
Q001701,2024-09-29,OTA,B002204,1,1,2024-25
Q001708,2024-09-29,OTA,B002211,1,1,2024-25
Q001716,2024-09-29,Website,B002220,1,1,2024-25
Q001788,2024-09-29,Website,B002312,1,1,2024-25
Q001834,2024-09-29,Website,B002373,0,1,2024-25
Q001847,2024-09-29,Walk-in,B002391,0,1,2024-25
Q001908,2024-09-29,Website,B002469,1,1,2024-25
Q001913,2024-09-29,Hotel Partner,B002474,1,1,2024-25
Q001614,2024-09-30,Walk-in,B002092,1,1,2024-25
Q001668,2024-09-30,Referral,B002158,1,1,2024-25
Q001673,2024-09-30,Walk-in,B002165,0,1,2024-25
Q001695,2024-09-30,Referral,B002195,1,1,2024-25
Q001863,2024-09-30,Referral,B002413,0,1,2024-25
Q001866,2024-09-30,Walk-in,B002417,0,1,2024-25
Q001920,2024-09-30,OTA,B002484,0,1,2024-25
Q001516,2024-10-01,Walk-in,B001962,0,1,2024-25
Q001533,2024-10-01,Instagram,B001987,1,1,2024-25
Q001575,2024-10-01,OTA,B002046,0,1,2024-25
Q001601,2024-10-01,OTA,B002078,1,1,2024-25
Q001697,2024-10-01,Hotel Partner,B002197,0,1,2024-25
Q001862,2024-10-01,Walk-in,B002410,0,1,2024-25
Q001894,2024-10-01,Hotel Partner,B002454,0,1,2024-25
Q006547,2024-10-01,Website,,0,0,2024-25
Q006568,2024-10-01,Instagram,,0,0,2024-25
Q006582,2024-10-01,Website,,0,0,2024-25
Q006803,2024-10-01,Hotel Partner,,0,0,2024-25
Q006921,2024-10-01,Website,,0,0,2024-25
Q007057,2024-10-01,Walk-in,,0,0,2024-25
Q007612,2024-10-01,Walk-in,,0,0,2024-25
Q007664,2024-10-01,OTA,,0,0,2024-25
Q007797,2024-10-01,OTA,,0,0,2024-25
Q007981,2024-10-01,Walk-in,,0,0,2024-25
Q008062,2024-10-01,Referral,,0,0,2024-25
Q008283,2024-10-01,Website,,0,0,2024-25
Q008300,2024-10-01,OTA,,0,0,2024-25
Q001629,2024-10-02,Website,B002110,1,1,2024-25
Q001630,2024-10-02,OTA,B002111,1,1,2024-25
Q001686,2024-10-02,OTA,B002181,1,1,2024-25
Q001729,2024-10-02,OTA,B002235,0,1,2024-25
Q001814,2024-10-02,Website,B002345,1,1,2024-25
Q001836,2024-10-02,Hotel Partner,B002379,0,1,2024-25
Q001855,2024-10-02,OTA,B002402,0,1,2024-25
Q001873,2024-10-02,Instagram,B002425,0,1,2024-25
Q001887,2024-10-02,Hotel Partner,B002443,0,1,2024-25
Q006611,2024-10-02,Walk-in,,0,0,2024-25
Q007001,2024-10-02,Referral,,0,0,2024-25
Q007643,2024-10-02,Website,,0,0,2024-25
Q007763,2024-10-02,Hotel Partner,,0,0,2024-25
Q007800,2024-10-02,OTA,,0,0,2024-25
Q007913,2024-10-02,Referral,,0,0,2024-25
Q007987,2024-10-02,Walk-in,,0,0,2024-25
Q008235,2024-10-02,Walk-in,,0,0,2024-25
Q001720,2024-10-03,Instagram,B002224,1,1,2024-25
Q001736,2024-10-03,Website,B002242,1,1,2024-25
Q001749,2024-10-03,Website,B002256,1,1,2024-25
Q001826,2024-10-03,Referral,B002361,1,1,2024-25
Q001876,2024-10-03,Hotel Partner,B002428,0,1,2024-25
Q001911,2024-10-03,Walk-in,B002472,1,1,2024-25
Q001955,2024-10-03,Referral,B002521,1,1,2024-25
Q006510,2024-10-03,Website,,0,0,2024-25
Q006662,2024-10-03,Walk-in,,0,0,2024-25
Q006758,2024-10-03,Walk-in,,0,0,2024-25
Q007052,2024-10-03,Website,,0,0,2024-25
Q007366,2024-10-03,Hotel Partner,,0,0,2024-25
Q007506,2024-10-03,Instagram,,0,0,2024-25
Q007646,2024-10-03,Website,,0,0,2024-25
Q008361,2024-10-03,Website,,0,0,2024-25
Q001615,2024-10-04,OTA,B002093,0,1,2024-25
Q001715,2024-10-04,OTA,B002219,1,1,2024-25
Q001725,2024-10-04,Referral,B002230,1,1,2024-25
Q001730,2024-10-04,Walk-in,B002236,1,1,2024-25
Q001775,2024-10-04,Instagram,B002293,1,1,2024-25
Q001831,2024-10-04,Referral,B002369,1,1,2024-25
Q001899,2024-10-04,Website,B002459,1,1,2024-25
Q006500,2024-10-04,Website,,0,0,2024-25
Q006730,2024-10-04,Walk-in,,0,0,2024-25
Q007385,2024-10-04,Website,,0,0,2024-25
Q007715,2024-10-04,Hotel Partner,,0,0,2024-25
Q007834,2024-10-04,Instagram,,0,0,2024-25
Q007991,2024-10-04,OTA,,0,0,2024-25
Q001681,2024-10-05,OTA,B002174,0,1,2024-25
Q001684,2024-10-05,Instagram,B002177,0,1,2024-25
Q001705,2024-10-05,Walk-in,B002208,1,1,2024-25
Q001721,2024-10-05,Referral,B002226,1,1,2024-25
Q001756,2024-10-05,Walk-in,B002269,1,1,2024-25
Q001768,2024-10-05,Website,B002285,1,1,2024-25
Q001828,2024-10-05,Referral,B002365,1,1,2024-25
Q001869,2024-10-05,Website,B002421,0,1,2024-25
Q006623,2024-10-05,OTA,,0,0,2024-25
Q006832,2024-10-05,OTA,,0,0,2024-25
Q007386,2024-10-05,Walk-in,,0,0,2024-25
Q007623,2024-10-05,OTA,,0,0,2024-25
Q007628,2024-10-05,Website,,0,0,2024-25
Q007665,2024-10-05,OTA,,0,0,2024-25
Q007900,2024-10-05,Instagram,,0,0,2024-25
Q001689,2024-10-06,OTA,B002185,1,1,2024-25
Q001800,2024-10-06,OTA,B002328,1,1,2024-25
Q001848,2024-10-06,Walk-in,B002392,1,1,2024-25
Q001878,2024-10-06,Website,B002431,0,1,2024-25
Q001886,2024-10-06,Website,B002442,0,1,2024-25
Q001938,2024-10-06,OTA,B002503,1,1,2024-25
Q001990,2024-10-06,Website,B002568,1,1,2024-25
Q002026,2024-10-06,OTA,B002616,0,1,2024-25
Q002030,2024-10-06,Walk-in,B002625,1,1,2024-25
Q006548,2024-10-06,Walk-in,,0,0,2024-25
Q006562,2024-10-06,Referral,,0,0,2024-25
Q006922,2024-10-06,Instagram,,0,0,2024-25
Q007014,2024-10-06,Referral,,0,0,2024-25
Q007063,2024-10-06,Website,,0,0,2024-25
Q007569,2024-10-06,OTA,,0,0,2024-25
Q007673,2024-10-06,Referral,,0,0,2024-25
Q008355,2024-10-06,Walk-in,,0,0,2024-25
Q001605,2024-10-07,Referral,B002083,0,1,2024-25
Q001776,2024-10-07,Hotel Partner,B002294,1,1,2024-25
Q001777,2024-10-07,Instagram,B002295,1,1,2024-25
Q001778,2024-10-07,Referral,B002297,1,1,2024-25
Q001871,2024-10-07,Referral,B002423,1,1,2024-25
Q001872,2024-10-07,Hotel Partner,B002424,0,1,2024-25
Q001874,2024-10-07,Walk-in,B002426,0,1,2024-25
Q001880,2024-10-07,Instagram,B002433,0,1,2024-25
Q001881,2024-10-07,Walk-in,B002435,0,1,2024-25
Q001914,2024-10-07,Website,B002475,0,1,2024-25
Q006770,2024-10-07,Website,,0,0,2024-25
Q007369,2024-10-07,Website,,0,0,2024-25
Q007504,2024-10-07,Walk-in,,0,0,2024-25
Q007530,2024-10-07,OTA,,0,0,2024-25
Q007633,2024-10-07,Walk-in,,0,0,2024-25
Q007852,2024-10-07,Instagram,,0,0,2024-25
Q008111,2024-10-07,Instagram,,0,0,2024-25
Q008142,2024-10-07,Website,,0,0,2024-25
Q008323,2024-10-07,Website,,0,0,2024-25
Q001603,2024-10-08,OTA,B002081,1,1,2024-25
Q001677,2024-10-08,Website,B002170,0,1,2024-25
Q001690,2024-10-08,OTA,B002186,0,1,2024-25
Q001694,2024-10-08,OTA,B002194,0,1,2024-25
Q001702,2024-10-08,Walk-in,B002205,1,1,2024-25
Q001710,2024-10-08,Walk-in,B002213,1,1,2024-25
Q001782,2024-10-08,Hotel Partner,B002302,1,1,2024-25
Q001820,2024-10-08,Website,B002352,1,1,2024-25
Q001843,2024-10-08,Website,B002386,1,1,2024-25
Q001870,2024-10-08,Referral,B002422,0,1,2024-25
Q001928,2024-10-08,Walk-in,B002492,1,1,2024-25
Q002009,2024-10-08,Walk-in,B002592,0,1,2024-25
Q002038,2024-10-08,Walk-in,B002639,1,1,2024-25
Q006570,2024-10-08,Instagram,,0,0,2024-25
Q006619,2024-10-08,Website,,0,0,2024-25
Q006635,2024-10-08,Hotel Partner,,0,0,2024-25
Q006858,2024-10-08,Walk-in,,0,0,2024-25
Q006890,2024-10-08,Hotel Partner,,0,0,2024-25
Q006993,2024-10-08,Instagram,,0,0,2024-25
Q007370,2024-10-08,OTA,,0,0,2024-25
Q007517,2024-10-08,Website,,0,0,2024-25
Q008488,2024-10-08,OTA,,0,0,2024-25
Q001596,2024-10-09,OTA,B002071,1,1,2024-25
Q001669,2024-10-09,OTA,B002160,0,1,2024-25
Q001740,2024-10-09,Walk-in,B002246,1,1,2024-25
Q001742,2024-10-09,Website,B002248,1,1,2024-25
Q001744,2024-10-09,Walk-in,B002250,1,1,2024-25
Q001829,2024-10-09,Referral,B002366,1,1,2024-25
Q001877,2024-10-09,Referral,B002429,1,1,2024-25
Q001959,2024-10-09,Website,B002532,0,1,2024-25
Q006648,2024-10-09,Instagram,,0,0,2024-25
Q006829,2024-10-09,OTA,,0,0,2024-25
Q006856,2024-10-09,Hotel Partner,,0,0,2024-25
Q007054,2024-10-09,Referral,,0,0,2024-25
Q007571,2024-10-09,Walk-in,,0,0,2024-25
Q007764,2024-10-09,Referral,,0,0,2024-25
Q007941,2024-10-09,Referral,,0,0,2024-25
Q007975,2024-10-09,Website,,0,0,2024-25
Q007996,2024-10-09,Website,,0,0,2024-25
Q008120,2024-10-09,Walk-in,,0,0,2024-25
Q008362,2024-10-09,Walk-in,,0,0,2024-25
Q001616,2024-10-10,OTA,B002094,0,1,2024-25
Q001627,2024-10-10,OTA,B002107,0,1,2024-25
Q001727,2024-10-10,Instagram,B002232,1,1,2024-25
Q001781,2024-10-10,Website,B002300,1,1,2024-25
Q001784,2024-10-10,Referral,B002305,0,1,2024-25
Q001842,2024-10-10,Walk-in,B002385,1,1,2024-25
Q001860,2024-10-10,OTA,B002408,1,1,2024-25
Q001905,2024-10-10,OTA,B002466,1,1,2024-25
Q001921,2024-10-10,Website,B002485,1,1,2024-25
Q001947,2024-10-10,Referral,B002513,1,1,2024-25
Q006732,2024-10-10,OTA,,0,0,2024-25
Q007005,2024-10-10,Website,,0,0,2024-25
Q007167,2024-10-10,Walk-in,,0,0,2024-25
Q007250,2024-10-10,OTA,,0,0,2024-25
Q007348,2024-10-10,Hotel Partner,,0,0,2024-25
Q007557,2024-10-10,Walk-in,,0,0,2024-25
Q007672,2024-10-10,Website,,0,0,2024-25
Q008222,2024-10-10,Hotel Partner,,0,0,2024-25
Q008272,2024-10-10,Referral,,0,0,2024-25
Q001606,2024-10-11,Website,B002084,1,1,2024-25
Q001830,2024-10-11,Walk-in,B002368,1,1,2024-25
Q001934,2024-10-11,Hotel Partner,B002499,1,1,2024-25
Q001939,2024-10-11,OTA,B002504,1,1,2024-25
Q006608,2024-10-11,Instagram,,0,0,2024-25
Q007906,2024-10-11,Website,,0,0,2024-25
Q008258,2024-10-11,Hotel Partner,,0,0,2024-25
Q001660,2024-10-12,Walk-in,B002148,1,1,2024-25
Q001709,2024-10-12,OTA,B002212,0,1,2024-25
Q001737,2024-10-12,Walk-in,B002243,1,1,2024-25
Q001792,2024-10-12,Walk-in,B002319,1,1,2024-25
Q001893,2024-10-12,OTA,B002451,1,1,2024-25
Q001922,2024-10-12,Referral,B002486,1,1,2024-25
Q002031,2024-10-12,Walk-in,B002627,1,1,2024-25
Q006598,2024-10-12,Website,,0,0,2024-25
Q006650,2024-10-12,Walk-in,,0,0,2024-25
Q007281,2024-10-12,Website,,0,0,2024-25
Q007766,2024-10-12,Referral,,0,0,2024-25
Q007928,2024-10-12,Walk-in,,0,0,2024-25
Q001625,2024-10-13,OTA,B002104,0,1,2024-25
Q001683,2024-10-13,Referral,B002176,0,1,2024-25
Q001713,2024-10-13,Walk-in,B002217,1,1,2024-25
Q001841,2024-10-13,Walk-in,B002384,1,1,2024-25
Q001854,2024-10-13,Referral,B002401,1,1,2024-25
Q001949,2024-10-13,Referral,B002515,1,1,2024-25
Q002063,2024-10-13,Website,B002667,0,1,2024-25
Q006544,2024-10-13,Website,,0,0,2024-25
Q006647,2024-10-13,OTA,,0,0,2024-25
Q007172,2024-10-13,Referral,,0,0,2024-25
Q007203,2024-10-13,Walk-in,,0,0,2024-25
Q007205,2024-10-13,OTA,,0,0,2024-25
Q007227,2024-10-13,Walk-in,,0,0,2024-25
Q007448,2024-10-13,Hotel Partner,,0,0,2024-25
Q008038,2024-10-13,Hotel Partner,,0,0,2024-25
Q008114,2024-10-13,Walk-in,,0,0,2024-25
Q001722,2024-10-14,Walk-in,B002227,0,1,2024-25
Q001762,2024-10-14,Referral,B002276,1,1,2024-25
Q001810,2024-10-14,Website,B002341,1,1,2024-25
Q001816,2024-10-14,OTA,B002347,0,1,2024-25
Q001845,2024-10-14,Website,B002389,1,1,2024-25
Q001900,2024-10-14,Hotel Partner,B002460,0,1,2024-25
Q001906,2024-10-14,Instagram,B002467,1,1,2024-25
Q001951,2024-10-14,Walk-in,B002517,1,1,2024-25
Q001964,2024-10-14,Walk-in,B002537,1,1,2024-25
Q002019,2024-10-14,Walk-in,B002607,0,1,2024-25
Q006596,2024-10-14,Instagram,,0,0,2024-25
Q007020,2024-10-14,Walk-in,,0,0,2024-25
Q007194,2024-10-14,OTA,,0,0,2024-25
Q007432,2024-10-14,Walk-in,,0,0,2024-25
Q007758,2024-10-14,Referral,,0,0,2024-25
Q007770,2024-10-14,Website,,0,0,2024-25
Q007820,2024-10-14,Hotel Partner,,0,0,2024-25
Q008480,2024-10-14,Website,,0,0,2024-25
Q001739,2024-10-15,Referral,B002245,1,1,2024-25
Q001770,2024-10-15,OTA,B002287,0,1,2024-25
Q001819,2024-10-15,Hotel Partner,B002351,1,1,2024-25
Q001916,2024-10-15,Instagram,B002477,1,1,2024-25
Q001929,2024-10-15,Website,B002493,1,1,2024-25
Q001994,2024-10-15,Hotel Partner,B002573,0,1,2024-25
Q002091,2024-10-15,Walk-in,B002702,0,1,2024-25
Q006575,2024-10-15,Walk-in,,0,0,2024-25
Q006644,2024-10-15,OTA,,0,0,2024-25
Q007248,2024-10-15,Website,,0,0,2024-25
Q007425,2024-10-15,Walk-in,,0,0,2024-25
Q007556,2024-10-15,OTA,,0,0,2024-25
Q007654,2024-10-15,OTA,,0,0,2024-25
Q007924,2024-10-15,Website,,0,0,2024-25
Q007957,2024-10-15,Walk-in,,0,0,2024-25
Q008110,2024-10-15,OTA,,0,0,2024-25
Q008165,2024-10-15,Referral,,0,0,2024-25
Q008340,2024-10-15,OTA,,0,0,2024-25
Q001608,2024-10-16,Hotel Partner,B002086,1,1,2024-25
Q001655,2024-10-16,Website,B002143,1,1,2024-25
Q001746,2024-10-16,Referral,B002252,1,1,2024-25
Q001748,2024-10-16,Website,B002255,1,1,2024-25
Q001753,2024-10-16,Website,B002263,1,1,2024-25
Q001758,2024-10-16,Instagram,B002271,1,1,2024-25
Q001868,2024-10-16,Walk-in,B002420,0,1,2024-25
Q002003,2024-10-16,Instagram,B002584,0,1,2024-25
Q002074,2024-10-16,Walk-in,B002680,0,1,2024-25
Q006519,2024-10-16,Walk-in,,0,0,2024-25
Q006998,2024-10-16,Walk-in,,0,0,2024-25
Q007070,2024-10-16,Hotel Partner,,0,0,2024-25
Q007124,2024-10-16,Referral,,0,0,2024-25
Q007308,2024-10-16,Website,,0,0,2024-25
Q007387,2024-10-16,OTA,,0,0,2024-25
Q007402,2024-10-16,OTA,,0,0,2024-25
Q008214,2024-10-16,Walk-in,,0,0,2024-25
Q008369,2024-10-16,OTA,,0,0,2024-25
Q001649,2024-10-17,Hotel Partner,B002136,0,1,2024-25
Q001693,2024-10-17,Website,B002192,1,1,2024-25
Q001754,2024-10-17,OTA,B002264,1,1,2024-25
Q001774,2024-10-17,Walk-in,B002291,1,1,2024-25
Q001795,2024-10-17,OTA,B002322,1,1,2024-25
Q001806,2024-10-17,OTA,B002336,1,1,2024-25
Q001811,2024-10-17,OTA,B002342,1,1,2024-25
Q001910,2024-10-17,Hotel Partner,B002471,1,1,2024-25
Q001942,2024-10-17,OTA,B002508,1,1,2024-25
Q001968,2024-10-17,Walk-in,B002541,1,1,2024-25
Q001979,2024-10-17,Website,B002554,0,1,2024-25
Q002029,2024-10-17,Hotel Partner,B002622,1,1,2024-25
Q006641,2024-10-17,Instagram,,0,0,2024-25
Q006684,2024-10-17,Walk-in,,0,0,2024-25
Q006851,2024-10-17,Instagram,,0,0,2024-25
Q007853,2024-10-17,Walk-in,,0,0,2024-25
Q008469,2024-10-17,OTA,,0,0,2024-25
Q001733,2024-10-18,Hotel Partner,B002239,1,1,2024-25
Q001760,2024-10-18,OTA,B002274,0,1,2024-25
Q001808,2024-10-18,OTA,B002338,1,1,2024-25
Q001838,2024-10-18,OTA,B002381,0,1,2024-25
Q001915,2024-10-18,Website,B002476,1,1,2024-25
Q002008,2024-10-18,Referral,B002591,1,1,2024-25
Q006536,2024-10-18,Referral,,0,0,2024-25
Q006626,2024-10-18,Walk-in,,0,0,2024-25
Q006725,2024-10-18,Website,,0,0,2024-25
Q006777,2024-10-18,Walk-in,,0,0,2024-25
Q006844,2024-10-18,Website,,0,0,2024-25
Q006849,2024-10-18,Referral,,0,0,2024-25
Q006868,2024-10-18,OTA,,0,0,2024-25
Q006888,2024-10-18,Referral,,0,0,2024-25
Q006943,2024-10-18,Instagram,,0,0,2024-25
Q007031,2024-10-18,OTA,,0,0,2024-25
Q007049,2024-10-18,Walk-in,,0,0,2024-25
Q007244,2024-10-18,Instagram,,0,0,2024-25
Q007910,2024-10-18,Walk-in,,0,0,2024-25
Q007971,2024-10-18,Website,,0,0,2024-25
Q008115,2024-10-18,Instagram,,0,0,2024-25
Q001700,2024-10-19,Hotel Partner,B002202,1,1,2024-25
Q001732,2024-10-19,Hotel Partner,B002238,1,1,2024-25
Q001752,2024-10-19,Referral,B002262,1,1,2024-25
Q001827,2024-10-19,Website,B002363,1,1,2024-25
Q001849,2024-10-19,Walk-in,B002393,1,1,2024-25
Q001895,2024-10-19,Referral,B002455,1,1,2024-25
Q001912,2024-10-19,Walk-in,B002473,1,1,2024-25
Q001978,2024-10-19,Referral,B002552,0,1,2024-25
Q002013,2024-10-19,Hotel Partner,B002600,0,1,2024-25
Q002044,2024-10-19,Instagram,B002646,0,1,2024-25
Q002101,2024-10-19,Instagram,B002717,1,1,2024-25
Q002104,2024-10-19,Instagram,B002720,1,1,2024-25
Q002108,2024-10-19,Instagram,B002725,0,1,2024-25
Q007547,2024-10-19,OTA,,0,0,2024-25
Q007707,2024-10-19,OTA,,0,0,2024-25
Q007762,2024-10-19,Referral,,0,0,2024-25
Q007962,2024-10-19,Walk-in,,0,0,2024-25
Q008237,2024-10-19,Website,,0,0,2024-25
Q008385,2024-10-19,OTA,,0,0,2024-25
Q008422,2024-10-19,Instagram,,0,0,2024-25
Q008441,2024-10-19,Website,,0,0,2024-25
Q001691,2024-10-20,Hotel Partner,B002187,1,1,2024-25
Q001723,2024-10-20,Walk-in,B002228,1,1,2024-25
Q001747,2024-10-20,Website,B002254,1,1,2024-25
Q001803,2024-10-20,Hotel Partner,B002331,1,1,2024-25
Q001875,2024-10-20,OTA,B002427,0,1,2024-25
Q001925,2024-10-20,Instagram,B002489,1,1,2024-25
Q001953,2024-10-20,Referral,B002519,1,1,2024-25
Q002001,2024-10-20,Referral,B002582,1,1,2024-25
Q002023,2024-10-20,Walk-in,B002611,1,1,2024-25
Q002083,2024-10-20,Hotel Partner,B002693,0,1,2024-25
Q006505,2024-10-20,OTA,,0,0,2024-25
Q006831,2024-10-20,Walk-in,,0,0,2024-25
Q006942,2024-10-20,Hotel Partner,,0,0,2024-25
Q007012,2024-10-20,Referral,,0,0,2024-25
Q007144,2024-10-20,Referral,,0,0,2024-25
Q007315,2024-10-20,OTA,,0,0,2024-25
Q007520,2024-10-20,Website,,0,0,2024-25
Q007713,2024-10-20,Hotel Partner,,0,0,2024-25
Q001663,2024-10-21,Website,B002151,1,1,2024-25
Q001766,2024-10-21,Walk-in,B002281,1,1,2024-25
Q001785,2024-10-21,OTA,B002306,1,1,2024-25
Q001846,2024-10-21,Walk-in,B002390,0,1,2024-25
Q001856,2024-10-21,Website,B002404,1,1,2024-25
Q001857,2024-10-21,Walk-in,B002405,1,1,2024-25
Q001940,2024-10-21,Walk-in,B002505,1,1,2024-25
Q001992,2024-10-21,Walk-in,B002571,1,1,2024-25
Q002014,2024-10-21,Referral,B002601,1,1,2024-25
Q002021,2024-10-21,Hotel Partner,B002609,0,1,2024-25
Q002110,2024-10-21,Referral,B002729,0,1,2024-25
Q002123,2024-10-21,Referral,B002744,1,1,2024-25
Q002127,2024-10-21,OTA,B002749,0,1,2024-25
Q002135,2024-10-21,Referral,B002758,1,1,2024-25
Q002180,2024-10-21,Walk-in,B002812,1,1,2024-25
Q002184,2024-10-21,Referral,B002817,1,1,2024-25
Q006628,2024-10-21,Walk-in,,0,0,2024-25
Q006979,2024-10-21,Walk-in,,0,0,2024-25
Q006991,2024-10-21,Website,,0,0,2024-25
Q007836,2024-10-21,Instagram,,0,0,2024-25
Q008372,2024-10-21,OTA,,0,0,2024-25
Q008471,2024-10-21,Walk-in,,0,0,2024-25
Q001765,2024-10-22,OTA,B002280,0,1,2024-25
Q001818,2024-10-22,Instagram,B002350,1,1,2024-25
Q001858,2024-10-22,Referral,B002406,0,1,2024-25
Q001861,2024-10-22,Walk-in,B002409,1,1,2024-25
Q001903,2024-10-22,OTA,B002464,1,1,2024-25
Q001919,2024-10-22,Website,B002483,1,1,2024-25
Q001926,2024-10-22,Walk-in,B002490,1,1,2024-25
Q001936,2024-10-22,Hotel Partner,B002501,1,1,2024-25
Q001973,2024-10-22,Website,B002546,1,1,2024-25
Q001977,2024-10-22,Walk-in,B002551,1,1,2024-25
Q002010,2024-10-22,Walk-in,B002595,1,1,2024-25
Q002022,2024-10-22,Walk-in,B002610,1,1,2024-25
Q002087,2024-10-22,Referral,B002697,1,1,2024-25
Q002114,2024-10-22,Instagram,B002735,1,1,2024-25
Q002142,2024-10-22,Instagram,B002768,1,1,2024-25
Q006637,2024-10-22,Referral,,0,0,2024-25
Q006717,2024-10-22,Website,,0,0,2024-25
Q006747,2024-10-22,Instagram,,0,0,2024-25
Q006869,2024-10-22,Instagram,,0,0,2024-25
Q007587,2024-10-22,Walk-in,,0,0,2024-25
Q007614,2024-10-22,Instagram,,0,0,2024-25
Q007796,2024-10-22,Website,,0,0,2024-25
Q007944,2024-10-22,Website,,0,0,2024-25
Q008029,2024-10-22,OTA,,0,0,2024-25
Q008251,2024-10-22,Website,,0,0,2024-25
Q001789,2024-10-23,Referral,B002313,1,1,2024-25
Q001805,2024-10-23,Instagram,B002334,1,1,2024-25
Q001902,2024-10-23,Walk-in,B002463,1,1,2024-25
Q001904,2024-10-23,Instagram,B002465,1,1,2024-25
Q001980,2024-10-23,OTA,B002556,1,1,2024-25
Q002046,2024-10-23,Walk-in,B002649,1,1,2024-25
Q006592,2024-10-23,Referral,,0,0,2024-25
Q006886,2024-10-23,Walk-in,,0,0,2024-25
Q007531,2024-10-23,Walk-in,,0,0,2024-25
Q007784,2024-10-23,Website,,0,0,2024-25
Q008138,2024-10-23,Referral,,0,0,2024-25
Q008464,2024-10-23,Walk-in,,0,0,2024-25
Q008475,2024-10-23,Walk-in,,0,0,2024-25
Q001823,2024-10-24,Website,B002357,1,1,2024-25
Q001825,2024-10-24,Referral,B002359,0,1,2024-25
Q001896,2024-10-24,OTA,B002456,1,1,2024-25
Q001983,2024-10-24,Instagram,B002560,1,1,2024-25
Q002039,2024-10-24,Website,B002640,0,1,2024-25
Q002048,2024-10-24,Referral,B002650,1,1,2024-25
Q002179,2024-10-24,Referral,B002810,1,1,2024-25
Q006530,2024-10-24,OTA,,0,0,2024-25
Q006542,2024-10-24,Instagram,,0,0,2024-25
Q007061,2024-10-24,Hotel Partner,,0,0,2024-25
Q007862,2024-10-24,Referral,,0,0,2024-25
Q008377,2024-10-24,OTA,,0,0,2024-25
Q001699,2024-10-25,Website,B002201,0,1,2024-25
Q001779,2024-10-25,Walk-in,B002298,1,1,2024-25
Q001839,2024-10-25,Website,B002382,0,1,2024-25
Q001909,2024-10-25,Hotel Partner,B002470,1,1,2024-25
Q002006,2024-10-25,Instagram,B002588,0,1,2024-25
Q002020,2024-10-25,Website,B002608,1,1,2024-25
Q002095,2024-10-25,Referral,B002706,1,1,2024-25
Q002096,2024-10-25,Walk-in,B002710,1,1,2024-25
Q002097,2024-10-25,OTA,B002711,1,1,2024-25
Q002140,2024-10-25,Instagram,B002764,0,1,2024-25
Q002177,2024-10-25,Instagram,B002807,0,1,2024-25
Q002206,2024-10-25,Walk-in,B002844,1,1,2024-25
Q006723,2024-10-25,Referral,,0,0,2024-25
Q007307,2024-10-25,OTA,,0,0,2024-25
Q007799,2024-10-25,Walk-in,,0,0,2024-25
Q008121,2024-10-25,Instagram,,0,0,2024-25
Q008286,2024-10-25,OTA,,0,0,2024-25
Q008404,2024-10-25,Instagram,,0,0,2024-25
Q001757,2024-10-26,Website,B002270,1,1,2024-25
Q001799,2024-10-26,OTA,B002327,0,1,2024-25
Q001815,2024-10-26,Website,B002346,1,1,2024-25
Q001821,2024-10-26,Walk-in,B002355,1,1,2024-25
Q001931,2024-10-26,Walk-in,B002496,1,1,2024-25
Q001956,2024-10-26,OTA,B002526,1,1,2024-25
Q001961,2024-10-26,Instagram,B002534,0,1,2024-25
Q002066,2024-10-26,Hotel Partner,B002670,1,1,2024-25
Q002073,2024-10-26,Instagram,B002679,1,1,2024-25
Q002082,2024-10-26,Referral,B002691,1,1,2024-25
Q006978,2024-10-26,Referral,,0,0,2024-25
Q007110,2024-10-26,Walk-in,,0,0,2024-25
Q007295,2024-10-26,Walk-in,,0,0,2024-25
Q008384,2024-10-26,Walk-in,,0,0,2024-25
Q001888,2024-10-27,Instagram,B002444,1,1,2024-25
Q001945,2024-10-27,Hotel Partner,B002511,1,1,2024-25
Q001993,2024-10-27,Walk-in,B002572,1,1,2024-25
Q002033,2024-10-27,Walk-in,B002628,0,1,2024-25
Q002042,2024-10-27,Instagram,B002643,0,1,2024-25
Q002176,2024-10-27,Walk-in,B002806,0,1,2024-25
Q006796,2024-10-27,Walk-in,,0,0,2024-25
Q006798,2024-10-27,Website,,0,0,2024-25
Q007099,2024-10-27,Website,,0,0,2024-25
Q007256,2024-10-27,Instagram,,0,0,2024-25
Q007525,2024-10-27,Instagram,,0,0,2024-25
Q007804,2024-10-27,Hotel Partner,,0,0,2024-25
Q008052,2024-10-27,Website,,0,0,2024-25
Q008179,2024-10-27,OTA,,0,0,2024-25
Q008196,2024-10-27,Instagram,,0,0,2024-25
Q008353,2024-10-27,Referral,,0,0,2024-25
Q008481,2024-10-27,Walk-in,,0,0,2024-25
Q001767,2024-10-28,Instagram,B002282,1,1,2024-25
Q002049,2024-10-28,Referral,B002651,1,1,2024-25
Q002080,2024-10-28,Website,B002688,1,1,2024-25
Q002164,2024-10-28,Referral,B002791,1,1,2024-25
Q002220,2024-10-28,OTA,B002860,1,1,2024-25
Q006654,2024-10-28,Walk-in,,0,0,2024-25
Q006757,2024-10-28,Instagram,,0,0,2024-25
Q007584,2024-10-28,Website,,0,0,2024-25
Q007629,2024-10-28,Walk-in,,0,0,2024-25
Q008277,2024-10-28,Walk-in,,0,0,2024-25
Q008352,2024-10-28,OTA,,0,0,2024-25
Q001802,2024-10-29,Walk-in,B002330,1,1,2024-25
Q002185,2024-10-29,Referral,B002818,0,1,2024-25
Q002193,2024-10-29,Website,B002829,1,1,2024-25
Q006763,2024-10-29,Walk-in,,0,0,2024-25
Q006813,2024-10-29,Website,,0,0,2024-25
Q006901,2024-10-29,OTA,,0,0,2024-25
Q007115,2024-10-29,Hotel Partner,,0,0,2024-25
Q007187,2024-10-29,Hotel Partner,,0,0,2024-25
Q007312,2024-10-29,Hotel Partner,,0,0,2024-25
Q007361,2024-10-29,Hotel Partner,,0,0,2024-25
Q007572,2024-10-29,Walk-in,,0,0,2024-25
Q007632,2024-10-29,Referral,,0,0,2024-25
Q007682,2024-10-29,OTA,,0,0,2024-25
Q008096,2024-10-29,Hotel Partner,,0,0,2024-25
Q008180,2024-10-29,Hotel Partner,,0,0,2024-25
Q001712,2024-10-30,Referral,B002216,1,1,2024-25
Q001731,2024-10-30,Website,B002237,1,1,2024-25
Q001791,2024-10-30,Instagram,B002318,1,1,2024-25
Q001932,2024-10-30,OTA,B002497,1,1,2024-25
Q002151,2024-10-30,Instagram,B002778,1,1,2024-25
Q002194,2024-10-30,Walk-in,B002831,1,1,2024-25
Q002255,2024-10-30,Hotel Partner,B002906,1,1,2024-25
Q002324,2024-10-30,Website,B002993,1,1,2024-25
Q006700,2024-10-30,OTA,,0,0,2024-25
Q007082,2024-10-30,Walk-in,,0,0,2024-25
Q007083,2024-10-30,Website,,0,0,2024-25
Q007394,2024-10-30,Website,,0,0,2024-25
Q007979,2024-10-30,Walk-in,,0,0,2024-25
Q008006,2024-10-30,Website,,0,0,2024-25
Q008088,2024-10-30,OTA,,0,0,2024-25
Q008344,2024-10-30,Website,,0,0,2024-25
Q001813,2024-10-31,Website,B002344,1,1,2024-25
Q001817,2024-10-31,OTA,B002348,1,1,2024-25
Q001889,2024-10-31,OTA,B002445,1,1,2024-25
Q001982,2024-10-31,Walk-in,B002559,1,1,2024-25
Q001997,2024-10-31,Walk-in,B002576,1,1,2024-25
Q002012,2024-10-31,Instagram,B002599,0,1,2024-25
Q002024,2024-10-31,Hotel Partner,B002612,0,1,2024-25
Q002028,2024-10-31,Hotel Partner,B002621,0,1,2024-25
Q002068,2024-10-31,OTA,B002672,0,1,2024-25
Q002094,2024-10-31,Hotel Partner,B002705,1,1,2024-25
Q002139,2024-10-31,Walk-in,B002763,1,1,2024-25
Q006524,2024-10-31,Referral,,0,0,2024-25
Q007140,2024-10-31,Instagram,,0,0,2024-25
Q007373,2024-10-31,Hotel Partner,,0,0,2024-25
Q007637,2024-10-31,Website,,0,0,2024-25
Q007769,2024-10-31,Walk-in,,0,0,2024-25
Q007947,2024-10-31,Referral,,0,0,2024-25
Q008021,2024-10-31,Website,,0,0,2024-25
Q008089,2024-10-31,Walk-in,,0,0,2024-25
Q008141,2024-10-31,OTA,,0,0,2024-25
Q008351,2024-10-31,Walk-in,,0,0,2024-25
Q008430,2024-10-31,Hotel Partner,,0,0,2024-25
Q001864,2024-11-01,Hotel Partner,B002415,0,1,2024-25
Q001946,2024-11-01,Website,B002512,1,1,2024-25
Q002053,2024-11-01,Walk-in,B002657,1,1,2024-25
Q002107,2024-11-01,OTA,B002724,0,1,2024-25
Q002147,2024-11-01,Hotel Partner,B002773,1,1,2024-25
Q002172,2024-11-01,Website,B002799,0,1,2024-25
Q006718,2024-11-01,Hotel Partner,,0,0,2024-25
Q006861,2024-11-01,Walk-in,,0,0,2024-25
Q007415,2024-11-01,Walk-in,,0,0,2024-25
Q007566,2024-11-01,Website,,0,0,2024-25
Q007876,2024-11-01,Referral,,0,0,2024-25
Q008143,2024-11-01,Instagram,,0,0,2024-25
Q008412,2024-11-01,Instagram,,0,0,2024-25
Q001879,2024-11-02,OTA,B002432,0,1,2024-25
Q001988,2024-11-02,OTA,B002566,1,1,2024-25
Q002036,2024-11-02,Referral,B002636,1,1,2024-25
Q002051,2024-11-02,Website,B002653,0,1,2024-25
Q002115,2024-11-02,Walk-in,B002736,0,1,2024-25
Q002119,2024-11-02,Walk-in,B002740,1,1,2024-25
Q002152,2024-11-02,Hotel Partner,B002779,1,1,2024-25
Q002229,2024-11-02,Website,B002871,0,1,2024-25
Q002242,2024-11-02,Instagram,B002889,0,1,2024-25
Q002268,2024-11-02,Walk-in,B002921,1,1,2024-25
Q002295,2024-11-02,Website,B002956,1,1,2024-25
Q006707,2024-11-02,OTA,,0,0,2024-25
Q006997,2024-11-02,Website,,0,0,2024-25
Q007011,2024-11-02,Hotel Partner,,0,0,2024-25
Q007461,2024-11-02,Walk-in,,0,0,2024-25
Q007661,2024-11-02,Referral,,0,0,2024-25
Q008017,2024-11-02,Walk-in,,0,0,2024-25
Q008116,2024-11-02,Website,,0,0,2024-25
Q001804,2024-11-03,OTA,B002332,0,1,2024-25
Q001812,2024-11-03,Hotel Partner,B002343,1,1,2024-25
Q001835,2024-11-03,Referral,B002374,1,1,2024-25
Q001865,2024-11-03,OTA,B002416,0,1,2024-25
Q001923,2024-11-03,Walk-in,B002487,1,1,2024-25
Q001950,2024-11-03,OTA,B002516,1,1,2024-25
Q001970,2024-11-03,Walk-in,B002543,1,1,2024-25
Q002007,2024-11-03,Walk-in,B002589,1,1,2024-25
Q002017,2024-11-03,Hotel Partner,B002604,1,1,2024-25
Q002120,2024-11-03,Hotel Partner,B002741,1,1,2024-25
Q002125,2024-11-03,Website,B002746,1,1,2024-25
Q002141,2024-11-03,OTA,B002767,1,1,2024-25
Q002187,2024-11-03,OTA,B002820,1,1,2024-25
Q002259,2024-11-03,Instagram,B002910,1,1,2024-25
Q006754,2024-11-03,Website,,0,0,2024-25
Q006789,2024-11-03,Hotel Partner,,0,0,2024-25
Q007158,2024-11-03,Instagram,,0,0,2024-25
Q007159,2024-11-03,Walk-in,,0,0,2024-25
Q007228,2024-11-03,Referral,,0,0,2024-25
Q007274,2024-11-03,Referral,,0,0,2024-25
Q007397,2024-11-03,OTA,,0,0,2024-25
Q007920,2024-11-03,Instagram,,0,0,2024-25
Q008098,2024-11-03,Walk-in,,0,0,2024-25
Q008221,2024-11-03,Instagram,,0,0,2024-25
Q001807,2024-11-04,Walk-in,B002337,1,1,2024-25
Q001952,2024-11-04,Walk-in,B002518,1,1,2024-25
Q001958,2024-11-04,Referral,B002531,1,1,2024-25
Q001984,2024-11-04,Hotel Partner,B002561,1,1,2024-25
Q002081,2024-11-04,Walk-in,B002690,1,1,2024-25
Q002161,2024-11-04,Website,B002788,1,1,2024-25
Q002265,2024-11-04,Instagram,B002917,1,1,2024-25
Q006606,2024-11-04,Walk-in,,0,0,2024-25
Q006759,2024-11-04,Website,,0,0,2024-25
Q007433,2024-11-04,OTA,,0,0,2024-25
Q007529,2024-11-04,Referral,,0,0,2024-25
Q007564,2024-11-04,Website,,0,0,2024-25
Q007880,2024-11-04,Instagram,,0,0,2024-25
Q007894,2024-11-04,Hotel Partner,,0,0,2024-25
Q008183,2024-11-04,Referral,,0,0,2024-25
Q008309,2024-11-04,Referral,,0,0,2024-25
Q008371,2024-11-04,OTA,,0,0,2024-25
Q001917,2024-11-05,Walk-in,B002478,1,1,2024-25
Q001963,2024-11-05,Website,B002536,0,1,2024-25
Q002057,2024-11-05,Walk-in,B002661,1,1,2024-25
Q002084,2024-11-05,Walk-in,B002694,1,1,2024-25
Q002190,2024-11-05,Instagram,B002824,0,1,2024-25
Q002276,2024-11-05,Website,B002930,1,1,2024-25
Q006518,2024-11-05,Instagram,,0,0,2024-25
Q006595,2024-11-05,OTA,,0,0,2024-25
Q006605,2024-11-05,Website,,0,0,2024-25
Q006607,2024-11-05,Referral,,0,0,2024-25
Q006617,2024-11-05,Walk-in,,0,0,2024-25
Q007142,2024-11-05,Walk-in,,0,0,2024-25
Q007343,2024-11-05,Website,,0,0,2024-25
Q007443,2024-11-05,Referral,,0,0,2024-25
Q007819,2024-11-05,OTA,,0,0,2024-25
Q007854,2024-11-05,Instagram,,0,0,2024-25
Q008154,2024-11-05,Hotel Partner,,0,0,2024-25
Q008176,2024-11-05,OTA,,0,0,2024-25
Q008242,2024-11-05,Referral,,0,0,2024-25
Q008294,2024-11-05,Walk-in,,0,0,2024-25
Q001933,2024-11-06,Walk-in,B002498,1,1,2024-25
Q001967,2024-11-06,OTA,B002540,0,1,2024-25
Q001974,2024-11-06,Website,B002548,0,1,2024-25
Q001998,2024-11-06,Walk-in,B002578,1,1,2024-25
Q002040,2024-11-06,Website,B002641,1,1,2024-25
Q002098,2024-11-06,Walk-in,B002713,1,1,2024-25
Q002118,2024-11-06,Referral,B002739,1,1,2024-25
Q002158,2024-11-06,Hotel Partner,B002784,1,1,2024-25
Q002197,2024-11-06,Website,B002834,1,1,2024-25
Q002292,2024-11-06,OTA,B002953,1,1,2024-25
Q002329,2024-11-06,Instagram,B002998,1,1,2024-25
Q006782,2024-11-06,OTA,,0,0,2024-25
Q007047,2024-11-06,Walk-in,,0,0,2024-25
Q007620,2024-11-06,Website,,0,0,2024-25
Q007795,2024-11-06,Referral,,0,0,2024-25
Q008016,2024-11-06,Instagram,,0,0,2024-25
Q008440,2024-11-06,Website,,0,0,2024-25
Q008444,2024-11-06,OTA,,0,0,2024-25
Q001832,2024-11-07,Walk-in,B002371,0,1,2024-25
Q001901,2024-11-07,Referral,B002462,1,1,2024-25
Q001962,2024-11-07,Instagram,B002535,1,1,2024-25
Q001966,2024-11-07,Walk-in,B002539,1,1,2024-25
Q002086,2024-11-07,Referral,B002696,0,1,2024-25
Q002129,2024-11-07,Walk-in,B002751,1,1,2024-25
Q002186,2024-11-07,Instagram,B002819,0,1,2024-25
Q002212,2024-11-07,Instagram,B002850,0,1,2024-25
Q002226,2024-11-07,Instagram,B002868,1,1,2024-25
Q002267,2024-11-07,Hotel Partner,B002920,1,1,2024-25
Q002269,2024-11-07,Referral,B002922,0,1,2024-25
Q002312,2024-11-07,Referral,B002978,1,1,2024-25
Q002346,2024-11-07,Website,B003022,1,1,2024-25
Q006949,2024-11-07,Hotel Partner,,0,0,2024-25
Q007261,2024-11-07,Walk-in,,0,0,2024-25
Q007656,2024-11-07,Walk-in,,0,0,2024-25
Q007717,2024-11-07,Referral,,0,0,2024-25
Q008013,2024-11-07,Website,,0,0,2024-25
Q001780,2024-11-08,Referral,B002299,1,1,2024-25
Q001852,2024-11-08,Website,B002398,1,1,2024-25
Q001892,2024-11-08,OTA,B002448,1,1,2024-25
Q001937,2024-11-08,Walk-in,B002502,1,1,2024-25
Q002056,2024-11-08,OTA,B002660,1,1,2024-25
Q002065,2024-11-08,Referral,B002669,1,1,2024-25
Q002099,2024-11-08,Hotel Partner,B002715,1,1,2024-25
Q002103,2024-11-08,Instagram,B002719,1,1,2024-25
Q002205,2024-11-08,Referral,B002843,1,1,2024-25
Q002208,2024-11-08,OTA,B002846,0,1,2024-25
Q002304,2024-11-08,Walk-in,B002968,1,1,2024-25
Q002395,2024-11-08,Website,B003081,1,1,2024-25
Q002421,2024-11-08,Referral,B003113,1,1,2024-25
Q007309,2024-11-08,OTA,,0,0,2024-25
Q007408,2024-11-08,Instagram,,0,0,2024-25
Q007507,2024-11-08,Instagram,,0,0,2024-25
Q007891,2024-11-08,OTA,,0,0,2024-25
Q008391,2024-11-08,Website,,0,0,2024-25
Q008477,2024-11-08,Instagram,,0,0,2024-25
Q001924,2024-11-09,OTA,B002488,0,1,2024-25
Q001965,2024-11-09,Instagram,B002538,1,1,2024-25
Q002076,2024-11-09,OTA,B002683,0,1,2024-25
Q002090,2024-11-09,Website,B002700,1,1,2024-25
Q002225,2024-11-09,OTA,B002865,1,1,2024-25
Q002249,2024-11-09,Website,B002898,1,1,2024-25
Q002282,2024-11-09,Website,B002938,0,1,2024-25
Q002348,2024-11-09,Referral,B003026,1,1,2024-25
Q006714,2024-11-09,Walk-in,,0,0,2024-25
Q007029,2024-11-09,OTA,,0,0,2024-25
Q007045,2024-11-09,Website,,0,0,2024-25
Q007230,2024-11-09,Walk-in,,0,0,2024-25
Q007985,2024-11-09,Website,,0,0,2024-25
Q007989,2024-11-09,Referral,,0,0,2024-25
Q008069,2024-11-09,Referral,,0,0,2024-25
Q008418,2024-11-09,Walk-in,,0,0,2024-25
Q001882,2024-11-10,OTA,B002436,0,1,2024-25
Q001986,2024-11-10,Referral,B002563,1,1,2024-25
Q001991,2024-11-10,Walk-in,B002570,0,1,2024-25
Q002093,2024-11-10,OTA,B002704,1,1,2024-25
Q002136,2024-11-10,Walk-in,B002759,1,1,2024-25
Q002222,2024-11-10,OTA,B002862,1,1,2024-25
Q002231,2024-11-10,Walk-in,B002873,1,1,2024-25
Q002245,2024-11-10,Website,B002892,1,1,2024-25
Q002258,2024-11-10,OTA,B002909,1,1,2024-25
Q006535,2024-11-10,Website,,0,0,2024-25
Q006713,2024-11-10,Walk-in,,0,0,2024-25
Q007299,2024-11-10,Website,,0,0,2024-25
Q007476,2024-11-10,Instagram,,0,0,2024-25
Q007554,2024-11-10,Website,,0,0,2024-25
Q007937,2024-11-10,Walk-in,,0,0,2024-25
Q007988,2024-11-10,Walk-in,,0,0,2024-25
Q008345,2024-11-10,Instagram,,0,0,2024-25
Q008485,2024-11-10,OTA,,0,0,2024-25
Q001954,2024-11-11,Hotel Partner,B002520,1,1,2024-25
Q001972,2024-11-11,Instagram,B002545,1,1,2024-25
Q001976,2024-11-11,OTA,B002550,1,1,2024-25
Q001981,2024-11-11,Hotel Partner,B002557,1,1,2024-25
Q002015,2024-11-11,Walk-in,B002602,1,1,2024-25
Q002067,2024-11-11,Referral,B002671,0,1,2024-25
Q002131,2024-11-11,Referral,B002753,1,1,2024-25
Q002137,2024-11-11,OTA,B002760,1,1,2024-25
Q006614,2024-11-11,OTA,,0,0,2024-25
Q006672,2024-11-11,Website,,0,0,2024-25
Q006846,2024-11-11,Instagram,,0,0,2024-25
Q006958,2024-11-11,Referral,,0,0,2024-25
Q007262,2024-11-11,OTA,,0,0,2024-25
Q007338,2024-11-11,OTA,,0,0,2024-25
Q007475,2024-11-11,Website,,0,0,2024-25
Q007489,2024-11-11,Hotel Partner,,0,0,2024-25
Q007535,2024-11-11,OTA,,0,0,2024-25
Q008315,2024-11-11,Hotel Partner,,0,0,2024-25
Q001850,2024-11-12,Website,B002395,1,1,2024-25
Q001898,2024-11-12,OTA,B002458,0,1,2024-25
Q001927,2024-11-12,Walk-in,B002491,1,1,2024-25
Q002069,2024-11-12,OTA,B002673,1,1,2024-25
Q002078,2024-11-12,Website,B002686,1,1,2024-25
Q002200,2024-11-12,Walk-in,B002838,1,1,2024-25
Q002210,2024-11-12,OTA,B002848,0,1,2024-25
Q002266,2024-11-12,Instagram,B002918,1,1,2024-25
Q002279,2024-11-12,OTA,B002933,1,1,2024-25
Q002476,2024-11-12,Website,B003180,1,1,2024-25
Q006580,2024-11-12,Website,,0,0,2024-25
Q006581,2024-11-12,OTA,,0,0,2024-25
Q006664,2024-11-12,Instagram,,0,0,2024-25
Q007097,2024-11-12,Instagram,,0,0,2024-25
Q007207,2024-11-12,OTA,,0,0,2024-25
Q007218,2024-11-12,Website,,0,0,2024-25
Q007257,2024-11-12,Hotel Partner,,0,0,2024-25
Q007427,2024-11-12,Website,,0,0,2024-25
Q007546,2024-11-12,Instagram,,0,0,2024-25
Q007578,2024-11-12,Walk-in,,0,0,2024-25
Q007650,2024-11-12,Website,,0,0,2024-25
Q007757,2024-11-12,Referral,,0,0,2024-25
Q007821,2024-11-12,Website,,0,0,2024-25
Q007889,2024-11-12,Referral,,0,0,2024-25
Q007945,2024-11-12,Instagram,,0,0,2024-25
Q007952,2024-11-12,Referral,,0,0,2024-25
Q007954,2024-11-12,Instagram,,0,0,2024-25
Q001975,2024-11-13,Instagram,B002549,0,1,2024-25
Q002011,2024-11-13,OTA,B002596,0,1,2024-25
Q002045,2024-11-13,Walk-in,B002647,1,1,2024-25
Q002170,2024-11-13,Instagram,B002797,1,1,2024-25
Q002218,2024-11-13,OTA,B002857,1,1,2024-25
Q002251,2024-11-13,Walk-in,B002900,0,1,2024-25
Q002290,2024-11-13,Referral,B002951,1,1,2024-25
Q002307,2024-11-13,Hotel Partner,B002972,1,1,2024-25
Q002313,2024-11-13,OTA,B002980,1,1,2024-25
Q002315,2024-11-13,Referral,B002982,1,1,2024-25
Q002472,2024-11-13,Website,B003175,1,1,2024-25
Q002503,2024-11-13,Hotel Partner,B003211,1,1,2024-25
Q006554,2024-11-13,Instagram,,0,0,2024-25
Q006951,2024-11-13,OTA,,0,0,2024-25
Q007034,2024-11-13,Website,,0,0,2024-25
Q007107,2024-11-13,Website,,0,0,2024-25
Q007771,2024-11-13,OTA,,0,0,2024-25
Q008030,2024-11-13,Walk-in,,0,0,2024-25
Q008039,2024-11-13,OTA,,0,0,2024-25
Q001853,2024-11-14,Referral,B002399,1,1,2024-25
Q001907,2024-11-14,Instagram,B002468,1,1,2024-25
Q001935,2024-11-14,Website,B002500,1,1,2024-25
Q001943,2024-11-14,Referral,B002509,1,1,2024-25
Q002175,2024-11-14,Walk-in,B002805,1,1,2024-25
Q002237,2024-11-14,Referral,B002881,1,1,2024-25
Q002311,2024-11-14,Walk-in,B002977,1,1,2024-25
Q002352,2024-11-14,Walk-in,B003034,1,1,2024-25
Q002403,2024-11-14,Referral,B003092,1,1,2024-25
Q002449,2024-11-14,Website,B003148,1,1,2024-25
Q006506,2024-11-14,Walk-in,,0,0,2024-25
Q006751,2024-11-14,OTA,,0,0,2024-25
Q006835,2024-11-14,Hotel Partner,,0,0,2024-25
Q007085,2024-11-14,Referral,,0,0,2024-25
Q007608,2024-11-14,Website,,0,0,2024-25
Q008083,2024-11-14,Referral,,0,0,2024-25
Q008126,2024-11-14,Instagram,,0,0,2024-25
Q002072,2024-11-15,Walk-in,B002677,1,1,2024-25
Q002089,2024-11-15,Referral,B002699,1,1,2024-25
Q002092,2024-11-15,Referral,B002703,1,1,2024-25
Q002198,2024-11-15,Website,B002835,1,1,2024-25
Q002232,2024-11-15,OTA,B002876,1,1,2024-25
Q002264,2024-11-15,OTA,B002916,1,1,2024-25
Q002402,2024-11-15,Website,B003090,1,1,2024-25
Q002426,2024-11-15,Hotel Partner,B003118,0,1,2024-25
Q007496,2024-11-15,Website,,0,0,2024-25
Q007882,2024-11-15,OTA,,0,0,2024-25
Q001941,2024-11-16,Walk-in,B002507,1,1,2024-25
Q001995,2024-11-16,Walk-in,B002574,1,1,2024-25
Q002043,2024-11-16,Instagram,B002645,1,1,2024-25
Q002052,2024-11-16,Website,B002656,1,1,2024-25
Q002077,2024-11-16,Hotel Partner,B002684,0,1,2024-25
Q002154,2024-11-16,Walk-in,B002781,1,1,2024-25
Q006909,2024-11-16,Hotel Partner,,0,0,2024-25
Q007130,2024-11-16,Referral,,0,0,2024-25
Q007252,2024-11-16,Instagram,,0,0,2024-25
Q007371,2024-11-16,OTA,,0,0,2024-25
Q007423,2024-11-16,Walk-in,,0,0,2024-25
Q007440,2024-11-16,Website,,0,0,2024-25
Q007605,2024-11-16,Website,,0,0,2024-25
Q007734,2024-11-16,Walk-in,,0,0,2024-25
Q007901,2024-11-16,OTA,,0,0,2024-25
Q008014,2024-11-16,OTA,,0,0,2024-25
Q008148,2024-11-16,OTA,,0,0,2024-25
Q008170,2024-11-16,OTA,,0,0,2024-25
Q008233,2024-11-16,Website,,0,0,2024-25
Q008311,2024-11-16,Instagram,,0,0,2024-25
Q008462,2024-11-16,Website,,0,0,2024-25
Q002018,2024-11-17,Walk-in,B002606,1,1,2024-25
Q002138,2024-11-17,OTA,B002762,1,1,2024-25
Q002168,2024-11-17,OTA,B002795,0,1,2024-25
Q002195,2024-11-17,Referral,B002832,1,1,2024-25
Q002223,2024-11-17,Referral,B002863,1,1,2024-25
Q002224,2024-11-17,OTA,B002864,1,1,2024-25
Q002308,2024-11-17,Walk-in,B002973,1,1,2024-25
Q002318,2024-11-17,Walk-in,B002987,1,1,2024-25
Q002443,2024-11-17,Instagram,B003140,0,1,2024-25
Q006515,2024-11-17,Instagram,,0,0,2024-25
Q007006,2024-11-17,OTA,,0,0,2024-25
Q007024,2024-11-17,Website,,0,0,2024-25
Q007044,2024-11-17,Walk-in,,0,0,2024-25
Q007095,2024-11-17,Walk-in,,0,0,2024-25
Q007102,2024-11-17,Website,,0,0,2024-25
Q007213,2024-11-17,Hotel Partner,,0,0,2024-25
Q007421,2024-11-17,OTA,,0,0,2024-25
Q007487,2024-11-17,Walk-in,,0,0,2024-25
Q007680,2024-11-17,Walk-in,,0,0,2024-25
Q007908,2024-11-17,Walk-in,,0,0,2024-25
Q007963,2024-11-17,Walk-in,,0,0,2024-25
Q008105,2024-11-17,Referral,,0,0,2024-25
Q008166,2024-11-17,Referral,,0,0,2024-25
Q008236,2024-11-17,OTA,,0,0,2024-25
Q008329,2024-11-17,Website,,0,0,2024-25
Q008386,2024-11-17,Walk-in,,0,0,2024-25
Q008399,2024-11-17,Walk-in,,0,0,2024-25
Q008498,2024-11-17,Instagram,,0,0,2024-25
Q001948,2024-11-18,OTA,B002514,1,1,2024-25
Q002004,2024-11-18,OTA,B002585,0,1,2024-25
Q002165,2024-11-18,Website,B002792,1,1,2024-25
Q002254,2024-11-18,Walk-in,B002905,1,1,2024-25
Q002283,2024-11-18,OTA,B002939,1,1,2024-25
Q002288,2024-11-18,Walk-in,B002949,1,1,2024-25
Q002291,2024-11-18,Hotel Partner,B002952,1,1,2024-25
Q002294,2024-11-18,Walk-in,B002955,1,1,2024-25
Q002392,2024-11-18,Website,B003077,1,1,2024-25
Q002486,2024-11-18,Website,B003192,1,1,2024-25
Q007071,2024-11-18,Walk-in,,0,0,2024-25
Q007224,2024-11-18,Referral,,0,0,2024-25
Q007368,2024-11-18,Website,,0,0,2024-25
Q007460,2024-11-18,Referral,,0,0,2024-25
Q007731,2024-11-18,Hotel Partner,,0,0,2024-25
Q007786,2024-11-18,OTA,,0,0,2024-25
Q007791,2024-11-18,Referral,,0,0,2024-25
Q007824,2024-11-18,Walk-in,,0,0,2024-25
Q008152,2024-11-18,OTA,,0,0,2024-25
Q008333,2024-11-18,Website,,0,0,2024-25
Q001930,2024-11-19,Walk-in,B002494,1,1,2024-25
Q001989,2024-11-19,Website,B002567,1,1,2024-25
Q002060,2024-11-19,Referral,B002664,1,1,2024-25
Q002109,2024-11-19,Instagram,B002728,1,1,2024-25
Q002213,2024-11-19,Hotel Partner,B002851,1,1,2024-25
Q002284,2024-11-19,Hotel Partner,B002941,1,1,2024-25
Q002317,2024-11-19,Hotel Partner,B002986,1,1,2024-25
Q002332,2024-11-19,Walk-in,B003004,1,1,2024-25
Q002373,2024-11-19,Referral,B003056,1,1,2024-25
Q002391,2024-11-19,Instagram,B003076,1,1,2024-25
Q006573,2024-11-19,Instagram,,0,0,2024-25
Q006676,2024-11-19,Website,,0,0,2024-25
Q006902,2024-11-19,Walk-in,,0,0,2024-25
Q007072,2024-11-19,OTA,,0,0,2024-25
Q007074,2024-11-19,Instagram,,0,0,2024-25
Q007357,2024-11-19,OTA,,0,0,2024-25
Q007488,2024-11-19,Referral,,0,0,2024-25
Q007582,2024-11-19,Website,,0,0,2024-25
Q002000,2024-11-20,Walk-in,B002580,0,1,2024-25
Q002059,2024-11-20,Instagram,B002663,1,1,2024-25
Q002070,2024-11-20,OTA,B002675,1,1,2024-25
Q002121,2024-11-20,Walk-in,B002742,0,1,2024-25
Q002159,2024-11-20,Website,B002785,1,1,2024-25
Q007659,2024-11-20,Walk-in,,0,0,2024-25
Q008150,2024-11-20,Hotel Partner,,0,0,2024-25
Q008269,2024-11-20,Walk-in,,0,0,2024-25
Q001960,2024-11-21,Instagram,B002533,1,1,2024-25
Q001969,2024-11-21,Hotel Partner,B002542,1,1,2024-25
Q001985,2024-11-21,Walk-in,B002562,1,1,2024-25
Q001987,2024-11-21,Walk-in,B002564,1,1,2024-25
Q002025,2024-11-21,Walk-in,B002614,1,1,2024-25
Q002035,2024-11-21,Hotel Partner,B002633,1,1,2024-25
Q002058,2024-11-21,OTA,B002662,0,1,2024-25
Q002166,2024-11-21,Hotel Partner,B002793,0,1,2024-25
Q002181,2024-11-21,Instagram,B002813,1,1,2024-25
Q002211,2024-11-21,Referral,B002849,1,1,2024-25
Q002240,2024-11-21,Instagram,B002887,1,1,2024-25
Q002256,2024-11-21,Referral,B002907,1,1,2024-25
Q002358,2024-11-21,Hotel Partner,B003040,1,1,2024-25
Q002384,2024-11-21,Instagram,B003067,1,1,2024-25
Q002388,2024-11-21,Walk-in,B003072,0,1,2024-25
Q002496,2024-11-21,Walk-in,B003204,1,1,2024-25
Q006673,2024-11-21,Hotel Partner,,0,0,2024-25
Q006934,2024-11-21,Walk-in,,0,0,2024-25
Q007007,2024-11-21,Hotel Partner,,0,0,2024-25
Q007809,2024-11-21,Hotel Partner,,0,0,2024-25
Q007935,2024-11-21,Walk-in,,0,0,2024-25
Q008004,2024-11-21,Referral,,0,0,2024-25
Q008015,2024-11-21,Walk-in,,0,0,2024-25
Q002027,2024-11-22,Instagram,B002619,1,1,2024-25
Q002150,2024-11-22,OTA,B002776,0,1,2024-25
Q002196,2024-11-22,OTA,B002833,1,1,2024-25
Q002252,2024-11-22,Website,B002902,1,1,2024-25
Q002296,2024-11-22,Walk-in,B002957,1,1,2024-25
Q002302,2024-11-22,Walk-in,B002966,1,1,2024-25
Q002320,2024-11-22,Website,B002989,1,1,2024-25
Q002322,2024-11-22,Referral,B002991,1,1,2024-25
Q002325,2024-11-22,Website,B002994,1,1,2024-25
Q002339,2024-11-22,Website,B003012,1,1,2024-25
Q002429,2024-11-22,Website,B003121,1,1,2024-25
Q002510,2024-11-22,OTA,B003220,0,1,2024-25
Q006602,2024-11-22,Walk-in,,0,0,2024-25
Q006885,2024-11-22,Walk-in,,0,0,2024-25
Q007040,2024-11-22,OTA,,0,0,2024-25
Q007180,2024-11-22,Hotel Partner,,0,0,2024-25
Q007313,2024-11-22,OTA,,0,0,2024-25
Q007678,2024-11-22,Walk-in,,0,0,2024-25
Q007982,2024-11-22,Website,,0,0,2024-25
Q008041,2024-11-22,Website,,0,0,2024-25
Q008112,2024-11-22,OTA,,0,0,2024-25
Q008177,2024-11-22,OTA,,0,0,2024-25
Q008195,2024-11-22,Referral,,0,0,2024-25
Q008302,2024-11-22,Walk-in,,0,0,2024-25
Q008405,2024-11-22,OTA,,0,0,2024-25
Q008431,2024-11-22,OTA,,0,0,2024-25
Q001918,2024-11-23,OTA,B002480,1,1,2024-25
Q002079,2024-11-23,Website,B002687,1,1,2024-25
Q002263,2024-11-23,Hotel Partner,B002915,1,1,2024-25
Q002418,2024-11-23,Walk-in,B003110,1,1,2024-25
Q002488,2024-11-23,OTA,B003195,1,1,2024-25
Q002546,2024-11-23,Walk-in,B003262,0,1,2024-25
Q006502,2024-11-23,Hotel Partner,,0,0,2024-25
Q006576,2024-11-23,Instagram,,0,0,2024-25
Q006601,2024-11-23,Instagram,,0,0,2024-25
Q007208,2024-11-23,Website,,0,0,2024-25
Q007686,2024-11-23,Walk-in,,0,0,2024-25
Q007782,2024-11-23,Walk-in,,0,0,2024-25
Q007923,2024-11-23,Website,,0,0,2024-25
Q007972,2024-11-23,OTA,,0,0,2024-25
Q001944,2024-11-24,Instagram,B002510,1,1,2024-25
Q002034,2024-11-24,Referral,B002629,0,1,2024-25
Q002041,2024-11-24,OTA,B002642,1,1,2024-25
Q002113,2024-11-24,Website,B002732,1,1,2024-25
Q002128,2024-11-24,Website,B002750,1,1,2024-25
Q002278,2024-11-24,Website,B002932,0,1,2024-25
Q002327,2024-11-24,Hotel Partner,B002996,1,1,2024-25
Q002399,2024-11-24,Website,B003087,1,1,2024-25
Q002412,2024-11-24,Website,B003104,1,1,2024-25
Q002428,2024-11-24,Website,B003120,1,1,2024-25
Q002460,2024-11-24,Website,B003159,1,1,2024-25
Q006599,2024-11-24,Referral,,0,0,2024-25
Q006685,2024-11-24,OTA,,0,0,2024-25
Q007132,2024-11-24,Website,,0,0,2024-25
Q007204,2024-11-24,OTA,,0,0,2024-25
Q007636,2024-11-24,Walk-in,,0,0,2024-25
Q007835,2024-11-24,Walk-in,,0,0,2024-25
Q007881,2024-11-24,OTA,,0,0,2024-25
Q008308,2024-11-24,Website,,0,0,2024-25
Q008433,2024-11-24,Referral,,0,0,2024-25
Q001957,2024-11-25,Website,B002529,1,1,2024-25
Q002005,2024-11-25,Website,B002586,1,1,2024-25
Q002071,2024-11-25,Hotel Partner,B002676,1,1,2024-25
Q002075,2024-11-25,Hotel Partner,B002681,1,1,2024-25
Q002085,2024-11-25,Website,B002695,1,1,2024-25
Q002112,2024-11-25,OTA,B002731,1,1,2024-25
Q002204,2024-11-25,Website,B002842,0,1,2024-25
Q002215,2024-11-25,OTA,B002853,0,1,2024-25
Q002306,2024-11-25,OTA,B002971,1,1,2024-25
Q002330,2024-11-25,OTA,B002999,1,1,2024-25
Q002389,2024-11-25,Hotel Partner,B003074,1,1,2024-25
Q002414,2024-11-25,Website,B003106,1,1,2024-25
Q006719,2024-11-25,Walk-in,,0,0,2024-25
Q006824,2024-11-25,Hotel Partner,,0,0,2024-25
Q006927,2024-11-25,Instagram,,0,0,2024-25
Q006957,2024-11-25,OTA,,0,0,2024-25
Q007196,2024-11-25,Hotel Partner,,0,0,2024-25
Q007319,2024-11-25,OTA,,0,0,2024-25
Q007341,2024-11-25,Instagram,,0,0,2024-25
Q007365,2024-11-25,Referral,,0,0,2024-25
Q007861,2024-11-25,Walk-in,,0,0,2024-25
Q007905,2024-11-25,Walk-in,,0,0,2024-25
Q008337,2024-11-25,Referral,,0,0,2024-25
Q001971,2024-11-26,Hotel Partner,B002544,0,1,2024-25
Q002122,2024-11-26,Instagram,B002743,1,1,2024-25
Q002148,2024-11-26,Walk-in,B002774,1,1,2024-25
Q002183,2024-11-26,Website,B002815,1,1,2024-25
Q002189,2024-11-26,Referral,B002822,1,1,2024-25
Q002236,2024-11-26,Walk-in,B002880,1,1,2024-25
Q002246,2024-11-26,Website,B002894,1,1,2024-25
Q002248,2024-11-26,Walk-in,B002896,0,1,2024-25
Q002309,2024-11-26,Referral,B002974,1,1,2024-25
Q002341,2024-11-26,OTA,B003016,1,1,2024-25
Q002344,2024-11-26,Website,B003020,1,1,2024-25
Q002356,2024-11-26,Walk-in,B003038,1,1,2024-25
Q007008,2024-11-26,OTA,,0,0,2024-25
Q007126,2024-11-26,OTA,,0,0,2024-25
Q007163,2024-11-26,Hotel Partner,,0,0,2024-25
Q007263,2024-11-26,OTA,,0,0,2024-25
Q007285,2024-11-26,Website,,0,0,2024-25
Q007326,2024-11-26,Website,,0,0,2024-25
Q007642,2024-11-26,Walk-in,,0,0,2024-25
Q007733,2024-11-26,OTA,,0,0,2024-25
Q007953,2024-11-26,OTA,,0,0,2024-25
Q002050,2024-11-27,OTA,B002652,1,1,2024-25
Q002146,2024-11-27,Walk-in,B002772,0,1,2024-25
Q002201,2024-11-27,Referral,B002839,1,1,2024-25
Q002270,2024-11-27,Referral,B002923,1,1,2024-25
Q002334,2024-11-27,Walk-in,B003006,1,1,2024-25
Q002347,2024-11-27,OTA,B003024,1,1,2024-25
Q002353,2024-11-27,Referral,B003035,1,1,2024-25
Q002365,2024-11-27,Walk-in,B003048,1,1,2024-25
Q002369,2024-11-27,Walk-in,B003052,1,1,2024-25
Q002480,2024-11-27,Walk-in,B003186,1,1,2024-25
Q002511,2024-11-27,Website,B003222,1,1,2024-25
Q007174,2024-11-27,Referral,,0,0,2024-25
Q007453,2024-11-27,Walk-in,,0,0,2024-25
Q007631,2024-11-27,OTA,,0,0,2024-25
Q007976,2024-11-27,Walk-in,,0,0,2024-25
Q008298,2024-11-27,OTA,,0,0,2024-25
Q001996,2024-11-28,Referral,B002575,1,1,2024-25
Q002062,2024-11-28,Instagram,B002666,1,1,2024-25
Q002111,2024-11-28,OTA,B002730,1,1,2024-25
Q002117,2024-11-28,Instagram,B002738,1,1,2024-25
Q002124,2024-11-28,OTA,B002745,0,1,2024-25
Q002144,2024-11-28,OTA,B002770,1,1,2024-25
Q002153,2024-11-28,Instagram,B002780,1,1,2024-25
Q002173,2024-11-28,Walk-in,B002801,1,1,2024-25
Q002261,2024-11-28,Website,B002912,0,1,2024-25
Q002310,2024-11-28,Website,B002976,1,1,2024-25
Q002368,2024-11-28,Website,B003051,0,1,2024-25
Q002381,2024-11-28,Website,B003064,1,1,2024-25
Q002508,2024-11-28,Website,B003217,1,1,2024-25
Q002630,2024-11-28,Walk-in,B003370,1,1,2024-25
Q006567,2024-11-28,Hotel Partner,,0,0,2024-25
Q006752,2024-11-28,Hotel Partner,,0,0,2024-25
Q006843,2024-11-28,Instagram,,0,0,2024-25
Q007133,2024-11-28,Walk-in,,0,0,2024-25
Q007375,2024-11-28,OTA,,0,0,2024-25
Q007548,2024-11-28,OTA,,0,0,2024-25
Q007702,2024-11-28,Instagram,,0,0,2024-25
Q008106,2024-11-28,Walk-in,,0,0,2024-25
Q008184,2024-11-28,Instagram,,0,0,2024-25
Q008452,2024-11-28,Instagram,,0,0,2024-25
Q001999,2024-11-29,OTA,B002579,1,1,2024-25
Q002037,2024-11-29,Instagram,B002638,1,1,2024-25
Q002160,2024-11-29,OTA,B002786,1,1,2024-25
Q002350,2024-11-29,Walk-in,B003031,1,1,2024-25
Q002362,2024-11-29,OTA,B003045,1,1,2024-25
Q002375,2024-11-29,Walk-in,B003058,1,1,2024-25
Q002378,2024-11-29,Website,B003061,0,1,2024-25
Q002396,2024-11-29,OTA,B003082,1,1,2024-25
Q002411,2024-11-29,Hotel Partner,B003103,1,1,2024-25
Q002419,2024-11-29,Walk-in,B003111,0,1,2024-25
Q002446,2024-11-29,Walk-in,B003143,0,1,2024-25
Q002453,2024-11-29,Website,B003152,1,1,2024-25
Q002464,2024-11-29,Instagram,B003165,1,1,2024-25
Q002592,2024-11-29,Walk-in,B003320,1,1,2024-25
Q006521,2024-11-29,Walk-in,,0,0,2024-25
Q007789,2024-11-29,Website,,0,0,2024-25
Q007802,2024-11-29,Referral,,0,0,2024-25
Q007909,2024-11-29,Website,,0,0,2024-25
Q008257,2024-11-29,Website,,0,0,2024-25
Q008487,2024-11-29,Walk-in,,0,0,2024-25
Q002002,2024-11-30,Hotel Partner,B002583,0,1,2024-25
Q002016,2024-11-30,Website,B002603,0,1,2024-25
Q002055,2024-11-30,Walk-in,B002659,1,1,2024-25
Q002106,2024-11-30,Referral,B002723,1,1,2024-25
Q002149,2024-11-30,Website,B002775,1,1,2024-25
Q002163,2024-11-30,Referral,B002790,0,1,2024-25
Q002202,2024-11-30,Website,B002840,0,1,2024-25
Q002241,2024-11-30,OTA,B002888,1,1,2024-25
Q002244,2024-11-30,OTA,B002891,1,1,2024-25
Q002262,2024-11-30,Walk-in,B002914,0,1,2024-25
Q002299,2024-11-30,OTA,B002961,1,1,2024-25
Q002383,2024-11-30,OTA,B003066,1,1,2024-25
Q002424,2024-11-30,Referral,B003116,1,1,2024-25
Q002565,2024-11-30,Instagram,B003284,1,1,2024-25
Q002610,2024-11-30,Referral,B003344,1,1,2024-25
Q002666,2024-11-30,Instagram,B003414,1,1,2024-25
Q006543,2024-11-30,Walk-in,,0,0,2024-25
Q006632,2024-11-30,Website,,0,0,2024-25
Q006810,2024-11-30,Website,,0,0,2024-25
Q006867,2024-11-30,OTA,,0,0,2024-25
Q006946,2024-11-30,Walk-in,,0,0,2024-25
Q007137,2024-11-30,Walk-in,,0,0,2024-25
Q007822,2024-11-30,Referral,,0,0,2024-25
Q007918,2024-11-30,Referral,,0,0,2024-25
Q008410,2024-11-30,Walk-in,,0,0,2024-25
Q008447,2024-11-30,Walk-in,,0,0,2024-25
Q002116,2024-12-01,Instagram,B002737,1,1,2024-25
Q002155,2024-12-01,Walk-in,B002782,0,1,2024-25
Q002178,2024-12-01,Instagram,B002809,1,1,2024-25
Q002199,2024-12-01,Website,B002836,1,1,2024-25
Q002209,2024-12-01,Instagram,B002847,0,1,2024-25
Q002214,2024-12-01,OTA,B002852,0,1,2024-25
Q002230,2024-12-01,OTA,B002872,1,1,2024-25
Q002281,2024-12-01,Website,B002937,0,1,2024-25
Q002293,2024-12-01,Website,B002954,1,1,2024-25
Q002338,2024-12-01,OTA,B003011,0,1,2024-25
Q002372,2024-12-01,Hotel Partner,B003055,0,1,2024-25
Q002416,2024-12-01,Hotel Partner,B003108,0,1,2024-25
Q002479,2024-12-01,Walk-in,B003185,1,1,2024-25
Q002487,2024-12-01,Website,B003193,1,1,2024-25
Q002558,2024-12-01,Instagram,B003277,1,1,2024-25
Q006659,2024-12-01,Walk-in,,0,0,2024-25
Q006895,2024-12-01,Walk-in,,0,0,2024-25
Q007449,2024-12-01,Walk-in,,0,0,2024-25
Q007725,2024-12-01,OTA,,0,0,2024-25
Q002169,2024-12-02,Instagram,B002796,1,1,2024-25
Q002192,2024-12-02,Walk-in,B002826,1,1,2024-25
Q002207,2024-12-02,Website,B002845,1,1,2024-25
Q002250,2024-12-02,OTA,B002899,1,1,2024-25
Q002335,2024-12-02,OTA,B003008,1,1,2024-25
Q002340,2024-12-02,Referral,B003015,1,1,2024-25
Q002345,2024-12-02,Hotel Partner,B003021,1,1,2024-25
Q002349,2024-12-02,Instagram,B003028,1,1,2024-25
Q002374,2024-12-02,Website,B003057,1,1,2024-25
Q002379,2024-12-02,Walk-in,B003062,1,1,2024-25
Q002409,2024-12-02,Referral,B003100,1,1,2024-25
Q002438,2024-12-02,Hotel Partner,B003133,0,1,2024-25
Q002551,2024-12-02,Referral,B003267,0,1,2024-25
Q002605,2024-12-02,Website,B003335,1,1,2024-25
Q002637,2024-12-02,Hotel Partner,B003378,1,1,2024-25
Q002641,2024-12-02,Referral,B003383,1,1,2024-25
Q002656,2024-12-02,Hotel Partner,B003402,1,1,2024-25
Q006855,2024-12-02,Website,,0,0,2024-25
Q007779,2024-12-02,OTA,,0,0,2024-25
Q008379,2024-12-02,OTA,,0,0,2024-25
Q008453,2024-12-02,Walk-in,,0,0,2024-25
Q002088,2024-12-03,Walk-in,B002698,1,1,2024-25
Q002126,2024-12-03,Referral,B002747,0,1,2024-25
Q002272,2024-12-03,OTA,B002926,1,1,2024-25
Q002280,2024-12-03,OTA,B002936,0,1,2024-25
Q002321,2024-12-03,Website,B002990,1,1,2024-25
Q002328,2024-12-03,Walk-in,B002997,1,1,2024-25
Q002361,2024-12-03,Instagram,B003044,1,1,2024-25
Q002439,2024-12-03,Website,B003134,1,1,2024-25
Q002452,2024-12-03,Website,B003151,1,1,2024-25
Q002490,2024-12-03,OTA,B003197,0,1,2024-25
Q002491,2024-12-03,Referral,B003198,1,1,2024-25
Q002555,2024-12-03,Referral,B003274,1,1,2024-25
Q002682,2024-12-03,Instagram,B003433,1,1,2024-25
Q006801,2024-12-03,OTA,,0,0,2024-25
Q007249,2024-12-03,Instagram,,0,0,2024-25
Q007850,2024-12-03,OTA,,0,0,2024-25
Q008247,2024-12-03,Walk-in,,0,0,2024-25
Q002061,2024-12-04,Website,B002665,1,1,2024-25
Q002157,2024-12-04,Website,B002783,0,1,2024-25
Q002171,2024-12-04,Walk-in,B002798,1,1,2024-25
Q002203,2024-12-04,Website,B002841,0,1,2024-25
Q002233,2024-12-04,Instagram,B002877,1,1,2024-25
Q002405,2024-12-04,OTA,B003095,0,1,2024-25
Q002485,2024-12-04,OTA,B003191,0,1,2024-25
Q002502,2024-12-04,Referral,B003210,1,1,2024-25
Q002515,2024-12-04,Website,B003226,1,1,2024-25
Q002553,2024-12-04,Hotel Partner,B003271,1,1,2024-25
Q002579,2024-12-04,OTA,B003303,1,1,2024-25
Q006589,2024-12-04,Walk-in,,0,0,2024-25
Q007079,2024-12-04,Website,,0,0,2024-25
Q007459,2024-12-04,Website,,0,0,2024-25
Q008159,2024-12-04,OTA,,0,0,2024-25
Q008203,2024-12-04,Walk-in,,0,0,2024-25
Q002100,2024-12-05,Walk-in,B002716,1,1,2024-25
Q002130,2024-12-05,OTA,B002752,1,1,2024-25
Q002188,2024-12-05,Website,B002821,1,1,2024-25
Q002271,2024-12-05,Instagram,B002924,1,1,2024-25
Q002363,2024-12-05,Instagram,B003046,1,1,2024-25
Q002440,2024-12-05,OTA,B003135,1,1,2024-25
Q002567,2024-12-05,Walk-in,B003286,0,1,2024-25
Q006541,2024-12-05,Website,,0,0,2024-25
Q006930,2024-12-05,Website,,0,0,2024-25
Q007177,2024-12-05,Website,,0,0,2024-25
Q007837,2024-12-05,Website,,0,0,2024-25
Q008001,2024-12-05,Walk-in,,0,0,2024-25
Q008456,2024-12-05,Walk-in,,0,0,2024-25
Q002064,2024-12-06,OTA,B002668,1,1,2024-25
Q002235,2024-12-06,Walk-in,B002879,1,1,2024-25
Q002238,2024-12-06,Referral,B002882,1,1,2024-25
Q002275,2024-12-06,OTA,B002929,1,1,2024-25
Q002305,2024-12-06,Referral,B002970,1,1,2024-25
Q002336,2024-12-06,Walk-in,B003009,0,1,2024-25
Q002386,2024-12-06,OTA,B003070,0,1,2024-25
Q002417,2024-12-06,Walk-in,B003109,1,1,2024-25
Q002422,2024-12-06,Walk-in,B003114,1,1,2024-25
Q002431,2024-12-06,OTA,B003123,0,1,2024-25
Q002442,2024-12-06,Walk-in,B003139,1,1,2024-25
Q002444,2024-12-06,Referral,B003141,1,1,2024-25
Q002459,2024-12-06,Instagram,B003158,1,1,2024-25
Q002513,2024-12-06,OTA,B003224,0,1,2024-25
Q002514,2024-12-06,Instagram,B003225,1,1,2024-25
Q002523,2024-12-06,Website,B003234,1,1,2024-25
Q002533,2024-12-06,Referral,B003246,1,1,2024-25
Q002620,2024-12-06,Website,B003358,1,1,2024-25
Q002674,2024-12-06,Instagram,B003425,1,1,2024-25
Q006549,2024-12-06,Instagram,,0,0,2024-25
Q006657,2024-12-06,Website,,0,0,2024-25
Q006937,2024-12-06,OTA,,0,0,2024-25
Q007503,2024-12-06,Walk-in,,0,0,2024-25
Q008084,2024-12-06,OTA,,0,0,2024-25
Q008130,2024-12-06,Website,,0,0,2024-25
Q008208,2024-12-06,Walk-in,,0,0,2024-25
Q008428,2024-12-06,Website,,0,0,2024-25
Q002191,2024-12-07,OTA,B002825,1,1,2024-25
Q002274,2024-12-07,Walk-in,B002928,1,1,2024-25
Q002319,2024-12-07,Hotel Partner,B002988,1,1,2024-25
Q002481,2024-12-07,Referral,B003187,1,1,2024-25
Q002492,2024-12-07,Walk-in,B003199,1,1,2024-25
Q002550,2024-12-07,OTA,B003266,0,1,2024-25
Q002577,2024-12-07,Walk-in,B003299,1,1,2024-25
Q002584,2024-12-07,OTA,B003308,0,1,2024-25
Q002586,2024-12-07,Walk-in,B003310,1,1,2024-25
Q002600,2024-12-07,Referral,B003329,1,1,2024-25
Q002622,2024-12-07,Walk-in,B003360,1,1,2024-25
Q002717,2024-12-07,Referral,B003479,1,1,2024-25
Q002797,2024-12-07,Walk-in,B003579,1,1,2024-25
Q006551,2024-12-07,Walk-in,,0,0,2024-25
Q006615,2024-12-07,Walk-in,,0,0,2024-25
Q006660,2024-12-07,Walk-in,,0,0,2024-25
Q006825,2024-12-07,Instagram,,0,0,2024-25
Q007101,2024-12-07,OTA,,0,0,2024-25
Q007282,2024-12-07,Walk-in,,0,0,2024-25
Q007455,2024-12-07,OTA,,0,0,2024-25
Q007467,2024-12-07,Referral,,0,0,2024-25
Q007561,2024-12-07,OTA,,0,0,2024-25
Q007704,2024-12-07,Walk-in,,0,0,2024-25
Q007788,2024-12-07,Referral,,0,0,2024-25
Q008161,2024-12-07,Hotel Partner,,0,0,2024-25
Q008395,2024-12-07,Referral,,0,0,2024-25
Q002054,2024-12-08,Referral,B002658,1,1,2024-25
Q002105,2024-12-08,Referral,B002721,1,1,2024-25
Q002134,2024-12-08,Walk-in,B002757,1,1,2024-25
Q002143,2024-12-08,Referral,B002769,1,1,2024-25
Q002221,2024-12-08,Website,B002861,0,1,2024-25
Q002331,2024-12-08,OTA,B003001,1,1,2024-25
Q002337,2024-12-08,Instagram,B003010,1,1,2024-25
Q002343,2024-12-08,Website,B003019,1,1,2024-25
Q002354,2024-12-08,OTA,B003036,0,1,2024-25
Q002367,2024-12-08,Hotel Partner,B003050,1,1,2024-25
Q002376,2024-12-08,Instagram,B003059,0,1,2024-25
Q002377,2024-12-08,OTA,B003060,0,1,2024-25
Q002398,2024-12-08,Referral,B003086,1,1,2024-25
Q002404,2024-12-08,OTA,B003094,0,1,2024-25
Q002433,2024-12-08,Walk-in,B003126,0,1,2024-25
Q002437,2024-12-08,OTA,B003132,1,1,2024-25
Q006784,2024-12-08,Instagram,,0,0,2024-25
Q007033,2024-12-08,Website,,0,0,2024-25
Q007457,2024-12-08,Website,,0,0,2024-25
Q007749,2024-12-08,OTA,,0,0,2024-25
Q007883,2024-12-08,OTA,,0,0,2024-25
Q007899,2024-12-08,Website,,0,0,2024-25
Q008267,2024-12-08,Website,,0,0,2024-25
Q002145,2024-12-09,OTA,B002771,1,1,2024-25
Q002174,2024-12-09,Walk-in,B002802,1,1,2024-25
Q002227,2024-12-09,Hotel Partner,B002869,1,1,2024-25
Q002253,2024-12-09,Instagram,B002903,1,1,2024-25
Q002257,2024-12-09,Instagram,B002908,1,1,2024-25
Q002273,2024-12-09,Website,B002927,1,1,2024-25
Q002323,2024-12-09,OTA,B002992,0,1,2024-25
Q002326,2024-12-09,OTA,B002995,1,1,2024-25
Q002370,2024-12-09,Hotel Partner,B003053,0,1,2024-25
Q002478,2024-12-09,Website,B003184,0,1,2024-25
Q002497,2024-12-09,Referral,B003205,0,1,2024-25
Q002544,2024-12-09,OTA,B003259,0,1,2024-25
Q002645,2024-12-09,OTA,B003388,1,1,2024-25
Q002683,2024-12-09,OTA,B003434,1,1,2024-25
Q006616,2024-12-09,Walk-in,,0,0,2024-25
Q007017,2024-12-09,Walk-in,,0,0,2024-25
Q007354,2024-12-09,Website,,0,0,2024-25
Q007640,2024-12-09,OTA,,0,0,2024-25
Q007689,2024-12-09,OTA,,0,0,2024-25
Q008429,2024-12-09,Instagram,,0,0,2024-25
Q002132,2024-12-10,Website,B002754,1,1,2024-25
Q002133,2024-12-10,Walk-in,B002755,1,1,2024-25
Q002234,2024-12-10,Website,B002878,1,1,2024-25
Q002287,2024-12-10,Referral,B002946,1,1,2024-25
Q002303,2024-12-10,Website,B002967,1,1,2024-25
Q002380,2024-12-10,Walk-in,B003063,0,1,2024-25
Q002436,2024-12-10,Referral,B003131,1,1,2024-25
Q002489,2024-12-10,Walk-in,B003196,1,1,2024-25
Q002507,2024-12-10,Walk-in,B003216,1,1,2024-25
Q002536,2024-12-10,Instagram,B003251,0,1,2024-25
Q002557,2024-12-10,Hotel Partner,B003276,1,1,2024-25
Q002561,2024-12-10,Website,B003280,1,1,2024-25
Q002576,2024-12-10,Referral,B003298,1,1,2024-25
Q006612,2024-12-10,Walk-in,,0,0,2024-25
Q007134,2024-12-10,Walk-in,,0,0,2024-25
Q007342,2024-12-10,OTA,,0,0,2024-25
Q008058,2024-12-10,OTA,,0,0,2024-25
Q002102,2024-12-11,Hotel Partner,B002718,1,1,2024-25
Q002228,2024-12-11,OTA,B002870,1,1,2024-25
Q002300,2024-12-11,Referral,B002963,1,1,2024-25
Q002364,2024-12-11,Walk-in,B003047,1,1,2024-25
Q002387,2024-12-11,OTA,B003071,1,1,2024-25
Q002466,2024-12-11,Hotel Partner,B003168,1,1,2024-25
Q002477,2024-12-11,Referral,B003183,1,1,2024-25
Q002494,2024-12-11,Website,B003201,1,1,2024-25
Q002574,2024-12-11,Walk-in,B003295,1,1,2024-25
Q006842,2024-12-11,Website,,0,0,2024-25
Q006864,2024-12-11,Referral,,0,0,2024-25
Q006970,2024-12-11,Referral,,0,0,2024-25
Q007066,2024-12-11,Walk-in,,0,0,2024-25
Q007192,2024-12-11,OTA,,0,0,2024-25
Q007293,2024-12-11,OTA,,0,0,2024-25
Q007767,2024-12-11,Walk-in,,0,0,2024-25
Q007911,2024-12-11,OTA,,0,0,2024-25
Q002243,2024-12-12,Website,B002890,0,1,2024-25
Q002301,2024-12-12,OTA,B002964,1,1,2024-25
Q002359,2024-12-12,Walk-in,B003041,1,1,2024-25
Q002563,2024-12-12,Walk-in,B003282,1,1,2024-25
Q002575,2024-12-12,Referral,B003296,1,1,2024-25
Q002596,2024-12-12,Website,B003325,0,1,2024-25
Q002617,2024-12-12,Walk-in,B003354,1,1,2024-25
Q002619,2024-12-12,Website,B003357,1,1,2024-25
Q002780,2024-12-12,Hotel Partner,B003554,1,1,2024-25
Q007273,2024-12-12,OTA,,0,0,2024-25
Q007289,2024-12-12,Instagram,,0,0,2024-25
Q007331,2024-12-12,Walk-in,,0,0,2024-25
Q007663,2024-12-12,Walk-in,,0,0,2024-25
Q007668,2024-12-12,Referral,,0,0,2024-25
Q007756,2024-12-12,OTA,,0,0,2024-25
Q007997,2024-12-12,Walk-in,,0,0,2024-25
Q008033,2024-12-12,Website,,0,0,2024-25
Q008470,2024-12-12,Website,,0,0,2024-25
Q002371,2024-12-13,Hotel Partner,B003054,1,1,2024-25
Q002425,2024-12-13,Referral,B003117,1,1,2024-25
Q002467,2024-12-13,Hotel Partner,B003170,1,1,2024-25
Q002474,2024-12-13,OTA,B003177,1,1,2024-25
Q002475,2024-12-13,Walk-in,B003178,0,1,2024-25
Q002535,2024-12-13,Instagram,B003250,1,1,2024-25
Q002587,2024-12-13,OTA,B003311,1,1,2024-25
Q002631,2024-12-13,OTA,B003371,0,1,2024-25
Q002653,2024-12-13,OTA,B003399,1,1,2024-25
Q002805,2024-12-13,Hotel Partner,B003590,1,1,2024-25
Q002838,2024-12-13,Walk-in,B003632,1,1,2024-25
Q006671,2024-12-13,Website,,0,0,2024-25
Q006706,2024-12-13,OTA,,0,0,2024-25
Q006826,2024-12-13,Website,,0,0,2024-25
Q007026,2024-12-13,Walk-in,,0,0,2024-25
Q007253,2024-12-13,Walk-in,,0,0,2024-25
Q007300,2024-12-13,Hotel Partner,,0,0,2024-25
Q007454,2024-12-13,OTA,,0,0,2024-25
Q007511,2024-12-13,OTA,,0,0,2024-25
Q007616,2024-12-13,Website,,0,0,2024-25
Q008232,2024-12-13,Walk-in,,0,0,2024-25
Q008316,2024-12-13,OTA,,0,0,2024-25
Q002162,2024-12-14,Website,B002789,0,1,2024-25
Q002217,2024-12-14,Hotel Partner,B002856,1,1,2024-25
Q002297,2024-12-14,Instagram,B002958,1,1,2024-25
Q002415,2024-12-14,Hotel Partner,B003107,1,1,2024-25
Q002441,2024-12-14,Website,B003136,1,1,2024-25
Q002448,2024-12-14,Website,B003147,1,1,2024-25
Q002456,2024-12-14,Website,B003155,1,1,2024-25
Q002469,2024-12-14,Hotel Partner,B003172,1,1,2024-25
Q002540,2024-12-14,OTA,B003255,1,1,2024-25
Q002547,2024-12-14,Walk-in,B003263,1,1,2024-25
Q002569,2024-12-14,Hotel Partner,B003289,0,1,2024-25
Q002570,2024-12-14,Website,B003290,1,1,2024-25
Q002635,2024-12-14,Referral,B003376,0,1,2024-25
Q002696,2024-12-14,Hotel Partner,B003450,1,1,2024-25
Q002777,2024-12-14,OTA,B003550,1,1,2024-25
Q002886,2024-12-14,Walk-in,B003696,1,1,2024-25
Q006625,2024-12-14,Instagram,,0,0,2024-25
Q006806,2024-12-14,Walk-in,,0,0,2024-25
Q006941,2024-12-14,Walk-in,,0,0,2024-25
Q007212,2024-12-14,Website,,0,0,2024-25
Q007973,2024-12-14,Walk-in,,0,0,2024-25
Q008135,2024-12-14,Website,,0,0,2024-25
Q002182,2024-12-15,Walk-in,B002814,0,1,2024-25
Q002484,2024-12-15,Referral,B003190,1,1,2024-25
Q002506,2024-12-15,Hotel Partner,B003215,0,1,2024-25
Q002524,2024-12-15,Hotel Partner,B003235,1,1,2024-25
Q002568,2024-12-15,Hotel Partner,B003287,1,1,2024-25
Q002618,2024-12-15,Referral,B003356,1,1,2024-25
Q002634,2024-12-15,Walk-in,B003374,1,1,2024-25
Q002676,2024-12-15,Website,B003427,1,1,2024-25
Q002685,2024-12-15,Website,B003437,1,1,2024-25
Q002853,2024-12-15,Walk-in,B003653,1,1,2024-25
Q006938,2024-12-15,Instagram,,0,0,2024-25
Q007165,2024-12-15,Walk-in,,0,0,2024-25
Q007395,2024-12-15,Instagram,,0,0,2024-25
Q007878,2024-12-15,Referral,,0,0,2024-25
Q008273,2024-12-15,Hotel Partner,,0,0,2024-25
Q008438,2024-12-15,Instagram,,0,0,2024-25
Q002285,2024-12-16,Walk-in,B002944,1,1,2024-25
Q002314,2024-12-16,Walk-in,B002981,1,1,2024-25
Q002382,2024-12-16,Referral,B003065,1,1,2024-25
Q002385,2024-12-16,OTA,B003068,1,1,2024-25
Q002423,2024-12-16,Referral,B003115,1,1,2024-25
Q002454,2024-12-16,OTA,B003153,1,1,2024-25
Q002493,2024-12-16,Walk-in,B003200,1,1,2024-25
Q002607,2024-12-16,Hotel Partner,B003338,1,1,2024-25
Q002639,2024-12-16,Instagram,B003381,1,1,2024-25
Q002756,2024-12-16,Referral,B003525,1,1,2024-25
Q002830,2024-12-16,Walk-in,B003620,1,1,2024-25
Q006523,2024-12-16,Website,,0,0,2024-25
Q006613,2024-12-16,Website,,0,0,2024-25
Q007193,2024-12-16,Walk-in,,0,0,2024-25
Q007314,2024-12-16,Instagram,,0,0,2024-25
Q007560,2024-12-16,Walk-in,,0,0,2024-25
Q007589,2024-12-16,Referral,,0,0,2024-25
Q007687,2024-12-16,Walk-in,,0,0,2024-25
Q007714,2024-12-16,Hotel Partner,,0,0,2024-25
Q007748,2024-12-16,Hotel Partner,,0,0,2024-25
Q008049,2024-12-16,Instagram,,0,0,2024-25
Q002167,2024-12-17,Referral,B002794,1,1,2024-25
Q002342,2024-12-17,Website,B003017,1,1,2024-25
Q002406,2024-12-17,Instagram,B003096,1,1,2024-25
Q002408,2024-12-17,Referral,B003099,1,1,2024-25
Q002495,2024-12-17,Hotel Partner,B003203,1,1,2024-25
Q002559,2024-12-17,OTA,B003278,1,1,2024-25
Q002560,2024-12-17,Walk-in,B003279,1,1,2024-25
Q002759,2024-12-17,Website,B003528,1,1,2024-25
Q002784,2024-12-17,Website,B003558,1,1,2024-25
Q002785,2024-12-17,Walk-in,B003559,1,1,2024-25
Q002796,2024-12-17,OTA,B003577,0,1,2024-25
Q002842,2024-12-17,Walk-in,B003637,1,1,2024-25
Q007684,2024-12-17,Website,,0,0,2024-25
Q007775,2024-12-17,Website,,0,0,2024-25
Q008193,2024-12-17,Walk-in,,0,0,2024-25
Q008423,2024-12-17,OTA,,0,0,2024-25
Q002260,2024-12-18,Walk-in,B002911,1,1,2024-25
Q002286,2024-12-18,Hotel Partner,B002945,1,1,2024-25
Q002289,2024-12-18,Website,B002950,1,1,2024-25
Q002393,2024-12-18,Walk-in,B003079,1,1,2024-25
Q002427,2024-12-18,Walk-in,B003119,1,1,2024-25
Q002548,2024-12-18,OTA,B003264,1,1,2024-25
Q002601,2024-12-18,Website,B003330,1,1,2024-25
Q002603,2024-12-18,Website,B003333,1,1,2024-25
Q002609,2024-12-18,Walk-in,B003342,0,1,2024-25
Q002661,2024-12-18,Website,B003409,1,1,2024-25
Q002694,2024-12-18,Walk-in,B003447,1,1,2024-25
Q002697,2024-12-18,Website,B003451,1,1,2024-25
Q002729,2024-12-18,Walk-in,B003491,1,1,2024-25
Q002739,2024-12-18,Walk-in,B003502,1,1,2024-25
Q002824,2024-12-18,Referral,B003614,0,1,2024-25
Q002825,2024-12-18,Walk-in,B003615,1,1,2024-25
Q002882,2024-12-18,Instagram,B003691,1,1,2024-25
Q006528,2024-12-18,Website,,0,0,2024-25
Q006634,2024-12-18,Website,,0,0,2024-25
Q006987,2024-12-18,OTA,,0,0,2024-25
Q006989,2024-12-18,Hotel Partner,,0,0,2024-25
Q007241,2024-12-18,Walk-in,,0,0,2024-25
Q007732,2024-12-18,Walk-in,,0,0,2024-25
Q008229,2024-12-18,Walk-in,,0,0,2024-25
Q008299,2024-12-18,Referral,,0,0,2024-25
Q002366,2024-12-19,Walk-in,B003049,1,1,2024-25
Q002457,2024-12-19,Instagram,B003156,1,1,2024-25
Q002501,2024-12-19,Walk-in,B003209,1,1,2024-25
Q002518,2024-12-19,OTA,B003229,1,1,2024-25
Q002721,2024-12-19,OTA,B003483,0,1,2024-25
Q002726,2024-12-19,Walk-in,B003488,1,1,2024-25
Q002765,2024-12-19,Website,B003538,0,1,2024-25
Q002808,2024-12-19,OTA,B003594,1,1,2024-25
Q002810,2024-12-19,Website,B003596,1,1,2024-25
Q002822,2024-12-19,Website,B003610,1,1,2024-25
Q002833,2024-12-19,Hotel Partner,B003624,1,1,2024-25
Q002856,2024-12-19,Hotel Partner,B003657,1,1,2024-25
Q002911,2024-12-19,Walk-in,B003733,1,1,2024-25
Q006533,2024-12-19,Website,,0,0,2024-25
Q007178,2024-12-19,Referral,,0,0,2024-25
Q007236,2024-12-19,OTA,,0,0,2024-25
Q007237,2024-12-19,Website,,0,0,2024-25
Q007462,2024-12-19,Instagram,,0,0,2024-25
Q007473,2024-12-19,Website,,0,0,2024-25
Q007540,2024-12-19,Instagram,,0,0,2024-25
Q007688,2024-12-19,Walk-in,,0,0,2024-25
Q007751,2024-12-19,Website,,0,0,2024-25
Q008171,2024-12-19,Website,,0,0,2024-25
Q008200,2024-12-19,Hotel Partner,,0,0,2024-25
Q002219,2024-12-20,OTA,B002858,1,1,2024-25
Q002298,2024-12-20,Website,B002960,1,1,2024-25
Q002400,2024-12-20,Walk-in,B003088,1,1,2024-25
Q002413,2024-12-20,Hotel Partner,B003105,1,1,2024-25
Q002604,2024-12-20,OTA,B003334,1,1,2024-25
Q002629,2024-12-20,Walk-in,B003368,0,1,2024-25
Q002662,2024-12-20,Instagram,B003410,1,1,2024-25
Q002727,2024-12-20,Referral,B003489,1,1,2024-25
Q002753,2024-12-20,Referral,B003519,1,1,2024-25
Q002844,2024-12-20,Website,B003640,1,1,2024-25
Q006560,2024-12-20,Walk-in,,0,0,2024-25
Q006609,2024-12-20,Walk-in,,0,0,2024-25
Q007474,2024-12-20,OTA,,0,0,2024-25
Q007638,2024-12-20,Walk-in,,0,0,2024-25
Q008164,2024-12-20,Walk-in,,0,0,2024-25
Q008182,2024-12-20,Walk-in,,0,0,2024-25
Q008482,2024-12-20,Website,,0,0,2024-25
Q002216,2024-12-21,OTA,B002855,1,1,2024-25
Q002239,2024-12-21,OTA,B002885,0,1,2024-25
Q002247,2024-12-21,OTA,B002895,1,1,2024-25
Q002277,2024-12-21,Website,B002931,1,1,2024-25
Q002355,2024-12-21,Website,B003037,1,1,2024-25
Q002451,2024-12-21,Instagram,B003150,1,1,2024-25
Q002516,2024-12-21,Hotel Partner,B003227,1,1,2024-25
Q002543,2024-12-21,Referral,B003258,1,1,2024-25
Q002606,2024-12-21,Walk-in,B003337,1,1,2024-25
Q002640,2024-12-21,Instagram,B003382,1,1,2024-25
Q002701,2024-12-21,Website,B003458,1,1,2024-25
Q006522,2024-12-21,Walk-in,,0,0,2024-25
Q006749,2024-12-21,Walk-in,,0,0,2024-25
Q006776,2024-12-21,Referral,,0,0,2024-25
Q006866,2024-12-21,Referral,,0,0,2024-25
Q007350,2024-12-21,Walk-in,,0,0,2024-25
Q007579,2024-12-21,OTA,,0,0,2024-25
Q007583,2024-12-21,Referral,,0,0,2024-25
Q007693,2024-12-21,Website,,0,0,2024-25
Q007694,2024-12-21,Instagram,,0,0,2024-25
Q008240,2024-12-21,Referral,,0,0,2024-25
Q008303,2024-12-21,Walk-in,,0,0,2024-25
Q008496,2024-12-21,Hotel Partner,,0,0,2024-25
Q002447,2024-12-22,Instagram,B003145,1,1,2024-25
Q002500,2024-12-22,Instagram,B003208,1,1,2024-25
Q002526,2024-12-22,Walk-in,B003237,1,1,2024-25
Q002530,2024-12-22,Instagram,B003242,1,1,2024-25
Q002539,2024-12-22,Referral,B003254,1,1,2024-25
Q002597,2024-12-22,Instagram,B003326,1,1,2024-25
Q002614,2024-12-22,Walk-in,B003348,1,1,2024-25
Q002670,2024-12-22,Walk-in,B003419,1,1,2024-25
Q002735,2024-12-22,Instagram,B003498,1,1,2024-25
Q002741,2024-12-22,OTA,B003504,0,1,2024-25
Q006557,2024-12-22,OTA,,0,0,2024-25
Q006697,2024-12-22,Instagram,,0,0,2024-25
Q007481,2024-12-22,Hotel Partner,,0,0,2024-25
Q002333,2024-12-23,OTA,B003005,1,1,2024-25
Q002434,2024-12-23,Walk-in,B003128,1,1,2024-25
Q002445,2024-12-23,Hotel Partner,B003142,1,1,2024-25
Q002498,2024-12-23,Website,B003206,1,1,2024-25
Q002527,2024-12-23,OTA,B003239,1,1,2024-25
Q002532,2024-12-23,Website,B003244,1,1,2024-25
Q002671,2024-12-23,Walk-in,B003420,1,1,2024-25
Q002691,2024-12-23,Website,B003444,1,1,2024-25
Q002730,2024-12-23,Walk-in,B003493,1,1,2024-25
Q002762,2024-12-23,Walk-in,B003532,1,1,2024-25
Q002776,2024-12-23,Instagram,B003549,1,1,2024-25
Q007143,2024-12-23,Website,,0,0,2024-25
Q007221,2024-12-23,Hotel Partner,,0,0,2024-25
Q007223,2024-12-23,Website,,0,0,2024-25
Q007372,2024-12-23,Website,,0,0,2024-25
Q007576,2024-12-23,Walk-in,,0,0,2024-25
Q007635,2024-12-23,Instagram,,0,0,2024-25
Q008173,2024-12-23,Website,,0,0,2024-25
Q008390,2024-12-23,Walk-in,,0,0,2024-25
Q002435,2024-12-24,Website,B003130,1,1,2024-25
Q002504,2024-12-24,Instagram,B003213,1,1,2024-25
Q002517,2024-12-24,Hotel Partner,B003228,1,1,2024-25
Q002590,2024-12-24,Walk-in,B003316,1,1,2024-25
Q002594,2024-12-24,OTA,B003322,1,1,2024-25
Q002636,2024-12-24,Walk-in,B003377,1,1,2024-25
Q002650,2024-12-24,Referral,B003395,1,1,2024-25
Q002655,2024-12-24,Instagram,B003401,1,1,2024-25
Q002690,2024-12-24,Walk-in,B003442,1,1,2024-25
Q002723,2024-12-24,Instagram,B003485,1,1,2024-25
Q002770,2024-12-24,Instagram,B003543,1,1,2024-25
Q002826,2024-12-24,Referral,B003616,1,1,2024-25
Q007086,2024-12-24,OTA,,0,0,2024-25
Q007407,2024-12-24,Website,,0,0,2024-25
Q008153,2024-12-24,OTA,,0,0,2024-25
Q008417,2024-12-24,Hotel Partner,,0,0,2024-25
Q008419,2024-12-24,Walk-in,,0,0,2024-25
Q008450,2024-12-24,Walk-in,,0,0,2024-25
Q008468,2024-12-24,OTA,,0,0,2024-25
Q002316,2024-12-25,OTA,B002985,1,1,2024-25
Q002351,2024-12-25,OTA,B003032,1,1,2024-25
Q002463,2024-12-25,Walk-in,B003164,0,1,2024-25
Q002465,2024-12-25,Website,B003166,1,1,2024-25
Q002525,2024-12-25,OTA,B003236,1,1,2024-25
Q002580,2024-12-25,Website,B003304,0,1,2024-25
Q002595,2024-12-25,OTA,B003324,1,1,2024-25
Q002613,2024-12-25,Instagram,B003347,1,1,2024-25
Q002658,2024-12-25,Walk-in,B003404,1,1,2024-25
Q002716,2024-12-25,OTA,B003478,1,1,2024-25
Q002783,2024-12-25,Instagram,B003557,1,1,2024-25
Q002787,2024-12-25,Hotel Partner,B003563,1,1,2024-25
Q002791,2024-12-25,OTA,B003570,0,1,2024-25
Q002795,2024-12-25,Referral,B003575,1,1,2024-25
Q002860,2024-12-25,Website,B003662,1,1,2024-25
Q006529,2024-12-25,Hotel Partner,,0,0,2024-25
Q006734,2024-12-25,OTA,,0,0,2024-25
Q007023,2024-12-25,Website,,0,0,2024-25
Q007411,2024-12-25,Website,,0,0,2024-25
Q007490,2024-12-25,Referral,,0,0,2024-25
Q007639,2024-12-25,Walk-in,,0,0,2024-25
Q007792,2024-12-25,Referral,,0,0,2024-25
Q007897,2024-12-25,OTA,,0,0,2024-25
Q007936,2024-12-25,Website,,0,0,2024-25
Q008094,2024-12-25,Website,,0,0,2024-25
Q008238,2024-12-25,Referral,,0,0,2024-25
Q002401,2024-12-26,Instagram,B003089,1,1,2024-25
Q002430,2024-12-26,Walk-in,B003122,0,1,2024-25
Q002432,2024-12-26,Walk-in,B003124,1,1,2024-25
Q002455,2024-12-26,Instagram,B003154,1,1,2024-25
Q002482,2024-12-26,Walk-in,B003188,1,1,2024-25
Q002554,2024-12-26,Walk-in,B003272,1,1,2024-25
Q002703,2024-12-26,Referral,B003460,1,1,2024-25
Q002906,2024-12-26,Hotel Partner,B003726,1,1,2024-25
Q006513,2024-12-26,Website,,0,0,2024-25
Q007297,2024-12-26,Referral,,0,0,2024-25
Q007376,2024-12-26,Website,,0,0,2024-25
Q007759,2024-12-26,Referral,,0,0,2024-25
Q008293,2024-12-26,Referral,,0,0,2024-25
Q002410,2024-12-27,OTA,B003101,1,1,2024-25
Q002538,2024-12-27,Instagram,B003253,1,1,2024-25
Q002632,2024-12-27,Walk-in,B003372,1,1,2024-25
Q002667,2024-12-27,Walk-in,B003415,1,1,2024-25
Q002746,2024-12-27,Instagram,B003509,1,1,2024-25
Q002766,2024-12-27,OTA,B003539,1,1,2024-25
Q002768,2024-12-27,OTA,B003541,0,1,2024-25
Q002794,2024-12-27,Walk-in,B003574,0,1,2024-25
Q002832,2024-12-27,Walk-in,B003623,1,1,2024-25
Q006667,2024-12-27,Website,,0,0,2024-25
Q006698,2024-12-27,Website,,0,0,2024-25
Q006797,2024-12-27,Website,,0,0,2024-25
Q007310,2024-12-27,Referral,,0,0,2024-25
Q007410,2024-12-27,Walk-in,,0,0,2024-25
Q007513,2024-12-27,Walk-in,,0,0,2024-25
Q007558,2024-12-27,Referral,,0,0,2024-25
Q007645,2024-12-27,Referral,,0,0,2024-25
Q008397,2024-12-27,Walk-in,,0,0,2024-25
Q002357,2024-12-28,Walk-in,B003039,1,1,2024-25
Q002360,2024-12-28,Walk-in,B003043,1,1,2024-25
Q002394,2024-12-28,OTA,B003080,0,1,2024-25
Q002420,2024-12-28,Referral,B003112,0,1,2024-25
Q002541,2024-12-28,Website,B003256,1,1,2024-25
Q002627,2024-12-28,Walk-in,B003366,1,1,2024-25
Q002652,2024-12-28,Hotel Partner,B003398,1,1,2024-25
Q002675,2024-12-28,OTA,B003426,1,1,2024-25
Q002715,2024-12-28,Walk-in,B003477,1,1,2024-25
Q002719,2024-12-28,Instagram,B003481,1,1,2024-25
Q002792,2024-12-28,OTA,B003571,1,1,2024-25
Q002802,2024-12-28,OTA,B003585,1,1,2024-25
Q002892,2024-12-28,Walk-in,B003706,1,1,2024-25
Q006507,2024-12-28,Hotel Partner,,0,0,2024-25
Q006688,2024-12-28,OTA,,0,0,2024-25
Q007298,2024-12-28,Website,,0,0,2024-25
Q007948,2024-12-28,Hotel Partner,,0,0,2024-25
Q008008,2024-12-28,Referral,,0,0,2024-25
Q008074,2024-12-28,Instagram,,0,0,2024-25
Q008370,2024-12-28,Website,,0,0,2024-25
Q002390,2024-12-29,Website,B003075,1,1,2024-25
Q002450,2024-12-29,Walk-in,B003149,1,1,2024-25
Q002537,2024-12-29,Walk-in,B003252,1,1,2024-25
Q002588,2024-12-29,Referral,B003313,1,1,2024-25
Q002589,2024-12-29,Website,B003314,1,1,2024-25
Q002591,2024-12-29,Referral,B003318,1,1,2024-25
Q002648,2024-12-29,Referral,B003392,1,1,2024-25
Q002651,2024-12-29,Website,B003396,1,1,2024-25
Q002654,2024-12-29,Walk-in,B003400,1,1,2024-25
Q002732,2024-12-29,Walk-in,B003495,1,1,2024-25
Q002834,2024-12-29,Walk-in,B003625,1,1,2024-25
Q002837,2024-12-29,Website,B003631,1,1,2024-25
Q002887,2024-12-29,OTA,B003698,1,1,2024-25
Q002986,2024-12-29,Website,B003839,1,1,2024-25
Q007032,2024-12-29,Instagram,,0,0,2024-25
Q007156,2024-12-29,Walk-in,,0,0,2024-25
Q007591,2024-12-29,Website,,0,0,2024-25
Q007681,2024-12-29,OTA,,0,0,2024-25
Q002407,2024-12-30,Instagram,B003097,1,1,2024-25
Q002521,2024-12-30,OTA,B003232,1,1,2024-25
Q002529,2024-12-30,Referral,B003241,1,1,2024-25
Q002542,2024-12-30,Website,B003257,0,1,2024-25
Q002545,2024-12-30,Walk-in,B003261,1,1,2024-25
Q002602,2024-12-30,OTA,B003331,1,1,2024-25
Q002672,2024-12-30,Referral,B003421,1,1,2024-25
Q002686,2024-12-30,OTA,B003438,1,1,2024-25
Q002710,2024-12-30,Hotel Partner,B003470,1,1,2024-25
Q002908,2024-12-30,Walk-in,B003729,1,1,2024-25
Q002934,2024-12-30,Website,B003767,1,1,2024-25
Q006905,2024-12-30,Instagram,,0,0,2024-25
Q007586,2024-12-30,Instagram,,0,0,2024-25
Q007864,2024-12-30,Instagram,,0,0,2024-25
Q007939,2024-12-30,Hotel Partner,,0,0,2024-25
Q008145,2024-12-30,Referral,,0,0,2024-25
Q008366,2024-12-30,Hotel Partner,,0,0,2024-25
Q008401,2024-12-30,OTA,,0,0,2024-25
Q002573,2024-12-31,Walk-in,B003294,1,1,2024-25
Q002598,2024-12-31,OTA,B003327,1,1,2024-25
Q002660,2024-12-31,OTA,B003408,0,1,2024-25
Q002752,2024-12-31,Walk-in,B003518,1,1,2024-25
Q002782,2024-12-31,Walk-in,B003556,1,1,2024-25
Q002876,2024-12-31,OTA,B003681,1,1,2024-25
Q006857,2024-12-31,OTA,,0,0,2024-25
Q006912,2024-12-31,Referral,,0,0,2024-25
Q007010,2024-12-31,Website,,0,0,2024-25
Q007339,2024-12-31,Hotel Partner,,0,0,2024-25
Q008078,2024-12-31,Walk-in,,0,0,2024-25
Q002462,2025-01-01,Hotel Partner,B003163,1,1,2024-25
Q002483,2025-01-01,Referral,B003189,1,1,2024-25
Q002531,2025-01-01,Walk-in,B003243,1,1,2024-25
Q002552,2025-01-01,Referral,B003269,1,1,2024-25
Q002673,2025-01-01,Walk-in,B003424,1,1,2024-25
Q002705,2025-01-01,Walk-in,B003463,1,1,2024-25
Q002707,2025-01-01,Walk-in,B003466,1,1,2024-25
Q002742,2025-01-01,Hotel Partner,B003505,1,1,2024-25
Q002747,2025-01-01,Instagram,B003510,0,1,2024-25
Q002821,2025-01-01,Referral,B003609,1,1,2024-25
Q002907,2025-01-01,Website,B003727,1,1,2024-25
Q006775,2025-01-01,OTA,,0,0,2024-25
Q007030,2025-01-01,Hotel Partner,,0,0,2024-25
Q007355,2025-01-01,Walk-in,,0,0,2024-25
Q007662,2025-01-01,OTA,,0,0,2024-25
Q007722,2025-01-01,OTA,,0,0,2024-25
Q008019,2025-01-01,Instagram,,0,0,2024-25
Q008129,2025-01-01,Referral,,0,0,2024-25
Q008312,2025-01-01,Referral,,0,0,2024-25
Q002458,2025-01-02,Website,B003157,1,1,2024-25
Q002473,2025-01-02,OTA,B003176,1,1,2024-25
Q002520,2025-01-02,Walk-in,B003231,1,1,2024-25
Q002583,2025-01-02,Hotel Partner,B003307,1,1,2024-25
Q002633,2025-01-02,OTA,B003373,0,1,2024-25
Q002647,2025-01-02,Referral,B003391,1,1,2024-25
Q002775,2025-01-02,Walk-in,B003548,1,1,2024-25
Q002800,2025-01-02,Walk-in,B003583,0,1,2024-25
Q002817,2025-01-02,Walk-in,B003604,1,1,2024-25
Q006588,2025-01-02,Walk-in,,0,0,2024-25
Q006686,2025-01-02,Referral,,0,0,2024-25
Q006915,2025-01-02,Website,,0,0,2024-25
Q007255,2025-01-02,Hotel Partner,,0,0,2024-25
Q007719,2025-01-02,Instagram,,0,0,2024-25
Q007761,2025-01-02,Website,,0,0,2024-25
Q007886,2025-01-02,Walk-in,,0,0,2024-25
Q008043,2025-01-02,Walk-in,,0,0,2024-25
Q002468,2025-01-03,Instagram,B003171,0,1,2024-25
Q002522,2025-01-03,Instagram,B003233,1,1,2024-25
Q002566,2025-01-03,Hotel Partner,B003285,1,1,2024-25
Q002625,2025-01-03,Walk-in,B003364,1,1,2024-25
Q002734,2025-01-03,Referral,B003497,1,1,2024-25
Q002767,2025-01-03,Instagram,B003540,1,1,2024-25
Q002774,2025-01-03,Referral,B003547,1,1,2024-25
Q002828,2025-01-03,Instagram,B003618,1,1,2024-25
Q002839,2025-01-03,Instagram,B003633,0,1,2024-25
Q002918,2025-01-03,Instagram,B003742,1,1,2024-25
Q003001,2025-01-03,Walk-in,B003857,1,1,2024-25
Q006679,2025-01-03,Referral,,0,0,2024-25
Q006812,2025-01-03,Referral,,0,0,2024-25
Q006986,2025-01-03,Walk-in,,0,0,2024-25
Q007807,2025-01-03,OTA,,0,0,2024-25
Q008051,2025-01-03,Referral,,0,0,2024-25
Q008460,2025-01-03,OTA,,0,0,2024-25
Q002642,2025-01-04,Hotel Partner,B003384,1,1,2024-25
Q002643,2025-01-04,OTA,B003385,1,1,2024-25
Q002688,2025-01-04,Hotel Partner,B003440,1,1,2024-25
Q002790,2025-01-04,OTA,B003567,1,1,2024-25
Q002904,2025-01-04,Website,B003724,1,1,2024-25
Q002914,2025-01-04,Website,B003737,1,1,2024-25
Q002967,2025-01-04,Instagram,B003810,1,1,2024-25
Q003020,2025-01-04,Hotel Partner,B003882,1,1,2024-25
Q006692,2025-01-04,Website,,0,0,2024-25
Q006836,2025-01-04,Website,,0,0,2024-25
Q007683,2025-01-04,Website,,0,0,2024-25
Q007887,2025-01-04,Website,,0,0,2024-25
Q008040,2025-01-04,OTA,,0,0,2024-25
Q008056,2025-01-04,Hotel Partner,,0,0,2024-25
Q008322,2025-01-04,Walk-in,,0,0,2024-25
Q008492,2025-01-04,Walk-in,,0,0,2024-25
Q002528,2025-01-05,Instagram,B003240,0,1,2024-25
Q002556,2025-01-05,Referral,B003275,1,1,2024-25
Q002669,2025-01-05,Walk-in,B003418,0,1,2024-25
Q002677,2025-01-05,Hotel Partner,B003428,1,1,2024-25
Q002700,2025-01-05,Website,B003457,0,1,2024-25
Q002702,2025-01-05,OTA,B003459,1,1,2024-25
Q002840,2025-01-05,Instagram,B003634,1,1,2024-25
Q002850,2025-01-05,Walk-in,B003649,1,1,2024-25
Q002873,2025-01-05,Instagram,B003678,1,1,2024-25
Q002888,2025-01-05,Website,B003699,1,1,2024-25
Q006674,2025-01-05,Instagram,,0,0,2024-25
Q007067,2025-01-05,Referral,,0,0,2024-25
Q007100,2025-01-05,Website,,0,0,2024-25
Q007389,2025-01-05,OTA,,0,0,2024-25
Q007499,2025-01-05,Walk-in,,0,0,2024-25
Q007550,2025-01-05,Walk-in,,0,0,2024-25
Q007599,2025-01-05,OTA,,0,0,2024-25
Q007622,2025-01-05,Instagram,,0,0,2024-25
Q007787,2025-01-05,OTA,,0,0,2024-25
Q007943,2025-01-05,Walk-in,,0,0,2024-25
Q002397,2025-01-06,Walk-in,B003085,1,1,2024-25
Q002505,2025-01-06,Walk-in,B003214,1,1,2024-25
Q002564,2025-01-06,Referral,B003283,1,1,2024-25
Q002626,2025-01-06,Walk-in,B003365,0,1,2024-25
Q002711,2025-01-06,OTA,B003471,1,1,2024-25
Q002720,2025-01-06,Website,B003482,1,1,2024-25
Q002798,2025-01-06,Referral,B003580,0,1,2024-25
Q002801,2025-01-06,Walk-in,B003584,1,1,2024-25
Q002890,2025-01-06,Instagram,B003702,1,1,2024-25
Q002968,2025-01-06,Hotel Partner,B003812,1,1,2024-25
Q006559,2025-01-06,Instagram,,0,0,2024-25
Q006622,2025-01-06,Referral,,0,0,2024-25
Q006859,2025-01-06,Website,,0,0,2024-25
Q007087,2025-01-06,Referral,,0,0,2024-25
Q007176,2025-01-06,Referral,,0,0,2024-25
Q007428,2025-01-06,Referral,,0,0,2024-25
Q007670,2025-01-06,Walk-in,,0,0,2024-25
Q007703,2025-01-06,Walk-in,,0,0,2024-25
Q007738,2025-01-06,Walk-in,,0,0,2024-25
Q008072,2025-01-06,Instagram,,0,0,2024-25
Q008393,2025-01-06,Website,,0,0,2024-25
Q008424,2025-01-06,Instagram,,0,0,2024-25
Q002470,2025-01-07,Website,B003173,1,1,2024-25
Q002499,2025-01-07,Website,B003207,1,1,2024-25
Q002519,2025-01-07,Walk-in,B003230,0,1,2024-25
Q002549,2025-01-07,Walk-in,B003265,1,1,2024-25
Q002593,2025-01-07,OTA,B003321,0,1,2024-25
Q002608,2025-01-07,Website,B003341,1,1,2024-25
Q002851,2025-01-07,Walk-in,B003651,0,1,2024-25
Q002927,2025-01-07,Walk-in,B003755,1,1,2024-25
Q006552,2025-01-07,Hotel Partner,,0,0,2024-25
Q007037,2025-01-07,Website,,0,0,2024-25
Q007247,2025-01-07,Instagram,,0,0,2024-25
Q007311,2025-01-07,OTA,,0,0,2024-25
Q007970,2025-01-07,Website,,0,0,2024-25
Q008127,2025-01-07,Website,,0,0,2024-25
Q002646,2025-01-08,Walk-in,B003389,1,1,2024-25
Q002781,2025-01-08,Walk-in,B003555,1,1,2024-25
Q002815,2025-01-08,OTA,B003602,1,1,2024-25
Q002848,2025-01-08,Website,B003647,1,1,2024-25
Q002857,2025-01-08,Website,B003658,1,1,2024-25
Q002866,2025-01-08,Walk-in,B003670,1,1,2024-25
Q002885,2025-01-08,Hotel Partner,B003695,1,1,2024-25
Q002963,2025-01-08,Walk-in,B003804,0,1,2024-25
Q002993,2025-01-08,Walk-in,B003847,1,1,2024-25
Q006511,2025-01-08,Instagram,,0,0,2024-25
Q006911,2025-01-08,OTA,,0,0,2024-25
Q006965,2025-01-08,OTA,,0,0,2024-25
Q007093,2025-01-08,Instagram,,0,0,2024-25
Q007094,2025-01-08,Hotel Partner,,0,0,2024-25
Q007279,2025-01-08,Website,,0,0,2024-25
Q002562,2025-01-09,Instagram,B003281,1,1,2024-25
Q002571,2025-01-09,Website,B003291,1,1,2024-25
Q002585,2025-01-09,Referral,B003309,1,1,2024-25
Q002599,2025-01-09,Website,B003328,1,1,2024-25
Q002624,2025-01-09,OTA,B003363,1,1,2024-25
Q002649,2025-01-09,Hotel Partner,B003394,1,1,2024-25
Q002689,2025-01-09,Referral,B003441,1,1,2024-25
Q002750,2025-01-09,Walk-in,B003516,1,1,2024-25
Q002754,2025-01-09,Referral,B003522,1,1,2024-25
Q002788,2025-01-09,Hotel Partner,B003564,1,1,2024-25
Q002988,2025-01-09,Walk-in,B003841,1,1,2024-25
Q006765,2025-01-09,Hotel Partner,,0,0,2024-25
Q006805,2025-01-09,Website,,0,0,2024-25
Q007036,2025-01-09,OTA,,0,0,2024-25
Q007447,2025-01-09,Hotel Partner,,0,0,2024-25
Q007539,2025-01-09,Instagram,,0,0,2024-25
Q007755,2025-01-09,Website,,0,0,2024-25
Q008101,2025-01-09,Website,,0,0,2024-25
Q008478,2025-01-09,Walk-in,,0,0,2024-25
Q002509,2025-01-10,Walk-in,B003218,0,1,2024-25
Q002534,2025-01-10,Website,B003249,1,1,2024-25
Q002615,2025-01-10,Instagram,B003352,1,1,2024-25
Q002644,2025-01-10,Website,B003387,1,1,2024-25
Q002724,2025-01-10,Referral,B003486,0,1,2024-25
Q002738,2025-01-10,Instagram,B003501,1,1,2024-25
Q002816,2025-01-10,Website,B003603,1,1,2024-25
Q002917,2025-01-10,Walk-in,B003740,0,1,2024-25
Q002921,2025-01-10,Instagram,B003747,1,1,2024-25
Q002928,2025-01-10,OTA,B003756,1,1,2024-25
Q006696,2025-01-10,OTA,,0,0,2024-25
Q006781,2025-01-10,Walk-in,,0,0,2024-25
Q006852,2025-01-10,OTA,,0,0,2024-25
Q007290,2025-01-10,Instagram,,0,0,2024-25
Q007352,2025-01-10,Website,,0,0,2024-25
Q007406,2025-01-10,Walk-in,,0,0,2024-25
Q007594,2025-01-10,Walk-in,,0,0,2024-25
Q007627,2025-01-10,Walk-in,,0,0,2024-25
Q007844,2025-01-10,Website,,0,0,2024-25
Q007863,2025-01-10,Walk-in,,0,0,2024-25
Q008409,2025-01-10,Hotel Partner,,0,0,2024-25
Q002471,2025-01-11,Website,B003174,1,1,2024-25
Q002572,2025-01-11,Referral,B003293,1,1,2024-25
Q002612,2025-01-11,OTA,B003346,0,1,2024-25
Q002616,2025-01-11,OTA,B003353,1,1,2024-25
Q002679,2025-01-11,Walk-in,B003430,1,1,2024-25
Q002708,2025-01-11,OTA,B003467,1,1,2024-25
Q002731,2025-01-11,Instagram,B003494,1,1,2024-25
Q002736,2025-01-11,OTA,B003499,1,1,2024-25
Q002737,2025-01-11,Website,B003500,0,1,2024-25
Q002740,2025-01-11,Website,B003503,1,1,2024-25
Q002745,2025-01-11,Instagram,B003508,1,1,2024-25
Q002804,2025-01-11,OTA,B003589,1,1,2024-25
Q002809,2025-01-11,OTA,B003595,1,1,2024-25
Q002849,2025-01-11,OTA,B003648,0,1,2024-25
Q002972,2025-01-11,Website,B003820,1,1,2024-25
Q002974,2025-01-11,Walk-in,B003822,1,1,2024-25
Q006571,2025-01-11,OTA,,0,0,2024-25
Q006955,2025-01-11,Website,,0,0,2024-25
Q007046,2025-01-11,OTA,,0,0,2024-25
Q007152,2025-01-11,Instagram,,0,0,2024-25
Q007723,2025-01-11,Hotel Partner,,0,0,2024-25
Q008219,2025-01-11,Referral,,0,0,2024-25
Q008255,2025-01-11,Hotel Partner,,0,0,2024-25
Q008382,2025-01-11,Walk-in,,0,0,2024-25
Q008497,2025-01-11,Referral,,0,0,2024-25
Q002461,2025-01-12,Walk-in,B003162,1,1,2024-25
Q002681,2025-01-12,Walk-in,B003432,1,1,2024-25
Q002693,2025-01-12,OTA,B003446,1,1,2024-25
Q002714,2025-01-12,Website,B003476,1,1,2024-25
Q002831,2025-01-12,Instagram,B003622,1,1,2024-25
Q002879,2025-01-12,Instagram,B003687,1,1,2024-25
Q002895,2025-01-12,Referral,B003710,1,1,2024-25
Q002896,2025-01-12,Referral,B003712,1,1,2024-25
Q002898,2025-01-12,Instagram,B003714,1,1,2024-25
Q002910,2025-01-12,Website,B003731,1,1,2024-25
Q002950,2025-01-12,Walk-in,B003786,1,1,2024-25
Q003018,2025-01-12,Referral,B003880,1,1,2024-25
Q003024,2025-01-12,OTA,B003888,1,1,2024-25
Q003029,2025-01-12,Walk-in,B003896,1,1,2024-25
Q006629,2025-01-12,Referral,,0,0,2024-25
Q006669,2025-01-12,Website,,0,0,2024-25
Q006783,2025-01-12,OTA,,0,0,2024-25
Q006834,2025-01-12,Website,,0,0,2024-25
Q006860,2025-01-12,OTA,,0,0,2024-25
Q006884,2025-01-12,Referral,,0,0,2024-25
Q007000,2025-01-12,Walk-in,,0,0,2024-25
Q007251,2025-01-12,OTA,,0,0,2024-25
Q007466,2025-01-12,OTA,,0,0,2024-25
Q007484,2025-01-12,Referral,,0,0,2024-25
Q007781,2025-01-12,Referral,,0,0,2024-25
Q007974,2025-01-12,Referral,,0,0,2024-25
Q008035,2025-01-12,OTA,,0,0,2024-25
Q008060,2025-01-12,Instagram,,0,0,2024-25
Q008217,2025-01-12,Hotel Partner,,0,0,2024-25
Q008306,2025-01-12,Instagram,,0,0,2024-25
Q002512,2025-01-13,Walk-in,B003223,1,1,2024-25
Q002621,2025-01-13,Website,B003359,1,1,2024-25
Q002659,2025-01-13,OTA,B003407,0,1,2024-25
Q002698,2025-01-13,OTA,B003452,1,1,2024-25
Q002748,2025-01-13,Referral,B003511,1,1,2024-25
Q002793,2025-01-13,Walk-in,B003573,1,1,2024-25
Q002818,2025-01-13,OTA,B003606,1,1,2024-25
Q002889,2025-01-13,Hotel Partner,B003701,1,1,2024-25
Q002909,2025-01-13,Website,B003730,1,1,2024-25
Q002929,2025-01-13,OTA,B003758,1,1,2024-25
Q002956,2025-01-13,Referral,B003795,0,1,2024-25
Q002962,2025-01-13,Walk-in,B003802,1,1,2024-25
Q002994,2025-01-13,Hotel Partner,B003848,1,1,2024-25
Q003015,2025-01-13,Walk-in,B003876,1,1,2024-25
Q003023,2025-01-13,OTA,B003887,1,1,2024-25
Q003060,2025-01-13,Website,B003937,1,1,2024-25
Q003087,2025-01-13,Instagram,B003973,1,1,2024-25
Q003093,2025-01-13,Walk-in,B003981,1,1,2024-25
Q006578,2025-01-13,Referral,,0,0,2024-25
Q006682,2025-01-13,OTA,,0,0,2024-25
Q006872,2025-01-13,OTA,,0,0,2024-25
Q007226,2025-01-13,Instagram,,0,0,2024-25
Q007940,2025-01-13,Instagram,,0,0,2024-25
Q002578,2025-01-14,Referral,B003301,1,1,2024-25
Q002581,2025-01-14,Website,B003305,1,1,2024-25
Q002582,2025-01-14,Website,B003306,1,1,2024-25
Q002699,2025-01-14,Hotel Partner,B003455,1,1,2024-25
Q002757,2025-01-14,Instagram,B003526,1,1,2024-25
Q002811,2025-01-14,Walk-in,B003597,1,1,2024-25
Q002841,2025-01-14,Walk-in,B003635,1,1,2024-25
Q002899,2025-01-14,Referral,B003718,1,1,2024-25
Q002905,2025-01-14,OTA,B003725,1,1,2024-25
Q002938,2025-01-14,Walk-in,B003770,1,1,2024-25
Q002948,2025-01-14,Referral,B003784,1,1,2024-25
Q002957,2025-01-14,Hotel Partner,B003796,0,1,2024-25
Q002965,2025-01-14,OTA,B003807,0,1,2024-25
Q002979,2025-01-14,Website,B003830,0,1,2024-25
Q002987,2025-01-14,Hotel Partner,B003840,1,1,2024-25
Q003002,2025-01-14,OTA,B003858,1,1,2024-25
Q003052,2025-01-14,Website,B003926,1,1,2024-25
Q007092,2025-01-14,Walk-in,,0,0,2024-25
Q007170,2025-01-14,Referral,,0,0,2024-25
Q007660,2025-01-14,Website,,0,0,2024-25
Q007776,2025-01-14,Instagram,,0,0,2024-25
Q007801,2025-01-14,Referral,,0,0,2024-25
Q007932,2025-01-14,Walk-in,,0,0,2024-25
Q008085,2025-01-14,Walk-in,,0,0,2024-25
Q002628,2025-01-15,Walk-in,B003367,1,1,2024-25
Q002687,2025-01-15,Walk-in,B003439,1,1,2024-25
Q002725,2025-01-15,Walk-in,B003487,1,1,2024-25
Q002806,2025-01-15,Instagram,B003591,1,1,2024-25
Q002861,2025-01-15,Website,B003664,1,1,2024-25
Q002865,2025-01-15,Walk-in,B003669,1,1,2024-25
Q002870,2025-01-15,Instagram,B003675,1,1,2024-25
Q002959,2025-01-15,Instagram,B003798,0,1,2024-25
Q003117,2025-01-15,Referral,B004011,1,1,2024-25
Q006643,2025-01-15,OTA,,0,0,2024-25
Q006828,2025-01-15,Referral,,0,0,2024-25
Q007062,2025-01-15,Instagram,,0,0,2024-25
Q007151,2025-01-15,Walk-in,,0,0,2024-25
Q007181,2025-01-15,Instagram,,0,0,2024-25
Q007434,2025-01-15,Hotel Partner,,0,0,2024-25
Q007464,2025-01-15,OTA,,0,0,2024-25
Q007667,2025-01-15,Instagram,,0,0,2024-25
Q007803,2025-01-15,Instagram,,0,0,2024-25
Q007831,2025-01-15,Instagram,,0,0,2024-25
Q008253,2025-01-15,Instagram,,0,0,2024-25
Q008265,2025-01-15,Referral,,0,0,2024-25
Q008317,2025-01-15,Walk-in,,0,0,2024-25
Q008325,2025-01-15,Walk-in,,0,0,2024-25
Q002684,2025-01-16,Website,B003436,0,1,2024-25
Q002704,2025-01-16,Instagram,B003462,1,1,2024-25
Q002751,2025-01-16,Website,B003517,1,1,2024-25
Q002771,2025-01-16,Website,B003544,1,1,2024-25
Q002916,2025-01-16,Website,B003739,1,1,2024-25
Q002926,2025-01-16,Hotel Partner,B003754,1,1,2024-25
Q002966,2025-01-16,Walk-in,B003808,1,1,2024-25
Q002984,2025-01-16,Walk-in,B003837,1,1,2024-25
Q003000,2025-01-16,Walk-in,B003856,1,1,2024-25
Q003021,2025-01-16,OTA,B003883,1,1,2024-25
Q003036,2025-01-16,Instagram,B003904,1,1,2024-25
Q003057,2025-01-16,Instagram,B003933,1,1,2024-25
Q003169,2025-01-16,Walk-in,B004077,1,1,2024-25
Q006508,2025-01-16,Walk-in,,0,0,2024-25
Q006553,2025-01-16,Website,,0,0,2024-25
Q006633,2025-01-16,Website,,0,0,2024-25
Q008007,2025-01-16,Referral,,0,0,2024-25
Q008414,2025-01-16,OTA,,0,0,2024-25
Q002611,2025-01-17,Walk-in,B003345,0,1,2024-25
Q002665,2025-01-17,Instagram,B003413,1,1,2024-25
Q002854,2025-01-17,Referral,B003654,1,1,2024-25
Q002858,2025-01-17,OTA,B003660,1,1,2024-25
Q002923,2025-01-17,Referral,B003751,1,1,2024-25
Q002925,2025-01-17,Instagram,B003753,1,1,2024-25
Q002958,2025-01-17,OTA,B003797,1,1,2024-25
Q003068,2025-01-17,Website,B003946,1,1,2024-25
Q003079,2025-01-17,Website,B003963,1,1,2024-25
Q003136,2025-01-17,Referral,B004036,0,1,2024-25
Q003167,2025-01-17,Walk-in,B004075,1,1,2024-25
Q003200,2025-01-17,Referral,B004114,1,1,2024-25
Q006853,2025-01-17,Instagram,,0,0,2024-25
Q006950,2025-01-17,Hotel Partner,,0,0,2024-25
Q007059,2025-01-17,OTA,,0,0,2024-25
Q007452,2025-01-17,Referral,,0,0,2024-25
Q007597,2025-01-17,Walk-in,,0,0,2024-25
Q002680,2025-01-18,OTA,B003431,1,1,2024-25
Q002778,2025-01-18,OTA,B003551,1,1,2024-25
Q002819,2025-01-18,Website,B003607,1,1,2024-25
Q002852,2025-01-18,Walk-in,B003652,1,1,2024-25
Q002880,2025-01-18,Hotel Partner,B003688,1,1,2024-25
Q002953,2025-01-18,Website,B003790,0,1,2024-25
Q003059,2025-01-18,Referral,B003935,0,1,2024-25
Q003078,2025-01-18,Walk-in,B003962,1,1,2024-25
Q006504,2025-01-18,Instagram,,0,0,2024-25
Q006636,2025-01-18,Hotel Partner,,0,0,2024-25
Q006753,2025-01-18,OTA,,0,0,2024-25
Q006893,2025-01-18,Walk-in,,0,0,2024-25
Q006976,2025-01-18,Instagram,,0,0,2024-25
Q007485,2025-01-18,Instagram,,0,0,2024-25
Q007542,2025-01-18,OTA,,0,0,2024-25
Q007596,2025-01-18,OTA,,0,0,2024-25
Q007604,2025-01-18,Instagram,,0,0,2024-25
Q007812,2025-01-18,Website,,0,0,2024-25
Q007915,2025-01-18,Referral,,0,0,2024-25
Q007927,2025-01-18,Walk-in,,0,0,2024-25
Q008042,2025-01-18,Hotel Partner,,0,0,2024-25
Q008295,2025-01-18,OTA,,0,0,2024-25
Q008408,2025-01-18,Walk-in,,0,0,2024-25
Q002663,2025-01-19,Instagram,B003411,1,1,2024-25
Q002709,2025-01-19,Walk-in,B003469,1,1,2024-25
Q002728,2025-01-19,Instagram,B003490,1,1,2024-25
Q002760,2025-01-19,Hotel Partner,B003529,1,1,2024-25
Q002764,2025-01-19,Walk-in,B003537,1,1,2024-25
Q002829,2025-01-19,Website,B003619,1,1,2024-25
Q002941,2025-01-19,Walk-in,B003775,0,1,2024-25
Q002944,2025-01-19,OTA,B003779,0,1,2024-25
Q003006,2025-01-19,Walk-in,B003862,1,1,2024-25
Q003094,2025-01-19,Instagram,B003982,1,1,2024-25
Q003192,2025-01-19,Walk-in,B004106,1,1,2024-25
Q003203,2025-01-19,Instagram,B004118,1,1,2024-25
Q006935,2025-01-19,Website,,0,0,2024-25
Q007098,2025-01-19,Walk-in,,0,0,2024-25
Q007534,2025-01-19,OTA,,0,0,2024-25
Q007601,2025-01-19,OTA,,0,0,2024-25
Q007798,2025-01-19,Referral,,0,0,2024-25
Q007811,2025-01-19,OTA,,0,0,2024-25
Q008066,2025-01-19,OTA,,0,0,2024-25
Q002718,2025-01-20,Walk-in,B003480,1,1,2024-25
Q002733,2025-01-20,Instagram,B003496,1,1,2024-25
Q002761,2025-01-20,Hotel Partner,B003531,1,1,2024-25
Q002772,2025-01-20,Walk-in,B003545,1,1,2024-25
Q002789,2025-01-20,OTA,B003566,1,1,2024-25
Q002823,2025-01-20,Hotel Partner,B003611,1,1,2024-25
Q002867,2025-01-20,Walk-in,B003671,1,1,2024-25
Q003011,2025-01-20,Instagram,B003869,1,1,2024-25
Q003014,2025-01-20,Walk-in,B003875,1,1,2024-25
Q003171,2025-01-20,Website,B004079,1,1,2024-25
Q007378,2025-01-20,Website,,0,0,2024-25
Q007813,2025-01-20,Walk-in,,0,0,2024-25
Q008063,2025-01-20,Walk-in,,0,0,2024-25
Q008073,2025-01-20,Walk-in,,0,0,2024-25
Q008087,2025-01-20,Instagram,,0,0,2024-25
Q008132,2025-01-20,Referral,,0,0,2024-25
Q008260,2025-01-20,Walk-in,,0,0,2024-25
Q008314,2025-01-20,Walk-in,,0,0,2024-25
Q008342,2025-01-20,Walk-in,,0,0,2024-25
Q008374,2025-01-20,OTA,,0,0,2024-25
Q008493,2025-01-20,OTA,,0,0,2024-25
Q002668,2025-01-21,Hotel Partner,B003416,1,1,2024-25
Q002678,2025-01-21,Hotel Partner,B003429,1,1,2024-25
Q002769,2025-01-21,Instagram,B003542,0,1,2024-25
Q002803,2025-01-21,OTA,B003588,1,1,2024-25
Q002827,2025-01-21,Walk-in,B003617,0,1,2024-25
Q002845,2025-01-21,Walk-in,B003641,1,1,2024-25
Q003152,2025-01-21,Instagram,B004057,1,1,2024-25
Q006563,2025-01-21,Walk-in,,0,0,2024-25
Q006711,2025-01-21,OTA,,0,0,2024-25
Q008192,2025-01-21,Instagram,,0,0,2024-25
Q008275,2025-01-21,Referral,,0,0,2024-25
Q002047,2025-01-22,Instagram,B003593,1,1,2024-25
Q002706,2025-01-22,Walk-in,B003465,0,1,2024-25
Q002744,2025-01-22,Walk-in,B003507,1,1,2024-25
Q002779,2025-01-22,Instagram,B003553,1,1,2024-25
Q002799,2025-01-22,Hotel Partner,B003582,1,1,2024-25
Q002843,2025-01-22,Walk-in,B003639,1,1,2024-25
Q002877,2025-01-22,Referral,B003682,1,1,2024-25
Q003046,2025-01-22,Walk-in,B003918,1,1,2024-25
Q003066,2025-01-22,Walk-in,B003943,1,1,2024-25
Q003135,2025-01-22,Website,B004033,1,1,2024-25
Q006762,2025-01-22,OTA,,0,0,2024-25
Q006838,2025-01-22,Website,,0,0,2024-25
Q006953,2025-01-22,OTA,,0,0,2024-25
Q007409,2025-01-22,Walk-in,,0,0,2024-25
Q007514,2025-01-22,Website,,0,0,2024-25
Q008406,2025-01-22,Walk-in,,0,0,2024-25
Q008454,2025-01-22,Walk-in,,0,0,2024-25
Q002623,2025-01-23,OTA,B003361,0,1,2024-25
Q002657,2025-01-23,Walk-in,B003403,1,1,2024-25
Q002664,2025-01-23,Instagram,B003412,1,1,2024-25
Q002695,2025-01-23,Hotel Partner,B003448,0,1,2024-25
Q002755,2025-01-23,OTA,B003524,1,1,2024-25
Q002813,2025-01-23,Hotel Partner,B003600,1,1,2024-25
Q002902,2025-01-23,OTA,B003721,0,1,2024-25
Q002924,2025-01-23,Walk-in,B003752,0,1,2024-25
Q002970,2025-01-23,OTA,B003816,1,1,2024-25
Q002973,2025-01-23,Website,B003821,0,1,2024-25
Q003022,2025-01-23,Walk-in,B003886,1,1,2024-25
Q003027,2025-01-23,OTA,B003892,0,1,2024-25
Q003041,2025-01-23,OTA,B003909,1,1,2024-25
Q003083,2025-01-23,OTA,B003967,1,1,2024-25
Q003092,2025-01-23,OTA,B003980,1,1,2024-25
Q003131,2025-01-23,Referral,B004029,1,1,2024-25
Q003134,2025-01-23,Instagram,B004032,1,1,2024-25
Q007162,2025-01-23,OTA,,0,0,2024-25
Q007245,2025-01-23,Website,,0,0,2024-25
Q007647,2025-01-23,Walk-in,,0,0,2024-25
Q008025,2025-01-23,Website,,0,0,2024-25
Q008113,2025-01-23,Instagram,,0,0,2024-25
Q008264,2025-01-23,OTA,,0,0,2024-25
Q002878,2025-01-24,OTA,B003684,1,1,2024-25
Q002883,2025-01-24,Referral,B003693,1,1,2024-25
Q002939,2025-01-24,Hotel Partner,B003772,1,1,2024-25
Q002991,2025-01-24,Hotel Partner,B003844,1,1,2024-25
Q003003,2025-01-24,Hotel Partner,B003859,0,1,2024-25
Q003013,2025-01-24,OTA,B003873,1,1,2024-25
Q003016,2025-01-24,Website,B003878,1,1,2024-25
Q003065,2025-01-24,Walk-in,B003942,1,1,2024-25
Q003174,2025-01-24,Walk-in,B004082,0,1,2024-25
Q006916,2025-01-24,Website,,0,0,2024-25
Q007630,2025-01-24,Hotel Partner,,0,0,2024-25
Q007695,2025-01-24,Website,,0,0,2024-25
Q008413,2025-01-24,Instagram,,0,0,2024-25
Q008427,2025-01-24,Referral,,0,0,2024-25
Q002713,2025-01-25,Hotel Partner,B003474,1,1,2024-25
Q002743,2025-01-25,Website,B003506,1,1,2024-25
Q002758,2025-01-25,OTA,B003527,1,1,2024-25
Q002835,2025-01-25,Walk-in,B003628,1,1,2024-25
Q002863,2025-01-25,Walk-in,B003666,1,1,2024-25
Q002897,2025-01-25,Walk-in,B003713,1,1,2024-25
Q002919,2025-01-25,Walk-in,B003743,1,1,2024-25
Q003053,2025-01-25,Walk-in,B003928,1,1,2024-25
Q003062,2025-01-25,Referral,B003939,1,1,2024-25
Q003072,2025-01-25,Website,B003953,1,1,2024-25
Q003103,2025-01-25,Website,B003993,1,1,2024-25
Q006498,2025-01-25,Website,,0,0,2024-25
Q006908,2025-01-25,Instagram,,0,0,2024-25
Q006928,2025-01-25,Referral,,0,0,2024-25
Q007362,2025-01-25,OTA,,0,0,2024-25
Q007617,2025-01-25,OTA,,0,0,2024-25
Q007808,2025-01-25,OTA,,0,0,2024-25
Q002763,2025-01-26,OTA,B003536,1,1,2024-25
Q002846,2025-01-26,OTA,B003642,1,1,2024-25
Q002869,2025-01-26,Website,B003674,1,1,2024-25
Q002875,2025-01-26,Website,B003680,1,1,2024-25
Q002903,2025-01-26,Instagram,B003723,0,1,2024-25
Q002931,2025-01-26,OTA,B003763,1,1,2024-25
Q002955,2025-01-26,Hotel Partner,B003793,0,1,2024-25
Q002977,2025-01-26,Website,B003825,1,1,2024-25
Q003045,2025-01-26,Website,B003917,1,1,2024-25
Q003127,2025-01-26,Website,B004025,1,1,2024-25
Q003224,2025-01-26,Hotel Partner,B004144,1,1,2024-25
Q006561,2025-01-26,Hotel Partner,,0,0,2024-25
Q006584,2025-01-26,OTA,,0,0,2024-25
Q007056,2025-01-26,Instagram,,0,0,2024-25
Q007533,2025-01-26,Walk-in,,0,0,2024-25
Q007833,2025-01-26,Hotel Partner,,0,0,2024-25
Q008123,2025-01-26,Hotel Partner,,0,0,2024-25
Q008287,2025-01-26,Referral,,0,0,2024-25
Q008305,2025-01-26,Instagram,,0,0,2024-25
Q008330,2025-01-26,Walk-in,,0,0,2024-25
Q002638,2025-01-27,Website,B003379,0,1,2024-25
Q002712,2025-01-27,Referral,B003472,1,1,2024-25
Q002773,2025-01-27,Website,B003546,1,1,2024-25
Q002868,2025-01-27,Website,B003672,1,1,2024-25
Q002912,2025-01-27,Walk-in,B003734,1,1,2024-25
Q002945,2025-01-27,Referral,B003780,0,1,2024-25
Q002960,2025-01-27,Website,B003799,1,1,2024-25
Q003111,2025-01-27,Instagram,B004003,1,1,2024-25
Q003251,2025-01-27,Instagram,B004180,1,1,2024-25
Q003328,2025-01-27,Walk-in,B004268,1,1,2024-25
Q006591,2025-01-27,Walk-in,,0,0,2024-25
Q006802,2025-01-27,Hotel Partner,,0,0,2024-25
Q007166,2025-01-27,Instagram,,0,0,2024-25
Q007269,2025-01-27,Instagram,,0,0,2024-25
Q007347,2025-01-27,Walk-in,,0,0,2024-25
Q007412,2025-01-27,Walk-in,,0,0,2024-25
Q007446,2025-01-27,Website,,0,0,2024-25
Q008343,2025-01-27,Walk-in,,0,0,2024-25
Q002872,2025-01-28,Walk-in,B003677,1,1,2024-25
Q002937,2025-01-28,Referral,B003769,1,1,2024-25
Q003073,2025-01-28,Hotel Partner,B003954,1,1,2024-25
Q003098,2025-01-28,Instagram,B003987,1,1,2024-25
Q003142,2025-01-28,Instagram,B004046,1,1,2024-25
Q006677,2025-01-28,Website,,0,0,2024-25
Q006772,2025-01-28,Website,,0,0,2024-25
Q007516,2025-01-28,Website,,0,0,2024-25
Q007600,2025-01-28,Website,,0,0,2024-25
Q007700,2025-01-28,Hotel Partner,,0,0,2024-25
Q007790,2025-01-28,Hotel Partner,,0,0,2024-25
Q007858,2025-01-28,Website,,0,0,2024-25
Q008347,2025-01-28,OTA,,0,0,2024-25
Q002692,2025-01-29,Instagram,B003445,1,1,2024-25
Q002812,2025-01-29,Instagram,B003598,1,1,2024-25
Q002954,2025-01-29,Walk-in,B003792,1,1,2024-25
Q002985,2025-01-29,Walk-in,B003838,1,1,2024-25
Q002997,2025-01-29,Website,B003853,0,1,2024-25
Q003056,2025-01-29,Referral,B003932,1,1,2024-25
Q003074,2025-01-29,Website,B003956,0,1,2024-25
Q003104,2025-01-29,Hotel Partner,B003994,0,1,2024-25
Q003140,2025-01-29,Walk-in,B004043,1,1,2024-25
Q003163,2025-01-29,Walk-in,B004071,1,1,2024-25
Q003240,2025-01-29,Referral,B004164,0,1,2024-25
Q003253,2025-01-29,Instagram,B004183,1,1,2024-25
Q003270,2025-01-29,Referral,B004205,1,1,2024-25
Q003271,2025-01-29,Website,B004206,1,1,2024-25
Q003280,2025-01-29,Referral,B004215,1,1,2024-25
Q006743,2025-01-29,Referral,,0,0,2024-25
Q007491,2025-01-29,Website,,0,0,2024-25
Q007651,2025-01-29,Website,,0,0,2024-25
Q008010,2025-01-29,Website,,0,0,2024-25
Q002749,2025-01-30,Website,B003514,1,1,2024-25
Q002952,2025-01-30,Walk-in,B003789,1,1,2024-25
Q003076,2025-01-30,Hotel Partner,B003959,1,1,2024-25
Q003197,2025-01-30,Instagram,B004111,1,1,2024-25
Q003245,2025-01-30,OTA,B004172,1,1,2024-25
Q003250,2025-01-30,OTA,B004179,1,1,2024-25
Q007153,2025-01-30,Walk-in,,0,0,2024-25
Q007595,2025-01-30,OTA,,0,0,2024-25
Q007669,2025-01-30,OTA,,0,0,2024-25
Q002786,2025-01-31,Hotel Partner,B003561,1,1,2024-25
Q002862,2025-01-31,Walk-in,B003665,1,1,2024-25
Q002871,2025-01-31,Referral,B003676,0,1,2024-25
Q002900,2025-01-31,Walk-in,B003719,0,1,2024-25
Q002940,2025-01-31,Walk-in,B003774,1,1,2024-25
Q002951,2025-01-31,Walk-in,B003787,1,1,2024-25
Q002990,2025-01-31,Hotel Partner,B003843,1,1,2024-25
Q003067,2025-01-31,Hotel Partner,B003945,1,1,2024-25
Q003097,2025-01-31,Hotel Partner,B003986,1,1,2024-25
Q003238,2025-01-31,OTA,B004161,1,1,2024-25
Q003258,2025-01-31,Hotel Partner,B004188,1,1,2024-25
Q003264,2025-01-31,Walk-in,B004196,1,1,2024-25
Q006501,2025-01-31,Instagram,,0,0,2024-25
Q006645,2025-01-31,Instagram,,0,0,2024-25
Q006681,2025-01-31,Walk-in,,0,0,2024-25
Q007403,2025-01-31,OTA,,0,0,2024-25
Q007437,2025-01-31,Website,,0,0,2024-25
Q007553,2025-01-31,Instagram,,0,0,2024-25
Q007754,2025-01-31,Website,,0,0,2024-25
Q007992,2025-01-31,Walk-in,,0,0,2024-25
Q008122,2025-01-31,Walk-in,,0,0,2024-25
Q008147,2025-01-31,Hotel Partner,,0,0,2024-25
Q008446,2025-01-31,OTA,,0,0,2024-25
Q002855,2025-02-01,Walk-in,B003655,1,1,2024-25
Q002922,2025-02-01,Hotel Partner,B003748,1,1,2024-25
Q002998,2025-02-01,OTA,B003854,0,1,2024-25
Q003017,2025-02-01,Hotel Partner,B003879,1,1,2024-25
Q003038,2025-02-01,Walk-in,B003906,1,1,2024-25
Q003151,2025-02-01,OTA,B004056,1,1,2024-25
Q003196,2025-02-01,Referral,B004110,1,1,2024-25
Q003241,2025-02-01,OTA,B004167,0,1,2024-25
Q006788,2025-02-01,OTA,,0,0,2024-25
Q007246,2025-02-01,Hotel Partner,,0,0,2024-25
Q007470,2025-02-01,OTA,,0,0,2024-25
Q007658,2025-02-01,Website,,0,0,2024-25
Q007843,2025-02-01,Hotel Partner,,0,0,2024-25
Q007961,2025-02-01,Walk-in,,0,0,2024-25
Q008284,2025-02-01,Walk-in,,0,0,2024-25
Q008449,2025-02-01,Walk-in,,0,0,2024-25
Q002836,2025-02-02,OTA,B003630,1,1,2024-25
Q002864,2025-02-02,Hotel Partner,B003667,1,1,2024-25
Q003035,2025-02-02,Website,B003903,1,1,2024-25
Q003084,2025-02-02,Hotel Partner,B003968,1,1,2024-25
Q003118,2025-02-02,Walk-in,B004012,1,1,2024-25
Q003161,2025-02-02,Referral,B004067,1,1,2024-25
Q003193,2025-02-02,Referral,B004107,1,1,2024-25
Q003209,2025-02-02,OTA,B004125,1,1,2024-25
Q003310,2025-02-02,Referral,B004248,1,1,2024-25
Q006538,2025-02-02,Walk-in,,0,0,2024-25
Q006794,2025-02-02,Referral,,0,0,2024-25
Q006854,2025-02-02,Website,,0,0,2024-25
Q006917,2025-02-02,Website,,0,0,2024-25
Q007041,2025-02-02,Walk-in,,0,0,2024-25
Q007148,2025-02-02,Walk-in,,0,0,2024-25
Q007323,2025-02-02,Website,,0,0,2024-25
Q007483,2025-02-02,Instagram,,0,0,2024-25
Q007618,2025-02-02,OTA,,0,0,2024-25
Q007998,2025-02-02,Instagram,,0,0,2024-25
Q008131,2025-02-02,Hotel Partner,,0,0,2024-25
Q008341,2025-02-02,Website,,0,0,2024-25
Q002814,2025-02-03,Referral,B003601,1,1,2024-25
Q002847,2025-02-03,Instagram,B003646,0,1,2024-25
Q002894,2025-02-03,Instagram,B003709,0,1,2024-25
Q003004,2025-02-03,Referral,B003860,1,1,2024-25
Q003107,2025-02-03,Walk-in,B003998,1,1,2024-25
Q003156,2025-02-03,Website,B004061,1,1,2024-25
Q003166,2025-02-03,Instagram,B004074,1,1,2024-25
Q003213,2025-02-03,Website,B004131,1,1,2024-25
Q003259,2025-02-03,Walk-in,B004189,1,1,2024-25
Q003362,2025-02-03,Website,B004317,0,1,2024-25
Q006811,2025-02-03,OTA,,0,0,2024-25
Q006848,2025-02-03,OTA,,0,0,2024-25
Q006873,2025-02-03,Instagram,,0,0,2024-25
Q007051,2025-02-03,Website,,0,0,2024-25
Q007069,2025-02-03,Website,,0,0,2024-25
Q007220,2025-02-03,OTA,,0,0,2024-25
Q007330,2025-02-03,Website,,0,0,2024-25
Q007701,2025-02-03,Walk-in,,0,0,2024-25
Q008011,2025-02-03,OTA,,0,0,2024-25
Q008398,2025-02-03,Walk-in,,0,0,2024-25
Q002807,2025-02-04,Walk-in,B003592,1,1,2024-25
Q002983,2025-02-04,OTA,B003836,1,1,2024-25
Q002999,2025-02-04,Walk-in,B003855,1,1,2024-25
Q003030,2025-02-04,Website,B003897,1,1,2024-25
Q003050,2025-02-04,OTA,B003923,0,1,2024-25
Q003070,2025-02-04,Website,B003948,1,1,2024-25
Q003116,2025-02-04,Hotel Partner,B004010,1,1,2024-25
Q003132,2025-02-04,Hotel Partner,B004030,1,1,2024-25
Q003157,2025-02-04,Website,B004062,1,1,2024-25
Q003201,2025-02-04,OTA,B004115,0,1,2024-25
Q003305,2025-02-04,Website,B004243,1,1,2024-25
Q006658,2025-02-04,Website,,0,0,2024-25
Q006739,2025-02-04,Referral,,0,0,2024-25
Q007320,2025-02-04,Walk-in,,0,0,2024-25
Q007401,2025-02-04,OTA,,0,0,2024-25
Q007451,2025-02-04,OTA,,0,0,2024-25
Q007718,2025-02-04,Website,,0,0,2024-25
Q007753,2025-02-04,Website,,0,0,2024-25
Q008099,2025-02-04,Instagram,,0,0,2024-25
Q008248,2025-02-04,Referral,,0,0,2024-25
Q008326,2025-02-04,Instagram,,0,0,2024-25
Q002933,2025-02-05,Referral,B003766,0,1,2024-25
Q002942,2025-02-05,Website,B003776,1,1,2024-25
Q003010,2025-02-05,Walk-in,B003868,1,1,2024-25
Q003025,2025-02-05,Website,B003889,1,1,2024-25
Q003031,2025-02-05,Referral,B003899,0,1,2024-25
Q003048,2025-02-05,Referral,B003920,0,1,2024-25
Q003054,2025-02-05,OTA,B003929,1,1,2024-25
Q003081,2025-02-05,Hotel Partner,B003965,1,1,2024-25
Q003139,2025-02-05,Walk-in,B004041,1,1,2024-25
Q003144,2025-02-05,Hotel Partner,B004048,0,1,2024-25
Q003178,2025-02-05,Website,B004091,1,1,2024-25
Q003369,2025-02-05,Referral,B004325,1,1,2024-25
Q006600,2025-02-05,Walk-in,,0,0,2024-25
Q006818,2025-02-05,Hotel Partner,,0,0,2024-25
Q007211,2025-02-05,Instagram,,0,0,2024-25
Q007292,2025-02-05,OTA,,0,0,2024-25
Q007551,2025-02-05,Instagram,,0,0,2024-25
Q007653,2025-02-05,Walk-in,,0,0,2024-25
Q008032,2025-02-05,OTA,,0,0,2024-25
Q008102,2025-02-05,OTA,,0,0,2024-25
Q008261,2025-02-05,Walk-in,,0,0,2024-25
Q008268,2025-02-05,OTA,,0,0,2024-25
Q002874,2025-02-06,Hotel Partner,B003679,0,1,2024-25
Q002891,2025-02-06,Walk-in,B003703,1,1,2024-25
Q002893,2025-02-06,Instagram,B003708,1,1,2024-25
Q002920,2025-02-06,Walk-in,B003744,0,1,2024-25
Q002943,2025-02-06,OTA,B003778,1,1,2024-25
Q002992,2025-02-06,OTA,B003845,1,1,2024-25
Q003005,2025-02-06,Website,B003861,0,1,2024-25
Q003026,2025-02-06,Walk-in,B003890,0,1,2024-25
Q003034,2025-02-06,Walk-in,B003902,1,1,2024-25
Q003082,2025-02-06,Walk-in,B003966,1,1,2024-25
Q003123,2025-02-06,OTA,B004020,1,1,2024-25
Q003248,2025-02-06,OTA,B004176,1,1,2024-25
Q003380,2025-02-06,OTA,B004338,1,1,2024-25
Q006603,2025-02-06,Website,,0,0,2024-25
Q007382,2025-02-06,Instagram,,0,0,2024-25
Q008065,2025-02-06,Website,,0,0,2024-25
Q008186,2025-02-06,Walk-in,,0,0,2024-25
Q002820,2025-02-07,Website,B003608,1,1,2024-25
Q002859,2025-02-07,Walk-in,B003661,1,1,2024-25
Q003008,2025-02-07,Referral,B003866,0,1,2024-25
Q003033,2025-02-07,Hotel Partner,B003901,1,1,2024-25
Q003042,2025-02-07,Website,B003910,0,1,2024-25
Q003129,2025-02-07,Walk-in,B004027,1,1,2024-25
Q003188,2025-02-07,Website,B004101,1,1,2024-25
Q003211,2025-02-07,Instagram,B004129,1,1,2024-25
Q003220,2025-02-07,OTA,B004138,1,1,2024-25
Q003273,2025-02-07,OTA,B004208,1,1,2024-25
Q003412,2025-02-07,Walk-in,B004378,0,1,2024-25
Q006638,2025-02-07,OTA,,0,0,2024-25
Q006845,2025-02-07,Walk-in,,0,0,2024-25
Q007537,2025-02-07,Referral,,0,0,2024-25
Q007621,2025-02-07,Website,,0,0,2024-25
Q008093,2025-02-07,Website,,0,0,2024-25
Q002881,2025-02-08,Walk-in,B003689,1,1,2024-25
Q003109,2025-02-08,Referral,B004001,1,1,2024-25
Q003246,2025-02-08,Hotel Partner,B004173,1,1,2024-25
Q007043,2025-02-08,Instagram,,0,0,2024-25
Q007615,2025-02-08,OTA,,0,0,2024-25
Q007697,2025-02-08,Hotel Partner,,0,0,2024-25
Q007741,2025-02-08,Referral,,0,0,2024-25
Q007875,2025-02-08,Instagram,,0,0,2024-25
Q008472,2025-02-08,Walk-in,,0,0,2024-25
Q002884,2025-02-09,Website,B003694,1,1,2024-25
Q002930,2025-02-09,Instagram,B003761,1,1,2024-25
Q002969,2025-02-09,Walk-in,B003813,0,1,2024-25
Q002971,2025-02-09,Website,B003819,1,1,2024-25
Q002995,2025-02-09,Walk-in,B003849,1,1,2024-25
Q003037,2025-02-09,Website,B003905,0,1,2024-25
Q003086,2025-02-09,OTA,B003971,0,1,2024-25
Q003143,2025-02-09,Referral,B004047,1,1,2024-25
Q003165,2025-02-09,Referral,B004073,0,1,2024-25
Q003207,2025-02-09,Website,B004123,1,1,2024-25
Q003214,2025-02-09,Walk-in,B004132,1,1,2024-25
Q003228,2025-02-09,Walk-in,B004148,1,1,2024-25
Q003229,2025-02-09,Walk-in,B004149,1,1,2024-25
Q003285,2025-02-09,Hotel Partner,B004220,0,1,2024-25
Q006807,2025-02-09,Walk-in,,0,0,2024-25
Q006865,2025-02-09,OTA,,0,0,2024-25
Q007333,2025-02-09,Referral,,0,0,2024-25
Q007351,2025-02-09,Website,,0,0,2024-25
Q007424,2025-02-09,Hotel Partner,,0,0,2024-25
Q007980,2025-02-09,OTA,,0,0,2024-25
Q008244,2025-02-09,Instagram,,0,0,2024-25
Q008318,2025-02-09,Referral,,0,0,2024-25
Q008354,2025-02-09,Walk-in,,0,0,2024-25
Q002913,2025-02-10,Instagram,B003735,1,1,2024-25
Q002947,2025-02-10,Hotel Partner,B003782,0,1,2024-25
Q003055,2025-02-10,Instagram,B003931,1,1,2024-25
Q003069,2025-02-10,Walk-in,B003947,1,1,2024-25
Q003089,2025-02-10,Referral,B003976,1,1,2024-25
Q003173,2025-02-10,Instagram,B004081,1,1,2024-25
Q003265,2025-02-10,OTA,B004197,1,1,2024-25
Q003365,2025-02-10,Instagram,B004321,1,1,2024-25
Q003375,2025-02-10,Instagram,B004332,1,1,2024-25
Q006630,2025-02-10,OTA,,0,0,2024-25
Q006889,2025-02-10,OTA,,0,0,2024-25
Q007384,2025-02-10,Walk-in,,0,0,2024-25
Q007549,2025-02-10,Hotel Partner,,0,0,2024-25
Q007592,2025-02-10,Instagram,,0,0,2024-25
Q007676,2025-02-10,Hotel Partner,,0,0,2024-25
Q007746,2025-02-10,OTA,,0,0,2024-25
Q002901,2025-02-11,Referral,B003720,1,1,2024-25
Q002915,2025-02-11,Walk-in,B003738,1,1,2024-25
Q003049,2025-02-11,Instagram,B003921,1,1,2024-25
Q003105,2025-02-11,Referral,B003995,1,1,2024-25
Q003120,2025-02-11,Walk-in,B004016,1,1,2024-25
Q003121,2025-02-11,OTA,B004018,0,1,2024-25
Q003206,2025-02-11,Website,B004122,1,1,2024-25
Q003295,2025-02-11,Walk-in,B004231,1,1,2024-25
Q003430,2025-02-11,OTA,B004402,1,1,2024-25
Q006799,2025-02-11,Website,,0,0,2024-25
Q006809,2025-02-11,OTA,,0,0,2024-25
Q007259,2025-02-11,OTA,,0,0,2024-25
Q007465,2025-02-11,Walk-in,,0,0,2024-25
Q007500,2025-02-11,Walk-in,,0,0,2024-25
Q002976,2025-02-12,Referral,B003824,1,1,2024-25
Q003063,2025-02-12,Instagram,B003940,0,1,2024-25
Q003088,2025-02-12,Walk-in,B003974,1,1,2024-25
Q003090,2025-02-12,Hotel Partner,B003978,0,1,2024-25
Q003110,2025-02-12,Website,B004002,1,1,2024-25
Q003115,2025-02-12,Walk-in,B004009,1,1,2024-25
Q003125,2025-02-12,Walk-in,B004022,1,1,2024-25
Q003141,2025-02-12,Hotel Partner,B004044,0,1,2024-25
Q003210,2025-02-12,Instagram,B004128,1,1,2024-25
Q003284,2025-02-12,Walk-in,B004219,1,1,2024-25
Q003286,2025-02-12,Referral,B004221,1,1,2024-25
Q003334,2025-02-12,OTA,B004275,1,1,2024-25
Q006550,2025-02-12,Walk-in,,0,0,2024-25
Q006840,2025-02-12,Walk-in,,0,0,2024-25
Q006940,2025-02-12,Referral,,0,0,2024-25
Q007003,2025-02-12,OTA,,0,0,2024-25
Q007021,2025-02-12,Walk-in,,0,0,2024-25
Q007280,2025-02-12,Instagram,,0,0,2024-25
Q007747,2025-02-12,Website,,0,0,2024-25
Q007832,2025-02-12,Walk-in,,0,0,2024-25
Q007951,2025-02-12,OTA,,0,0,2024-25
Q008095,2025-02-12,Walk-in,,0,0,2024-25
Q002949,2025-02-13,Walk-in,B003785,1,1,2024-25
Q002981,2025-02-13,Referral,B003833,1,1,2024-25
Q002982,2025-02-13,Walk-in,B003834,1,1,2024-25
Q003047,2025-02-13,Instagram,B003919,1,1,2024-25
Q003122,2025-02-13,Website,B004019,1,1,2024-25
Q003153,2025-02-13,OTA,B004058,1,1,2024-25
Q003182,2025-02-13,OTA,B004095,0,1,2024-25
Q003257,2025-02-13,Website,B004187,1,1,2024-25
Q003297,2025-02-13,OTA,B004234,0,1,2024-25
Q003298,2025-02-13,Walk-in,B004235,1,1,2024-25
Q003302,2025-02-13,Walk-in,B004240,0,1,2024-25
Q003314,2025-02-13,OTA,B004252,0,1,2024-25
Q003384,2025-02-13,OTA,B004343,0,1,2024-25
Q003387,2025-02-13,Walk-in,B004346,1,1,2024-25
Q006520,2025-02-13,Website,,0,0,2024-25
Q006847,2025-02-13,Instagram,,0,0,2024-25
Q006992,2025-02-13,Referral,,0,0,2024-25
Q007081,2025-02-13,Instagram,,0,0,2024-25
Q007334,2025-02-13,Hotel Partner,,0,0,2024-25
Q007431,2025-02-13,OTA,,0,0,2024-25
Q007744,2025-02-13,OTA,,0,0,2024-25
Q007760,2025-02-13,Website,,0,0,2024-25
Q007999,2025-02-13,Walk-in,,0,0,2024-25
Q008086,2025-02-13,Referral,,0,0,2024-25
Q008403,2025-02-13,Walk-in,,0,0,2024-25
Q002961,2025-02-14,Referral,B003800,0,1,2024-25
Q002975,2025-02-14,OTA,B003823,1,1,2024-25
Q003028,2025-02-14,Website,B003895,1,1,2024-25
Q003080,2025-02-14,Referral,B003964,1,1,2024-25
Q003096,2025-02-14,Hotel Partner,B003984,1,1,2024-25
Q003421,2025-02-14,Website,B004389,0,1,2024-25
Q006876,2025-02-14,OTA,,0,0,2024-25
Q007344,2025-02-14,Instagram,,0,0,2024-25
Q007570,2025-02-14,Website,,0,0,2024-25
Q007573,2025-02-14,Instagram,,0,0,2024-25
Q007848,2025-02-14,OTA,,0,0,2024-25
Q008027,2025-02-14,Website,,0,0,2024-25
Q008281,2025-02-14,Walk-in,,0,0,2024-25
Q008336,2025-02-14,OTA,,0,0,2024-25
Q008348,2025-02-14,OTA,,0,0,2024-25
Q003085,2025-02-15,OTA,B003970,1,1,2024-25
Q003091,2025-02-15,Referral,B003979,1,1,2024-25
Q003106,2025-02-15,Referral,B003996,1,1,2024-25
Q003159,2025-02-15,Walk-in,B004064,1,1,2024-25
Q003168,2025-02-15,OTA,B004076,1,1,2024-25
Q003222,2025-02-15,OTA,B004142,1,1,2024-25
Q003263,2025-02-15,Hotel Partner,B004195,1,1,2024-25
Q003278,2025-02-15,Website,B004213,1,1,2024-25
Q003320,2025-02-15,Website,B004260,1,1,2024-25
Q003330,2025-02-15,Walk-in,B004270,1,1,2024-25
Q006736,2025-02-15,OTA,,0,0,2024-25
Q007160,2025-02-15,Referral,,0,0,2024-25
Q008020,2025-02-15,Website,,0,0,2024-25
Q008109,2025-02-15,Website,,0,0,2024-25
Q002935,2025-02-16,Referral,B003768,1,1,2024-25
Q002946,2025-02-16,Walk-in,B003781,0,1,2024-25
Q003101,2025-02-16,OTA,B003990,1,1,2024-25
Q003149,2025-02-16,Hotel Partner,B004053,1,1,2024-25
Q003180,2025-02-16,OTA,B004093,0,1,2024-25
Q003242,2025-02-16,OTA,B004168,1,1,2024-25
Q003292,2025-02-16,OTA,B004228,1,1,2024-25
Q003339,2025-02-16,OTA,B004281,1,1,2024-25
Q003378,2025-02-16,Walk-in,B004335,0,1,2024-25
Q006815,2025-02-16,Hotel Partner,,0,0,2024-25
Q006839,2025-02-16,Website,,0,0,2024-25
Q006892,2025-02-16,OTA,,0,0,2024-25
Q007009,2025-02-16,Hotel Partner,,0,0,2024-25
Q007823,2025-02-16,Walk-in,,0,0,2024-25
Q008031,2025-02-16,OTA,,0,0,2024-25
Q002989,2025-02-17,Walk-in,B003842,1,1,2024-25
Q002996,2025-02-17,Referral,B003852,1,1,2024-25
Q003007,2025-02-17,Walk-in,B003863,1,1,2024-25
Q003009,2025-02-17,OTA,B003867,1,1,2024-25
Q003032,2025-02-17,Website,B003900,1,1,2024-25
Q003100,2025-02-17,OTA,B003989,1,1,2024-25
Q003155,2025-02-17,Hotel Partner,B004060,0,1,2024-25
Q003195,2025-02-17,Website,B004109,1,1,2024-25
Q003202,2025-02-17,Walk-in,B004117,1,1,2024-25
Q003300,2025-02-17,Referral,B004237,1,1,2024-25
Q003309,2025-02-17,Instagram,B004247,1,1,2024-25
Q003348,2025-02-17,Instagram,B004299,1,1,2024-25
Q006891,2025-02-17,Website,,0,0,2024-25
Q006954,2025-02-17,Hotel Partner,,0,0,2024-25
Q007127,2025-02-17,Walk-in,,0,0,2024-25
Q007544,2025-02-17,Referral,,0,0,2024-25
Q007568,2025-02-17,Website,,0,0,2024-25
Q007859,2025-02-17,Instagram,,0,0,2024-25
Q008167,2025-02-17,Walk-in,,0,0,2024-25
Q008278,2025-02-17,Instagram,,0,0,2024-25
Q003172,2025-02-18,Hotel Partner,B004080,1,1,2024-25
Q003208,2025-02-18,Hotel Partner,B004124,1,1,2024-25
Q003236,2025-02-18,Instagram,B004158,1,1,2024-25
Q003408,2025-02-18,Walk-in,B004373,1,1,2024-25
Q003455,2025-02-18,Website,B004432,1,1,2024-25
Q006741,2025-02-18,OTA,,0,0,2024-25
Q007103,2025-02-18,Website,,0,0,2024-25
Q007267,2025-02-18,Walk-in,,0,0,2024-25
Q007602,2025-02-18,Website,,0,0,2024-25
Q007829,2025-02-18,Website,,0,0,2024-25
Q008288,2025-02-18,Instagram,,0,0,2024-25
Q008367,2025-02-18,Hotel Partner,,0,0,2024-25
Q002932,2025-02-19,Website,B003765,0,1,2024-25
Q003162,2025-02-19,Website,B004068,1,1,2024-25
Q003243,2025-02-19,Walk-in,B004169,1,1,2024-25
Q003360,2025-02-19,Website,B004315,1,1,2024-25
Q003368,2025-02-19,Walk-in,B004324,1,1,2024-25
Q006691,2025-02-19,Website,,0,0,2024-25
Q006746,2025-02-19,OTA,,0,0,2024-25
Q007136,2025-02-19,OTA,,0,0,2024-25
Q007379,2025-02-19,Walk-in,,0,0,2024-25
Q007868,2025-02-19,Website,,0,0,2024-25
Q008263,2025-02-19,Referral,,0,0,2024-25
Q008304,2025-02-19,Instagram,,0,0,2024-25
Q002964,2025-02-20,Instagram,B003806,0,1,2024-25
Q003012,2025-02-20,Website,B003870,1,1,2024-25
Q003058,2025-02-20,OTA,B003934,1,1,2024-25
Q003064,2025-02-20,Referral,B003941,1,1,2024-25
Q003145,2025-02-20,OTA,B004049,0,1,2024-25
Q003176,2025-02-20,Walk-in,B004085,0,1,2024-25
Q003179,2025-02-20,Referral,B004092,1,1,2024-25
Q003186,2025-02-20,Instagram,B004099,1,1,2024-25
Q003233,2025-02-20,Website,B004154,1,1,2024-25
Q006593,2025-02-20,Walk-in,,0,0,2024-25
Q007266,2025-02-20,OTA,,0,0,2024-25
Q007391,2025-02-20,Website,,0,0,2024-25
Q007965,2025-02-20,OTA,,0,0,2024-25
Q007984,2025-02-20,OTA,,0,0,2024-25
Q008046,2025-02-20,OTA,,0,0,2024-25
Q008125,2025-02-20,Website,,0,0,2024-25
Q008220,2025-02-20,OTA,,0,0,2024-25
Q008250,2025-02-20,Walk-in,,0,0,2024-25
Q003044,2025-02-21,Instagram,B003915,1,1,2024-25
Q003095,2025-02-21,Walk-in,B003983,1,1,2024-25
Q003112,2025-02-21,Hotel Partner,B004004,1,1,2024-25
Q003147,2025-02-21,Website,B004051,1,1,2024-25
Q003148,2025-02-21,Website,B004052,1,1,2024-25
Q003191,2025-02-21,Hotel Partner,B004105,1,1,2024-25
Q003255,2025-02-21,OTA,B004185,1,1,2024-25
Q003282,2025-02-21,Walk-in,B004217,1,1,2024-25
Q003296,2025-02-21,Website,B004232,0,1,2024-25
Q003313,2025-02-21,OTA,B004251,0,1,2024-25
Q003317,2025-02-21,Website,B004257,0,1,2024-25
Q003321,2025-02-21,Hotel Partner,B004261,1,1,2024-25
Q003364,2025-02-21,Website,B004320,1,1,2024-25
Q003374,2025-02-21,Walk-in,B004331,1,1,2024-25
Q003472,2025-02-21,Instagram,B004449,1,1,2024-25
Q003497,2025-02-21,OTA,B004481,0,1,2024-25
Q006693,2025-02-21,OTA,,0,0,2024-25
Q006906,2025-02-21,Website,,0,0,2024-25
Q006929,2025-02-21,Instagram,,0,0,2024-25
Q006971,2025-02-21,Referral,,0,0,2024-25
Q007740,2025-02-21,Referral,,0,0,2024-25
Q007827,2025-02-21,Referral,,0,0,2024-25
Q008191,2025-02-21,Walk-in,,0,0,2024-25
Q002978,2025-02-22,OTA,B003827,0,1,2024-25
Q003039,2025-02-22,OTA,B003907,0,1,2024-25
Q003235,2025-02-22,Referral,B004156,1,1,2024-25
Q006566,2025-02-22,Hotel Partner,,0,0,2024-25
Q006709,2025-02-22,Website,,0,0,2024-25
Q006814,2025-02-22,OTA,,0,0,2024-25
Q006914,2025-02-22,Website,,0,0,2024-25
Q007240,2025-02-22,Hotel Partner,,0,0,2024-25
Q007463,2025-02-22,Referral,,0,0,2024-25
Q007649,2025-02-22,Website,,0,0,2024-25
Q007655,2025-02-22,Walk-in,,0,0,2024-25
Q007699,2025-02-22,Website,,0,0,2024-25
Q007724,2025-02-22,Walk-in,,0,0,2024-25
Q007986,2025-02-22,Instagram,,0,0,2024-25
Q008009,2025-02-22,OTA,,0,0,2024-25
Q008108,2025-02-22,Hotel Partner,,0,0,2024-25
Q008151,2025-02-22,Instagram,,0,0,2024-25
Q008297,2025-02-22,OTA,,0,0,2024-25
Q008335,2025-02-22,Instagram,,0,0,2024-25
Q002980,2025-02-23,OTA,B003832,1,1,2024-25
Q003077,2025-02-23,Instagram,B003960,0,1,2024-25
Q003133,2025-02-23,Instagram,B004031,1,1,2024-25
Q003217,2025-02-23,Walk-in,B004135,0,1,2024-25
Q003290,2025-02-23,Website,B004226,0,1,2024-25
Q003350,2025-02-23,Walk-in,B004301,1,1,2024-25
Q003352,2025-02-23,Hotel Partner,B004304,0,1,2024-25
Q003394,2025-02-23,Website,B004354,1,1,2024-25
Q006961,2025-02-23,Instagram,,0,0,2024-25
Q006990,2025-02-23,Walk-in,,0,0,2024-25
Q007468,2025-02-23,OTA,,0,0,2024-25
Q007830,2025-02-23,Walk-in,,0,0,2024-25
Q007856,2025-02-23,OTA,,0,0,2024-25
Q008079,2025-02-23,Walk-in,,0,0,2024-25
Q008091,2025-02-23,Hotel Partner,,0,0,2024-25
Q003040,2025-02-24,Website,B003908,1,1,2024-25
Q003043,2025-02-24,Hotel Partner,B003914,1,1,2024-25
Q003113,2025-02-24,Referral,B004005,1,1,2024-25
Q003119,2025-02-24,Instagram,B004013,1,1,2024-25
Q003199,2025-02-24,OTA,B004113,1,1,2024-25
Q003239,2025-02-24,OTA,B004162,1,1,2024-25
Q003325,2025-02-24,Website,B004265,1,1,2024-25
Q003326,2025-02-24,Walk-in,B004266,1,1,2024-25
Q003466,2025-02-24,Website,B004443,0,1,2024-25
Q006526,2025-02-24,Instagram,,0,0,2024-25
Q006881,2025-02-24,OTA,,0,0,2024-25
Q007625,2025-02-24,Instagram,,0,0,2024-25
Q008198,2025-02-24,Website,,0,0,2024-25
Q008368,2025-02-24,Website,,0,0,2024-25
Q003051,2025-02-25,Hotel Partner,B003924,1,1,2024-25
Q003075,2025-02-25,Referral,B003958,1,1,2024-25
Q003124,2025-02-25,Website,B004021,1,1,2024-25
Q003212,2025-02-25,Website,B004130,1,1,2024-25
Q003315,2025-02-25,Website,B004253,1,1,2024-25
Q003373,2025-02-25,Walk-in,B004330,1,1,2024-25
Q003377,2025-02-25,Instagram,B004334,1,1,2024-25
Q003386,2025-02-25,Walk-in,B004345,1,1,2024-25
Q003514,2025-02-25,OTA,B004506,1,1,2024-25
Q006932,2025-02-25,Walk-in,,0,0,2024-25
Q006977,2025-02-25,Hotel Partner,,0,0,2024-25
Q007235,2025-02-25,Website,,0,0,2024-25
Q007674,2025-02-25,Walk-in,,0,0,2024-25
Q007934,2025-02-25,Walk-in,,0,0,2024-25
Q008037,2025-02-25,Website,,0,0,2024-25
Q008155,2025-02-25,Walk-in,,0,0,2024-25
Q008389,2025-02-25,OTA,,0,0,2024-25
Q003061,2025-02-26,Website,B003938,0,1,2024-25
Q003183,2025-02-26,Hotel Partner,B004096,1,1,2024-25
Q003227,2025-02-26,Referral,B004147,1,1,2024-25
Q003424,2025-02-26,Website,B004394,0,1,2024-25
Q003450,2025-02-26,Hotel Partner,B004426,1,1,2024-25
Q003508,2025-02-26,Hotel Partner,B004497,1,1,2024-25
Q006620,2025-02-26,Referral,,0,0,2024-25
Q006877,2025-02-26,Instagram,,0,0,2024-25
Q007559,2025-02-26,Website,,0,0,2024-25
Q007846,2025-02-26,OTA,,0,0,2024-25
Q007926,2025-02-26,Walk-in,,0,0,2024-25
Q008070,2025-02-26,Hotel Partner,,0,0,2024-25
Q008146,2025-02-26,Walk-in,,0,0,2024-25
Q008416,2025-02-26,OTA,,0,0,2024-25
Q008486,2025-02-26,Hotel Partner,,0,0,2024-25
Q003126,2025-02-27,OTA,B004023,0,1,2024-25
Q003184,2025-02-27,Walk-in,B004097,1,1,2024-25
Q003272,2025-02-27,Walk-in,B004207,1,1,2024-25
Q003323,2025-02-27,Hotel Partner,B004263,1,1,2024-25
Q003354,2025-02-27,OTA,B004307,1,1,2024-25
Q003370,2025-02-27,OTA,B004326,0,1,2024-25
Q003431,2025-02-27,Walk-in,B004403,1,1,2024-25
Q003433,2025-02-27,Walk-in,B004406,1,1,2024-25
Q006923,2025-02-27,Instagram,,0,0,2024-25
Q007210,2025-02-27,Instagram,,0,0,2024-25
Q007265,2025-02-27,OTA,,0,0,2024-25
Q007272,2025-02-27,Walk-in,,0,0,2024-25
Q007336,2025-02-27,OTA,,0,0,2024-25
Q007721,2025-02-27,OTA,,0,0,2024-25
Q007870,2025-02-27,Walk-in,,0,0,2024-25
Q007958,2025-02-27,Instagram,,0,0,2024-25
Q008292,2025-02-27,Walk-in,,0,0,2024-25
Q003137,2025-02-28,Walk-in,B004038,1,1,2024-25
Q003331,2025-02-28,Walk-in,B004271,1,1,2024-25
Q003333,2025-02-28,Referral,B004274,1,1,2024-25
Q003343,2025-02-28,Walk-in,B004292,1,1,2024-25
Q003382,2025-02-28,OTA,B004341,1,1,2024-25
Q003416,2025-02-28,Hotel Partner,B004383,0,1,2024-25
Q003444,2025-02-28,OTA,B004419,0,1,2024-25
Q003519,2025-02-28,OTA,B004512,1,1,2024-25
Q006733,2025-02-28,OTA,,0,0,2024-25
Q006878,2025-02-28,Hotel Partner,,0,0,2024-25
Q006925,2025-02-28,OTA,,0,0,2024-25
Q007327,2025-02-28,Instagram,,0,0,2024-25
Q007521,2025-02-28,OTA,,0,0,2024-25
Q007938,2025-02-28,Website,,0,0,2024-25
Q008048,2025-02-28,Referral,,0,0,2024-25
Q008067,2025-02-28,Referral,,0,0,2024-25
Q008118,2025-02-28,OTA,,0,0,2024-25
Q008157,2025-02-28,Referral,,0,0,2024-25
Q008190,2025-02-28,Hotel Partner,,0,0,2024-25
Q003185,2025-03-01,Hotel Partner,B004098,1,1,2024-25
Q003198,2025-03-01,Website,B004112,1,1,2024-25
Q003215,2025-03-01,Website,B004133,1,1,2024-25
Q003216,2025-03-01,OTA,B004134,1,1,2024-25
Q003232,2025-03-01,Instagram,B004153,1,1,2024-25
Q003276,2025-03-01,Website,B004211,1,1,2024-25
Q003283,2025-03-01,Walk-in,B004218,1,1,2024-25
Q003332,2025-03-01,Hotel Partner,B004272,1,1,2024-25
Q003337,2025-03-01,Referral,B004279,0,1,2024-25
Q003372,2025-03-01,Website,B004329,0,1,2024-25
Q003376,2025-03-01,OTA,B004333,0,1,2024-25
Q003388,2025-03-01,Instagram,B004348,1,1,2024-25
Q003460,2025-03-01,Walk-in,B004437,1,1,2024-25
Q003474,2025-03-01,Walk-in,B004451,1,1,2024-25
Q003484,2025-03-01,Referral,B004466,1,1,2024-25
Q006722,2025-03-01,Website,,0,0,2024-25
Q006822,2025-03-01,OTA,,0,0,2024-25
Q006903,2025-03-01,Walk-in,,0,0,2024-25
Q007113,2025-03-01,Instagram,,0,0,2024-25
Q007171,2025-03-01,OTA,,0,0,2024-25
Q007215,2025-03-01,Instagram,,0,0,2024-25
Q007565,2025-03-01,OTA,,0,0,2024-25
Q007716,2025-03-01,Website,,0,0,2024-25
Q007921,2025-03-01,Walk-in,,0,0,2024-25
Q007983,2025-03-01,OTA,,0,0,2024-25
Q003071,2025-03-02,Referral,B003951,1,1,2024-25
Q003223,2025-03-02,Website,B004143,0,1,2024-25
Q003225,2025-03-02,OTA,B004145,0,1,2024-25
Q003231,2025-03-02,Website,B004152,1,1,2024-25
Q003234,2025-03-02,Instagram,B004155,1,1,2024-25
Q003392,2025-03-02,Walk-in,B004352,1,1,2024-25
Q003402,2025-03-02,Website,B004363,0,1,2024-25
Q003439,2025-03-02,Walk-in,B004413,1,1,2024-25
Q003541,2025-03-02,Instagram,B004543,1,1,2024-25
Q006663,2025-03-02,Instagram,,0,0,2024-25
Q006670,2025-03-02,Website,,0,0,2024-25
Q006731,2025-03-02,OTA,,0,0,2024-25
Q007495,2025-03-02,OTA,,0,0,2024-25
Q007541,2025-03-02,Website,,0,0,2024-25
Q007768,2025-03-02,Walk-in,,0,0,2024-25
Q008080,2025-03-02,Referral,,0,0,2024-25
Q008128,2025-03-02,Referral,,0,0,2024-25
Q008136,2025-03-02,Walk-in,,0,0,2024-25
Q008223,2025-03-02,OTA,,0,0,2024-25
Q003158,2025-03-03,Website,B004063,1,1,2024-25
Q003205,2025-03-03,Walk-in,B004121,1,1,2024-25
Q003230,2025-03-03,OTA,B004151,1,1,2024-25
Q003252,2025-03-03,Website,B004181,1,1,2024-25
Q003294,2025-03-03,Website,B004230,1,1,2024-25
Q003345,2025-03-03,OTA,B004294,1,1,2024-25
Q003485,2025-03-03,Instagram,B004467,0,1,2024-25
Q003505,2025-03-03,Website,B004491,1,1,2024-25
Q006703,2025-03-03,Website,,0,0,2024-25
Q006726,2025-03-03,Instagram,,0,0,2024-25
Q006737,2025-03-03,Hotel Partner,,0,0,2024-25
Q007091,2025-03-03,OTA,,0,0,2024-25
Q007188,2025-03-03,Referral,,0,0,2024-25
Q007254,2025-03-03,Hotel Partner,,0,0,2024-25
Q007613,2025-03-03,OTA,,0,0,2024-25
Q008320,2025-03-03,Website,,0,0,2024-25
Q003099,2025-03-04,OTA,B003988,1,1,2024-25
Q003102,2025-03-04,Hotel Partner,B003991,1,1,2024-25
Q003138,2025-03-04,Instagram,B004039,0,1,2024-25
Q003170,2025-03-04,Referral,B004078,1,1,2024-25
Q003177,2025-03-04,Walk-in,B004089,1,1,2024-25
Q003262,2025-03-04,Hotel Partner,B004194,1,1,2024-25
Q003266,2025-03-04,Instagram,B004199,1,1,2024-25
Q003436,2025-03-04,Referral,B004410,1,1,2024-25
Q003558,2025-03-04,Referral,B004564,1,1,2024-25
Q006540,2025-03-04,Website,,0,0,2024-25
Q006967,2025-03-04,Referral,,0,0,2024-25
Q006999,2025-03-04,Instagram,,0,0,2024-25
Q007139,2025-03-04,Hotel Partner,,0,0,2024-25
Q007270,2025-03-04,Hotel Partner,,0,0,2024-25
Q007329,2025-03-04,Website,,0,0,2024-25
Q007729,2025-03-04,Walk-in,,0,0,2024-25
Q007772,2025-03-04,Website,,0,0,2024-25
Q008436,2025-03-04,Referral,,0,0,2024-25
Q003108,2025-03-05,OTA,B004000,1,1,2024-25
Q003114,2025-03-05,Website,B004008,1,1,2024-25
Q003221,2025-03-05,OTA,B004140,0,1,2024-25
Q003268,2025-03-05,Walk-in,B004203,1,1,2024-25
Q003308,2025-03-05,OTA,B004246,0,1,2024-25
Q003311,2025-03-05,Walk-in,B004249,0,1,2024-25
Q003358,2025-03-05,Walk-in,B004313,0,1,2024-25
Q003409,2025-03-05,Walk-in,B004374,1,1,2024-25
Q003451,2025-03-05,OTA,B004428,1,1,2024-25
Q003462,2025-03-05,OTA,B004439,1,1,2024-25
Q003476,2025-03-05,Walk-in,B004453,1,1,2024-25
Q006665,2025-03-05,OTA,,0,0,2024-25
Q006740,2025-03-05,Walk-in,,0,0,2024-25
Q006780,2025-03-05,Walk-in,,0,0,2024-25
Q006898,2025-03-05,OTA,,0,0,2024-25
Q007199,2025-03-05,OTA,,0,0,2024-25
Q007593,2025-03-05,Walk-in,,0,0,2024-25
Q007706,2025-03-05,OTA,,0,0,2024-25
Q007826,2025-03-05,Hotel Partner,,0,0,2024-25
Q007871,2025-03-05,Hotel Partner,,0,0,2024-25
Q008081,2025-03-05,OTA,,0,0,2024-25
Q008133,2025-03-05,Referral,,0,0,2024-25
Q003130,2025-03-06,Website,B004028,1,1,2024-25
Q003146,2025-03-06,Walk-in,B004050,1,1,2024-25
Q003150,2025-03-06,Hotel Partner,B004055,0,1,2024-25
Q003187,2025-03-06,OTA,B004100,0,1,2024-25
Q003194,2025-03-06,OTA,B004108,1,1,2024-25
Q003219,2025-03-06,Hotel Partner,B004137,1,1,2024-25
Q003226,2025-03-06,Website,B004146,1,1,2024-25
Q003247,2025-03-06,Hotel Partner,B004175,1,1,2024-25
Q003261,2025-03-06,Walk-in,B004191,1,1,2024-25
Q003318,2025-03-06,Walk-in,B004258,1,1,2024-25
Q003329,2025-03-06,Walk-in,B004269,1,1,2024-25
Q003357,2025-03-06,Walk-in,B004312,0,1,2024-25
Q003414,2025-03-06,Website,B004380,0,1,2024-25
Q003440,2025-03-06,Website,B004414,1,1,2024-25
Q006968,2025-03-06,Instagram,,0,0,2024-25
Q007073,2025-03-06,Instagram,,0,0,2024-25
Q007183,2025-03-06,Hotel Partner,,0,0,2024-25
Q007238,2025-03-06,Walk-in,,0,0,2024-25
Q007652,2025-03-06,Hotel Partner,,0,0,2024-25
Q007752,2025-03-06,Referral,,0,0,2024-25
Q007794,2025-03-06,Hotel Partner,,0,0,2024-25
Q007890,2025-03-06,Website,,0,0,2024-25
Q008494,2025-03-06,Website,,0,0,2024-25
Q003175,2025-03-07,Instagram,B004083,0,1,2024-25
Q003244,2025-03-07,Instagram,B004170,1,1,2024-25
Q003327,2025-03-07,Website,B004267,1,1,2024-25
Q003338,2025-03-07,OTA,B004280,1,1,2024-25
Q003418,2025-03-07,Website,B004386,0,1,2024-25
Q003443,2025-03-07,Walk-in,B004418,1,1,2024-25
Q003524,2025-03-07,Hotel Partner,B004521,0,1,2024-25
Q003553,2025-03-07,Walk-in,B004556,1,1,2024-25
Q006920,2025-03-07,Website,,0,0,2024-25
Q006926,2025-03-07,Instagram,,0,0,2024-25
Q007346,2025-03-07,Walk-in,,0,0,2024-25
Q007458,2025-03-07,Website,,0,0,2024-25
Q007666,2025-03-07,OTA,,0,0,2024-25
Q007840,2025-03-07,Referral,,0,0,2024-25
Q008259,2025-03-07,Referral,,0,0,2024-25
Q008274,2025-03-07,Referral,,0,0,2024-25
Q008451,2025-03-07,Walk-in,,0,0,2024-25
Q003267,2025-03-08,Walk-in,B004201,0,1,2024-25
Q003275,2025-03-08,Hotel Partner,B004210,1,1,2024-25
Q006532,2025-03-08,Walk-in,,0,0,2024-25
Q007498,2025-03-08,Website,,0,0,2024-25
Q007590,2025-03-08,Website,,0,0,2024-25
Q007930,2025-03-08,OTA,,0,0,2024-25
Q007990,2025-03-08,Website,,0,0,2024-25
Q008024,2025-03-08,Walk-in,,0,0,2024-25
Q008271,2025-03-08,Hotel Partner,,0,0,2024-25
Q003189,2025-03-09,Instagram,B004103,1,1,2024-25
Q003237,2025-03-09,Instagram,B004159,0,1,2024-25
Q003281,2025-03-09,OTA,B004216,1,1,2024-25
Q003304,2025-03-09,Hotel Partner,B004242,0,1,2024-25
Q003324,2025-03-09,Website,B004264,1,1,2024-25
Q003425,2025-03-09,Website,B004395,1,1,2024-25
Q003492,2025-03-09,Hotel Partner,B004475,1,1,2024-25
Q003540,2025-03-09,Walk-in,B004541,1,1,2024-25
Q006793,2025-03-09,OTA,,0,0,2024-25
Q006924,2025-03-09,Walk-in,,0,0,2024-25
Q007202,2025-03-09,Referral,,0,0,2024-25
Q007271,2025-03-09,Walk-in,,0,0,2024-25
Q007380,2025-03-09,Instagram,,0,0,2024-25
Q007817,2025-03-09,OTA,,0,0,2024-25
Q008197,2025-03-09,Referral,,0,0,2024-25
Q008230,2025-03-09,Instagram,,0,0,2024-25
Q008241,2025-03-09,Hotel Partner,,0,0,2024-25
Q003154,2025-03-10,Walk-in,B004059,1,1,2024-25
Q003160,2025-03-10,OTA,B004065,1,1,2024-25
Q003218,2025-03-10,Referral,B004136,1,1,2024-25
Q003287,2025-03-10,Website,B004222,1,1,2024-25
Q003342,2025-03-10,Referral,B004289,1,1,2024-25
Q003417,2025-03-10,Website,B004385,0,1,2024-25
Q003532,2025-03-10,Referral,B004532,1,1,2024-25
Q003573,2025-03-10,Referral,B004579,1,1,2024-25
Q003605,2025-03-10,Walk-in,B004616,1,1,2024-25
Q007135,2025-03-10,Walk-in,,0,0,2024-25
Q007138,2025-03-10,Referral,,0,0,2024-25
Q007842,2025-03-10,Referral,,0,0,2024-25
Q008107,2025-03-10,Hotel Partner,,0,0,2024-25
Q008124,2025-03-10,OTA,,0,0,2024-25
Q008282,2025-03-10,Walk-in,,0,0,2024-25
Q003274,2025-03-11,OTA,B004209,1,1,2024-25
Q003279,2025-03-11,Walk-in,B004214,1,1,2024-25
Q003361,2025-03-11,Instagram,B004316,0,1,2024-25
Q003391,2025-03-11,Walk-in,B004351,1,1,2024-25
Q003400,2025-03-11,OTA,B004361,1,1,2024-25
Q003481,2025-03-11,Instagram,B004462,1,1,2024-25
Q003491,2025-03-11,OTA,B004474,1,1,2024-25
Q003568,2025-03-11,Walk-in,B004574,0,1,2024-25
Q006724,2025-03-11,OTA,,0,0,2024-25
Q006952,2025-03-11,Instagram,,0,0,2024-25
Q008075,2025-03-11,Walk-in,,0,0,2024-25
Q008134,2025-03-11,OTA,,0,0,2024-25
Q008181,2025-03-11,OTA,,0,0,2024-25
Q008188,2025-03-11,OTA,,0,0,2024-25
Q003128,2025-03-12,Website,B004026,1,1,2024-25
Q003181,2025-03-12,Website,B004094,0,1,2024-25
Q003254,2025-03-12,OTA,B004184,1,1,2024-25
Q003256,2025-03-12,Instagram,B004186,1,1,2024-25
Q003306,2025-03-12,Referral,B004244,0,1,2024-25
Q003379,2025-03-12,Referral,B004337,0,1,2024-25
Q003415,2025-03-12,Hotel Partner,B004381,0,1,2024-25
Q003452,2025-03-12,Referral,B004429,1,1,2024-25
Q003456,2025-03-12,OTA,B004433,1,1,2024-25
Q003471,2025-03-12,Hotel Partner,B004448,1,1,2024-25
Q003479,2025-03-12,Referral,B004459,1,1,2024-25
Q003546,2025-03-12,Instagram,B004549,1,1,2024-25
Q003610,2025-03-12,Instagram,B004623,1,1,2024-25
Q006687,2025-03-12,Website,,0,0,2024-25
Q006720,2025-03-12,Website,,0,0,2024-25
Q006744,2025-03-12,Walk-in,,0,0,2024-25
Q006750,2025-03-12,Website,,0,0,2024-25
Q006841,2025-03-12,Referral,,0,0,2024-25
Q007053,2025-03-12,Website,,0,0,2024-25
Q007168,2025-03-12,Walk-in,,0,0,2024-25
Q007219,2025-03-12,OTA,,0,0,2024-25
Q007438,2025-03-12,Referral,,0,0,2024-25
Q007439,2025-03-12,Walk-in,,0,0,2024-25
Q007524,2025-03-12,Website,,0,0,2024-25
Q007671,2025-03-12,OTA,,0,0,2024-25
Q007814,2025-03-12,Website,,0,0,2024-25
Q008000,2025-03-12,Hotel Partner,,0,0,2024-25
Q008044,2025-03-12,OTA,,0,0,2024-25
Q008140,2025-03-12,Walk-in,,0,0,2024-25
Q003190,2025-03-13,Walk-in,B004104,1,1,2024-25
Q003277,2025-03-13,Walk-in,B004212,0,1,2024-25
Q003307,2025-03-13,Walk-in,B004245,0,1,2024-25
Q003407,2025-03-13,Walk-in,B004370,1,1,2024-25
Q003432,2025-03-13,Walk-in,B004405,1,1,2024-25
Q003510,2025-03-13,Walk-in,B004500,1,1,2024-25
Q003513,2025-03-13,Walk-in,B004505,0,1,2024-25
Q003518,2025-03-13,Walk-in,B004511,1,1,2024-25
Q003535,2025-03-13,Website,B004535,1,1,2024-25
Q003583,2025-03-13,Instagram,B004592,0,1,2024-25
Q003653,2025-03-13,OTA,B004675,1,1,2024-25
Q006683,2025-03-13,OTA,,0,0,2024-25
Q007147,2025-03-13,Website,,0,0,2024-25
Q007337,2025-03-13,Website,,0,0,2024-25
Q007356,2025-03-13,Instagram,,0,0,2024-25
Q007745,2025-03-13,OTA,,0,0,2024-25
Q007929,2025-03-13,Website,,0,0,2024-25
Q007942,2025-03-13,OTA,,0,0,2024-25
Q008047,2025-03-13,Instagram,,0,0,2024-25
Q008234,2025-03-13,Referral,,0,0,2024-25
Q008307,2025-03-13,Hotel Partner,,0,0,2024-25
Q008432,2025-03-13,Instagram,,0,0,2024-25
Q008434,2025-03-13,Hotel Partner,,0,0,2024-25
Q003336,2025-03-14,Instagram,B004278,1,1,2024-25
Q003341,2025-03-14,OTA,B004287,1,1,2024-25
Q003403,2025-03-14,Hotel Partner,B004364,0,1,2024-25
Q003429,2025-03-14,OTA,B004400,1,1,2024-25
Q003465,2025-03-14,OTA,B004442,0,1,2024-25
Q003503,2025-03-14,Walk-in,B004489,1,1,2024-25
Q007013,2025-03-14,Walk-in,,0,0,2024-25
Q007324,2025-03-14,Hotel Partner,,0,0,2024-25
Q007417,2025-03-14,Walk-in,,0,0,2024-25
Q007508,2025-03-14,Website,,0,0,2024-25
Q007543,2025-03-14,Instagram,,0,0,2024-25
Q007847,2025-03-14,Referral,,0,0,2024-25
Q008231,2025-03-14,Instagram,,0,0,2024-25
Q003289,2025-03-15,Referral,B004225,1,1,2024-25
Q003291,2025-03-15,Referral,B004227,1,1,2024-25
Q003344,2025-03-15,Walk-in,B004293,1,1,2024-25
Q003346,2025-03-15,Website,B004297,0,1,2024-25
Q003359,2025-03-15,Website,B004314,1,1,2024-25
Q003486,2025-03-15,Website,B004469,1,1,2024-25
Q003501,2025-03-15,OTA,B004486,1,1,2024-25
Q003559,2025-03-15,Walk-in,B004565,1,1,2024-25
Q006639,2025-03-15,Website,,0,0,2024-25
Q007027,2025-03-15,Walk-in,,0,0,2024-25
Q007078,2025-03-15,Instagram,,0,0,2024-25
Q007303,2025-03-15,Walk-in,,0,0,2024-25
Q007383,2025-03-15,Website,,0,0,2024-25
Q007644,2025-03-15,Walk-in,,0,0,2024-25
Q007892,2025-03-15,Walk-in,,0,0,2024-25
Q008054,2025-03-15,Hotel Partner,,0,0,2024-25
Q008363,2025-03-15,Walk-in,,0,0,2024-25
Q008458,2025-03-15,OTA,,0,0,2024-25
Q003288,2025-03-16,OTA,B004224,1,1,2024-25
Q003301,2025-03-16,Website,B004239,0,1,2024-25
Q003319,2025-03-16,OTA,B004259,1,1,2024-25
Q003448,2025-03-16,Walk-in,B004424,1,1,2024-25
Q003477,2025-03-16,OTA,B004454,0,1,2024-25
Q006678,2025-03-16,Website,,0,0,2024-25
Q006874,2025-03-16,OTA,,0,0,2024-25
Q006936,2025-03-16,Website,,0,0,2024-25
Q006974,2025-03-16,OTA,,0,0,2024-25
Q007182,2025-03-16,Walk-in,,0,0,2024-25
Q007284,2025-03-16,OTA,,0,0,2024-25
Q007492,2025-03-16,Walk-in,,0,0,2024-25
Q007607,2025-03-16,Walk-in,,0,0,2024-25
Q007624,2025-03-16,Hotel Partner,,0,0,2024-25
Q007641,2025-03-16,Website,,0,0,2024-25
Q007698,2025-03-16,Walk-in,,0,0,2024-25
Q008280,2025-03-16,OTA,,0,0,2024-25
Q008465,2025-03-16,OTA,,0,0,2024-25
Q003293,2025-03-17,Walk-in,B004229,1,1,2024-25
Q003312,2025-03-17,OTA,B004250,0,1,2024-25
Q003316,2025-03-17,Instagram,B004255,1,1,2024-25
Q003399,2025-03-17,Hotel Partner,B004360,1,1,2024-25
Q003453,2025-03-17,Website,B004430,1,1,2024-25
Q003470,2025-03-17,OTA,B004447,1,1,2024-25
Q003552,2025-03-17,Referral,B004555,1,1,2024-25
Q003576,2025-03-17,Walk-in,B004583,1,1,2024-25
Q003587,2025-03-17,Hotel Partner,B004597,0,1,2024-25
Q003627,2025-03-17,Hotel Partner,B004643,0,1,2024-25
Q006768,2025-03-17,OTA,,0,0,2024-25
Q006792,2025-03-17,Walk-in,,0,0,2024-25
Q007231,2025-03-17,Hotel Partner,,0,0,2024-25
Q007335,2025-03-17,Referral,,0,0,2024-25
Q007497,2025-03-17,Walk-in,,0,0,2024-25
Q007838,2025-03-17,Walk-in,,0,0,2024-25
Q008207,2025-03-17,Referral,,0,0,2024-25
Q008245,2025-03-17,Referral,,0,0,2024-25
Q008376,2025-03-17,Referral,,0,0,2024-25
Q003351,2025-03-18,OTA,B004303,0,1,2024-25
Q003495,2025-03-18,Website,B004478,1,1,2024-25
Q003621,2025-03-18,OTA,B004636,0,1,2024-25
Q006652,2025-03-18,Walk-in,,0,0,2024-25
Q006972,2025-03-18,Referral,,0,0,2024-25
Q007469,2025-03-18,OTA,,0,0,2024-25
Q007482,2025-03-18,OTA,,0,0,2024-25
Q007955,2025-03-18,Walk-in,,0,0,2024-25
Q008225,2025-03-18,Instagram,,0,0,2024-25
Q003164,2025-03-19,Referral,B004072,1,1,2024-25
Q003260,2025-03-19,Referral,B004190,1,1,2024-25
Q003383,2025-03-19,OTA,B004342,0,1,2024-25
Q003396,2025-03-19,Website,B004357,1,1,2024-25
Q003398,2025-03-19,Instagram,B004359,0,1,2024-25
Q003434,2025-03-19,OTA,B004407,1,1,2024-25
Q003457,2025-03-19,Instagram,B004434,1,1,2024-25
Q003469,2025-03-19,Walk-in,B004446,1,1,2024-25
Q006509,2025-03-19,OTA,,0,0,2024-25
Q006694,2025-03-19,Walk-in,,0,0,2024-25
Q007509,2025-03-19,Website,,0,0,2024-25
Q007956,2025-03-19,Website,,0,0,2024-25
Q008092,2025-03-19,Referral,,0,0,2024-25
Q003269,2025-03-20,OTA,B004204,1,1,2024-25
Q003381,2025-03-20,Instagram,B004340,0,1,2024-25
Q003426,2025-03-20,Walk-in,B004396,0,1,2024-25
Q003437,2025-03-20,OTA,B004411,1,1,2024-25
Q003562,2025-03-20,Instagram,B004568,0,1,2024-25
Q003592,2025-03-20,Instagram,B004602,1,1,2024-25
Q003601,2025-03-20,OTA,B004612,1,1,2024-25
Q006721,2025-03-20,Walk-in,,0,0,2024-25
Q006871,2025-03-20,Website,,0,0,2024-25
Q007268,2025-03-20,Website,,0,0,2024-25
Q007358,2025-03-20,Walk-in,,0,0,2024-25
Q007675,2025-03-20,Website,,0,0,2024-25
Q007855,2025-03-20,Referral,,0,0,2024-25
Q008357,2025-03-20,OTA,,0,0,2024-25
Q008421,2025-03-20,Walk-in,,0,0,2024-25
Q008483,2025-03-20,Website,,0,0,2024-25
Q003355,2025-03-21,OTA,B004309,1,1,2024-25
Q003367,2025-03-21,Website,B004323,1,1,2024-25
Q003385,2025-03-21,Website,B004344,0,1,2024-25
Q003395,2025-03-21,Walk-in,B004355,0,1,2024-25
Q003404,2025-03-21,Referral,B004365,1,1,2024-25
Q003458,2025-03-21,Hotel Partner,B004435,1,1,2024-25
Q003459,2025-03-21,Walk-in,B004436,1,1,2024-25
Q003467,2025-03-21,Walk-in,B004444,1,1,2024-25
Q003483,2025-03-21,Website,B004464,1,1,2024-25
Q003493,2025-03-21,Walk-in,B004476,0,1,2024-25
Q003531,2025-03-21,Hotel Partner,B004531,1,1,2024-25
Q003575,2025-03-21,Walk-in,B004582,1,1,2024-25
Q003578,2025-03-21,Walk-in,B004585,1,1,2024-25
Q006558,2025-03-21,Walk-in,,0,0,2024-25
Q006572,2025-03-21,Walk-in,,0,0,2024-25
Q007377,2025-03-21,OTA,,0,0,2024-25
Q007477,2025-03-21,OTA,,0,0,2024-25
Q007884,2025-03-21,OTA,,0,0,2024-25
Q008144,2025-03-21,Website,,0,0,2024-25
Q008313,2025-03-21,OTA,,0,0,2024-25
Q003322,2025-03-22,OTA,B004262,1,1,2024-25
Q003390,2025-03-22,Hotel Partner,B004350,0,1,2024-25
Q003427,2025-03-22,Walk-in,B004397,1,1,2024-25
Q003428,2025-03-22,Referral,B004399,1,1,2024-25
Q003480,2025-03-22,Website,B004460,0,1,2024-25
Q003509,2025-03-22,Walk-in,B004499,0,1,2024-25
Q003542,2025-03-22,Walk-in,B004544,1,1,2024-25
Q003566,2025-03-22,Referral,B004572,1,1,2024-25
Q003613,2025-03-22,Walk-in,B004628,0,1,2024-25
Q006830,2025-03-22,Website,,0,0,2024-25
Q006947,2025-03-22,Hotel Partner,,0,0,2024-25
Q007388,2025-03-22,Referral,,0,0,2024-25
Q007742,2025-03-22,Website,,0,0,2024-25
Q008455,2025-03-22,OTA,,0,0,2024-25
Q003303,2025-03-23,Website,B004241,0,1,2024-25
Q003463,2025-03-23,Instagram,B004440,1,1,2024-25
Q003482,2025-03-23,Referral,B004463,1,1,2024-25
Q003517,2025-03-23,Instagram,B004510,1,1,2024-25
Q003523,2025-03-23,Website,B004519,1,1,2024-25
Q003555,2025-03-23,Walk-in,B004558,0,1,2024-25
Q003597,2025-03-23,Hotel Partner,B004608,0,1,2024-25
Q003620,2025-03-23,OTA,B004635,0,1,2024-25
Q003650,2025-03-23,Referral,B004672,1,1,2024-25
Q006512,2025-03-23,OTA,,0,0,2024-25
Q006800,2025-03-23,Website,,0,0,2024-25
Q007316,2025-03-23,Hotel Partner,,0,0,2024-25
Q007340,2025-03-23,Website,,0,0,2024-25
Q007390,2025-03-23,OTA,,0,0,2024-25
Q007609,2025-03-23,Hotel Partner,,0,0,2024-25
Q007677,2025-03-23,Walk-in,,0,0,2024-25
Q003347,2025-03-24,Website,B004298,1,1,2024-25
Q003405,2025-03-24,OTA,B004366,1,1,2024-25
Q003411,2025-03-24,OTA,B004376,1,1,2024-25
Q003515,2025-03-24,Referral,B004507,1,1,2024-25
Q003657,2025-03-24,Website,B004682,1,1,2024-25
Q006704,2025-03-24,Hotel Partner,,0,0,2024-25
Q006764,2025-03-24,Instagram,,0,0,2024-25
Q008206,2025-03-24,Walk-in,,0,0,2024-25
Q008212,2025-03-24,Website,,0,0,2024-25
Q003363,2025-03-25,Referral,B004319,1,1,2024-25
Q003393,2025-03-25,Referral,B004353,1,1,2024-25
Q003464,2025-03-25,OTA,B004441,0,1,2024-25
Q003543,2025-03-25,Website,B004546,1,1,2024-25
Q003545,2025-03-25,Walk-in,B004548,1,1,2024-25
Q003561,2025-03-25,Walk-in,B004567,0,1,2024-25
Q003593,2025-03-25,OTA,B004603,0,1,2024-25
Q003603,2025-03-25,Hotel Partner,B004614,1,1,2024-25
Q006583,2025-03-25,OTA,,0,0,2024-25
Q006585,2025-03-25,OTA,,0,0,2024-25
Q007004,2025-03-25,OTA,,0,0,2024-25
Q007111,2025-03-25,Referral,,0,0,2024-25
Q007225,2025-03-25,Walk-in,,0,0,2024-25
Q007563,2025-03-25,Walk-in,,0,0,2024-25
Q003249,2025-03-26,Referral,B004178,1,1,2024-25
Q003356,2025-03-26,Hotel Partner,B004310,1,1,2024-25
Q003454,2025-03-26,OTA,B004431,1,1,2024-25
Q003560,2025-03-26,Referral,B004566,0,1,2024-25
Q006565,2025-03-26,OTA,,0,0,2024-25
Q006980,2025-03-26,Instagram,,0,0,2024-25
Q007025,2025-03-26,Walk-in,,0,0,2024-25
Q007128,2025-03-26,Website,,0,0,2024-25
Q007149,2025-03-26,Walk-in,,0,0,2024-25
Q007258,2025-03-26,Referral,,0,0,2024-25
Q007626,2025-03-26,Walk-in,,0,0,2024-25
Q003335,2025-03-27,Website,B004277,1,1,2024-25
Q003349,2025-03-27,Walk-in,B004300,0,1,2024-25
Q003435,2025-03-27,Instagram,B004409,1,1,2024-25
Q003494,2025-03-27,Referral,B004477,0,1,2024-25
Q003572,2025-03-27,Instagram,B004578,0,1,2024-25
Q003580,2025-03-27,Website,B004588,1,1,2024-25
Q003631,2025-03-27,Website,B004647,1,1,2024-25
Q006649,2025-03-27,Website,,0,0,2024-25
Q006728,2025-03-27,Walk-in,,0,0,2024-25
Q006918,2025-03-27,OTA,,0,0,2024-25
Q006975,2025-03-27,Hotel Partner,,0,0,2024-25
Q007129,2025-03-27,Walk-in,,0,0,2024-25
Q007201,2025-03-27,Hotel Partner,,0,0,2024-25
Q007914,2025-03-27,Referral,,0,0,2024-25
Q008356,2025-03-27,Referral,,0,0,2024-25
Q008443,2025-03-27,OTA,,0,0,2024-25
Q008476,2025-03-27,OTA,,0,0,2024-25
Q003353,2025-03-28,OTA,B004306,1,1,2024-25
Q003488,2025-03-28,OTA,B004471,1,1,2024-25
Q003504,2025-03-28,OTA,B004490,1,1,2024-25
Q003589,2025-03-28,OTA,B004599,0,1,2024-25
Q003625,2025-03-28,Walk-in,B004641,0,1,2024-25
Q003638,2025-03-28,Instagram,B004657,1,1,2024-25
Q006944,2025-03-28,Instagram,,0,0,2024-25
Q007186,2025-03-28,Website,,0,0,2024-25
Q007522,2025-03-28,OTA,,0,0,2024-25
Q007536,2025-03-28,Referral,,0,0,2024-25
Q007810,2025-03-28,Walk-in,,0,0,2024-25
Q008034,2025-03-28,Website,,0,0,2024-25
Q008158,2025-03-28,Website,,0,0,2024-25
Q003366,2025-03-29,Website,B004322,1,1,2024-25
Q003397,2025-03-29,OTA,B004358,1,1,2024-25
Q003422,2025-03-29,OTA,B004390,0,1,2024-25
Q003461,2025-03-29,Website,B004438,1,1,2024-25
Q003521,2025-03-29,Walk-in,B004517,0,1,2024-25
Q003529,2025-03-29,Walk-in,B004528,1,1,2024-25
Q003585,2025-03-29,Hotel Partner,B004594,1,1,2024-25
Q003665,2025-03-29,Instagram,B004691,1,1,2024-25
Q003696,2025-03-29,Instagram,B004733,1,1,2024-25
Q007019,2025-03-29,OTA,,0,0,2024-25
Q007048,2025-03-29,Website,,0,0,2024-25
Q007197,2025-03-29,Referral,,0,0,2024-25
Q007317,2025-03-29,Website,,0,0,2024-25
Q007710,2025-03-29,Website,,0,0,2024-25
Q007726,2025-03-29,OTA,,0,0,2024-25
Q008104,2025-03-29,Instagram,,0,0,2024-25
Q008168,2025-03-29,Website,,0,0,2024-25
Q008194,2025-03-29,Instagram,,0,0,2024-25
Q008216,2025-03-29,Referral,,0,0,2024-25
Q008290,2025-03-29,Walk-in,,0,0,2024-25
Q003299,2025-03-30,Walk-in,B004236,1,1,2024-25
Q003419,2025-03-30,Hotel Partner,B004387,1,1,2024-25
Q003441,2025-03-30,Hotel Partner,B004415,0,1,2024-25
Q003447,2025-03-30,Website,B004422,1,1,2024-25
Q003534,2025-03-30,OTA,B004534,0,1,2024-25
Q003567,2025-03-30,Website,B004573,0,1,2024-25
Q006537,2025-03-30,OTA,,0,0,2024-25
Q006618,2025-03-30,Website,,0,0,2024-25
Q006837,2025-03-30,OTA,,0,0,2024-25
Q007216,2025-03-30,OTA,,0,0,2024-25
Q007679,2025-03-30,OTA,,0,0,2024-25
Q008175,2025-03-30,Referral,,0,0,2024-25
Q003413,2025-03-31,Referral,B004379,1,1,2024-25
Q003438,2025-03-31,Website,B004412,1,1,2024-25
Q003468,2025-03-31,Instagram,B004445,1,1,2024-25
Q003526,2025-03-31,Instagram,B004524,0,1,2024-25
Q003538,2025-03-31,Walk-in,B004539,0,1,2024-25
Q003544,2025-03-31,OTA,B004547,1,1,2024-25
Q003584,2025-03-31,Hotel Partner,B004593,0,1,2024-25
Q003622,2025-03-31,Walk-in,B004637,1,1,2024-25
Q003645,2025-03-31,Instagram,B004667,1,1,2024-25
Q003687,2025-03-31,OTA,B004719,1,1,2024-25
Q003688,2025-03-31,Instagram,B004721,0,1,2024-25
Q006514,2025-03-31,Walk-in,,0,0,2024-25
Q006577,2025-03-31,Walk-in,,0,0,2024-25
Q006627,2025-03-31,Instagram,,0,0,2024-25
Q006642,2025-03-31,Referral,,0,0,2024-25
Q006646,2025-03-31,OTA,,0,0,2024-25
Q006816,2025-03-31,Walk-in,,0,0,2024-25
Q006862,2025-03-31,Referral,,0,0,2024-25
Q007575,2025-03-31,Website,,0,0,2024-25
Q008215,2025-03-31,Hotel Partner,,0,0,2024-25
Q003340,2025-04-01,Referral,B004282,1,1,2024-25
Q003371,2025-04-01,Website,B004328,1,1,2024-25
Q003537,2025-04-01,Website,B004538,1,1,2024-25
Q003563,2025-04-01,Website,B004569,0,1,2024-25
Q003599,2025-04-01,Hotel Partner,B004610,1,1,2024-25
Q003678,2025-04-01,OTA,B004710,1,1,2024-25
Q006651,2025-04-01,OTA,,0,0,2024-25
Q007217,2025-04-01,Walk-in,,0,0,2024-25
Q007275,2025-04-01,Walk-in,,0,0,2024-25
Q007294,2025-04-01,Referral,,0,0,2024-25
Q007374,2025-04-01,Walk-in,,0,0,2024-25
Q007418,2025-04-01,Referral,,0,0,2024-25
Q007606,2025-04-01,Instagram,,0,0,2024-25
Q007872,2025-04-01,Referral,,0,0,2024-25
Q003423,2025-04-02,Instagram,B004392,0,1,2024-25
Q003489,2025-04-02,Website,B004472,1,1,2024-25
Q003496,2025-04-02,Hotel Partner,B004479,1,1,2024-25
Q003595,2025-04-02,Walk-in,B004605,0,1,2024-25
Q006597,2025-04-02,OTA,,0,0,2024-25
Q007332,2025-04-02,Instagram,,0,0,2024-25
Q007603,2025-04-02,Referral,,0,0,2024-25
Q007708,2025-04-02,Website,,0,0,2024-25
Q008328,2025-04-02,Walk-in,,0,0,2024-25
Q003539,2025-04-03,OTA,B004540,1,1,2024-25
Q003556,2025-04-03,Instagram,B004560,0,1,2024-25
Q003590,2025-04-03,OTA,B004600,1,1,2024-25
Q003602,2025-04-03,Instagram,B004613,1,1,2024-25
Q006517,2025-04-03,Hotel Partner,,0,0,2024-25
Q006787,2025-04-03,OTA,,0,0,2024-25
Q007283,2025-04-03,Instagram,,0,0,2024-25
Q007420,2025-04-03,Referral,,0,0,2024-25
Q007916,2025-04-03,Website,,0,0,2024-25
Q007950,2025-04-03,Walk-in,,0,0,2024-25
Q007964,2025-04-03,Website,,0,0,2024-25
Q008463,2025-04-03,Referral,,0,0,2024-25
Q003420,2025-04-04,Walk-in,B004388,0,1,2024-25
Q003499,2025-04-04,OTA,B004484,0,1,2024-25
Q003511,2025-04-04,Walk-in,B004501,1,1,2024-25
Q003520,2025-04-04,Referral,B004516,1,1,2024-25
Q003522,2025-04-04,Instagram,B004518,0,1,2024-25
Q003604,2025-04-04,Walk-in,B004615,1,1,2024-25
Q006755,2025-04-04,Walk-in,,0,0,2024-25
Q007190,2025-04-04,Website,,0,0,2024-25
Q007712,2025-04-04,Instagram,,0,0,2024-25
Q003389,2025-04-05,Referral,B004349,1,1,2024-25
Q003406,2025-04-05,Website,B004367,1,1,2024-25
Q003449,2025-04-05,Referral,B004425,1,1,2024-25
Q003475,2025-04-05,OTA,B004452,1,1,2024-25
Q003506,2025-04-05,Website,B004492,1,1,2024-25
Q003554,2025-04-05,Walk-in,B004557,1,1,2024-25
Q003588,2025-04-05,Walk-in,B004598,1,1,2024-25
Q003596,2025-04-05,Website,B004606,1,1,2024-25
Q003608,2025-04-05,Walk-in,B004620,1,1,2024-25
Q003611,2025-04-05,Walk-in,B004626,0,1,2024-25
Q003618,2025-04-05,Walk-in,B004633,1,1,2024-25
Q006661,2025-04-05,Website,,0,0,2024-25
Q007055,2025-04-05,Walk-in,,0,0,2024-25
Q007096,2025-04-05,Instagram,,0,0,2024-25
Q007116,2025-04-05,Website,,0,0,2024-25
Q008185,2025-04-05,Website,,0,0,2024-25
Q008205,2025-04-05,Hotel Partner,,0,0,2024-25
Q008218,2025-04-05,OTA,,0,0,2024-25
Q008246,2025-04-05,Hotel Partner,,0,0,2024-25
Q008321,2025-04-05,Instagram,,0,0,2024-25
Q003442,2025-04-06,Walk-in,B004417,1,1,2024-25
Q003445,2025-04-06,Instagram,B004420,1,1,2024-25
Q003500,2025-04-06,Instagram,B004485,1,1,2024-25
Q003516,2025-04-06,Walk-in,B004509,1,1,2024-25
Q003569,2025-04-06,Walk-in,B004575,0,1,2024-25
Q003694,2025-04-06,Referral,B004730,1,1,2024-25
Q003697,2025-04-06,OTA,B004734,1,1,2024-25
Q006870,2025-04-06,OTA,,0,0,2024-25
Q006981,2025-04-06,Walk-in,,0,0,2024-25
Q007121,2025-04-06,Walk-in,,0,0,2024-25
Q007175,2025-04-06,Instagram,,0,0,2024-25
Q007555,2025-04-06,Instagram,,0,0,2024-25
Q007960,2025-04-06,OTA,,0,0,2024-25
Q008068,2025-04-06,OTA,,0,0,2024-25
Q008227,2025-04-06,Website,,0,0,2024-25
Q008346,2025-04-06,Walk-in,,0,0,2024-25
Q008442,2025-04-06,OTA,,0,0,2024-25
Q003410,2025-04-07,Website,B004375,0,1,2024-25
Q003446,2025-04-07,Website,B004421,1,1,2024-25
Q003498,2025-04-07,Walk-in,B004483,1,1,2024-25
Q003530,2025-04-07,Website,B004529,1,1,2024-25
Q003536,2025-04-07,Referral,B004536,1,1,2024-25
Q003634,2025-04-07,OTA,B004650,0,1,2024-25
Q003691,2025-04-07,Hotel Partner,B004726,1,1,2024-25
Q006710,2025-04-07,Instagram,,0,0,2024-25
Q006827,2025-04-07,Referral,,0,0,2024-25
Q006883,2025-04-07,Hotel Partner,,0,0,2024-25
Q007035,2025-04-07,Walk-in,,0,0,2024-25
Q007150,2025-04-07,Instagram,,0,0,2024-25
Q007164,2025-04-07,Instagram,,0,0,2024-25
Q007229,2025-04-07,OTA,,0,0,2024-25
Q007301,2025-04-07,Instagram,,0,0,2024-25
Q007478,2025-04-07,OTA,,0,0,2024-25
Q007692,2025-04-07,Walk-in,,0,0,2024-25
Q007893,2025-04-07,OTA,,0,0,2024-25
Q007993,2025-04-07,Walk-in,,0,0,2024-25
Q008199,2025-04-07,Referral,,0,0,2024-25
Q003548,2025-04-08,Walk-in,B004551,1,1,2024-25
Q003619,2025-04-08,Walk-in,B004634,0,1,2024-25
Q003628,2025-04-08,OTA,B004644,0,1,2024-25
Q003655,2025-04-08,Walk-in,B004678,1,1,2024-25
Q003668,2025-04-08,OTA,B004694,1,1,2024-25
Q006820,2025-04-08,OTA,,0,0,2024-25
Q007479,2025-04-08,Walk-in,,0,0,2024-25
Q007750,2025-04-08,OTA,,0,0,2024-25
Q008156,2025-04-08,Instagram,,0,0,2024-25
Q008178,2025-04-08,Instagram,,0,0,2024-25
Q003644,2025-04-09,OTA,B004666,1,1,2024-25
Q003646,2025-04-09,Referral,B004668,1,1,2024-25
Q003729,2025-04-09,Walk-in,B004779,0,1,2024-25
Q006594,2025-04-09,OTA,,0,0,2024-25
Q006742,2025-04-09,Referral,,0,0,2024-25
Q007146,2025-04-09,Website,,0,0,2024-25
Q007232,2025-04-09,Instagram,,0,0,2024-25
Q007242,2025-04-09,OTA,,0,0,2024-25
Q007291,2025-04-09,Website,,0,0,2024-25
Q007381,2025-04-09,Referral,,0,0,2024-25
Q008473,2025-04-09,Walk-in,,0,0,2024-25
Q003565,2025-04-10,Instagram,B004571,0,1,2024-25
Q003623,2025-04-10,Website,B004639,0,1,2024-25
Q003686,2025-04-10,OTA,B004718,1,1,2024-25
Q007080,2025-04-10,Referral,,0,0,2024-25
Q007089,2025-04-10,OTA,,0,0,2024-25
Q007222,2025-04-10,Instagram,,0,0,2024-25
Q007296,2025-04-10,Walk-in,,0,0,2024-25
Q007978,2025-04-10,Website,,0,0,2024-25
Q008163,2025-04-10,OTA,,0,0,2024-25
Q003401,2025-04-11,OTA,B004362,1,1,2024-25
Q003478,2025-04-11,OTA,B004456,0,1,2024-25
Q003528,2025-04-11,Referral,B004527,1,1,2024-25
Q003550,2025-04-11,OTA,B004553,1,1,2024-25
Q003574,2025-04-11,Walk-in,B004581,1,1,2024-25
Q003616,2025-04-11,OTA,B004631,0,1,2024-25
Q003654,2025-04-11,Website,B004677,1,1,2024-25
Q003715,2025-04-11,Walk-in,B004764,0,1,2024-25
Q006716,2025-04-11,Hotel Partner,,0,0,2024-25
Q006984,2025-04-11,Website,,0,0,2024-25
Q007523,2025-04-11,Walk-in,,0,0,2024-25
Q007611,2025-04-11,OTA,,0,0,2024-25
Q007841,2025-04-11,Walk-in,,0,0,2024-25
Q007857,2025-04-11,Referral,,0,0,2024-25
Q008334,2025-04-11,Hotel Partner,,0,0,2024-25
Q008392,2025-04-11,Hotel Partner,,0,0,2024-25
Q008420,2025-04-11,Walk-in,,0,0,2024-25
Q008435,2025-04-11,Walk-in,,0,0,2024-25
Q003473,2025-04-12,Referral,B004450,1,1,2024-25
Q003525,2025-04-12,Referral,B004523,1,1,2024-25
Q003723,2025-04-12,Walk-in,B004772,0,1,2024-25
Q006729,2025-04-12,Walk-in,,0,0,2024-25
Q006962,2025-04-12,Referral,,0,0,2024-25
Q006983,2025-04-12,OTA,,0,0,2024-25
Q007090,2025-04-12,Instagram,,0,0,2024-25
Q007322,2025-04-12,OTA,,0,0,2024-25
Q007494,2025-04-12,Walk-in,,0,0,2024-25
Q007512,2025-04-12,OTA,,0,0,2024-25
Q003502,2025-04-13,Walk-in,B004487,1,1,2024-25
Q003512,2025-04-13,Hotel Partner,B004502,0,1,2024-25
Q003642,2025-04-13,Referral,B004663,0,1,2024-25
Q003707,2025-04-13,OTA,B004749,0,1,2024-25
Q003716,2025-04-13,OTA,B004765,1,1,2024-25
Q003718,2025-04-13,Website,B004767,1,1,2024-25
Q006689,2025-04-13,Instagram,,0,0,2024-25
Q006766,2025-04-13,Instagram,,0,0,2024-25
Q007039,2025-04-13,OTA,,0,0,2024-25
Q007435,2025-04-13,Referral,,0,0,2024-25
Q007773,2025-04-13,Hotel Partner,,0,0,2024-25
Q008059,2025-04-13,Walk-in,,0,0,2024-25
Q008426,2025-04-13,Hotel Partner,,0,0,2024-25
Q003547,2025-04-14,OTA,B004550,1,1,2024-25
Q003564,2025-04-14,OTA,B004570,0,1,2024-25
Q003577,2025-04-14,Referral,B004584,1,1,2024-25
Q003617,2025-04-14,OTA,B004632,1,1,2024-25
Q003647,2025-04-14,Walk-in,B004669,1,1,2024-25
Q003660,2025-04-14,Website,B004685,1,1,2024-25
Q003663,2025-04-14,Referral,B004689,1,1,2024-25
Q003698,2025-04-14,Website,B004735,1,1,2024-25
Q006701,2025-04-14,Website,,0,0,2024-25
Q006779,2025-04-14,Referral,,0,0,2024-25
Q007120,2025-04-14,Instagram,,0,0,2024-25
Q007367,2025-04-14,OTA,,0,0,2024-25
Q007472,2025-04-14,OTA,,0,0,2024-25
Q007532,2025-04-14,Walk-in,,0,0,2024-25
Q007691,2025-04-14,Referral,,0,0,2024-25
Q007949,2025-04-14,Walk-in,,0,0,2024-25
Q003689,2025-04-15,Hotel Partner,B004724,0,1,2024-25
Q003705,2025-04-15,Instagram,B004745,0,1,2024-25
Q006900,2025-04-15,Walk-in,,0,0,2024-25
Q007068,2025-04-15,Referral,,0,0,2024-25
Q007122,2025-04-15,Referral,,0,0,2024-25
Q007243,2025-04-15,Instagram,,0,0,2024-25
Q008003,2025-04-15,Website,,0,0,2024-25
Q008252,2025-04-15,Website,,0,0,2024-25
Q008383,2025-04-15,Walk-in,,0,0,2024-25
Q008411,2025-04-15,OTA,,0,0,2024-25
Q003487,2025-04-16,Walk-in,B004470,1,1,2024-25
Q003527,2025-04-16,Website,B004526,0,1,2024-25
Q003581,2025-04-16,Website,B004589,1,1,2024-25
Q003594,2025-04-16,Instagram,B004604,1,1,2024-25
Q003607,2025-04-16,OTA,B004619,1,1,2024-25
Q003614,2025-04-16,Walk-in,B004629,1,1,2024-25
Q003632,2025-04-16,Instagram,B004648,1,1,2024-25
Q003648,2025-04-16,OTA,B004670,0,1,2024-25
Q003674,2025-04-16,OTA,B004704,1,1,2024-25
Q003736,2025-04-16,Referral,B004787,1,1,2024-25
Q007064,2025-04-16,Referral,,0,0,2024-25
Q007302,2025-04-16,Referral,,0,0,2024-25
Q007325,2025-04-16,Instagram,,0,0,2024-25
Q007444,2025-04-16,OTA,,0,0,2024-25
Q007793,2025-04-16,Hotel Partner,,0,0,2024-25
Q007839,2025-04-16,OTA,,0,0,2024-25
Q008276,2025-04-16,OTA,,0,0,2024-25
Q008364,2025-04-16,Website,,0,0,2024-25
Q003612,2025-04-17,Referral,B004627,1,1,2024-25
Q003658,2025-04-17,OTA,B004683,1,1,2024-25
Q003667,2025-04-17,Referral,B004693,1,1,2024-25
Q003685,2025-04-17,Walk-in,B004717,1,1,2024-25
Q003738,2025-04-17,Instagram,B004789,0,1,2024-25
Q006624,2025-04-17,Instagram,,0,0,2024-25
Q006785,2025-04-17,Instagram,,0,0,2024-25
Q006899,2025-04-17,Walk-in,,0,0,2024-25
Q007114,2025-04-17,Walk-in,,0,0,2024-25
Q007155,2025-04-17,Walk-in,,0,0,2024-25
Q007185,2025-04-17,Hotel Partner,,0,0,2024-25
Q007364,2025-04-17,Website,,0,0,2024-25
Q007480,2025-04-17,Website,,0,0,2024-25
Q007580,2025-04-17,OTA,,0,0,2024-25
Q007739,2025-04-17,Hotel Partner,,0,0,2024-25
Q007774,2025-04-17,OTA,,0,0,2024-25
Q007922,2025-04-17,Instagram,,0,0,2024-25
Q008332,2025-04-17,Walk-in,,0,0,2024-25
Q003570,2025-04-18,Website,B004576,1,1,2024-25
Q003579,2025-04-18,OTA,B004587,0,1,2024-25
Q003640,2025-04-18,Instagram,B004659,1,1,2024-25
Q003641,2025-04-18,Hotel Partner,B004662,1,1,2024-25
Q003712,2025-04-18,Referral,B004758,0,1,2024-25
Q006604,2025-04-18,Walk-in,,0,0,2024-25
Q006795,2025-04-18,Walk-in,,0,0,2024-25
Q007173,2025-04-18,Walk-in,,0,0,2024-25
Q007191,2025-04-18,OTA,,0,0,2024-25
Q007209,2025-04-18,Website,,0,0,2024-25
Q007349,2025-04-18,Website,,0,0,2024-25
Q007398,2025-04-18,OTA,,0,0,2024-25
Q007400,2025-04-18,Walk-in,,0,0,2024-25
Q007429,2025-04-18,OTA,,0,0,2024-25
Q007430,2025-04-18,Walk-in,,0,0,2024-25
Q007925,2025-04-18,Referral,,0,0,2024-25
Q008045,2025-04-18,Hotel Partner,,0,0,2024-25
Q008090,2025-04-18,Hotel Partner,,0,0,2024-25
Q003533,2025-04-19,OTA,B004533,1,1,2024-25
Q006982,2025-04-19,Website,,0,0,2024-25
Q007141,2025-04-19,Website,,0,0,2024-25
Q007393,2025-04-19,Instagram,,0,0,2024-25
Q007413,2025-04-19,Walk-in,,0,0,2024-25
Q008387,2025-04-19,Instagram,,0,0,2024-25
Q003490,2025-04-20,Website,B004473,1,1,2024-25
Q003549,2025-04-20,Hotel Partner,B004552,1,1,2024-25
Q003551,2025-04-20,Website,B004554,1,1,2024-25
Q003571,2025-04-20,Referral,B004577,1,1,2024-25
Q003600,2025-04-20,Website,B004611,1,1,2024-25
Q003692,2025-04-20,OTA,B004727,0,1,2024-25
Q003734,2025-04-20,Hotel Partner,B004785,0,1,2024-25
Q006745,2025-04-20,Website,,0,0,2024-25
Q006771,2025-04-20,OTA,,0,0,2024-25
Q006819,2025-04-20,Instagram,,0,0,2024-25
Q007527,2025-04-20,Referral,,0,0,2024-25
Q007903,2025-04-20,Referral,,0,0,2024-25
Q007977,2025-04-20,Website,,0,0,2024-25
Q008053,2025-04-20,Referral,,0,0,2024-25
Q008396,2025-04-20,Website,,0,0,2024-25
Q008407,2025-04-20,Walk-in,,0,0,2024-25
Q003636,2025-04-21,Website,B004654,1,1,2024-25
Q003639,2025-04-21,Website,B004658,1,1,2024-25
Q003690,2025-04-21,Walk-in,B004725,1,1,2024-25
Q003695,2025-04-21,Website,B004731,1,1,2024-25
Q006499,2025-04-21,Instagram,,0,0,2024-25
Q006668,2025-04-21,Website,,0,0,2024-25
Q006894,2025-04-21,Website,,0,0,2024-25
Q007154,2025-04-21,Hotel Partner,,0,0,2024-25
Q007157,2025-04-21,Instagram,,0,0,2024-25
Q007456,2025-04-21,Walk-in,,0,0,2024-25
Q008358,2025-04-21,Referral,,0,0,2024-25
Q003507,2025-04-22,Hotel Partner,B004496,0,1,2024-25
Q003591,2025-04-22,OTA,B004601,0,1,2024-25
Q003624,2025-04-22,OTA,B004640,0,1,2024-25
Q003633,2025-04-22,OTA,B004649,0,1,2024-25
Q003673,2025-04-22,Referral,B004703,1,1,2024-25
Q003725,2025-04-22,Referral,B004775,1,1,2024-25
Q006516,2025-04-22,Walk-in,,0,0,2024-25
Q007145,2025-04-22,Hotel Partner,,0,0,2024-25
Q007189,2025-04-22,Website,,0,0,2024-25
Q007634,2025-04-22,Walk-in,,0,0,2024-25
Q008349,2025-04-22,OTA,,0,0,2024-25
Q008380,2025-04-22,Website,,0,0,2024-25
Q008445,2025-04-22,Website,,0,0,2024-25
Q003586,2025-04-23,Website,B004596,1,1,2024-25
Q003630,2025-04-23,Walk-in,B004646,1,1,2024-25
Q003684,2025-04-23,Instagram,B004716,1,1,2024-25
Q003693,2025-04-23,Hotel Partner,B004728,1,1,2024-25
Q006527,2025-04-23,Walk-in,,0,0,2024-25
Q006587,2025-04-23,OTA,,0,0,2024-25
Q006590,2025-04-23,OTA,,0,0,2024-25
Q006708,2025-04-23,OTA,,0,0,2024-25
Q006817,2025-04-23,Instagram,,0,0,2024-25
Q007552,2025-04-23,OTA,,0,0,2024-25
Q008028,2025-04-23,Hotel Partner,,0,0,2024-25
Q008373,2025-04-23,Instagram,,0,0,2024-25
Q008448,2025-04-23,Hotel Partner,,0,0,2024-25
Q003606,2025-04-24,Website,B004617,1,1,2024-25
Q003637,2025-04-24,Walk-in,B004655,1,1,2024-25
Q003662,2025-04-24,Walk-in,B004688,0,1,2024-25
Q003682,2025-04-24,Website,B004714,1,1,2024-25
Q003743,2025-04-24,Website,B004797,0,1,2024-25
Q006699,2025-04-24,Walk-in,,0,0,2024-25
Q006879,2025-04-24,OTA,,0,0,2024-25
Q007737,2025-04-24,Instagram,,0,0,2024-25
Q008169,2025-04-24,Walk-in,,0,0,2024-25
Q008365,2025-04-24,OTA,,0,0,2024-25
Q003651,2025-04-25,Walk-in,B004673,1,1,2024-25
Q003677,2025-04-25,Instagram,B004707,1,1,2024-25
Q003740,2025-04-25,Walk-in,B004794,0,1,2024-25
Q003747,2025-04-25,OTA,B004803,0,1,2024-25
Q006833,2025-04-25,Instagram,,0,0,2024-25
Q006964,2025-04-25,OTA,,0,0,2024-25
Q006973,2025-04-25,Walk-in,,0,0,2024-25
Q006995,2025-04-25,Instagram,,0,0,2024-25
Q007042,2025-04-25,Website,,0,0,2024-25
Q007088,2025-04-25,OTA,,0,0,2024-25
Q007200,2025-04-25,OTA,,0,0,2024-25
Q007304,2025-04-25,Instagram,,0,0,2024-25
Q007501,2025-04-25,Website,,0,0,2024-25
Q007727,2025-04-25,Referral,,0,0,2024-25
Q007743,2025-04-25,OTA,,0,0,2024-25
Q007851,2025-04-25,Instagram,,0,0,2024-25
Q007917,2025-04-25,Hotel Partner,,0,0,2024-25
Q007967,2025-04-25,Website,,0,0,2024-25
Q008461,2025-04-25,Walk-in,,0,0,2024-25
Q003557,2025-04-26,OTA,B004562,0,1,2024-25
Q003582,2025-04-26,OTA,B004590,1,1,2024-25
Q003626,2025-04-26,OTA,B004642,0,1,2024-25
Q006621,2025-04-26,Hotel Partner,,0,0,2024-25
Q006896,2025-04-26,Walk-in,,0,0,2024-25
Q008097,2025-04-26,Referral,,0,0,2024-25
Q008249,2025-04-26,Hotel Partner,,0,0,2024-25
Q008338,2025-04-26,OTA,,0,0,2024-25
Q003680,2025-04-27,Hotel Partner,B004712,0,1,2024-25
Q003681,2025-04-27,Referral,B004713,1,1,2024-25
Q003714,2025-04-27,Website,B004763,1,1,2024-25
Q003720,2025-04-27,OTA,B004769,1,1,2024-25
Q003727,2025-04-27,OTA,B004777,0,1,2024-25
Q007214,2025-04-27,OTA,,0,0,2024-25
Q007519,2025-04-27,Instagram,,0,0,2024-25
Q007705,2025-04-27,OTA,,0,0,2024-25
Q007877,2025-04-27,OTA,,0,0,2024-25
Q007885,2025-04-27,Walk-in,,0,0,2024-25
Q007995,2025-04-27,Walk-in,,0,0,2024-25
Q008026,2025-04-27,Walk-in,,0,0,2024-25
Q003656,2025-04-28,Website,B004681,1,1,2024-25
Q003664,2025-04-28,Website,B004690,1,1,2024-25
Q003713,2025-04-28,Walk-in,B004760,1,1,2024-25
Q003746,2025-04-28,OTA,B004801,0,1,2024-25
Q006503,2025-04-28,Instagram,,0,0,2024-25
Q006631,2025-04-28,Walk-in,,0,0,2024-25
Q006960,2025-04-28,OTA,,0,0,2024-25
Q006994,2025-04-28,Website,,0,0,2024-25
Q007038,2025-04-28,Walk-in,,0,0,2024-25
Q007060,2025-04-28,OTA,,0,0,2024-25
Q007419,2025-04-28,Referral,,0,0,2024-25
Q007526,2025-04-28,Website,,0,0,2024-25
Q007696,2025-04-28,Walk-in,,0,0,2024-25
Q007765,2025-04-28,Website,,0,0,2024-25
Q007818,2025-04-28,OTA,,0,0,2024-25
Q007907,2025-04-28,OTA,,0,0,2024-25
Q003598,2025-04-29,Walk-in,B004609,1,1,2024-25
Q003635,2025-04-29,Walk-in,B004651,1,1,2024-25
Q003652,2025-04-29,Walk-in,B004674,1,1,2024-25
Q007108,2025-04-29,Referral,,0,0,2024-25
Q007363,2025-04-29,Website,,0,0,2024-25
Q007486,2025-04-29,OTA,,0,0,2024-25
Q007562,2025-04-29,Website,,0,0,2024-25
Q007610,2025-04-29,Walk-in,,0,0,2024-25
Q007898,2025-04-29,Instagram,,0,0,2024-25
Q008187,2025-04-29,Website,,0,0,2024-25
Q008425,2025-04-29,Referral,,0,0,2024-25
Q008491,2025-04-29,Hotel Partner,,0,0,2024-25
Q003629,2025-04-30,Walk-in,B004645,1,1,2024-25
Q003702,2025-04-30,Website,B004739,1,1,2024-25
Q003709,2025-04-30,Referral,B004752,1,1,2024-25
Q003744,2025-04-30,Referral,B004799,1,1,2024-25
Q007112,2025-04-30,OTA,,0,0,2024-25
Q007445,2025-04-30,Walk-in,,0,0,2024-25
Q007888,2025-04-30,Instagram,,0,0,2024-25
Q007904,2025-04-30,Walk-in,,0,0,2024-25
Q007919,2025-04-30,Hotel Partner,,0,0,2024-25
Q008076,2025-04-30,Hotel Partner,,0,0,2024-25
Q008211,2025-04-30,OTA,,0,0,2024-25
Q008474,2025-04-30,Walk-in,,0,0,2024-25
Q003609,2025-05-01,Instagram,B004621,0,1,2024-25
Q006564,2025-05-01,OTA,,0,0,2024-25
Q006656,2025-05-01,Walk-in,,0,0,2024-25
Q006680,2025-05-01,OTA,,0,0,2024-25
Q007002,2025-05-01,Walk-in,,0,0,2024-25
Q007233,2025-05-01,Website,,0,0,2024-25
Q007816,2025-05-01,Website,,0,0,2024-25
Q007946,2025-05-01,Referral,,0,0,2024-25
Q008117,2025-05-01,Walk-in,,0,0,2024-25
Q008119,2025-05-01,Walk-in,,0,0,2024-25
Q008209,2025-05-01,Website,,0,0,2024-25
Q008310,2025-05-01,OTA,,0,0,2024-25
Q003649,2025-05-02,Website,B004671,1,1,2024-25
Q006769,2025-05-02,OTA,,0,0,2024-25
Q006966,2025-05-02,OTA,,0,0,2024-25
Q007076,2025-05-02,Walk-in,,0,0,2024-25
Q007585,2025-05-02,Instagram,,0,0,2024-25
Q007873,2025-05-02,Instagram,,0,0,2024-25
Q008022,2025-05-02,Walk-in,,0,0,2024-25
Q008160,2025-05-02,Instagram,,0,0,2024-25
Q008289,2025-05-02,Walk-in,,0,0,2024-25
Q008439,2025-05-02,OTA,,0,0,2024-25
Q003699,2025-05-03,Referral,B004736,1,1,2024-25
Q006913,2025-05-03,Walk-in,,0,0,2024-25
Q006996,2025-05-03,Walk-in,,0,0,2024-25
Q007016,2025-05-03,OTA,,0,0,2024-25
Q007286,2025-05-03,Walk-in,,0,0,2024-25
Q007414,2025-05-03,OTA,,0,0,2024-25
Q007860,2025-05-03,Instagram,,0,0,2024-25
Q008279,2025-05-03,Walk-in,,0,0,2024-25
Q003669,2025-05-04,OTA,B004695,0,1,2024-25
Q003676,2025-05-04,OTA,B004706,1,1,2024-25
Q003722,2025-05-04,OTA,B004771,1,1,2024-25
Q006790,2025-05-04,Walk-in,,0,0,2024-25
Q007450,2025-05-04,Walk-in,,0,0,2024-25
Q007502,2025-05-04,OTA,,0,0,2024-25
Q007730,2025-05-04,Website,,0,0,2024-25
Q008202,2025-05-04,OTA,,0,0,2024-25
Q008489,2025-05-04,Referral,,0,0,2024-25
Q003704,2025-05-05,Walk-in,B004744,0,1,2024-25
Q003711,2025-05-05,OTA,B004757,1,1,2024-25
Q006555,2025-05-05,OTA,,0,0,2024-25
Q007545,2025-05-05,OTA,,0,0,2024-25
Q007581,2025-05-05,OTA,,0,0,2024-25
Q007778,2025-05-05,Walk-in,,0,0,2024-25
Q007785,2025-05-05,OTA,,0,0,2024-25
Q008324,2025-05-05,Hotel Partner,,0,0,2024-25
Q003615,2025-05-06,Instagram,B004630,0,1,2024-25
Q003666,2025-05-06,Website,B004692,1,1,2024-25
Q003701,2025-05-06,Instagram,B004738,1,1,2024-25
Q006666,2025-05-06,Website,,0,0,2024-25
Q006695,2025-05-06,Instagram,,0,0,2024-25
Q006791,2025-05-06,Referral,,0,0,2024-25
Q006919,2025-05-06,Referral,,0,0,2024-25
Q006933,2025-05-06,Hotel Partner,,0,0,2024-25
Q007018,2025-05-06,Referral,,0,0,2024-25
Q007105,2025-05-06,Instagram,,0,0,2024-25
Q007123,2025-05-06,Instagram,,0,0,2024-25
Q007518,2025-05-06,Instagram,,0,0,2024-25
Q007896,2025-05-06,Walk-in,,0,0,2024-25
Q008023,2025-05-06,Referral,,0,0,2024-25
Q003675,2025-05-07,Website,B004705,1,1,2024-25
Q003700,2025-05-07,OTA,B004737,0,1,2024-25
Q003717,2025-05-07,OTA,B004766,0,1,2024-25
Q006715,2025-05-07,Walk-in,,0,0,2024-25
Q006904,2025-05-07,Walk-in,,0,0,2024-25
Q007206,2025-05-07,Website,,0,0,2024-25
Q007277,2025-05-07,Instagram,,0,0,2024-25
Q007493,2025-05-07,OTA,,0,0,2024-25
Q008055,2025-05-07,Referral,,0,0,2024-25
Q008149,2025-05-07,OTA,,0,0,2024-25
Q008174,2025-05-07,Instagram,,0,0,2024-25
Q008467,2025-05-07,Walk-in,,0,0,2024-25
Q003659,2025-05-08,Walk-in,B004684,1,1,2024-25
Q006808,2025-05-08,Hotel Partner,,0,0,2024-25
Q007084,2025-05-08,OTA,,0,0,2024-25
Q007161,2025-05-08,Instagram,,0,0,2024-25
Q007306,2025-05-08,Referral,,0,0,2024-25
Q007805,2025-05-08,Referral,,0,0,2024-25
Q007994,2025-05-08,OTA,,0,0,2024-25
Q008375,2025-05-08,Instagram,,0,0,2024-25
Q003643,2025-05-09,OTA,B004665,0,1,2024-25
Q003679,2025-05-09,Website,B004711,1,1,2024-25
Q006496,2025-05-09,Walk-in,,0,0,2024-25
Q006546,2025-05-09,Website,,0,0,2024-25
Q006738,2025-05-09,Walk-in,,0,0,2024-25
Q007015,2025-05-09,Website,,0,0,2024-25
Q007118,2025-05-09,OTA,,0,0,2024-25
Q007405,2025-05-09,Walk-in,,0,0,2024-25
Q007933,2025-05-09,Referral,,0,0,2024-25
Q008071,2025-05-09,OTA,,0,0,2024-25
Q008189,2025-05-09,Website,,0,0,2024-25
Q008319,2025-05-09,Instagram,,0,0,2024-25
Q008350,2025-05-09,Instagram,,0,0,2024-25
Q006545,2025-05-10,OTA,,0,0,2024-25
Q006931,2025-05-10,OTA,,0,0,2024-25
Q006985,2025-05-10,Walk-in,,0,0,2024-25
Q007109,2025-05-10,Walk-in,,0,0,2024-25
Q007288,2025-05-10,OTA,,0,0,2024-25
Q007321,2025-05-10,Website,,0,0,2024-25
Q007416,2025-05-10,OTA,,0,0,2024-25
Q007471,2025-05-10,Website,,0,0,2024-25
Q007567,2025-05-10,Website,,0,0,2024-25
Q007735,2025-05-10,OTA,,0,0,2024-25
Q008018,2025-05-10,Walk-in,,0,0,2024-25
Q008137,2025-05-10,Walk-in,,0,0,2024-25
Q008172,2025-05-10,Website,,0,0,2024-25
Q008331,2025-05-10,OTA,,0,0,2024-25
Q003710,2025-05-11,OTA,B004756,0,1,2024-25
Q006525,2025-05-11,OTA,,0,0,2024-25
Q007028,2025-05-11,Hotel Partner,,0,0,2024-25
Q007075,2025-05-11,Hotel Partner,,0,0,2024-25
Q007198,2025-05-11,Referral,,0,0,2024-25
Q007345,2025-05-11,Walk-in,,0,0,2024-25
Q007399,2025-05-11,Instagram,,0,0,2024-25
Q007588,2025-05-11,Walk-in,,0,0,2024-25
Q007849,2025-05-11,Hotel Partner,,0,0,2024-25
Q007869,2025-05-11,Walk-in,,0,0,2024-25
Q007968,2025-05-11,Website,,0,0,2024-25
Q008061,2025-05-11,Website,,0,0,2024-25
Q003672,2025-05-12,Walk-in,B004702,1,1,2024-25
Q006569,2025-05-12,Referral,,0,0,2024-25
Q006760,2025-05-12,Instagram,,0,0,2024-25
Q006774,2025-05-12,Hotel Partner,,0,0,2024-25
Q006821,2025-05-12,Referral,,0,0,2024-25
Q006945,2025-05-12,Referral,,0,0,2024-25
Q007179,2025-05-12,Hotel Partner,,0,0,2024-25
Q007234,2025-05-12,Website,,0,0,2024-25
Q007239,2025-05-12,Website,,0,0,2024-25
Q007264,2025-05-12,Website,,0,0,2024-25
Q007278,2025-05-12,Walk-in,,0,0,2024-25
Q007360,2025-05-12,OTA,,0,0,2024-25
Q007436,2025-05-12,Walk-in,,0,0,2024-25
Q007709,2025-05-12,OTA,,0,0,2024-25
Q007969,2025-05-12,OTA,,0,0,2024-25
Q008002,2025-05-12,Instagram,,0,0,2024-25
Q008012,2025-05-12,Instagram,,0,0,2024-25
Q008082,2025-05-12,OTA,,0,0,2024-25
Q008204,2025-05-12,Instagram,,0,0,2024-25
Q008285,2025-05-12,OTA,,0,0,2024-25
Q003670,2025-05-13,Hotel Partner,B004697,1,1,2024-25
Q003708,2025-05-13,Referral,B004750,0,1,2024-25
Q006875,2025-05-13,OTA,,0,0,2024-25
Q007598,2025-05-13,OTA,,0,0,2024-25
Q008360,2025-05-13,Walk-in,,0,0,2024-25
Q006850,2025-05-14,Walk-in,,0,0,2024-25
Q007422,2025-05-14,Website,,0,0,2024-25
Q008050,2025-05-14,Hotel Partner,,0,0,2024-25
Q008301,2025-05-14,OTA,,0,0,2024-25
Q003741,2025-05-15,Walk-in,B004795,0,1,2024-25
Q006887,2025-05-15,Walk-in,,0,0,2024-25
Q006948,2025-05-15,Hotel Partner,,0,0,2024-25
Q007169,2025-05-15,Referral,,0,0,2024-25
Q007392,2025-05-15,Walk-in,,0,0,2024-25
Q007815,2025-05-15,Website,,0,0,2024-25
Q008466,2025-05-15,OTA,,0,0,2024-25
Q003661,2025-05-16,Referral,B004687,1,1,2024-25
Q003671,2025-05-16,Website,B004698,1,1,2024-25
Q003703,2025-05-16,Walk-in,B004740,1,1,2024-25
Q003730,2025-05-16,OTA,B004780,0,1,2024-25
Q006702,2025-05-16,Walk-in,,0,0,2024-25
Q006705,2025-05-16,Walk-in,,0,0,2024-25
Q006735,2025-05-16,Website,,0,0,2024-25
Q006748,2025-05-16,OTA,,0,0,2024-25
Q007119,2025-05-16,OTA,,0,0,2024-25
Q007318,2025-05-16,Referral,,0,0,2024-25
Q007505,2025-05-16,OTA,,0,0,2024-25
Q007515,2025-05-16,Instagram,,0,0,2024-25
Q007685,2025-05-16,Website,,0,0,2024-25
Q007902,2025-05-16,Walk-in,,0,0,2024-25
Q008162,2025-05-16,Website,,0,0,2024-25
Q008262,2025-05-16,Instagram,,0,0,2024-25
Q008415,2025-05-16,Referral,,0,0,2024-25
Q008495,2025-05-16,OTA,,0,0,2024-25
Q006690,2025-05-17,Instagram,,0,0,2024-25
Q006969,2025-05-17,Walk-in,,0,0,2024-25
Q007022,2025-05-17,Website,,0,0,2024-25
Q007125,2025-05-17,Walk-in,,0,0,2024-25
Q007426,2025-05-17,Hotel Partner,,0,0,2024-25
Q007711,2025-05-17,Walk-in,,0,0,2024-25
Q007783,2025-05-17,OTA,,0,0,2024-25
Q008243,2025-05-17,OTA,,0,0,2024-25
Q008359,2025-05-17,Website,,0,0,2024-25
Q008400,2025-05-17,OTA,,0,0,2024-25
Q006767,2025-05-18,OTA,,0,0,2024-25
Q006778,2025-05-18,Website,,0,0,2024-25
Q006963,2025-05-18,OTA,,0,0,2024-25
Q007359,2025-05-18,Website,,0,0,2024-25
Q007574,2025-05-18,Referral,,0,0,2024-25
Q007690,2025-05-18,OTA,,0,0,2024-25
Q007866,2025-05-18,Hotel Partner,,0,0,2024-25
Q008378,2025-05-18,OTA,,0,0,2024-25
Q008479,2025-05-18,Walk-in,,0,0,2024-25
Q003706,2025-05-19,Walk-in,B004748,1,1,2024-25
Q003719,2025-05-19,Hotel Partner,B004768,1,1,2024-25
Q003724,2025-05-19,OTA,B004773,0,1,2024-25
Q003737,2025-05-19,Walk-in,B004788,1,1,2024-25
Q007260,2025-05-19,Website,,0,0,2024-25
Q007538,2025-05-19,Walk-in,,0,0,2024-25
Q007825,2025-05-19,Hotel Partner,,0,0,2024-25
Q008036,2025-05-19,Walk-in,,0,0,2024-25
Q008224,2025-05-19,Referral,,0,0,2024-25
Q003726,2025-05-20,Website,B004776,0,1,2024-25
Q003728,2025-05-20,Hotel Partner,B004778,0,1,2024-25
Q006727,2025-05-20,Hotel Partner,,0,0,2024-25
Q006907,2025-05-20,Walk-in,,0,0,2024-25
Q007353,2025-05-20,Walk-in,,0,0,2024-25
Q007510,2025-05-20,Website,,0,0,2024-25
Q007720,2025-05-20,OTA,,0,0,2024-25
Q007845,2025-05-20,Walk-in,,0,0,2024-25
Q007931,2025-05-20,OTA,,0,0,2024-25
Q008226,2025-05-20,Website,,0,0,2024-25
Q008339,2025-05-20,OTA,,0,0,2024-25
Q003683,2025-05-21,Website,B004715,0,1,2024-25
Q003739,2025-05-21,Walk-in,B004792,1,1,2024-25
Q006655,2025-05-21,Website,,0,0,2024-25
Q006804,2025-05-21,Website,,0,0,2024-25
Q006882,2025-05-21,OTA,,0,0,2024-25
Q006988,2025-05-21,Website,,0,0,2024-25
Q007104,2025-05-21,Walk-in,,0,0,2024-25
Q008103,2025-05-21,Website,,0,0,2024-25
Q008256,2025-05-21,Referral,,0,0,2024-25
Q008484,2025-05-21,Website,,0,0,2024-25
Q006610,2025-05-22,Referral,,0,0,2024-25
Q006756,2025-05-22,Walk-in,,0,0,2024-25
Q006761,2025-05-22,Walk-in,,0,0,2024-25
Q006863,2025-05-22,Website,,0,0,2024-25
Q007077,2025-05-22,OTA,,0,0,2024-25
Q007305,2025-05-22,Instagram,,0,0,2024-25
Q007912,2025-05-22,Website,,0,0,2024-25
Q008201,2025-05-22,Referral,,0,0,2024-25
Q008291,2025-05-22,Website,,0,0,2024-25
Q003731,2025-05-23,OTA,B004781,0,1,2024-25
Q006497,2025-05-23,Referral,,0,0,2024-25
Q006712,2025-05-23,Hotel Partner,,0,0,2024-25
Q007050,2025-05-23,Website,,0,0,2024-25
Q007058,2025-05-23,Referral,,0,0,2024-25
Q007780,2025-05-23,Referral,,0,0,2024-25
Q007867,2025-05-23,Referral,,0,0,2024-25
Q008213,2025-05-23,Referral,,0,0,2024-25
Q008381,2025-05-23,Instagram,,0,0,2024-25
Q003733,2025-05-24,Walk-in,B004784,1,1,2024-25
Q006823,2025-05-24,Website,,0,0,2024-25
Q006959,2025-05-24,Instagram,,0,0,2024-25
Q007874,2025-05-24,Walk-in,,0,0,2024-25
Q008077,2025-05-24,OTA,,0,0,2024-25
Q008210,2025-05-24,Referral,,0,0,2024-25
Q008388,2025-05-24,OTA,,0,0,2024-25
Q006531,2025-05-25,Hotel Partner,,0,0,2024-25
Q006897,2025-05-25,Website,,0,0,2024-25
Q006939,2025-05-25,OTA,,0,0,2024-25
Q007106,2025-05-25,Hotel Partner,,0,0,2024-25
Q007287,2025-05-25,OTA,,0,0,2024-25
Q007619,2025-05-25,Hotel Partner,,0,0,2024-25
Q007736,2025-05-25,Hotel Partner,,0,0,2024-25
Q007959,2025-05-25,Instagram,,0,0,2024-25
Q008228,2025-05-25,Walk-in,,0,0,2024-25
Q008266,2025-05-25,Walk-in,,0,0,2024-25
Q008402,2025-05-25,Instagram,,0,0,2024-25
Q008459,2025-05-25,Walk-in,,0,0,2024-25
Q003721,2025-05-26,Instagram,B004770,1,1,2024-25
Q006556,2025-05-26,Website,,0,0,2024-25
Q006640,2025-05-26,Website,,0,0,2024-25
Q006880,2025-05-26,Walk-in,,0,0,2024-25
Q007195,2025-05-26,Walk-in,,0,0,2024-25
Q007528,2025-05-26,Website,,0,0,2024-25
Q008057,2025-05-26,Instagram,,0,0,2024-25
Q008139,2025-05-26,Referral,,0,0,2024-25
Q008437,2025-05-26,Website,,0,0,2024-25
Q003735,2025-05-27,OTA,B004786,0,1,2024-25
Q006773,2025-05-27,Website,,0,0,2024-25
Q007328,2025-05-27,Instagram,,0,0,2024-25
Q007865,2025-05-27,Referral,,0,0,2024-25
Q008064,2025-05-27,OTA,,0,0,2024-25
Q008457,2025-05-27,OTA,,0,0,2024-25
Q006539,2025-05-28,OTA,,0,0,2024-25
Q006574,2025-05-28,Instagram,,0,0,2024-25
Q006579,2025-05-28,OTA,,0,0,2024-25
Q006910,2025-05-28,Referral,,0,0,2024-25
Q006956,2025-05-28,Website,,0,0,2024-25
Q007396,2025-05-28,OTA,,0,0,2024-25
Q007442,2025-05-28,Hotel Partner,,0,0,2024-25
Q007657,2025-05-28,Walk-in,,0,0,2024-25
Q007777,2025-05-28,Referral,,0,0,2024-25
Q007806,2025-05-28,OTA,,0,0,2024-25
Q007879,2025-05-28,Walk-in,,0,0,2024-25
Q008394,2025-05-28,OTA,,0,0,2024-25
Q006534,2025-05-29,Website,,0,0,2024-25
Q006586,2025-05-29,Referral,,0,0,2024-25
Q006786,2025-05-29,Website,,0,0,2024-25
Q007065,2025-05-29,Referral,,0,0,2024-25
Q007131,2025-05-29,Walk-in,,0,0,2024-25
Q007184,2025-05-29,Referral,,0,0,2024-25
Q007828,2025-05-29,Hotel Partner,,0,0,2024-25
Q007895,2025-05-29,Referral,,0,0,2024-25
Q008239,2025-05-29,Walk-in,,0,0,2024-25
Q008327,2025-05-29,Walk-in,,0,0,2024-25
Q008490,2025-05-29,Hotel Partner,,0,0,2024-25
Q006653,2025-05-30,Walk-in,,0,0,2024-25
Q006675,2025-05-30,Walk-in,,0,0,2024-25
Q007117,2025-05-30,Website,,0,0,2024-25
Q007276,2025-05-30,Hotel Partner,,0,0,2024-25
Q007728,2025-05-30,Referral,,0,0,2024-25
Q007966,2025-05-30,OTA,,0,0,2024-25
Q008254,2025-05-30,Instagram,,0,0,2024-25
Q007404,2025-05-31,Walk-in,,0,0,2024-25
Q007441,2025-05-31,Referral,,0,0,2024-25
Q007577,2025-05-31,Referral,,0,0,2024-25
Q007648,2025-05-31,Website,,0,0,2024-25
Q008005,2025-05-31,OTA,,0,0,2024-25
Q008100,2025-05-31,Hotel Partner,,0,0,2024-25
Q008270,2025-05-31,Instagram,,0,0,2024-25
Q008296,2025-05-31,Hotel Partner,,0,0,2024-25
Q003732,2025-06-02,OTA,B004782,0,1,2025-26
Q003742,2025-06-04,OTA,B004796,0,1,2025-26
Q003745,2025-06-04,OTA,B004800,0,1,2025-26
Q003753,2025-07-31,Walk-in,B004810,1,1,2025-26
Q003762,2025-08-01,OTA,B004822,0,1,2025-26
Q003764,2025-08-05,Walk-in,B004824,0,1,2025-26
Q003749,2025-08-06,OTA,B004806,0,1,2025-26
Q003782,2025-08-08,OTA,B004847,0,1,2025-26
Q003772,2025-08-09,Walk-in,B004833,0,1,2025-26
Q003752,2025-08-13,Instagram,B004809,1,1,2025-26
Q003852,2025-08-13,Referral,B004940,1,1,2025-26
Q003809,2025-08-14,Website,B004880,1,1,2025-26
Q003864,2025-08-14,Website,B004956,0,1,2025-26
Q003769,2025-08-15,Website,B004830,0,1,2025-26
Q003808,2025-08-15,OTA,B004878,1,1,2025-26
Q003819,2025-08-16,Website,B004893,0,1,2025-26
Q003767,2025-08-17,OTA,B004828,0,1,2025-26
Q003801,2025-08-17,Referral,B004871,0,1,2025-26
Q003756,2025-08-18,OTA,B004814,0,1,2025-26
Q003792,2025-08-18,Instagram,B004860,1,1,2025-26
Q003804,2025-08-18,OTA,B004874,1,1,2025-26
Q003757,2025-08-19,Referral,B004815,0,1,2025-26
Q003800,2025-08-19,OTA,B004870,0,1,2025-26
Q003841,2025-08-19,Walk-in,B004922,1,1,2025-26
Q003858,2025-08-20,OTA,B004949,1,1,2025-26
Q003884,2025-08-22,Website,B004980,1,1,2025-26
Q003748,2025-08-23,Referral,B004804,1,1,2025-26
Q003911,2025-08-23,Instagram,B005013,0,1,2025-26
Q003760,2025-08-24,Website,B004818,0,1,2025-26
Q003773,2025-08-24,Walk-in,B004834,0,1,2025-26
Q003790,2025-08-24,Hotel Partner,B004858,0,1,2025-26
Q003803,2025-08-24,Walk-in,B004873,1,1,2025-26
Q003891,2025-08-24,OTA,B004988,0,1,2025-26
Q003927,2025-08-24,Website,B005032,0,1,2025-26
Q003774,2025-08-25,OTA,B004835,1,1,2025-26
Q003814,2025-08-25,Instagram,B004887,1,1,2025-26
Q003794,2025-08-26,Walk-in,B004864,1,1,2025-26
Q003802,2025-08-26,Referral,B004872,1,1,2025-26
Q003848,2025-08-26,Walk-in,B004932,1,1,2025-26
Q003815,2025-08-27,Hotel Partner,B004888,1,1,2025-26
Q003871,2025-08-27,OTA,B004963,0,1,2025-26
Q003827,2025-08-28,Website,B004902,1,1,2025-26
Q003967,2025-08-28,Referral,B005087,1,1,2025-26
Q003799,2025-08-29,Referral,B004869,0,1,2025-26
Q003825,2025-08-29,Hotel Partner,B004901,1,1,2025-26
Q003771,2025-08-30,Walk-in,B004832,1,1,2025-26
Q003807,2025-08-30,Website,B004877,1,1,2025-26
Q003828,2025-08-30,Walk-in,B004904,1,1,2025-26
Q003844,2025-08-30,OTA,B004928,1,1,2025-26
Q003853,2025-08-30,Walk-in,B004941,1,1,2025-26
Q003876,2025-08-30,Hotel Partner,B004970,1,1,2025-26
Q003943,2025-08-30,OTA,B005053,0,1,2025-26
Q003908,2025-08-31,Website,B005010,0,1,2025-26
Q003949,2025-08-31,Instagram,B005062,0,1,2025-26
Q003758,2025-09-01,Walk-in,B004816,0,1,2025-26
Q003770,2025-09-01,Instagram,B004831,0,1,2025-26
Q003787,2025-09-01,Instagram,B004853,1,1,2025-26
Q003798,2025-09-01,OTA,B004868,1,1,2025-26
Q003935,2025-09-01,Referral,B005043,1,1,2025-26
Q003765,2025-09-02,Referral,B004825,0,1,2025-26
Q003766,2025-09-02,Hotel Partner,B004827,0,1,2025-26
Q003829,2025-09-02,OTA,B004905,1,1,2025-26
Q003869,2025-09-02,OTA,B004961,0,1,2025-26
Q003870,2025-09-02,OTA,B004962,0,1,2025-26
Q003885,2025-09-02,Website,B004981,1,1,2025-26
Q003751,2025-09-03,Website,B004808,1,1,2025-26
Q003840,2025-09-03,Website,B004921,1,1,2025-26
Q003845,2025-09-03,Website,B004929,1,1,2025-26
Q003887,2025-09-03,Referral,B004984,1,1,2025-26
Q004000,2025-09-03,Instagram,B005130,0,1,2025-26
Q003938,2025-09-04,Referral,B005047,1,1,2025-26
Q003755,2025-09-05,Website,B004813,0,1,2025-26
Q003791,2025-09-05,Website,B004859,1,1,2025-26
Q003895,2025-09-05,OTA,B004992,1,1,2025-26
Q003750,2025-09-06,OTA,B004807,1,1,2025-26
Q003768,2025-09-06,OTA,B004829,0,1,2025-26
Q003812,2025-09-06,Walk-in,B004883,1,1,2025-26
Q003883,2025-09-06,Website,B004979,1,1,2025-26
Q003974,2025-09-06,Walk-in,B005095,0,1,2025-26
Q003793,2025-09-07,Instagram,B004861,1,1,2025-26
Q003831,2025-09-07,Website,B004908,0,1,2025-26
Q003879,2025-09-07,OTA,B004975,1,1,2025-26
Q003910,2025-09-07,Instagram,B005012,1,1,2025-26
Q003805,2025-09-08,Walk-in,B004875,1,1,2025-26
Q003854,2025-09-08,Walk-in,B004942,1,1,2025-26
Q004033,2025-09-08,OTA,B005171,0,1,2025-26
Q003754,2025-09-09,Referral,B004812,0,1,2025-26
Q003823,2025-09-09,Referral,B004899,1,1,2025-26
Q003865,2025-09-09,Instagram,B004957,0,1,2025-26
Q003874,2025-09-09,Hotel Partner,B004968,0,1,2025-26
Q003915,2025-09-09,Referral,B005017,1,1,2025-26
Q003932,2025-09-09,Website,B005038,1,1,2025-26
Q003960,2025-09-09,Website,B005077,1,1,2025-26
Q003781,2025-09-10,OTA,B004846,1,1,2025-26
Q003796,2025-09-10,Referral,B004866,1,1,2025-26
Q003843,2025-09-10,OTA,B004925,1,1,2025-26
Q003898,2025-09-10,Website,B004997,0,1,2025-26
Q003973,2025-09-10,Instagram,B005094,1,1,2025-26
Q003861,2025-09-11,Hotel Partner,B004953,1,1,2025-26
Q003971,2025-09-11,Website,B005091,1,1,2025-26
Q003784,2025-09-12,Referral,B004850,1,1,2025-26
Q003786,2025-09-12,OTA,B004852,1,1,2025-26
Q003832,2025-09-12,OTA,B004909,1,1,2025-26
Q003886,2025-09-12,Instagram,B004983,1,1,2025-26
Q003893,2025-09-12,Instagram,B004990,1,1,2025-26
Q003899,2025-09-12,OTA,B004999,1,1,2025-26
Q003925,2025-09-12,OTA,B005030,1,1,2025-26
Q003934,2025-09-12,Instagram,B005040,1,1,2025-26
Q003958,2025-09-12,OTA,B005075,1,1,2025-26
Q003777,2025-09-13,OTA,B004840,0,1,2025-26
Q003824,2025-09-13,OTA,B004900,1,1,2025-26
Q003830,2025-09-13,Referral,B004906,1,1,2025-26
Q003759,2025-09-14,Walk-in,B004817,0,1,2025-26
Q003813,2025-09-14,Referral,B004885,1,1,2025-26
Q003820,2025-09-14,Referral,B004895,1,1,2025-26
Q003947,2025-09-14,OTA,B005060,0,1,2025-26
Q003761,2025-09-15,Walk-in,B004821,0,1,2025-26
Q003779,2025-09-15,Website,B004842,1,1,2025-26
Q003849,2025-09-15,Walk-in,B004933,1,1,2025-26
Q003866,2025-09-15,Website,B004958,0,1,2025-26
Q003878,2025-09-15,Hotel Partner,B004974,1,1,2025-26
Q003785,2025-09-16,Website,B004851,1,1,2025-26
Q003795,2025-09-16,Website,B004865,1,1,2025-26
Q003839,2025-09-16,Website,B004919,1,1,2025-26
Q003847,2025-09-16,Referral,B004931,1,1,2025-26
Q003851,2025-09-16,Walk-in,B004938,1,1,2025-26
Q003888,2025-09-16,Walk-in,B004985,1,1,2025-26
Q003904,2025-09-16,Instagram,B005004,1,1,2025-26
Q003909,2025-09-16,Referral,B005011,1,1,2025-26
Q003920,2025-09-16,Instagram,B005023,1,1,2025-26
Q003926,2025-09-16,OTA,B005031,1,1,2025-26
Q003984,2025-09-16,Website,B005110,1,1,2025-26
Q003833,2025-09-17,OTA,B004910,1,1,2025-26
Q003837,2025-09-17,Walk-in,B004916,0,1,2025-26
Q003902,2025-09-17,Walk-in,B005002,1,1,2025-26
Q003907,2025-09-17,Website,B005008,1,1,2025-26
Q003923,2025-09-17,Walk-in,B005026,1,1,2025-26
Q004023,2025-09-17,OTA,B005159,1,1,2025-26
Q003763,2025-09-18,Referral,B004823,0,1,2025-26
Q003783,2025-09-18,Instagram,B004848,1,1,2025-26
Q003862,2025-09-18,Walk-in,B004954,1,1,2025-26
Q003882,2025-09-18,OTA,B004978,0,1,2025-26
Q003921,2025-09-18,OTA,B005024,0,1,2025-26
Q003977,2025-09-18,Instagram,B005098,0,1,2025-26
Q004029,2025-09-18,OTA,B005166,0,1,2025-26
Q003836,2025-09-19,Website,B004915,0,1,2025-26
Q003872,2025-09-19,OTA,B004964,1,1,2025-26
Q003889,2025-09-19,Referral,B004986,1,1,2025-26
Q003894,2025-09-19,Instagram,B004991,1,1,2025-26
Q003914,2025-09-19,OTA,B005016,1,1,2025-26
Q003931,2025-09-19,Hotel Partner,B005036,0,1,2025-26
Q003954,2025-09-19,Hotel Partner,B005070,0,1,2025-26
Q003963,2025-09-19,OTA,B005081,1,1,2025-26
Q003789,2025-09-20,Hotel Partner,B004857,1,1,2025-26
Q003877,2025-09-20,OTA,B004971,0,1,2025-26
Q003961,2025-09-20,Website,B005079,1,1,2025-26
Q003969,2025-09-20,OTA,B005089,1,1,2025-26
Q004004,2025-09-20,OTA,B005134,1,1,2025-26
Q004012,2025-09-20,Walk-in,B005146,1,1,2025-26
Q004046,2025-09-20,Walk-in,B005184,1,1,2025-26
Q004106,2025-09-20,Referral,B005267,1,1,2025-26
Q003939,2025-09-21,OTA,B005048,1,1,2025-26
Q003944,2025-09-21,Instagram,B005055,1,1,2025-26
Q003990,2025-09-21,OTA,B005119,1,1,2025-26
Q003991,2025-09-21,Walk-in,B005120,1,1,2025-26
Q003806,2025-09-22,Hotel Partner,B004876,1,1,2025-26
Q003834,2025-09-22,OTA,B004911,0,1,2025-26
Q003855,2025-09-22,OTA,B004943,1,1,2025-26
Q003966,2025-09-22,OTA,B005084,1,1,2025-26
Q003970,2025-09-22,Referral,B005090,0,1,2025-26
Q004006,2025-09-22,Walk-in,B005137,1,1,2025-26
Q004018,2025-09-22,Walk-in,B005153,1,1,2025-26
Q004019,2025-09-22,Referral,B005154,1,1,2025-26
Q004051,2025-09-22,Referral,B005191,1,1,2025-26
Q004121,2025-09-22,Hotel Partner,B005286,1,1,2025-26
Q003775,2025-09-23,Instagram,B004838,1,1,2025-26
Q003850,2025-09-23,OTA,B004934,0,1,2025-26
Q003924,2025-09-23,OTA,B005029,1,1,2025-26
Q004066,2025-09-23,OTA,B005209,0,1,2025-26
Q003816,2025-09-24,Website,B004889,1,1,2025-26
Q003846,2025-09-24,OTA,B004930,1,1,2025-26
Q003897,2025-09-24,Website,B004994,0,1,2025-26
Q003818,2025-09-25,OTA,B004892,0,1,2025-26
Q003916,2025-09-25,OTA,B005019,1,1,2025-26
Q003941,2025-09-25,Walk-in,B005050,1,1,2025-26
Q004022,2025-09-25,Referral,B005158,0,1,2025-26
Q004095,2025-09-25,Walk-in,B005254,1,1,2025-26
Q003780,2025-09-26,Website,B004843,0,1,2025-26
Q003817,2025-09-26,Walk-in,B004891,1,1,2025-26
Q003822,2025-09-26,Walk-in,B004898,1,1,2025-26
Q003856,2025-09-26,Website,B004944,0,1,2025-26
Q003859,2025-09-26,Instagram,B004950,1,1,2025-26
Q003940,2025-09-26,Walk-in,B005049,0,1,2025-26
Q003776,2025-09-27,Website,B004839,1,1,2025-26
Q003863,2025-09-27,Instagram,B004955,1,1,2025-26
Q004050,2025-09-27,Hotel Partner,B005189,1,1,2025-26
Q004085,2025-09-27,Walk-in,B005238,1,1,2025-26
Q004109,2025-09-27,OTA,B005270,1,1,2025-26
Q004153,2025-09-27,Website,B005325,0,1,2025-26
Q003788,2025-09-28,OTA,B004855,1,1,2025-26
Q003860,2025-09-28,Referral,B004952,0,1,2025-26
Q003867,2025-09-28,Walk-in,B004959,1,1,2025-26
Q003868,2025-09-28,OTA,B004960,0,1,2025-26
Q003896,2025-09-28,OTA,B004993,1,1,2025-26
Q003936,2025-09-28,Walk-in,B005044,1,1,2025-26
Q003965,2025-09-28,Website,B005083,1,1,2025-26
Q003978,2025-09-28,OTA,B005100,0,1,2025-26
Q004024,2025-09-28,Hotel Partner,B005160,0,1,2025-26
Q003797,2025-09-29,Walk-in,B004867,0,1,2025-26
Q003810,2025-09-29,Walk-in,B004881,1,1,2025-26
Q003821,2025-09-29,OTA,B004896,1,1,2025-26
Q003880,2025-09-29,OTA,B004976,0,1,2025-26
Q003906,2025-09-29,Hotel Partner,B005006,0,1,2025-26
Q004034,2025-09-29,OTA,B005172,0,1,2025-26
Q004072,2025-09-29,Website,B005218,0,1,2025-26
Q004077,2025-09-29,Website,B005226,1,1,2025-26
Q004140,2025-09-29,Walk-in,B005310,0,1,2025-26
Q003842,2025-09-30,Referral,B004923,1,1,2025-26
Q003929,2025-09-30,Website,B005034,0,1,2025-26
Q003983,2025-09-30,OTA,B005106,0,1,2025-26
Q004092,2025-09-30,Walk-in,B005248,1,1,2025-26
Q004154,2025-09-30,Walk-in,B005329,1,1,2025-26
Q003811,2025-10-01,OTA,B004882,1,1,2025-26
Q003875,2025-10-01,Walk-in,B004969,1,1,2025-26
Q003905,2025-10-01,OTA,B005005,1,1,2025-26
Q003995,2025-10-01,Instagram,B005124,0,1,2025-26
Q003998,2025-10-01,Referral,B005128,1,1,2025-26
Q004136,2025-10-01,OTA,B005306,1,1,2025-26
Q008958,2025-10-01,Instagram,,0,0,2025-26
Q008962,2025-10-01,OTA,,0,0,2025-26
Q009436,2025-10-01,Walk-in,,0,0,2025-26
Q009602,2025-10-01,Website,,0,0,2025-26
Q009892,2025-10-01,OTA,,0,0,2025-26
Q010209,2025-10-01,Hotel Partner,,0,0,2025-26
Q010268,2025-10-01,OTA,,0,0,2025-26
Q010531,2025-10-01,Website,,0,0,2025-26
Q010703,2025-10-01,Instagram,,0,0,2025-26
Q003903,2025-10-02,Website,B005003,1,1,2025-26
Q003975,2025-10-02,Walk-in,B005096,0,1,2025-26
Q004002,2025-10-02,OTA,B005132,0,1,2025-26
Q004049,2025-10-02,Instagram,B005188,1,1,2025-26
Q004105,2025-10-02,Referral,B005266,0,1,2025-26
Q004172,2025-10-02,OTA,B005352,0,1,2025-26
Q008653,2025-10-02,OTA,,0,0,2025-26
Q008799,2025-10-02,OTA,,0,0,2025-26
Q008912,2025-10-02,Website,,0,0,2025-26
Q008923,2025-10-02,Website,,0,0,2025-26
Q009505,2025-10-02,OTA,,0,0,2025-26
Q009954,2025-10-02,Walk-in,,0,0,2025-26
Q010047,2025-10-02,OTA,,0,0,2025-26
Q010148,2025-10-02,Website,,0,0,2025-26
Q010682,2025-10-02,OTA,,0,0,2025-26
Q003928,2025-10-03,Walk-in,B005033,1,1,2025-26
Q003930,2025-10-03,Hotel Partner,B005035,1,1,2025-26
Q003985,2025-10-03,OTA,B005111,1,1,2025-26
Q004039,2025-10-03,Website,B005177,1,1,2025-26
Q004064,2025-10-03,Website,B005206,1,1,2025-26
Q004101,2025-10-03,OTA,B005262,0,1,2025-26
Q008853,2025-10-03,OTA,,0,0,2025-26
Q009072,2025-10-03,Walk-in,,0,0,2025-26
Q009819,2025-10-03,Website,,0,0,2025-26
Q009860,2025-10-03,Website,,0,0,2025-26
Q009917,2025-10-03,Website,,0,0,2025-26
Q009993,2025-10-03,Instagram,,0,0,2025-26
Q010121,2025-10-03,Instagram,,0,0,2025-26
Q010359,2025-10-03,Website,,0,0,2025-26
Q010617,2025-10-03,Instagram,,0,0,2025-26
Q003778,2025-10-04,OTA,B004841,0,1,2025-26
Q003857,2025-10-04,OTA,B004945,0,1,2025-26
Q003881,2025-10-04,Website,B004977,1,1,2025-26
Q003957,2025-10-04,Instagram,B005074,1,1,2025-26
Q003962,2025-10-04,Walk-in,B005080,1,1,2025-26
Q004042,2025-10-04,OTA,B005180,1,1,2025-26
Q004043,2025-10-04,Website,B005181,0,1,2025-26
Q008864,2025-10-04,Instagram,,0,0,2025-26
Q008972,2025-10-04,Walk-in,,0,0,2025-26
Q009773,2025-10-04,Walk-in,,0,0,2025-26
Q009774,2025-10-04,Hotel Partner,,0,0,2025-26
Q009844,2025-10-04,Walk-in,,0,0,2025-26
Q010063,2025-10-04,Walk-in,,0,0,2025-26
Q010658,2025-10-04,OTA,,0,0,2025-26
Q010716,2025-10-04,Walk-in,,0,0,2025-26
Q010767,2025-10-04,Website,,0,0,2025-26
Q003873,2025-10-05,OTA,B004967,0,1,2025-26
Q003919,2025-10-05,Hotel Partner,B005022,1,1,2025-26
Q003937,2025-10-05,Website,B005045,1,1,2025-26
Q003951,2025-10-05,Walk-in,B005065,0,1,2025-26
Q004015,2025-10-05,Hotel Partner,B005149,1,1,2025-26
Q004086,2025-10-05,OTA,B005239,1,1,2025-26
Q008670,2025-10-05,OTA,,0,0,2025-26
Q009027,2025-10-05,OTA,,0,0,2025-26
Q009031,2025-10-05,Instagram,,0,0,2025-26
Q009308,2025-10-05,Instagram,,0,0,2025-26
Q009776,2025-10-05,Referral,,0,0,2025-26
Q009968,2025-10-05,Instagram,,0,0,2025-26
Q010265,2025-10-05,OTA,,0,0,2025-26
Q010614,2025-10-05,Referral,,0,0,2025-26
Q010688,2025-10-05,OTA,,0,0,2025-26
Q010698,2025-10-05,Referral,,0,0,2025-26
Q003835,2025-10-06,Walk-in,B004914,1,1,2025-26
Q003838,2025-10-06,OTA,B004918,0,1,2025-26
Q003948,2025-10-06,Walk-in,B005061,0,1,2025-26
Q004005,2025-10-06,OTA,B005136,1,1,2025-26
Q004147,2025-10-06,Hotel Partner,B005318,1,1,2025-26
Q008602,2025-10-06,Instagram,,0,0,2025-26
Q008774,2025-10-06,Hotel Partner,,0,0,2025-26
Q008950,2025-10-06,Instagram,,0,0,2025-26
Q009456,2025-10-06,Website,,0,0,2025-26
Q010036,2025-10-06,Walk-in,,0,0,2025-26
Q010067,2025-10-06,Walk-in,,0,0,2025-26
Q010267,2025-10-06,Hotel Partner,,0,0,2025-26
Q010335,2025-10-06,OTA,,0,0,2025-26
Q010628,2025-10-06,Website,,0,0,2025-26
Q010639,2025-10-06,Walk-in,,0,0,2025-26
Q010769,2025-10-06,OTA,,0,0,2025-26
Q003900,2025-10-07,OTA,B005000,1,1,2025-26
Q003959,2025-10-07,Website,B005076,1,1,2025-26
Q003982,2025-10-07,OTA,B005104,0,1,2025-26
Q004011,2025-10-07,Hotel Partner,B005144,1,1,2025-26
Q004032,2025-10-07,Referral,B005169,1,1,2025-26
Q004234,2025-10-07,Referral,B005433,1,1,2025-26
Q008512,2025-10-07,Instagram,,0,0,2025-26
Q009143,2025-10-07,Walk-in,,0,0,2025-26
Q009675,2025-10-07,OTA,,0,0,2025-26
Q009906,2025-10-07,OTA,,0,0,2025-26
Q010056,2025-10-07,Referral,,0,0,2025-26
Q010150,2025-10-07,Hotel Partner,,0,0,2025-26
Q010580,2025-10-07,Walk-in,,0,0,2025-26
Q003890,2025-10-08,Referral,B004987,1,1,2025-26
Q003901,2025-10-08,OTA,B005001,1,1,2025-26
Q003950,2025-10-08,OTA,B005064,0,1,2025-26
Q003993,2025-10-08,Instagram,B005122,1,1,2025-26
Q004036,2025-10-08,OTA,B005174,0,1,2025-26
Q004041,2025-10-08,Walk-in,B005179,0,1,2025-26
Q004098,2025-10-08,Website,B005259,1,1,2025-26
Q004142,2025-10-08,Walk-in,B005312,1,1,2025-26
Q004150,2025-10-08,OTA,B005321,0,1,2025-26
Q008698,2025-10-08,Instagram,,0,0,2025-26
Q008707,2025-10-08,OTA,,0,0,2025-26
Q008804,2025-10-08,Website,,0,0,2025-26
Q009089,2025-10-08,Website,,0,0,2025-26
Q009129,2025-10-08,Hotel Partner,,0,0,2025-26
Q009324,2025-10-08,Hotel Partner,,0,0,2025-26
Q009334,2025-10-08,Walk-in,,0,0,2025-26
Q009494,2025-10-08,Referral,,0,0,2025-26
Q009709,2025-10-08,OTA,,0,0,2025-26
Q010154,2025-10-08,OTA,,0,0,2025-26
Q010223,2025-10-08,Website,,0,0,2025-26
Q010725,2025-10-08,OTA,,0,0,2025-26
Q010727,2025-10-08,Referral,,0,0,2025-26
Q003918,2025-10-09,Walk-in,B005021,1,1,2025-26
Q004030,2025-10-09,Walk-in,B005167,0,1,2025-26
Q004108,2025-10-09,Website,B005269,0,1,2025-26
Q004114,2025-10-09,OTA,B005278,1,1,2025-26
Q004117,2025-10-09,Referral,B005282,0,1,2025-26
Q008536,2025-10-09,Website,,0,0,2025-26
Q009915,2025-10-09,OTA,,0,0,2025-26
Q010172,2025-10-09,Instagram,,0,0,2025-26
Q010195,2025-10-09,Walk-in,,0,0,2025-26
Q010198,2025-10-09,OTA,,0,0,2025-26
Q010242,2025-10-09,Instagram,,0,0,2025-26
Q010394,2025-10-09,OTA,,0,0,2025-26
Q010635,2025-10-09,Walk-in,,0,0,2025-26
Q010706,2025-10-09,Walk-in,,0,0,2025-26
Q002032,2025-10-10,OTA,B004894,1,1,2025-26
Q003945,2025-10-10,OTA,B005056,1,1,2025-26
Q003952,2025-10-10,Website,B005067,1,1,2025-26
Q003955,2025-10-10,Hotel Partner,B005072,0,1,2025-26
Q003996,2025-10-10,Referral,B005125,0,1,2025-26
Q004016,2025-10-10,Website,B005150,1,1,2025-26
Q004055,2025-10-10,Instagram,B005195,0,1,2025-26
Q004074,2025-10-10,Referral,B005221,1,1,2025-26
Q004118,2025-10-10,Website,B005283,0,1,2025-26
Q004130,2025-10-10,OTA,B005297,1,1,2025-26
Q004274,2025-10-10,Hotel Partner,B005478,1,1,2025-26
Q008501,2025-10-10,Walk-in,,0,0,2025-26
Q008741,2025-10-10,Website,,0,0,2025-26
Q008842,2025-10-10,OTA,,0,0,2025-26
Q008880,2025-10-10,OTA,,0,0,2025-26
Q009317,2025-10-10,Hotel Partner,,0,0,2025-26
Q009500,2025-10-10,Instagram,,0,0,2025-26
Q009535,2025-10-10,OTA,,0,0,2025-26
Q009758,2025-10-10,Hotel Partner,,0,0,2025-26
Q009845,2025-10-10,OTA,,0,0,2025-26
Q010076,2025-10-10,OTA,,0,0,2025-26
Q010328,2025-10-10,Walk-in,,0,0,2025-26
Q010497,2025-10-10,Walk-in,,0,0,2025-26
Q010519,2025-10-10,OTA,,0,0,2025-26
Q010729,2025-10-10,Hotel Partner,,0,0,2025-26
Q003922,2025-10-11,OTA,B005025,1,1,2025-26
Q003979,2025-10-11,OTA,B005101,0,1,2025-26
Q004160,2025-10-11,Website,B005336,1,1,2025-26
Q004236,2025-10-11,Website,B005435,1,1,2025-26
Q004249,2025-10-11,Website,B005449,1,1,2025-26
Q008705,2025-10-11,Instagram,,0,0,2025-26
Q008721,2025-10-11,Instagram,,0,0,2025-26
Q008847,2025-10-11,Walk-in,,0,0,2025-26
Q009183,2025-10-11,OTA,,0,0,2025-26
Q009198,2025-10-11,Instagram,,0,0,2025-26
Q009859,2025-10-11,Referral,,0,0,2025-26
Q010419,2025-10-11,OTA,,0,0,2025-26
Q003913,2025-10-12,OTA,B005015,1,1,2025-26
Q003917,2025-10-12,Walk-in,B005020,1,1,2025-26
Q004031,2025-10-12,Instagram,B005168,1,1,2025-26
Q004060,2025-10-12,Hotel Partner,B005201,0,1,2025-26
Q004191,2025-10-12,Instagram,B005376,1,1,2025-26
Q004192,2025-10-12,OTA,B005378,1,1,2025-26
Q004221,2025-10-12,Instagram,B005415,0,1,2025-26
Q008762,2025-10-12,Walk-in,,0,0,2025-26
Q009517,2025-10-12,Instagram,,0,0,2025-26
Q009552,2025-10-12,Website,,0,0,2025-26
Q009755,2025-10-12,Website,,0,0,2025-26
Q010005,2025-10-12,Website,,0,0,2025-26
Q010459,2025-10-12,OTA,,0,0,2025-26
Q010586,2025-10-12,Walk-in,,0,0,2025-26
Q010771,2025-10-12,Instagram,,0,0,2025-26
Q003968,2025-10-13,OTA,B005088,1,1,2025-26
Q003972,2025-10-13,OTA,B005092,1,1,2025-26
Q003987,2025-10-13,OTA,B005116,0,1,2025-26
Q003989,2025-10-13,OTA,B005118,0,1,2025-26
Q004027,2025-10-13,OTA,B005164,0,1,2025-26
Q004048,2025-10-13,Website,B005186,0,1,2025-26
Q004082,2025-10-13,OTA,B005232,0,1,2025-26
Q004103,2025-10-13,Website,B005264,1,1,2025-26
Q004164,2025-10-13,Instagram,B005341,1,1,2025-26
Q008655,2025-10-13,OTA,,0,0,2025-26
Q008768,2025-10-13,OTA,,0,0,2025-26
Q008828,2025-10-13,Hotel Partner,,0,0,2025-26
Q009039,2025-10-13,Instagram,,0,0,2025-26
Q009065,2025-10-13,Walk-in,,0,0,2025-26
Q009247,2025-10-13,Walk-in,,0,0,2025-26
Q009283,2025-10-13,OTA,,0,0,2025-26
Q009310,2025-10-13,Website,,0,0,2025-26
Q009553,2025-10-13,Referral,,0,0,2025-26
Q009567,2025-10-13,OTA,,0,0,2025-26
Q009704,2025-10-13,Website,,0,0,2025-26
Q010422,2025-10-13,Walk-in,,0,0,2025-26
Q003980,2025-10-14,OTA,B005102,0,1,2025-26
Q003981,2025-10-14,Website,B005103,0,1,2025-26
Q004065,2025-10-14,OTA,B005208,0,1,2025-26
Q004135,2025-10-14,Walk-in,B005304,1,1,2025-26
Q004158,2025-10-14,OTA,B005334,1,1,2025-26
Q004222,2025-10-14,Instagram,B005416,1,1,2025-26
Q008588,2025-10-14,Website,,0,0,2025-26
Q008658,2025-10-14,OTA,,0,0,2025-26
Q008714,2025-10-14,OTA,,0,0,2025-26
Q009446,2025-10-14,Instagram,,0,0,2025-26
Q009869,2025-10-14,OTA,,0,0,2025-26
Q010368,2025-10-14,OTA,,0,0,2025-26
Q010544,2025-10-14,Website,,0,0,2025-26
Q010779,2025-10-14,Walk-in,,0,0,2025-26
Q003976,2025-10-15,Website,B005097,0,1,2025-26
Q004020,2025-10-15,Walk-in,B005156,1,1,2025-26
Q004081,2025-10-15,Referral,B005231,0,1,2025-26
Q004100,2025-10-15,Instagram,B005261,0,1,2025-26
Q004177,2025-10-15,OTA,B005358,1,1,2025-26
Q008836,2025-10-15,OTA,,0,0,2025-26
Q008944,2025-10-15,Walk-in,,0,0,2025-26
Q009703,2025-10-15,OTA,,0,0,2025-26
Q010072,2025-10-15,Hotel Partner,,0,0,2025-26
Q003892,2025-10-16,OTA,B004989,1,1,2025-26
Q003912,2025-10-16,Hotel Partner,B005014,0,1,2025-26
Q003956,2025-10-16,Walk-in,B005073,1,1,2025-26
Q004001,2025-10-16,Walk-in,B005131,1,1,2025-26
Q004045,2025-10-16,Hotel Partner,B005183,1,1,2025-26
Q004073,2025-10-16,Hotel Partner,B005220,1,1,2025-26
Q004088,2025-10-16,OTA,B005242,1,1,2025-26
Q004091,2025-10-16,Referral,B005247,1,1,2025-26
Q004139,2025-10-16,Referral,B005309,1,1,2025-26
Q004211,2025-10-16,Walk-in,B005402,0,1,2025-26
Q004269,2025-10-16,Walk-in,B005472,1,1,2025-26
Q004289,2025-10-16,Instagram,B005497,0,1,2025-26
Q008555,2025-10-16,OTA,,0,0,2025-26
Q009316,2025-10-16,Referral,,0,0,2025-26
Q009340,2025-10-16,Website,,0,0,2025-26
Q009723,2025-10-16,Walk-in,,0,0,2025-26
Q010320,2025-10-16,OTA,,0,0,2025-26
Q010740,2025-10-16,OTA,,0,0,2025-26
Q004010,2025-10-17,Referral,B005143,1,1,2025-26
Q004059,2025-10-17,Instagram,B005199,0,1,2025-26
Q004107,2025-10-17,OTA,B005268,1,1,2025-26
Q004186,2025-10-17,Walk-in,B005370,1,1,2025-26
Q004193,2025-10-17,OTA,B005379,0,1,2025-26
Q004232,2025-10-17,Hotel Partner,B005431,1,1,2025-26
Q004253,2025-10-17,Referral,B005453,1,1,2025-26
Q004303,2025-10-17,OTA,B005514,0,1,2025-26
Q009127,2025-10-17,OTA,,0,0,2025-26
Q009329,2025-10-17,OTA,,0,0,2025-26
Q009653,2025-10-17,Walk-in,,0,0,2025-26
Q010568,2025-10-17,Walk-in,,0,0,2025-26
Q010570,2025-10-17,Website,,0,0,2025-26
Q010710,2025-10-17,OTA,,0,0,2025-26
Q010784,2025-10-17,Website,,0,0,2025-26
Q003946,2025-10-18,Referral,B005057,0,1,2025-26
Q004099,2025-10-18,Hotel Partner,B005260,1,1,2025-26
Q004102,2025-10-18,Instagram,B005263,0,1,2025-26
Q004182,2025-10-18,Referral,B005363,1,1,2025-26
Q004228,2025-10-18,Referral,B005425,1,1,2025-26
Q004285,2025-10-18,OTA,B005493,0,1,2025-26
Q008964,2025-10-18,OTA,,0,0,2025-26
Q009225,2025-10-18,Walk-in,,0,0,2025-26
Q009510,2025-10-18,OTA,,0,0,2025-26
Q009533,2025-10-18,Referral,,0,0,2025-26
Q009747,2025-10-18,OTA,,0,0,2025-26
Q010240,2025-10-18,Walk-in,,0,0,2025-26
Q010406,2025-10-18,Website,,0,0,2025-26
Q010529,2025-10-18,Website,,0,0,2025-26
Q010669,2025-10-18,Website,,0,0,2025-26
Q003942,2025-10-19,Walk-in,B005052,1,1,2025-26
Q003953,2025-10-19,Hotel Partner,B005069,1,1,2025-26
Q003986,2025-10-19,Website,B005112,1,1,2025-26
Q004087,2025-10-19,Walk-in,B005240,0,1,2025-26
Q004093,2025-10-19,Instagram,B005249,0,1,2025-26
Q004116,2025-10-19,OTA,B005281,1,1,2025-26
Q004181,2025-10-19,Instagram,B005362,0,1,2025-26
Q004196,2025-10-19,OTA,B005383,1,1,2025-26
Q004218,2025-10-19,Instagram,B005412,1,1,2025-26
Q004270,2025-10-19,OTA,B005473,1,1,2025-26
Q008548,2025-10-19,OTA,,0,0,2025-26
Q008956,2025-10-19,Walk-in,,0,0,2025-26
Q008995,2025-10-19,Instagram,,0,0,2025-26
Q009067,2025-10-19,Website,,0,0,2025-26
Q009266,2025-10-19,Walk-in,,0,0,2025-26
Q009870,2025-10-19,Referral,,0,0,2025-26
Q009971,2025-10-19,Website,,0,0,2025-26
Q010033,2025-10-19,OTA,,0,0,2025-26
Q010245,2025-10-19,Referral,,0,0,2025-26
Q010266,2025-10-19,Website,,0,0,2025-26
Q010583,2025-10-19,OTA,,0,0,2025-26
Q003997,2025-10-20,OTA,B005127,1,1,2025-26
Q004162,2025-10-20,Website,B005339,1,1,2025-26
Q004340,2025-10-20,Walk-in,B005556,0,1,2025-26
Q008895,2025-10-20,Website,,0,0,2025-26
Q008899,2025-10-20,Referral,,0,0,2025-26
Q009111,2025-10-20,Website,,0,0,2025-26
Q009259,2025-10-20,Instagram,,0,0,2025-26
Q009286,2025-10-20,OTA,,0,0,2025-26
Q009415,2025-10-20,Walk-in,,0,0,2025-26
Q009829,2025-10-20,OTA,,0,0,2025-26
Q009839,2025-10-20,Referral,,0,0,2025-26
Q009999,2025-10-20,OTA,,0,0,2025-26
Q010046,2025-10-20,Website,,0,0,2025-26
Q010146,2025-10-20,Website,,0,0,2025-26
Q010230,2025-10-20,Hotel Partner,,0,0,2025-26
Q010345,2025-10-20,Instagram,,0,0,2025-26
Q010496,2025-10-20,Instagram,,0,0,2025-26
Q010701,2025-10-20,OTA,,0,0,2025-26
Q010764,2025-10-20,Website,,0,0,2025-26
Q004025,2025-10-21,Referral,B005162,1,1,2025-26
Q004053,2025-10-21,Website,B005193,1,1,2025-26
Q004169,2025-10-21,Website,B005346,1,1,2025-26
Q008525,2025-10-21,Walk-in,,0,0,2025-26
Q008593,2025-10-21,OTA,,0,0,2025-26
Q008971,2025-10-21,Referral,,0,0,2025-26
Q009100,2025-10-21,Instagram,,0,0,2025-26
Q009328,2025-10-21,OTA,,0,0,2025-26
Q009339,2025-10-21,OTA,,0,0,2025-26
Q009385,2025-10-21,Walk-in,,0,0,2025-26
Q009452,2025-10-21,OTA,,0,0,2025-26
Q009823,2025-10-21,Instagram,,0,0,2025-26
Q009861,2025-10-21,OTA,,0,0,2025-26
Q009925,2025-10-21,Instagram,,0,0,2025-26
Q009958,2025-10-21,Referral,,0,0,2025-26
Q010090,2025-10-21,Walk-in,,0,0,2025-26
Q010382,2025-10-21,OTA,,0,0,2025-26
Q004009,2025-10-22,Referral,B005142,1,1,2025-26
Q004078,2025-10-22,OTA,B005227,1,1,2025-26
Q004155,2025-10-22,OTA,B005330,0,1,2025-26
Q004198,2025-10-22,Walk-in,B005386,0,1,2025-26
Q004257,2025-10-22,OTA,B005459,0,1,2025-26
Q004268,2025-10-22,OTA,B005471,1,1,2025-26
Q008933,2025-10-22,OTA,,0,0,2025-26
Q008961,2025-10-22,OTA,,0,0,2025-26
Q009406,2025-10-22,OTA,,0,0,2025-26
Q009813,2025-10-22,Website,,0,0,2025-26
Q010257,2025-10-22,Walk-in,,0,0,2025-26
Q010446,2025-10-22,Instagram,,0,0,2025-26
Q010462,2025-10-22,Hotel Partner,,0,0,2025-26
Q003933,2025-10-23,OTA,B005039,1,1,2025-26
Q004008,2025-10-23,OTA,B005140,1,1,2025-26
Q004035,2025-10-23,Walk-in,B005173,1,1,2025-26
Q004047,2025-10-23,Website,B005185,1,1,2025-26
Q004057,2025-10-23,Instagram,B005197,0,1,2025-26
Q004067,2025-10-23,Hotel Partner,B005211,0,1,2025-26
Q004183,2025-10-23,Instagram,B005366,1,1,2025-26
Q004244,2025-10-23,Walk-in,B005444,1,1,2025-26
Q004279,2025-10-23,Website,B005483,1,1,2025-26
Q004284,2025-10-23,OTA,B005491,0,1,2025-26
Q004360,2025-10-23,Website,B005581,1,1,2025-26
Q008595,2025-10-23,OTA,,0,0,2025-26
Q008879,2025-10-23,Website,,0,0,2025-26
Q009023,2025-10-23,Website,,0,0,2025-26
Q009515,2025-10-23,OTA,,0,0,2025-26
Q009611,2025-10-23,OTA,,0,0,2025-26
Q009725,2025-10-23,Instagram,,0,0,2025-26
Q010115,2025-10-23,Referral,,0,0,2025-26
Q010130,2025-10-23,Website,,0,0,2025-26
Q010642,2025-10-23,Hotel Partner,,0,0,2025-26
Q010657,2025-10-23,OTA,,0,0,2025-26
Q010717,2025-10-23,Walk-in,,0,0,2025-26
Q003964,2025-10-24,Walk-in,B005082,1,1,2025-26
Q003988,2025-10-24,Walk-in,B005117,1,1,2025-26
Q004026,2025-10-24,OTA,B005163,1,1,2025-26
Q004209,2025-10-24,Website,B005400,1,1,2025-26
Q004331,2025-10-24,Website,B005547,0,1,2025-26
Q008594,2025-10-24,Referral,,0,0,2025-26
Q008701,2025-10-24,OTA,,0,0,2025-26
Q010152,2025-10-24,Walk-in,,0,0,2025-26
Q010176,2025-10-24,Referral,,0,0,2025-26
Q004007,2025-10-25,Website,B005138,1,1,2025-26
Q004021,2025-10-25,OTA,B005157,1,1,2025-26
Q004040,2025-10-25,OTA,B005178,1,1,2025-26
Q004104,2025-10-25,Website,B005265,1,1,2025-26
Q004205,2025-10-25,Instagram,B005394,1,1,2025-26
Q004275,2025-10-25,OTA,B005479,1,1,2025-26
Q004291,2025-10-25,Walk-in,B005501,1,1,2025-26
Q004336,2025-10-25,OTA,B005552,1,1,2025-26
Q004373,2025-10-25,Instagram,B005596,1,1,2025-26
Q008504,2025-10-25,Referral,,0,0,2025-26
Q008886,2025-10-25,Walk-in,,0,0,2025-26
Q008907,2025-10-25,OTA,,0,0,2025-26
Q009218,2025-10-25,Referral,,0,0,2025-26
Q009926,2025-10-25,Website,,0,0,2025-26
Q010155,2025-10-25,OTA,,0,0,2025-26
Q010158,2025-10-25,Referral,,0,0,2025-26
Q010234,2025-10-25,Website,,0,0,2025-26
Q010646,2025-10-25,OTA,,0,0,2025-26
Q010683,2025-10-25,OTA,,0,0,2025-26
Q003992,2025-10-26,Hotel Partner,B005121,0,1,2025-26
Q003999,2025-10-26,Website,B005129,1,1,2025-26
Q004058,2025-10-26,Hotel Partner,B005198,0,1,2025-26
Q004110,2025-10-26,Instagram,B005272,1,1,2025-26
Q004133,2025-10-26,OTA,B005302,0,1,2025-26
Q004170,2025-10-26,OTA,B005348,1,1,2025-26
Q004310,2025-10-26,Instagram,B005522,0,1,2025-26
Q004343,2025-10-26,Instagram,B005560,1,1,2025-26
Q008717,2025-10-26,Walk-in,,0,0,2025-26
Q009097,2025-10-26,Walk-in,,0,0,2025-26
Q009107,2025-10-26,OTA,,0,0,2025-26
Q009180,2025-10-26,Referral,,0,0,2025-26
Q009195,2025-10-26,Website,,0,0,2025-26
Q009239,2025-10-26,Instagram,,0,0,2025-26
Q009293,2025-10-26,Website,,0,0,2025-26
Q009391,2025-10-26,Website,,0,0,2025-26
Q009546,2025-10-26,OTA,,0,0,2025-26
Q009559,2025-10-26,OTA,,0,0,2025-26
Q009674,2025-10-26,OTA,,0,0,2025-26
Q009792,2025-10-26,Referral,,0,0,2025-26
Q009973,2025-10-26,Walk-in,,0,0,2025-26
Q010662,2025-10-26,Hotel Partner,,0,0,2025-26
Q010781,2025-10-26,Website,,0,0,2025-26
Q004157,2025-10-27,Walk-in,B005333,0,1,2025-26
Q004202,2025-10-27,Walk-in,B005391,1,1,2025-26
Q004210,2025-10-27,Website,B005401,1,1,2025-26
Q004219,2025-10-27,Website,B005413,0,1,2025-26
Q004364,2025-10-27,Website,B005585,1,1,2025-26
Q004442,2025-10-27,Instagram,B005685,0,1,2025-26
Q008984,2025-10-27,OTA,,0,0,2025-26
Q009088,2025-10-27,Walk-in,,0,0,2025-26
Q009132,2025-10-27,Instagram,,0,0,2025-26
Q009264,2025-10-27,Walk-in,,0,0,2025-26
Q009539,2025-10-27,Walk-in,,0,0,2025-26
Q009557,2025-10-27,Walk-in,,0,0,2025-26
Q009692,2025-10-27,OTA,,0,0,2025-26
Q009784,2025-10-27,Referral,,0,0,2025-26
Q009803,2025-10-27,Instagram,,0,0,2025-26
Q009928,2025-10-27,OTA,,0,0,2025-26
Q010666,2025-10-27,Website,,0,0,2025-26
Q004037,2025-10-28,Referral,B005175,1,1,2025-26
Q004071,2025-10-28,OTA,B005217,1,1,2025-26
Q004112,2025-10-28,Website,B005276,1,1,2025-26
Q004113,2025-10-28,OTA,B005277,1,1,2025-26
Q004127,2025-10-28,Referral,B005293,1,1,2025-26
Q004129,2025-10-28,Referral,B005295,1,1,2025-26
Q004149,2025-10-28,OTA,B005320,1,1,2025-26
Q004214,2025-10-28,Instagram,B005407,0,1,2025-26
Q008590,2025-10-28,Walk-in,,0,0,2025-26
Q008818,2025-10-28,OTA,,0,0,2025-26
Q009403,2025-10-28,Instagram,,0,0,2025-26
Q009443,2025-10-28,Walk-in,,0,0,2025-26
Q009652,2025-10-28,Instagram,,0,0,2025-26
Q009849,2025-10-28,Walk-in,,0,0,2025-26
Q010123,2025-10-28,Hotel Partner,,0,0,2025-26
Q010513,2025-10-28,OTA,,0,0,2025-26
Q004028,2025-10-29,Website,B005165,0,1,2025-26
Q004054,2025-10-29,Walk-in,B005194,0,1,2025-26
Q004151,2025-10-29,OTA,B005322,1,1,2025-26
Q004200,2025-10-29,Instagram,B005388,0,1,2025-26
Q009192,2025-10-29,OTA,,0,0,2025-26
Q009580,2025-10-29,Walk-in,,0,0,2025-26
Q010481,2025-10-29,Website,,0,0,2025-26
Q010828,2025-10-29,OTA,,0,0,2025-26
Q004111,2025-10-30,Website,B005273,0,1,2025-26
Q004131,2025-10-30,Walk-in,B005298,1,1,2025-26
Q004184,2025-10-30,OTA,B005367,0,1,2025-26
Q004188,2025-10-30,OTA,B005372,0,1,2025-26
Q004260,2025-10-30,Website,B005463,0,1,2025-26
Q004266,2025-10-30,Referral,B005469,1,1,2025-26
Q004388,2025-10-30,OTA,B005616,1,1,2025-26
Q008507,2025-10-30,Referral,,0,0,2025-26
Q008634,2025-10-30,OTA,,0,0,2025-26
Q008808,2025-10-30,Website,,0,0,2025-26
Q009351,2025-10-30,Walk-in,,0,0,2025-26
Q009801,2025-10-30,Website,,0,0,2025-26
Q010052,2025-10-30,Walk-in,,0,0,2025-26
Q010317,2025-10-30,Referral,,0,0,2025-26
Q010372,2025-10-30,OTA,,0,0,2025-26
Q010415,2025-10-30,Instagram,,0,0,2025-26
Q004052,2025-10-31,OTA,B005192,1,1,2025-26
Q004062,2025-10-31,Website,B005204,0,1,2025-26
Q004070,2025-10-31,Website,B005216,0,1,2025-26
Q004089,2025-10-31,Website,B005243,1,1,2025-26
Q004090,2025-10-31,Referral,B005246,1,1,2025-26
Q004094,2025-10-31,OTA,B005251,1,1,2025-26
Q004179,2025-10-31,Website,B005360,1,1,2025-26
Q004247,2025-10-31,Hotel Partner,B005447,1,1,2025-26
Q004248,2025-10-31,Referral,B005448,1,1,2025-26
Q004314,2025-10-31,Walk-in,B005526,0,1,2025-26
Q004332,2025-10-31,OTA,B005548,0,1,2025-26
Q004384,2025-10-31,Instagram,B005612,1,1,2025-26
Q004399,2025-10-31,OTA,B005629,1,1,2025-26
Q008819,2025-10-31,Website,,0,0,2025-26
Q009224,2025-10-31,Website,,0,0,2025-26
Q009313,2025-10-31,Instagram,,0,0,2025-26
Q009648,2025-10-31,Hotel Partner,,0,0,2025-26
Q009815,2025-10-31,Referral,,0,0,2025-26
Q010016,2025-10-31,Referral,,0,0,2025-26
Q010336,2025-10-31,OTA,,0,0,2025-26
Q003994,2025-11-01,Website,B005123,1,1,2025-26
Q004075,2025-11-01,Website,B005223,0,1,2025-26
Q004084,2025-11-01,OTA,B005236,1,1,2025-26
Q004123,2025-11-01,Instagram,B005288,1,1,2025-26
Q004311,2025-11-01,Website,B005523,1,1,2025-26
Q004443,2025-11-01,Website,B005686,0,1,2025-26
Q008840,2025-11-01,Hotel Partner,,0,0,2025-26
Q008909,2025-11-01,Instagram,,0,0,2025-26
Q008975,2025-11-01,OTA,,0,0,2025-26
Q009199,2025-11-01,OTA,,0,0,2025-26
Q009235,2025-11-01,OTA,,0,0,2025-26
Q009320,2025-11-01,Referral,,0,0,2025-26
Q009538,2025-11-01,Referral,,0,0,2025-26
Q009932,2025-11-01,Referral,,0,0,2025-26
Q010039,2025-11-01,Referral,,0,0,2025-26
Q010062,2025-11-01,Hotel Partner,,0,0,2025-26
Q010196,2025-11-01,OTA,,0,0,2025-26
Q010203,2025-11-01,Website,,0,0,2025-26
Q004038,2025-11-02,Instagram,B005176,0,1,2025-26
Q004097,2025-11-02,Hotel Partner,B005257,1,1,2025-26
Q004134,2025-11-02,OTA,B005303,0,1,2025-26
Q004195,2025-11-02,Walk-in,B005382,1,1,2025-26
Q004220,2025-11-02,Walk-in,B005414,1,1,2025-26
Q004327,2025-11-02,Website,B005542,1,1,2025-26
Q004375,2025-11-02,Website,B005598,1,1,2025-26
Q004376,2025-11-02,OTA,B005601,1,1,2025-26
Q004418,2025-11-02,Website,B005656,1,1,2025-26
Q004432,2025-11-02,OTA,B005673,0,1,2025-26
Q004453,2025-11-02,Instagram,B005701,1,1,2025-26
Q004483,2025-11-02,OTA,B005740,0,1,2025-26
Q008585,2025-11-02,OTA,,0,0,2025-26
Q008834,2025-11-02,Referral,,0,0,2025-26
Q008874,2025-11-02,Referral,,0,0,2025-26
Q009305,2025-11-02,OTA,,0,0,2025-26
Q009401,2025-11-02,Walk-in,,0,0,2025-26
Q009618,2025-11-02,Website,,0,0,2025-26
Q009789,2025-11-02,Walk-in,,0,0,2025-26
Q010074,2025-11-02,Walk-in,,0,0,2025-26
Q010346,2025-11-02,OTA,,0,0,2025-26
Q010365,2025-11-02,Instagram,,0,0,2025-26
Q010534,2025-11-02,OTA,,0,0,2025-26
Q004063,2025-11-03,Hotel Partner,B005205,0,1,2025-26
Q004166,2025-11-03,Hotel Partner,B005343,1,1,2025-26
Q004189,2025-11-03,OTA,B005374,1,1,2025-26
Q004233,2025-11-03,OTA,B005432,0,1,2025-26
Q004328,2025-11-03,Hotel Partner,B005543,1,1,2025-26
Q004337,2025-11-03,Website,B005553,0,1,2025-26
Q004468,2025-11-03,Walk-in,B005722,1,1,2025-26
Q008798,2025-11-03,OTA,,0,0,2025-26
Q008978,2025-11-03,OTA,,0,0,2025-26
Q009059,2025-11-03,Instagram,,0,0,2025-26
Q009114,2025-11-03,Website,,0,0,2025-26
Q009708,2025-11-03,OTA,,0,0,2025-26
Q010392,2025-11-03,Instagram,,0,0,2025-26
Q010505,2025-11-03,Website,,0,0,2025-26
Q010557,2025-11-03,OTA,,0,0,2025-26
Q010648,2025-11-03,Website,,0,0,2025-26
Q004013,2025-11-04,Walk-in,B005147,0,1,2025-26
Q004017,2025-11-04,Walk-in,B005151,1,1,2025-26
Q004143,2025-11-04,Hotel Partner,B005314,1,1,2025-26
Q004174,2025-11-04,OTA,B005354,1,1,2025-26
Q004197,2025-11-04,Website,B005384,1,1,2025-26
Q004207,2025-11-04,Referral,B005396,1,1,2025-26
Q004240,2025-11-04,Website,B005440,1,1,2025-26
Q004251,2025-11-04,OTA,B005451,1,1,2025-26
Q004254,2025-11-04,OTA,B005454,1,1,2025-26
Q004263,2025-11-04,Walk-in,B005466,1,1,2025-26
Q004296,2025-11-04,OTA,B005506,0,1,2025-26
Q004297,2025-11-04,OTA,B005507,1,1,2025-26
Q004320,2025-11-04,Referral,B005534,1,1,2025-26
Q004413,2025-11-04,Instagram,B005650,1,1,2025-26
Q009102,2025-11-04,Walk-in,,0,0,2025-26
Q009173,2025-11-04,Walk-in,,0,0,2025-26
Q009240,2025-11-04,OTA,,0,0,2025-26
Q009366,2025-11-04,Referral,,0,0,2025-26
Q009430,2025-11-04,Hotel Partner,,0,0,2025-26
Q009498,2025-11-04,OTA,,0,0,2025-26
Q009609,2025-11-04,Instagram,,0,0,2025-26
Q009658,2025-11-04,Walk-in,,0,0,2025-26
Q009698,2025-11-04,Walk-in,,0,0,2025-26
Q010202,2025-11-04,Referral,,0,0,2025-26
Q010304,2025-11-04,Walk-in,,0,0,2025-26
Q010358,2025-11-04,OTA,,0,0,2025-26
Q010448,2025-11-04,Website,,0,0,2025-26
Q010492,2025-11-04,Instagram,,0,0,2025-26
Q010625,2025-11-04,Walk-in,,0,0,2025-26
Q010812,2025-11-04,OTA,,0,0,2025-26
Q004003,2025-11-05,OTA,B005133,1,1,2025-26
Q004014,2025-11-05,Instagram,B005148,1,1,2025-26
Q004076,2025-11-05,OTA,B005224,1,1,2025-26
Q004096,2025-11-05,Walk-in,B005256,1,1,2025-26
Q004120,2025-11-05,Walk-in,B005285,1,1,2025-26
Q004261,2025-11-05,Website,B005464,1,1,2025-26
Q004299,2025-11-05,OTA,B005509,1,1,2025-26
Q004315,2025-11-05,Walk-in,B005527,1,1,2025-26
Q004330,2025-11-05,Hotel Partner,B005546,1,1,2025-26
Q004401,2025-11-05,OTA,B005632,0,1,2025-26
Q004435,2025-11-05,Walk-in,B005676,1,1,2025-26
Q008514,2025-11-05,Walk-in,,0,0,2025-26
Q008817,2025-11-05,OTA,,0,0,2025-26
Q008866,2025-11-05,Walk-in,,0,0,2025-26
Q008988,2025-11-05,Walk-in,,0,0,2025-26
Q009094,2025-11-05,OTA,,0,0,2025-26
Q009739,2025-11-05,Hotel Partner,,0,0,2025-26
Q010219,2025-11-05,OTA,,0,0,2025-26
Q010486,2025-11-05,OTA,,0,0,2025-26
Q010555,2025-11-05,Website,,0,0,2025-26
Q004137,2025-11-06,Website,B005307,1,1,2025-26
Q004180,2025-11-06,OTA,B005361,1,1,2025-26
Q004271,2025-11-06,Walk-in,B005475,1,1,2025-26
Q004308,2025-11-06,Website,B005520,0,1,2025-26
Q004357,2025-11-06,OTA,B005576,1,1,2025-26
Q004428,2025-11-06,OTA,B005668,0,1,2025-26
Q008809,2025-11-06,Walk-in,,0,0,2025-26
Q008979,2025-11-06,OTA,,0,0,2025-26
Q009115,2025-11-06,Website,,0,0,2025-26
Q009389,2025-11-06,Referral,,0,0,2025-26
Q009637,2025-11-06,Referral,,0,0,2025-26
Q009691,2025-11-06,Website,,0,0,2025-26
Q010071,2025-11-06,Walk-in,,0,0,2025-26
Q010159,2025-11-06,OTA,,0,0,2025-26
Q010493,2025-11-06,Instagram,,0,0,2025-26
Q010691,2025-11-06,Hotel Partner,,0,0,2025-26
Q004061,2025-11-07,Hotel Partner,B005202,0,1,2025-26
Q004068,2025-11-07,OTA,B005213,1,1,2025-26
Q004083,2025-11-07,OTA,B005234,1,1,2025-26
Q004119,2025-11-07,Instagram,B005284,1,1,2025-26
Q004128,2025-11-07,Walk-in,B005294,1,1,2025-26
Q004145,2025-11-07,Walk-in,B005316,0,1,2025-26
Q004199,2025-11-07,Walk-in,B005387,1,1,2025-26
Q004201,2025-11-07,OTA,B005390,1,1,2025-26
Q004239,2025-11-07,Walk-in,B005439,1,1,2025-26
Q004278,2025-11-07,Website,B005482,1,1,2025-26
Q004287,2025-11-07,Instagram,B005495,1,1,2025-26
Q004366,2025-11-07,Walk-in,B005588,1,1,2025-26
Q004396,2025-11-07,Walk-in,B005625,0,1,2025-26
Q004424,2025-11-07,Walk-in,B005664,1,1,2025-26
Q008693,2025-11-07,Website,,0,0,2025-26
Q009827,2025-11-07,OTA,,0,0,2025-26
Q009990,2025-11-07,Walk-in,,0,0,2025-26
Q010057,2025-11-07,Instagram,,0,0,2025-26
Q010661,2025-11-07,OTA,,0,0,2025-26
Q010690,2025-11-07,OTA,,0,0,2025-26
Q010711,2025-11-07,Walk-in,,0,0,2025-26
Q010724,2025-11-07,Instagram,,0,0,2025-26
Q004126,2025-11-08,OTA,B005292,1,1,2025-26
Q004204,2025-11-08,Instagram,B005393,0,1,2025-26
Q004350,2025-11-08,Instagram,B005567,0,1,2025-26
Q004400,2025-11-08,OTA,B005630,0,1,2025-26
Q008704,2025-11-08,Walk-in,,0,0,2025-26
Q008890,2025-11-08,Referral,,0,0,2025-26
Q009058,2025-11-08,Walk-in,,0,0,2025-26
Q009087,2025-11-08,Instagram,,0,0,2025-26
Q009150,2025-11-08,Instagram,,0,0,2025-26
Q009169,2025-11-08,Referral,,0,0,2025-26
Q009374,2025-11-08,OTA,,0,0,2025-26
Q009617,2025-11-08,Instagram,,0,0,2025-26
Q009629,2025-11-08,Walk-in,,0,0,2025-26
Q009721,2025-11-08,OTA,,0,0,2025-26
Q009833,2025-11-08,Website,,0,0,2025-26
Q010216,2025-11-08,Website,,0,0,2025-26
Q004056,2025-11-09,Walk-in,B005196,1,1,2025-26
Q004080,2025-11-09,OTA,B005230,1,1,2025-26
Q004165,2025-11-09,Walk-in,B005342,1,1,2025-26
Q004175,2025-11-09,OTA,B005355,0,1,2025-26
Q004178,2025-11-09,Website,B005359,1,1,2025-26
Q004231,2025-11-09,Walk-in,B005429,1,1,2025-26
Q004374,2025-11-09,Instagram,B005597,1,1,2025-26
Q004383,2025-11-09,OTA,B005611,1,1,2025-26
Q004386,2025-11-09,Instagram,B005614,0,1,2025-26
Q004391,2025-11-09,Website,B005620,1,1,2025-26
Q004423,2025-11-09,OTA,B005663,1,1,2025-26
Q004431,2025-11-09,Hotel Partner,B005672,0,1,2025-26
Q004444,2025-11-09,OTA,B005689,0,1,2025-26
Q004463,2025-11-09,Instagram,B005713,1,1,2025-26
Q008869,2025-11-09,Hotel Partner,,0,0,2025-26
Q009140,2025-11-09,Instagram,,0,0,2025-26
Q009274,2025-11-09,Instagram,,0,0,2025-26
Q009301,2025-11-09,OTA,,0,0,2025-26
Q009369,2025-11-09,OTA,,0,0,2025-26
Q010011,2025-11-09,Referral,,0,0,2025-26
Q010127,2025-11-09,Website,,0,0,2025-26
Q010385,2025-11-09,Website,,0,0,2025-26
Q010453,2025-11-09,Hotel Partner,,0,0,2025-26
Q010463,2025-11-09,OTA,,0,0,2025-26
Q004044,2025-11-10,Walk-in,B005182,0,1,2025-26
Q004144,2025-11-10,Referral,B005315,1,1,2025-26
Q004161,2025-11-10,OTA,B005338,0,1,2025-26
Q004168,2025-11-10,Instagram,B005345,1,1,2025-26
Q004185,2025-11-10,Website,B005368,0,1,2025-26
Q004255,2025-11-10,Hotel Partner,B005457,1,1,2025-26
Q004262,2025-11-10,Walk-in,B005465,1,1,2025-26
Q004281,2025-11-10,OTA,B005485,1,1,2025-26
Q004305,2025-11-10,Website,B005517,1,1,2025-26
Q004346,2025-11-10,Website,B005563,1,1,2025-26
Q004446,2025-11-10,Hotel Partner,B005693,0,1,2025-26
Q004449,2025-11-10,Referral,B005697,0,1,2025-26
Q004493,2025-11-10,Website,B005751,1,1,2025-26
Q004567,2025-11-10,Instagram,B005850,1,1,2025-26
Q009040,2025-11-10,Instagram,,0,0,2025-26
Q009079,2025-11-10,Website,,0,0,2025-26
Q009151,2025-11-10,Hotel Partner,,0,0,2025-26
Q009248,2025-11-10,OTA,,0,0,2025-26
Q009350,2025-11-10,OTA,,0,0,2025-26
Q009428,2025-11-10,Walk-in,,0,0,2025-26
Q009570,2025-11-10,OTA,,0,0,2025-26
Q009760,2025-11-10,Walk-in,,0,0,2025-26
Q009862,2025-11-10,OTA,,0,0,2025-26
Q009961,2025-11-10,Instagram,,0,0,2025-26
Q010633,2025-11-10,OTA,,0,0,2025-26
Q004069,2025-11-11,Instagram,B005215,1,1,2025-26
Q004138,2025-11-11,OTA,B005308,0,1,2025-26
Q004213,2025-11-11,Walk-in,B005404,1,1,2025-26
Q004225,2025-11-11,Hotel Partner,B005420,1,1,2025-26
Q004321,2025-11-11,Instagram,B005535,1,1,2025-26
Q004334,2025-11-11,Walk-in,B005550,1,1,2025-26
Q004392,2025-11-11,OTA,B005621,1,1,2025-26
Q004523,2025-11-11,Walk-in,B005790,1,1,2025-26
Q008545,2025-11-11,OTA,,0,0,2025-26
Q008782,2025-11-11,Walk-in,,0,0,2025-26
Q008932,2025-11-11,OTA,,0,0,2025-26
Q009105,2025-11-11,Hotel Partner,,0,0,2025-26
Q009390,2025-11-11,Walk-in,,0,0,2025-26
Q009473,2025-11-11,Walk-in,,0,0,2025-26
Q009630,2025-11-11,Instagram,,0,0,2025-26
Q009868,2025-11-11,OTA,,0,0,2025-26
Q010082,2025-11-11,Website,,0,0,2025-26
Q010526,2025-11-11,Walk-in,,0,0,2025-26
Q004079,2025-11-12,Referral,B005229,1,1,2025-26
Q004125,2025-11-12,Walk-in,B005291,1,1,2025-26
Q004159,2025-11-12,Website,B005335,1,1,2025-26
Q004212,2025-11-12,Website,B005403,1,1,2025-26
Q004313,2025-11-12,Instagram,B005525,1,1,2025-26
Q008803,2025-11-12,Walk-in,,0,0,2025-26
Q009022,2025-11-12,Walk-in,,0,0,2025-26
Q009070,2025-11-12,OTA,,0,0,2025-26
Q009181,2025-11-12,OTA,,0,0,2025-26
Q009476,2025-11-12,OTA,,0,0,2025-26
Q009587,2025-11-12,Walk-in,,0,0,2025-26
Q009626,2025-11-12,OTA,,0,0,2025-26
Q009715,2025-11-12,Hotel Partner,,0,0,2025-26
Q010381,2025-11-12,Walk-in,,0,0,2025-26
Q004203,2025-11-13,Walk-in,B005392,1,1,2025-26
Q004292,2025-11-13,Hotel Partner,B005502,0,1,2025-26
Q004294,2025-11-13,Walk-in,B005504,1,1,2025-26
Q004324,2025-11-13,Walk-in,B005539,1,1,2025-26
Q004339,2025-11-13,Website,B005555,0,1,2025-26
Q004358,2025-11-13,Referral,B005577,1,1,2025-26
Q004397,2025-11-13,OTA,B005626,0,1,2025-26
Q004404,2025-11-13,Hotel Partner,B005636,1,1,2025-26
Q004458,2025-11-13,OTA,B005707,0,1,2025-26
Q004520,2025-11-13,Referral,B005786,1,1,2025-26
Q004534,2025-11-13,Website,B005803,1,1,2025-26
Q008505,2025-11-13,Website,,0,0,2025-26
Q008622,2025-11-13,Referral,,0,0,2025-26
Q008683,2025-11-13,Instagram,,0,0,2025-26
Q008742,2025-11-13,Website,,0,0,2025-26
Q010089,2025-11-13,Walk-in,,0,0,2025-26
Q010417,2025-11-13,Referral,,0,0,2025-26
Q010443,2025-11-13,OTA,,0,0,2025-26
Q010518,2025-11-13,Walk-in,,0,0,2025-26
Q010743,2025-11-13,Website,,0,0,2025-26
Q010844,2025-11-13,Walk-in,,0,0,2025-26
Q004148,2025-11-14,Walk-in,B005319,1,1,2025-26
Q004194,2025-11-14,Walk-in,B005380,1,1,2025-26
Q004264,2025-11-14,OTA,B005467,1,1,2025-26
Q004267,2025-11-14,Website,B005470,1,1,2025-26
Q004286,2025-11-14,OTA,B005494,1,1,2025-26
Q004361,2025-11-14,OTA,B005582,1,1,2025-26
Q004461,2025-11-14,OTA,B005710,1,1,2025-26
Q004466,2025-11-14,Website,B005720,1,1,2025-26
Q004504,2025-11-14,OTA,B005765,1,1,2025-26
Q004509,2025-11-14,OTA,B005772,1,1,2025-26
Q008517,2025-11-14,OTA,,0,0,2025-26
Q008732,2025-11-14,Instagram,,0,0,2025-26
Q008875,2025-11-14,Hotel Partner,,0,0,2025-26
Q009166,2025-11-14,Instagram,,0,0,2025-26
Q009277,2025-11-14,Instagram,,0,0,2025-26
Q009897,2025-11-14,Website,,0,0,2025-26
Q010509,2025-11-14,OTA,,0,0,2025-26
Q010595,2025-11-14,OTA,,0,0,2025-26
Q010611,2025-11-14,OTA,,0,0,2025-26
Q010730,2025-11-14,Instagram,,0,0,2025-26
Q004173,2025-11-15,Walk-in,B005353,1,1,2025-26
Q004241,2025-11-15,Walk-in,B005441,1,1,2025-26
Q004243,2025-11-15,Website,B005443,1,1,2025-26
Q004387,2025-11-15,Website,B005615,1,1,2025-26
Q004407,2025-11-15,Walk-in,B005639,1,1,2025-26
Q004414,2025-11-15,OTA,B005651,0,1,2025-26
Q004481,2025-11-15,Walk-in,B005737,1,1,2025-26
Q004531,2025-11-15,OTA,B005798,1,1,2025-26
Q008550,2025-11-15,OTA,,0,0,2025-26
Q008861,2025-11-15,Walk-in,,0,0,2025-26
Q008948,2025-11-15,Website,,0,0,2025-26
Q009018,2025-11-15,Referral,,0,0,2025-26
Q009063,2025-11-15,OTA,,0,0,2025-26
Q009117,2025-11-15,Hotel Partner,,0,0,2025-26
Q010204,2025-11-15,Referral,,0,0,2025-26
Q004280,2025-11-16,Website,B005484,0,1,2025-26
Q004351,2025-11-16,OTA,B005569,1,1,2025-26
Q004440,2025-11-16,Website,B005682,1,1,2025-26
Q004441,2025-11-16,OTA,B005683,1,1,2025-26
Q004497,2025-11-16,Referral,B005758,0,1,2025-26
Q008500,2025-11-16,OTA,,0,0,2025-26
Q008696,2025-11-16,OTA,,0,0,2025-26
Q008812,2025-11-16,Walk-in,,0,0,2025-26
Q009168,2025-11-16,OTA,,0,0,2025-26
Q009179,2025-11-16,Walk-in,,0,0,2025-26
Q009333,2025-11-16,OTA,,0,0,2025-26
Q009378,2025-11-16,Website,,0,0,2025-26
Q009612,2025-11-16,Website,,0,0,2025-26
Q009945,2025-11-16,Website,,0,0,2025-26
Q009992,2025-11-16,OTA,,0,0,2025-26
Q010241,2025-11-16,Referral,,0,0,2025-26
Q010272,2025-11-16,Walk-in,,0,0,2025-26
Q010378,2025-11-16,OTA,,0,0,2025-26
Q010768,2025-11-16,Website,,0,0,2025-26
Q004115,2025-11-17,OTA,B005279,0,1,2025-26
Q004146,2025-11-17,Instagram,B005317,1,1,2025-26
Q004226,2025-11-17,OTA,B005422,1,1,2025-26
Q004323,2025-11-17,Website,B005538,0,1,2025-26
Q004355,2025-11-17,Hotel Partner,B005574,0,1,2025-26
Q004476,2025-11-17,OTA,B005732,0,1,2025-26
Q008529,2025-11-17,OTA,,0,0,2025-26
Q008612,2025-11-17,Walk-in,,0,0,2025-26
Q009135,2025-11-17,Referral,,0,0,2025-26
Q009413,2025-11-17,Website,,0,0,2025-26
Q009705,2025-11-17,Website,,0,0,2025-26
Q009821,2025-11-17,OTA,,0,0,2025-26
Q010061,2025-11-17,Referral,,0,0,2025-26
Q010113,2025-11-17,OTA,,0,0,2025-26
Q010194,2025-11-17,Website,,0,0,2025-26
Q010390,2025-11-17,Walk-in,,0,0,2025-26
Q010442,2025-11-17,Hotel Partner,,0,0,2025-26
Q010538,2025-11-17,Referral,,0,0,2025-26
Q010551,2025-11-17,Referral,,0,0,2025-26
Q010593,2025-11-17,Referral,,0,0,2025-26
Q004122,2025-11-18,OTA,B005287,1,1,2025-26
Q004141,2025-11-18,Walk-in,B005311,1,1,2025-26
Q004242,2025-11-18,Walk-in,B005442,1,1,2025-26
Q004246,2025-11-18,Hotel Partner,B005446,1,1,2025-26
Q004277,2025-11-18,Website,B005481,1,1,2025-26
Q004293,2025-11-18,OTA,B005503,1,1,2025-26
Q004338,2025-11-18,Website,B005554,0,1,2025-26
Q004398,2025-11-18,OTA,B005628,1,1,2025-26
Q004402,2025-11-18,Hotel Partner,B005633,1,1,2025-26
Q004426,2025-11-18,OTA,B005666,1,1,2025-26
Q004462,2025-11-18,Walk-in,B005712,1,1,2025-26
Q004482,2025-11-18,Website,B005738,1,1,2025-26
Q004524,2025-11-18,Walk-in,B005791,0,1,2025-26
Q004606,2025-11-18,Hotel Partner,B005904,1,1,2025-26
Q008509,2025-11-18,OTA,,0,0,2025-26
Q008981,2025-11-18,Walk-in,,0,0,2025-26
Q009056,2025-11-18,Walk-in,,0,0,2025-26
Q009472,2025-11-18,Walk-in,,0,0,2025-26
Q009693,2025-11-18,Website,,0,0,2025-26
Q009988,2025-11-18,Referral,,0,0,2025-26
Q010013,2025-11-18,Walk-in,,0,0,2025-26
Q010165,2025-11-18,Hotel Partner,,0,0,2025-26
Q010601,2025-11-18,Website,,0,0,2025-26
Q010608,2025-11-18,OTA,,0,0,2025-26
Q004152,2025-11-19,Hotel Partner,B005324,1,1,2025-26
Q004167,2025-11-19,OTA,B005344,1,1,2025-26
Q004208,2025-11-19,OTA,B005398,1,1,2025-26
Q004216,2025-11-19,Referral,B005410,1,1,2025-26
Q004252,2025-11-19,Instagram,B005452,1,1,2025-26
Q004273,2025-11-19,Walk-in,B005477,0,1,2025-26
Q004298,2025-11-19,OTA,B005508,0,1,2025-26
Q004345,2025-11-19,Referral,B005562,1,1,2025-26
Q004359,2025-11-19,Walk-in,B005578,1,1,2025-26
Q004367,2025-11-19,Walk-in,B005589,1,1,2025-26
Q004464,2025-11-19,Walk-in,B005715,1,1,2025-26
Q004474,2025-11-19,Walk-in,B005730,1,1,2025-26
Q009142,2025-11-19,OTA,,0,0,2025-26
Q009387,2025-11-19,OTA,,0,0,2025-26
Q010384,2025-11-19,OTA,,0,0,2025-26
Q010582,2025-11-19,Instagram,,0,0,2025-26
Q010673,2025-11-19,Walk-in,,0,0,2025-26
Q004132,2025-11-20,Website,B005300,1,1,2025-26
Q004163,2025-11-20,Walk-in,B005340,1,1,2025-26
Q004176,2025-11-20,Website,B005357,1,1,2025-26
Q004256,2025-11-20,Instagram,B005458,1,1,2025-26
Q004335,2025-11-20,Instagram,B005551,1,1,2025-26
Q004394,2025-11-20,Referral,B005623,1,1,2025-26
Q004405,2025-11-20,Walk-in,B005637,0,1,2025-26
Q004459,2025-11-20,Hotel Partner,B005708,1,1,2025-26
Q008615,2025-11-20,Walk-in,,0,0,2025-26
Q008753,2025-11-20,Website,,0,0,2025-26
Q008827,2025-11-20,Referral,,0,0,2025-26
Q008860,2025-11-20,Instagram,,0,0,2025-26
Q009049,2025-11-20,Website,,0,0,2025-26
Q009217,2025-11-20,OTA,,0,0,2025-26
Q009492,2025-11-20,Referral,,0,0,2025-26
Q009673,2025-11-20,Walk-in,,0,0,2025-26
Q009879,2025-11-20,Walk-in,,0,0,2025-26
Q009895,2025-11-20,OTA,,0,0,2025-26
Q009969,2025-11-20,Hotel Partner,,0,0,2025-26
Q010201,2025-11-20,Walk-in,,0,0,2025-26
Q010331,2025-11-20,Website,,0,0,2025-26
Q010818,2025-11-20,Instagram,,0,0,2025-26
Q004124,2025-11-21,OTA,B005289,1,1,2025-26
Q004230,2025-11-21,Website,B005428,1,1,2025-26
Q004318,2025-11-21,Website,B005531,1,1,2025-26
Q004395,2025-11-21,Website,B005624,1,1,2025-26
Q004478,2025-11-21,Website,B005734,1,1,2025-26
Q004485,2025-11-21,Website,B005742,1,1,2025-26
Q004542,2025-11-21,Referral,B005820,1,1,2025-26
Q004560,2025-11-21,Walk-in,B005843,1,1,2025-26
Q004564,2025-11-21,Hotel Partner,B005847,1,1,2025-26
Q004571,2025-11-21,OTA,B005854,1,1,2025-26
Q004572,2025-11-21,OTA,B005856,0,1,2025-26
Q008730,2025-11-21,Referral,,0,0,2025-26
Q009075,2025-11-21,OTA,,0,0,2025-26
Q009985,2025-11-21,OTA,,0,0,2025-26
Q010163,2025-11-21,OTA,,0,0,2025-26
Q010232,2025-11-21,Instagram,,0,0,2025-26
Q010796,2025-11-21,Walk-in,,0,0,2025-26
Q010819,2025-11-21,Instagram,,0,0,2025-26
Q004171,2025-11-22,OTA,B005351,1,1,2025-26
Q004250,2025-11-22,Walk-in,B005450,1,1,2025-26
Q004258,2025-11-22,Website,B005461,1,1,2025-26
Q004272,2025-11-22,OTA,B005476,1,1,2025-26
Q004288,2025-11-22,OTA,B005496,1,1,2025-26
Q004304,2025-11-22,OTA,B005516,1,1,2025-26
Q004322,2025-11-22,OTA,B005536,1,1,2025-26
Q004411,2025-11-22,Walk-in,B005645,1,1,2025-26
Q004415,2025-11-22,OTA,B005652,0,1,2025-26
Q004417,2025-11-22,Walk-in,B005654,1,1,2025-26
Q004419,2025-11-22,Website,B005659,1,1,2025-26
Q004437,2025-11-22,OTA,B005679,0,1,2025-26
Q004477,2025-11-22,Website,B005733,1,1,2025-26
Q004494,2025-11-22,OTA,B005754,1,1,2025-26
Q004499,2025-11-22,OTA,B005760,1,1,2025-26
Q004522,2025-11-22,Website,B005789,1,1,2025-26
Q004578,2025-11-22,Instagram,B005865,1,1,2025-26
Q008570,2025-11-22,Referral,,0,0,2025-26
Q008617,2025-11-22,Hotel Partner,,0,0,2025-26
Q009112,2025-11-22,Walk-in,,0,0,2025-26
Q009252,2025-11-22,Website,,0,0,2025-26
Q009450,2025-11-22,Website,,0,0,2025-26
Q010162,2025-11-22,Website,,0,0,2025-26
Q010311,2025-11-22,OTA,,0,0,2025-26
Q010627,2025-11-22,Instagram,,0,0,2025-26
Q010817,2025-11-22,Walk-in,,0,0,2025-26
Q004215,2025-11-23,Website,B005409,1,1,2025-26
Q004317,2025-11-23,Walk-in,B005530,1,1,2025-26
Q004342,2025-11-23,Instagram,B005558,1,1,2025-26
Q004382,2025-11-23,Referral,B005610,1,1,2025-26
Q004508,2025-11-23,Walk-in,B005769,1,1,2025-26
Q004527,2025-11-23,Website,B005794,1,1,2025-26
Q008735,2025-11-23,Walk-in,,0,0,2025-26
Q009120,2025-11-23,OTA,,0,0,2025-26
Q009344,2025-11-23,OTA,,0,0,2025-26
Q009375,2025-11-23,Referral,,0,0,2025-26
Q009454,2025-11-23,Website,,0,0,2025-26
Q009475,2025-11-23,Referral,,0,0,2025-26
Q009613,2025-11-23,Walk-in,,0,0,2025-26
Q009714,2025-11-23,Hotel Partner,,0,0,2025-26
Q009729,2025-11-23,Instagram,,0,0,2025-26
Q009810,2025-11-23,OTA,,0,0,2025-26
Q010045,2025-11-23,Website,,0,0,2025-26
Q010342,2025-11-23,OTA,,0,0,2025-26
Q010347,2025-11-23,OTA,,0,0,2025-26
Q010488,2025-11-23,Website,,0,0,2025-26
Q004206,2025-11-24,Website,B005395,1,1,2025-26
Q004237,2025-11-24,Website,B005436,1,1,2025-26
Q004259,2025-11-24,Website,B005462,1,1,2025-26
Q004282,2025-11-24,OTA,B005488,1,1,2025-26
Q004283,2025-11-24,Walk-in,B005489,1,1,2025-26
Q004379,2025-11-24,Website,B005606,0,1,2025-26
Q004408,2025-11-24,Referral,B005640,1,1,2025-26
Q004450,2025-11-24,Walk-in,B005698,1,1,2025-26
Q004551,2025-11-24,OTA,B005833,1,1,2025-26
Q004554,2025-11-24,Walk-in,B005837,1,1,2025-26
Q004575,2025-11-24,OTA,B005862,1,1,2025-26
Q008556,2025-11-24,Hotel Partner,,0,0,2025-26
Q008723,2025-11-24,OTA,,0,0,2025-26
Q008814,2025-11-24,OTA,,0,0,2025-26
Q008911,2025-11-24,Walk-in,,0,0,2025-26
Q009309,2025-11-24,Walk-in,,0,0,2025-26
Q009432,2025-11-24,Website,,0,0,2025-26
Q009464,2025-11-24,OTA,,0,0,2025-26
Q009507,2025-11-24,OTA,,0,0,2025-26
Q010760,2025-11-24,Hotel Partner,,0,0,2025-26
Q004223,2025-11-25,OTA,B005417,0,1,2025-26
Q004341,2025-11-25,Referral,B005557,1,1,2025-26
Q004362,2025-11-25,Walk-in,B005583,1,1,2025-26
Q004433,2025-11-25,Walk-in,B005674,0,1,2025-26
Q004456,2025-11-25,Hotel Partner,B005705,1,1,2025-26
Q004472,2025-11-25,OTA,B005726,1,1,2025-26
Q004514,2025-11-25,Instagram,B005778,1,1,2025-26
Q004541,2025-11-25,OTA,B005818,0,1,2025-26
Q009425,2025-11-25,OTA,,0,0,2025-26
Q009576,2025-11-25,OTA,,0,0,2025-26
Q010133,2025-11-25,Hotel Partner,,0,0,2025-26
Q010482,2025-11-25,Instagram,,0,0,2025-26
Q004190,2025-11-26,Website,B005375,1,1,2025-26
Q004295,2025-11-26,OTA,B005505,1,1,2025-26
Q004344,2025-11-26,Walk-in,B005561,1,1,2025-26
Q004368,2025-11-26,Walk-in,B005590,1,1,2025-26
Q004380,2025-11-26,OTA,B005607,0,1,2025-26
Q004390,2025-11-26,OTA,B005619,1,1,2025-26
Q004403,2025-11-26,OTA,B005635,1,1,2025-26
Q004513,2025-11-26,Walk-in,B005777,1,1,2025-26
Q004547,2025-11-26,OTA,B005827,1,1,2025-26
Q004574,2025-11-26,Hotel Partner,B005861,1,1,2025-26
Q004589,2025-11-26,Instagram,B005880,1,1,2025-26
Q004590,2025-11-26,OTA,B005881,0,1,2025-26
Q004608,2025-11-26,OTA,B005907,0,1,2025-26
Q004622,2025-11-26,OTA,B005921,0,1,2025-26
Q008955,2025-11-26,OTA,,0,0,2025-26
Q009006,2025-11-26,Instagram,,0,0,2025-26
Q009346,2025-11-26,OTA,,0,0,2025-26
Q009499,2025-11-26,OTA,,0,0,2025-26
Q009511,2025-11-26,OTA,,0,0,2025-26
Q009556,2025-11-26,Hotel Partner,,0,0,2025-26
Q009764,2025-11-26,Referral,,0,0,2025-26
Q010078,2025-11-26,Walk-in,,0,0,2025-26
Q004156,2025-11-27,Hotel Partner,B005331,0,1,2025-26
Q004300,2025-11-27,Instagram,B005510,1,1,2025-26
Q004306,2025-11-27,Referral,B005518,1,1,2025-26
Q004352,2025-11-27,Website,B005571,1,1,2025-26
Q004356,2025-11-27,OTA,B005575,0,1,2025-26
Q004487,2025-11-27,Walk-in,B005745,1,1,2025-26
Q004528,2025-11-27,Hotel Partner,B005795,1,1,2025-26
Q004579,2025-11-27,OTA,B005867,1,1,2025-26
Q009302,2025-11-27,Hotel Partner,,0,0,2025-26
Q009699,2025-11-27,Walk-in,,0,0,2025-26
Q009783,2025-11-27,OTA,,0,0,2025-26
Q009852,2025-11-27,OTA,,0,0,2025-26
Q010250,2025-11-27,Walk-in,,0,0,2025-26
Q010494,2025-11-27,OTA,,0,0,2025-26
Q004229,2025-11-28,Referral,B005427,1,1,2025-26
Q004416,2025-11-28,Instagram,B005653,1,1,2025-26
Q004489,2025-11-28,OTA,B005747,1,1,2025-26
Q004500,2025-11-28,Walk-in,B005761,0,1,2025-26
Q008656,2025-11-28,Website,,0,0,2025-26
Q008967,2025-11-28,Website,,0,0,2025-26
Q009104,2025-11-28,Referral,,0,0,2025-26
Q009136,2025-11-28,Walk-in,,0,0,2025-26
Q009234,2025-11-28,Referral,,0,0,2025-26
Q009250,2025-11-28,Website,,0,0,2025-26
Q009477,2025-11-28,Website,,0,0,2025-26
Q009756,2025-11-28,Instagram,,0,0,2025-26
Q009888,2025-11-28,Hotel Partner,,0,0,2025-26
Q010058,2025-11-28,Hotel Partner,,0,0,2025-26
Q010101,2025-11-28,OTA,,0,0,2025-26
Q010478,2025-11-28,Walk-in,,0,0,2025-26
Q010512,2025-11-28,Hotel Partner,,0,0,2025-26
Q010528,2025-11-28,Walk-in,,0,0,2025-26
Q010647,2025-11-28,OTA,,0,0,2025-26
Q010813,2025-11-28,OTA,,0,0,2025-26
Q004224,2025-11-29,OTA,B005418,1,1,2025-26
Q004309,2025-11-29,Instagram,B005521,1,1,2025-26
Q004325,2025-11-29,OTA,B005540,1,1,2025-26
Q004329,2025-11-29,OTA,B005545,0,1,2025-26
Q004371,2025-11-29,Referral,B005593,1,1,2025-26
Q004521,2025-11-29,Instagram,B005787,1,1,2025-26
Q004525,2025-11-29,Walk-in,B005792,0,1,2025-26
Q004633,2025-11-29,Walk-in,B005935,1,1,2025-26
Q008531,2025-11-29,Walk-in,,0,0,2025-26
Q008568,2025-11-29,Website,,0,0,2025-26
Q009101,2025-11-29,Instagram,,0,0,2025-26
Q009393,2025-11-29,Referral,,0,0,2025-26
Q009651,2025-11-29,Referral,,0,0,2025-26
Q009989,2025-11-29,OTA,,0,0,2025-26
Q010160,2025-11-29,Walk-in,,0,0,2025-26
Q010343,2025-11-29,Website,,0,0,2025-26
Q010412,2025-11-29,OTA,,0,0,2025-26
Q010588,2025-11-29,Walk-in,,0,0,2025-26
Q004276,2025-11-30,Instagram,B005480,1,1,2025-26
Q004348,2025-11-30,Instagram,B005565,1,1,2025-26
Q004370,2025-11-30,Referral,B005592,1,1,2025-26
Q004389,2025-11-30,Walk-in,B005617,1,1,2025-26
Q004445,2025-11-30,OTA,B005692,0,1,2025-26
Q004447,2025-11-30,Instagram,B005695,0,1,2025-26
Q004465,2025-11-30,Walk-in,B005719,1,1,2025-26
Q004516,2025-11-30,OTA,B005781,1,1,2025-26
Q004544,2025-11-30,Website,B005822,0,1,2025-26
Q008561,2025-11-30,Walk-in,,0,0,2025-26
Q008584,2025-11-30,Website,,0,0,2025-26
Q008668,2025-11-30,Instagram,,0,0,2025-26
Q008927,2025-11-30,Instagram,,0,0,2025-26
Q009184,2025-11-30,Walk-in,,0,0,2025-26
Q009636,2025-11-30,Website,,0,0,2025-26
Q010303,2025-11-30,Instagram,,0,0,2025-26
Q010429,2025-11-30,Website,,0,0,2025-26
Q010458,2025-11-30,Walk-in,,0,0,2025-26
Q010797,2025-11-30,Website,,0,0,2025-26
Q004238,2025-12-01,Website,B005437,1,1,2025-26
Q004319,2025-12-01,Hotel Partner,B005533,1,1,2025-26
Q004349,2025-12-01,Walk-in,B005566,1,1,2025-26
Q004406,2025-12-01,OTA,B005638,0,1,2025-26
Q004454,2025-12-01,Referral,B005703,1,1,2025-26
Q004537,2025-12-01,OTA,B005812,1,1,2025-26
Q004592,2025-12-01,Hotel Partner,B005883,0,1,2025-26
Q004617,2025-12-01,Hotel Partner,B005916,0,1,2025-26
Q004636,2025-12-01,OTA,B005939,1,1,2025-26
Q004655,2025-12-01,Walk-in,B005965,1,1,2025-26
Q009336,2025-12-01,Instagram,,0,0,2025-26
Q009873,2025-12-01,OTA,,0,0,2025-26
Q009905,2025-12-01,Walk-in,,0,0,2025-26
Q009931,2025-12-01,Walk-in,,0,0,2025-26
Q010073,2025-12-01,Website,,0,0,2025-26
Q010185,2025-12-01,OTA,,0,0,2025-26
Q010408,2025-12-01,Instagram,,0,0,2025-26
Q010665,2025-12-01,OTA,,0,0,2025-26
Q004187,2025-12-02,Instagram,B005371,1,1,2025-26
Q004235,2025-12-02,OTA,B005434,1,1,2025-26
Q004409,2025-12-02,Walk-in,B005643,0,1,2025-26
Q004469,2025-12-02,Walk-in,B005723,1,1,2025-26
Q004502,2025-12-02,OTA,B005763,0,1,2025-26
Q004517,2025-12-02,OTA,B005782,0,1,2025-26
Q004595,2025-12-02,OTA,B005891,0,1,2025-26
Q004611,2025-12-02,OTA,B005910,1,1,2025-26
Q004678,2025-12-02,Website,B005993,1,1,2025-26
Q008636,2025-12-02,Website,,0,0,2025-26
Q008729,2025-12-02,OTA,,0,0,2025-26
Q009213,2025-12-02,Hotel Partner,,0,0,2025-26
Q009876,2025-12-02,Instagram,,0,0,2025-26
Q009996,2025-12-02,Instagram,,0,0,2025-26
Q010511,2025-12-02,Walk-in,,0,0,2025-26
Q010536,2025-12-02,Instagram,,0,0,2025-26
Q004227,2025-12-03,Hotel Partner,B005423,1,1,2025-26
Q004369,2025-12-03,Walk-in,B005591,1,1,2025-26
Q004378,2025-12-03,OTA,B005603,0,1,2025-26
Q004412,2025-12-03,OTA,B005646,1,1,2025-26
Q004555,2025-12-03,Website,B005838,1,1,2025-26
Q004565,2025-12-03,Website,B005848,0,1,2025-26
Q004569,2025-12-03,Instagram,B005852,0,1,2025-26
Q004583,2025-12-03,OTA,B005872,1,1,2025-26
Q008686,2025-12-03,OTA,,0,0,2025-26
Q009501,2025-12-03,OTA,,0,0,2025-26
Q009782,2025-12-03,Website,,0,0,2025-26
Q009817,2025-12-03,OTA,,0,0,2025-26
Q009944,2025-12-03,Website,,0,0,2025-26
Q010093,2025-12-03,Hotel Partner,,0,0,2025-26
Q010131,2025-12-03,Referral,,0,0,2025-26
Q010302,2025-12-03,OTA,,0,0,2025-26
Q010826,2025-12-03,OTA,,0,0,2025-26
Q010838,2025-12-03,Instagram,,0,0,2025-26
Q004217,2025-12-04,OTA,B005411,1,1,2025-26
Q004265,2025-12-04,Instagram,B005468,0,1,2025-26
Q004377,2025-12-04,OTA,B005602,1,1,2025-26
Q004381,2025-12-04,Walk-in,B005608,0,1,2025-26
Q004393,2025-12-04,Website,B005622,1,1,2025-26
Q004480,2025-12-04,OTA,B005736,1,1,2025-26
Q004519,2025-12-04,OTA,B005785,1,1,2025-26
Q004550,2025-12-04,OTA,B005830,0,1,2025-26
Q004553,2025-12-04,Referral,B005836,1,1,2025-26
Q004607,2025-12-04,Website,B005905,0,1,2025-26
Q004613,2025-12-04,OTA,B005912,1,1,2025-26
Q004642,2025-12-04,Walk-in,B005948,1,1,2025-26
Q009429,2025-12-04,Referral,,0,0,2025-26
Q009641,2025-12-04,OTA,,0,0,2025-26
Q009766,2025-12-04,Website,,0,0,2025-26
Q010181,2025-12-04,Walk-in,,0,0,2025-26
Q010401,2025-12-04,Instagram,,0,0,2025-26
Q010567,2025-12-04,Website,,0,0,2025-26
Q010689,2025-12-04,Walk-in,,0,0,2025-26
Q004307,2025-12-05,Hotel Partner,B005519,1,1,2025-26
Q004347,2025-12-05,Walk-in,B005564,0,1,2025-26
Q004422,2025-12-05,Referral,B005662,1,1,2025-26
Q004429,2025-12-05,Referral,B005669,1,1,2025-26
Q004436,2025-12-05,Instagram,B005677,0,1,2025-26
Q004503,2025-12-05,OTA,B005764,1,1,2025-26
Q004510,2025-12-05,Website,B005773,1,1,2025-26
Q004530,2025-12-05,OTA,B005797,1,1,2025-26
Q004533,2025-12-05,Referral,B005802,0,1,2025-26
Q004540,2025-12-05,Walk-in,B005817,1,1,2025-26
Q004548,2025-12-05,Website,B005828,1,1,2025-26
Q004615,2025-12-05,Walk-in,B005914,1,1,2025-26
Q004621,2025-12-05,OTA,B005920,0,1,2025-26
Q004627,2025-12-05,OTA,B005929,0,1,2025-26
Q009005,2025-12-05,OTA,,0,0,2025-26
Q009096,2025-12-05,Website,,0,0,2025-26
Q009438,2025-12-05,Hotel Partner,,0,0,2025-26
Q009909,2025-12-05,OTA,,0,0,2025-26
Q010579,2025-12-05,OTA,,0,0,2025-26
Q004245,2025-12-06,Walk-in,B005445,1,1,2025-26
Q004290,2025-12-06,Instagram,B005498,0,1,2025-26
Q004301,2025-12-06,OTA,B005511,0,1,2025-26
Q004312,2025-12-06,Referral,B005524,1,1,2025-26
Q004326,2025-12-06,OTA,B005541,0,1,2025-26
Q004333,2025-12-06,Hotel Partner,B005549,1,1,2025-26
Q004354,2025-12-06,OTA,B005573,1,1,2025-26
Q004365,2025-12-06,OTA,B005587,0,1,2025-26
Q004420,2025-12-06,Walk-in,B005660,0,1,2025-26
Q004457,2025-12-06,Website,B005706,1,1,2025-26
Q004479,2025-12-06,Instagram,B005735,0,1,2025-26
Q004539,2025-12-06,OTA,B005816,0,1,2025-26
Q004561,2025-12-06,Walk-in,B005844,1,1,2025-26
Q004584,2025-12-06,OTA,B005875,1,1,2025-26
Q004604,2025-12-06,OTA,B005902,1,1,2025-26
Q009122,2025-12-06,OTA,,0,0,2025-26
Q009354,2025-12-06,Walk-in,,0,0,2025-26
Q009448,2025-12-06,Website,,0,0,2025-26
Q009451,2025-12-06,Referral,,0,0,2025-26
Q010118,2025-12-06,Hotel Partner,,0,0,2025-26
Q010186,2025-12-06,Website,,0,0,2025-26
Q010214,2025-12-06,Hotel Partner,,0,0,2025-26
Q010804,2025-12-06,OTA,,0,0,2025-26
Q004448,2025-12-07,OTA,B005696,1,1,2025-26
Q004599,2025-12-07,Instagram,B005897,1,1,2025-26
Q004624,2025-12-07,Instagram,B005923,1,1,2025-26
Q004630,2025-12-07,Referral,B005932,1,1,2025-26
Q004713,2025-12-07,Website,B006040,0,1,2025-26
Q008503,2025-12-07,Referral,,0,0,2025-26
Q008687,2025-12-07,Walk-in,,0,0,2025-26
Q008787,2025-12-07,Instagram,,0,0,2025-26
Q009229,2025-12-07,Website,,0,0,2025-26
Q009278,2025-12-07,Walk-in,,0,0,2025-26
Q009323,2025-12-07,Walk-in,,0,0,2025-26
Q009364,2025-12-07,OTA,,0,0,2025-26
Q009449,2025-12-07,Hotel Partner,,0,0,2025-26
Q009604,2025-12-07,Walk-in,,0,0,2025-26
Q009853,2025-12-07,Hotel Partner,,0,0,2025-26
Q010054,2025-12-07,Website,,0,0,2025-26
Q010349,2025-12-07,Website,,0,0,2025-26
Q010591,2025-12-07,Website,,0,0,2025-26
Q004372,2025-12-08,OTA,B005594,1,1,2025-26
Q004421,2025-12-08,OTA,B005661,1,1,2025-26
Q004434,2025-12-08,Walk-in,B005675,0,1,2025-26
Q004452,2025-12-08,Instagram,B005700,1,1,2025-26
Q004475,2025-12-08,Hotel Partner,B005731,1,1,2025-26
Q004618,2025-12-08,Walk-in,B005917,1,1,2025-26
Q004663,2025-12-08,Instagram,B005974,1,1,2025-26
Q004669,2025-12-08,OTA,B005983,1,1,2025-26
Q008675,2025-12-08,Instagram,,0,0,2025-26
Q008945,2025-12-08,Walk-in,,0,0,2025-26
Q009109,2025-12-08,Referral,,0,0,2025-26
Q009191,2025-12-08,Referral,,0,0,2025-26
Q009200,2025-12-08,Website,,0,0,2025-26
Q009995,2025-12-08,Hotel Partner,,0,0,2025-26
Q010229,2025-12-08,Instagram,,0,0,2025-26
Q010357,2025-12-08,OTA,,0,0,2025-26
Q010660,2025-12-08,OTA,,0,0,2025-26
Q010692,2025-12-08,Website,,0,0,2025-26
Q010766,2025-12-08,Walk-in,,0,0,2025-26
Q010777,2025-12-08,Walk-in,,0,0,2025-26
Q004363,2025-12-09,Walk-in,B005584,1,1,2025-26
Q004439,2025-12-09,Referral,B005681,1,1,2025-26
Q004451,2025-12-09,Walk-in,B005699,1,1,2025-26
Q004577,2025-12-09,OTA,B005864,0,1,2025-26
Q004582,2025-12-09,Hotel Partner,B005870,1,1,2025-26
Q004609,2025-12-09,Walk-in,B005908,0,1,2025-26
Q009529,2025-12-09,Walk-in,,0,0,2025-26
Q009589,2025-12-09,Instagram,,0,0,2025-26
Q004316,2025-12-10,Walk-in,B005528,0,1,2025-26
Q004471,2025-12-10,OTA,B005725,1,1,2025-26
Q004490,2025-12-10,Walk-in,B005748,1,1,2025-26
Q004535,2025-12-10,OTA,B005808,0,1,2025-26
Q004637,2025-12-10,OTA,B005941,0,1,2025-26
Q004706,2025-12-10,Referral,B006031,1,1,2025-26
Q004764,2025-12-10,Website,B006109,1,1,2025-26
Q008703,2025-12-10,OTA,,0,0,2025-26
Q008756,2025-12-10,Website,,0,0,2025-26
Q008816,2025-12-10,Instagram,,0,0,2025-26
Q008820,2025-12-10,Walk-in,,0,0,2025-26
Q008833,2025-12-10,Referral,,0,0,2025-26
Q009297,2025-12-10,Instagram,,0,0,2025-26
Q009521,2025-12-10,Instagram,,0,0,2025-26
Q009850,2025-12-10,OTA,,0,0,2025-26
Q010553,2025-12-10,Walk-in,,0,0,2025-26
Q004353,2025-12-11,Website,B005572,1,1,2025-26
Q004556,2025-12-11,OTA,B005839,1,1,2025-26
Q004614,2025-12-11,Walk-in,B005913,1,1,2025-26
Q004662,2025-12-11,Walk-in,B005972,1,1,2025-26
Q004668,2025-12-11,Referral,B005982,1,1,2025-26
Q004694,2025-12-11,Website,B006016,1,1,2025-26
Q004791,2025-12-11,OTA,B006143,1,1,2025-26
Q008716,2025-12-11,Website,,0,0,2025-26
Q008815,2025-12-11,OTA,,0,0,2025-26
Q008970,2025-12-11,Hotel Partner,,0,0,2025-26
Q009984,2025-12-11,OTA,,0,0,2025-26
Q010297,2025-12-11,Website,,0,0,2025-26
Q010656,2025-12-11,Walk-in,,0,0,2025-26
Q004302,2025-12-12,Referral,B005513,0,1,2025-26
Q004498,2025-12-12,Walk-in,B005759,1,1,2025-26
Q004580,2025-12-12,Walk-in,B005868,1,1,2025-26
Q004594,2025-12-12,OTA,B005886,0,1,2025-26
Q004635,2025-12-12,Referral,B005938,1,1,2025-26
Q004672,2025-12-12,OTA,B005986,1,1,2025-26
Q004682,2025-12-12,OTA,B006000,1,1,2025-26
Q004699,2025-12-12,OTA,B006024,1,1,2025-26
Q004782,2025-12-12,Walk-in,B006128,1,1,2025-26
Q008775,2025-12-12,Instagram,,0,0,2025-26
Q008891,2025-12-12,Walk-in,,0,0,2025-26
Q009017,2025-12-12,OTA,,0,0,2025-26
Q009051,2025-12-12,OTA,,0,0,2025-26
Q009527,2025-12-12,OTA,,0,0,2025-26
Q009601,2025-12-12,Website,,0,0,2025-26
Q009830,2025-12-12,OTA,,0,0,2025-26
Q009866,2025-12-12,Referral,,0,0,2025-26
Q010031,2025-12-12,Walk-in,,0,0,2025-26
Q010167,2025-12-12,Referral,,0,0,2025-26
Q010696,2025-12-12,Referral,,0,0,2025-26
Q004512,2025-12-13,Website,B005775,1,1,2025-26
Q004552,2025-12-13,Referral,B005835,1,1,2025-26
Q004610,2025-12-13,Walk-in,B005909,1,1,2025-26
Q004634,2025-12-13,Website,B005937,1,1,2025-26
Q004638,2025-12-13,Referral,B005942,0,1,2025-26
Q004670,2025-12-13,Walk-in,B005984,0,1,2025-26
Q008650,2025-12-13,Website,,0,0,2025-26
Q008959,2025-12-13,Walk-in,,0,0,2025-26
Q009489,2025-12-13,Instagram,,0,0,2025-26
Q009728,2025-12-13,OTA,,0,0,2025-26
Q009900,2025-12-13,Walk-in,,0,0,2025-26
Q009921,2025-12-13,Referral,,0,0,2025-26
Q009962,2025-12-13,Walk-in,,0,0,2025-26
Q010109,2025-12-13,Instagram,,0,0,2025-26
Q010793,2025-12-13,OTA,,0,0,2025-26
Q004385,2025-12-14,Hotel Partner,B005613,1,1,2025-26
Q004467,2025-12-14,Instagram,B005721,1,1,2025-26
Q004506,2025-12-14,Instagram,B005767,1,1,2025-26
Q004515,2025-12-14,Referral,B005779,0,1,2025-26
Q004532,2025-12-14,OTA,B005799,0,1,2025-26
Q004626,2025-12-14,Hotel Partner,B005928,1,1,2025-26
Q004652,2025-12-14,Walk-in,B005960,1,1,2025-26
Q004671,2025-12-14,Website,B005985,1,1,2025-26
Q004685,2025-12-14,Walk-in,B006004,1,1,2025-26
Q008677,2025-12-14,OTA,,0,0,2025-26
Q008986,2025-12-14,Instagram,,0,0,2025-26
Q010380,2025-12-14,Referral,,0,0,2025-26
Q010563,2025-12-14,OTA,,0,0,2025-26
Q010630,2025-12-14,Walk-in,,0,0,2025-26
Q010643,2025-12-14,OTA,,0,0,2025-26
Q004484,2025-12-15,Website,B005741,1,1,2025-26
Q004511,2025-12-15,OTA,B005774,1,1,2025-26
Q004549,2025-12-15,Referral,B005829,1,1,2025-26
Q004673,2025-12-15,Instagram,B005987,1,1,2025-26
Q004688,2025-12-15,Instagram,B006008,1,1,2025-26
Q008854,2025-12-15,Referral,,0,0,2025-26
Q008887,2025-12-15,Referral,,0,0,2025-26
Q009592,2025-12-15,Referral,,0,0,2025-26
Q009722,2025-12-15,Referral,,0,0,2025-26
Q009875,2025-12-15,OTA,,0,0,2025-26
Q010129,2025-12-15,Referral,,0,0,2025-26
Q010329,2025-12-15,Referral,,0,0,2025-26
Q010820,2025-12-15,Instagram,,0,0,2025-26
Q004430,2025-12-16,Website,B005670,1,1,2025-26
Q004438,2025-12-16,OTA,B005680,0,1,2025-26
Q004460,2025-12-16,Walk-in,B005709,1,1,2025-26
Q004495,2025-12-16,Website,B005755,1,1,2025-26
Q004559,2025-12-16,Walk-in,B005842,1,1,2025-26
Q004675,2025-12-16,Walk-in,B005990,1,1,2025-26
Q004679,2025-12-16,OTA,B005995,1,1,2025-26
Q004835,2025-12-16,OTA,B006203,0,1,2025-26
Q008649,2025-12-16,Walk-in,,0,0,2025-26
Q008974,2025-12-16,Referral,,0,0,2025-26
Q009679,2025-12-16,Referral,,0,0,2025-26
Q009786,2025-12-16,OTA,,0,0,2025-26
Q010260,2025-12-16,Website,,0,0,2025-26
Q010338,2025-12-16,Hotel Partner,,0,0,2025-26
Q010524,2025-12-16,Hotel Partner,,0,0,2025-26
Q010525,2025-12-16,Website,,0,0,2025-26
Q010732,2025-12-16,Walk-in,,0,0,2025-26
Q010770,2025-12-16,Walk-in,,0,0,2025-26
Q010787,2025-12-16,Referral,,0,0,2025-26
Q002722,2025-12-17,Website,B006144,1,1,2025-26
Q004425,2025-12-17,Website,B005665,1,1,2025-26
Q004640,2025-12-17,Hotel Partner,B005946,0,1,2025-26
Q004650,2025-12-17,Walk-in,B005958,0,1,2025-26
Q004717,2025-12-17,Walk-in,B006047,0,1,2025-26
Q004736,2025-12-17,Walk-in,B006073,1,1,2025-26
Q008530,2025-12-17,Hotel Partner,,0,0,2025-26
Q008560,2025-12-17,OTA,,0,0,2025-26
Q008843,2025-12-17,Instagram,,0,0,2025-26
Q008917,2025-12-17,Referral,,0,0,2025-26
Q009269,2025-12-17,Walk-in,,0,0,2025-26
Q009600,2025-12-17,Walk-in,,0,0,2025-26
Q009680,2025-12-17,Instagram,,0,0,2025-26
Q009874,2025-12-17,Website,,0,0,2025-26
Q009880,2025-12-17,Website,,0,0,2025-26
Q009981,2025-12-17,OTA,,0,0,2025-26
Q010277,2025-12-17,Referral,,0,0,2025-26
Q010373,2025-12-17,Referral,,0,0,2025-26
Q010508,2025-12-17,Website,,0,0,2025-26
Q010631,2025-12-17,OTA,,0,0,2025-26
Q004488,2025-12-18,Walk-in,B005746,1,1,2025-26
Q004491,2025-12-18,Referral,B005749,1,1,2025-26
Q004496,2025-12-18,OTA,B005756,1,1,2025-26
Q004586,2025-12-18,Website,B005877,0,1,2025-26
Q004588,2025-12-18,OTA,B005879,0,1,2025-26
Q004697,2025-12-18,OTA,B006020,0,1,2025-26
Q004762,2025-12-18,OTA,B006106,1,1,2025-26
Q004813,2025-12-18,OTA,B006177,0,1,2025-26
Q004845,2025-12-18,OTA,B006217,1,1,2025-26
Q009209,2025-12-18,OTA,,0,0,2025-26
Q009383,2025-12-18,Walk-in,,0,0,2025-26
Q009596,2025-12-18,OTA,,0,0,2025-26
Q009676,2025-12-18,Walk-in,,0,0,2025-26
Q009946,2025-12-18,Referral,,0,0,2025-26
Q010736,2025-12-18,Website,,0,0,2025-26
Q004410,2025-12-19,Walk-in,B005644,1,1,2025-26
Q004427,2025-12-19,Referral,B005667,0,1,2025-26
Q004492,2025-12-19,OTA,B005750,1,1,2025-26
Q004557,2025-12-19,Website,B005840,0,1,2025-26
Q004597,2025-12-19,OTA,B005893,0,1,2025-26
Q004729,2025-12-19,OTA,B006061,1,1,2025-26
Q004846,2025-12-19,Walk-in,B006219,1,1,2025-26
Q008630,2025-12-19,Website,,0,0,2025-26
Q009099,2025-12-19,Walk-in,,0,0,2025-26
Q009162,2025-12-19,Hotel Partner,,0,0,2025-26
Q009300,2025-12-19,OTA,,0,0,2025-26
Q009615,2025-12-19,Walk-in,,0,0,2025-26
Q010164,2025-12-19,OTA,,0,0,2025-26
Q010179,2025-12-19,Referral,,0,0,2025-26
Q010452,2025-12-19,Walk-in,,0,0,2025-26
Q010733,2025-12-19,OTA,,0,0,2025-26
Q000921,2025-12-20,Instagram,B005826,0,1,2025-26
Q004486,2025-12-20,Walk-in,B005743,1,1,2025-26
Q004505,2025-12-20,Website,B005766,1,1,2025-26
Q004573,2025-12-20,Website,B005860,1,1,2025-26
Q004616,2025-12-20,OTA,B005915,0,1,2025-26
Q004658,2025-12-20,OTA,B005968,0,1,2025-26
Q004702,2025-12-20,OTA,B006027,1,1,2025-26
Q004805,2025-12-20,Hotel Partner,B006161,1,1,2025-26
Q004869,2025-12-20,OTA,B006248,0,1,2025-26
Q008652,2025-12-20,OTA,,0,0,2025-26
Q008745,2025-12-20,OTA,,0,0,2025-26
Q008780,2025-12-20,Instagram,,0,0,2025-26
Q009093,2025-12-20,Website,,0,0,2025-26
Q009400,2025-12-20,OTA,,0,0,2025-26
Q009763,2025-12-20,Referral,,0,0,2025-26
Q010188,2025-12-20,Walk-in,,0,0,2025-26
Q010457,2025-12-20,Website,,0,0,2025-26
Q010654,2025-12-20,Walk-in,,0,0,2025-26
Q004473,2025-12-21,OTA,B005729,1,1,2025-26
Q004518,2025-12-21,Walk-in,B005783,1,1,2025-26
Q004526,2025-12-21,Referral,B005793,0,1,2025-26
Q004566,2025-12-21,OTA,B005849,0,1,2025-26
Q004629,2025-12-21,OTA,B005931,0,1,2025-26
Q004641,2025-12-21,Walk-in,B005947,1,1,2025-26
Q004704,2025-12-21,Instagram,B006029,1,1,2025-26
Q004730,2025-12-21,Hotel Partner,B006063,0,1,2025-26
Q004735,2025-12-21,Hotel Partner,B006070,1,1,2025-26
Q004806,2025-12-21,Instagram,B006162,1,1,2025-26
Q004857,2025-12-21,Walk-in,B006234,1,1,2025-26
Q008784,2025-12-21,OTA,,0,0,2025-26
Q009412,2025-12-21,Instagram,,0,0,2025-26
Q009545,2025-12-21,Walk-in,,0,0,2025-26
Q009584,2025-12-21,Instagram,,0,0,2025-26
Q009840,2025-12-21,OTA,,0,0,2025-26
Q010030,2025-12-21,Website,,0,0,2025-26
Q010487,2025-12-21,Website,,0,0,2025-26
Q004501,2025-12-22,OTA,B005762,1,1,2025-26
Q004546,2025-12-22,OTA,B005825,1,1,2025-26
Q004625,2025-12-22,OTA,B005926,0,1,2025-26
Q004690,2025-12-22,Website,B006012,1,1,2025-26
Q004698,2025-12-22,Website,B006022,1,1,2025-26
Q004749,2025-12-22,Walk-in,B006090,1,1,2025-26
Q004751,2025-12-22,OTA,B006092,0,1,2025-26
Q008573,2025-12-22,Website,,0,0,2025-26
Q008777,2025-12-22,OTA,,0,0,2025-26
Q009103,2025-12-22,Instagram,,0,0,2025-26
Q009124,2025-12-22,Referral,,0,0,2025-26
Q009226,2025-12-22,OTA,,0,0,2025-26
Q009737,2025-12-22,Instagram,,0,0,2025-26
Q009956,2025-12-22,OTA,,0,0,2025-26
Q010020,2025-12-22,OTA,,0,0,2025-26
Q010434,2025-12-22,Website,,0,0,2025-26
Q010720,2025-12-22,Instagram,,0,0,2025-26
Q010745,2025-12-22,Website,,0,0,2025-26
Q004536,2025-12-23,OTA,B005809,1,1,2025-26
Q004628,2025-12-23,Walk-in,B005930,0,1,2025-26
Q004644,2025-12-23,Walk-in,B005952,1,1,2025-26
Q004680,2025-12-23,OTA,B005996,0,1,2025-26
Q004683,2025-12-23,Website,B006002,1,1,2025-26
Q004734,2025-12-23,Instagram,B006068,1,1,2025-26
Q004758,2025-12-23,OTA,B006101,1,1,2025-26
Q004767,2025-12-23,Walk-in,B006113,1,1,2025-26
Q004786,2025-12-23,Referral,B006134,1,1,2025-26
Q008515,2025-12-23,OTA,,0,0,2025-26
Q008539,2025-12-23,Website,,0,0,2025-26
Q008855,2025-12-23,OTA,,0,0,2025-26
Q009008,2025-12-23,OTA,,0,0,2025-26
Q009076,2025-12-23,Website,,0,0,2025-26
Q010098,2025-12-23,OTA,,0,0,2025-26
Q010293,2025-12-23,Walk-in,,0,0,2025-26
Q010466,2025-12-23,Instagram,,0,0,2025-26
Q004455,2025-12-24,Instagram,B005704,1,1,2025-26
Q004568,2025-12-24,Website,B005851,1,1,2025-26
Q004593,2025-12-24,Walk-in,B005884,1,1,2025-26
Q004632,2025-12-24,Walk-in,B005934,1,1,2025-26
Q004656,2025-12-24,Website,B005966,1,1,2025-26
Q004709,2025-12-24,OTA,B006034,1,1,2025-26
Q004783,2025-12-24,OTA,B006130,0,1,2025-26
Q004792,2025-12-24,Walk-in,B006145,1,1,2025-26
Q004800,2025-12-24,Hotel Partner,B006156,1,1,2025-26
Q004807,2025-12-24,OTA,B006163,1,1,2025-26
Q004818,2025-12-24,OTA,B006182,0,1,2025-26
Q009284,2025-12-24,Referral,,0,0,2025-26
Q009384,2025-12-24,OTA,,0,0,2025-26
Q009634,2025-12-24,Website,,0,0,2025-26
Q009982,2025-12-24,Walk-in,,0,0,2025-26
Q010064,2025-12-24,OTA,,0,0,2025-26
Q010068,2025-12-24,Website,,0,0,2025-26
Q004507,2025-12-25,OTA,B005768,1,1,2025-26
Q004576,2025-12-25,OTA,B005863,1,1,2025-26
Q004596,2025-12-25,OTA,B005892,0,1,2025-26
Q004623,2025-12-25,OTA,B005922,0,1,2025-26
Q004753,2025-12-25,Walk-in,B006094,1,1,2025-26
Q004772,2025-12-25,Website,B006118,1,1,2025-26
Q004810,2025-12-25,OTA,B006171,0,1,2025-26
Q004838,2025-12-25,OTA,B006207,1,1,2025-26
Q008596,2025-12-25,Walk-in,,0,0,2025-26
Q008761,2025-12-25,Referral,,0,0,2025-26
Q009026,2025-12-25,Website,,0,0,2025-26
Q009172,2025-12-25,Instagram,,0,0,2025-26
Q009639,2025-12-25,Walk-in,,0,0,2025-26
Q010430,2025-12-25,Hotel Partner,,0,0,2025-26
Q010437,2025-12-25,Referral,,0,0,2025-26
Q004562,2025-12-26,Website,B005845,1,1,2025-26
Q004695,2025-12-26,OTA,B006017,0,1,2025-26
Q004724,2025-12-26,Instagram,B006056,1,1,2025-26
Q004746,2025-12-26,OTA,B006087,0,1,2025-26
Q004756,2025-12-26,OTA,B006099,1,1,2025-26
Q004799,2025-12-26,Website,B006155,0,1,2025-26
Q004823,2025-12-26,OTA,B006189,1,1,2025-26
Q004909,2025-12-26,OTA,B006300,1,1,2025-26
Q004926,2025-12-26,Walk-in,B006327,0,1,2025-26
Q008592,2025-12-26,Walk-in,,0,0,2025-26
Q008773,2025-12-26,Hotel Partner,,0,0,2025-26
Q008915,2025-12-26,Instagram,,0,0,2025-26
Q009116,2025-12-26,Website,,0,0,2025-26
Q009144,2025-12-26,Website,,0,0,2025-26
Q009540,2025-12-26,OTA,,0,0,2025-26
Q009856,2025-12-26,Website,,0,0,2025-26
Q009924,2025-12-26,OTA,,0,0,2025-26
Q010065,2025-12-26,Walk-in,,0,0,2025-26
Q010423,2025-12-26,OTA,,0,0,2025-26
Q010576,2025-12-26,OTA,,0,0,2025-26
Q004686,2025-12-27,Website,B006005,1,1,2025-26
Q004689,2025-12-27,Referral,B006010,1,1,2025-26
Q004733,2025-12-27,Referral,B006067,1,1,2025-26
Q004771,2025-12-27,Hotel Partner,B006117,1,1,2025-26
Q004775,2025-12-27,OTA,B006121,1,1,2025-26
Q004849,2025-12-27,Walk-in,B006223,1,1,2025-26
Q009322,2025-12-27,OTA,,0,0,2025-26
Q009371,2025-12-27,Walk-in,,0,0,2025-26
Q009555,2025-12-27,OTA,,0,0,2025-26
Q009777,2025-12-27,OTA,,0,0,2025-26
Q010000,2025-12-27,OTA,,0,0,2025-26
Q010360,2025-12-27,Referral,,0,0,2025-26
Q010379,2025-12-27,Website,,0,0,2025-26
Q010502,2025-12-27,Walk-in,,0,0,2025-26
Q004543,2025-12-28,Walk-in,B005821,1,1,2025-26
Q004591,2025-12-28,Website,B005882,1,1,2025-26
Q004603,2025-12-28,Hotel Partner,B005901,1,1,2025-26
Q004605,2025-12-28,Referral,B005903,1,1,2025-26
Q004631,2025-12-28,Walk-in,B005933,1,1,2025-26
Q004645,2025-12-28,Walk-in,B005953,1,1,2025-26
Q004665,2025-12-28,OTA,B005976,1,1,2025-26
Q004781,2025-12-28,Website,B006127,1,1,2025-26
Q004864,2025-12-28,Instagram,B006243,1,1,2025-26
Q004876,2025-12-28,OTA,B006257,0,1,2025-26
Q008699,2025-12-28,OTA,,0,0,2025-26
Q008829,2025-12-28,Walk-in,,0,0,2025-26
Q009254,2025-12-28,Website,,0,0,2025-26
Q009574,2025-12-28,Hotel Partner,,0,0,2025-26
Q009669,2025-12-28,Instagram,,0,0,2025-26
Q009738,2025-12-28,OTA,,0,0,2025-26
Q009980,2025-12-28,Referral,,0,0,2025-26
Q010075,2025-12-28,OTA,,0,0,2025-26
Q004581,2025-12-29,Instagram,B005869,1,1,2025-26
Q004587,2025-12-29,OTA,B005878,1,1,2025-26
Q004619,2025-12-29,OTA,B005918,0,1,2025-26
Q004653,2025-12-29,OTA,B005961,1,1,2025-26
Q004660,2025-12-29,Website,B005970,1,1,2025-26
Q004754,2025-12-29,Website,B006095,1,1,2025-26
Q004778,2025-12-29,OTA,B006124,0,1,2025-26
Q004834,2025-12-29,OTA,B006202,1,1,2025-26
Q008519,2025-12-29,Walk-in,,0,0,2025-26
Q008575,2025-12-29,OTA,,0,0,2025-26
Q008671,2025-12-29,OTA,,0,0,2025-26
Q009131,2025-12-29,OTA,,0,0,2025-26
Q009633,2025-12-29,Website,,0,0,2025-26
Q009957,2025-12-29,OTA,,0,0,2025-26
Q010050,2025-12-29,Walk-in,,0,0,2025-26
Q010086,2025-12-29,Website,,0,0,2025-26
Q010192,2025-12-29,Website,,0,0,2025-26
Q010244,2025-12-29,OTA,,0,0,2025-26
Q004470,2025-12-30,Referral,B005724,1,1,2025-26
Q004612,2025-12-30,OTA,B005911,1,1,2025-26
Q004712,2025-12-30,Hotel Partner,B006039,0,1,2025-26
Q004731,2025-12-30,Website,B006065,1,1,2025-26
Q004763,2025-12-30,Instagram,B006107,1,1,2025-26
Q004770,2025-12-30,Hotel Partner,B006116,1,1,2025-26
Q004798,2025-12-30,OTA,B006154,0,1,2025-26
Q004803,2025-12-30,Instagram,B006159,1,1,2025-26
Q004819,2025-12-30,Hotel Partner,B006183,1,1,2025-26
Q009273,2025-12-30,Walk-in,,0,0,2025-26
Q009466,2025-12-30,Instagram,,0,0,2025-26
Q009565,2025-12-30,OTA,,0,0,2025-26
Q009620,2025-12-30,Walk-in,,0,0,2025-26
Q010166,2025-12-30,Instagram,,0,0,2025-26
Q010498,2025-12-30,OTA,,0,0,2025-26
Q010520,2025-12-30,Referral,,0,0,2025-26
Q010577,2025-12-30,Referral,,0,0,2025-26
Q010705,2025-12-30,Instagram,,0,0,2025-26
Q004545,2025-12-31,Hotel Partner,B005824,1,1,2025-26
Q004647,2025-12-31,Hotel Partner,B005955,0,1,2025-26
Q004664,2025-12-31,Hotel Partner,B005975,1,1,2025-26
Q004667,2025-12-31,Website,B005979,0,1,2025-26
Q004701,2025-12-31,Website,B006026,1,1,2025-26
Q004707,2025-12-31,Website,B006032,1,1,2025-26
Q004715,2025-12-31,Website,B006045,0,1,2025-26
Q004814,2025-12-31,Website,B006178,1,1,2025-26
Q004821,2025-12-31,OTA,B006185,1,1,2025-26
Q008663,2025-12-31,Referral,,0,0,2025-26
Q008722,2025-12-31,OTA,,0,0,2025-26
Q009057,2025-12-31,Hotel Partner,,0,0,2025-26
Q009342,2025-12-31,OTA,,0,0,2025-26
Q009712,2025-12-31,Website,,0,0,2025-26
Q010644,2025-12-31,Referral,,0,0,2025-26
Q010833,2025-12-31,OTA,,0,0,2025-26
Q004598,2026-01-01,Walk-in,B005894,1,1,2025-26
Q004716,2026-01-01,Referral,B006046,1,1,2025-26
Q004727,2026-01-01,Website,B006059,0,1,2025-26
Q004789,2026-01-01,OTA,B006138,1,1,2025-26
Q004808,2026-01-01,OTA,B006165,0,1,2025-26
Q004822,2026-01-01,Hotel Partner,B006186,0,1,2025-26
Q004826,2026-01-01,OTA,B006193,1,1,2025-26
Q008625,2026-01-01,Walk-in,,0,0,2025-26
Q008946,2026-01-01,Referral,,0,0,2025-26
Q008968,2026-01-01,Instagram,,0,0,2025-26
Q009299,2026-01-01,OTA,,0,0,2025-26
Q009312,2026-01-01,OTA,,0,0,2025-26
Q010145,2026-01-01,Walk-in,,0,0,2025-26
Q004563,2026-01-02,Walk-in,B005846,1,1,2025-26
Q004651,2026-01-02,Walk-in,B005959,1,1,2025-26
Q004661,2026-01-02,Walk-in,B005971,1,1,2025-26
Q004681,2026-01-02,Hotel Partner,B005998,1,1,2025-26
Q004714,2026-01-02,OTA,B006043,0,1,2025-26
Q004721,2026-01-02,Instagram,B006052,0,1,2025-26
Q004908,2026-01-02,OTA,B006299,1,1,2025-26
Q008580,2026-01-02,OTA,,0,0,2025-26
Q008740,2026-01-02,OTA,,0,0,2025-26
Q009014,2026-01-02,Walk-in,,0,0,2025-26
Q009125,2026-01-02,OTA,,0,0,2025-26
Q009152,2026-01-02,Hotel Partner,,0,0,2025-26
Q009437,2026-01-02,Website,,0,0,2025-26
Q010444,2026-01-02,OTA,,0,0,2025-26
Q010522,2026-01-02,OTA,,0,0,2025-26
Q004601,2026-01-03,Website,B005899,1,1,2025-26
Q004648,2026-01-03,Referral,B005956,1,1,2025-26
Q004677,2026-01-03,Walk-in,B005992,1,1,2025-26
Q004693,2026-01-03,OTA,B006015,1,1,2025-26
Q004711,2026-01-03,Website,B006036,1,1,2025-26
Q004743,2026-01-03,Walk-in,B006084,1,1,2025-26
Q004761,2026-01-03,Website,B006105,1,1,2025-26
Q004873,2026-01-03,OTA,B006253,0,1,2025-26
Q004885,2026-01-03,Walk-in,B006270,1,1,2025-26
Q008905,2026-01-03,Hotel Partner,,0,0,2025-26
Q009045,2026-01-03,Walk-in,,0,0,2025-26
Q009642,2026-01-03,Walk-in,,0,0,2025-26
Q010439,2026-01-03,Instagram,,0,0,2025-26
Q010734,2026-01-03,Referral,,0,0,2025-26
Q010842,2026-01-03,OTA,,0,0,2025-26
Q004529,2026-01-04,Referral,B005796,0,1,2025-26
Q004538,2026-01-04,Walk-in,B005814,1,1,2025-26
Q004620,2026-01-04,Website,B005919,1,1,2025-26
Q004741,2026-01-04,OTA,B006080,1,1,2025-26
Q004755,2026-01-04,Referral,B006097,1,1,2025-26
Q004776,2026-01-04,Walk-in,B006122,1,1,2025-26
Q004847,2026-01-04,Website,B006220,1,1,2025-26
Q004855,2026-01-04,Website,B006229,1,1,2025-26
Q008609,2026-01-04,Website,,0,0,2025-26
Q009032,2026-01-04,Instagram,,0,0,2025-26
Q009158,2026-01-04,OTA,,0,0,2025-26
Q009253,2026-01-04,Hotel Partner,,0,0,2025-26
Q009290,2026-01-04,Referral,,0,0,2025-26
Q009433,2026-01-04,Website,,0,0,2025-26
Q009561,2026-01-04,OTA,,0,0,2025-26
Q009564,2026-01-04,OTA,,0,0,2025-26
Q010006,2026-01-04,Instagram,,0,0,2025-26
Q010018,2026-01-04,Instagram,,0,0,2025-26
Q010097,2026-01-04,OTA,,0,0,2025-26
Q010564,2026-01-04,Walk-in,,0,0,2025-26
Q010597,2026-01-04,OTA,,0,0,2025-26
Q010629,2026-01-04,Website,,0,0,2025-26
Q010675,2026-01-04,Referral,,0,0,2025-26
Q004558,2026-01-05,OTA,B005841,1,1,2025-26
Q004570,2026-01-05,OTA,B005853,1,1,2025-26
Q004602,2026-01-05,Website,B005900,0,1,2025-26
Q004654,2026-01-05,Instagram,B005964,1,1,2025-26
Q004740,2026-01-05,Hotel Partner,B006079,0,1,2025-26
Q004760,2026-01-05,OTA,B006104,1,1,2025-26
Q004766,2026-01-05,Walk-in,B006112,1,1,2025-26
Q004833,2026-01-05,Website,B006201,1,1,2025-26
Q004913,2026-01-05,Website,B006306,1,1,2025-26
Q004966,2026-01-05,OTA,B006380,0,1,2025-26
Q004968,2026-01-05,Website,B006383,1,1,2025-26
Q008541,2026-01-05,Hotel Partner,,0,0,2025-26
Q008680,2026-01-05,OTA,,0,0,2025-26
Q008724,2026-01-05,Hotel Partner,,0,0,2025-26
Q008916,2026-01-05,Referral,,0,0,2025-26
Q009019,2026-01-05,Referral,,0,0,2025-26
Q009834,2026-01-05,OTA,,0,0,2025-26
Q010367,2026-01-05,Website,,0,0,2025-26
Q010376,2026-01-05,Referral,,0,0,2025-26
Q010499,2026-01-05,OTA,,0,0,2025-26
Q010752,2026-01-05,Referral,,0,0,2025-26
Q004719,2026-01-06,Website,B006049,1,1,2025-26
Q004787,2026-01-06,Referral,B006135,0,1,2025-26
Q004893,2026-01-06,OTA,B006280,1,1,2025-26
Q008522,2026-01-06,Walk-in,,0,0,2025-26
Q008638,2026-01-06,Walk-in,,0,0,2025-26
Q009011,2026-01-06,Referral,,0,0,2025-26
Q009488,2026-01-06,OTA,,0,0,2025-26
Q009770,2026-01-06,Hotel Partner,,0,0,2025-26
Q010616,2026-01-06,Website,,0,0,2025-26
Q010763,2026-01-06,Hotel Partner,,0,0,2025-26
Q004600,2026-01-07,OTA,B005898,0,1,2025-26
Q004643,2026-01-07,Walk-in,B005950,1,1,2025-26
Q004687,2026-01-07,Website,B006006,1,1,2025-26
Q004728,2026-01-07,Hotel Partner,B006060,0,1,2025-26
Q008785,2026-01-07,Referral,,0,0,2025-26
Q008973,2026-01-07,Website,,0,0,2025-26
Q009055,2026-01-07,OTA,,0,0,2025-26
Q009211,2026-01-07,OTA,,0,0,2025-26
Q009407,2026-01-07,Instagram,,0,0,2025-26
Q009824,2026-01-07,Walk-in,,0,0,2025-26
Q009977,2026-01-07,OTA,,0,0,2025-26
Q010330,2026-01-07,Referral,,0,0,2025-26
Q010388,2026-01-07,OTA,,0,0,2025-26
Q010490,2026-01-07,OTA,,0,0,2025-26
Q010523,2026-01-07,OTA,,0,0,2025-26
Q010532,2026-01-07,Hotel Partner,,0,0,2025-26
Q010589,2026-01-07,OTA,,0,0,2025-26
Q010799,2026-01-07,Walk-in,,0,0,2025-26
Q002936,2026-01-08,Walk-in,B006317,1,1,2025-26
Q004649,2026-01-08,Hotel Partner,B005957,0,1,2025-26
Q004710,2026-01-08,Hotel Partner,B006035,1,1,2025-26
Q004718,2026-01-08,Hotel Partner,B006048,1,1,2025-26
Q004739,2026-01-08,OTA,B006078,1,1,2025-26
Q004747,2026-01-08,OTA,B006088,1,1,2025-26
Q004840,2026-01-08,OTA,B006211,1,1,2025-26
Q004842,2026-01-08,OTA,B006213,1,1,2025-26
Q004895,2026-01-08,OTA,B006282,1,1,2025-26
Q004931,2026-01-08,Walk-in,B006332,0,1,2025-26
Q004951,2026-01-08,Walk-in,B006359,1,1,2025-26
Q008518,2026-01-08,Hotel Partner,,0,0,2025-26
Q008586,2026-01-08,OTA,,0,0,2025-26
Q009145,2026-01-08,Referral,,0,0,2025-26
Q009395,2026-01-08,Walk-in,,0,0,2025-26
Q009588,2026-01-08,Walk-in,,0,0,2025-26
Q010110,2026-01-08,Website,,0,0,2025-26
Q004657,2026-01-09,Website,B005967,1,1,2025-26
Q004757,2026-01-09,Instagram,B006100,1,1,2025-26
Q004815,2026-01-09,Instagram,B006179,1,1,2025-26
Q004820,2026-01-09,Walk-in,B006184,0,1,2025-26
Q008825,2026-01-09,Hotel Partner,,0,0,2025-26
Q008935,2026-01-09,Website,,0,0,2025-26
Q009118,2026-01-09,Website,,0,0,2025-26
Q009187,2026-01-09,Instagram,,0,0,2025-26
Q009625,2026-01-09,Website,,0,0,2025-26
Q009878,2026-01-09,Walk-in,,0,0,2025-26
Q009910,2026-01-09,OTA,,0,0,2025-26
Q010008,2026-01-09,Instagram,,0,0,2025-26
Q004750,2026-01-10,Hotel Partner,B006091,1,1,2025-26
Q004809,2026-01-10,Hotel Partner,B006169,1,1,2025-26
Q004874,2026-01-10,Referral,B006254,1,1,2025-26
Q004889,2026-01-10,Referral,B006274,1,1,2025-26
Q004899,2026-01-10,OTA,B006286,1,1,2025-26
Q004924,2026-01-10,OTA,B006323,1,1,2025-26
Q008597,2026-01-10,Walk-in,,0,0,2025-26
Q008605,2026-01-10,OTA,,0,0,2025-26
Q008690,2026-01-10,Walk-in,,0,0,2025-26
Q008918,2026-01-10,OTA,,0,0,2025-26
Q009623,2026-01-10,Website,,0,0,2025-26
Q009912,2026-01-10,Website,,0,0,2025-26
Q010141,2026-01-10,Instagram,,0,0,2025-26
Q010279,2026-01-10,OTA,,0,0,2025-26
Q010470,2026-01-10,Hotel Partner,,0,0,2025-26
Q010699,2026-01-10,Walk-in,,0,0,2025-26
Q004666,2026-01-11,OTA,B005978,1,1,2025-26
Q004817,2026-01-11,OTA,B006181,1,1,2025-26
Q004837,2026-01-11,Referral,B006206,0,1,2025-26
Q004856,2026-01-11,Referral,B006231,1,1,2025-26
Q004867,2026-01-11,Instagram,B006246,0,1,2025-26
Q004870,2026-01-11,OTA,B006250,0,1,2025-26
Q004925,2026-01-11,OTA,B006325,0,1,2025-26
Q008564,2026-01-11,Walk-in,,0,0,2025-26
Q008728,2026-01-11,Walk-in,,0,0,2025-26
Q009442,2026-01-11,OTA,,0,0,2025-26
Q009455,2026-01-11,OTA,,0,0,2025-26
Q009628,2026-01-11,OTA,,0,0,2025-26
Q009797,2026-01-11,Website,,0,0,2025-26
Q009841,2026-01-11,Instagram,,0,0,2025-26
Q009965,2026-01-11,OTA,,0,0,2025-26
Q010500,2026-01-11,Walk-in,,0,0,2025-26
Q010507,2026-01-11,Instagram,,0,0,2025-26
Q010539,2026-01-11,Website,,0,0,2025-26
Q004585,2026-01-12,Instagram,B005876,1,1,2025-26
Q004674,2026-01-12,Walk-in,B005988,1,1,2025-26
Q004705,2026-01-12,OTA,B006030,1,1,2025-26
Q004726,2026-01-12,Walk-in,B006058,1,1,2025-26
Q004738,2026-01-12,Walk-in,B006076,1,1,2025-26
Q004759,2026-01-12,Instagram,B006102,1,1,2025-26
Q004896,2026-01-12,Referral,B006283,0,1,2025-26
Q004946,2026-01-12,OTA,B006353,1,1,2025-26
Q004993,2026-01-12,Walk-in,B006414,1,1,2025-26
Q005040,2026-01-12,Walk-in,B006475,1,1,2025-26
Q008511,2026-01-12,Walk-in,,0,0,2025-26
Q008551,2026-01-12,Walk-in,,0,0,2025-26
Q008772,2026-01-12,OTA,,0,0,2025-26
Q008976,2026-01-12,Walk-in,,0,0,2025-26
Q009050,2026-01-12,Instagram,,0,0,2025-26
Q009052,2026-01-12,Hotel Partner,,0,0,2025-26
Q009126,2026-01-12,OTA,,0,0,2025-26
Q010262,2026-01-12,Walk-in,,0,0,2025-26
Q010393,2026-01-12,Instagram,,0,0,2025-26
Q010421,2026-01-12,OTA,,0,0,2025-26
Q010676,2026-01-12,Website,,0,0,2025-26
Q004700,2026-01-13,Walk-in,B006025,1,1,2025-26
Q004720,2026-01-13,Website,B006050,1,1,2025-26
Q004723,2026-01-13,Referral,B006054,1,1,2025-26
Q004779,2026-01-13,Walk-in,B006125,1,1,2025-26
Q004824,2026-01-13,Website,B006191,1,1,2025-26
Q004875,2026-01-13,Instagram,B006255,0,1,2025-26
Q004883,2026-01-13,OTA,B006268,1,1,2025-26
Q004919,2026-01-13,OTA,B006314,1,1,2025-26
Q004922,2026-01-13,Instagram,B006320,1,1,2025-26
Q004941,2026-01-13,OTA,B006344,0,1,2025-26
Q004943,2026-01-13,Website,B006348,1,1,2025-26
Q004950,2026-01-13,Referral,B006358,1,1,2025-26
Q005009,2026-01-13,OTA,B006434,0,1,2025-26
Q008589,2026-01-13,Website,,0,0,2025-26
Q009551,2026-01-13,Website,,0,0,2025-26
Q010143,2026-01-13,Walk-in,,0,0,2025-26
Q010521,2026-01-13,Referral,,0,0,2025-26
Q004676,2026-01-14,Instagram,B005991,1,1,2025-26
Q004774,2026-01-14,OTA,B006120,1,1,2025-26
Q004841,2026-01-14,OTA,B006212,1,1,2025-26
Q004904,2026-01-14,Walk-in,B006294,1,1,2025-26
Q004914,2026-01-14,Walk-in,B006307,1,1,2025-26
Q005011,2026-01-14,Website,B006437,1,1,2025-26
Q008679,2026-01-14,Walk-in,,0,0,2025-26
Q008940,2026-01-14,Walk-in,,0,0,2025-26
Q009325,2026-01-14,Instagram,,0,0,2025-26
Q009504,2026-01-14,Website,,0,0,2025-26
Q009544,2026-01-14,OTA,,0,0,2025-26
Q009573,2026-01-14,Walk-in,,0,0,2025-26
Q009805,2026-01-14,Hotel Partner,,0,0,2025-26
Q010080,2026-01-14,Website,,0,0,2025-26
Q010085,2026-01-14,Walk-in,,0,0,2025-26
Q010364,2026-01-14,Hotel Partner,,0,0,2025-26
Q010387,2026-01-14,Referral,,0,0,2025-26
Q010728,2026-01-14,Website,,0,0,2025-26
Q010810,2026-01-14,OTA,,0,0,2025-26
Q004639,2026-01-15,OTA,B005945,1,1,2025-26
Q004684,2026-01-15,OTA,B006003,0,1,2025-26
Q004732,2026-01-15,Website,B006066,0,1,2025-26
Q004748,2026-01-15,OTA,B006089,1,1,2025-26
Q004795,2026-01-15,Website,B006149,1,1,2025-26
Q004831,2026-01-15,Website,B006199,1,1,2025-26
Q004879,2026-01-15,Referral,B006264,1,1,2025-26
Q004906,2026-01-15,OTA,B006296,1,1,2025-26
Q008712,2026-01-15,Walk-in,,0,0,2025-26
Q008759,2026-01-15,Walk-in,,0,0,2025-26
Q008889,2026-01-15,Hotel Partner,,0,0,2025-26
Q009148,2026-01-15,OTA,,0,0,2025-26
Q009149,2026-01-15,Website,,0,0,2025-26
Q009919,2026-01-15,Walk-in,,0,0,2025-26
Q009963,2026-01-15,Instagram,,0,0,2025-26
Q009983,2026-01-15,Walk-in,,0,0,2025-26
Q010174,2026-01-15,Website,,0,0,2025-26
Q010210,2026-01-15,Referral,,0,0,2025-26
Q010469,2026-01-15,Referral,,0,0,2025-26
Q010527,2026-01-15,OTA,,0,0,2025-26
Q010726,2026-01-15,OTA,,0,0,2025-26
Q010753,2026-01-15,OTA,,0,0,2025-26
Q004863,2026-01-16,Instagram,B006240,1,1,2025-26
Q004900,2026-01-16,Instagram,B006287,1,1,2025-26
Q005089,2026-01-16,Website,B006541,1,1,2025-26
Q008604,2026-01-16,Walk-in,,0,0,2025-26
Q008702,2026-01-16,Website,,0,0,2025-26
Q008982,2026-01-16,Walk-in,,0,0,2025-26
Q009311,2026-01-16,OTA,,0,0,2025-26
Q009700,2026-01-16,OTA,,0,0,2025-26
Q009975,2026-01-16,Walk-in,,0,0,2025-26
Q010106,2026-01-16,OTA,,0,0,2025-26
Q010178,2026-01-16,OTA,,0,0,2025-26
Q010211,2026-01-16,Website,,0,0,2025-26
Q010348,2026-01-16,OTA,,0,0,2025-26
Q010592,2026-01-16,Instagram,,0,0,2025-26
Q010641,2026-01-16,Website,,0,0,2025-26
Q004659,2026-01-17,Hotel Partner,B005969,1,1,2025-26
Q004691,2026-01-17,Instagram,B006013,1,1,2025-26
Q004692,2026-01-17,Walk-in,B006014,1,1,2025-26
Q004696,2026-01-17,OTA,B006018,0,1,2025-26
Q004722,2026-01-17,OTA,B006053,1,1,2025-26
Q004802,2026-01-17,OTA,B006158,1,1,2025-26
Q004825,2026-01-17,Referral,B006192,1,1,2025-26
Q004830,2026-01-17,Instagram,B006198,0,1,2025-26
Q004850,2026-01-17,Website,B006224,1,1,2025-26
Q004920,2026-01-17,Referral,B006318,0,1,2025-26
Q004933,2026-01-17,Referral,B006335,0,1,2025-26
Q008608,2026-01-17,Referral,,0,0,2025-26
Q009157,2026-01-17,OTA,,0,0,2025-26
Q009337,2026-01-17,Website,,0,0,2025-26
Q009734,2026-01-17,OTA,,0,0,2025-26
Q009835,2026-01-17,Website,,0,0,2025-26
Q010015,2026-01-17,Walk-in,,0,0,2025-26
Q010274,2026-01-17,Referral,,0,0,2025-26
Q010637,2026-01-17,Walk-in,,0,0,2025-26
Q010671,2026-01-17,Instagram,,0,0,2025-26
Q004646,2026-01-18,Website,B005954,1,1,2025-26
Q004708,2026-01-18,Referral,B006033,1,1,2025-26
Q004769,2026-01-18,OTA,B006115,1,1,2025-26
Q004773,2026-01-18,Referral,B006119,1,1,2025-26
Q004793,2026-01-18,Walk-in,B006146,1,1,2025-26
Q004794,2026-01-18,Website,B006148,1,1,2025-26
Q004829,2026-01-18,OTA,B006197,1,1,2025-26
Q004843,2026-01-18,Referral,B006214,1,1,2025-26
Q004865,2026-01-18,Walk-in,B006244,1,1,2025-26
Q005001,2026-01-18,Walk-in,B006424,1,1,2025-26
Q008695,2026-01-18,OTA,,0,0,2025-26
Q008990,2026-01-18,Walk-in,,0,0,2025-26
Q009044,2026-01-18,OTA,,0,0,2025-26
Q009133,2026-01-18,Website,,0,0,2025-26
Q009356,2026-01-18,Walk-in,,0,0,2025-26
Q010084,2026-01-18,Hotel Partner,,0,0,2025-26
Q004790,2026-01-19,OTA,B006141,1,1,2025-26
Q004832,2026-01-19,OTA,B006200,1,1,2025-26
Q004844,2026-01-19,Website,B006216,1,1,2025-26
Q004861,2026-01-19,Walk-in,B006238,1,1,2025-26
Q004890,2026-01-19,OTA,B006276,1,1,2025-26
Q004903,2026-01-19,Website,B006292,0,1,2025-26
Q004939,2026-01-19,OTA,B006341,1,1,2025-26
Q004955,2026-01-19,Instagram,B006366,1,1,2025-26
Q005058,2026-01-19,Instagram,B006499,1,1,2025-26
Q005067,2026-01-19,Hotel Partner,B006511,1,1,2025-26
Q008709,2026-01-19,Walk-in,,0,0,2025-26
Q008897,2026-01-19,Referral,,0,0,2025-26
Q008910,2026-01-19,Hotel Partner,,0,0,2025-26
Q009007,2026-01-19,Website,,0,0,2025-26
Q009036,2026-01-19,Walk-in,,0,0,2025-26
Q009202,2026-01-19,Referral,,0,0,2025-26
Q009210,2026-01-19,OTA,,0,0,2025-26
Q009381,2026-01-19,Website,,0,0,2025-26
Q009967,2026-01-19,Referral,,0,0,2025-26
Q010445,2026-01-19,Referral,,0,0,2025-26
Q010450,2026-01-19,Instagram,,0,0,2025-26
Q010590,2026-01-19,OTA,,0,0,2025-26
Q010845,2026-01-19,Walk-in,,0,0,2025-26
Q004744,2026-01-20,Website,B006085,1,1,2025-26
Q004812,2026-01-20,Referral,B006176,1,1,2025-26
Q004836,2026-01-20,OTA,B006204,1,1,2025-26
Q004886,2026-01-20,Walk-in,B006271,1,1,2025-26
Q004959,2026-01-20,Instagram,B006370,1,1,2025-26
Q005070,2026-01-20,OTA,B006515,1,1,2025-26
Q008633,2026-01-20,OTA,,0,0,2025-26
Q008767,2026-01-20,Walk-in,,0,0,2025-26
Q009762,2026-01-20,Walk-in,,0,0,2025-26
Q010081,2026-01-20,OTA,,0,0,2025-26
Q010094,2026-01-20,Walk-in,,0,0,2025-26
Q010224,2026-01-20,OTA,,0,0,2025-26
Q010599,2026-01-20,Website,,0,0,2025-26
Q004765,2026-01-21,OTA,B006110,1,1,2025-26
Q004887,2026-01-21,Instagram,B006272,0,1,2025-26
Q004916,2026-01-21,OTA,B006311,0,1,2025-26
Q004969,2026-01-21,Website,B006384,0,1,2025-26
Q005050,2026-01-21,Hotel Partner,B006490,1,1,2025-26
Q005087,2026-01-21,OTA,B006536,1,1,2025-26
Q008802,2026-01-21,Website,,0,0,2025-26
Q009399,2026-01-21,Walk-in,,0,0,2025-26
Q009732,2026-01-21,Walk-in,,0,0,2025-26
Q009820,2026-01-21,OTA,,0,0,2025-26
Q010495,2026-01-21,Website,,0,0,2025-26
Q010565,2026-01-21,OTA,,0,0,2025-26
Q004788,2026-01-22,Hotel Partner,B006136,1,1,2025-26
Q004796,2026-01-22,Hotel Partner,B006152,1,1,2025-26
Q004828,2026-01-22,Walk-in,B006196,1,1,2025-26
Q005035,2026-01-22,OTA,B006469,0,1,2025-26
Q005083,2026-01-22,Website,B006532,1,1,2025-26
Q008737,2026-01-22,OTA,,0,0,2025-26
Q009482,2026-01-22,Walk-in,,0,0,2025-26
Q009711,2026-01-22,Walk-in,,0,0,2025-26
Q009749,2026-01-22,OTA,,0,0,2025-26
Q009978,2026-01-22,OTA,,0,0,2025-26
Q010017,2026-01-22,Walk-in,,0,0,2025-26
Q010028,2026-01-22,Walk-in,,0,0,2025-26
Q010139,2026-01-22,Referral,,0,0,2025-26
Q010405,2026-01-22,Referral,,0,0,2025-26
Q004703,2026-01-23,Referral,B006028,1,1,2025-26
Q004737,2026-01-23,Walk-in,B006075,1,1,2025-26
Q004854,2026-01-23,Website,B006228,1,1,2025-26
Q004859,2026-01-23,OTA,B006236,1,1,2025-26
Q004932,2026-01-23,OTA,B006334,0,1,2025-26
Q008754,2026-01-23,Walk-in,,0,0,2025-26
Q009021,2026-01-23,Instagram,,0,0,2025-26
Q009095,2026-01-23,Instagram,,0,0,2025-26
Q009467,2026-01-23,Referral,,0,0,2025-26
Q009670,2026-01-23,Walk-in,,0,0,2025-26
Q009748,2026-01-23,Website,,0,0,2025-26
Q010029,2026-01-23,Walk-in,,0,0,2025-26
Q010191,2026-01-23,OTA,,0,0,2025-26
Q010193,2026-01-23,Website,,0,0,2025-26
Q010255,2026-01-23,Referral,,0,0,2025-26
Q010285,2026-01-23,Hotel Partner,,0,0,2025-26
Q003826,2026-01-24,Hotel Partner,B006131,1,1,2025-26
Q004804,2026-01-24,Hotel Partner,B006160,1,1,2025-26
Q004816,2026-01-24,Website,B006180,1,1,2025-26
Q004929,2026-01-24,Referral,B006330,1,1,2025-26
Q004973,2026-01-24,Instagram,B006388,1,1,2025-26
Q004987,2026-01-24,OTA,B006405,1,1,2025-26
Q004988,2026-01-24,OTA,B006406,0,1,2025-26
Q005004,2026-01-24,OTA,B006429,0,1,2025-26
Q009343,2026-01-24,Referral,,0,0,2025-26
Q009355,2026-01-24,Hotel Partner,,0,0,2025-26
Q009848,2026-01-24,Walk-in,,0,0,2025-26
Q009858,2026-01-24,OTA,,0,0,2025-26
Q010283,2026-01-24,OTA,,0,0,2025-26
Q010289,2026-01-24,OTA,,0,0,2025-26
Q010436,2026-01-24,OTA,,0,0,2025-26
Q010455,2026-01-24,Hotel Partner,,0,0,2025-26
Q004780,2026-01-25,Walk-in,B006126,1,1,2025-26
Q004785,2026-01-25,OTA,B006133,1,1,2025-26
Q004853,2026-01-25,OTA,B006227,1,1,2025-26
Q004892,2026-01-25,Referral,B006278,1,1,2025-26
Q004917,2026-01-25,Referral,B006312,0,1,2025-26
Q004961,2026-01-25,OTA,B006373,1,1,2025-26
Q005000,2026-01-25,Website,B006423,1,1,2025-26
Q005081,2026-01-25,OTA,B006530,1,1,2025-26
Q008776,2026-01-25,OTA,,0,0,2025-26
Q009038,2026-01-25,Instagram,,0,0,2025-26
Q009147,2026-01-25,Walk-in,,0,0,2025-26
Q009190,2026-01-25,OTA,,0,0,2025-26
Q010038,2026-01-25,Hotel Partner,,0,0,2025-26
Q010319,2026-01-25,OTA,,0,0,2025-26
Q010516,2026-01-25,OTA,,0,0,2025-26
Q010634,2026-01-25,Walk-in,,0,0,2025-26
Q004860,2026-01-26,Website,B006237,1,1,2025-26
Q004937,2026-01-26,OTA,B006339,1,1,2025-26
Q004970,2026-01-26,OTA,B006385,0,1,2025-26
Q004990,2026-01-26,OTA,B006408,1,1,2025-26
Q005014,2026-01-26,Instagram,B006441,1,1,2025-26
Q008533,2026-01-26,Instagram,,0,0,2025-26
Q008606,2026-01-26,OTA,,0,0,2025-26
Q008977,2026-01-26,OTA,,0,0,2025-26
Q009208,2026-01-26,Walk-in,,0,0,2025-26
Q004752,2026-01-27,Walk-in,B006093,1,1,2025-26
Q004768,2026-01-27,Instagram,B006114,1,1,2025-26
Q004797,2026-01-27,Website,B006153,0,1,2025-26
Q004852,2026-01-27,OTA,B006226,1,1,2025-26
Q004944,2026-01-27,Referral,B006350,1,1,2025-26
Q004960,2026-01-27,OTA,B006371,1,1,2025-26
Q004999,2026-01-27,OTA,B006421,1,1,2025-26
Q005053,2026-01-27,OTA,B006493,0,1,2025-26
Q005064,2026-01-27,Hotel Partner,B006506,0,1,2025-26
Q005080,2026-01-27,Hotel Partner,B006529,1,1,2025-26
Q005085,2026-01-27,OTA,B006534,0,1,2025-26
Q005098,2026-01-27,Walk-in,B006554,1,1,2025-26
Q005099,2026-01-27,Walk-in,B006555,1,1,2025-26
Q008607,2026-01-27,Website,,0,0,2025-26
Q008801,2026-01-27,Referral,,0,0,2025-26
Q008953,2026-01-27,Walk-in,,0,0,2025-26
Q009010,2026-01-27,OTA,,0,0,2025-26
Q009416,2026-01-27,Instagram,,0,0,2025-26
Q009550,2026-01-27,Referral,,0,0,2025-26
Q009896,2026-01-27,OTA,,0,0,2025-26
Q010237,2026-01-27,Website,,0,0,2025-26
Q010566,2026-01-27,OTA,,0,0,2025-26
Q010613,2026-01-27,Instagram,,0,0,2025-26
Q010707,2026-01-27,Walk-in,,0,0,2025-26
Q010712,2026-01-27,OTA,,0,0,2025-26
Q004725,2026-01-28,Walk-in,B006057,0,1,2025-26
Q004742,2026-01-28,Website,B006083,1,1,2025-26
Q004801,2026-01-28,OTA,B006157,1,1,2025-26
Q004839,2026-01-28,OTA,B006210,1,1,2025-26
Q004872,2026-01-28,Website,B006252,0,1,2025-26
Q004948,2026-01-28,Website,B006355,1,1,2025-26
Q004949,2026-01-28,Website,B006357,0,1,2025-26
Q005007,2026-01-28,Walk-in,B006432,1,1,2025-26
Q005043,2026-01-28,Instagram,B006480,1,1,2025-26
Q005102,2026-01-28,Website,B006560,1,1,2025-26
Q009161,2026-01-28,Hotel Partner,,0,0,2025-26
Q009241,2026-01-28,OTA,,0,0,2025-26
Q009363,2026-01-28,Referral,,0,0,2025-26
Q009622,2026-01-28,Website,,0,0,2025-26
Q010288,2026-01-28,OTA,,0,0,2025-26
Q010396,2026-01-28,Hotel Partner,,0,0,2025-26
Q010547,2026-01-28,Instagram,,0,0,2025-26
Q010626,2026-01-28,OTA,,0,0,2025-26
Q010807,2026-01-28,OTA,,0,0,2025-26
Q004777,2026-01-29,OTA,B006123,0,1,2025-26
Q004784,2026-01-29,OTA,B006132,1,1,2025-26
Q004811,2026-01-29,Website,B006175,1,1,2025-26
Q004878,2026-01-29,OTA,B006261,0,1,2025-26
Q004881,2026-01-29,OTA,B006266,1,1,2025-26
Q004894,2026-01-29,OTA,B006281,0,1,2025-26
Q004934,2026-01-29,Website,B006336,1,1,2025-26
Q004980,2026-01-29,Walk-in,B006397,1,1,2025-26
Q004994,2026-01-29,OTA,B006415,0,1,2025-26
Q005025,2026-01-29,OTA,B006456,0,1,2025-26
Q005146,2026-01-29,Instagram,B006615,1,1,2025-26
Q008892,2026-01-29,Instagram,,0,0,2025-26
Q009174,2026-01-29,OTA,,0,0,2025-26
Q009214,2026-01-29,Website,,0,0,2025-26
Q009445,2026-01-29,Website,,0,0,2025-26
Q009487,2026-01-29,Instagram,,0,0,2025-26
Q009799,2026-01-29,OTA,,0,0,2025-26
Q009809,2026-01-29,Walk-in,,0,0,2025-26
Q009865,2026-01-29,Website,,0,0,2025-26
Q010116,2026-01-29,Website,,0,0,2025-26
Q010149,2026-01-29,Website,,0,0,2025-26
Q010403,2026-01-29,Instagram,,0,0,2025-26
Q010713,2026-01-29,Hotel Partner,,0,0,2025-26
Q010731,2026-01-29,OTA,,0,0,2025-26
Q004745,2026-01-30,Instagram,B006086,1,1,2025-26
Q004858,2026-01-30,OTA,B006235,0,1,2025-26
Q004958,2026-01-30,Website,B006369,1,1,2025-26
Q005013,2026-01-30,Walk-in,B006439,1,1,2025-26
Q005021,2026-01-30,Walk-in,B006449,0,1,2025-26
Q005026,2026-01-30,OTA,B006457,1,1,2025-26
Q005031,2026-01-30,OTA,B006465,1,1,2025-26
Q005057,2026-01-30,OTA,B006498,0,1,2025-26
Q008769,2026-01-30,OTA,,0,0,2025-26
Q009015,2026-01-30,OTA,,0,0,2025-26
Q009207,2026-01-30,OTA,,0,0,2025-26
Q009271,2026-01-30,Walk-in,,0,0,2025-26
Q009368,2026-01-30,Website,,0,0,2025-26
Q009486,2026-01-30,Walk-in,,0,0,2025-26
Q009949,2026-01-30,Instagram,,0,0,2025-26
Q010440,2026-01-30,Instagram,,0,0,2025-26
Q010562,2026-01-30,OTA,,0,0,2025-26
Q003019,2026-01-31,Hotel Partner,B006172,1,1,2025-26
Q004923,2026-01-31,Walk-in,B006322,1,1,2025-26
Q005084,2026-01-31,OTA,B006533,1,1,2025-26
Q005106,2026-01-31,Walk-in,B006564,1,1,2025-26
Q008844,2026-01-31,Instagram,,0,0,2025-26
Q009373,2026-01-31,Walk-in,,0,0,2025-26
Q009654,2026-01-31,OTA,,0,0,2025-26
Q010027,2026-01-31,Website,,0,0,2025-26
Q010786,2026-01-31,Hotel Partner,,0,0,2025-26
Q004827,2026-02-01,OTA,B006195,0,1,2025-26
Q004928,2026-02-01,Walk-in,B006329,1,1,2025-26
Q004962,2026-02-01,Hotel Partner,B006375,1,1,2025-26
Q004964,2026-02-01,Hotel Partner,B006377,1,1,2025-26
Q004974,2026-02-01,OTA,B006389,1,1,2025-26
Q004997,2026-02-01,Instagram,B006418,1,1,2025-26
Q004998,2026-02-01,Hotel Partner,B006419,1,1,2025-26
Q005012,2026-02-01,Hotel Partner,B006438,1,1,2025-26
Q005062,2026-02-01,Walk-in,B006503,1,1,2025-26
Q005123,2026-02-01,OTA,B006587,1,1,2025-26
Q005130,2026-02-01,OTA,B006594,1,1,2025-26
Q008624,2026-02-01,Instagram,,0,0,2025-26
Q008672,2026-02-01,Walk-in,,0,0,2025-26
Q008746,2026-02-01,Instagram,,0,0,2025-26
Q008821,2026-02-01,Instagram,,0,0,2025-26
Q008856,2026-02-01,OTA,,0,0,2025-26
Q009379,2026-02-01,Walk-in,,0,0,2025-26
Q009543,2026-02-01,OTA,,0,0,2025-26
Q009872,2026-02-01,OTA,,0,0,2025-26
Q010153,2026-02-01,OTA,,0,0,2025-26
Q004891,2026-02-02,Website,B006277,1,1,2025-26
Q004915,2026-02-02,Instagram,B006308,0,1,2025-26
Q004952,2026-02-02,Instagram,B006361,0,1,2025-26
Q004967,2026-02-02,Walk-in,B006382,1,1,2025-26
Q005051,2026-02-02,Hotel Partner,B006491,1,1,2025-26
Q005092,2026-02-02,Walk-in,B006546,1,1,2025-26
Q005198,2026-02-02,Hotel Partner,B006690,1,1,2025-26
Q008627,2026-02-02,OTA,,0,0,2025-26
Q008826,2026-02-02,Website,,0,0,2025-26
Q008898,2026-02-02,Website,,0,0,2025-26
Q009086,2026-02-02,Referral,,0,0,2025-26
Q009635,2026-02-02,Walk-in,,0,0,2025-26
Q009667,2026-02-02,Hotel Partner,,0,0,2025-26
Q009707,2026-02-02,Walk-in,,0,0,2025-26
Q010095,2026-02-02,Walk-in,,0,0,2025-26
Q010334,2026-02-02,Hotel Partner,,0,0,2025-26
Q010783,2026-02-02,Walk-in,,0,0,2025-26
Q004851,2026-02-03,OTA,B006225,1,1,2025-26
Q004907,2026-02-03,Hotel Partner,B006297,0,1,2025-26
Q004927,2026-02-03,Walk-in,B006328,0,1,2025-26
Q004972,2026-02-03,OTA,B006387,0,1,2025-26
Q005018,2026-02-03,OTA,B006445,1,1,2025-26
Q005101,2026-02-03,OTA,B006558,0,1,2025-26
Q005163,2026-02-03,Walk-in,B006641,1,1,2025-26
Q005172,2026-02-03,Referral,B006653,1,1,2025-26
Q008989,2026-02-03,Walk-in,,0,0,2025-26
Q009341,2026-02-03,Instagram,,0,0,2025-26
Q010542,2026-02-03,Referral,,0,0,2025-26
Q010739,2026-02-03,OTA,,0,0,2025-26
Q010789,2026-02-03,Website,,0,0,2025-26
Q004848,2026-02-04,Referral,B006221,1,1,2025-26
Q004866,2026-02-04,Walk-in,B006245,1,1,2025-26
Q004918,2026-02-04,Referral,B006313,1,1,2025-26
Q004938,2026-02-04,Instagram,B006340,1,1,2025-26
Q004995,2026-02-04,OTA,B006416,1,1,2025-26
Q005066,2026-02-04,Website,B006509,1,1,2025-26
Q005069,2026-02-04,Walk-in,B006514,0,1,2025-26
Q005118,2026-02-04,Website,B006579,0,1,2025-26
Q005126,2026-02-04,OTA,B006590,0,1,2025-26
Q005202,2026-02-04,Walk-in,B006694,1,1,2025-26
Q005209,2026-02-04,Walk-in,B006703,0,1,2025-26
Q008848,2026-02-04,Referral,,0,0,2025-26
Q008925,2026-02-04,Hotel Partner,,0,0,2025-26
Q009332,2026-02-04,Website,,0,0,2025-26
Q009370,2026-02-04,OTA,,0,0,2025-26
Q009509,2026-02-04,Walk-in,,0,0,2025-26
Q009524,2026-02-04,OTA,,0,0,2025-26
Q010275,2026-02-04,OTA,,0,0,2025-26
Q010409,2026-02-04,Referral,,0,0,2025-26
Q010815,2026-02-04,Hotel Partner,,0,0,2025-26
Q004935,2026-02-05,Referral,B006337,0,1,2025-26
Q004971,2026-02-05,Website,B006386,1,1,2025-26
Q004975,2026-02-05,Walk-in,B006390,1,1,2025-26
Q004984,2026-02-05,Website,B006402,1,1,2025-26
Q005044,2026-02-05,Hotel Partner,B006481,0,1,2025-26
Q005153,2026-02-05,OTA,B006625,1,1,2025-26
Q005194,2026-02-05,Hotel Partner,B006685,1,1,2025-26
Q009186,2026-02-05,OTA,,0,0,2025-26
Q009222,2026-02-05,OTA,,0,0,2025-26
Q009937,2026-02-05,Referral,,0,0,2025-26
Q010212,2026-02-05,Hotel Partner,,0,0,2025-26
Q010476,2026-02-05,Hotel Partner,,0,0,2025-26
Q010697,2026-02-05,OTA,,0,0,2025-26
Q010808,2026-02-05,OTA,,0,0,2025-26
Q005002,2026-02-06,Referral,B006426,1,1,2025-26
Q005019,2026-02-06,Hotel Partner,B006446,1,1,2025-26
Q005095,2026-02-06,Walk-in,B006550,1,1,2025-26
Q005145,2026-02-06,Referral,B006613,1,1,2025-26
Q008571,2026-02-06,OTA,,0,0,2025-26
Q008631,2026-02-06,Website,,0,0,2025-26
Q008757,2026-02-06,OTA,,0,0,2025-26
Q008779,2026-02-06,OTA,,0,0,2025-26
Q008794,2026-02-06,OTA,,0,0,2025-26
Q009113,2026-02-06,Hotel Partner,,0,0,2025-26
Q009558,2026-02-06,OTA,,0,0,2025-26
Q009627,2026-02-06,Hotel Partner,,0,0,2025-26
Q009804,2026-02-06,Instagram,,0,0,2025-26
Q009994,2026-02-06,Walk-in,,0,0,2025-26
Q010238,2026-02-06,OTA,,0,0,2025-26
Q010307,2026-02-06,Hotel Partner,,0,0,2025-26
Q010428,2026-02-06,Instagram,,0,0,2025-26
Q010545,2026-02-06,OTA,,0,0,2025-26
Q010548,2026-02-06,OTA,,0,0,2025-26
Q005032,2026-02-07,OTA,B006466,1,1,2025-26
Q005103,2026-02-07,Walk-in,B006561,1,1,2025-26
Q008558,2026-02-07,Hotel Partner,,0,0,2025-26
Q008783,2026-02-07,OTA,,0,0,2025-26
Q008998,2026-02-07,OTA,,0,0,2025-26
Q009571,2026-02-07,Referral,,0,0,2025-26
Q009798,2026-02-07,Walk-in,,0,0,2025-26
Q010142,2026-02-07,OTA,,0,0,2025-26
Q010383,2026-02-07,OTA,,0,0,2025-26
Q010402,2026-02-07,Website,,0,0,2025-26
Q010824,2026-02-07,Referral,,0,0,2025-26
Q004880,2026-02-08,OTA,B006265,1,1,2025-26
Q004898,2026-02-08,Website,B006285,1,1,2025-26
Q004905,2026-02-08,OTA,B006295,1,1,2025-26
Q004977,2026-02-08,OTA,B006394,1,1,2025-26
Q005024,2026-02-08,Walk-in,B006455,1,1,2025-26
Q005038,2026-02-08,OTA,B006473,0,1,2025-26
Q005046,2026-02-08,OTA,B006484,0,1,2025-26
Q005176,2026-02-08,Referral,B006658,0,1,2025-26
Q008557,2026-02-08,Referral,,0,0,2025-26
Q008684,2026-02-08,Walk-in,,0,0,2025-26
Q009276,2026-02-08,Website,,0,0,2025-26
Q009457,2026-02-08,Instagram,,0,0,2025-26
Q009724,2026-02-08,Walk-in,,0,0,2025-26
Q009979,2026-02-08,Website,,0,0,2025-26
Q010126,2026-02-08,Walk-in,,0,0,2025-26
Q004871,2026-02-09,OTA,B006251,0,1,2025-26
Q004963,2026-02-09,Instagram,B006376,1,1,2025-26
Q005010,2026-02-09,OTA,B006435,1,1,2025-26
Q005093,2026-02-09,Hotel Partner,B006548,1,1,2025-26
Q005104,2026-02-09,Walk-in,B006562,1,1,2025-26
Q005136,2026-02-09,Hotel Partner,B006601,0,1,2025-26
Q008936,2026-02-09,Instagram,,0,0,2025-26
Q009462,2026-02-09,Walk-in,,0,0,2025-26
Q009854,2026-02-09,OTA,,0,0,2025-26
Q009922,2026-02-09,Hotel Partner,,0,0,2025-26
Q009934,2026-02-09,OTA,,0,0,2025-26
Q010040,2026-02-09,OTA,,0,0,2025-26
Q010128,2026-02-09,OTA,,0,0,2025-26
Q010326,2026-02-09,OTA,,0,0,2025-26
Q010774,2026-02-09,OTA,,0,0,2025-26
Q010791,2026-02-09,Referral,,0,0,2025-26
Q004945,2026-02-10,OTA,B006351,0,1,2025-26
Q004957,2026-02-10,Website,B006368,1,1,2025-26
Q005008,2026-02-10,Instagram,B006433,1,1,2025-26
Q005022,2026-02-10,Instagram,B006453,1,1,2025-26
Q005107,2026-02-10,OTA,B006566,0,1,2025-26
Q005139,2026-02-10,Walk-in,B006605,1,1,2025-26
Q005151,2026-02-10,Instagram,B006623,1,1,2025-26
Q005203,2026-02-10,OTA,B006696,1,1,2025-26
Q008849,2026-02-10,OTA,,0,0,2025-26
Q009156,2026-02-10,Walk-in,,0,0,2025-26
Q009194,2026-02-10,OTA,,0,0,2025-26
Q009260,2026-02-10,Walk-in,,0,0,2025-26
Q009560,2026-02-10,Referral,,0,0,2025-26
Q009761,2026-02-10,Website,,0,0,2025-26
Q010144,2026-02-10,Website,,0,0,2025-26
Q010451,2026-02-10,Walk-in,,0,0,2025-26
Q010615,2026-02-10,Website,,0,0,2025-26
Q004882,2026-02-11,Hotel Partner,B006267,1,1,2025-26
Q004910,2026-02-11,Referral,B006301,1,1,2025-26
Q004930,2026-02-11,Instagram,B006331,0,1,2025-26
Q004954,2026-02-11,OTA,B006365,0,1,2025-26
Q004989,2026-02-11,Walk-in,B006407,1,1,2025-26
Q005005,2026-02-11,OTA,B006430,1,1,2025-26
Q005020,2026-02-11,OTA,B006448,0,1,2025-26
Q005039,2026-02-11,Hotel Partner,B006474,1,1,2025-26
Q005052,2026-02-11,Walk-in,B006492,1,1,2025-26
Q005096,2026-02-11,Walk-in,B006551,1,1,2025-26
Q005117,2026-02-11,Walk-in,B006578,1,1,2025-26
Q005141,2026-02-11,Website,B006607,1,1,2025-26
Q005149,2026-02-11,Website,B006620,0,1,2025-26
Q005204,2026-02-11,Hotel Partner,B006697,1,1,2025-26
Q008528,2026-02-11,Hotel Partner,,0,0,2025-26
Q008626,2026-02-11,Website,,0,0,2025-26
Q009001,2026-02-11,OTA,,0,0,2025-26
Q009212,2026-02-11,Referral,,0,0,2025-26
Q009459,2026-02-11,Instagram,,0,0,2025-26
Q009742,2026-02-11,Instagram,,0,0,2025-26
Q009765,2026-02-11,Referral,,0,0,2025-26
Q010035,2026-02-11,OTA,,0,0,2025-26
Q010037,2026-02-11,Website,,0,0,2025-26
Q010292,2026-02-11,OTA,,0,0,2025-26
Q010612,2026-02-11,OTA,,0,0,2025-26
Q010686,2026-02-11,Hotel Partner,,0,0,2025-26
Q004888,2026-02-12,OTA,B006273,0,1,2025-26
Q004897,2026-02-12,OTA,B006284,1,1,2025-26
Q004912,2026-02-12,Hotel Partner,B006303,1,1,2025-26
Q005006,2026-02-12,Instagram,B006431,1,1,2025-26
Q005034,2026-02-12,Hotel Partner,B006468,1,1,2025-26
Q005125,2026-02-12,OTA,B006589,1,1,2025-26
Q005175,2026-02-12,Walk-in,B006656,0,1,2025-26
Q008553,2026-02-12,Referral,,0,0,2025-26
Q009164,2026-02-12,Website,,0,0,2025-26
Q009289,2026-02-12,OTA,,0,0,2025-26
Q009610,2026-02-12,Hotel Partner,,0,0,2025-26
Q010060,2026-02-12,OTA,,0,0,2025-26
Q010091,2026-02-12,OTA,,0,0,2025-26
Q010124,2026-02-12,Referral,,0,0,2025-26
Q010276,2026-02-12,Website,,0,0,2025-26
Q010363,2026-02-12,Walk-in,,0,0,2025-26
Q010471,2026-02-12,OTA,,0,0,2025-26
Q010489,2026-02-12,OTA,,0,0,2025-26
Q010530,2026-02-12,Website,,0,0,2025-26
Q010758,2026-02-12,OTA,,0,0,2025-26
Q004884,2026-02-13,OTA,B006269,1,1,2025-26
Q004936,2026-02-13,OTA,B006338,1,1,2025-26
Q004940,2026-02-13,Website,B006343,1,1,2025-26
Q004983,2026-02-13,Walk-in,B006401,1,1,2025-26
Q005029,2026-02-13,Walk-in,B006462,1,1,2025-26
Q005147,2026-02-13,Instagram,B006617,1,1,2025-26
Q005215,2026-02-13,OTA,B006711,0,1,2025-26
Q009353,2026-02-13,Hotel Partner,,0,0,2025-26
Q009440,2026-02-13,Hotel Partner,,0,0,2025-26
Q009687,2026-02-13,OTA,,0,0,2025-26
Q009713,2026-02-13,OTA,,0,0,2025-26
Q009851,2026-02-13,Walk-in,,0,0,2025-26
Q010177,2026-02-13,Walk-in,,0,0,2025-26
Q010432,2026-02-13,OTA,,0,0,2025-26
Q010517,2026-02-13,Website,,0,0,2025-26
Q010790,2026-02-13,Instagram,,0,0,2025-26
Q004862,2026-02-14,OTA,B006239,0,1,2025-26
Q005041,2026-02-14,Referral,B006477,1,1,2025-26
Q005049,2026-02-14,OTA,B006489,1,1,2025-26
Q005074,2026-02-14,Walk-in,B006520,1,1,2025-26
Q005079,2026-02-14,Instagram,B006528,1,1,2025-26
Q005111,2026-02-14,OTA,B006571,1,1,2025-26
Q005120,2026-02-14,Hotel Partner,B006583,0,1,2025-26
Q005131,2026-02-14,Hotel Partner,B006596,0,1,2025-26
Q005174,2026-02-14,Instagram,B006655,1,1,2025-26
Q005188,2026-02-14,OTA,B006679,0,1,2025-26
Q008578,2026-02-14,Hotel Partner,,0,0,2025-26
Q008628,2026-02-14,Instagram,,0,0,2025-26
Q009231,2026-02-14,Walk-in,,0,0,2025-26
Q009367,2026-02-14,OTA,,0,0,2025-26
Q009607,2026-02-14,OTA,,0,0,2025-26
Q009778,2026-02-14,OTA,,0,0,2025-26
Q010217,2026-02-14,OTA,,0,0,2025-26
Q010252,2026-02-14,Referral,,0,0,2025-26
Q010687,2026-02-14,Hotel Partner,,0,0,2025-26
Q004902,2026-02-15,Instagram,B006291,1,1,2025-26
Q004921,2026-02-15,OTA,B006319,1,1,2025-26
Q004965,2026-02-15,OTA,B006378,1,1,2025-26
Q005042,2026-02-15,Instagram,B006478,1,1,2025-26
Q005063,2026-02-15,Website,B006504,1,1,2025-26
Q005065,2026-02-15,Referral,B006508,1,1,2025-26
Q005086,2026-02-15,Instagram,B006535,1,1,2025-26
Q005162,2026-02-15,Instagram,B006638,0,1,2025-26
Q005248,2026-02-15,Instagram,B006750,1,1,2025-26
Q008750,2026-02-15,Instagram,,0,0,2025-26
Q008760,2026-02-15,Walk-in,,0,0,2025-26
Q009695,2026-02-15,Website,,0,0,2025-26
Q010554,2026-02-15,OTA,,0,0,2025-26
Q010572,2026-02-15,Referral,,0,0,2025-26
Q004978,2026-02-16,Instagram,B006395,0,1,2025-26
Q005027,2026-02-16,Website,B006459,1,1,2025-26
Q005121,2026-02-16,Referral,B006585,0,1,2025-26
Q005134,2026-02-16,Instagram,B006599,0,1,2025-26
Q005148,2026-02-16,Walk-in,B006618,0,1,2025-26
Q008870,2026-02-16,Hotel Partner,,0,0,2025-26
Q009160,2026-02-16,OTA,,0,0,2025-26
Q009265,2026-02-16,Website,,0,0,2025-26
Q009461,2026-02-16,OTA,,0,0,2025-26
Q010111,2026-02-16,OTA,,0,0,2025-26
Q010474,2026-02-16,OTA,,0,0,2025-26
Q004868,2026-02-17,OTA,B006247,0,1,2025-26
Q004877,2026-02-17,OTA,B006258,0,1,2025-26
Q004942,2026-02-17,Hotel Partner,B006347,1,1,2025-26
Q004956,2026-02-17,Hotel Partner,B006367,0,1,2025-26
Q004992,2026-02-17,Walk-in,B006411,1,1,2025-26
Q005023,2026-02-17,OTA,B006454,1,1,2025-26
Q005056,2026-02-17,Hotel Partner,B006496,0,1,2025-26
Q005075,2026-02-17,Website,B006521,0,1,2025-26
Q005100,2026-02-17,Hotel Partner,B006556,1,1,2025-26
Q005144,2026-02-17,OTA,B006612,1,1,2025-26
Q005165,2026-02-17,OTA,B006643,0,1,2025-26
Q005217,2026-02-17,Hotel Partner,B006713,0,1,2025-26
Q005264,2026-02-17,Instagram,B006776,0,1,2025-26
Q005268,2026-02-17,Instagram,B006781,1,1,2025-26
Q005286,2026-02-17,Website,B006801,1,1,2025-26
Q008823,2026-02-17,Walk-in,,0,0,2025-26
Q008922,2026-02-17,Walk-in,,0,0,2025-26
Q008985,2026-02-17,OTA,,0,0,2025-26
Q009004,2026-02-17,Referral,,0,0,2025-26
Q009042,2026-02-17,OTA,,0,0,2025-26
Q009376,2026-02-17,OTA,,0,0,2025-26
Q009414,2026-02-17,OTA,,0,0,2025-26
Q009426,2026-02-17,OTA,,0,0,2025-26
Q009974,2026-02-17,OTA,,0,0,2025-26
Q010096,2026-02-17,OTA,,0,0,2025-26
Q010301,2026-02-17,OTA,,0,0,2025-26
Q010340,2026-02-17,Website,,0,0,2025-26
Q010620,2026-02-17,Walk-in,,0,0,2025-26
Q010748,2026-02-17,Instagram,,0,0,2025-26
Q004947,2026-02-18,OTA,B006354,1,1,2025-26
Q005017,2026-02-18,Hotel Partner,B006444,1,1,2025-26
Q005055,2026-02-18,OTA,B006495,1,1,2025-26
Q005071,2026-02-18,Walk-in,B006517,0,1,2025-26
Q005088,2026-02-18,OTA,B006539,1,1,2025-26
Q005094,2026-02-18,Walk-in,B006549,1,1,2025-26
Q005110,2026-02-18,Walk-in,B006569,1,1,2025-26
Q005115,2026-02-18,Walk-in,B006576,1,1,2025-26
Q005122,2026-02-18,Hotel Partner,B006586,1,1,2025-26
Q005156,2026-02-18,OTA,B006629,1,1,2025-26
Q005260,2026-02-18,Website,B006769,1,1,2025-26
Q005288,2026-02-18,Hotel Partner,B006805,1,1,2025-26
Q008639,2026-02-18,Walk-in,,0,0,2025-26
Q008681,2026-02-18,OTA,,0,0,2025-26
Q009013,2026-02-18,Website,,0,0,2025-26
Q009053,2026-02-18,Instagram,,0,0,2025-26
Q009640,2026-02-18,Walk-in,,0,0,2025-26
Q009690,2026-02-18,Instagram,,0,0,2025-26
Q009871,2026-02-18,OTA,,0,0,2025-26
Q009938,2026-02-18,Instagram,,0,0,2025-26
Q010653,2026-02-18,Referral,,0,0,2025-26
Q010750,2026-02-18,Website,,0,0,2025-26
Q004976,2026-02-19,OTA,B006393,1,1,2025-26
Q004979,2026-02-19,OTA,B006396,0,1,2025-26
Q004981,2026-02-19,Website,B006398,1,1,2025-26
Q004985,2026-02-19,Referral,B006403,1,1,2025-26
Q005116,2026-02-19,Website,B006577,0,1,2025-26
Q005143,2026-02-19,OTA,B006611,1,1,2025-26
Q005180,2026-02-19,Walk-in,B006666,1,1,2025-26
Q005242,2026-02-19,OTA,B006743,1,1,2025-26
Q008871,2026-02-19,Referral,,0,0,2025-26
Q008931,2026-02-19,Website,,0,0,2025-26
Q009398,2026-02-19,OTA,,0,0,2025-26
Q009986,2026-02-19,Walk-in,,0,0,2025-26
Q010263,2026-02-19,Website,,0,0,2025-26
Q010344,2026-02-19,Website,,0,0,2025-26
Q004911,2026-02-20,OTA,B006302,1,1,2025-26
Q005207,2026-02-20,Walk-in,B006700,0,1,2025-26
Q005305,2026-02-20,Website,B006829,1,1,2025-26
Q008726,2026-02-20,Walk-in,,0,0,2025-26
Q008786,2026-02-20,Website,,0,0,2025-26
Q008960,2026-02-20,Walk-in,,0,0,2025-26
Q009360,2026-02-20,Walk-in,,0,0,2025-26
Q010190,2026-02-20,Instagram,,0,0,2025-26
Q010400,2026-02-20,Walk-in,,0,0,2025-26
Q010441,2026-02-20,OTA,,0,0,2025-26
Q010830,2026-02-20,OTA,,0,0,2025-26
Q004953,2026-02-21,Hotel Partner,B006362,1,1,2025-26
Q004991,2026-02-21,OTA,B006410,1,1,2025-26
Q005015,2026-02-21,Website,B006442,1,1,2025-26
Q005016,2026-02-21,Walk-in,B006443,1,1,2025-26
Q005059,2026-02-21,Website,B006500,1,1,2025-26
Q005068,2026-02-21,Referral,B006512,1,1,2025-26
Q005097,2026-02-21,Referral,B006552,1,1,2025-26
Q005164,2026-02-21,Walk-in,B006642,1,1,2025-26
Q005193,2026-02-21,Hotel Partner,B006684,0,1,2025-26
Q005245,2026-02-21,Referral,B006747,1,1,2025-26
Q008574,2026-02-21,Hotel Partner,,0,0,2025-26
Q008598,2026-02-21,OTA,,0,0,2025-26
Q008749,2026-02-21,OTA,,0,0,2025-26
Q008751,2026-02-21,Walk-in,,0,0,2025-26
Q008793,2026-02-21,Walk-in,,0,0,2025-26
Q009423,2026-02-21,Referral,,0,0,2025-26
Q009537,2026-02-21,Walk-in,,0,0,2025-26
Q009569,2026-02-21,Hotel Partner,,0,0,2025-26
Q009901,2026-02-21,Referral,,0,0,2025-26
Q010120,2026-02-21,Walk-in,,0,0,2025-26
Q010314,2026-02-21,Walk-in,,0,0,2025-26
Q010473,2026-02-21,Website,,0,0,2025-26
Q010550,2026-02-21,OTA,,0,0,2025-26
Q010652,2026-02-21,Instagram,,0,0,2025-26
Q005128,2026-02-22,OTA,B006592,0,1,2025-26
Q005129,2026-02-22,Hotel Partner,B006593,1,1,2025-26
Q005186,2026-02-22,Walk-in,B006676,0,1,2025-26
Q005234,2026-02-22,Instagram,B006733,1,1,2025-26
Q005255,2026-02-22,OTA,B006761,1,1,2025-26
Q008583,2026-02-22,OTA,,0,0,2025-26
Q008930,2026-02-22,Instagram,,0,0,2025-26
Q009146,2026-02-22,OTA,,0,0,2025-26
Q009205,2026-02-22,OTA,,0,0,2025-26
Q009717,2026-02-22,OTA,,0,0,2025-26
Q009767,2026-02-22,Referral,,0,0,2025-26
Q010718,2026-02-22,OTA,,0,0,2025-26
Q004901,2026-02-23,Website,B006290,1,1,2025-26
Q005003,2026-02-23,Website,B006428,1,1,2025-26
Q005048,2026-02-23,Hotel Partner,B006488,1,1,2025-26
Q005061,2026-02-23,Website,B006502,1,1,2025-26
Q005073,2026-02-23,Referral,B006519,1,1,2025-26
Q005119,2026-02-23,Hotel Partner,B006580,1,1,2025-26
Q005133,2026-02-23,OTA,B006598,0,1,2025-26
Q005140,2026-02-23,OTA,B006606,1,1,2025-26
Q005168,2026-02-23,OTA,B006646,1,1,2025-26
Q005254,2026-02-23,Hotel Partner,B006759,1,1,2025-26
Q005257,2026-02-23,Walk-in,B006766,0,1,2025-26
Q008682,2026-02-23,OTA,,0,0,2025-26
Q008858,2026-02-23,Walk-in,,0,0,2025-26
Q009175,2026-02-23,Hotel Partner,,0,0,2025-26
Q009718,2026-02-23,Walk-in,,0,0,2025-26
Q009867,2026-02-23,OTA,,0,0,2025-26
Q010169,2026-02-23,OTA,,0,0,2025-26
Q010205,2026-02-23,Instagram,,0,0,2025-26
Q010370,2026-02-23,OTA,,0,0,2025-26
Q010552,2026-02-23,Instagram,,0,0,2025-26
Q005054,2026-02-24,Hotel Partner,B006494,1,1,2025-26
Q005076,2026-02-24,Hotel Partner,B006523,1,1,2025-26
Q005157,2026-02-24,Referral,B006630,1,1,2025-26
Q005173,2026-02-24,Website,B006654,1,1,2025-26
Q005184,2026-02-24,Hotel Partner,B006673,0,1,2025-26
Q005241,2026-02-24,OTA,B006742,0,1,2025-26
Q005253,2026-02-24,Instagram,B006758,1,1,2025-26
Q005258,2026-02-24,OTA,B006767,0,1,2025-26
Q005346,2026-02-24,Referral,B006890,0,1,2025-26
Q008587,2026-02-24,Hotel Partner,,0,0,2025-26
Q009025,2026-02-24,Referral,,0,0,2025-26
Q009203,2026-02-24,Instagram,,0,0,2025-26
Q009245,2026-02-24,Instagram,,0,0,2025-26
Q009621,2026-02-24,Walk-in,,0,0,2025-26
Q009666,2026-02-24,OTA,,0,0,2025-26
Q009706,2026-02-24,Walk-in,,0,0,2025-26
Q009736,2026-02-24,Hotel Partner,,0,0,2025-26
Q009952,2026-02-24,Instagram,,0,0,2025-26
Q010751,2026-02-24,Instagram,,0,0,2025-26
Q004986,2026-02-25,Website,B006404,1,1,2025-26
Q005028,2026-02-25,Website,B006461,1,1,2025-26
Q005179,2026-02-25,Website,B006665,1,1,2025-26
Q005185,2026-02-25,Walk-in,B006675,0,1,2025-26
Q005246,2026-02-25,Walk-in,B006748,0,1,2025-26
Q008865,2026-02-25,OTA,,0,0,2025-26
Q008934,2026-02-25,Website,,0,0,2025-26
Q008997,2026-02-25,Instagram,,0,0,2025-26
Q009002,2026-02-25,Walk-in,,0,0,2025-26
Q009167,2026-02-25,Walk-in,,0,0,2025-26
Q009496,2026-02-25,OTA,,0,0,2025-26
Q009688,2026-02-25,Instagram,,0,0,2025-26
Q009731,2026-02-25,Instagram,,0,0,2025-26
Q009960,2026-02-25,Walk-in,,0,0,2025-26
Q009987,2026-02-25,OTA,,0,0,2025-26
Q010009,2026-02-25,Website,,0,0,2025-26
Q010136,2026-02-25,Instagram,,0,0,2025-26
Q005274,2026-02-26,Referral,B006788,1,1,2025-26
Q005297,2026-02-26,OTA,B006818,1,1,2025-26
Q005351,2026-02-26,OTA,B006897,1,1,2025-26
Q008644,2026-02-26,OTA,,0,0,2025-26
Q008807,2026-02-26,Website,,0,0,2025-26
Q009108,2026-02-26,Hotel Partner,,0,0,2025-26
Q009746,2026-02-26,OTA,,0,0,2025-26
Q009884,2026-02-26,Instagram,,0,0,2025-26
Q010397,2026-02-26,Website,,0,0,2025-26
Q010491,2026-02-26,Instagram,,0,0,2025-26
Q010672,2026-02-26,OTA,,0,0,2025-26
Q010822,2026-02-26,Hotel Partner,,0,0,2025-26
Q005045,2026-02-27,Hotel Partner,B006483,0,1,2025-26
Q005082,2026-02-27,Website,B006531,1,1,2025-26
Q005160,2026-02-27,Walk-in,B006634,1,1,2025-26
Q005225,2026-02-27,Instagram,B006722,0,1,2025-26
Q005237,2026-02-27,Walk-in,B006736,1,1,2025-26
Q005240,2026-02-27,OTA,B006740,1,1,2025-26
Q005306,2026-02-27,Website,B006830,1,1,2025-26
Q005310,2026-02-27,Referral,B006838,1,1,2025-26
Q005344,2026-02-27,Website,B006888,1,1,2025-26
Q008563,2026-02-27,Instagram,,0,0,2025-26
Q008715,2026-02-27,Instagram,,0,0,2025-26
Q008920,2026-02-27,Referral,,0,0,2025-26
Q009037,2026-02-27,Website,,0,0,2025-26
Q009041,2026-02-27,Referral,,0,0,2025-26
Q009119,2026-02-27,OTA,,0,0,2025-26
Q009940,2026-02-27,Referral,,0,0,2025-26
Q009947,2026-02-27,Website,,0,0,2025-26
Q010014,2026-02-27,Referral,,0,0,2025-26
Q010034,2026-02-27,OTA,,0,0,2025-26
Q010477,2026-02-27,Website,,0,0,2025-26
Q010541,2026-02-27,Hotel Partner,,0,0,2025-26
Q010571,2026-02-27,OTA,,0,0,2025-26
Q010609,2026-02-27,Website,,0,0,2025-26
Q010816,2026-02-27,Hotel Partner,,0,0,2025-26
Q003204,2026-02-28,Website,B006637,0,1,2025-26
Q005091,2026-02-28,OTA,B006545,0,1,2025-26
Q005105,2026-02-28,Walk-in,B006563,1,1,2025-26
Q005171,2026-02-28,Website,B006652,0,1,2025-26
Q005181,2026-02-28,OTA,B006668,0,1,2025-26
Q005205,2026-02-28,Instagram,B006698,1,1,2025-26
Q005214,2026-02-28,Website,B006709,0,1,2025-26
Q005219,2026-02-28,OTA,B006715,0,1,2025-26
Q005231,2026-02-28,Referral,B006730,1,1,2025-26
Q005249,2026-02-28,OTA,B006751,1,1,2025-26
Q008642,2026-02-28,Hotel Partner,,0,0,2025-26
Q008796,2026-02-28,OTA,,0,0,2025-26
Q008797,2026-02-28,Referral,,0,0,2025-26
Q008839,2026-02-28,OTA,,0,0,2025-26
Q009434,2026-02-28,Referral,,0,0,2025-26
Q009519,2026-02-28,Website,,0,0,2025-26
Q009542,2026-02-28,Instagram,,0,0,2025-26
Q009743,2026-02-28,Referral,,0,0,2025-26
Q009787,2026-02-28,Hotel Partner,,0,0,2025-26
Q010004,2026-02-28,Instagram,,0,0,2025-26
Q010070,2026-02-28,Walk-in,,0,0,2025-26
Q010316,2026-02-28,Hotel Partner,,0,0,2025-26
Q010395,2026-02-28,Instagram,,0,0,2025-26
Q005047,2026-03-01,Referral,B006487,1,1,2025-26
Q005078,2026-03-01,Walk-in,B006527,0,1,2025-26
Q005150,2026-03-01,Instagram,B006621,1,1,2025-26
Q005155,2026-03-01,Hotel Partner,B006628,1,1,2025-26
Q005167,2026-03-01,Instagram,B006645,1,1,2025-26
Q005224,2026-03-01,OTA,B006721,1,1,2025-26
Q005275,2026-03-01,OTA,B006789,0,1,2025-26
Q005287,2026-03-01,OTA,B006803,1,1,2025-26
Q005360,2026-03-01,Hotel Partner,B006912,0,1,2025-26
Q009176,2026-03-01,OTA,,0,0,2025-26
Q009285,2026-03-01,Walk-in,,0,0,2025-26
Q009382,2026-03-01,Website,,0,0,2025-26
Q009419,2026-03-01,Walk-in,,0,0,2025-26
Q009508,2026-03-01,Website,,0,0,2025-26
Q009744,2026-03-01,Hotel Partner,,0,0,2025-26
Q009785,2026-03-01,Instagram,,0,0,2025-26
Q009908,2026-03-01,Hotel Partner,,0,0,2025-26
Q010069,2026-03-01,Hotel Partner,,0,0,2025-26
Q010269,2026-03-01,OTA,,0,0,2025-26
Q010514,2026-03-01,Walk-in,,0,0,2025-26
Q010785,2026-03-01,Referral,,0,0,2025-26
Q004982,2026-03-02,OTA,B006399,1,1,2025-26
Q005030,2026-03-02,OTA,B006463,1,1,2025-26
Q005033,2026-03-02,Instagram,B006467,1,1,2025-26
Q005077,2026-03-02,Referral,B006524,1,1,2025-26
Q005216,2026-03-02,OTA,B006712,0,1,2025-26
Q005261,2026-03-02,Referral,B006770,0,1,2025-26
Q005294,2026-03-02,Walk-in,B006811,1,1,2025-26
Q005331,2026-03-02,OTA,B006874,1,1,2025-26
Q009110,2026-03-02,Website,,0,0,2025-26
Q009220,2026-03-02,Walk-in,,0,0,2025-26
Q009970,2026-03-02,OTA,,0,0,2025-26
Q009991,2026-03-02,Website,,0,0,2025-26
Q010371,2026-03-02,OTA,,0,0,2025-26
Q005190,2026-03-03,OTA,B006681,0,1,2025-26
Q005259,2026-03-03,Hotel Partner,B006768,0,1,2025-26
Q005300,2026-03-03,Website,B006823,1,1,2025-26
Q005325,2026-03-03,Website,B006863,1,1,2025-26
Q005391,2026-03-03,Walk-in,B006951,1,1,2025-26
Q008614,2026-03-03,Hotel Partner,,0,0,2025-26
Q008667,2026-03-03,OTA,,0,0,2025-26
Q008837,2026-03-03,Instagram,,0,0,2025-26
Q009495,2026-03-03,Walk-in,,0,0,2025-26
Q009898,2026-03-03,Instagram,,0,0,2025-26
Q009951,2026-03-03,Referral,,0,0,2025-26
Q010122,2026-03-03,Walk-in,,0,0,2025-26
Q010353,2026-03-03,Walk-in,,0,0,2025-26
Q005112,2026-03-04,Referral,B006572,0,1,2025-26
Q005169,2026-03-04,Walk-in,B006647,1,1,2025-26
Q005262,2026-03-04,Instagram,B006772,1,1,2025-26
Q005263,2026-03-04,Walk-in,B006773,0,1,2025-26
Q005271,2026-03-04,Website,B006784,1,1,2025-26
Q008535,2026-03-04,Referral,,0,0,2025-26
Q008562,2026-03-04,Website,,0,0,2025-26
Q008648,2026-03-04,OTA,,0,0,2025-26
Q008901,2026-03-04,Hotel Partner,,0,0,2025-26
Q009074,2026-03-04,Website,,0,0,2025-26
Q009196,2026-03-04,OTA,,0,0,2025-26
Q009206,2026-03-04,Instagram,,0,0,2025-26
Q009215,2026-03-04,Walk-in,,0,0,2025-26
Q009268,2026-03-04,Walk-in,,0,0,2025-26
Q009365,2026-03-04,Walk-in,,0,0,2025-26
Q009649,2026-03-04,OTA,,0,0,2025-26
Q009716,2026-03-04,Instagram,,0,0,2025-26
Q004996,2026-03-05,Website,B006417,1,1,2025-26
Q005037,2026-03-05,Hotel Partner,B006472,0,1,2025-26
Q005072,2026-03-05,Hotel Partner,B006518,1,1,2025-26
Q005108,2026-03-05,OTA,B006567,1,1,2025-26
Q005135,2026-03-05,Walk-in,B006600,0,1,2025-26
Q005159,2026-03-05,Hotel Partner,B006632,1,1,2025-26
Q005166,2026-03-05,Instagram,B006644,0,1,2025-26
Q005243,2026-03-05,Walk-in,B006745,1,1,2025-26
Q005247,2026-03-05,Website,B006749,1,1,2025-26
Q005277,2026-03-05,Instagram,B006791,1,1,2025-26
Q008521,2026-03-05,Referral,,0,0,2025-26
Q008665,2026-03-05,OTA,,0,0,2025-26
Q008718,2026-03-05,Referral,,0,0,2025-26
Q008903,2026-03-05,OTA,,0,0,2025-26
Q009513,2026-03-05,Website,,0,0,2025-26
Q009594,2026-03-05,Walk-in,,0,0,2025-26
Q010248,2026-03-05,Walk-in,,0,0,2025-26
Q010309,2026-03-05,Instagram,,0,0,2025-26
Q010679,2026-03-05,Website,,0,0,2025-26
Q010680,2026-03-05,OTA,,0,0,2025-26
Q005036,2026-03-06,Website,B006470,1,1,2025-26
Q005114,2026-03-06,Instagram,B006574,1,1,2025-26
Q005124,2026-03-06,OTA,B006588,0,1,2025-26
Q005142,2026-03-06,Instagram,B006609,1,1,2025-26
Q005191,2026-03-06,Hotel Partner,B006682,0,1,2025-26
Q005313,2026-03-06,Instagram,B006844,1,1,2025-26
Q005380,2026-03-06,OTA,B006938,0,1,2025-26
Q008616,2026-03-06,OTA,,0,0,2025-26
Q008913,2026-03-06,Walk-in,,0,0,2025-26
Q009177,2026-03-06,Website,,0,0,2025-26
Q009246,2026-03-06,OTA,,0,0,2025-26
Q009779,2026-03-06,Walk-in,,0,0,2025-26
Q009882,2026-03-06,OTA,,0,0,2025-26
Q010187,2026-03-06,OTA,,0,0,2025-26
Q010207,2026-03-06,Walk-in,,0,0,2025-26
Q010399,2026-03-06,Website,,0,0,2025-26
Q010831,2026-03-06,Walk-in,,0,0,2025-26
Q005060,2026-03-07,Referral,B006501,1,1,2025-26
Q005090,2026-03-07,Walk-in,B006543,1,1,2025-26
Q005218,2026-03-07,Walk-in,B006714,0,1,2025-26
Q005285,2026-03-07,Instagram,B006800,0,1,2025-26
Q005333,2026-03-07,Walk-in,B006876,1,1,2025-26
Q008621,2026-03-07,OTA,,0,0,2025-26
Q008778,2026-03-07,Referral,,0,0,2025-26
Q009182,2026-03-07,Walk-in,,0,0,2025-26
Q009800,2026-03-07,Walk-in,,0,0,2025-26
Q009807,2026-03-07,OTA,,0,0,2025-26
Q010083,2026-03-07,Website,,0,0,2025-26
Q010220,2026-03-07,Hotel Partner,,0,0,2025-26
Q010249,2026-03-07,OTA,,0,0,2025-26
Q010305,2026-03-07,Referral,,0,0,2025-26
Q010454,2026-03-07,Instagram,,0,0,2025-26
Q010537,2026-03-07,Hotel Partner,,0,0,2025-26
Q010556,2026-03-07,Website,,0,0,2025-26
Q010623,2026-03-07,Instagram,,0,0,2025-26
Q010762,2026-03-07,OTA,,0,0,2025-26
Q010806,2026-03-07,Walk-in,,0,0,2025-26
Q005127,2026-03-08,OTA,B006591,1,1,2025-26
Q005177,2026-03-08,Instagram,B006659,1,1,2025-26
Q005327,2026-03-08,Instagram,B006867,1,1,2025-26
Q005328,2026-03-08,Website,B006868,1,1,2025-26
Q008862,2026-03-08,Hotel Partner,,0,0,2025-26
Q009046,2026-03-08,OTA,,0,0,2025-26
Q009671,2026-03-08,OTA,,0,0,2025-26
Q010256,2026-03-08,Walk-in,,0,0,2025-26
Q010290,2026-03-08,OTA,,0,0,2025-26
Q010350,2026-03-08,Hotel Partner,,0,0,2025-26
Q005109,2026-03-09,OTA,B006568,1,1,2025-26
Q005138,2026-03-09,OTA,B006604,1,1,2025-26
Q005226,2026-03-09,Walk-in,B006723,1,1,2025-26
Q005272,2026-03-09,Website,B006785,0,1,2025-26
Q005282,2026-03-09,Referral,B006797,0,1,2025-26
Q005405,2026-03-09,OTA,B006970,1,1,2025-26
Q008710,2026-03-09,OTA,,0,0,2025-26
Q008893,2026-03-09,Walk-in,,0,0,2025-26
Q009228,2026-03-09,Instagram,,0,0,2025-26
Q009314,2026-03-09,Referral,,0,0,2025-26
Q009326,2026-03-09,OTA,,0,0,2025-26
Q009526,2026-03-09,OTA,,0,0,2025-26
Q009733,2026-03-09,OTA,,0,0,2025-26
Q010251,2026-03-09,Instagram,,0,0,2025-26
Q010281,2026-03-09,Walk-in,,0,0,2025-26
Q010744,2026-03-09,Walk-in,,0,0,2025-26
Q010746,2026-03-09,Instagram,,0,0,2025-26
Q010778,2026-03-09,Instagram,,0,0,2025-26
Q010809,2026-03-09,Website,,0,0,2025-26
Q005113,2026-03-10,OTA,B006573,1,1,2025-26
Q005192,2026-03-10,Website,B006683,0,1,2025-26
Q005199,2026-03-10,Walk-in,B006691,0,1,2025-26
Q005222,2026-03-10,Walk-in,B006719,1,1,2025-26
Q005227,2026-03-10,Instagram,B006724,1,1,2025-26
Q005279,2026-03-10,OTA,B006793,0,1,2025-26
Q005293,2026-03-10,OTA,B006810,1,1,2025-26
Q005352,2026-03-10,Referral,B006898,1,1,2025-26
Q005420,2026-03-10,OTA,B006989,0,1,2025-26
Q008510,2026-03-10,OTA,,0,0,2025-26
Q008929,2026-03-10,Referral,,0,0,2025-26
Q009062,2026-03-10,OTA,,0,0,2025-26
Q009579,2026-03-10,Instagram,,0,0,2025-26
Q009608,2026-03-10,OTA,,0,0,2025-26
Q009665,2026-03-10,Referral,,0,0,2025-26
Q009683,2026-03-10,Referral,,0,0,2025-26
Q009730,2026-03-10,OTA,,0,0,2025-26
Q010226,2026-03-10,Website,,0,0,2025-26
Q010389,2026-03-10,Instagram,,0,0,2025-26
Q010391,2026-03-10,OTA,,0,0,2025-26
Q010504,2026-03-10,Walk-in,,0,0,2025-26
Q005182,2026-03-11,Instagram,B006671,0,1,2025-26
Q005210,2026-03-11,Referral,B006704,0,1,2025-26
Q005252,2026-03-11,Walk-in,B006757,1,1,2025-26
Q005289,2026-03-11,OTA,B006806,1,1,2025-26
Q005299,2026-03-11,Website,B006821,0,1,2025-26
Q005320,2026-03-11,OTA,B006854,1,1,2025-26
Q005353,2026-03-11,OTA,B006900,1,1,2025-26
Q005361,2026-03-11,OTA,B006913,0,1,2025-26
Q005373,2026-03-11,Walk-in,B006929,1,1,2025-26
Q005403,2026-03-11,Instagram,B006968,1,1,2025-26
Q009159,2026-03-11,Hotel Partner,,0,0,2025-26
Q009170,2026-03-11,OTA,,0,0,2025-26
Q009359,2026-03-11,Walk-in,,0,0,2025-26
Q009411,2026-03-11,Instagram,,0,0,2025-26
Q010206,2026-03-11,OTA,,0,0,2025-26
Q010704,2026-03-11,OTA,,0,0,2025-26
Q005323,2026-03-12,Walk-in,B006860,1,1,2025-26
Q005341,2026-03-12,Walk-in,B006885,1,1,2025-26
Q005416,2026-03-12,Walk-in,B006983,1,1,2025-26
Q005417,2026-03-12,OTA,B006985,1,1,2025-26
Q008708,2026-03-12,OTA,,0,0,2025-26
Q009078,2026-03-12,OTA,,0,0,2025-26
Q009590,2026-03-12,Walk-in,,0,0,2025-26
Q009719,2026-03-12,OTA,,0,0,2025-26
Q009966,2026-03-12,OTA,,0,0,2025-26
Q010243,2026-03-12,Hotel Partner,,0,0,2025-26
Q010287,2026-03-12,Hotel Partner,,0,0,2025-26
Q005201,2026-03-13,OTA,B006693,1,1,2025-26
Q005233,2026-03-13,OTA,B006732,1,1,2025-26
Q005307,2026-03-13,Instagram,B006831,1,1,2025-26
Q005452,2026-03-13,Walk-in,B007030,0,1,2025-26
Q008676,2026-03-13,Hotel Partner,,0,0,2025-26
Q009163,2026-03-13,Hotel Partner,,0,0,2025-26
Q010270,2026-03-13,Instagram,,0,0,2025-26
Q010284,2026-03-13,Website,,0,0,2025-26
Q010418,2026-03-13,Walk-in,,0,0,2025-26
Q010765,2026-03-13,Website,,0,0,2025-26
Q010840,2026-03-13,Walk-in,,0,0,2025-26
Q005265,2026-03-14,Hotel Partner,B006777,0,1,2025-26
Q005348,2026-03-14,OTA,B006893,1,1,2025-26
Q005379,2026-03-14,Hotel Partner,B006937,1,1,2025-26
Q008661,2026-03-14,OTA,,0,0,2025-26
Q008867,2026-03-14,Walk-in,,0,0,2025-26
Q009016,2026-03-14,Walk-in,,0,0,2025-26
Q009091,2026-03-14,OTA,,0,0,2025-26
Q009281,2026-03-14,Walk-in,,0,0,2025-26
Q009479,2026-03-14,Referral,,0,0,2025-26
Q009583,2026-03-14,Website,,0,0,2025-26
Q009686,2026-03-14,OTA,,0,0,2025-26
Q009812,2026-03-14,Hotel Partner,,0,0,2025-26
Q009837,2026-03-14,Referral,,0,0,2025-26
Q010059,2026-03-14,Website,,0,0,2025-26
Q010535,2026-03-14,Instagram,,0,0,2025-26
Q005178,2026-03-15,Website,B006664,1,1,2025-26
Q005183,2026-03-15,Referral,B006672,0,1,2025-26
Q005230,2026-03-15,OTA,B006728,0,1,2025-26
Q005256,2026-03-15,Instagram,B006763,1,1,2025-26
Q005267,2026-03-15,Website,B006780,0,1,2025-26
Q005311,2026-03-15,Website,B006840,1,1,2025-26
Q005475,2026-03-15,Walk-in,B007057,1,1,2025-26
Q008640,2026-03-15,Walk-in,,0,0,2025-26
Q008748,2026-03-15,Walk-in,,0,0,2025-26
Q009251,2026-03-15,Hotel Partner,,0,0,2025-26
Q009357,2026-03-15,Referral,,0,0,2025-26
Q009397,2026-03-15,OTA,,0,0,2025-26
Q010632,2026-03-15,OTA,,0,0,2025-26
Q010709,2026-03-15,Website,,0,0,2025-26
Q005154,2026-03-16,OTA,B006627,1,1,2025-26
Q005158,2026-03-16,Hotel Partner,B006631,1,1,2025-26
Q005326,2026-03-16,OTA,B006864,0,1,2025-26
Q005365,2026-03-16,OTA,B006918,1,1,2025-26
Q005372,2026-03-16,Hotel Partner,B006928,1,1,2025-26
Q005382,2026-03-16,Referral,B006940,0,1,2025-26
Q005388,2026-03-16,Website,B006947,0,1,2025-26
Q005428,2026-03-16,Referral,B006999,0,1,2025-26
Q008711,2026-03-16,Hotel Partner,,0,0,2025-26
Q008863,2026-03-16,Website,,0,0,2025-26
Q008991,2026-03-16,OTA,,0,0,2025-26
Q009083,2026-03-16,OTA,,0,0,2025-26
Q009388,2026-03-16,Instagram,,0,0,2025-26
Q009578,2026-03-16,Website,,0,0,2025-26
Q009581,2026-03-16,Walk-in,,0,0,2025-26
Q009661,2026-03-16,OTA,,0,0,2025-26
Q009911,2026-03-16,Instagram,,0,0,2025-26
Q009914,2026-03-16,Instagram,,0,0,2025-26
Q009948,2026-03-16,Walk-in,,0,0,2025-26
Q010002,2026-03-16,Walk-in,,0,0,2025-26
Q010012,2026-03-16,OTA,,0,0,2025-26
Q010561,2026-03-16,Website,,0,0,2025-26
Q010741,2026-03-16,OTA,,0,0,2025-26
Q005132,2026-03-17,Website,B006597,0,1,2025-26
Q005195,2026-03-17,Referral,B006687,0,1,2025-26
Q005251,2026-03-17,Website,B006756,1,1,2025-26
Q005290,2026-03-17,OTA,B006807,1,1,2025-26
Q005304,2026-03-17,OTA,B006828,0,1,2025-26
Q005317,2026-03-17,Referral,B006848,1,1,2025-26
Q005330,2026-03-17,OTA,B006872,0,1,2025-26
Q005359,2026-03-17,OTA,B006910,0,1,2025-26
Q005364,2026-03-17,OTA,B006917,0,1,2025-26
Q005374,2026-03-17,OTA,B006930,0,1,2025-26
Q008540,2026-03-17,Hotel Partner,,0,0,2025-26
Q008873,2026-03-17,OTA,,0,0,2025-26
Q009335,2026-03-17,Website,,0,0,2025-26
Q009408,2026-03-17,Instagram,,0,0,2025-26
Q009710,2026-03-17,Referral,,0,0,2025-26
Q009885,2026-03-17,Instagram,,0,0,2025-26
Q010055,2026-03-17,OTA,,0,0,2025-26
Q010239,2026-03-17,Instagram,,0,0,2025-26
Q010296,2026-03-17,Walk-in,,0,0,2025-26
Q010318,2026-03-17,Hotel Partner,,0,0,2025-26
Q010540,2026-03-17,Referral,,0,0,2025-26
Q010693,2026-03-17,OTA,,0,0,2025-26
Q005137,2026-03-18,Website,B006602,1,1,2025-26
Q005376,2026-03-18,Hotel Partner,B006932,1,1,2025-26
Q005412,2026-03-18,Hotel Partner,B006979,1,1,2025-26
Q008599,2026-03-18,Hotel Partner,,0,0,2025-26
Q008752,2026-03-18,Referral,,0,0,2025-26
Q009073,2026-03-18,OTA,,0,0,2025-26
Q009727,2026-03-18,OTA,,0,0,2025-26
Q009846,2026-03-18,OTA,,0,0,2025-26
Q009877,2026-03-18,Website,,0,0,2025-26
Q010480,2026-03-18,Instagram,,0,0,2025-26
Q005284,2026-03-19,Referral,B006799,1,1,2025-26
Q005415,2026-03-19,Hotel Partner,B006982,0,1,2025-26
Q005434,2026-03-19,OTA,B007007,0,1,2025-26
Q009081,2026-03-19,Website,,0,0,2025-26
Q009619,2026-03-19,Walk-in,,0,0,2025-26
Q010077,2026-03-19,Instagram,,0,0,2025-26
Q010161,2026-03-19,OTA,,0,0,2025-26
Q010213,2026-03-19,Walk-in,,0,0,2025-26
Q010827,2026-03-19,Referral,,0,0,2025-26
Q005152,2026-03-20,OTA,B006624,0,1,2025-26
Q005189,2026-03-20,OTA,B006680,1,1,2025-26
Q005347,2026-03-20,Instagram,B006891,1,1,2025-26
Q005370,2026-03-20,Referral,B006924,0,1,2025-26
Q008547,2026-03-20,OTA,,0,0,2025-26
Q008643,2026-03-20,OTA,,0,0,2025-26
Q008937,2026-03-20,Website,,0,0,2025-26
Q009478,2026-03-20,Instagram,,0,0,2025-26
Q009677,2026-03-20,OTA,,0,0,2025-26
Q009832,2026-03-20,Website,,0,0,2025-26
Q009933,2026-03-20,Website,,0,0,2025-26
Q010022,2026-03-20,OTA,,0,0,2025-26
Q010354,2026-03-20,OTA,,0,0,2025-26
Q010575,2026-03-20,Referral,,0,0,2025-26
Q010659,2026-03-20,Website,,0,0,2025-26
Q010742,2026-03-20,Website,,0,0,2025-26
Q010776,2026-03-20,OTA,,0,0,2025-26
Q010788,2026-03-20,OTA,,0,0,2025-26
Q005187,2026-03-21,Instagram,B006677,1,1,2025-26
Q005208,2026-03-21,Walk-in,B006702,1,1,2025-26
Q005239,2026-03-21,Walk-in,B006739,1,1,2025-26
Q005296,2026-03-21,Hotel Partner,B006817,1,1,2025-26
Q005301,2026-03-21,Walk-in,B006825,1,1,2025-26
Q005368,2026-03-21,Walk-in,B006922,1,1,2025-26
Q005392,2026-03-21,OTA,B006952,1,1,2025-26
Q005414,2026-03-21,OTA,B006981,1,1,2025-26
Q008524,2026-03-21,Walk-in,,0,0,2025-26
Q008591,2026-03-21,OTA,,0,0,2025-26
Q008965,2026-03-21,Instagram,,0,0,2025-26
Q009237,2026-03-21,Instagram,,0,0,2025-26
Q009280,2026-03-21,Instagram,,0,0,2025-26
Q009282,2026-03-21,Instagram,,0,0,2025-26
Q009577,2026-03-21,OTA,,0,0,2025-26
Q009681,2026-03-21,OTA,,0,0,2025-26
Q009808,2026-03-21,Instagram,,0,0,2025-26
Q009847,2026-03-21,Website,,0,0,2025-26
Q009918,2026-03-21,Website,,0,0,2025-26
Q010254,2026-03-21,Website,,0,0,2025-26
Q010366,2026-03-21,OTA,,0,0,2025-26
Q010515,2026-03-21,OTA,,0,0,2025-26
Q010549,2026-03-21,Walk-in,,0,0,2025-26
Q010835,2026-03-21,Walk-in,,0,0,2025-26
Q005170,2026-03-22,Walk-in,B006649,1,1,2025-26
Q005229,2026-03-22,Website,B006727,1,1,2025-26
Q005283,2026-03-22,OTA,B006798,1,1,2025-26
Q005314,2026-03-22,OTA,B006845,1,1,2025-26
Q005337,2026-03-22,OTA,B006880,1,1,2025-26
Q005369,2026-03-22,OTA,B006923,0,1,2025-26
Q005393,2026-03-22,Instagram,B006954,1,1,2025-26
Q005407,2026-03-22,Referral,B006972,1,1,2025-26
Q005421,2026-03-22,Hotel Partner,B006990,1,1,2025-26
Q005446,2026-03-22,OTA,B007023,0,1,2025-26
Q008508,2026-03-22,OTA,,0,0,2025-26
Q008790,2026-03-22,OTA,,0,0,2025-26
Q009098,2026-03-22,Website,,0,0,2025-26
Q009893,2026-03-22,OTA,,0,0,2025-26
Q009916,2026-03-22,Referral,,0,0,2025-26
Q010117,2026-03-22,Website,,0,0,2025-26
Q010447,2026-03-22,OTA,,0,0,2025-26
Q005220,2026-03-23,OTA,B006716,0,1,2025-26
Q005354,2026-03-23,Instagram,B006901,1,1,2025-26
Q005387,2026-03-23,Walk-in,B006946,0,1,2025-26
Q005397,2026-03-23,Instagram,B006959,1,1,2025-26
Q005479,2026-03-23,OTA,B007062,1,1,2025-26
Q005488,2026-03-23,Instagram,B007076,0,1,2025-26
Q008824,2026-03-23,Instagram,,0,0,2025-26
Q008900,2026-03-23,Referral,,0,0,2025-26
Q009204,2026-03-23,Walk-in,,0,0,2025-26
Q009447,2026-03-23,OTA,,0,0,2025-26
Q009485,2026-03-23,Hotel Partner,,0,0,2025-26
Q005357,2026-03-24,OTA,B006906,0,1,2025-26
Q005371,2026-03-24,OTA,B006926,1,1,2025-26
Q005431,2026-03-24,Referral,B007002,1,1,2025-26
Q008766,2026-03-24,Walk-in,,0,0,2025-26
Q008789,2026-03-24,Website,,0,0,2025-26
Q009060,2026-03-24,OTA,,0,0,2025-26
Q009178,2026-03-24,Instagram,,0,0,2025-26
Q009424,2026-03-24,Website,,0,0,2025-26
Q009689,2026-03-24,OTA,,0,0,2025-26
Q010051,2026-03-24,OTA,,0,0,2025-26
Q010280,2026-03-24,OTA,,0,0,2025-26
Q005161,2026-03-25,Walk-in,B006635,1,1,2025-26
Q005200,2026-03-25,OTA,B006692,0,1,2025-26
Q005244,2026-03-25,Walk-in,B006746,1,1,2025-26
Q005291,2026-03-25,OTA,B006808,1,1,2025-26
Q005385,2026-03-25,OTA,B006944,1,1,2025-26
Q005451,2026-03-25,OTA,B007029,1,1,2025-26
Q008657,2026-03-25,Instagram,,0,0,2025-26
Q008942,2026-03-25,OTA,,0,0,2025-26
Q009028,2026-03-25,Instagram,,0,0,2025-26
Q009255,2026-03-25,Walk-in,,0,0,2025-26
Q009586,2026-03-25,Walk-in,,0,0,2025-26
Q009795,2026-03-25,Walk-in,,0,0,2025-26
Q009836,2026-03-25,Walk-in,,0,0,2025-26
Q010282,2026-03-25,Instagram,,0,0,2025-26
Q010465,2026-03-25,Referral,,0,0,2025-26
Q010468,2026-03-25,OTA,,0,0,2025-26
Q010792,2026-03-25,Hotel Partner,,0,0,2025-26
Q005280,2026-03-26,Hotel Partner,B006794,0,1,2025-26
Q005339,2026-03-26,Walk-in,B006882,0,1,2025-26
Q005342,2026-03-26,Hotel Partner,B006886,0,1,2025-26
Q005355,2026-03-26,OTA,B006902,0,1,2025-26
Q005384,2026-03-26,Website,B006943,0,1,2025-26
Q005453,2026-03-26,Website,B007031,0,1,2025-26
Q008654,2026-03-26,Walk-in,,0,0,2025-26
Q008700,2026-03-26,OTA,,0,0,2025-26
Q009287,2026-03-26,Walk-in,,0,0,2025-26
Q009295,2026-03-26,Walk-in,,0,0,2025-26
Q009547,2026-03-26,Referral,,0,0,2025-26
Q009662,2026-03-26,Referral,,0,0,2025-26
Q010103,2026-03-26,OTA,,0,0,2025-26
Q010425,2026-03-26,Walk-in,,0,0,2025-26
Q005206,2026-03-27,Instagram,B006699,1,1,2025-26
Q005213,2026-03-27,OTA,B006708,0,1,2025-26
Q005298,2026-03-27,OTA,B006820,0,1,2025-26
Q005309,2026-03-27,Instagram,B006833,1,1,2025-26
Q005315,2026-03-27,OTA,B006846,1,1,2025-26
Q005332,2026-03-27,OTA,B006875,1,1,2025-26
Q005437,2026-03-27,Walk-in,B007011,1,1,2025-26
Q005494,2026-03-27,Hotel Partner,B007091,1,1,2025-26
Q008619,2026-03-27,Website,,0,0,2025-26
Q008706,2026-03-27,OTA,,0,0,2025-26
Q009171,2026-03-27,OTA,,0,0,2025-26
Q009465,2026-03-27,Walk-in,,0,0,2025-26
Q009493,2026-03-27,OTA,,0,0,2025-26
Q009941,2026-03-27,Walk-in,,0,0,2025-26
Q010021,2026-03-27,OTA,,0,0,2025-26
Q010322,2026-03-27,Instagram,,0,0,2025-26
Q010598,2026-03-27,Referral,,0,0,2025-26
Q005221,2026-03-28,OTA,B006718,1,1,2025-26
Q005281,2026-03-28,Walk-in,B006795,0,1,2025-26
Q005423,2026-03-28,Website,B006992,1,1,2025-26
Q008546,2026-03-28,OTA,,0,0,2025-26
Q008877,2026-03-28,Hotel Partner,,0,0,2025-26
Q009306,2026-03-28,Website,,0,0,2025-26
Q009536,2026-03-28,Referral,,0,0,2025-26
Q009616,2026-03-28,Website,,0,0,2025-26
Q009843,2026-03-28,Website,,0,0,2025-26
Q010104,2026-03-28,Instagram,,0,0,2025-26
Q010772,2026-03-28,OTA,,0,0,2025-26
Q005212,2026-03-29,Website,B006707,0,1,2025-26
Q005235,2026-03-29,Walk-in,B006734,1,1,2025-26
Q005250,2026-03-29,Hotel Partner,B006755,1,1,2025-26
Q005319,2026-03-29,Instagram,B006852,1,1,2025-26
Q005338,2026-03-29,Referral,B006881,1,1,2025-26
Q005406,2026-03-29,Hotel Partner,B006971,1,1,2025-26
Q005443,2026-03-29,OTA,B007017,1,1,2025-26
Q008549,2026-03-29,OTA,,0,0,2025-26
Q008841,2026-03-29,Website,,0,0,2025-26
Q009257,2026-03-29,Walk-in,,0,0,2025-26
Q009261,2026-03-29,Referral,,0,0,2025-26
Q009483,2026-03-29,OTA,,0,0,2025-26
Q009655,2026-03-29,Instagram,,0,0,2025-26
Q009726,2026-03-29,Website,,0,0,2025-26
Q009923,2026-03-29,OTA,,0,0,2025-26
Q010236,2026-03-29,OTA,,0,0,2025-26
Q010410,2026-03-29,Website,,0,0,2025-26
Q010475,2026-03-29,Website,,0,0,2025-26
Q005266,2026-03-30,Instagram,B006778,1,1,2025-26
Q005292,2026-03-30,OTA,B006809,0,1,2025-26
Q005321,2026-03-30,Website,B006858,1,1,2025-26
Q005396,2026-03-30,Referral,B006958,0,1,2025-26
Q005487,2026-03-30,OTA,B007075,1,1,2025-26
Q009267,2026-03-30,Walk-in,,0,0,2025-26
Q009348,2026-03-30,OTA,,0,0,2025-26
Q009582,2026-03-30,Website,,0,0,2025-26
Q009793,2026-03-30,Walk-in,,0,0,2025-26
Q009816,2026-03-30,Referral,,0,0,2025-26
Q010424,2026-03-30,Website,,0,0,2025-26
Q010510,2026-03-30,OTA,,0,0,2025-26
Q010573,2026-03-30,OTA,,0,0,2025-26
Q005196,2026-03-31,OTA,B006688,1,1,2025-26
Q005343,2026-03-31,Walk-in,B006887,1,1,2025-26
Q005377,2026-03-31,OTA,B006934,0,1,2025-26
Q005484,2026-03-31,Website,B007067,1,1,2025-26
Q008791,2026-03-31,OTA,,0,0,2025-26
Q008928,2026-03-31,Website,,0,0,2025-26
Q009141,2026-03-31,Website,,0,0,2025-26
Q009441,2026-03-31,Instagram,,0,0,2025-26
Q009514,2026-03-31,OTA,,0,0,2025-26
Q009528,2026-03-31,OTA,,0,0,2025-26
Q009650,2026-03-31,Instagram,,0,0,2025-26
Q009754,2026-03-31,Walk-in,,0,0,2025-26
Q009788,2026-03-31,Walk-in,,0,0,2025-26
Q010306,2026-03-31,OTA,,0,0,2025-26
Q010313,2026-03-31,OTA,,0,0,2025-26
Q010398,2026-03-31,Hotel Partner,,0,0,2025-26
Q005197,2026-04-01,OTA,B006689,0,1,2025-26
Q005211,2026-04-01,OTA,B006705,0,1,2025-26
Q005270,2026-04-01,Website,B006783,0,1,2025-26
Q005302,2026-04-01,Instagram,B006826,0,1,2025-26
Q005318,2026-04-01,Instagram,B006851,1,1,2025-26
Q005336,2026-04-01,Hotel Partner,B006879,1,1,2025-26
Q005340,2026-04-01,Referral,B006883,1,1,2025-26
Q005456,2026-04-01,Hotel Partner,B007035,0,1,2025-26
Q005474,2026-04-01,Website,B007055,1,1,2025-26
Q008610,2026-04-01,OTA,,0,0,2025-26
Q008881,2026-04-01,Instagram,,0,0,2025-26
Q009330,2026-04-01,OTA,,0,0,2025-26
Q009562,2026-04-01,Instagram,,0,0,2025-26
Q009791,2026-04-01,OTA,,0,0,2025-26
Q010043,2026-04-01,Website,,0,0,2025-26
Q010107,2026-04-01,OTA,,0,0,2025-26
Q010295,2026-04-01,OTA,,0,0,2025-26
Q010339,2026-04-01,Instagram,,0,0,2025-26
Q010484,2026-04-01,Referral,,0,0,2025-26
Q010546,2026-04-01,Website,,0,0,2025-26
Q010569,2026-04-01,OTA,,0,0,2025-26
Q010621,2026-04-01,OTA,,0,0,2025-26
Q010651,2026-04-01,Walk-in,,0,0,2025-26
Q010773,2026-04-01,OTA,,0,0,2025-26
Q005276,2026-04-02,Instagram,B006790,0,1,2025-26
Q005350,2026-04-02,OTA,B006896,1,1,2025-26
Q005473,2026-04-02,Instagram,B007054,1,1,2025-26
Q005503,2026-04-02,Referral,B007102,0,1,2025-26
Q008765,2026-04-02,Instagram,,0,0,2025-26
Q009035,2026-04-02,Instagram,,0,0,2025-26
Q009054,2026-04-02,Instagram,,0,0,2025-26
Q009790,2026-04-02,Walk-in,,0,0,2025-26
Q009802,2026-04-02,Walk-in,,0,0,2025-26
Q010233,2026-04-02,Website,,0,0,2025-26
Q010291,2026-04-02,Instagram,,0,0,2025-26
Q010312,2026-04-02,Walk-in,,0,0,2025-26
Q010321,2026-04-02,OTA,,0,0,2025-26
Q010420,2026-04-02,OTA,,0,0,2025-26
Q010483,2026-04-02,Walk-in,,0,0,2025-26
Q010843,2026-04-02,OTA,,0,0,2025-26
Q002156,2026-04-03,Walk-in,B007082,1,1,2025-26
Q005228,2026-04-03,OTA,B006726,0,1,2025-26
Q005418,2026-04-03,Walk-in,B006986,1,1,2025-26
Q005427,2026-04-03,OTA,B006998,0,1,2025-26
Q005438,2026-04-03,Hotel Partner,B007012,1,1,2025-26
Q005560,2026-04-03,OTA,B007168,0,1,2025-26
Q008806,2026-04-03,OTA,,0,0,2025-26
Q008872,2026-04-03,Walk-in,,0,0,2025-26
Q008999,2026-04-03,Instagram,,0,0,2025-26
Q009068,2026-04-03,OTA,,0,0,2025-26
Q009444,2026-04-03,Website,,0,0,2025-26
Q009520,2026-04-03,OTA,,0,0,2025-26
Q009534,2026-04-03,OTA,,0,0,2025-26
Q009645,2026-04-03,OTA,,0,0,2025-26
Q009899,2026-04-03,OTA,,0,0,2025-26
Q010049,2026-04-03,Referral,,0,0,2025-26
Q010221,2026-04-03,Hotel Partner,,0,0,2025-26
Q010352,2026-04-03,OTA,,0,0,2025-26
Q010375,2026-04-03,OTA,,0,0,2025-26
Q005223,2026-04-04,Website,B006720,0,1,2025-26
Q005232,2026-04-04,Website,B006731,1,1,2025-26
Q005363,2026-04-04,OTA,B006916,0,1,2025-26
Q005410,2026-04-04,Referral,B006977,0,1,2025-26
Q005499,2026-04-04,Hotel Partner,B007096,1,1,2025-26
Q005508,2026-04-04,Instagram,B007107,1,1,2025-26
Q005551,2026-04-04,Instagram,B007157,1,1,2025-26
Q005558,2026-04-04,Walk-in,B007166,1,1,2025-26
Q008526,2026-04-04,OTA,,0,0,2025-26
Q009232,2026-04-04,OTA,,0,0,2025-26
Q009512,2026-04-04,OTA,,0,0,2025-26
Q009826,2026-04-04,Hotel Partner,,0,0,2025-26
Q009883,2026-04-04,OTA,,0,0,2025-26
Q010286,2026-04-04,OTA,,0,0,2025-26
Q010814,2026-04-04,Referral,,0,0,2025-26
Q005324,2026-04-05,Walk-in,B006862,0,1,2025-26
Q005358,2026-04-05,Referral,B006907,1,1,2025-26
Q005362,2026-04-05,Referral,B006915,1,1,2025-26
Q005383,2026-04-05,Website,B006941,1,1,2025-26
Q005394,2026-04-05,Website,B006955,1,1,2025-26
Q005429,2026-04-05,Website,B007000,1,1,2025-26
Q005512,2026-04-05,Hotel Partner,B007114,0,1,2025-26
Q008542,2026-04-05,Instagram,,0,0,2025-26
Q008894,2026-04-05,OTA,,0,0,2025-26
Q009431,2026-04-05,OTA,,0,0,2025-26
Q009530,2026-04-05,Hotel Partner,,0,0,2025-26
Q009745,2026-04-05,OTA,,0,0,2025-26
Q009838,2026-04-05,Walk-in,,0,0,2025-26
Q009920,2026-04-05,Referral,,0,0,2025-26
Q009955,2026-04-05,OTA,,0,0,2025-26
Q010007,2026-04-05,OTA,,0,0,2025-26
Q010200,2026-04-05,Instagram,,0,0,2025-26
Q010351,2026-04-05,OTA,,0,0,2025-26
Q010636,2026-04-05,Instagram,,0,0,2025-26
Q010663,2026-04-05,Referral,,0,0,2025-26
Q005238,2026-04-06,Instagram,B006737,1,1,2025-26
Q005269,2026-04-06,Referral,B006782,0,1,2025-26
Q005322,2026-04-06,Website,B006859,0,1,2025-26
Q005334,2026-04-06,Hotel Partner,B006877,1,1,2025-26
Q005375,2026-04-06,Website,B006931,0,1,2025-26
Q005381,2026-04-06,Referral,B006939,1,1,2025-26
Q005386,2026-04-06,OTA,B006945,1,1,2025-26
Q005390,2026-04-06,Website,B006950,1,1,2025-26
Q005413,2026-04-06,Walk-in,B006980,1,1,2025-26
Q005424,2026-04-06,OTA,B006993,1,1,2025-26
Q005460,2026-04-06,Referral,B007039,0,1,2025-26
Q005482,2026-04-06,OTA,B007065,1,1,2025-26
Q005525,2026-04-06,Website,B007127,1,1,2025-26
Q008567,2026-04-06,OTA,,0,0,2025-26
Q008694,2026-04-06,OTA,,0,0,2025-26
Q009069,2026-04-06,Walk-in,,0,0,2025-26
Q009470,2026-04-06,OTA,,0,0,2025-26
Q009484,2026-04-06,Hotel Partner,,0,0,2025-26
Q009516,2026-04-06,Walk-in,,0,0,2025-26
Q009828,2026-04-06,Website,,0,0,2025-26
Q010024,2026-04-06,Walk-in,,0,0,2025-26
Q010681,2026-04-06,Walk-in,,0,0,2025-26
Q010775,2026-04-06,Instagram,,0,0,2025-26
Q005236,2026-04-07,OTA,B006735,1,1,2025-26
Q005312,2026-04-07,Referral,B006841,1,1,2025-26
Q005395,2026-04-07,Referral,B006956,1,1,2025-26
Q005472,2026-04-07,Instagram,B007051,1,1,2025-26
Q005534,2026-04-07,Instagram,B007136,1,1,2025-26
Q005538,2026-04-07,Website,B007140,1,1,2025-26
Q005559,2026-04-07,OTA,B007167,1,1,2025-26
Q008733,2026-04-07,OTA,,0,0,2025-26
Q009548,2026-04-07,Hotel Partner,,0,0,2025-26
Q009702,2026-04-07,Walk-in,,0,0,2025-26
Q009794,2026-04-07,Walk-in,,0,0,2025-26
Q009825,2026-04-07,Website,,0,0,2025-26
Q009930,2026-04-07,Walk-in,,0,0,2025-26
Q009943,2026-04-07,Walk-in,,0,0,2025-26
Q010102,2026-04-07,OTA,,0,0,2025-26
Q010182,2026-04-07,OTA,,0,0,2025-26
Q010189,2026-04-07,Walk-in,,0,0,2025-26
Q010472,2026-04-07,OTA,,0,0,2025-26
Q010558,2026-04-07,OTA,,0,0,2025-26
Q010596,2026-04-07,Website,,0,0,2025-26
Q005273,2026-04-08,Hotel Partner,B006786,0,1,2025-26
Q005329,2026-04-08,OTA,B006870,0,1,2025-26
Q005345,2026-04-08,OTA,B006889,1,1,2025-26
Q005411,2026-04-08,Website,B006978,1,1,2025-26
Q005447,2026-04-08,Website,B007024,0,1,2025-26
Q005478,2026-04-08,Referral,B007060,0,1,2025-26
Q005511,2026-04-08,Website,B007112,0,1,2025-26
Q005536,2026-04-08,Walk-in,B007138,1,1,2025-26
Q008666,2026-04-08,OTA,,0,0,2025-26
Q009227,2026-04-08,Website,,0,0,2025-26
Q009463,2026-04-08,Walk-in,,0,0,2025-26
Q009585,2026-04-08,Referral,,0,0,2025-26
Q010374,2026-04-08,Referral,,0,0,2025-26
Q005316,2026-04-09,OTA,B006847,0,1,2025-26
Q005445,2026-04-09,Website,B007021,0,1,2025-26
Q005468,2026-04-09,OTA,B007047,0,1,2025-26
Q005505,2026-04-09,Referral,B007104,0,1,2025-26
Q005530,2026-04-09,Website,B007132,1,1,2025-26
Q008876,2026-04-09,OTA,,0,0,2025-26
Q009230,2026-04-09,Referral,,0,0,2025-26
Q009243,2026-04-09,Hotel Partner,,0,0,2025-26
Q009435,2026-04-09,Instagram,,0,0,2025-26
Q009471,2026-04-09,OTA,,0,0,2025-26
Q009531,2026-04-09,OTA,,0,0,2025-26
Q009929,2026-04-09,OTA,,0,0,2025-26
Q010025,2026-04-09,Website,,0,0,2025-26
Q010756,2026-04-09,OTA,,0,0,2025-26
Q010782,2026-04-09,OTA,,0,0,2025-26
Q005278,2026-04-10,OTA,B006792,0,1,2025-26
Q005303,2026-04-10,Instagram,B006827,1,1,2025-26
Q005419,2026-04-10,Walk-in,B006987,1,1,2025-26
Q005528,2026-04-10,Walk-in,B007130,1,1,2025-26
Q005544,2026-04-10,OTA,B007147,1,1,2025-26
Q008543,2026-04-10,OTA,,0,0,2025-26
Q008689,2026-04-10,OTA,,0,0,2025-26
Q009242,2026-04-10,Website,,0,0,2025-26
Q009262,2026-04-10,OTA,,0,0,2025-26
Q009904,2026-04-10,Website,,0,0,2025-26
Q010231,2026-04-10,OTA,,0,0,2025-26
Q010413,2026-04-10,OTA,,0,0,2025-26
Q010674,2026-04-10,Walk-in,,0,0,2025-26
Q005356,2026-04-11,Instagram,B006905,0,1,2025-26
Q005485,2026-04-11,OTA,B007071,1,1,2025-26
Q005524,2026-04-11,Hotel Partner,B007126,1,1,2025-26
Q008713,2026-04-11,OTA,,0,0,2025-26
Q009034,2026-04-11,Website,,0,0,2025-26
Q009082,2026-04-11,Walk-in,,0,0,2025-26
Q010197,2026-04-11,Website,,0,0,2025-26
Q010218,2026-04-11,Referral,,0,0,2025-26
Q010610,2026-04-11,Walk-in,,0,0,2025-26
Q005467,2026-04-12,Referral,B007046,0,1,2025-26
Q008641,2026-04-12,Hotel Partner,,0,0,2025-26
Q008884,2026-04-12,Walk-in,,0,0,2025-26
Q009753,2026-04-12,Referral,,0,0,2025-26
Q009772,2026-04-12,Referral,,0,0,2025-26
Q009913,2026-04-12,Instagram,,0,0,2025-26
Q010258,2026-04-12,OTA,,0,0,2025-26
Q010618,2026-04-12,OTA,,0,0,2025-26
Q005308,2026-04-13,Website,B006832,1,1,2025-26
Q005489,2026-04-13,OTA,B007084,0,1,2025-26
Q008669,2026-04-13,Website,,0,0,2025-26
Q008755,2026-04-13,Hotel Partner,,0,0,2025-26
Q008883,2026-04-13,Walk-in,,0,0,2025-26
Q009672,2026-04-13,Walk-in,,0,0,2025-26
Q009964,2026-04-13,Referral,,0,0,2025-26
Q010246,2026-04-13,Website,,0,0,2025-26
Q010356,2026-04-13,Website,,0,0,2025-26
Q010801,2026-04-13,OTA,,0,0,2025-26
Q005295,2026-04-14,OTA,B006813,1,1,2025-26
Q005378,2026-04-14,Referral,B006935,1,1,2025-26
Q005439,2026-04-14,OTA,B007013,1,1,2025-26
Q005486,2026-04-14,OTA,B007073,1,1,2025-26
Q005540,2026-04-14,Walk-in,B007142,0,1,2025-26
Q008544,2026-04-14,OTA,,0,0,2025-26
Q008632,2026-04-14,Walk-in,,0,0,2025-26
Q008810,2026-04-14,Walk-in,,0,0,2025-26
Q008896,2026-04-14,OTA,,0,0,2025-26
Q009003,2026-04-14,Referral,,0,0,2025-26
Q009189,2026-04-14,OTA,,0,0,2025-26
Q009270,2026-04-14,OTA,,0,0,2025-26
Q009439,2026-04-14,OTA,,0,0,2025-26
Q009886,2026-04-14,Hotel Partner,,0,0,2025-26
Q010125,2026-04-14,OTA,,0,0,2025-26
Q010485,2026-04-14,Instagram,,0,0,2025-26
Q010585,2026-04-14,Website,,0,0,2025-26
Q010722,2026-04-14,OTA,,0,0,2025-26
Q010754,2026-04-14,Walk-in,,0,0,2025-26
Q010800,2026-04-14,Walk-in,,0,0,2025-26
Q010811,2026-04-14,Referral,,0,0,2025-26
Q010832,2026-04-14,Walk-in,,0,0,2025-26
Q005450,2026-04-15,Walk-in,B007028,0,1,2025-26
Q008921,2026-04-15,OTA,,0,0,2025-26
Q008957,2026-04-15,Website,,0,0,2025-26
Q009188,2026-04-15,Walk-in,,0,0,2025-26
Q009701,2026-04-15,Referral,,0,0,2025-26
Q009775,2026-04-15,Instagram,,0,0,2025-26
Q009881,2026-04-15,OTA,,0,0,2025-26
Q010044,2026-04-15,Walk-in,,0,0,2025-26
Q010180,2026-04-15,Walk-in,,0,0,2025-26
Q010449,2026-04-15,OTA,,0,0,2025-26
Q010461,2026-04-15,Instagram,,0,0,2025-26
Q010619,2026-04-15,OTA,,0,0,2025-26
Q010645,2026-04-15,Walk-in,,0,0,2025-26
Q010708,2026-04-15,OTA,,0,0,2025-26
Q010759,2026-04-15,OTA,,0,0,2025-26
Q005366,2026-04-16,Referral,B006919,1,1,2025-26
Q005401,2026-04-16,Hotel Partner,B006964,1,1,2025-26
Q008576,2026-04-16,Website,,0,0,2025-26
Q009080,2026-04-16,Hotel Partner,,0,0,2025-26
Q009197,2026-04-16,OTA,,0,0,2025-26
Q009532,2026-04-16,Walk-in,,0,0,2025-26
Q010355,2026-04-16,Walk-in,,0,0,2025-26
Q010841,2026-04-16,OTA,,0,0,2025-26
Q005400,2026-04-17,Website,B006963,1,1,2025-26
Q005441,2026-04-17,Website,B007015,1,1,2025-26
Q005550,2026-04-17,Instagram,B007154,1,1,2025-26
Q008516,2026-04-17,Walk-in,,0,0,2025-26
Q008534,2026-04-17,Walk-in,,0,0,2025-26
Q008538,2026-04-17,Instagram,,0,0,2025-26
Q008646,2026-04-17,OTA,,0,0,2025-26
Q008771,2026-04-17,Walk-in,,0,0,2025-26
Q008952,2026-04-17,Referral,,0,0,2025-26
Q009298,2026-04-17,Instagram,,0,0,2025-26
Q009331,2026-04-17,OTA,,0,0,2025-26
Q009491,2026-04-17,Walk-in,,0,0,2025-26
Q009685,2026-04-17,Walk-in,,0,0,2025-26
Q009902,2026-04-17,OTA,,0,0,2025-26
Q010650,2026-04-17,Instagram,,0,0,2025-26
Q005408,2026-04-18,OTA,B006974,0,1,2025-26
Q005435,2026-04-18,Referral,B007008,1,1,2025-26
Q005483,2026-04-18,Referral,B007066,0,1,2025-26
Q008601,2026-04-18,Instagram,,0,0,2025-26
Q008685,2026-04-18,Walk-in,,0,0,2025-26
Q008792,2026-04-18,Walk-in,,0,0,2025-26
Q008800,2026-04-18,Walk-in,,0,0,2025-26
Q008987,2026-04-18,OTA,,0,0,2025-26
Q009155,2026-04-18,OTA,,0,0,2025-26
Q009453,2026-04-18,Instagram,,0,0,2025-26
Q009481,2026-04-18,OTA,,0,0,2025-26
Q009864,2026-04-18,Hotel Partner,,0,0,2025-26
Q009953,2026-04-18,Instagram,,0,0,2025-26
Q005430,2026-04-19,OTA,B007001,1,1,2025-26
Q005471,2026-04-19,Instagram,B007050,1,1,2025-26
Q005541,2026-04-19,Walk-in,B007143,1,1,2025-26
Q005562,2026-04-19,Website,B007171,1,1,2025-26
Q008577,2026-04-19,OTA,,0,0,2025-26
Q008795,2026-04-19,OTA,,0,0,2025-26
Q008904,2026-04-19,Hotel Partner,,0,0,2025-26
Q009139,2026-04-19,Referral,,0,0,2025-26
Q009258,2026-04-19,Referral,,0,0,2025-26
Q009377,2026-04-19,Referral,,0,0,2025-26
Q009678,2026-04-19,Referral,,0,0,2025-26
Q009694,2026-04-19,Website,,0,0,2025-26
Q010362,2026-04-19,OTA,,0,0,2025-26
Q010622,2026-04-19,Walk-in,,0,0,2025-26
Q010714,2026-04-19,Instagram,,0,0,2025-26
Q005398,2026-04-20,Hotel Partner,B006960,0,1,2025-26
Q005426,2026-04-20,OTA,B006997,0,1,2025-26
Q005440,2026-04-20,Referral,B007014,1,1,2025-26
Q005458,2026-04-20,Walk-in,B007037,1,1,2025-26
Q005469,2026-04-20,Instagram,B007048,1,1,2025-26
Q005481,2026-04-20,Walk-in,B007064,0,1,2025-26
Q005490,2026-04-20,Walk-in,B007085,1,1,2025-26
Q005497,2026-04-20,Instagram,B007094,0,1,2025-26
Q005507,2026-04-20,Referral,B007106,0,1,2025-26
Q005535,2026-04-20,Referral,B007137,0,1,2025-26
Q005543,2026-04-20,Instagram,B007146,1,1,2025-26
Q008579,2026-04-20,Instagram,,0,0,2025-26
Q009421,2026-04-20,OTA,,0,0,2025-26
Q009605,2026-04-20,Referral,,0,0,2025-26
Q009741,2026-04-20,Instagram,,0,0,2025-26
Q010138,2026-04-20,Website,,0,0,2025-26
Q010606,2026-04-20,OTA,,0,0,2025-26
Q005463,2026-04-21,Instagram,B007042,0,1,2025-26
Q005556,2026-04-21,Website,B007164,0,1,2025-26
Q008645,2026-04-21,Walk-in,,0,0,2025-26
Q008908,2026-04-21,Website,,0,0,2025-26
Q009275,2026-04-21,Walk-in,,0,0,2025-26
Q009338,2026-04-21,OTA,,0,0,2025-26
Q009427,2026-04-21,Referral,,0,0,2025-26
Q009503,2026-04-21,Referral,,0,0,2025-26
Q010151,2026-04-21,Website,,0,0,2025-26
Q010407,2026-04-21,Instagram,,0,0,2025-26
Q005335,2026-04-22,OTA,B006878,0,1,2025-26
Q005470,2026-04-22,Website,B007049,0,1,2025-26
Q005514,2026-04-22,Referral,B007116,0,1,2025-26
Q005537,2026-04-22,Website,B007139,1,1,2025-26
Q008552,2026-04-22,Referral,,0,0,2025-26
Q008613,2026-04-22,OTA,,0,0,2025-26
Q008629,2026-04-22,OTA,,0,0,2025-26
Q008832,2026-04-22,OTA,,0,0,2025-26
Q009077,2026-04-22,Website,,0,0,2025-26
Q009121,2026-04-22,OTA,,0,0,2025-26
Q009292,2026-04-22,Walk-in,,0,0,2025-26
Q009321,2026-04-22,Website,,0,0,2025-26
Q009469,2026-04-22,OTA,,0,0,2025-26
Q009959,2026-04-22,Website,,0,0,2025-26
Q010048,2026-04-22,Hotel Partner,,0,0,2025-26
Q010479,2026-04-22,OTA,,0,0,2025-26
Q010581,2026-04-22,Instagram,,0,0,2025-26
Q010684,2026-04-22,Instagram,,0,0,2025-26
Q005448,2026-04-23,Walk-in,B007025,0,1,2025-26
Q005461,2026-04-23,Instagram,B007040,0,1,2025-26
Q005466,2026-04-23,Walk-in,B007045,0,1,2025-26
Q008720,2026-04-23,Walk-in,,0,0,2025-26
Q008813,2026-04-23,Instagram,,0,0,2025-26
Q008835,2026-04-23,OTA,,0,0,2025-26
Q008845,2026-04-23,OTA,,0,0,2025-26
Q008969,2026-04-23,Walk-in,,0,0,2025-26
Q009085,2026-04-23,Walk-in,,0,0,2025-26
Q010273,2026-04-23,OTA,,0,0,2025-26
Q010333,2026-04-23,OTA,,0,0,2025-26
Q010802,2026-04-23,Referral,,0,0,2025-26
Q005457,2026-04-24,Walk-in,B007036,0,1,2025-26
Q005502,2026-04-24,OTA,B007101,0,1,2025-26
Q005527,2026-04-24,OTA,B007129,0,1,2025-26
Q005557,2026-04-24,Instagram,B007165,1,1,2025-26
Q008581,2026-04-24,Walk-in,,0,0,2025-26
Q008582,2026-04-24,Referral,,0,0,2025-26
Q008811,2026-04-24,Walk-in,,0,0,2025-26
Q008924,2026-04-24,Walk-in,,0,0,2025-26
Q009066,2026-04-24,Walk-in,,0,0,2025-26
Q009263,2026-04-24,Hotel Partner,,0,0,2025-26
Q009417,2026-04-24,Walk-in,,0,0,2025-26
Q009806,2026-04-24,Hotel Partner,,0,0,2025-26
Q010467,2026-04-24,Referral,,0,0,2025-26
Q010501,2026-04-24,Instagram,,0,0,2025-26
Q010670,2026-04-24,Website,,0,0,2025-26
Q010700,2026-04-24,Instagram,,0,0,2025-26
Q005349,2026-04-25,Walk-in,B006894,1,1,2025-26
Q005367,2026-04-25,Instagram,B006920,1,1,2025-26
Q005389,2026-04-25,Instagram,B006949,1,1,2025-26
Q005404,2026-04-25,Instagram,B006969,1,1,2025-26
Q005432,2026-04-25,Website,B007004,1,1,2025-26
Q005462,2026-04-25,Referral,B007041,0,1,2025-26
Q005465,2026-04-25,Hotel Partner,B007044,0,1,2025-26
Q005506,2026-04-25,OTA,B007105,0,1,2025-26
Q005545,2026-04-25,OTA,B007148,1,1,2025-26
Q005555,2026-04-25,Walk-in,B007163,1,1,2025-26
Q008532,2026-04-25,OTA,,0,0,2025-26
Q008603,2026-04-25,Website,,0,0,2025-26
Q008647,2026-04-25,Instagram,,0,0,2025-26
Q008692,2026-04-25,Referral,,0,0,2025-26
Q008744,2026-04-25,OTA,,0,0,2025-26
Q008868,2026-04-25,Hotel Partner,,0,0,2025-26
Q009349,2026-04-25,Instagram,,0,0,2025-26
Q010271,2026-04-25,OTA,,0,0,2025-26
Q005399,2026-04-26,Instagram,B006962,1,1,2025-26
Q005422,2026-04-26,Walk-in,B006991,1,1,2025-26
Q005425,2026-04-26,OTA,B006994,0,1,2025-26
Q005436,2026-04-26,Walk-in,B007009,1,1,2025-26
Q008620,2026-04-26,OTA,,0,0,2025-26
Q008719,2026-04-26,OTA,,0,0,2025-26
Q009064,2026-04-26,OTA,,0,0,2025-26
Q009123,2026-04-26,Walk-in,,0,0,2025-26
Q009219,2026-04-26,OTA,,0,0,2025-26
Q009474,2026-04-26,Walk-in,,0,0,2025-26
Q009523,2026-04-26,OTA,,0,0,2025-26
Q009796,2026-04-26,Referral,,0,0,2025-26
Q010032,2026-04-26,Website,,0,0,2025-26
Q010414,2026-04-26,Referral,,0,0,2025-26
Q010433,2026-04-26,Website,,0,0,2025-26
Q005402,2026-04-27,Walk-in,B006967,0,1,2025-26
Q005449,2026-04-27,OTA,B007027,0,1,2025-26
Q005476,2026-04-27,Walk-in,B007058,1,1,2025-26
Q005521,2026-04-27,OTA,B007123,1,1,2025-26
Q005531,2026-04-27,Hotel Partner,B007133,0,1,2025-26
Q005548,2026-04-27,Instagram,B007152,1,1,2025-26
Q005549,2026-04-27,OTA,B007153,1,1,2025-26
Q008537,2026-04-27,Website,,0,0,2025-26
Q008559,2026-04-27,OTA,,0,0,2025-26
Q008660,2026-04-27,Referral,,0,0,2025-26
Q008947,2026-04-27,Walk-in,,0,0,2025-26
Q008966,2026-04-27,Website,,0,0,2025-26
Q009668,2026-04-27,OTA,,0,0,2025-26
Q009998,2026-04-27,Referral,,0,0,2025-26
Q010132,2026-04-27,Instagram,,0,0,2025-26
Q010171,2026-04-27,Hotel Partner,,0,0,2025-26
Q010361,2026-04-27,Walk-in,,0,0,2025-26
Q010823,2026-04-27,OTA,,0,0,2025-26
Q005442,2026-04-28,OTA,B007016,1,1,2025-26
Q005459,2026-04-28,Instagram,B007038,0,1,2025-26
Q005493,2026-04-28,Referral,B007090,1,1,2025-26
Q005513,2026-04-28,Instagram,B007115,1,1,2025-26
Q008506,2026-04-28,Hotel Partner,,0,0,2025-26
Q008906,2026-04-28,OTA,,0,0,2025-26
Q008980,2026-04-28,OTA,,0,0,2025-26
Q009296,2026-04-28,Walk-in,,0,0,2025-26
Q009890,2026-04-28,Website,,0,0,2025-26
Q010184,2026-04-28,OTA,,0,0,2025-26
Q010749,2026-04-28,Walk-in,,0,0,2025-26
Q005500,2026-04-29,Referral,B007097,0,1,2025-26
Q005529,2026-04-29,Website,B007131,1,1,2025-26
Q005561,2026-04-29,Walk-in,B007169,0,1,2025-26
Q008734,2026-04-29,Hotel Partner,,0,0,2025-26
Q008963,2026-04-29,Walk-in,,0,0,2025-26
Q009048,2026-04-29,Walk-in,,0,0,2025-26
Q009084,2026-04-29,OTA,,0,0,2025-26
Q009294,2026-04-29,Referral,,0,0,2025-26
Q009780,2026-04-29,OTA,,0,0,2025-26
Q010604,2026-04-29,Walk-in,,0,0,2025-26
Q010837,2026-04-29,OTA,,0,0,2025-26
Q005504,2026-04-30,Referral,B007103,0,1,2025-26
Q005547,2026-04-30,Website,B007150,0,1,2025-26
Q008600,2026-04-30,Website,,0,0,2025-26
Q008781,2026-04-30,OTA,,0,0,2025-26
Q009071,2026-04-30,Walk-in,,0,0,2025-26
Q009318,2026-04-30,Walk-in,,0,0,2025-26
Q009595,2026-04-30,Walk-in,,0,0,2025-26
Q009643,2026-04-30,Walk-in,,0,0,2025-26
Q009750,2026-04-30,OTA,,0,0,2025-26
Q009903,2026-04-30,Website,,0,0,2025-26
Q010001,2026-04-30,Referral,,0,0,2025-26
Q010369,2026-04-30,Hotel Partner,,0,0,2025-26
Q010594,2026-04-30,Website,,0,0,2025-26
Q010803,2026-04-30,Instagram,,0,0,2025-26
Q005454,2026-05-01,OTA,B007032,0,1,2025-26
Q005477,2026-05-01,OTA,B007059,0,1,2025-26
Q005496,2026-05-01,Website,B007093,1,1,2025-26
Q005517,2026-05-01,OTA,B007119,1,1,2025-26
Q005520,2026-05-01,Walk-in,B007122,1,1,2025-26
Q008618,2026-05-01,Website,,0,0,2025-26
Q008851,2026-05-01,Walk-in,,0,0,2025-26
Q009029,2026-05-01,Hotel Partner,,0,0,2025-26
Q009201,2026-05-01,Referral,,0,0,2025-26
Q009572,2026-05-01,OTA,,0,0,2025-26
Q009591,2026-05-01,Website,,0,0,2025-26
Q009603,2026-05-01,Website,,0,0,2025-26
Q009631,2026-05-01,OTA,,0,0,2025-26
Q009976,2026-05-01,OTA,,0,0,2025-26
Q010100,2026-05-01,OTA,,0,0,2025-26
Q010170,2026-05-01,Hotel Partner,,0,0,2025-26
Q010737,2026-05-01,Website,,0,0,2025-26
Q005518,2026-05-02,OTA,B007120,1,1,2025-26
Q008736,2026-05-02,OTA,,0,0,2025-26
Q008747,2026-05-02,Walk-in,,0,0,2025-26
Q008805,2026-05-02,OTA,,0,0,2025-26
Q009468,2026-05-02,Referral,,0,0,2025-26
Q009598,2026-05-02,Walk-in,,0,0,2025-26
Q009752,2026-05-02,OTA,,0,0,2025-26
Q010298,2026-05-02,OTA,,0,0,2025-26
Q010411,2026-05-02,Website,,0,0,2025-26
Q010664,2026-05-02,Hotel Partner,,0,0,2025-26
Q010821,2026-05-02,Instagram,,0,0,2025-26
Q005539,2026-05-03,OTA,B007141,1,1,2025-26
Q008520,2026-05-03,Website,,0,0,2025-26
Q008637,2026-05-03,Walk-in,,0,0,2025-26
Q008763,2026-05-03,Website,,0,0,2025-26
Q009358,2026-05-03,OTA,,0,0,2025-26
Q009422,2026-05-03,Website,,0,0,2025-26
Q009522,2026-05-03,Instagram,,0,0,2025-26
Q009684,2026-05-03,Instagram,,0,0,2025-26
Q010119,2026-05-03,Hotel Partner,,0,0,2025-26
Q010377,2026-05-03,Referral,,0,0,2025-26
Q010503,2026-05-03,Instagram,,0,0,2025-26
Q010584,2026-05-03,OTA,,0,0,2025-26
Q005409,2026-05-04,Website,B006976,1,1,2025-26
Q005480,2026-05-04,Website,B007063,1,1,2025-26
Q005553,2026-05-04,Walk-in,B007160,1,1,2025-26
Q008664,2026-05-04,OTA,,0,0,2025-26
Q008919,2026-05-04,OTA,,0,0,2025-26
Q008939,2026-05-04,OTA,,0,0,2025-26
Q009153,2026-05-04,Hotel Partner,,0,0,2025-26
Q009420,2026-05-04,Walk-in,,0,0,2025-26
Q009814,2026-05-04,Referral,,0,0,2025-26
Q010137,2026-05-04,Instagram,,0,0,2025-26
Q010308,2026-05-04,OTA,,0,0,2025-26
Q005444,2026-05-05,OTA,B007019,0,1,2025-26
Q005491,2026-05-05,OTA,B007087,1,1,2025-26
Q005495,2026-05-05,Referral,B007092,1,1,2025-26
Q005533,2026-05-05,Website,B007135,1,1,2025-26
Q008938,2026-05-05,Instagram,,0,0,2025-26
Q009009,2026-05-05,Referral,,0,0,2025-26
Q009185,2026-05-05,Walk-in,,0,0,2025-26
Q009327,2026-05-05,Instagram,,0,0,2025-26
Q009409,2026-05-05,Website,,0,0,2025-26
Q010315,2026-05-05,Walk-in,,0,0,2025-26
Q010416,2026-05-05,OTA,,0,0,2025-26
Q005532,2026-05-06,Walk-in,B007134,1,1,2025-26
Q008857,2026-05-06,Referral,,0,0,2025-26
Q009043,2026-05-06,Hotel Partner,,0,0,2025-26
Q009090,2026-05-06,Instagram,,0,0,2025-26
Q009092,2026-05-06,Referral,,0,0,2025-26
Q010010,2026-05-06,OTA,,0,0,2025-26
Q010099,2026-05-06,Website,,0,0,2025-26
Q010135,2026-05-06,Website,,0,0,2025-26
Q010798,2026-05-06,Hotel Partner,,0,0,2025-26
Q010825,2026-05-06,Hotel Partner,,0,0,2025-26
Q005433,2026-05-07,OTA,B007006,0,1,2025-26
Q005498,2026-05-07,Website,B007095,0,1,2025-26
Q008565,2026-05-07,OTA,,0,0,2025-26
Q008673,2026-05-07,Instagram,,0,0,2025-26
Q009288,2026-05-07,Walk-in,,0,0,2025-26
Q009657,2026-05-07,Walk-in,,0,0,2025-26
Q010199,2026-05-07,Website,,0,0,2025-26
Q010560,2026-05-07,Hotel Partner,,0,0,2025-26
Q010735,2026-05-07,Referral,,0,0,2025-26
Q005464,2026-05-08,OTA,B007043,1,1,2025-26
Q008659,2026-05-08,OTA,,0,0,2025-26
Q008731,2026-05-08,OTA,,0,0,2025-26
Q009221,2026-05-08,Walk-in,,0,0,2025-26
Q009233,2026-05-08,Walk-in,,0,0,2025-26
Q009599,2026-05-08,Walk-in,,0,0,2025-26
Q009663,2026-05-08,Walk-in,,0,0,2025-26
Q009740,2026-05-08,OTA,,0,0,2025-26
Q009751,2026-05-08,Website,,0,0,2025-26
Q010092,2026-05-08,OTA,,0,0,2025-26
Q010325,2026-05-08,Hotel Partner,,0,0,2025-26
Q010460,2026-05-08,Website,,0,0,2025-26
Q010464,2026-05-08,Walk-in,,0,0,2025-26
Q010607,2026-05-08,Instagram,,0,0,2025-26
Q010715,2026-05-08,Referral,,0,0,2025-26
Q005519,2026-05-09,Instagram,B007121,1,1,2025-26
Q008994,2026-05-09,Website,,0,0,2025-26
Q009138,2026-05-09,Hotel Partner,,0,0,2025-26
Q009831,2026-05-09,Hotel Partner,,0,0,2025-26
Q010578,2026-05-09,OTA,,0,0,2025-26
Q010694,2026-05-09,Referral,,0,0,2025-26
Q009020,2026-05-10,OTA,,0,0,2025-26
Q009304,2026-05-10,OTA,,0,0,2025-26
Q009638,2026-05-10,OTA,,0,0,2025-26
Q009656,2026-05-10,Referral,,0,0,2025-26
Q009696,2026-05-10,Walk-in,,0,0,2025-26
Q010341,2026-05-10,Website,,0,0,2025-26
Q010559,2026-05-10,OTA,,0,0,2025-26
Q010640,2026-05-10,OTA,,0,0,2025-26
Q010721,2026-05-10,Referral,,0,0,2025-26
Q010747,2026-05-10,Website,,0,0,2025-26
Q008527,2026-05-11,OTA,,0,0,2025-26
Q008651,2026-05-11,Walk-in,,0,0,2025-26
Q008691,2026-05-11,OTA,,0,0,2025-26
Q008738,2026-05-11,OTA,,0,0,2025-26
Q008852,2026-05-11,Hotel Partner,,0,0,2025-26
Q008882,2026-05-11,Instagram,,0,0,2025-26
Q008926,2026-05-11,OTA,,0,0,2025-26
Q010173,2026-05-11,OTA,,0,0,2025-26
Q010278,2026-05-11,Instagram,,0,0,2025-26
Q010836,2026-05-11,OTA,,0,0,2025-26
Q005455,2026-05-12,Referral,B007034,0,1,2025-26
Q005516,2026-05-12,Referral,B007118,1,1,2025-26
Q005522,2026-05-12,OTA,B007124,1,1,2025-26
Q005526,2026-05-12,Hotel Partner,B007128,1,1,2025-26
Q009134,2026-05-12,Walk-in,,0,0,2025-26
Q009193,2026-05-12,Walk-in,,0,0,2025-26
Q009682,2026-05-12,Website,,0,0,2025-26
Q010157,2026-05-12,Walk-in,,0,0,2025-26
Q010259,2026-05-12,Referral,,0,0,2025-26
Q010324,2026-05-12,Referral,,0,0,2025-26
Q010574,2026-05-12,Referral,,0,0,2025-26
Q010603,2026-05-12,Referral,,0,0,2025-26
Q010649,2026-05-12,Referral,,0,0,2025-26
Q005509,2026-05-13,Website,B007108,1,1,2025-26
Q005510,2026-05-13,Walk-in,B007110,1,1,2025-26
Q005546,2026-05-13,Walk-in,B007149,0,1,2025-26
Q008758,2026-05-13,Website,,0,0,2025-26
Q008914,2026-05-13,Walk-in,,0,0,2025-26
Q009216,2026-05-13,OTA,,0,0,2025-26
Q009566,2026-05-13,OTA,,0,0,2025-26
Q010215,2026-05-13,Website,,0,0,2025-26
Q010235,2026-05-13,OTA,,0,0,2025-26
Q010685,2026-05-13,Referral,,0,0,2025-26
Q005523,2026-05-14,OTA,B007125,0,1,2025-26
Q005552,2026-05-14,Website,B007158,1,1,2025-26
Q008566,2026-05-14,Instagram,,0,0,2025-26
Q008727,2026-05-14,OTA,,0,0,2025-26
Q008822,2026-05-14,OTA,,0,0,2025-26
Q009061,2026-05-14,Website,,0,0,2025-26
Q009154,2026-05-14,OTA,,0,0,2025-26
Q009345,2026-05-14,OTA,,0,0,2025-26
Q009418,2026-05-14,Website,,0,0,2025-26
Q009554,2026-05-14,OTA,,0,0,2025-26
Q009593,2026-05-14,Instagram,,0,0,2025-26
Q009597,2026-05-14,Referral,,0,0,2025-26
Q009647,2026-05-14,Hotel Partner,,0,0,2025-26
Q009720,2026-05-14,Referral,,0,0,2025-26
Q009855,2026-05-14,OTA,,0,0,2025-26
Q009887,2026-05-14,OTA,,0,0,2025-26
Q010261,2026-05-14,OTA,,0,0,2025-26
Q010404,2026-05-14,Walk-in,,0,0,2025-26
Q010543,2026-05-14,Instagram,,0,0,2025-26
Q010587,2026-05-14,Walk-in,,0,0,2025-26
Q010755,2026-05-14,Walk-in,,0,0,2025-26
Q010829,2026-05-14,OTA,,0,0,2025-26
Q005501,2026-05-15,Website,B007098,0,1,2025-26
Q008572,2026-05-15,Instagram,,0,0,2025-26
Q008770,2026-05-15,Walk-in,,0,0,2025-26
Q008878,2026-05-15,Hotel Partner,,0,0,2025-26
Q009361,2026-05-15,OTA,,0,0,2025-26
Q009646,2026-05-15,Walk-in,,0,0,2025-26
Q010780,2026-05-15,Referral,,0,0,2025-26
Q005492,2026-05-16,Website,B007088,0,1,2025-26
Q008502,2026-05-16,Website,,0,0,2025-26
Q008523,2026-05-16,Website,,0,0,2025-26
Q008554,2026-05-16,Instagram,,0,0,2025-26
Q008850,2026-05-16,OTA,,0,0,2025-26
Q009244,2026-05-16,Walk-in,,0,0,2025-26
Q009256,2026-05-16,OTA,,0,0,2025-26
Q009303,2026-05-16,OTA,,0,0,2025-26
Q009307,2026-05-16,OTA,,0,0,2025-26
Q009606,2026-05-16,Website,,0,0,2025-26
Q009939,2026-05-16,Walk-in,,0,0,2025-26
Q010019,2026-05-16,OTA,,0,0,2025-26
Q010506,2026-05-16,Website,,0,0,2025-26
Q010834,2026-05-16,OTA,,0,0,2025-26
Q005515,2026-05-17,Website,B007117,1,1,2025-26
Q008678,2026-05-17,OTA,,0,0,2025-26
Q008996,2026-05-17,Referral,,0,0,2025-26
Q009033,2026-05-17,OTA,,0,0,2025-26
Q009942,2026-05-17,Website,,0,0,2025-26
Q010026,2026-05-17,Website,,0,0,2025-26
Q010299,2026-05-17,OTA,,0,0,2025-26
Q010327,2026-05-17,Instagram,,0,0,2025-26
Q010602,2026-05-17,Referral,,0,0,2025-26
Q009130,2026-05-18,Hotel Partner,,0,0,2025-26
Q009392,2026-05-18,Walk-in,,0,0,2025-26
Q009460,2026-05-18,Website,,0,0,2025-26
Q009624,2026-05-18,OTA,,0,0,2025-26
Q010042,2026-05-18,Referral,,0,0,2025-26
Q010253,2026-05-18,OTA,,0,0,2025-26
Q010805,2026-05-18,Instagram,,0,0,2025-26
Q005542,2026-05-19,OTA,B007144,1,1,2025-26
Q008569,2026-05-19,OTA,,0,0,2025-26
Q009380,2026-05-19,OTA,,0,0,2025-26
Q010108,2026-05-19,Walk-in,,0,0,2025-26
Q010222,2026-05-19,Referral,,0,0,2025-26
Q010247,2026-05-19,Walk-in,,0,0,2025-26
Q010264,2026-05-19,Hotel Partner,,0,0,2025-26
Q010431,2026-05-19,Website,,0,0,2025-26
Q010668,2026-05-19,OTA,,0,0,2025-26
Q008788,2026-05-20,Website,,0,0,2025-26
Q009165,2026-05-20,Walk-in,,0,0,2025-26
Q009236,2026-05-20,Hotel Partner,,0,0,2025-26
Q009249,2026-05-20,OTA,,0,0,2025-26
Q009272,2026-05-20,OTA,,0,0,2025-26
Q009410,2026-05-20,Referral,,0,0,2025-26
Q009818,2026-05-20,Walk-in,,0,0,2025-26
Q010168,2026-05-20,OTA,,0,0,2025-26
Q010655,2026-05-20,Hotel Partner,,0,0,2025-26
Q005554,2026-05-21,Website,B007162,1,1,2025-26
Q008623,2026-05-21,OTA,,0,0,2025-26
Q008662,2026-05-21,Walk-in,,0,0,2025-26
Q008725,2026-05-21,Walk-in,,0,0,2025-26
Q008831,2026-05-21,Walk-in,,0,0,2025-26
Q008983,2026-05-21,Website,,0,0,2025-26
Q009458,2026-05-21,Walk-in,,0,0,2025-26
Q009541,2026-05-21,Walk-in,,0,0,2025-26
Q009568,2026-05-21,Walk-in,,0,0,2025-26
Q009857,2026-05-21,Walk-in,,0,0,2025-26
Q009863,2026-05-21,Walk-in,,0,0,2025-26
Q009907,2026-05-21,OTA,,0,0,2025-26
Q010294,2026-05-21,OTA,,0,0,2025-26
Q010386,2026-05-21,Walk-in,,0,0,2025-26
Q010702,2026-05-21,Walk-in,,0,0,2025-26
Q010757,2026-05-21,Walk-in,,0,0,2025-26
Q010794,2026-05-21,Referral,,0,0,2025-26
Q008859,2026-05-22,Walk-in,,0,0,2025-26
Q008943,2026-05-22,Website,,0,0,2025-26
Q008949,2026-05-22,Walk-in,,0,0,2025-26
Q008992,2026-05-22,Instagram,,0,0,2025-26
Q009315,2026-05-22,Walk-in,,0,0,2025-26
Q009402,2026-05-22,Walk-in,,0,0,2025-26
Q009506,2026-05-22,OTA,,0,0,2025-26
Q009518,2026-05-22,Referral,,0,0,2025-26
Q009889,2026-05-22,Instagram,,0,0,2025-26
Q010105,2026-05-22,OTA,,0,0,2025-26
Q010112,2026-05-22,Website,,0,0,2025-26
Q010183,2026-05-22,Referral,,0,0,2025-26
Q010227,2026-05-22,Website,,0,0,2025-26
Q008688,2026-05-23,Instagram,,0,0,2025-26
Q008951,2026-05-23,OTA,,0,0,2025-26
Q008954,2026-05-23,OTA,,0,0,2025-26
Q009279,2026-05-23,OTA,,0,0,2025-26
Q009404,2026-05-23,Walk-in,,0,0,2025-26
Q009644,2026-05-23,Website,,0,0,2025-26
Q009771,2026-05-23,Walk-in,,0,0,2025-26
Q009811,2026-05-23,OTA,,0,0,2025-26
Q009936,2026-05-23,Website,,0,0,2025-26
Q009997,2026-05-23,Walk-in,,0,0,2025-26
Q010023,2026-05-23,Instagram,,0,0,2025-26
Q010053,2026-05-23,Hotel Partner,,0,0,2025-26
Q010114,2026-05-23,Instagram,,0,0,2025-26
Q010140,2026-05-23,Walk-in,,0,0,2025-26
Q010600,2026-05-23,OTA,,0,0,2025-26
Q010839,2026-05-23,Instagram,,0,0,2025-26
Q008499,2026-05-24,Website,,0,0,2025-26
Q008902,2026-05-24,Walk-in,,0,0,2025-26
Q009030,2026-05-24,OTA,,0,0,2025-26
Q009223,2026-05-24,Walk-in,,0,0,2025-26
Q009319,2026-05-24,Instagram,,0,0,2025-26
Q009575,2026-05-24,OTA,,0,0,2025-26
Q009614,2026-05-24,OTA,,0,0,2025-26
Q009842,2026-05-24,OTA,,0,0,2025-26
Q009927,2026-05-24,OTA,,0,0,2025-26
Q010066,2026-05-24,Website,,0,0,2025-26
Q010228,2026-05-24,OTA,,0,0,2025-26
Q010332,2026-05-24,OTA,,0,0,2025-26
Q010435,2026-05-24,Website,,0,0,2025-26
Q010533,2026-05-24,Instagram,,0,0,2025-26
Q010678,2026-05-24,Hotel Partner,,0,0,2025-26
Q008611,2026-05-25,Walk-in,,0,0,2025-26
Q008743,2026-05-25,Instagram,,0,0,2025-26
Q008888,2026-05-25,Walk-in,,0,0,2025-26
Q008941,2026-05-25,Instagram,,0,0,2025-26
Q009106,2026-05-25,Website,,0,0,2025-26
Q009137,2026-05-25,Walk-in,,0,0,2025-26
Q009238,2026-05-25,OTA,,0,0,2025-26
Q009386,2026-05-25,OTA,,0,0,2025-26
Q009632,2026-05-25,Referral,,0,0,2025-26
Q010003,2026-05-25,Instagram,,0,0,2025-26
Q010088,2026-05-25,Walk-in,,0,0,2025-26
Q010667,2026-05-25,Instagram,,0,0,2025-26
Q010677,2026-05-25,Website,,0,0,2025-26
Q010761,2026-05-25,Referral,,0,0,2025-26
Q008697,2026-05-26,Walk-in,,0,0,2025-26
Q008764,2026-05-26,Website,,0,0,2025-26
Q008830,2026-05-26,OTA,,0,0,2025-26
Q008846,2026-05-26,Instagram,,0,0,2025-26
Q009012,2026-05-26,Walk-in,,0,0,2025-26
Q009128,2026-05-26,Walk-in,,0,0,2025-26
Q009291,2026-05-26,Website,,0,0,2025-26
Q009372,2026-05-26,Website,,0,0,2025-26
Q009480,2026-05-26,OTA,,0,0,2025-26
Q010134,2026-05-26,OTA,,0,0,2025-26
Q010147,2026-05-26,OTA,,0,0,2025-26
Q010795,2026-05-26,Website,,0,0,2025-26
Q008838,2026-05-27,Instagram,,0,0,2025-26
Q009000,2026-05-27,Website,,0,0,2025-26
Q009664,2026-05-27,Referral,,0,0,2025-26
Q009759,2026-05-27,OTA,,0,0,2025-26
Q009769,2026-05-27,Referral,,0,0,2025-26
Q009822,2026-05-27,Instagram,,0,0,2025-26
Q010041,2026-05-27,Instagram,,0,0,2025-26
Q010426,2026-05-27,Instagram,,0,0,2025-26
Q010605,2026-05-27,Hotel Partner,,0,0,2025-26
Q008635,2026-05-28,Referral,,0,0,2025-26
Q009362,2026-05-28,Referral,,0,0,2025-26
Q009549,2026-05-28,Hotel Partner,,0,0,2025-26
Q009563,2026-05-28,OTA,,0,0,2025-26
Q009659,2026-05-28,Walk-in,,0,0,2025-26
Q009697,2026-05-28,Instagram,,0,0,2025-26
Q009735,2026-05-28,Walk-in,,0,0,2025-26
Q009768,2026-05-28,Referral,,0,0,2025-26
Q009950,2026-05-28,OTA,,0,0,2025-26
Q009972,2026-05-28,OTA,,0,0,2025-26
Q010310,2026-05-28,Website,,0,0,2025-26
Q010323,2026-05-28,OTA,,0,0,2025-26
Q010638,2026-05-28,Hotel Partner,,0,0,2025-26
Q010738,2026-05-28,Referral,,0,0,2025-26
Q008993,2026-05-29,Walk-in,,0,0,2025-26
Q009347,2026-05-29,OTA,,0,0,2025-26
Q009490,2026-05-29,Walk-in,,0,0,2025-26
Q009781,2026-05-29,OTA,,0,0,2025-26
Q009894,2026-05-29,Walk-in,,0,0,2025-26
Q009935,2026-05-29,OTA,,0,0,2025-26
Q010156,2026-05-29,Referral,,0,0,2025-26
Q010300,2026-05-29,Instagram,,0,0,2025-26
Q010337,2026-05-29,Walk-in,,0,0,2025-26
Q010427,2026-05-29,OTA,,0,0,2025-26
Q010624,2026-05-29,OTA,,0,0,2025-26
Q010723,2026-05-29,OTA,,0,0,2025-26
Q008513,2026-05-30,Referral,,0,0,2025-26
Q008674,2026-05-30,OTA,,0,0,2025-26
Q008739,2026-05-30,Website,,0,0,2025-26
Q008885,2026-05-30,Walk-in,,0,0,2025-26
Q009024,2026-05-30,OTA,,0,0,2025-26
Q009497,2026-05-30,Website,,0,0,2025-26
Q010087,2026-05-30,OTA,,0,0,2025-26
Q010719,2026-05-30,OTA,,0,0,2025-26
Q009047,2026-05-31,Walk-in,,0,0,2025-26
Q009352,2026-05-31,Instagram,,0,0,2025-26
Q009394,2026-05-31,Walk-in,,0,0,2025-26
Q009396,2026-05-31,Referral,,0,0,2025-26
Q009405,2026-05-31,Website,,0,0,2025-26
Q009502,2026-05-31,Walk-in,,0,0,2025-26
Q009525,2026-05-31,Website,,0,0,2025-26
Q009660,2026-05-31,Website,,0,0,2025-26
Q009757,2026-05-31,Instagram,,0,0,2025-26
Q009891,2026-05-31,OTA,,0,0,2025-26
Q010079,2026-05-31,OTA,,0,0,2025-26
Q010175,2026-05-31,Website,,0,0,2025-26
Q010208,2026-05-31,OTA,,0,0,2025-26
Q010225,2026-05-31,Walk-in,,0,0,2025-26
Q010438,2026-05-31,OTA,,0,0,2025-26
Q010456,2026-05-31,Website,,0,0,2025-26
Q010695,2026-05-31,Hotel Partner,,0,0,2025-26
