booking_id,customer_id,booking_date,dive_date,dive_type,num_dives,price_inr,status,cancellation_reason,trip_id,boat_slot
B000001,C00001,18/12/2023,2024-01-01,PADI Course,4,26700,completed,,T00001,1
B000002,C00002,17/11/2023,2024-01-01,FUN DIVE,3,11500,completed,,T00001,2
B000003,C00003,December 23 2023,2024-01-01,fundive,1,3600,Completed,,T00001,4
B000004,C00004,19/12/2023,2024-01-01,FUN DIVE,1,3750,COMPLETED,,T00001,5
B000005,C00004,21/11/2023,2024-01-01,fundive,3,12050,cancelled,Customer,T00001,6
B000006,C00005,2023-12-26,2024-01-01,fundive,1,3800,Completed,,T00001,7
B000007,C00006,26/11/2023,2024-01-01,COURSE,4,24650, cancelled ,Customer,T00001,8
B000008,C00007,2023-12-04,2024-01-01,Fun Dive,1,3850, Completed,,T00001,9
B000009,C00007,2023-11-21,2024-01-01,Fun Dive,2,7900,completed,,T00001,10
B000010,C00001,2023-12-10,2024-01-01,fundive,2,7750,completed,,T00001,11
B000011,C00007,2023-11-27,2024-01-01,fundive,1,3800,Completed,,T00001,12
B000012,C00002,2023-11-26,2024-01-01,FUN DIVE,2,7400, Completed,,T00002,2
B000013,C00007,December 11 2023,2024-01-01,Fun dive,3,11000, Completed,,T00002,3
B000014,C00008,2023-11-25,2024-01-01,DISCOVERY DIVE,2,9550,completed,,T00002,4
B000015,C00009,23/11/2023,2024-01-01,fundive,2,6150,completed,,T00002,5
B000016,C00010,2023-12-30,2024-01-01,COURSE,5,24350,Completed,,T00002,7
B000017,C00011,2023-11-29,2024-01-01,discovery dive,1,5450, Completed,,T00002,8
B000018,C00012,2023-12-02,2024-01-01,fun dive,2,7450, Completed,,T00002,10
B000019,C00010,2023-12-22,2024-01-01,fun dive,1,3450, Completed,,T00002,11
B000020,C00013,2023-11-20,2024-01-01,fun dive,2,7950,COMPLETED,,T00002,12
B000021,C00014,2023-12-06,2024-01-02,FUN DIVE,2,6700,Completed,,T00003,1
B000022,C00015,2023-12-21,2024-01-02,Discovery Dive,1,4800,Completed,,T00003,2
B000023,C00016,2023-12-22,2024-01-02,DISCOVERY DIVE,1,5300, Completed,,T00003,3
B000024,C00012,2023-12-19,2024-01-02,fun dive,2,7250,Completed,,T00003,4
B000025,C00011,28/12/2023,2024-01-02,Fun dive,2,7700, cancelled ,Customer,T00003,6
B000026,C00012,2023-11-30,2024-01-02,Course,4,27150,completed,,T00003,7
B000027,C00017,2023-12-08,2024-01-02,Discovery,1,5900, Completed,,T00003,8
B000028,C00018,2023-12-07,2024-01-02,DISCOVERY DIVE,1,5600,Completed,,T00003,9
B000029,C00019,2023-12-11,2024-01-02,Fun Dive,1,3750,COMPLETED,,T00004,2
B000030,C00012,2023-11-27,2024-01-02,fun dive,1,4050, Completed,,T00004,3
B000031,C00020,2023-12-03,2024-01-02,discovery dive,1,5100, Completed,,T00004,4
B000032,C00021,2023-12-22,2024-01-02,Fun Dive,4,11650, Completed,,T00004,5
B000033,C00022,2023-12-08,2024-01-02,course,4,25950,completed,,T00004,6
B000034,C00023,2023-11-23,2024-01-02,FUN DIVE,1,3700, Completed,,T00004,7
B000035,C00024,November 20 2023,2024-01-02,fun dive,3,9200,completed,,T00004,8
B000036,C00025,08/12/2023,2024-01-02,Discovery Dive,1,5700,Completed,,T00004,9
B000037,C00012,26/12/2023,2024-01-03,FUN DIVE,2,7600,Completed,,T00005,3
B000038,C00016,18/12/2023,2024-01-03,Fun Dive,1,3750, Completed,,T00005,4
B000039,C00026,2023-11-30,2024-01-03,DISCOVERY DIVE,2,10800, Completed,,T00005,6
B000040,C00027,2023-12-12,2024-01-03,fundive,1,3050,Cancelled,Medical,T00005,7
B000041,C00028,2023-12-18,2024-01-03,DSD,1,5450,COMPLETED,,T00005,8
B000042,C00014,2023-12-06,2024-01-03,PADI Course,4,24850,completed,,T00005,9
B000043,C00029,05/12/2023,2024-01-03,Course,4,24150,COMPLETED,,T00005,10
B000044,C00030,2023-12-14,2024-01-03,Course,5,25900,Completed,,T00006,1
B000045,C00029,2024-01-03,2024-01-03,COURSE,5,26650,Completed,,T00006,3
B000046,C00031,12/12/2023,2024-01-03,DISCOVERY DIVE,1,5300,Completed,,T00006,4
B000047,C00026,2023-12-10,2024-01-03,fun dive,2,7850,NO-SHOW,,T00006,6
B000048,C00032,03/01/2024,2024-01-03,DISCOVERY DIVE,1,5200, Completed,,T00006,7
B000049,C00033,2023-12-28,2024-01-03,Fun Dive,1,3500,Completed,,T00006,8
B000050,C00034,2023-12-12,2024-01-04,Fun dive,4,15250,COMPLETED,,T00007,1
B000051,C00035,09/12/2023,2024-01-04,COURSE,4,26750, Completed,,T00007,2
B000052,C00036,09/12/2023,2024-01-04,Discovery,2,11150,COMPLETED,,T00007,3
B000053,C00037,2023-12-15,2024-01-04,FUN DIVE,4,14800,completed,,T00007,4
B000054,C00017,2023-12-10,2024-01-04,DSD,1,5300,Completed,,T00007,6
B000055,C00038,2023-12-08,2024-01-04,Fun Dive,3,12200,completed,,T00007,7
B000056,C00039,2023-12-08,2024-01-04,Fun dive,4,14250,completed,,T00007,8
B000057,C00029,08/12/2023,2024-01-04,fun dive,3,10400,completed,,T00007,9
B000058,C00040,27/11/2023,2024-01-04,COURSE,5,26500,completed,,T00007,11
B000059,C00035,21/11/2023,2024-01-04,FUN DIVE,4,15300,No-Show,,T00008,1
B000060,C00041,2023-12-18,2024-01-04,Discovery Dive,1,5050,Cancelled,Weather,T00008,2
B000061,C00042,November 30 2023,2024-01-04,Discovery Dive,1,5500,Cancelled,Weather,T00008,3
B000062,C00026,2023-12-03,2024-01-04,Fun Dive,1,3800,COMPLETED,,T00008,4
B000063,C00043,2023-12-20,2024-01-04,Fun dive,4,15200,COMPLETED,,T00008,6
B000064,C00044,2023-12-15,2024-01-04,DISCOVERY DIVE,2,9700,Cancelled,Medical,T00008,7
B000065,C00002,November 25 2023,2024-01-04,FUN DIVE,4,14350,completed,,T00008,8
B000066,C00045,20/11/2023,2024-01-04,course,5,27550, Completed,,T00008,9
B000067,C00046,2023-12-20,2024-01-04,Course,5,27600, Completed,,T00008,10
B000068,C00047,2023-11-30,2024-01-04,Discovery Dive,2,10000,completed,,T00008,11
B000069,C00048,2023-12-07,2024-01-05,COURSE,4,22950,completed,,T00009,2
B000070,C00049,2023-12-27,2024-01-05,Course,5,27900, Completed,,T00009,3
B000071,C00050,2023-12-10,2024-01-05,fundive,4,13200,Completed,,T00009,4
B000072,C00036,03/01/2024,2024-01-05,fundive,1,3650,CANCELLED,Customer,T00009,5
B000073,C00051,12/12/2023,2024-01-05,PADI Course,5,25950,Completed,,T00009,7
B000074,C00018,30/11/2023,2024-01-05,DISCOVERY DIVE,1,5000,Completed,,T00009,9
B000075,C00052,December 18 2023,2024-01-05,Fun Dive,2,7200,Completed,,T00009,10
B000076,C00053,2023-12-24,2024-01-05,FUN DIVE,2,7700, Completed,,T00010,1
B000077,C00054,2023-12-14,2024-01-05,fun dive,1,3650,COMPLETED,,T00010,2
B000078,C00055,2023-12-21,2024-01-05,discovery dive,1,5550,completed,,T00010,3
B000079,C00056,03/12/2023,2024-01-05,course,4,26100,completed,,T00010,4
B000080,C00057,17/12/2023,2024-01-05,DSD,1,5450,NO-SHOW,,T00010,5
B000081,C00050,2023-11-27,2024-01-05,Fun Dive,1,3250,no-show,,T00010,7
B000082,C00058,2023-11-21,2024-01-05,fundive,1,3750, Completed,,T00010,9
B000083,C00059,2023-12-07,2024-01-05,DSD,1,5100,completed,,T00010,11
B000084,C00060,2023-12-02,2024-01-06,PADI Course,4,27250, Completed,,T00011,2
B000085,C00028,25/11/2023,2024-01-06,fundive,2,7550, Completed,,T00011,3
B000086,C00007,29/11/2023,2024-01-06,Fun dive,1,3950,COMPLETED,,T00011,5
B000087,C00061,2023-11-24,2024-01-06,Fun dive,2,7300,COMPLETED,,T00011,6
B000088,C00062,12/12/2023,2024-01-06,Fun dive,4,15300, Completed,,T00011,7
B000089,C00063,2023-12-29,2024-01-06,Fun dive,1,3850, Completed,,T00011,8
B000090,C00064,2023-12-03,2024-01-06,Fun Dive,2,7100,Completed,,T00011,9
B000091,C00065,03/12/2023,2024-01-06,FUN DIVE,2,7800,Completed,,T00011,10
B000092,C00066,2023-12-01,2024-01-06,Discovery,1,5900,completed,,T00011,11
B000093,C00067,2023-11-25,2024-01-06,fun dive,3,11300,COMPLETED,,T00011,12
B000094,C00068,2024-01-03,2024-01-06,Fun dive,4,13950, Completed,,T00012,1
B000095,C00069,10/12/2023,2024-01-06,FUN DIVE,4,13650,COMPLETED,,T00012,2
B000096,C00051,2023-12-04,2024-01-06,fun dive,3,11000,COMPLETED,,T00012,4
B000097,C00070,29/11/2023,2024-01-06,Fun Dive,1,4000,Completed,,T00012,5
B000098,C00071,27/12/2023,2024-01-06,COURSE,4,27850,Completed,,T00012,6
B000099,C00072,09/12/2023,2024-01-06,Discovery Dive,1,5750,Completed,,T00012,7
B000100,C00058,28/12/2023,2024-01-06,PADI Course,4,28250,Cancelled,Weather,T00012,8
B000101,C00073,14/12/2023,2024-01-07,FUN DIVE,3,10900, Completed,,T00013,1
B000102,C00074,2024-01-06,2024-01-07,Fun Dive,1,3700,COMPLETED,,T00013,2
B000103,C00075,27/12/2023,2024-01-07,COURSE,4,29350,Cancelled,Customer,T00013,4
B000104,C00076,2023-12-02,2024-01-07,COURSE,5,23250,completed,,T00013,5
B000105,C00077,December 27 2023,2024-01-07,fundive,2,7700,CANCELLED,,T00013,7
B000106,C00078,2023-12-19,2024-01-07,Fun Dive,1,3750,completed,,T00013,8
B000107,C00047,2023-12-25,2024-01-07,fun dive,4,13750,Completed,,T00013,9
B000108,C00059,2023-12-07,2024-01-07,Course,5,28800,completed,,T00014,1
B000109,C00079,2023-11-29,2024-01-07,Fun dive,2,7400,COMPLETED,,T00014,2
B000110,C00035,2023-12-09,2024-01-07,course,4,27000,COMPLETED,,T00014,3
B000111,C00079,2023-12-05,2024-01-07,fun dive,2,7450, Completed,,T00014,5
B000112,C00080,08/12/2023,2024-01-07,DISCOVERY DIVE,1,4850,Completed,,T00014,6
B000113,C00081,2023-11-23,2024-01-07,DISCOVERY DIVE,1,5100,Completed,,T00014,7
B000114,C00082,21/12/2023,2024-01-07,DISCOVERY DIVE,1,5700,completed,,T00014,8
B000115,C00083,2023-12-23,2024-01-07,PADI Course,4,25650,completed,,T00014,9
B000116,C00084,10/12/2023,2024-01-07,Fun Dive,2,7450,completed,,T00014,10
B000117,C00064,2023-12-30,2024-01-07,PADI Course,4,26550, cancelled ,Customer,T00015,1
B000118,C00085,20/12/2023,2024-01-07,Course,4,28850,completed,,T00015,2
B000119,C00086,2023-11-23,2024-01-07,discovery dive,1,5500,COMPLETED,,T00015,4
B000120,C00069,December 9 2023,2024-01-07,fun dive,4,14300,Completed,,T00015,5
B000121,C00087,2024-01-06,2024-01-07,fun dive,1,3100, cancelled ,Customer,T00015,6
B000122,C00088,30/11/2023,2024-01-07,Discovery Dive,2,11250,COMPLETED,,T00015,7
B000123,C00089,2023-12-12,2024-01-07,fundive,2,7050,Completed,,T00015,8
B000124,C00023,2023-12-15,2024-01-08,Fun dive,3,11650,Completed,,T00016,1
B000125,C00090,25/11/2023,2024-01-08,Discovery Dive,1,4650,Completed,,T00016,4
B000126,C00091,2023-11-25,2024-01-08,DSD,1,5050,Completed,,T00016,5
B000127,C00046,2023-11-29,2024-01-08,Course,4,28200,completed,,T00016,6
B000128,C00092,2023-12-29,2024-01-08,fun dive,2,7350,completed,,T00016,7
B000129,C00093,2023-12-01,2024-01-08,FUN DIVE,2,6450,completed,,T00016,8
B000130,C00094,2024-01-06,2024-01-08,Course,5,25400,Completed,,T00016,10
B000131,C00045,2023-12-17,2024-01-08,course,4,28650,Completed,,T00017,1
B000132,C00028,January 2 2024,2024-01-08,fundive,4,13800,No-Show,,T00017,2
B000133,C00095,2023-12-19,2024-01-08,Fun dive,3,11450,COMPLETED,,T00017,3
B000134,C00096,2023-12-14,2024-01-08,Fun Dive,2,6750,Completed,,T00017,5
B000135,C00014,2023-12-27,2024-01-08,Fun dive,4,13800,Completed,,T00017,6
B000136,C00092,2023-12-17,2024-01-08,fundive,2,7750, Completed,,T00017,7
B000137,C00097,20/12/2023,2024-01-08,Discovery Dive,1,5250,Completed,,T00017,8
B000138,C00098,2024-01-01,2024-01-08,discovery dive,1,5550, Completed,,T00017,10
B000139,C00099,2024-01-05,2024-01-08,PADI Course,4,27500, Completed,,T00017,11
B000140,C00100,2023-11-26,2024-01-09,discovery dive,1,5050,Completed,,T00018,1
B000141,C00101,2023-12-19,2024-01-09,COURSE,5,28050,completed,,T00018,3
B000142,C00102,2023-12-03,2024-01-09,discovery dive,1,5450,COMPLETED,,T00018,4
B000143,C00027,2023-11-28,2024-01-09,fun dive,1,3300, Completed,,T00018,5
B000144,C00103,December 13 2023,2024-01-09,Fun Dive,4,14900,completed,,T00018,6
B000145,C00104,2023-12-31,2024-01-09,course,4,28400,COMPLETED,,T00018,8
B000146,C00105,2023-12-02,2024-01-09,Fun Dive,2,6900, Completed,,T00018,9
B000147,C00106,2023-12-06,2024-01-09,Course,4,22350,NO-SHOW,,T00019,1
B000148,C00107,2023-12-16,2024-01-09,discovery dive,1,5850,Completed,,T00019,2
B000149,C00108,2023-11-29,2024-01-09,Discovery Dive,1,5100,COMPLETED,,T00019,3
B000150,C00109,06/01/2024,2024-01-09,fun dive,3,10700,No-Show,,T00019,5
B000151,C00110,December 10 2023,2024-01-09,course,5,27550,COMPLETED,,T00019,6
B000152,C00037,2023-12-04,2024-01-09,Course,4,26350,completed,,T00019,7
B000153,C00111,2023-11-25,2024-01-09,FUN DIVE,4,15150,COMPLETED,,T00019,8
B000154,C00112,2023-12-25,2024-01-09,Discovery,1,5750,Completed,,T00019,9
B000155,C00089,2024-01-05,2024-01-09,Fun Dive,1,3650,Completed,,T00019,10
B000156,C00113,2023-12-29,2024-01-09,DISCOVERY DIVE,1,4700,No-Show,,T00019,11
B001335,C00214,February 14 2024,2024-03-29,fundive,1,4100,COMPLETED,,T00167,2
B000157,C00040,2023-12-14,2024-01-10,FUN DIVE,2,7950,COMPLETED,,T00020,1
B000158,C00114,2023-12-10,2024-01-10,discovery dive,1,5350, Completed,,T00020,2
B000159,C00115,2024-01-06,2024-01-10,PADI Course,5,24300,Completed,,T00020,3
B000160,C00116,2024-01-10,2024-01-10,Course,5,26100, Completed,,T00020,4
B000161,C00117,January 9 2024,2024-01-10,fun dive,1,3500, Completed,,T00020,5
B000162,C00118,2023-12-17,2024-01-10,DISCOVERY DIVE,1,5150, Completed,,T00020,6
B000163,C00024,27/12/2023,2024-01-10,fun dive,2,5850, Completed,,T00020,8
B000164,C00119,2024-01-04,2024-01-10,fundive,1,3550,COMPLETED,,T00020,9
B000165,C00120,2023-12-25,2024-01-10,fun dive,1,3850,completed,,T00020,10
B000166,C00089,2023-12-02,2024-01-10,Fun dive,3,11500,COMPLETED,,T00021,1
B000167,C00105,2023-11-30,2024-01-10,course,5,28250,Completed,,T00021,2
B000168,C00121,2023-11-26,2024-01-10,Discovery,1,5650, cancelled ,Weather,T00021,4
B000169,C00122,December 24 2023,2024-01-10,Fun dive,1,2900, Completed,,T00021,5
B000170,C00058,2023-12-27,2024-01-10,fundive,1,3700,COMPLETED,,T00021,6
B000171,C00123,2023-12-29,2024-01-10,Fun dive,1,3750,Completed,,T00021,7
B000172,C00124,2024-01-03,2024-01-10,Fun dive,1,3450,COMPLETED,,T00021,10
B000173,C00125,04/01/2024,2024-01-10,Fun Dive,4,14100,Completed,,T00021,11
B000174,C00094,2023-12-30,2024-01-11,Fun dive,1,3650,Completed,,T00022,2
B000175,C00065,2023-12-27,2024-01-11,PADI Course,4,28550,completed,,T00022,3
B000176,C00115,02/01/2024,2024-01-11,DISCOVERY DIVE,1,5500,No-show,,T00022,5
B000177,C00022,2023-12-06,2024-01-11,DISCOVERY DIVE,1,4900,COMPLETED,,T00022,6
B000178,C00126,03/12/2023,2024-01-11,FUN DIVE,2,7400, Completed,,T00022,7
B000179,C00127,23/12/2023,2024-01-11,fundive,1,4000,Completed,,T00022,8
B000180,C00128,2023-12-27,2024-01-11,course,5,27500,COMPLETED,,T00023,1
B000181,C00129,November 28 2023,2024-01-11,PADI Course,5,27150, Completed,,T00023,2
B000182,C00130,2024-01-04,2024-01-11,COURSE,5,29400,Completed,,T00023,4
B000183,C00131,2023-12-16,2024-01-11,COURSE,4,25300, Completed,,T00023,5
B000184,C00132,2023-12-17,2024-01-11,Fun Dive,1,3750, Completed,,T00023,6
B000185,C00133,2023-12-08,2024-01-11,Fun Dive,1,3750,COMPLETED,,T00023,7
B000186,C00134,2023-12-22,2024-01-11,Discovery Dive,1,5200,Completed,,T00023,8
B005716,C03650,29/11/2025,2026-01-01,FUN DIVE,3,9150,COMPLETED,,T00743,10
B000187,C00135,2024-01-04,2024-01-11,DSD,1,5100,completed,,T00023,9
B000188,C00136,07/12/2023,2024-01-11,fun dive,1,3950,COMPLETED,,T00023,11
B000189,C00137,21/12/2023,2024-01-12,fun dive,2,7600,COMPLETED,,T00024,1
B000190,C00077,2023-12-16,2024-01-12,COURSE,5,28150,COMPLETED,,T00024,2
B000191,C00138,2023-12-17,2024-01-12,Fun dive,1,3600, Completed,,T00024,5
B000192,C00139,2023-12-15,2024-01-12,Fun Dive,3,10100,COMPLETED,,T00024,6
B000193,C00140,2023-12-26,2024-01-12,Fun dive,1,3650,completed,,T00024,7
B000194,C00141,2023-12-04,2024-01-12,fundive,4,11650, Completed,,T00024,8
B000195,C00014,2023-12-10,2024-01-12,FUN DIVE,1,3800,Completed,,T00024,9
B000196,C00142,December 3 2023,2024-01-12,discovery dive,1,4600,no-show,,T00025,1
B000197,C00014,15/12/2023,2024-01-12,Fun dive,2,6950,Completed,,T00025,2
B000198,C00029,January 9 2024,2024-01-12,Fun dive,2,7250,Completed,,T00025,3
B000199,C00143,December 2 2023,2024-01-12,Fun Dive,2,7550, Completed,,T00025,4
B000200,C00144,2024-01-09,2024-01-12,fundive,3,11350, Completed,,T00025,5
B000201,C00145,December 31 2023,2024-01-12,fun dive,2,7800,Completed,,T00025,6
B000202,C00146,2023-12-03,2024-01-12,fun dive,4,15400, Completed,,T00025,8
B000203,C00147,January 10 2024,2024-01-12,DSD,1,5000,completed,,T00025,9
B000204,C00068,2024-01-06,2024-01-13,fun dive,1,3850,COMPLETED,,T00026,2
B000205,C00148,2023-12-21,2024-01-13,Discovery,2,11200,completed,,T00026,3
B000206,C00149,2023-12-12,2024-01-13,fundive,1,3100,COMPLETED,,T00026,4
B000207,C00150,2023-12-29,2024-01-13,discovery dive,1,5150, Completed,,T00026,6
B000208,C00151,2023-12-20,2024-01-13,Fun dive,2,6800,completed,,T00026,7
B000209,C00048,December 27 2023,2024-01-13,Fun Dive,1,3150,Completed,,T00026,8
B000210,C00152,2023-12-03,2024-01-13,DISCOVERY DIVE,1,5350,completed,,T00027,1
B000211,C00153,2023-12-21,2024-01-13,DSD,1,5000,COMPLETED,,T00027,2
B000212,C00154,2023-12-23,2024-01-13,PADI Course,5,28800, Completed,,T00027,3
B000213,C00049,2024-01-03,2024-01-13,DISCOVERY DIVE,1,5900,completed,,T00027,5
B000214,C00048,2023-12-11,2024-01-13,Course,5,22300,COMPLETED,,T00027,6
B000215,C00155,2023-12-07,2024-01-13,PADI Course,5,27000,COMPLETED,,T00027,7
B000216,C00156,December 21 2023,2024-01-14,fun dive,2,7050,Completed,,T00028,2
B000217,C00157,2023-12-19,2024-01-14,FUN DIVE,2,7950,completed,,T00028,3
B000218,C00158,2024-01-10,2024-01-14,DSD,2,10750, Completed,,T00028,5
B000219,C00044,03/12/2023,2024-01-14,FUN DIVE,2,5950,cancelled,Customer,T00028,7
B000220,C00159,2023-12-30,2024-01-14,Course,5,27300, Completed,,T00028,8
B000221,C00035,2023-12-03,2024-01-14,fun dive,3,10150,Completed,,T00028,9
B000222,C00160,03/12/2023,2024-01-14,COURSE,4,27400,Cancelled,Weather,T00028,10
B000223,C00154,2023-12-09,2024-01-14,Fun Dive,4,15450,COMPLETED,,T00028,11
B000224,C00161,2024-01-11,2024-01-14,Fun dive,1,3950,COMPLETED,,T00029,1
B000225,C00061,2023-12-28,2024-01-14,Fun Dive,2,8150, Completed,,T00029,2
B000226,C00162,2023-12-25,2024-01-14,Discovery Dive,1,5700,Completed,,T00029,3
B000227,C00163,2023-12-27,2024-01-14,course,5,26600,COMPLETED,,T00029,5
B000228,C00164,09/01/2024,2024-01-14,discovery dive,2,9900,completed,,T00029,6
B000229,C00165,December 20 2023,2024-01-14,COURSE,5,26300, Completed,,T00029,7
B000230,C00166,22/12/2023,2024-01-14,Fun dive,3,9200, Completed,,T00029,8
B000231,C00167,2023-12-27,2024-01-15,fundive,1,3800, Completed,,T00030,1
B000232,C00168,2024-01-09,2024-01-15,Fun dive,3,10100, Completed,,T00030,2
B000233,C00169,December 6 2023,2024-01-15,Fun Dive,3,11050,completed,,T00030,4
B000234,C00056,03/12/2023,2024-01-15,Fun Dive,1,3600,Completed,,T00030,6
B000235,C00011,December 29 2023,2024-01-15,PADI Course,4,25100,COMPLETED,,T00030,7
B000236,C00170,2024-01-07,2024-01-15,Discovery Dive,1,4950,COMPLETED,,T00030,8
B000237,C00171,2024-01-10,2024-01-15,Fun dive,3,11000,Completed,,T00030,9
B000238,C00172,2024-01-08,2024-01-15,DISCOVERY DIVE,2,11850,completed,,T00030,10
B000239,C00023,22/12/2023,2024-01-15,course,5,25200,COMPLETED,,T00030,11
B000240,C00173,2024-01-08,2024-01-15,fun dive,1,3750,COMPLETED,,T00031,1
B000241,C00174,2023-12-17,2024-01-15,FUN DIVE,3,11600,no-show,,T00031,2
B000242,C00175,December 1 2023,2024-01-15,Discovery Dive,1,5250,COMPLETED,,T00031,3
B000243,C00058,2023-12-21,2024-01-15,fun dive,1,4050,Completed,,T00031,5
B000244,C00176,12/01/2024,2024-01-15,discovery dive,1,4950, Completed,,T00031,6
B000245,C00177,2024-01-09,2024-01-15,Fun dive,4,14650,completed,,T00031,8
B000246,C00178,04/12/2023,2024-01-15,PADI Course,5,21550, Completed,,T00031,9
B000247,C00031,2023-12-09,2024-01-15,PADI Course,4,25400,COMPLETED,,T00031,10
B000248,C00138,2023-12-14,2024-01-16,Course,5,24350,completed,,T00032,2
B000249,C00179,2023-12-13,2024-01-16,Fun Dive,1,4100,completed,,T00032,3
B000250,C00180,2024-01-04,2024-01-16,fun dive,2,6000,cancelled,Medical,T00032,4
B000251,C00181,03/12/2023,2024-01-16,discovery dive,1,5400,cancelled,Customer,T00032,5
B000252,C00182,2024-01-02,2024-01-16,Course,5,24350, Completed,,T00032,6
B000253,C00183,2023-12-23,2024-01-16,DISCOVERY DIVE,1,5250, Completed,,T00032,7
B000254,C00184,2024-01-05,2024-01-16,COURSE,5,26600, Completed,,T00032,8
B000255,C00185,2023-12-29,2024-01-16,Discovery,1,5050,Completed,,T00032,9
B000256,C00186,January 1 2024,2024-01-16,DISCOVERY DIVE,1,4700,Completed,,T00032,10
B000257,C00187,2024-01-09,2024-01-16,Fun dive,1,3750,COMPLETED,,T00032,11
B000258,C00188,2024-01-07,2024-01-16,Fun dive,1,3700,Completed,,T00033,1
B000259,C00102,19/12/2023,2024-01-16,Discovery,1,5700,completed,,T00033,3
B000260,C00182,2024-01-14,2024-01-16,course,4,23150, Completed,,T00033,4
B000261,C00189,2023-12-04,2024-01-16,FUN DIVE,1,3600, cancelled ,Weather,T00033,5
B000262,C00190,17/12/2023,2024-01-16,Fun Dive,1,3800,completed,,T00033,6
B000263,C00039,2023-12-20,2024-01-16,fun dive,1,3200,Completed,,T00033,7
B000264,C00191,2024-01-14,2024-01-16,discovery dive,1,4500,no-show,,T00033,10
B000265,C00111,16/01/2024,2024-01-16,course,5,27050,COMPLETED,,T00033,11
B000266,C00192,2024-01-04,2024-01-16,Fun dive,2,6750,Completed,,T00033,12
B000267,C00065,2023-12-25,2024-01-17,Fun Dive,3,12050, Completed,,T00034,2
B000268,C00129,2023-12-12,2024-01-17,fun dive,1,3600, Completed,,T00034,4
B000269,C00193,16/12/2023,2024-01-17,DISCOVERY DIVE,1,4200,COMPLETED,,T00034,5
B000270,C00194,January 2 2024,2024-01-17,DSD,2,10150,Completed,,T00034,6
B000271,C00095,2023-12-09,2024-01-17,Fun Dive,4,15650,Completed,,T00034,8
B000272,C00195,2024-01-03,2024-01-17,DSD,1,5050, Completed,,T00034,9
B000273,C00095,2024-01-06,2024-01-17,PADI Course,4,26800,completed,,T00034,10
B000274,C00045,09/01/2024,2024-01-17,Fun Dive,2,7800,Completed,,T00035,1
B000275,C00196,2023-12-03,2024-01-17,course,4,28250, Completed,,T00035,2
B000276,C00197,2024-01-03,2024-01-17,Fun dive,1,3750, Completed,,T00035,3
B000277,C00176,2024-01-10,2024-01-17,discovery dive,2,11000,COMPLETED,,T00035,4
B000278,C00022,2023-12-05,2024-01-17,FUN DIVE,2,6900,COMPLETED,,T00035,6
B000279,C00198,2023-12-31,2024-01-17,COURSE,4,23250,completed,,T00035,7
B000280,C00109,December 7 2023,2024-01-17,Fun dive,4,13950, Completed,,T00035,8
B000281,C00199,2024-01-10,2024-01-18,fun dive,4,14200, Completed,,T00036,1
B000282,C00036,2023-12-22,2024-01-18,Course,5,26150,Completed,,T00036,3
B000283,C00200,08/12/2023,2024-01-18,FUN DIVE,4,15200,Completed,,T00036,4
B000284,C00193,2023-12-20,2024-01-18,COURSE,4,22300,COMPLETED,,T00036,5
B000285,C00201,2023-12-05,2024-01-18,discovery dive,1,5900, Completed,,T00036,7
B000286,C00202,December 9 2023,2024-01-18,course,5,28100,COMPLETED,,T00036,8
B000287,C00124,2023-12-24,2024-01-18,COURSE,4,28600, cancelled ,Customer,T00036,9
B000288,C00203,2023-12-09,2024-01-18,fun dive,1,3450,completed,,T00036,10
B000289,C00204,January 5 2024,2024-01-18,fundive,2,7900,Completed,,T00036,11
B000290,C00205,2023-12-13,2024-01-18,COURSE,5,27400,COMPLETED,,T00037,1
B000291,C00206,2023-12-14,2024-01-18,Fun Dive,4,12850,COMPLETED,,T00037,2
B000292,C00207,2024-01-14,2024-01-18,fundive,4,14750, Completed,,T00037,3
B000293,C00117,January 16 2024,2024-01-18,PADI Course,4,26150,Completed,,T00037,4
B000294,C00208,2023-12-16,2024-01-18,discovery dive,1,5200,completed,,T00037,5
B000295,C00209,14/12/2023,2024-01-18,course,4,26400,Completed,,T00037,7
B000296,C00210,10/01/2024,2024-01-18,fundive,3,11050,Completed,,T00037,8
B000297,C00179,2023-12-06,2024-01-18,Fun Dive,1,3750,COMPLETED,,T00037,9
B000298,C00211,2023-12-15,2024-01-18,COURSE,4,24600, Completed,,T00037,10
B000299,C00212,2023-12-17,2024-01-18,Fun Dive,3,10500,COMPLETED,,T00037,11
B000300,C00213,January 19 2024,2024-01-19,Fun dive,1,3950,Completed,,T00038,1
B000301,C00210,2023-12-23,2024-01-19,Fun dive,3,11150,completed,,T00038,2
B000302,C00214,December 10 2023,2024-01-19,DISCOVERY DIVE,1,5550,completed,,T00038,4
B000303,C00215,December 9 2023,2024-01-19,COURSE,5,28200,completed,,T00038,5
B000304,C00216,December 27 2023,2024-01-19,DSD,1,5200, Completed,,T00038,6
B000305,C00125,22/12/2023,2024-01-19,fun dive,1,3850,COMPLETED,,T00038,7
B000306,C00156,2023-12-12,2024-01-19,fun dive,1,3600,COMPLETED,,T00038,8
B000307,C00217,2024-01-14,2024-01-19,COURSE,5,26100, Completed,,T00038,9
B000308,C00218,2023-12-23,2024-01-19,discovery dive,1,4850,COMPLETED,,T00038,10
B000309,C00219,2023-12-27,2024-01-19,discovery dive,1,4750,Completed,,T00039,2
B000310,C00055,2023-12-12,2024-01-19,DSD,1,5700,Completed,,T00039,3
B000311,C00220,2023-12-12,2024-01-19,Fun dive,1,3300,completed,,T00039,4
B000312,C00221,24/12/2023,2024-01-19,discovery dive,1,4850,COMPLETED,,T00039,5
B000313,C00222,2024-01-19,2024-01-19,discovery dive,1,4850, Completed,,T00039,6
B000314,C00198,December 6 2023,2024-01-19,FUN DIVE,4,13500,Completed,,T00039,7
B000315,C00085,2023-12-13,2024-01-19,fun dive,3,11250,COMPLETED,,T00039,9
B000316,C00223,15/12/2023,2024-01-19,fun dive,1,3300,completed,,T00039,10
B000317,C00046,01/01/2024,2024-01-20,fun dive,3,11900,Completed,,T00040,1
B000318,C00224,2024-01-13,2024-01-20,Discovery,1,5500,completed,,T00040,2
B000319,C00091,2023-12-19,2024-01-20,discovery dive,2,9350,Completed,,T00040,4
B000320,C00225,2024-01-18,2024-01-20,DSD,1,5900,Completed,,T00040,5
B000321,C00226,2024-01-09,2024-01-20,DISCOVERY DIVE,1,5150,No-Show,,T00040,7
B000322,C00227,December 29 2023,2024-01-20,fundive,4,13800,No-show,,T00040,8
B000323,C00228,December 29 2023,2024-01-20,discovery dive,1,5350, Completed,,T00040,9
B000324,C00078,2023-12-13,2024-01-20,FUN DIVE,4,15600,Completed,,T00040,10
B000325,C00229,2024-01-18,2024-01-20,FUN DIVE,2,7550,Completed,,T00041,1
B000326,C00230,2024-01-02,2024-01-20,Discovery Dive,1,5100,completed,,T00041,2
B000327,C00079,19/12/2023,2024-01-20,course,4,28150,Cancelled,Customer,T00041,3
B000328,C00231,31/12/2023,2024-01-20,course,4,25500,completed,,T00041,4
B000329,C00079,2023-12-24,2024-01-20,PADI Course,5,27300,COMPLETED,,T00041,6
B000330,C00232,December 15 2023,2024-01-20,Fun Dive,3,11250, Completed,,T00041,7
B000331,C00196,2023-12-30,2024-01-20,FUN DIVE,2,7000, cancelled ,Medical,T00041,10
B000332,C00233,12/12/2023,2024-01-20,Fun Dive,2,7900,Completed,,T00041,11
B000333,C00234,2023-12-12,2024-01-21,fun dive,3,11700,completed,,T00042,1
B000334,C00122,2024-01-04,2024-01-21,Fun Dive,1,2950, Completed,,T00042,2
B000335,C00235,2023-12-20,2024-01-21,DISCOVERY DIVE,2,11000, cancelled ,Customer,T00042,7
B000336,C00236,16/12/2023,2024-01-21,COURSE,5,27150,completed,,T00042,8
B000337,C00237,2024-01-06,2024-01-21,fun dive,1,3000, Completed,,T00042,9
B000338,C00238,2023-12-16,2024-01-21,DSD,1,5700,COMPLETED,,T00042,10
B000339,C00239,2023-12-11,2024-01-21,fun dive,2,7700,completed,,T00042,11
B000340,C00240,2023-12-30,2024-01-21,DSD,1,5350,COMPLETED,,T00043,1
B000341,C00239,2023-12-15,2024-01-21,FUN DIVE,1,3900,Completed,,T00043,2
B000342,C00228,December 10 2023,2024-01-21,Fun Dive,1,3850,completed,,T00043,5
B000343,C00241,2023-12-30,2024-01-21,FUN DIVE,3,8850,completed,,T00043,6
B000344,C00117,09/12/2023,2024-01-21,fundive,3,10400, Completed,,T00043,7
B000345,C00111,2023-12-29,2024-01-21,FUN DIVE,2,7200, Completed,,T00043,8
B000346,C00242,2024-01-19,2024-01-21,DISCOVERY DIVE,1,5200,completed,,T00043,9
B000347,C00243,01/01/2024,2024-01-21,Course,5,28300,Completed,,T00043,10
B000348,C00244,2023-12-08,2024-01-21,Discovery,1,5200,Completed,,T00043,11
B000349,C00005,2023-12-25,2024-01-21,FUN DIVE,2,6900,Completed,,T00044,1
B000350,C00245,2024-01-15,2024-01-21,discovery dive,1,5700, Completed,,T00044,3
B000351,C00246,19/01/2024,2024-01-21,FUN DIVE,4,15600,COMPLETED,,T00044,4
B000352,C00247,2024-01-16,2024-01-21,fundive,2,7850,COMPLETED,,T00044,5
B000353,C00248,2023-12-15,2024-01-21,DISCOVERY DIVE,1,5150,completed,,T00044,8
B000354,C00066,2024-01-06,2024-01-21,Course,5,29100, Completed,,T00044,9
B000355,C00094,2023-12-11,2024-01-21,FUN DIVE,1,3650,completed,,T00044,10
B000356,C00249,20/01/2024,2024-01-22,DSD,1,5400, Completed,,T00045,3
B000357,C00250,2023-12-20,2024-01-22,FUN DIVE,4,14350,completed,,T00045,4
B000358,C00251,2024-01-08,2024-01-22,Discovery,1,5200,completed,,T00045,6
B000359,C00252,January 10 2024,2024-01-22,Fun dive,2,7650,Completed,,T00045,7
B000360,C00183,2024-01-18,2024-01-22,fundive,3,9750, cancelled ,Customer,T00045,8
B000361,C00253,2023-12-16,2024-01-22,PADI Course,5,26300,No-Show,,T00046,1
B000362,C00254,2024-01-09,2024-01-22,COURSE,5,24450,COMPLETED,,T00046,2
B000363,C00071,15/12/2023,2024-01-22,fun dive,1,3450,COMPLETED,,T00046,3
B000364,C00194,2024-01-10,2024-01-22,Course,5,24450,COMPLETED,,T00046,4
B000365,C00188,2024-01-15,2024-01-22,Fun dive,1,3700, Completed,,T00046,5
B000366,C00188,2024-01-18,2024-01-22,fundive,4,15650,COMPLETED,,T00046,6
B000367,C00199,2023-12-20,2024-01-22,Course,5,27800,Cancelled,Weather,T00046,7
B000368,C00057,2024-01-04,2024-01-22,Fun Dive,1,3450,completed,,T00046,9
B000369,C00178,2023-12-13,2024-01-22,FUN DIVE,2,6450, cancelled ,Customer,T00046,10
B000370,C00255,07/01/2024,2024-01-22,Fun Dive,4,15550,completed,,T00046,11
B000371,C00256,18/12/2023,2024-01-22,discovery dive,1,5300,COMPLETED,,T00046,12
B000372,C00257,2023-12-19,2024-01-23,Discovery Dive,1,5650,cancelled,Weather,T00047,1
B000373,C00258,29/12/2023,2024-01-23,Course,5,25700,cancelled,Customer,T00047,2
B000374,C00111,30/12/2023,2024-01-23,fun dive,3,11000,COMPLETED,,T00047,3
B000375,C00259,2024-01-22,2024-01-23,PADI Course,5,23900,completed,,T00047,4
B000376,C00193,2023-12-10,2024-01-23,DSD,1,4850, Completed,,T00047,6
B000377,C00191,2024-01-09,2024-01-23,Fun dive,3,9350,No-show,,T00047,7
B000378,C00260,04/01/2024,2024-01-23,DSD,1,5450,Cancelled,Weather,T00047,8
B000379,C00261,2024-01-16,2024-01-23,Fun dive,1,3850, cancelled ,Weather,T00048,1
B000380,C00215,2023-12-11,2024-01-23,discovery dive,1,5450,COMPLETED,,T00048,2
B000381,C00262,2024-01-23,2024-01-23,course,4,25500,completed,,T00048,3
B000382,C00263,17/12/2023,2024-01-23,discovery dive,2,10350, Completed,,T00048,4
B000383,C00264,15/12/2023,2024-01-23,Fun dive,3,11050,completed,,T00048,6
B000384,C00047,January 19 2024,2024-01-23,Fun Dive,2,6500,no-show,,T00048,7
B000385,C00265,January 10 2024,2024-01-23,discovery dive,1,5250,completed,,T00048,9
B000386,C00266,January 1 2024,2024-01-24,Course,4,27200,CANCELLED,Customer,T00049,1
B000387,C00023,December 10 2023,2024-01-24,fundive,3,10850, cancelled ,,T00049,2
B000388,C00267,2023-12-10,2024-01-24,Discovery Dive,1,5700,COMPLETED,,T00049,3
B000389,C00268,12/01/2024,2024-01-24,course,5,25950,COMPLETED,,T00049,4
B000390,C00102,2024-01-05,2024-01-24,FUN DIVE,2,7550,Completed,,T00049,5
B000391,C00269,2024-01-09,2024-01-24,fun dive,1,3550,completed,,T00049,6
B000392,C00270,2024-01-01,2024-01-24,DISCOVERY DIVE,1,5300, Completed,,T00049,8
B000393,C00271,2024-01-11,2024-01-24,Fun dive,2,8000,COMPLETED,,T00049,9
B000394,C00272,2024-01-23,2024-01-24,DISCOVERY DIVE,1,4450, Completed,,T00050,2
B000395,C00273,2024-01-23,2024-01-24,fun dive,2,7550,COMPLETED,,T00050,3
B000396,C00274,2024-01-15,2024-01-24,fun dive,3,10250,NO-SHOW,,T00050,4
B000397,C00275,09/01/2024,2024-01-24,Course,4,26950, Completed,,T00050,7
B000398,C00168,2024-01-20,2024-01-24,fundive,3,11250,Completed,,T00050,8
B000399,C00189,20/01/2024,2024-01-24,fun dive,2,7050, Completed,,T00050,9
B000400,C00247,2024-01-19,2024-01-25,Course,5,-26750,COMPLETED,,T00051,2
B000401,C00276,2023-12-16,2024-01-25,PADI Course,4,28200,COMPLETED,,T00051,3
B000402,C00277,2024-01-22,2024-01-25,Fun Dive,1,3900,Completed,,T00051,4
B000403,C00278,2024-01-23,2024-01-25,discovery dive,1,5450,Completed,,T00051,5
B000404,C00279,2024-01-21,2024-01-25,Discovery Dive,1,5700,completed,,T00051,6
B000405,C00280,18/01/2024,2024-01-25,fundive,3,11850,COMPLETED,,T00051,7
B000406,C00281,24/01/2024,2024-01-25,fun dive,4,12850,COMPLETED,,T00051,8
B000407,C00163,11/12/2023,2024-01-25,PADI Course,4,28500, Completed,,T00051,11
B000408,C00282,2023-12-23,2024-01-25,FUN DIVE,2,7700,COMPLETED,,T00052,1
B000409,C00283,2024-01-19,2024-01-25,DSD,2,10450,Completed,,T00052,2
B000410,C00284,2023-12-16,2024-01-25,PADI Course,4,26000,completed,,T00052,3
B000411,C00285,13/01/2024,2024-01-25,DISCOVERY DIVE,1,5450,completed,,T00052,4
B000412,C00210,January 20 2024,2024-01-25,Fun Dive,1,3700, Completed,,T00052,5
B000413,C00286,January 14 2024,2024-01-25,fundive,2,7200,Completed,,T00052,6
B000414,C00287,2023-12-22,2024-01-25,fundive,2,7800,Completed,,T00052,7
B000415,C00288,2023-12-14,2024-01-25,fun dive,2,7950, Completed,,T00052,9
B000416,C00289,2023-12-17,2024-01-26,Fun dive,2,7200,COMPLETED,,T00053,2
B000417,C00150,2024-01-17,2024-01-26,FUN DIVE,1,3550,COMPLETED,,T00053,3
B000418,C00290,26/01/2024,2024-01-26,Fun Dive,1,3450,COMPLETED,,T00053,4
B000419,C00062,December 24 2023,2024-01-26,fun dive,2,7200,COMPLETED,,T00053,6
B000420,C00291,15/01/2024,2024-01-26,DSD,1,5550,completed,,T00053,8
B000421,C00292,2024-01-23,2024-01-26,Discovery Dive,1,5600,completed,,T00053,9
B000422,C00293,17/12/2023,2024-01-26,Discovery,1,5300,Completed,,T00053,10
B000423,C00091,2023-12-23,2024-01-26,discovery dive,1,4800,COMPLETED,,T00053,11
B000424,C00227,2024-01-12,2024-01-26,fundive,3,11400,COMPLETED,,T00054,1
B000425,C00294,31/12/2023,2024-01-26,discovery dive,1,5900,completed,,T00054,2
B000426,C00295,2023-12-31,2024-01-26,DSD,1,5000, Completed,,T00054,3
B000427,C00296,2023-12-20,2024-01-26,Course,4,24600, Completed,,T00054,4
B000428,C00297,31/12/2023,2024-01-26,fun dive,1,3500,COMPLETED,,T00054,5
B000429,C00298,January 3 2024,2024-01-26,Fun dive,4,15250,completed,,T00054,6
B000430,C00171,2024-01-18,2024-01-26,PADI Course,5,26650, Completed,,T00054,8
B000431,C00299,2024-01-19,2024-01-26,DISCOVERY DIVE,1,5700,Completed,,T00054,9
B000432,C00300,2023-12-28,2024-01-26,Discovery,1,5100,Completed,,T00054,10
B000433,C00301,December 12 2023,2024-01-26,DSD,1,5500,completed,,T00054,12
B000434,C00302,2024-01-03,2024-01-27,fun dive,1,3900, Completed,,T00055,1
B000435,C00195,2023-12-25,2024-01-27,fun dive,1,3700,Completed,,T00055,3
B000436,C00303,08/01/2024,2024-01-27,Fun dive,2,7900,COMPLETED,,T00055,4
B000437,C00200,2024-01-25,2024-01-27,fun dive,1,4100,completed,,T00055,5
B000438,C00304,2023-12-16,2024-01-27,Course,4,29450,completed,,T00055,6
B000439,C00192,2023-12-28,2024-01-27,fun dive,1,3550, Completed,,T00055,7
B000440,C00269,2024-01-23,2024-01-27,PADI Course,4,25650, Completed,,T00055,9
B000441,C00305,2023-12-22,2024-01-27,fun dive,2,6450,completed,,T00055,10
B000442,C00169,10/01/2024,2024-01-27,fun dive,2,7750,COMPLETED,,T00056,1
B000443,C00306,December 18 2023,2024-01-27,fundive,1,3150, Completed,,T00056,2
B000444,C00307,December 16 2023,2024-01-27,COURSE,5,26200,Completed,,T00056,3
B000445,C00308,2024-01-16,2024-01-27,DISCOVERY DIVE,1,5900,completed,,T00056,4
B000446,C00102,2023-12-25,2024-01-27,fundive,2,7500,COMPLETED,,T00056,6
B000447,C00309,2024-01-09,2024-01-27,fundive,4,13300, Completed,,T00056,7
B000448,C00310,17/01/2024,2024-01-27,DSD,1,5750, Completed,,T00056,9
B000449,C00311,21/01/2024,2024-01-27,fundive,3,11550, cancelled ,Customer,T00056,10
B000450,C00278,January 6 2024,2024-01-27,Fun Dive,2,7150, Completed,,T00056,11
B000451,C00312,2023-12-27,2024-01-28,COURSE,4,27150,COMPLETED,,T00057,1
B000452,C00276,January 22 2024,2024-01-28,Fun dive,1,3750, Completed,,T00057,2
B000453,C00313,2023-12-30,2024-01-28,fundive,2,7500,Completed,,T00057,3
B000454,C00314,2024-01-06,2024-01-28,fun dive,3,11450,COMPLETED,,T00057,4
B000455,C00315,2024-01-14,2024-01-28,COURSE,4,25150,Completed,,T00057,5
B000456,C00316,27/12/2023,2024-01-28,COURSE,5,26100,completed,,T00057,6
B000457,C00317,2024-01-23,2024-01-28,fun dive,3,12100, Completed,,T00057,7
B000458,C00318,2023-12-31,2024-01-28,DISCOVERY DIVE,1,5900,completed,,T00057,8
B000459,C00319,2023-12-15,2024-01-28,fundive,2,5850,completed,,T00057,9
B000460,C00244,15/12/2023,2024-01-28,DISCOVERY DIVE,1,5200,completed,,T00057,10
B000461,C00320,January 20 2024,2024-01-28,course,4,24000, cancelled ,Customer,T00058,1
B000462,C00321,02/01/2024,2024-01-28,fun dive,2,7700,completed,,T00058,4
B000463,C00322,2024-01-07,2024-01-28,FUN DIVE,2,6800,COMPLETED,,T00058,5
B000464,C00047,2024-01-07,2024-01-28,Course,4,23850,COMPLETED,,T00058,6
B000465,C00031,2024-01-08,2024-01-28,Fun Dive,1,3200,NO-SHOW,,T00058,7
B000466,C00323,27/01/2024,2024-01-28,fundive,4,14550,Completed,,T00058,8
B000467,C00324,04/01/2024,2024-01-28,Discovery Dive,2,11400,Completed,,T00058,9
B000468,C00247,23/01/2024,2024-01-29,Fun Dive,3,11900,COMPLETED,,T00059,2
B000469,C00325,December 29 2023,2024-01-29,FUN DIVE,2,7050,Completed,,T00059,4
B000470,C00326,2023-12-28,2024-01-29,course,4,26600,CANCELLED,Medical,T00059,5
B000471,C00327,18/12/2023,2024-01-29,COURSE,5,26050,completed,,T00059,6
B000472,C00328,2024-01-12,2024-01-29,Fun Dive,4,15100, Completed,,T00059,7
B000473,C00329,2023-12-26,2024-01-29,discovery dive,1,5150, Completed,,T00059,8
B000474,C00330,2024-01-21,2024-01-30,Fun Dive,3,10700,completed,,T00060,1
B000475,C00331,2024-01-02,2024-01-30,fun dive,1,3650,COMPLETED,,T00060,2
B000476,C00332,06/01/2024,2024-01-30,Course,5,25550,cancelled,,T00060,4
B000477,C00333,2024-01-21,2024-01-30,COURSE,4,24300,completed,,T00060,5
B000478,C00199,2024-01-01,2024-01-30,fundive,4,14250,cancelled,Medical,T00060,7
B000479,C00334,2023-12-25,2024-01-30,COURSE,4,26350, Completed,,T00060,8
B000480,C00335,29/01/2024,2024-01-30,Fun dive,3,11850,completed,,T00060,10
B000481,C00080,January 15 2024,2024-01-30,fun dive,2,7600, Completed,,T00060,11
B000482,C00336,January 21 2024,2024-01-30,FUN DIVE,4,14100,Completed,,T00060,12
B000483,C00078,2023-12-21,2024-01-30,COURSE,4,28750,completed,,T00061,2
B000484,C00337,January 9 2024,2024-01-30,FUN DIVE,4,16350,Completed,,T00061,3
B000485,C00077,12/01/2024,2024-01-30,Course,5,28650,COMPLETED,,T00061,4
B000486,C00338,January 2 2024,2024-01-30,FUN DIVE,2,8100,Cancelled,Customer,T00061,5
B000487,C00338,2023-12-25,2024-01-30,PADI Course,5,26100,completed,,T00061,6
B000488,C00339,2023-12-19,2024-01-30,discovery dive,1,5350,Completed,,T00061,8
B000489,C00125,2024-01-26,2024-01-30,Course,4,25700,COMPLETED,,T00061,9
B000490,C00340,2023-12-17,2024-01-31,COURSE,4,27500,Completed,,T00062,1
B000491,C00341,22/12/2023,2024-01-31,discovery dive,1,5400, Completed,,T00062,2
B000492,C00342,2023-12-17,2024-01-31,Discovery Dive,1,5450,COMPLETED,,T00062,3
B000493,C00343,2023-12-25,2024-01-31,FUN DIVE,3,10800, Completed,,T00062,4
B000494,C00344,2024-01-31,2024-01-31,DSD,1,5350,completed,,T00062,5
B000495,C00345,2024-01-21,2024-01-31,Course,4,27600,COMPLETED,,T00062,6
B000496,C00346,10/01/2024,2024-01-31,course,5,27250,COMPLETED,,T00062,7
B000497,C00347,10/01/2024,2024-01-31,DSD,2,11000,COMPLETED,,T00062,8
B000498,C00348,2024-01-14,2024-01-31,Fun dive,2,6850,completed,,T00062,9
B000499,C00349,December 24 2023,2024-01-31,DSD,1,5350,completed,,T00062,10
B000500,C00350,January 25 2024,2024-01-31,Fun dive,2,7700,COMPLETED,,T00063,1
B000501,C00301,2024-01-08,2024-01-31,PADI Course,5,24800,Completed,,T00063,2
B000502,C00351,2023-12-17,2024-01-31,FUN DIVE,1,3450,COMPLETED,,T00063,3
B000503,C00352,2024-01-17,2024-01-31,DISCOVERY DIVE,1,5000,Completed,,T00063,5
B000504,C00022,2024-01-11,2024-01-31,PADI Course,5,28000,Completed,,T00063,6
B000505,C00353,2024-01-21,2024-01-31,DSD,1,5600,Completed,,T00063,7
B000506,C00354,2024-01-18,2024-01-31,Fun Dive,2,7950, Completed,,T00063,8
B000507,C00355,2023-12-30,2024-01-31,Fun Dive,2,7550,completed,,T00063,9
B000508,C00356,30/01/2024,2024-01-31,Fun Dive,4,14300,NO-SHOW,,T00063,10
B000509,C00357,2024-01-12,2024-01-31,Discovery,1,5300,cancelled,Medical,T00063,11
B000510,C00016,January 2 2024,2024-01-31,fundive,4,14550,COMPLETED,,T00063,12
B000511,C00212,15/01/2024,2024-02-01,PADI Course,4,26350,completed,,T00064,1
B000512,C00358,2024-01-09,2024-02-01,PADI Course,5,28650,completed,,T00064,2
B000513,C00359,2024-01-06,2024-02-01,Fun dive,1,3700,Completed,,T00064,3
B000514,C00360,19/01/2024,2024-02-01,Fun dive,3,11700,Completed,,T00064,4
B000515,C00361,2024-01-07,2024-02-01,Fun dive,2,6700,completed,,T00064,5
B000516,C00362,2024-01-07,2024-02-01,fun dive,2,7700,Completed,,T00064,8
B000517,C00363,2023-12-24,2024-02-01,PADI Course,5,27000,Completed,,T00064,9
B000518,C00364,2024-01-27,2024-02-01,fundive,3,11950,Completed,,T00064,10
B000519,C00365,2023-12-27,2024-02-01,Course,4,25100,COMPLETED,,T00065,2
B000520,C00366,21/01/2024,2024-02-01,Fun Dive,1,3700,CANCELLED,Medical,T00065,3
B000521,C00253,2024-01-24,2024-02-01,DISCOVERY DIVE,1,5400,Completed,,T00065,4
B000522,C00367,2024-01-07,2024-02-01,DSD,1,5050,completed,,T00065,5
B000523,C00341,2023-12-21,2024-02-01,PADI Course,5,27850,Completed,,T00065,7
B000524,C00368,02/01/2024,2024-02-01,DSD,1,5850, Completed,,T00065,8
B000525,C00369,2024-01-08,2024-02-02,FUN DIVE,1,3550, Completed,,T00066,1
B000526,C00370,24/01/2024,2024-02-02,Fun Dive,2,7550,COMPLETED,,T00066,2
B000527,C00175,2024-01-01,2024-02-02,DISCOVERY DIVE,1,5100,completed,,T00066,4
B000528,C00371,2024-01-14,2024-02-02,COURSE,5,26100, Completed,,T00066,5
B000529,C00097,21/12/2023,2024-02-02,fundive,4,14450,COMPLETED,,T00066,6
B000530,C00061,2024-01-12,2024-02-02,Fun dive,4,15600,COMPLETED,,T00066,8
B000531,C00291,09/01/2024,2024-02-02,Discovery,1,5350,Completed,,T00066,9
B000532,C00372,2024-01-29,2024-02-02,DISCOVERY DIVE,1,5750,COMPLETED,,T00067,3
B000533,C00365,2024-01-26,2024-02-02,fundive,2,6900,COMPLETED,,T00067,4
B000534,C00310,2023-12-29,2024-02-02,fun dive,1,3850,completed,,T00067,5
B000535,C00373,2024-02-02,2024-02-02,FUN DIVE,2,8100, Completed,,T00067,6
B000536,C00374,2024-01-02,2024-02-02,fundive,2,7450,COMPLETED,,T00067,8
B000537,C00375,January 3 2024,2024-02-02,DISCOVERY DIVE,1,5100,completed,,T00067,9
B000538,C00218,2024-01-04,2024-02-03,course,4,21750,completed,,T00068,1
B000539,C00376,2024-01-20,2024-02-03,fun dive,1,3900,Completed,,T00068,2
B000540,C00051,2024-01-23,2024-02-03,Fun dive,2,7950, Completed,,T00068,3
B000541,C00377,2024-02-03,2024-02-03,DSD,1,5150,COMPLETED,,T00068,4
B000542,C00378,2024-02-01,2024-02-03,PADI Course,4,21350,completed,,T00068,5
B000543,C00347,December 24 2023,2024-02-03,FUN DIVE,2,7900, Completed,,T00068,6
B000544,C00379,2024-01-14,2024-02-03,Discovery Dive,1,5300,completed,,T00068,8
B000545,C00380,2024-01-31,2024-02-03,fun dive,3,11250,Completed,,T00068,10
B000546,C00381,21/01/2024,2024-02-03,discovery dive,1,4700,No-show,,T00069,1
B000547,C00382,2023-12-29,2024-02-03,DSD,1,5250, Completed,,T00069,4
B000548,C00383,2023-12-29,2024-02-03,fun dive,1,3800,Completed,,T00069,6
B000549,C00384,2024-01-18,2024-02-03,COURSE,4,28600,COMPLETED,,T00069,7
B000550,C00385,2024-01-18,2024-02-03,fun dive,3,11050,completed,,T00069,8
B000551,C00386,2023-12-23,2024-02-03,discovery dive,1,4800,Completed,,T00069,9
B000552,C00387,2024-01-14,2024-02-03,Fun Dive,1,3900,Completed,,T00069,10
B000553,C00388,04/02/2024,2024-02-04,course,4,29700,completed,,T00070,1
B000554,C00389,2024-01-17,2024-02-04,FUN DIVE,3,11150,completed,,T00070,2
B000555,C00390,2024-01-07,2024-02-04,Fun Dive,1,3450,COMPLETED,,T00070,3
B000556,C00391,2024-02-01,2024-02-04,FUN DIVE,3,9200, Completed,,T00070,4
B000557,C00204,2023-12-21,2024-02-04,FUN DIVE,4,14850,completed,,T00070,7
B000558,C00213,January 4 2024,2024-02-04,course,5,26150,cancelled,Customer,T00070,9
B000559,C00392,29/12/2023,2024-02-04,fundive,3,10500,completed,,T00070,11
B000560,C00393,2023-12-28,2024-02-04,FUN DIVE,3,11200,completed,,T00070,12
B000561,C00231,01/01/2024,2024-02-04,DISCOVERY DIVE,1,4900, Completed,,T00071,1
B000562,C00393,2023-12-24,2024-02-04,Fun Dive,1,3800,cancelled,Medical,T00071,2
B000563,C00394,2024-01-08,2024-02-04,DSD,1,5100,COMPLETED,,T00071,3
B000564,C00278,February 4 2024,2024-02-04,Fun Dive,2,7150,COMPLETED,,T00071,5
B000565,C00395,February 3 2024,2024-02-04,Course,4,28050,Completed,,T00071,6
B000566,C00354,11/01/2024,2024-02-04,Fun dive,2,7900,No-show,,T00071,7
B000567,C00396,February 3 2024,2024-02-04,FUN DIVE,2,7850,CANCELLED,Customer,T00071,9
B000568,C00397,28/01/2024,2024-02-05,Discovery,1,4800,cancelled,Customer,T00072,1
B000569,C00272,2024-01-18,2024-02-05,Discovery Dive,1,4700,no-show,,T00072,2
B000570,C00398,2023-12-22,2024-02-05,fundive,4,15100,COMPLETED,,T00072,3
B000571,C00399,06/01/2024,2024-02-05,Fun dive,4,15500,Completed,,T00072,5
B000572,C00127,27/12/2023,2024-02-05,PADI Course,4,28250,completed,,T00072,6
B000573,C00400,2024-01-28,2024-02-05,PADI Course,5,25800,COMPLETED,,T00072,7
B000574,C00362,24/01/2024,2024-02-05,DSD,1,5250,completed,,T00072,8
B000575,C00401,2023-12-23,2024-02-05,Fun Dive,4,13900,COMPLETED,,T00072,11
B000576,C00064,08/01/2024,2024-02-05,fun dive,1,3400,completed,,T00072,12
B000577,C00031,2024-01-18,2024-02-05,Fun dive,2,6550,Completed,,T00073,1
B000578,C00402,2024-01-01,2024-02-05,fun dive,1,3650,Completed,,T00073,3
B000579,C00051,December 31 2023,2024-02-05,Fun Dive,3,11950,no-show,,T00073,4
B000580,C00403,2023-12-31,2024-02-05,Discovery,2,10750,completed,,T00073,7
B000581,C00218,2023-12-29,2024-02-05,discovery dive,1,4600,Completed,,T00073,8
B000582,C00404,2024-02-01,2024-02-05,fundive,1,3650, Completed,,T00073,9
B000583,C00405,31/01/2024,2024-02-05,DISCOVERY DIVE,2,10400,completed,,T00073,10
B000584,C00337,January 10 2024,2024-02-05,Fun Dive,3,12200,Completed,,T00073,11
B000585,C00406,2024-01-25,2024-02-05,DSD,1,4300,completed,,T00073,12
B000586,C00407,2024-01-24,2024-02-06,Fun dive,3,11750,Completed,,T00074,1
B000587,C00408,2024-01-09,2024-02-06,FUN DIVE,2,8150,completed,,T00074,2
B000588,C00409,2024-01-07,2024-02-06,fundive,1,3850,completed,,T00074,3
B000589,C00065,2024-01-03,2024-02-06,FUN DIVE,1,4000,Completed,,T00074,4
B000590,C00092,24/12/2023,2024-02-06,course,4,28450, Completed,,T00074,7
B000591,C00378,04/02/2024,2024-02-06,Fun Dive,2,6450,Completed,,T00074,8
B000592,C00410,30/01/2024,2024-02-06,fundive,1,3600,COMPLETED,,T00074,10
B000593,C00411,2024-01-17,2024-02-06,Discovery Dive,1,5750, Completed,,T00074,11
B000594,C00412,2023-12-26,2024-02-06,COURSE,4,26700,completed,,T00074,12
B000595,C00286,2024-01-04,2024-02-06,Fun Dive,2,8050,Completed,,T00075,1
B000596,C00110,04/01/2024,2024-02-06,FUN DIVE,4,14250,COMPLETED,,T00075,2
B000597,C00413,19/01/2024,2024-02-06,fundive,1,2950,COMPLETED,,T00075,4
B000598,C00414,14/01/2024,2024-02-06,Course,4,29650,completed,,T00075,5
B000599,C00415,2024-01-04,2024-02-06,Discovery Dive,1,5100,completed,,T00075,6
B000600,C00416,2024-01-24,2024-02-06,discovery dive,1,4650,cancelled,Medical,T00075,7
B000601,C00417,2024-01-25,2024-02-06,Discovery Dive,1,5650,completed,,T00075,8
B000602,C00418,January 4 2024,2024-02-06,Course,4,28050,completed,,T00075,9
B000603,C00419,2024-01-13,2024-02-07,discovery dive,2,11750,completed,,T00076,1
B000604,C00420,January 28 2024,2024-02-07,course,4,28200,Completed,,T00076,2
B000605,C00040,2024-01-05,2024-02-07,Course,5,27600,COMPLETED,,T00076,4
B000606,C00421,2024-02-04,2024-02-07,fun dive,4,15800,COMPLETED,,T00076,6
B000607,C00422,2024-02-01,2024-02-07,Fun dive,1,3800, Completed,,T00076,7
B000608,C00423,December 27 2023,2024-02-07,fundive,4,15900,completed,,T00076,9
B000609,C00424,December 24 2023,2024-02-07,COURSE,4,25450,completed,,T00076,10
B000610,C00425,2024-01-09,2024-02-07,fundive,2,6500,COMPLETED,,T00076,11
B000611,C00327,January 6 2024,2024-02-07,fundive,1,3700,no-show,,T00076,12
B000612,C00426,15/01/2024,2024-02-07,fundive,1,3500,completed,,T00077,1
B000613,C00427,2024-01-29,2024-02-07,FUN DIVE,2,7450,completed,,T00077,2
B000614,C00428,2024-01-02,2024-02-07,Discovery Dive,1,5150,COMPLETED,,T00077,3
B000615,C00429,2023-12-31,2024-02-07,Fun dive,3,10300,Completed,,T00077,4
B000616,C00430,2024-02-04,2024-02-07,course,4,25350,completed,,T00077,5
B000617,C00431,13/01/2024,2024-02-07,Fun dive,2,6800,completed,,T00077,7
B000618,C00432,February 3 2024,2024-02-07,DSD,1,4450,completed,,T00077,8
B000619,C00433,2023-12-31,2024-02-07,PADI Course,5,29300,Completed,,T00077,9
B000620,C00343,2024-01-26,2024-02-07,Fun Dive,2,7450,COMPLETED,,T00077,10
B000621,C00434,January 29 2024,2024-02-07,Fun dive,3,11400,completed,,T00077,11
B000622,C00435,26/12/2023,2024-02-07,course,5,26450, Completed,,T00077,12
B000623,C00436,2024-01-14,2024-02-08,fun dive,1,3700,Cancelled,Medical,T00078,1
B000624,C00437,02/02/2024,2024-02-08,PADI Course,4,23600,completed,,T00078,2
B000625,C00438,February 7 2024,2024-02-08,DSD,1,5500,Completed,,T00078,3
B000626,C00439,04/01/2024,2024-02-08,Fun Dive,1,3500,COMPLETED,,T00078,4
B000627,C00440,15/01/2024,2024-02-08,fundive,4,11950,Completed,,T00078,5
B000628,C00441,06/02/2024,2024-02-08,fundive,3,10800,COMPLETED,,T00078,7
B000629,C00442,2024-02-06,2024-02-08,Course,4,27150,completed,,T00078,8
B000630,C00304,24/01/2024,2024-02-08,fun dive,1,4000,COMPLETED,,T00079,2
B000631,C00443,2024-01-15,2024-02-08,fundive,3,12200,completed,,T00079,3
B000632,C00444,2024-01-04,2024-02-08,fundive,1,3800,COMPLETED,,T00079,5
B000633,C00445,2024-01-18,2024-02-08,FUN DIVE,2,7050,Completed,,T00079,6
B000634,C00046,2024-01-28,2024-02-08,DSD,1,5400, Completed,,T00079,7
B000635,C00446,2023-12-31,2024-02-08,Fun Dive,4,13050, cancelled ,Customer,T00079,8
B000636,C00415,2024-01-03,2024-02-09,Fun dive,3,10750, Completed,,T00080,1
B000637,C00362,19/01/2024,2024-02-09,Discovery,1,5450,COMPLETED,,T00080,2
B000638,C00447,2024-02-07,2024-02-09,discovery dive,1,4950,COMPLETED,,T00080,3
B000639,C00448,29/01/2024,2024-02-09,FUN DIVE,1,3600,COMPLETED,,T00080,5
B000640,C00198,2024-01-26,2024-02-09,Fun dive,4,13750,CANCELLED,Weather,T00080,6
B000641,C00449,2024-02-05,2024-02-09,course,4,28950,Completed,,T00080,7
B000642,C00450,2024-01-18,2024-02-09,FUN DIVE,2,7150,COMPLETED,,T00080,8
B000643,C00451,2024-02-03,2024-02-09,DISCOVERY DIVE,1,5450,cancelled,Weather,T00080,10
B000644,C00452,2024-01-01,2024-02-09,Fun dive,1,3450,completed,,T00080,11
B000645,C00453,2024-01-27,2024-02-09,FUN DIVE,3,10800,COMPLETED,,T00080,12
B000646,C00454,12/01/2024,2024-02-10,Fun dive,1,3550,Completed,,T00081,2
B000647,C00071,29/12/2023,2024-02-10,Fun Dive,2,7700,completed,,T00081,3
B000648,C00455,2024-01-05,2024-02-10,DSD,2,11450,COMPLETED,,T00081,4
B000649,C00456,2024-02-03,2024-02-10,discovery dive,1,5800,completed,,T00081,7
B000650,C00457,2024-01-09,2024-02-10,fundive,1,3000,completed,,T00081,8
B000651,C00458,2023-12-30,2024-02-10,Fun Dive,4,14600,Completed,,T00081,9
B000652,C00093,08/01/2024,2024-02-10,course,5,21100,completed,,T00081,10
B000653,C00459,2024-01-30,2024-02-10,FUN DIVE,1,3850,Completed,,T00081,11
B000654,C00460,2024-01-03,2024-02-10,PADI Course,5,28050,Completed,,T00082,1
B000655,C00461,2024-02-01,2024-02-10,Discovery,1,5650,Completed,,T00082,2
B000656,C00462,December 31 2023,2024-02-10,Discovery Dive,1,5300,COMPLETED,,T00082,3
B000657,C00463,2024-01-13,2024-02-10,FUN DIVE,4,16300,Completed,,T00082,5
B000658,C00464,2024-01-28,2024-02-10,Fun dive,1,3550,completed,,T00082,6
B000659,C00047,2024-01-18,2024-02-10,DSD,1,4650,Cancelled,Customer,T00082,7
B000660,C00465,2024-01-24,2024-02-10,course,5,28050, Completed,,T00082,8
B000661,C00466,January 14 2024,2024-02-11,Discovery,1,5650, Completed,,T00083,1
B000662,C00467,2024-01-05,2024-02-11,PADI Course,5,27850,Completed,,T00083,2
B000663,C00468,2024-01-31,2024-02-11,Course,4,25250,COMPLETED,,T00083,3
B000664,C00469,January 16 2024,2024-02-11,Fun Dive,3,10900,completed,,T00083,4
B000665,C00246,29/01/2024,2024-02-11,fundive,1,3950,COMPLETED,,T00083,5
B000666,C00470,31/12/2023,2024-02-11,FUN DIVE,2,6550,Cancelled,Weather,T00083,9
B000667,C00471,2024-01-08,2024-02-11,fundive,2,5950,CANCELLED,Medical,T00083,10
B000668,C00472,06/02/2024,2024-02-11,course,5,26650,cancelled,Customer,T00084,1
B000669,C00473,2024-01-17,2024-02-11,PADI Course,5,22400,Completed,,T00084,2
B000670,C00061,2024-02-09,2024-02-11,fundive,3,11950,completed,,T00084,3
B000671,C00354,2024-01-13,2024-02-11,Fun dive,1,3850,completed,,T00084,4
B000672,C00340,2024-01-18,2024-02-11,FUN DIVE,4,14950, Completed,,T00084,5
B000673,C00034,2024-01-20,2024-02-11,fun dive,1,3550, Completed,,T00084,7
B000674,C00294,28/01/2024,2024-02-11,Fun dive,3,11050,completed,,T00084,8
B000675,C00474,31/12/2023,2024-02-11,DISCOVERY DIVE,1,5850,completed,,T00084,9
B000676,C00475,2024-01-02,2024-02-12,course,4,26650,COMPLETED,,T00085,1
B000677,C00433,2024-01-10,2024-02-12,COURSE,5,27550,Completed,,T00085,2
B000678,C00476,04/01/2024,2024-02-12,fundive,4,14800,completed,,T00085,4
B000679,C00477,05/01/2024,2024-02-12,Fun Dive,3,10150, Completed,,T00085,5
B000680,C00478,2024-01-20,2024-02-12,Discovery,1,4700, Completed,,T00085,6
B000681,C00363,2024-01-06,2024-02-12,Fun Dive,3,11100,COMPLETED,,T00085,7
B000682,C00479,2024-01-20,2024-02-12,Fun dive,1,3800,COMPLETED,,T00085,8
B000683,C00480,2024-01-17,2024-02-12,COURSE,5,27950,Completed,,T00085,9
B000684,C00178,2024-02-01,2024-02-12,DSD,1,4650,COMPLETED,,T00085,10
B000685,C00452,2024-02-08,2024-02-12,Fun Dive,3,10600,Completed,,T00085,11
B000686,C00056,2024-02-04,2024-02-12,Discovery Dive,1,5300,completed,,T00086,1
B000687,C00481,2024-01-27,2024-02-12,Fun dive,1,3500,COMPLETED,,T00086,2
B000688,C00198,2024-02-02,2024-02-12,FUN DIVE,2,6850,completed,,T00086,4
B000689,C00482,2024-02-08,2024-02-12,course,4,22550,completed,,T00086,5
B000690,C00483,2024-02-02,2024-02-12,Fun Dive,1,3800,completed,,T00086,6
B000691,C00484,2024-01-29,2024-02-12,fundive,3,10600,completed,,T00086,7
B000692,C00118,2024-02-06,2024-02-12,Fun dive,1,3800, Completed,,T00086,8
B000693,C00485,20/01/2024,2024-02-12,Discovery,1,5200,completed,,T00086,11
B000694,C00486,2024-01-14,2024-02-13,PADI Course,4,28750,completed,,T00087,1
B000695,C00442,2024-01-27,2024-02-13,fun dive,2,7500,completed,,T00087,2
B000696,C00487,10/02/2024,2024-02-13,course,5,29650,completed,,T00087,3
B000697,C00104,2023-12-31,2024-02-13,Fun dive,1,3650,No-Show,,T00087,5
B000698,C00488,2024-01-09,2024-02-13,COURSE,5,26750,completed,,T00087,6
B000699,C00489,01/02/2024,2024-02-13,Course,5,23800,No-Show,,T00087,8
B000700,C00490,2024-02-09,2024-02-13,Discovery,1,5850,COMPLETED,,T00087,9
B000701,C00303,09/01/2024,2024-02-13,Discovery,1,5000, Completed,,T00088,1
B000702,C00491,2024-02-06,2024-02-13,Discovery,1,5600,Completed,,T00088,2
B000703,C00492,2024-01-04,2024-02-13,DISCOVERY DIVE,1,4650,completed,,T00088,3
B000704,C00493,2024-02-05,2024-02-13,Discovery,1,5500,completed,,T00088,4
B000705,C00494,28/01/2024,2024-02-13,COURSE,4,26600,COMPLETED,,T00088,5
B000706,C00495,2024-02-10,2024-02-13,PADI Course,4,23800,no-show,,T00088,8
B000707,C00496,2024-01-11,2024-02-13,FUN DIVE,4,14350, cancelled ,Customer,T00088,9
B000708,C00200,2024-02-09,2024-02-13,FUN DIVE,2,8150,No-show,,T00088,11
B000709,C00497,2024-02-14,2024-02-14,Fun dive,1,3450,COMPLETED,,T00089,1
B000710,C00498,January 28 2024,2024-02-14,Fun Dive,1,3800, Completed,,T00089,2
B000711,C00499,03/01/2024,2024-02-14,course,4,25600,completed,,T00089,4
B000712,C00452,2024-01-30,2024-02-14,fun dive,3,10800, Completed,,T00089,5
B000713,C00500,January 5 2024,2024-02-14,discovery dive,1,5900, Completed,,T00089,6
B000714,C00501,2024-02-14,2024-02-14,DISCOVERY DIVE,2,10200,COMPLETED,,T00089,8
B000715,C00502,27/01/2024,2024-02-14,Discovery,1,5600, Completed,,T00089,10
B000716,C00503,2024-02-14,2024-02-14,Discovery,1,5250,Completed,,T00090,1
B000717,C00369,2024-01-08,2024-02-14,fundive,4,14950,COMPLETED,,T00090,3
B000718,C00253,February 11 2024,2024-02-14,COURSE,4,25050,Completed,,T00090,4
B000719,C00504,2024-01-27,2024-02-14,fundive,1,3600,CANCELLED,Customer,T00090,6
B000720,C00505,January 19 2024,2024-02-14,fundive,3,10050,Cancelled,,T00090,8
B000721,C00506,December 31 2023,2024-02-14,DSD,1,5350,completed,,T00090,9
B000722,C00507,2024-02-09,2024-02-15,discovery dive,1,5200,completed,,T00091,1
B000723,C00508,2024-01-12,2024-02-15,Fun dive,3,10150,COMPLETED,,T00091,2
B000724,C00046,2024-01-03,2024-02-15,Discovery,1,5750,NO-SHOW,,T00091,5
B000725,C00509,04/02/2024,2024-02-15,fun dive,2,6000, Completed,,T00091,6
B000726,C00510,2024-02-05,2024-02-15,DISCOVERY DIVE,1,5100,completed,,T00091,7
B000727,C00064,2024-01-19,2024-02-15,Fun Dive,4,14200, Completed,,T00091,8
B000728,C00042,05/02/2024,2024-02-15,Fun Dive,4,15100, Completed,,T00091,9
B000729,C00511,2024-01-14,2024-02-15,COURSE,4,29300,Completed,,T00091,10
B000730,C00066,2024-01-30,2024-02-15,FUN DIVE,3,11000, Completed,,T00092,1
B000731,C00512,January 29 2024,2024-02-15,fun dive,3,10300,completed,,T00092,2
B000732,C00513,01/01/2024,2024-02-15,course,4,24800, Completed,,T00092,3
B000733,C00514,2024-01-27,2024-02-15,DISCOVERY DIVE,1,5200,Completed,,T00092,4
B000734,C00515,2024-01-14,2024-02-15,PADI Course,5,25100,COMPLETED,,T00092,6
B000735,C00516,2024-01-30,2024-02-15,Discovery Dive,1,4850, Completed,,T00092,7
B000736,C00517,January 28 2024,2024-02-15,discovery dive,1,5250,completed,,T00092,9
B000737,C00518,January 8 2024,2024-02-15,fundive,4,12800,Completed,,T00092,10
B000738,C00138,24/01/2024,2024-02-16,FUN DIVE,4,14050,completed,,T00093,1
B000739,C00036,2024-01-14,2024-02-16,Fun Dive,1,3600,COMPLETED,,T00093,2
B000740,C00519,January 26 2024,2024-02-16,discovery dive,2,11200,completed,,T00093,3
B000741,C00520,January 26 2024,2024-02-16,fundive,1,3350,CANCELLED,,T00093,4
B000742,C00521,2024-02-05,2024-02-16,FUN DIVE,1,4000,Completed,,T00093,6
B000743,C00522,February 10 2024,2024-02-16,Fun Dive,2,7150,Completed,,T00093,7
B000744,C00523,2024-02-05,2024-02-16,fundive,1,4000, Completed,,T00093,8
B000745,C00511,2024-01-04,2024-02-16,PADI Course,4,28250,COMPLETED,,T00093,9
B000746,C00524,2024-02-15,2024-02-17,course,5,27100, Completed,,T00094,2
B000747,C00525,2024-02-12,2024-02-17,course,5,28700,Completed,,T00094,3
B000748,C00360,2024-01-07,2024-02-17,Fun dive,2,7300,no-show,,T00094,4
B000749,C00526,2024-02-06,2024-02-17,FUN DIVE,1,3500, Completed,,T00094,5
B000750,C00527,10/02/2024,2024-02-17,fun dive,1,3550,completed,,T00094,6
B000751,C00528,January 21 2024,2024-02-17,COURSE,4,28250,COMPLETED,,T00094,7
B000752,C00529,January 6 2024,2024-02-17,DISCOVERY DIVE,1,5200,completed,,T00094,8
B000753,C00530,January 18 2024,2024-02-17,fun dive,1,3550,Completed,,T00094,9
B000754,C00531,23/01/2024,2024-02-17,COURSE,4,28300, Completed,,T00094,10
B000755,C00375,2024-02-01,2024-02-17,DSD,1,5100,Completed,,T00094,11
B000756,C00385,2024-02-06,2024-02-17,Fun Dive,1,3650,completed,,T00095,1
B000757,C00016,2024-02-08,2024-02-17,course,5,27600,completed,,T00095,2
B000758,C00532,January 10 2024,2024-02-17,DSD,1,4950,completed,,T00095,3
B000759,C00533,2024-01-04,2024-02-17,Discovery Dive,1,5500,Completed,,T00095,5
B000760,C00534,17/01/2024,2024-02-17,discovery dive,1,5000,COMPLETED,,T00095,6
B000761,C00535,January 29 2024,2024-02-17,Discovery Dive,1,4900, Completed,,T00095,7
B000762,C00536,2024-01-19,2024-02-17,Discovery Dive,1,5750,COMPLETED,,T00095,8
B000763,C00211,2024-01-15,2024-02-17,PADI Course,4,24750,cancelled,Customer,T00095,9
B000764,C00537,13/02/2024,2024-02-17,FUN DIVE,4,12150,Completed,,T00096,2
B000765,C00538,2024-01-22,2024-02-17,Fun dive,3,9500,cancelled,Weather,T00096,3
B000766,C00539,2024-01-18,2024-02-17,fundive,1,3000,COMPLETED,,T00096,4
B000767,C00380,2024-02-17,2024-02-17,FUN DIVE,3,10850, Completed,,T00096,5
B000768,C00540,2024-01-23,2024-02-17,DISCOVERY DIVE,1,5450,COMPLETED,,T00096,6
B000769,C00541,February 3 2024,2024-02-17,fundive,1,3350,COMPLETED,,T00096,7
B000770,C00196,2024-02-05,2024-02-17,FUN DIVE,1,3850,completed,,T00096,9
B000771,C00542,January 7 2024,2024-02-18,Fun dive,4,14200,COMPLETED,,T00097,1
B000772,C00310,January 26 2024,2024-02-18,course,4,26200,completed,,T00097,2
B000773,C00543,2024-02-12,2024-02-18,Fun Dive,1,3450,completed,,T00097,4
B000774,C00452,2024-02-18,2024-02-18,PADI Course,5,26900,completed,,T00097,5
B000775,C00544,2024-02-03,2024-02-18,FUN DIVE,3,11200,completed,,T00097,6
B000776,C00017,February 15 2024,2024-02-18,Course,5,29550, Completed,,T00097,8
B000777,C00545,2024-02-15,2024-02-18,fundive,3,10450,completed,,T00097,10
B000778,C00546,2024-01-04,2024-02-18,fundive,3,11200,completed,,T00097,11
B000779,C00547,2024-01-10,2024-02-18,Discovery Dive,1,5400, Completed,,T00097,12
B000780,C00548,2024-01-31,2024-02-18,Fun Dive,1,3850,No-Show,,T00098,1
B000781,C00267,18/02/2024,2024-02-18,fun dive,3,11800,completed,,T00098,2
B000782,C00549,2024-01-06,2024-02-18,DISCOVERY DIVE,1,5250,COMPLETED,,T00098,4
B000783,C00187,2024-01-29,2024-02-18,FUN DIVE,2,6950,completed,,T00098,5
B000784,C00550,2024-02-08,2024-02-18,discovery dive,1,5050,Completed,,T00098,6
B000785,C00421,2024-01-24,2024-02-18,fun dive,1,3600, Completed,,T00098,7
B000786,C00551,04/02/2024,2024-02-18,Fun Dive,3,10600,Completed,,T00098,8
B000787,C00161,07/02/2024,2024-02-18,COURSE,5,26300,COMPLETED,,T00098,9
B000788,C00552,2024-01-25,2024-02-18,DISCOVERY DIVE,1,5250,No-Show,,T00099,2
B000789,C00553,2024-01-10,2024-02-18,Discovery,1,5200,completed,,T00099,3
B000790,C00066,31/01/2024,2024-02-18,Course,4,26600,Completed,,T00099,4
B000791,C00554,2024-01-23,2024-02-18,fun dive,1,3950,Cancelled,Weather,T00099,5
B000792,C00166,2024-01-09,2024-02-18,fun dive,1,3100,NO-SHOW,,T00099,6
B000793,C00002,08/02/2024,2024-02-18,fundive,2,6900,Completed,,T00099,7
B000794,C00168,January 14 2024,2024-02-18,fun dive,3,11600, Completed,,T00099,9
B000795,C00413,2024-02-13,2024-02-19,Course,4,21800,completed,,T00100,1
B000796,C00232,2024-02-05,2024-02-19,fun dive,1,3800, Completed,,T00100,3
B000797,C00555,February 13 2024,2024-02-19,FUN DIVE,2,7100,completed,,T00100,4
B000798,C00556,2024-01-07,2024-02-19,fun dive,2,7200, Completed,,T00100,6
B000799,C00557,23/01/2024,2024-02-19,Fun Dive,4,14600, Completed,,T00100,7
B000800,C00558,15/01/2024,2024-02-19,Fun dive,2,6350,COMPLETED,,T00100,8
B000801,C00559,2024-01-13,2024-02-19,DISCOVERY DIVE,1,4850,Completed,,T00100,9
B000802,C00560,2024-02-09,2024-02-19,Discovery,1,4300,Completed,,T00100,10
B000803,C00561,2024-02-13,2024-02-19,Discovery,1,5700,completed,,T00101,1
B000804,C00380,2024-01-07,2024-02-19,fundive,1,3650,COMPLETED,,T00101,2
B000805,C00562,18/02/2024,2024-02-19,PADI Course,4,24700,cancelled,Medical,T00101,3
B000806,C00563,2024-01-23,2024-02-19,Fun dive,2,7100,COMPLETED,,T00101,4
B000807,C00130,January 30 2024,2024-02-19,course,5,28100,completed,,T00101,5
B000808,C00564,05/02/2024,2024-02-19,COURSE,4,25450,completed,,T00101,8
B000809,C00231,2024-01-28,2024-02-19,DSD,1,4900,Completed,,T00101,9
B000810,C00475,2024-01-12,2024-02-20,discovery dive,1,5350,COMPLETED,,T00102,1
B000811,C00565,2024-01-28,2024-02-20,Course,4,24050,COMPLETED,,T00102,3
B000812,C00566,2024-01-14,2024-02-20,DISCOVERY DIVE,1,5650, Completed,,T00102,4
B000813,C00209,2024-01-25,2024-02-20,Course,4,24900,cancelled,Customer,T00102,7
B000814,C00187,2024-01-16,2024-02-20,fun dive,1,3600, Completed,,T00102,9
B000815,C00567,2024-01-19,2024-02-20,Course,4,26100,COMPLETED,,T00102,10
B000816,C00568,27/01/2024,2024-02-20,Discovery,1,5300,COMPLETED,,T00102,11
B000817,C00569,2024-01-18,2024-02-20,fundive,3,9250, Completed,,T00103,1
B000818,C00570,09/01/2024,2024-02-20,Discovery Dive,1,4600,completed,,T00103,2
B000819,C00463,February 4 2024,2024-02-20,Fun Dive,2,8100,COMPLETED,,T00103,3
B000820,C00571,2024-02-15,2024-02-20,PADI Course,4,27800,Completed,,T00103,5
B000821,C00024,11/01/2024,2024-02-20,Fun Dive,2,6650, Completed,,T00103,6
B000822,C00572,2024-01-09,2024-02-20,course,5,26650, Completed,,T00103,7
B000823,C00247,January 15 2024,2024-02-20,FUN DIVE,1,3600,completed,,T00103,8
B000824,C00573,2024-02-07,2024-02-20,discovery dive,1,5850, Completed,,T00103,9
B000825,C00451,2024-02-07,2024-02-20,Course,5,26300,Completed,,T00103,10
B000826,C00385,2024-02-15,2024-02-21,fun dive,2,7150, Completed,,T00104,2
B000827,C00574,2024-02-05,2024-02-21,Fun dive,2,7000,Completed,,T00104,3
B000828,C00499,January 12 2024,2024-02-21,Fun dive,4,14150,COMPLETED,,T00104,4
B000829,C00194,2024-02-12,2024-02-21,fun dive,2,6850,No-Show,,T00104,5
B000830,C00270,2024-01-15,2024-02-21,fun dive,3,11050,Completed,,T00104,6
B000831,C00575,2024-01-30,2024-02-21,fun dive,4,15300,COMPLETED,,T00104,7
B000832,C00576,2024-02-19,2024-02-21,fun dive,3,12050,Completed,,T00104,9
B000833,C00577,2024-02-09,2024-02-21,PADI Course,5,27300,Completed,,T00104,10
B000834,C00271,February 7 2024,2024-02-21,fundive,4,16250,Completed,,T00104,11
B000835,C00279,17/01/2024,2024-02-21,Course,4,26700, Completed,,T00105,1
B000836,C00578,2024-02-08,2024-02-21,discovery dive,1,5350,Completed,,T00105,3
B000837,C00579,2024-02-12,2024-02-21,Fun dive,2,7700,completed,,T00105,4
B000838,C00033,2024-02-13,2024-02-21,FUN DIVE,3,10450,completed,,T00105,6
B000839,C00580,2024-01-23,2024-02-21,Discovery Dive,1,5150, Completed,,T00105,7
B000840,C00254,2024-01-11,2024-02-21,fun dive,2,7150,cancelled,Customer,T00105,8
B000841,C00287,2024-02-17,2024-02-21,Fun Dive,3,12050, Completed,,T00105,9
B000842,C00149,2024-02-10,2024-02-21,Fun Dive,3,9100, Completed,,T00105,10
B000843,C00277,2024-01-15,2024-02-21,Fun dive,1,3850, Completed,,T00105,11
B000844,C00477,February 5 2024,2024-02-22,FUN DIVE,1,3650,COMPLETED,,T00106,1
B000845,C00159,January 16 2024,2024-02-22,Fun Dive,1,3700,completed,,T00106,3
B000846,C00581,2024-02-22,2024-02-22,discovery dive,1,5150,COMPLETED,,T00106,4
B000847,C00582,January 20 2024,2024-02-22,course,4,25450, cancelled ,Customer,T00106,5
B000848,C00583,2024-02-22,2024-02-22,fun dive,2,7400,completed,,T00106,6
B000849,C00584,2024-01-28,2024-02-22,DISCOVERY DIVE,1,4900,Completed,,T00106,7
B000850,C00585,16/01/2024,2024-02-22,PADI Course,5,21450,Completed,,T00106,8
B000851,C00586,05/02/2024,2024-02-22,DSD,1,5350, Completed,,T00106,9
B000852,C00307,2024-02-02,2024-02-22,fundive,4,13600,COMPLETED,,T00106,10
B000853,C00587,2024-01-15,2024-02-22,DISCOVERY DIVE,1,5500,COMPLETED,,T00106,11
B000854,C00143,2024-01-13,2024-02-23,Fun dive,2,7150,COMPLETED,,T00107,1
B000855,C00588,2024-02-09,2024-02-23,PADI Course,5,25400,Completed,,T00107,3
B000856,C00154,2024-02-17,2024-02-23,Fun dive,4,15100,Completed,,T00107,4
B000857,C00589,2024-01-25,2024-02-23,Fun Dive,1,3200,completed,,T00107,5
B000858,C00438,2024-01-09,2024-02-23,PADI Course,4,25200, Completed,,T00107,6
B000859,C00590,2024-02-22,2024-02-23,Discovery Dive,1,4750,COMPLETED,,T00107,7
B000860,C00210,2024-01-28,2024-02-23,Fun dive,1,4000,completed,,T00107,8
B000861,C00130,29/01/2024,2024-02-23,Fun dive,3,10900,NO-SHOW,,T00107,9
B000862,C00591,2024-01-17,2024-02-23,fun dive,2,6850,COMPLETED,,T00107,10
B000863,C00315,2024-02-16,2024-02-23,COURSE,5,28300, Completed,,T00108,2
B000864,C00592,2024-02-11,2024-02-23,Fun Dive,3,10250,completed,,T00108,3
B000865,C00593,2024-01-29,2024-02-23,Course,4,27450,COMPLETED,,T00108,5
B000866,C00594,17/02/2024,2024-02-23,fundive,3,10350, cancelled ,Medical,T00108,6
B000867,C00209,17/01/2024,2024-02-23,Fun Dive,1,3550,Completed,,T00108,7
B000868,C00215,23/01/2024,2024-02-23,DISCOVERY DIVE,2,11550, Completed,,T00108,8
B000869,C00595,2024-01-14,2024-02-23,fundive,1,3800,COMPLETED,,T00108,9
B000870,C00596,20/02/2024,2024-02-23,Fun dive,2,6700,Completed,,T00108,11
B000871,C00597,February 18 2024,2024-02-24,Course,4,23850,completed,,T00109,1
B000872,C00598,2024-02-17,2024-02-24,Fun Dive,1,3850, Completed,,T00109,2
B000873,C00599,01/02/2024,2024-02-24,fun dive,3,9050,Completed,,T00109,3
B000874,C00600,11/02/2024,2024-02-24,Fun Dive,3,11700,completed,,T00109,5
B000875,C00601,2024-02-20,2024-02-24,discovery dive,1,5250, cancelled ,Weather,T00109,6
B000876,C00602,23/01/2024,2024-02-24,DISCOVERY DIVE,2,10700, Completed,,T00109,7
B000877,C00603,2024-02-03,2024-02-24,course,4,26300, Completed,,T00109,8
B000878,C00604,2024-01-26,2024-02-24,fundive,3,11200, cancelled ,Weather,T00109,9
B000879,C00493,2024-02-18,2024-02-24,discovery dive,1,5300,completed,,T00109,10
B000880,C00605,January 15 2024,2024-02-25,course,4,27300,no-show,,T00110,1
B000881,C00606,2024-02-09,2024-02-25,PADI Course,4,27000,cancelled,Medical,T00110,3
B000882,C00241,2024-02-16,2024-02-25,fundive,2,5800, Completed,,T00110,4
B000883,C00607,2024-02-04,2024-02-25,fun dive,3,11100, Completed,,T00110,5
B000884,C00608,21/02/2024,2024-02-25,FUN DIVE,1,4000, Completed,,T00110,7
B000885,C00609,January 29 2024,2024-02-25,Course,5,24950,completed,,T00110,8
B000886,C00610,February 24 2024,2024-02-25,Fun Dive,2,8050, Completed,,T00110,9
B000887,C00260,2024-02-15,2024-02-25,Fun dive,2,7200, Completed,,T00111,1
B000888,C00611,2024-01-18,2024-02-25,Fun dive,3,11550,completed,,T00111,3
B000889,C00612,January 27 2024,2024-02-25,DISCOVERY DIVE,1,4500,COMPLETED,,T00111,4
B000890,C00613,2024-02-23,2024-02-25,Course,5,27800,no-show,,T00111,5
B000891,C00614,2024-02-10,2024-02-25,Course,5,25750,completed,,T00111,6
B000892,C00202,2024-02-22,2024-02-25,fun dive,3,11900,COMPLETED,,T00111,7
B000893,C00035,12/01/2024,2024-02-25,DISCOVERY DIVE,1,5250,completed,,T00111,8
B000894,C00615,08/02/2024,2024-02-25,Discovery Dive,2,10400,completed,,T00111,9
B000895,C00616,February 21 2024,2024-02-25,PADI Course,4,26900,completed,,T00111,10
B000896,C00617,February 20 2024,2024-02-26,fun dive,3,11450,Completed,,T00112,1
B000897,C00618,2024-02-05,2024-02-26,discovery dive,1,5050,Completed,,T00112,2
B000898,C00596,2024-01-20,2024-02-26,fun dive,1,3700,CANCELLED,Medical,T00112,4
B000899,C00619,2024-02-26,2024-02-26,fundive,1,3950, Completed,,T00112,5
B000900,C00620,February 8 2024,2024-02-26,discovery dive,2,10000,Completed,,T00112,6
B000901,C00621,2024-01-27,2024-02-26,DISCOVERY DIVE,1,4300,completed,,T00112,8
B000902,C00622,2024-01-22,2024-02-26,DISCOVERY DIVE,1,4700,COMPLETED,,T00113,1
B000903,C00623,2024-02-01,2024-02-26,FUN DIVE,2,8000,Completed,,T00113,3
B000904,C00624,2024-02-15,2024-02-26,discovery dive,1,5300, Completed,,T00113,4
B000905,C00006,2024-01-15,2024-02-26,Fun dive,2,6750,COMPLETED,,T00113,5
B000906,C00625,2024-01-15,2024-02-26,fun dive,1,3500,Completed,,T00113,6
B000907,C00421,2024-01-30,2024-02-26,course,5,28000,Completed,,T00113,7
B000908,C00626,2024-02-06,2024-02-27,fundive,3,9950, Completed,,T00114,2
B000909,C00066,February 25 2024,2024-02-27,FUN DIVE,2,7700,completed,,T00114,4
B000910,C00627,2024-02-13,2024-02-27,DSD,1,5400, Completed,,T00114,5
B000911,C00628,02/02/2024,2024-02-27,course,5,26200,COMPLETED,,T00114,6
B000912,C00629,2024-01-25,2024-02-27,fun dive,2,7050, Completed,,T00114,7
B000913,C00463,2024-01-29,2024-02-27,Fun dive,4,14950,completed,,T00114,8
B000914,C00630,2024-01-25,2024-02-27,Fun Dive,2,7100, Completed,,T00114,9
B000915,C00631,2024-02-02,2024-02-27,Fun dive,1,3650,completed,,T00114,10
B000916,C00632,2024-02-01,2024-02-27,fun dive,3,10350, Completed,,T00115,2
B000917,C00633,2024-02-23,2024-02-27,PADI Course,4,28550, Completed,,T00115,5
B000918,C00063,2024-02-27,2024-02-27,fundive,2,6900,completed,,T00115,6
B000919,C00634,2024-02-27,2024-02-27,discovery dive,1,5050,COMPLETED,,T00115,7
B000920,C00212,22/02/2024,2024-02-27,fun dive,2,7050,COMPLETED,,T00115,8
B000921,C00635,2024-01-20,2024-02-27,FUN DIVE,1,3650,completed,,T00115,9
B000922,C00636,2024-01-15,2024-02-27,DISCOVERY DIVE,1,5300,Completed,,T00115,10
B000923,C00637,2024-02-18,2024-02-28,course,4,29300, Completed,,T00116,1
B000924,C00638,2024-02-24,2024-02-28,Fun Dive,2,7650, Completed,,T00116,2
B000925,C00639,February 17 2024,2024-02-28,Fun dive,4,13950,completed,,T00116,3
B000926,C00640,18/02/2024,2024-02-28,FUN DIVE,3,11650,completed,,T00116,4
B000927,C00641,2024-02-28,2024-02-28,COURSE,5,26600,completed,,T00116,5
B000928,C00642,2024-01-15,2024-02-28,course,4,25150,Completed,,T00116,8
B000929,C00643,2024-01-26,2024-02-28,fundive,1,3650,Completed,,T00116,9
B000930,C00497,2024-02-12,2024-02-28,fundive,4,15200, Completed,,T00116,11
B000931,C00644,January 29 2024,2024-02-28,Fun dive,3,9050, Completed,,T00117,1
B000932,C00645,16/02/2024,2024-02-28,DSD,1,-5850,Completed,,T00117,3
B000933,C00005,2024-02-03,2024-02-28,fundive,1,3450,Completed,,T00117,4
B000934,C00646,2024-01-29,2024-02-28,DISCOVERY DIVE,1,5100, Completed,,T00117,6
B000935,C00647,22/02/2024,2024-02-28,FUN DIVE,4,15900, Completed,,T00117,7
B000936,C00559,2024-01-25,2024-02-28,Fun Dive,4,11650,Completed,,T00117,8
B000937,C00648,10/02/2024,2024-02-28,Discovery Dive,1,5350,COMPLETED,,T00117,10
B000938,C00124,2024-01-20,2024-02-28,Fun dive,1,3950,Completed,,T00117,11
B000939,C00174,23/01/2024,2024-02-28,course,5,27000,Completed,,T00117,12
B000940,C00649,February 25 2024,2024-02-29,Course,4,27700, Completed,,T00118,2
B000941,C00650,2024-02-05,2024-02-29,COURSE,4,26400,Completed,,T00118,4
B000942,C00651,26/02/2024,2024-02-29,PADI Course,5,26050,Completed,,T00118,5
B000943,C00047,2024-02-10,2024-02-29,FUN DIVE,4,14350,Completed,,T00118,6
B000944,C00652,2024-01-26,2024-02-29,discovery dive,2,10300,Completed,,T00118,7
B000945,C00653,17/02/2024,2024-02-29,Discovery,1,5400,COMPLETED,,T00118,8
B000946,C00567,28/01/2024,2024-02-29,fundive,4,15400, Completed,,T00118,9
B000947,C00654,2024-02-08,2024-02-29,COURSE,5,26150,Completed,,T00118,10
B000948,C00655,2024-02-11,2024-02-29,Fun Dive,1,3800,completed,,T00118,11
B000949,C00656,2024-02-05,2024-02-29,fundive,2,6700,NO-SHOW,,T00119,1
B000950,C00460,2024-02-14,2024-02-29,PADI Course,5,26900,cancelled,,T00119,2
B000951,C00657,2024-02-28,2024-02-29,course,4,26250,Completed,,T00119,3
B000952,C00658,February 21 2024,2024-02-29,Discovery,1,5150,CANCELLED,Customer,T00119,4
B000953,C00659,2024-01-20,2024-02-29,fundive,4,13200, Completed,,T00119,5
B000954,C00660,2024-02-03,2024-02-29,DSD,1,5500, Completed,,T00119,6
B000955,C00555,February 3 2024,2024-02-29,Fun dive,2,7400,Completed,,T00119,7
B000956,C00375,2024-02-01,2024-02-29,Discovery Dive,1,5150,No-Show,,T00119,9
B000957,C00077,February 6 2024,2024-03-01,COURSE,5,26050,completed,,T00120,1
B000958,C00479,January 20 2024,2024-03-01,fundive,1,3600, Completed,,T00120,2
B000959,C00661,2024-02-01,2024-03-01,fun dive,2,7300,completed,,T00120,3
B000960,C00662,21/02/2024,2024-03-01,fundive,2,7450, Completed,,T00120,4
B000961,C00415,20/02/2024,2024-03-01,Discovery,1,5550, Completed,,T00120,5
B000962,C00663,2024-02-26,2024-03-01,fun dive,1,3850,completed,,T00120,6
B000963,C00664,13/02/2024,2024-03-01,course,4,28950, Completed,,T00120,7
B000964,C00583,01/03/2024,2024-03-01,Fun dive,2,7300,COMPLETED,,T00120,9
B000965,C00665,2024-01-23,2024-03-02,DISCOVERY DIVE,1,4650,NO-SHOW,,T00121,2
B000966,C00039,19/01/2024,2024-03-02,Fun dive,3,10000, cancelled ,Medical,T00121,3
B000967,C00666,22/01/2024,2024-03-02,Discovery,1,5250,COMPLETED,,T00121,4
B000968,C00667,2024-02-27,2024-03-02,fundive,3,11450, Completed,,T00121,5
B000969,C00322,05/02/2024,2024-03-02,PADI Course,4,25600,COMPLETED,,T00121,6
B000970,C00605,January 17 2024,2024-03-02,DISCOVERY DIVE,1,5200,Completed,,T00121,7
B000971,C00668,January 25 2024,2024-03-02,FUN DIVE,4,15650, Completed,,T00121,8
B000972,C00669,2024-01-20,2024-03-02,FUN DIVE,2,7000,Completed,,T00121,9
B000973,C00670,2024-01-20,2024-03-03,Fun Dive,2,7150, Completed,,T00122,1
B000974,C00557,2024-02-12,2024-03-03,COURSE,5,26750, cancelled ,Weather,T00122,2
B000975,C00671,30/01/2024,2024-03-03,Discovery,1,5350,cancelled,Weather,T00122,3
B000976,C00065,2024-02-13,2024-03-03,fundive,2,7450, cancelled ,Weather,T00122,4
B000977,C00672,March 1 2024,2024-03-03,COURSE,5,28000,CANCELLED,Weather,T00122,6
B000978,C00063,March 2 2024,2024-03-03,COURSE,5,25600,Cancelled,Weather,T00122,8
B000979,C00673,2024-02-01,2024-03-03,fundive,4,14900,Cancelled,Weather,T00123,1
B000980,C00674,January 22 2024,2024-03-03,Discovery Dive,1,5000,completed,,T00123,3
B000981,C00675,09/02/2024,2024-03-03,Discovery Dive,1,4500,CANCELLED,Weather,T00123,4
B000982,C00536,2024-01-25,2024-03-03,fundive,1,3700, Completed,,T00123,5
B000983,C00676,February 14 2024,2024-03-03,fun dive,2,7800,Cancelled,Weather,T00123,6
B000984,C00677,February 23 2024,2024-03-03,discovery dive,1,5250,COMPLETED,,T00123,8
B000985,C00678,February 16 2024,2024-03-04,DISCOVERY DIVE,1,5600, Completed,,T00124,1
B000986,C00478,2024-02-13,2024-03-04,fundive,2,7100,Cancelled,Weather,T00124,2
B000987,C00679,2024-02-23,2024-03-04,fundive,2,6700,completed,,T00124,4
B000988,C00680,24/01/2024,2024-03-04,Fun Dive,1,3950,Completed,,T00124,5
B000989,C00536,03/03/2024,2024-03-04,Fun dive,4,15450,Cancelled,Weather,T00124,6
B000990,C00681,06/02/2024,2024-03-04,DISCOVERY DIVE,2,10400, Completed,,T00124,7
B000991,C00682,2024-02-05,2024-03-04,Discovery Dive,1,5250,completed,,T00124,9
B000992,C00683,2024-01-31,2024-03-04,FUN DIVE,2,-7600,COMPLETED,,T00124,10
B000993,C00215,January 23 2024,2024-03-04,Course,4,25850,completed,,T00124,11
B000994,C00684,2024-02-03,2024-03-04,FUN DIVE,2,7100,Completed,,T00125,1
B000995,C00685,2024-02-02,2024-03-04,fun dive,3,11250,cancelled,Weather,T00125,2
B000996,C00686,2024-02-10,2024-03-04,discovery dive,2,8700,CANCELLED,Weather,T00125,3
B000997,C00687,February 28 2024,2024-03-04,Fun dive,2,7650,COMPLETED,,T00125,4
B000998,C00688,2024-02-27,2024-03-04,FUN DIVE,2,7400,COMPLETED,,T00125,5
B000999,C00689,21/02/2024,2024-03-04,Discovery Dive,1,5000,cancelled,Weather,T00125,6
B001000,C00690,2024-02-29,2024-03-04,FUN DIVE,1,3850, Completed,,T00125,7
B001001,C00691,25/01/2024,2024-03-04,Discovery Dive,2,10900, Completed,,T00125,8
B001002,C00692,2024-02-14,2024-03-04,Fun dive,1,3600,Completed,,T00125,9
B001003,C00132,2024-01-23,2024-03-04,fundive,1,3750,COMPLETED,,T00125,11
B001004,C00693,2024-01-30,2024-03-05,DSD,1,5350,completed,,T00126,2
B001005,C00694,2024-02-12,2024-03-05,discovery dive,1,4500, Completed,,T00126,3
B001006,C00695,2024-03-02,2024-03-05,DISCOVERY DIVE,1,5050, Completed,,T00126,4
B001007,C00696,03/03/2024,2024-03-05,PADI Course,4,28850,COMPLETED,,T00126,5
B001008,C00697,2024-03-03,2024-03-05,course,5,25800,No-show,,T00126,6
B001009,C00663,2024-02-26,2024-03-05,Fun Dive,1,3950,Completed,,T00126,7
B001010,C00492,2024-03-04,2024-03-05,PADI Course,4,21850, Completed,,T00126,9
B001011,C00698,2024-02-18,2024-03-05,DSD,1,4650,completed,,T00127,1
B001012,C00699,2024-02-06,2024-03-05,Course,4,25850,completed,,T00127,2
B001013,C00275,05/02/2024,2024-03-05,PADI Course,4,28350,completed,,T00127,3
B001014,C00370,13/02/2024,2024-03-05,PADI Course,4,26550, Completed,,T00127,4
B001015,C00700,2024-02-11,2024-03-05,Discovery,1,5250,COMPLETED,,T00127,7
B001016,C00278,2024-01-30,2024-03-05,Fun dive,2,7900,completed,,T00127,8
B001017,C00701,22/02/2024,2024-03-05,fundive,3,9900,completed,,T00127,9
B001018,C00702,31/01/2024,2024-03-05,Course,4,26150, Completed,,T00127,10
B001019,C00513,2024-02-29,2024-03-05,Course,4,27950, Completed,,T00127,11
B001020,C00703,2024-01-29,2024-03-05,DSD,1,5400,Completed,,T00127,12
B001021,C00704,2024-01-25,2024-03-06,Fun dive,2,7600,COMPLETED,,T00128,1
B001022,C00705,2024-02-20,2024-03-06,COURSE,5,27100,Completed,,T00128,2
B001023,C00706,2024-02-19,2024-03-06,Course,4,26000,Cancelled,Customer,T00128,3
B001024,C00707,2024-03-04,2024-03-06,DISCOVERY DIVE,1,5800, Completed,,T00128,4
B001025,C00708,2024-01-31,2024-03-06,fun dive,1,3700,Completed,,T00128,5
B001026,C00490,February 22 2024,2024-03-06,Fun dive,3,11450,Completed,,T00128,7
B001027,C00089,2024-01-23,2024-03-06,Fun Dive,1,3900,completed,,T00128,8
B001028,C00709,2024-02-08,2024-03-06,DISCOVERY DIVE,2,11550,CANCELLED,Medical,T00128,9
B001029,C00710,20/02/2024,2024-03-06,Discovery Dive,2,10100,COMPLETED,,T00128,10
B001030,C00316,2024-01-24,2024-03-06,fun dive,1,3600, Completed,,T00128,11
B001031,C00346,2024-03-02,2024-03-06,COURSE,4,27850,COMPLETED,,T00128,12
B001032,C00711,2024-02-03,2024-03-06,DSD,2,10550,completed,,T00129,2
B001033,C00712,2024-02-11,2024-03-06,Fun dive,3,10750,no-show,,T00129,3
B001034,C00106,2024-01-28,2024-03-06,FUN DIVE,1,3200,Completed,,T00129,4
B001035,C00713,2024-03-06,2024-03-06,Discovery,1,5250,COMPLETED,,T00129,5
B001036,C00714,05/03/2024,2024-03-06,discovery dive,1,5550,completed,,T00129,7
B001037,C00715,2024-02-06,2024-03-06,Fun Dive,2,7400,completed,,T00129,8
B001038,C00716,2024-02-05,2024-03-06,PADI Course,4,29300,COMPLETED,,T00129,9
B001039,C00717,2024-02-21,2024-03-06,fundive,4,12800,Completed,,T00129,10
B001040,C00718,29/01/2024,2024-03-07,Fun dive,2,7050,Completed,,T00130,1
B001041,C00719,January 30 2024,2024-03-07,Fun Dive,1,3550,completed,,T00130,2
B001042,C00720,2024-01-24,2024-03-07,fun dive,1,3250,COMPLETED,,T00130,4
B001043,C00033,February 21 2024,2024-03-07,Fun dive,2,6850,Completed,,T00130,5
B001044,C00721,22/02/2024,2024-03-07,DISCOVERY DIVE,1,5300,COMPLETED,,T00130,6
B001045,C00722,2024-01-29,2024-03-07,DSD,1,5450,Completed,,T00130,7
B001046,C00723,2024-03-07,2024-03-07,fun dive,1,3600,COMPLETED,,T00130,8
B001047,C00724,2024-02-22,2024-03-07,Fun dive,1,3650,Completed,,T00130,10
B001048,C00725,2024-01-29,2024-03-07,PADI Course,4,26250,completed,,T00130,11
B001049,C00223,02/02/2024,2024-03-07,COURSE,4,26600,COMPLETED,,T00130,12
B001050,C00726,2024-01-31,2024-03-07,Discovery Dive,1,5450,NO-SHOW,,T00131,1
B001051,C00727,2024-02-23,2024-03-07,course,4,25800,completed,,T00131,3
B001052,C00600,2024-01-26,2024-03-07,PADI Course,5,26600,completed,,T00131,4
B001053,C00728,2024-03-03,2024-03-07,COURSE,5,27600, Completed,,T00131,5
B001054,C00729,February 23 2024,2024-03-07,fun dive,2,6350,Completed,,T00131,6
B001055,C00032,2024-02-09,2024-03-07,fun dive,3,10550,COMPLETED,,T00131,7
B001056,C00287,13/02/2024,2024-03-07,FUN DIVE,2,8000, Completed,,T00131,8
B001057,C00730,2024-01-30,2024-03-07,fundive,1,3900, Completed,,T00131,11
B001058,C00731,2024-01-26,2024-03-08,Fun Dive,1,3800,completed,,T00132,1
B001059,C00473,2024-03-08,2024-03-08,FUN DIVE,4,13350, Completed,,T00132,2
B001060,C00732,28/02/2024,2024-03-08,DSD,1,5400, Completed,,T00132,3
B001061,C00733,2024-02-10,2024-03-08,Fun Dive,3,11450,Completed,,T00132,4
B001062,C00734,09/02/2024,2024-03-08,Fun dive,4,14300,Completed,,T00132,6
B001063,C00735,2024-03-07,2024-03-08,discovery dive,2,10550, Completed,,T00132,7
B001064,C00193,05/03/2024,2024-03-08,Course,5,23550,Cancelled,Customer,T00132,9
B001065,C00487,February 3 2024,2024-03-08,DSD,2,11400,Completed,,T00132,10
B001066,C00349,2024-02-21,2024-03-09,course,4,26950, Completed,,T00133,1
B001067,C00736,March 4 2024,2024-03-09,DISCOVERY DIVE,1,4750,Completed,,T00133,2
B001068,C00106,2024-01-25,2024-03-09,Fun Dive,2,6450,Completed,,T00133,3
B001069,C00737,February 18 2024,2024-03-09,FUN DIVE,1,3650,completed,,T00133,5
B001070,C00738,2024-02-28,2024-03-09,Discovery,2,10650, Completed,,T00133,6
B001071,C00739,29/02/2024,2024-03-09,COURSE,5,23050,completed,,T00133,7
B001072,C00740,March 2 2024,2024-03-10,Fun Dive,3,12200, cancelled ,Medical,T00134,2
B001073,C00741,2024-02-15,2024-03-10,DISCOVERY DIVE,1,5550,Completed,,T00134,3
B001074,C00050,2024-02-08,2024-03-10,Fun Dive,3,9950,COMPLETED,,T00134,4
B001075,C00742,14/02/2024,2024-03-10,Discovery,1,5600,COMPLETED,,T00134,5
B001076,C00537,February 29 2024,2024-03-10,FUN DIVE,1,3250,cancelled,Customer,T00134,6
B001077,C00743,2024-02-24,2024-03-10,Discovery Dive,1,4850,CANCELLED,Customer,T00134,8
B001078,C00430,27/02/2024,2024-03-11,PADI Course,4,23500,COMPLETED,,T00135,1
B001079,C00744,February 8 2024,2024-03-11,Fun dive,1,3300,COMPLETED,,T00135,2
B001080,C00745,February 3 2024,2024-03-11,Discovery,1,5250,completed,,T00135,5
B001081,C00076,15/02/2024,2024-03-11,Fun Dive,3,9700,NO-SHOW,,T00135,6
B001082,C00746,14/02/2024,2024-03-11,DSD,1,5700, Completed,,T00135,7
B001083,C00747,February 21 2024,2024-03-11,fundive,2,6900,Completed,,T00135,8
B001084,C00344,29/02/2024,2024-03-11,Fun Dive,1,3350,completed,,T00135,10
B001085,C00455,2024-01-30,2024-03-11,Discovery Dive,1,5650,completed,,T00135,11
B001086,C00748,2024-03-06,2024-03-11,FUN DIVE,4,14200,completed,,T00135,12
B001087,C00749,2024-03-05,2024-03-11,Fun dive,3,10950, Completed,,T00136,1
B001088,C00750,2024-02-15,2024-03-11,course,4,23600,completed,,T00136,4
B001089,C00751,2024-02-02,2024-03-11,discovery dive,2,9200,completed,,T00136,5
B001090,C00752,March 10 2024,2024-03-11,FUN DIVE,4,15000,No-show,,T00136,6
B001091,C00753,2024-03-09,2024-03-11,COURSE,4,23300,Cancelled,Medical,T00136,7
B001092,C00609,18/02/2024,2024-03-11,Fun Dive,1,3950,completed,,T00136,8
B001093,C00754,30/01/2024,2024-03-11,fun dive,1,3150,completed,,T00136,9
B001094,C00572,March 1 2024,2024-03-12,Fun dive,2,6900,completed,,T00137,1
B001095,C00245,2024-02-21,2024-03-12,Discovery Dive,1,5650,COMPLETED,,T00137,2
B001096,C00755,February 6 2024,2024-03-12,Fun dive,1,3350,CANCELLED,Customer,T00137,4
B001097,C00756,2024-02-28,2024-03-12,Discovery,2,10700,COMPLETED,,T00137,5
B001098,C00757,2024-02-25,2024-03-12,Discovery,1,5600,COMPLETED,,T00137,6
B001099,C00758,03/02/2024,2024-03-12,Course,5,25800, Completed,,T00137,7
B001100,C00759,28/01/2024,2024-03-12,Fun Dive,2,7250,COMPLETED,,T00137,9
B001101,C00760,2024-02-20,2024-03-12,Course,5,29000,Completed,,T00137,11
B001102,C00565,2024-01-29,2024-03-13,discovery dive,1,4800, Completed,,T00138,1
B001103,C00359,11/03/2024,2024-03-13,Fun Dive,2,6800,completed,,T00138,2
B001104,C00761,05/03/2024,2024-03-13,COURSE,4,25100, Completed,,T00138,3
B001105,C00762,2024-03-03,2024-03-13,DISCOVERY DIVE,1,5250,Completed,,T00138,4
B001106,C00763,March 4 2024,2024-03-13,DSD,1,5100, Completed,,T00138,5
B001107,C00764,2024-02-17,2024-03-13,Fun Dive,3,11700,cancelled,Customer,T00138,6
B001108,C00765,2024-01-28,2024-03-13,FUN DIVE,3,11700,completed,,T00138,7
B001109,C00766,13/02/2024,2024-03-13,Fun dive,1,3600,COMPLETED,,T00138,10
B001110,C00767,2024-02-14,2024-03-13,Fun dive,2,7500, Completed,,T00138,11
B001111,C00768,2024-02-09,2024-03-13,Discovery,1,5100,Completed,,T00139,1
B001112,C00769,2024-01-30,2024-03-13,Fun Dive,3,10650,completed,,T00139,2
B001113,C00046,March 10 2024,2024-03-13,COURSE,4,27850,Completed,,T00139,3
B001114,C00559,19/02/2024,2024-03-13,DSD,1,4250,Completed,,T00139,4
B001115,C00770,27/02/2024,2024-03-13,fundive,3,10200,Completed,,T00139,5
B001116,C00771,2024-02-07,2024-03-13,Discovery Dive,1,4850,COMPLETED,,T00139,6
B001117,C00381,2024-02-01,2024-03-13,COURSE,4,23600,COMPLETED,,T00139,7
B001118,C00772,2024-02-10,2024-03-13,DSD,1,5500, Completed,,T00139,9
B001119,C00760,2024-03-12,2024-03-13,Discovery,1,5900,completed,,T00139,10
B001120,C00296,2024-03-03,2024-03-14,fun dive,4,14100,completed,,T00140,1
B001121,C00469,2024-03-03,2024-03-14,fun dive,1,3600,Completed,,T00140,2
B001122,C00773,2024-03-13,2024-03-14,fun dive,1,3650, Completed,,T00140,3
B001123,C00774,2024-02-22,2024-03-14,FUN DIVE,1,3900,Completed,,T00140,4
B001124,C00703,2024-02-26,2024-03-14,course,4,27000,Completed,,T00140,6
B001125,C00411,10/02/2024,2024-03-14,fundive,4,15250, Completed,,T00140,7
B001126,C00775,2024-02-16,2024-03-14,fun dive,2,7450,CANCELLED,Medical,T00140,8
B001127,C00776,2024-01-29,2024-03-14,DISCOVERY DIVE,1,5800,Completed,,T00141,2
B001128,C00777,2024-02-28,2024-03-14,fundive,1,4100,COMPLETED,,T00141,3
B001129,C00099,21/02/2024,2024-03-14,FUN DIVE,1,3900,CANCELLED,Customer,T00141,4
B001130,C00778,2024-02-22,2024-03-14,discovery dive,1,5450,Completed,,T00141,5
B001131,C00779,2024-03-12,2024-03-14,fundive,1,3950, Completed,,T00141,7
B001132,C00101,2024-02-19,2024-03-14,Fun Dive,3,11200,completed,,T00141,8
B001133,C00410,16/02/2024,2024-03-14,FUN DIVE,3,11950,COMPLETED,,T00141,9
B001134,C00780,2024-02-17,2024-03-14,Fun Dive,4,14450,Completed,,T00141,11
B001135,C00781,2024-02-26,2024-03-14,DISCOVERY DIVE,1,4950,completed,,T00141,12
B001136,C00782,31/01/2024,2024-03-15,PADI Course,5,23950, Completed,,T00142,1
B001137,C00783,March 11 2024,2024-03-15,Fun dive,1,3750,Completed,,T00142,2
B001138,C00784,2024-02-08,2024-03-15,fun dive,3,11150,Completed,,T00142,3
B001139,C00785,04/02/2024,2024-03-15,course,4,25200,Completed,,T00142,4
B001140,C00786,2024-02-28,2024-03-15,FUN DIVE,1,3750,Completed,,T00142,5
B001141,C00787,2024-03-14,2024-03-15,fun dive,2,7550,COMPLETED,,T00142,6
B001142,C00788,2024-02-17,2024-03-15,course,5,26050,COMPLETED,,T00142,7
B001143,C00789,February 27 2024,2024-03-15,fundive,1,3750, Completed,,T00142,8
B001144,C00658,29/02/2024,2024-03-16,Course,5,27650,Completed,,T00143,2
B001145,C00267,15/02/2024,2024-03-16,Fun dive,4,15950, Completed,,T00143,3
B001146,C00790,2024-02-09,2024-03-16,Course,5,26300,COMPLETED,,T00143,5
B001147,C00791,15/02/2024,2024-03-16,fundive,4,15400,completed,,T00143,6
B001148,C00792,12/03/2024,2024-03-16,fun dive,1,3750,COMPLETED,,T00143,7
B001149,C00793,2024-03-03,2024-03-16,FUN DIVE,2,7200,COMPLETED,,T00143,8
B001150,C00471,2024-02-19,2024-03-16,DSD,1,4500, Completed,,T00143,9
B001151,C00644,2024-03-01,2024-03-16,fundive,2,6550,Completed,,T00143,10
B001152,C00794,February 19 2024,2024-03-16,PADI Course,5,27500,completed,,T00143,11
B001153,C00795,2024-02-21,2024-03-16,fundive,1,3900, cancelled ,Customer,T00144,1
B001154,C00492,2024-03-11,2024-03-16,Discovery,1,4400,completed,,T00144,2
B001155,C00796,2024-03-01,2024-03-16,COURSE,4,25250, Completed,,T00144,3
B001156,C00797,February 8 2024,2024-03-16,discovery dive,1,5150, Completed,,T00144,4
B001157,C00514,10/03/2024,2024-03-16,FUN DIVE,3,10800,completed,,T00144,5
B001158,C00798,16/02/2024,2024-03-16,Discovery,1,5000, Completed,,T00144,6
B001159,C00799,06/03/2024,2024-03-16,fun dive,2,7500,Completed,,T00144,8
B001160,C00800,2024-03-14,2024-03-16,FUN DIVE,2,7300, Completed,,T00144,9
B001161,C00132,2024-02-03,2024-03-17,course,4,25850, Completed,,T00145,1
B001162,C00801,2024-02-14,2024-03-17,FUN DIVE,2,6900, Completed,,T00145,2
B001163,C00802,February 1 2024,2024-03-17,Discovery Dive,1,5650,completed,,T00145,3
B001164,C00803,2024-03-12,2024-03-17,Fun Dive,1,3550,Completed,,T00145,4
B001165,C00804,09/02/2024,2024-03-17,Fun Dive,2,8050,completed,,T00145,5
B001166,C00202,2024-03-12,2024-03-17,FUN DIVE,4,14500,COMPLETED,,T00145,7
B001167,C00128,2024-02-18,2024-03-17,Fun Dive,1,3450,Cancelled,,T00145,8
B001168,C00805,2024-02-20,2024-03-17,Fun Dive,2,7700,Completed,,T00146,2
B001169,C00767,02/02/2024,2024-03-17,fun dive,3,11800,completed,,T00146,3
B001170,C00806,05/03/2024,2024-03-17,PADI Course,5,27350,Completed,,T00146,5
B001171,C00807,2024-02-29,2024-03-17,PADI Course,5,21500,cancelled,Medical,T00146,6
B001172,C00133,2024-03-15,2024-03-17,Course,4,26250,completed,,T00146,7
B001173,C00808,February 8 2024,2024-03-17,Fun Dive,2,7350,Completed,,T00146,8
B001174,C00585,2024-02-02,2024-03-17,Fun Dive,4,12700,Completed,,T00146,9
B001175,C00809,2024-02-12,2024-03-18,discovery dive,2,11500, Completed,,T00147,2
B001176,C00810,27/02/2024,2024-03-18,DISCOVERY DIVE,1,5050,completed,,T00147,3
B001177,C00811,15/03/2024,2024-03-18,FUN DIVE,4,15850,completed,,T00147,4
B001178,C00581,21/02/2024,2024-03-18,discovery dive,1,5400, Completed,,T00147,5
B001179,C00812,2024-02-24,2024-03-18,PADI Course,4,25850,COMPLETED,,T00147,6
B001180,C00813,2024-03-09,2024-03-18,FUN DIVE,3,11000,completed,,T00147,7
B001181,C00701,2024-02-16,2024-03-18,Fun dive,1,3200,COMPLETED,,T00147,8
B001182,C00299,27/02/2024,2024-03-18,Fun Dive,2,8100, Completed,,T00147,9
B001183,C00814,2024-03-05,2024-03-18,DISCOVERY DIVE,1,5700,completed,,T00147,10
B001184,C00815,2024-02-03,2024-03-18,Course,4,25350,Completed,,T00148,1
B001185,C00323,2024-03-03,2024-03-18,fundive,1,4000, Completed,,T00148,2
B001186,C00816,2024-03-10,2024-03-18,FUN DIVE,3,12300,completed,,T00148,3
B001187,C00817,March 13 2024,2024-03-18,FUN DIVE,1,3750,COMPLETED,,T00148,4
B005826,C04370,04/01/2026,2026-01-11,FUN DIVE,4,14150, cancelled ,Customer,T00757,3
B001188,C00818,2024-03-01,2024-03-18,Fun dive,1,3700,Completed,,T00148,6
B001189,C00819,2024-03-01,2024-03-18,FUN DIVE,2,7350,completed,,T00148,7
B001190,C00820,2024-02-24,2024-03-18,fundive,2,7200,COMPLETED,,T00148,8
B001191,C00821,2024-03-15,2024-03-18,fun dive,1,3350,COMPLETED,,T00148,9
B001192,C00822,2024-03-03,2024-03-19,COURSE,4,24350,COMPLETED,,T00149,1
B001193,C00823,05/02/2024,2024-03-19,FUN DIVE,2,7250, Completed,,T00149,3
B001194,C00824,2024-02-08,2024-03-19,Discovery Dive,1,5150,COMPLETED,,T00149,4
B001195,C00486,03/03/2024,2024-03-19,Fun dive,3,11950, Completed,,T00149,5
B001196,C00825,2024-02-24,2024-03-19,Fun Dive,2,7550, cancelled ,Customer,T00149,6
B001197,C00826,2024-02-03,2024-03-19,FUN DIVE,4,14100,completed,,T00149,7
B001198,C00827,2024-03-16,2024-03-19,fun dive,3,10600,no-show,,T00149,8
B001199,C00269,2024-03-19,2024-03-19,fun dive,1,3550,Completed,,T00149,9
B001200,C00828,2024-03-10,2024-03-19,Fun Dive,2,7550,completed,,T00150,2
B001201,C00829,2024-03-13,2024-03-19,DSD,1,5150,completed,,T00150,3
B001202,C00830,2024-02-28,2024-03-19,FUN DIVE,1,3700,COMPLETED,,T00150,4
B001203,C00831,2024-02-20,2024-03-19,Discovery Dive,1,5850,COMPLETED,,T00150,5
B001204,C00659,2024-02-16,2024-03-19,Fun Dive,3,9850,COMPLETED,,T00150,7
B001205,C00832,February 23 2024,2024-03-19,Fun dive,2,8100, cancelled ,Weather,T00150,8
B001206,C00678,10/03/2024,2024-03-19,FUN DIVE,2,7950,Completed,,T00150,9
B001207,C00833,2024-03-17,2024-03-19,fun dive,3,10250, Completed,,T00150,10
B001208,C00834,12/02/2024,2024-03-19,Fun dive,3,10800,No-show,,T00150,11
B001209,C00118,2024-02-25,2024-03-19,Fun Dive,2,7450,completed,,T00150,12
B001210,C00647,2024-03-10,2024-03-20,Fun Dive,4,15300,completed,,T00151,1
B001211,C00775,March 11 2024,2024-03-20,course,5,26650,completed,,T00151,3
B001212,C00835,2024-03-04,2024-03-20,DSD,1,5800,COMPLETED,,T00151,4
B001213,C00312,2024-03-15,2024-03-20,COURSE,5,24650, Completed,,T00151,6
B001214,C00836,2024-02-05,2024-03-20,COURSE,5,29250,Completed,,T00151,7
B001215,C00837,2024-02-07,2024-03-20,Discovery Dive,1,-5650,Completed,,T00151,8
B001216,C00838,2024-02-21,2024-03-20,Discovery,1,5100,COMPLETED,,T00151,9
B001217,C00839,March 19 2024,2024-03-20,discovery dive,1,5100,completed,,T00151,10
B001218,C00485,2024-02-28,2024-03-20,DISCOVERY DIVE,2,9750, Completed,,T00152,1
B001219,C00343,2024-02-17,2024-03-20,Fun dive,1,3950,CANCELLED,,T00152,4
B001220,C00840,2024-02-20,2024-03-20,COURSE,4,27300, Completed,,T00152,5
B001221,C00457,2024-02-21,2024-03-20,Course,4,22550,Completed,,T00152,6
B001222,C00841,17/03/2024,2024-03-20,fun dive,1,3300,completed,,T00152,7
B001223,C00834,04/03/2024,2024-03-20,Fun Dive,1,3950, Completed,,T00152,8
B001224,C00842,2024-02-14,2024-03-20,fundive,2,8150, Completed,,T00152,9
B001225,C00843,March 1 2024,2024-03-20,discovery dive,2,11100,CANCELLED,Customer,T00152,10
B001226,C00844,15/03/2024,2024-03-20,discovery dive,1,5200, Completed,,T00152,11
B001227,C00206,February 20 2024,2024-03-21,fundive,2,7200, Completed,,T00153,2
B001228,C00845,12/03/2024,2024-03-21,Course,4,26950,Completed,,T00153,3
B001229,C00846,07/02/2024,2024-03-21,Discovery,1,5000,COMPLETED,,T00153,4
B001230,C00785,2024-03-09,2024-03-21,fundive,2,7850,COMPLETED,,T00153,5
B001231,C00847,04/03/2024,2024-03-21,DISCOVERY DIVE,2,9450,COMPLETED,,T00153,6
B001232,C00848,2024-02-28,2024-03-21,course,4,24750,completed,,T00153,7
B001233,C00849,2024-03-14,2024-03-21,DSD,1,5900, Completed,,T00153,8
B001234,C00807,March 2 2024,2024-03-21,discovery dive,1,4500, Completed,,T00153,9
B001235,C00850,2024-02-21,2024-03-21,FUN DIVE,3,11000,COMPLETED,,T00153,10
B001236,C00851,16/02/2024,2024-03-21,COURSE,5,25150,completed,,T00154,3
B001237,C00103,2024-02-20,2024-03-21,Fun dive,3,11250,cancelled,Customer,T00154,4
B001238,C00849,2024-03-19,2024-03-21,fundive,3,10800,completed,,T00154,5
B001239,C00275,2024-02-21,2024-03-21,Fun Dive,2,7000, Completed,,T00154,6
B001240,C00119,21/03/2024,2024-03-21,fundive,4,14900,COMPLETED,,T00154,7
B001241,C00389,2024-02-14,2024-03-21,fun dive,4,14300,COMPLETED,,T00154,9
B001242,C00852,2024-03-09,2024-03-21,fundive,3,9900,No-show,,T00154,10
B001243,C00853,2024-02-24,2024-03-22,COURSE,4,21450,COMPLETED,,T00155,1
B001244,C00854,2024-02-19,2024-03-22,DSD,1,5700,completed,,T00155,3
B001245,C00309,2024-03-03,2024-03-22,fun dive,3,9850,completed,,T00155,4
B001246,C00703,2024-03-08,2024-03-22,FUN DIVE,2,7650,Completed,,T00155,5
B001247,C00855,2024-03-13,2024-03-22,COURSE,5,26150,COMPLETED,,T00155,6
B001248,C00856,06/02/2024,2024-03-22,COURSE,5,24250,NO-SHOW,,T00155,7
B001249,C00857,2024-03-05,2024-03-22,Fun Dive,3,10350, Completed,,T00155,9
B001250,C00077,2024-03-07,2024-03-22,Fun Dive,4,15150,Completed,,T00155,10
B001251,C00858,25/02/2024,2024-03-22,Fun Dive,3,8750,cancelled,Medical,T00156,1
B001252,C00859,2024-02-19,2024-03-22,DISCOVERY DIVE,1,4350,COMPLETED,,T00156,2
B001253,C00490,26/02/2024,2024-03-22,fundive,1,3750,cancelled,Customer,T00156,3
B001254,C00860,2024-02-22,2024-03-22,Course,5,27450,completed,,T00156,5
B001255,C00593,February 29 2024,2024-03-22,fundive,2,7800,completed,,T00156,6
B001256,C00861,2024-02-24,2024-03-22,fundive,3,12150,COMPLETED,,T00156,7
B001257,C00862,21/02/2024,2024-03-22,PADI Course,4,26150,completed,,T00156,9
B001258,C00111,2024-03-20,2024-03-23,FUN DIVE,2,7850,CANCELLED,Customer,T00157,2
B001259,C00863,2024-02-22,2024-03-23,PADI Course,5,27250,Completed,,T00157,4
B001260,C00864,2024-03-17,2024-03-23,PADI Course,4,25150,COMPLETED,,T00157,5
B001261,C00865,2024-03-13,2024-03-23,Discovery Dive,1,5600,completed,,T00157,6
B001262,C00457,18/03/2024,2024-03-23,fundive,2,6600,Completed,,T00157,7
B001263,C00866,2024-03-06,2024-03-23,Course,4,21400, Completed,,T00157,8
B001264,C00867,18/02/2024,2024-03-23,DSD,1,5150,Completed,,T00157,10
B001265,C00182,2024-02-13,2024-03-24,Fun Dive,4,12800,COMPLETED,,T00158,1
B001266,C00868,04/03/2024,2024-03-24,Fun dive,3,12000,completed,,T00158,3
B001267,C00869,2024-02-13,2024-03-24,Fun Dive,2,7000,COMPLETED,,T00158,4
B001268,C00870,2024-02-21,2024-03-24,fun dive,3,12150,Completed,,T00158,6
B001269,C00093,2024-03-15,2024-03-24,Fun dive,3,9250,COMPLETED,,T00158,7
B001270,C00871,28/02/2024,2024-03-24,DISCOVERY DIVE,1,5300,COMPLETED,,T00158,8
B001271,C00379,2024-02-25,2024-03-24,Course,5,24900,Completed,,T00158,10
B001272,C00872,2024-02-13,2024-03-24,fundive,2,7050,COMPLETED,,T00159,1
B001273,C00873,10/03/2024,2024-03-24,discovery dive,1,5300,COMPLETED,,T00159,2
B001274,C00874,2024-03-02,2024-03-24,fundive,1,4000, Completed,,T00159,4
B001275,C00875,March 9 2024,2024-03-24,Discovery Dive,1,5750,CANCELLED,Customer,T00159,5
B001276,C00876,2024-03-15,2024-03-24,Fun dive,1,3150,completed,,T00159,6
B001277,C00877,March 19 2024,2024-03-24,course,5,26450,COMPLETED,,T00159,7
B001278,C00878,2024-02-17,2024-03-25,PADI Course,5,26550,Cancelled,Weather,T00160,1
B001279,C00662,2024-03-17,2024-03-25,Fun Dive,2,7850, cancelled ,Weather,T00160,2
B001280,C00879,2024-03-22,2024-03-25,FUN DIVE,1,3650, Completed,,T00160,3
B001281,C00696,15/02/2024,2024-03-25,Fun Dive,2,7700,completed,,T00160,4
B001282,C00880,February 19 2024,2024-03-25,Fun dive,1,3900,completed,,T00160,7
B001283,C00351,2024-02-14,2024-03-25,Fun dive,2,7400,COMPLETED,,T00160,8
B001284,C00881,2024-02-09,2024-03-25,Fun Dive,1,3750,completed,,T00160,9
B001285,C00724,2024-02-17,2024-03-25,Fun dive,1,3800, Completed,,T00160,10
B001286,C00673,17/03/2024,2024-03-25,fundive,3,11600,completed,,T00160,11
B001287,C00882,09/02/2024,2024-03-25,Fun dive,4,15500,Completed,,T00161,2
B001288,C00883,February 14 2024,2024-03-25,fun dive,3,11600, Completed,,T00161,3
B001289,C00884,2024-03-13,2024-03-25,FUN DIVE,3,11300,Completed,,T00161,4
B001290,C00885,05/03/2024,2024-03-25,Course,4,27550,completed,,T00161,5
B001291,C00161,12/03/2024,2024-03-25,PADI Course,5,29650,completed,,T00161,6
B001292,C00886,2024-03-16,2024-03-25,DSD,1,5050,COMPLETED,,T00161,7
B001293,C00887,2024-03-07,2024-03-25,fun dive,1,3100,completed,,T00161,8
B001294,C00547,2024-03-21,2024-03-25,fun dive,2,6850, Completed,,T00161,9
B001295,C00888,2024-02-10,2024-03-25,discovery dive,1,4850,cancelled,Weather,T00161,10
B001296,C00889,2024-02-19,2024-03-26,fundive,2,8000,Completed,,T00162,1
B001297,C00890,2024-03-25,2024-03-26,PADI Course,4,26300, Completed,,T00162,2
B001298,C00650,2024-02-24,2024-03-26,DSD,1,5100, cancelled ,Weather,T00162,3
B001299,C00891,05/03/2024,2024-03-26,COURSE,5,26000,COMPLETED,,T00162,4
B001300,C00768,26/02/2024,2024-03-26,FUN DIVE,2,7000,completed,,T00162,6
B001301,C00892,28/02/2024,2024-03-26,Discovery,1,5250, Completed,,T00162,7
B001302,C00893,16/03/2024,2024-03-27,course,5,29100,COMPLETED,,T00163,1
B001303,C00894,19/02/2024,2024-03-27,DSD,2,9850,Completed,,T00163,2
B001304,C00895,March 21 2024,2024-03-27,fun dive,2,7450,completed,,T00163,3
B001305,C00630,29/02/2024,2024-03-27,Fun Dive,2,6350,completed,,T00163,4
B001306,C00896,2024-03-19,2024-03-27,FUN DIVE,3,10300, Completed,,T00163,5
B001307,C00897,24/02/2024,2024-03-27,fundive,3,11950,COMPLETED,,T00163,6
B001308,C00898,2024-03-10,2024-03-27,FUN DIVE,2,7700,COMPLETED,,T00163,8
B001309,C00899,20/02/2024,2024-03-27,Fun dive,2,7200, Completed,,T00164,1
B001310,C00900,2024-03-14,2024-03-27,Fun dive,4,15200,Completed,,T00164,2
B001311,C00901,2024-03-15,2024-03-27,fundive,3,11100,COMPLETED,,T00164,3
B001312,C00146,13/02/2024,2024-03-27,FUN DIVE,1,3750,completed,,T00164,4
B001313,C00829,2024-03-24,2024-03-27,DSD,1,5050,completed,,T00164,6
B001314,C00729,2024-02-12,2024-03-27,Fun Dive,1,3000,completed,,T00164,7
B001315,C00177,10/03/2024,2024-03-27,PADI Course,5,25850,Completed,,T00164,8
B001316,C00902,2024-02-15,2024-03-27,Course,5,21550,COMPLETED,,T00164,9
B001317,C00903,2024-02-26,2024-03-28,DSD,1,5300,Completed,,T00165,1
B001318,C00636,March 19 2024,2024-03-28,PADI Course,5,26050,Completed,,T00165,2
B001319,C00681,2024-02-19,2024-03-28,Discovery,2,11100,Completed,,T00165,3
B001320,C00904,22/02/2024,2024-03-28,course,5,28450,completed,,T00165,5
B001321,C00905,2024-02-25,2024-03-28,Fun dive,1,3500, Completed,,T00165,6
B001322,C00906,13/02/2024,2024-03-28,Course,4,25850,Completed,,T00165,7
B001323,C00907,2024-03-12,2024-03-28,COURSE,5,26050,COMPLETED,,T00165,8
B001324,C00584,28/03/2024,2024-03-28,fundive,2,6900,NO-SHOW,,T00165,9
B001325,C00908,25/03/2024,2024-03-29,PADI Course,4,25300,Cancelled,Customer,T00166,1
B001326,C00909,2024-03-13,2024-03-29,FUN DIVE,1,3500,completed,,T00166,2
B001327,C00910,2024-02-15,2024-03-29,Fun Dive,3,11400,COMPLETED,,T00166,4
B001328,C00852,2024-02-23,2024-03-29,Fun dive,2,6650, Completed,,T00166,5
B001329,C00911,2024-03-20,2024-03-29,COURSE,4,25750, cancelled ,Weather,T00166,7
B001330,C00832,2024-02-28,2024-03-29,fundive,1,3600, Completed,,T00166,8
B001331,C00791,01/03/2024,2024-03-29,FUN DIVE,1,3500,completed,,T00166,9
B001332,C00912,2024-03-06,2024-03-29,DSD,1,5200,cancelled,Customer,T00166,11
B001333,C00913,24/03/2024,2024-03-29,Fun dive,3,10100,COMPLETED,,T00166,12
B001334,C00914,2024-03-13,2024-03-29,course,4,28100,COMPLETED,,T00167,1
B001335,C00214,February 14 2024,2024-03-29,fundive,1,4100,COMPLETED,,T00167,2
B001336,C00915,February 14 2024,2024-03-29,DISCOVERY DIVE,1,4500,Completed,,T00167,3
B001337,C00916,February 28 2024,2024-03-29,Course,5,28950,completed,,T00167,5
B001338,C00917,2024-03-18,2024-03-29,Fun dive,2,7550,Completed,,T00167,6
B001339,C00918,2024-02-24,2024-03-29,Discovery,1,4550,COMPLETED,,T00167,7
B001340,C00581,21/03/2024,2024-03-29,fundive,4,14250,cancelled,Medical,T00167,8
B001341,C00919,2024-03-11,2024-03-29,fun dive,1,4000, Completed,,T00167,9
B001342,C00920,08/03/2024,2024-03-29,fundive,1,3950,Completed,,T00167,10
B001343,C00921,18/02/2024,2024-03-29,FUN DIVE,3,11900,COMPLETED,,T00167,12
B001344,C00922,2024-03-16,2024-03-30,COURSE,4,23900,COMPLETED,,T00168,1
B001345,C00687,26/02/2024,2024-03-30,Fun dive,1,3550, Completed,,T00168,2
B001346,C00923,2024-02-17,2024-03-30,fun dive,4,14700, cancelled ,Customer,T00168,4
B001347,C00215,March 3 2024,2024-03-30,fun dive,4,14600, Completed,,T00168,6
B001348,C00924,2024-03-02,2024-03-30,FUN DIVE,3,8900, Completed,,T00168,7
B001349,C00925,18/02/2024,2024-03-30,Fun Dive,3,12050,Completed,,T00168,8
B001350,C00848,19/02/2024,2024-03-30,fun dive,1,3850,completed,,T00168,9
B001351,C00926,March 16 2024,2024-03-30,Fun dive,4,15000, Completed,,T00168,11
B001352,C00927,2024-03-09,2024-03-30,Discovery Dive,1,5550,COMPLETED,,T00168,12
B001353,C00200,2024-02-15,2024-03-30,Fun Dive,1,3850, Completed,,T00169,1
B001354,C00928,2024-02-14,2024-03-30,DSD,1,5100,Completed,,T00169,3
B001355,C00929,2024-03-17,2024-03-30,DSD,1,5000,CANCELLED,Customer,T00169,4
B001356,C00930,2024-03-09,2024-03-30,COURSE,5,26900,COMPLETED,,T00169,5
B001357,C00246,2024-03-11,2024-03-30,FUN DIVE,2,7550,Completed,,T00169,6
B001358,C00931,2024-02-18,2024-03-30,Fun Dive,3,10300,completed,,T00169,7
B001359,C00434,2024-02-17,2024-03-30,Fun dive,1,3400,COMPLETED,,T00169,8
B001360,C00932,2024-03-03,2024-03-30,Course,4,28200,CANCELLED,Customer,T00169,9
B001361,C00933,2024-02-22,2024-03-31,Discovery Dive,2,8850,completed,,T00170,1
B001362,C00934,2024-03-24,2024-03-31,fun dive,1,3500,Completed,,T00170,2
B001363,C00935,2024-02-17,2024-03-31,FUN DIVE,2,6400,completed,,T00170,3
B001364,C00725,March 6 2024,2024-03-31,fun dive,1,3450,Completed,,T00170,6
B001365,C00936,28/02/2024,2024-03-31,PADI Course,4,27300,COMPLETED,,T00170,7
B001366,C00381,2024-03-15,2024-03-31,Fun dive,3,8750,Completed,,T00170,9
B001367,C00937,2024-03-27,2024-03-31,Discovery Dive,1,5500,COMPLETED,,T00171,1
B001368,C00938,March 6 2024,2024-03-31,Fun dive,4,13750, Completed,,T00171,2
B001369,C00939,2024-03-05,2024-03-31,DSD,1,5550,completed,,T00171,3
B001370,C00416,2024-02-16,2024-03-31,DSD,1,4550,completed,,T00171,4
B001371,C00861,2024-02-16,2024-03-31,FUN DIVE,1,3850,COMPLETED,,T00171,5
B001372,C00940,2024-03-18,2024-03-31,Discovery,1,5150,completed,,T00171,6
B001373,C00941,2024-02-15,2024-03-31,Fun dive,4,14000,completed,,T00171,8
B001374,C00942,2024-03-06,2024-04-01,Fun Dive,1,3550,Completed,,T00172,1
B001375,C00943,2024-03-07,2024-04-01,fun dive,2,7350, Completed,,T00172,2
B001376,C00944,06/03/2024,2024-04-01,Discovery Dive,1,5800,Completed,,T00172,3
B001377,C00163,01/03/2024,2024-04-01,fun dive,1,4100, Completed,,T00172,4
B001378,C00945,18/02/2024,2024-04-01,Discovery Dive,1,5850,completed,,T00172,7
B001379,C00233,06/03/2024,2024-04-01,FUN DIVE,4,14950,Completed,,T00172,8
B001380,C00721,2024-02-17,2024-04-01,Discovery,1,5750,NO-SHOW,,T00172,9
B001381,C00946,10/03/2024,2024-04-01,fun dive,3,11550, Completed,,T00172,10
B001382,C00947,25/03/2024,2024-04-01,DSD,1,4850,completed,,T00172,11
B001383,C00948,2024-02-26,2024-04-02,FUN DIVE,3,11000,Completed,,T00173,1
B001384,C00949,03/03/2024,2024-04-02,Fun dive,1,3650, Completed,,T00173,3
B001385,C00950,March 4 2024,2024-04-02,fundive,3,10200,COMPLETED,,T00173,4
B001386,C00896,2024-03-17,2024-04-02,Fun Dive,1,3400,Completed,,T00173,5
B001387,C00951,2024-02-17,2024-04-02,Fun dive,2,7700, Completed,,T00173,6
B001388,C00952,23/03/2024,2024-04-02,Fun dive,3,11600,No-Show,,T00173,7
B001389,C00953,08/03/2024,2024-04-02,fundive,2,7800,completed,,T00173,8
B001390,C00954,17/02/2024,2024-04-02,Fun dive,3,11500,completed,,T00173,9
B001391,C00955,10/03/2024,2024-04-02,Fun Dive,2,7200,completed,,T00174,1
B001392,C00956,2024-03-19,2024-04-02,DSD,1,4850, Completed,,T00174,2
B001393,C00957,2024-03-16,2024-04-02,Fun dive,1,3650,COMPLETED,,T00174,3
B001394,C00651,2024-03-20,2024-04-02,Fun dive,2,8050,cancelled,Medical,T00174,4
B001395,C00422,2024-02-29,2024-04-02,course,4,27050,completed,,T00174,5
B001396,C00958,2024-03-31,2024-04-02,PADI Course,5,26050,Completed,,T00174,7
B001397,C00202,2024-03-16,2024-04-02,Fun Dive,2,7550,completed,,T00174,8
B001398,C00959,10/03/2024,2024-04-02,discovery dive,1,4800,COMPLETED,,T00174,9
B001399,C00960,2024-02-24,2024-04-02,fundive,1,4000,COMPLETED,,T00174,10
B001400,C00961,20/02/2024,2024-04-03,Fun Dive,3,11900,completed,,T00175,1
B001401,C00962,2024-03-07,2024-04-03,DISCOVERY DIVE,1,5200,COMPLETED,,T00175,2
B001402,C00963,25/02/2024,2024-04-03,COURSE,4,25100,COMPLETED,,T00175,3
B001403,C00925,2024-03-04,2024-04-03,Fun dive,2,7950,completed,,T00175,4
B001404,C00017,2024-03-10,2024-04-03,fun dive,3,12200,COMPLETED,,T00175,5
B001405,C00964,2024-02-25,2024-04-03,fundive,1,3800, cancelled ,Weather,T00175,6
B001406,C00965,07/03/2024,2024-04-03,fundive,2,7500,Completed,,T00175,9
B001407,C00966,March 18 2024,2024-04-03,DSD,1,4900,completed,,T00175,10
B001408,C00967,2024-03-29,2024-04-03,fundive,2,7200,completed,,T00175,11
B001409,C00968,2024-03-21,2024-04-04,DISCOVERY DIVE,1,5350, Completed,,T00176,1
B001410,C00969,April 4 2024,2024-04-04,Course,4,26850,completed,,T00176,3
B001411,C00970,2024-02-20,2024-04-04,discovery dive,2,10600, Completed,,T00176,4
B001412,C00971,2024-04-04,2024-04-04,fun dive,1,3650,COMPLETED,,T00176,5
B001413,C00972,11/03/2024,2024-04-04,Course,4,27250,COMPLETED,,T00176,6
B001414,C00973,2024-03-30,2024-04-04,Fun dive,2,-8000,Completed,,T00176,7
B001415,C00974,2024-04-03,2024-04-04,Discovery Dive,2,11200, Completed,,T00176,8
B001416,C00318,February 28 2024,2024-04-04,COURSE,4,27950,Completed,,T00176,9
B001417,C00975,09/03/2024,2024-04-04,fun dive,1,4000,Completed,,T00176,10
B001418,C00976,22/02/2024,2024-04-04,fun dive,3,9650,cancelled,Weather,T00176,11
B001419,C00977,March 11 2024,2024-04-05,Fun Dive,4,15750,COMPLETED,,T00177,3
B001420,C00978,10/03/2024,2024-04-05,DISCOVERY DIVE,2,11700,Completed,,T00177,4
B001421,C00979,2024-03-04,2024-04-05,DSD,1,5800, Completed,,T00177,5
B001422,C00405,2024-03-05,2024-04-05,fundive,2,8100,COMPLETED,,T00177,6
B001423,C00196,2024-03-09,2024-04-05,fun dive,2,7950,COMPLETED,,T00177,7
B001424,C00980,2024-03-03,2024-04-05,Fun Dive,1,3900,completed,,T00177,8
B001425,C00981,March 11 2024,2024-04-05,fundive,3,10800, Completed,,T00177,9
B001426,C00982,2024-04-06,2024-04-06,fundive,2,7300,COMPLETED,,T00178,1
B001427,C00983,2024-03-11,2024-04-06,fundive,3,10600,completed,,T00178,3
B001428,C00927,2024-02-29,2024-04-06,FUN DIVE,1,3900,completed,,T00178,4
B001429,C00984,2024-03-03,2024-04-06,FUN DIVE,3,11700,Completed,,T00178,6
B001430,C00985,March 28 2024,2024-04-06,course,5,29550, Completed,,T00178,7
B001431,C00986,2024-03-03,2024-04-06,Discovery,1,5650,completed,,T00178,8
B001432,C00987,2024-03-22,2024-04-07,PADI Course,4,26850,No-Show,,T00179,1
B001433,C00988,2024-03-14,2024-04-07,DISCOVERY DIVE,1,5150,completed,,T00179,2
B001434,C00406,2024-04-02,2024-04-07,COURSE,5,21100,completed,,T00179,3
B001435,C00585,March 14 2024,2024-04-07,COURSE,5,22150, Completed,,T00179,5
B001436,C00989,2024-02-28,2024-04-07,Fun Dive,3,12200,Completed,,T00179,6
B001437,C00990,April 4 2024,2024-04-07,fun dive,2,7050,Completed,,T00179,7
B001438,C00991,20/03/2024,2024-04-08,DISCOVERY DIVE,1,5650,cancelled,Customer,T00180,2
B001439,C00992,2024-02-23,2024-04-08,fundive,2,6850,completed,,T00180,3
B001440,C00661,March 13 2024,2024-04-08,fundive,1,3900,completed,,T00180,4
B001441,C00993,2024-03-14,2024-04-08,FUN DIVE,1,3900,COMPLETED,,T00180,5
B001442,C00994,2024-03-23,2024-04-08,Course,5,28850, Completed,,T00180,6
B001443,C00995,04/03/2024,2024-04-08,discovery dive,1,5300,COMPLETED,,T00180,7
B001444,C00968,2024-03-14,2024-04-08,PADI Course,4,27300,completed,,T00180,8
B001445,C00996,25/03/2024,2024-04-08,DISCOVERY DIVE,1,4350,Completed,,T00180,10
B001446,C00997,2024-03-24,2024-04-09,course,4,26200,Completed,,T00181,1
B001447,C00200,24/03/2024,2024-04-09,fundive,2,7500,Completed,,T00181,2
B001448,C00998,2024-03-15,2024-04-09,fun dive,1,3700,completed,,T00181,3
B001449,C00999,2024-02-28,2024-04-09,Discovery,1,5950,completed,,T00181,4
B001450,C00321,27/03/2024,2024-04-09,course,4,27500, cancelled ,Medical,T00181,5
B001451,C00548,2024-04-05,2024-04-09,fundive,2,7700,COMPLETED,,T00181,6
B001452,C01000,2024-03-28,2024-04-09,Discovery,1,4800, Completed,,T00181,7
B001453,C01001,25/02/2024,2024-04-10,discovery dive,1,5850,Completed,,T00182,3
B001454,C01002,2024-03-24,2024-04-10,Discovery Dive,1,5000, Completed,,T00182,4
B001455,C01003,24/03/2024,2024-04-10,Discovery Dive,1,4400,No-Show,,T00182,5
B001456,C00897,2024-02-25,2024-04-10,Fun Dive,2,7750,COMPLETED,,T00182,6
B001457,C00418,March 29 2024,2024-04-10,Fun dive,1,3650, Completed,,T00182,7
B001458,C00607,2024-03-10,2024-04-10,fundive,3,10700, Completed,,T00182,8
B001459,C00258,2024-04-05,2024-04-10,Fun dive,3,11100, Completed,,T00182,9
B001460,C00814,2024-03-11,2024-04-10,Discovery,1,5900,completed,,T00182,10
B001461,C01004,29/02/2024,2024-04-10,Fun dive,2,8000,Completed,,T00182,11
B001462,C01005,2024-03-26,2024-04-11,DISCOVERY DIVE,1,5400,COMPLETED,,T00183,1
B001463,C01006,10/04/2024,2024-04-11,COURSE,5,25900,Completed,,T00183,3
B001464,C01007,2024-02-29,2024-04-11,Fun Dive,3,9350,COMPLETED,,T00183,4
B001465,C01008,2024-03-03,2024-04-11,FUN DIVE,3,10400,COMPLETED,,T00183,5
B001466,C01009,2024-04-08,2024-04-11,FUN DIVE,4,13150,completed,,T00183,7
B002193,C01068,2024-10-08,2024-10-31,COURSE,4,25950,COMPLETED,,T00282,2
B001467,C00343,04/03/2024,2024-04-11,fun dive,2,7550,completed,,T00183,8
B001468,C01010,2024-03-20,2024-04-11,fundive,1,3500,COMPLETED,,T00183,10
B001469,C01011,March 29 2024,2024-04-11,FUN DIVE,4,14200, Completed,,T00184,1
B001470,C01012,30/03/2024,2024-04-11,DSD,1,5400, Completed,,T00184,2
B001471,C01013,2024-04-09,2024-04-11,fundive,2,6450,Completed,,T00184,5
B001472,C01014,03/04/2024,2024-04-11,FUN DIVE,4,15750, Completed,,T00184,6
B001473,C01015,10/03/2024,2024-04-11,course,4,24250,completed,,T00184,7
B001474,C00506,06/03/2024,2024-04-12,fun dive,1,3550, Completed,,T00185,2
B001475,C01016,2024-02-29,2024-04-12,Fun dive,3,12150, Completed,,T00185,3
B001476,C00568,2024-04-11,2024-04-12,Fun Dive,4,15450,completed,,T00185,4
B001477,C01017,2024-03-22,2024-04-12,FUN DIVE,1,3950,COMPLETED,,T00185,5
B001478,C01018,2024-03-11,2024-04-12,fundive,3,11450,COMPLETED,,T00185,6
B001479,C01019,2024-02-27,2024-04-12,DISCOVERY DIVE,1,5450,completed,,T00185,8
B001480,C01020,11/04/2024,2024-04-13,fun dive,4,13100,completed,,T00186,1
B001481,C01021,2024-03-25,2024-04-13,Fun dive,4,13850,Completed,,T00186,2
B001482,C01022,2024-03-18,2024-04-13,Discovery Dive,1,5300,COMPLETED,,T00186,4
B001483,C01023,27/03/2024,2024-04-13,fun dive,3,11300,COMPLETED,,T00186,6
B001484,C01024,April 13 2024,2024-04-13,Discovery,1,5350,Completed,,T00186,7
B001485,C01025,March 4 2024,2024-04-13,fun dive,2,7800,COMPLETED,,T00186,9
B003003,C02161,2024-12-02,2025-01-02,fundive,1,3650,completed,,T00385,1
B001486,C01026,2024-03-24,2024-04-13,DSD,1,5350,Completed,,T00186,10
B001487,C01027,2024-04-13,2024-04-13,FUN DIVE,2,7750,COMPLETED,,T00186,11
B001488,C00981,March 18 2024,2024-04-13,fun dive,1,3550, Completed,,T00186,12
B001489,C00079,2024-02-29,2024-04-14,FUN DIVE,1,3800,completed,,T00187,2
B001490,C00322,2024-03-19,2024-04-14,Fun Dive,2,7050,completed,,T00187,3
B001491,C00278,2024-02-29,2024-04-14,Discovery,1,5950, Completed,,T00187,5
B001492,C01028,2024-03-22,2024-04-14,fundive,2,7150,Completed,,T00187,6
B001493,C01029,2024-03-27,2024-04-14,DISCOVERY DIVE,1,5050,completed,,T00187,7
B001494,C00725,2024-04-10,2024-04-14,DSD,2,10850,completed,,T00187,8
B001495,C00577,2024-04-05,2024-04-14,fun dive,1,3700,Completed,,T00187,11
B001496,C01030,2024-03-25,2024-04-14,DSD,1,5150, Completed,,T00187,12
B001497,C01031,11/04/2024,2024-04-15,fun dive,2,7100,Completed,,T00188,1
B001498,C01032,March 26 2024,2024-04-15,PADI Course,5,25900,COMPLETED,,T00188,2
B001499,C01033,2024-04-08,2024-04-15,course,5,27950,Completed,,T00188,3
B001500,C01034,16/03/2024,2024-04-15,FUN DIVE,1,3600,NO-SHOW,,T00188,4
B001501,C00826,March 18 2024,2024-04-15,Fun Dive,4,13700,completed,,T00188,6
B001502,C00553,2024-04-05,2024-04-15,DSD,1,481124,completed,,T00188,8
B001503,C01035,23/03/2024,2024-04-16,fundive,2,7250,completed,,T00189,1
B001504,C00452,2024-03-28,2024-04-16,FUN DIVE,2,7400,CANCELLED,Weather,T00189,2
B001505,C01036,2024-03-20,2024-04-16,fun dive,1,3450, Completed,,T00189,3
B001506,C00263,2024-04-12,2024-04-16,Fun dive,4,15550,Completed,,T00189,4
B001507,C01037,16/03/2024,2024-04-16,course,5,24500,Completed,,T00189,5
B001508,C01038,March 9 2024,2024-04-16,FUN DIVE,1,3650, Completed,,T00189,6
B001509,C00564,10/03/2024,2024-04-16,fun dive,2,7450,Completed,,T00189,8
B001510,C01039,2024-03-25,2024-04-16,Fun dive,3,11400,COMPLETED,,T00189,9
B001511,C01040,05/03/2024,2024-04-16,FUN DIVE,2,7250,COMPLETED,,T00189,10
B001512,C00833,2024-04-04,2024-04-16,Fun dive,3,10350,CANCELLED,Weather,T00189,11
B001513,C01041,2024-03-25,2024-04-17,FUN DIVE,2,7650,COMPLETED,,T00190,1
B001514,C00854,2024-04-10,2024-04-17,fun dive,3,12250, Completed,,T00190,2
B001515,C01042,05/03/2024,2024-04-17,Fun dive,4,14150,COMPLETED,,T00190,3
B001516,C01043,2024-03-26,2024-04-17,Fun Dive,1,3700,Completed,,T00190,4
B001517,C01044,2024-03-12,2024-04-17,DISCOVERY DIVE,2,10550, Completed,,T00190,5
B001518,C01045,April 8 2024,2024-04-17,fundive,1,3600, cancelled ,,T00190,7
B001519,C00844,2024-03-16,2024-04-17,PADI Course,5,25050,Completed,,T00190,8
B001520,C01046,2024-03-25,2024-04-18,FUN DIVE,3,11100,COMPLETED,,T00191,2
B001521,C00429,04/03/2024,2024-04-18,fun dive,3,10850,completed,,T00191,3
B001522,C01047,2024-03-13,2024-04-18,Course,5,28000,Cancelled,Weather,T00191,4
B001523,C01048,2024-03-11,2024-04-18,FUN DIVE,1,3600,Completed,,T00191,6
B001524,C01049,2024-04-11,2024-04-18,fundive,1,3650,Completed,,T00191,8
B001525,C01050,2024-03-11,2024-04-18,Fun Dive,3,8850,COMPLETED,,T00191,9
B001526,C00155,2024-03-13,2024-04-18,fundive,1,3750,Completed,,T00191,10
B001527,C01051,April 7 2024,2024-04-18,Course,5,27000,completed,,T00192,1
B001528,C01052,2024-04-12,2024-04-18,DISCOVERY DIVE,1,4950,COMPLETED,,T00192,2
B001529,C01053,April 7 2024,2024-04-18,Discovery,1,5550,Completed,,T00192,3
B001530,C01054,March 8 2024,2024-04-18,fundive,1,3950, Completed,,T00192,4
B001531,C01055,April 16 2024,2024-04-18,FUN DIVE,3,11700,Cancelled,Customer,T00192,5
B001532,C01010,2024-04-01,2024-04-18,FUN DIVE,1,3850,COMPLETED,,T00192,7
B001533,C01056,2024-04-07,2024-04-18,Discovery Dive,1,5600,completed,,T00192,9
B001534,C01057,2024-03-13,2024-04-19,Discovery Dive,1,5600,completed,,T00193,2
B001535,C01058,11/03/2024,2024-04-19,Discovery,1,5200,completed,,T00193,3
B001536,C01059,2024-04-09,2024-04-19,discovery dive,1,4550,COMPLETED,,T00193,4
B001537,C01060,2024-03-12,2024-04-19,COURSE,4,28100,COMPLETED,,T00193,6
B001538,C00879,2024-04-03,2024-04-19,fun dive,3,10650, cancelled ,Medical,T00193,7
B001539,C01061,April 15 2024,2024-04-19,fundive,2,7700,completed,,T00193,8
B001540,C01062,2024-04-14,2024-04-19,fun dive,1,3800,completed,,T00193,9
B001541,C01063,18/03/2024,2024-04-19,course,5,25700, Completed,,T00193,10
B001542,C00077,2024-04-18,2024-04-19,Fun dive,1,3700,Completed,,T00193,11
B001543,C01064,2024-03-24,2024-04-19,Fun Dive,1,3650,Completed,,T00194,2
B001544,C00909,2024-03-21,2024-04-19,fun dive,1,3550,Completed,,T00194,4
B001545,C01065,March 15 2024,2024-04-19,fundive,3,9650, Completed,,T00194,5
B001546,C01066,10/03/2024,2024-04-19,Fun Dive,1,4000,COMPLETED,,T00194,6
B001547,C01067,2024-03-07,2024-04-19,DISCOVERY DIVE,1,5700, Completed,,T00194,7
B001548,C01068,2024-03-12,2024-04-19,fun dive,3,11850,cancelled,Medical,T00194,8
B001549,C01069,2024-03-08,2024-04-19,Fun Dive,4,13900,COMPLETED,,T00194,10
B001550,C01070,09/03/2024,2024-04-19,fun dive,2,7750,Completed,,T00194,11
B001551,C01071,April 19 2024,2024-04-20,COURSE,4,24350, Completed,,T00195,1
B001552,C01072,2024-04-20,2024-04-20,course,4,24850,COMPLETED,,T00195,2
B001553,C01073,2024-03-08,2024-04-20,course,5,26750,Completed,,T00195,3
B001554,C00377,2024-03-15,2024-04-20,Fun dive,2,7600,completed,,T00195,4
B001555,C00963,2024-04-15,2024-04-20,FUN DIVE,2,6850,completed,,T00195,6
B001556,C00218,2024-04-13,2024-04-20,FUN DIVE,4,12900,Completed,,T00195,7
B001557,C01074,April 15 2024,2024-04-20,DSD,2,11350,completed,,T00195,8
B001558,C01075,March 10 2024,2024-04-20,Fun dive,1,3600,completed,,T00196,1
B001559,C01076,2024-04-15,2024-04-20,discovery dive,1,5350,COMPLETED,,T00196,5
B001560,C00649,2024-04-17,2024-04-20,FUN DIVE,1,3650,COMPLETED,,T00196,6
B001561,C01077,2024-03-30,2024-04-20,PADI Course,5,29200,COMPLETED,,T00196,7
B001562,C00368,04/04/2024,2024-04-20,FUN DIVE,4,15550,completed,,T00196,8
B001563,C01078,March 19 2024,2024-04-20,Discovery,1,5200,COMPLETED,,T00196,9
B001564,C01079,30/03/2024,2024-04-21,fundive,1,3550, Completed,,T00197,2
B001565,C00909,2024-04-20,2024-04-21,fun dive,3,10500, Completed,,T00197,3
B001566,C01080,2024-03-12,2024-04-21,DISCOVERY DIVE,1,5100,COMPLETED,,T00197,4
B001567,C01081,2024-03-13,2024-04-21,Fun dive,3,11300,Completed,,T00197,5
B001568,C01010,2024-04-15,2024-04-21,fun dive,1,3850,completed,,T00197,6
B001569,C01082,2024-03-10,2024-04-21,Discovery Dive,1,5350,cancelled,Weather,T00197,7
B001570,C01083,11/04/2024,2024-04-21,DISCOVERY DIVE,1,5350,completed,,T00197,8
B001571,C01084,2024-03-15,2024-04-21,FUN DIVE,1,3650,Completed,,T00197,10
B001572,C00998,2024-04-01,2024-04-22,Fun dive,4,15150,Completed,,T00198,1
B001573,C01085,09/04/2024,2024-04-22,Discovery,1,5600, Completed,,T00198,2
B001574,C01086,2024-03-09,2024-04-22,fun dive,3,11750, Completed,,T00198,3
B001575,C01087,12/03/2024,2024-04-22,PADI Course,5,25400,Completed,,T00198,4
B001576,C01057,2024-04-21,2024-04-22,fun dive,4,13950,Completed,,T00198,7
B001577,C01088,20/03/2024,2024-04-22,Fun dive,2,6400,COMPLETED,,T00198,8
B001578,C01089,2024-03-28,2024-04-22,DSD,1,4800, Completed,,T00198,9
B001579,C01090,2024-03-26,2024-04-23,Fun Dive,3,11550, Completed,,T00199,1
B001580,C01091,2024-03-27,2024-04-23,Fun Dive,3,11600, Completed,,T00199,2
B001581,C01092,April 8 2024,2024-04-23,Fun dive,2,7950,Completed,,T00199,3
B001582,C00085,22/03/2024,2024-04-23,FUN DIVE,2,7750, Completed,,T00199,4
B001583,C01093,April 12 2024,2024-04-23,course,5,25300,completed,,T00199,5
B001584,C00969,2024-03-09,2024-04-23,FUN DIVE,2,7950, Completed,,T00199,6
B001585,C01094,2024-03-29,2024-04-23,course,4,23750,completed,,T00199,8
B001586,C01095,2024-03-30,2024-04-23,discovery dive,1,5250,cancelled,Weather,T00199,9
B001587,C00569,2024-04-05,2024-04-23,fundive,1,3300, Completed,,T00199,10
B001588,C00782,April 1 2024,2024-04-23,Discovery,2,9900,COMPLETED,,T00199,11
B006866,C05235,2026-03-21,2026-04-26,discovery dive,1,4650,completed,,T00887,3
B001589,C01096,2024-03-22,2024-04-23,fun dive,1,3550, Completed,,T00199,12
B001590,C01097,April 7 2024,2024-04-24,FUN DIVE,4,11850,COMPLETED,,T00200,2
B001591,C01098,2024-04-05,2024-04-24,Fun dive,1,3450, Completed,,T00200,3
B001592,C01099,03/04/2024,2024-04-24,fun dive,2,6500, Completed,,T00200,5
B001593,C01100,12/03/2024,2024-04-24,FUN DIVE,1,3300,Completed,,T00200,6
B001594,C01101,2024-04-09,2024-04-24,Fun Dive,1,3300,COMPLETED,,T00200,7
B001595,C00496,April 18 2024,2024-04-24,fundive,3,10700,COMPLETED,,T00200,8
B001596,C01102,March 10 2024,2024-04-24,DSD,1,5600,COMPLETED,,T00200,10
B001597,C01103,2024-04-21,2024-04-25,DISCOVERY DIVE,1,5250,completed,,T00201,1
B001598,C01104,March 13 2024,2024-04-25,FUN DIVE,2,7100,completed,,T00201,4
B001599,C01105,21/04/2024,2024-04-25,Fun Dive,1,3850,COMPLETED,,T00201,5
B001600,C01106,2024-04-08,2024-04-25,fun dive,3,11050,completed,,T00201,6
B001601,C00529,2024-04-16,2024-04-25,fun dive,1,3550,No-Show,,T00201,8
B001602,C00590,23/03/2024,2024-04-25,Course,4,24850,COMPLETED,,T00201,9
B001603,C01062,21/03/2024,2024-04-26,Fun dive,4,14550,Completed,,T00202,1
B001604,C00514,2024-03-14,2024-04-26,course,5,23050,cancelled,Weather,T00202,2
B001605,C01107,2024-04-20,2024-04-26,Discovery,2,10250, cancelled ,Weather,T00202,3
B001606,C01108,12/04/2024,2024-04-26,DISCOVERY DIVE,2,9850,Completed,,T00202,4
B001607,C01109,March 19 2024,2024-04-26,DSD,1,5750, cancelled ,Weather,T00202,5
B001608,C01110,16/03/2024,2024-04-26,FUN DIVE,3,12300,Cancelled,Weather,T00202,6
B001609,C00389,21/03/2024,2024-04-26,Fun dive,4,14600,Cancelled,Weather,T00202,7
B001610,C00016,01/04/2024,2024-04-26,fun dive,2,7250,COMPLETED,,T00202,9
B001611,C01039,2024-04-13,2024-04-26,FUN DIVE,4,15900,cancelled,,T00202,10
B001612,C00037,30/03/2024,2024-04-26,Fun dive,4,15650, cancelled ,Customer,T00202,11
B001613,C01111,2024-03-24,2024-04-26,Discovery Dive,1,5600,COMPLETED,,T00203,1
B001614,C00435,2024-03-25,2024-04-26,Fun dive,2,7300, Completed,,T00203,2
B001615,C01112,2024-04-21,2024-04-26,DSD,1,5450,completed,,T00203,3
B001616,C01113,2024-04-23,2024-04-26,PADI Course,4,26750,Completed,,T00203,4
B001617,C01114,March 15 2024,2024-04-26,discovery dive,1,5450, cancelled ,Weather,T00203,5
B001618,C01115,14/03/2024,2024-04-26,Fun Dive,3,11700, Completed,,T00203,6
B001619,C01116,2024-04-05,2024-04-26,discovery dive,1,5500, cancelled ,Weather,T00203,7
B001620,C00706,29/03/2024,2024-04-26,fun dive,4,14600, Completed,,T00203,9
B001621,C00576,2024-04-08,2024-04-27,Fun dive,4,16350,Cancelled,Weather,T00204,1
B001622,C01117,26/04/2024,2024-04-27,fundive,1,4000,COMPLETED,,T00204,3
B001623,C00649,13/04/2024,2024-04-27,fun dive,1,3700,Cancelled,Weather,T00204,4
B001624,C01118,March 15 2024,2024-04-27,DSD,1,5900,No-show,,T00204,5
B001625,C00694,2024-04-15,2024-04-27,PADI Course,4,21500,cancelled,Weather,T00204,7
B001626,C01119,2024-04-12,2024-04-27,Discovery,1,5800, cancelled ,,T00204,8
B001627,C01120,14/04/2024,2024-04-27,DISCOVERY DIVE,1,4300, cancelled ,Weather,T00204,9
B001628,C01121,2024-03-26,2024-04-28,course,4,23200,COMPLETED,,T00205,2
B004369,C03205,04/04/2025,2025-04-12,Fun Dive,1,3400, Completed,,T00564,5
B001629,C01122,2024-03-31,2024-04-28,FUN DIVE,1,3900,completed,,T00205,3
B001630,C01123,2024-04-03,2024-04-28,Course,4,28400,Completed,,T00205,4
B001631,C01124,2024-03-23,2024-04-28,Fun dive,2,7700,COMPLETED,,T00205,5
B001632,C01014,25/04/2024,2024-04-28,Course,5,25400, Completed,,T00205,6
B001633,C01125,24/03/2024,2024-04-28,DSD,1,4500,Completed,,T00205,7
B001634,C01126,2024-04-17,2024-04-28,Discovery Dive,1,5200,completed,,T00205,9
B001635,C00719,2024-04-04,2024-04-29,Fun Dive,1,3750, cancelled ,Weather,T00206,1
B001636,C01127,2024-03-18,2024-04-29,FUN DIVE,2,7500,Completed,,T00206,2
B001637,C01128,2024-03-16,2024-04-29,Fun dive,4,16000, Completed,,T00206,6
B001638,C01129,2024-04-27,2024-04-29,fun dive,1,3950,completed,,T00206,7
B001639,C01130,2024-03-24,2024-04-29,DSD,1,5100,COMPLETED,,T00206,8
B001640,C01131,2024-03-28,2024-04-29,Discovery,1,5250,cancelled,Medical,T00206,9
B001641,C01132,April 11 2024,2024-04-30,Discovery,1,5600,completed,,T00207,2
B001642,C00017,2024-04-22,2024-04-30,Fun dive,1,3700,completed,,T00207,3
B001643,C00758,2024-04-17,2024-04-30,PADI Course,4,29150,Completed,,T00207,4
B001644,C01066,April 12 2024,2024-04-30,Course,5,27700,Completed,,T00207,5
B001645,C00543,25/04/2024,2024-04-30,fundive,2,7400,COMPLETED,,T00207,6
B001646,C00576,2024-04-04,2024-04-30,Fun dive,4,14300,completed,,T00207,7
B001647,C01133,2024-04-23,2024-04-30,Fun Dive,2,7400,Completed,,T00207,9
B001648,C01134,29/04/2024,2024-04-30,Fun Dive,2,7350,completed,,T00207,10
B001649,C00489,2024-04-11,2024-04-30,Fun Dive,2,6450,Completed,,T00207,11
B001650,C01135,March 28 2024,2024-04-30,fundive,1,4000,Completed,,T00207,12
B001651,C00478,2024-04-01,2024-05-01,fundive,1,3400, cancelled ,,T00208,1
B001652,C01136,07/04/2024,2024-05-01,Fun dive,1,2900,COMPLETED,,T00208,2
B001653,C00629,17/04/2024,2024-05-01,course,5,25600,completed,,T00208,3
B001654,C01137,2024-03-24,2024-05-01,DISCOVERY DIVE,1,5700,completed,,T00208,5
B001655,C00818,2024-04-04,2024-05-01,FUN DIVE,2,7300,Completed,,T00208,7
B001656,C01085,2024-03-26,2024-05-01,fun dive,1,3550,COMPLETED,,T00208,8
B001657,C01138,2024-04-06,2024-05-01,Discovery,1,5300,COMPLETED,,T00208,9
B001658,C01139,24/03/2024,2024-05-01,FUN DIVE,1,3850, Completed,,T00208,11
B001659,C01140,2024-04-17,2024-05-01,discovery dive,1,5300,COMPLETED,,T00208,12
B001660,C01141,2024-03-24,2024-05-02,FUN DIVE,3,11700,Completed,,T00209,2
B001661,C00689,27/03/2024,2024-05-02,DSD,1,4650,COMPLETED,,T00209,3
B001662,C00669,March 25 2024,2024-05-02,Fun dive,3,10050,completed,,T00209,5
B001663,C01142,2024-03-30,2024-05-02,Fun dive,1,3650,completed,,T00209,6
B001664,C01143,April 20 2024,2024-05-02,fun dive,1,3650,Completed,,T00209,7
B001665,C01144,22/04/2024,2024-05-02,Discovery Dive,1,5350,Completed,,T00209,8
B001666,C01145,2024-04-29,2024-05-02,fundive,2,7250,Completed,,T00209,9
B001667,C01146,March 22 2024,2024-05-02,Fun Dive,2,7550,completed,,T00209,10
B001668,C01147,2024-04-26,2024-05-02,Fun Dive,3,11300,COMPLETED,,T00209,11
B001669,C01148,2024-03-27,2024-05-02,Discovery,1,5000,completed,,T00209,12
B001670,C01149,12/04/2024,2024-05-03,Course,4,27200,COMPLETED,,T00210,1
B001671,C01150,2024-04-02,2024-05-03,FUN DIVE,1,3850,COMPLETED,,T00210,2
B001672,C01151,March 23 2024,2024-05-03,Course,5,28700,completed,,T00210,3
B001673,C01152,2024-04-02,2024-05-03,fun dive,1,3600,No-show,,T00210,4
B001674,C01153,2024-04-01,2024-05-03,Discovery Dive,1,5400,COMPLETED,,T00210,6
B001675,C01154,April 14 2024,2024-05-03,DISCOVERY DIVE,1,4900,completed,,T00210,7
B001676,C01155,2024-04-01,2024-05-03,Fun dive,1,3500, Completed,,T00210,8
B001677,C01156,03/04/2024,2024-05-04,FUN DIVE,1,3600,completed,,T00211,1
B001678,C01157,2024-03-27,2024-05-04,fundive,3,9700, Completed,,T00211,2
B001679,C00894,2024-05-04,2024-05-04,discovery dive,1,5500, cancelled ,Customer,T00211,3
B001680,C01158,2024-04-21,2024-05-04,fun dive,1,3950,CANCELLED,Medical,T00211,4
B001681,C01159,2024-03-31,2024-05-04,PADI Course,5,25400,COMPLETED,,T00211,5
B001682,C01160,21/04/2024,2024-05-04,Fun dive,1,3450, Completed,,T00211,8
B001683,C00341,2024-04-14,2024-05-05,fun dive,1,4100, Completed,,T00212,2
B001684,C01161,2024-04-09,2024-05-05,Fun Dive,2,7650,COMPLETED,,T00212,3
B001685,C00512,2024-04-10,2024-05-05,COURSE,4,26100,CANCELLED,Customer,T00212,5
B001686,C01162,2024-03-30,2024-05-05,Fun dive,1,3150,Completed,,T00212,6
B001687,C01163,2024-03-30,2024-05-05,discovery dive,1,5600,COMPLETED,,T00212,7
B001688,C00656,April 20 2024,2024-05-05,fundive,3,11650, Completed,,T00212,8
B001689,C01164,May 6 2024,2024-05-06,DISCOVERY DIVE,2,11150,COMPLETED,,T00213,1
B001690,C00757,2024-04-05,2024-05-06,PADI Course,5,28350,completed,,T00213,3
B001691,C00458,2024-04-26,2024-05-06,fundive,3,10400, Completed,,T00213,5
B001692,C01165,2024-04-14,2024-05-06,discovery dive,1,5100, Completed,,T00213,6
B001693,C01166,April 19 2024,2024-05-06,fundive,3,10400, Completed,,T00213,7
B001694,C01167,05/04/2024,2024-05-06,Discovery Dive,1,5500,Completed,,T00213,8
B001695,C00027,2024-04-24,2024-05-07,COURSE,4,22950,CANCELLED,,T00214,1
B001696,C01168,2024-04-13,2024-05-07,fundive,2,6850,cancelled,Weather,T00214,2
B001697,C00669,15/04/2024,2024-05-07,Course,5,25400,Completed,,T00214,3
B001698,C01169,2024-04-29,2024-05-07,fundive,3,10650, Completed,,T00214,6
B001699,C01170,2024-04-07,2024-05-07,fundive,3,11650, cancelled ,Weather,T00214,7
B001700,C00392,28/03/2024,2024-05-07,Fun dive,2,7150,Cancelled,Weather,T00214,8
B001701,C00541,2024-04-17,2024-05-07,fun dive,2,6700,Completed,,T00214,9
B001702,C01171,2024-04-27,2024-05-08,Discovery Dive,1,5350,completed,,T00215,1
B001703,C01172,2024-04-12,2024-05-08,discovery dive,1,5650,CANCELLED,Customer,T00215,3
B001704,C00836,26/03/2024,2024-05-08,fundive,1,3800,completed,,T00215,4
B001705,C01173,2024-04-16,2024-05-08,Discovery,1,5250, Completed,,T00215,5
B001706,C00755,2024-03-31,2024-05-08,course,4,26250,No-show,,T00215,7
B001707,C01174,2024-04-04,2024-05-08,DSD,1,5250,CANCELLED,Weather,T00215,8
B001708,C01175,2024-03-28,2024-05-09,fun dive,4,14450, Completed,,T00216,1
B001709,C01176,2024-03-26,2024-05-09,DISCOVERY DIVE,2,10450,Completed,,T00216,2
B001710,C01177,24/04/2024,2024-05-09,FUN DIVE,4,14300,Completed,,T00216,3
B001711,C01178,2024-05-08,2024-05-09,DSD,1,5000,completed,,T00216,4
B001712,C01179,2024-04-16,2024-05-09,PADI Course,4,24850,completed,,T00216,5
B001713,C01180,2024-04-05,2024-05-09,DISCOVERY DIVE,1,4350,COMPLETED,,T00216,6
B001714,C01181,2024-04-14,2024-05-09,Fun Dive,2,6750,COMPLETED,,T00216,8
B001715,C01182,2024-04-12,2024-05-09,fun dive,4,13950,COMPLETED,,T00216,10
B001716,C01183,2024-05-07,2024-05-09,Discovery,1,5100,Completed,,T00216,11
B001717,C01033,2024-04-21,2024-05-10,Fun Dive,4,15300, Completed,,T00217,1
B001718,C01184,2024-04-07,2024-05-10,discovery dive,1,4650,COMPLETED,,T00217,2
B001719,C01185,2024-05-04,2024-05-10,FUN DIVE,2,7900,completed,,T00217,3
B001720,C01186,2024-04-03,2024-05-10,Fun Dive,3,11300,completed,,T00217,4
B001406,C00965,07/03/2024,2024-04-03,fundive,2,7500,Completed,,T00175,9
B001721,C01187,May 8 2024,2024-05-10,Fun Dive,3,9300, Completed,,T00217,5
B001722,C01188,15/04/2024,2024-05-10,fun dive,2,7900,completed,,T00217,6
B001723,C01189,14/04/2024,2024-05-10,Discovery Dive,1,5150,NO-SHOW,,T00217,7
B001724,C01190,May 2 2024,2024-05-10,Fun dive,1,3800, Completed,,T00217,8
B001725,C00105,2024-04-04,2024-05-10,Fun Dive,2,7200, Completed,,T00217,9
B001726,C00021,2024-03-27,2024-05-10,PADI Course,5,22200,COMPLETED,,T00217,12
B001727,C01191,03/05/2024,2024-05-11,fundive,2,7500,COMPLETED,,T00218,2
B001728,C00765,2024-04-13,2024-05-11,PADI Course,4,27200, Completed,,T00218,3
B001729,C01192,2024-04-24,2024-05-11,fundive,2,6600,completed,,T00218,4
B001730,C01193,2024-05-06,2024-05-11,DISCOVERY DIVE,1,5300, Completed,,T00218,5
B001731,C01194,2024-04-22,2024-05-11,Discovery,1,5350,COMPLETED,,T00218,6
B001732,C01195,04/05/2024,2024-05-11,Fun dive,3,10750,CANCELLED,,T00218,7
B001733,C01196,2024-04-09,2024-05-11,fun dive,2,7300, Completed,,T00218,8
B001734,C01197,2024-03-30,2024-05-12,PADI Course,5,27800,Cancelled,Weather,T00219,1
B001735,C01198,April 17 2024,2024-05-12,Discovery Dive,1,5550, cancelled ,Weather,T00219,2
B001736,C01199,09/05/2024,2024-05-12,discovery dive,1,-5200,Cancelled,Weather,T00219,4
B001737,C01200,06/04/2024,2024-05-12,fundive,2,7100,cancelled,Medical,T00219,5
B001738,C01201,April 27 2024,2024-05-12,Discovery,1,5450,Completed,,T00219,6
B001739,C01202,28/04/2024,2024-05-12,FUN DIVE,1,3800,Cancelled,Weather,T00219,7
B001740,C01203,2024-04-13,2024-05-12,PADI Course,4,25450,cancelled,Medical,T00219,8
B001741,C01204,02/05/2024,2024-05-12,Discovery,1,5700,Cancelled,Weather,T00219,9
B001742,C00478,April 25 2024,2024-05-12,DSD,2,9550,CANCELLED,Weather,T00219,12
B001743,C01205,2024-03-31,2024-05-13,Discovery,2,9550, Completed,,T00220,1
B001744,C01206,08/04/2024,2024-05-13,discovery dive,1,5700,Cancelled,Weather,T00220,2
B001745,C00747,08/04/2024,2024-05-13,fundive,1,3300, Completed,,T00220,4
B001746,C00825,April 20 2024,2024-05-13,Course,4,26000,COMPLETED,,T00220,5
B001747,C01207,16/04/2024,2024-05-13,COURSE,5,26150, Completed,,T00220,6
B001748,C01208,2024-04-06,2024-05-13,Fun Dive,1,3850,completed,,T00220,7
B001749,C01209,May 4 2024,2024-05-13,PADI Course,4,28150,CANCELLED,Weather,T00220,8
B001750,C01101,2024-05-13,2024-05-13,fundive,4,13050,Cancelled,Weather,T00220,10
B001751,C01135,May 6 2024,2024-05-14,fundive,4,15600,Completed,,T00221,1
B001752,C01210,April 23 2024,2024-05-14,fundive,1,3650,Completed,,T00221,2
B001753,C01211,18/04/2024,2024-05-14,fundive,1,3500,COMPLETED,,T00221,3
B001754,C01212,15/04/2024,2024-05-14,FUN DIVE,2,7250,COMPLETED,,T00221,5
B001755,C01213,07/05/2024,2024-05-14,Fun dive,2,7300,COMPLETED,,T00221,6
B001756,C01214,March 30 2024,2024-05-14,FUN DIVE,1,2900,completed,,T00221,8
B001757,C01215,2024-04-21,2024-05-14,COURSE,4,26450, Completed,,T00221,10
B001758,C01216,May 6 2024,2024-05-15,Fun dive,2,6350,cancelled,Weather,T00222,1
B001759,C00595,07/04/2024,2024-05-15,FUN DIVE,1,3700,COMPLETED,,T00222,2
B001760,C01217,07/05/2024,2024-05-15,DISCOVERY DIVE,2,8950,CANCELLED,Weather,T00222,5
B001761,C00636,2024-05-02,2024-05-15,DSD,2,11400,Cancelled,Weather,T00222,6
B001762,C01218,April 3 2024,2024-05-15,discovery dive,1,5450,Completed,,T00222,7
B001763,C01219,2024-04-27,2024-05-15,discovery dive,1,5750,completed,,T00222,8
B001764,C01220,02/05/2024,2024-05-16,DSD,2,10700,completed,,T00223,2
B001765,C01221,2024-04-27,2024-05-16,Discovery,1,5200,Completed,,T00223,3
B001766,C01222,2024-04-16,2024-05-16,FUN DIVE,2,7250, Completed,,T00223,4
B001767,C01223,2024-04-09,2024-05-16,Discovery Dive,1,5450,Completed,,T00223,5
B001768,C01224,2024-04-09,2024-05-16,discovery dive,1,5300,COMPLETED,,T00223,7
B001769,C01225,2024-04-04,2024-05-16,Fun Dive,1,3750, Completed,,T00223,8
B001770,C01179,2024-05-14,2024-05-16,Fun dive,1,3550, Completed,,T00223,9
B001771,C00440,2024-04-02,2024-05-16,fun dive,1,3250,COMPLETED,,T00223,10
B001772,C00601,2024-04-04,2024-05-16,FUN DIVE,3,11400,completed,,T00223,11
B001773,C01226,2024-04-26,2024-05-17,Fun dive,1,3950,COMPLETED,,T00224,1
B001774,C01152,04/04/2024,2024-05-17,fundive,2,7150,Cancelled,Medical,T00224,2
B001775,C01227,2024-05-12,2024-05-17,DSD,1,5100,COMPLETED,,T00224,3
B001776,C01228,2024-04-23,2024-05-17,discovery dive,1,5100,Completed,,T00224,4
B001777,C01229,2024-05-12,2024-05-17,fundive,3,12250,completed,,T00224,6
B001778,C01230,14/05/2024,2024-05-17,fun dive,1,4050, Completed,,T00224,8
B001779,C00111,02/04/2024,2024-05-17,Fun Dive,1,3700,COMPLETED,,T00224,9
B001780,C01231,07/05/2024,2024-05-17,DISCOVERY DIVE,1,5400,COMPLETED,,T00224,10
B001781,C01232,2024-04-02,2024-05-17,Discovery,1,5550,Completed,,T00224,11
B001782,C01227,17/04/2024,2024-05-17,Fun dive,1,3700,Completed,,T00224,12
B001783,C00502,26/04/2024,2024-05-18,Discovery Dive,1,5650, Completed,,T00225,1
B001784,C01233,2024-04-06,2024-05-18,fun dive,1,3950,no-show,,T00225,3
B001785,C01234,2024-04-17,2024-05-18,discovery dive,1,5900,COMPLETED,,T00225,4
B001786,C01235,26/04/2024,2024-05-18,discovery dive,2,11000,Completed,,T00225,5
B001787,C01236,2024-04-24,2024-05-18,Discovery,1,5800,COMPLETED,,T00225,7
B001788,C01237,2024-05-08,2024-05-18,DISCOVERY DIVE,1,5200,Completed,,T00225,8
B001789,C01238,2024-04-12,2024-05-18,Course,4,27800,CANCELLED,Customer,T00225,9
B001790,C01239,2024-04-09,2024-05-18,fundive,2,7650,COMPLETED,,T00225,11
B001791,C00708,04/05/2024,2024-05-19,FUN DIVE,3,11300,completed,,T00226,1
B001792,C01240,2024-04-16,2024-05-19,discovery dive,1,5700, cancelled ,Customer,T00226,3
B001793,C01241,2024-05-01,2024-05-19,fundive,3,11100,Completed,,T00226,4
B001794,C01242,2024-05-07,2024-05-19,DSD,2,10350,COMPLETED,,T00226,5
B001795,C01243,2024-04-09,2024-05-19,DISCOVERY DIVE,1,4950,completed,,T00226,6
B001796,C01244,2024-04-07,2024-05-19,Fun dive,4,14450,COMPLETED,,T00226,8
B001797,C01245,18/05/2024,2024-05-19,Fun Dive,4,15850, Completed,,T00226,9
B001798,C00757,2024-04-30,2024-05-20,fundive,3,11350, Completed,,T00227,2
B001799,C00538,18/04/2024,2024-05-20,FUN DIVE,2,6600,Completed,,T00227,3
B001800,C01246,15/05/2024,2024-05-20,Fun Dive,1,3700,No-Show,,T00227,4
B001801,C01247,April 14 2024,2024-05-20,DISCOVERY DIVE,1,5900,completed,,T00227,5
B001802,C00350,23/04/2024,2024-05-20,fundive,1,3600,Completed,,T00227,6
B001803,C01248,2024-04-25,2024-05-20,discovery dive,1,4500,NO-SHOW,,T00227,7
B001804,C01249,16/04/2024,2024-05-20,DISCOVERY DIVE,1,5150,Completed,,T00227,8
B001805,C00783,20/04/2024,2024-05-20,Fun Dive,1,3750,Completed,,T00227,9
B001806,C00743,2024-04-13,2024-05-20,PADI Course,4,26150, Completed,,T00227,11
B001807,C01250,2024-04-08,2024-05-21,PADI Course,4,26750,CANCELLED,Medical,T00228,1
B001808,C01251,2024-04-28,2024-05-21,DISCOVERY DIVE,1,5350,Completed,,T00228,2
B001809,C01252,2024-04-06,2024-05-21,discovery dive,1,5150, cancelled ,Customer,T00228,3
B001810,C01253,April 17 2024,2024-05-21,Course,5,28700,completed,,T00228,4
B001811,C01254,2024-04-29,2024-05-21,Discovery Dive,2,10300,completed,,T00228,6
B001812,C01255,April 22 2024,2024-05-21,fun dive,2,7550,Completed,,T00228,7
B001813,C01256,29/04/2024,2024-05-21,fundive,1,3600,completed,,T00228,10
B001814,C01257,2024-05-13,2024-05-21,fun dive,2,761763,completed,,T00228,11
B001815,C01258,25/04/2024,2024-05-22,Discovery Dive,1,5150,cancelled,Weather,T00229,1
B001816,C01259,20/04/2024,2024-05-22,fundive,4,14600,COMPLETED,,T00229,2
B001817,C01260,2024-04-22,2024-05-22,DSD,1,5200,completed,,T00229,3
B001818,C01199,April 20 2024,2024-05-22,DISCOVERY DIVE,1,5550,COMPLETED,,T00229,4
B001819,C01261,2024-04-27,2024-05-22,discovery dive,1,5350,Completed,,T00229,5
B001820,C01262,2024-05-03,2024-05-22,DSD,1,5350,completed,,T00229,6
B001821,C00703,2024-05-21,2024-05-22,Fun dive,3,11400,COMPLETED,,T00229,7
B001822,C01263,April 10 2024,2024-05-22,PADI Course,5,29500,Cancelled,Customer,T00229,8
B001823,C01264,2024-04-11,2024-05-22,DSD,1,5350,COMPLETED,,T00229,10
B001824,C01265,15/05/2024,2024-05-23,Course,5,27400,No-show,,T00230,1
B001825,C01266,2024-05-09,2024-05-23,fun dive,3,11600,Completed,,T00230,2
B001826,C01267,23/05/2024,2024-05-23,FUN DIVE,3,11250, Completed,,T00230,3
B001827,C00920,2024-05-13,2024-05-23,fundive,3,11700,Completed,,T00230,4
B001828,C01268,2024-04-30,2024-05-23,Fun Dive,1,3900, Completed,,T00230,5
B001829,C01269,2024-05-01,2024-05-23,discovery dive,1,5600,Completed,,T00230,8
B001830,C01022,21/05/2024,2024-05-23,Discovery Dive,1,5650,completed,,T00230,9
B001831,C00549,2024-05-11,2024-05-23,Fun Dive,3,11950,NO-SHOW,,T00230,10
B001832,C01270,2024-04-29,2024-05-23,fundive,1,4050,completed,,T00230,11
B001833,C01249,May 20 2024,2024-05-23,DSD,1,5300,completed,,T00230,12
B001834,C01271,2024-05-02,2024-05-24,Fun dive,1,3950,completed,,T00231,1
B001835,C01272,2024-05-18,2024-05-24,Discovery,2,10750,COMPLETED,,T00231,2
B001836,C01273,23/04/2024,2024-05-24,COURSE,4,26800,completed,,T00231,3
B001837,C01274,14/05/2024,2024-05-24,Course,4,23900,completed,,T00231,4
B001838,C00848,2024-05-11,2024-05-24,Fun dive,4,14400,COMPLETED,,T00231,6
B001839,C00894,2024-05-02,2024-05-24,Discovery Dive,1,5550,completed,,T00231,8
B001840,C00567,11/05/2024,2024-05-24,Fun Dive,2,7850,Completed,,T00231,10
B001841,C01275,17/05/2024,2024-05-25,Fun Dive,4,15750, Completed,,T00232,1
B001842,C01276,April 30 2024,2024-05-25,fun dive,1,4000,COMPLETED,,T00232,3
B001843,C01277,2024-05-03,2024-05-25,discovery dive,1,5300,completed,,T00232,4
B001844,C00804,2024-05-11,2024-05-25,PADI Course,5,27600,COMPLETED,,T00232,5
B001845,C01278,10/05/2024,2024-05-25,Discovery Dive,2,10950, Completed,,T00232,7
B001846,C01279,2024-04-24,2024-05-25,Fun dive,3,11700,completed,,T00232,8
B001847,C01150,2024-05-23,2024-05-25,Fun dive,4,14450,COMPLETED,,T00232,9
B001848,C00157,25/05/2024,2024-05-25,fun dive,4,15250, Completed,,T00232,10
B001849,C01280,2024-05-02,2024-05-26,Fun Dive,1,3550, Completed,,T00233,2
B001850,C01281,2024-04-25,2024-05-26,fundive,4,15250,Completed,,T00233,3
B001851,C01282,2024-05-16,2024-05-26,Discovery Dive,2,10250,completed,,T00233,4
B001852,C01283,15/04/2024,2024-05-26,DSD,2,10400,completed,,T00233,5
B001853,C00985,2024-05-17,2024-05-26,FUN DIVE,1,4000,completed,,T00233,7
B001854,C00834,2024-05-06,2024-05-27,Course,5,26400,COMPLETED,,T00234,1
B001855,C01284,14/04/2024,2024-05-27,Fun Dive,1,3650,completed,,T00234,3
B001856,C01285,09/05/2024,2024-05-27,Course,5,26450,completed,,T00234,4
B001857,C00719,May 7 2024,2024-05-27,Fun dive,4,14950,Completed,,T00234,5
B001858,C01286,30/04/2024,2024-05-27,fundive,2,6900,completed,,T00234,8
B001859,C01119,May 23 2024,2024-05-27,fundive,2,7600,COMPLETED,,T00234,9
B001860,C01278,April 29 2024,2024-05-27,fun dive,2,7050,Completed,,T00234,10
B001861,C01174,2024-05-26,2024-05-27,Discovery,1,5100,Completed,,T00234,11
B001862,C01287,2024-05-14,2024-05-28,FUN DIVE,3,12250, Completed,,T00235,1
B001863,C01288,2024-05-23,2024-05-28,Course,5,25600, Completed,,T00235,2
B001864,C01289,28/05/2024,2024-05-28,fun dive,1,3450, Completed,,T00235,3
B001865,C01290,2024-05-09,2024-05-28,FUN DIVE,1,3700, Completed,,T00235,4
B001866,C00658,2024-05-27,2024-05-28,course,4,25600, Completed,,T00235,6
B001867,C01291,May 28 2024,2024-05-28,fundive,1,3500,Completed,,T00235,7
B001868,C01292,2024-05-12,2024-05-28,FUN DIVE,2,7250,Completed,,T00235,8
B001869,C01293,2024-05-27,2024-05-28,FUN DIVE,2,6950,Completed,,T00235,10
B001870,C01294,13/05/2024,2024-05-29,PADI Course,4,26800,completed,,T00236,1
B001871,C00719,May 20 2024,2024-05-29,PADI Course,4,25950, Completed,,T00236,2
B001872,C00692,2024-04-27,2024-05-29,Fun Dive,3,11300, Completed,,T00236,5
B001873,C01295,April 29 2024,2024-05-29,Fun dive,2,6950,completed,,T00236,6
B001874,C01296,May 13 2024,2024-05-29,FUN DIVE,1,3700, Completed,,T00236,7
B001875,C01297,2024-05-21,2024-05-29,discovery dive,1,5650, Completed,,T00236,8
B001876,C01298,2024-05-05,2024-05-29,fundive,4,15600,CANCELLED,Weather,T00236,9
B001877,C01299,2024-05-01,2024-05-30,DSD,1,5400, Completed,,T00237,1
B001878,C01300,2024-04-21,2024-05-30,Discovery,1,5150, Completed,,T00237,3
B001879,C01301,2024-05-04,2024-05-30,discovery dive,1,5250,COMPLETED,,T00237,4
B001880,C01302,2024-05-25,2024-05-30,discovery dive,1,5250,NO-SHOW,,T00237,5
B001881,C01303,18/04/2024,2024-05-30,PADI Course,5,26150, Completed,,T00237,6
B001882,C00692,17/05/2024,2024-05-30,PADI Course,5,26150,completed,,T00237,7
B001883,C01304,03/05/2024,2024-05-30,Fun Dive,1,4050,completed,,T00237,8
B001884,C01305,May 27 2024,2024-05-30,DISCOVERY DIVE,1,5650, Completed,,T00237,9
B001885,C00800,2024-04-24,2024-05-31,Fun dive,1,3600,completed,,T00238,2
B001886,C01306,12/05/2024,2024-05-31,Course,5,25650,cancelled,Weather,T00238,3
B001887,C00689,2024-04-22,2024-05-31,fundive,2,7250,Completed,,T00238,4
B001888,C00867,2024-05-12,2024-05-31,FUN DIVE,2,7000,Completed,,T00238,5
B001889,C01073,2024-05-09,2024-05-31,Discovery Dive,1,5050,completed,,T00238,6
B001890,C01274,04/05/2024,2024-05-31,FUN DIVE,4,12700,completed,,T00238,7
B001891,C00700,May 13 2024,2024-05-31,fundive,1,3750,COMPLETED,,T00238,8
B001892,C01307,2024-04-24,2024-06-01,FUN DIVE,1,3800,cancelled,Weather,T00239,3
B001893,C01308,2024-04-28,2024-06-01,Course,4,24000,Cancelled,Weather,T00239,4
B001894,C01309,2024-05-16,2024-06-01,Discovery Dive,1,4800, cancelled ,Weather,T00239,8
B001895,C01310,May 19 2024,2024-06-01,Fun Dive,2,7800,Cancelled,Weather,T00239,10
B001896,C01311,May 6 2024,2024-06-01,Fun dive,3,8850,cancelled,Weather,T00239,11
B001897,C01312,2024-05-10,2024-06-05,fundive,1,3450,completed,,T00240,1
B001898,C01313,02/05/2024,2024-06-05,COURSE,5,24900, cancelled ,Weather,T00240,3
B001899,C01314,07/06/2024,2024-06-10,course,5,27950, Completed,,T00241,2
B001900,C01315,May 16 2024,2024-06-10,Fun Dive,2,6750, Completed,,T00241,9
B001901,C01316,04/05/2024,2024-06-15,FUN DIVE,2,7100,CANCELLED,Weather,T00242,1
B001902,C01317,2024-06-14,2024-06-15,Course,5,26000,CANCELLED,Weather,T00242,7
B001903,C01318,2024-05-28,2024-06-15,Course,4,25450, cancelled ,Weather,T00242,8
B001904,C01319,2024-05-26,2024-06-15,Fun dive,3,11000,Completed,,T00242,9
B001905,C00713,August 21 2024,2024-09-18,fundive,1,3850,NO-SHOW,,T00243,1
B001906,C00987,2024-08-18,2024-09-18,Discovery Dive,1,5150,cancelled,Weather,T00243,4
B001907,C01320,August 20 2024,2024-09-18,discovery dive,2,10600,Cancelled,Weather,T00243,8
B001908,C01321,24/08/2024,2024-09-18,Fun Dive,2,7000,completed,,T00243,10
B001909,C00593,2024-08-21,2024-09-19,FUN DIVE,4,13450,CANCELLED,Weather,T00244,1
B001910,C01322,2024-09-16,2024-09-19,FUN DIVE,4,12300,cancelled,Weather,T00244,2
B001911,C01323,2024-08-15,2024-09-19,Discovery Dive,1,4700,cancelled,Weather,T00244,9
B001912,C01324,2024-08-14,2024-09-19,Discovery Dive,2,10350,Completed,,T00244,10
B001913,C01325,August 21 2024,2024-09-19,Course,5,24600,CANCELLED,Weather,T00244,11
B001914,C00550,2024-09-17,2024-09-20,Course,4,25200,Cancelled,Weather,T00245,1
B001915,C01326,2024-09-09,2024-09-20,fun dive,1,3250,CANCELLED,Weather,T00245,5
B001916,C00240,08/08/2024,2024-09-20,discovery dive,1,5350,Cancelled,Weather,T00245,8
B001917,C01327,2024-09-17,2024-09-21,course,4,22550,cancelled,Weather,T00246,2
B001918,C01328,August 28 2024,2024-09-21,COURSE,4,25650, Completed,,T00246,4
B001919,C00681,2024-09-16,2024-09-21,discovery dive,1,5000,Cancelled,Weather,T00246,5
B001920,C01329,2024-09-04,2024-09-21,Fun dive,3,10550,Completed,,T00246,7
B001921,C01330,15/09/2024,2024-09-29,DISCOVERY DIVE,1,5200,completed,,T00247,1
B001922,C00679,2024-09-10,2024-09-29,fundive,2,6300, cancelled ,,T00247,2
B001923,C01331,2024-08-29,2024-09-29,Discovery Dive,1,5600,cancelled,Weather,T00247,6
B001924,C01003,20/08/2024,2024-09-29,COURSE,5,23700,Cancelled,Weather,T00247,9
B001925,C01332,29/08/2024,2024-09-30,fundive,1,3450,Completed,,T00248,1
B001926,C01333,22/08/2024,2024-09-30,PADI Course,4,21950, cancelled ,,T00248,2
B001927,C01077,2024-09-14,2024-09-30,DISCOVERY DIVE,1,5000, cancelled ,Weather,T00248,3
B001928,C01334,2024-08-17,2024-09-30,PADI Course,4,24650, cancelled ,Weather,T00248,5
B001929,C01335,August 16 2024,2024-09-30,DSD,1,4400, cancelled ,Customer,T00248,6
B001930,C01336,September 14 2024,2024-10-01,discovery dive,1,4750,completed,,T00249,1
B001931,C00326,2024-09-05,2024-10-01,Discovery Dive,1,4500,COMPLETED,,T00249,3
B001932,C01337,2024-09-04,2024-10-01,fun dive,1,3100,COMPLETED,,T00249,6
B001933,C01338,2024-09-15,2024-10-01,fundive,2,6750,completed,,T00249,7
B001934,C01339,2024-08-21,2024-10-01,Fun dive,2,7050,completed,,T00249,8
B001935,C01340,2024-08-21,2024-10-01,Fun Dive,3,9550,Cancelled,Weather,T00249,9
B001936,C01341,2024-09-17,2024-10-02,Discovery Dive,1,5500, Completed,,T00250,1
B001937,C01342,03/09/2024,2024-10-02,fun dive,1,3750,Completed,,T00250,3
B001938,C01343,2024-09-27,2024-10-02,FUN DIVE,2,7900,Completed,,T00250,4
B001939,C01344,2024-09-10,2024-10-02,discovery dive,1,4600,completed,,T00250,7
B001940,C01345,2024-09-10,2024-10-02,fundive,4,15100, Completed,,T00250,8
B001941,C01346,2024-08-21,2024-10-02,fun dive,2,7550,No-Show,,T00250,9
B001942,C01347,2024-09-01,2024-10-03,discovery dive,1,5400,Completed,,T00251,2
B001943,C01348,2024-09-26,2024-10-03,course,4,22350, cancelled ,Weather,T00251,3
B001944,C01349,2024-09-17,2024-10-03,discovery dive,1,4450, cancelled ,Weather,T00251,4
B001945,C01350,September 13 2024,2024-10-03,COURSE,5,27300,COMPLETED,,T00251,5
B001946,C01351,17/09/2024,2024-10-03,fundive,1,4000,completed,,T00251,6
B001947,C01352,2024-09-21,2024-10-03,FUN DIVE,2,5800, cancelled ,Weather,T00251,7
B001948,C01090,2024-08-23,2024-10-03,PADI Course,5,23850, Completed,,T00251,9
B001949,C01353,2024-08-21,2024-10-03,COURSE,4,22850, Completed,,T00251,11
B001950,C01354,September 2 2024,2024-10-03,FUN DIVE,1,3950,COMPLETED,,T00251,12
B001951,C01355,01/09/2024,2024-10-04,Discovery,1,5250,Completed,,T00252,1
B001952,C01356,2024-08-27,2024-10-04,DISCOVERY DIVE,2,9350, Completed,,T00252,2
B001953,C01357,18/09/2024,2024-10-04,fun dive,1,3300, Completed,,T00252,3
B001954,C01014,2024-08-27,2024-10-04,Fun Dive,3,10650, Completed,,T00252,4
B001955,C01358,2024-08-23,2024-10-04,discovery dive,2,10750, Completed,,T00252,5
B001956,C01359,2024-10-03,2024-10-04,DISCOVERY DIVE,2,8300,Completed,,T00252,6
B001957,C01360,04/10/2024,2024-10-04,Fun Dive,3,10100,completed,,T00252,8
B001958,C01361,2024-09-01,2024-10-04,Discovery Dive,1,4750,cancelled,,T00252,10
B001959,C01362,20/09/2024,2024-10-04,Course,5,25750,COMPLETED,,T00252,11
B001960,C01119,2024-08-28,2024-10-04,fundive,4,15350, cancelled ,Medical,T00252,12
B001961,C01033,2024-08-23,2024-10-05,PADI Course,5,25250,cancelled,Weather,T00253,1
B001962,C01016,October 1 2024,2024-10-05,course,5,26500,cancelled,Weather,T00253,4
B001963,C01092,2024-09-26,2024-10-05,fun dive,2,7600, Completed,,T00253,5
B001964,C01363,2024-09-14,2024-10-05,discovery dive,1,4400,Completed,,T00253,7
B001965,C00443,September 2 2024,2024-10-05,FUN DIVE,4,15400,Cancelled,Customer,T00253,8
B001966,C01364,2024-09-29,2024-10-05,fundive,2,7650, cancelled ,Weather,T00253,9
B001967,C00781,2024-09-17,2024-10-06,FUN DIVE,3,9850,COMPLETED,,T00254,1
B001968,C01365,2024-09-02,2024-10-06,Course,5,24450, Completed,,T00254,2
B001969,C01366,2024-10-06,2024-10-06,PADI Course,4,26000,Cancelled,Weather,T00254,5
B001970,C01367,2024-09-13,2024-10-06,PADI Course,4,24800,Cancelled,Weather,T00254,6
B001971,C01368,2024-10-02,2024-10-06,Fun Dive,4,11950,Cancelled,Weather,T00254,7
B001972,C00476,05/09/2024,2024-10-06,Fun dive,4,14850,Completed,,T00254,8
B001973,C01369,2024-09-06,2024-10-06,FUN DIVE,1,3700,Cancelled,Weather,T00254,9
B001974,C01370,2024-09-07,2024-10-06,DSD,1,5050,COMPLETED,,T00254,10
B001975,C01330,2024-10-06,2024-10-06,DSD,1,5350,COMPLETED,,T00255,2
B001976,C01278,2024-09-03,2024-10-06,discovery dive,1,5250,Completed,,T00255,3
B001977,C01371,2024-09-03,2024-10-06,FUN DIVE,4,15900,completed,,T00255,4
B001978,C01372,30/09/2024,2024-10-06,COURSE,5,26750, cancelled ,Weather,T00255,5
B001979,C01373,2024-09-21,2024-10-06,DISCOVERY DIVE,1,5500,Completed,,T00255,6
B001980,C01374,2024-09-12,2024-10-06,fun dive,3,10250,cancelled,Weather,T00255,10
B001981,C00862,31/08/2024,2024-10-06,Fun dive,3,11100,Completed,,T00255,11
B001982,C00259,30/08/2024,2024-10-06,fun dive,2,6450,CANCELLED,Customer,T00255,12
B001983,C01375,2024-09-14,2024-10-07,FUN DIVE,3,10750, Completed,,T00256,1
B001984,C01376,September 4 2024,2024-10-07,Discovery Dive,1,5750,Completed,,T00256,2
B001985,C00866,2024-09-11,2024-10-07,fundive,1,3250,NO-SHOW,,T00256,3
B001986,C01377,23/09/2024,2024-10-07,Fun Dive,2,7200,Completed,,T00256,4
B001987,C01378,2024-10-05,2024-10-07,DISCOVERY DIVE,1,5050, Completed,,T00256,5
B001988,C01379,2024-10-06,2024-10-07,course,5,25350,cancelled,Customer,T00256,6
B001989,C01380,31/08/2024,2024-10-08,course,4,27850,CANCELLED,,T00257,1
B001990,C00740,2024-09-27,2024-10-08,fundive,3,10450,Completed,,T00257,2
B001991,C01381,25/08/2024,2024-10-08,DISCOVERY DIVE,1,5400,Cancelled,Customer,T00257,3
B001992,C01382,2024-09-07,2024-10-08,FUN DIVE,1,3900,Completed,,T00257,5
B001993,C01383,29/08/2024,2024-10-08,Fun dive,4,14850,CANCELLED,Medical,T00257,6
B001994,C01384,2024-08-26,2024-10-08,FUN DIVE,1,3900,Completed,,T00257,7
B001995,C01248,2024-09-02,2024-10-08,COURSE,4,20450,NO-SHOW,,T00257,9
B001996,C01385,2024-08-31,2024-10-08,fundive,1,3250,Completed,,T00257,10
B001997,C01386,2024-08-28,2024-10-08,course,4,20500,COMPLETED,,T00257,11
B001998,C00021,2024-09-18,2024-10-09,Fun dive,1,2850, Completed,,T00258,1
B001999,C01387,2024-10-06,2024-10-09,Course,4,26450, Completed,,T00258,3
B002000,C01388,2024-09-19,2024-10-09,DISCOVERY DIVE,1,4100,Completed,,T00258,4
B002001,C01389,28/08/2024,2024-10-09,DSD,1,4950,COMPLETED,,T00258,5
B002002,C01390,2024-09-04,2024-10-09,Discovery Dive,2,10950, Completed,,T00258,6
B002003,C01252,2024-09-05,2024-10-09,fundive,2,7900, cancelled ,Medical,T00258,7
B002004,C01391,2024-10-06,2024-10-09,FUN DIVE,2,6400,Completed,,T00258,8
B002005,C01392,2024-09-04,2024-10-10,Course,5,22850,Completed,,T00259,1
B002006,C01393,2024-09-07,2024-10-10,Discovery Dive,1,5300, Completed,,T00259,2
B002007,C01394,September 18 2024,2024-10-10,discovery dive,1,5200,Completed,,T00259,3
B002008,C01395,2024-09-09,2024-10-10,FUN DIVE,3,10250, Completed,,T00259,4
B002009,C01396,20/09/2024,2024-10-10,Fun Dive,2,8000,COMPLETED,,T00259,5
B002010,C01056,2024-09-12,2024-10-10,DISCOVERY DIVE,1,5050,Completed,,T00259,7
B002011,C01397,2024-09-11,2024-10-10,Fun Dive,2,7150,Completed,,T00259,8
B002012,C00657,2024-08-26,2024-10-10,Fun dive,1,3500,completed,,T00259,9
B002013,C01398,18/09/2024,2024-10-10,PADI Course,5,24900,COMPLETED,,T00259,11
B002014,C01399,05/09/2024,2024-10-10,Fun dive,2,7150,Completed,,T00259,12
B002015,C01400,2024-09-12,2024-10-11,Fun dive,1,3450,completed,,T00260,1
B002016,C01129,2024-10-11,2024-10-11,Course,4,24700,cancelled,Customer,T00260,3
B002017,C01357,2024-09-25,2024-10-11,Fun dive,2,7250,completed,,T00260,5
B002018,C01401,October 9 2024,2024-10-11,Fun Dive,3,8750,completed,,T00260,6
B002019,C01402,28/08/2024,2024-10-11,Course,4,28950,Completed,,T00260,7
B002020,C01403,30/09/2024,2024-10-11,Course,5,23750,COMPLETED,,T00260,8
B002021,C01404,29/08/2024,2024-10-11,DSD,1,4150,completed,,T00260,9
B002022,C00159,2024-10-02,2024-10-12,fundive,2,7600,completed,,T00261,1
B002023,C01405,September 16 2024,2024-10-12,course,4,21950,NO-SHOW,,T00261,2
B002024,C01406,2024-08-30,2024-10-12,FUN DIVE,1,3800, Completed,,T00261,3
B002025,C01407,2024-08-29,2024-10-12,FUN DIVE,2,6150,COMPLETED,,T00261,4
B002026,C01408,2024-09-09,2024-10-12,FUN DIVE,2,7600,Completed,,T00261,5
B002027,C01409,07/10/2024,2024-10-12,Fun dive,3,11350,Completed,,T00261,6
B002028,C01410,2024-09-03,2024-10-12,DSD,1,5450, Completed,,T00261,7
B002029,C01411,12/10/2024,2024-10-12,Fun dive,1,3500,Cancelled,Medical,T00261,8
B002030,C01412,08/10/2024,2024-10-12,DSD,1,5150,Completed,,T00261,9
B002031,C01413,2024-09-27,2024-10-13,Discovery Dive,2,8600, Completed,,T00262,1
B002032,C01414,2024-08-31,2024-10-13,Discovery,1,4900,COMPLETED,,T00262,2
B002033,C01415,October 10 2024,2024-10-13,course,4,27200,completed,,T00262,3
B002034,C01416,2024-09-08,2024-10-13,fun dive,2,6900,Completed,,T00262,5
B002035,C01417,September 19 2024,2024-10-13,DISCOVERY DIVE,1,4900,COMPLETED,,T00262,6
B002036,C01418,2024-09-01,2024-10-13,fun dive,4,12800,CANCELLED,Customer,T00262,7
B002037,C01419,2024-09-24,2024-10-13,course,4,25300,COMPLETED,,T00263,3
B002038,C01420,2024-09-02,2024-10-13,Fun dive,1,3700,CANCELLED,Customer,T00263,4
B002039,C01421,05/09/2024,2024-10-13,Discovery Dive,2,9000,Completed,,T00263,5
B002040,C01422,13/09/2024,2024-10-13,FUN DIVE,4,12850, Completed,,T00263,6
B002041,C01423,30/09/2024,2024-10-13,Course,4,23300,completed,,T00263,7
B002042,C00840,2024-09-27,2024-10-13,COURSE,5,26600,NO-SHOW,,T00263,8
B002043,C01424,09/10/2024,2024-10-13,DISCOVERY DIVE,1,4850,completed,,T00263,9
B002044,C01425,October 11 2024,2024-10-13,fundive,2,7450,completed,,T00263,10
B002045,C01426,08/10/2024,2024-10-13,DSD,1,5450, cancelled ,Customer,T00263,11
B002046,C01427,10/10/2024,2024-10-14,PADI Course,4,21800,cancelled,Weather,T00264,2
B002047,C01428,2024-09-18,2024-10-14,fun dive,1,3750, Completed,,T00264,3
B002048,C01429,04/09/2024,2024-10-14,Fun dive,1,3900,completed,,T00264,4
B002049,C01430,28/09/2024,2024-10-14,Fun dive,3,11450,COMPLETED,,T00264,6
B002050,C01431,08/10/2024,2024-10-14,discovery dive,1,5050, cancelled ,Customer,T00264,8
B002051,C00633,06/09/2024,2024-10-14,FUN DIVE,1,3550,completed,,T00264,9
B002052,C01432,2024-10-02,2024-10-14,Fun Dive,2,6950,completed,,T00264,10
B002053,C01433,25/09/2024,2024-10-14,FUN DIVE,4,15200, Completed,,T00264,11
B002054,C01434,2024-09-09,2024-10-14,fun dive,1,3050,Completed,,T00264,12
B002055,C01435,2024-09-19,2024-10-15,discovery dive,1,4750, Completed,,T00265,2
B002056,C01436,September 24 2024,2024-10-15,course,5,28450,No-show,,T00265,3
B002057,C01437,2024-09-28,2024-10-15,Fun dive,1,2900,completed,,T00265,5
B002058,C01438,06/09/2024,2024-10-15,FUN DIVE,1,3800,completed,,T00265,6
B002059,C01439,2024-09-11,2024-10-15,course,4,21650,Completed,,T00265,7
B002060,C01440,2024-09-21,2024-10-15,COURSE,4,26900,no-show,,T00265,8
B002061,C01441,2024-09-16,2024-10-15,fundive,1,3700,completed,,T00265,9
B002062,C01442,2024-09-23,2024-10-16,Course,5,26500,completed,,T00266,1
B002063,C01443,2024-09-06,2024-10-16,Discovery,1,4450,COMPLETED,,T00266,2
B002064,C01444,2024-09-24,2024-10-16,Fun dive,2,6700,CANCELLED,Customer,T00266,4
B002065,C00942,2024-10-10,2024-10-16,fun dive,1,3550,completed,,T00266,7
B002066,C00812,October 1 2024,2024-10-16,Course,5,23100,COMPLETED,,T00266,8
B002067,C01445,September 17 2024,2024-10-16,fun dive,3,10500,Completed,,T00266,9
B002068,C01058,September 17 2024,2024-10-16,PADI Course,5,27700,completed,,T00266,10
B002069,C00045,September 21 2024,2024-10-17,FUN DIVE,4,14950,Completed,,T00267,2
B002070,C01446,03/10/2024,2024-10-17,fundive,2,7300,COMPLETED,,T00267,3
B002071,C00876,2024-10-16,2024-10-17,Fun Dive,4,12500,COMPLETED,,T00267,4
B002072,C01447,2024-09-16,2024-10-17,fundive,1,3400, Completed,,T00267,5
B002073,C01305,15/09/2024,2024-10-17,Fun Dive,3,10900, Completed,,T00267,6
B002074,C01241,2024-09-15,2024-10-17,Fun dive,4,15200, Completed,,T00267,7
B002075,C00055,2024-10-04,2024-10-17,fun dive,2,6750,COMPLETED,,T00267,8
B002076,C01448,2024-09-13,2024-10-17,discovery dive,1,5400,completed,,T00267,9
B002077,C00782,2024-09-17,2024-10-17,fun dive,1,3300,COMPLETED,,T00267,10
B002078,C01449,02/10/2024,2024-10-18,DISCOVERY DIVE,2,8700, Completed,,T00268,1
B002079,C01450,2024-10-03,2024-10-18,fun dive,2,6750,COMPLETED,,T00268,3
B002080,C01451,2024-10-04,2024-10-18,fun dive,2,7250,Completed,,T00268,5
B002081,C01443,October 10 2024,2024-10-18,discovery dive,1,4300,completed,,T00268,7
B002082,C01452,07/09/2024,2024-10-18,Fun Dive,2,7000,Completed,,T00268,8
B002083,C01453,2024-10-14,2024-10-18,Discovery,1,5400, cancelled ,Customer,T00268,9
B002084,C01454,17/10/2024,2024-10-18,fundive,4,13400,completed,,T00268,11
B002085,C00536,2024-10-16,2024-10-18,fundive,2,7500,completed,,T00268,12
B002086,C01455,2024-10-19,2024-10-19,fun dive,3,9500,Completed,,T00269,3
B002087,C00813,08/09/2024,2024-10-19,fun dive,2,7100,Completed,,T00269,4
B002088,C01456,2024-10-02,2024-10-19,Fun Dive,2,7950,Completed,,T00269,5
B002089,C01457,2024-09-25,2024-10-19,fundive,3,10200, Completed,,T00269,6
B002090,C01458,24/09/2024,2024-10-19,DISCOVERY DIVE,1,4950,Completed,,T00269,7
B002091,C01459,2024-09-10,2024-10-19,PADI Course,5,23700, Completed,,T00269,9
B002092,C01460,2024-10-09,2024-10-19,FUN DIVE,1,3950,COMPLETED,,T00269,10
B002093,C01461,2024-10-18,2024-10-19,Discovery Dive,1,4200,Cancelled,Weather,T00269,11
B002094,C01462,12/10/2024,2024-10-20,Fun dive,2,5650,cancelled,Customer,T00270,2
B002095,C01463,September 11 2024,2024-10-20,Discovery,2,8600, Completed,,T00270,3
B002096,C01464,05/09/2024,2024-10-20,Fun dive,2,6500,cancelled,,T00270,4
B002097,C01465,2024-10-05,2024-10-20,Discovery,1,4650,completed,,T00270,5
B002098,C01466,2024-09-08,2024-10-20,fundive,2,7750, Completed,,T00270,6
B002099,C00193,2024-10-05,2024-10-20,Fun dive,1,3000,COMPLETED,,T00270,7
B002100,C01187,29/09/2024,2024-10-20,Fun dive,2,5900,cancelled,Customer,T00270,8
B002101,C01467,2024-09-30,2024-10-20,DSD,1,5500,completed,,T00270,10
B002102,C01468,2024-09-23,2024-10-21,FUN DIVE,4,14900,completed,,T00271,1
B002103,C01469,18/09/2024,2024-10-21,Fun dive,2,6750, Completed,,T00271,2
B002104,C01470,2024-10-20,2024-10-21,Fun dive,3,9650,CANCELLED,Weather,T00271,3
B002105,C01089,2024-09-23,2024-10-21,FUN DIVE,1,3250,COMPLETED,,T00271,4
B002106,C01471,2024-10-05,2024-10-21,fun dive,2,6500,cancelled,Customer,T00271,5
B002107,C01439,10/10/2024,2024-10-21,Fun dive,2,6400,CANCELLED,Weather,T00271,8
B002108,C01472,September 11 2024,2024-10-21,Discovery,1,4850,cancelled,,T00271,9
B002109,C01473,2024-09-20,2024-10-21,DSD,1,5150,COMPLETED,,T00271,10
B002110,C00181,2024-10-15,2024-10-21,DSD,1,5400, Completed,,T00271,11
B002111,C01413,October 20 2024,2024-10-22,FUN DIVE,1,3100,completed,,T00272,1
B002112,C00792,2024-09-14,2024-10-22,FUN DIVE,2,6900,completed,,T00272,2
B002113,C01273,2024-09-10,2024-10-22,FUN DIVE,1,3550,COMPLETED,,T00272,3
B002114,C01474,21/09/2024,2024-10-22,DSD,1,4100,completed,,T00272,5
B002115,C01475,26/09/2024,2024-10-22,PADI Course,4,20800,NO-SHOW,,T00272,6
B002116,C01476,2024-09-16,2024-10-22,Discovery Dive,1,4750, Completed,,T00272,7
B002117,C01477,2024-10-13,2024-10-22,Discovery Dive,1,5450,completed,,T00272,8
B002118,C01478,2024-09-08,2024-10-22,Discovery Dive,1,4300,Cancelled,Customer,T00272,9
B002119,C01479,27/09/2024,2024-10-23,Fun dive,4,13900,CANCELLED,Weather,T00273,2
B002120,C01221,2024-09-18,2024-10-23,Fun dive,2,7750,Cancelled,Weather,T00273,3
B002121,C01480,03/10/2024,2024-10-23,DISCOVERY DIVE,1,5600, cancelled ,Weather,T00273,6
B002122,C01481,20/09/2024,2024-10-23,Fun Dive,1,3550,completed,,T00273,8
B002123,C01482,2024-10-13,2024-10-23,fun dive,4,15300,completed,,T00273,9
B002124,C01483,2024-10-11,2024-10-23,PADI Course,4,28000,COMPLETED,,T00273,10
B002125,C01133,September 12 2024,2024-10-23,FUN DIVE,3,11550,Cancelled,Weather,T00273,11
B002126,C01484,2024-10-23,2024-10-23,Fun Dive,3,9150, cancelled ,Weather,T00273,12
B002127,C01485,2024-09-11,2024-10-23,fun dive,2,6850,COMPLETED,,T00274,2
B002128,C01486,2024-09-12,2024-10-23,fundive,4,13700,COMPLETED,,T00274,3
B002129,C01487,October 15 2024,2024-10-23,Fun Dive,3,8500,CANCELLED,Customer,T00274,4
B002130,C01488,2024-09-30,2024-10-23,Discovery Dive,2,10850,no-show,,T00274,5
B002131,C00823,12/09/2024,2024-10-23,Fun dive,2,7150,COMPLETED,,T00274,7
B002132,C01489,2024-10-23,2024-10-23,DISCOVERY DIVE,1,4300,COMPLETED,,T00274,8
B002133,C01490,October 5 2024,2024-10-23,course,4,24350,Cancelled,Weather,T00274,9
B002134,C01491,2024-09-18,2024-10-23,Fun dive,1,3500, Completed,,T00274,10
B002135,C00733,2024-10-22,2024-10-23,Fun Dive,1,3400,CANCELLED,Customer,T00274,11
B002136,C01492,24/10/2024,2024-10-24,PADI Course,4,22550,cancelled,Medical,T00275,1
B002137,C01493,2024-10-23,2024-10-24,Discovery,1,5650,Completed,,T00275,2
B002138,C01494,September 17 2024,2024-10-24,discovery dive,1,4450,Completed,,T00275,3
B002139,C00812,2024-09-17,2024-10-24,course,5,24700, Completed,,T00275,5
B002140,C01495,2024-09-14,2024-10-24,Discovery,1,5350, Completed,,T00275,6
B002141,C01496,2024-09-30,2024-10-24,fundive,2,7250,Completed,,T00275,8
B002142,C00414,2024-10-02,2024-10-24,fun dive,1,3500,completed,,T00275,9
B002143,C01497,2024-10-16,2024-10-24,PADI Course,4,27350,Completed,,T00275,10
B002144,C01279,12/10/2024,2024-10-25,Fun Dive,3,11900, Completed,,T00276,1
B002145,C01295,2024-09-24,2024-10-25,FUN DIVE,4,13450,COMPLETED,,T00276,2
B002146,C01045,15/09/2024,2024-10-25,FUN DIVE,1,3400,No-show,,T00276,4
B002147,C01498,2024-10-02,2024-10-25,fun dive,4,11800,Completed,,T00276,5
B002148,C01499,18/10/2024,2024-10-25,PADI Course,4,26050, Completed,,T00276,6
B002149,C01500,2024-09-16,2024-10-25,course,4,27300, Completed,,T00276,7
B002150,C00919,September 25 2024,2024-10-25,fun dive,1,3700,COMPLETED,,T00276,8
B002151,C01501,2024-10-25,2024-10-25,fun dive,3,10050,completed,,T00276,9
B002152,C01177,2024-10-01,2024-10-26,fundive,3,10100,Completed,,T00277,1
B002153,C01502,2024-09-28,2024-10-26,Discovery Dive,1,4950,Completed,,T00277,2
B002154,C01503,2024-09-22,2024-10-26,Fun dive,1,3450,CANCELLED,Customer,T00277,3
B002155,C01504,11/09/2024,2024-10-26,Fun dive,2,7600,completed,,T00277,6
B002156,C01505,2024-09-11,2024-10-26,Fun Dive,1,3750,completed,,T00277,7
B002157,C01506,September 23 2024,2024-10-26,Fun dive,3,9050,No-show,,T00277,8
B002158,C00650,03/10/2024,2024-10-26,discovery dive,1,5100,completed,,T00277,9
B002159,C01507,2024-10-10,2024-10-26,Discovery,1,5200,Completed,,T00277,10
B002160,C01508,2024-10-24,2024-10-27,DSD,1,4450,no-show,,T00278,1
B002161,C01509,2024-09-12,2024-10-27,discovery dive,1,5250,Completed,,T00278,2
B002162,C01510,27/09/2024,2024-10-27,Fun dive,1,3900,Completed,,T00278,4
B002163,C01511,2024-09-30,2024-10-27,Discovery Dive,1,4400,COMPLETED,,T00278,5
B002164,C01512,2024-10-03,2024-10-27,Fun dive,3,11350,Completed,,T00278,6
B002165,C01220,01/10/2024,2024-10-27,DSD,1,5550,CANCELLED,Customer,T00278,7
B002166,C01513,2024-09-29,2024-10-27,Fun Dive,2,6800,completed,,T00278,9
B002167,C01514,2024-10-11,2024-10-27,FUN DIVE,1,3550,completed,,T00278,10
B002168,C01515,2024-09-13,2024-10-27,Discovery Dive,1,5500,Completed,,T00278,11
B002169,C01516,2024-10-13,2024-10-28,COURSE,4,27700,CANCELLED,Weather,T00279,1
B002170,C01517,October 16 2024,2024-10-28,discovery dive,1,5250,cancelled,Weather,T00279,2
B002171,C01518,October 4 2024,2024-10-28,Discovery Dive,1,5550,cancelled,Weather,T00279,3
B002172,C01519,22/09/2024,2024-10-28,Fun dive,1,3800, cancelled ,Weather,T00279,4
B002173,C01520,2024-09-29,2024-10-28,Discovery,1,5150,Cancelled,Weather,T00279,5
B002174,C01521,2024-10-12,2024-10-28,DSD,1,4200,CANCELLED,Weather,T00279,7
B002175,C01522,30/09/2024,2024-10-28,Fun dive,1,3500, Completed,,T00279,8
B002176,C01523,13/10/2024,2024-10-28,DSD,1,5000,Cancelled,Weather,T00279,9
B002177,C01430,06/10/2024,2024-10-28,Fun dive,1,3850, cancelled ,Weather,T00279,10
B002178,C01524,2024-10-02,2024-10-29,discovery dive,1,5650,COMPLETED,,T00280,1
B002179,C01525,20/09/2024,2024-10-29,fun dive,1,2900,Completed,,T00280,2
B002180,C00994,2024-09-17,2024-10-29,fun dive,3,11650,Completed,,T00280,5
B002181,C01526,2024-10-23,2024-10-29,Fun Dive,3,9800,COMPLETED,,T00280,6
B002182,C01527,2024-09-26,2024-10-29,fun dive,4,12550,Completed,,T00280,7
B002183,C01528,18/09/2024,2024-10-29,fundive,2,7550,Completed,,T00280,8
B002184,C01529,October 6 2024,2024-10-29,discovery dive,1,5450,no-show,,T00280,9
B002185,C01530,2024-10-11,2024-10-29,COURSE,5,23700,COMPLETED,,T00280,12
B002186,C00585,2024-10-29,2024-10-30,fun dive,1,2900,CANCELLED,Weather,T00281,1
B002187,C01531,24/10/2024,2024-10-30,fundive,1,3550,completed,,T00281,3
B002188,C01308,2024-09-20,2024-10-30,FUN DIVE,3,10300,completed,,T00281,4
B002189,C01532,2024-09-17,2024-10-30,Fun dive,2,6950,Completed,,T00281,5
B002190,C01533,2024-09-30,2024-10-30,Fun dive,1,3150,No-Show,,T00281,6
B002191,C01299,2024-09-16,2024-10-30,FUN DIVE,2,7600, Completed,,T00281,8
B002192,C01534,23/10/2024,2024-10-31,COURSE,4,25600,Completed,,T00282,1
B002193,C01068,2024-10-08,2024-10-31,COURSE,4,25950,COMPLETED,,T00282,2
B002194,C01418,19/10/2024,2024-10-31,Fun Dive,4,12300,CANCELLED,,T00282,3
B002195,C01176,15/10/2024,2024-10-31,Course,4,26950, Completed,,T00282,5
B002196,C01535,2024-09-17,2024-10-31,Fun dive,1,3500, Completed,,T00282,6
B002197,C01536,2024-10-21,2024-10-31,DISCOVERY DIVE,1,4850,Cancelled,Weather,T00282,7
B002198,C01537,2024-10-17,2024-10-31,discovery dive,2,9450, cancelled ,Customer,T00282,8
B002199,C01538,2024-10-13,2024-11-01,FUN DIVE,3,10500,completed,,T00283,1
B002200,C01539,October 3 2024,2024-11-01,Discovery,1,4550,CANCELLED,,T00283,2
B002201,C01540,October 29 2024,2024-11-01,FUN DIVE,4,15250,Cancelled,,T00283,4
B002202,C00212,2024-10-27,2024-11-01,Fun dive,1,3250, Completed,,T00283,5
B002203,C01541,September 29 2024,2024-11-01,fun dive,2,7600,COMPLETED,,T00283,6
B002204,C01542,2024-10-06,2024-11-01,Fun Dive,1,3050, Completed,,T00283,7
B002205,C01543,20/10/2024,2024-11-02,Course,5,25850,COMPLETED,,T00284,1
B002206,C00153,2024-09-20,2024-11-02,Discovery,1,5400, Completed,,T00284,2
B002207,C01283,2024-10-02,2024-11-02,Fun dive,2,7900,completed,,T00284,3
B002208,C01544,2024-10-20,2024-11-02,COURSE,4,28900, Completed,,T00284,4
B002209,C01545,02/10/2024,2024-11-02,DISCOVERY DIVE,1,5400,COMPLETED,,T00284,5
B002210,C01368,2024-10-04,2024-11-02,fundive,2,6050,Cancelled,Customer,T00284,6
B002211,C01546,2024-10-13,2024-11-03,discovery dive,1,4300,COMPLETED,,T00285,3
B002212,C01547,2024-10-18,2024-11-03,Fun dive,4,11350,cancelled,,T00285,4
B002213,C01548,2024-10-12,2024-11-03,fun dive,4,14000, Completed,,T00285,6
B002214,C01549,2024-10-24,2024-11-03,course,4,25600,No-show,,T00285,7
B002215,C01550,2024-09-25,2024-11-03,fun dive,1,3750,Completed,,T00285,8
B002216,C01551,2024-10-30,2024-11-03,Course,4,24500,Completed,,T00285,9
B002217,C01552,October 23 2024,2024-11-03,Fun dive,2,7050,Completed,,T00285,10
B002218,C01553,2024-10-05,2024-11-03,DSD,1,5050, Completed,,T00285,11
B002219,C01554,October 21 2024,2024-11-03,fundive,4,12450,Completed,,T00285,12
B002220,C01555,2024-10-09,2024-11-03,Fun dive,1,3450,Completed,,T00286,1
B002221,C01556,25/09/2024,2024-11-03,Course,5,23500,COMPLETED,,T00286,2
B002222,C01557,2024-09-22,2024-11-03,Discovery Dive,1,5400,COMPLETED,,T00286,3
B002223,C00345,17/10/2024,2024-11-03,Discovery,1,5150,Completed,,T00286,4
B002224,C01558,2024-10-03,2024-11-03,Fun Dive,2,7400,completed,,T00286,5
B002225,C01559,2024-10-10,2024-11-03,Fun dive,1,3500,COMPLETED,,T00286,6
B002226,C01560,2024-10-22,2024-11-03,course,4,27500, Completed,,T00286,10
B002227,C01561,2024-10-25,2024-11-03,fun dive,3,11450,cancelled,,T00287,2
B002228,C01562,2024-10-24,2024-11-03,PADI Course,5,27450,completed,,T00287,3
B002229,C01563,2024-09-22,2024-11-03,Fun Dive,4,14850,Completed,,T00287,4
B002230,C01564,2024-10-18,2024-11-03,Discovery,1,5350,completed,,T00287,5
B002231,C01565,2024-10-06,2024-11-03,Fun Dive,2,7150,Completed,,T00287,6
B002232,C01566,13/10/2024,2024-11-03,discovery dive,1,5200,completed,,T00287,7
B002233,C01567,2024-10-29,2024-11-03,Discovery,1,4900,COMPLETED,,T00287,8
B002234,C01568,2024-09-27,2024-11-03,fundive,2,7450, Completed,,T00287,9
B002235,C01569,October 18 2024,2024-11-03,discovery dive,1,4400,Cancelled,Customer,T00287,10
B002236,C01570,2024-10-04,2024-11-03,Course,4,27550,Completed,,T00287,11
B002237,C01517,2024-11-03,2024-11-04,fun dive,1,3750,COMPLETED,,T00288,1
B002238,C01520,31/10/2024,2024-11-04,Discovery Dive,1,4700, Completed,,T00288,2
B002239,C00535,October 20 2024,2024-11-04,DISCOVERY DIVE,1,4750,completed,,T00288,3
B002240,C01571,2024-10-06,2024-11-04,PADI Course,5,25100,Completed,,T00288,4
B002241,C01572,2024-10-08,2024-11-04,fun dive,2,5750, Completed,,T00288,5
B002242,C01573,2024-10-05,2024-11-04,DISCOVERY DIVE,1,5200,COMPLETED,,T00288,6
B002243,C01574,2024-10-30,2024-11-04,fun dive,2,7400,completed,,T00288,8
B002244,C01161,2024-09-30,2024-11-04,FUN DIVE,2,7500, Completed,,T00288,9
B002245,C01575,2024-10-18,2024-11-04,PADI Course,4,24600,completed,,T00288,11
B002246,C01576,27/10/2024,2024-11-05,PADI Course,4,27050, Completed,,T00289,1
B002247,C01577,21/09/2024,2024-11-05,FUN DIVE,2,7650,completed,,T00289,2
B002248,C01578,24/10/2024,2024-11-05,discovery dive,2,10200,Completed,,T00289,3
B002249,C01579,2024-09-27,2024-11-05,fun dive,2,5750,Completed,,T00289,4
B002250,C01580,2024-10-17,2024-11-05,FUN DIVE,1,4000,completed,,T00289,6
B002251,C01581,24/09/2024,2024-11-05,fundive,4,12350,Completed,,T00289,7
B002252,C01582,2024-11-02,2024-11-05,fundive,3,10250,completed,,T00289,8
B002253,C00828,2024-10-09,2024-11-06,Course,5,25350,COMPLETED,,T00290,1
B002254,C01583,2024-10-23,2024-11-06,DSD,1,5250,COMPLETED,,T00290,2
B002255,C01584,21/10/2024,2024-11-06,Fun Dive,3,10700,completed,,T00290,3
B002256,C01585,2024-10-08,2024-11-06,fun dive,3,10100,Completed,,T00290,6
B002257,C01586,2024-11-05,2024-11-06,Fun Dive,2,7450,completed,,T00290,7
B002258,C01587,02/11/2024,2024-11-06,DSD,1,4350,COMPLETED,,T00290,8
B002259,C01025,2024-09-29,2024-11-07,FUN DIVE,1,3700,Cancelled,Customer,T00291,2
B002260,C01588,2024-09-23,2024-11-07,fun dive,3,11800,completed,,T00291,3
B002261,C01589,17/10/2024,2024-11-07,Discovery Dive,1,5000,Completed,,T00291,4
B002262,C01433,2024-10-19,2024-11-07,FUN DIVE,3,11100, Completed,,T00291,5
B002263,C01590,22/10/2024,2024-11-07,course,4,25450,Completed,,T00291,6
B002264,C01498,2024-11-03,2024-11-07,fun dive,3,8800, Completed,,T00291,7
B002265,C00670,2024-09-27,2024-11-07,fundive,4,13600, Completed,,T00291,8
B002266,C01591,October 13 2024,2024-11-07,Discovery,1,5050,completed,,T00292,1
B002267,C01534,2024-10-19,2024-11-07,discovery dive,1,5300, Completed,,T00292,2
B002268,C01592,October 16 2024,2024-11-07,discovery dive,1,4300, Completed,,T00292,3
B002269,C01593,2024-10-17,2024-11-07,PADI Course,5,26200,Completed,,T00292,4
B002270,C01594,2024-10-27,2024-11-07,Course,5,25700,COMPLETED,,T00292,6
B002271,C00795,2024-10-17,2024-11-07,fun dive,2,6950,completed,,T00292,7
B002272,C01595,08/10/2024,2024-11-07,COURSE,5,25600,Completed,,T00292,8
B002273,C01174,September 28 2024,2024-11-07,fun dive,2,6950,COMPLETED,,T00292,10
B002274,C01596,2024-11-03,2024-11-08,fundive,1,3100,No-Show,,T00293,2
B002275,C01597,October 11 2024,2024-11-08,discovery dive,1,5300,Completed,,T00293,3
B002276,C01173,2024-10-22,2024-11-08,Fun Dive,1,3750,COMPLETED,,T00293,5
B002277,C00184,2024-10-03,2024-11-08,Fun dive,1,3800, Completed,,T00293,6
B002278,C00637,11/10/2024,2024-11-08,Course,5,25400, cancelled ,Weather,T00293,7
B002279,C01598,2024-10-01,2024-11-08,FUN DIVE,2,7550,COMPLETED,,T00293,9
B002280,C01599,November 7 2024,2024-11-08,course,5,22650,No-Show,,T00293,10
B002281,C01600,2024-10-27,2024-11-08,PADI Course,5,26800,completed,,T00293,11
B002282,C01601,2024-11-02,2024-11-08,fun dive,2,7700,COMPLETED,,T00294,1
B002283,C01278,2024-10-13,2024-11-08,fundive,3,10250, Completed,,T00294,2
B002284,C01602,2024-10-08,2024-11-08,fundive,3,11550,Completed,,T00294,5
B002285,C01603,22/10/2024,2024-11-08,Discovery,1,5350,Completed,,T00294,6
B002286,C01604,24/09/2024,2024-11-08,Fun Dive,3,11350, Completed,,T00294,8
B002287,C00922,30/10/2024,2024-11-08,Discovery,1,4600, cancelled ,Customer,T00294,9
B002288,C00480,2024-09-28,2024-11-09,FUN DIVE,1,3400,CANCELLED,,T00295,1
B002289,C01605,September 26 2024,2024-11-09,DISCOVERY DIVE,1,5200,COMPLETED,,T00295,2
B002290,C01345,2024-10-03,2024-11-09,fundive,4,15050, Completed,,T00295,4
B002291,C01350,01/11/2024,2024-11-09,Fun dive,1,3700,COMPLETED,,T00295,5
B002292,C01606,06/10/2024,2024-11-09,Fun dive,3,8700,CANCELLED,Medical,T00295,6
B002293,C01607,2024-10-19,2024-11-09,fun dive,1,3600,completed,,T00295,7
B002294,C01608,2024-10-27,2024-11-09,Discovery Dive,2,9000,completed,,T00295,8
B002295,C01609,October 26 2024,2024-11-09,DSD,1,5350,Completed,,T00296,1
B002296,C01610,October 17 2024,2024-11-09,Fun Dive,1,3400,COMPLETED,,T00296,3
B002297,C01611,2024-10-14,2024-11-09,fun dive,3,10200,COMPLETED,,T00296,4
B002298,C01612,28/10/2024,2024-11-09,Fun Dive,3,10700,Completed,,T00296,7
B002299,C01613,November 8 2024,2024-11-09,Course,4,24650,completed,,T00296,8
B002300,C01448,2024-10-31,2024-11-09,Fun Dive,4,14300,completed,,T00296,9
B002301,C01614,2024-10-09,2024-11-09,COURSE,4,24500,Completed,,T00296,10
B002302,C01615,2024-10-16,2024-11-09,Discovery,1,4550,COMPLETED,,T00296,11
B002303,C01211,October 10 2024,2024-11-09,fun dive,3,10600,COMPLETED,,T00296,12
B002304,C00513,October 10 2024,2024-11-09,FUN DIVE,1,3650,Cancelled,Weather,T00297,1
B002305,C00848,2024-10-12,2024-11-09,Fun Dive,1,3650, cancelled ,Weather,T00297,2
B002306,C01616,2024-11-04,2024-11-09,FUN DIVE,1,3000,Completed,,T00297,3
B002307,C01582,2024-10-24,2024-11-09,Fun dive,4,13450, Completed,,T00297,5
B002308,C01617,2024-09-26,2024-11-09,PADI Course,5,27150,COMPLETED,,T00297,7
B002309,C01618,2024-10-13,2024-11-09,COURSE,4,26100, Completed,,T00297,8
B002310,C01619,27/10/2024,2024-11-09,Discovery,1,5100,Cancelled,Weather,T00297,9
B002311,C01620,2024-10-04,2024-11-09,Discovery,1,4450,COMPLETED,,T00297,10
B002312,C01621,September 30 2024,2024-11-10,Discovery,1,5400,completed,,T00298,1
B002313,C01622,27/10/2024,2024-11-10,DSD,1,4800,COMPLETED,,T00298,2
B002314,C01623,06/11/2024,2024-11-10,PADI Course,5,27000,COMPLETED,,T00298,3
B002315,C01624,2024-09-26,2024-11-10,discovery dive,1,5650,Completed,,T00298,5
B002316,C01625,09/11/2024,2024-11-10,Discovery Dive,1,4200,CANCELLED,Customer,T00298,6
B002317,C01626,01/10/2024,2024-11-10,Discovery,1,5300, cancelled ,Weather,T00298,8
B002318,C01627,2024-11-03,2024-11-11,Fun Dive,2,7650,completed,,T00299,1
B002319,C01628,2024-10-13,2024-11-11,fundive,3,11550, Completed,,T00299,2
B002320,C01629,October 5 2024,2024-11-11,PADI Course,5,23350,Completed,,T00299,5
B002321,C01630,September 30 2024,2024-11-11,course,5,25550,COMPLETED,,T00299,6
B002322,C01631,2024-10-19,2024-11-11,Discovery Dive,2,9050, Completed,,T00299,8
B002323,C01632,2024-10-13,2024-11-11,DISCOVERY DIVE,1,4450,completed,,T00299,9
B002324,C01343,2024-10-15,2024-11-11,fundive,2,6950, Completed,,T00299,10
B002325,C01633,2024-10-16,2024-11-11,fundive,1,3800,CANCELLED,Medical,T00299,11
B002326,C01634,14/10/2024,2024-11-12,PADI Course,5,24250,COMPLETED,,T00300,2
B002327,C01635,2024-10-29,2024-11-12,FUN DIVE,4,11350,CANCELLED,Customer,T00300,3
B002328,C01636,17/10/2024,2024-11-12,Fun dive,1,2900,COMPLETED,,T00300,4
B002329,C01637,2024-09-30,2024-11-12,Fun Dive,2,6950,Completed,,T00300,5
B002330,C01638,2024-11-10,2024-11-12,Fun Dive,2,7400, Completed,,T00300,6
B002331,C00747,2024-11-04,2024-11-12,COURSE,5,25400,Completed,,T00300,7
B002332,C00933,2024-11-04,2024-11-12,course,5,23250,no-show,,T00300,8
B002333,C01639,29/10/2024,2024-11-12,Fun Dive,1,3450,Completed,,T00300,9
B002334,C01640,October 26 2024,2024-11-13,DISCOVERY DIVE,1,5500,completed,,T00301,1
B002335,C01641,2024-10-26,2024-11-13,FUN DIVE,1,3650,completed,,T00301,2
B002336,C01642,2024-11-06,2024-11-13,Fun Dive,3,8500,COMPLETED,,T00301,3
B002337,C01643,November 5 2024,2024-11-13,Fun dive,2,7650,completed,,T00301,4
B002338,C01644,2024-10-31,2024-11-13,Discovery,1,4200,completed,,T00301,6
B002339,C01215,2024-11-06,2024-11-13,FUN DIVE,4,15600,Completed,,T00301,7
B002340,C01645,12/10/2024,2024-11-13,Fun Dive,3,9300,Completed,,T00302,1
B002341,C01646,2024-11-04,2024-11-13,fundive,3,10350,completed,,T00302,2
B002342,C01647,2024-10-22,2024-11-13,Discovery,1,4550, Completed,,T00302,3
B002343,C01648,2024-11-08,2024-11-13,PADI Course,4,24500,COMPLETED,,T00302,4
B002344,C01649,2024-11-08,2024-11-13,COURSE,4,25450, Completed,,T00302,5
B002345,C01300,2024-10-02,2024-11-13,FUN DIVE,1,3700,COMPLETED,,T00302,8
B002346,C01650,30/10/2024,2024-11-14,DSD,1,5550,Completed,,T00303,1
B002347,C01651,22/10/2024,2024-11-14,Fun dive,4,12350,No-show,,T00303,2
B002348,C01652,2024-11-02,2024-11-14,DISCOVERY DIVE,1,4250,COMPLETED,,T00303,3
B002349,C01653,30/09/2024,2024-11-14,DSD,1,4450, Completed,,T00303,4
B002350,C01079,2024-11-06,2024-11-14,FUN DIVE,4,15600,Completed,,T00303,5
B002351,C01608,18/10/2024,2024-11-14,discovery dive,1,4500,completed,,T00303,6
B002352,C00942,October 20 2024,2024-11-14,FUN DIVE,3,11000,Completed,,T00303,7
B002353,C01654,2024-10-23,2024-11-14,DSD,1,5750, Completed,,T00303,9
B002354,C01655,2024-11-02,2024-11-14,DISCOVERY DIVE,1,5050,Completed,,T00303,10
B002355,C01656,26/10/2024,2024-11-14,fundive,2,7600,completed,,T00303,11
B002356,C01657,2024-10-06,2024-11-14,Fun dive,1,3450,completed,,T00304,1
B002357,C01658,2024-11-13,2024-11-14,Fun dive,4,14750,completed,,T00304,2
B002358,C01659,2024-10-02,2024-11-14,FUN DIVE,4,12850,COMPLETED,,T00304,3
B002359,C01660,2024-10-30,2024-11-14,course,4,26250,No-Show,,T00304,4
B002360,C01661,2024-10-13,2024-11-14,PADI Course,4,28150,COMPLETED,,T00304,5
B002361,C01662,2024-10-06,2024-11-14,Discovery,2,10400,completed,,T00304,8
B002362,C01663,2024-10-12,2024-11-14,Fun Dive,4,12300,Completed,,T00304,9
B002363,C00678,2024-11-08,2024-11-14,course,4,24400,Completed,,T00304,11
B002364,C01351,2024-10-02,2024-11-15,Fun Dive,1,4000,COMPLETED,,T00305,1
B002365,C01664,October 6 2024,2024-11-15,fun dive,3,10550,COMPLETED,,T00305,2
B002366,C01665,09/10/2024,2024-11-15,discovery dive,1,4950,completed,,T00305,4
B002367,C01666,2024-10-31,2024-11-15,course,4,27250,CANCELLED,Weather,T00305,5
B002368,C01667,28/10/2024,2024-11-15,course,5,27350,Completed,,T00305,6
B002369,C01141,October 25 2024,2024-11-15,Fun dive,1,3650, Completed,,T00305,7
B002370,C01668,October 26 2024,2024-11-15,DISCOVERY DIVE,1,5200, cancelled ,Weather,T00305,9
B002371,C01669,2024-11-07,2024-11-15,Fun dive,3,11600,No-Show,,T00306,1
B002372,C01670,2024-10-10,2024-11-15,fundive,4,15450,Completed,,T00306,3
B002373,C01671,2024-10-14,2024-11-15,fun dive,1,3650, cancelled ,Weather,T00306,4
B002374,C01672,2024-11-06,2024-11-15,Fun dive,1,-3300,COMPLETED,,T00306,5
B002375,C00433,2024-11-15,2024-11-15,FUN DIVE,2,7250,CANCELLED,Weather,T00306,7
B002376,C01673,2024-11-12,2024-11-15,Fun Dive,2,5850,Cancelled,Weather,T00306,8
B002377,C01607,2024-10-31,2024-11-15,Fun dive,3,10600, Completed,,T00306,9
B002378,C01674,2024-10-24,2024-11-15,Fun dive,3,10450,completed,,T00306,10
B002379,C01675,2024-10-06,2024-11-15,Fun Dive,3,10250,Cancelled,Weather,T00306,11
B002380,C01485,05/10/2024,2024-11-16,fun dive,2,7200,Completed,,T00307,1
B002381,C01676,2024-10-20,2024-11-16,DISCOVERY DIVE,1,4500,cancelled,Weather,T00307,2
B002382,C01164,2024-11-01,2024-11-16,PADI Course,4,28000, cancelled ,Weather,T00307,3
B002383,C01157,2024-10-10,2024-11-16,Fun dive,1,3350,cancelled,Weather,T00307,5
B002384,C01677,28/10/2024,2024-11-16,fundive,1,3700,COMPLETED,,T00307,6
B002385,C01678,2024-10-28,2024-11-16,Fun dive,1,3650,completed,,T00307,7
B002386,C01679,2024-10-18,2024-11-16,fun dive,2,7450,completed,,T00307,9
B002387,C01680,2024-10-08,2024-11-16,Discovery,1,5100,completed,,T00307,10
B002388,C01681,2024-11-16,2024-11-16,Fun dive,1,3800,Completed,,T00307,12
B002389,C01682,2024-10-23,2024-11-17,fun dive,3,10950,completed,,T00308,1
B002390,C01683,October 22 2024,2024-11-17,Discovery Dive,1,5550,cancelled,Weather,T00308,2
B002391,C01684,2024-10-15,2024-11-17,DISCOVERY DIVE,1,5200, cancelled ,Weather,T00308,3
B002392,C00016,2024-10-26,2024-11-17,Fun dive,1,3600,Completed,,T00308,5
B002393,C01685,2024-10-31,2024-11-17,Discovery Dive,1,5200,completed,,T00308,6
B002394,C01686,14/11/2024,2024-11-17,Fun dive,1,3550,Cancelled,Weather,T00308,7
B002395,C01687,14/11/2024,2024-11-17,FUN DIVE,2,7350,Completed,,T00308,8
B002396,C01688,13/10/2024,2024-11-18,Fun dive,3,10650,Cancelled,Weather,T00309,1
B002397,C01689,2024-10-06,2024-11-18,PADI Course,4,22550, cancelled ,Weather,T00309,2
B002398,C01114,November 12 2024,2024-11-18,FUN DIVE,3,10050,completed,,T00309,3
B002399,C01690,16/11/2024,2024-11-18,FUN DIVE,4,15000,Completed,,T00309,4
B002400,C01180,October 26 2024,2024-11-18,Fun Dive,4,12600,Cancelled,Weather,T00309,6
B002401,C01691,October 31 2024,2024-11-18,DISCOVERY DIVE,1,4950,Completed,,T00309,7
B002402,C01692,2024-10-22,2024-11-18,FUN DIVE,3,9750,CANCELLED,Weather,T00309,8
B002403,C01693,2024-11-10,2024-11-18,DISCOVERY DIVE,1,5300,Cancelled,Weather,T00309,9
B002404,C01694,26/10/2024,2024-11-18,DSD,1,5400,Completed,,T00309,10
B002405,C01695,2024-10-21,2024-11-18,course,4,26750,completed,,T00309,12
B002406,C01696,2024-10-23,2024-11-18,Fun dive,1,3750,CANCELLED,Weather,T00310,1
B002407,C01697,2024-10-07,2024-11-18,Discovery Dive,1,4100,CANCELLED,,T00310,2
B002408,C01698,2024-10-29,2024-11-18,DSD,1,4250, Completed,,T00310,4
B002409,C01699,2024-11-01,2024-11-18,DISCOVERY DIVE,1,5150,Completed,,T00310,5
B002410,C01294,2024-10-08,2024-11-18,FUN DIVE,2,6900,CANCELLED,Weather,T00310,7
B002411,C01496,2024-11-05,2024-11-18,Fun Dive,3,10650, Completed,,T00310,8
B002412,C01060,2024-10-15,2024-11-18,course,4,27950, Completed,,T00310,9
B002413,C01700,04/10/2024,2024-11-18,fundive,1,3300,Cancelled,Weather,T00310,10
B002414,C01701,2024-10-28,2024-11-19,DSD,1,5400,cancelled,Weather,T00311,1
B002415,C01702,16/11/2024,2024-11-19,Fun Dive,3,9800,Cancelled,Weather,T00311,2
B002416,C01703,09/11/2024,2024-11-19,FUN DIVE,3,9050,cancelled,Weather,T00311,4
B002417,C01704,2024-10-15,2024-11-19,course,4,27550,CANCELLED,Weather,T00311,6
B002418,C00660,18/10/2024,2024-11-19,DISCOVERY DIVE,1,5350,CANCELLED,,T00311,7
B002419,C01705,07/10/2024,2024-11-19,DSD,1,5550,Cancelled,Weather,T00311,8
B002420,C01706,October 27 2024,2024-11-19,fun dive,2,7450,Cancelled,Weather,T00311,9
B002421,C01707,05/10/2024,2024-11-19,DSD,2,10350,CANCELLED,Weather,T00311,10
B002422,C01091,2024-10-24,2024-11-19,fun dive,3,10150,cancelled,Weather,T00312,1
B002423,C00203,24/10/2024,2024-11-19,fun dive,1,3350,Completed,,T00312,2
B002424,C01708,2024-10-10,2024-11-19,DISCOVERY DIVE,1,5050,Cancelled,Customer,T00312,5
B002425,C01109,2024-10-07,2024-11-19,fun dive,3,10750, cancelled ,Weather,T00312,6
B002426,C01709,2024-10-20,2024-11-19,fun dive,1,3650, cancelled ,Customer,T00312,7
B002427,C01349,2024-10-23,2024-11-19,Discovery Dive,2,8950,CANCELLED,Weather,T00312,8
B002428,C01492,October 14 2024,2024-11-19,Fun Dive,2,6800,CANCELLED,,T00312,9
B002429,C01710,2024-10-22,2024-11-19,fun dive,4,13800,completed,,T00312,10
B002430,C01704,2024-10-16,2024-11-19,fundive,2,7350,CANCELLED,Weather,T00312,12
B002431,C01711,2024-10-08,2024-11-20,fun dive,1,3550, cancelled ,Weather,T00313,1
B002432,C01712,2024-11-14,2024-11-20,DISCOVERY DIVE,1,4150, cancelled ,Weather,T00313,2
B002433,C00011,2024-10-12,2024-11-20,FUN DIVE,4,13750,Cancelled,Weather,T00313,3
B002434,C01713,2024-10-25,2024-11-20,DSD,1,5100,cancelled,Weather,T00313,4
B002435,C01714,2024-10-08,2024-11-20,DISCOVERY DIVE,1,5050, cancelled ,Weather,T00313,7
B002436,C01715,10/11/2024,2024-11-20,DISCOVERY DIVE,1,4600,Cancelled,Weather,T00313,8
B002437,C01716,09/10/2024,2024-11-20,DSD,1,5250,cancelled,,T00313,9
B002438,C01717,2024-10-26,2024-11-21,FUN DIVE,1,3250,Cancelled,Medical,T00314,1
B002439,C01020,2024-10-08,2024-11-21,DSD,1,4850, Completed,,T00314,2
B002440,C01718,2024-10-21,2024-11-21,Discovery,1,5350,CANCELLED,Weather,T00314,3
B002441,C01719,2024-10-07,2024-11-21,fundive,3,11200,completed,,T00314,4
B002442,C01720,2024-10-11,2024-11-21,FUN DIVE,1,3600,Cancelled,Weather,T00314,6
B002443,C01130,2024-10-12,2024-11-21,course,5,25650,CANCELLED,Weather,T00314,7
B002444,C01721,October 27 2024,2024-11-21,discovery dive,1,5600,COMPLETED,,T00314,8
B002445,C01722,2024-11-07,2024-11-21,DSD,1,4200, Completed,,T00314,9
B002446,C01723,2024-10-18,2024-11-21,FUN DIVE,2,7100, Completed,,T00314,11
B002447,C01724,October 13 2024,2024-11-21,course,4,25200,COMPLETED,,T00315,1
B002448,C01725,2024-11-17,2024-11-21,Discovery Dive,1,4550,completed,,T00315,2
B002449,C01726,2024-11-06,2024-11-21,course,5,24600,cancelled,Weather,T00315,3
B002450,C00996,21/10/2024,2024-11-21,PADI Course,4,21250,completed,,T00315,4
B002451,C01727,2024-10-26,2024-11-21,FUN DIVE,1,2900,COMPLETED,,T00315,5
B002452,C01728,2024-11-12,2024-11-21,fundive,2,7350,Completed,,T00315,6
B002453,C00030,November 3 2024,2024-11-21,fundive,2,7000,Completed,,T00315,7
B002454,C01729,2024-10-15,2024-11-21,Course,4,23450,cancelled,Customer,T00315,10
B002455,C01730,2024-10-21,2024-11-22,Discovery,2,10500,Completed,,T00316,1
B002456,C01731,2024-10-26,2024-11-22,Fun dive,4,12300,Completed,,T00316,3
B002457,C01732,15/10/2024,2024-11-22,COURSE,5,27300,CANCELLED,Weather,T00316,4
B002458,C01733,15/11/2024,2024-11-22,fun dive,1,3100,CANCELLED,,T00316,5
B002459,C01734,October 24 2024,2024-11-22,fundive,2,7600,Completed,,T00316,6
B002460,C01735,2024-10-20,2024-11-22,Discovery Dive,1,4500,no-show,,T00316,7
B002461,C00381,03/11/2024,2024-11-22,Fun Dive,3,8700,COMPLETED,,T00316,9
B002462,C01736,2024-11-21,2024-11-23,Fun dive,1,3450, Completed,,T00317,1
B002463,C01737,04/11/2024,2024-11-23,Course,5,28700,Completed,,T00317,2
B002464,C01738,11/11/2024,2024-11-23,Fun dive,1,3200,completed,,T00317,3
B002465,C00946,24/10/2024,2024-11-23,fun dive,4,14800,completed,,T00317,4
B002466,C00996,2024-10-26,2024-11-23,fundive,2,6550,COMPLETED,,T00317,5
B002467,C01739,October 30 2024,2024-11-23,Fun dive,1,3850,COMPLETED,,T00317,7
B002468,C01369,2024-11-16,2024-11-23,Fun dive,1,3800,Completed,,T00317,8
B002469,C01285,2024-10-14,2024-11-23,fun dive,3,10350, Completed,,T00317,9
B002470,C01293,2024-11-08,2024-11-23,fundive,1,3100,COMPLETED,,T00317,11
B002471,C01740,2024-10-21,2024-11-24,DSD,1,4550,Completed,,T00318,1
B002472,C01741,2024-10-20,2024-11-24,DISCOVERY DIVE,1,5600,Completed,,T00318,2
B002473,C01742,October 29 2024,2024-11-24,fundive,2,7000,completed,,T00318,4
B002474,C01743,2024-10-12,2024-11-24,discovery dive,1,4700,completed,,T00318,5
B002475,C01744,2024-10-25,2024-11-24,FUN DIVE,2,7550,Cancelled,Weather,T00318,7
B002476,C01745,2024-10-22,2024-11-24,PADI Course,4,27650,COMPLETED,,T00318,8
B002477,C01746,2024-10-25,2024-11-24,course,5,25650,COMPLETED,,T00318,9
B002478,C01260,November 10 2024,2024-11-25,DSD,1,5300,Completed,,T00319,1
B002479,C01747,21/11/2024,2024-11-25,fundive,3,11100,COMPLETED,,T00319,2
B002480,C01748,2024-11-23,2024-11-25,Discovery Dive,1,4150,COMPLETED,,T00319,3
B002481,C01749,2024-11-15,2024-11-25,Fun dive,3,9400,cancelled,Medical,T00319,4
B002482,C01750,2024-10-14,2024-11-25,Fun Dive,1,3700,completed,,T00319,6
B002483,C01573,2024-11-02,2024-11-25,Discovery,1,5000,COMPLETED,,T00319,7
B002484,C01751,October 16 2024,2024-11-25,Discovery,1,4450,CANCELLED,Customer,T00319,8
B002485,C01092,18/10/2024,2024-11-26,FUN DIVE,1,3550,Completed,,T00320,2
B002486,C01752,31/10/2024,2024-11-26,PADI Course,5,26250,Completed,,T00320,3
B002487,C01753,November 15 2024,2024-11-26,FUN DIVE,2,7300,Completed,,T00320,4
B002488,C01754,12/11/2024,2024-11-26,fun dive,1,2950, cancelled ,,T00320,5
B002489,C01755,2024-10-31,2024-11-26,Fun Dive,1,3800,COMPLETED,,T00320,6
B002490,C01756,2024-11-11,2024-11-26,fun dive,4,14200,completed,,T00320,8
B002491,C01757,2024-11-14,2024-11-27,course,4,27700,completed,,T00321,1
B002492,C01758,2024-10-27,2024-11-27,PADI Course,5,27050,COMPLETED,,T00321,2
B002493,C01759,2024-11-03,2024-11-27,Fun Dive,2,7750,COMPLETED,,T00321,3
B002494,C01760,2024-11-22,2024-11-27,DISCOVERY DIVE,1,5250,COMPLETED,,T00321,5
B002495,C01761,November 21 2024,2024-11-27,fundive,1,3550,COMPLETED,,T00321,6
B002496,C01294,2024-10-27,2024-11-27,DISCOVERY DIVE,1,5300, Completed,,T00321,7
B002497,C01762,2024-11-08,2024-11-27,DSD,1,4350,Completed,,T00321,8
B002498,C01763,19/11/2024,2024-11-27,Fun Dive,2,7050,completed,,T00322,2
B002499,C01764,19/10/2024,2024-11-27,fun dive,1,3300,COMPLETED,,T00322,3
B002500,C01765,20/11/2024,2024-11-27,fun dive,3,10700,COMPLETED,,T00322,4
B002501,C01708,2024-11-09,2024-11-27,fun dive,4,13550,Completed,,T00322,6
B002502,C01766,2024-11-27,2024-11-27,fundive,1,3550, Completed,,T00322,7
B002503,C01767,21/10/2024,2024-11-27,Fun Dive,4,11400,Completed,,T00322,8
B002504,C01768,2024-10-15,2024-11-27,Discovery Dive,1,4650,Completed,,T00322,9
B002505,C01769,2024-10-30,2024-11-27,Course,4,27050,Completed,,T00322,10
B002506,C01770,18/10/2024,2024-11-27,FUN DIVE,2,7250, Completed,,T00322,11
B002507,C01771,November 24 2024,2024-11-27,FUN DIVE,2,7950,completed,,T00322,12
B002508,C01772,2024-10-31,2024-11-28,Discovery,2,9300,COMPLETED,,T00323,2
B002509,C01773,15/11/2024,2024-11-28,COURSE,5,24300,COMPLETED,,T00323,3
B002510,C01479,26/11/2024,2024-11-28,Fun Dive,2,7850,Completed,,T00323,4
B002511,C01099,13/11/2024,2024-11-28,fun dive,2,6850,COMPLETED,,T00323,5
B002512,C01774,2024-11-07,2024-11-28,fun dive,1,3600,Completed,,T00323,6
B002513,C01775,2024-10-27,2024-11-28,FUN DIVE,1,3650,Completed,,T00323,7
B002514,C01776,2024-11-26,2024-11-28,Discovery,2,8500,COMPLETED,,T00323,9
B002515,C00761,2024-10-23,2024-11-28,Fun Dive,3,11150,completed,,T00323,10
B002516,C01777,23/11/2024,2024-11-28,course,5,21650,completed,,T00323,11
B002517,C01778,2024-11-04,2024-11-29,Fun dive,2,7350,COMPLETED,,T00324,1
B002518,C01779,2024-11-14,2024-11-29,fun dive,3,11450,COMPLETED,,T00324,2
B002519,C01780,October 25 2024,2024-11-29,fun dive,1,3550,Completed,,T00324,3
B002520,C01781,2024-11-24,2024-11-29,Fun dive,1,3550,Completed,,T00324,4
B002521,C01782,2024-10-21,2024-11-29,discovery dive,1,5300,Completed,,T00324,5
B002522,C00083,17/10/2024,2024-11-29,Fun Dive,4,12600,COMPLETED,,T00324,7
B002523,C01783,2024-11-11,2024-11-29,Fun dive,2,7200, Completed,,T00324,8
B002524,C01784,23/11/2024,2024-11-30,fundive,2,6850,Completed,,T00325,1
B002525,C01785,October 25 2024,2024-11-30,Fun dive,3,11300, Completed,,T00325,2
B002526,C01786,2024-10-31,2024-11-30,fundive,4,12400,Completed,,T00325,4
B002527,C01408,2024-11-16,2024-11-30,FUN DIVE,1,3850, Completed,,T00325,5
B002528,C01787,November 25 2024,2024-11-30,fun dive,4,12400,completed,,T00325,6
B002529,C01514,November 30 2024,2024-11-30,fun dive,3,10950,COMPLETED,,T00325,7
B002530,C01788,2024-11-30,2024-11-30,fun dive,2,6850,Completed,,T00325,8
B002531,C01789,2024-11-20,2024-11-30,DISCOVERY DIVE,1,4850,COMPLETED,,T00325,9
B002532,C01790,2024-10-23,2024-11-30,DISCOVERY DIVE,1,5600,No-Show,,T00325,11
B002533,C01791,2024-11-30,2024-12-01,Course,4,26450,completed,,T00326,2
B002534,C01025,2024-11-16,2024-12-01,Fun dive,1,3550,CANCELLED,,T00326,3
B002535,C01792,09/11/2024,2024-12-01,Discovery,1,5650,completed,,T00326,4
B002536,C01517,2024-11-18,2024-12-01,discovery dive,1,5150,Cancelled,Customer,T00326,6
B002537,C01229,22/10/2024,2024-12-01,Fun dive,2,7800, Completed,,T00326,7
B002538,C01793,09/11/2024,2024-12-01,Course,5,26700,COMPLETED,,T00326,8
B002539,C01226,2024-11-18,2024-12-01,PADI Course,5,27500,Completed,,T00326,11
B002540,C01794,22/11/2024,2024-12-01,Discovery,1,4350,cancelled,Customer,T00327,2
B002541,C01795,2024-11-04,2024-12-01,fun dive,3,11850,Completed,,T00327,3
B002542,C01796,22/11/2024,2024-12-01,fun dive,2,6700,completed,,T00327,4
B002543,C01122,2024-11-04,2024-12-01,fundive,1,3550, Completed,,T00327,5
B002544,C01797,2024-11-27,2024-12-01,fun dive,3,9950,CANCELLED,Customer,T00327,8
B002545,C01798,2024-11-17,2024-12-01,fun dive,3,11750,completed,,T00327,9
B002546,C01799,09/11/2024,2024-12-01,FUN DIVE,2,7200,COMPLETED,,T00327,10
B002547,C01800,12/11/2024,2024-12-01,fundive,1,3000,cancelled,Weather,T00327,11
B002548,C01801,20/11/2024,2024-12-02,Fun dive,1,3550,No-Show,,T00328,1
B002549,C01802,November 29 2024,2024-12-02,DISCOVERY DIVE,1,5400,Cancelled,Customer,T00328,2
B002550,C01803,2024-11-23,2024-12-02,COURSE,4,22600,COMPLETED,,T00328,4
B002551,C01804,09/11/2024,2024-12-02,course,4,27350,COMPLETED,,T00328,5
B002552,C01805,2024-11-01,2024-12-02,FUN DIVE,2,7200,Cancelled,Customer,T00328,6
B002553,C01806,2024-11-30,2024-12-02,fundive,1,3900, Completed,,T00328,8
B002554,C01807,21/10/2024,2024-12-02,Discovery Dive,1,5050,cancelled,Customer,T00328,9
B002555,C01808,27/10/2024,2024-12-02,FUN DIVE,4,13100,COMPLETED,,T00328,10
B002556,C01809,10/11/2024,2024-12-02,Course,4,21050, Completed,,T00328,12
B002557,C01810,2024-11-25,2024-12-02,fundive,2,6250,COMPLETED,,T00329,1
B002558,C01811,December 1 2024,2024-12-02,Fun Dive,1,3400,Completed,,T00329,3
B002559,C01812,31/10/2024,2024-12-02,Course,5,27200, Completed,,T00329,5
B002560,C01813,14/11/2024,2024-12-02,Fun Dive,2,7050,Completed,,T00329,6
B002561,C01814,08/11/2024,2024-12-02,COURSE,4,23900,Completed,,T00329,7
B002562,C01815,01/12/2024,2024-12-02,FUN DIVE,1,3500,completed,,T00329,8
B002563,C01816,24/11/2024,2024-12-03,Fun dive,1,3750,Completed,,T00330,1
B002564,C01519,2024-11-30,2024-12-03,Fun dive,2,8000,Completed,,T00330,2
B002565,C01817,2024-11-05,2024-12-03,Discovery Dive,1,4650,COMPLETED,,T00330,3
B002566,C01818,2024-11-07,2024-12-03,Fun Dive,3,8650,completed,,T00330,4
B002567,C01819,02/12/2024,2024-12-03,DISCOVERY DIVE,2,9800,Completed,,T00330,5
B002568,C01820,October 27 2024,2024-12-03,Fun Dive,2,7550, Completed,,T00330,7
B002569,C01821,2024-11-25,2024-12-03,Discovery Dive,2,10200, Completed,,T00330,8
B002570,C01822,2024-11-19,2024-12-03,Discovery,1,5300,Cancelled,Customer,T00330,9
B002571,C01823,24/10/2024,2024-12-04,Fun Dive,2,7150,Completed,,T00331,3
B002572,C01068,2024-11-05,2024-12-04,FUN DIVE,4,15400,completed,,T00331,4
B002573,C01326,2024-11-05,2024-12-04,Fun Dive,1,3550,CANCELLED,Customer,T00331,5
B002574,C01824,November 21 2024,2024-12-04,fun dive,2,7100,Completed,,T00331,7
B002575,C01825,2024-11-28,2024-12-04,fun dive,4,15100,completed,,T00331,8
B002576,C01826,2024-11-08,2024-12-04,Fun Dive,4,15450,Completed,,T00331,9
B002577,C01416,2024-12-04,2024-12-04,fun dive,4,14400,completed,,T00332,1
B002578,C01827,November 24 2024,2024-12-04,Discovery Dive,2,11300,Completed,,T00332,3
B002579,C01828,2024-11-29,2024-12-04,fun dive,1,3100,Completed,,T00332,4
B002580,C00384,23/11/2024,2024-12-04,Fun Dive,1,3800,CANCELLED,Weather,T00332,5
B002581,C01829,2024-10-27,2024-12-04,FUN DIVE,3,11000,completed,,T00332,6
B002582,C01052,2024-11-05,2024-12-04,Discovery,2,10400,COMPLETED,,T00332,7
B002583,C01830,November 30 2024,2024-12-04,Fun dive,3,9700,Cancelled,Weather,T00332,9
B002584,C01831,2024-10-23,2024-12-04,DISCOVERY DIVE,1,5400,CANCELLED,Weather,T00332,11
B002585,C01832,November 28 2024,2024-12-05,DSD,1,4450,cancelled,Weather,T00333,1
B002586,C01833,December 2 2024,2024-12-05,Discovery,1,5200,Completed,,T00333,2
B002587,C01834,2024-11-25,2024-12-05,fundive,3,10850,Completed,,T00333,3
B002588,C01835,November 6 2024,2024-12-05,FUN DIVE,2,6900, cancelled ,Weather,T00333,6
B002589,C01836,2024-11-13,2024-12-05,FUN DIVE,1,3950, Completed,,T00333,7
B002590,C01837,02/11/2024,2024-12-05,fundive,1,3500,COMPLETED,,T00333,8
B002591,C01838,2024-10-23,2024-12-05,DISCOVERY DIVE,1,5050,completed,,T00334,1
B002592,C01839,24/10/2024,2024-12-05,COURSE,4,27700,Cancelled,Weather,T00334,2
B002593,C01840,2024-11-17,2024-12-05,Course,4,26850,COMPLETED,,T00334,3
B002594,C01841,October 25 2024,2024-12-05,DISCOVERY DIVE,1,5050,COMPLETED,,T00334,4
B002595,C01842,2024-10-29,2024-12-05,DISCOVERY DIVE,2,10800, Completed,,T00334,5
B002596,C01843,November 29 2024,2024-12-05,Discovery Dive,1,4100, cancelled ,Weather,T00334,7
B002597,C01844,2024-11-07,2024-12-05,fun dive,1,3800,No-Show,,T00334,8
B002598,C01845,2024-10-26,2024-12-05,Fun Dive,4,14150,COMPLETED,,T00334,9
B002599,C01846,11/11/2024,2024-12-06,fun dive,1,3700,Cancelled,Weather,T00335,1
B002600,C01847,05/11/2024,2024-12-06,Fun dive,4,13400,CANCELLED,Customer,T00335,2
B002601,C00574,2024-11-10,2024-12-06,Fun dive,3,11050,Completed,,T00335,4
B002602,C01848,2024-11-26,2024-12-06,DSD,1,5350,COMPLETED,,T00335,5
B002603,C01849,01/12/2024,2024-12-06,discovery dive,1,5050, cancelled ,Weather,T00335,6
B002604,C01850,November 20 2024,2024-12-06,Fun dive,1,3250,Completed,,T00335,7
B002605,C01851,16/11/2024,2024-12-06,COURSE,5,20650, cancelled ,,T00335,9
B002606,C01852,2024-11-21,2024-12-06,FUN DIVE,2,6900,COMPLETED,,T00335,10
B002607,C01853,October 22 2024,2024-12-06,COURSE,4,26600,Cancelled,Weather,T00336,1
B002608,C01854,02/11/2024,2024-12-06,fun dive,2,7350,completed,,T00336,2
B002609,C01855,2024-11-04,2024-12-06,PADI Course,4,24650,Cancelled,Medical,T00336,3
B002610,C01678,2024-11-05,2024-12-06,FUN DIVE,4,14150,COMPLETED,,T00336,5
B002611,C00985,2024-10-25,2024-12-06,fundive,4,14950,COMPLETED,,T00336,6
B002612,C01856,2024-11-04,2024-12-06,fun dive,2,6750,Cancelled,,T00336,7
B002613,C01857,24/10/2024,2024-12-06,Discovery,1,5100,COMPLETED,,T00336,8
B002614,C01858,2024-11-22,2024-12-07,Discovery,1,5500, Completed,,T00337,1
B002615,C01859,06/11/2024,2024-12-07,DISCOVERY DIVE,1,4900,Completed,,T00337,2
B002616,C01533,25/10/2024,2024-12-07,Fun dive,4,12750,Cancelled,Weather,T00337,3
B002617,C01860,2024-11-08,2024-12-07,Course,5,24650, cancelled ,Weather,T00337,4
B002618,C01861,2024-10-23,2024-12-07,FUN DIVE,4,12200,CANCELLED,Weather,T00337,5
B002619,C01862,23/11/2024,2024-12-07,Fun Dive,1,3550,Completed,,T00337,6
B002620,C01863,25/11/2024,2024-12-07,discovery dive,1,5600,cancelled,Customer,T00337,8
B002621,C01289,2024-11-20,2024-12-07,Course,5,24500,No-Show,,T00337,9
B002622,C01864,2024-11-01,2024-12-07,Fun Dive,3,10300, Completed,,T00337,11
B002623,C01536,2024-11-13,2024-12-07,fundive,4,14200,COMPLETED,,T00337,12
B002624,C01865,2024-12-05,2024-12-07,DSD,1,5350,CANCELLED,Weather,T00338,1
B002625,C01866,2024-10-26,2024-12-07,Discovery Dive,1,5750,Completed,,T00338,2
B002626,C01867,November 18 2024,2024-12-07,discovery dive,1,5400, cancelled ,Weather,T00338,4
B002627,C01868,2024-11-01,2024-12-07,Fun dive,1,4000, Completed,,T00338,5
B004894,C03615,11/10/2025,2025-10-11,Fun dive,3,8300,COMPLETED,,T00643,1
B002628,C01869,04/11/2024,2024-12-07,DSD,1,5350, cancelled ,Customer,T00338,6
B002629,C01622,02/12/2024,2024-12-07,DSD,1,4900,cancelled,Weather,T00338,7
B002630,C01368,November 19 2024,2024-12-07,fun dive,1,3150, Completed,,T00338,8
B002631,C01870,November 29 2024,2024-12-07,Discovery,1,4400,Completed,,T00338,9
B002632,C01779,October 30 2024,2024-12-07,course,4,25300,Completed,,T00338,11
B002633,C01871,02/12/2024,2024-12-08,course,5,23050,COMPLETED,,T00339,1
B002634,C01872,2024-12-04,2024-12-08,fundive,4,13350,Cancelled,,T00339,4
B002635,C01747,2024-12-02,2024-12-08,fundive,4,15250,NO-SHOW,,T00339,5
B002636,C00974,2024-11-22,2024-12-08,discovery dive,1,5050,Completed,,T00339,6
B002637,C01873,2024-11-17,2024-12-08,fundive,4,12650,COMPLETED,,T00339,7
B002638,C01845,December 5 2024,2024-12-08,Fun Dive,2,7750,Completed,,T00339,8
B002639,C01874,2024-10-29,2024-12-08,Discovery Dive,1,5600, Completed,,T00340,2
B002640,C01875,2024-11-11,2024-12-08,Fun dive,4,14050,CANCELLED,,T00340,3
B002641,C00079,2024-11-07,2024-12-08,fundive,2,6850,Completed,,T00340,4
B002642,C01803,2024-11-27,2024-12-08,fundive,3,8950,COMPLETED,,T00340,5
B002643,C01876,November 16 2024,2024-12-08,Course,5,24550, cancelled ,Medical,T00340,6
B002644,C01877,2024-11-07,2024-12-08,fun dive,3,9700,Completed,,T00340,7
B002645,C01878,2024-11-27,2024-12-08,Discovery Dive,1,5450, Completed,,T00340,8
B002646,C01879,2024-11-06,2024-12-08,discovery dive,1,5150,CANCELLED,Customer,T00340,9
B002647,C01880,17/11/2024,2024-12-08,DISCOVERY DIVE,1,5300,completed,,T00340,10
B002648,C01881,2024-11-14,2024-12-08,Fun dive,2,6800,Cancelled,Customer,T00340,11
B002649,C01882,25/10/2024,2024-12-08,DSD,1,5700,completed,,T00341,1
B003593,C02377,08/02/2025,2025-02-10,Discovery Dive,1,5300,completed,,T00460,11
B002650,C01883,2024-11-11,2024-12-08,DSD,1,5300,COMPLETED,,T00341,2
B002651,C01884,2024-11-09,2024-12-08,DISCOVERY DIVE,2,10600, Completed,,T00341,3
B002652,C01885,05/12/2024,2024-12-08,DSD,1,4600,completed,,T00341,4
B002653,C01886,2024-11-05,2024-12-08,Fun Dive,1,3450, cancelled ,Customer,T00341,5
B002654,C01887,2024-11-26,2024-12-08,course,4,22900,cancelled,Customer,T00341,6
B002655,C00464,2024-10-29,2024-12-08,fun dive,2,6950, Completed,,T00341,7
B002656,C01888,28/11/2024,2024-12-08,discovery dive,1,5350, Completed,,T00341,8
B002657,C01669,2024-11-19,2024-12-09,FUN DIVE,1,3800,COMPLETED,,T00342,1
B002658,C01889,2024-12-09,2024-12-09,course,5,24700, Completed,,T00342,5
B002659,C01853,03/12/2024,2024-12-09,Fun Dive,1,3600,Completed,,T00342,6
B002660,C01890,2024-11-28,2024-12-09,Fun Dive,3,9750,COMPLETED,,T00342,7
B002661,C01891,23/11/2024,2024-12-09,Discovery,1,5000,completed,,T00342,8
B002662,C01892,09/12/2024,2024-12-09,Discovery,1,4400, cancelled ,Customer,T00342,9
B002663,C00742,2024-11-25,2024-12-09,Discovery,1,5250,completed,,T00342,10
B002664,C01893,2024-12-05,2024-12-10,fun dive,2,7400,Completed,,T00343,1
B002665,C01668,2024-12-08,2024-12-10,Fun Dive,3,10050,Completed,,T00343,2
B002666,C01894,2024-11-30,2024-12-10,Fun dive,2,7150, Completed,,T00343,3
B002667,C01895,2024-11-01,2024-12-10,DSD,1,5450,cancelled,Customer,T00343,4
B002668,C01459,06/12/2024,2024-12-10,course,4,20800,Completed,,T00343,6
B002669,C01896,2024-11-18,2024-12-10,Fun dive,3,11400,completed,,T00343,7
B002670,C01897,2024-11-01,2024-12-10,Fun Dive,2,7150,COMPLETED,,T00343,8
B002671,C01898,2024-11-18,2024-12-10,Fun Dive,1,3500,Cancelled,Customer,T00344,1
B002672,C01899,2024-11-03,2024-12-10,Discovery Dive,1,4150,Cancelled,Customer,T00344,2
B002673,C01900,2024-11-19,2024-12-10,FUN DIVE,2,6350,completed,,T00344,3
B002674,C01901,2024-10-27,2024-12-10,fun dive,3,10400,no-show,,T00344,4
B002675,C01902,2024-12-05,2024-12-10,Discovery Dive,1,4250,Completed,,T00344,5
B002676,C01903,2024-11-27,2024-12-10,discovery dive,1,4900,COMPLETED,,T00344,6
B002677,C01904,23/11/2024,2024-12-10,Discovery,1,5500, Completed,,T00344,8
B002678,C01905,2024-11-22,2024-12-10,Fun Dive,4,15800, Completed,,T00344,9
B002679,C01906,November 5 2024,2024-12-10,Fun dive,3,11750, Completed,,T00344,10
B002680,C01907,2024-11-05,2024-12-10,PADI Course,4,27500,cancelled,Medical,T00344,12
B002681,C01908,2024-11-29,2024-12-11,FUN DIVE,2,7150,completed,,T00345,1
B002682,C01909,November 8 2024,2024-12-11,Discovery,1,4650,NO-SHOW,,T00345,2
B002683,C01809,2024-11-22,2024-12-11,fun dive,3,9800,no-show,,T00345,3
B002684,C01910,2024-11-26,2024-12-11,Discovery,1,5050, cancelled ,Customer,T00345,4
B002685,C01911,27/10/2024,2024-12-11,discovery dive,1,5000,COMPLETED,,T00345,5
B002686,C01912,2024-11-22,2024-12-11,fundive,2,7100,Completed,,T00345,6
B002687,C01913,December 9 2024,2024-12-11,PADI Course,5,24450,COMPLETED,,T00345,7
B002688,C01914,2024-11-05,2024-12-11,FUN DIVE,1,3500,COMPLETED,,T00345,8
B002689,C01915,18/11/2024,2024-12-11,Discovery,1,5300,Completed,,T00345,10
B002690,C01339,04/11/2024,2024-12-11,fundive,4,14350,completed,,T00345,12
B002691,C01916,2024-11-14,2024-12-12,Fun dive,2,6850, Completed,,T00346,2
B002692,C00066,05/12/2024,2024-12-12,fun dive,2,8000, Completed,,T00346,3
B002693,C01917,2024-11-05,2024-12-12,DISCOVERY DIVE,1,4550,CANCELLED,Customer,T00346,5
B002694,C01918,2024-11-10,2024-12-12,course,4,25600, Completed,,T00346,6
B002695,C00708,2024-12-10,2024-12-12,fundive,1,3850,completed,,T00346,7
B002696,C01919,2024-11-15,2024-12-12,Course,4,24950,NO-SHOW,,T00346,8
B002697,C01920,06/11/2024,2024-12-12,FUN DIVE,1,3600, Completed,,T00346,9
B002698,C01921,10/12/2024,2024-12-12,fun dive,1,3800, Completed,,T00346,11
B002699,C01062,2024-11-15,2024-12-12,fundive,2,6600,COMPLETED,,T00347,2
B002700,C01922,17/11/2024,2024-12-12,Discovery Dive,2,10900, Completed,,T00347,3
B002701,C01923,2024-11-01,2024-12-12,Discovery Dive,1,4600,no-show,,T00347,4
B002702,C01678,01/11/2024,2024-12-12,FUN DIVE,3,11000,cancelled,Customer,T00347,6
B002703,C01924,2024-12-03,2024-12-12,Fun dive,1,3400,COMPLETED,,T00347,7
B002704,C01925,2024-12-01,2024-12-12,Discovery Dive,1,4500,COMPLETED,,T00347,8
B002705,C01926,2024-11-21,2024-12-13,Discovery Dive,2,9300,completed,,T00348,1
B002706,C01927,13/11/2024,2024-12-13,fundive,1,3300,Completed,,T00348,2
B002707,C01928,2024-11-28,2024-12-13,course,4,25900, cancelled ,Weather,T00348,3
B002708,C01929,2024-11-02,2024-12-13,Fun dive,4,15100,COMPLETED,,T00348,4
B002709,C01930,2024-12-04,2024-12-13,Course,5,24350,Completed,,T00348,5
B002710,C01931,2024-11-09,2024-12-13,discovery dive,2,10450,COMPLETED,,T00348,6
B002711,C01405,13/11/2024,2024-12-13,Fun Dive,1,3200,completed,,T00348,7
B002712,C01326,2024-12-08,2024-12-13,course,5,23800, Completed,,T00348,8
B002713,C01932,16/11/2024,2024-12-13,FUN DIVE,2,7000,COMPLETED,,T00348,9
B002714,C01933,2024-11-06,2024-12-13,fundive,4,11550,Completed,,T00348,10
B002715,C01934,2024-11-11,2024-12-13,Fun Dive,3,10650,COMPLETED,,T00349,1
B002716,C01935,10/12/2024,2024-12-13,Discovery,1,5700,completed,,T00349,2
B002717,C01936,2024-11-02,2024-12-13,fun dive,1,3500,Completed,,T00349,3
B002718,C01165,2024-12-12,2024-12-13,PADI Course,5,23600,COMPLETED,,T00349,5
B002719,C01937,2024-11-24,2024-12-13,Fun Dive,1,3550,completed,,T00349,6
B002720,C01938,2024-11-06,2024-12-14,Course,4,25800,COMPLETED,,T00350,1
B002721,C01939,December 11 2024,2024-12-14,fun dive,2,6950,Completed,,T00350,2
B002722,C01940,2024-11-06,2024-12-14,PADI Course,5,26550,Cancelled,Weather,T00350,3
B002723,C01941,December 7 2024,2024-12-14,PADI Course,4,23800,completed,,T00350,4
B002724,C01942,2024-11-20,2024-12-14,fun dive,1,3250,cancelled,Medical,T00350,5
B002725,C01943,2024-11-02,2024-12-14,PADI Course,4,26300,NO-SHOW,,T00350,6
B002726,C01944,2024-10-30,2024-12-14,Discovery Dive,1,5200, Completed,,T00350,8
B002727,C01945,21/11/2024,2024-12-14,Fun dive,1,3450,Completed,,T00350,10
B002728,C01946,2024-11-26,2024-12-14,fun dive,4,15300, Completed,,T00350,11
B002729,C01551,2024-11-03,2024-12-14,Fun dive,1,3650,CANCELLED,,T00351,1
B002730,C01947,13/12/2024,2024-12-14,fun dive,3,9700,completed,,T00351,2
B002731,C01948,2024-12-07,2024-12-14,fun dive,2,6350,COMPLETED,,T00351,3
B002732,C01949,25/11/2024,2024-12-14,course,4,27150,completed,,T00351,4
B002733,C01950,10/11/2024,2024-12-14,FUN DIVE,1,3450,Cancelled,Customer,T00351,5
B002734,C01951,10/12/2024,2024-12-14,fun dive,4,12950,COMPLETED,,T00351,6
B002735,C01952,2024-10-31,2024-12-14,discovery dive,1,5550,Completed,,T00351,7
B002736,C01953,2024-11-17,2024-12-15,Discovery,1,5050,CANCELLED,Customer,T00352,1
B002737,C01954,2024-12-03,2024-12-15,DSD,1,5500, Completed,,T00352,2
B002738,C01209,2024-12-14,2024-12-15,DISCOVERY DIVE,1,4950, Completed,,T00352,3
B002739,C01568,27/11/2024,2024-12-15,Fun dive,1,3800, Completed,,T00352,5
B002740,C01955,06/11/2024,2024-12-15,Discovery,1,5550,COMPLETED,,T00352,6
B002741,C01956,2024-11-12,2024-12-15,fun dive,2,7050, Completed,,T00352,7
B002742,C01957,2024-11-28,2024-12-15,course,4,26900,No-Show,,T00352,8
B002743,C01958,December 13 2024,2024-12-15,DISCOVERY DIVE,1,5600,completed,,T00352,9
B002744,C01490,2024-11-05,2024-12-15,Fun dive,4,14100,completed,,T00352,10
B002745,C01959,2024-11-29,2024-12-15,fundive,2,6550,cancelled,Customer,T00353,2
B002746,C01960,2024-11-20,2024-12-15,Fun dive,1,3600,completed,,T00353,3
B002747,C01961,December 3 2024,2024-12-15,fun dive,2,6550,Cancelled,,T00353,4
B002748,C01626,December 15 2024,2024-12-15,Fun dive,1,3900, Completed,,T00353,6
B002749,C01885,2024-11-10,2024-12-15,course,4,20600,cancelled,Customer,T00353,7
B002750,C01962,2024-12-02,2024-12-15,DISCOVERY DIVE,1,5100,completed,,T00353,8
B002751,C01852,November 20 2024,2024-12-15,Fun Dive,1,3800, Completed,,T00353,9
B002752,C01963,12/12/2024,2024-12-15,DSD,1,4650, Completed,,T00353,10
B002753,C01964,December 1 2024,2024-12-15,Fun Dive,4,14600,Completed,,T00353,11
B002754,C01159,2024-12-12,2024-12-15,Fun Dive,2,7200,Completed,,T00353,12
B002755,C01965,2024-12-15,2024-12-16,Discovery Dive,1,5300,Completed,,T00354,1
B002756,C01966,2024-11-20,2024-12-16,fundive,4,15400, cancelled ,Customer,T00354,2
B002757,C01967,2024-12-14,2024-12-16,fundive,4,15850,Completed,,T00354,3
B002758,C01968,2024-11-07,2024-12-16,Fun dive,3,10150, Completed,,T00354,4
B002759,C01969,November 30 2024,2024-12-16,fundive,3,11500, Completed,,T00354,5
B002760,C01970,20/11/2024,2024-12-16,COURSE,5,21000,COMPLETED,,T00354,6
B002761,C00716,December 14 2024,2024-12-16,fundive,3,11900, Completed,,T00354,7
B002762,C01971,2024-11-30,2024-12-16,Fun dive,2,5800,Completed,,T00355,2
B002763,C01972,2024-11-01,2024-12-16,discovery dive,1,5050, Completed,,T00355,4
B002764,C01973,November 4 2024,2024-12-16,discovery dive,1,5200,No-show,,T00355,5
B002765,C01974,2024-11-15,2024-12-16,FUN DIVE,1,3100,completed,,T00355,6
B002766,C01965,03/11/2024,2024-12-16,DSD,1,5450,COMPLETED,,T00355,7
B002767,C01975,23/11/2024,2024-12-16,Discovery Dive,1,4450,completed,,T00355,8
B002768,C00435,12/11/2024,2024-12-17,PADI Course,5,25750,Completed,,T00356,1
B002769,C00424,2024-12-17,2024-12-17,fun dive,2,7200,COMPLETED,,T00356,2
B002770,C01976,2024-12-15,2024-12-17,Discovery Dive,1,4700,COMPLETED,,T00356,5
B002771,C01977,2024-12-15,2024-12-17,FUN DIVE,1,2850,COMPLETED,,T00356,6
B002772,C01757,2024-12-05,2024-12-17,fundive,2,7100,Cancelled,Medical,T00356,7
B002773,C01978,10/11/2024,2024-12-17,course,4,25250,completed,,T00356,9
B002774,C01979,2024-11-27,2024-12-17,FUN DIVE,1,3800,COMPLETED,,T00356,10
B002775,C01980,2024-12-03,2024-12-17,DISCOVERY DIVE,2,10450,COMPLETED,,T00356,11
B002776,C01981,2024-12-07,2024-12-17,fundive,3,8500,NO-SHOW,,T00356,12
B002777,C01266,2024-11-20,2024-12-18,FUN DIVE,2,7000, Completed,,T00357,1
B002778,C01982,2024-11-04,2024-12-18,Fun Dive,1,3700,Completed,,T00357,2
B002779,C01983,04/11/2024,2024-12-18,discovery dive,1,4800,completed,,T00357,3
B002780,C01984,2024-12-08,2024-12-18,course,5,26350,completed,,T00357,4
B002781,C01985,25/11/2024,2024-12-18,Discovery,2,11450,COMPLETED,,T00357,5
B002782,C01986,2024-12-13,2024-12-18,COURSE,5,27200, cancelled ,Customer,T00357,6
B007082,C05420,2026-04-12,2026-05-21,Fun Dive,1,3400,Completed,,T00912,6
B002783,C01987,2024-12-08,2024-12-18,Discovery,1,5050,No-Show,,T00357,8
B002784,C01988,November 18 2024,2024-12-18,course,5,24650,COMPLETED,,T00357,9
B002785,C01989,01/12/2024,2024-12-18,DISCOVERY DIVE,1,5250, Completed,,T00357,10
B002786,C01990,2024-12-01,2024-12-18,Discovery Dive,1,4600, Completed,,T00358,1
B002787,C01991,2024-11-18,2024-12-18,discovery dive,1,5100, Completed,,T00358,2
B002788,C01992,2024-11-18,2024-12-18,COURSE,4,27200, Completed,,T00358,3
B002789,C01993,2024-12-16,2024-12-18,FUN DIVE,3,11550,Cancelled,,T00358,4
B002790,C01994,2024-12-03,2024-12-18,FUN DIVE,2,7250, cancelled ,Medical,T00358,5
B002791,C01961,November 6 2024,2024-12-18,fun dive,4,14800,Completed,,T00358,6
B002792,C01995,24/11/2024,2024-12-18,Discovery Dive,2,10750,COMPLETED,,T00358,9
B002793,C01996,01/12/2024,2024-12-18,Discovery,1,4700, cancelled ,Medical,T00358,10
B002794,C01997,2024-12-18,2024-12-19,DISCOVERY DIVE,1,5400,Completed,,T00359,1
B002795,C01434,22/11/2024,2024-12-19,COURSE,5,22100, cancelled ,Medical,T00359,2
B002796,C01998,05/12/2024,2024-12-19,Fun Dive,3,10800, Completed,,T00359,4
B002797,C01999,2024-11-16,2024-12-19,Discovery,1,5650,Completed,,T00359,5
B002798,C01812,2024-12-06,2024-12-19,Fun Dive,1,3550, Completed,,T00359,6
B002799,C02000,2024-11-19,2024-12-19,fun dive,1,3800,CANCELLED,,T00359,7
B002800,C01177,2024-11-18,2024-12-19,fun dive,2,6950,COMPLETED,,T00359,8
B002801,C02001,2024-12-06,2024-12-19,course,5,26950, Completed,,T00359,9
B002802,C02002,December 12 2024,2024-12-19,Fun dive,2,7650,Completed,,T00359,10
B002803,C02003,2024-12-17,2024-12-19,Fun dive,2,6000,COMPLETED,,T00359,12
B002804,C02004,19/11/2024,2024-12-19,discovery dive,1,5450,Completed,,T00360,1
B002805,C02005,19/11/2024,2024-12-19,Course,4,28300,Completed,,T00360,2
B002806,C02006,06/11/2024,2024-12-19,Fun Dive,2,7300,No-Show,,T00360,3
B002807,C02007,November 13 2024,2024-12-19,DSD,1,5050,CANCELLED,,T00360,4
B002808,C02008,2024-11-30,2024-12-19,Discovery Dive,1,5400, Completed,,T00360,5
B002809,C02009,2024-12-07,2024-12-19,Discovery Dive,2,10700, Completed,,T00360,6
B002810,C02010,2024-11-11,2024-12-19,FUN DIVE,1,3550,Completed,,T00360,7
B002811,C02011,2024-11-14,2024-12-19,Fun dive,3,10400,COMPLETED,,T00360,8
B002812,C02012,2024-11-04,2024-12-19,DSD,1,5650,COMPLETED,,T00360,9
B002813,C02013,29/11/2024,2024-12-20,Fun Dive,1,3500,COMPLETED,,T00361,1
B002814,C01451,2024-12-17,2024-12-20,Fun Dive,1,3650, cancelled ,Customer,T00361,2
B002815,C00005,2024-12-01,2024-12-20,fun dive,4,13800,completed,,T00361,3
B002816,C02014,09/11/2024,2024-12-20,course,4,26900,Completed,,T00361,4
B002817,C02015,2024-11-06,2024-12-20,Fun dive,3,10950,Completed,,T00361,5
B002818,C01385,2024-11-13,2024-12-20,fun dive,1,3550,Cancelled,Weather,T00361,7
B002819,C02016,2024-11-16,2024-12-20,DSD,1,5550, cancelled ,Customer,T00361,9
B002820,C02017,13/11/2024,2024-12-20,Course,5,20950,completed,,T00362,1
B002821,C02018,10/12/2024,2024-12-20,DSD,1,4950,COMPLETED,,T00362,2
B002822,C02019,2024-12-05,2024-12-20,DISCOVERY DIVE,1,5150, Completed,,T00362,3
B002823,C02020,2024-11-23,2024-12-20,FUN DIVE,4,14700,completed,,T00362,4
B002824,C01954,2024-11-12,2024-12-20,PADI Course,5,27050,CANCELLED,,T00362,5
B002825,C02021,2024-12-13,2024-12-20,Discovery,1,4100,COMPLETED,,T00362,6
B002826,C02022,December 3 2024,2024-12-20,Fun dive,4,16000,Completed,,T00362,7
B002827,C02023,08/11/2024,2024-12-20,COURSE,5,24300,Completed,,T00362,9
B002828,C02024,19/11/2024,2024-12-20,Discovery,1,4900, Completed,,T00362,10
B002829,C02025,2024-11-13,2024-12-21,COURSE,4,27600,COMPLETED,,T00363,1
B002830,C02026,2024-12-10,2024-12-21,DSD,2,9700,cancelled,Customer,T00363,3
B002831,C02027,2024-11-14,2024-12-21,fun dive,2,6950, Completed,,T00363,4
B002832,C02028,2024-11-18,2024-12-21,Fun dive,1,3300,COMPLETED,,T00363,5
B002833,C01768,2024-11-24,2024-12-21,Discovery Dive,1,4700,completed,,T00363,7
B002834,C01614,2024-11-16,2024-12-21,Course,5,26750,completed,,T00363,8
B002835,C01387,November 22 2024,2024-12-21,DISCOVERY DIVE,1,5100, Completed,,T00363,9
B002836,C02029,2024-12-04,2024-12-21,fun dive,1,3500,COMPLETED,,T00363,10
B002837,C02030,2024-12-21,2024-12-21,DSD,1,5650,NO-SHOW,,T00364,1
B002838,C00210,25/11/2024,2024-12-21,Fun dive,3,10800,Completed,,T00364,2
B002839,C02031,2024-12-13,2024-12-21,fundive,4,13850,COMPLETED,,T00364,4
B002840,C02032,2024-12-02,2024-12-21,FUN DIVE,1,3400, cancelled ,Customer,T00364,6
B002841,C02033,16/12/2024,2024-12-21,COURSE,5,24450,no-show,,T00364,7
B002842,C00790,2024-12-04,2024-12-21,Fun Dive,1,3400,cancelled,Customer,T00364,8
B002843,C02034,22/11/2024,2024-12-21,Discovery,2,10500,completed,,T00364,9
B002844,C02035,2024-11-08,2024-12-21,fun dive,2,7850,COMPLETED,,T00364,11
B002845,C02036,2024-12-13,2024-12-22,Fun Dive,4,14750, Completed,,T00365,1
B002846,C02037,2024-11-11,2024-12-22,DISCOVERY DIVE,1,4250, cancelled ,Customer,T00365,2
B002847,C02038,2024-12-05,2024-12-22,Discovery Dive,1,5600,cancelled,Weather,T00365,3
B002848,C02039,2024-11-30,2024-12-22,DISCOVERY DIVE,1,4300,Cancelled,,T00365,4
B002849,C02040,November 28 2024,2024-12-22,FUN DIVE,2,7500,COMPLETED,,T00365,6
B002850,C02041,November 9 2024,2024-12-22,Fun Dive,1,3450,cancelled,Weather,T00365,7
B002851,C02042,November 24 2024,2024-12-22,Discovery,1,5100, Completed,,T00365,8
B002852,C02043,16/12/2024,2024-12-22,discovery dive,1,4200,Cancelled,Customer,T00365,9
B002853,C02044,01/12/2024,2024-12-22,discovery dive,1,4750,NO-SHOW,,T00365,10
B002854,C01917,2024-11-21,2024-12-23,FUN DIVE,4,13200,COMPLETED,,T00366,1
B002855,C02045,23/12/2024,2024-12-23,Discovery Dive,1,4250,Completed,,T00366,2
B002856,C01871,2024-12-17,2024-12-23,FUN DIVE,4,13700, Completed,,T00366,3
B002857,C02046,2024-11-29,2024-12-23,fun dive,3,9100, Completed,,T00366,4
B002858,C01120,December 22 2024,2024-12-23,fun dive,1,2850,COMPLETED,,T00366,5
B002859,C01382,2024-12-15,2024-12-23,fundive,2,6900,COMPLETED,,T00366,6
B002860,C02047,2024-11-13,2024-12-23,DISCOVERY DIVE,1,4600,COMPLETED,,T00366,7
B002861,C01732,19/12/2024,2024-12-23,fundive,2,7700,CANCELLED,,T00366,9
B002862,C02048,2024-12-01,2024-12-23,Fun dive,4,11850,completed,,T00366,10
B002863,C02049,2024-12-05,2024-12-23,Discovery,1,5350,COMPLETED,,T00367,1
B002864,C02050,2024-11-19,2024-12-23,fun dive,1,3250, Completed,,T00367,2
B002865,C02051,2024-11-30,2024-12-23,fun dive,1,3150,Completed,,T00367,3
B002866,C02052,2024-12-01,2024-12-23,FUN DIVE,1,3500,COMPLETED,,T00367,4
B002867,C02053,30/11/2024,2024-12-23,Fun Dive,2,6950, Completed,,T00367,5
B002868,C02054,November 23 2024,2024-12-23,fun dive,1,3450,completed,,T00367,6
B002869,C02055,2024-12-22,2024-12-23,course,4,22500,Completed,,T00367,8
B002870,C02056,2024-12-20,2024-12-24,COURSE,4,23250,Completed,,T00368,1
B002871,C02057,November 19 2024,2024-12-24,discovery dive,1,5400,no-show,,T00368,3
B002872,C02058,2024-12-19,2024-12-24,Discovery,1,4150, Completed,,T00368,4
B002873,C02052,2024-12-01,2024-12-24,Fun Dive,3,11350, Completed,,T00368,5
B002874,C02059,10/12/2024,2024-12-24,DISCOVERY DIVE,1,5450,COMPLETED,,T00368,7
B002875,C02060,2024-11-25,2024-12-24,Course,5,27900,CANCELLED,Customer,T00368,8
B002876,C01449,18/11/2024,2024-12-24,FUN DIVE,2,6500,completed,,T00368,9
B002877,C02061,2024-12-24,2024-12-24,PADI Course,4,25900,completed,,T00368,10
B002878,C02062,2024-12-21,2024-12-24,DISCOVERY DIVE,1,5300, Completed,,T00368,11
B002879,C02063,14/12/2024,2024-12-24,fundive,1,3600,completed,,T00368,12
B002880,C02064,09/12/2024,2024-12-25,Discovery Dive,1,5150,completed,,T00369,1
B002881,C02065,2024-11-26,2024-12-25,DISCOVERY DIVE,2,9550,completed,,T00369,4
B002882,C02066,2024-12-06,2024-12-25,Fun dive,2,7050,COMPLETED,,T00369,5
B002883,C02067,2024-12-17,2024-12-25,COURSE,5,28350,Completed,,T00369,6
B002884,C02068,2024-12-22,2024-12-25,DSD,2,11100,Completed,,T00369,7
B002885,C01933,2024-12-24,2024-12-25,Fun dive,1,3150,cancelled,Customer,T00369,8
B002886,C00536,25/12/2024,2024-12-25,Discovery,1,5300, Completed,,T00369,9
B002887,C02069,November 28 2024,2024-12-25,FUN DIVE,1,3650,COMPLETED,,T00369,10
B002888,C02070,2024-12-08,2024-12-25,Course,5,20700,completed,,T00369,11
B002889,C02071,2024-11-13,2024-12-25,fun dive,1,3550,cancelled,Customer,T00369,12
B002890,C02072,2024-12-13,2024-12-26,Discovery,1,4900,NO-SHOW,,T00370,1
B002891,C02073,December 1 2024,2024-12-26,FUN DIVE,2,5750,Completed,,T00370,2
B002892,C01387,2024-11-13,2024-12-26,discovery dive,1,5400,completed,,T00370,3
B002893,C01564,20/12/2024,2024-12-26,fundive,1,3750,cancelled,Weather,T00370,5
B002894,C02074,2024-12-10,2024-12-26,Course,4,25450, Completed,,T00370,7
B002895,C02075,24/12/2024,2024-12-26,fundive,2,-5900,COMPLETED,,T00370,8
B002896,C02076,2024-12-01,2024-12-26,course,5,28600, cancelled ,,T00370,9
B002897,C02077,22/12/2024,2024-12-26,COURSE,5,27800,Completed,,T00370,11
B002898,C02078,2024-11-27,2024-12-26,fun dive,4,14150,Completed,,T00371,1
B002899,C00306,2024-12-02,2024-12-26,Fun dive,4,11650,completed,,T00371,2
B002900,C02079,2024-11-18,2024-12-26,COURSE,5,27750, cancelled ,Customer,T00371,3
B002901,C02080,2024-11-28,2024-12-26,fundive,1,3550,Completed,,T00371,6
B002902,C02081,05/12/2024,2024-12-26,Discovery,1,4900,Completed,,T00371,7
B002903,C02082,December 20 2024,2024-12-26,course,5,25400, Completed,,T00371,8
B002904,C02083,December 16 2024,2024-12-26,fun dive,3,10350,completed,,T00371,9
B002905,C01593,2024-12-03,2024-12-27,Fun Dive,3,10800,completed,,T00372,2
B002906,C02084,2024-11-20,2024-12-27,DSD,1,4800, Completed,,T00372,3
B002907,C00805,November 27 2024,2024-12-27,fundive,1,3600, Completed,,T00372,4
B002908,C02085,16/12/2024,2024-12-27,Fun dive,2,7100,COMPLETED,,T00372,5
B002909,C02086,2024-11-14,2024-12-27,fun dive,1,3200,Completed,,T00372,6
B002910,C01604,2024-11-22,2024-12-27,course,5,27600,Completed,,T00372,7
B002911,C02087,December 22 2024,2024-12-27,fundive,3,11750,COMPLETED,,T00372,8
B002912,C02088,2024-12-19,2024-12-27,fun dive,3,10300,CANCELLED,Customer,T00373,2
B002913,C02089,2024-12-18,2024-12-27,FUN DIVE,3,9950,COMPLETED,,T00373,3
B002914,C02090,04/12/2024,2024-12-27,DISCOVERY DIVE,1,5500,NO-SHOW,,T00373,4
B002915,C02091,2024-12-02,2024-12-27,fun dive,1,3350,COMPLETED,,T00373,5
B002916,C02092,2024-11-30,2024-12-27,fundive,3,9800,COMPLETED,,T00373,6
B002917,C02093,2024-11-24,2024-12-27,Course,4,24500,completed,,T00373,7
B002918,C02094,2024-11-25,2024-12-27,Discovery,1,5200, Completed,,T00373,8
B002919,C02095,2024-12-04,2024-12-27,Discovery Dive,1,4600,COMPLETED,,T00373,9
B002920,C02096,2024-11-18,2024-12-28,fun dive,4,13650, Completed,,T00374,1
B002921,C02097,18/11/2024,2024-12-28,Fun Dive,1,3500,COMPLETED,,T00374,3
B002922,C02098,November 23 2024,2024-12-28,PADI Course,5,25150,No-show,,T00374,4
B002923,C02099,29/11/2024,2024-12-28,FUN DIVE,3,9950,completed,,T00374,5
B002924,C02100,December 10 2024,2024-12-28,Fun Dive,3,10250,completed,,T00374,6
B002925,C02101,27/12/2024,2024-12-28,Fun dive,4,14700,COMPLETED,,T00374,8
B002926,C02102,12/12/2024,2024-12-28,DISCOVERY DIVE,1,4750,COMPLETED,,T00374,9
B002927,C02103,26/12/2024,2024-12-28,fun dive,3,11100, Completed,,T00375,1
B002928,C00171,2024-12-26,2024-12-28,fundive,2,7400,Completed,,T00375,2
B002929,C02104,December 23 2024,2024-12-28,Fun Dive,4,12550,COMPLETED,,T00375,3
B002930,C01584,25/11/2024,2024-12-28,fun dive,3,11300,Completed,,T00375,5
B002931,C02105,2024-12-22,2024-12-28,Discovery,1,5600, Completed,,T00375,6
B002932,C01745,2024-12-06,2024-12-28,fundive,4,14850,Cancelled,Customer,T00375,7
B002933,C02106,November 29 2024,2024-12-28,FUN DIVE,1,3200,completed,,T00375,8
B002934,C00727,2024-11-21,2024-12-28,fundive,4,14000,Completed,,T00376,1
B002935,C02081,2024-12-26,2024-12-28,fundive,3,10750,COMPLETED,,T00376,2
B002936,C02107,2024-12-03,2024-12-28,Fun dive,2,6300,Cancelled,Customer,T00376,3
B002937,C02078,2024-12-21,2024-12-28,Fun dive,3,10350,cancelled,Customer,T00376,5
B002938,C02108,2024-11-16,2024-12-28,fundive,1,3550,CANCELLED,Customer,T00376,6
B002939,C02109,2024-12-06,2024-12-28,FUN DIVE,2,6550,Completed,,T00376,8
B002940,C02110,2024-12-25,2024-12-28,DSD,1,5450,completed,,T00376,9
B002941,C02111,November 21 2024,2024-12-28,course,4,24950,Completed,,T00376,10
B002942,C02112,2024-12-26,2024-12-29,discovery dive,2,9750,Completed,,T00377,1
B002943,C02090,28/11/2024,2024-12-29,DISCOVERY DIVE,1,5200,completed,,T00377,2
B002944,C02113,December 28 2024,2024-12-29,PADI Course,4,27750,COMPLETED,,T00377,3
B002945,C02114,December 20 2024,2024-12-29,Fun dive,1,3450,Completed,,T00377,4
B002946,C02115,28/12/2024,2024-12-29,Discovery Dive,2,9500, Completed,,T00377,6
B002947,C02116,2024-11-29,2024-12-29,Fun Dive,3,10300,cancelled,,T00377,8
B002948,C02117,2024-11-16,2024-12-29,discovery dive,1,5450,Completed,,T00377,9
B002949,C02118,21/11/2024,2024-12-29,FUN DIVE,3,11700, Completed,,T00377,10
B002950,C01765,2024-12-28,2024-12-29,FUN DIVE,3,11550,COMPLETED,,T00377,11
B002951,C02119,2024-11-14,2024-12-29,fun dive,1,3450,completed,,T00378,1
B002952,C02120,November 19 2024,2024-12-29,Fun Dive,4,12850,Completed,,T00378,2
B002953,C01464,2024-11-20,2024-12-29,fun dive,3,9650,Completed,,T00378,3
B002954,C02121,December 16 2024,2024-12-29,fun dive,1,3750,Completed,,T00378,4
B002955,C02122,27/11/2024,2024-12-29,fundive,2,7500,Completed,,T00378,5
B002956,C02123,2024-11-22,2024-12-29,Discovery Dive,1,5600, Completed,,T00378,6
B002957,C02124,2024-11-22,2024-12-29,Discovery,1,5200,Completed,,T00378,8
B002958,C02125,16/12/2024,2024-12-29,fun dive,1,3600,Completed,,T00378,9
B002959,C02126,2024-12-26,2024-12-30,Fun dive,1,3550,COMPLETED,,T00379,1
B002960,C02127,2024-12-23,2024-12-30,Fun Dive,2,7350, Completed,,T00379,4
B002961,C01508,2024-12-04,2024-12-30,COURSE,4,22550,COMPLETED,,T00379,5
B002962,C02128,2024-11-17,2024-12-30,Course,4,28300,Completed,,T00379,6
B002963,C02129,2024-12-27,2024-12-30,discovery dive,1,5100,Completed,,T00379,7
B002964,C02130,December 12 2024,2024-12-30,DSD,1,4750,Completed,,T00379,9
B002965,C02131,27/11/2024,2024-12-30,DSD,1,5100, Completed,,T00379,10
B002966,C00189,2024-11-30,2024-12-30,fundive,4,14950,COMPLETED,,T00379,11
B002967,C02132,26/12/2024,2024-12-30,course,4,27000, Completed,,T00380,1
B002968,C00423,25/11/2024,2024-12-30,Fun dive,3,11300, Completed,,T00380,2
B002969,C02133,2024-12-23,2024-12-30,Discovery,1,5050,completed,,T00380,3
B002970,C02134,December 13 2024,2024-12-30,fun dive,2,7250,completed,,T00380,6
B002971,C02135,2024-12-05,2024-12-30,fundive,1,3100, Completed,,T00380,7
B002972,C02136,2024-12-01,2024-12-30,Fun Dive,2,6700,Completed,,T00380,8
B002973,C02137,November 29 2024,2024-12-31,fun dive,1,3450,Completed,,T00381,2
B002974,C02138,December 15 2024,2024-12-31,PADI Course,5,24700,completed,,T00381,4
B002975,C02139,2024-12-01,2024-12-31,Fun Dive,1,3900,Completed,,T00381,5
B002976,C00920,December 13 2024,2024-12-31,FUN DIVE,4,14800,completed,,T00381,6
B002977,C02140,2024-12-05,2024-12-31,fun dive,3,11650,COMPLETED,,T00381,7
B002978,C00447,25/11/2024,2024-12-31,Discovery Dive,1,5100,COMPLETED,,T00381,8
B002979,C02141,2024-11-27,2024-12-31,DISCOVERY DIVE,1,5400, Completed,,T00381,9
B002980,C02142,2024-11-16,2024-12-31,fun dive,3,9550,Completed,,T00381,10
B002981,C02143,2024-12-24,2024-12-31,fun dive,2,8000,completed,,T00381,11
B002982,C02144,21/11/2024,2024-12-31,DISCOVERY DIVE,1,5300,COMPLETED,,T00381,12
B002983,C01977,2024-11-25,2025-01-01,course,5,20600,Completed,,T00382,1
B002984,C01649,27/12/2024,2025-01-01,fun dive,3,11350,COMPLETED,,T00382,2
B002985,C02145,2024-12-26,2025-01-01,fun dive,2,6250,Completed,,T00382,3
B002986,C02146,2024-11-22,2025-01-01,fundive,3,9850,completed,,T00382,4
B002987,C02147,2024-11-17,2025-01-01,Fun dive,1,3650, Completed,,T00382,5
B002988,C02148,2024-12-22,2025-01-01,PADI Course,4,23600,Completed,,T00382,6
B002989,C02149,2024-12-10,2025-01-01,discovery dive,2,9900,Completed,,T00382,8
B002990,C02150,2024-12-04,2025-01-01,COURSE,4,26700, Completed,,T00383,2
B002991,C02151,13/12/2024,2025-01-01,Discovery Dive,1,5450,completed,,T00383,3
B002992,C02152,2024-12-20,2025-01-01,Discovery Dive,1,4250,NO-SHOW,,T00383,4
B002993,C02153,20/11/2024,2025-01-01,discovery dive,2,10050,completed,,T00383,5
B002994,C02154,2024-11-30,2025-01-01,COURSE,5,25350, Completed,,T00383,7
B002995,C02155,December 13 2024,2025-01-01,DISCOVERY DIVE,1,4300, Completed,,T00383,8
B002996,C02156,2024-12-10,2025-01-02,PADI Course,4,26000,completed,,T00384,2
B002997,C02052,08/12/2024,2025-01-02,Fun Dive,1,3750, Completed,,T00384,3
B002998,C02157,20/11/2024,2025-01-02,Fun dive,2,7800,completed,,T00384,5
B002999,C02158,2024-12-08,2025-01-02,Discovery Dive,1,4250,Completed,,T00384,6
B003000,C01943,2024-11-22,2025-01-02,fun dive,1,3850,completed,,T00384,7
B003001,C02159,2024-12-20,2025-01-02,DSD,1,4400, Completed,,T00384,8
B003002,C02160,21/11/2024,2025-01-02,COURSE,4,27700,Completed,,T00384,9
B003003,C02161,2024-12-02,2025-01-02,fundive,1,3650,completed,,T00385,1
B003004,C01706,20/11/2024,2025-01-02,Fun Dive,2,7150, Completed,,T00385,2
B003005,C02162,January 1 2025,2025-01-02,DSD,1,4700, Completed,,T00385,3
B003006,C00521,12/12/2024,2025-01-02,fun dive,1,3950,COMPLETED,,T00385,4
B003007,C02163,2024-11-28,2025-01-02,fundive,4,15800,Completed,,T00385,5
B003008,C02164,08/12/2024,2025-01-02,COURSE,4,22250,COMPLETED,,T00385,6
B003009,C02165,2024-12-09,2025-01-02,Fun dive,3,11900,Cancelled,Customer,T00385,7
B003010,C00438,28/12/2024,2025-01-02,Fun Dive,1,3650,COMPLETED,,T00385,9
B003011,C02166,2024-12-01,2025-01-02,fun dive,1,3150,cancelled,Customer,T00385,10
B003012,C02167,2024-12-13,2025-01-02,Fun Dive,1,3400,COMPLETED,,T00385,12
B003013,C01509,December 20 2024,2025-01-03,Discovery,1,5000,completed,,T00386,2
B003014,C01443,01/01/2025,2025-01-03,Discovery Dive,1,4350,Completed,,T00386,3
B003015,C02168,2024-12-14,2025-01-03,course,4,25400,Completed,,T00386,4
B003016,C01885,2024-12-06,2025-01-03,discovery dive,1,4600,COMPLETED,,T00386,6
B003017,C02169,2024-12-18,2025-01-03,FUN DIVE,2,6750,completed,,T00386,7
B003018,C02170,2024-12-30,2025-01-03,Fun Dive,1,3450,cancelled,Customer,T00386,8
B003019,C02171,2024-12-09,2025-01-03,DISCOVERY DIVE,1,5400,COMPLETED,,T00386,9
B003020,C02172,2024-12-01,2025-01-03,fun dive,1,3500,COMPLETED,,T00386,10
B003021,C02173,07/12/2024,2025-01-03,FUN DIVE,4,14300,completed,,T00386,11
B003022,C02174,27/11/2024,2025-01-03,FUN DIVE,1,3750,completed,,T00387,1
B003023,C01744,November 19 2024,2025-01-03,fundive,4,13450,completed,,T00387,2
B003024,C02175,December 1 2024,2025-01-03,fundive,1,3250,COMPLETED,,T00387,3
B003025,C02176,06/12/2024,2025-01-03,fundive,4,14650,Completed,,T00387,4
B003026,C02177,2024-11-28,2025-01-03,Fun Dive,2,6900,COMPLETED,,T00387,6
B003027,C02178,December 15 2024,2025-01-03,Discovery Dive,1,5100,Completed,,T00387,8
B003028,C02179,13/12/2024,2025-01-03,discovery dive,1,5400, Completed,,T00387,9
B003029,C02180,18/12/2024,2025-01-03,Discovery Dive,1,4450,COMPLETED,,T00387,10
B003030,C02181,2025-01-03,2025-01-04,fun dive,1,3450,completed,,T00388,2
B003031,C02182,2024-12-03,2025-01-04,Fun Dive,2,7700,COMPLETED,,T00388,4
B003032,C02183,2024-12-28,2025-01-04,fundive,3,9100,Completed,,T00388,5
B003033,C02184,2024-11-24,2025-01-04,fundive,3,10550,COMPLETED,,T00388,6
B003034,C02185,2024-11-30,2025-01-04,FUN DIVE,2,7250,COMPLETED,,T00388,7
B003035,C01696,November 30 2024,2025-01-05,fun dive,2,7200,Completed,,T00389,1
B003036,C02186,2024-12-16,2025-01-05,PADI Course,4,23550,Cancelled,Weather,T00389,2
B003037,C01679,December 28 2024,2025-01-05,FUN DIVE,3,10250, Completed,,T00389,3
B003038,C01543,2024-12-14,2025-01-05,Fun dive,4,15400, Completed,,T00389,4
B003039,C02187,December 28 2024,2025-01-05,PADI Course,5,-25900,COMPLETED,,T00389,5
B003040,C02188,2024-12-01,2025-01-05,discovery dive,1,4850,Completed,,T00389,6
B003041,C02189,25/12/2024,2025-01-05,Fun Dive,2,7000,Completed,,T00389,7
B003042,C02190,January 1 2025,2025-01-05,discovery dive,2,9400, Completed,,T00389,8
B003043,C02191,January 5 2025,2025-01-05,fun dive,4,14050, Completed,,T00389,10
B003044,C02192,04/12/2024,2025-01-05,Fun dive,4,14150,completed,,T00389,12
B003045,C02193,2024-12-08,2025-01-05,DISCOVERY DIVE,1,4250,completed,,T00390,1
B003046,C02194,2024-12-16,2025-01-05,fun dive,3,11150, Completed,,T00390,3
B003047,C01683,2024-12-25,2025-01-05,Course,5,27700,completed,,T00390,5
B003048,C02195,2024-12-10,2025-01-05,FUN DIVE,4,14850,completed,,T00390,6
B003049,C02196,2024-12-27,2025-01-05,FUN DIVE,4,15300, Completed,,T00390,7
B003050,C02197,2024-12-13,2025-01-05,COURSE,4,22950,Completed,,T00390,9
B003051,C01987,09/12/2024,2025-01-05,Discovery Dive,1,5450,No-show,,T00390,10
B003052,C01986,2024-12-05,2025-01-05,fun dive,2,7800,COMPLETED,,T00390,12
B003053,C02198,2024-12-14,2025-01-06,fundive,4,13350,Cancelled,,T00391,1
B003054,C02199,2024-12-24,2025-01-06,Course,5,23550,COMPLETED,,T00391,2
B003055,C02200,2024-12-02,2025-01-06,DISCOVERY DIVE,1,5200,cancelled,Customer,T00391,3
B003056,C02201,07/12/2024,2025-01-06,Fun dive,1,3500,Completed,,T00391,4
B003057,C02202,2024-12-05,2025-01-06,Fun Dive,1,3700,COMPLETED,,T00391,5
B003058,C02203,2024-12-15,2025-01-06,fun dive,1,3950,completed,,T00391,6
B003059,C02204,2024-12-23,2025-01-06,discovery dive,1,5200,cancelled,Weather,T00391,7
B003060,C02205,25/12/2024,2025-01-06,PADI Course,5,20700,CANCELLED,Weather,T00391,11
B003061,C02206,2024-12-17,2025-01-06,COURSE,5,26650,Cancelled,Customer,T00392,1
B003062,C00245,2024-12-16,2025-01-06,fundive,1,3550,completed,,T00392,2
B003063,C02207,2024-12-30,2025-01-06,fundive,4,14000,Cancelled,,T00392,3
B003064,C02208,07/12/2024,2025-01-06,DISCOVERY DIVE,1,5150,Completed,,T00392,5
B003065,C02209,January 4 2025,2025-01-06,FUN DIVE,2,7500,COMPLETED,,T00392,6
B003066,C02210,2024-12-19,2025-01-06,Course,4,23100,completed,,T00392,7
B003067,C01430,2024-12-08,2025-01-06,Fun Dive,2,6900, Completed,,T00392,8
B003068,C02211,December 18 2024,2025-01-06,fun dive,1,3050,COMPLETED,,T00392,9
B003069,C02212,2025-01-01,2025-01-06,FUN DIVE,1,3950,completed,,T00392,11
B003070,C02213,22/12/2024,2025-01-06,Fun dive,1,3200, cancelled ,,T00392,12
B003071,C02214,12/12/2024,2025-01-07,Discovery,1,4300,Completed,,T00393,2
B003072,C02215,2024-11-26,2025-01-07,Fun Dive,2,7400,No-show,,T00393,5
B003073,C02111,02/12/2024,2025-01-07,fun dive,1,3350,Completed,,T00393,6
B003074,C02216,December 10 2024,2025-01-07,COURSE,5,22600,COMPLETED,,T00393,7
B003075,C02217,2025-01-05,2025-01-07,Course,4,26300,COMPLETED,,T00393,8
B003076,C02218,2024-12-10,2025-01-07,Discovery Dive,1,5300,Completed,,T00393,9
B003077,C02219,2024-12-03,2025-01-07,Fun dive,2,6800,completed,,T00393,10
B003078,C02220,2024-12-16,2025-01-07,Fun Dive,2,7400, Completed,,T00394,1
B003079,C02221,2025-01-04,2025-01-07,DISCOVERY DIVE,1,5750,COMPLETED,,T00394,2
B003080,C02222,2024-12-28,2025-01-07,Fun dive,1,3150,cancelled,Customer,T00394,4
B003081,C02223,29/11/2024,2025-01-07,fun dive,1,3500,COMPLETED,,T00394,5
B003082,C02224,2024-12-14,2025-01-07,DSD,1,4400, Completed,,T00394,6
B003083,C01544,2024-12-12,2025-01-07,FUN DIVE,1,3700,Completed,,T00394,7
B003084,C02225,2024-12-10,2025-01-07,FUN DIVE,4,13850,Cancelled,Customer,T00394,8
B003085,C02226,2025-01-07,2025-01-08,Fun Dive,1,3700,Completed,,T00395,1
B003086,C00932,21/12/2024,2025-01-08,Discovery,1,5300,completed,,T00395,2
B003087,C02227,10/12/2024,2025-01-08,Discovery Dive,1,5550,COMPLETED,,T00395,3
B003088,C00380,2024-12-21,2025-01-08,fun dive,1,3500,completed,,T00395,6
B003089,C02228,2025-01-03,2025-01-08,Discovery Dive,1,4950,Completed,,T00395,7
B003090,C02229,November 25 2024,2025-01-08,fundive,2,7250,Completed,,T00395,8
B003091,C02230,2024-12-07,2025-01-08,Discovery,1,4650,completed,,T00396,1
B003092,C02231,2024-11-30,2025-01-08,Course,4,26050, Completed,,T00396,2
B003093,C02232,December 27 2024,2025-01-08,PADI Course,4,26100,cancelled,Medical,T00396,3
B003094,C02233,2024-12-08,2025-01-08,DSD,1,4700,No-Show,,T00396,4
B003095,C01651,2024-12-19,2025-01-08,course,4,22050,CANCELLED,Customer,T00396,5
B003096,C02234,2024-12-28,2025-01-08,PADI Course,4,27500,COMPLETED,,T00396,8
B003097,C02235,03/01/2025,2025-01-08,DISCOVERY DIVE,1,5550,Completed,,T00396,9
B003098,C02236,2024-12-06,2025-01-09,Fun Dive,3,10300,COMPLETED,,T00397,1
B003099,C02237,2024-12-24,2025-01-09,DSD,1,5150, Completed,,T00397,2
B003100,C02238,16/12/2024,2025-01-09,DISCOVERY DIVE,1,4850, Completed,,T00397,3
B003101,C02239,30/12/2024,2025-01-09,discovery dive,2,9200,COMPLETED,,T00397,4
B003102,C01250,January 5 2025,2025-01-09,PADI Course,5,26400,completed,,T00397,5
B003103,C02240,05/12/2024,2025-01-09,PADI Course,5,24400, Completed,,T00397,6
B003104,C02078,02/12/2024,2025-01-09,fundive,3,10900, Completed,,T00397,8
B003105,C02241,2024-12-20,2025-01-09,DISCOVERY DIVE,1,4900,completed,,T00397,10
B003106,C02074,27/11/2024,2025-01-09,Fun Dive,2,7600,Completed,,T00397,11
B003107,C02242,19/12/2024,2025-01-09,fun dive,3,10300,completed,,T00398,1
B003108,C02243,2024-12-06,2025-01-09,fun dive,1,3100,Cancelled,Customer,T00398,2
B003109,C01695,07/12/2024,2025-01-09,course,5,25000,Completed,,T00398,3
B003110,C02244,01/12/2024,2025-01-09,fun dive,2,7450,completed,,T00398,5
B003111,C00388,2024-12-02,2025-01-09,COURSE,5,28000, cancelled ,,T00398,6
B003112,C02245,2025-01-05,2025-01-09,discovery dive,1,5500,cancelled,Medical,T00398,7
B003113,C01690,29/11/2024,2025-01-09,Course,4,27100, Completed,,T00398,8
B003114,C02246,22/12/2024,2025-01-09,fun dive,1,3950, Completed,,T00398,9
B003115,C02247,04/01/2025,2025-01-10,fundive,1,3400,Completed,,T00399,2
B003116,C02129,2024-12-20,2025-01-10,course,5,24500,completed,,T00399,4
B003117,C02248,2024-12-13,2025-01-10,Fun dive,2,7400,Completed,,T00399,5
B003118,C02249,2024-11-26,2025-01-10,PADI Course,5,23150,NO-SHOW,,T00399,6
B003119,C02250,2025-01-01,2025-01-10,Fun dive,2,7950,COMPLETED,,T00399,7
B003120,C02251,15/12/2024,2025-01-10,FUN DIVE,4,14400,completed,,T00399,10
B003121,C02252,2024-11-28,2025-01-10,DSD,1,5550, Completed,,T00399,11
B003122,C02253,2025-01-08,2025-01-10,DSD,2,11250,Cancelled,,T00400,1
B003123,C02254,14/12/2024,2025-01-10,Discovery,1,4500,No-show,,T00400,2
B003124,C02255,08/01/2025,2025-01-10,PADI Course,5,25500,COMPLETED,,T00400,3
B003125,C01866,2024-12-24,2025-01-10,Discovery Dive,1,5700,COMPLETED,,T00400,4
B003126,C01905,2024-12-20,2025-01-10,FUN DIVE,3,11150,Cancelled,Weather,T00400,5
B003127,C02256,2025-01-01,2025-01-10,Fun dive,4,14950, Completed,,T00400,6
B003128,C01967,2025-01-08,2025-01-10,PADI Course,4,25900, Completed,,T00400,10
B003129,C02257,24/12/2024,2025-01-10,DISCOVERY DIVE,1,4250,Completed,,T00400,11
B003130,C02258,2025-01-10,2025-01-11,fun dive,1,3700,COMPLETED,,T00401,1
B003131,C01560,2024-12-30,2025-01-11,fun dive,1,3500,COMPLETED,,T00401,2
B003132,C02259,December 21 2024,2025-01-11,fundive,2,6200, Completed,,T00401,3
B003133,C02260,December 8 2024,2025-01-11,Discovery Dive,2,10400,cancelled,Weather,T00401,4
B003134,C02261,2024-12-21,2025-01-11,Fun Dive,2,7750,Completed,,T00401,5
B003135,C01923,2024-12-14,2025-01-11,FUN DIVE,4,12700, Completed,,T00401,6
B003136,C02262,2024-12-25,2025-01-11,course,4,26650,COMPLETED,,T00401,7
B003137,C02263,December 7 2024,2025-01-11,Discovery Dive,1,4550,completed,,T00401,9
B003138,C02264,December 28 2024,2025-01-11,COURSE,4,27450,COMPLETED,,T00402,1
B003139,C02265,December 23 2024,2025-01-11,DSD,1,5750,Completed,,T00402,2
B003140,C02061,2024-11-29,2025-01-11,fundive,2,7700,cancelled,Medical,T00402,4
B003141,C00071,2024-12-23,2025-01-11,fun dive,1,3700,COMPLETED,,T00402,5
B003142,C02266,2024-12-25,2025-01-11,fun dive,1,3600,Completed,,T00402,6
B003143,C02267,December 10 2024,2025-01-11,Fun Dive,2,7800, cancelled ,Customer,T00402,7
B003144,C02268,2025-01-10,2025-01-11,COURSE,4,24750,Completed,,T00402,8
B003145,C02269,06/01/2025,2025-01-12,DISCOVERY DIVE,1,4950, Completed,,T00403,1
B003146,C02270,2024-12-06,2025-01-12,PADI Course,4,27900, Completed,,T00403,2
B003147,C02271,21/12/2024,2025-01-12,Discovery,1,5250,Completed,,T00403,3
B003148,C02272,29/11/2024,2025-01-12,fun dive,2,7400, Completed,,T00403,4
B003149,C02076,2025-01-05,2025-01-12,Fun Dive,1,3950,COMPLETED,,T00403,6
B003150,C02085,2024-12-26,2025-01-12,Fun dive,1,3700,Completed,,T00403,7
B003151,C01807,2024-12-06,2025-01-12,Fun Dive,1,3600,COMPLETED,,T00403,9
B003152,C02273,2024-12-18,2025-01-12,discovery dive,1,4850, Completed,,T00404,1
B003153,C02274,December 21 2024,2025-01-12,Fun dive,1,3200,COMPLETED,,T00404,3
B003154,C02275,January 1 2025,2025-01-12,COURSE,4,24700,completed,,T00404,4
B003155,C02276,2024-12-20,2025-01-12,fun dive,1,3650,completed,,T00404,5
B003156,C02277,January 6 2025,2025-01-12,FUN DIVE,4,15150,Completed,,T00404,7
B003157,C01012,January 9 2025,2025-01-12,FUN DIVE,1,3700,Completed,,T00404,8
B003158,C01066,2024-12-25,2025-01-12,Fun Dive,4,14750,Completed,,T00404,9
B003159,C02278,2024-12-15,2025-01-13,PADI Course,4,26550,completed,,T00405,1
B003160,C01618,2024-12-19,2025-01-13,DISCOVERY DIVE,1,5400, cancelled ,Customer,T00405,2
B003161,C02279,2024-12-14,2025-01-13,Discovery,1,5300,COMPLETED,,T00405,3
B003162,C02280,January 13 2025,2025-01-13,discovery dive,1,5550, Completed,,T00405,6
B003163,C02281,2025-01-12,2025-01-13,FUN DIVE,2,7000,Completed,,T00405,7
B003164,C02282,10/01/2025,2025-01-13,Fun dive,1,4000,no-show,,T00405,8
B003165,C02283,17/12/2024,2025-01-13,fundive,2,6850, Completed,,T00406,2
B003166,C02284,January 6 2025,2025-01-13,DSD,1,5000, Completed,,T00406,3
B003167,C01847,19/12/2024,2025-01-13,PADI Course,5,24050,no-show,,T00406,4
B003168,C01743,2024-12-11,2025-01-13,Fun Dive,2,6750, Completed,,T00406,5
B003169,C02285,2024-12-14,2025-01-13,discovery dive,1,5350,completed,,T00406,6
B003170,C02286,2024-12-18,2025-01-13,FUN DIVE,1,3350,completed,,T00406,7
B003171,C02234,2025-01-05,2025-01-13,fun dive,1,3800, cancelled ,Weather,T00406,9
B003172,C02287,17/12/2024,2025-01-13,Discovery,1,5100, Completed,,T00406,10
B003173,C00828,January 11 2025,2025-01-13,Fun dive,1,3700,Completed,,T00406,11
B003174,C02288,2025-01-12,2025-01-13,Fun dive,2,7750,Completed,,T00406,12
B003175,C02289,2024-12-04,2025-01-14,DSD,1,5400,completed,,T00407,1
B003176,C02290,2025-01-11,2025-01-14,fundive,4,13000,completed,,T00407,3
B003177,C02291,2024-12-26,2025-01-14,fundive,1,2950, Completed,,T00407,4
B003178,C02292,2024-12-29,2025-01-14,Discovery,1,5800,cancelled,Customer,T00407,5
B003179,C02293,11/01/2025,2025-01-14,fun dive,1,3750,cancelled,Medical,T00407,6
B003180,C02294,2024-12-03,2025-01-14,FUN DIVE,3,10200,Completed,,T00407,8
B003181,C02295,January 4 2025,2025-01-14,fundive,2,7500, Completed,,T00407,9
B003182,C02296,2025-01-03,2025-01-14,fundive,1,3850,completed,,T00408,1
B003183,C02297,20/12/2024,2025-01-14,Fun Dive,3,10300, Completed,,T00408,4
B003184,C02298,December 21 2024,2025-01-14,discovery dive,1,5350,CANCELLED,Customer,T00408,5
B003185,C02299,2024-12-18,2025-01-14,DISCOVERY DIVE,1,5400,Completed,,T00408,7
B003186,C02300,2024-12-10,2025-01-14,fun dive,4,15700,completed,,T00408,8
B003187,C01916,December 28 2024,2025-01-14,FUN DIVE,2,7100, Completed,,T00408,9
B003188,C02301,12/01/2025,2025-01-14,fundive,4,15750,Completed,,T00408,10
B003189,C02302,January 14 2025,2025-01-14,Discovery Dive,1,4900,completed,,T00408,11
B003190,C02303,20/12/2024,2025-01-15,fundive,3,10750,Completed,,T00409,1
B003191,C02304,2024-12-22,2025-01-15,fun dive,2,6200,no-show,,T00409,2
B003192,C02305,04/12/2024,2025-01-15,Fun dive,4,13950, Completed,,T00409,3
B003193,C02306,2024-12-13,2025-01-15,Discovery Dive,1,5200,COMPLETED,,T00409,4
B003194,C02307,January 1 2025,2025-01-15,discovery dive,1,5200,CANCELLED,Medical,T00409,7
B003195,C02308,05/12/2024,2025-01-15,DSD,1,4350,COMPLETED,,T00409,8
B003196,C02309,2024-12-23,2025-01-15,course,4,25200, Completed,,T00409,10
B003197,C02310,24/12/2024,2025-01-15,Fun dive,1,3200, cancelled ,Customer,T00409,11
B003198,C02311,06/12/2024,2025-01-15,PADI Course,4,24050, Completed,,T00410,1
B003199,C01742,2024-12-26,2025-01-15,PADI Course,5,28450,Completed,,T00410,2
B003200,C02312,2025-01-03,2025-01-15,Discovery Dive,1,5800,COMPLETED,,T00410,3
B003201,C02313,2024-12-29,2025-01-15,Discovery Dive,2,9950,COMPLETED,,T00410,4
B003202,C02314,January 12 2025,2025-01-15,Discovery Dive,1,4600,Completed,,T00410,7
B003203,C02315,2024-12-28,2025-01-15,Fun Dive,1,3500,Completed,,T00410,8
B003204,C02316,December 2 2024,2025-01-16,fun dive,2,7200,COMPLETED,,T00411,2
B003205,C02311,2024-12-25,2025-01-16,FUN DIVE,3,11000,CANCELLED,Customer,T00411,3
B003206,C02317,2025-01-13,2025-01-16,discovery dive,1,5400, Completed,,T00411,4
B003207,C02318,January 10 2025,2025-01-16,Fun dive,1,3750,Completed,,T00411,5
B003208,C02319,2025-01-01,2025-01-16,Fun Dive,1,3800,completed,,T00411,7
B003209,C02320,January 1 2025,2025-01-16,fundive,1,3600,Completed,,T00411,9
B003210,C01859,2024-12-23,2025-01-16,DSD,1,5000,completed,,T00411,10
B003211,C02321,2024-12-04,2025-01-16,Fun dive,2,6300, Completed,,T00412,2
B003212,C01737,2025-01-08,2025-01-16,Fun Dive,1,3800, Completed,,T00412,3
B003213,C02085,2025-01-07,2025-01-16,FUN DIVE,2,7750,COMPLETED,,T00412,4
B003214,C02322,16/01/2025,2025-01-16,Discovery,2,11550,completed,,T00412,5
B003215,C02323,2025-01-05,2025-01-16,FUN DIVE,1,3300,No-Show,,T00412,6
B003216,C02324,17/12/2024,2025-01-16,Fun dive,3,11000,COMPLETED,,T00412,7
B003217,C02325,2024-12-19,2025-01-16,FUN DIVE,3,10150,COMPLETED,,T00412,8
B003218,C02326,2025-01-13,2025-01-16,Fun dive,1,3950,cancelled,Weather,T00412,9
B003219,C02327,03/01/2025,2025-01-16,DSD,1,5350,Completed,,T00412,10
B003220,C02328,2024-12-11,2025-01-17,Discovery,1,4700,Cancelled,,T00413,3
B003221,C02329,2024-12-20,2025-01-17,DISCOVERY DIVE,1,5300, Completed,,T00413,4
B003222,C02330,2024-12-16,2025-01-17,fundive,4,14050,Completed,,T00413,5
B003223,C02331,2025-01-14,2025-01-17,PADI Course,5,25900,completed,,T00413,6
B003224,C02332,2024-12-08,2025-01-17,FUN DIVE,4,11350, cancelled ,Customer,T00413,7
B003225,C02333,22/12/2024,2025-01-17,fun dive,4,14000,COMPLETED,,T00413,8
B003226,C01728,05/12/2024,2025-01-17,FUN DIVE,3,10100, Completed,,T00414,1
B003227,C02334,07/01/2025,2025-01-17,fundive,2,6650,completed,,T00414,2
B003228,C02335,2025-01-07,2025-01-17,discovery dive,1,4750, Completed,,T00414,3
B003229,C02336,December 24 2024,2025-01-17,FUN DIVE,1,3200,COMPLETED,,T00414,4
B003230,C02337,2025-01-08,2025-01-17,DISCOVERY DIVE,1,5250,No-Show,,T00414,6
B003231,C02338,2025-01-13,2025-01-17,Discovery Dive,1,5700,completed,,T00414,7
B003232,C02339,2025-01-04,2025-01-17,Discovery Dive,1,4100, Completed,,T00414,8
B003233,C01265,13/01/2025,2025-01-17,Fun dive,3,10250,Completed,,T00414,10
B003234,C02340,2024-12-26,2025-01-18,fundive,4,14850,Completed,,T00415,1
B003235,C02341,2024-12-25,2025-01-18,DISCOVERY DIVE,1,4600,Completed,,T00415,2
B003236,C02342,2025-01-14,2025-01-18,fun dive,1,2850,Completed,,T00415,6
B003237,C01822,28/12/2024,2025-01-18,discovery dive,1,5500, Completed,,T00415,7
B003238,C02343,2024-12-31,2025-01-18,fundive,2,7850,Completed,,T00415,8
B003239,C02344,December 31 2024,2025-01-18,fun dive,2,5700, Completed,,T00415,10
B003240,C01507,15/01/2025,2025-01-18,DSD,1,5400,No-Show,,T00415,11
B003241,C02345,2025-01-13,2025-01-18,fundive,1,3550,COMPLETED,,T00415,12
B003242,C02346,2024-12-22,2025-01-18,FUN DIVE,2,6750,Completed,,T00416,1
B003243,C02347,2025-01-18,2025-01-18,discovery dive,1,5500, Completed,,T00416,2
B003244,C02348,2025-01-05,2025-01-18,fundive,4,14400,completed,,T00416,4
B003245,C02349,2025-01-11,2025-01-18,DISCOVERY DIVE,1,5200,completed,,T00416,5
B003246,C02350,2024-12-26,2025-01-18,fundive,3,11000, Completed,,T00416,6
B003247,C02351,2025-01-03,2025-01-18,Discovery Dive,1,4700,CANCELLED,Customer,T00416,7
B003248,C02352,2024-12-14,2025-01-18,fundive,3,8800,NO-SHOW,,T00416,8
B003249,C02353,2025-01-15,2025-01-18,DSD,1,5500, Completed,,T00416,9
B003250,C02354,2024-12-20,2025-01-18,course,5,26200,Completed,,T00416,11
B003251,C02355,2024-12-28,2025-01-18,Fun dive,1,3650,no-show,,T00416,12
B003252,C02356,2025-01-15,2025-01-19,Fun dive,3,11200,Completed,,T00417,1
B003253,C02357,06/01/2025,2025-01-19,Course,4,27050,Completed,,T00417,2
B003254,C02358,2025-01-05,2025-01-19,Discovery,1,5350,COMPLETED,,T00417,4
B003255,C02039,30/12/2024,2025-01-19,fun dive,1,3050, Completed,,T00417,6
B003256,C01639,2025-01-13,2025-01-19,fun dive,2,6700, Completed,,T00417,8
B003257,C02359,2024-12-30,2025-01-19,DISCOVERY DIVE,1,5050,no-show,,T00418,1
B003258,C02360,2024-12-31,2025-01-19,discovery dive,1,5100,completed,,T00418,3
B003259,C01673,27/12/2024,2025-01-19,course,4,21900,No-show,,T00418,4
B003260,C01994,2024-12-31,2025-01-19,Fun Dive,2,6900,COMPLETED,,T00418,5
B003261,C01570,January 16 2025,2025-01-19,DSD,1,5800, Completed,,T00418,7
B003262,C02361,2024-12-12,2025-01-19,Discovery,2,10500,CANCELLED,Customer,T00418,8
B003263,C01737,23/12/2024,2025-01-19,fundive,1,3950,completed,,T00418,9
B003264,C02362,2024-12-19,2025-01-19,Discovery,1,4250,Completed,,T00418,11
B003265,C02363,2025-01-13,2025-01-20,Discovery Dive,1,5800,completed,,T00419,1
B003266,C02364,2024-12-20,2025-01-20,fundive,2,6150,no-show,,T00419,2
B003267,C01582,2024-12-06,2025-01-20,DSD,1,4850,No-show,,T00419,3
B003268,C02365,2025-01-05,2025-01-20,FUN DIVE,2,7850,COMPLETED,,T00419,4
B003269,C02366,January 19 2025,2025-01-20,Fun dive,3,10200,COMPLETED,,T00419,5
B003270,C02367,10/12/2024,2025-01-20,DISCOVERY DIVE,1,4500, Completed,,T00419,6
B003271,C02368,08/12/2024,2025-01-20,FUN DIVE,2,6800,completed,,T00419,7
B003272,C02369,January 2 2025,2025-01-20,fun dive,3,10700,completed,,T00420,1
B003273,C02370,2025-01-19,2025-01-20,Course,4,23600,Completed,,T00420,4
B003274,C00656,2024-12-20,2025-01-20,Fun Dive,1,3300,completed,,T00420,5
B003275,C02371,2025-01-11,2025-01-20,fun dive,1,3300,Completed,,T00420,6
B003276,C02372,21/12/2024,2025-01-20,PADI Course,4,24450,COMPLETED,,T00420,7
B003277,C02373,07/12/2024,2025-01-20,fun dive,2,6900, Completed,,T00420,8
B003278,C02374,January 4 2025,2025-01-20,fundive,2,6200, Completed,,T00420,9
B003279,C02375,December 28 2024,2025-01-20,COURSE,4,25800, Completed,,T00420,10
B003280,C02078,2024-12-24,2025-01-20,fundive,1,3550,Completed,,T00420,11
B003281,C01936,2025-01-17,2025-01-21,Fun dive,1,3600,COMPLETED,,T00421,1
B003282,C02376,24/12/2024,2025-01-21,PADI Course,4,26150,completed,,T00421,2
B003283,C01994,21/01/2025,2025-01-21,FUN DIVE,2,7500, Completed,,T00421,3
B003284,C02377,December 10 2024,2025-01-21,Discovery Dive,1,5550,COMPLETED,,T00421,4
B003285,C02378,January 7 2025,2025-01-21,DISCOVERY DIVE,1,4700,completed,,T00421,5
B003286,C02379,08/12/2024,2025-01-21,Fun dive,4,14300,NO-SHOW,,T00421,7
B003287,C01648,2024-12-26,2025-01-21,course,5,23850,completed,,T00421,8
B003288,C02380,2024-12-26,2025-01-21,Fun dive,1,3300,Completed,,T00422,1
B003289,C02381,2024-12-29,2025-01-21,DISCOVERY DIVE,1,4650, cancelled ,Customer,T00422,3
B003290,C02382,2024-12-29,2025-01-21,Discovery Dive,1,5500, Completed,,T00422,4
B003291,C02383,2025-01-09,2025-01-21,Discovery Dive,1,5250, Completed,,T00422,5
B003292,C01593,2024-12-12,2025-01-21,Fun dive,1,3650,Completed,,T00422,7
B003293,C01622,16/01/2025,2025-01-21,Discovery,1,5350,completed,,T00422,8
B003294,C02384,2025-01-01,2025-01-21,DISCOVERY DIVE,1,5600,COMPLETED,,T00422,9
B003295,C01969,2024-12-17,2025-01-21,Course,4,27400,completed,,T00422,10
B003296,C02385,2024-12-20,2025-01-22,Discovery,1,4900,COMPLETED,,T00423,3
B003297,C02386,2025-01-07,2025-01-22,FUN DIVE,1,2850, cancelled ,Medical,T00423,4
B003298,C02387,2024-12-14,2025-01-22,Fun dive,3,9900,completed,,T00423,5
B003299,C02388,2024-12-26,2025-01-22,fun dive,2,7700, Completed,,T00423,6
B003300,C02389,04/01/2025,2025-01-22,Fun Dive,1,3350,completed,,T00423,7
B003301,C02390,2025-01-14,2025-01-22,fundive,1,3350, Completed,,T00423,8
B003302,C02391,10/12/2024,2025-01-22,Fun dive,1,3850,No-show,,T00423,9
B003303,C02152,December 16 2024,2025-01-22,COURSE,5,21600,Completed,,T00424,1
B003304,C02392,25/12/2024,2025-01-22,Fun Dive,2,6750,Cancelled,Medical,T00424,2
B003305,C02393,20/01/2025,2025-01-22,Course,5,26900,Completed,,T00424,4
B003306,C02261,2025-01-19,2025-01-22,Fun Dive,2,7350,Completed,,T00424,5
B003307,C02394,2025-01-03,2025-01-22,Fun dive,2,6350, Completed,,T00424,6
B003308,C02039,2024-12-13,2025-01-22,Fun dive,4,12100, cancelled ,Customer,T00424,8
B003309,C02395,10/01/2025,2025-01-22,fundive,4,14350,COMPLETED,,T00424,9
B003310,C02396,10/12/2024,2025-01-22,Fun Dive,2,7950,COMPLETED,,T00424,10
B003311,C02397,2024-12-26,2025-01-23,Fun dive,3,8700,COMPLETED,,T00425,1
B003312,C02398,2025-01-03,2025-01-23,Fun Dive,1,3750,COMPLETED,,T00425,2
B003313,C02399,07/01/2025,2025-01-23,fundive,1,3550, Completed,,T00425,4
B003314,C02400,2025-01-17,2025-01-23,Fun Dive,2,7400,completed,,T00425,5
B003315,C02401,December 17 2024,2025-01-23,COURSE,4,24700,No-show,,T00425,7
B003316,C02402,29/12/2024,2025-01-23,PADI Course,5,25300,COMPLETED,,T00425,8
B003317,C02403,2025-01-12,2025-01-24,Course,4,22750,NO-SHOW,,T00426,2
B003318,C02404,2025-01-01,2025-01-24,Course,5,26800,Completed,,T00426,3
B003319,C02405,2025-01-21,2025-01-24,FUN DIVE,4,15200,NO-SHOW,,T00426,4
B003320,C02406,2024-12-13,2025-01-24,fun dive,3,10800,completed,,T00426,5
B003321,C02407,2025-01-19,2025-01-24,Fun Dive,1,3200, cancelled ,Medical,T00426,6
B003322,C02408,02/01/2025,2025-01-24,Discovery Dive,1,4200,completed,,T00426,7
B003323,C02042,2025-01-24,2025-01-24,DISCOVERY DIVE,1,4600,COMPLETED,,T00426,8
B003324,C02409,11/01/2025,2025-01-24,Discovery,1,4200,Completed,,T00427,1
B003325,C02410,2024-12-26,2025-01-24,discovery dive,2,10650,Cancelled,Weather,T00427,2
B003326,C02411,2024-12-24,2025-01-24,Discovery Dive,1,5000,COMPLETED,,T00427,4
B003327,C02412,2025-01-14,2025-01-24,DISCOVERY DIVE,1,4550,Completed,,T00427,5
B003328,C02413,23/01/2025,2025-01-24,PADI Course,4,24750,completed,,T00427,6
B003329,C02404,2024-12-13,2025-01-24,fundive,2,7350,completed,,T00427,7
B003330,C02414,December 29 2024,2025-01-24,fun dive,4,14500,Completed,,T00427,9
B003331,C02415,2025-01-08,2025-01-24,PADI Course,4,22050,completed,,T00427,10
B003332,C02416,2025-01-23,2025-01-25,fun dive,2,6500,completed,,T00428,1
B003333,C02417,2024-12-22,2025-01-25,discovery dive,2,9750,Completed,,T00428,2
B003334,C02086,28/12/2024,2025-01-25,DSD,1,4500,COMPLETED,,T00428,3
B003335,C02418,2024-12-11,2025-01-25,FUN DIVE,3,10200, Completed,,T00428,4
B003336,C02419,December 13 2024,2025-01-25,DISCOVERY DIVE,2,10050, Completed,,T00428,5
B003337,C02420,2025-01-11,2025-01-25,DSD,1,5050,completed,,T00428,6
B003338,C02421,2024-12-19,2025-01-25,Course,5,23950,COMPLETED,,T00428,8
B003339,C02422,12/12/2024,2025-01-25,fundive,1,3100,Completed,,T00428,9
B003340,C02423,2024-12-30,2025-01-25,DSD,1,5150, Completed,,T00428,11
B003341,C02424,2025-01-19,2025-01-25,Discovery,1,5250,completed,,T00429,1
B003342,C02425,2024-12-28,2025-01-25,Fun dive,2,7050,No-Show,,T00429,2
B003343,C02426,January 8 2025,2025-01-25,Discovery Dive,1,5300,COMPLETED,,T00429,3
B003344,C02427,16/12/2024,2025-01-25,DSD,2,11000, Completed,,T00429,5
B003345,C01299,24/01/2025,2025-01-25,FUN DIVE,1,3500,No-show,,T00429,6
B003346,C02428,13/01/2025,2025-01-25,Fun dive,2,5850,NO-SHOW,,T00429,7
B003347,C01876,2025-01-05,2025-01-25,fundive,2,7350, Completed,,T00429,8
B003348,C02429,2024-12-25,2025-01-25,COURSE,5,27650, Completed,,T00429,9
B003349,C01719,2025-01-22,2025-01-25,fundive,2,7750,Cancelled,Weather,T00429,11
B003350,C02430,January 2 2025,2025-01-26,Fun Dive,2,6100,cancelled,Customer,T00430,1
B003351,C02431,02/01/2025,2025-01-26,Fun Dive,1,3550,Cancelled,Medical,T00430,2
B003352,C02432,2025-01-11,2025-01-26,FUN DIVE,3,10400,completed,,T00430,4
B003353,C02433,2025-01-16,2025-01-26,discovery dive,2,9200,COMPLETED,,T00430,6
B003354,C02434,2024-12-13,2025-01-26,DSD,1,5500,COMPLETED,,T00430,7
B003355,C01867,2025-01-23,2025-01-26,Fun dive,2,6950, Completed,,T00430,8
B003356,C02435,2024-12-16,2025-01-26,fun dive,1,3600,Completed,,T00431,2
B003357,C02262,2024-12-14,2025-01-26,PADI Course,5,26550, Completed,,T00431,3
B003358,C02436,2024-12-14,2025-01-26,Discovery Dive,1,5150, Completed,,T00431,4
B003359,C02437,January 25 2025,2025-01-26,PADI Course,5,27050,completed,,T00431,5
B003360,C02438,13/12/2024,2025-01-26,fundive,1,3500,Completed,,T00431,6
B003361,C02439,2025-01-26,2025-01-26,COURSE,4,21950,CANCELLED,Medical,T00431,9
B003362,C02440,14/01/2025,2025-01-26,discovery dive,1,4850,completed,,T00431,10
B003363,C02441,2025-01-11,2025-01-26,Discovery,1,4550, Completed,,T00431,11
B003364,C02442,15/01/2025,2025-01-27,FUN DIVE,1,4000, Completed,,T00432,1
B003365,C02443,2025-01-26,2025-01-27,DSD,1,5350,no-show,,T00432,2
B003366,C02444,2025-01-12,2025-01-27,FUN DIVE,2,7150,completed,,T00432,3
B003367,C02445,2025-01-26,2025-01-27,Fun dive,2,7050,COMPLETED,,T00432,4
B003368,C01836,2024-12-22,2025-01-27,Fun dive,2,7850,No-Show,,T00432,5
B003369,C02446,16/01/2025,2025-01-27,Fun Dive,1,3400,completed,,T00432,6
B003370,C02447,2024-12-15,2025-01-27,FUN DIVE,2,7100, Completed,,T00432,7
B003371,C02050,18/12/2024,2025-01-27,FUN DIVE,1,3300,cancelled,Customer,T00433,1
B003372,C02448,2025-01-16,2025-01-27,Discovery,2,10600,completed,,T00433,2
B003373,C02449,2025-01-08,2025-01-27,FUN DIVE,2,6000,No-show,,T00433,3
B003374,C02365,2024-12-29,2025-01-27,fundive,1,3800,COMPLETED,,T00433,4
B003375,C02450,09/01/2025,2025-01-27,Fun dive,1,2850,NO-SHOW,,T00433,7
B003376,C02451,2024-12-16,2025-01-27,fundive,4,14200,CANCELLED,Customer,T00433,8
B003377,C01086,2024-12-31,2025-01-27,course,5,25200,COMPLETED,,T00433,9
B003378,C02452,21/12/2024,2025-01-28,Fun dive,2,7150,Completed,,T00434,2
B003379,C02453,28/01/2025,2025-01-28,Fun Dive,1,3750,cancelled,Customer,T00434,3
B003380,C02454,December 19 2024,2025-01-28,Course,5,22650,Completed,,T00434,4
B003381,C02455,2024-12-21,2025-01-28,Fun Dive,1,3550, Completed,,T00434,6
B003382,C02456,2025-01-08,2025-01-28,PADI Course,4,27600, Completed,,T00434,7
B003383,C02457,2024-12-15,2025-01-28,fundive,3,9950,Completed,,T00434,8
B003384,C02458,2025-01-24,2025-01-28,DISCOVERY DIVE,1,4750,completed,,T00434,9
B003385,C02459,2025-01-20,2025-01-28,Fun Dive,3,8850,COMPLETED,,T00435,1
B003386,C02460,December 21 2024,2025-01-28,course,4,27050,Completed,,T00435,2
B003387,C02461,2025-01-20,2025-01-28,PADI Course,4,25300,Completed,,T00435,3
B003388,C02462,2024-12-30,2025-01-28,fun dive,1,2950,Completed,,T00435,5
B003389,C02463,2025-01-27,2025-01-28,Course,4,25100,COMPLETED,,T00435,6
B003390,C01758,26/12/2024,2025-01-28,fun dive,2,7750,COMPLETED,,T00435,7
B003391,C02464,2025-01-18,2025-01-28,fun dive,2,6950, Completed,,T00435,8
B003392,C02465,2025-01-10,2025-01-28,Fun Dive,3,11250,completed,,T00435,11
B003393,C02466,2024-12-30,2025-01-29,Discovery Dive,1,5000, Completed,,T00436,1
B003394,C00659,2025-01-29,2025-01-29,Fun Dive,2,6250,COMPLETED,,T00436,2
B003395,C02467,December 28 2024,2025-01-29,discovery dive,1,5500,Completed,,T00436,3
B003396,C02468,05/01/2025,2025-01-29,Discovery,1,5000, Completed,,T00436,4
B003397,C02469,31/12/2024,2025-01-29,Discovery Dive,2,11000,COMPLETED,,T00436,6
B003398,C02148,2025-01-15,2025-01-29,Course,5,24600,Completed,,T00436,7
B003399,C02470,2024-12-19,2025-01-29,PADI Course,5,21350,COMPLETED,,T00436,10
B003400,C02471,08/01/2025,2025-01-29,discovery dive,1,5400,Completed,,T00437,1
B003401,C02472,2024-12-28,2025-01-29,fun dive,2,7800,Completed,,T00437,2
B003402,C02473,23/12/2024,2025-01-29,DSD,2,9500, Completed,,T00437,4
B003403,C02474,2025-01-24,2025-01-29,fun dive,3,10750,Completed,,T00437,5
B003404,C02475,2025-01-10,2025-01-29,Fun dive,4,13900, Completed,,T00437,6
B003405,C00812,2024-12-16,2025-01-29,discovery dive,1,5000,completed,,T00437,7
B003406,C02476,2025-01-29,2025-01-29,DSD,1,5050,COMPLETED,,T00437,9
B003407,C02477,2025-01-20,2025-01-29,fundive,3,8900,NO-SHOW,,T00437,10
B003408,C02433,2025-01-05,2025-01-29,FUN DIVE,4,12200,cancelled,Weather,T00437,11
B003409,C02150,2024-12-29,2025-01-30,COURSE,5,25300,completed,,T00438,1
B003410,C02478,2025-01-08,2025-01-30,PADI Course,4,26950,completed,,T00438,3
B003411,C02479,2025-01-30,2025-01-30,DSD,1,5550, Completed,,T00438,4
B003412,C02480,2025-01-25,2025-01-30,FUN DIVE,4,15650,COMPLETED,,T00438,5
B003413,C02481,2025-01-17,2025-01-30,fun dive,2,7100,Completed,,T00438,6
B003414,C02482,2024-12-18,2025-01-30,discovery dive,1,5650,Completed,,T00438,8
B003415,C02483,2025-01-10,2025-01-30,Discovery Dive,2,11150,completed,,T00438,10
B003416,C00091,2025-01-29,2025-01-30,Fun Dive,2,7150, Completed,,T00438,11
B003417,C02014,2024-12-22,2025-01-30,FUN DIVE,4,13950,Completed,,T00439,1
B003418,C02484,2025-01-10,2025-01-30,fun dive,2,7350,cancelled,Customer,T00439,3
B003419,C02485,December 23 2024,2025-01-30,Fun Dive,3,11500,completed,,T00439,4
B003420,C02486,2024-12-25,2025-01-30,DISCOVERY DIVE,1,5750,Completed,,T00439,6
B003421,C02487,2025-01-20,2025-01-30,course,4,27250,completed,,T00439,7
B003422,C02488,2025-01-14,2025-01-30,fundive,2,7250,COMPLETED,,T00439,8
B003423,C02489,2025-01-10,2025-01-30,Discovery Dive,1,5450, cancelled ,Customer,T00439,9
B003424,C02490,2025-01-14,2025-01-30,Fun Dive,2,6950, Completed,,T00439,10
B003425,C02491,2024-12-23,2025-01-30,Course,4,27850, Completed,,T00439,11
B003426,C02492,2025-01-05,2025-01-31,fundive,2,6400,completed,,T00440,1
B003427,C02493,2024-12-25,2025-01-31,FUN DIVE,3,11300,Completed,,T00440,2
B003428,C02494,23/01/2025,2025-01-31,Course,4,23600,COMPLETED,,T00440,4
B003429,C01797,January 31 2025,2025-01-31,Fun Dive,1,3400,COMPLETED,,T00440,6
B003430,C02495,22/01/2025,2025-01-31,Course,4,25100, Completed,,T00440,7
B003431,C02070,January 20 2025,2025-01-31,fundive,3,9050, Completed,,T00440,8
B003432,C02496,13/01/2025,2025-01-31,COURSE,4,27650,COMPLETED,,T00440,9
B003433,C02333,18/12/2024,2025-01-31,Fun Dive,4,13850,completed,,T00440,10
B003434,C02497,2024-12-22,2025-01-31,Fun dive,1,3100, Completed,,T00440,11
B003435,C02498,20/01/2025,2025-01-31,discovery dive,2,9200,CANCELLED,Medical,T00441,1
B003436,C02499,2025-01-22,2025-01-31,Fun Dive,2,6900,CANCELLED,Customer,T00441,2
B003437,C02500,2025-01-03,2025-01-31,Discovery Dive,1,5300,COMPLETED,,T00441,3
B003438,C01786,2025-01-04,2025-01-31,fundive,1,2900,COMPLETED,,T00441,5
B003439,C02501,2025-01-18,2025-01-31,Discovery,1,5150,COMPLETED,,T00441,6
B003440,C02502,2025-01-25,2025-01-31,DSD,1,4800,Completed,,T00441,7
B003441,C02503,09/01/2025,2025-01-31,Fun dive,2,6950,completed,,T00441,8
B003442,C02504,28/12/2024,2025-01-31,Fun dive,2,7200,completed,,T00441,10
B003443,C00215,06/01/2025,2025-02-01,Fun Dive,2,7450, Completed,,T00442,1
B003444,C00213,2025-01-05,2025-02-01,FUN DIVE,2,6800,Completed,,T00442,2
B003445,C02505,January 29 2025,2025-02-01,DISCOVERY DIVE,1,5150, Completed,,T00442,3
B003446,C02506,2025-01-15,2025-02-01,Discovery,1,4150,completed,,T00442,4
B003447,C02507,2025-01-01,2025-02-01,COURSE,5,26600,COMPLETED,,T00442,7
B003448,C02508,27/01/2025,2025-02-01,Discovery,1,4950,cancelled,Weather,T00442,8
B003449,C02509,23/12/2024,2025-02-01,Fun dive,3,11100,Completed,,T00442,9
B003450,C02510,02/01/2025,2025-02-01,DISCOVERY DIVE,1,5150,Completed,,T00443,2
B003451,C02078,2025-01-05,2025-02-01,course,4,26200,COMPLETED,,T00443,3
B003452,C02511,January 25 2025,2025-02-01,Discovery Dive,1,4300,COMPLETED,,T00443,4
B003453,C02281,2025-01-11,2025-02-01,Fun dive,2,7150, Completed,,T00443,5
B003454,C02512,2025-01-24,2025-02-01,Fun dive,2,7400,Completed,,T00443,6
B003455,C02513,January 15 2025,2025-02-01,fun dive,4,13450,Completed,,T00443,7
B003456,C02514,2024-12-19,2025-02-01,FUN DIVE,1,3250, cancelled ,Customer,T00443,8
B003457,C00185,January 11 2025,2025-02-01,course,4,27650,No-Show,,T00444,2
B003458,C02103,January 11 2025,2025-02-01,FUN DIVE,3,11000,completed,,T00444,3
B003459,C02515,2025-01-15,2025-02-01,Discovery,1,4400, Completed,,T00444,4
B003460,C02516,2025-01-05,2025-02-01,Discovery,1,4950,COMPLETED,,T00444,6
B003461,C02517,2025-01-08,2025-02-01,Fun Dive,1,3300, Completed,,T00444,7
B003462,C02518,17/01/2025,2025-02-01,Discovery,1,5550,Completed,,T00444,9
B003463,C02519,22/01/2025,2025-02-02,Fun dive,1,3550,COMPLETED,,T00445,1
B003464,C02520,24/12/2024,2025-02-02,fun dive,2,6950,No-Show,,T00445,2
B003465,C02483,January 27 2025,2025-02-02,Discovery,1,5150,no-show,,T00445,3
B003466,C02521,19/01/2025,2025-02-02,fundive,1,3500,Completed,,T00445,4
B003467,C02522,January 27 2025,2025-02-02,Fun Dive,2,5650,Completed,,T00445,6
B003468,C02523,2024-12-28,2025-02-02,fun dive,4,13150, Completed,,T00445,7
B003469,C02524,2025-01-28,2025-02-02,course,5,27600,completed,,T00445,10
B003470,C00404,2025-01-02,2025-02-02,Fun dive,1,3200, Completed,,T00445,11
B003471,C02525,2025-01-27,2025-02-02,PADI Course,5,22300, Completed,,T00445,12
B003472,C02526,2025-01-28,2025-02-02,fundive,1,3700,completed,,T00446,2
B003473,C02527,2025-01-26,2025-02-02,discovery dive,1,4250,Completed,,T00446,3
B003474,C02528,2025-01-25,2025-02-02,DISCOVERY DIVE,2,10000,Completed,,T00446,4
B003475,C02529,2025-01-29,2025-02-02,Course,4,24750,Completed,,T00446,5
B003476,C02530,2025-01-12,2025-02-02,DSD,1,4900,completed,,T00446,7
B003477,C02531,2025-01-06,2025-02-02,discovery dive,2,10750, Completed,,T00446,8
B003478,C02342,January 5 2025,2025-02-02,course,4,23600,Completed,,T00446,9
B003479,C02532,2024-12-22,2025-02-02,Fun dive,3,11250, Completed,,T00446,10
B003480,C02533,2025-01-21,2025-02-02,Course,5,26700,COMPLETED,,T00446,11
B003481,C02534,January 8 2025,2025-02-02,discovery dive,1,5500,COMPLETED,,T00447,1
B003482,C02535,16/01/2025,2025-02-02,discovery dive,1,5300,COMPLETED,,T00447,2
B003483,C02536,December 28 2024,2025-02-02,Fun dive,4,11300,Cancelled,Medical,T00447,3
B003484,C02000,26/01/2025,2025-02-02,fundive,2,7000, Completed,,T00447,4
B006144,C04629,05/01/2026,2026-02-10,Fun Dive,1,3500,Completed,,T00796,3
B003485,C02537,2025-01-03,2025-02-02,fun dive,1,3600,Completed,,T00447,5
B003486,C02538,2025-01-18,2025-02-02,fundive,1,3500,CANCELLED,Customer,T00447,6
B003487,C02539,18/01/2025,2025-02-02,course,4,25200,COMPLETED,,T00447,7
B003488,C02540,2024-12-31,2025-02-02,fun dive,2,7050,completed,,T00447,8
B003489,C02387,23/12/2024,2025-02-02,Course,4,24500, Completed,,T00447,9
B003490,C01661,25/01/2025,2025-02-02,fun dive,2,7250,COMPLETED,,T00447,11
B003491,C02541,04/01/2025,2025-02-03,fun dive,1,3500,COMPLETED,,T00448,1
B003492,C01477,January 11 2025,2025-02-03,FUN DIVE,2,7200,Completed,,T00448,2
B003493,C01396,08/01/2025,2025-02-03,fun dive,1,3750, Completed,,T00448,3
B003494,C02100,2025-01-12,2025-02-03,FUN DIVE,1,3800,COMPLETED,,T00448,4
B003495,C02542,2024-12-29,2025-02-03,fun dive,1,3800, Completed,,T00448,6
B003496,C02543,2025-01-20,2025-02-03,PADI Course,4,27050,COMPLETED,,T00448,8
B003497,C02544,2025-01-23,2025-02-03,fun dive,4,13450, Completed,,T00448,9
B003498,C02013,2024-12-28,2025-02-03,Fun Dive,2,7550, Completed,,T00448,10
B003499,C02175,2025-01-13,2025-02-03,fundive,2,6400,COMPLETED,,T00449,1
B003500,C02545,24/01/2025,2025-02-03,Course,4,26550,Cancelled,Customer,T00449,2
B003501,C02546,January 24 2025,2025-02-03,DISCOVERY DIVE,1,5400, Completed,,T00449,3
B003502,C02338,2024-12-26,2025-02-03,Discovery Dive,1,5150,Completed,,T00449,4
B003503,C02547,29/01/2025,2025-02-03,Discovery,1,5250, Completed,,T00449,6
B003504,C02548,12/01/2025,2025-02-03,Fun Dive,1,2900,no-show,,T00449,9
B003505,C02549,2025-01-21,2025-02-03,COURSE,4,25750,Completed,,T00449,10
B003506,C02550,2025-01-25,2025-02-03,fundive,3,10450,COMPLETED,,T00449,11
B003507,C01953,01/02/2025,2025-02-03,course,4,28650,completed,,T00449,12
B003508,C02133,2025-01-23,2025-02-04,FUN DIVE,1,3400,Completed,,T00450,2
B003509,C02551,December 29 2024,2025-02-04,Fun Dive,1,3650,Completed,,T00450,3
B003510,C02552,January 3 2025,2025-02-04,Fun Dive,3,11550,No-Show,,T00450,4
B003511,C02553,2025-01-13,2025-02-04,COURSE,5,27000,Completed,,T00450,6
B003512,C02554,2025-01-10,2025-02-04,fundive,4,13800,COMPLETED,,T00450,7
B003513,C02555,05/01/2025,2025-02-04,Discovery,1,5150,completed,,T00450,8
B003514,C02556,04/02/2025,2025-02-04,FUN DIVE,4,15100,COMPLETED,,T00450,11
B003515,C02557,13/01/2025,2025-02-04,Discovery Dive,1,5350,COMPLETED,,T00450,12
B003516,C02558,2025-01-15,2025-02-05,DISCOVERY DIVE,1,5500, Completed,,T00451,1
B003517,C02559,2025-02-02,2025-02-05,Discovery Dive,1,5050,Completed,,T00451,2
B003518,C02560,13/01/2025,2025-02-05,PADI Course,4,25950,COMPLETED,,T00451,3
B003519,C02561,2024-12-26,2025-02-05,PADI Course,5,25800,completed,,T00451,5
B003520,C02562,2025-02-04,2025-02-05,fun dive,3,11050,COMPLETED,,T00451,6
B003521,C02563,26/12/2024,2025-02-05,discovery dive,1,5050,Completed,,T00451,7
B003522,C02564,2025-01-10,2025-02-05,discovery dive,1,5000, Completed,,T00451,9
B003523,C02565,2025-01-09,2025-02-05,DISCOVERY DIVE,1,4400, Completed,,T00451,10
B003524,C02566,29/01/2025,2025-02-05,FUN DIVE,2,6300,Completed,,T00451,11
B003525,C02567,23/12/2024,2025-02-06,discovery dive,2,10150,completed,,T00452,1
B003526,C02419,February 1 2025,2025-02-06,DISCOVERY DIVE,1,5000,Completed,,T00452,2
B003527,C02568,26/01/2025,2025-02-06,Fun Dive,3,9100,Completed,,T00452,5
B003528,C02569,2025-01-05,2025-02-06,Fun Dive,2,7600,completed,,T00452,6
B003529,C02570,2025-01-30,2025-02-06,Course,4,23050,COMPLETED,,T00452,7
B003530,C02571,2025-01-21,2025-02-06,discovery dive,1,5150,COMPLETED,,T00452,8
B003531,C02572,2025-01-21,2025-02-06,PADI Course,4,24600,COMPLETED,,T00453,2
B003532,C02573,2025-01-13,2025-02-06,Course,4,25300,Completed,,T00453,3
B003533,C02574,February 2 2025,2025-02-06,Fun dive,2,5650,completed,,T00453,4
B000343,C00241,2023-12-30,2024-01-21,FUN DIVE,3,8850,completed,,T00043,6
B003534,C02575,28/12/2024,2025-02-06,Fun dive,3,10800,COMPLETED,,T00453,5
B003535,C02521,2025-01-24,2025-02-06,fun dive,1,3900,completed,,T00453,6
B003536,C00281,2025-01-27,2025-02-06,Fun dive,1,3200,completed,,T00453,7
B003537,C02576,February 2 2025,2025-02-06,discovery dive,1,5250,COMPLETED,,T00453,8
B003538,C02577,2024-12-30,2025-02-06,FUN DIVE,3,10750,Cancelled,Customer,T00453,9
B003539,C02578,01/01/2025,2025-02-07,course,4,20800,completed,,T00454,1
B003540,C02579,January 11 2025,2025-02-07,PADI Course,5,27100,Completed,,T00454,3
B003541,C02580,2025-01-12,2025-02-07,Discovery Dive,1,4300,no-show,,T00454,4
B003542,C02581,2025-01-30,2025-02-07,course,4,28200,No-Show,,T00454,7
B003543,C02582,2024-12-26,2025-02-07,fun dive,2,7000,Completed,,T00454,8
B003544,C02236,2025-02-01,2025-02-07,COURSE,4,26500,COMPLETED,,T00454,9
B003545,C02583,2025-01-27,2025-02-07,Course,4,26800,completed,,T00454,10
B003546,C02584,31/01/2025,2025-02-07,COURSE,4,26700,completed,,T00454,11
B003547,C02585,2025-01-22,2025-02-07,Discovery,2,10400,completed,,T00455,1
B003548,C02586,05/01/2025,2025-02-07,course,4,27150,Completed,,T00455,2
B003549,C02587,2024-12-25,2025-02-07,DSD,1,5400,completed,,T00455,3
B003550,C02454,2025-01-01,2025-02-07,fundive,3,-8950,COMPLETED,,T00455,4
B003551,C02588,20/01/2025,2025-02-07,COURSE,4,21700, Completed,,T00455,6
B003552,C02589,2024-12-24,2025-02-07,fun dive,3,10950,Cancelled,Customer,T00455,7
B003553,C02218,2025-01-28,2025-02-07,fun dive,1,3850,completed,,T00455,10
B003554,C02590,26/12/2024,2025-02-08,Fun Dive,1,3500,Completed,,T00456,1
B003555,C01842,2025-01-22,2025-02-08,FUN DIVE,3,11500,completed,,T00456,2
B003556,C01519,2025-01-05,2025-02-08,Course,4,27100, Completed,,T00456,3
B003557,C02591,2025-01-04,2025-02-08,Discovery,1,5150,completed,,T00456,4
B003558,C02592,2025-01-03,2025-02-08,Discovery Dive,1,5250,Completed,,T00456,5
B003559,C02593,December 25 2024,2025-02-08,Fun dive,2,7750,COMPLETED,,T00456,7
B003560,C02270,December 27 2024,2025-02-08,fundive,4,14100, Completed,,T00456,8
B003561,C02594,2025-02-07,2025-02-08,Fun dive,2,7000,Completed,,T00457,2
B003562,C02595,2025-01-06,2025-02-08,Fun dive,2,5800,No-show,,T00457,3
B003563,C02596,2025-01-13,2025-02-08,Fun Dive,1,3600,Completed,,T00457,5
B003564,C02597,2025-01-10,2025-02-08,fundive,2,6850, Completed,,T00457,6
B003565,C02035,January 15 2025,2025-02-08,Fun Dive,2,7000, Completed,,T00457,7
B003566,C02310,2025-01-22,2025-02-08,FUN DIVE,4,12200,Completed,,T00457,8
B003567,C01546,2025-01-13,2025-02-09,DISCOVERY DIVE,1,4200,completed,,T00458,1
B003568,C02598,2024-12-27,2025-02-09,discovery dive,1,5500,Completed,,T00458,2
B003569,C02599,2025-01-18,2025-02-09,discovery dive,1,4900,Completed,,T00458,3
B003570,C02600,2024-12-28,2025-02-09,FUN DIVE,2,6400, cancelled ,Customer,T00458,4
B003571,C02601,2025-01-14,2025-02-09,Discovery,1,4350,Completed,,T00458,5
B003572,C02602,2025-01-10,2025-02-09,fundive,3,11050,COMPLETED,,T00458,6
B003573,C02603,2025-01-16,2025-02-09,COURSE,5,27800, Completed,,T00458,7
B003574,C02326,2024-12-31,2025-02-09,Fun dive,2,7800,no-show,,T00458,10
B003575,C00359,2024-12-27,2025-02-09,Fun dive,1,3350,completed,,T00459,1
B003576,C02604,2025-01-31,2025-02-09,Fun Dive,1,2850, cancelled ,Weather,T00459,2
B003577,C02422,2025-01-02,2025-02-09,Course,4,22200,NO-SHOW,,T00459,4
B003578,C02458,31/12/2024,2025-02-09,Fun Dive,1,3250, Completed,,T00459,5
B003579,C02605,December 28 2024,2025-02-09,discovery dive,1,5000,completed,,T00459,7
B003580,C02465,2025-01-19,2025-02-09,Fun dive,4,13500,NO-SHOW,,T00459,8
B003581,C02606,January 14 2025,2025-02-09,Fun Dive,1,3400, Completed,,T00459,9
B003582,C02607,2025-02-09,2025-02-09,Discovery Dive,1,4550,Completed,,T00459,10
B003583,C02608,2025-01-13,2025-02-09,DISCOVERY DIVE,1,5350,NO-SHOW,,T00459,12
B003584,C02533,January 24 2025,2025-02-10,Fun Dive,2,7550,Completed,,T00460,2
B003585,C02609,03/01/2025,2025-02-10,Fun dive,3,9050, Completed,,T00460,3
B003586,C02364,22/01/2025,2025-02-10,Fun Dive,1,3100,Completed,,T00460,4
B003587,C02565,2025-01-10,2025-02-10,discovery dive,1,4350,COMPLETED,,T00460,5
B003588,C02610,2025-02-01,2025-02-10,DISCOVERY DIVE,1,4650,completed,,T00460,6
B003589,C02611,2025-01-31,2025-02-10,DISCOVERY DIVE,1,4250,completed,,T00460,7
B003590,C02502,2024-12-31,2025-02-10,DISCOVERY DIVE,1,4850,COMPLETED,,T00460,8
B003591,C02612,2025-01-18,2025-02-10,Discovery,2,11150,COMPLETED,,T00460,9
B003592,C02613,2025-02-04,2025-02-10,course,4,27600, Completed,,T00460,10
B003593,C02377,08/02/2025,2025-02-10,Discovery Dive,1,5300,completed,,T00460,11
B003594,C02290,2025-01-05,2025-02-10,fundive,3,9600, Completed,,T00461,2
B003595,C02614,2025-01-26,2025-02-10,course,4,21300,completed,,T00461,3
B003596,C02615,January 9 2025,2025-02-10,COURSE,4,26400,completed,,T00461,5
B003597,C02616,January 29 2025,2025-02-10,Fun dive,1,3900,completed,,T00461,6
B003598,C02617,January 30 2025,2025-02-10,fundive,1,3900, Completed,,T00461,7
B003599,C01759,February 1 2025,2025-02-10,fundive,1,3650, Completed,,T00461,8
B003600,C02618,2025-01-23,2025-02-10,DSD,1,4500,Completed,,T00461,9
B003601,C02619,February 7 2025,2025-02-11,fun dive,4,13100, Completed,,T00462,1
B003602,C02620,2025-01-21,2025-02-11,DSD,1,4150,COMPLETED,,T00462,2
B003603,C02621,2025-01-19,2025-02-11,fun dive,3,10050,COMPLETED,,T00462,3
B003604,C02622,2025-01-02,2025-02-11,course,5,28200,completed,,T00462,4
B003605,C02623,January 1 2025,2025-02-11,COURSE,4,28750,completed,,T00462,6
B003606,C02624,2025-01-20,2025-02-11,FUN DIVE,2,6250,Completed,,T00462,7
B003607,C02083,2025-01-26,2025-02-11,Fun Dive,2,6750,Completed,,T00462,8
B003608,C02270,2025-02-08,2025-02-12,fundive,4,13900,COMPLETED,,T00463,1
B003609,C02625,2025-01-08,2025-02-12,Discovery Dive,1,5050,COMPLETED,,T00463,3
B003610,C02626,2025-01-07,2025-02-12,Course,4,26150, Completed,,T00463,4
B003611,C02627,07/02/2025,2025-02-12,fun dive,1,3300,COMPLETED,,T00463,6
B003612,C02628,2025-01-09,2025-02-12,DISCOVERY DIVE,1,5600,completed,,T00463,8
B003613,C02629,03/01/2025,2025-02-12,FUN DIVE,3,10900,completed,,T00463,9
B003614,C02630,29/12/2024,2025-02-12,COURSE,4,26800,cancelled,Customer,T00463,10
B003615,C02631,2025-01-07,2025-02-12,fundive,1,3600, Completed,,T00464,2
B003616,C02632,January 10 2025,2025-02-12,Discovery Dive,1,5200,COMPLETED,,T00464,4
B003617,C02633,2025-01-29,2025-02-12,fun dive,1,3950,cancelled,Customer,T00464,5
B003618,C02634,2025-01-22,2025-02-12,Discovery,1,5250,completed,,T00464,6
B003619,C02635,2025-01-22,2025-02-12,Fun dive,3,11600,completed,,T00464,7
B003620,C02212,2024-12-31,2025-02-12,FUN DIVE,1,3600,completed,,T00464,8
B003621,C02636,January 3 2025,2025-02-12,Fun Dive,4,13550,completed,,T00464,9
B003622,C02637,2025-01-28,2025-02-12,fun dive,1,3850,COMPLETED,,T00464,10
B003623,C02638,17/01/2025,2025-02-12,Fun Dive,3,10600,completed,,T00464,12
B003624,C02639,December 31 2024,2025-02-13,discovery dive,1,4750, Completed,,T00465,1
B003625,C02640,2025-01-15,2025-02-13,Fun dive,2,7150,Completed,,T00465,2
B003626,C02641,15/01/2025,2025-02-13,fundive,2,7600, Completed,,T00465,4
B003627,C01077,29/01/2025,2025-02-13,fundive,2,7350,COMPLETED,,T00465,7
B003628,C02444,February 5 2025,2025-02-13,fundive,4,15950,Completed,,T00465,8
B003629,C01509,2025-02-03,2025-02-13,FUN DIVE,2,7200,completed,,T00465,9
B003630,C02642,10/02/2025,2025-02-13,Discovery Dive,1,4100,COMPLETED,,T00465,10
B003631,C02643,2025-01-04,2025-02-13,Discovery,1,5600, Completed,,T00466,1
B003632,C02644,January 3 2025,2025-02-13,Fun dive,4,14750,Completed,,T00466,2
B003633,C02645,2025-01-23,2025-02-13,fun dive,2,6950,NO-SHOW,,T00466,4
B003634,C01881,2025-01-26,2025-02-13,Fun dive,3,11550,Completed,,T00466,6
B003635,C02646,2025-01-15,2025-02-13,fundive,2,7900,Completed,,T00466,7
B003636,C02647,2025-01-29,2025-02-13,Discovery Dive,1,5150,Cancelled,Customer,T00466,8
B003637,C02648,January 5 2025,2025-02-13,course,5,26800, Completed,,T00466,9
B003638,C02649,2025-01-27,2025-02-13,COURSE,4,24950, Completed,,T00466,10
B003639,C02425,12/02/2025,2025-02-13,fun dive,2,7050,Completed,,T00466,11
B003640,C02650,01/01/2025,2025-02-13,course,5,28100,COMPLETED,,T00466,12
B003641,C02124,2025-01-27,2025-02-14,Fun Dive,1,3950, Completed,,T00467,2
B003642,C02651,2025-01-26,2025-02-14,DSD,2,9000,COMPLETED,,T00467,3
B003643,C02652,02/01/2025,2025-02-14,FUN DIVE,4,14550,COMPLETED,,T00467,4
B003644,C02653,2025-02-07,2025-02-14,fundive,2,7700, Completed,,T00467,5
B003645,C02654,2025-01-08,2025-02-14,DSD,1,5250, Completed,,T00467,6
B003646,C02655,2025-02-09,2025-02-14,fundive,1,3750,No-show,,T00467,8
B003647,C00690,2025-01-12,2025-02-14,Course,5,24200,COMPLETED,,T00467,9
B003648,C02450,2025-01-20,2025-02-14,FUN DIVE,2,5900,cancelled,Customer,T00467,11
B003649,C02656,2025-01-26,2025-02-14,fundive,1,3650, Completed,,T00468,1
B003650,C02155,2025-01-13,2025-02-14,fun dive,2,5700,Completed,,T00468,2
B003651,C02657,2025-01-28,2025-02-14,course,4,25100,NO-SHOW,,T00468,3
B003652,C02131,February 7 2025,2025-02-14,Fun Dive,1,3900,completed,,T00468,4
B003653,C02658,2024-12-31,2025-02-14,discovery dive,1,5500, Completed,,T00468,5
B003654,C02168,2025-02-03,2025-02-14,fun dive,1,3650, Completed,,T00468,6
B003655,C02659,2025-02-07,2025-02-15,fun dive,3,10800, Completed,,T00469,1
B003656,C01601,2025-01-20,2025-02-15,Fun Dive,4,15150,COMPLETED,,T00469,2
B003657,C02660,January 8 2025,2025-02-15,DISCOVERY DIVE,1,5100,COMPLETED,,T00469,3
B003658,C02661,2025-01-26,2025-02-15,FUN DIVE,4,13450,completed,,T00469,4
B003659,C02226,2025-01-25,2025-02-15,FUN DIVE,1,3850,completed,,T00469,5
B003660,C02662,2025-01-21,2025-02-15,Fun Dive,1,2950,COMPLETED,,T00469,6
B003661,C02663,2025-02-10,2025-02-15,DISCOVERY DIVE,2,10050,Completed,,T00470,1
B003662,C02664,2025-01-02,2025-02-15,Discovery Dive,1,5550,Completed,,T00470,2
B003663,C00038,11/02/2025,2025-02-15,fundive,1,3850,COMPLETED,,T00470,4
B003664,C02665,26/01/2025,2025-02-15,fundive,1,3750,Completed,,T00470,5
B003665,C02067,2025-02-11,2025-02-15,fun dive,3,11850,Completed,,T00470,6
B003666,C02666,2025-02-01,2025-02-15,FUN DIVE,2,7700, Completed,,T00470,7
B003667,C02421,February 8 2025,2025-02-15,Fun Dive,3,9700, Completed,,T00470,8
B003668,C02667,2025-01-10,2025-02-15,DISCOVERY DIVE,1,4900,Completed,,T00470,9
B003669,C02668,February 1 2025,2025-02-16,fun dive,1,3450,completed,,T00471,2
B003670,C02669,January 13 2025,2025-02-16,DISCOVERY DIVE,1,5150,Completed,,T00471,3
B003671,C02670,2025-02-02,2025-02-16,course,4,28500,completed,,T00471,5
B003672,C00964,2025-02-16,2025-02-16,fun dive,3,10800,COMPLETED,,T00471,6
B003383,C02457,2024-12-15,2025-01-28,fundive,3,9950,Completed,,T00434,8
B003673,C02671,February 5 2025,2025-02-16,course,5,22550, Completed,,T00471,7
B003674,C02672,2025-01-30,2025-02-16,DISCOVERY DIVE,1,5250,COMPLETED,,T00471,8
B003675,C02482,17/01/2025,2025-02-16,Fun dive,2,7450,Completed,,T00471,9
B003676,C02302,2025-02-04,2025-02-16,COURSE,5,24850, cancelled ,,T00472,1
B003677,C02673,28/01/2025,2025-02-16,COURSE,4,28900, Completed,,T00472,2
B003678,C02674,2025-01-20,2025-02-16,fundive,1,3800,COMPLETED,,T00472,3
B003679,C02675,11/02/2025,2025-02-16,fundive,2,6550, cancelled ,Customer,T00472,4
B003680,C02676,09/02/2025,2025-02-16,Course,5,25100,completed,,T00472,5
B003681,C02677,2025-01-10,2025-02-16,fundive,4,12000,Completed,,T00472,7
B003682,C02366,2025-01-25,2025-02-16,Fun Dive,1,3300, Completed,,T00472,8
B003683,C02678,2025-01-20,2025-02-16,discovery dive,1,5150, Completed,,T00472,9
B003684,C02679,January 31 2025,2025-02-16,Fun dive,4,12000, Completed,,T00473,1
B003685,C02680,2025-02-15,2025-02-16,Discovery Dive,1,4500,CANCELLED,Customer,T00473,2
B003686,C02681,2025-01-31,2025-02-16,fundive,1,3500,Completed,,T00473,3
B003687,C02682,27/01/2025,2025-02-16,Discovery Dive,1,5350,completed,,T00473,6
B003688,C02683,08/02/2025,2025-02-16,Course,4,23400, Completed,,T00473,7
B003689,C02521,13/02/2025,2025-02-16,Fun Dive,1,3850,completed,,T00473,8
B003690,C02684,2025-02-05,2025-02-16,Discovery,2,9050,Completed,,T00473,10
B003691,C01420,2025-01-03,2025-02-16,Fun dive,1,3450, Completed,,T00473,11
B003692,C02685,2025-01-03,2025-02-17,Discovery Dive,1,5200,Completed,,T00474,1
B003693,C00452,08/02/2025,2025-02-17,Fun dive,2,6850,COMPLETED,,T00474,2
B003694,C02686,2025-02-17,2025-02-17,course,5,26750,Completed,,T00474,3
B003695,C02687,January 27 2025,2025-02-17,fundive,3,10800,Completed,,T00474,4
B003696,C02688,2025-01-04,2025-02-17,Fun dive,1,3500,completed,,T00474,5
B003697,C02689,2025-01-13,2025-02-17,Fun dive,3,8650,No-show,,T00474,6
B003698,C02690,2025-01-08,2025-02-17,fun dive,4,11500,completed,,T00474,7
B003699,C02691,January 14 2025,2025-02-17,Fun Dive,2,6750,Completed,,T00474,8
B003700,C02692,2025-02-16,2025-02-17,Fun dive,1,3500,COMPLETED,,T00475,1
B003701,C02693,31/01/2025,2025-02-17,Fun Dive,4,13050,Completed,,T00475,2
B003702,C02694,2025-01-12,2025-02-17,Discovery Dive,1,4900,completed,,T00475,3
B001726,C00021,2024-03-27,2024-05-10,PADI Course,5,22200,COMPLETED,,T00217,12
B003703,C00916,2025-02-12,2025-02-17,COURSE,4,26450,Completed,,T00475,5
B003704,C02233,2025-01-10,2025-02-17,FUN DIVE,3,9100,completed,,T00475,6
B003705,C02695,January 24 2025,2025-02-17,course,4,28650,cancelled,Medical,T00475,7
B003706,C02696,04/01/2025,2025-02-17,Discovery Dive,1,5800,Completed,,T00475,10
B003707,C02697,February 6 2025,2025-02-17,fun dive,1,3450,Completed,,T00475,11
B003708,C02698,2025-02-14,2025-02-18,Discovery Dive,1,5600,completed,,T00476,1
B003709,C02699,2025-02-16,2025-02-18,fun dive,2,7750,CANCELLED,Customer,T00476,2
B003710,C02700,2025-02-01,2025-02-18,Fun Dive,1,3600,COMPLETED,,T00476,3
B003711,C02701,2025-02-13,2025-02-18,Fun dive,2,7200,Completed,,T00476,4
B003712,C02702,2025-01-29,2025-02-18,discovery dive,1,5150,COMPLETED,,T00476,6
B003713,C02703,2025-01-31,2025-02-18,discovery dive,1,5300,COMPLETED,,T00476,8
B003714,C02704,2025-01-24,2025-02-18,fundive,2,7250,completed,,T00477,2
B003715,C02705,2025-01-07,2025-02-18,Discovery Dive,1,5550,No-show,,T00477,3
B003716,C02706,2025-02-13,2025-02-18,Discovery Dive,1,5500,Completed,,T00477,4
B003717,C02707,25/01/2025,2025-02-18,FUN DIVE,3,10250,COMPLETED,,T00477,6
B003718,C00296,2025-01-26,2025-02-18,Fun Dive,1,3500,completed,,T00477,7
B003719,C00368,17/02/2025,2025-02-18,FUN DIVE,1,4000,NO-SHOW,,T00477,8
B003720,C02708,16/02/2025,2025-02-18,discovery dive,1,5200, Completed,,T00477,9
B003721,C02709,2025-02-08,2025-02-18,DSD,2,8250,Cancelled,Customer,T00477,10
B003722,C02710,February 3 2025,2025-02-18,course,4,26850,No-Show,,T00477,11
B003723,C02711,2025-02-15,2025-02-18,fundive,2,7700,Cancelled,Customer,T00477,12
B003724,C02712,2025-01-09,2025-02-19,Discovery Dive,2,9900,Completed,,T00478,1
B003725,C02713,2025-01-19,2025-02-19,fundive,2,6250,Completed,,T00478,2
B003726,C02714,12/01/2025,2025-02-19,Fun dive,4,12700, Completed,,T00478,4
B003727,C02715,05/01/2025,2025-02-19,FUN DIVE,4,13950,Completed,,T00478,5
B003728,C02716,07/01/2025,2025-02-19,fundive,3,11550,CANCELLED,,T00478,6
B003729,C02717,2025-01-10,2025-02-19,COURSE,4,28250,COMPLETED,,T00478,7
B003730,C02121,2025-01-15,2025-02-19,Fun Dive,1,3850, Completed,,T00478,9
B003731,C02718,2025-01-23,2025-02-19,Fun dive,2,7400,Completed,,T00478,10
B003732,C02719,2025-02-16,2025-02-19,DISCOVERY DIVE,1,5050,completed,,T00479,3
B003733,C02720,2025-01-06,2025-02-19,Course,5,28550, Completed,,T00479,4
B003734,C02721,February 10 2025,2025-02-19,discovery dive,1,5750,completed,,T00479,5
B003735,C02722,2025-02-15,2025-02-19,course,4,25600,Completed,,T00479,6
B003736,C02723,2025-02-10,2025-02-19,Fun Dive,1,3400, Completed,,T00479,7
B003737,C02169,15/01/2025,2025-02-19,Fun dive,3,10300,COMPLETED,,T00479,9
B003738,C02448,2025-02-13,2025-02-19,Fun Dive,2,7250,Completed,,T00479,10
B003739,C02724,2025-02-05,2025-02-19,Fun Dive,1,3450,completed,,T00479,11
B003740,C02725,2025-01-13,2025-02-20,DSD,1,5350,CANCELLED,Customer,T00480,1
B003741,C02205,January 12 2025,2025-02-20,Fun dive,3,8800, cancelled ,Customer,T00480,3
B003742,C02068,2025-01-24,2025-02-20,PADI Course,5,28050, Completed,,T00480,4
B003743,C02726,2025-02-13,2025-02-20,PADI Course,4,27350,completed,,T00480,5
B003744,C02727,20/02/2025,2025-02-20,Course,4,27400,CANCELLED,Customer,T00480,6
B003745,C02728,2025-02-15,2025-02-20,discovery dive,1,4650,COMPLETED,,T00480,7
B003746,C02729,January 9 2025,2025-02-20,DSD,1,5100,Completed,,T00481,1
B003747,C02722,2025-01-17,2025-02-20,FUN DIVE,4,15150,completed,,T00481,3
B003748,C02730,05/02/2025,2025-02-20,Discovery,1,4750, Completed,,T00481,5
B003749,C02380,2025-01-11,2025-02-20,fundive,3,11200, Completed,,T00481,6
B003750,C02731,2025-02-07,2025-02-20,DISCOVERY DIVE,1,5400,completed,,T00481,8
B004561,C01074,2025-04-14,2025-05-03,fun dive,1,3850, cancelled ,,T00591,5
B003751,C02732,2025-02-01,2025-02-20,course,5,27150,completed,,T00481,9
B003752,C02733,2025-02-03,2025-02-20,DSD,1,5500,cancelled,Customer,T00481,10
B003753,C02734,2025-02-02,2025-02-20,Fun dive,1,3850, Completed,,T00481,11
B003754,C02735,2025-01-25,2025-02-21,FUN DIVE,3,10300,Completed,,T00482,2
B003755,C02736,27/01/2025,2025-02-21,Discovery Dive,1,5550,completed,,T00482,3
B003756,C02737,14/01/2025,2025-02-21,discovery dive,1,4450,COMPLETED,,T00482,4
B003757,C02107,2025-02-19,2025-02-21,FUN DIVE,3,9250,COMPLETED,,T00482,5
B003758,C02738,2025-01-28,2025-02-21,Course,5,22650, Completed,,T00482,6
B003759,C02739,January 25 2025,2025-02-21,DISCOVERY DIVE,2,9850,Completed,,T00482,7
B003760,C02740,January 24 2025,2025-02-21,COURSE,4,26650, Completed,,T00482,8
B003761,C02741,2025-02-19,2025-02-21,Course,5,28100,Completed,,T00482,9
B003762,C02742,2025-01-31,2025-02-21,Discovery Dive,1,5200,COMPLETED,,T00482,10
B003763,C02743,16/02/2025,2025-02-21,DISCOVERY DIVE,1,4550,completed,,T00483,3
B003764,C02744,2025-01-07,2025-02-21,COURSE,5,21350, Completed,,T00483,4
B003765,C02652,2025-02-20,2025-02-21,FUN DIVE,4,14950,no-show,,T00483,5
B003766,C02745,2025-02-21,2025-02-21,Discovery Dive,1,4750,No-show,,T00483,6
B003767,C02746,2025-01-13,2025-02-21,COURSE,4,24850,COMPLETED,,T00483,7
B003768,C00530,2025-02-22,2025-02-22,fun dive,1,3500, Completed,,T00484,2
B006317,C04776,2026-01-29,2026-02-26,PADI Course,4,24550,COMPLETED,,T00818,5
B003769,C00057,2025-01-31,2025-02-22,FUN DIVE,1,3550,Completed,,T00484,4
B003770,C02747,24/01/2025,2025-02-22,Fun dive,1,3600,Completed,,T00484,5
B003771,C02029,2025-02-11,2025-02-22,fun dive,3,10650,Completed,,T00484,7
B003772,C02748,2025-02-08,2025-02-22,COURSE,4,24000,COMPLETED,,T00484,8
B003773,C02749,2025-02-10,2025-02-22,Fun Dive,2,7400,NO-SHOW,,T00484,9
B003774,C02750,17/02/2025,2025-02-23,course,5,26500, Completed,,T00485,1
B003775,C02751,24/01/2025,2025-02-23,Discovery,1,5100,CANCELLED,Weather,T00485,2
B003776,C02752,10/02/2025,2025-02-23,fun dive,1,3350,Completed,,T00485,3
B003777,C02753,2025-02-21,2025-02-23,FUN DIVE,1,3700,cancelled,Weather,T00485,4
B003778,C02477,11/02/2025,2025-02-23,FUN DIVE,2,5800,Completed,,T00485,5
B003779,C02754,30/01/2025,2025-02-23,FUN DIVE,1,3000,CANCELLED,Weather,T00485,8
B003780,C02755,12/02/2025,2025-02-23,Fun dive,2,6650,no-show,,T00485,9
B003781,C02447,2025-02-18,2025-02-23,Fun Dive,3,11750,cancelled,Weather,T00486,1
B003782,C02756,18/02/2025,2025-02-23,fun dive,4,13950,CANCELLED,Weather,T00486,2
B003783,C02757,2025-02-12,2025-02-23,DISCOVERY DIVE,1,4850,completed,,T00486,4
B003784,C02758,January 22 2025,2025-02-23,Discovery Dive,1,5350,Completed,,T00486,5
B003785,C02759,2025-02-22,2025-02-23,Discovery,1,5000,COMPLETED,,T00486,6
B003786,C02760,30/01/2025,2025-02-23,DISCOVERY DIVE,1,5650,Completed,,T00486,8
B003787,C02207,2025-02-20,2025-02-23,Fun dive,3,11400,Completed,,T00486,10
B003788,C02477,2025-02-13,2025-02-23,Fun dive,2,5850,completed,,T00486,11
B003789,C02761,February 1 2025,2025-02-23,fun dive,1,3500,Completed,,T00486,12
B003790,C02762,February 3 2025,2025-02-24,PADI Course,5,25400,Cancelled,Weather,T00487,3
B003791,C02763,2025-02-13,2025-02-24,DISCOVERY DIVE,2,11150,Completed,,T00487,4
B003792,C01840,February 17 2025,2025-02-24,Course,4,28250,Completed,,T00487,6
B003793,C02764,2025-01-30,2025-02-24,fundive,1,3450,Cancelled,Weather,T00487,7
B003794,C02765,17/01/2025,2025-02-24,PADI Course,5,24800, Completed,,T00487,9
B003795,C02766,2025-02-03,2025-02-24,Discovery,1,5400,no-show,,T00487,10
B003796,C02767,2025-01-23,2025-02-24,Discovery,1,5100,CANCELLED,Weather,T00487,11
B003797,C02768,2025-01-23,2025-02-24,Discovery,1,4150, Completed,,T00488,1
B003798,C02769,28/01/2025,2025-02-24,COURSE,4,27600, cancelled ,,T00488,3
B003799,C02770,2025-02-13,2025-02-24,DSD,1,5350,completed,,T00488,4
B003800,C02099,2025-02-17,2025-02-24,fun dive,1,3450, cancelled ,Weather,T00488,6
B003801,C02771,2025-01-17,2025-02-24,discovery dive,1,4500,cancelled,Weather,T00488,7
B003802,C00408,2025-01-18,2025-02-24,Fun Dive,3,11350, Completed,,T00488,8
B003803,C02398,February 16 2025,2025-02-24,Fun dive,4,14050,Cancelled,Weather,T00488,9
B003804,C02772,January 25 2025,2025-02-24,discovery dive,1,5300,CANCELLED,Medical,T00488,10
B003805,C02773,2025-02-15,2025-02-25,Discovery,1,5150,Completed,,T00489,1
B003806,C02774,2025-02-25,2025-02-25,fundive,4,14850,cancelled,Weather,T00489,3
B003807,C02775,2025-01-27,2025-02-25,FUN DIVE,2,6450,cancelled,Weather,T00489,4
B003808,C02776,22/01/2025,2025-02-25,FUN DIVE,2,7850,completed,,T00489,6
B003809,C02777,2025-01-23,2025-02-25,DISCOVERY DIVE,1,4950,COMPLETED,,T00489,7
B003810,C02778,20/01/2025,2025-02-25,FUN DIVE,3,11200,COMPLETED,,T00489,8
B003811,C02611,02/02/2025,2025-02-26,Fun dive,2,5850, Completed,,T00490,1
B003812,C02779,2025-01-17,2025-02-26,discovery dive,1,5000, Completed,,T00490,2
B003813,C02622,10/02/2025,2025-02-26,Fun dive,2,7250,Cancelled,Customer,T00490,3
B003814,C02780,2025-02-07,2025-02-26,DISCOVERY DIVE,1,5700,completed,,T00490,4
B003815,C02781,31/01/2025,2025-02-26,Fun dive,2,6800,completed,,T00490,5
B003816,C02782,2025-02-05,2025-02-26,Fun Dive,3,9550, Completed,,T00490,7
B003817,C02783,13/01/2025,2025-02-26,fun dive,3,10500,Completed,,T00490,8
B003818,C02784,17/01/2025,2025-02-26,COURSE,5,24200,Completed,,T00490,10
B003819,C02785,2025-02-24,2025-02-26,discovery dive,1,5300,completed,,T00490,11
B003820,C02786,2025-01-25,2025-02-26,COURSE,4,26150,completed,,T00491,2
B003821,C02787,2025-01-29,2025-02-26,PADI Course,5,24700,Cancelled,Customer,T00491,3
B003822,C02761,January 19 2025,2025-02-26,FUN DIVE,3,10350,Completed,,T00491,4
B003823,C02788,15/02/2025,2025-02-26,fundive,4,11650,COMPLETED,,T00491,6
B003824,C02789,2025-02-22,2025-02-26,Fun Dive,1,3500,COMPLETED,,T00491,7
B003825,C02790,February 9 2025,2025-02-26,fun dive,3,10900,completed,,T00491,8
B003826,C02791,2025-02-01,2025-02-27,FUN DIVE,4,15100,completed,,T00492,1
B003827,C02792,24/02/2025,2025-02-27,Fun dive,4,12900,no-show,,T00492,2
B003828,C02163,2025-02-27,2025-02-27,FUN DIVE,1,3750,completed,,T00492,3
B003829,C02118,2025-02-17,2025-02-27,Fun Dive,3,10500, Completed,,T00492,4
B003830,C02793,25/01/2025,2025-02-27,COURSE,5,26250,CANCELLED,Customer,T00492,5
B003831,C02794,16/02/2025,2025-02-27,fundive,2,6350,COMPLETED,,T00492,7
B003832,C02795,24/02/2025,2025-02-27,Fun Dive,2,6300, Completed,,T00492,9
B003833,C02796,2025-02-14,2025-02-27,DISCOVERY DIVE,1,5000,Completed,,T00492,10
B003834,C02292,2025-02-16,2025-02-28,Fun dive,3,11450, Completed,,T00493,1
B003835,C02147,14/01/2025,2025-02-28,fun dive,2,7900,completed,,T00493,2
B003836,C02797,2025-02-06,2025-02-28,Discovery Dive,1,4500, Completed,,T00493,3
B003837,C02798,26/01/2025,2025-02-28,course,4,26050,Completed,,T00493,5
B003838,C02799,2025-02-09,2025-02-28,fun dive,4,14350,completed,,T00493,6
B003839,C02800,17/01/2025,2025-02-28,COURSE,5,24450, Completed,,T00493,7
B003840,C02801,23/01/2025,2025-02-28,Discovery,1,4850,Completed,,T00493,8
B003841,C02802,2025-01-29,2025-02-28,FUN DIVE,4,15500,Completed,,T00493,9
B003842,C02803,2025-02-24,2025-02-28,FUN DIVE,1,3500,COMPLETED,,T00494,1
B003843,C02804,2025-02-05,2025-02-28,Discovery Dive,1,5000,completed,,T00494,3
B003844,C02321,2025-01-29,2025-02-28,fun dive,4,13450,completed,,T00494,4
B003845,C02805,08/02/2025,2025-02-28,FUN DIVE,1,3000,COMPLETED,,T00494,5
B003846,C02806,14/01/2025,2025-02-28,fun dive,4,13250,completed,,T00494,6
B003847,C02807,14/01/2025,2025-02-28,DISCOVERY DIVE,1,5250, Completed,,T00494,9
B003848,C02089,19/01/2025,2025-03-01,COURSE,4,22850,Completed,,T00495,1
B003849,C02808,March 1 2025,2025-03-01,Fun Dive,1,3850, Completed,,T00495,4
B003850,C02809,07/02/2025,2025-03-01,Fun dive,1,3250, Completed,,T00495,5
B003851,C02810,2025-02-15,2025-03-01,fundive,1,3850,Completed,,T00495,7
B003852,C02811,February 19 2025,2025-03-01,DSD,1,4750,completed,,T00495,8
B003853,C02793,February 17 2025,2025-03-01,fun dive,2,7150,No-show,,T00495,9
B003854,C02812,2025-02-09,2025-03-01,discovery dive,1,4500,Cancelled,,T00495,10
B003855,C02813,2025-02-22,2025-03-02,COURSE,5,26150,Completed,,T00496,1
B003856,C02814,2025-01-23,2025-03-02,fundive,3,11300,Completed,,T00496,2
B003857,C02815,2025-01-22,2025-03-02,COURSE,4,27150, Completed,,T00496,3
B003858,C02477,28/01/2025,2025-03-02,Fun dive,2,6550,completed,,T00496,5
B003859,C02458,05/02/2025,2025-03-02,FUN DIVE,1,3200,Cancelled,,T00496,6
B003860,C02816,2025-02-22,2025-03-02,Discovery,1,5200,completed,,T00496,9
B003861,C02317,February 21 2025,2025-03-02,DSD,1,5300,Cancelled,Customer,T00496,10
B003862,C02817,2025-02-02,2025-03-02,discovery dive,1,5350,COMPLETED,,T00497,1
B003863,C02818,February 22 2025,2025-03-02,FUN DIVE,2,7050,completed,,T00497,4
B003864,C02819,2025-02-27,2025-03-02,Course,4,26000, Completed,,T00497,6
B003865,C02820,2025-01-17,2025-03-02,course,5,24950,COMPLETED,,T00497,7
B003866,C02821,2025-02-17,2025-03-02,Discovery,1,4850,No-show,,T00497,8
B003867,C02822,2025-02-24,2025-03-02,DSD,1,4150,completed,,T00497,9
B003868,C02823,05/02/2025,2025-03-03,Discovery Dive,1,5300,completed,,T00498,1
B003869,C02824,03/02/2025,2025-03-03,course,4,27400,COMPLETED,,T00498,2
B003870,C02825,March 2 2025,2025-03-03,DSD,1,5350, Completed,,T00498,3
B003871,C02826,2025-02-19,2025-03-03,Fun dive,1,3450,COMPLETED,,T00498,4
B003872,C02827,15/02/2025,2025-03-03,discovery dive,1,5400,completed,,T00498,6
B003873,C02828,03/02/2025,2025-03-03,Fun Dive,1,3000, Completed,,T00498,7
B003874,C02829,February 17 2025,2025-03-03,Fun Dive,1,3800,Cancelled,,T00498,8
B003875,C02293,2025-02-03,2025-03-03,fundive,1,3850,COMPLETED,,T00498,9
B003876,C02830,2025-01-28,2025-03-03,Fun Dive,4,13900,Completed,,T00498,10
B003877,C02653,19/02/2025,2025-03-03,fun dive,3,10250,CANCELLED,Medical,T00499,2
B003878,C02749,February 8 2025,2025-03-03,Fun dive,2,7500,COMPLETED,,T00499,4
B003879,C01205,2025-02-08,2025-03-03,DISCOVERY DIVE,1,5050,Completed,,T00499,5
B003880,C01146,2025-01-25,2025-03-03,Fun dive,1,3450,COMPLETED,,T00499,6
B003881,C02831,14/02/2025,2025-03-03,PADI Course,4,25400, Completed,,T00499,7
B006172,C04653,2026-02-12,2026-02-13,fun dive,1,3350,completed,,T00799,7
B003882,C02832,January 19 2025,2025-03-03,PADI Course,4,23950,COMPLETED,,T00499,8
B003883,C01990,2025-02-01,2025-03-03,discovery dive,1,4400,completed,,T00499,9
B003884,C02833,05/02/2025,2025-03-04,fundive,1,3250,COMPLETED,,T00500,1
B003885,C02834,2025-02-06,2025-03-04,discovery dive,1,5350,CANCELLED,Customer,T00500,2
B003886,C02835,January 26 2025,2025-03-04,Discovery,2,10200,COMPLETED,,T00500,4
B003887,C02836,2025-02-02,2025-03-04,PADI Course,5,22000, Completed,,T00500,5
B003888,C02837,2025-01-26,2025-03-04,Fun Dive,2,6300, Completed,,T00500,6
B003889,C02838,2025-02-08,2025-03-04,Fun dive,4,14900, Completed,,T00500,8
B003890,C02839,2025-02-24,2025-03-04,course,4,28900,CANCELLED,Weather,T00501,1
B003891,C02449,2025-01-29,2025-03-04,fun dive,2,6300,completed,,T00501,2
B003892,C02840,2025-01-25,2025-03-04,Course,5,22650,Cancelled,Medical,T00501,3
B003893,C02841,February 24 2025,2025-03-04,fundive,4,13450,Completed,,T00501,6
B003894,C02842,February 20 2025,2025-03-04,fun dive,1,4000,completed,,T00501,7
B003895,C02843,2025-02-23,2025-03-04,PADI Course,4,24900,Completed,,T00501,9
B003896,C02844,2025-01-24,2025-03-05,PADI Course,4,27850,Completed,,T00502,1
B003897,C02845,2025-02-17,2025-03-05,Discovery Dive,1,4900, Completed,,T00502,2
B003898,C02846,2025-03-03,2025-03-05,DISCOVERY DIVE,2,11000,completed,,T00502,3
B003899,C02847,2025-02-13,2025-03-05,FUN DIVE,4,14400, cancelled ,Medical,T00502,4
B003900,C01365,2025-02-19,2025-03-05,fun dive,1,3750,Completed,,T00502,5
B003901,C02458,2025-02-13,2025-03-05,DSD,1,4700,COMPLETED,,T00502,8
B003902,C02831,2025-02-17,2025-03-05,discovery dive,1,5450,Completed,,T00502,10
B003903,C02848,12/02/2025,2025-03-05,Fun Dive,3,10850,Completed,,T00502,11
B003904,C02849,2025-01-25,2025-03-05,DSD,1,5250,Completed,,T00502,12
B003905,C02850,2025-02-27,2025-03-05,FUN DIVE,3,11350, cancelled ,Customer,T00503,1
B003906,C02701,02/02/2025,2025-03-05,Fun dive,2,7300,completed,,T00503,2
B003907,C02851,27/02/2025,2025-03-05,fun dive,2,6450,Cancelled,Customer,T00503,3
B003908,C02852,2025-03-04,2025-03-05,fun dive,1,3900, Completed,,T00503,5
B003909,C02853,2025-02-10,2025-03-05,fundive,1,3000,Completed,,T00503,7
B003910,C02665,2025-02-21,2025-03-05,fun dive,2,7650,No-Show,,T00503,8
B003911,C02854,February 28 2025,2025-03-05,COURSE,5,24550,CANCELLED,Weather,T00503,9
B003912,C02333,2025-02-01,2025-03-05,fun dive,2,7300,COMPLETED,,T00503,10
B003913,C02855,2025-02-09,2025-03-05,DISCOVERY DIVE,1,5000,cancelled,Medical,T00503,11
B003914,C00322,2025-02-28,2025-03-05,fundive,4,14300, Completed,,T00503,12
B003915,C02856,2025-02-22,2025-03-06,Fun Dive,1,3400, Completed,,T00504,1
B003916,C02857,2025-01-26,2025-03-06,Discovery,1,5600,Completed,,T00504,2
B003917,C02858,February 7 2025,2025-03-06,DISCOVERY DIVE,1,5050, Completed,,T00504,3
B003918,C02859,2025-02-04,2025-03-06,FUN DIVE,1,3850,Completed,,T00504,4
B003919,C02432,2025-02-13,2025-03-06,Fun Dive,3,10400,Completed,,T00504,6
B003920,C02860,2025-02-13,2025-03-06,Fun dive,2,7150,Cancelled,Customer,T00504,8
B003921,C02861,February 27 2025,2025-03-07,fundive,3,11200, Completed,,T00505,1
B003922,C02862,February 8 2025,2025-03-07,discovery dive,1,5300,completed,,T00505,2
B003923,C00027,February 9 2025,2025-03-07,FUN DIVE,1,2950,NO-SHOW,,T00505,4
B003924,C02863,2025-03-06,2025-03-07,Fun Dive,2,7150,completed,,T00505,5
B003925,C02864,2025-02-25,2025-03-07,discovery dive,1,5150,Completed,,T00505,6
B003926,C02865,21/01/2025,2025-03-07,DISCOVERY DIVE,2,10650,COMPLETED,,T00505,7
B003927,C02866,2025-02-14,2025-03-07,Fun Dive,1,3700,completed,,T00505,8
B003928,C02867,January 25 2025,2025-03-08,Discovery Dive,1,5550,Completed,,T00506,1
B003929,C02364,24/02/2025,2025-03-08,FUN DIVE,3,8700, Completed,,T00506,3
B003930,C02868,04/03/2025,2025-03-08,fundive,2,7200, Completed,,T00506,5
B003931,C02869,2025-02-22,2025-03-08,FUN DIVE,1,3500, Completed,,T00506,7
B003932,C02870,04/02/2025,2025-03-08,Discovery,1,5100, Completed,,T00506,8
B003933,C02598,2025-01-26,2025-03-08,Fun Dive,2,7050,completed,,T00506,9
B003934,C02871,2025-02-25,2025-03-08,FUN DIVE,3,8850,completed,,T00506,10
B003935,C02872,05/02/2025,2025-03-08,DISCOVERY DIVE,1,5150, cancelled ,,T00506,11
B003936,C02873,2025-03-08,2025-03-09,DSD,1,5650,Cancelled,Weather,T00507,1
B003937,C02874,30/01/2025,2025-03-09,Course,5,24350, Completed,,T00507,2
B003938,C02875,2025-03-03,2025-03-09,fun dive,4,15300,No-Show,,T00507,3
B003939,C02876,02/02/2025,2025-03-09,Discovery Dive,1,5300,completed,,T00507,4
B003940,C02877,2025-02-27,2025-03-09,Fun dive,2,7450,Cancelled,Weather,T00507,6
B003941,C02878,2025-03-02,2025-03-09,Fun Dive,4,14850,Completed,,T00507,7
B003942,C02879,09/02/2025,2025-03-09,fundive,1,3650,Completed,,T00507,8
B003943,C02475,2025-02-07,2025-03-09,fun dive,1,3700,Completed,,T00508,2
B003944,C02207,2025-02-01,2025-03-09,fundive,3,11100, Completed,,T00508,3
B003945,C02880,16/02/2025,2025-03-09,fun dive,1,3350,Completed,,T00508,4
B003946,C02881,2025-01-25,2025-03-09,fundive,1,3850,COMPLETED,,T00508,5
B003947,C02882,2025-02-24,2025-03-09,Fun Dive,2,7050, Completed,,T00508,6
B003948,C02883,2025-02-07,2025-03-09,DISCOVERY DIVE,1,5300, Completed,,T00508,7
B003949,C02884,28/01/2025,2025-03-09,fundive,3,10750,No-Show,,T00508,8
B003950,C00308,2025-02-06,2025-03-09,FUN DIVE,2,7650,completed,,T00508,9
B003951,C02885,2025-03-02,2025-03-10,COURSE,4,24500, Completed,,T00509,1
B003952,C02886,2025-02-24,2025-03-10,course,4,23250, Completed,,T00509,2
B003953,C02887,2025-02-13,2025-03-10,DISCOVERY DIVE,2,9900,completed,,T00509,4
B003954,C00669,2025-02-04,2025-03-10,fundive,2,6300,COMPLETED,,T00509,6
B003955,C02888,2025-02-02,2025-03-10,Fun dive,3,11400,Completed,,T00509,7
B003956,C00667,2025-02-16,2025-03-10,fundive,2,7700,CANCELLED,Weather,T00509,8
B003957,C02889,2025-02-20,2025-03-10,course,4,27900,Cancelled,Weather,T00509,9
B003958,C02247,2025-03-10,2025-03-10,fun dive,1,3800,COMPLETED,,T00510,1
B003959,C02890,05/02/2025,2025-03-10,Discovery,1,5100,COMPLETED,,T00510,2
B003960,C02891,2025-03-07,2025-03-10,Discovery Dive,1,5500,Cancelled,Customer,T00510,4
B003961,C02892,March 9 2025,2025-03-10,DSD,1,4750,Completed,,T00510,5
B003962,C02893,2025-01-24,2025-03-10,Discovery Dive,2,10900,completed,,T00510,7
B003963,C02894,2025-01-28,2025-03-10,Fun dive,2,6850, Completed,,T00510,9
B003964,C02708,2025-03-05,2025-03-11,Discovery,1,5050,Completed,,T00511,1
B003965,C02096,February 10 2025,2025-03-11,Fun dive,1,3400,COMPLETED,,T00511,3
B003966,C01231,2025-02-20,2025-03-11,fun dive,2,7000,completed,,T00511,4
B003967,C02449,02/02/2025,2025-03-11,Fun dive,3,9650,Completed,,T00511,5
B003968,C02895,2025-02-06,2025-03-11,DSD,1,4850,completed,,T00511,7
B003969,C02896,2025-02-07,2025-03-11,discovery dive,1,4550,Completed,,T00511,8
B003970,C01948,2025-03-01,2025-03-11,fundive,1,3100,completed,,T00511,9
B003971,C02130,2025-02-16,2025-03-12,Course,5,22100,Cancelled,Medical,T00512,1
B003972,C02897,February 26 2025,2025-03-12,fun dive,2,6650,Completed,,T00512,2
B003973,C02898,January 27 2025,2025-03-12,FUN DIVE,2,7750,Completed,,T00512,4
B003974,C02703,2025-02-26,2025-03-12,Discovery,1,5600, Completed,,T00512,5
B003975,C02899,2025-01-30,2025-03-12,Discovery,1,5100, Completed,,T00512,6
B003976,C02900,2025-02-26,2025-03-12,DISCOVERY DIVE,2,10100,COMPLETED,,T00512,8
B003977,C02901,February 22 2025,2025-03-12,DSD,1,5250,completed,,T00513,1
B003978,C02902,2025-03-01,2025-03-12,Discovery,1,5000,cancelled,Medical,T00513,2
B003979,C02903,2025-03-05,2025-03-12,Fun Dive,1,3400,Completed,,T00513,3
B003980,C02904,2025-02-07,2025-03-12,COURSE,5,20500, Completed,,T00513,4
B003981,C02905,2025-01-28,2025-03-12,fundive,3,11700,Completed,,T00513,5
B003982,C02906,2025-02-06,2025-03-12,DISCOVERY DIVE,1,5550, Completed,,T00513,9
B003983,C02907,2025-03-09,2025-03-13,Fun Dive,1,3950,COMPLETED,,T00514,1
B003984,C02908,2025-03-05,2025-03-13,fun dive,1,3600,COMPLETED,,T00514,3
B003985,C02909,2025-02-16,2025-03-13,DSD,1,5200, Completed,,T00514,4
B003986,C02910,2025-02-20,2025-03-13,Discovery,1,4650, Completed,,T00514,6
B003987,C02911,2025-02-07,2025-03-13,fundive,1,3600,Completed,,T00514,7
B003988,C02912,2025-03-04,2025-03-13,Fun dive,2,6000,completed,,T00514,8
B003989,C02738,2025-03-04,2025-03-13,DISCOVERY DIVE,1,4350,Completed,,T00515,1
B003990,C02913,2025-03-02,2025-03-13,FUN DIVE,3,9850,completed,,T00515,2
B003991,C02914,2025-03-07,2025-03-13,fundive,2,6400, Completed,,T00515,3
B003992,C00127,March 5 2025,2025-03-13,Course,4,27350,COMPLETED,,T00515,4
B003993,C02915,2025-01-27,2025-03-13,Fun Dive,1,3800, Completed,,T00515,6
B003994,C02916,03/02/2025,2025-03-13,DISCOVERY DIVE,1,4550,cancelled,Customer,T00515,8
B003995,C02917,2025-02-11,2025-03-14,DSD,1,5200, Completed,,T00516,2
B003996,C02918,2025-03-07,2025-03-14,fundive,2,7150,completed,,T00516,4
B003997,C02919,2025-02-18,2025-03-14,fundive,3,11000,completed,,T00516,5
B003998,C02920,10/02/2025,2025-03-14,PADI Course,4,28850,COMPLETED,,T00516,6
B003999,C02921,2025-02-15,2025-03-14,FUN DIVE,1,3750,Completed,,T00516,7
B004000,C02922,13/03/2025,2025-03-14,Course,4,21750,Completed,,T00516,8
B004001,C02923,09/02/2025,2025-03-14,Course,4,27250,COMPLETED,,T00516,9
B004002,C02924,2025-02-26,2025-03-14,Course,4,26050,COMPLETED,,T00516,10
B004003,C02925,February 6 2025,2025-03-14,Fun dive,1,3450, Completed,,T00516,11
B004004,C02926,February 28 2025,2025-03-15,discovery dive,1,4500,COMPLETED,,T00517,1
B004005,C02927,01/03/2025,2025-03-15,Fun dive,4,1234915,completed,,T00517,2
B006744,C05131,01/04/2026,2026-04-12,fun dive,3,8800,NO-SHOW,,T00872,2
B004006,C02928,2025-02-23,2025-03-15,Discovery Dive,1,5050,completed,,T00517,3
B004007,C01442,30/01/2025,2025-03-15,FUN DIVE,3,11000,Completed,,T00517,5
B004008,C01058,08/03/2025,2025-03-15,Fun Dive,1,3600,Completed,,T00517,6
B004009,C02929,28/02/2025,2025-03-15,fun dive,2,7750, Completed,,T00517,7
B004010,C02930,2025-02-10,2025-03-15,DSD,1,4550,Completed,,T00517,8
B004011,C02931,2025-01-30,2025-03-15,PADI Course,5,24000,Completed,,T00518,1
B004012,C02932,2025-02-09,2025-03-15,PADI Course,5,28150,completed,,T00518,2
B004013,C02742,2025-03-07,2025-03-15,fundive,3,11250,COMPLETED,,T00518,4
B004014,C02257,2025-02-12,2025-03-15,fundive,1,3250,COMPLETED,,T00518,5
B004015,C02933,2025-03-07,2025-03-15,DSD,1,5150, cancelled ,Medical,T00518,6
B004016,C02934,2025-03-03,2025-03-15,COURSE,5,25000,completed,,T00518,7
B004017,C02935,2025-02-09,2025-03-16,Fun Dive,3,10600, cancelled ,Customer,T00519,1
B004018,C02936,2025-03-03,2025-03-16,Discovery Dive,1,4250,NO-SHOW,,T00519,3
B004019,C02937,2025-02-24,2025-03-16,fun dive,4,14650,Completed,,T00519,4
B004020,C02938,2025-02-14,2025-03-16,Fun dive,3,9400,COMPLETED,,T00519,6
B004021,C02939,2025-03-09,2025-03-16,fun dive,1,3550,completed,,T00519,7
B004022,C02221,February 13 2025,2025-03-16,Discovery,1,5150,COMPLETED,,T00519,9
B004023,C02671,10/03/2025,2025-03-16,Fun Dive,1,3000,No-show,,T00519,10
B004024,C02940,2025-03-02,2025-03-17,Fun dive,4,14050,no-show,,T00520,1
B004025,C02941,2025-02-06,2025-03-17,FUN DIVE,2,7250,Completed,,T00520,2
B004026,C02554,2025-03-13,2025-03-17,fundive,1,3450,Completed,,T00520,3
B004027,C02942,23/02/2025,2025-03-17,COURSE,4,27450,completed,,T00520,4
B004028,C02943,2025-03-13,2025-03-17,fun dive,3,10850,COMPLETED,,T00520,5
B004029,C02944,January 31 2025,2025-03-17,Course,5,26350,completed,,T00520,6
B004030,C02945,2025-02-23,2025-03-17,Fun dive,3,10500,completed,,T00520,8
B004031,C02432,25/02/2025,2025-03-17,Fun dive,1,3650, Completed,,T00520,10
B004032,C02204,2025-02-08,2025-03-18,DSD,1,5000, Completed,,T00521,4
B004033,C02305,08/02/2025,2025-03-18,course,5,26150,COMPLETED,,T00521,6
B004034,C02946,2025-03-09,2025-03-18,Fun dive,2,7150,Completed,,T00521,7
B004035,C02947,2025-03-06,2025-03-18,Fun dive,1,3100, Completed,,T00521,8
B004036,C02948,05/02/2025,2025-03-18,FUN DIVE,2,6600,cancelled,Medical,T00521,9
B004037,C02824,2025-02-12,2025-03-18,fun dive,1,3500,Completed,,T00521,10
B004038,C02949,2025-03-11,2025-03-18,fundive,1,3550,completed,,T00521,11
B004039,C02950,12/03/2025,2025-03-18,Fun dive,2,7850, cancelled ,Medical,T00521,12
B004040,C02951,2025-02-06,2025-03-19,Fun Dive,3,10050,Completed,,T00522,1
B004041,C02519,2025-02-10,2025-03-19,FUN DIVE,3,10850,completed,,T00522,2
B004042,C02952,2025-02-16,2025-03-19,DISCOVERY DIVE,1,4750,Completed,,T00522,3
B004043,C02953,15/02/2025,2025-03-19,FUN DIVE,3,11350,Completed,,T00522,5
B004044,C02954,2025-02-19,2025-03-19,discovery dive,1,5200,cancelled,Customer,T00522,6
B004045,C02955,2025-03-19,2025-03-19,Fun dive,1,4000,COMPLETED,,T00522,7
B004046,C02956,2025-02-10,2025-03-19,fun dive,1,3750, Completed,,T00522,8
B004047,C02404,25/02/2025,2025-03-19,fun dive,1,3700, Completed,,T00522,9
B004048,C02957,2025-02-17,2025-03-19,fun dive,3,10350,CANCELLED,Medical,T00522,10
B004049,C02958,2025-03-07,2025-03-19,Discovery Dive,1,4250,No-Show,,T00522,11
B004050,C02657,2025-03-20,2025-03-20,DSD,1,5550,COMPLETED,,T00523,1
B004051,C01649,2025-03-09,2025-03-20,course,4,27100, Completed,,T00523,2
B004052,C02959,2025-03-06,2025-03-20,Fun dive,1,3600, Completed,,T00523,4
B004053,C02960,2025-02-18,2025-03-20,fun dive,1,3100,COMPLETED,,T00523,5
B004054,C02712,14/02/2025,2025-03-20,fun dive,3,11300,No-Show,,T00523,6
B004055,C02494,11/03/2025,2025-03-20,course,5,23100, cancelled ,Customer,T00523,7
B004056,C02961,2025-02-06,2025-03-20,fun dive,2,6550,COMPLETED,,T00524,1
B004057,C02962,2025-02-04,2025-03-20,fun dive,1,3500,Completed,,T00524,4
B004058,C02963,2025-02-16,2025-03-20,fundive,2,5700,Completed,,T00524,5
B004059,C02964,March 16 2025,2025-03-20,Fun Dive,4,14200,COMPLETED,,T00524,6
B004060,C02965,22/02/2025,2025-03-20,PADI Course,4,24500, cancelled ,Customer,T00524,7
B004061,C02966,2025-02-12,2025-03-20,PADI Course,5,27700, Completed,,T00524,8
B005042,C03732,2025-09-25,2025-10-27,FUN DIVE,2,7200,COMPLETED,,T00661,2
B004062,C02967,19/02/2025,2025-03-20,Discovery,1,5550,Completed,,T00524,9
B004063,C02968,2025-03-18,2025-03-20,Fun dive,2,7000, Completed,,T00524,10
B004064,C02969,2025-02-24,2025-03-21,course,5,28950, Completed,,T00525,1
B004065,C02970,2025-03-12,2025-03-21,COURSE,5,20550,Completed,,T00525,2
B004066,C02971,March 4 2025,2025-03-21,Discovery Dive,1,5350, Completed,,T00525,3
B004067,C02972,2025-02-21,2025-03-21,FUN DIVE,1,3400,completed,,T00525,4
B004068,C02973,21/02/2025,2025-03-21,fundive,3,11450, Completed,,T00525,5
B004069,C02974,11/02/2025,2025-03-21,Fun dive,4,11700, Completed,,T00525,6
B004070,C02975,February 18 2025,2025-03-21,Discovery,1,5050, Completed,,T00525,7
B004071,C02976,14/02/2025,2025-03-21,fun dive,1,3450,completed,,T00525,8
B004072,C02977,20/03/2025,2025-03-21,fundive,2,7600, Completed,,T00525,9
B004073,C02978,2025-02-27,2025-03-21,Fun Dive,4,14450,No-Show,,T00525,12
B004074,C02979,2025-02-16,2025-03-21,DSD,1,5550,completed,,T00526,1
B004075,C01505,2025-02-07,2025-03-21,fun dive,2,6950,Completed,,T00526,2
B004076,C02782,16/02/2025,2025-03-21,fun dive,2,5950, Completed,,T00526,3
B004077,C02980,2025-02-04,2025-03-21,fundive,4,14200,Completed,,T00526,5
B004078,C02981,March 6 2025,2025-03-21,DISCOVERY DIVE,1,4900,COMPLETED,,T00526,7
B004079,C02762,2025-02-09,2025-03-21,DSD,1,4850,Completed,,T00526,8
B003118,C02249,2024-11-26,2025-01-10,PADI Course,5,23150,NO-SHOW,,T00399,6
B004080,C02982,2025-02-19,2025-03-21,Discovery Dive,1,5000,completed,,T00526,9
B004081,C02983,2025-02-26,2025-03-21,fundive,1,3550,COMPLETED,,T00526,10
B004082,C02984,2025-02-05,2025-03-21,DISCOVERY DIVE,1,5650,CANCELLED,,T00526,11
B004083,C02985,2025-03-20,2025-03-22,fundive,2,6950,No-show,,T00527,1
B004084,C02986,March 4 2025,2025-03-22,Discovery Dive,1,5000,Completed,,T00527,2
B004085,C02987,2025-02-24,2025-03-22,Fun dive,3,10550,NO-SHOW,,T00527,4
B004086,C02988,26/02/2025,2025-03-22,Discovery,1,5600,completed,,T00527,5
B004087,C02989,February 24 2025,2025-03-22,FUN DIVE,4,14750,CANCELLED,Medical,T00527,6
B004088,C02990,2025-03-06,2025-03-22,fundive,1,3100, Completed,,T00527,8
B004089,C02991,March 13 2025,2025-03-22,COURSE,5,28800,Completed,,T00527,9
B004090,C02992,11/02/2025,2025-03-22,Course,4,26550, cancelled ,Customer,T00528,1
B004091,C02993,2025-02-06,2025-03-22,DSD,1,5550,Completed,,T00528,3
B004092,C02994,01/03/2025,2025-03-22,Fun Dive,2,6550,COMPLETED,,T00528,4
B004093,C02995,2025-02-20,2025-03-22,FUN DIVE,2,6400,no-show,,T00528,6
B004094,C02996,2025-03-12,2025-03-22,FUN DIVE,2,7400,no-show,,T00528,7
B004095,C02997,2025-03-05,2025-03-22,Fun Dive,3,8600,cancelled,Customer,T00528,9
B004096,C02597,2025-03-10,2025-03-22,Fun Dive,1,3450, Completed,,T00528,10
B004097,C02998,2025-02-27,2025-03-22,discovery dive,1,5200, Completed,,T00528,11
B004098,C00739,March 16 2025,2025-03-22,FUN DIVE,2,6450,Completed,,T00529,2
B004099,C02849,03/03/2025,2025-03-22,Fun dive,2,7450, Completed,,T00529,3
B004100,C02999,11/03/2025,2025-03-22,COURSE,4,23350, cancelled ,,T00529,4
B004101,C03000,February 15 2025,2025-03-22,fundive,3,10750,COMPLETED,,T00529,5
B004102,C03001,2025-02-27,2025-03-22,discovery dive,1,5700,COMPLETED,,T00529,7
B004103,C01109,2025-03-18,2025-03-22,fun dive,4,15450, Completed,,T00529,8
B004104,C03002,19/03/2025,2025-03-22,Fun dive,3,10400,COMPLETED,,T00529,9
B004105,C02952,2025-03-08,2025-03-23,fundive,3,9800,COMPLETED,,T00530,1
B004106,C03003,February 6 2025,2025-03-23,fundive,2,7750, Completed,,T00530,2
B004107,C03004,15/02/2025,2025-03-23,FUN DIVE,3,11200,Completed,,T00530,3
B004108,C03005,2025-03-21,2025-03-23,COURSE,4,21600, Completed,,T00530,4
B004109,C02285,2025-03-06,2025-03-23,COURSE,5,27700,Completed,,T00530,7
B004110,C03006,February 7 2025,2025-03-23,COURSE,5,27300,completed,,T00530,8
B004111,C03007,16/02/2025,2025-03-23,DISCOVERY DIVE,1,5550,completed,,T00531,1
B004112,C02800,2025-03-02,2025-03-23,DISCOVERY DIVE,1,5100, Completed,,T00531,3
B004113,C02352,2025-03-04,2025-03-23,Fun dive,4,12750,Completed,,T00531,4
B004114,C03008,07/02/2025,2025-03-23,DSD,1,4850, Completed,,T00531,5
B004115,C03009,06/02/2025,2025-03-23,fun dive,1,3050,CANCELLED,Customer,T00531,6
B004116,C02696,2025-03-03,2025-03-23,Discovery Dive,1,5500, Completed,,T00531,7
B004117,C01716,2025-03-08,2025-03-23,discovery dive,1,5100, Completed,,T00531,8
B004118,C03010,07/02/2025,2025-03-23,fundive,1,3850,Completed,,T00531,9
B004119,C02236,19/02/2025,2025-03-24,FUN DIVE,1,3550,Completed,,T00532,2
B004120,C03011,11/02/2025,2025-03-24,fun dive,4,11950,completed,,T00532,3
B006637,C05048,March 13 2026,2026-03-30,FUN DIVE,4,13800,Cancelled,Medical,T00859,1
B004121,C03012,March 22 2025,2025-03-24,discovery dive,1,5350, Completed,,T00532,5
B004122,C03013,2025-02-13,2025-03-24,Course,4,24800, Completed,,T00532,6
B004123,C03014,2025-03-02,2025-03-24,COURSE,5,26750, Completed,,T00532,8
B004124,C03015,2025-02-28,2025-03-24,course,4,24200,COMPLETED,,T00532,9
B004125,C03016,2025-02-16,2025-03-24,Fun dive,4,11950,COMPLETED,,T00532,11
B004126,C03017,2025-03-07,2025-03-24,Discovery Dive,1,5750, Completed,,T00532,12
B004127,C03018,2025-03-03,2025-03-24,Fun dive,4,12850, Completed,,T00533,1
B004128,C03019,2025-02-21,2025-03-24,Course,4,25150,completed,,T00533,2
B004129,C03020,2025-02-19,2025-03-24,Fun dive,1,3550,COMPLETED,,T00533,3
B004130,C03021,2025-03-02,2025-03-24,PADI Course,5,27750,completed,,T00533,4
B004131,C02763,16/02/2025,2025-03-24,course,5,25100, Completed,,T00533,5
B004132,C03022,2025-02-28,2025-03-24,Fun dive,1,3500,completed,,T00533,7
B004133,C02749,March 20 2025,2025-03-24,fundive,1,3700,completed,,T00533,9
B004134,C03023,2025-03-04,2025-03-25,course,4,20650,COMPLETED,,T00534,1
B004135,C03024,2025-03-15,2025-03-25,Discovery,1,5100, cancelled ,Customer,T00534,2
B004136,C03025,March 21 2025,2025-03-25,fundive,2,6700,completed,,T00534,3
B004137,C03026,2025-03-22,2025-03-25,fundive,2,6750, Completed,,T00534,4
B004138,C03027,2025-02-09,2025-03-25,DSD,1,4600,COMPLETED,,T00534,6
B004139,C03028,February 25 2025,2025-03-25,Fun dive,1,3000,Cancelled,Customer,T00534,8
B004140,C03029,2025-03-08,2025-03-25,Fun dive,4,12400,CANCELLED,,T00534,9
B004141,C03030,2025-02-12,2025-03-25,Discovery Dive,1,5200,completed,,T00534,10
B004142,C03031,2025-02-19,2025-03-25,fun dive,1,2950, Completed,,T00534,11
B004143,C01228,2025-03-15,2025-03-25,fun dive,1,3800,CANCELLED,Customer,T00535,1
B004144,C03032,2025-02-12,2025-03-25,FUN DIVE,1,3400,completed,,T00535,3
B004145,C03033,2025-03-21,2025-03-25,FUN DIVE,1,3250,no-show,,T00535,4
B004146,C01618,2025-03-19,2025-03-25,fundive,2,6700, Completed,,T00535,6
B004147,C03034,2025-03-14,2025-03-25,Discovery,2,11000, Completed,,T00535,7
B004148,C03035,2025-02-17,2025-03-25,discovery dive,1,5500,completed,,T00535,8
B004149,C03036,14/02/2025,2025-03-26,Course,5,26950,completed,,T00536,1
B004150,C00529,2025-02-26,2025-03-26,discovery dive,1,5000,completed,,T00536,2
B004151,C03037,2025-03-13,2025-03-26,COURSE,5,22850,Completed,,T00536,3
B004152,C03038,2025-03-22,2025-03-26,Course,5,25600,Completed,,T00536,4
B004153,C02699,22/03/2025,2025-03-26,Fun Dive,1,3450, Completed,,T00536,7
B004154,C03039,12/03/2025,2025-03-26,Discovery,1,5000,completed,,T00536,8
B004155,C03040,2025-03-15,2025-03-26,Course,5,24700,Completed,,T00537,1
B004156,C03041,2025-03-10,2025-03-26,Fun dive,2,6650,completed,,T00537,2
B004157,C03042,March 2 2025,2025-03-26,Discovery,2,10400,COMPLETED,,T00537,4
B004158,C03043,March 11 2025,2025-03-26,fundive,2,7200, Completed,,T00537,5
B004159,C03044,2025-03-17,2025-03-26,Discovery,2,11150, cancelled ,Customer,T00537,6
B004160,C01949,2025-03-05,2025-03-26,fundive,4,14100,Completed,,T00537,8
B004161,C03045,February 17 2025,2025-03-27,course,4,22550,completed,,T00538,1
B004162,C03046,2025-03-04,2025-03-27,PADI Course,5,22350,COMPLETED,,T00538,3
B004163,C00077,24/03/2025,2025-03-27,fundive,4,14150,Completed,,T00538,4
B004164,C03047,2025-02-18,2025-03-27,DSD,1,5350, cancelled ,Customer,T00538,5
B004165,C02282,2025-03-15,2025-03-27,FUN DIVE,3,11200, Completed,,T00538,8
B004166,C03048,2025-03-27,2025-03-27,FUN DIVE,3,10650,Completed,,T00538,9
B004167,C03049,13/02/2025,2025-03-27,fundive,2,5850,No-Show,,T00538,10
B004168,C03050,February 17 2025,2025-03-27,Discovery,1,4450,COMPLETED,,T00538,11
B004169,C03051,2025-03-01,2025-03-27,fundive,1,3950,completed,,T00539,1
B004170,C02824,2025-03-21,2025-03-27,Fun dive,3,10650,Completed,,T00539,2
B004171,C03052,2025-03-23,2025-03-27,DSD,1,4350, Completed,,T00539,3
B004172,C03053,19/02/2025,2025-03-27,fundive,3,8600, Completed,,T00539,5
B004173,C00274,2025-02-11,2025-03-27,Fun Dive,1,3200,Completed,,T00539,6
B004174,C03054,March 23 2025,2025-03-27,fundive,4,14400, Completed,,T00539,7
B004175,C03055,09/03/2025,2025-03-27,PADI Course,5,24000,completed,,T00539,8
B004176,C03056,2025-02-13,2025-03-27,fundive,1,3000, Completed,,T00539,10
B004177,C03057,2025-02-24,2025-03-28,DSD,2,9300, Completed,,T00540,1
B004178,C03058,March 28 2025,2025-03-28,Discovery Dive,1,5250,COMPLETED,,T00540,2
B004179,C03059,2025-02-18,2025-03-28,COURSE,5,21400,Completed,,T00540,4
B004180,C03060,2025-02-11,2025-03-28,Fun dive,3,10700,completed,,T00540,5
B004181,C03061,2025-03-10,2025-03-28,Course,4,27100, Completed,,T00540,6
B004182,C03062,2025-02-25,2025-03-28,fundive,1,3800,COMPLETED,,T00540,7
B004183,C03063,2025-02-11,2025-03-28,DSD,1,5150,Completed,,T00540,8
B004184,C03064,2025-03-21,2025-03-28,fundive,1,2950,Completed,,T00540,9
B004185,C03065,2025-03-09,2025-03-28,Discovery Dive,1,4100,COMPLETED,,T00540,10
B004186,C03066,17/03/2025,2025-03-29,discovery dive,1,5500,COMPLETED,,T00541,1
B004187,C02295,February 20 2025,2025-03-29,PADI Course,5,24900,COMPLETED,,T00541,2
B004188,C03067,2025-02-17,2025-03-29,fundive,2,7150,completed,,T00541,3
B004189,C03068,2025-02-14,2025-03-29,discovery dive,1,5550,Completed,,T00541,5
B004190,C03069,21/03/2025,2025-03-29,Fun Dive,4,13400,Completed,,T00541,6
B004191,C02521,2025-03-06,2025-03-29,Fun dive,4,14300,COMPLETED,,T00541,9
B004192,C03045,2025-03-09,2025-03-29,fundive,1,3100,cancelled,Customer,T00541,10
B004193,C02490,March 3 2025,2025-03-29,fun dive,2,7500,CANCELLED,Customer,T00541,11
B004194,C03070,March 13 2025,2025-03-29,Discovery,1,5100, Completed,,T00541,12
B004195,C03071,2025-02-23,2025-03-29,DISCOVERY DIVE,1,4900,completed,,T00542,2
B004196,C03072,17/02/2025,2025-03-29,course,5,26150, Completed,,T00542,3
B004197,C02310,2025-02-17,2025-03-29,Fun Dive,3,9050,completed,,T00542,4
B004198,C02430,2025-02-28,2025-03-29,Fun Dive,1,3100,Completed,,T00542,5
B004199,C03073,March 16 2025,2025-03-29,Fun dive,4,14600,completed,,T00542,6
B004200,C02284,06/03/2025,2025-03-29,FUN DIVE,3,10200,COMPLETED,,T00542,9
B004201,C03074,March 21 2025,2025-03-29,discovery dive,1,5450,NO-SHOW,,T00542,10
B004202,C03056,22/02/2025,2025-03-29,Fun dive,3,8650, cancelled ,Customer,T00542,11
B004203,C02663,2025-03-05,2025-03-30,Discovery,1,5700,completed,,T00543,1
B004204,C03075,2025-03-27,2025-03-30,DSD,1,4600, Completed,,T00543,2
B004205,C03076,19/02/2025,2025-03-30,Discovery,1,5250, Completed,,T00543,3
B004206,C03077,16/02/2025,2025-03-30,FUN DIVE,1,3600, Completed,,T00543,4
B004207,C02658,11/03/2025,2025-03-30,fundive,2,7200,completed,,T00543,5
B004208,C03078,2025-02-15,2025-03-30,FUN DIVE,1,3150,Completed,,T00543,7
B004209,C03079,March 25 2025,2025-03-30,fundive,2,6050, Completed,,T00543,8
B004210,C03080,10/03/2025,2025-03-30,Fun Dive,4,13600,completed,,T00543,9
B004211,C03081,10/03/2025,2025-03-30,DISCOVERY DIVE,1,5000,Completed,,T00543,10
B004212,C03082,22/03/2025,2025-03-30,Discovery Dive,1,5050, cancelled ,Medical,T00543,11
B004213,C03083,2025-02-17,2025-03-30,fundive,4,14500,Completed,,T00544,1
B004214,C02815,2025-03-13,2025-03-30,fun dive,3,10850,Completed,,T00544,3
B004215,C03084,2025-02-19,2025-03-30,DSD,1,5300,completed,,T00544,4
B004216,C01725,27/03/2025,2025-03-30,Discovery,1,4200,completed,,T00544,6
B004217,C03085,2025-03-14,2025-03-30,fun dive,2,7600, Completed,,T00544,7
B004218,C03086,03/03/2025,2025-03-30,Fun Dive,1,3600,Completed,,T00544,8
B004219,C03087,2025-02-28,2025-03-30,fun dive,3,10600, Completed,,T00544,9
B004220,C03088,2025-02-23,2025-03-30,Course,4,24700,Cancelled,Medical,T00545,1
B004221,C02562,2025-02-21,2025-03-30,Fun Dive,2,7250,COMPLETED,,T00545,2
B004222,C03089,March 21 2025,2025-03-30,Discovery,1,5100,COMPLETED,,T00545,3
B004223,C02719,21/03/2025,2025-03-30,DISCOVERY DIVE,1,4850,NO-SHOW,,T00545,4
B004224,C03090,19/03/2025,2025-03-30,Fun dive,4,12150,Completed,,T00545,5
B004225,C03091,23/03/2025,2025-03-30,discovery dive,1,5000,COMPLETED,,T00545,6
B004226,C03092,2025-03-09,2025-03-30,DISCOVERY DIVE,1,5250,cancelled,Weather,T00545,7
B004227,C03093,March 29 2025,2025-03-30,FUN DIVE,4,15150,COMPLETED,,T00545,8
B004228,C03094,2025-02-20,2025-03-30,fundive,1,2950,completed,,T00545,10
B004229,C02842,21/03/2025,2025-03-31,FUN DIVE,3,11350, Completed,,T00546,1
B004230,C03095,2025-03-03,2025-03-31,Fun Dive,1,3450,completed,,T00546,3
B004231,C03096,2025-03-03,2025-03-31,fun dive,3,10850,completed,,T00546,4
B004232,C03097,2025-03-12,2025-03-31,Fun Dive,2,7150,cancelled,,T00546,5
B004233,C03098,17/03/2025,2025-03-31,Fun Dive,1,2950,COMPLETED,,T00546,6
B004234,C03028,February 28 2025,2025-03-31,FUN DIVE,3,8700,cancelled,Weather,T00546,7
B004235,C03099,February 19 2025,2025-03-31,fundive,1,3850,COMPLETED,,T00546,8
B004236,C03100,31/03/2025,2025-03-31,Discovery Dive,1,5450,COMPLETED,,T00547,1
B004237,C03101,2025-03-08,2025-03-31,Fun dive,3,10700,COMPLETED,,T00547,3
B004238,C03102,March 13 2025,2025-03-31,Fun Dive,3,8700,Completed,,T00547,4
B004239,C03103,March 20 2025,2025-03-31,fundive,1,3850,CANCELLED,Weather,T00547,5
B004240,C03104,2025-03-01,2025-03-31,Fun Dive,1,3900,Cancelled,Weather,T00547,7
B004241,C03105,29/03/2025,2025-03-31,Discovery Dive,2,10150, cancelled ,,T00547,8
B004242,C03106,2025-03-26,2025-03-31,DISCOVERY DIVE,1,4750, cancelled ,Weather,T00547,9
B004243,C03107,February 24 2025,2025-03-31,PADI Course,4,27150,Completed,,T00547,10
B004244,C03108,30/03/2025,2025-04-01,discovery dive,1,4950,No-Show,,T00548,1
B004245,C02575,19/03/2025,2025-04-01,Course,4,27250,No-show,,T00548,2
B004246,C03109,2025-03-23,2025-04-01,course,5,23450,Cancelled,Weather,T00548,3
B004247,C03110,2025-03-07,2025-04-01,Discovery,1,5150, Completed,,T00548,4
B004248,C03111,22/02/2025,2025-04-01,fun dive,3,10800,completed,,T00548,5
B004249,C03112,20/03/2025,2025-04-01,COURSE,5,26900, cancelled ,Weather,T00548,7
B004250,C03113,2025-03-22,2025-04-01,course,4,23500, cancelled ,,T00548,8
B004251,C03114,14/03/2025,2025-04-01,Discovery,1,4450, cancelled ,Weather,T00548,9
B004252,C03115,2025-03-01,2025-04-02,discovery dive,1,4150, cancelled ,Weather,T00549,1
B004253,C03081,26/02/2025,2025-04-02,Fun Dive,3,10800, Completed,,T00549,4
B004254,C03116,28/03/2025,2025-04-02,Course,5,24950,completed,,T00549,5
B004255,C03117,2025-03-20,2025-04-02,discovery dive,1,4950, Completed,,T00549,6
B004256,C03118,2025-03-27,2025-04-02,DISCOVERY DIVE,2,8500, Completed,,T00549,7
B004257,C03119,2025-03-10,2025-04-02,course,4,24850,CANCELLED,Weather,T00549,8
B004258,C03120,March 10 2025,2025-04-02,DSD,1,5200,completed,,T00549,9
B004259,C02662,30/03/2025,2025-04-02,COURSE,5,20550, Completed,,T00549,10
B004260,C02500,2025-03-01,2025-04-02,COURSE,4,26950,completed,,T00550,1
B004261,C03121,04/03/2025,2025-04-02,discovery dive,1,4800,COMPLETED,,T00550,2
B004262,C03122,2025-03-29,2025-04-02,course,5,22200,Completed,,T00550,3
B004263,C03123,2025-03-11,2025-04-02,discovery dive,1,5100, Completed,,T00550,4
B004264,C03124,24/03/2025,2025-04-02,Discovery,2,10450,COMPLETED,,T00550,5
B004265,C02398,2025-02-26,2025-04-02,Fun Dive,2,7750,completed,,T00550,7
B004266,C03125,2025-03-15,2025-04-02,DSD,1,5100,completed,,T00550,8
B004267,C03126,2025-03-27,2025-04-02,Discovery Dive,1,4900,completed,,T00550,10
B004268,C03127,2025-02-16,2025-04-02,fun dive,2,7450,Completed,,T00550,11
B004269,C03128,10/03/2025,2025-04-03,Discovery Dive,2,11550,Completed,,T00551,1
B004270,C02388,28/02/2025,2025-04-03,course,4,28000, Completed,,T00551,2
B004271,C03129,19/03/2025,2025-04-03,COURSE,4,27300,completed,,T00551,4
B004272,C02693,2025-03-16,2025-04-03,COURSE,4,23150,completed,,T00551,5
B004273,C03130,2025-03-14,2025-04-03,fun dive,4,13950,COMPLETED,,T00551,7
B004274,C03131,2025-02-28,2025-04-03,DSD,1,4850,COMPLETED,,T00551,8
B004275,C03132,21/02/2025,2025-04-03,DISCOVERY DIVE,1,4450,Completed,,T00551,9
B004276,C03133,2025-03-07,2025-04-03,COURSE,4,24450,Completed,,T00551,10
B004277,C03134,28/03/2025,2025-04-04,DISCOVERY DIVE,1,5400, Completed,,T00552,2
B004278,C03135,March 18 2025,2025-04-04,FUN DIVE,1,3900,COMPLETED,,T00552,4
B004279,C00674,01/03/2025,2025-04-04,Fun dive,4,14500,CANCELLED,Customer,T00552,5
B004280,C03136,2025-03-22,2025-04-04,Fun Dive,4,11600,completed,,T00552,6
B004281,C02995,2025-03-02,2025-04-04,fun dive,3,8800, Completed,,T00552,7
B004282,C03137,2025-04-01,2025-04-04,Fun Dive,2,6850,Completed,,T00552,8
B004283,C03138,12/03/2025,2025-04-04,fundive,1,2900,NO-SHOW,,T00552,9
B004284,C03139,22/03/2025,2025-04-05,discovery dive,1,5100,Completed,,T00553,1
B004285,C02692,01/03/2025,2025-04-05,Fun dive,3,9850,COMPLETED,,T00553,3
B004286,C03140,March 24 2025,2025-04-05,fun dive,1,3200,Completed,,T00553,5
B004287,C03141,2025-04-01,2025-04-05,Discovery Dive,1,4550,COMPLETED,,T00553,6
B004288,C02761,27/03/2025,2025-04-05,fun dive,1,4000,completed,,T00553,8
B006364,C04814,05/02/2026,2026-03-02,DSD,1,4250,CANCELLED,Customer,T00824,7
B004289,C02903,2025-03-22,2025-04-05,FUN DIVE,1,3700,Completed,,T00554,1
B004290,C03142,2025-03-14,2025-04-05,Fun Dive,1,2850, Completed,,T00554,2
B004291,C01378,02/03/2025,2025-04-05,DISCOVERY DIVE,2,10050,Completed,,T00554,3
B004292,C02575,20/03/2025,2025-04-05,COURSE,5,25550,COMPLETED,,T00554,5
B004293,C03143,2025-03-17,2025-04-05,fun dive,2,7650, Completed,,T00554,6
B004294,C03144,2025-03-15,2025-04-05,Discovery Dive,1,4450,COMPLETED,,T00554,7
B004295,C03145,2025-03-28,2025-04-05,fundive,4,14800,No-show,,T00554,8
B004296,C03146,February 19 2025,2025-04-05,DISCOVERY DIVE,1,5350,COMPLETED,,T00554,9
B004297,C03147,2025-04-02,2025-04-06,fundive,1,3550,CANCELLED,Weather,T00555,2
B004298,C03148,2025-04-01,2025-04-06,FUN DIVE,2,7400,completed,,T00555,3
B004299,C03149,2025-03-05,2025-04-06,fun dive,4,13750,Completed,,T00555,4
B004300,C03150,2025-03-31,2025-04-06,Discovery,1,5550,Cancelled,Weather,T00555,5
B004301,C03151,March 2 2025,2025-04-06,DISCOVERY DIVE,1,5250, Completed,,T00555,7
B004302,C03152,2025-03-24,2025-04-06,Fun dive,1,3700,cancelled,Customer,T00555,8
B004303,C03153,2025-04-02,2025-04-06,discovery dive,1,4250,Cancelled,Weather,T00555,10
B004304,C03154,09/03/2025,2025-04-07,Fun Dive,2,6300,CANCELLED,Weather,T00556,1
B004305,C03155,2025-02-26,2025-04-07,fun dive,2,7050,CANCELLED,Weather,T00556,3
B004306,C03156,2025-04-06,2025-04-07,DISCOVERY DIVE,1,4650,Completed,,T00556,4
B004307,C03157,2025-03-18,2025-04-07,Discovery Dive,2,9050, Completed,,T00556,5
B004308,C03158,2025-03-25,2025-04-07,fun dive,2,7050, Completed,,T00556,6
B004309,C03159,2025-04-03,2025-04-07,Fun dive,1,3050,COMPLETED,,T00556,7
B004310,C03160,March 28 2025,2025-04-07,fun dive,2,6700,COMPLETED,,T00556,8
B004311,C03161,04/03/2025,2025-04-07,DSD,1,4600,COMPLETED,,T00556,9
B004312,C03162,March 14 2025,2025-04-07,discovery dive,1,5050,Cancelled,,T00557,2
B004313,C02147,2025-03-20,2025-04-07,Fun dive,2,7100,CANCELLED,Customer,T00557,3
B004314,C03163,15/03/2025,2025-04-07,course,4,27100,COMPLETED,,T00557,4
B004315,C03164,09/03/2025,2025-04-07,DSD,1,5050,COMPLETED,,T00557,6
B004316,C03165,2025-03-14,2025-04-07,DSD,1,5350,Cancelled,,T00557,7
B004317,C03166,2025-02-22,2025-04-07,DSD,1,4900,CANCELLED,Weather,T00557,8
B004318,C03167,March 17 2025,2025-04-08,DISCOVERY DIVE,1,5600,completed,,T00558,1
B004319,C03030,08/04/2025,2025-04-08,FUN DIVE,1,3750,Completed,,T00558,2
B004320,C03168,March 14 2025,2025-04-08,discovery dive,1,5150,completed,,T00558,3
B004321,C03169,February 24 2025,2025-04-08,COURSE,4,25550,completed,,T00558,6
B004322,C02652,April 7 2025,2025-04-08,Fun Dive,3,11000,Completed,,T00558,7
B004323,C03170,2025-03-27,2025-04-08,discovery dive,1,5200, Completed,,T00558,8
B004324,C03171,11/03/2025,2025-04-08,FUN DIVE,3,10500,COMPLETED,,T00558,10
B004325,C03172,2025-02-26,2025-04-09,FUN DIVE,3,10350, Completed,,T00559,2
B004326,C03173,15/03/2025,2025-04-09,Discovery Dive,1,4650,NO-SHOW,,T00559,3
B004327,C03174,2025-03-25,2025-04-09,course,4,26750, Completed,,T00559,4
B004328,C03175,April 3 2025,2025-04-09,COURSE,4,26450,Completed,,T00559,5
B004329,C03176,2025-03-08,2025-04-09,discovery dive,2,10500,Cancelled,Weather,T00559,6
B004330,C03177,2025-03-15,2025-04-09,FUN DIVE,2,7150, Completed,,T00559,7
B004331,C02663,March 8 2025,2025-04-09,fun dive,1,4000,completed,,T00559,9
B004332,C03178,2025-02-25,2025-04-09,fun dive,3,10500, Completed,,T00559,11
B004333,C03179,March 19 2025,2025-04-09,Course,5,23150, cancelled ,Weather,T00559,12
B004334,C03180,2025-03-07,2025-04-10,Fun dive,2,6900,COMPLETED,,T00560,1
B004335,C03181,2025-03-08,2025-04-10,Fun dive,1,3650,CANCELLED,Medical,T00560,2
B004336,C01002,2025-04-01,2025-04-10,DISCOVERY DIVE,1,4850,completed,,T00560,4
B004337,C02702,25/03/2025,2025-04-10,Fun dive,1,3400,Cancelled,Weather,T00560,6
B004338,C02566,2025-02-27,2025-04-10,Fun Dive,4,12500,Completed,,T00560,7
B004339,C03182,2025-04-03,2025-04-10,FUN DIVE,3,9750, Completed,,T00560,8
B004340,C03183,2025-03-26,2025-04-10,Fun Dive,4,14900,NO-SHOW,,T00560,9
B004341,C03184,2025-03-13,2025-04-10,DISCOVERY DIVE,1,4500,Completed,,T00560,10
B004342,C03079,2025-04-03,2025-04-10,Course,5,23250,NO-SHOW,,T00560,11
B004343,C03185,2025-02-26,2025-04-10,fundive,1,3200, cancelled ,Customer,T00561,2
B004344,C03186,2025-03-21,2025-04-10,DSD,1,5300,No-Show,,T00561,3
B004345,C03187,2025-03-06,2025-04-10,fundive,2,7200,COMPLETED,,T00561,4
B004346,C03188,26/02/2025,2025-04-10,DISCOVERY DIVE,1,5750, Completed,,T00561,5
B004347,C03189,20/03/2025,2025-04-10,Course,4,26050,COMPLETED,,T00561,7
B004348,C03190,2025-03-21,2025-04-10,Fun dive,3,11150, Completed,,T00561,8
B004349,C02885,2025-04-07,2025-04-11,fun dive,2,6800,COMPLETED,,T00562,1
B004350,C03191,2025-04-01,2025-04-11,Course,5,24150,CANCELLED,Customer,T00562,2
B004351,C03192,2025-03-13,2025-04-11,Discovery Dive,1,5350, Completed,,T00562,3
B004352,C03193,2025-03-23,2025-04-11,discovery dive,1,5450,Completed,,T00562,4
B004353,C02387,April 7 2025,2025-04-11,Fun Dive,2,6650,completed,,T00562,5
B004354,C03194,2025-03-13,2025-04-11,fun dive,3,10700,completed,,T00562,6
B004355,C03195,2025-04-08,2025-04-11,FUN DIVE,2,7850,cancelled,Customer,T00562,8
B004356,C03196,April 2 2025,2025-04-11,COURSE,4,28100, Completed,,T00562,9
B004357,C03197,22/03/2025,2025-04-11,Fun Dive,4,14500,COMPLETED,,T00562,10
B004358,C02997,2025-04-04,2025-04-12,DSD,1,4100,Completed,,T00563,1
B004359,C03198,2025-03-26,2025-04-12,course,4,27750,cancelled,Customer,T00563,2
B004360,C03199,March 31 2025,2025-04-12,FUN DIVE,2,6850,completed,,T00563,4
B004361,C03200,2025-03-23,2025-04-12,fun dive,3,9050,COMPLETED,,T00563,5
B004362,C03132,2025-04-12,2025-04-12,Course,4,22600,completed,,T00563,7
B004363,C03201,13/03/2025,2025-04-12,Discovery Dive,1,5350,cancelled,Customer,T00563,9
B004364,C02908,March 23 2025,2025-04-12,course,4,25950,no-show,,T00563,10
B004365,C03202,2025-03-29,2025-04-12,COURSE,4,24000, Completed,,T00564,1
B004366,C03203,2025-04-12,2025-04-12,Fun dive,3,8600,completed,,T00564,2
B004367,C02825,April 5 2025,2025-04-12,Discovery Dive,1,5100,Completed,,T00564,3
B004368,C03204,2025-03-04,2025-04-12,FUN DIVE,4,14050, Completed,,T00564,4
B004369,C03205,04/04/2025,2025-04-12,Fun Dive,1,3400, Completed,,T00564,5
B004370,C03206,22/03/2025,2025-04-12,fun dive,1,3600,Completed,,T00564,6
B004371,C03207,2025-04-11,2025-04-12,fundive,2,7350,completed,,T00564,8
B004372,C00595,2025-03-24,2025-04-12,FUN DIVE,2,7600,Cancelled,Customer,T00564,9
B004373,C03208,2025-03-06,2025-04-12,COURSE,4,26600,completed,,T00564,10
B004374,C02656,23/03/2025,2025-04-13,FUN DIVE,4,15100,completed,,T00565,1
B004375,C03209,2025-04-08,2025-04-13,Course,4,24750,CANCELLED,Customer,T00565,2
B004376,C03210,March 27 2025,2025-04-13,Fun dive,3,8900,COMPLETED,,T00565,3
B004377,C03211,2025-04-09,2025-04-13,FUN DIVE,3,11200, Completed,,T00565,5
B004378,C02560,2025-02-27,2025-04-13,DISCOVERY DIVE,2,10200,cancelled,Weather,T00565,6
B004379,C02435,April 3 2025,2025-04-13,FUN DIVE,2,7400,Completed,,T00565,7
B004380,C03212,2025-03-23,2025-04-13,Course,5,27600,Cancelled,Customer,T00565,8
B004381,C03213,2025-03-27,2025-04-14,course,5,25250, cancelled ,Weather,T00566,1
B004382,C02450,2025-03-28,2025-04-14,Fun Dive,1,3200,Cancelled,Weather,T00566,3
B004383,C03214,2025-03-06,2025-04-14,fun dive,1,3500,Cancelled,Weather,T00566,4
B004384,C03215,2025-03-26,2025-04-14,Fun Dive,4,13800,cancelled,Weather,T00566,5
B004385,C03216,March 21 2025,2025-04-14,course,4,26700,cancelled,Weather,T00566,7
B004386,C03217,March 9 2025,2025-04-14,Course,4,24650,CANCELLED,Weather,T00566,8
B004387,C03218,2025-03-31,2025-04-14,fundive,3,9300,Completed,,T00567,1
B004388,C03219,2025-04-06,2025-04-14,DSD,1,5050,CANCELLED,Weather,T00567,3
B004389,C03220,07/03/2025,2025-04-14,fun dive,2,7250, cancelled ,Weather,T00567,4
B004390,C03221,2025-04-02,2025-04-14,Fun Dive,1,3100,CANCELLED,Weather,T00567,5
B004391,C02953,March 13 2025,2025-04-14,course,4,25650,Completed,,T00567,6
B004392,C03222,10/04/2025,2025-04-14,Course,5,28250,CANCELLED,Weather,T00567,8
B004393,C03223,2025-03-14,2025-04-15,Fun dive,1,3650, cancelled ,Customer,T00568,1
B004394,C03224,2025-03-18,2025-04-15,fundive,2,7050, cancelled ,Customer,T00568,2
B004395,C03225,2025-03-25,2025-04-15,course,4,25450,Completed,,T00568,3
B004396,C03226,2025-04-01,2025-04-15,PADI Course,4,27900,Cancelled,Weather,T00568,4
B004397,C03227,2025-04-09,2025-04-15,Fun dive,1,3950, Completed,,T00568,5
B004398,C03228,2025-04-12,2025-04-15,Discovery Dive,1,4550,Completed,,T00568,6
B004399,C03229,2025-03-26,2025-04-15,fun dive,3,10700, Completed,,T00568,7
B004400,C02522,2025-03-17,2025-04-15,PADI Course,5,22900,Completed,,T00568,10
B004401,C03230,03/03/2025,2025-04-16,Fun dive,2,6450, Completed,,T00569,2
B004402,C03231,March 2 2025,2025-04-16,Fun dive,3,8850, Completed,,T00569,3
B004403,C03232,06/03/2025,2025-04-16,COURSE,4,26850,completed,,T00569,4
B004404,C03233,24/03/2025,2025-04-16,PADI Course,4,20950, Completed,,T00569,5
B004405,C03234,2025-03-26,2025-04-16,COURSE,4,28600,Completed,,T00569,7
B004406,C03235,11/03/2025,2025-04-16,fundive,4,15450,COMPLETED,,T00569,8
B004407,C02604,April 5 2025,2025-04-16,fun dive,2,6200,Completed,,T00569,9
B004408,C03236,27/03/2025,2025-04-17,discovery dive,1,5300,COMPLETED,,T00570,1
B004409,C03237,March 30 2025,2025-04-17,DISCOVERY DIVE,1,5200,completed,,T00570,2
B004410,C03238,23/03/2025,2025-04-17,Discovery,1,5300,completed,,T00570,3
B004411,C03239,2025-03-24,2025-04-17,Fun Dive,3,8800, Completed,,T00570,4
B004412,C03186,02/04/2025,2025-04-17,Fun dive,4,14700,Completed,,T00570,7
B004413,C03240,2025-03-04,2025-04-17,fun dive,4,15550,completed,,T00570,8
B004414,C03241,2025-03-21,2025-04-18,FUN DIVE,4,1605169,completed,,T00571,1
B004415,C03242,31/03/2025,2025-04-18,Discovery Dive,2,10100,no-show,,T00571,2
B004416,C03243,13/03/2025,2025-04-18,DISCOVERY DIVE,1,5750,COMPLETED,,T00571,3
B004417,C02998,2025-04-18,2025-04-18,Fun Dive,2,7200,COMPLETED,,T00571,4
B004418,C03244,12/03/2025,2025-04-18,FUN DIVE,1,3900,completed,,T00571,5
B004419,C03245,2025-03-19,2025-04-18,Fun dive,3,8650, cancelled ,Customer,T00571,8
B004420,C03246,2025-04-13,2025-04-18,Fun dive,2,7050,Completed,,T00571,9
B004421,C03247,2025-04-12,2025-04-18,Fun Dive,2,7150, Completed,,T00571,11
B004422,C03248,11/04/2025,2025-04-19,COURSE,5,24750,completed,,T00572,1
B004423,C03203,03/04/2025,2025-04-19,Fun dive,1,2950,Cancelled,Customer,T00572,2
B004424,C03219,2025-03-18,2025-04-19,fun dive,2,6950,Completed,,T00572,3
B004425,C03249,2025-04-15,2025-04-19,Discovery,1,4950,completed,,T00572,5
B004426,C01237,2025-03-09,2025-04-19,discovery dive,1,4850,completed,,T00572,6
B004427,C03250,2025-04-18,2025-04-19,fundive,2,7500, Completed,,T00572,8
B004428,C03251,2025-03-16,2025-04-19,COURSE,4,21250,completed,,T00572,9
B004429,C03252,March 16 2025,2025-04-19,fundive,2,6950,COMPLETED,,T00573,2
B004430,C03253,31/03/2025,2025-04-19,DISCOVERY DIVE,1,5450,completed,,T00573,3
B004431,C02822,04/04/2025,2025-04-19,FUN DIVE,1,2850,Completed,,T00573,4
B004432,C02857,08/03/2025,2025-04-19,Fun dive,3,11250,completed,,T00573,5
B004433,C03254,2025-03-29,2025-04-19,FUN DIVE,2,6550,completed,,T00573,6
B004434,C03255,2025-03-25,2025-04-19,fun dive,2,7200,completed,,T00573,8
B004435,C03256,2025-03-28,2025-04-20,Discovery,1,4550,Completed,,T00574,1
B003828,C02163,2025-02-27,2025-02-27,FUN DIVE,1,3750,completed,,T00492,3
B004436,C03257,04/04/2025,2025-04-20,fundive,2,7750,completed,,T00574,2
B004437,C03258,2025-03-20,2025-04-20,fundive,2,7400,completed,,T00574,3
B004438,C03259,2025-04-03,2025-04-20,Fun dive,1,3400,completed,,T00574,5
B004439,C02754,2025-03-18,2025-04-20,Fun dive,4,12100, Completed,,T00574,6
B004440,C01619,April 7 2025,2025-04-20,DSD,1,5450,Completed,,T00575,4
B004441,C03260,2025-04-12,2025-04-20,DISCOVERY DIVE,2,9450,Cancelled,Customer,T00575,5
B004442,C03261,March 31 2025,2025-04-20,COURSE,5,23550, cancelled ,Weather,T00575,6
B004443,C03262,2025-03-15,2025-04-20,DSD,1,5150, cancelled ,Weather,T00575,7
B004444,C03263,2025-04-05,2025-04-20,Fun dive,3,10450, Completed,,T00575,8
B004445,C03264,04/04/2025,2025-04-20,Fun dive,2,7500,completed,,T00575,9
B004446,C01758,2025-03-28,2025-04-21,fun dive,2,7050,completed,,T00576,1
B004447,C03265,2025-03-27,2025-04-21,fun dive,4,12850,COMPLETED,,T00576,3
B004448,C00010,2025-03-21,2025-04-21,fun dive,3,10450,COMPLETED,,T00576,4
B004449,C02678,2025-03-07,2025-04-21,Fun Dive,3,10950,Completed,,T00576,5
B004450,C03266,2025-04-16,2025-04-21,fundive,1,3400,completed,,T00576,6
B004451,C03267,2025-03-14,2025-04-21,FUN DIVE,1,3850,COMPLETED,,T00576,7
B004452,C03268,April 15 2025,2025-04-21,course,4,22800,Completed,,T00576,8
B004453,C03269,2025-03-25,2025-04-21,Fun Dive,2,7900,Completed,,T00576,9
B004454,C02782,02/04/2025,2025-04-22,Fun dive,1,3050,NO-SHOW,,T00577,2
B004455,C03270,13/03/2025,2025-04-22,Discovery Dive,1,4750, Completed,,T00577,3
B004456,C03271,2025-04-13,2025-04-22,Fun dive,3,9350, cancelled ,Medical,T00577,4
B004457,C03272,2025-03-16,2025-04-22,fundive,1,3800, Completed,,T00577,5
B004458,C01895,2025-03-28,2025-04-22,DISCOVERY DIVE,1,5250,completed,,T00577,8
B004459,C03273,2025-03-18,2025-04-22,Discovery,2,10700, Completed,,T00577,9
B004460,C02686,2025-04-07,2025-04-22,discovery dive,1,5450, cancelled ,Customer,T00577,10
B004461,C03274,2025-03-27,2025-04-22,PADI Course,4,28150, Completed,,T00578,1
B004462,C02582,2025-03-19,2025-04-22,fun dive,1,3600,COMPLETED,,T00578,2
B004463,C03275,April 6 2025,2025-04-22,fundive,4,13400,COMPLETED,,T00578,5
B004464,C03276,30/03/2025,2025-04-22,discovery dive,1,5200,completed,,T00578,6
B004465,C03075,21/04/2025,2025-04-22,FUN DIVE,2,5750,Completed,,T00578,7
B004466,C03277,March 18 2025,2025-04-22,fun dive,1,3600,Completed,,T00578,8
B004467,C03278,2025-03-12,2025-04-22,COURSE,4,26200,no-show,,T00578,10
B004468,C03279,2025-04-08,2025-04-23,PADI Course,4,23100,Completed,,T00579,1
B004469,C03280,March 22 2025,2025-04-23,discovery dive,1,5550,COMPLETED,,T00579,2
B004470,C02984,2025-04-20,2025-04-23,fun dive,2,7150,COMPLETED,,T00579,3
B004471,C01136,April 10 2025,2025-04-23,Fun dive,2,6150, Completed,,T00579,4
B004472,C03281,19/04/2025,2025-04-23,fun dive,1,3450,COMPLETED,,T00579,5
B004473,C02650,April 20 2025,2025-04-23,Fun Dive,4,14200,Completed,,T00579,6
B004474,C03282,2025-03-26,2025-04-23,DISCOVERY DIVE,1,4700,Completed,,T00579,9
B004475,C03283,27/03/2025,2025-04-23,Course,5,24650,COMPLETED,,T00579,10
B004476,C03284,2025-03-30,2025-04-23,Discovery,1,5000,CANCELLED,Weather,T00579,11
B004477,C03285,2025-03-29,2025-04-24,PADI Course,5,24400,Cancelled,Weather,T00580,1
B004478,C03286,2025-03-25,2025-04-24,Discovery Dive,1,5550, Completed,,T00580,3
B004479,C03287,06/04/2025,2025-04-24,DSD,1,5000,COMPLETED,,T00580,4
B004480,C03016,March 22 2025,2025-04-24,fun dive,2,6350, Completed,,T00580,5
B004481,C03288,2025-03-12,2025-04-24,Fun dive,4,12800,CANCELLED,Customer,T00580,6
B004482,C03289,2025-04-17,2025-04-24,FUN DIVE,2,6300,COMPLETED,,T00580,7
B004483,C03290,2025-04-12,2025-04-24,discovery dive,1,5800,completed,,T00580,9
B004484,C03291,2025-04-14,2025-04-24,Discovery Dive,1,4350, cancelled ,Customer,T00580,10
B004485,C00011,April 8 2025,2025-04-24,fundive,1,3600,completed,,T00581,2
B004486,C03292,March 29 2025,2025-04-24,Discovery Dive,1,4600,COMPLETED,,T00581,3
B004487,C02823,2025-04-19,2025-04-24,Course,5,26500,COMPLETED,,T00581,4
B004488,C03196,March 11 2025,2025-04-24,course,5,24950,completed,,T00581,6
B004489,C03293,2025-03-26,2025-04-24,fun dive,1,3650, Completed,,T00581,7
B004490,C03294,31/03/2025,2025-04-24,FUN DIVE,1,3000,completed,,T00581,8
B004491,C03295,March 17 2025,2025-04-24,fundive,1,3600,COMPLETED,,T00581,10
B004492,C03296,22/04/2025,2025-04-25,Discovery Dive,1,5600, Completed,,T00582,2
B004493,C00584,19/03/2025,2025-04-25,Fun dive,2,6250,Completed,,T00582,3
B004494,C02553,2025-03-26,2025-04-25,Fun Dive,1,3400,Completed,,T00582,5
B004495,C03297,2025-04-04,2025-04-25,DSD,1,5250,completed,,T00582,6
B004496,C03298,2025-04-25,2025-04-25,Discovery,1,4700, cancelled ,Weather,T00582,7
B004497,C03299,2025-03-19,2025-04-25,FUN DIVE,1,3350, Completed,,T00582,8
B004498,C03300,30/03/2025,2025-04-25,Fun Dive,2,7200,CANCELLED,,T00582,10
B004499,C03301,April 4 2025,2025-04-25,discovery dive,2,10200,NO-SHOW,,T00582,11
B004500,C03302,March 14 2025,2025-04-26,FUN DIVE,4,15800,Completed,,T00583,2
B004501,C03303,2025-04-20,2025-04-26,COURSE,5,28600,COMPLETED,,T00583,3
B004502,C03304,21/04/2025,2025-04-26,Discovery,1,4950,No-Show,,T00583,5
B004503,C03305,April 6 2025,2025-04-26,DISCOVERY DIVE,1,5450, Completed,,T00583,6
B004504,C03257,2025-03-27,2025-04-26,course,4,26400,COMPLETED,,T00583,7
B004505,C03306,2025-03-19,2025-04-26,fundive,3,11750,CANCELLED,Customer,T00583,8
B004506,C03307,2025-03-16,2025-04-26,Fun dive,3,9000,Completed,,T00583,9
B004507,C03308,2025-04-02,2025-04-27,fundive,2,7300,Completed,,T00584,1
B004508,C02952,18/04/2025,2025-04-27,Discovery,2,9900,completed,,T00584,3
B004509,C03309,2025-04-23,2025-04-27,fun dive,2,7650, Completed,,T00584,6
B004510,C03310,2025-04-12,2025-04-27,DISCOVERY DIVE,1,5250, Completed,,T00584,7
B004511,C03311,2025-03-19,2025-04-27,PADI Course,4,25850,COMPLETED,,T00584,8
B004512,C03312,16/03/2025,2025-04-27,course,4,20500,completed,,T00584,9
B004513,C03313,2025-04-19,2025-04-28,DSD,1,5500,Completed,,T00585,1
B004514,C03314,10/04/2025,2025-04-28,Discovery,1,4600, Completed,,T00585,2
B004515,C02846,2025-04-06,2025-04-28,Fun Dive,4,15050, Completed,,T00585,5
B004516,C03315,April 10 2025,2025-04-28,discovery dive,1,5400,Completed,,T00585,6
B004517,C03316,10/04/2025,2025-04-28,course,4,28500,Cancelled,Weather,T00585,7
B004518,C03317,2025-04-17,2025-04-28,PADI Course,4,25750,CANCELLED,Weather,T00585,8
B004519,C03318,2025-04-08,2025-04-28,Fun Dive,1,3600,Completed,,T00586,2
B004520,C03319,30/03/2025,2025-04-28,Fun Dive,2,7650,cancelled,Weather,T00586,3
B004521,C03320,15/03/2025,2025-04-28,fun dive,3,10750, cancelled ,Weather,T00586,4
B004522,C03321,20/04/2025,2025-04-28,DSD,1,5450,Completed,,T00586,5
B004523,C03322,17/04/2025,2025-04-28,DISCOVERY DIVE,1,5050,completed,,T00586,6
B004524,C03323,2025-04-17,2025-04-28,COURSE,5,25100,CANCELLED,Weather,T00586,7
B004525,C02966,2025-04-28,2025-04-28,Fun Dive,2,6800, Completed,,T00586,9
B004526,C03324,20/04/2025,2025-04-28,fundive,1,3450,CANCELLED,Medical,T00586,10
B004527,C03325,2025-04-16,2025-04-28,DSD,2,9650,COMPLETED,,T00586,11
B004528,C03301,2025-04-16,2025-04-28,Discovery,1,5250,completed,,T00586,12
B004529,C03326,2025-04-27,2025-04-29,Discovery,1,5300,completed,,T00587,1
B004530,C03327,2025-04-11,2025-04-29,fundive,1,2850,CANCELLED,Customer,T00587,2
B004531,C03328,02/04/2025,2025-04-29,Fun dive,1,3200,Completed,,T00587,3
B004532,C03329,2025-03-17,2025-04-29,DSD,1,5400,COMPLETED,,T00587,4
B004533,C02614,27/04/2025,2025-04-29,Fun Dive,3,9350,COMPLETED,,T00587,6
B004534,C03330,April 1 2025,2025-04-29,Discovery,1,4650,NO-SHOW,,T00587,8
B004535,C02894,March 28 2025,2025-04-30,FUN DIVE,3,10250,COMPLETED,,T00588,1
B004536,C03331,24/04/2025,2025-04-30,Course,4,24550,completed,,T00588,3
B004537,C03326,April 30 2025,2025-04-30,DISCOVERY DIVE,1,5400, cancelled ,Weather,T00588,4
B004538,C03332,April 13 2025,2025-04-30,Fun Dive,3,11350, Completed,,T00588,5
B004539,C03333,2025-04-12,2025-04-30,Fun dive,3,12000,Cancelled,Weather,T00588,7
B004540,C03161,2025-04-24,2025-04-30,Discovery,1,4350,COMPLETED,,T00588,8
B004541,C03334,2025-03-27,2025-04-30,Discovery,1,5050,Completed,,T00588,10
B004542,C00132,2025-03-21,2025-04-30,course,5,27350,COMPLETED,,T00588,11
B004543,C03335,March 18 2025,2025-05-01,Fun Dive,2,7600,completed,,T00589,1
B004544,C03336,09/04/2025,2025-05-01,Fun dive,2,7900,COMPLETED,,T00589,2
B004545,C03337,2025-03-20,2025-05-01,Fun dive,1,3700, Completed,,T00589,3
B004546,C03338,2025-03-26,2025-05-01,Discovery,1,4950,completed,,T00589,4
B004547,C03339,April 16 2025,2025-05-01,Discovery Dive,1,4450,Completed,,T00589,5
B004548,C03340,2025-04-03,2025-05-01,Fun Dive,1,3750,COMPLETED,,T00589,6
B004549,C03341,2025-03-22,2025-05-01,Fun Dive,2,7600,COMPLETED,,T00589,8
B004550,C03342,2025-04-20,2025-05-02,Discovery Dive,1,4100,completed,,T00590,1
B004551,C03343,2025-04-22,2025-05-02,Course,5,25850,Completed,,T00590,2
B004552,C03344,27/04/2025,2025-05-02,Course,4,23750, Completed,,T00590,3
B004553,C03345,2025-04-20,2025-05-02,Fun dive,1,3250,Completed,,T00590,4
B004554,C03346,28/04/2025,2025-05-02,fun dive,1,3600,completed,,T00590,6
B004555,C02023,26/03/2025,2025-05-02,fundive,2,6750,COMPLETED,,T00590,7
B004556,C03347,March 24 2025,2025-05-02,Fun dive,4,15500, Completed,,T00590,8
B004557,C03348,2025-04-23,2025-05-02,Fun Dive,3,10750, Completed,,T00590,9
B004558,C03349,2025-04-08,2025-05-03,FUN DIVE,2,7850,Cancelled,Weather,T00591,1
B004559,C03350,03/04/2025,2025-05-03,fun dive,1,3700,completed,,T00591,2
B004560,C02678,April 16 2025,2025-05-03,Fun dive,2,7850,CANCELLED,Weather,T00591,3
B004561,C01074,2025-04-14,2025-05-03,fun dive,1,3850, cancelled ,,T00591,5
B004562,C03351,26/04/2025,2025-05-03,DISCOVERY DIVE,1,4150,Cancelled,Weather,T00591,6
B004563,C03352,13/04/2025,2025-05-03,Fun dive,4,14600,COMPLETED,,T00591,8
B004564,C02553,2025-03-24,2025-05-03,Fun Dive,4,13950,COMPLETED,,T00591,9
B004565,C03353,05/04/2025,2025-05-04,fun dive,3,11600,COMPLETED,,T00592,1
B004566,C02811,2025-04-05,2025-05-04,Fun Dive,2,7300,cancelled,Weather,T00592,2
B004567,C03354,2025-04-08,2025-05-04,DSD,1,5400,Cancelled,Weather,T00592,3
B004568,C03355,2025-03-29,2025-05-04,PADI Course,5,24650, cancelled ,Weather,T00592,4
B004569,C03356,2025-04-03,2025-05-04,fundive,1,3500, cancelled ,Weather,T00592,5
B004570,C03357,2025-04-18,2025-05-04,Discovery Dive,1,4750,Cancelled,Weather,T00592,6
B004571,C03358,2025-04-18,2025-05-04,Fun dive,1,3500,Cancelled,Weather,T00592,8
B004572,C03359,March 24 2025,2025-05-04,discovery dive,1,5050,COMPLETED,,T00592,9
B004573,C03360,05/04/2025,2025-05-04,course,5,25300,cancelled,,T00592,10
B004574,C03361,2025-03-20,2025-05-04,Discovery Dive,1,5050,Cancelled,Weather,T00592,11
B004575,C03240,April 18 2025,2025-05-05,COURSE,4,28750,Cancelled,Customer,T00593,2
B004576,C03362,2025-04-28,2025-05-05,course,4,24400, Completed,,T00593,3
B004577,C03363,26/04/2025,2025-05-05,fundive,2,6550,COMPLETED,,T00593,4
B004578,C03066,2025-04-15,2025-05-05,discovery dive,1,5550,CANCELLED,Customer,T00593,5
B004579,C03364,2025-03-31,2025-05-05,Fun Dive,2,6900,COMPLETED,,T00593,7
B004580,C03365,2025-04-07,2025-05-05,PADI Course,5,25100,COMPLETED,,T00593,9
B004581,C02721,26/04/2025,2025-05-05,Fun Dive,1,3600, Completed,,T00593,10
B004582,C03366,2025-03-29,2025-05-05,course,5,25550, Completed,,T00593,11
B004583,C03367,2025-04-03,2025-05-06,FUN DIVE,1,3700,completed,,T00594,3
B004584,C03368,April 21 2025,2025-05-06,Discovery,1,5000, Completed,,T00594,4
B004585,C03369,09/04/2025,2025-05-06,Fun dive,3,10450,Completed,,T00594,5
B004586,C02925,2025-04-26,2025-05-06,fundive,1,3500, Completed,,T00594,7
B004587,C03370,2025-04-29,2025-05-06,fundive,1,3100,cancelled,Customer,T00594,8
B004588,C03371,March 28 2025,2025-05-06,DISCOVERY DIVE,1,5200,COMPLETED,,T00594,9
B004589,C03372,2025-04-27,2025-05-06,fundive,1,3700,completed,,T00594,11
B004590,C03373,May 3 2025,2025-05-06,Fun Dive,2,6500, Completed,,T00594,12
B004591,C03374,April 25 2025,2025-05-07,COURSE,5,28650, cancelled ,Weather,T00595,2
B004592,C03375,25/03/2025,2025-05-07,Fun Dive,4,14650,CANCELLED,Weather,T00595,3
B004593,C03376,07/04/2025,2025-05-07,DISCOVERY DIVE,1,4850,cancelled,Weather,T00595,5
B004594,C03377,2025-04-13,2025-05-07,COURSE,5,23000,completed,,T00595,6
B004595,C03378,30/03/2025,2025-05-07,Fun Dive,2,7300,completed,,T00595,8
B004596,C02973,2025-05-04,2025-05-07,Fun Dive,4,14000,Completed,,T00595,9
B004597,C03379,2025-03-28,2025-05-07,Fun Dive,1,3400, cancelled ,,T00595,10
B004598,C03380,April 17 2025,2025-05-07,course,4,28250,completed,,T00595,11
B004599,C03381,13/04/2025,2025-05-08,FUN DIVE,3,9100,CANCELLED,Weather,T00596,1
B004600,C03382,2025-04-23,2025-05-08,PADI Course,5,21000, Completed,,T00596,2
B004601,C03383,22/04/2025,2025-05-08,PADI Course,5,22600,No-Show,,T00596,4
B004602,C00614,2025-03-26,2025-05-08,fundive,2,6900,COMPLETED,,T00596,6
B004603,C03122,2025-04-07,2025-05-08,COURSE,5,21500,Cancelled,Customer,T00596,7
B004604,C03384,2025-04-23,2025-05-08,COURSE,5,26050,Completed,,T00596,8
B004605,C03385,2025-04-09,2025-05-09,Discovery Dive,1,5300,cancelled,Customer,T00597,2
B004606,C03386,April 18 2025,2025-05-09,Fun dive,1,3600,completed,,T00597,3
B004607,C03387,2025-03-26,2025-05-09,discovery dive,1,4250,Completed,,T00597,4
B004608,C03379,01/04/2025,2025-05-09,FUN DIVE,3,9500,Cancelled,Medical,T00597,6
B004609,C03388,04/05/2025,2025-05-09,fundive,2,7750,completed,,T00597,7
B004610,C03389,21/04/2025,2025-05-09,fun dive,2,7050,Completed,,T00597,9
B004611,C03390,April 29 2025,2025-05-10,FUN DIVE,2,7000,COMPLETED,,T00598,1
B004612,C03239,March 27 2025,2025-05-10,fundive,1,3150, Completed,,T00598,2
B004613,C03391,05/04/2025,2025-05-10,Discovery,1,5050,Completed,,T00598,3
B004614,C03392,2025-04-15,2025-05-10,fun dive,2,6500,Completed,,T00598,6
B004615,C03393,April 24 2025,2025-05-10,Fun Dive,3,11500, Completed,,T00598,7
B004616,C02666,2025-03-29,2025-05-10,COURSE,4,28750,COMPLETED,,T00598,9
B004617,C03394,2025-04-30,2025-05-10,Fun dive,3,10950,COMPLETED,,T00598,10
B004618,C03395,03/05/2025,2025-05-10,DSD,1,5250,COMPLETED,,T00598,11
B004619,C02351,2025-04-22,2025-05-11,Fun dive,3,8550,Completed,,T00599,2
B004620,C03396,09/04/2025,2025-05-11,DSD,1,5300,Completed,,T00599,4
B004621,C03397,10/05/2025,2025-05-11,course,4,24650,cancelled,Customer,T00599,5
B004622,C03092,May 5 2025,2025-05-11,fundive,2,7650, cancelled ,Customer,T00599,6
B004623,C03398,2025-04-01,2025-05-11,fundive,4,14500,completed,,T00599,7
B004624,C03399,May 11 2025,2025-05-11,Fun Dive,3,10500, Completed,,T00599,8
B004625,C03400,April 23 2025,2025-05-11,Fun Dive,3,11100, Completed,,T00599,9
B004626,C03401,2025-04-15,2025-05-11,PADI Course,4,27000,no-show,,T00599,10
B004627,C03402,2025-04-27,2025-05-11,Fun dive,1,3550,Completed,,T00599,11
B004628,C03192,2025-03-31,2025-05-12,fundive,2,7650,CANCELLED,Medical,T00600,2
B004629,C03403,2025-04-27,2025-05-12,Fun dive,1,3800, Completed,,T00600,3
B004630,C03404,07/05/2025,2025-05-12,DSD,1,5400, cancelled ,Medical,T00600,5
B004631,C00902,17/04/2025,2025-05-12,fun dive,3,9850,CANCELLED,Medical,T00600,6
B004632,C03405,2025-04-29,2025-05-12,FUN DIVE,3,8750,COMPLETED,,T00600,7
B004633,C02969,23/04/2025,2025-05-12,Course,4,27200,COMPLETED,,T00600,9
B004634,C03406,2025-04-18,2025-05-13,DSD,2,10250,cancelled,Weather,T00601,1
B004635,C03407,2025-04-08,2025-05-13,fundive,2,6200, cancelled ,Weather,T00601,2
B004636,C03408,01/04/2025,2025-05-13,PADI Course,5,21100,Cancelled,Weather,T00601,3
B004637,C03150,2025-04-11,2025-05-13,discovery dive,1,5750,COMPLETED,,T00601,5
B004638,C03409,25/04/2025,2025-05-13,PADI Course,4,28900,Cancelled,Weather,T00601,6
B004639,C03410,2025-04-11,2025-05-13,Fun Dive,4,15000,cancelled,Weather,T00601,7
B004640,C03411,2025-05-11,2025-05-13,Discovery Dive,1,4400,cancelled,Weather,T00601,8
B004641,C03412,2025-04-06,2025-05-13,PADI Course,5,25700, cancelled ,Weather,T00601,9
B004642,C03413,2025-05-06,2025-05-13,FUN DIVE,2,6500,cancelled,,T00601,10
B004643,C03414,31/03/2025,2025-05-13,Discovery,2,9300,cancelled,Weather,T00601,11
B004644,C03415,2025-04-20,2025-05-14,Fun Dive,4,11850,CANCELLED,Medical,T00602,1
B004645,C03416,2025-05-12,2025-05-14,Discovery,1,5300,Completed,,T00602,2
B004646,C03417,2025-05-02,2025-05-14,Discovery Dive,1,5250,completed,,T00602,3
B004647,C03418,2025-04-09,2025-05-14,COURSE,4,24650,COMPLETED,,T00602,4
B004648,C02979,2025-04-30,2025-05-14,fundive,1,3400, Completed,,T00602,5
B004649,C03419,2025-04-29,2025-05-14,Fun dive,2,6250,CANCELLED,Customer,T00602,6
B004650,C02970,April 10 2025,2025-05-14,Fun dive,1,2900,cancelled,Customer,T00602,8
B004651,C02814,2025-05-03,2025-05-14,Fun dive,3,10550,COMPLETED,,T00602,9
B004652,C03058,20/04/2025,2025-05-15,PADI Course,4,25300, Completed,,T00603,2
B004653,C02907,01/05/2025,2025-05-15,Fun dive,3,11900,Completed,,T00603,3
B004654,C03420,12/05/2025,2025-05-15,FUN DIVE,1,3550,Completed,,T00603,4
B004655,C03421,May 7 2025,2025-05-15,FUN DIVE,2,7850, Completed,,T00603,5
B004656,C03422,06/04/2025,2025-05-15,FUN DIVE,2,7850,completed,,T00603,6
B004657,C03423,2025-04-18,2025-05-15,Fun Dive,1,3800, Completed,,T00603,7
B004658,C03424,2025-05-03,2025-05-15,Fun dive,1,3650,COMPLETED,,T00603,8
B004659,C03425,01/05/2025,2025-05-15,COURSE,4,25900,Completed,,T00603,10
B004660,C02681,May 14 2025,2025-05-15,Fun Dive,2,7850,COMPLETED,,T00603,11
B004661,C00111,20/04/2025,2025-05-16,fun dive,1,3900,COMPLETED,,T00604,2
B004662,C03426,2025-05-03,2025-05-16,FUN DIVE,1,3500,Completed,,T00604,3
B004663,C03427,April 26 2025,2025-05-16,Fun Dive,1,3650,cancelled,Customer,T00604,5
B004664,C02975,15/04/2025,2025-05-16,Discovery Dive,2,10250,completed,,T00604,6
B004665,C03428,2025-05-12,2025-05-16,COURSE,4,20750,Cancelled,Weather,T00604,7
B004666,C03429,April 23 2025,2025-05-16,Fun Dive,4,11400, Completed,,T00604,9
B004667,C00799,April 7 2025,2025-05-17,fun dive,1,3400, Completed,,T00605,1
B004668,C03430,2025-04-15,2025-05-17,COURSE,5,26100,COMPLETED,,T00605,2
B004669,C03431,14/04/2025,2025-05-17,COURSE,5,28850,Completed,,T00605,3
B004670,C03432,2025-04-30,2025-05-17,Fun Dive,2,5700,No-Show,,T00605,4
B004671,C03433,2025-05-14,2025-05-17,fundive,1,3800, Completed,,T00605,5
B004672,C03434,06/04/2025,2025-05-17,fun dive,2,6950,completed,,T00605,8
B004673,C03435,2025-05-03,2025-05-18,DISCOVERY DIVE,1,5650,COMPLETED,,T00606,1
B004674,C03436,2025-05-10,2025-05-18,Discovery,1,5250,completed,,T00606,2
B004675,C03046,April 3 2025,2025-05-18,Course,4,22700,COMPLETED,,T00606,5
B004676,C03437,2025-05-04,2025-05-18,fun dive,2,7450,completed,,T00606,6
B004677,C03438,2025-04-27,2025-05-18,discovery dive,1,4850,Completed,,T00606,7
B004678,C03293,2025-04-26,2025-05-18,fundive,1,3550,Completed,,T00606,8
B004679,C03439,April 20 2025,2025-05-18,Course,5,27550, Completed,,T00606,9
B004680,C03440,29/04/2025,2025-05-18,DSD,1,4850,NO-SHOW,,T00606,10
B004681,C03441,May 14 2025,2025-05-19,DSD,1,5000,COMPLETED,,T00607,1
B004682,C03442,April 8 2025,2025-05-19,Discovery,1,5250, Completed,,T00607,2
B004683,C03443,May 3 2025,2025-05-19,fun dive,4,11450,completed,,T00607,3
B004684,C03444,10/05/2025,2025-05-19,FUN DIVE,2,7300,completed,,T00607,5
B004685,C03445,24/04/2025,2025-05-19,DISCOVERY DIVE,1,5300,completed,,T00607,7
B004686,C03446,2025-04-08,2025-05-19,Fun dive,4,-14400,COMPLETED,,T00607,8
B004687,C03447,May 18 2025,2025-05-19,DSD,1,5450, Completed,,T00607,9
B004688,C03448,04/05/2025,2025-05-19,Fun Dive,4,13850,CANCELLED,Customer,T00607,10
B004689,C03133,2025-05-02,2025-05-20,Course,4,27450,COMPLETED,,T00608,3
B004690,C03449,2025-05-09,2025-05-20,discovery dive,1,5300,completed,,T00608,4
B004691,C03450,11/04/2025,2025-05-20,COURSE,4,25650,COMPLETED,,T00608,5
B004692,C03451,20/05/2025,2025-05-20,Fun dive,3,11400, Completed,,T00608,6
B004693,C03452,2025-04-24,2025-05-20,Fun Dive,2,7250,COMPLETED,,T00608,7
B004694,C03016,2025-04-19,2025-05-20,COURSE,4,23100,completed,,T00608,8
B004695,C03453,2025-05-05,2025-05-20,course,4,23250,cancelled,,T00608,9
B004696,C03454,2025-04-14,2025-05-21,fundive,2,6800,completed,,T00609,1
B004697,C03455,2025-05-19,2025-05-21,fun dive,2,7000, Completed,,T00609,2
B004698,C03456,20/05/2025,2025-05-21,discovery dive,1,5350, Completed,,T00609,3
B004699,C00167,2025-04-22,2025-05-21,Fun Dive,4,13850,completed,,T00609,4
B004700,C03457,2025-04-27,2025-05-21,fun dive,1,4000,COMPLETED,,T00609,6
B004701,C03337,2025-04-13,2025-05-21,PADI Course,4,25350,COMPLETED,,T00609,7
B004702,C03458,2025-05-15,2025-05-21,COURSE,4,26950,COMPLETED,,T00609,8
B004703,C03459,May 2 2025,2025-05-21,Course,4,25750, Completed,,T00609,11
B004704,C03460,2025-04-24,2025-05-21,discovery dive,2,9250, Completed,,T00609,12
B004705,C03461,12/05/2025,2025-05-22,fundive,2,7100,Completed,,T00610,1
B004706,C03462,2025-05-10,2025-05-22,Discovery Dive,1,4600,completed,,T00610,2
B004707,C03463,2025-05-07,2025-05-22,Discovery Dive,1,5100, Completed,,T00610,4
B004708,C03464,2025-05-10,2025-05-22,DISCOVERY DIVE,1,5750,completed,,T00610,5
B004709,C03400,April 27 2025,2025-05-22,fun dive,3,11500,completed,,T00610,6
B004710,C02601,17/04/2025,2025-05-22,fundive,2,6250,COMPLETED,,T00610,7
B004711,C03465,2025-05-19,2025-05-22,DSD,1,4850,COMPLETED,,T00610,9
B004712,C03466,2025-05-11,2025-05-22,Discovery,2,9150, cancelled ,,T00610,10
B004713,C03467,2025-05-09,2025-05-23,fundive,2,7100,completed,,T00611,2
B004714,C03468,2025-05-05,2025-05-23,DSD,1,5100,COMPLETED,,T00611,3
B004715,C02787,2025-05-22,2025-05-23,Fun Dive,1,3650,CANCELLED,Customer,T00611,4
B004716,C03469,26/04/2025,2025-05-23,DISCOVERY DIVE,2,9800,completed,,T00611,5
B004717,C03219,2025-04-19,2025-05-23,Discovery,2,10750, Completed,,T00611,6
B004718,C03470,April 19 2025,2025-05-23,DISCOVERY DIVE,1,4650, Completed,,T00611,7
B004719,C03471,2025-04-16,2025-05-24,DISCOVERY DIVE,1,4300,COMPLETED,,T00612,2
B004720,C03472,May 3 2025,2025-05-24,DSD,1,5150, cancelled ,Weather,T00612,3
B004721,C03473,2025-04-21,2025-05-24,COURSE,4,26350,cancelled,Weather,T00612,4
B004722,C03474,2025-05-10,2025-05-24,FUN DIVE,1,3750,completed,,T00612,6
B004723,C03475,26/04/2025,2025-05-24,FUN DIVE,3,11500, cancelled ,Customer,T00612,7
B004724,C03476,2025-04-25,2025-05-24,fun dive,3,9550, cancelled ,Medical,T00612,8
B004725,C03477,May 8 2025,2025-05-24,fundive,3,11100,COMPLETED,,T00612,9
B004726,C03478,10/04/2025,2025-05-24,COURSE,5,23200,COMPLETED,,T00612,11
B004727,C03479,27/04/2025,2025-05-25,discovery dive,2,9050,Cancelled,Medical,T00613,2
B004728,C03480,27/04/2025,2025-05-25,Fun dive,4,14150,completed,,T00613,3
B004729,C03481,2025-04-30,2025-05-25,PADI Course,4,28100,completed,,T00613,5
B004730,C02921,23/04/2025,2025-05-25,Fun Dive,1,3500, Completed,,T00613,6
B004731,C03482,2025-05-07,2025-05-25,COURSE,4,25450, Completed,,T00613,7
B004732,C03483,2025-05-18,2025-05-25,Discovery Dive,2,10650,COMPLETED,,T00613,8
B004733,C03484,2025-04-18,2025-05-25,discovery dive,2,10200,completed,,T00613,9
B004734,C03485,2025-04-15,2025-05-26,discovery dive,1,4350, Completed,,T00614,1
B004735,C03486,25/04/2025,2025-05-26,fun dive,4,14000,Completed,,T00614,2
B004736,C03487,2025-05-04,2025-05-26,fun dive,4,13450,completed,,T00614,4
B004737,C03488,22/05/2025,2025-05-26,Fun dive,1,2900, cancelled ,Customer,T00614,5
B004738,C03489,2025-05-16,2025-05-26,fundive,4,15550,COMPLETED,,T00614,6
B004739,C03490,May 17 2025,2025-05-26,fundive,1,3450,Completed,,T00614,7
B004740,C03491,2025-05-18,2025-05-26,PADI Course,4,28750,completed,,T00614,8
B004741,C03492,2025-05-16,2025-05-27,fundive,3,11050,No-show,,T00615,1
B004742,C03368,02/05/2025,2025-05-27,fun dive,2,6950,Cancelled,Customer,T00615,2
B004743,C03493,2025-05-24,2025-05-27,DSD,1,4650,cancelled,Weather,T00615,3
B004744,C03494,2025-05-07,2025-05-27,Discovery,1,5750, cancelled ,Customer,T00615,4
B004745,C03237,2025-04-29,2025-05-27,DISCOVERY DIVE,1,5450,cancelled,Weather,T00615,6
B004746,C03495,2025-05-01,2025-05-27,fundive,2,5800, Completed,,T00615,7
B004747,C03496,22/04/2025,2025-05-27,fun dive,1,3650,Completed,,T00615,9
B004748,C03497,2025-05-19,2025-05-27,Discovery,1,5350, Completed,,T00615,10
B004749,C03498,2025-04-25,2025-05-27,FUN DIVE,1,3100,cancelled,Customer,T00615,11
B004750,C02732,2025-05-26,2025-05-28,Fun dive,1,3350,cancelled,Customer,T00616,1
B004751,C01759,2025-05-12,2025-05-28,FUN DIVE,4,13550,Completed,,T00616,2
B004752,C03499,05/05/2025,2025-05-28,Fun dive,1,3450,COMPLETED,,T00616,5
B004753,C03500,21/04/2025,2025-05-28,course,5,24450,COMPLETED,,T00616,6
B004754,C03501,18/04/2025,2025-05-28,DISCOVERY DIVE,2,8950, Completed,,T00616,7
B004755,C03502,2025-04-17,2025-05-28,FUN DIVE,3,11200,no-show,,T00616,8
B004756,C03503,2025-05-18,2025-05-29,Fun Dive,1,3200,Cancelled,Customer,T00617,1
B004757,C03411,26/05/2025,2025-05-29,Fun Dive,3,9500,Completed,,T00617,2
B004758,C02707,27/04/2025,2025-05-29,Fun Dive,1,3750, cancelled ,Medical,T00617,3
B004759,C03172,2025-04-26,2025-05-29,Fun dive,1,3350,COMPLETED,,T00617,5
B004760,C03504,2025-05-04,2025-05-29,PADI Course,5,26450, Completed,,T00617,7
B004761,C03505,2025-04-19,2025-05-29,fundive,2,5650, Completed,,T00617,8
B004762,C03506,25/04/2025,2025-05-30,Fun dive,1,3900, Completed,,T00618,1
B004763,C03507,18/05/2025,2025-05-30,DSD,1,4950, Completed,,T00618,2
B004764,C03508,2025-04-23,2025-05-30,DISCOVERY DIVE,1,5000,No-Show,,T00618,3
B004765,C03509,2025-04-15,2025-05-30,Discovery,1,4250,Completed,,T00618,4
B004766,C03510,2025-05-27,2025-05-30,DSD,1,4450,cancelled,Customer,T00618,5
B004767,C03511,2025-04-26,2025-05-30,fundive,1,3550, Completed,,T00618,6
B004768,C03512,2025-05-23,2025-05-30,Fun Dive,1,3550, Completed,,T00618,7
B004769,C03513,12/05/2025,2025-05-30,fun dive,2,5650,completed,,T00618,9
B004770,C03404,May 29 2025,2025-05-31,Fun dive,1,3800,completed,,T00619,1
B004771,C03514,13/05/2025,2025-05-31,discovery dive,2,9300,Completed,,T00619,2
B004772,C00189,2025-04-18,2025-05-31,Fun dive,2,7650,Cancelled,Weather,T00619,3
B004773,C03405,May 21 2025,2025-05-31,Course,5,23350,cancelled,Customer,T00619,4
B004774,C03515,09/05/2025,2025-05-31,Fun dive,3,10800,Completed,,T00619,5
B004775,C03516,2025-04-30,2025-05-31,DISCOVERY DIVE,1,5450,Completed,,T00619,8
B004776,C02875,2025-05-29,2025-06-03,PADI Course,4,23650,Cancelled,,T00620,7
B004777,C03517,2025-05-17,2025-06-03,PADI Course,4,22800,CANCELLED,Weather,T00620,11
B004778,C03518,01/06/2025,2025-06-04,Discovery,1,4400,cancelled,Weather,T00621,3
B004779,C03519,2025-04-26,2025-06-04,Fun Dive,4,14000,CANCELLED,Weather,T00621,11
B004780,C03520,2025-05-17,2025-06-07,Course,4,21300,CANCELLED,Weather,T00622,2
B004781,C03521,2025-06-07,2025-06-07,course,4,21000,CANCELLED,Weather,T00622,4
B004782,C03522,2025-06-06,2025-06-07,course,4,21600,CANCELLED,Weather,T00622,7
B004783,C03523,2025-06-04,2025-06-08,discovery dive,1,4950,cancelled,,T00623,1
B004784,C03524,29/05/2025,2025-06-08,DISCOVERY DIVE,1,5300,Completed,,T00623,5
B004785,C03525,25/04/2025,2025-06-08,discovery dive,1,5000, cancelled ,Weather,T00623,6
B004786,C03526,2025-05-29,2025-06-08,fun dive,4,11400, cancelled ,Weather,T00623,8
B004787,C03527,2025-05-05,2025-06-09,fun dive,2,6950, Completed,,T00624,3
B004788,C03087,2025-06-06,2025-06-09,fun dive,4,14150, Completed,,T00624,6
B004789,C03528,26/04/2025,2025-06-10,course,5,26800,Cancelled,Customer,T00625,2
B004790,C03529,2025-04-29,2025-06-10,fundive,2,7150,completed,,T00625,3
B004791,C03530,2025-05-24,2025-06-10,Fun dive,3,9700,completed,,T00625,8
B004792,C03531,2025-05-21,2025-06-10,Course,5,28050,COMPLETED,,T00625,11
B004793,C03532,2025-05-01,2025-06-11,FUN DIVE,3,9200, cancelled ,Weather,T00626,1
B004794,C02971,2025-05-11,2025-06-11,FUN DIVE,1,3400,CANCELLED,Weather,T00626,6
B004795,C03380,May 24 2025,2025-06-11,Fun dive,2,7100, cancelled ,Weather,T00626,9
B004796,C03533,09/06/2025,2025-06-14,FUN DIVE,2,6050,Cancelled,Weather,T00627,2
B004797,C03276,01/05/2025,2025-06-14,Discovery,1,4900, cancelled ,Weather,T00627,6
B004798,C03534,2025-05-10,2025-06-14,DISCOVERY DIVE,1,5150, cancelled ,,T00627,8
B004799,C03535,2025-05-09,2025-06-14,FUN DIVE,1,3500,Completed,,T00627,9
B004800,C03536,2025-06-09,2025-06-14,Course,5,20050,Cancelled,Weather,T00627,10
B004801,C03537,09/05/2025,2025-06-15,Fun Dive,1,3000,cancelled,Weather,T00628,10
B004802,C03538,16/05/2025,2025-06-15,DISCOVERY DIVE,1,5400,Cancelled,,T00628,11
B004803,C03539,2025-05-05,2025-06-15,Discovery Dive,1,4300,Cancelled,Weather,T00628,12
B004804,C03540,2025-09-06,2025-09-16,Discovery,1,4700,completed,,T00629,1
B004805,C03541,2025-08-25,2025-09-16,discovery dive,1,4550,completed,,T00629,4
B004806,C03542,13/08/2025,2025-09-16,DISCOVERY DIVE,1,4600, cancelled ,Customer,T00629,5
B004807,C03543,2025-09-09,2025-09-16,Fun dive,1,2950,completed,,T00629,10
B004808,C01172,2025-09-12,2025-09-26,Fun dive,2,7300,completed,,T00630,8
B004809,C03544,2025-08-31,2025-09-26,discovery dive,2,10100,Completed,,T00630,9
B004810,C03545,2025-08-17,2025-09-26,Fun Dive,3,11600,COMPLETED,,T00630,11
B004811,C03546,2025-08-19,2025-09-27,Fun dive,3,10050,CANCELLED,Weather,T00631,1
B004812,C03547,20/09/2025,2025-09-27,Discovery Dive,1,4700, cancelled ,Weather,T00631,2
B004813,C03548,2025-09-20,2025-09-27,FUN DIVE,1,3450,Cancelled,Weather,T00631,5
B004814,C03549,August 29 2025,2025-09-27,fun dive,1,2800, cancelled ,Weather,T00631,6
B004815,C03550,2025-09-09,2025-09-27,PADI Course,4,24150,Cancelled,Weather,T00631,8
B004816,C03551,2025-09-14,2025-09-28,Fun dive,2,7200,Cancelled,Weather,T00632,1
B004817,C03333,2025-09-22,2025-09-28,fundive,2,7250,Cancelled,Weather,T00632,2
B004818,C03552,2025-08-24,2025-09-28,fundive,1,3550,cancelled,Weather,T00632,4
B004819,C03553,2025-09-26,2025-09-28,FUN DIVE,2,6950,cancelled,,T00632,12
B004820,C03554,2025-09-14,2025-10-01,DSD,1,5000,CANCELLED,Weather,T00633,1
B004821,C00861,2025-09-24,2025-10-01,fun dive,2,7650,cancelled,Weather,T00633,2
B004822,C03265,2025-08-19,2025-10-01,Fun dive,2,6050,cancelled,,T00633,3
B004823,C03555,20/09/2025,2025-10-01,Discovery Dive,1,5050,Cancelled,Weather,T00633,4
B004824,C03002,2025-08-26,2025-10-01,Fun Dive,4,15100,Cancelled,Weather,T00633,5
B004825,C03556,September 18 2025,2025-10-01,COURSE,5,23600,cancelled,Weather,T00633,6
B004826,C03557,2025-08-24,2025-10-01,Discovery,1,4250,cancelled,Weather,T00633,7
B004827,C03558,2025-09-20,2025-10-02,COURSE,4,22550, cancelled ,Weather,T00634,2
B004828,C03559,2025-08-28,2025-10-02,COURSE,5,21950,Cancelled,Weather,T00634,3
B004829,C03560,27/09/2025,2025-10-02,fundive,1,3100,cancelled,,T00634,4
B004830,C03492,30/08/2025,2025-10-02,Fun Dive,3,10550,CANCELLED,Weather,T00634,6
B004831,C03561,17/09/2025,2025-10-02,FUN DIVE,1,3550,CANCELLED,Weather,T00634,7
B004832,C03562,2025-09-12,2025-10-02,discovery dive,1,5050,completed,,T00634,8
B004833,C03563,2025-08-18,2025-10-02,discovery dive,1,5600,CANCELLED,,T00634,9
B004834,C03564,2025-08-25,2025-10-03,Fun dive,1,3400,CANCELLED,Weather,T00635,1
B004835,C03565,2025-08-26,2025-10-03,DISCOVERY DIVE,1,4300,COMPLETED,,T00635,2
B004836,C03566,September 20 2025,2025-10-03,Fun Dive,1,3600, Completed,,T00635,3
B004837,C03567,2025-09-05,2025-10-03,DSD,1,4000,CANCELLED,,T00635,4
B004838,C03568,2025-09-27,2025-10-03,DSD,1,5350,completed,,T00635,5
B004839,C03250,28/09/2025,2025-10-03,fundive,1,3700,Completed,,T00635,7
B004840,C03569,2025-09-30,2025-10-03,Fun Dive,1,2800,cancelled,Medical,T00635,8
B004841,C03570,October 4 2025,2025-10-04,DISCOVERY DIVE,1,4050,Cancelled,,T00636,1
B004842,C03571,2025-10-01,2025-10-04,Course,4,25100,completed,,T00636,2
B004843,C03572,03/10/2025,2025-10-04,FUN DIVE,3,11150,cancelled,Customer,T00636,3
B004844,C02912,September 9 2025,2025-10-04,fun dive,2,5900,COMPLETED,,T00636,4
B004845,C03573,2025-09-20,2025-10-04,Discovery,1,5250,cancelled,Medical,T00636,5
B004846,C03005,2025-09-29,2025-10-04,fun dive,1,2900, Completed,,T00636,7
B004847,C03574,27/08/2025,2025-10-04,fun dive,3,9250,NO-SHOW,,T00636,9
B004848,C03575,22/09/2025,2025-10-04,Fun dive,3,10750,COMPLETED,,T00636,10
B004849,C03576,2025-09-09,2025-10-04,FUN DIVE,3,8950,completed,,T00636,11
B004850,C03577,2025-09-20,2025-10-05,Fun dive,1,3700, Completed,,T00637,1
B004851,C03578,04/10/2025,2025-10-05,Course,5,24950,completed,,T00637,2
B004852,C03579,18/09/2025,2025-10-05,fun dive,2,5700,COMPLETED,,T00637,3
B004853,C03580,2025-09-21,2025-10-05,fun dive,1,3450,Completed,,T00637,5
B004854,C03581,2025-09-14,2025-10-05,Discovery,1,5000,completed,,T00637,6
B004855,C03582,2025-09-30,2025-10-05,Discovery,2,501155,Completed,,T00637,7
B004856,C03583,2025-09-18,2025-10-05,DISCOVERY DIVE,1,5000,COMPLETED,,T00637,8
B004857,C03584,2025-10-04,2025-10-06,discovery dive,2,10000,completed,,T00638,1
B004858,C03585,September 3 2025,2025-10-06,DISCOVERY DIVE,1,5050,no-show,,T00638,2
B004859,C03586,2025-09-14,2025-10-06,DSD,1,5200,completed,,T00638,4
B004860,C03587,2025-08-31,2025-10-06,Discovery Dive,1,5450, Completed,,T00638,5
B004861,C03135,2025-09-07,2025-10-06,FUN DIVE,2,6700,completed,,T00638,6
B004862,C01888,2025-09-22,2025-10-06,Course,4,25900,no-show,,T00638,7
B004863,C03588,04/10/2025,2025-10-06,PADI Course,4,24200, Completed,,T00638,8
B004864,C03589,01/09/2025,2025-10-06,course,4,25950,COMPLETED,,T00638,9
B004865,C03590,2025-09-18,2025-10-07,FUN DIVE,1,3250, Completed,,T00639,1
B004866,C03591,2025-09-15,2025-10-07,fundive,2,7050,completed,,T00639,2
B004867,C03592,2025-10-01,2025-10-07,Course,4,24200,CANCELLED,Customer,T00639,3
B004868,C03593,07/09/2025,2025-10-07,fundive,1,2850,completed,,T00639,5
B004869,C03594,2025-09-05,2025-10-07,FUN DIVE,2,6400,Cancelled,,T00639,6
B004870,C03595,03/09/2025,2025-10-07,fun dive,1,3000,No-Show,,T00639,7
B004871,C02917,2025-09-07,2025-10-07,DSD,1,4700,cancelled,Weather,T00639,8
B004872,C03596,2025-09-06,2025-10-07,Fun Dive,4,13950, Completed,,T00639,9
B004873,C03143,06/09/2025,2025-10-08,Fun Dive,3,11050,COMPLETED,,T00640,1
B004874,C03597,September 3 2025,2025-10-08,course,4,20050,Completed,,T00640,2
B004875,C03409,September 18 2025,2025-10-08,FUN DIVE,2,6750,Completed,,T00640,4
B004876,C03598,2025-10-03,2025-10-08,Course,4,25200,COMPLETED,,T00640,6
B004877,C03599,2025-09-10,2025-10-08,FUN DIVE,2,7100, Completed,,T00640,7
B004878,C03600,2025-08-26,2025-10-08,fun dive,4,12550, Completed,,T00640,8
B004879,C03026,August 25 2025,2025-10-08,fundive,2,6650,No-Show,,T00640,10
B004880,C03601,2025-09-03,2025-10-09,PADI Course,5,23900, Completed,,T00641,2
B004881,C03602,2025-09-30,2025-10-09,Discovery Dive,1,5000,Completed,,T00641,3
B004882,C03603,October 1 2025,2025-10-09,Fun Dive,1,2950,Completed,,T00641,6
B004883,C03604,2025-09-14,2025-10-09,discovery dive,1,5000, Completed,,T00641,7
B004884,C03605,2025-09-13,2025-10-09,DISCOVERY DIVE,1,5000,Completed,,T00641,8
B004885,C03606,15/09/2025,2025-10-09,fundive,1,3350, Completed,,T00641,9
B004886,C03607,2025-10-01,2025-10-10,FUN DIVE,2,6950,COMPLETED,,T00642,2
B004887,C03608,2025-09-03,2025-10-10,DSD,1,5300,COMPLETED,,T00642,3
B004888,C03609,2025-09-06,2025-10-10,PADI Course,4,23700, Completed,,T00642,4
B004889,C03610,10/10/2025,2025-10-10,Fun Dive,1,3300,COMPLETED,,T00642,5
B004890,C03611,2025-09-28,2025-10-10,Fun Dive,1,2800, Completed,,T00642,6
B004891,C03612,2025-09-28,2025-10-10,Fun dive,1,3700,completed,,T00642,9
B004892,C03613,2025-09-27,2025-10-10,Discovery Dive,1,4400, cancelled ,,T00642,10
B004893,C03614,2025-08-28,2025-10-10,fundive,3,10350,CANCELLED,,T00642,11
B004894,C03615,11/10/2025,2025-10-11,Fun dive,3,8300,COMPLETED,,T00643,1
B004895,C03616,September 16 2025,2025-10-11,course,4,24550,completed,,T00643,2
B004896,C03617,2025-09-29,2025-10-11,Fun dive,1,3050,Completed,,T00643,3
B004897,C03618,2025-08-31,2025-10-11,Fun Dive,4,14800,completed,,T00643,4
B004898,C03619,October 4 2025,2025-10-11,fun dive,1,3450, Completed,,T00643,5
B004899,C03620,2025-09-18,2025-10-11,fun dive,1,3650,completed,,T00643,6
B004900,C03621,October 3 2025,2025-10-11,Discovery,1,4400,COMPLETED,,T00644,1
B004901,C03622,08/09/2025,2025-10-11,PADI Course,4,22750,completed,,T00644,3
B006131,C04621,2026-01-31,2026-02-08,discovery dive,1,5000, Completed,,T00794,6
B004902,C03623,2025-09-11,2025-10-11,Discovery,1,5200,completed,,T00644,4
B004903,C03207,2025-09-04,2025-10-11,Fun dive,3,10200,Completed,,T00644,5
B004904,C03624,2025-08-30,2025-10-11,discovery dive,1,5500,completed,,T00644,6
B004905,C03625,2025-09-22,2025-10-11,Discovery,1,4600,completed,,T00644,7
B004906,C02935,21/09/2025,2025-10-11,FUN DIVE,2,6900,Completed,,T00644,8
B004907,C03626,2025-10-11,2025-10-11,discovery dive,1,4850, Completed,,T00644,9
B004908,C03627,2025-09-16,2025-10-12,COURSE,5,24800,cancelled,Customer,T00645,1
B004909,C03098,2025-09-21,2025-10-12,fun dive,1,3050,COMPLETED,,T00645,3
B004910,C03628,08/10/2025,2025-10-12,DSD,1,4250,COMPLETED,,T00645,4
B004911,C03629,October 4 2025,2025-10-12,Fun Dive,3,9400,cancelled,Customer,T00645,5
B004912,C03630,05/09/2025,2025-10-12,FUN DIVE,3,9100,Completed,,T00645,6
B004913,C03631,2025-09-27,2025-10-12,PADI Course,5,24450,no-show,,T00645,7
B004914,C03632,12/10/2025,2025-10-12,fun dive,1,3850, Completed,,T00645,8
B004915,C03633,2025-09-22,2025-10-12,fun dive,2,6950, cancelled ,Weather,T00646,1
B004916,C03634,28/09/2025,2025-10-12,Fun dive,3,10700,Cancelled,,T00646,2
B004917,C03074,2025-09-25,2025-10-12,Fun dive,1,3700,COMPLETED,,T00646,3
B004918,C03635,2025-10-12,2025-10-12,FUN DIVE,2,6100,NO-SHOW,,T00646,4
B004919,C03194,2025-09-20,2025-10-12,COURSE,5,26050,Completed,,T00646,5
B004920,C03197,02/10/2025,2025-10-12,PADI Course,4,26550, Completed,,T00646,6
B004921,C03636,2025-09-24,2025-10-12,Course,4,27200,COMPLETED,,T00646,7
B004922,C03637,2025-08-28,2025-10-12,Fun Dive,2,6900,completed,,T00646,9
B004923,C03638,2025-10-09,2025-10-12,DISCOVERY DIVE,1,5150,completed,,T00646,10
B004924,C03639,September 6 2025,2025-10-12,Fun Dive,3,10050,Completed,,T00646,11
B004925,C03640,2025-09-17,2025-10-12,fundive,3,9400,COMPLETED,,T00646,12
B004926,C03016,2025-09-29,2025-10-13,Fun Dive,2,6200, Completed,,T00647,1
B004927,C03641,2025-09-07,2025-10-13,discovery dive,1,4050,Completed,,T00647,2
B004928,C03642,2025-09-01,2025-10-13,Fun Dive,1,3050,completed,,T00647,3
B004929,C03643,2025-09-19,2025-10-13,Discovery,1,5400,Completed,,T00647,4
B004930,C03644,2025-10-12,2025-10-13,FUN DIVE,4,12500,COMPLETED,,T00647,6
B004931,C03527,03/10/2025,2025-10-13,Fun dive,2,6900,completed,,T00647,8
B004932,C03645,September 4 2025,2025-10-13,Fun Dive,1,3750,completed,,T00647,10
B004933,C03646,2025-09-27,2025-10-14,DISCOVERY DIVE,1,5050,Completed,,T00648,1
B004934,C03647,2025-09-28,2025-10-14,discovery dive,1,3950,CANCELLED,Customer,T00648,2
B004935,C03648,September 2 2025,2025-10-14,Fun dive,4,12500, Completed,,T00648,3
B004936,C03649,2025-09-01,2025-10-14,Fun Dive,4,15150, Completed,,T00648,4
B004937,C03650,2025-10-04,2025-10-14,COURSE,4,21550,COMPLETED,,T00648,6
B004938,C02984,20/09/2025,2025-10-14,Discovery Dive,1,5400,Completed,,T00648,7
B004939,C03651,02/09/2025,2025-10-14,FUN DIVE,2,5700,COMPLETED,,T00648,8
B004940,C03652,August 31 2025,2025-10-14,FUN DIVE,3,9650,Completed,,T00648,9
B004941,C03653,05/09/2025,2025-10-14,Fun dive,1,3550,COMPLETED,,T00648,10
B004942,C00210,2025-09-26,2025-10-15,FUN DIVE,4,15150,Completed,,T00649,2
B004943,C03654,September 29 2025,2025-10-15,Discovery Dive,1,4450, Completed,,T00649,3
B004944,C03655,October 5 2025,2025-10-15,fun dive,3,11300,No-show,,T00649,5
B004945,C03656,2025-10-09,2025-10-15,DISCOVERY DIVE,1,4450, cancelled ,Medical,T00649,6
B004946,C03657,2025-09-14,2025-10-15,FUN DIVE,2,5750,COMPLETED,,T00649,7
B004947,C03658,05/10/2025,2025-10-15,Discovery,1,4350,CANCELLED,Medical,T00649,9
B004948,C03581,2025-09-01,2025-10-15,Fun dive,1,3350, Completed,,T00649,10
B004949,C03659,10/09/2025,2025-10-15,fundive,2,5900,COMPLETED,,T00649,11
B004950,C03660,09/10/2025,2025-10-15,fun dive,2,6700,completed,,T00649,12
B004951,C03661,2025-10-03,2025-10-16,Fun dive,1,2900,COMPLETED,,T00650,1
B004952,C03662,2025-10-09,2025-10-16,Fun Dive,4,12750, cancelled ,Medical,T00650,2
B004953,C03663,2025-09-13,2025-10-16,Discovery,1,4950,Completed,,T00650,5
B004954,C03664,2025-09-29,2025-10-16,DSD,1,5100,COMPLETED,,T00650,6
B004955,C03665,2025-10-06,2025-10-16,DSD,1,5300,Completed,,T00650,7
B004956,C03666,2025-09-02,2025-10-16,fun dive,3,9800,No-show,,T00650,8
B004957,C03667,10/09/2025,2025-10-17,Fun dive,1,3350,cancelled,Weather,T00651,2
B004958,C03668,September 16 2025,2025-10-17,DSD,1,5450, cancelled ,Weather,T00651,3
B004959,C01267,2025-10-13,2025-10-17,Fun dive,1,3400,Completed,,T00651,5
B004960,C03669,2025-10-01,2025-10-17,Discovery Dive,1,4050,CANCELLED,,T00651,6
B004961,C03670,2025-09-16,2025-10-17,Discovery Dive,1,4200,Cancelled,Weather,T00651,7
B004962,C03671,September 23 2025,2025-10-17,fun dive,3,9050, cancelled ,Customer,T00651,8
B004963,C01439,2025-09-02,2025-10-17,fundive,1,3100,CANCELLED,Weather,T00651,9
B004964,C03672,08/10/2025,2025-10-17,FUN DIVE,3,9500,Completed,,T00651,10
B004965,C03065,2025-10-08,2025-10-18,fundive,1,2750,Cancelled,Weather,T00652,1
B004966,C03673,2025-10-17,2025-10-18,PADI Course,5,26500, cancelled ,Weather,T00652,2
B004967,C03674,2025-10-07,2025-10-18,DISCOVERY DIVE,1,3950,CANCELLED,Weather,T00652,3
B004968,C03675,2025-09-20,2025-10-18,Course,4,24000,cancelled,Weather,T00652,5
B004969,C03085,2025-10-16,2025-10-18,Fun Dive,1,3500,COMPLETED,,T00652,6
B004970,C03676,September 11 2025,2025-10-18,Fun dive,1,3200, Completed,,T00652,7
B004971,C03677,2025-09-23,2025-10-18,fundive,2,5600,CANCELLED,Weather,T00652,9
B004972,C03678,2025-09-06,2025-10-18,Fun dive,2,7500, Completed,,T00652,10
B004973,C03679,September 10 2025,2025-10-19,DISCOVERY DIVE,1,5400,COMPLETED,,T00653,1
B004974,C00747,2025-09-26,2025-10-19,course,5,24350,COMPLETED,,T00653,2
B004975,C03680,2025-09-17,2025-10-19,COURSE,5,22050, Completed,,T00653,3
B004976,C03681,October 6 2025,2025-10-19,discovery dive,1,4600,No-Show,,T00653,6
B004977,C03682,2025-10-14,2025-10-19,Discovery Dive,1,5250,completed,,T00653,7
B004978,C03683,2025-10-02,2025-10-19,DSD,1,4400,CANCELLED,Customer,T00653,8
B004979,C03684,15/09/2025,2025-10-20,DISCOVERY DIVE,1,5100,COMPLETED,,T00654,1
B004980,C03449,2025-09-11,2025-10-20,fun dive,4,15000, Completed,,T00654,2
B004981,C03685,September 11 2025,2025-10-20,Course,5,23950,Completed,,T00654,3
B004982,C03686,2025-09-28,2025-10-20,DSD,1,4850,completed,,T00654,4
B004983,C03687,2025-09-14,2025-10-20,FUN DIVE,2,6700,COMPLETED,,T00654,5
B004984,C03688,2025-09-06,2025-10-20,DSD,1,4600, Completed,,T00654,6
B004985,C03689,2025-09-27,2025-10-20,PADI Course,4,26250, Completed,,T00654,7
B004986,C03690,2025-10-05,2025-10-20,fundive,2,7250,completed,,T00654,8
B004987,C03691,12/10/2025,2025-10-20,Fun Dive,3,10500,COMPLETED,,T00654,9
B004988,C03692,2025-09-09,2025-10-20,fundive,2,6050,CANCELLED,Customer,T00654,10
B004989,C03693,17/10/2025,2025-10-21,Course,4,20900, Completed,,T00655,1
B004990,C03694,2025-09-27,2025-10-21,fundive,1,3700,COMPLETED,,T00655,3
B004991,C03695,October 1 2025,2025-10-21,discovery dive,1,5150, Completed,,T00655,4
B004992,C03696,2025-09-06,2025-10-21,PADI Course,5,20800,completed,,T00655,5
B004993,C03697,2025-10-17,2025-10-21,COURSE,5,22650,COMPLETED,,T00655,6
B004994,C03698,September 29 2025,2025-10-21,Discovery,1,5000, cancelled ,,T00655,7
B004995,C03699,2025-10-07,2025-10-21,Discovery,1,5500,completed,,T00655,8
B004996,C03030,October 6 2025,2025-10-21,fundive,2,7200, Completed,,T00655,10
B004997,C03259,2025-09-12,2025-10-22,fundive,3,10850,cancelled,Customer,T00656,1
B004998,C03700,September 11 2025,2025-10-22,Fun dive,2,7050,Completed,,T00656,2
B004999,C03701,2025-10-01,2025-10-22,discovery dive,1,4300, Completed,,T00656,4
B005000,C03485,2025-10-09,2025-10-22,Fun Dive,4,11850,completed,,T00656,5
B005001,C03702,October 9 2025,2025-10-22,fun dive,4,12400,completed,,T00656,6
B005002,C00387,2025-10-01,2025-10-22,Fun dive,3,10600,Completed,,T00656,7
B005003,C03465,2025-10-03,2025-10-22,PADI Course,4,23550,Completed,,T00656,9
B005004,C03703,24/09/2025,2025-10-22,Fun Dive,2,7400,Completed,,T00656,10
B005005,C03704,2025-10-01,2025-10-22,FUN DIVE,2,6200,COMPLETED,,T00656,11
B005006,C03705,October 11 2025,2025-10-23,Discovery Dive,2,8950, cancelled ,Customer,T00657,1
B005007,C03706,2025-09-29,2025-10-23,DSD,1,4850,No-Show,,T00657,2
B005008,C03707,2025-09-21,2025-10-23,Course,4,26350,completed,,T00657,3
B005009,C03708,September 20 2025,2025-10-23,Discovery,1,5300, Completed,,T00657,4
B005010,C03709,2025-09-09,2025-10-23,DSD,1,5150,cancelled,Customer,T00657,5
B005011,C03710,2025-09-27,2025-10-23,fundive,2,6800, Completed,,T00657,7
B005012,C03711,September 25 2025,2025-10-23,Discovery Dive,1,4900, Completed,,T00657,10
B005013,C03712,2025-09-13,2025-10-23,Discovery Dive,1,4850,NO-SHOW,,T00657,11
B005014,C03713,2025-10-22,2025-10-23,FUN DIVE,3,9300,no-show,,T00657,12
B005015,C03669,October 21 2025,2025-10-24,fun dive,4,12150,COMPLETED,,T00658,1
B005016,C03052,September 21 2025,2025-10-24,DSD,1,4500,COMPLETED,,T00658,2
B005017,C03714,2025-09-30,2025-10-24,DISCOVERY DIVE,1,5150,Completed,,T00658,3
B005018,C03715,2025-09-29,2025-10-24,Fun Dive,2,6600,completed,,T00658,4
B005019,C03382,September 30 2025,2025-10-24,course,5,20200, Completed,,T00658,5
B005020,C03716,October 12 2025,2025-10-24,Fun Dive,1,3400,Completed,,T00658,6
B005021,C03717,2025-10-14,2025-10-24,PADI Course,4,25250,completed,,T00658,8
B005022,C03718,October 10 2025,2025-10-24,Fun dive,1,3050,COMPLETED,,T00658,9
B005023,C03719,September 20 2025,2025-10-24,DSD,1,5100,Completed,,T00658,10
B005024,C03432,2025-10-02,2025-10-25,Fun Dive,3,8950,Cancelled,Customer,T00659,3
B005025,C03720,2025-10-23,2025-10-25,DISCOVERY DIVE,1,4000,completed,,T00659,4
B005026,C00517,September 21 2025,2025-10-25,DSD,2,9800,COMPLETED,,T00659,5
B005027,C03678,09/10/2025,2025-10-25,course,5,24550,completed,,T00659,6
B005028,C03721,06/10/2025,2025-10-25,fundive,1,3350,cancelled,,T00659,7
B005029,C03722,2025-10-13,2025-10-25,Discovery Dive,1,4550, Completed,,T00659,8
B005030,C03723,2025-09-13,2025-10-26,Discovery Dive,1,4150,COMPLETED,,T00660,1
B005031,C03541,September 21 2025,2025-10-26,Fun dive,4,11850,Completed,,T00660,3
B005032,C03360,2025-09-11,2025-10-26,COURSE,4,26750,NO-SHOW,,T00660,4
B005033,C03724,2025-10-13,2025-10-26,DSD,1,4900, Completed,,T00660,5
B005034,C00899,13/10/2025,2025-10-26,Course,5,25800,NO-SHOW,,T00660,6
B005035,C03725,October 11 2025,2025-10-26,fundive,1,3450,COMPLETED,,T00660,7
B005036,C03726,01/10/2025,2025-10-26,Fun dive,2,6800,cancelled,Customer,T00660,8
B005037,C03727,2025-10-20,2025-10-26,Discovery Dive,1,4600,No-show,,T00660,9
B005038,C03728,26/09/2025,2025-10-26,Fun dive,2,7450,COMPLETED,,T00660,10
B005039,C03729,24/10/2025,2025-10-26,fundive,1,3150,completed,,T00660,11
B005040,C03730,2025-10-01,2025-10-26,discovery dive,1,5150,Completed,,T00660,12
B005041,C03731,October 27 2025,2025-10-27,discovery dive,1,5450,Completed,,T00661,1
B005042,C03732,2025-09-25,2025-10-27,FUN DIVE,2,7200,COMPLETED,,T00661,2
B005043,C03733,September 16 2025,2025-10-27,discovery dive,1,5000,Completed,,T00661,4
B005044,C03604,2025-10-05,2025-10-27,fun dive,3,10500,COMPLETED,,T00661,5
B005045,C03734,18/10/2025,2025-10-27,fun dive,4,13650,completed,,T00661,6
B005046,C03735,27/09/2025,2025-10-27,discovery dive,2,9800, Completed,,T00661,7
B005047,C03004,2025-09-18,2025-10-27,PADI Course,4,25050,COMPLETED,,T00661,9
B005048,C03736,2025-10-02,2025-10-27,Discovery,1,4600,Completed,,T00661,10
B005049,C03737,2025-10-17,2025-10-28,fundive,4,14450, cancelled ,Customer,T00662,1
B005050,C03738,16/10/2025,2025-10-28,fun dive,3,11250,Completed,,T00662,2
B005051,C03452,2025-09-22,2025-10-28,FUN DIVE,4,14750,completed,,T00662,3
B005052,C03739,2025-10-20,2025-10-28,Fun Dive,3,10750,COMPLETED,,T00662,5
B005053,C03642,2025-09-13,2025-10-28,Fun Dive,1,3050,no-show,,T00662,6
B005054,C03740,2025-10-22,2025-10-28,DISCOVERY DIVE,1,5300, Completed,,T00662,7
B005055,C03117,06/10/2025,2025-10-28,fundive,4,13100,COMPLETED,,T00662,8
B005056,C03741,21/10/2025,2025-10-28,Discovery,2,8350,Completed,,T00662,9
B005057,C03742,18/10/2025,2025-10-29,discovery dive,1,4900,cancelled,Weather,T00663,1
B005058,C03743,2025-09-23,2025-10-29,Fun Dive,3,10850,Cancelled,Customer,T00663,2
B005059,C03744,2025-10-10,2025-10-29,fun dive,2,6000,Cancelled,Weather,T00663,3
B005060,C03745,2025-09-25,2025-10-29,DISCOVERY DIVE,2,9050, cancelled ,Weather,T00663,4
B005061,C03746,2025-10-24,2025-10-29,PADI Course,4,26900,Cancelled,Weather,T00663,5
B005062,C03747,2025-09-14,2025-10-29,Fun dive,1,3750, cancelled ,Weather,T00663,6
B005063,C03748,2025-10-09,2025-10-29,Discovery,1,4700, Completed,,T00663,7
B005064,C03749,13/10/2025,2025-10-29,DISCOVERY DIVE,1,4450,cancelled,Weather,T00663,8
B005065,C03343,06/10/2025,2025-10-29,FUN DIVE,1,3800, cancelled ,Weather,T00663,9
B005066,C03750,2025-10-03,2025-10-29,DISCOVERY DIVE,1,5050,CANCELLED,Weather,T00663,10
B005067,C03751,2025-10-16,2025-10-30,course,4,24750, Completed,,T00664,1
B005068,C03752,2025-10-02,2025-10-30,Fun Dive,4,12000, Completed,,T00664,2
B005069,C03753,19/10/2025,2025-10-30,fundive,4,12150, Completed,,T00664,3
B005070,C03754,03/10/2025,2025-10-30,Fun Dive,1,3050, cancelled ,Customer,T00664,4
B005071,C03755,14/10/2025,2025-10-30,Discovery,2,8650,Completed,,T00664,6
B005072,C03756,2025-10-21,2025-10-30,Course,4,24300,Cancelled,Customer,T00664,7
B005073,C03757,October 27 2025,2025-10-30,DSD,1,5400,completed,,T00664,8
B005074,C03198,11/10/2025,2025-10-31,fun dive,4,15150, Completed,,T00665,1
B005075,C03231,24/09/2025,2025-10-31,Fun dive,2,6350, Completed,,T00665,3
B005076,C03758,2025-10-24,2025-10-31,DISCOVERY DIVE,1,4900,completed,,T00665,4
B005077,C03759,2025-09-19,2025-10-31,Fun Dive,1,3650,COMPLETED,,T00665,5
B005078,C03760,2025-10-06,2025-10-31,DSD,1,5150,COMPLETED,,T00665,6
B005079,C03761,October 2 2025,2025-10-31,DISCOVERY DIVE,1,5000,Completed,,T00665,8
B005080,C03762,25/10/2025,2025-11-01,COURSE,5,24700, Completed,,T00666,2
B005081,C03763,21/09/2025,2025-11-01,Discovery,1,4000,completed,,T00666,3
B005082,C03764,2025-10-25,2025-11-01,Course,5,24600,Completed,,T00666,5
B005083,C01774,2025-09-29,2025-11-01,FUN DIVE,2,7000, Completed,,T00666,6
B005084,C03765,07/10/2025,2025-11-01,Fun dive,2,5650,COMPLETED,,T00666,7
B005085,C03766,18/10/2025,2025-11-01,FUN DIVE,1,3650, Completed,,T00666,8
B005086,C03767,2025-09-19,2025-11-01,discovery dive,1,4100, Completed,,T00666,9
B005087,C03768,17/09/2025,2025-11-01,fundive,2,6400,Completed,,T00666,10
B005088,C03769,17/10/2025,2025-11-02,discovery dive,1,4050,completed,,T00667,1
B005089,C03770,2025-10-05,2025-11-02,fun dive,1,2950,COMPLETED,,T00667,2
B005090,C03771,October 10 2025,2025-11-02,DSD,1,4650,CANCELLED,Weather,T00667,3
B005091,C03772,2025-09-28,2025-11-02,Fun dive,4,13100, Completed,,T00667,4
B005092,C03773,2025-10-15,2025-11-02,Fun dive,3,9350,Completed,,T00667,5
B005093,C03774,27/10/2025,2025-11-02,Fun dive,4,12250, Completed,,T00667,6
B005094,C03528,September 21 2025,2025-11-02,discovery dive,1,4800,completed,,T00667,8
B005095,C03464,2025-09-23,2025-11-03,PADI Course,4,26950,Cancelled,Weather,T00668,1
B005096,C03775,2025-10-20,2025-11-03,COURSE,4,26800,CANCELLED,Weather,T00668,3
B005097,C03776,October 21 2025,2025-11-03,fundive,4,14050,Cancelled,Weather,T00668,4
B005098,C03777,2025-10-05,2025-11-03,COURSE,5,27100,Cancelled,Weather,T00668,5
B005099,C03778,2025-10-11,2025-11-03,course,4,22300, cancelled ,,T00668,6
B005100,C03779,October 2 2025,2025-11-03,course,4,21200, cancelled ,Weather,T00668,7
B005101,C03780,2025-10-14,2025-11-04,course,5,21050, cancelled ,Weather,T00669,1
B005102,C03781,2025-10-25,2025-11-04,Fun Dive,1,3000,cancelled,Weather,T00669,3
B005103,C03782,2025-10-29,2025-11-04,Discovery,1,5400, cancelled ,Weather,T00669,4
B005104,C03783,2025-10-26,2025-11-04,FUN DIVE,1,3150, cancelled ,,T00669,5
B005105,C03784,2025-10-24,2025-11-04,COURSE,4,26000,Cancelled,Weather,T00669,6
B005106,C03785,2025-10-19,2025-11-04,DSD,1,4150, cancelled ,Weather,T00669,7
B005107,C03786,2025-09-21,2025-11-04,fun dive,1,3450,cancelled,Weather,T00669,8
B005108,C01755,2025-10-24,2025-11-04,COURSE,4,25400,CANCELLED,,T00669,10
B005109,C00576,October 17 2025,2025-11-04,fun dive,4,13900,Cancelled,Weather,T00669,11
B005110,C03787,2025-09-21,2025-11-05,DISCOVERY DIVE,1,4900,completed,,T00670,1
B005111,C03788,October 21 2025,2025-11-05,course,4,22350,COMPLETED,,T00670,2
B005112,C00129,31/10/2025,2025-11-05,FUN DIVE,4,13600, Completed,,T00670,3
B005113,C03789,2025-09-27,2025-11-05,Fun Dive,4,13300,COMPLETED,,T00670,6
B005114,C02920,2025-10-26,2025-11-05,fun dive,3,11150, Completed,,T00670,7
B005115,C01868,September 28 2025,2025-11-05,fun dive,1,3850,COMPLETED,,T00670,8
B005116,C03049,21/10/2025,2025-11-05,Fun dive,1,3050,Cancelled,Medical,T00670,9
B005117,C03790,2025-10-29,2025-11-06,Fun dive,3,11500,completed,,T00671,1
B005118,C03791,2025-10-16,2025-11-06,FUN DIVE,1,3000,Cancelled,Customer,T00671,2
B005119,C03792,2025-09-28,2025-11-06,FUN DIVE,2,6250,completed,,T00671,3
B005120,C03793,30/09/2025,2025-11-06,fundive,3,11400, Completed,,T00671,4
B005121,C03794,28/10/2025,2025-11-06,Discovery,1,4800,No-show,,T00671,5
B005122,C03795,2025-10-12,2025-11-06,Discovery Dive,1,5250,COMPLETED,,T00671,8
B005123,C03796,2025-11-04,2025-11-06,discovery dive,1,4700,COMPLETED,,T00671,9
B005124,C03797,2025-10-15,2025-11-06,Fun dive,2,6550,NO-SHOW,,T00671,10
B005125,C03798,2025-10-27,2025-11-06,discovery dive,1,4700,No-show,,T00671,11
B005126,C03799,2025-10-27,2025-11-07,FUN DIVE,3,9000, cancelled ,,T00672,1
B005127,C03800,31/10/2025,2025-11-07,course,4,20550,completed,,T00672,2
B005128,C03801,2025-10-21,2025-11-07,Discovery Dive,1,5250,completed,,T00672,3
B005129,C03802,31/10/2025,2025-11-07,discovery dive,1,5300,Completed,,T00672,4
B005130,C03803,2025-09-23,2025-11-07,Discovery Dive,1,4750,NO-SHOW,,T00672,5
B005131,C03421,October 22 2025,2025-11-07,fundive,1,3600,completed,,T00672,7
B005132,C03804,2025-10-21,2025-11-07,Discovery Dive,1,4400,No-show,,T00672,8
B005133,C03805,2025-11-07,2025-11-08,Discovery,1,4000,completed,,T00673,1
B005134,C03806,26/09/2025,2025-11-08,Discovery,1,4200,Completed,,T00673,2
B005135,C03807,September 24 2025,2025-11-08,FUN DIVE,2,7050,CANCELLED,Customer,T00673,3
B005136,C03808,15/10/2025,2025-11-08,Course,4,22150, Completed,,T00673,4
B005137,C03809,29/09/2025,2025-11-08,DSD,2,10700, Completed,,T00673,5
B005138,C03810,2025-10-25,2025-11-08,discovery dive,1,4950,COMPLETED,,T00673,6
B005139,C03811,2025-11-03,2025-11-08,FUN DIVE,4,14450,NO-SHOW,,T00673,7
B005140,C03812,2025-10-28,2025-11-09,Fun dive,4,10950,Completed,,T00674,1
B005141,C03813,2025-11-06,2025-11-09,fundive,1,3600,CANCELLED,,T00674,2
B005142,C03091,07/11/2025,2025-11-09,FUN DIVE,2,6550,completed,,T00674,4
B005143,C03814,05/11/2025,2025-11-09,fun dive,4,14100, Completed,,T00674,5
B005144,C03815,2025-10-24,2025-11-09,Fun Dive,1,3300, Completed,,T00674,6
B005145,C00537,2025-10-08,2025-11-09,fundive,2,6150,Completed,,T00674,7
B005146,C03816,2025-10-06,2025-11-09,Fun Dive,2,6750,completed,,T00674,8
B005147,C03817,2025-11-09,2025-11-09,fundive,4,15100,no-show,,T00675,1
B005148,C03631,November 8 2025,2025-11-09,Fun dive,1,3400,Completed,,T00675,2
B005149,C03818,2025-10-06,2025-11-09,Discovery Dive,1,4700,COMPLETED,,T00675,3
B005150,C03819,2025-10-24,2025-11-09,DISCOVERY DIVE,1,5300, Completed,,T00675,4
B005151,C03820,05/11/2025,2025-11-09,discovery dive,1,5400, Completed,,T00675,6
B005152,C03821,2025-10-17,2025-11-09,PADI Course,4,23150,COMPLETED,,T00675,7
B005153,C03822,11/10/2025,2025-11-09,DSD,1,5150, Completed,,T00675,8
B005154,C03823,10/10/2025,2025-11-10,Fun dive,4,14700,completed,,T00676,1
B005155,C03824,2025-11-03,2025-11-10,Fun Dive,1,2950,CANCELLED,Customer,T00676,2
B005156,C02463,October 23 2025,2025-11-10,Fun Dive,1,3400, Completed,,T00676,3
B005157,C03825,01/11/2025,2025-11-10,Discovery,1,4050,Completed,,T00676,4
B005158,C03826,12/10/2025,2025-11-10,FUN DIVE,1,3650,No-show,,T00676,6
B005159,C03827,September 28 2025,2025-11-10,Fun dive,3,8400,COMPLETED,,T00676,8
B005160,C03379,October 1 2025,2025-11-11,fun dive,3,10250, cancelled ,Weather,T00677,1
B005161,C03828,2025-10-01,2025-11-11,fun dive,1,3450,cancelled,,T00677,2
B005162,C03829,November 7 2025,2025-11-11,FUN DIVE,3,9550, Completed,,T00677,3
B005163,C03830,2025-10-24,2025-11-11,fundive,1,2850, Completed,,T00677,4
B005164,C03831,October 25 2025,2025-11-11,Discovery,1,4550,Cancelled,Weather,T00677,5
B005165,C03832,2025-11-06,2025-11-11,fundive,2,6950,cancelled,Medical,T00677,6
B005166,C00538,02/10/2025,2025-11-11,Fun Dive,2,5500,CANCELLED,Medical,T00677,9
B005167,C03477,10/10/2025,2025-11-12,Fun dive,1,3550, cancelled ,Weather,T00678,1
B005168,C03833,29/10/2025,2025-11-12,Fun dive,4,14600,Completed,,T00678,2
B005169,C03834,2025-10-07,2025-11-12,Fun dive,3,10150,Completed,,T00678,3
B005170,C03835,October 6 2025,2025-11-12,Fun Dive,3,10750,CANCELLED,Customer,T00678,4
B005171,C03836,2025-09-29,2025-11-12,fun dive,4,11600,Cancelled,Weather,T00678,5
B005172,C03142,09/10/2025,2025-11-12,Fun dive,1,3100, cancelled ,,T00678,6
B005173,C03837,04/11/2025,2025-11-12,fun dive,1,3650, Completed,,T00678,8
B005174,C03838,24/10/2025,2025-11-13,Discovery,1,4600, cancelled ,Customer,T00679,1
B005175,C03839,05/11/2025,2025-11-13,Course,4,25150,COMPLETED,,T00679,2
B005176,C03840,09/11/2025,2025-11-13,FUN DIVE,2,6750, cancelled ,Customer,T00679,3
B005177,C03841,11/10/2025,2025-11-13,Fun Dive,1,3300, Completed,,T00679,4
B005178,C03842,November 5 2025,2025-11-13,Fun dive,4,11650,Completed,,T00679,5
B005179,C03843,October 26 2025,2025-11-13,FUN DIVE,1,3550, cancelled ,Weather,T00679,6
B005180,C03844,2025-10-17,2025-11-13,DSD,1,4400,Completed,,T00679,7
B005181,C03845,2025-10-20,2025-11-13,fun dive,2,6800,Cancelled,Customer,T00679,9
B005182,C03846,2025-11-12,2025-11-14,Discovery Dive,1,5200,CANCELLED,Medical,T00680,1
B005183,C03847,2025-11-04,2025-11-14,fun dive,2,6450,Completed,,T00680,2
B005184,C03848,2025-10-05,2025-11-14,FUN DIVE,2,7250,completed,,T00680,3
B005185,C03849,2025-10-30,2025-11-14,Fun Dive,1,3400, Completed,,T00680,4
B005186,C03850,October 24 2025,2025-11-14,fun dive,1,3550,CANCELLED,Medical,T00680,6
B005187,C03851,2025-11-11,2025-11-14,DISCOVERY DIVE,2,9150,COMPLETED,,T00680,7
B005188,C03852,23/10/2025,2025-11-14,fundive,4,14100,Completed,,T00680,9
B005189,C03853,2025-10-01,2025-11-15,FUN DIVE,2,6300,Completed,,T00681,1
B005190,C03854,2025-10-11,2025-11-15,Fun dive,3,9150,completed,,T00681,2
B005191,C03855,2025-10-12,2025-11-15,discovery dive,1,4600,completed,,T00681,3
B005192,C03856,2025-10-31,2025-11-15,Fun dive,2,6200,completed,,T00681,5
B005193,C03857,November 9 2025,2025-11-15,DSD,1,5400,Completed,,T00681,6
B005194,C03531,October 29 2025,2025-11-15,Fun dive,4,15000,cancelled,Weather,T00681,7
B005195,C03858,2025-10-23,2025-11-16,Fun dive,2,7450,CANCELLED,Weather,T00682,1
B005196,C03637,12/11/2025,2025-11-16,FUN DIVE,2,7300, Completed,,T00682,2
B005197,C03859,2025-11-07,2025-11-16,fundive,2,6900,cancelled,Customer,T00682,3
B005198,C03860,06/11/2025,2025-11-16,fun dive,2,6900,cancelled,Weather,T00682,4
B005199,C03835,2025-10-28,2025-11-16,fun dive,4,13850, cancelled ,Weather,T00682,5
B005200,C03861,2025-11-05,2025-11-16,DISCOVERY DIVE,1,5450,cancelled,,T00682,6
B005201,C03862,2025-10-27,2025-11-16,Course,5,23150, cancelled ,,T00682,7
B005202,C03863,2025-11-07,2025-11-16,DSD,1,4550,cancelled,,T00682,8
B005203,C03864,2025-10-03,2025-11-16,Fun dive,1,3100,cancelled,,T00682,9
B005204,C03865,2025-11-10,2025-11-16,DSD,1,5000,Cancelled,,T00682,12
B005205,C03866,10/11/2025,2025-11-17,Discovery Dive,1,4700,CANCELLED,Weather,T00683,1
B005206,C03867,2025-10-24,2025-11-17,course,4,26700,completed,,T00683,3
B005207,C03868,2025-11-04,2025-11-17,Fun Dive,1,3750,Completed,,T00683,4
B005208,C03869,October 18 2025,2025-11-17,Discovery,1,4150, cancelled ,Weather,T00683,5
B005209,C03870,2025-10-12,2025-11-17,course,4,22550,CANCELLED,Weather,T00683,6
B005210,C03741,October 5 2025,2025-11-17,discovery dive,1,4300,COMPLETED,,T00683,7
B005211,C03871,2025-10-30,2025-11-17,Discovery Dive,1,4350,cancelled,Weather,T00683,8
B005212,C03872,16/11/2025,2025-11-17,Discovery,2,8950,CANCELLED,Weather,T00683,9
B005213,C03307,2025-11-13,2025-11-17,Fun Dive,4,11450, Completed,,T00683,10
B005214,C03319,2025-10-13,2025-11-17,Fun Dive,3,11000,cancelled,Weather,T00683,12
B005215,C03398,2025-11-11,2025-11-18,course,4,27150,completed,,T00684,1
B005216,C03873,2025-11-17,2025-11-18,Fun dive,2,7150, cancelled ,Medical,T00684,2
B005217,C03874,2025-10-30,2025-11-18,DISCOVERY DIVE,1,4300,Completed,,T00684,3
B005218,C03761,2025-10-10,2025-11-18,fundive,4,13350,cancelled,,T00684,4
B005219,C03875,2025-10-11,2025-11-18,Fun Dive,3,8600, Completed,,T00684,5
B005220,C03454,2025-10-19,2025-11-18,fun dive,2,6750,completed,,T00684,6
B005221,C03876,2025-10-19,2025-11-18,fun dive,3,10750,Completed,,T00684,7
B005222,C03877,2025-10-15,2025-11-18,DSD,1,5550,Completed,,T00684,8
B005223,C03276,2025-11-16,2025-11-18,COURSE,4,26100,cancelled,Medical,T00684,9
B005224,C03878,November 19 2025,2025-11-19,Discovery,1,4100, Completed,,T00685,2
B005225,C03345,22/10/2025,2025-11-19,Course,4,20800,completed,,T00685,3
B005226,C03461,2025-10-18,2025-11-19,FUN DIVE,1,3550,Completed,,T00685,4
B005227,C03879,November 2 2025,2025-11-19,Fun dive,4,12700, Completed,,T00685,5
B005228,C03156,2025-11-14,2025-11-19,discovery dive,1,4150,completed,,T00685,6
B005229,C03880,2025-11-17,2025-11-19,discovery dive,1,4750,Completed,,T00685,7
B005230,C03881,10/11/2025,2025-11-19,Discovery,1,4350, Completed,,T00685,8
B005231,C03882,20/10/2025,2025-11-19,Discovery,1,4650,NO-SHOW,,T00685,10
B005232,C03883,30/10/2025,2025-11-19,fundive,4,11100,CANCELLED,Medical,T00685,11
B005233,C03884,2025-10-22,2025-11-20,DISCOVERY DIVE,2,8450,completed,,T00686,2
B005234,C03752,2025-11-13,2025-11-20,Fun Dive,2,6200,Completed,,T00686,3
B005235,C03885,2025-10-27,2025-11-20,Fun dive,2,5600, Completed,,T00686,4
B005236,C03765,2025-11-06,2025-11-20,fun dive,2,5550,completed,,T00686,5
B005237,C03886,2025-11-01,2025-11-20,Fun dive,2,6050,CANCELLED,,T00686,6
B005238,C03887,2025-10-16,2025-11-20,Discovery,1,5600,completed,,T00686,7
B005239,C03888,19/10/2025,2025-11-20,Discovery,1,4350, Completed,,T00686,9
B005240,C03889,2025-11-04,2025-11-20,fun dive,4,14950,cancelled,Customer,T00686,10
B005241,C03890,2025-10-12,2025-11-20,discovery dive,1,5400,Completed,,T00686,11
B005242,C03891,27/10/2025,2025-11-21,DSD,1,4400,Completed,,T00687,1
B005243,C03892,2025-11-07,2025-11-21,Discovery Dive,1,5200,completed,,T00687,2
B005244,C03893,2025-10-26,2025-11-21,Fun Dive,2,7550,Completed,,T00687,3
B005245,C03894,2025-10-26,2025-11-21,fundive,2,6950, Completed,,T00687,5
B005246,C03895,04/11/2025,2025-11-21,Course,5,26400,COMPLETED,,T00687,6
B005247,C03896,2025-10-23,2025-11-21,FUN DIVE,2,7150,Completed,,T00687,7
B005248,C03897,17/10/2025,2025-11-22,Course,5,25100, Completed,,T00688,4
B005249,C03898,2025-10-21,2025-11-22,Discovery,1,5000, cancelled ,Customer,T00688,5
B005250,C03899,2025-10-25,2025-11-22,discovery dive,1,5400,completed,,T00688,6
B005251,C03900,2025-11-01,2025-11-22,fundive,4,11050,COMPLETED,,T00688,7
B005252,C03901,2025-10-16,2025-11-22,Discovery,1,4050,COMPLETED,,T00688,8
B005253,C03902,2025-10-16,2025-11-22,FUN DIVE,1,3400, Completed,,T00688,9
B005254,C03903,October 12 2025,2025-11-22,COURSE,4,25300,Completed,,T00688,11
B005255,C03904,2025-11-19,2025-11-22,Discovery,1,4350,Completed,,T00688,12
B005256,C03905,November 7 2025,2025-11-23,DSD,1,5050,completed,,T00689,1
B005257,C03906,11/11/2025,2025-11-23,DISCOVERY DIVE,1,5050, Completed,,T00689,2
B005258,C03907,2025-11-16,2025-11-23,FUN DIVE,3,10150,completed,,T00689,4
B005259,C03908,2025-10-25,2025-11-23,fundive,2,6850,Completed,,T00689,5
B005260,C03909,2025-10-18,2025-11-23,DISCOVERY DIVE,1,4600, Completed,,T00689,6
B005261,C01105,2025-10-24,2025-11-23,FUN DIVE,2,7300,NO-SHOW,,T00689,7
B005262,C03910,14/10/2025,2025-11-23,FUN DIVE,3,9350, cancelled ,Customer,T00689,8
B005263,C03687,2025-10-31,2025-11-23,fundive,3,10750,CANCELLED,Medical,T00690,1
B005264,C03911,October 31 2025,2025-11-23,Fun Dive,4,14150,COMPLETED,,T00690,2
B005265,C01912,2025-11-09,2025-11-23,Fun dive,3,11150,COMPLETED,,T00690,3
B005266,C03912,2025-10-13,2025-11-23,FUN DIVE,4,13450,NO-SHOW,,T00690,4
B005267,C03913,2025-10-10,2025-11-23,Fun Dive,2,6850, Completed,,T00690,5
B005268,C03914,2025-11-02,2025-11-23,DISCOVERY DIVE,1,4450,completed,,T00690,6
B005269,C03915,09/10/2025,2025-11-23,Fun Dive,2,6750,CANCELLED,Customer,T00690,7
B005270,C03916,2025-10-12,2025-11-23,Fun Dive,3,9000, Completed,,T00690,9
B005271,C03917,2025-10-29,2025-11-23,fun dive,3,8600,completed,,T00690,10
B005272,C03918,2025-11-08,2025-11-24,course,4,26950,COMPLETED,,T00691,1
B005273,C03919,2025-10-31,2025-11-24,DISCOVERY DIVE,2,9950,Cancelled,Customer,T00691,3
B005274,C03920,20/10/2025,2025-11-24,DISCOVERY DIVE,1,4400,Completed,,T00691,4
B005275,C03921,2025-10-31,2025-11-24,Fun Dive,1,3350,Completed,,T00691,5
B005276,C03922,2025-11-04,2025-11-24,COURSE,5,25400, Completed,,T00691,6
B005277,C03923,15/11/2025,2025-11-24,discovery dive,1,4450, Completed,,T00691,7
B005278,C03924,2025-10-16,2025-11-24,Discovery Dive,1,4450,Completed,,T00691,8
B005279,C03925,November 17 2025,2025-11-25,DSD,1,4600,NO-SHOW,,T00692,2
B005280,C03926,November 22 2025,2025-11-25,DSD,1,5150, cancelled ,Weather,T00692,3
B005281,C03927,2025-11-02,2025-11-25,fun dive,2,5850,completed,,T00692,4
B005282,C03399,2025-10-14,2025-11-25,FUN DIVE,1,3250,no-show,,T00692,5
B005283,C03928,12/10/2025,2025-11-25,Discovery,1,5400,NO-SHOW,,T00692,6
B005284,C03929,2025-11-15,2025-11-25,Fun Dive,3,10800, Completed,,T00692,7
B005285,C03930,2025-11-14,2025-11-25,fundive,4,15100,Completed,,T00692,8
B005286,C03454,2025-10-12,2025-11-25,Fun dive,1,3050,COMPLETED,,T00692,9
B005287,C02342,November 21 2025,2025-11-25,FUN DIVE,2,5750, Completed,,T00692,10
B005288,C03931,14/11/2025,2025-11-25,DSD,1,5500,COMPLETED,,T00692,11
B005289,C03932,21/11/2025,2025-11-26,discovery dive,1,4600,Completed,,T00693,1
B005290,C03933,2025-10-26,2025-11-26,COURSE,5,-20650,cancelled,,T00693,2
B005291,C03934,2025-11-18,2025-11-26,Discovery Dive,1,4900,completed,,T00693,3
B005292,C03935,2025-11-18,2025-11-26,DSD,1,4400,completed,,T00693,4
B005293,C03936,16/11/2025,2025-11-26,DISCOVERY DIVE,2,9250, Completed,,T00693,7
B005294,C03937,17/11/2025,2025-11-26,Discovery,1,5350,Completed,,T00693,9
B005295,C03938,2025-11-16,2025-11-26,DSD,1,5000, Completed,,T00693,10
B005296,C03939,2025-10-31,2025-11-27,DISCOVERY DIVE,2,10850, Completed,,T00694,1
B005297,C03940,20/10/2025,2025-11-27,Fun Dive,2,5750,Completed,,T00694,2
B005298,C03941,2025-11-08,2025-11-27,COURSE,5,24650,completed,,T00694,4
B005299,C03942,2025-11-03,2025-11-27,Fun dive,2,7400,Completed,,T00694,5
B005300,C03943,2025-11-27,2025-11-27,FUN DIVE,1,3700,Completed,,T00694,6
B005301,C03944,October 28 2025,2025-11-27,fundive,4,11200,completed,,T00694,7
B005302,C03945,2025-11-15,2025-11-27,course,5,20850,CANCELLED,,T00694,8
B005303,C03946,05/11/2025,2025-11-27,discovery dive,2,9000,NO-SHOW,,T00694,9
B005304,C03947,2025-10-27,2025-11-27,Discovery Dive,2,11000, Completed,,T00694,10
B005305,C03948,28/10/2025,2025-11-27,COURSE,4,25950,Completed,,T00694,11
B005306,C03949,2025-10-15,2025-11-28,Fun Dive,1,3000,COMPLETED,,T00695,1
B005307,C03950,2025-11-12,2025-11-28,Discovery Dive,1,5200,completed,,T00695,2
B005308,C03951,11/11/2025,2025-11-28,COURSE,5,22750,NO-SHOW,,T00695,4
B005309,C03952,October 16 2025,2025-11-28,Fun Dive,1,3200,Completed,,T00695,5
B005310,C03953,2025-10-19,2025-11-28,DISCOVERY DIVE,1,5250, cancelled ,,T00695,6
B005311,C03954,November 24 2025,2025-11-28,Fun dive,1,3800, Completed,,T00695,8
B005312,C03955,21/10/2025,2025-11-28,Fun Dive,2,7600, Completed,,T00695,9
B005313,C03956,2025-10-15,2025-11-28,fundive,1,3500, cancelled ,Customer,T00695,10
B005314,C01243,2025-11-24,2025-11-29,discovery dive,1,4850,Completed,,T00696,1
B005315,C01419,2025-11-27,2025-11-29,DISCOVERY DIVE,1,5000,COMPLETED,,T00696,2
B005316,C03957,08/11/2025,2025-11-29,COURSE,4,26750,Cancelled,Customer,T00696,3
B005317,C03958,24/11/2025,2025-11-29,Discovery,1,5400, Completed,,T00696,4
B005318,C03959,October 20 2025,2025-11-29,fundive,1,3300,COMPLETED,,T00696,5
B005319,C03960,2025-11-20,2025-11-29,DSD,1,5550,COMPLETED,,T00696,6
B005320,C03961,29/10/2025,2025-11-29,FUN DIVE,1,3150,COMPLETED,,T00696,7
B005321,C03962,2025-10-15,2025-11-29,Fun dive,1,2800,Cancelled,Medical,T00696,8
B005322,C03963,2025-11-19,2025-11-29,Fun dive,2,5550,completed,,T00696,9
B005323,C03519,2025-10-22,2025-11-29,fundive,2,7450,COMPLETED,,T00696,11
B005324,C03964,2025-11-23,2025-11-29,FUN DIVE,1,3300,COMPLETED,,T00697,1
B005325,C03965,2025-10-17,2025-11-29,DISCOVERY DIVE,2,10550,No-show,,T00697,2
B005326,C03966,2025-11-16,2025-11-29,Fun dive,3,10650,COMPLETED,,T00697,4
B005327,C03967,2025-11-11,2025-11-29,Fun dive,2,6750,CANCELLED,Weather,T00697,5
B005328,C03968,November 4 2025,2025-11-29,FUN DIVE,1,3100,Completed,,T00697,6
B005329,C03960,18/10/2025,2025-11-29,Fun Dive,2,6750, Completed,,T00697,8
B005330,C03969,09/11/2025,2025-11-29,Fun Dive,2,6200,CANCELLED,Weather,T00697,9
B005331,C03478,30/11/2025,2025-11-30,fundive,1,3200,Cancelled,Customer,T00698,1
B005332,C03970,2025-10-25,2025-11-30,Discovery Dive,1,3950, cancelled ,,T00698,2
B005333,C03971,08/11/2025,2025-11-30,fundive,2,7400,cancelled,Medical,T00698,3
B005334,C03972,2025-11-03,2025-11-30,Discovery Dive,1,4450, Completed,,T00698,5
B005335,C03973,November 19 2025,2025-11-30,PADI Course,5,26000,Completed,,T00698,6
B005336,C03974,31/10/2025,2025-11-30,DSD,1,5450, Completed,,T00698,7
B005337,C02622,26/11/2025,2025-11-30,Fun Dive,1,3400,Completed,,T00698,8
B005338,C03975,2025-11-26,2025-12-01,DSD,1,4550,CANCELLED,Weather,T00699,1
B005339,C03976,2025-10-26,2025-12-01,fundive,1,3450, Completed,,T00699,2
B005340,C03977,2025-11-30,2025-12-01,fundive,1,3450, Completed,,T00699,3
B005341,C03978,2025-10-30,2025-12-01,DSD,1,5050,Completed,,T00699,5
B005342,C03979,2025-11-10,2025-12-01,Fun Dive,4,14450, Completed,,T00699,7
B005343,C02243,November 14 2025,2025-12-01,FUN DIVE,4,13800, Completed,,T00699,8
B005344,C03980,2025-11-29,2025-12-01,fundive,2,5950, Completed,,T00699,9
B005345,C03981,30/11/2025,2025-12-01,DISCOVERY DIVE,1,4900,COMPLETED,,T00699,10
B005346,C03982,2025-10-29,2025-12-01,Fun Dive,1,3300,completed,,T00699,11
B005347,C03983,2025-11-28,2025-12-01,DSD,1,5200,completed,,T00699,12
B005348,C03984,16/11/2025,2025-12-01,Discovery,1,4200,COMPLETED,,T00700,2
B005349,C03985,2025-11-27,2025-12-01,Fun Dive,3,8350,completed,,T00700,3
B005350,C03986,2025-10-18,2025-12-01,fundive,1,2800, Completed,,T00700,4
B005351,C03987,2025-11-29,2025-12-01,DSD,1,4050,COMPLETED,,T00700,5
B005352,C03988,October 23 2025,2025-12-01,COURSE,5,22250,Cancelled,Medical,T00700,6
B005353,C03989,2025-11-16,2025-12-01,COURSE,4,25650,Completed,,T00700,7
B005354,C03990,2025-11-22,2025-12-01,fun dive,1,3150,completed,,T00700,8
B005355,C03991,24/11/2025,2025-12-01,fundive,1,2850,no-show,,T00700,10
B005356,C03992,2025-10-28,2025-12-01,fun dive,2,7350,Completed,,T00700,11
B005357,C03993,2025-11-27,2025-12-01,fundive,1,3550,COMPLETED,,T00700,12
B005358,C03994,2025-10-24,2025-12-02,Discovery Dive,1,4400,completed,,T00701,2
B005359,C03995,12/11/2025,2025-12-02,FUN DIVE,2,7400, Completed,,T00701,3
B005360,C03996,07/11/2025,2025-12-02,fundive,3,10250, Completed,,T00701,4
B005361,C03997,2025-11-07,2025-12-02,DISCOVERY DIVE,1,4100,Completed,,T00701,5
B005362,C03998,2025-11-03,2025-12-02,fundive,1,3550, cancelled ,Customer,T00701,7
B005363,C03999,October 29 2025,2025-12-02,FUN DIVE,2,6350,Completed,,T00701,9
B005364,C04000,December 2 2025,2025-12-02,fundive,3,8600,COMPLETED,,T00701,10
B005365,C04001,2025-11-21,2025-12-02,Discovery,1,4100, Completed,,T00701,11
B005366,C04002,2025-10-30,2025-12-02,FUN DIVE,1,3750,COMPLETED,,T00702,2
B005367,C04003,2025-11-20,2025-12-02,DISCOVERY DIVE,1,4150,Cancelled,,T00702,3
B005368,C04004,2025-11-21,2025-12-02,fun dive,2,6750, cancelled ,Medical,T00702,4
B005369,C04005,03/11/2025,2025-12-02,DSD,1,4200,Completed,,T00702,7
B005370,C04006,2025-11-02,2025-12-02,Fun dive,1,3700,Completed,,T00702,8
B005371,C04007,2025-12-02,2025-12-02,fundive,3,11250,Completed,,T00702,9
B005372,C04008,2025-11-13,2025-12-02,PADI Course,5,20150,Cancelled,Customer,T00702,10
B005373,C04009,2025-10-20,2025-12-02,course,4,25500,Completed,,T00702,11
B005374,C04010,2025-11-07,2025-12-02,COURSE,5,20400, Completed,,T00702,12
B005375,C00680,2025-12-02,2025-12-03,COURSE,5,23800,COMPLETED,,T00703,1
B005376,C04011,2025-10-30,2025-12-03,course,4,25800,Completed,,T00703,3
B005377,C04012,2025-11-07,2025-12-03,fundive,1,3750,COMPLETED,,T00703,4
B005378,C03387,2025-10-28,2025-12-03,Discovery Dive,2,8250,Completed,,T00703,6
B005379,C04013,2025-10-30,2025-12-03,FUN DIVE,4,11850,No-Show,,T00703,7
B005380,C04014,December 1 2025,2025-12-03,discovery dive,1,5500,COMPLETED,,T00703,8
B005381,C04015,2025-11-11,2025-12-03,Fun dive,2,5500, Completed,,T00703,9
B005382,C02139,2025-11-10,2025-12-03,Fun dive,1,3350, Completed,,T00703,10
B005383,C04016,October 21 2025,2025-12-03,FUN DIVE,1,2800,Completed,,T00703,11
B005384,C04017,2025-11-06,2025-12-04,DSD,2,9750,completed,,T00704,2
B005385,C04018,November 15 2025,2025-12-04,discovery dive,1,5100,COMPLETED,,T00704,3
B005386,C04019,07/11/2025,2025-12-04,FUN DIVE,2,7100, cancelled ,Weather,T00704,4
B005387,C04020,2025-11-09,2025-12-04,Fun Dive,4,15000,Completed,,T00704,5
B005388,C04021,2025-11-09,2025-12-04,Course,5,25500,Cancelled,,T00704,6
B005389,C03971,09/11/2025,2025-12-04,fun dive,4,15150,completed,,T00704,7
B005390,C04022,2025-11-16,2025-12-04,FUN DIVE,3,8850,COMPLETED,,T00704,8
B005391,C04023,2025-11-06,2025-12-04,DISCOVERY DIVE,1,4950, Completed,,T00704,9
B005392,C04024,2025-11-27,2025-12-04,fundive,4,13400, Completed,,T00704,10
B005393,C04025,2025-11-29,2025-12-04,discovery dive,1,4750,No-show,,T00704,11
B005394,C04026,2025-11-13,2025-12-05,COURSE,4,24700,COMPLETED,,T00705,1
B005395,C04027,2025-11-27,2025-12-05,PADI Course,4,24400,completed,,T00705,2
B005396,C04028,2025-11-04,2025-12-05,fun dive,1,3300,Completed,,T00705,3
B005397,C04029,2025-11-19,2025-12-05,COURSE,4,22400,CANCELLED,Customer,T00705,4
B005398,C04030,2025-12-04,2025-12-05,fun dive,2,6350,COMPLETED,,T00705,5
B005399,C04031,October 27 2025,2025-12-05,FUN DIVE,1,3450,completed,,T00705,7
B005400,C04032,29/10/2025,2025-12-05,DISCOVERY DIVE,1,5200,completed,,T00706,1
B005401,C04033,2025-11-09,2025-12-05,fun dive,3,10250, Completed,,T00706,2
B005402,C01931,2025-10-25,2025-12-05,fun dive,2,7250, cancelled ,Customer,T00706,3
B005403,C04034,16/11/2025,2025-12-05,DISCOVERY DIVE,1,5100,COMPLETED,,T00706,5
B005404,C04035,2025-12-02,2025-12-05,Discovery Dive,2,10450,completed,,T00706,6
B005405,C03295,2025-11-24,2025-12-05,Fun Dive,1,3600,completed,,T00706,7
B005406,C04036,2025-10-31,2025-12-05,Fun Dive,3,9600,completed,,T00706,8
B005407,C04037,2025-11-06,2025-12-05,discovery dive,1,4850,Cancelled,,T00706,9
B005408,C03058,2025-12-01,2025-12-05,Fun dive,2,7050,Completed,,T00706,10
B005409,C04038,03/12/2025,2025-12-05,Fun Dive,1,3650, Completed,,T00706,12
B005410,C04039,27/11/2025,2025-12-06,fun dive,2,6500,completed,,T00707,1
B005411,C03677,04/12/2025,2025-12-06,Fun Dive,4,12650,completed,,T00707,2
B005412,C04040,2025-11-06,2025-12-06,PADI Course,4,24200,completed,,T00707,3
B005413,C04041,October 31 2025,2025-12-06,Fun dive,4,13600,CANCELLED,Medical,T00707,5
B005414,C04042,11/11/2025,2025-12-06,PADI Course,4,27600,COMPLETED,,T00707,7
B005415,C04043,2025-10-30,2025-12-06,course,4,26950, cancelled ,Customer,T00707,8
B005416,C03355,2025-10-23,2025-12-06,FUN DIVE,1,3700, Completed,,T00707,9
B005417,C04044,November 30 2025,2025-12-06,fun dive,3,9500,CANCELLED,Medical,T00707,10
B000676,C00475,2024-01-02,2024-02-12,course,4,26650,COMPLETED,,T00085,1
B005418,C04045,05/12/2025,2025-12-06,fun dive,3,8600,Completed,,T00707,12
B005419,C03979,2025-11-20,2025-12-07,PADI Course,5,24500, Completed,,T00708,1
B005420,C04046,25/11/2025,2025-12-07,DISCOVERY DIVE,1,4500,completed,,T00708,2
B001522,C01047,2024-03-13,2024-04-18,Course,5,28000,Cancelled,Weather,T00191,4
B005421,C04047,27/11/2025,2025-12-07,discovery dive,1,4600,COMPLETED,,T00708,3
B005422,C04048,November 30 2025,2025-12-07,Fun Dive,2,5950,completed,,T00708,4
B005423,C04049,2025-12-04,2025-12-07,discovery dive,1,4750,Completed,,T00708,5
B005424,C04050,29/11/2025,2025-12-07,Discovery,1,4050, Completed,,T00708,7
B005425,C04051,October 27 2025,2025-12-07,FUN DIVE,1,3550,completed,,T00708,8
B005426,C04052,2025-11-11,2025-12-07,DISCOVERY DIVE,2,10400,COMPLETED,,T00708,9
B005427,C04053,2025-11-28,2025-12-07,discovery dive,1,4750,Completed,,T00709,1
B005428,C04054,2025-11-23,2025-12-07,fundive,3,10700,completed,,T00709,3
B005429,C04055,2025-11-15,2025-12-07,discovery dive,2,10250,completed,,T00709,4
B005430,C04056,December 3 2025,2025-12-07,fun dive,4,13700,Completed,,T00709,5
B005431,C04057,2025-10-23,2025-12-07,fundive,4,12500, Completed,,T00709,6
B005432,C04058,23/11/2025,2025-12-07,DISCOVERY DIVE,1,4050, cancelled ,Customer,T00709,7
B005433,C00499,2025-10-28,2025-12-07,fundive,1,3450,completed,,T00709,8
B005434,C04059,December 3 2025,2025-12-08,Discovery,1,4100, Completed,,T00710,1
B005435,C04060,24/10/2025,2025-12-08,fundive,1,3500,completed,,T00710,2
B005436,C04061,07/12/2025,2025-12-08,Fun Dive,3,11000,Completed,,T00710,3
B005437,C04062,2025-12-05,2025-12-08,PADI Course,5,26750,completed,,T00710,4
B005438,C04063,2025-12-03,2025-12-08,DSD,1,4700,cancelled,,T00710,5
B005439,C04064,2025-11-15,2025-12-08,FUN DIVE,1,3750, Completed,,T00710,6
B005440,C00005,2025-11-07,2025-12-08,course,5,24950,Completed,,T00710,7
B005441,C04065,2025-11-30,2025-12-09,fun dive,2,7750,COMPLETED,,T00711,1
B005442,C04066,2025-11-24,2025-12-09,Fun dive,1,3600,Completed,,T00711,2
B005443,C04067,2025-11-26,2025-12-09,DISCOVERY DIVE,1,5000,completed,,T00711,3
B005444,C04068,2025-11-02,2025-12-09,discovery dive,2,11000,Completed,,T00711,4
B005445,C04069,2025-12-07,2025-12-09,PADI Course,4,24550, Completed,,T00711,5
B005446,C04070,November 20 2025,2025-12-09,fundive,1,3200,completed,,T00711,6
B005447,C04071,2025-11-02,2025-12-09,fun dive,2,6250, Completed,,T00711,7
B005448,C04072,2025-11-20,2025-12-09,DSD,1,4900,COMPLETED,,T00711,8
B005449,C04073,2025-10-31,2025-12-09,FUN DIVE,2,7150, Completed,,T00711,10
B005450,C03348,01/12/2025,2025-12-09,Fun dive,1,3350,COMPLETED,,T00711,11
B005451,C04074,07/11/2025,2025-12-10,fundive,2,6250,completed,,T00712,1
B005452,C04075,2025-11-30,2025-12-10,FUN DIVE,1,3700,completed,,T00712,3
B005453,C04076,2025-10-31,2025-12-10,Fun Dive,1,3400, Completed,,T00712,4
B005454,C04077,2025-11-21,2025-12-10,Discovery,1,4350, Completed,,T00712,5
B005455,C03540,2025-10-27,2025-12-10,fundive,1,3300, cancelled ,,T00712,6
B005456,C04078,2025-11-28,2025-12-10,Discovery,1,4500,cancelled,Medical,T00712,7
B005457,C04079,2025-11-24,2025-12-10,fundive,4,13200, Completed,,T00712,8
B005458,C04080,2025-11-28,2025-12-10,fundive,4,13500,Completed,,T00712,9
B005459,C04081,06/11/2025,2025-12-10,fun dive,1,2750, cancelled ,Customer,T00713,1
B005460,C04082,2025-11-10,2025-12-10,FUN DIVE,4,11700, Completed,,T00713,2
B005461,C04083,2025-11-24,2025-12-10,fundive,2,6500,COMPLETED,,T00713,4
B005462,C03511,November 25 2025,2025-12-10,fundive,1,3700,COMPLETED,,T00713,6
B005463,C01092,November 10 2025,2025-12-10,course,5,26800,CANCELLED,Customer,T00713,8
B005464,C04084,November 17 2025,2025-12-10,Discovery,1,5050, Completed,,T00713,9
B005465,C04085,2025-11-28,2025-12-10,fun dive,4,14850,completed,,T00713,10
B005466,C03551,17/11/2025,2025-12-10,course,4,26250,COMPLETED,,T00713,11
B005467,C04086,2025-12-05,2025-12-10,Discovery Dive,1,4600,Completed,,T00713,12
B005468,C03391,2025-12-06,2025-12-11,DISCOVERY DIVE,1,5350, cancelled ,Customer,T00714,1
B005469,C04087,November 9 2025,2025-12-11,Course,5,25600, Completed,,T00714,2
B005470,C04088,November 22 2025,2025-12-11,Discovery,1,5350,completed,,T00714,3
B005471,C04089,2025-11-03,2025-12-11,discovery dive,1,4100,COMPLETED,,T00714,4
B005472,C04090,2025-10-31,2025-12-11,fun dive,4,15050, Completed,,T00714,5
B005473,C04091,2025-10-29,2025-12-11,DSD,1,3950,Completed,,T00714,6
B005474,C04092,December 2 2025,2025-12-11,DSD,1,5450,Cancelled,Customer,T00714,7
B005475,C04093,21/11/2025,2025-12-11,fundive,4,14650,completed,,T00715,1
B005476,C04094,December 4 2025,2025-12-11,discovery dive,1,4350,completed,,T00715,2
B005477,C00279,2025-11-25,2025-12-11,DISCOVERY DIVE,1,5050, cancelled ,Customer,T00715,3
B005478,C04095,29/10/2025,2025-12-11,FUN DIVE,2,6500,Completed,,T00715,4
B005479,C04096,November 2 2025,2025-12-11,Fun dive,1,3000,completed,,T00715,5
B005480,C02824,2025-12-07,2025-12-11,Fun Dive,2,7000,completed,,T00715,6
B005481,C04097,18/11/2025,2025-12-11,Discovery,1,4900, Completed,,T00715,7
B005482,C04098,2025-11-20,2025-12-11,discovery dive,1,4950,completed,,T00715,8
B005483,C04099,October 30 2025,2025-12-11,Discovery,1,5050,COMPLETED,,T00715,10
B005484,C03442,2025-11-16,2025-12-11,fundive,3,9850,Cancelled,Customer,T00715,11
B005485,C04100,2025-11-16,2025-12-12,DISCOVERY DIVE,2,8800,Completed,,T00716,2
B005486,C04101,2025-11-11,2025-12-12,discovery dive,1,4600, Completed,,T00716,5
B005487,C04102,December 9 2025,2025-12-12,fundive,1,3400,Completed,,T00716,6
B005488,C04103,December 8 2025,2025-12-12,fun dive,2,5900, Completed,,T00716,7
B005489,C04104,2025-12-04,2025-12-12,Fun dive,4,13750,Completed,,T00716,8
B005490,C03722,2025-12-09,2025-12-12,DISCOVERY DIVE,1,4200, Completed,,T00716,9
B005491,C04105,10/11/2025,2025-12-12,fundive,1,3050, cancelled ,Customer,T00716,10
B005492,C03755,2025-11-12,2025-12-13,DISCOVERY DIVE,1,4100,COMPLETED,,T00717,2
B005493,C03576,2025-11-07,2025-12-13,Fun Dive,3,8850,NO-SHOW,,T00717,3
B005494,C01762,2025-12-03,2025-12-13,DSD,1,4500, Completed,,T00717,4
B005495,C04106,2025-11-28,2025-12-13,DISCOVERY DIVE,1,4950,Completed,,T00717,5
B005496,C04107,2025-12-13,2025-12-13,DSD,1,4100,Completed,,T00717,6
B005497,C04108,2025-10-31,2025-12-13,PADI Course,4,24350,Cancelled,Customer,T00717,7
B005498,C03544,2025-12-09,2025-12-13,FUN DIVE,2,7350,cancelled,Customer,T00717,8
B005499,C04109,21/11/2025,2025-12-14,Discovery Dive,1,5050,completed,,T00718,1
B005500,C04110,10/11/2025,2025-12-14,FUN DIVE,1,2950,COMPLETED,,T00718,2
B005501,C04111,08/11/2025,2025-12-14,fun dive,3,10050,Completed,,T00718,3
B005502,C04112,2025-11-20,2025-12-14,fundive,2,6650,Cancelled,Customer,T00718,4
B005503,C04113,November 20 2025,2025-12-14,fundive,2,5850,Completed,,T00718,5
B005504,C02396,25/11/2025,2025-12-14,Fun dive,2,7400,Completed,,T00718,6
B005505,C04114,09/12/2025,2025-12-14,discovery dive,1,4550,Completed,,T00718,7
B005506,C04115,09/11/2025,2025-12-14,discovery dive,2,9150,cancelled,Medical,T00718,8
B005507,C03783,November 21 2025,2025-12-14,FUN DIVE,1,2800,completed,,T00718,9
B005508,C04116,2025-11-24,2025-12-14,fundive,1,3050,Cancelled,Customer,T00718,10
B005509,C04117,2025-11-12,2025-12-15,fun dive,1,3050,Completed,,T00719,2
B005510,C04118,30/11/2025,2025-12-15,Discovery,2,9600,completed,,T00719,3
B005511,C04119,2025-12-14,2025-12-15,Discovery,1,4550,no-show,,T00719,4
B005512,C04120,2025-11-09,2025-12-15,Discovery,2,10050, Completed,,T00719,6
B005513,C04121,2025-12-12,2025-12-15,course,5,26600,CANCELLED,Medical,T00719,7
B005514,C04122,November 5 2025,2025-12-15,Discovery Dive,1,3950,CANCELLED,,T00719,8
B005515,C04123,2025-11-24,2025-12-15,Fun Dive,3,9950, Completed,,T00719,9
B005516,C04124,2025-12-05,2025-12-15,discovery dive,1,4300, Completed,,T00720,1
B005517,C04125,2025-11-10,2025-12-15,DISCOVERY DIVE,1,4900,COMPLETED,,T00720,2
B005518,C04126,04/12/2025,2025-12-15,discovery dive,1,5100, Completed,,T00720,3
B005519,C04127,2025-12-11,2025-12-15,FUN DIVE,2,6250,completed,,T00720,5
B005520,C04128,2025-11-24,2025-12-15,fun dive,2,6550,Cancelled,Customer,T00720,6
B005521,C03450,06/12/2025,2025-12-15,Discovery,1,5350,Completed,,T00720,9
B005522,C04129,03/11/2025,2025-12-15,DISCOVERY DIVE,2,10350, cancelled ,Customer,T00720,11
B005523,C04130,2025-11-22,2025-12-15,DSD,1,5000,Completed,,T00720,12
B005524,C04131,09/12/2025,2025-12-16,Discovery,2,9600,Completed,,T00721,1
B005525,C04132,2025-11-22,2025-12-16,discovery dive,1,5250,completed,,T00721,2
B005526,C03508,2025-11-08,2025-12-16,Fun Dive,3,10800,Cancelled,Customer,T00721,3
B005527,C04006,November 13 2025,2025-12-16,fundive,2,7400, Completed,,T00721,5
B005528,C04133,2025-12-15,2025-12-16,Fun dive,2,6700, cancelled ,Customer,T00721,6
B005529,C04134,08/12/2025,2025-12-16,fundive,2,7300,Completed,,T00721,7
B005530,C04135,06/12/2025,2025-12-16,fundive,4,15350,COMPLETED,,T00721,8
B005531,C04136,03/12/2025,2025-12-17,DISCOVERY DIVE,1,5300,completed,,T00722,1
B005532,C04137,2025-11-29,2025-12-17,DISCOVERY DIVE,1,4850,completed,,T00722,2
B005533,C04138,2025-12-08,2025-12-17,Fun Dive,3,9300, Completed,,T00722,3
B005534,C04126,15/11/2025,2025-12-17,Discovery,1,4750, Completed,,T00722,6
B005535,C04139,20/11/2025,2025-12-17,DSD,1,5100,Completed,,T00722,7
B005536,C04140,2025-11-22,2025-12-17,discovery dive,1,3950,completed,,T00722,8
B005537,C04141,12/11/2025,2025-12-17,Fun dive,1,3200, Completed,,T00722,9
B005538,C04142,2025-11-23,2025-12-17,FUN DIVE,3,11200, cancelled ,Medical,T00722,10
B005539,C04143,2025-11-24,2025-12-18,Fun Dive,2,6850,COMPLETED,,T00723,1
B005540,C03654,16/12/2025,2025-12-18,FUN DIVE,2,6250,completed,,T00723,2
B005541,C04144,2025-12-06,2025-12-18,DISCOVERY DIVE,1,4350, cancelled ,Customer,T00723,3
B005542,C04145,2025-11-04,2025-12-18,FUN DIVE,1,3350,completed,,T00723,4
B005543,C04146,12/11/2025,2025-12-18,Fun dive,1,3350,completed,,T00723,5
B005544,C04147,2025-11-14,2025-12-18,Discovery Dive,1,4000, Completed,,T00723,6
B005545,C04148,2025-12-02,2025-12-18,FUN DIVE,2,6100,cancelled,Customer,T00723,7
B005546,C04149,2025-11-10,2025-12-18,Fun dive,2,6850,completed,,T00723,8
B005547,C04150,2025-11-14,2025-12-18,DSD,1,4950,Cancelled,Medical,T00723,9
B005548,C04151,2025-11-17,2025-12-18,FUN DIVE,1,2900,Cancelled,Weather,T00723,11
B005549,C04152,2025-12-16,2025-12-19,fun dive,3,9800,COMPLETED,,T00724,1
B005550,C04153,November 24 2025,2025-12-19,course,5,25500,completed,,T00724,2
B005551,C00799,07/12/2025,2025-12-19,Fun Dive,1,3450,completed,,T00724,3
B005552,C04154,November 11 2025,2025-12-19,Discovery,2,8100,Completed,,T00724,4
B005553,C04155,2025-11-05,2025-12-19,Discovery Dive,1,5150,no-show,,T00724,5
B005554,C04156,2025-12-07,2025-12-19,Fun dive,2,6900, cancelled ,Weather,T00724,8
B005555,C04157,2025-11-20,2025-12-19,Discovery Dive,1,4900, cancelled ,Medical,T00724,9
B005556,C04158,November 5 2025,2025-12-19,Discovery,1,5250,No-show,,T00724,11
B005557,C04159,2025-11-29,2025-12-19,fun dive,1,3300, Completed,,T00725,1
B005558,C04160,2025-11-28,2025-12-19,Fun Dive,2,7550,Completed,,T00725,2
B005559,C04161,2025-12-17,2025-12-19,fundive,2,6700,Completed,,T00725,3
B005560,C04162,November 6 2025,2025-12-19,discovery dive,1,5450,COMPLETED,,T00725,4
B005561,C04163,2025-12-02,2025-12-19,COURSE,4,25850, Completed,,T00725,5
B005562,C04164,03/12/2025,2025-12-19,Discovery Dive,1,4650,COMPLETED,,T00725,6
B005563,C04165,2025-11-13,2025-12-19,discovery dive,1,5300,completed,,T00725,7
B005564,C04009,2025-12-12,2025-12-19,Fun Dive,4,15150,cancelled,Medical,T00725,8
B005565,C04166,11/12/2025,2025-12-19,Course,4,26700, Completed,,T00725,9
B005566,C04167,2025-12-05,2025-12-19,Fun Dive,1,3650,Completed,,T00725,10
B005567,C04168,18/11/2025,2025-12-19,Discovery,1,5150,cancelled,Customer,T00725,12
B005568,C04169,17/11/2025,2025-12-20,Fun Dive,4,13800,completed,,T00726,1
B005569,C04170,2025-12-04,2025-12-20,COURSE,5,22500, Completed,,T00726,2
B005570,C04171,19/11/2025,2025-12-20,DSD,1,4650, Completed,,T00726,3
B005571,C04172,04/12/2025,2025-12-20,Discovery Dive,1,4850,Completed,,T00726,5
B005572,C04173,2025-12-14,2025-12-20,Discovery,2,9950,COMPLETED,,T00726,6
B005573,C04174,08/12/2025,2025-12-20,COURSE,4,22500,COMPLETED,,T00726,7
B005574,C04175,2025-11-22,2025-12-20,DSD,1,4950,Cancelled,Medical,T00726,8
B005575,C04176,2025-12-08,2025-12-20,course,4,21200,CANCELLED,Medical,T00726,9
B005576,C03541,2025-11-19,2025-12-20,Discovery Dive,1,4350,completed,,T00727,1
B005577,C04177,2025-11-18,2025-12-20,discovery dive,1,4850, Completed,,T00727,2
B005578,C04178,2025-12-10,2025-12-20,FUN DIVE,1,3850,COMPLETED,,T00727,3
B005579,C04179,2025-11-11,2025-12-20,Discovery,1,4900,cancelled,Customer,T00727,4
B005580,C04180,2025-12-10,2025-12-20,Fun dive,4,12300,completed,,T00727,6
B005581,C04181,2025-11-08,2025-12-20,fun dive,1,3650,completed,,T00727,7
B005582,C04182,2025-11-21,2025-12-20,FUN DIVE,1,3000,Completed,,T00727,9
B005583,C01231,06/12/2025,2025-12-20,FUN DIVE,4,15450,COMPLETED,,T00727,10
B005584,C04183,2025-12-09,2025-12-20,fundive,2,6850,COMPLETED,,T00727,11
B005585,C04184,2025-11-16,2025-12-20,Fun dive,1,3250,COMPLETED,,T00727,12
B005586,C03671,2025-12-17,2025-12-21,COURSE,5,21250, Completed,,T00728,1
B005587,C04185,2025-12-07,2025-12-21,Fun dive,1,3050,CANCELLED,Medical,T00728,2
B005588,C04186,24/11/2025,2025-12-21,Discovery,2,10350, Completed,,T00728,3
B005589,C03388,2025-11-24,2025-12-21,fundive,2,7200,COMPLETED,,T00728,4
B005590,C03401,13/12/2025,2025-12-21,Fun dive,1,3700,COMPLETED,,T00728,5
B005591,C03519,15/12/2025,2025-12-21,fundive,1,3750,completed,,T00728,6
B005592,C04187,03/12/2025,2025-12-21,fundive,2,6350,COMPLETED,,T00728,8
B005593,C04188,2025-12-19,2025-12-21,discovery dive,1,5250,completed,,T00728,9
B005594,C04189,2025-12-15,2025-12-21,discovery dive,1,4550, Completed,,T00728,10
B005595,C04190,2025-11-07,2025-12-22,Discovery,1,5350,completed,,T00729,1
B005596,C04191,08/11/2025,2025-12-22,PADI Course,4,26100, Completed,,T00729,2
B005597,C04192,22/11/2025,2025-12-22,FUN DIVE,1,3750,COMPLETED,,T00729,3
B005598,C04193,2025-11-12,2025-12-22,Fun Dive,1,3550,COMPLETED,,T00729,4
B005599,C04194,2025-12-12,2025-12-22,fun dive,3,9050,NO-SHOW,,T00729,5
B005600,C04195,November 20 2025,2025-12-22,Discovery,1,4400,Completed,,T00729,6
B005601,C03565,15/11/2025,2025-12-22,Fun dive,2,5500,Completed,,T00729,7
B005602,C04196,2025-12-15,2025-12-22,discovery dive,1,4050,Completed,,T00729,8
B005603,C04197,03/12/2025,2025-12-22,COURSE,4,20150, cancelled ,Customer,T00729,9
B005604,C04198,2025-11-08,2025-12-23,Discovery,2,9150,CANCELLED,,T00730,1
B005605,C03764,December 15 2025,2025-12-23,PADI Course,4,27500,CANCELLED,Weather,T00730,2
B005606,C04199,2025-12-06,2025-12-23,Fun Dive,2,6950,CANCELLED,,T00730,3
B005607,C04200,December 2 2025,2025-12-23,Discovery Dive,1,4550, cancelled ,Weather,T00730,5
B005608,C03637,2025-12-07,2025-12-23,PADI Course,4,25050,Cancelled,Weather,T00730,6
B005609,C03463,2025-12-23,2025-12-23,Discovery Dive,1,5000,COMPLETED,,T00730,7
B005610,C04201,29/11/2025,2025-12-23,Fun dive,4,13800,completed,,T00730,8
B005611,C04202,November 27 2025,2025-12-24,fundive,3,9200,completed,,T00731,1
B005612,C04203,14/11/2025,2025-12-24,COURSE,4,27350,COMPLETED,,T00731,3
B005613,C04204,15/12/2025,2025-12-24,Fun dive,1,3050,Completed,,T00731,4
B005614,C04205,20/11/2025,2025-12-24,Discovery Dive,1,5400,No-show,,T00731,5
B005615,C04206,02/12/2025,2025-12-24,COURSE,5,25150,Completed,,T00731,6
B005616,C04207,09/11/2025,2025-12-24,DSD,1,4100,COMPLETED,,T00731,7
B005617,C03816,December 7 2025,2025-12-24,fun dive,1,3700,completed,,T00731,8
B005618,C04208,16/11/2025,2025-12-24,fun dive,3,10100,COMPLETED,,T00731,9
B005619,C04209,2025-12-07,2025-12-24,fundive,1,3050,Completed,,T00731,10
B005620,C04210,2025-11-12,2025-12-25,Discovery Dive,2,10400,COMPLETED,,T00732,1
B005621,C04211,November 26 2025,2025-12-25,fun dive,1,2800,completed,,T00732,3
B005622,C04212,11/12/2025,2025-12-25,PADI Course,4,26950,completed,,T00732,4
B005623,C03895,November 27 2025,2025-12-25,FUN DIVE,1,3350,completed,,T00732,7
B005624,C04213,November 24 2025,2025-12-25,Fun dive,2,7450,COMPLETED,,T00732,8
B005625,C04214,November 22 2025,2025-12-25,Discovery Dive,1,5250,CANCELLED,Customer,T00732,9
B005626,C04215,27/11/2025,2025-12-25,Discovery Dive,1,4050,No-Show,,T00732,10
B005627,C04216,2025-12-12,2025-12-25,fundive,3,9500,Completed,,T00732,11
B005628,C04217,2025-11-25,2025-12-25,fundive,4,12300,Completed,,T00733,1
B005629,C04218,2025-11-17,2025-12-25,fundive,2,5750, Completed,,T00733,2
B005630,C03419,2025-11-24,2025-12-25,COURSE,4,20850,CANCELLED,Customer,T00733,3
B005631,C04219,02/12/2025,2025-12-25,Fun dive,2,6350,completed,,T00733,4
B005632,C03661,2025-11-19,2025-12-25,course,4,21250, cancelled ,,T00733,5
B005633,C04220,2025-11-18,2025-12-25,fun dive,1,3150, Completed,,T00733,6
B005634,C04221,2025-12-03,2025-12-25,fundive,2,6800,COMPLETED,,T00733,8
B005635,C04222,09/12/2025,2025-12-26,Discovery,1,4000,Completed,,T00734,2
B005636,C04223,November 17 2025,2025-12-26,COURSE,4,24300,completed,,T00734,3
B005637,C04224,2025-12-03,2025-12-26,fundive,4,14750, cancelled ,Customer,T00734,4
B005638,C04225,December 9 2025,2025-12-26,FUN DIVE,1,2750,No-show,,T00734,5
B005639,C04226,December 3 2025,2025-12-26,FUN DIVE,4,13900,Completed,,T00734,6
B005640,C04227,2025-12-01,2025-12-26,DSD,1,5200, Completed,,T00734,7
B005641,C04228,15/11/2025,2025-12-26,fundive,2,5750,Completed,,T00734,8
B005642,C04229,2025-11-26,2025-12-26,Fun Dive,3,8250,Completed,,T00734,9
B005643,C04230,2025-12-10,2025-12-27,Discovery Dive,1,5100,cancelled,Customer,T00735,1
B005644,C04231,December 24 2025,2025-12-27,Fun dive,2,7700, Completed,,T00735,2
B005645,C03592,2025-12-05,2025-12-27,fundive,2,6950,COMPLETED,,T00735,3
B005646,C04232,20/12/2025,2025-12-27,DSD,1,4200,completed,,T00735,4
B005647,C04233,2025-12-23,2025-12-27,fun dive,3,9250, Completed,,T00735,5
B005648,C04234,2025-11-28,2025-12-27,Discovery,1,4700, Completed,,T00735,6
B005649,C04235,2025-11-18,2025-12-27,PADI Course,5,20950,cancelled,Customer,T00735,7
B005650,C01036,2025-11-23,2025-12-27,PADI Course,4,24150,COMPLETED,,T00735,10
B005651,C04236,06/12/2025,2025-12-27,Fun Dive,3,8550,cancelled,Medical,T00736,1
B005652,C04237,2025-12-13,2025-12-27,Fun Dive,2,6250, cancelled ,Customer,T00736,2
B005653,C04238,09/12/2025,2025-12-27,Fun Dive,2,6800,completed,,T00736,3
B005654,C04093,2025-11-22,2025-12-27,Fun dive,3,10300,Completed,,T00736,6
B005655,C04239,2025-12-06,2025-12-27,fun dive,1,3350,COMPLETED,,T00736,7
B005656,C04240,14/11/2025,2025-12-27,fundive,4,14050,Completed,,T00736,9
B005657,C04241,November 16 2025,2025-12-27,discovery dive,1,4700,No-Show,,T00736,10
B005658,C04242,December 26 2025,2025-12-27,fun dive,3,10500,COMPLETED,,T00736,11
B005659,C04243,2025-12-08,2025-12-28,course,4,25650,COMPLETED,,T00737,1
B005660,C04244,2025-12-13,2025-12-28,Fun Dive,1,3450,CANCELLED,Customer,T00737,2
B005661,C04245,December 16 2025,2025-12-28,DSD,1,4150,COMPLETED,,T00737,3
B005662,C04246,2025-12-22,2025-12-28,Fun Dive,3,10050, Completed,,T00737,5
B005663,C02961,2025-11-25,2025-12-28,course,4,21250,Completed,,T00737,6
B005664,C04247,28/11/2025,2025-12-28,Fun Dive,1,3850, Completed,,T00737,7
B005665,C03993,25/12/2025,2025-12-28,Fun Dive,4,13800,completed,,T00737,8
B005666,C04248,25/11/2025,2025-12-28,discovery dive,1,4100,Completed,,T00738,1
B005667,C04249,21/12/2025,2025-12-28,Discovery Dive,1,5300,no-show,,T00738,2
B005668,C04250,November 22 2025,2025-12-28,Fun Dive,4,11100,No-Show,,T00738,3
B005669,C04251,December 11 2025,2025-12-28,Fun dive,3,9900,completed,,T00738,4
B005670,C04252,2025-12-21,2025-12-28,PADI Course,5,24250,completed,,T00738,5
B005671,C04253,2025-12-05,2025-12-28,COURSE,5,25750,COMPLETED,,T00738,6
B005672,C03598,28/11/2025,2025-12-28,Fun Dive,2,6300,CANCELLED,,T00738,7
B005673,C04254,2025-11-17,2025-12-28,Fun dive,1,3000,cancelled,Customer,T00738,8
B005674,C04255,2025-12-10,2025-12-28,course,4,27000,cancelled,Customer,T00738,10
B005675,C03843,2025-12-14,2025-12-28,FUN DIVE,1,3350, cancelled ,,T00738,11
B005676,C04256,2025-11-18,2025-12-29,Fun Dive,2,7650, Completed,,T00739,1
B005677,C04238,20/12/2025,2025-12-29,fundive,4,14800,No-Show,,T00739,2
B005678,C02098,28/12/2025,2025-12-29,Fun dive,3,10000,Completed,,T00739,3
B005679,C04257,2025-12-06,2025-12-29,Course,4,21050,cancelled,Medical,T00739,4
B005680,C03870,2025-12-18,2025-12-29,fun dive,3,8900,CANCELLED,,T00739,5
B005681,C04258,December 23 2025,2025-12-29,DSD,1,5200,completed,,T00739,7
B005682,C04259,December 7 2025,2025-12-29,FUN DIVE,2,6550,Completed,,T00739,8
B005683,C04260,21/11/2025,2025-12-29,Fun Dive,2,5600,Completed,,T00739,9
B005684,C00932,November 25 2025,2025-12-29,fundive,1,3300,COMPLETED,,T00739,10
B005685,C04261,2025-11-17,2025-12-29,COURSE,5,24150,CANCELLED,Customer,T00739,11
B005686,C04262,November 21 2025,2025-12-30,Fun Dive,1,3350,CANCELLED,Weather,T00740,1
B005687,C04263,2025-12-06,2025-12-30,FUN DIVE,2,6500, Completed,,T00740,2
B005688,C04264,2025-12-05,2025-12-30,fun dive,1,161391,CANCELLED,,T00740,4
B005689,C04265,2025-11-16,2025-12-30,fundive,2,6100, cancelled ,Weather,T00740,5
B005690,C04081,2025-11-22,2025-12-30,Fun dive,1,2900, cancelled ,Customer,T00740,6
B005691,C03732,2025-11-20,2025-12-30,course,5,26450, Completed,,T00740,8
B005692,C04266,2025-12-16,2025-12-31,Discovery,1,4500,CANCELLED,Weather,T00741,1
B005693,C04267,2025-11-19,2025-12-31,Fun Dive,1,3350,no-show,,T00741,2
B005694,C04268,November 26 2025,2025-12-31,Fun Dive,2,6650, Completed,,T00741,4
B005695,C04269,16/12/2025,2025-12-31,fundive,2,7100,Cancelled,,T00741,5
B005696,C04270,2025-12-17,2025-12-31,fundive,3,8500,COMPLETED,,T00741,6
B005697,C04271,2025-11-24,2025-12-31,PADI Course,5,26350,cancelled,Weather,T00741,7
B005698,C04272,November 24 2025,2025-12-31,DSD,1,5400, Completed,,T00741,8
B005699,C04273,2025-12-24,2026-01-01,Discovery,1,5500,completed,,T00742,3
B005700,C03978,22/12/2025,2026-01-01,Fun dive,1,3400,COMPLETED,,T00742,5
B005701,C04274,17/11/2025,2026-01-01,PADI Course,4,27000,COMPLETED,,T00742,6
B005702,C04275,15/12/2025,2026-01-01,Fun Dive,2,7600,completed,,T00742,7
B005703,C04276,December 16 2025,2026-01-01,Fun dive,1,3600, Completed,,T00742,8
B005704,C04277,2025-12-28,2026-01-01,discovery dive,1,5200,COMPLETED,,T00742,9
B005705,C03515,2025-12-06,2026-01-01,fun dive,1,3250,completed,,T00742,10
B005706,C04278,2025-12-14,2026-01-01,DISCOVERY DIVE,1,5300,Completed,,T00742,11
B005707,C04279,27/11/2025,2026-01-01,COURSE,4,21750,CANCELLED,Customer,T00743,1
B005708,C04280,07/12/2025,2026-01-01,Discovery,1,5000,Completed,,T00743,2
B005709,C04018,December 17 2025,2026-01-01,COURSE,5,27800, Completed,,T00743,3
B005710,C04281,2025-11-18,2026-01-01,Fun Dive,3,9000,completed,,T00743,4
B005711,C04282,09/12/2025,2026-01-01,PADI Course,5,23600,Completed,,T00743,5
B005712,C04283,December 3 2025,2026-01-01,Fun Dive,1,3400,completed,,T00743,6
B005713,C04284,23/11/2025,2026-01-01,COURSE,5,25600, Completed,,T00743,7
B005714,C04285,2025-12-08,2026-01-01,Fun dive,3,9800,COMPLETED,,T00743,8
B005715,C04286,2025-11-29,2026-01-01,course,4,25750,completed,,T00743,9
B005716,C03650,29/11/2025,2026-01-01,FUN DIVE,3,9150,COMPLETED,,T00743,10
B005717,C03736,10/12/2025,2026-01-01,Fun dive,1,3050,completed,,T00743,11
B005718,C04287,2025-11-23,2026-01-02,fundive,3,10150,Completed,,T00744,2
B005719,C04288,2025-12-13,2026-01-02,DISCOVERY DIVE,1,5200, Completed,,T00744,3
B005720,C04289,2025-11-27,2026-01-02,Fun dive,2,6750,COMPLETED,,T00744,4
B005721,C04290,2025-12-23,2026-01-02,FUN DIVE,3,10350,Completed,,T00744,6
B005722,C04291,November 20 2025,2026-01-02,fun dive,1,3700,completed,,T00744,7
B005723,C04292,December 15 2025,2026-01-02,discovery dive,1,4850,completed,,T00744,8
B005724,C04293,30/12/2025,2026-01-02,Discovery,1,5000,COMPLETED,,T00744,9
B005725,C04294,24/12/2025,2026-01-03,fun dive,1,2950,COMPLETED,,T00745,1
B005726,C04295,2025-12-12,2026-01-03,Fun Dive,4,12350,COMPLETED,,T00745,2
B005727,C04296,December 3 2025,2026-01-03,Course,5,25600,NO-SHOW,,T00745,3
B005728,C04297,2025-11-29,2026-01-03,fundive,1,2850,completed,,T00745,4
B005729,C04298,2026-01-03,2026-01-03,fun dive,1,2850,completed,,T00745,5
B005730,C04299,06/12/2025,2026-01-03,Discovery,1,4950,completed,,T00745,7
B005731,C04300,2025-12-12,2026-01-03,PADI Course,5,23550,completed,,T00746,1
B005732,C04301,2025-11-19,2026-01-03,DISCOVERY DIVE,1,4100,cancelled,,T00746,3
B005733,C03748,2025-11-30,2026-01-03,Fun Dive,1,3550,Completed,,T00746,4
B005734,C03995,2025-12-04,2026-01-03,FUN DIVE,4,13950, Completed,,T00746,5
B005735,C04106,2025-12-17,2026-01-03,fun dive,3,10000,no-show,,T00746,6
B005736,C04302,2025-12-18,2026-01-03,fun dive,4,12350,COMPLETED,,T00746,7
B005737,C04303,2025-11-20,2026-01-03,Fun Dive,4,15150,completed,,T00746,8
B005738,C04304,2025-11-24,2026-01-04,DISCOVERY DIVE,1,4950,completed,,T00747,1
B005739,C03875,24/12/2025,2026-01-04,fundive,2,6100,COMPLETED,,T00747,2
B005740,C04305,21/11/2025,2026-01-04,DSD,1,4450,Cancelled,Medical,T00747,3
B005741,C04306,December 20 2025,2026-01-04,Course,5,23800,completed,,T00747,4
B005742,C01040,08/12/2025,2026-01-04,fun dive,3,9900, Completed,,T00747,5
B005743,C04307,26/12/2025,2026-01-04,Discovery,1,5050,Completed,,T00747,6
B005744,C04308,December 13 2025,2026-01-04,Fun dive,4,13700,No-show,,T00747,7
B005745,C04309,07/12/2025,2026-01-05,Fun dive,2,7250,completed,,T00748,1
B005746,C04310,30/12/2025,2026-01-05,discovery dive,1,5550,completed,,T00748,2
B005747,C04311,2025-12-03,2026-01-05,Discovery Dive,1,4500,Completed,,T00748,3
B005748,C03743,15/12/2025,2026-01-05,fun dive,1,3350,completed,,T00748,4
B005749,C04101,December 18 2025,2026-01-05,Fun dive,1,3650,COMPLETED,,T00748,5
B005750,C04312,2025-12-30,2026-01-05,course,5,21050,completed,,T00748,6
B005751,C04313,22/11/2025,2026-01-05,course,4,24000,COMPLETED,,T00748,7
B005752,C03681,December 29 2025,2026-01-05,Fun Dive,1,2950, Completed,,T00748,8
B005753,C04314,2025-12-07,2026-01-05,Fun dive,1,2900, Completed,,T00748,10
B005754,C04315,2025-12-01,2026-01-05,fun dive,1,3000,COMPLETED,,T00748,11
B005755,C03061,16/12/2025,2026-01-05,fun dive,1,3400,COMPLETED,,T00749,1
B005756,C04316,2026-01-05,2026-01-05,fundive,1,3100, Completed,,T00749,2
B005757,C04317,06/12/2025,2026-01-05,FUN DIVE,2,6400,COMPLETED,,T00749,3
B005758,C04318,November 24 2025,2026-01-05,Discovery,2,10500,no-show,,T00749,6
B005759,C04319,2025-12-27,2026-01-05,Fun Dive,2,7100,completed,,T00749,7
B005760,C04311,30/11/2025,2026-01-05,Fun dive,2,5900,Completed,,T00749,8
B005761,C04320,2025-12-15,2026-01-05,DISCOVERY DIVE,1,5050,Cancelled,,T00749,9
B005762,C03630,30/12/2025,2026-01-05,Fun Dive,1,2950,completed,,T00749,10
B005763,C04321,2025-12-22,2026-01-05,FUN DIVE,1,3000,cancelled,Medical,T00749,11
B005764,C04322,05/12/2025,2026-01-06,Discovery Dive,1,4100,completed,,T00750,2
B005765,C04323,2025-12-02,2026-01-06,Fun dive,2,6050,Completed,,T00750,3
B005766,C04324,2026-01-04,2026-01-06,FUN DIVE,4,13050,completed,,T00750,4
B005767,C04325,2026-01-01,2026-01-06,FUN DIVE,2,7100, Completed,,T00750,5
B005768,C04326,01/01/2026,2026-01-06,Fun Dive,1,2850, Completed,,T00750,6
B005769,C04327,2025-12-09,2026-01-06,discovery dive,1,5350,Completed,,T00750,7
B005770,C04328,03/12/2025,2026-01-06,Course,5,21950, Completed,,T00750,8
B005771,C03896,2025-12-29,2026-01-07,Fun dive,3,10350,cancelled,Customer,T00751,1
B005772,C03657,November 27 2025,2026-01-07,fun dive,1,2850, Completed,,T00751,2
B005773,C04329,12/12/2025,2026-01-07,DISCOVERY DIVE,1,5100,completed,,T00751,3
B005774,C04148,December 19 2025,2026-01-07,FUN DIVE,3,8350,Completed,,T00751,4
B005775,C03776,16/12/2025,2026-01-07,Fun Dive,2,7050,completed,,T00751,5
B005776,C01695,November 26 2025,2026-01-07,Fun dive,4,14500, Completed,,T00751,6
B005777,C04330,2025-12-15,2026-01-07,fun dive,4,14550,COMPLETED,,T00751,8
B005778,C02591,26/11/2025,2026-01-07,Discovery,1,5250, Completed,,T00751,9
B005779,C04331,2025-12-29,2026-01-07,DISCOVERY DIVE,1,4650, cancelled ,,T00751,10
B005780,C04332,2025-12-31,2026-01-07,PADI Course,5,25150,completed,,T00751,11
B005781,C04333,2025-12-12,2026-01-07,Discovery Dive,1,4200,completed,,T00751,12
B005782,C04334,2025-12-07,2026-01-07,FUN DIVE,2,5850,CANCELLED,Customer,T00752,1
B005783,C04335,December 29 2025,2026-01-07,fundive,4,14400,COMPLETED,,T00752,2
B005784,C04336,2025-12-03,2026-01-07,Discovery Dive,1,5000,CANCELLED,Customer,T00752,3
B005785,C04337,December 23 2025,2026-01-07,Discovery,1,4250,completed,,T00752,4
B005786,C04338,December 4 2025,2026-01-07,discovery dive,1,4700,completed,,T00752,6
B005787,C03711,December 20 2025,2026-01-07,FUN DIVE,1,3600, Completed,,T00752,7
B005788,C04339,28/12/2025,2026-01-07,DISCOVERY DIVE,1,5000,Cancelled,Customer,T00752,8
B005789,C04340,2025-11-27,2026-01-07,discovery dive,2,9400,completed,,T00752,9
B005790,C04341,29/11/2025,2026-01-08,Fun Dive,3,11500,COMPLETED,,T00753,1
B005791,C04342,2025-11-24,2026-01-08,Fun Dive,3,11550,cancelled,,T00753,2
B005792,C04343,December 9 2025,2026-01-08,fundive,3,10750,cancelled,,T00753,3
B005793,C04344,2025-12-23,2026-01-08,Discovery,1,4850, cancelled ,Weather,T00753,4
B005794,C04345,2025-12-07,2026-01-08,course,5,26400,completed,,T00753,5
B005795,C04346,05/12/2025,2026-01-08,fundive,2,6350,COMPLETED,,T00753,6
B005796,C04347,January 5 2026,2026-01-08,Discovery Dive,1,4600,cancelled,Customer,T00753,7
B005797,C04348,2025-12-22,2026-01-08,Fun Dive,1,2850,COMPLETED,,T00753,9
B005798,C04349,2025-12-04,2026-01-08,Discovery Dive,1,4400,COMPLETED,,T00753,10
B005799,C04350,2025-12-27,2026-01-08,FUN DIVE,4,12550,Cancelled,Weather,T00753,11
B005800,C04351,07/12/2025,2026-01-08,DISCOVERY DIVE,1,4200, cancelled ,Weather,T00753,12
B005801,C04352,2026-01-09,2026-01-09,COURSE,5,25850,completed,,T00754,1
B005802,C03814,2025-12-13,2026-01-09,Fun dive,1,3400,CANCELLED,Weather,T00754,2
B005803,C04353,2025-11-25,2026-01-09,Discovery,1,5150,completed,,T00754,4
B005804,C04354,2025-11-28,2026-01-09,discovery dive,1,5150,Completed,,T00754,6
B005805,C04355,2025-12-31,2026-01-09,Fun dive,2,6950,CANCELLED,Weather,T00754,7
B005806,C04356,2025-12-09,2026-01-09,fundive,2,6050,cancelled,Weather,T00754,8
B005807,C04357,2025-12-05,2026-01-09,DSD,1,5250,Completed,,T00754,9
B005808,C00565,15/12/2025,2026-01-10,Fun Dive,1,2800,No-show,,T00755,1
B005809,C04358,2026-01-05,2026-01-10,FUN DIVE,2,5700,completed,,T00755,2
B005810,C04359,December 28 2025,2026-01-10,DISCOVERY DIVE,1,5400,completed,,T00755,3
B005811,C02639,2025-12-23,2026-01-10,Fun dive,2,6500,Cancelled,Customer,T00755,4
B005812,C04360,2025-12-03,2026-01-10,COURSE,5,21850,Completed,,T00755,5
B005813,C04361,December 31 2025,2026-01-10,Discovery Dive,2,9800,completed,,T00755,7
B005814,C04362,06/01/2026,2026-01-10,FUN DIVE,3,10150,COMPLETED,,T00755,8
B005815,C04363,2025-12-02,2026-01-11,fun dive,4,11850, Completed,,T00756,1
B005816,C04301,12/12/2025,2026-01-11,discovery dive,1,4200,No-Show,,T00756,2
B005817,C04364,2025-12-19,2026-01-11,Fun Dive,2,7750,completed,,T00756,3
B005818,C03693,December 1 2025,2026-01-11,FUN DIVE,4,12450,No-Show,,T00756,4
B005819,C04365,07/12/2025,2026-01-11,PADI Course,4,20000,CANCELLED,,T00756,6
B005820,C03662,2025-12-12,2026-01-11,Fun Dive,4,13250, Completed,,T00756,7
B005821,C04366,04/01/2026,2026-01-11,PADI Course,5,24450, Completed,,T00756,9
B005822,C04367,2025-12-10,2026-01-11,Discovery,1,5100,No-show,,T00756,11
B005823,C03707,2025-12-19,2026-01-11,DSD,2,10750,COMPLETED,,T00756,12
B005824,C04368,2026-01-11,2026-01-11,FUN DIVE,1,3300,Completed,,T00757,1
B005825,C04369,2026-01-01,2026-01-11,fun dive,4,12150,COMPLETED,,T00757,2
B005826,C04370,04/01/2026,2026-01-11,FUN DIVE,4,14150, cancelled ,Customer,T00757,3
B005827,C04371,28/11/2025,2026-01-11,Discovery,1,4100,Completed,,T00757,4
B005828,C04372,December 13 2025,2026-01-11,Discovery Dive,1,4700, Completed,,T00757,5
B005829,C04373,21/12/2025,2026-01-11,DISCOVERY DIVE,1,5300, Completed,,T00757,7
B005830,C04374,December 13 2025,2026-01-11,DSD,1,4250,CANCELLED,Customer,T00757,8
B005831,C03817,23/12/2025,2026-01-12,FUN DIVE,2,7650,completed,,T00758,1
B005832,C04375,2025-12-30,2026-01-12,Fun Dive,1,3600,Completed,,T00758,2
B005833,C04376,2025-12-15,2026-01-12,COURSE,5,22500,COMPLETED,,T00758,3
B005834,C04377,December 22 2025,2026-01-12,fundive,4,11600,completed,,T00758,5
B005835,C04378,2025-12-20,2026-01-12,FUN DIVE,1,3450, Completed,,T00758,7
B005836,C04379,2025-12-13,2026-01-12,DISCOVERY DIVE,2,10200,completed,,T00758,8
B005837,C04380,December 2 2025,2026-01-12,discovery dive,1,5200, Completed,,T00758,9
B005838,C04381,December 7 2025,2026-01-13,Fun dive,1,3700,completed,,T00759,1
B005839,C03697,20/12/2025,2026-01-13,FUN DIVE,1,3050, Completed,,T00759,2
B005840,C03614,December 31 2025,2026-01-13,FUN DIVE,2,7300, cancelled ,,T00759,4
B005841,C04382,January 10 2026,2026-01-13,DSD,1,4600,COMPLETED,,T00759,5
B005842,C04288,16/12/2025,2026-01-13,Fun dive,2,7000,completed,,T00759,6
B005843,C04383,2025-12-02,2026-01-13,fundive,1,3350,Completed,,T00759,7
B005844,C04384,06/12/2025,2026-01-13,fundive,4,14400, Completed,,T00759,8
B005845,C04385,2026-01-01,2026-01-13,DSD,1,5100,COMPLETED,,T00759,9
B005846,C04386,12/01/2026,2026-01-13,Fun dive,3,10700,completed,,T00759,10
B005847,C02982,2025-12-11,2026-01-13,Fun dive,1,3200,Completed,,T00759,11
B005848,C04387,2025-12-19,2026-01-14,Fun Dive,2,6650,CANCELLED,Weather,T00760,1
B005849,C04388,2026-01-09,2026-01-14,Course,4,20050,cancelled,Customer,T00760,2
B005850,C04389,2025-11-30,2026-01-14,Fun dive,2,7600,Completed,,T00760,3
B005851,C04390,2025-12-31,2026-01-14,FUN DIVE,1,3550,completed,,T00760,5
B005852,C04261,December 19 2025,2026-01-14,Fun Dive,3,10550,Cancelled,Customer,T00760,6
B005853,C04391,2026-01-06,2026-01-14,COURSE,4,21050,COMPLETED,,T00760,7
B005854,C04392,December 7 2025,2026-01-14,Discovery Dive,1,4250,completed,,T00760,8
B005855,C04393,2026-01-03,2026-01-15,FUN DIVE,3,8850,Completed,,T00761,1
B005856,C04394,2025-12-10,2026-01-15,Discovery Dive,2,9150,cancelled,Customer,T00761,3
B005857,C04395,2025-12-26,2026-01-15,fun dive,3,10400,COMPLETED,,T00761,4
B005858,C03256,08/12/2025,2026-01-15,fun dive,1,3150,COMPLETED,,T00761,5
B005859,C02768,December 6 2025,2026-01-15,Discovery,1,4100,completed,,T00761,6
B005860,C04396,2026-01-01,2026-01-15,Fun Dive,3,10300,COMPLETED,,T00761,7
B005861,C04397,16/12/2025,2026-01-15,FUN DIVE,4,12250,COMPLETED,,T00761,8
B005862,C04398,December 9 2025,2026-01-15,fundive,2,5800,Completed,,T00761,9
B005863,C04399,31/12/2025,2026-01-16,Fun dive,4,11750,Completed,,T00762,2
B005864,C04400,2025-12-24,2026-01-16,DISCOVERY DIVE,1,4350,Cancelled,Customer,T00762,3
B005865,C04401,December 6 2025,2026-01-16,discovery dive,1,5500,completed,,T00762,4
B005866,C03759,2025-12-21,2026-01-16,fundive,1,3500,CANCELLED,Medical,T00762,5
B005867,C04402,2025-12-06,2026-01-16,Discovery Dive,1,4500,Completed,,T00762,6
B005868,C04403,15/12/2025,2026-01-16,discovery dive,1,5100, Completed,,T00762,8
B005869,C01792,2026-01-09,2026-01-17,Fun dive,1,3700,Completed,,T00763,1
B005870,C04404,2025-12-25,2026-01-17,course,5,23000,COMPLETED,,T00763,2
B005871,C04405,2025-12-18,2026-01-17,FUN DIVE,3,9150, Completed,,T00763,4
B005872,C04406,2025-12-14,2026-01-17,discovery dive,1,4050,COMPLETED,,T00763,5
B005873,C04407,2025-12-08,2026-01-17,Fun dive,1,3650,cancelled,Customer,T00763,6
B005874,C04408,2025-12-05,2026-01-17,Fun Dive,1,3700,No-show,,T00763,7
B005875,C04409,2025-12-10,2026-01-17,DISCOVERY DIVE,1,4050,COMPLETED,,T00763,8
B005876,C04410,2026-01-12,2026-01-17,FUN DIVE,1,3750, Completed,,T00763,10
B005877,C04411,December 20 2025,2026-01-17,Fun Dive,1,3450,cancelled,,T00764,1
B005878,C04412,2026-01-15,2026-01-17,fun dive,2,6300,completed,,T00764,3
B005879,C04413,2026-01-08,2026-01-17,Fun Dive,2,5850, cancelled ,Weather,T00764,4
B005880,C04414,2025-12-07,2026-01-17,fun dive,3,10500,Completed,,T00764,5
B005881,C04415,2025-12-13,2026-01-17,Discovery,1,4550,No-Show,,T00764,6
B005882,C04416,December 30 2025,2026-01-17,DSD,1,4900,Completed,,T00764,7
B005883,C04112,2025-12-20,2026-01-17,fundive,1,3050,CANCELLED,,T00764,8
B005884,C04417,2026-01-04,2026-01-17,discovery dive,2,10600,COMPLETED,,T00764,9
B005885,C04418,2026-01-08,2026-01-17,PADI Course,4,24750,completed,,T00764,11
B005886,C04419,2025-12-12,2026-01-18,fundive,2,6150,cancelled,Weather,T00765,2
B005887,C04420,2026-01-10,2026-01-18,Fun dive,4,13900, Completed,,T00765,3
B005888,C04421,2026-01-06,2026-01-18,Fun Dive,1,3750,Completed,,T00765,5
B005889,C03857,05/01/2026,2026-01-18,FUN DIVE,1,3300,Cancelled,Weather,T00765,6
B005890,C04422,17/01/2026,2026-01-18,fundive,3,9550, cancelled ,Weather,T00765,7
B005891,C04423,2025-12-09,2026-01-18,FUN DIVE,2,6150,Cancelled,Weather,T00765,8
B005892,C04424,2026-01-10,2026-01-18,Fun dive,2,5800, cancelled ,,T00765,9
B005893,C04425,2026-01-07,2026-01-18,DISCOVERY DIVE,1,-4100,cancelled,Weather,T00765,10
B005894,C04426,2026-01-05,2026-01-18,discovery dive,1,5250,Completed,,T00765,11
B005895,C04427,21/12/2025,2026-01-19,FUN DIVE,4,11150, Completed,,T00766,1
B005896,C04428,2025-12-09,2026-01-19,FUN DIVE,3,9350,NO-SHOW,,T00766,2
B005897,C04429,2025-12-08,2026-01-19,FUN DIVE,1,3350,COMPLETED,,T00766,3
B005898,C04302,2026-01-15,2026-01-19,Fun Dive,1,2950,NO-SHOW,,T00766,4
B005899,C04430,2026-01-11,2026-01-19,DSD,1,5250,Completed,,T00766,6
B005900,C04431,2026-01-16,2026-01-19,FUN DIVE,2,7300, cancelled ,Customer,T00766,7
B005901,C04432,2025-12-31,2026-01-19,FUN DIVE,2,6900, Completed,,T00766,8
B005902,C04433,09/12/2025,2026-01-19,DSD,1,4250,COMPLETED,,T00766,9
B005903,C04379,2026-01-13,2026-01-19,Discovery Dive,2,9700, Completed,,T00766,10
B005904,C03853,2025-12-05,2026-01-19,Fun dive,3,9550,Completed,,T00766,11
B005905,C04434,December 6 2025,2026-01-19,discovery dive,1,5000,CANCELLED,,T00767,1
B005906,C04435,2026-01-09,2026-01-19,fundive,1,3200,COMPLETED,,T00767,2
B005907,C04436,2025-12-12,2026-01-19,discovery dive,1,4500,cancelled,Medical,T00767,3
B005908,C03948,2025-12-11,2026-01-19,DISCOVERY DIVE,1,5150,CANCELLED,Weather,T00767,5
B005909,C04437,2025-12-28,2026-01-19,PADI Course,4,26050,Completed,,T00767,6
B005910,C04438,15/12/2025,2026-01-19,FUN DIVE,1,3000,Completed,,T00767,7
B005911,C04439,2026-01-08,2026-01-19,discovery dive,1,4500,Completed,,T00767,8
B005912,C04440,2025-12-25,2026-01-19,Discovery Dive,1,4450,completed,,T00767,9
B005913,C04441,01/01/2026,2026-01-19,DISCOVERY DIVE,1,5500,Completed,,T00767,10
B005914,C04442,December 26 2025,2026-01-19,COURSE,5,25800,completed,,T00767,11
B005915,C04443,2025-12-24,2026-01-20,fun dive,1,3150,cancelled,Weather,T00768,2
B005916,C04444,2025-12-06,2026-01-20,Discovery,1,4400,cancelled,,T00768,3
B005917,C04445,2025-12-10,2026-01-20,Discovery,2,10500,Completed,,T00768,4
B005918,C04446,2026-01-14,2026-01-20,discovery dive,1,4450,Cancelled,Weather,T00768,5
B005919,C04447,2026-01-12,2026-01-20,fundive,4,13050,COMPLETED,,T00768,6
B005920,C04448,2025-12-11,2026-01-20,Discovery Dive,1,4350,Cancelled,Weather,T00768,7
B005921,C04449,2025-12-13,2026-01-20,DSD,1,4550,CANCELLED,Weather,T00768,8
B005922,C04450,01/01/2026,2026-01-20,Fun dive,2,6050,cancelled,Customer,T00768,10
B005923,C04429,2025-12-26,2026-01-20,fundive,4,13750, Completed,,T00769,3
B005924,C04055,2025-12-24,2026-01-20,Discovery,1,5150,COMPLETED,,T00769,4
B005925,C04451,2025-12-11,2026-01-20,Discovery,1,4600, cancelled ,,T00769,5
B005926,C04452,2025-12-25,2026-01-20,Fun Dive,2,6200,CANCELLED,Weather,T00769,6
B005927,C04453,2026-01-14,2026-01-20,DISCOVERY DIVE,1,5200,Cancelled,Weather,T00769,7
B005928,C04454,03/01/2026,2026-01-20,fun dive,3,9950,completed,,T00769,9
B005929,C04455,09/12/2025,2026-01-20,Discovery,1,4600, cancelled ,Weather,T00769,10
B005930,C04456,2025-12-26,2026-01-20,DISCOVERY DIVE,1,5100,Cancelled,Weather,T00769,11
B005931,C04457,2026-01-11,2026-01-20,FUN DIVE,1,2800,CANCELLED,Weather,T00769,12
B005932,C04458,2025-12-15,2026-01-21,Fun dive,3,10100,COMPLETED,,T00770,1
B005933,C02507,2026-01-07,2026-01-21,Course,5,25700,Completed,,T00770,3
B005934,C04459,2026-01-01,2026-01-21,fundive,1,3600, Completed,,T00770,4
B005935,C04460,2025-12-18,2026-01-21,DISCOVERY DIVE,2,10600,completed,,T00770,5
B005936,C04461,2025-12-08,2026-01-21,fundive,1,3150,completed,,T00770,6
B005937,C04462,2025-12-13,2026-01-21,Fun dive,3,10650, Completed,,T00770,7
B005938,C04101,December 23 2025,2026-01-21,DISCOVERY DIVE,1,4750, Completed,,T00770,8
B005939,C04463,December 10 2025,2026-01-22,Fun dive,3,9200, Completed,,T00771,1
B005940,C04464,2025-12-23,2026-01-22,course,4,22400, Completed,,T00771,2
B005941,C04465,2025-12-31,2026-01-22,FUN DIVE,1,2800,CANCELLED,,T00771,5
B005942,C04466,January 2 2026,2026-01-22,Course,4,25050,cancelled,Medical,T00771,6
B005943,C04467,22/01/2026,2026-01-22,fun dive,2,6950,COMPLETED,,T00771,7
B005944,C04468,14/12/2025,2026-01-22,COURSE,5,27050, Completed,,T00771,8
B005945,C03745,22/01/2026,2026-01-22,fundive,4,11350,Completed,,T00771,9
B005946,C04469,2025-12-18,2026-01-22,Fun Dive,2,6800,Cancelled,Customer,T00771,10
B005947,C04470,December 22 2025,2026-01-23,DSD,1,5500,COMPLETED,,T00772,1
B005948,C04471,24/12/2025,2026-01-23,FUN DIVE,4,13450,Completed,,T00772,2
B005949,C04472,2026-01-02,2026-01-23,COURSE,4,22550,cancelled,Customer,T00772,3
B005950,C04386,2026-01-13,2026-01-23,PADI Course,4,27150,completed,,T00772,5
B005951,C04473,2025-12-27,2026-01-23,FUN DIVE,4,12400,Cancelled,Medical,T00772,6
B005952,C04474,2026-01-11,2026-01-23,FUN DIVE,4,15050,COMPLETED,,T00772,7
B005953,C04475,2026-01-01,2026-01-23,Fun dive,4,13950,completed,,T00772,9
B005954,C00609,23/01/2026,2026-01-23,fundive,3,10300, Completed,,T00772,10
B005955,C03871,16/01/2026,2026-01-24,Course,5,22950,CANCELLED,Customer,T00773,2
B005956,C04476,2026-01-24,2026-01-24,Fun dive,1,3600,Completed,,T00773,3
B005957,C04477,2026-01-15,2026-01-24,Discovery Dive,1,4900,CANCELLED,Weather,T00773,4
B005958,C04478,2026-01-07,2026-01-24,fundive,3,11250,No-Show,,T00773,5
B005959,C04479,10/01/2026,2026-01-24,DISCOVERY DIVE,1,5550,Completed,,T00773,7
B005960,C03689,27/12/2025,2026-01-24,FUN DIVE,2,6700,Completed,,T00773,8
B005961,C04480,2026-01-06,2026-01-24,FUN DIVE,2,5600, Completed,,T00773,9
B005962,C04481,2025-12-18,2026-01-24,fundive,3,9150,completed,,T00774,1
B005963,C04215,2025-12-10,2026-01-24,Discovery,1,4250,CANCELLED,,T00774,2
B005964,C04482,January 9 2026,2026-01-24,FUN DIVE,1,3600,completed,,T00774,3
B005965,C04483,2025-12-20,2026-01-24,FUN DIVE,1,3650,Completed,,T00774,4
B005966,C04484,2025-12-31,2026-01-24,fun dive,3,9800,COMPLETED,,T00774,5
B005967,C04353,2026-01-17,2026-01-24,Fun dive,3,9900, Completed,,T00774,7
B005968,C04485,2025-12-24,2026-01-24,DISCOVERY DIVE,1,4050, cancelled ,Customer,T00774,8
B005969,C04486,23/01/2026,2026-01-24,fun dive,4,12150,COMPLETED,,T00774,9
B005970,C04487,18/01/2026,2026-01-25,Fun dive,2,6750,Completed,,T00775,1
B005971,C04488,2026-01-17,2026-01-25,COURSE,4,27500,Completed,,T00775,4
B005972,C04489,23/12/2025,2026-01-25,course,5,25350, Completed,,T00775,5
B005973,C04490,2025-12-20,2026-01-25,Fun dive,4,12350,COMPLETED,,T00775,6
B005974,C04491,December 16 2025,2026-01-25,fundive,4,14950,Completed,,T00775,7
B005975,C04492,2026-01-05,2026-01-25,course,5,24850,completed,,T00775,8
B005976,C04424,08/01/2026,2026-01-25,PADI Course,5,21650,Completed,,T00775,9
B005977,C04433,2025-12-14,2026-01-25,Discovery,2,8000, Completed,,T00775,10
B005978,C04493,January 23 2026,2026-01-25,PADI Course,4,20800,COMPLETED,,T00775,11
B005979,C04494,2026-01-18,2026-01-25,Discovery Dive,2,9950,CANCELLED,Customer,T00775,12
B005980,C04495,25/01/2026,2026-01-26,FUN DIVE,4,14000,COMPLETED,,T00776,1
B005981,C04401,2025-12-20,2026-01-26,DSD,1,4800, Completed,,T00776,2
B005982,C04496,2025-12-17,2026-01-26,Fun dive,1,3400,completed,,T00776,3
B005983,C03824,2025-12-17,2026-01-26,Fun Dive,2,6000, Completed,,T00776,4
B005984,C04497,2025-12-13,2026-01-26,DISCOVERY DIVE,1,5150,Cancelled,,T00776,6
B005985,C04498,2025-12-26,2026-01-26,FUN DIVE,3,11000, Completed,,T00776,8
B005986,C04499,01/01/2026,2026-01-26,DSD,2,8600,Completed,,T00776,9
B005987,C04500,2025-12-22,2026-01-26,DISCOVERY DIVE,1,5100,completed,,T00777,1
B005988,C04501,25/01/2026,2026-01-26,DSD,1,5200,Completed,,T00777,2
B005989,C04502,2025-12-22,2026-01-26,Fun Dive,4,12950,completed,,T00777,4
B005990,C04503,2026-01-03,2026-01-26,COURSE,4,25300, Completed,,T00777,5
B005991,C04504,2026-01-18,2026-01-26,fun dive,1,3450, Completed,,T00777,6
B005992,C04221,2026-01-13,2026-01-26,Fun Dive,4,14000, Completed,,T00777,7
B005993,C03802,2025-12-15,2026-01-27,FUN DIVE,3,10450,COMPLETED,,T00778,1
B005994,C04505,2026-01-12,2026-01-27,fun dive,1,3450,Completed,,T00778,2
B005995,C04245,20/12/2025,2026-01-27,discovery dive,1,4550,Completed,,T00778,3
B005996,C04506,2026-01-05,2026-01-27,discovery dive,1,4400,NO-SHOW,,T00778,4
B005997,C04171,2026-01-13,2026-01-27,Discovery,1,4700,completed,,T00778,5
B005998,C04507,2026-01-13,2026-01-27,course,5,24650,COMPLETED,,T00778,6
B005999,C04508,15/01/2026,2026-01-27,fun dive,3,10750,Completed,,T00778,7
B006000,C04509,31/12/2025,2026-01-27,discovery dive,1,4300,Completed,,T00778,9
B006001,C04510,January 16 2026,2026-01-27,Fun dive,3,8600,Completed,,T00778,10
B006002,C04511,2026-01-03,2026-01-28,DISCOVERY DIVE,1,5050,completed,,T00779,1
B006003,C03755,17/01/2026,2026-01-28,fun dive,3,9500,CANCELLED,,T00779,2
B006004,C04512,2025-12-20,2026-01-28,COURSE,5,27600, Completed,,T00779,3
B006005,C04513,13/01/2026,2026-01-28,Fun Dive,1,3550,completed,,T00779,5
B006006,C04514,2026-01-28,2026-01-28,DSD,2,9900,completed,,T00779,6
B006007,C04515,2025-12-19,2026-01-28,fun dive,2,5950,Completed,,T00779,7
B006008,C04516,05/01/2026,2026-01-28,DISCOVERY DIVE,1,5150,COMPLETED,,T00779,8
B006009,C04517,2025-12-19,2026-01-28,fundive,2,6800, cancelled ,Customer,T00779,9
B006010,C04518,2026-01-03,2026-01-28,Fun Dive,3,10450,Completed,,T00779,11
B006011,C04519,2025-12-20,2026-01-29,Fun dive,1,2750,COMPLETED,,T00780,1
B006012,C04520,2026-01-06,2026-01-29,DISCOVERY DIVE,1,4850,Completed,,T00780,2
B006013,C04521,24/01/2026,2026-01-29,FUN DIVE,2,6600,Completed,,T00780,3
B006014,C04522,18/01/2026,2026-01-29,Fun Dive,1,3700,completed,,T00780,4
B006015,C04523,06/01/2026,2026-01-29,fun dive,4,11350, Completed,,T00780,5
B006016,C04524,20/12/2025,2026-01-29,fun dive,1,3250, Completed,,T00780,6
B006017,C04525,2026-01-09,2026-01-29,FUN DIVE,4,12300,Cancelled,Medical,T00780,7
B006018,C04526,2026-01-23,2026-01-29,Discovery,2,9200,CANCELLED,Medical,T00780,9
B006019,C01387,2026-01-07,2026-01-29,Fun Dive,2,7350,COMPLETED,,T00780,10
B006020,C04527,December 27 2025,2026-01-29,Discovery Dive,2,8450,cancelled,Weather,T00780,11
B006021,C04528,03/01/2026,2026-01-29,fun dive,3,9350,cancelled,Customer,T00780,12
B006022,C04529,2026-01-07,2026-01-30,Discovery Dive,1,5150, Completed,,T00781,1
B006023,C04530,2026-01-22,2026-01-30,Fun Dive,2,5850,cancelled,,T00781,2
B006024,C04531,2025-12-29,2026-01-30,DISCOVERY DIVE,1,4250,COMPLETED,,T00781,3
B006025,C03877,2026-01-24,2026-01-30,fundive,2,6950,completed,,T00781,4
B006026,C04532,06/01/2026,2026-01-30,DISCOVERY DIVE,1,5350, Completed,,T00781,5
B006027,C04533,2025-12-22,2026-01-30,Fun Dive,3,9300, Completed,,T00781,6
B006028,C04534,2026-01-23,2026-01-30,fundive,3,9600,completed,,T00781,7
B006029,C04535,December 31 2025,2026-01-30,Discovery,1,5000, Completed,,T00781,8
B006030,C04536,2026-01-23,2026-01-31,discovery dive,1,4000,Completed,,T00782,1
B006031,C04537,2025-12-28,2026-01-31,Fun dive,3,10600, Completed,,T00782,2
B006032,C04538,2026-01-20,2026-01-31,FUN DIVE,2,7200,COMPLETED,,T00782,3
B006033,C04263,2026-01-22,2026-01-31,fundive,3,11050,completed,,T00782,4
B006034,C04539,December 30 2025,2026-01-31,DSD,1,4550,COMPLETED,,T00782,6
B006035,C04540,January 29 2026,2026-01-31,discovery dive,1,5050,completed,,T00782,7
B006036,C04541,2026-01-06,2026-01-31,fun dive,3,10900, Completed,,T00782,9
B006037,C04542,2026-01-13,2026-01-31,DISCOVERY DIVE,1,4400, Completed,,T00782,10
B006038,C04543,2025-12-29,2026-02-01,fundive,1,3300,cancelled,Weather,T00783,1
B006039,C04544,2026-01-12,2026-02-01,discovery dive,1,5050,cancelled,Weather,T00783,2
B006040,C04545,22/12/2025,2026-02-01,DSD,1,5300,Cancelled,,T00783,3
B006041,C04546,December 29 2025,2026-02-01,fun dive,1,3800,cancelled,Weather,T00783,4
B006042,C04547,January 26 2026,2026-02-01,DSD,1,4150,No-Show,,T00783,6
B006043,C04548,09/01/2026,2026-02-01,fundive,1,3150,CANCELLED,Weather,T00783,7
B006044,C04549,2025-12-27,2026-02-01,fun dive,3,10350,Cancelled,Weather,T00783,8
B006045,C03759,13/01/2026,2026-02-01,FUN DIVE,4,14550,cancelled,Weather,T00783,10
B006046,C04550,2026-01-18,2026-02-01,DSD,1,4950,completed,,T00783,11
B006047,C03941,02/01/2026,2026-02-01,COURSE,5,27250, cancelled ,,T00783,12
B006048,C04551,21/01/2026,2026-02-02,DSD,2,10000,Completed,,T00784,1
B006049,C04552,2026-01-14,2026-02-02,PADI Course,5,23900,COMPLETED,,T00784,2
B006050,C04553,2026-01-27,2026-02-02,Discovery Dive,1,5200, Completed,,T00784,3
B006051,C04512,02/02/2026,2026-02-02,fundive,3,11150, Completed,,T00784,5
B006052,C04554,2026-01-17,2026-02-02,Fun dive,1,3300,CANCELLED,Customer,T00784,6
B006053,C04555,29/01/2026,2026-02-02,DISCOVERY DIVE,1,4350,COMPLETED,,T00784,7
B006054,C04556,2026-01-25,2026-02-02,fun dive,2,6900, Completed,,T00784,9
B006055,C04557,15/01/2026,2026-02-02,fun dive,3,10200,completed,,T00784,10
B006056,C04558,2026-01-13,2026-02-02,DISCOVERY DIVE,1,5300,COMPLETED,,T00785,1
B006057,C04559,2026-01-31,2026-02-02,Fun dive,1,3500,no-show,,T00785,2
B006058,C04560,22/01/2026,2026-02-02,fun dive,1,3550,COMPLETED,,T00785,4
B006059,C04561,2026-01-09,2026-02-02,Course,5,23550,cancelled,Weather,T00785,6
B006060,C04562,2026-01-16,2026-02-02,Discovery Dive,1,5050,CANCELLED,Weather,T00785,7
B006061,C04124,2025-12-25,2026-02-02,Discovery,1,4500,completed,,T00785,8
B006062,C04563,08/01/2026,2026-02-02,Discovery Dive,1,4800,COMPLETED,,T00785,10
B006063,C04564,2026-01-03,2026-02-03,discovery dive,1,4500, cancelled ,Medical,T00786,1
B006064,C04565,January 8 2026,2026-02-03,DSD,1,4300,cancelled,Customer,T00786,4
B006065,C04566,10/01/2026,2026-02-03,discovery dive,2,10700,Completed,,T00786,5
B006066,C04567,January 22 2026,2026-02-03,FUN DIVE,2,6800,cancelled,Customer,T00786,6
B006067,C04568,09/01/2026,2026-02-03,DISCOVERY DIVE,1,4600, Completed,,T00786,7
B006068,C00092,2026-01-04,2026-02-03,FUN DIVE,3,10650,Completed,,T00786,8
B006069,C04569,06/01/2026,2026-02-03,Fun Dive,2,5750,COMPLETED,,T00786,9
B006070,C04570,05/01/2026,2026-02-04,Fun Dive,2,6050,COMPLETED,,T00787,1
B006071,C04571,2025-12-24,2026-02-04,Discovery,1,5400,Cancelled,Customer,T00787,2
B006072,C04572,2025-12-26,2026-02-04,discovery dive,1,5250, Completed,,T00787,4
B006073,C04309,2025-12-26,2026-02-04,fundive,2,6850,COMPLETED,,T00787,5
B006074,C04058,2025-12-22,2026-02-04,DISCOVERY DIVE,1,4000,Cancelled,Medical,T00787,6
B006075,C04573,2026-01-28,2026-02-04,FUN DIVE,3,11250,Completed,,T00787,7
B006076,C04574,20/01/2026,2026-02-04,fundive,1,3450,completed,,T00787,8
B006077,C04575,2026-01-28,2026-02-05,Fun dive,1,3800, cancelled ,Customer,T00788,1
B006078,C04576,2026-01-16,2026-02-05,DSD,1,3950, Completed,,T00788,3
B006079,C04577,2026-01-24,2026-02-05,DSD,1,4550,NO-SHOW,,T00788,4
B006080,C02795,2026-01-06,2026-02-05,fun dive,1,3050,Completed,,T00788,5
B006081,C04578,2026-01-14,2026-02-05,Course,4,21400,Completed,,T00788,6
B006082,C04579,2025-12-25,2026-02-05,Discovery,1,4450,completed,,T00788,7
B006083,C04580,2026-02-03,2026-02-05,Fun Dive,1,3300, Completed,,T00788,8
B006084,C04581,2026-01-15,2026-02-05,Discovery,1,5600,Completed,,T00788,9
B006085,C04582,2026-01-30,2026-02-05,discovery dive,1,4850, Completed,,T00788,10
B006086,C04583,2026-02-03,2026-02-05,fun dive,4,14050, Completed,,T00789,2
B006087,C03788,January 9 2026,2026-02-05,DSD,2,8050,Cancelled,Customer,T00789,3
B006088,C04314,2026-01-21,2026-02-05,fundive,1,3050,Completed,,T00789,4
B006089,C04584,25/01/2026,2026-02-05,fun dive,3,9400,Completed,,T00789,5
B006090,C04158,2025-12-28,2026-02-05,fundive,2,7550,Completed,,T00789,6
B006091,C04585,January 23 2026,2026-02-05,fundive,3,10400,COMPLETED,,T00789,7
B006092,C04586,December 24 2025,2026-02-05,Discovery,1,4350,cancelled,Customer,T00789,8
B006093,C04587,27/01/2026,2026-02-05,PADI Course,5,25900,COMPLETED,,T00789,9
B006094,C04588,07/01/2026,2026-02-05,FUN DIVE,2,6950,Completed,,T00789,10
B006095,C04589,2025-12-30,2026-02-06,Fun Dive,2,7350,completed,,T00790,1
B006096,C04590,03/02/2026,2026-02-06,fundive,1,3100,COMPLETED,,T00790,2
B006097,C04591,2026-01-17,2026-02-06,DISCOVERY DIVE,1,5250, Completed,,T00790,3
B006098,C04069,2026-02-06,2026-02-06,fun dive,2,6900,Cancelled,Medical,T00790,4
B006099,C04592,2026-01-10,2026-02-06,FUN DIVE,2,5650,COMPLETED,,T00790,5
B006100,C04593,January 20 2026,2026-02-06,DSD,1,5300,COMPLETED,,T00790,8
B006101,C04594,2025-12-24,2026-02-06,PADI Course,4,21900, Completed,,T00790,9
B006102,C04595,2026-01-24,2026-02-06,DISCOVERY DIVE,1,5050,completed,,T00791,2
B006103,C04596,2026-02-02,2026-02-06,FUN DIVE,4,13550,COMPLETED,,T00791,3
B006104,C04597,17/01/2026,2026-02-06,Discovery,1,4100, Completed,,T00791,4
B006105,C04137,2026-01-19,2026-02-06,DSD,1,5400,COMPLETED,,T00791,5
B006106,C04598,02/01/2026,2026-02-06,DSD,1,4550, Completed,,T00791,6
B006107,C04599,2026-01-05,2026-02-06,Discovery,1,5450,Completed,,T00791,7
B006108,C04299,22/01/2026,2026-02-06,FUN DIVE,4,13550,completed,,T00791,8
B006109,C04600,2025-12-27,2026-02-07,discovery dive,1,5100,Completed,,T00792,1
B006110,C04601,27/01/2026,2026-02-07,Fun Dive,2,6000,COMPLETED,,T00792,4
B006111,C04602,January 28 2026,2026-02-07,course,5,25600,completed,,T00792,5
B006112,C04603,January 17 2026,2026-02-07,Discovery Dive,1,4950,Completed,,T00792,7
B006113,C04604,01/01/2026,2026-02-07,FUN DIVE,1,3850,Completed,,T00792,8
B006114,C04605,2026-01-30,2026-02-07,Fun dive,1,3500, Completed,,T00792,9
B006115,C04606,February 3 2026,2026-02-07,DSD,1,4450,completed,,T00792,10
B006116,C04607,30/12/2025,2026-02-07,course,4,21800,Completed,,T00792,11
B006117,C04608,2026-01-08,2026-02-07,DISCOVERY DIVE,1,4750, Completed,,T00792,12
B006118,C04609,December 28 2025,2026-02-08,discovery dive,1,5000,completed,,T00793,1
B006119,C04610,2026-02-01,2026-02-08,fun dive,2,7350,Completed,,T00793,3
B006120,C04611,20/01/2026,2026-02-08,fundive,1,3000,completed,,T00793,4
B006121,C04612,2026-01-02,2026-02-08,Fun dive,1,2900,COMPLETED,,T00793,5
B006122,C03977,08/01/2026,2026-02-08,Fun dive,2,6700,COMPLETED,,T00793,6
B006123,C04613,February 7 2026,2026-02-08,fundive,1,3050,Cancelled,Customer,T00793,7
B006124,C04614,2026-01-05,2026-02-08,PADI Course,4,21400,cancelled,,T00793,8
B006125,C04615,January 19 2026,2026-02-08,DSD,1,5450,COMPLETED,,T00793,9
B006126,C04616,2026-02-06,2026-02-08,discovery dive,1,5400,completed,,T00793,10
B006127,C04617,03/01/2026,2026-02-08,FUN DIVE,2,7000, Completed,,T00793,11
B006128,C04618,28/12/2025,2026-02-08,fundive,2,7300,COMPLETED,,T00794,1
B006129,C04619,2026-01-17,2026-02-08,Fun dive,3,9050,Completed,,T00794,3
B006130,C04620,10/01/2026,2026-02-08,Fun dive,4,12400,cancelled,Customer,T00794,4
B006131,C04621,2026-01-31,2026-02-08,discovery dive,1,5000, Completed,,T00794,6
B006132,C04622,2026-01-29,2026-02-08,COURSE,5,20350,Completed,,T00794,7
B006133,C04449,02/02/2026,2026-02-08,Discovery Dive,1,4100,COMPLETED,,T00794,8
B006134,C04623,29/12/2025,2026-02-08,discovery dive,1,5200,Completed,,T00794,9
B006135,C04624,2026-01-19,2026-02-08,DISCOVERY DIVE,1,4950,no-show,,T00794,10
B006136,C04317,February 1 2026,2026-02-09,PADI Course,4,22750, Completed,,T00795,1
B006137,C04492,23/01/2026,2026-02-09,Discovery,1,4450,Completed,,T00795,2
B006138,C04257,January 1 2026,2026-02-09,Fun Dive,2,5550,COMPLETED,,T00795,4
B006139,C04625,January 2 2026,2026-02-09,DSD,1,4150,completed,,T00795,5
B006140,C04626,09/01/2026,2026-02-09,DISCOVERY DIVE,1,4250,completed,,T00795,6
B006141,C04627,07/02/2026,2026-02-09,DISCOVERY DIVE,1,4100,COMPLETED,,T00795,7
B006142,C04628,2026-01-06,2026-02-09,Discovery,1,5400,completed,,T00795,8
B006143,C04423,2026-01-01,2026-02-10,Fun Dive,2,6200, Completed,,T00796,1
B006144,C04629,05/01/2026,2026-02-10,Fun Dive,1,3500,Completed,,T00796,3
B006145,C04630,2026-01-11,2026-02-10,fun dive,2,6850,completed,,T00796,4
B006146,C04631,2026-01-25,2026-02-10,FUN DIVE,3,10250,completed,,T00796,5
B006147,C04632,2026-01-24,2026-02-10,DSD,1,4500,Completed,,T00796,6
B006148,C04633,February 2 2026,2026-02-10,FUN DIVE,1,3550, Completed,,T00796,7
B006149,C04634,February 2 2026,2026-02-10,PADI Course,5,24950, Completed,,T00796,8
B006150,C04635,2026-01-12,2026-02-10,course,5,25150,NO-SHOW,,T00796,9
B006151,C04636,2026-01-09,2026-02-11,FUN DIVE,2,5600, cancelled ,Customer,T00797,1
B006152,C04637,2026-01-26,2026-02-11,PADI Course,5,22150,completed,,T00797,3
B006153,C04638,2026-02-06,2026-02-11,COURSE,4,23650,Cancelled,Customer,T00797,4
B006154,C04639,2025-12-30,2026-02-11,Course,4,22800,cancelled,Customer,T00797,6
B006155,C04640,2026-01-15,2026-02-11,fundive,1,3750,no-show,,T00797,7
B006156,C04641,2025-12-30,2026-02-11,fundive,1,3350,completed,,T00797,9
B006157,C04642,2026-02-06,2026-02-11,fundive,1,3050,Completed,,T00797,10
B006158,C04643,2026-01-23,2026-02-11,discovery dive,2,9050,completed,,T00797,11
B006159,C04108,2026-01-03,2026-02-12,discovery dive,1,5100,Completed,,T00798,1
B006160,C04644,2026-01-25,2026-02-12,fun dive,3,10100, Completed,,T00798,3
B006161,C04645,09/01/2026,2026-02-12,fun dive,1,3350,Completed,,T00798,4
B006162,C04168,2026-01-04,2026-02-12,FUN DIVE,1,3300,Completed,,T00798,5
B006163,C04646,2026-01-05,2026-02-12,FUN DIVE,3,8400,COMPLETED,,T00798,6
B006164,C04647,01/01/2026,2026-02-12,FUN DIVE,1,3600,Completed,,T00798,7
B006165,C04648,January 13 2026,2026-02-12,fun dive,1,2900, cancelled ,Customer,T00798,8
B006166,C04546,31/12/2025,2026-02-12,FUN DIVE,2,7500,Completed,,T00798,9
B006167,C04649,2026-01-29,2026-02-13,Fun dive,2,7050,completed,,T00799,1
B006168,C04650,2026-01-10,2026-02-13,fun dive,1,3450,completed,,T00799,2
B006169,C04368,2026-01-29,2026-02-13,fundive,3,10100,COMPLETED,,T00799,3
B006170,C04651,2026-01-23,2026-02-13,Fun Dive,1,2950,Cancelled,Customer,T00799,4
B006171,C04652,2026-01-04,2026-02-13,DSD,1,4450,CANCELLED,Customer,T00799,5
B006172,C04653,2026-02-12,2026-02-13,fun dive,1,3350,completed,,T00799,7
B006173,C04654,2026-01-05,2026-02-13,Course,5,25550,COMPLETED,,T00800,1
B006174,C03938,27/01/2026,2026-02-13,discovery dive,1,5300,COMPLETED,,T00800,4
B006175,C04655,2026-02-08,2026-02-13,Fun Dive,2,7300,completed,,T00800,5
B006176,C04656,2026-02-08,2026-02-13,Fun Dive,2,6850,Completed,,T00800,6
B006177,C04657,2026-01-01,2026-02-13,DSD,1,4250, cancelled ,,T00800,7
B006178,C04658,2026-01-06,2026-02-13,Discovery,1,5050,Completed,,T00800,8
B006179,C04659,2026-01-28,2026-02-14,fundive,2,6700,Completed,,T00801,1
B006180,C04660,February 3 2026,2026-02-14,Discovery,1,5350,Completed,,T00801,2
B006181,C04661,2026-01-16,2026-02-14,fun dive,3,8300, Completed,,T00801,3
B006182,C04662,2026-01-13,2026-02-14,DSD,1,4200,No-show,,T00801,4
B006183,C04543,2025-12-31,2026-02-14,FUN DIVE,1,3250,completed,,T00801,5
B006184,C04663,2026-01-28,2026-02-14,DISCOVERY DIVE,1,4950,No-show,,T00801,6
B006185,C04664,January 2 2026,2026-02-14,Fun dive,1,2850,Completed,,T00801,7
B006186,C03909,2026-01-01,2026-02-14,DSD,1,4700,CANCELLED,Medical,T00801,8
B006187,C04665,2026-01-01,2026-02-14,Discovery,1,5400,completed,,T00801,9
B006188,C04666,2026-01-22,2026-02-15,Fun Dive,2,6300, Completed,,T00802,1
B006189,C04667,04/01/2026,2026-02-15,Fun Dive,1,2850,COMPLETED,,T00802,2
B006190,C04668,2026-01-08,2026-02-15,Discovery,1,4450,Cancelled,,T00802,3
B006191,C04017,2026-01-18,2026-02-15,Discovery Dive,1,5000, Completed,,T00802,4
B006192,C04669,31/01/2026,2026-02-15,fundive,3,9600,Completed,,T00802,6
B006193,C04670,2026-01-15,2026-02-15,discovery dive,1,4000,COMPLETED,,T00802,7
B006194,C04671,2026-02-11,2026-02-15,Discovery,1,5200,COMPLETED,,T00802,8
B006195,C04672,2026-02-10,2026-02-15,discovery dive,1,3950,No-Show,,T00802,9
B006196,C04673,2026-02-11,2026-02-15,Discovery,1,5450,Completed,,T00803,2
B006197,C04674,2026-02-02,2026-02-15,Fun dive,4,12300, Completed,,T00803,3
B006198,C04675,02/02/2026,2026-02-15,DSD,1,5450,CANCELLED,Customer,T00803,4
B006199,C04128,January 25 2026,2026-02-15,Fun dive,3,10150,completed,,T00803,5
B006200,C04676,06/02/2026,2026-02-15,Fun Dive,1,3050,completed,,T00803,6
B006201,C04677,2026-01-08,2026-02-15,DISCOVERY DIVE,2,9750,completed,,T00803,8
B006202,C04678,2026-01-03,2026-02-15,DISCOVERY DIVE,1,4000,completed,,T00803,9
B006203,C04679,06/01/2026,2026-02-16,fundive,4,11700,No-Show,,T00804,2
B006204,C04680,January 22 2026,2026-02-16,discovery dive,1,4500,COMPLETED,,T00804,3
B006205,C04681,2026-01-14,2026-02-16,Discovery Dive,1,4350,cancelled,Customer,T00804,4
B006206,C04682,28/01/2026,2026-02-16,DISCOVERY DIVE,1,4800,CANCELLED,Customer,T00804,5
B006207,C04683,14/01/2026,2026-02-16,fun dive,1,2950,completed,,T00804,6
B006208,C02255,04/02/2026,2026-02-16,Discovery Dive,1,4900,COMPLETED,,T00804,7
B006209,C04684,2026-01-26,2026-02-16,Discovery Dive,1,4950,Completed,,T00804,9
B006210,C04685,2026-02-08,2026-02-16,fun dive,3,8250,COMPLETED,,T00804,11
B006211,C04686,2026-01-15,2026-02-17,DSD,2,8350,completed,,T00805,1
B006212,C04687,22/01/2026,2026-02-17,Fun Dive,2,6050, Completed,,T00805,3
B006213,C04688,2026-01-28,2026-02-17,DSD,1,4200, Completed,,T00805,4
B006214,C04689,2026-01-29,2026-02-17,FUN DIVE,1,3300,COMPLETED,,T00805,5
B006215,C04690,2026-02-15,2026-02-17,COURSE,4,25100,Completed,,T00805,6
B006216,C04691,February 5 2026,2026-02-17,Discovery Dive,1,5350,completed,,T00805,7
B006217,C04692,04/01/2026,2026-02-17,Discovery,1,4450, Completed,,T00805,8
B006218,C04693,2026-01-24,2026-02-18,Discovery Dive,1,4750,completed,,T00806,1
B006219,C04694,2026-01-05,2026-02-18,Discovery,1,5050,completed,,T00806,3
B006220,C00668,11/01/2026,2026-02-18,FUN DIVE,2,7500,completed,,T00806,4
B006221,C04039,2026-02-05,2026-02-18,fundive,4,13050,COMPLETED,,T00806,5
B006222,C04695,January 13 2026,2026-02-18,fundive,3,9100,COMPLETED,,T00806,6
B006223,C04696,2026-01-17,2026-02-18,Fun dive,2,6850,Completed,,T00806,7
B006224,C04697,23/01/2026,2026-02-18,Course,4,26700,completed,,T00806,8
B006225,C04698,2026-02-06,2026-02-18,Discovery,2,8950, Completed,,T00806,10
B006226,C04699,2026-02-12,2026-02-18,fun dive,3,9000,Completed,,T00806,11
B006227,C03917,2026-02-08,2026-02-18,fundive,2,5850,COMPLETED,,T00807,1
B006228,C04700,2026-01-30,2026-02-18,Discovery Dive,1,4900,completed,,T00807,3
B006229,C04701,2026-01-06,2026-02-18,Fun Dive,2,7300, Completed,,T00807,4
B006230,C04702,2026-02-15,2026-02-18,COURSE,4,26300,Cancelled,,T00807,5
B006231,C04703,2026-01-28,2026-02-18,discovery dive,1,5150,Completed,,T00807,6
B006232,C04704,2026-02-14,2026-02-18,Discovery Dive,1,5150,COMPLETED,,T00807,8
B006233,C04705,February 14 2026,2026-02-18,FUN DIVE,2,7700, Completed,,T00807,9
B006234,C04090,2026-01-04,2026-02-18,Fun Dive,1,3600,COMPLETED,,T00807,11
B006235,C04706,2026-02-14,2026-02-19,FUN DIVE,1,3100, cancelled ,Weather,T00808,1
B006236,C04707,2026-01-27,2026-02-19,Fun dive,3,8450,Completed,,T00808,2
B006237,C04549,February 16 2026,2026-02-19,Fun dive,4,14000,COMPLETED,,T00808,4
B006238,C04708,2026-02-04,2026-02-19,discovery dive,1,5550,COMPLETED,,T00808,5
B006239,C04709,2026-02-15,2026-02-19,Discovery,1,4350,No-Show,,T00808,6
B006240,C04710,2026-01-25,2026-02-19,FUN DIVE,4,13350, Completed,,T00808,7
B006241,C04711,2026-02-12,2026-02-20,DSD,2,10750,CANCELLED,Weather,T00809,1
B006242,C04712,10/01/2026,2026-02-20,FUN DIVE,3,9600,COMPLETED,,T00809,2
B006243,C04713,2026-01-13,2026-02-20,Fun dive,2,7500,Completed,,T00809,3
B006244,C04714,08/02/2026,2026-02-20,FUN DIVE,3,10350,Completed,,T00809,4
B006245,C04715,February 18 2026,2026-02-20,DISCOVERY DIVE,1,4850,completed,,T00809,5
B006246,C04716,2026-01-31,2026-02-20,Discovery Dive,1,5450,cancelled,Weather,T00809,6
B006247,C04717,February 18 2026,2026-02-20,Discovery Dive,1,4200,cancelled,Weather,T00809,7
B006248,C03693,January 8 2026,2026-02-20,fun dive,1,2800, cancelled ,,T00809,10
B006249,C04718,2026-02-10,2026-02-20,discovery dive,2,10000,Completed,,T00810,1
B006250,C04719,27/01/2026,2026-02-20,fundive,2,5700,cancelled,Weather,T00810,2
B006251,C04720,2026-02-12,2026-02-20,course,4,20550,cancelled,,T00810,4
B006252,C04721,2026-02-16,2026-02-20,PADI Course,4,26850, cancelled ,Weather,T00810,5
B006253,C04722,21/01/2026,2026-02-20,fundive,2,5550,cancelled,Weather,T00810,6
B006254,C04723,2026-01-19,2026-02-20,PADI Course,5,25600,COMPLETED,,T00810,7
B006255,C04724,2026-01-16,2026-02-20,DSD,1,5100,Cancelled,Customer,T00810,8
B006256,C04725,2026-02-14,2026-02-20,Discovery,1,5000,Completed,,T00810,9
B006257,C04726,2026-01-06,2026-02-20,fun dive,3,9200,Cancelled,Customer,T00810,10
B006258,C04448,21/02/2026,2026-02-21,DSD,2,8400,Cancelled,Weather,T00811,3
B006259,C04727,2026-01-08,2026-02-21,fun dive,1,3650,completed,,T00811,4
B006260,C04728,January 21 2026,2026-02-21,Course,4,20900, cancelled ,Weather,T00811,5
B006261,C04729,07/02/2026,2026-02-21,fun dive,4,11700,cancelled,Weather,T00811,6
B006262,C04730,21/01/2026,2026-02-21,discovery dive,1,4750, cancelled ,Medical,T00811,7
B006263,C04731,04/02/2026,2026-02-21,FUN DIVE,1,3800,completed,,T00811,8
B006264,C04732,2026-01-19,2026-02-22,DISCOVERY DIVE,1,4850,completed,,T00812,1
B006265,C04733,2026-02-10,2026-02-22,FUN DIVE,4,12550,completed,,T00812,2
B006266,C04734,11/02/2026,2026-02-22,fundive,2,5700,COMPLETED,,T00812,3
B006267,C04735,20/02/2026,2026-02-22,DISCOVERY DIVE,1,4800,COMPLETED,,T00812,5
B006268,C04736,2026-02-01,2026-02-22,Discovery Dive,1,4000,completed,,T00812,6
B006269,C04737,14/02/2026,2026-02-22,DSD,1,4000, Completed,,T00812,8
B006270,C04738,2026-01-09,2026-02-22,discovery dive,1,5450,completed,,T00812,10
B006271,C04739,2026-01-28,2026-02-23,COURSE,4,24800,completed,,T00813,1
B006272,C04740,26/01/2026,2026-02-23,Fun Dive,4,14800,Cancelled,Customer,T00813,2
B006273,C04741,2026-02-15,2026-02-23,DISCOVERY DIVE,1,4050, cancelled ,Customer,T00813,3
B006274,C04742,11/01/2026,2026-02-23,PADI Course,4,25550,completed,,T00813,4
B006275,C04743,2026-02-06,2026-02-23,fundive,1,3550,completed,,T00813,5
B006276,C04744,22/01/2026,2026-02-23,Fun dive,3,8450,Completed,,T00813,7
B006277,C04566,2026-02-19,2026-02-23,discovery dive,2,10500,COMPLETED,,T00813,8
B006278,C04745,2026-01-28,2026-02-23,Discovery,1,5100,completed,,T00813,9
B006279,C03990,2026-02-04,2026-02-23,fundive,1,2950,COMPLETED,,T00813,11
B006280,C04746,2026-01-13,2026-02-23,Discovery,1,4100,completed,,T00814,1
B006281,C04747,13/02/2026,2026-02-23,COURSE,4,21000,cancelled,Customer,T00814,3
B006282,C04748,2026-01-12,2026-02-23,Fun dive,3,8900,COMPLETED,,T00814,4
B006283,C04749,2026-02-01,2026-02-23,FUN DIVE,2,6700,cancelled,Customer,T00814,5
B006284,C04750,2026-02-23,2026-02-23,fun dive,4,12700,completed,,T00814,6
B006285,C04751,February 18 2026,2026-02-23,fundive,4,13450,completed,,T00814,7
B006286,C04752,2026-01-11,2026-02-23,Discovery,1,4350,Completed,,T00814,8
B006287,C04753,2026-01-28,2026-02-23,FUN DIVE,1,3300,completed,,T00814,9
B006288,C04754,22/02/2026,2026-02-23,Discovery,1,5250,COMPLETED,,T00814,10
B006289,C04755,2026-01-14,2026-02-23,Fun Dive,1,3700,Completed,,T00814,11
B006290,C04756,24/02/2026,2026-02-24,Fun Dive,1,3500,COMPLETED,,T00815,2
B006291,C04757,2026-02-21,2026-02-24,DSD,1,5450, Completed,,T00815,3
B006292,C04758,26/01/2026,2026-02-24,Fun Dive,1,3550,cancelled,Customer,T00815,4
B006293,C04759,2026-02-08,2026-02-24,Fun dive,1,3700, cancelled ,Customer,T00815,5
B006294,C04760,2026-01-17,2026-02-24,fun dive,1,3550,Completed,,T00815,6
B006295,C04692,18/02/2026,2026-02-24,Fun Dive,1,3000,Completed,,T00815,8
B006296,C04586,17/01/2026,2026-02-24,Fun Dive,3,8350,Completed,,T00816,1
B006297,C04761,2026-02-12,2026-02-24,fun dive,4,12650,cancelled,Weather,T00816,2
B006298,C04762,22/02/2026,2026-02-24,PADI Course,4,23450,COMPLETED,,T00816,3
B006299,C04374,2026-01-15,2026-02-24,DISCOVERY DIVE,1,4300,COMPLETED,,T00816,5
B006300,C04763,2026-01-16,2026-02-24,Discovery,1,4300,completed,,T00816,6
B006301,C00848,February 12 2026,2026-02-24,discovery dive,1,5300,completed,,T00816,8
B006302,C04627,2026-02-22,2026-02-24,Course,5,22650,Completed,,T00816,9
B006303,C04300,21/02/2026,2026-02-25,Fun dive,1,3200,Completed,,T00817,1
B006304,C04764,February 11 2026,2026-02-25,fundive,1,3350, Completed,,T00817,2
B006305,C04765,2026-02-12,2026-02-25,PADI Course,5,22350,completed,,T00817,3
B006306,C04766,2026-01-14,2026-02-25,DSD,1,4950,completed,,T00817,4
B006307,C04767,2026-01-25,2026-02-25,Fun Dive,1,3350,Completed,,T00817,5
B006308,C04768,February 14 2026,2026-02-25,discovery dive,2,9950,no-show,,T00817,6
B006309,C04769,2026-02-08,2026-02-25,Fun Dive,3,10900, cancelled ,Customer,T00817,8
B006310,C04770,2026-02-14,2026-02-25,DSD,1,4950, Completed,,T00817,9
B006311,C04771,February 8 2026,2026-02-25,Fun Dive,3,8700,No-Show,,T00817,10
B006312,C01156,2026-02-06,2026-02-25,PADI Course,5,24950,cancelled,Weather,T00817,11
B006313,C04772,14/02/2026,2026-02-25,fun dive,2,6850, Completed,,T00817,12
B006314,C04773,2026-01-27,2026-02-26,Discovery Dive,1,4500, Completed,,T00818,1
B006315,C04774,2026-02-25,2026-02-26,fun dive,1,2750,Completed,,T00818,2
B006316,C04775,22/01/2026,2026-02-26,DSD,1,4800,Completed,,T00818,4
B006317,C04776,2026-01-29,2026-02-26,PADI Course,4,24550,COMPLETED,,T00818,5
B006318,C04777,January 27 2026,2026-02-26,Discovery,1,5300,cancelled,Customer,T00818,6
B006319,C04778,2026-02-18,2026-02-26,Discovery Dive,1,4550,COMPLETED,,T00818,7
B006320,C04779,2026-01-16,2026-02-26,Fun Dive,1,3550, Completed,,T00818,8
B006321,C04780,2026-02-27,2026-02-27,fundive,2,7200,COMPLETED,,T00819,2
B006322,C04781,February 4 2026,2026-02-27,Fun dive,3,10100, Completed,,T00819,3
B006323,C04782,26/01/2026,2026-02-27,DSD,1,4300,completed,,T00819,4
B006324,C04783,15/02/2026,2026-02-27,fun dive,1,3850, Completed,,T00819,5
B006325,C04082,2026-01-18,2026-02-27,Fun dive,2,6250,CANCELLED,Medical,T00819,6
B006326,C04784,2026-02-16,2026-02-27,Course,4,23150,completed,,T00819,7
B006327,C04362,January 16 2026,2026-02-27,fun dive,3,10100,No-show,,T00819,8
B006328,C02434,2026-02-17,2026-02-27,Discovery Dive,2,9900,No-Show,,T00819,9
B006329,C04785,03/02/2026,2026-02-27,course,5,25550,COMPLETED,,T00820,2
B006330,C04786,29/01/2026,2026-02-27,FUN DIVE,1,3200,Completed,,T00820,3
B006331,C04002,February 11 2026,2026-02-27,FUN DIVE,1,3500,CANCELLED,Customer,T00820,4
B006332,C04787,2026-01-18,2026-02-27,Fun dive,1,3550,CANCELLED,Medical,T00820,5
B006333,C04788,2026-01-17,2026-02-27,DISCOVERY DIVE,1,5400,NO-SHOW,,T00820,7
B006334,C04789,2026-02-09,2026-02-27,COURSE,4,22500,Cancelled,Weather,T00820,8
B006335,C04790,04/02/2026,2026-02-27,Discovery,1,5250,CANCELLED,,T00820,9
B006336,C04791,January 31 2026,2026-02-28,Fun Dive,2,-6550,COMPLETED,,T00821,1
B006337,C04792,06/02/2026,2026-02-28,PADI Course,4,25100,cancelled,,T00821,2
B006338,C04793,2026-02-27,2026-02-28,fun dive,1,3050,COMPLETED,,T00821,4
B006339,C04794,2026-01-27,2026-02-28,PADI Course,4,23000,Completed,,T00821,5
B006340,C04795,February 18 2026,2026-02-28,DSD,1,5000,completed,,T00821,6
B006341,C04796,2026-01-22,2026-02-28,DSD,1,4050, Completed,,T00821,7
B006342,C04797,February 16 2026,2026-02-28,Fun Dive,1,2900,Completed,,T00821,8
B006343,C04038,27/02/2026,2026-02-28,Fun dive,1,3750,COMPLETED,,T00821,10
B006344,C04798,2026-02-03,2026-02-28,DISCOVERY DIVE,1,4400,no-show,,T00821,11
B006345,C04799,2026-01-16,2026-02-28,DSD,2,8050,Completed,,T00822,1
B006346,C04800,14/02/2026,2026-02-28,DISCOVERY DIVE,1,4250,COMPLETED,,T00822,2
B006347,C04801,February 23 2026,2026-02-28,DSD,1,4900, Completed,,T00822,3
B006348,C04431,2026-01-23,2026-02-28,Course,4,25500,Completed,,T00822,4
B006349,C04802,February 4 2026,2026-02-28,Fun Dive,1,3000, cancelled ,Weather,T00822,5
B006350,C04803,2026-02-01,2026-02-28,Fun dive,3,10850,completed,,T00822,6
B006351,C04217,2026-02-28,2026-02-28,fun dive,1,3150, cancelled ,Customer,T00822,7
B006352,C04804,2026-02-26,2026-02-28,FUN DIVE,3,10300,completed,,T00822,9
B006353,C04612,21/01/2026,2026-03-01,FUN DIVE,1,3000,completed,,T00823,1
B006354,C04805,February 26 2026,2026-03-01,DISCOVERY DIVE,1,4600,Completed,,T00823,2
B006355,C04660,12/02/2026,2026-03-01,DISCOVERY DIVE,1,4800,Completed,,T00823,3
B006356,C04806,2026-01-20,2026-03-01,DISCOVERY DIVE,1,4050,completed,,T00823,4
B006357,C04807,February 7 2026,2026-03-01,Fun Dive,1,3700,cancelled,,T00823,5
B006358,C04808,2026-01-27,2026-03-01,Fun dive,1,3450,completed,,T00823,6
B006359,C04809,19/01/2026,2026-03-02,discovery dive,1,5500,COMPLETED,,T00824,1
B006360,C04810,2026-02-20,2026-03-02,Fun dive,1,3500,COMPLETED,,T00824,2
B006361,C04811,February 5 2026,2026-03-02,Discovery Dive,1,5050, cancelled ,,T00824,3
B006362,C04812,2026-02-25,2026-03-02,course,4,24400,completed,,T00824,4
B006363,C04813,2026-02-06,2026-03-02,fundive,4,14600, Completed,,T00824,6
B006364,C04814,05/02/2026,2026-03-02,DSD,1,4250,CANCELLED,Customer,T00824,7
B006365,C04815,2026-02-11,2026-03-02,Discovery Dive,1,4550,cancelled,,T00824,8
B006366,C04816,2026-02-02,2026-03-03,fundive,4,14300,completed,,T00825,1
B006367,C04817,2026-02-27,2026-03-03,Discovery Dive,1,4650,Cancelled,Customer,T00825,2
B006368,C04818,2026-02-25,2026-03-03,course,5,24000,COMPLETED,,T00825,3
B006369,C04819,February 7 2026,2026-03-03,DSD,1,5000,completed,,T00825,5
B006370,C04820,06/02/2026,2026-03-03,Course,4,27150,COMPLETED,,T00825,6
B006371,C04686,February 8 2026,2026-03-03,PADI Course,5,20300,completed,,T00825,7
B006372,C04821,January 18 2026,2026-03-03,DISCOVERY DIVE,1,5000,completed,,T00825,8
B006373,C04822,15/02/2026,2026-03-04,fun dive,3,8650,completed,,T00826,1
B006374,C00647,2026-02-13,2026-03-04,Fun dive,3,10900, Completed,,T00826,2
B006375,C04823,04/02/2026,2026-03-04,FUN DIVE,4,12650,Completed,,T00826,4
B006376,C04824,2026-02-10,2026-03-04,fundive,1,3650,completed,,T00826,6
B006377,C04825,February 11 2026,2026-03-04,DSD,2,9500, Completed,,T00826,7
B006378,C04826,2026-02-16,2026-03-04,PADI Course,4,20400,COMPLETED,,T00826,8
B006379,C04827,2026-02-08,2026-03-04,discovery dive,1,4750,COMPLETED,,T00826,9
B006380,C04828,19/01/2026,2026-03-04,course,5,21950,no-show,,T00826,10
B006381,C04829,2026-02-09,2026-03-05,FUN DIVE,4,13600,completed,,T00827,1
B004734,C03485,2025-04-15,2025-05-26,discovery dive,1,4350, Completed,,T00614,1
B006382,C04830,2026-02-04,2026-03-05,DISCOVERY DIVE,1,5500,COMPLETED,,T00827,2
B006383,C04831,2026-01-26,2026-03-05,Discovery,1,5100,COMPLETED,,T00827,3
B006384,C04693,2026-01-28,2026-03-05,fundive,2,7350,NO-SHOW,,T00827,4
B006385,C04424,2026-02-05,2026-03-05,Fun Dive,2,5900,CANCELLED,Customer,T00827,5
B006386,C04832,14/02/2026,2026-03-05,DISCOVERY DIVE,1,4900,completed,,T00827,6
B006387,C04833,February 18 2026,2026-03-05,Discovery,1,4550,No-show,,T00827,7
B006388,C04834,27/01/2026,2026-03-06,Discovery Dive,1,5450,completed,,T00828,1
B006389,C01180,February 11 2026,2026-03-06,Discovery Dive,1,4300,COMPLETED,,T00828,2
B006390,C04835,13/02/2026,2026-03-06,DISCOVERY DIVE,1,5550,Completed,,T00828,4
B006391,C04836,March 4 2026,2026-03-06,FUN DIVE,4,15050,Completed,,T00828,5
B006392,C04837,01/02/2026,2026-03-06,DISCOVERY DIVE,1,4150,completed,,T00828,7
B006393,C04838,2026-03-04,2026-03-06,DISCOVERY DIVE,1,4350,Completed,,T00828,8
B006394,C04839,2026-02-14,2026-03-07,Fun dive,2,6300,completed,,T00829,1
B006395,C04840,25/02/2026,2026-03-07,fundive,3,11300, cancelled ,Customer,T00829,3
B006396,C04841,2026-02-19,2026-03-07,fundive,1,3150, cancelled ,,T00829,5
B006397,C04842,2026-02-14,2026-03-07,DISCOVERY DIVE,1,5100,COMPLETED,,T00829,6
B006398,C04843,February 25 2026,2026-03-07,Fun Dive,1,3600,completed,,T00829,7
B006399,C04844,2026-03-02,2026-03-07,Fun Dive,1,2850, Completed,,T00829,8
B006400,C04845,February 15 2026,2026-03-07,fundive,2,5800,No-show,,T00830,1
B006401,C04846,2026-02-19,2026-03-07,Discovery Dive,1,5500, Completed,,T00830,2
B006402,C04847,2026-02-07,2026-03-07,Fun dive,2,7500, Completed,,T00830,3
B006403,C01736,2026-02-20,2026-03-07,Course,4,26600, Completed,,T00830,6
B006404,C04848,25/02/2026,2026-03-07,course,5,24200, Completed,,T00830,7
B006405,C04849,2026-02-08,2026-03-07,fundive,2,6100,completed,,T00830,8
B006406,C04207,2026-01-24,2026-03-07,Fun dive,2,5950,NO-SHOW,,T00830,9
B006407,C04850,February 11 2026,2026-03-07,Course,5,25300,completed,,T00830,10
B006408,C04851,2026-02-05,2026-03-07,DISCOVERY DIVE,1,4100,completed,,T00830,11
B006409,C04852,23/02/2026,2026-03-08,course,5,27650,COMPLETED,,T00831,1
B006410,C04853,2026-03-08,2026-03-08,fundive,1,3100,Completed,,T00831,3
B006411,C04186,08/03/2026,2026-03-08,FUN DIVE,4,13650,COMPLETED,,T00831,4
B006412,C04854,18/02/2026,2026-03-08,fundive,2,5650, Completed,,T00831,5
B006413,C04855,2026-01-30,2026-03-08,fun dive,2,6700,Cancelled,Customer,T00831,6
B006414,C04856,2026-02-01,2026-03-08,Fun Dive,4,14600,COMPLETED,,T00831,7
B006415,C04805,2026-02-12,2026-03-08,FUN DIVE,2,6000,cancelled,Customer,T00831,8
B006416,C04576,09/02/2026,2026-03-08,Fun dive,3,8250,Completed,,T00831,9
B006417,C04857,2026-03-08,2026-03-09,DSD,1,4800,COMPLETED,,T00832,1
B006418,C04858,06/02/2026,2026-03-09,Discovery,1,4900,COMPLETED,,T00832,4
B006419,C04859,2026-02-09,2026-03-09,Fun Dive,2,6650,Completed,,T00832,5
B006420,C04860,2026-03-01,2026-03-09,Fun dive,2,6600,completed,,T00832,6
B006421,C04861,2026-02-13,2026-03-09,PADI Course,5,20100, Completed,,T00832,7
B006422,C04862,February 28 2026,2026-03-09,DSD,1,5300,completed,,T00832,8
B006423,C04863,28/01/2026,2026-03-09,Fun Dive,2,6600, Completed,,T00833,1
B006424,C04864,2026-01-29,2026-03-09,fun dive,2,7200,Completed,,T00833,2
B006425,C04865,2026-02-22,2026-03-09,fun dive,1,3000,Completed,,T00833,5
B006426,C04866,2026-02-06,2026-03-09,DISCOVERY DIVE,1,4900, Completed,,T00833,6
B006427,C04867,2026-01-23,2026-03-09,DSD,1,4450,COMPLETED,,T00833,7
B006428,C04868,2026-03-07,2026-03-09,Course,5,25100,completed,,T00833,8
B006429,C04869,2026-02-05,2026-03-09,fun dive,3,9250,NO-SHOW,,T00833,10
B006430,C04870,2026-03-03,2026-03-09,Discovery Dive,2,8050,Completed,,T00833,11
B006431,C04871,2026-02-26,2026-03-10,discovery dive,1,5050,COMPLETED,,T00834,1
B006432,C04872,February 14 2026,2026-03-10,fun dive,1,3600,COMPLETED,,T00834,2
B006433,C00092,2026-02-22,2026-03-10,fundive,1,3700,Completed,,T00834,4
B006434,C04865,2026-01-31,2026-03-10,fun dive,4,11050,NO-SHOW,,T00834,5
B006435,C04873,2026-02-25,2026-03-10,PADI Course,5,22200, Completed,,T00834,6
B006436,C04134,2026-01-28,2026-03-10,COURSE,4,27400, Completed,,T00834,7
B006437,C04874,January 27 2026,2026-03-10,DSD,1,4850,Completed,,T00834,8
B006438,C04875,February 10 2026,2026-03-10,FUN DIVE,2,6450, Completed,,T00834,9
B006439,C04876,20/02/2026,2026-03-10,Fun Dive,2,6700, Completed,,T00834,10
B006440,C04877,2026-03-10,2026-03-10,discovery dive,1,4650,Completed,,T00834,11
B006441,C04878,2026-02-14,2026-03-10,fun dive,2,7450,Completed,,T00834,12
B006442,C04879,2026-03-10,2026-03-11,Fun dive,4,14800,COMPLETED,,T00835,2
B006443,C04880,2026-03-01,2026-03-11,Course,5,24250,COMPLETED,,T00835,5
B006444,C04881,2026-03-05,2026-03-11,FUN DIVE,2,6950,completed,,T00835,6
B006445,C04882,23/02/2026,2026-03-11,fundive,1,3000,completed,,T00835,7
B006446,C04883,2026-02-25,2026-03-11,Course,4,24100,completed,,T00835,8
B006447,C04884,22/02/2026,2026-03-11,fun dive,1,2850, Completed,,T00835,9
B006448,C04885,18/02/2026,2026-03-12,Discovery,1,3950,No-show,,T00836,3
B006449,C04886,17/02/2026,2026-03-12,fun dive,3,11450, cancelled ,,T00836,4
B006450,C04887,2026-02-07,2026-03-12,Course,4,23150,Completed,,T00836,5
B006451,C04888,07/03/2026,2026-03-12,DISCOVERY DIVE,1,5550, Completed,,T00836,6
B006452,C04889,February 21 2026,2026-03-12,Fun dive,3,9400,Completed,,T00836,7
B006453,C04890,2026-02-16,2026-03-12,Fun dive,2,6800,COMPLETED,,T00836,8
B006454,C04885,25/02/2026,2026-03-12,FUN DIVE,3,9450,Completed,,T00836,9
B006455,C01252,24/02/2026,2026-03-12,Discovery Dive,1,5000,COMPLETED,,T00836,10
B006456,C04891,January 30 2026,2026-03-12,Discovery Dive,1,4400,cancelled,Customer,T00836,11
B006457,C04892,2026-01-30,2026-03-12,Fun Dive,2,6150, Completed,,T00836,12
B006458,C04893,2026-02-01,2026-03-13,Discovery,1,4350,COMPLETED,,T00837,1
B006459,C04894,2026-03-01,2026-03-13,fun dive,2,7400,COMPLETED,,T00837,2
B006460,C04895,2026-02-20,2026-03-13,fun dive,2,6250, Completed,,T00837,3
B006461,C04896,10/03/2026,2026-03-13,discovery dive,1,5250, Completed,,T00837,4
B006462,C04897,2026-02-28,2026-03-13,Discovery,1,5350,COMPLETED,,T00837,5
B006463,C04613,2026-03-07,2026-03-13,Fun Dive,3,8600,completed,,T00837,6
B006464,C04898,2026-02-25,2026-03-13,DSD,1,5000,completed,,T00837,7
B006465,C00996,2026-02-16,2026-03-13,fundive,1,2950, Completed,,T00837,8
B006466,C04899,28/02/2026,2026-03-14,PADI Course,4,21200,COMPLETED,,T00838,1
B006467,C04900,2026-03-05,2026-03-14,FUN DIVE,2,6600,Completed,,T00838,2
B006468,C04901,2026-03-04,2026-03-14,DSD,1,5000,Completed,,T00838,3
B006469,C04902,04/02/2026,2026-03-14,FUN DIVE,4,12200,Cancelled,Customer,T00838,4
B006470,C04903,2026-03-14,2026-03-14,Discovery,1,4750,Completed,,T00838,5
B006471,C04904,February 6 2026,2026-03-14,fundive,1,3150,COMPLETED,,T00838,6
B006472,C04905,2026-03-11,2026-03-14,FUN DIVE,1,327465,CANCELLED,Medical,T00838,7
B006473,C04906,2026-02-21,2026-03-14,DSD,1,4300,cancelled,Customer,T00838,8
B006474,C03070,2026-02-18,2026-03-14,discovery dive,1,4900,COMPLETED,,T00838,9
B006475,C04907,2026-02-02,2026-03-14,course,4,26100,Completed,,T00838,11
B006476,C04908,February 13 2026,2026-03-14,DSD,1,4550,COMPLETED,,T00838,12
B006477,C04909,27/02/2026,2026-03-14,FUN DIVE,2,6800,Completed,,T00839,1
B006478,C04910,March 7 2026,2026-03-14,Fun dive,1,3400,COMPLETED,,T00839,3
B006479,C04911,2026-02-19,2026-03-14,Discovery,2,8800,completed,,T00839,4
B006480,C04912,February 10 2026,2026-03-14,FUN DIVE,3,10750,completed,,T00839,7
B006481,C04913,February 11 2026,2026-03-14,Fun dive,1,3300,No-show,,T00839,8
B006482,C04234,2026-03-10,2026-03-14,Course,5,24100, Completed,,T00839,9
B006483,C04914,2026-03-06,2026-03-14,Fun dive,2,6850,CANCELLED,Customer,T00839,10
B006484,C04915,2026-03-01,2026-03-14,fundive,1,2850, cancelled ,Weather,T00840,1
B006485,C04757,08/03/2026,2026-03-14,Discovery,1,5150,completed,,T00840,2
B006486,C04916,2026-03-13,2026-03-14,Fun dive,1,2950, cancelled ,Customer,T00840,3
B006487,C04917,05/03/2026,2026-03-14,Course,4,23400, Completed,,T00840,4
B006488,C04918,2026-03-11,2026-03-14,fun dive,1,3050,completed,,T00840,6
B006489,C04919,06/03/2026,2026-03-14,DISCOVERY DIVE,1,4350,completed,,T00840,7
B006490,C04920,01/02/2026,2026-03-14,fundive,2,6900, Completed,,T00840,8
B006491,C04921,February 15 2026,2026-03-14,DSD,2,9450,COMPLETED,,T00840,9
B006492,C04922,2026-02-23,2026-03-14,Course,5,24950,Completed,,T00840,11
B006493,C04923,2026-02-07,2026-03-14,Fun Dive,4,11300,No-show,,T00840,12
B006494,C04924,2026-02-25,2026-03-15,DISCOVERY DIVE,1,4950,completed,,T00841,1
B006495,C02073,04/03/2026,2026-03-15,FUN DIVE,2,5900, Completed,,T00841,2
B006496,C04925,09/03/2026,2026-03-15,fun dive,4,12050,NO-SHOW,,T00841,3
B006497,C04926,2026-02-08,2026-03-15,COURSE,5,25100,completed,,T00841,4
B006498,C04625,2026-01-30,2026-03-15,fundive,2,5650,no-show,,T00841,5
B006499,C04927,04/02/2026,2026-03-15,Discovery Dive,1,5350, Completed,,T00841,8
B006500,C04928,2026-02-25,2026-03-15,Fun Dive,1,3300,completed,,T00841,9
B006501,C04929,2026-03-07,2026-03-15,Fun Dive,2,6750,COMPLETED,,T00841,10
B006502,C04930,2026-03-05,2026-03-16,Fun Dive,1,3600, Completed,,T00842,1
B006503,C04931,February 22 2026,2026-03-16,FUN DIVE,2,7700,Completed,,T00842,2
B006504,C04932,2026-03-01,2026-03-16,Discovery Dive,1,5400, Completed,,T00842,3
B006505,C04901,March 11 2026,2026-03-16,discovery dive,1,5000,COMPLETED,,T00842,4
B006506,C04933,2026-02-15,2026-03-16,fundive,1,3000,no-show,,T00842,5
B006507,C04934,2026-01-31,2026-03-16,fundive,2,6200,completed,,T00842,6
B006508,C04935,04/03/2026,2026-03-16,fun dive,3,10000, Completed,,T00842,8
B006509,C04936,2026-02-24,2026-03-16,Fun dive,1,3600,completed,,T00842,9
B006510,C04937,February 15 2026,2026-03-16,Discovery Dive,1,4050,completed,,T00842,10
B006511,C04938,2026-02-06,2026-03-16,fun dive,2,6050,completed,,T00843,1
B006512,C04939,2026-03-05,2026-03-16,FUN DIVE,2,6900,completed,,T00843,2
B006513,C04940,2026-03-01,2026-03-16,Fun dive,3,8750, Completed,,T00843,3
B006514,C04941,2026-02-10,2026-03-16,DSD,1,5350, cancelled ,Customer,T00843,4
B006515,C04942,2026-02-09,2026-03-16,PADI Course,4,20050,completed,,T00843,5
B006516,C01736,09/02/2026,2026-03-16,fundive,2,6600, Completed,,T00843,6
B006517,C04943,2026-02-19,2026-03-16,fun dive,2,6800,Cancelled,,T00843,7
B006518,C04944,March 5 2026,2026-03-16,Fun dive,2,6350,completed,,T00843,9
B006519,C04945,2026-02-24,2026-03-16,FUN DIVE,3,10650,COMPLETED,,T00843,11
B006520,C04946,19/02/2026,2026-03-17,Discovery,1,5200,completed,,T00844,2
B006521,C04947,05/03/2026,2026-03-17,fundive,3,10400,CANCELLED,Customer,T00844,3
B006522,C04936,2026-02-28,2026-03-17,Fun Dive,1,3300,CANCELLED,,T00844,4
B006523,C04948,2026-03-12,2026-03-17,FUN DIVE,1,3450,completed,,T00844,5
B006524,C04949,2026-03-08,2026-03-17,DSD,1,5200,COMPLETED,,T00844,6
B006525,C04950,2026-02-18,2026-03-17,FUN DIVE,4,13950,Completed,,T00844,7
B006526,C04951,2026-02-07,2026-03-17,FUN DIVE,1,2850,CANCELLED,,T00844,8
B006527,C04445,16/03/2026,2026-03-18,course,4,25300,cancelled,Customer,T00845,2
B006528,C04952,15/02/2026,2026-03-18,Fun dive,4,13400, Completed,,T00845,3
B006529,C04953,2026-02-13,2026-03-18,Fun Dive,4,12200,completed,,T00845,4
B006530,C04954,2026-02-02,2026-03-18,fun dive,1,2850,COMPLETED,,T00845,5
B006531,C04677,March 4 2026,2026-03-18,discovery dive,1,4800,Completed,,T00845,6
B006532,C04955,February 6 2026,2026-03-18,fun dive,1,3500, Completed,,T00845,7
B006533,C04956,2026-02-07,2026-03-18,DISCOVERY DIVE,1,4500,COMPLETED,,T00845,9
B006534,C04957,14/02/2026,2026-03-18,Fun dive,2,6250,CANCELLED,Customer,T00845,10
B006535,C04958,2026-02-25,2026-03-18,COURSE,5,26450,Completed,,T00845,11
B006536,C04959,04/02/2026,2026-03-18,discovery dive,1,4400, Completed,,T00845,12
B006537,C04960,2026-02-22,2026-03-19,Discovery Dive,1,5250,cancelled,Customer,T00846,2
B006538,C04961,07/02/2026,2026-03-19,fun dive,2,5850,Completed,,T00846,3
B006539,C04962,2026-03-08,2026-03-19,Fun Dive,2,5900,Completed,,T00846,4
B006540,C04963,09/03/2026,2026-03-19,Fun Dive,2,7450,completed,,T00846,5
B006541,C04964,2026-02-03,2026-03-19,course,5,23850,completed,,T00846,6
B006542,C04965,2026-03-17,2026-03-19,Discovery Dive,1,4850,completed,,T00846,7
B006543,C04966,2026-03-09,2026-03-19,fun dive,1,3800,COMPLETED,,T00846,8
B006544,C04967,February 25 2026,2026-03-20,fundive,3,10200,CANCELLED,Medical,T00847,1
B006545,C04968,10/03/2026,2026-03-20,fun dive,1,2950, cancelled ,Customer,T00847,3
B006546,C04969,2026-02-10,2026-03-20,fundive,3,10400,completed,,T00847,4
B006547,C04970,2026-02-26,2026-03-20,PADI Course,5,26500,CANCELLED,Customer,T00847,5
B006548,C04971,2026-02-18,2026-03-20,Fun dive,2,6400,Completed,,T00847,6
B006549,C04972,2026-02-20,2026-03-20,Course,4,26400, Completed,,T00847,7
B006550,C04973,2026-02-23,2026-03-20,Discovery Dive,1,5050,Completed,,T00847,8
B006551,C04974,2026-02-22,2026-03-21,FUN DIVE,4,15450,COMPLETED,,T00848,2
B006552,C04975,2026-03-11,2026-03-21,COURSE,4,24000,COMPLETED,,T00848,3
B006553,C04180,2026-02-13,2026-03-21,Fun dive,3,8950,COMPLETED,,T00848,4
B006554,C04976,February 11 2026,2026-03-21,Discovery Dive,1,5400, Completed,,T00848,5
B006555,C04977,2026-02-16,2026-03-21,DISCOVERY DIVE,1,5100,Completed,,T00848,6
B006556,C04978,2026-03-04,2026-03-21,discovery dive,1,4650,Completed,,T00848,8
B006557,C04979,2026-02-25,2026-03-21,fundive,2,6950,COMPLETED,,T00848,9
B006558,C04980,24/02/2026,2026-03-22,DISCOVERY DIVE,1,4250,No-Show,,T00849,1
B006559,C04981,February 7 2026,2026-03-22,discovery dive,1,4600, Completed,,T00849,3
B006560,C04982,2026-02-10,2026-03-22,Fun Dive,1,3500,COMPLETED,,T00849,4
B006561,C04983,2026-02-07,2026-03-22,COURSE,4,24400,COMPLETED,,T00849,5
B006562,C00036,2026-02-16,2026-03-22,discovery dive,2,10000,Completed,,T00849,6
B006563,C04984,2026-03-10,2026-03-22,fundive,1,3400,Completed,,T00849,7
B006564,C04985,2026-02-06,2026-03-22,fun dive,1,3450,Completed,,T00849,8
B006565,C04689,12/02/2026,2026-03-22,fun dive,2,6800,Cancelled,Medical,T00849,9
B006566,C04986,2026-02-17,2026-03-22,fun dive,1,3150,Cancelled,Weather,T00850,1
B006567,C04987,2026-03-22,2026-03-22,DISCOVERY DIVE,1,4550,completed,,T00850,2
B006568,C04988,2026-03-12,2026-03-22,Course,4,22550,Completed,,T00850,3
B006569,C04989,2026-03-11,2026-03-22,DSD,1,5050,COMPLETED,,T00850,4
B006570,C04990,2026-03-15,2026-03-22,PADI Course,4,24850,completed,,T00850,6
B006571,C04991,2026-03-02,2026-03-22,FUN DIVE,1,2800,COMPLETED,,T00850,7
B006572,C04992,2026-03-07,2026-03-22,Fun dive,1,3450,cancelled,Customer,T00850,8
B006573,C04993,2026-03-10,2026-03-23,Course,5,21700,completed,,T00851,1
B006574,C04910,2026-03-15,2026-03-23,fun dive,1,3400, Completed,,T00851,2
B006575,C04994,21/03/2026,2026-03-23,Fun dive,2,7400,completed,,T00851,3
B006576,C04995,21/02/2026,2026-03-23,discovery dive,1,4950,COMPLETED,,T00851,4
B006577,C04996,2026-02-23,2026-03-23,fundive,4,13850,Cancelled,Customer,T00851,5
B006578,C04997,February 28 2026,2026-03-23,discovery dive,1,4950, Completed,,T00851,8
B006579,C04998,18/02/2026,2026-03-23,Fun dive,4,14550, cancelled ,Customer,T00851,9
B006580,C04999,2026-03-11,2026-03-23,Fun Dive,1,3350,completed,,T00851,10
B006581,C05000,2026-03-10,2026-03-24,Discovery Dive,1,5450,COMPLETED,,T00852,1
B006582,C05001,20/03/2026,2026-03-24,Course,5,26400, Completed,,T00852,2
B006583,C05002,27/02/2026,2026-03-24,course,4,23750,Cancelled,Customer,T00852,3
B006584,C03009,13/03/2026,2026-03-24,Fun Dive,4,12450,Completed,,T00852,4
B006585,C05003,2026-02-28,2026-03-24,discovery dive,1,5100,cancelled,,T00852,5
B006586,C04823,2026-03-03,2026-03-24,fun dive,2,6900,Completed,,T00852,6
B006587,C05004,2026-02-18,2026-03-24,Discovery Dive,1,4450, Completed,,T00852,7
B006588,C05005,March 23 2026,2026-03-25,DSD,1,4500,cancelled,Customer,T00853,1
B006589,C05006,2026-02-18,2026-03-25,Fun dive,1,3150,Completed,,T00853,2
B006590,C05007,2026-02-09,2026-03-25,DSD,2,9200,Cancelled,Medical,T00853,3
B006591,C05008,2026-03-12,2026-03-25,Fun Dive,1,3150,Completed,,T00853,4
B006592,C05009,2026-03-03,2026-03-25,fun dive,3,9450,No-Show,,T00853,5
B006593,C02148,2026-02-22,2026-03-25,fundive,1,3100,completed,,T00853,7
B006594,C05010,2026-02-10,2026-03-25,FUN DIVE,4,12300, Completed,,T00853,8
B006595,C05011,2026-02-28,2026-03-26,fundive,2,7550,Cancelled,Weather,T00854,1
B006596,C05012,20/02/2026,2026-03-26,Course,4,22350,cancelled,,T00854,3
B006597,C05013,21/03/2026,2026-03-26,Discovery Dive,1,4850, cancelled ,Weather,T00854,4
B006598,C05014,February 24 2026,2026-03-26,Fun Dive,2,5650,CANCELLED,Weather,T00854,5
B006599,C05015,2026-03-09,2026-03-26,FUN DIVE,2,7250,cancelled,Weather,T00854,6
B006600,C05016,2026-03-14,2026-03-26,DISCOVERY DIVE,1,5100,CANCELLED,Customer,T00854,7
B006601,C05017,2026-02-20,2026-03-26,Discovery,1,4850,Cancelled,Weather,T00854,8
B006602,C05018,2026-03-19,2026-03-27,discovery dive,2,9650,COMPLETED,,T00855,1
B006603,C05019,March 18 2026,2026-03-27,fundive,1,3550, Completed,,T00855,2
B006604,C04510,2026-03-23,2026-03-27,course,4,22900,Completed,,T00855,3
B006605,C05020,19/02/2026,2026-03-27,Fun Dive,4,14200,Completed,,T00855,4
B006606,C05021,04/03/2026,2026-03-27,fundive,1,2750,COMPLETED,,T00855,5
B006607,C05022,2026-03-03,2026-03-27,DISCOVERY DIVE,1,5250, Completed,,T00855,6
B006608,C05023,10/02/2026,2026-03-27,DISCOVERY DIVE,1,4450,Cancelled,Customer,T00855,7
B006609,C05024,2026-03-25,2026-03-27,fun dive,2,6950, Completed,,T00855,8
B006610,C05025,2026-02-16,2026-03-27,Fun Dive,4,14400, Completed,,T00855,9
B006611,C05026,2026-02-21,2026-03-27,DISCOVERY DIVE,1,4250,COMPLETED,,T00855,12
B006612,C05027,2026-02-22,2026-03-28,fun dive,2,6000,Completed,,T00856,2
B006613,C05028,February 23 2026,2026-03-28,Course,4,23450,Completed,,T00856,3
B006614,C05029,2026-02-24,2026-03-28,Fun dive,4,12450,COMPLETED,,T00856,4
B006615,C05030,2026-02-14,2026-03-28,DISCOVERY DIVE,1,5350,completed,,T00856,5
B006616,C04805,2026-02-26,2026-03-28,Fun Dive,4,11000,COMPLETED,,T00856,6
B006617,C05031,16/02/2026,2026-03-28,Fun dive,3,10700,Completed,,T00856,7
B006618,C05032,2026-03-07,2026-03-28,fun dive,3,10750,cancelled,,T00856,8
B006619,C05033,27/03/2026,2026-03-28,Fun Dive,4,13350,cancelled,Medical,T00856,10
B006620,C05034,2026-02-12,2026-03-29,fundive,2,6850, cancelled ,Customer,T00857,1
B006621,C05035,2026-03-12,2026-03-29,FUN DIVE,2,7250, Completed,,T00857,2
B006622,C05036,2026-02-22,2026-03-29,Fun dive,1,2900,CANCELLED,Customer,T00857,3
B006623,C05037,February 24 2026,2026-03-29,FUN DIVE,2,7550, Completed,,T00857,5
B006624,C05038,22/03/2026,2026-03-29,discovery dive,1,4100,Cancelled,Weather,T00857,6
B006625,C05039,12/02/2026,2026-03-29,COURSE,5,22500,Completed,,T00857,7
B006626,C05040,February 20 2026,2026-03-29,Fun Dive,1,3350,Completed,,T00857,8
B006627,C05041,March 23 2026,2026-03-29,fundive,2,6100,Completed,,T00857,10
B006628,C04999,22/03/2026,2026-03-29,PADI Course,5,23450,COMPLETED,,T00858,1
B006629,C05042,2026-03-03,2026-03-29,fundive,2,5500,Completed,,T00858,3
B006630,C01622,2026-03-13,2026-03-29,Discovery,1,4600, Completed,,T00858,4
B006631,C05043,2026-03-24,2026-03-29,FUN DIVE,2,6450,completed,,T00858,5
B006632,C05044,11/03/2026,2026-03-29,fundive,2,6200,COMPLETED,,T00858,6
B006633,C05045,13/03/2026,2026-03-29,COURSE,4,21350,Cancelled,Customer,T00858,8
B006634,C05046,2026-03-12,2026-03-29,Fun Dive,1,3800,completed,,T00858,9
B006635,C04573,March 29 2026,2026-03-29,Fun dive,4,14850,completed,,T00858,10
B006636,C05047,02/03/2026,2026-03-29,Discovery Dive,1,4400,Cancelled,,T00858,11
B006637,C05048,March 13 2026,2026-03-30,FUN DIVE,4,13800,Cancelled,Medical,T00859,1
B006638,C05049,01/03/2026,2026-03-30,PADI Course,4,24650,no-show,,T00859,2
B006639,C05050,2026-03-16,2026-03-30,DSD,1,4400,No-show,,T00859,3
B006640,C05051,2026-03-01,2026-03-30,discovery dive,1,4550, Completed,,T00859,4
B006641,C04755,24/02/2026,2026-03-30,FUN DIVE,4,13550,COMPLETED,,T00859,5
B006642,C05052,2026-02-21,2026-03-30,PADI Course,4,26650,COMPLETED,,T00859,7
B006643,C05053,March 8 2026,2026-03-30,Fun dive,1,2850,No-show,,T00859,8
B006644,C05054,2026-03-06,2026-03-30,fundive,1,3650,No-Show,,T00859,9
B006645,C05055,2026-03-21,2026-03-30,fun dive,3,10550,Completed,,T00859,10
B006646,C04828,February 26 2026,2026-03-30,FUN DIVE,1,3150,COMPLETED,,T00859,11
B006647,C05056,2026-03-17,2026-03-31,Discovery Dive,1,4900,COMPLETED,,T00860,2
B006648,C05057,2026-03-07,2026-03-31,FUN DIVE,3,10050, cancelled ,Customer,T00860,3
B006649,C04966,23/03/2026,2026-03-31,FUN DIVE,2,7550,completed,,T00860,4
B006650,C04339,2026-03-07,2026-03-31,FUN DIVE,2,7050,Completed,,T00860,5
B006651,C05058,2026-02-15,2026-03-31,PADI Course,5,24900,COMPLETED,,T00860,7
B006652,C05059,March 17 2026,2026-03-31,Fun Dive,1,3500, cancelled ,Customer,T00860,8
B006653,C05060,2026-02-21,2026-03-31,fun dive,3,10650,Completed,,T00860,9
B006654,C05061,2026-03-05,2026-04-01,fundive,3,11100,completed,,T00861,1
B006655,C05062,2026-02-16,2026-04-01,FUN DIVE,1,3600, Completed,,T00861,2
B006656,C01709,March 2 2026,2026-04-01,fun dive,2,7050,CANCELLED,,T00861,4
B006657,C05063,24/03/2026,2026-04-01,COURSE,5,27350,Completed,,T00861,5
B006658,C05003,February 25 2026,2026-04-01,Discovery,1,5300,CANCELLED,Weather,T00861,6
B006659,C05064,2026-03-27,2026-04-01,Fun Dive,1,3700,COMPLETED,,T00861,7
B006660,C05065,2026-02-28,2026-04-01,discovery dive,1,4800,COMPLETED,,T00861,8
B006661,C05066,2026-02-24,2026-04-02,PADI Course,5,26700,COMPLETED,,T00862,1
B006662,C01504,2026-03-03,2026-04-02,fun dive,4,14950,COMPLETED,,T00862,2
B006663,C05067,2026-02-26,2026-04-02,Discovery,1,3950,COMPLETED,,T00862,3
B006664,C05068,2026-03-20,2026-04-02,fun dive,1,3400,completed,,T00862,4
B006665,C05069,2026-03-04,2026-04-02,DISCOVERY DIVE,1,4750,COMPLETED,,T00862,5
B006666,C04804,2026-02-22,2026-04-02,FUN DIVE,2,608525, Completed,,T00862,7
B006667,C05070,25/02/2026,2026-04-02,fundive,3,9400, Completed,,T00862,8
B006668,C05071,05/03/2026,2026-04-02,DSD,1,4250,Cancelled,Medical,T00862,9
B006669,C05072,March 24 2026,2026-04-03,FUN DIVE,3,10950,cancelled,Weather,T00863,1
B006670,C05073,February 18 2026,2026-04-03,Discovery,1,5150,completed,,T00863,2
B006671,C05074,24/03/2026,2026-04-03,fun dive,2,6750,cancelled,Weather,T00863,3
B006672,C05075,21/03/2026,2026-04-03,fundive,1,3600,cancelled,Weather,T00863,5
B006673,C05076,14/03/2026,2026-04-03,Discovery Dive,1,5050,Cancelled,Weather,T00863,6
B006674,C05077,2026-03-14,2026-04-03,Discovery Dive,1,5300, Completed,,T00863,7
B006675,C04330,2026-03-13,2026-04-03,Discovery Dive,1,5000,Cancelled,,T00863,8
B006676,C05078,February 25 2026,2026-04-03,discovery dive,1,5350,CANCELLED,Weather,T00863,10
B006677,C04516,April 1 2026,2026-04-03,Fun Dive,2,6850,completed,,T00863,11
B006678,C00371,2026-03-11,2026-04-04,PADI Course,4,25650,No-show,,T00864,1
B006679,C05079,07/03/2026,2026-04-04,Fun Dive,4,11950,Cancelled,,T00864,2
B006680,C05080,2026-04-01,2026-04-04,FUN DIVE,2,5600,completed,,T00864,3
B006681,C05081,2026-03-22,2026-04-04,Discovery Dive,1,4550, cancelled ,Weather,T00864,4
B006682,C05082,March 23 2026,2026-04-04,COURSE,4,22150,Cancelled,Weather,T00864,6
B006683,C05083,2026-03-23,2026-04-04,FUN DIVE,1,3300, cancelled ,Weather,T00864,8
B006684,C05084,2026-03-05,2026-04-04,Fun dive,4,12300, cancelled ,Customer,T00864,9
B006685,C03389,2026-02-21,2026-04-04,COURSE,4,25150,Completed,,T00864,10
B006686,C05085,2026-03-26,2026-04-04,fundive,2,6350,Completed,,T00864,11
B006687,C05086,2026-03-28,2026-04-04,fun dive,4,14600,Cancelled,Weather,T00864,12
B006688,C05087,2026-04-03,2026-04-05,Fun dive,1,3050,completed,,T00865,1
B006689,C05088,2026-04-01,2026-04-05,fundive,3,9150,No-Show,,T00865,2
B006690,C05089,2026-02-20,2026-04-05,Discovery,1,4600,Completed,,T00865,3
B006691,C05090,2026-03-16,2026-04-05,DSD,1,5350,CANCELLED,Medical,T00865,4
B006692,C05091,2026-03-28,2026-04-05,DSD,1,4250,cancelled,Medical,T00865,5
B006693,C05092,27/03/2026,2026-04-05,Discovery,1,4500,completed,,T00865,6
B006694,C04478,2026-02-22,2026-04-05,FUN DIVE,2,7150,completed,,T00865,7
B006695,C05093,25/03/2026,2026-04-05,FUN DIVE,2,6900, Completed,,T00865,9
B006696,C05094,2026-02-23,2026-04-06,Fun Dive,1,2900, Completed,,T00866,1
B006697,C05095,24/02/2026,2026-04-06,Fun dive,1,3400,completed,,T00866,2
B006698,C05096,2026-03-03,2026-04-06,FUN DIVE,2,6600,COMPLETED,,T00866,4
B006699,C05097,2026-03-29,2026-04-06,discovery dive,1,4900,COMPLETED,,T00866,5
B006700,C01824,2026-02-20,2026-04-06,FUN DIVE,4,14700,No-Show,,T00866,7
B006701,C04300,2026-04-03,2026-04-06,Course,5,23800,COMPLETED,,T00866,8
B006702,C05098,03/04/2026,2026-04-07,fun dive,3,11250,COMPLETED,,T00867,1
B006703,C05099,2026-02-21,2026-04-07,FUN DIVE,4,14900,Cancelled,Weather,T00867,3
B006704,C05100,March 28 2026,2026-04-07,DSD,1,4600,cancelled,Weather,T00867,4
B006705,C05101,05/04/2026,2026-04-07,Fun Dive,2,5750,cancelled,Weather,T00867,5
B006706,C05102,2026-02-21,2026-04-07,Course,4,26850,cancelled,Weather,T00867,6
B006707,C05103,06/04/2026,2026-04-07,Fun dive,3,10550,CANCELLED,,T00867,7
B006708,C05104,2026-04-03,2026-04-07,fun dive,4,11850, cancelled ,Weather,T00867,8
B006709,C05105,March 13 2026,2026-04-08,fun dive,3,10100,CANCELLED,Weather,T00868,1
B006710,C04877,March 1 2026,2026-04-08,fundive,3,9900, cancelled ,Weather,T00868,2
B006711,C05106,2026-02-27,2026-04-08,PADI Course,5,21700,CANCELLED,Weather,T00868,4
B006712,C03495,2026-03-15,2026-04-08,FUN DIVE,2,5850,cancelled,Weather,T00868,5
B006713,C05107,2026-02-25,2026-04-08,DISCOVERY DIVE,1,4650,cancelled,,T00868,6
B006714,C05108,2026-03-22,2026-04-08,PADI Course,5,25600,Cancelled,,T00868,8
B006715,C05109,10/03/2026,2026-04-08,DSD,1,4100,CANCELLED,Weather,T00868,9
B006716,C05110,April 2 2026,2026-04-08,Fun Dive,1,2750,CANCELLED,Weather,T00868,10
B006717,C05111,2026-04-08,2026-04-09,Discovery,1,4200,completed,,T00869,2
B006718,C05112,30/03/2026,2026-04-09,fun dive,2,6100, Completed,,T00869,3
B006719,C04478,March 27 2026,2026-04-09,Course,5,25900, Completed,,T00869,4
B006720,C05113,08/04/2026,2026-04-09,fun dive,2,7350,No-show,,T00869,5
B006721,C05114,2026-03-17,2026-04-09,Fun Dive,2,6300,Completed,,T00869,6
B006722,C05074,2026-03-04,2026-04-09,COURSE,5,24600, cancelled ,Customer,T00869,7
B006723,C04384,2026-03-22,2026-04-09,FUN DIVE,4,13950,completed,,T00869,8
B006724,C00839,10/03/2026,2026-04-09,discovery dive,1,5000,COMPLETED,,T00869,11
B006725,C05115,2026-03-07,2026-04-09,Fun dive,2,7500, Completed,,T00869,12
B006726,C05116,2026-04-09,2026-04-10,DSD,1,4500,Cancelled,,T00870,1
B006727,C05117,2026-04-10,2026-04-10,Fun Dive,2,7150,COMPLETED,,T00870,2
B006728,C05118,2026-03-22,2026-04-10,fundive,1,2900,Cancelled,,T00870,3
B006729,C05119,12/03/2026,2026-04-10,fun dive,1,3300,Completed,,T00870,4
B006730,C04786,2026-03-17,2026-04-10,Fun dive,2,6950,completed,,T00870,5
B006731,C05120,April 10 2026,2026-04-10,discovery dive,1,5200,completed,,T00870,6
B006732,C05121,2026-03-24,2026-04-10,PADI Course,4,20150,Completed,,T00870,7
B006733,C05122,February 27 2026,2026-04-10,DISCOVERY DIVE,1,5400, Completed,,T00870,8
B006734,C05123,2026-03-31,2026-04-10,Course,5,27550,Completed,,T00870,11
B006735,C05124,2026-04-09,2026-04-10,Fun Dive,3,8450,Completed,,T00870,12
B006736,C05125,March 4 2026,2026-04-11,Fun dive,2,7500, Completed,,T00871,1
B006737,C05126,2026-04-10,2026-04-11,Discovery Dive,2,10050, Completed,,T00871,2
B006738,C04069,20/03/2026,2026-04-11,Fun dive,1,3750,completed,,T00871,5
B006739,C05127,2026-04-01,2026-04-11,Discovery Dive,1,5200,Completed,,T00871,6
B006740,C05128,March 19 2026,2026-04-11,Discovery Dive,1,4050,Completed,,T00871,7
B006741,C05129,2026-03-05,2026-04-11,Discovery,1,5100, Completed,,T00871,9
B006742,C04861,2026-03-13,2026-04-11,FUN DIVE,3,8850,Cancelled,Customer,T00871,10
B006743,C05130,06/03/2026,2026-04-12,DSD,1,4400,completed,,T00872,1
B006744,C05131,01/04/2026,2026-04-12,fun dive,3,8800,NO-SHOW,,T00872,2
B006745,C05132,18/03/2026,2026-04-12,Discovery,1,5550,completed,,T00872,3
B006746,C02558,2026-03-26,2026-04-12,fun dive,1,3700, Completed,,T00872,4
B006747,C05133,2026-03-08,2026-04-12,fun dive,2,6900,COMPLETED,,T00872,5
B006748,C05134,2026-03-11,2026-04-12,fun dive,4,13900,Cancelled,Weather,T00872,6
B006749,C05135,15/03/2026,2026-04-12,fun dive,1,3650,Completed,,T00872,7
B006750,C05136,2026-03-01,2026-04-13,course,4,24300,Completed,,T00873,1
B006751,C04902,2026-03-02,2026-04-13,fun dive,1,2750, Completed,,T00873,2
B006752,C05137,March 14 2026,2026-04-13,fun dive,2,7400,COMPLETED,,T00873,3
B006753,C05138,27/03/2026,2026-04-13,Fun dive,1,3150,CANCELLED,Weather,T00873,4
B006754,C05139,2026-04-07,2026-04-13,PADI Course,5,20200,COMPLETED,,T00873,6
B006755,C02452,29/03/2026,2026-04-13,Fun dive,2,6150, Completed,,T00873,8
B006756,C05140,17/03/2026,2026-04-13,Discovery,1,5300,COMPLETED,,T00873,9
B006757,C05141,2026-03-29,2026-04-14,discovery dive,1,5100, Completed,,T00874,1
B006758,C05142,2026-03-06,2026-04-14,fundive,2,7050,COMPLETED,,T00874,2
B006759,C05143,2026-03-06,2026-04-14,FUN DIVE,3,9050,completed,,T00874,4
B006760,C05144,2026-03-08,2026-04-14,Discovery,1,4800,COMPLETED,,T00874,5
B006761,C05145,2026-03-12,2026-04-14,FUN DIVE,1,3150,Completed,,T00874,7
B006762,C05146,March 24 2026,2026-04-14,fun dive,2,6250,cancelled,Medical,T00874,8
B006763,C05147,27/03/2026,2026-04-14,PADI Course,4,24300,COMPLETED,,T00874,9
B006764,C05148,2026-03-01,2026-04-14,FUN DIVE,4,13450,completed,,T00874,11
B006765,C05149,2026-03-18,2026-04-15,Discovery Dive,1,4500,cancelled,Weather,T00875,1
B006766,C05150,2026-03-11,2026-04-15,FUN DIVE,2,7500, cancelled ,Weather,T00875,4
B006767,C05151,2026-03-06,2026-04-15,fun dive,2,5500,Cancelled,Weather,T00875,5
B006768,C05152,March 6 2026,2026-04-15,DSD,1,4600, cancelled ,Weather,T00875,6
B006769,C05153,March 6 2026,2026-04-15,fundive,2,6950,completed,,T00875,7
B006770,C05154,2026-03-08,2026-04-15,discovery dive,1,4700,cancelled,,T00875,8
B006771,C02534,2026-03-27,2026-04-15,Fun dive,4,13200,Completed,,T00875,10
B006772,C05155,2026-03-12,2026-04-15,DISCOVERY DIVE,2,10000, Completed,,T00875,11
B006773,C05156,2026-03-25,2026-04-15,DISCOVERY DIVE,1,5250,CANCELLED,Weather,T00875,12
B006774,C05157,March 13 2026,2026-04-16,Fun dive,2,-7050,CANCELLED,Weather,T00876,1
B006775,C05158,02/03/2026,2026-04-16,Fun Dive,2,7400,cancelled,Weather,T00876,3
B006776,C05159,2026-03-02,2026-04-16,fun dive,3,10500,Cancelled,Weather,T00876,4
B006777,C05119,29/03/2026,2026-04-16,FUN DIVE,1,3200,Cancelled,Weather,T00876,5
B006778,C05160,07/04/2026,2026-04-16,Discovery Dive,1,4850,Completed,,T00876,6
B006779,C05161,2026-03-24,2026-04-16,discovery dive,1,4200,CANCELLED,Weather,T00876,7
B006780,C05162,2026-04-01,2026-04-16,discovery dive,1,5200,Cancelled,Weather,T00876,8
B006781,C05163,March 9 2026,2026-04-17,DSD,1,4900, Completed,,T00877,1
B006782,C05164,07/04/2026,2026-04-17,FUN DIVE,1,3250,Cancelled,,T00877,2
B006783,C05165,April 13 2026,2026-04-17,FUN DIVE,3,10300,cancelled,Weather,T00877,3
B006784,C02029,2026-03-18,2026-04-17,PADI Course,5,23600,Completed,,T00877,6
B006785,C05166,2026-03-18,2026-04-17,fun dive,1,3600, cancelled ,,T00877,7
B006786,C05167,15/04/2026,2026-04-17,PADI Course,4,22300,CANCELLED,Weather,T00877,8
B006787,C05168,07/04/2026,2026-04-17,course,5,19950,cancelled,Medical,T00877,10
B006788,C05169,15/03/2026,2026-04-17,fun dive,4,12950,Completed,,T00877,11
B006789,C05170,03/03/2026,2026-04-17,DSD,1,3950,Cancelled,Weather,T00877,12
B006790,C05171,April 6 2026,2026-04-18,COURSE,4,25950,CANCELLED,Weather,T00878,1
B006791,C05172,2026-03-13,2026-04-18,Discovery,1,5350, Completed,,T00878,2
B006792,C05173,2026-04-15,2026-04-18,fun dive,2,6200,No-show,,T00878,3
B006793,C05174,2026-03-27,2026-04-18,discovery dive,1,4550, cancelled ,,T00878,4
B006794,C05175,April 15 2026,2026-04-18,fundive,3,10050,CANCELLED,Weather,T00878,5
B006795,C05176,18/04/2026,2026-04-18,fundive,1,3450,Cancelled,Weather,T00878,7
B006796,C05177,2026-03-19,2026-04-18,fundive,1,3100,Cancelled,Weather,T00878,8
B006797,C05178,2026-03-25,2026-04-19,DISCOVERY DIVE,1,4900,CANCELLED,Customer,T00879,2
B006798,C05179,April 5 2026,2026-04-19,fundive,3,8300,completed,,T00879,3
B006799,C05180,2026-04-06,2026-04-19,FUN DIVE,3,11000, Completed,,T00879,4
B006800,C05181,2026-03-10,2026-04-19,Fun Dive,1,3700,Cancelled,Customer,T00879,5
B006801,C05182,2026-03-08,2026-04-19,FUN DIVE,2,6650,Completed,,T00879,7
B006802,C03623,2026-04-05,2026-04-19,Discovery Dive,1,5150, cancelled ,Medical,T00879,9
B006803,C05183,2026-03-18,2026-04-19,Fun dive,1,2900,Completed,,T00879,10
B006804,C05184,2026-03-16,2026-04-20,Discovery Dive,1,4050,cancelled,Customer,T00880,1
B006805,C05185,March 11 2026,2026-04-20,Discovery Dive,1,4700,Completed,,T00880,3
B006806,C04438,12/03/2026,2026-04-20,COURSE,4,20050,COMPLETED,,T00880,4
B006807,C05186,05/04/2026,2026-04-20,PADI Course,4,20150, Completed,,T00880,5
B006808,C05187,2026-03-29,2026-04-20,Fun dive,3,8900,Completed,,T00880,6
B006809,C05188,2026-04-03,2026-04-20,DSD,1,4350,cancelled,Weather,T00880,7
B006810,C05189,March 14 2026,2026-04-20,Discovery Dive,1,4100,COMPLETED,,T00880,8
B006811,C04804,March 10 2026,2026-04-20,fundive,3,11000, Completed,,T00880,9
B006812,C05190,2026-03-07,2026-04-20,FUN DIVE,2,7000,COMPLETED,,T00880,11
B006813,C04885,2026-04-18,2026-04-21,Discovery Dive,1,4100,COMPLETED,,T00881,1
B006814,C05191,2026-03-27,2026-04-21,fundive,4,12450,CANCELLED,Customer,T00881,2
B006815,C05192,12/03/2026,2026-04-21,DSD,1,5450,Completed,,T00881,3
B006816,C02667,09/03/2026,2026-04-21,Fun Dive,1,3700,CANCELLED,Customer,T00881,4
B006817,C05193,April 8 2026,2026-04-21,DISCOVERY DIVE,2,9900,completed,,T00881,5
B006818,C05194,2026-03-12,2026-04-21,Fun dive,4,12100,COMPLETED,,T00881,6
B006819,C05195,2026-04-10,2026-04-21,FUN DIVE,3,11400, cancelled ,Customer,T00881,7
B006820,C05196,2026-04-04,2026-04-21,fundive,4,12650, cancelled ,Weather,T00881,10
B006821,C05197,2026-03-24,2026-04-21,fundive,1,3600, cancelled ,Weather,T00881,11
B006822,C05198,19/04/2026,2026-04-22,Fun dive,1,3400,CANCELLED,,T00882,2
B006823,C05199,March 17 2026,2026-04-22,DSD,1,4950,COMPLETED,,T00882,3
B006824,C05200,26/03/2026,2026-04-22,Fun dive,3,10150, Completed,,T00882,4
B006825,C05201,2026-03-26,2026-04-22,course,4,27150, Completed,,T00882,5
B006826,C05202,2026-04-20,2026-04-22,DISCOVERY DIVE,1,5150,no-show,,T00882,6
B006827,C05203,April 10 2026,2026-04-22,Discovery,1,5350,completed,,T00882,7
B006828,C02367,March 30 2026,2026-04-22,Course,4,19900,cancelled,Customer,T00882,8
B006829,C05182,2026-03-09,2026-04-23,fundive,2,6750,completed,,T00883,1
B006830,C05204,15/03/2026,2026-04-23,discovery dive,1,5000,COMPLETED,,T00883,2
B006831,C05205,2026-03-25,2026-04-23,FUN DIVE,1,3400,completed,,T00883,3
B006832,C05206,2026-04-14,2026-04-23,Fun Dive,1,3650,Completed,,T00883,4
B006833,C05207,17/04/2026,2026-04-23,discovery dive,1,5250, Completed,,T00883,5
B006834,C05208,11/03/2026,2026-04-23,course,4,24350,Completed,,T00883,6
B006835,C05209,01/04/2026,2026-04-23,DISCOVERY DIVE,1,5300, Completed,,T00883,7
B006836,C05210,2026-03-12,2026-04-23,Discovery,1,4750,COMPLETED,,T00883,9
B006837,C05211,2026-03-13,2026-04-23,course,4,24900,COMPLETED,,T00883,10
B006838,C05133,March 20 2026,2026-04-23,Fun Dive,3,10100,COMPLETED,,T00883,11
B006839,C03196,2026-03-20,2026-04-23,Fun Dive,4,14900,COMPLETED,,T00883,12
B006840,C05212,31/03/2026,2026-04-24,DSD,1,4900,COMPLETED,,T00884,1
B006841,C05213,18/04/2026,2026-04-24,FUN DIVE,3,10300,COMPLETED,,T00884,3
B006842,C05214,March 26 2026,2026-04-24,Fun dive,1,3500,COMPLETED,,T00884,5
B006843,C05215,2026-04-16,2026-04-24,fundive,2,7050, Completed,,T00884,6
B006844,C05216,14/03/2026,2026-04-24,Discovery Dive,1,4800,Completed,,T00884,7
B006845,C05217,2026-04-07,2026-04-24,FUN DIVE,1,2800,completed,,T00884,8
B006846,C04651,02/04/2026,2026-04-24,PADI Course,5,22150,COMPLETED,,T00884,9
B006847,C05218,April 18 2026,2026-04-24,fundive,2,6050,CANCELLED,,T00884,10
B006848,C05219,2026-03-26,2026-04-24,Fun Dive,2,6750,COMPLETED,,T00884,11
B006849,C05220,2026-03-30,2026-04-25,fun dive,3,11200,COMPLETED,,T00885,1
B006850,C05221,2026-03-14,2026-04-25,fun dive,1,3550,Cancelled,,T00885,2
B006851,C05222,2026-04-22,2026-04-25,Fun dive,2,7550,Completed,,T00885,3
B006852,C05207,2026-04-16,2026-04-25,fun dive,3,10800,Completed,,T00885,4
B006853,C05223,2026-03-23,2026-04-25,course,4,22500,Cancelled,Customer,T00885,5
B006854,C05224,2026-03-28,2026-04-25,PADI Course,4,20700,Completed,,T00885,6
B006855,C05093,22/04/2026,2026-04-25,fun dive,2,7750, Completed,,T00885,8
B006856,C05225,2026-04-05,2026-04-25,Fun dive,2,6250,NO-SHOW,,T00886,1
B006857,C05226,April 25 2026,2026-04-25,PADI Course,4,22550, Completed,,T00886,2
B006858,C05227,April 15 2026,2026-04-25,DISCOVERY DIVE,1,4900,COMPLETED,,T00886,4
B006859,C05228,18/04/2026,2026-04-25,DSD,1,5350,NO-SHOW,,T00886,6
B006860,C05229,2026-03-20,2026-04-25,discovery dive,1,4950, Completed,,T00886,7
B006861,C05230,2026-04-04,2026-04-25,fundive,1,3300,no-show,,T00886,8
B006862,C05231,2026-04-25,2026-04-25,DISCOVERY DIVE,1,5250,No-Show,,T00886,9
B006863,C05232,2026-03-19,2026-04-25,DISCOVERY DIVE,1,4800,Completed,,T00886,10
B006864,C05233,2026-04-01,2026-04-25,fun dive,1,2850,cancelled,,T00886,11
B006865,C05234,2026-03-27,2026-04-26,DISCOVERY DIVE,1,4200, Completed,,T00887,1
B006866,C05235,2026-03-21,2026-04-26,discovery dive,1,4650,completed,,T00887,3
B006867,C04965,2026-03-26,2026-04-26,DISCOVERY DIVE,1,4900,Completed,,T00887,4
B006868,C05236,24/03/2026,2026-04-26,Fun Dive,1,3650,COMPLETED,,T00887,5
B006869,C05237,28/03/2026,2026-04-26,Fun dive,1,3500,COMPLETED,,T00887,6
B006870,C05238,08/04/2026,2026-04-26,DISCOVERY DIVE,1,4150,CANCELLED,Medical,T00887,7
B006871,C05239,30/03/2026,2026-04-26,DISCOVERY DIVE,1,4850,completed,,T00887,8
B006872,C05240,April 3 2026,2026-04-27,fundive,2,5950, cancelled ,,T00888,1
B006873,C05241,2026-03-30,2026-04-27,Fun dive,3,10000, Completed,,T00888,2
B006874,C05242,2026-03-16,2026-04-27,fun dive,1,2850,Completed,,T00888,3
B006875,C05243,2026-04-01,2026-04-27,Discovery Dive,1,4450,Completed,,T00888,5
B006876,C05244,25/03/2026,2026-04-27,Course,4,24400,completed,,T00888,6
B006877,C05245,April 17 2026,2026-04-27,fun dive,3,9800,Completed,,T00888,7
B006878,C01887,25/04/2026,2026-04-27,COURSE,4,21900,CANCELLED,Medical,T00888,8
B006879,C05246,2026-04-20,2026-04-27,DISCOVERY DIVE,1,4800, Completed,,T00888,9
B006880,C05247,2026-03-29,2026-04-28,DSD,1,4000,COMPLETED,,T00889,2
B006881,C05248,2026-04-08,2026-04-28,Fun dive,2,7250, Completed,,T00889,3
B006882,C00999,2026-04-10,2026-04-28,Discovery,1,4900,no-show,,T00889,4
B006883,C05249,12/04/2026,2026-04-28,FUN DIVE,2,6350,COMPLETED,,T00889,5
B006884,C05250,April 23 2026,2026-04-28,DSD,1,5000,completed,,T00889,6
B006885,C05058,2026-03-30,2026-04-28,Fun Dive,3,11100,COMPLETED,,T00889,8
B006886,C05251,01/04/2026,2026-04-28,fundive,2,6650,Cancelled,Customer,T00889,9
B006887,C05252,April 20 2026,2026-04-29,fun dive,3,10250,completed,,T00890,1
B006888,C05253,2026-03-17,2026-04-29,fun dive,4,14350,Completed,,T00890,2
B006889,C04651,2026-04-10,2026-04-29,Fun dive,4,11750,Completed,,T00890,3
B006890,C05254,March 15 2026,2026-04-29,course,5,25750,CANCELLED,Customer,T00890,5
B006891,C05255,2026-03-31,2026-04-29,course,5,25300, Completed,,T00890,6
B006892,C05256,March 28 2026,2026-04-29,Discovery,1,4700,no-show,,T00890,7
B006893,C05257,21/03/2026,2026-04-29,discovery dive,2,8300,COMPLETED,,T00890,8
B006894,C05258,2026-04-29,2026-04-29,Discovery,1,5250,COMPLETED,,T00890,9
B006895,C05259,2026-03-19,2026-04-29,FUN DIVE,2,6650,Completed,,T00890,10
B006896,C05260,05/04/2026,2026-04-30,DSD,1,4150,Completed,,T00891,1
B006897,C05261,18/03/2026,2026-04-30,FUN DIVE,2,6350,COMPLETED,,T00891,2
B006898,C05262,2026-03-30,2026-04-30,Fun Dive,1,3250,COMPLETED,,T00891,3
B006899,C05263,2026-04-22,2026-04-30,fundive,1,3300,Cancelled,Customer,T00891,4
B006900,C03279,2026-03-23,2026-04-30,fun dive,1,2850,completed,,T00891,6
B006901,C05264,2026-04-10,2026-04-30,fun dive,4,13600,Completed,,T00891,7
B006902,C05265,April 2 2026,2026-04-30,fundive,1,2800,CANCELLED,Customer,T00891,8
B006903,C05266,2026-04-19,2026-04-30,discovery dive,1,4600,CANCELLED,Weather,T00891,9
B006904,C05267,2026-03-30,2026-05-01,FUN DIVE,4,12850,Completed,,T00892,2
B006905,C04546,2026-04-17,2026-05-01,Fun dive,3,10850,NO-SHOW,,T00892,3
B006906,C04744,2026-03-29,2026-05-01,Fun Dive,2,5750,Cancelled,Weather,T00892,4
B006907,C05268,2026-04-16,2026-05-01,discovery dive,2,9600,COMPLETED,,T00892,5
B006908,C05269,02/04/2026,2026-05-01,fun dive,2,6850,No-show,,T00892,7
B006909,C05270,2026-04-02,2026-05-01,course,5,24050, Completed,,T00892,9
B006910,C00093,March 27 2026,2026-05-01,Course,5,22100,cancelled,Weather,T00892,10
B006911,C05271,March 19 2026,2026-05-01,DSD,1,4300,cancelled,,T00892,11
B006912,C05272,2026-03-19,2026-05-01,Discovery Dive,1,4850,cancelled,Customer,T00892,12
B006913,C05273,2026-03-27,2026-05-02,fundive,1,3000,no-show,,T00893,2
B006914,C05274,2026-03-27,2026-05-02,course,4,19900,No-show,,T00893,3
B006915,C02707,07/04/2026,2026-05-02,FUN DIVE,1,3400, Completed,,T00893,4
B006916,C05275,April 19 2026,2026-05-02,Fun Dive,2,5650,cancelled,,T00893,5
B006917,C05276,2026-03-23,2026-05-02,Fun dive,2,6300,No-show,,T00893,6
B006918,C04528,March 26 2026,2026-05-02,Fun dive,4,11200,completed,,T00893,7
B006919,C05277,May 2 2026,2026-05-02,fun dive,4,13000, Completed,,T00893,8
B006920,C05278,April 27 2026,2026-05-02,Fun dive,1,3700,completed,,T00893,9
B006921,C05279,2026-04-09,2026-05-02,fundive,1,3100,cancelled,Medical,T00893,10
B006922,C05280,22/03/2026,2026-05-03,Discovery Dive,2,10850,Completed,,T00894,1
B006923,C05281,2026-04-01,2026-05-03,Fun Dive,1,2850,No-show,,T00894,3
B006924,C05282,2026-03-29,2026-05-03,fundive,1,3400,Cancelled,Customer,T00894,4
B006925,C05283,05/04/2026,2026-05-03,FUN DIVE,4,12300, cancelled ,Weather,T00894,5
B006926,C05243,2026-04-06,2026-05-03,Discovery,1,4300,completed,,T00894,6
B006927,C04811,12/04/2026,2026-05-03,FUN DIVE,2,6900,Completed,,T00894,7
B006928,C05284,26/03/2026,2026-05-03,Fun dive,1,3400,COMPLETED,,T00894,8
B006929,C05285,26/03/2026,2026-05-03,Course,4,24800, Completed,,T00894,9
B006930,C05286,2026-04-07,2026-05-04,Fun Dive,1,2900,NO-SHOW,,T00895,1
B006931,C05287,2026-04-09,2026-05-04,fundive,1,3400,cancelled,,T00895,4
B006932,C05288,March 24 2026,2026-05-04,Discovery,1,4750,Completed,,T00895,5
B006933,C05289,2026-05-01,2026-05-04,fun dive,1,3550, cancelled ,Customer,T00895,6
B006934,C05290,02/04/2026,2026-05-04,fundive,1,2800,Cancelled,Customer,T00895,7
B006935,C05291,18/04/2026,2026-05-04,Discovery,1,5000, Completed,,T00895,8
B006936,C05292,2026-04-08,2026-05-04,DISCOVERY DIVE,1,5250,Completed,,T00895,10
B006937,C05293,2026-03-31,2026-05-05,Discovery,1,4800,COMPLETED,,T00896,1
B006938,C05294,2026-03-22,2026-05-05,fundive,1,3100,NO-SHOW,,T00896,3
B006939,C05040,2026-04-07,2026-05-05,Fun dive,1,3300,completed,,T00896,4
B006940,C05295,2026-03-28,2026-05-05,DISCOVERY DIVE,1,4650, cancelled ,Customer,T00896,5
B006941,C05296,20/04/2026,2026-05-05,fundive,2,6500,COMPLETED,,T00896,6
B006942,C05297,09/04/2026,2026-05-05,discovery dive,2,9750,COMPLETED,,T00896,7
B006943,C05298,2026-04-08,2026-05-06,Fun dive,2,7200,Cancelled,Medical,T00897,2
B006944,C05299,April 12 2026,2026-05-06,fun dive,4,12000,Completed,,T00897,3
B006945,C05300,27/04/2026,2026-05-06,Discovery Dive,1,4300, Completed,,T00897,4
B006946,C05301,2026-03-31,2026-05-06,Fun dive,1,3850,NO-SHOW,,T00897,5
B006947,C05302,2026-03-29,2026-05-06,PADI Course,4,24300,cancelled,,T00897,6
B006948,C05303,2026-05-04,2026-05-06,fundive,2,7100,Completed,,T00897,7
B006949,C04724,2026-04-28,2026-05-06,Fun dive,2,7000, Completed,,T00897,8
B006950,C05304,2026-04-21,2026-05-06,fundive,3,9700,completed,,T00897,9
B006951,C05305,24/03/2026,2026-05-06,fun dive,2,7200, Completed,,T00897,10
B006952,C05306,24/03/2026,2026-05-07,DSD,1,4050, Completed,,T00898,1
B006953,C05307,2026-04-06,2026-05-07,Fun dive,2,6200,Completed,,T00898,2
B006954,C05308,2026-03-31,2026-05-07,Discovery Dive,1,5250,completed,,T00898,3
B006955,C04532,April 19 2026,2026-05-07,course,4,26650,completed,,T00898,4
B006956,C05309,2026-04-21,2026-05-07,fun dive,4,13550,COMPLETED,,T00898,5
B006957,C05310,06/05/2026,2026-05-07,fun dive,1,3400,COMPLETED,,T00898,6
B006958,C05311,16/04/2026,2026-05-07,Fun Dive,2,6900,No-show,,T00898,7
B006959,C01036,2026-04-08,2026-05-07,COURSE,5,27400,Completed,,T00898,8
B006960,C05312,02/05/2026,2026-05-07,fun dive,1,3450,NO-SHOW,,T00898,10
B006961,C05313,2026-04-11,2026-05-07,FUN DIVE,2,6350,cancelled,Customer,T00898,11
B006962,C05314,2026-04-28,2026-05-08,discovery dive,1,4850,Completed,,T00899,1
B006963,C05135,2026-04-20,2026-05-08,FUN DIVE,1,3400,COMPLETED,,T00899,2
B006964,C05315,26/04/2026,2026-05-08,Discovery,1,4750, Completed,,T00899,3
B006965,C05316,2026-03-31,2026-05-08,fun dive,1,3600,completed,,T00899,4
B006966,C05317,2026-05-07,2026-05-08,FUN DIVE,2,6600,completed,,T00899,6
B006967,C05318,2026-04-30,2026-05-08,Fun Dive,1,3850,cancelled,Medical,T00899,7
B006968,C00393,March 25 2026,2026-05-08,fun dive,1,3700, Completed,,T00899,8
B006969,C05319,2026-04-29,2026-05-08,Fun dive,1,3350,COMPLETED,,T00899,9
B006970,C05320,2026-03-25,2026-05-09,Fun dive,4,11250,Completed,,T00900,1
B006971,C05321,2026-04-14,2026-05-09,Discovery Dive,1,4750,completed,,T00900,3
B006972,C05322,2026-03-27,2026-05-09,Fun dive,1,3500,completed,,T00900,4
B006973,C05323,21/04/2026,2026-05-09,DSD,2,9800,Completed,,T00900,5
B006974,C05324,2026-05-05,2026-05-09,FUN DIVE,2,6350, cancelled ,Customer,T00900,6
B006975,C05325,2026-05-01,2026-05-09,FUN DIVE,3,10250,COMPLETED,,T00900,7
B006976,C05326,05/05/2026,2026-05-09,DSD,1,4950, Completed,,T00900,9
B006977,C05327,2026-04-25,2026-05-10,DSD,1,5000,cancelled,Customer,T00901,1
B006978,C05328,2026-04-13,2026-05-10,Fun Dive,3,11200, Completed,,T00901,2
B006979,C05329,2026-03-30,2026-05-10,DISCOVERY DIVE,1,4650, Completed,,T00901,3
B006980,C05330,2026-04-25,2026-05-10,Discovery,1,5600, Completed,,T00901,4
B006981,C05331,06/04/2026,2026-05-10,Course,5,22200, Completed,,T00901,6
B006982,C05332,2026-04-03,2026-05-10,DISCOVERY DIVE,1,4350,CANCELLED,Customer,T00901,7
B006983,C05333,2026-04-02,2026-05-10,COURSE,4,27950,Completed,,T00901,9
B006984,C05334,19/04/2026,2026-05-11,Fun Dive,2,6150,COMPLETED,,T00902,1
B006985,C05335,2026-03-28,2026-05-11,FUN DIVE,1,2800, Completed,,T00902,2
B006986,C05336,April 19 2026,2026-05-11,Fun dive,1,3400, Completed,,T00902,3
B006987,C05337,2026-04-26,2026-05-11,Fun Dive,2,7550, Completed,,T00902,4
B006988,C05338,04/04/2026,2026-05-11,Fun Dive,4,15050,completed,,T00902,5
B006989,C05339,2026-03-31,2026-05-11,Discovery Dive,1,4450,Cancelled,Customer,T00902,6
B006990,C05340,2026-03-31,2026-05-11,FUN DIVE,1,3300,completed,,T00902,7
B006991,C05341,28/04/2026,2026-05-12,Fun Dive,1,3850,completed,,T00903,1
B006992,C05342,2026-04-09,2026-05-12,DSD,1,5000,completed,,T00903,3
B006993,C05343,2026-04-13,2026-05-12,course,4,21600,Completed,,T00903,4
B006994,C05344,27/04/2026,2026-05-12,Fun dive,2,6050,cancelled,,T00903,5
B006995,C05345,15/04/2026,2026-05-12,Course,5,28000,NO-SHOW,,T00903,6
B006996,C05346,2026-05-08,2026-05-12,fun dive,1,3750,cancelled,Weather,T00903,7
B006997,C05347,2026-05-06,2026-05-12,DISCOVERY DIVE,1,4050, cancelled ,,T00903,8
B006998,C05348,09/04/2026,2026-05-12,fundive,3,9000,CANCELLED,Customer,T00903,9
B006999,C05349,2026-04-04,2026-05-12,FUN DIVE,2,6700, cancelled ,Medical,T00903,10
B007000,C05350,April 11 2026,2026-05-12,FUN DIVE,1,3700,COMPLETED,,T00903,11
B007001,C05351,09/05/2026,2026-05-12,fundive,2,5900,completed,,T00903,12
B007002,C05352,April 8 2026,2026-05-13,Discovery Dive,1,4950, Completed,,T00904,2
B007003,C05353,2026-03-29,2026-05-13,PADI Course,4,22950,Cancelled,Customer,T00904,3
B007004,C05354,May 6 2026,2026-05-13,DSD,1,5000, Completed,,T00904,5
B007005,C05355,2026-04-24,2026-05-13,Fun Dive,2,7400, Completed,,T00904,6
B007006,C05356,May 7 2026,2026-05-13,FUN DIVE,2,6050,NO-SHOW,,T00904,7
B007007,C05357,2026-04-01,2026-05-13,fun dive,2,5950,Cancelled,Weather,T00904,8
B007008,C05358,23/04/2026,2026-05-13,DISCOVERY DIVE,1,5250,completed,,T00904,9
B007009,C05359,2026-05-12,2026-05-13,DSD,1,5050,Completed,,T00904,10
B007010,C05360,05/04/2026,2026-05-13,Fun Dive,4,12400,completed,,T00904,11
B007011,C05336,31/03/2026,2026-05-14,Fun dive,1,3650,COMPLETED,,T00905,1
B007012,C05361,April 14 2026,2026-05-14,Fun Dive,3,10100,completed,,T00905,2
B007013,C05362,2026-04-15,2026-05-14,course,4,20500,completed,,T00905,3
B007014,C05363,May 4 2026,2026-05-14,DISCOVERY DIVE,1,5000,Completed,,T00905,4
B007015,C05364,2026-04-22,2026-05-14,discovery dive,2,10150,COMPLETED,,T00905,6
B007016,C05365,2026-05-14,2026-05-14,Fun dive,2,5500,Completed,,T00905,7
B007017,C05366,04/04/2026,2026-05-14,DSD,1,4400, Completed,,T00905,8
B007018,C05367,2026-04-23,2026-05-14,discovery dive,1,5050,COMPLETED,,T00905,9
B007019,C05368,May 11 2026,2026-05-15,Discovery,1,4050,CANCELLED,,T00906,1
B007020,C05369,2026-05-10,2026-05-15,FUN DIVE,3,10550,cancelled,Customer,T00906,2
B007021,C05370,2026-04-11,2026-05-15,Fun Dive,2,7400,Cancelled,,T00906,4
B007022,C05371,2026-04-09,2026-05-15,FUN DIVE,2,6200,CANCELLED,Weather,T00906,5
B007023,C05372,08/04/2026,2026-05-15,COURSE,4,22950,Cancelled,Weather,T00906,6
B007024,C05373,26/04/2026,2026-05-15,fundive,3,10250,Cancelled,Weather,T00906,8
B007025,C05374,2026-04-26,2026-05-15,fun dive,1,3450, cancelled ,Weather,T00906,9
B007026,C05375,2026-04-21,2026-05-15,fun dive,2,6200,Completed,,T00906,10
B007027,C05376,2026-05-05,2026-05-15,DISCOVERY DIVE,1,4550,Cancelled,Weather,T00906,11
B007028,C05377,2026-05-06,2026-05-15,FUN DIVE,2,7000,cancelled,,T00906,12
B007029,C05378,2026-04-01,2026-05-16,Discovery Dive,1,4500,completed,,T00907,1
B007030,C05379,2026-04-02,2026-05-16,Fun dive,4,14100,CANCELLED,Weather,T00907,2
B007031,C04529,08/04/2026,2026-05-16,Fun Dive,2,7200,CANCELLED,Weather,T00907,3
B007032,C05380,2026-05-16,2026-05-16,DISCOVERY DIVE,1,4100,Cancelled,Weather,T00907,6
B007033,C04813,April 20 2026,2026-05-16,COURSE,4,26450,CANCELLED,Weather,T00907,8
B007034,C05381,2026-05-15,2026-05-16,fundive,3,10750, cancelled ,Weather,T00907,9
B007035,C05382,2026-04-16,2026-05-16,FUN DIVE,3,9050, cancelled ,Weather,T00907,10
B007036,C05383,2026-05-09,2026-05-16,DISCOVERY DIVE,1,5150,Cancelled,Weather,T00907,11
B007037,C05384,2026-05-03,2026-05-16,PADI Course,5,24200,COMPLETED,,T00907,12
B007038,C05385,2026-05-12,2026-05-17,Fun dive,1,3500, cancelled ,Weather,T00908,1
B007039,C05386,13/04/2026,2026-05-17,Fun dive,4,12750,cancelled,,T00908,3
B007040,C05387,2026-04-23,2026-05-17,Fun Dive,1,3700,cancelled,Customer,T00908,4
B007041,C05388,2026-05-07,2026-05-17,FUN DIVE,3,10450,CANCELLED,Weather,T00908,5
B007042,C05389,2026-04-25,2026-05-17,Fun dive,2,6900,CANCELLED,Weather,T00908,7
B007043,C05390,2026-05-08,2026-05-17,Fun dive,3,8450,completed,,T00908,8
B007044,C04913,2026-05-04,2026-05-17,FUN DIVE,1,3250,Cancelled,Weather,T00908,9
B007045,C05231,2026-04-27,2026-05-17,Discovery Dive,1,5400,cancelled,Weather,T00908,10
B007046,C05391,27/04/2026,2026-05-17,Fun dive,3,10050,cancelled,,T00908,11
B007047,C05392,2026-04-25,2026-05-17,FUN DIVE,2,6000,Cancelled,Weather,T00908,12
B007048,C05393,May 2 2026,2026-05-18,fundive,2,7450, Completed,,T00909,1
B007049,C05394,2026-04-24,2026-05-18,Discovery Dive,1,5400, cancelled ,Weather,T00909,2
B007050,C05395,April 23 2026,2026-05-18,Course,4,26950, Completed,,T00909,3
B007051,C05396,2026-04-21,2026-05-18,fun dive,2,6850,completed,,T00909,5
B007052,C05397,10/04/2026,2026-05-18,FUN DIVE,2,7050, Completed,,T00909,6
B007053,C05398,April 16 2026,2026-05-18,Discovery,1,5450,Completed,,T00909,7
B007054,C05399,2026-04-03,2026-05-18,Discovery Dive,1,4950,completed,,T00909,8
B007055,C04658,11/04/2026,2026-05-18,fundive,4,14600, Completed,,T00909,9
B007056,C05400,2026-05-09,2026-05-19,fundive,4,14700,COMPLETED,,T00910,1
B007057,C05401,April 4 2026,2026-05-19,discovery dive,2,9750,Completed,,T00910,2
B007058,C05402,2026-05-02,2026-05-19,FUN DIVE,3,11500,Completed,,T00910,3
B007059,C05403,2026-05-04,2026-05-19,Discovery,1,4050,CANCELLED,,T00910,4
B007060,C05404,19/04/2026,2026-05-19,COURSE,5,25350,no-show,,T00910,5
B007061,C05405,April 8 2026,2026-05-19,FUN DIVE,2,6350,COMPLETED,,T00910,7
B007062,C05406,2026-04-07,2026-05-19,Fun dive,2,5700,COMPLETED,,T00910,8
B007063,C05407,2026-05-17,2026-05-19,DSD,1,4750,completed,,T00910,9
B007064,C05408,2026-05-09,2026-05-19,PADI Course,4,24250, cancelled ,Weather,T00910,11
B007065,C04678,2026-04-27,2026-05-19,discovery dive,1,4350,Completed,,T00910,12
B007066,C05388,2026-05-06,2026-05-20,course,4,26500,NO-SHOW,,T00911,1
B007067,C05409,2026-04-08,2026-05-20,FUN DIVE,4,13850, Completed,,T00911,2
B007068,C05410,2026-04-11,2026-05-20,FUN DIVE,2,6100, Completed,,T00911,3
B007069,C01766,12/05/2026,2026-05-20,Fun dive,1,3500, Completed,,T00911,4
B007070,C00844,2026-05-04,2026-05-20,FUN DIVE,4,14550, Completed,,T00911,5
B007071,C05411,2026-04-16,2026-05-20,DISCOVERY DIVE,1,4550,COMPLETED,,T00911,6
B007072,C05412,April 28 2026,2026-05-20,fundive,1,3650,completed,,T00911,7
B007073,C05413,2026-04-20,2026-05-20,Course,5,21550,completed,,T00911,8
B007074,C01575,2026-05-03,2026-05-20,DSD,1,4650,cancelled,Customer,T00911,9
B007075,C05414,2026-04-06,2026-05-20,Fun dive,1,3050,completed,,T00911,10
B007076,C05415,2026-04-13,2026-05-20,Discovery,2,9500,no-show,,T00911,11
B007077,C05416,2026-05-21,2026-05-21,Discovery,1,3950,completed,,T00912,1
B007078,C05417,2026-04-17,2026-05-21,FUN DIVE,4,13750,NO-SHOW,,T00912,2
B007079,C05418,April 21 2026,2026-05-21,DSD,2,7950,COMPLETED,,T00912,3
B007080,C04825,24/04/2026,2026-05-21,PADI Course,4,25050,CANCELLED,Customer,T00912,4
B007081,C05419,2026-05-11,2026-05-21,fun dive,3,9650,Completed,,T00912,5
B007082,C05420,2026-04-12,2026-05-21,Fun Dive,1,3400,Completed,,T00912,6
B007083,C05421,16/05/2026,2026-05-21,Discovery,1,5050, Completed,,T00912,7
B007084,C04643,April 25 2026,2026-05-21,Fun dive,2,5550,cancelled,Medical,T00912,8
B007085,C05422,2026-04-26,2026-05-21,DISCOVERY DIVE,2,10450, Completed,,T00912,11
B007086,C05423,10/04/2026,2026-05-21,DISCOVERY DIVE,1,5000, Completed,,T00912,12
B007087,C05109,17/05/2026,2026-05-22,Fun dive,4,11450,COMPLETED,,T00913,1
B007088,C05424,2026-05-17,2026-05-22,FUN DIVE,1,3500,cancelled,Customer,T00913,2
B007089,C05425,2026-05-03,2026-05-22,Fun Dive,2,6250,Cancelled,Customer,T00913,3
B007090,C05426,May 18 2026,2026-05-22,discovery dive,2,10450, Completed,,T00913,4
B007091,C05427,09/04/2026,2026-05-22,Fun dive,2,6450, Completed,,T00913,6
B007092,C05428,May 12 2026,2026-05-22,fun dive,4,13450, Completed,,T00913,8
B007093,C05429,2026-05-01,2026-05-22,FUN DIVE,3,10450,completed,,T00913,9
B007094,C05430,05/05/2026,2026-05-23,COURSE,4,25700,cancelled,Weather,T00914,1
B007095,C05431,17/05/2026,2026-05-23,fun dive,2,6500,cancelled,Customer,T00914,2
B007096,C05432,23/04/2026,2026-05-23,discovery dive,1,5050,Completed,,T00914,3
B007097,C05433,01/05/2026,2026-05-23,Discovery Dive,2,10200,Cancelled,Weather,T00914,4
B007098,C05434,2026-05-15,2026-05-23,Fun Dive,1,3650,cancelled,Weather,T00914,6
B007099,C05435,May 5 2026,2026-05-23,DISCOVERY DIVE,1,4400,cancelled,Weather,T00914,7
B007100,C05436,2026-04-17,2026-05-23,Discovery,2,10550,COMPLETED,,T00914,8
B007101,C05437,2026-05-07,2026-05-23,FUN DIVE,1,3050,cancelled,Weather,T00914,9
B007102,C05438,2026-04-17,2026-05-23,FUN DIVE,3,10150,Cancelled,Weather,T00914,10
B007103,C05439,2026-05-14,2026-05-23,DSD,1,5150,cancelled,Weather,T00914,11
B007104,C05440,22/04/2026,2026-05-24,fun dive,1,3650,No-Show,,T00915,1
B007105,C05441,09/05/2026,2026-05-24,Discovery Dive,1,4450,cancelled,Weather,T00915,2
B007106,C05442,2026-05-05,2026-05-24,Course,5,23800,cancelled,Customer,T00915,3
B007107,C05443,23/04/2026,2026-05-24,fun dive,3,11150,completed,,T00915,4
B007108,C05444,16/05/2026,2026-05-24,Discovery Dive,1,4900,completed,,T00915,5
B007109,C05445,2026-04-20,2026-05-24,DSD,1,5250,No-Show,,T00915,6
B007110,C03689,23/05/2026,2026-05-24,fun dive,2,7150,completed,,T00915,7
B007111,C05229,2026-05-10,2026-05-24,Fun dive,2,7200,Completed,,T00915,8
B007112,C05162,April 11 2026,2026-05-24,discovery dive,1,4800, cancelled ,Weather,T00915,10
B007113,C05446,2026-05-21,2026-05-24,DISCOVERY DIVE,1,4500, cancelled ,Weather,T00915,11
B007114,C05447,09/04/2026,2026-05-24,fun dive,2,6900,Cancelled,Weather,T00915,12
B007115,C05448,2026-05-03,2026-05-25,DSD,1,4900,completed,,T00916,1
B007116,C05449,29/04/2026,2026-05-25,Discovery Dive,1,5300,No-show,,T00916,2
B007117,C05450,2026-05-18,2026-05-25,fun dive,3,10700,Completed,,T00916,4
B007118,C05451,16/05/2026,2026-05-25,fun dive,1,3200, Completed,,T00916,5
B007119,C05452,2026-05-12,2026-05-25,fundive,2,6250,completed,,T00916,6
B007120,C05453,21/05/2026,2026-05-25,Discovery Dive,2,8250,completed,,T00916,8
B007121,C05454,2026-05-24,2026-05-25,DISCOVERY DIVE,1,5500,COMPLETED,,T00916,9
B007122,C05455,May 14 2026,2026-05-25,Fun dive,3,10150,Completed,,T00916,11
B007123,C05456,2026-05-13,2026-05-25,COURSE,5,21350,COMPLETED,,T00916,12
B007124,C05218,2026-05-21,2026-05-26,Fun Dive,2,6000,completed,,T00917,1
B007125,C05457,2026-05-21,2026-05-26,Fun Dive,2,6350, cancelled ,Customer,T00917,2
B007126,C05458,April 19 2026,2026-05-26,Discovery Dive,1,4350,Completed,,T00917,3
B007127,C05459,2026-04-12,2026-05-26,DSD,1,4700,Completed,,T00917,4
B007128,C05460,2026-05-22,2026-05-26,course,5,22650,Completed,,T00917,5
B007129,C05356,May 11 2026,2026-05-26,Fun dive,1,2950,Cancelled,Customer,T00917,6
B007130,C05461,2026-04-15,2026-05-26,Discovery,2,10250,completed,,T00917,8
B007131,C00243,2026-05-03,2026-05-26,PADI Course,4,25400,Completed,,T00917,9
B007132,C05462,2026-04-19,2026-05-26,Course,5,26450, Completed,,T00917,10
B007133,C05463,14/05/2026,2026-05-26,DISCOVERY DIVE,1,4800,CANCELLED,,T00917,11
B007134,C02953,20/05/2026,2026-05-26,Fun Dive,2,7700,Completed,,T00917,12
B007135,C05464,18/05/2026,2026-05-27,COURSE,5,23900, Completed,,T00918,1
B007136,C05465,2026-04-24,2026-05-27,Course,4,26300,Completed,,T00918,2
B007137,C05466,2026-05-06,2026-05-27,Course,5,25950,No-show,,T00918,4
B007138,C05467,2026-04-21,2026-05-27,DSD,1,5600, Completed,,T00918,5
B007139,C05468,2026-05-01,2026-05-27,Fun dive,2,6550, Completed,,T00918,6
B007140,C05469,2026-04-12,2026-05-27,Fun dive,1,3250,completed,,T00918,7
B007141,C05470,2026-05-16,2026-05-27,Fun dive,3,8600, Completed,,T00918,9
B007142,C05471,2026-04-23,2026-05-28,Fun dive,2,7250,Cancelled,,T00919,1
B007143,C05472,26/04/2026,2026-05-28,Discovery,1,5000,COMPLETED,,T00919,2
B007144,C05473,May 19 2026,2026-05-28,discovery dive,1,4050,completed,,T00919,5
B007145,C05474,April 30 2026,2026-05-28,fundive,2,7200, cancelled ,,T00919,6
B007146,C05475,24/04/2026,2026-05-28,FUN DIVE,1,3550,completed,,T00919,8
B007147,C05476,2026-05-01,2026-05-28,Fun dive,2,5600, Completed,,T00919,9
B007148,C05477,April 28 2026,2026-05-28,discovery dive,1,4600,completed,,T00919,10
B007149,C05478,2026-05-14,2026-05-29,DISCOVERY DIVE,1,5550, cancelled ,Medical,T00920,1
B007150,C05210,2026-05-16,2026-05-29,DISCOVERY DIVE,1,4900,CANCELLED,Customer,T00920,3
B007151,C05479,2026-05-07,2026-05-29,Fun Dive,2,5650,COMPLETED,,T00920,5
B007152,C05480,2026-05-04,2026-05-29,Fun Dive,3,10000,completed,,T00920,6
B007153,C05481,04/05/2026,2026-05-29,DSD,1,4450,completed,,T00920,7
B007154,C05482,18/04/2026,2026-05-29,Course,4,27000, Completed,,T00920,8
B007155,C05483,16/04/2026,2026-05-29,discovery dive,1,5100, Completed,,T00920,9
B007156,C05484,2026-05-11,2026-05-30,discovery dive,1,5100,completed,,T00921,1
B007157,C05163,2026-04-17,2026-05-30,DISCOVERY DIVE,1,5100,completed,,T00921,2
B007158,C05485,2026-05-27,2026-05-30,fun dive,1,3550,Completed,,T00921,3
B007159,C05486,11/05/2026,2026-05-30,fun dive,4,12550,completed,,T00921,4
B007160,C05487,2026-05-05,2026-05-30,DISCOVERY DIVE,1,5500,completed,,T00921,6
B007161,C05488,2026-04-20,2026-05-30,fundive,1,3700,COMPLETED,,T00921,7
B007162,C05489,May 30 2026,2026-05-30,Discovery Dive,1,4950,Completed,,T00921,8
B007163,C05000,2026-04-25,2026-05-31,FUN DIVE,4,14400, Completed,,T00922,1
B007164,C05364,2026-05-01,2026-05-31,DSD,1,5450, cancelled ,Weather,T00922,2
B007165,C05490,2026-04-30,2026-05-31,Fun dive,2,7100, Completed,,T00922,4
B007166,C05491,20/04/2026,2026-05-31,FUN DIVE,4,15050,completed,,T00922,5
B007167,C02210,2026-04-25,2026-05-31,FUN DIVE,2,5600,completed,,T00922,6
B007168,C05492,2026-04-16,2026-05-31,Fun Dive,1,3000, cancelled ,Weather,T00922,8
B007169,C05493,2026-05-02,2026-05-31,Course,4,27400,CANCELLED,Medical,T00922,10
B007170,C05494,2026-05-05,2026-05-31,fun dive,1,2750,Completed,,T00922,11
B007171,C05495,29/04/2026,2026-05-31,FUN DIVE,2,6950,COMPLETED,,T00922,12
