customer_id,first_name,last_name,nationality,age,cert_level,acquisition_channel,signup_date
C00001,Ananya,Tanaka,IL,31,None,Referral,2023-12-30
C00002,Daniel,Dubois,India,28,Advanced,Referral,26/12/2023
C00003,Rohan,Brown,RU,33,open water,Website,2023-12-30
C00004,Daniel,Rossi,france,28,Open  Water,Instagram,24/12/2023
C00005,Chloe,Taylor,JP,33,rescue,Website,2023-12-26
C00006,Dmitri,Ivanov,Russia,31,NONE,Referral,2023-12-31
C00007,Ishaan,Nair,Germany,,OPEN WATER,,December 24 2023
C00008,Sven,Gupta,IN,30,NONE,OTA,23/12/2023
C00009,Aditya,Bakker,INDIA,52,NONE,OTA,2023-12-30
C00010,Aditya,Nair,NL,50,Open Water,,2023-12-25
C00011,Tom,Menon,U.S.A.,38,NONE,Instagram,28/12/2023
C00012,Divya,Menon,IN,29,rescue,Walk-in,29/12/2023
C00013,Sneha,Muller,German,28, Advanced,Walk-in,28/12/2023
C00014,Sven,Rossi,United Kingdom,31,Advanced,Referral,December 31 2023
C00015,Tom,Iyer,Indian,32,None,Hotel Partner,2023-12-27
C00016,James,Kulkarni,French,42,none,Walk-in,December 27 2023
C00017,Rohan,Wilson,germany,45,none,Walk-in,2023-12-25
C00018,Sarah,Rao,IN,32,None,Referral,01/01/2024
C00019,Priya,Schmidt,India,21,None,Referral,26/12/2023
C00020,Neha,Park,India,34,None,,December 30 2023
C00021,Aditya,Park,INDIA,47,Open Water,OTA,2023-12-25
C00022,Pooja,Kulkarni,Indian,33,None,Referral,2023-12-28
C00023,Yuki,Gupta,france,46,Advanced ,Instagram,2023-12-25
C00024,Arjun,Muller,RU,33,Open Water,OTA,2024-01-02
C00025,Yuki,Levi,IN,53,none,Website,December 26 2023
C00026,Marco,Jansen,DE,35, None,Website,January 1 2024
C00027,Pierre,Dubois,germany,36,Open Water ,OTA,2023-12-30
C00028,Anouk,Rao,india,19,None,Referral,2023-12-28
C00029,Noa,Kim,Netherlands,23,None,Hotel Partner,2023-12-30
C00030,Noa,Desai,United States,31,Open Water,Instagram,2024-01-02
C00031,Neha,Rao,United Kingdom,24,None,Hotel Partner,27/12/2023
C00032,Itai,Kulkarni,INDIA,37, None,Website,2023-12-27
C00033,Sven,Taylor,German,42,Open Water,Referral,29/12/2023
C00034,Aditya,Levi,Russia,,Open Water,Referral,31/12/2023
C00035,Arjun,Kim,israel,36,none,Referral,2023-12-31
C00036,Hannah,Petrova,france,45,none,Walk-in,December 27 2023
C00037,Aarav,Kim,South Korea,12,Advanced,Walk-in,2023-12-31
C00038,Arjun,Levi,RU,41,Advanced,Walk-in,2023-12-26
C00039,Neha,Chowdhury,germany,46,Advanced,Hotel Partner,January 4 2024
C00040,Vikram,Kulkarni,U.K.,37,None,Website,2023-12-27
C00041,Neha,Tanaka, India ,33,NONE,Referral,December 27 2023
C00042,Yuki,Desai,German,,none,Instagram,January 3 2024
C00043,Hannah,Bakker,U.K.,45,OPEN WATER,,2023-12-31
C00044,Siddharth,Banerjee, India ,31,NONE,OTA,2024-01-02
C00045,Ishaan,Desai,British,27,Open Water,Walk-in,2023-12-31
C00046,Karan,Park,israel,40,None,Walk-in,January 4 2024
C00047,Rohan,Rossi,United Kingdom,31,none,Hotel Partner,2023-12-27
C00048,Sarah,Bakker,American,27,None,OTA,2023-12-29
C00049,Liam,Levi,india,33,None,Walk-in,28/12/2023
C00050,Aarav,Muller,Indian,51,Open Water ,Hotel Partner,2024-01-03
C00051,Ravi,Cohen,INDIA,34,Advanced,Walk-in,2024-01-01
C00052,Ishaan,Rao,india,33,none,Hotel Partner,27/12/2023
C00053,Liam,Dubois,IN,47,Open Water ,Walk-in,2024-01-04
C00054,Ananya,Taylor,DE,16,open water,Referral,2023-12-28
C00055,Yuki,Menon,INDIA,38,None,Website,2024-01-03
C00056,Liam,Reddy,india,45,None,Website,January 4 2024
C00057,Rohan,Petrova,INDIA,35, None,Referral,January 5 2024
C00058,Hannah,Dubois,French,46,Divemaster,,December 27 2023
C00059,Meera,OConnor,Russian,39,none,Instagram,26/12/2023
C00060,Arjun,Smith,Australia,29,None,Walk-in,02/01/2024
C00061,Neha,Petrova,italy,30,advanced,Walk-in,27/12/2023
C00062,Anouk,Patel,Australia,,OPEN WATER,Referral,2024-01-02
C00063,Lukas,Jansen, India ,27,Open Water,,31/12/2023
C00064,Noa,Smith,IN,41,Advanced,Hotel Partner,2023-12-31
C00065,Emma,Muller,Russia,14,open water,Walk-in,2024-01-04
C00066,Hannah,Brown,IN,30,None,Walk-in,2023-12-30
C00067,Emma,Kulkarni,india,14,advanced,Website,2023-12-30
C00068,Pooja,Petrova,Israeli,33,RESCUE,Instagram,2023-12-31
C00069,Aarav,Banerjee,Indian,46,Open Water,Referral,2023-12-31
C00070,Marco,Desai, India ,49,Open Water,Instagram,2024-01-05
C00071,Itai,Petrova,United Kingdom,31,OPEN WATER,Referral,2024-01-04
C00072,Vikram,Schmidt,japan,26,none,Walk-in,2024-01-02
C00073,Meera,Rao,INDIA,32,Open Water ,Instagram,02/01/2024
C00074,Karan,Sharma,germany,37,open water,,2024-01-04
C00075,Sarah,Desai,Germany,42,Open Water,Walk-in,31/12/2023
C00076,Ishaan,Desai,India,24,Open Water ,OTA,31/12/2023
C00077,Pooja,OConnor,INDIA,29,Open Water,Website,01/01/2024
C00078,Noa,Brown,india,38, Advanced,Instagram,2023-12-28
C00079,Pooja,Kim,German,39, Open Water,Website,2024-01-02
C00080,Dmitri,Cohen,israel,38, None,Referral,2024-01-04
C00081,Aarav,Tanaka,Russian,34,None,Instagram,2024-01-06
C00082,Elena,Ivanov,Russian,46,NONE,,05/01/2024
C00083,Itai,Levi,India,43,Open Water,Hotel Partner,2023-12-28
C00084,Vikram,Rao,IN,37,rescue,Website,01/01/2024
C00085,Daniel,Schmidt,French,26,none,Walk-in,December 30 2023
C00086,Divya,Taylor,korea,38,None,Walk-in,December 30 2023
C00087,Neha,Wilson,INDIA,34,ADVANCED,OTA,2024-01-03
C00088,Emma,Gupta,India,12,None,Referral,30/12/2023
C00089,Meera,Gupta, India ,54, Open Water,Website,2024-01-02
C00090,Aarav,Reddy,IN,31,None,OTA,01/01/2024
C00091,Pierre,Tanaka,United Kingdom,15,None,Hotel Partner,2024-01-03
C00092,Elena,Iyer,INDIA,25,advanced,Instagram,2023-12-29
C00093,Olga,Muller,Japan,28,Advanced,OTA,2023-12-31
C00094,Sophie,Reddy,australia,16,None,,06/01/2024
C00095,Olga,Iyer,IN,23,Divemaster,Website,2024-01-03
C00096,Dmitri,Gupta,India,39, Rescue,Referral,January 2 2024
C00097,Siddharth,Sharma,India,19,NONE,Walk-in,2024-01-07
C00098,Camille,Rossi,IN,34,none,Website,2024-01-04
C00099,Camille,Park,France,44,open water,Walk-in,2024-01-06
C00100,Arjun,Brown,IN,45,None,Referral,2023-12-30
C00101,Pierre,Cohen,Australia,32,None,Website,2023-12-31
C00102,Sven,Gupta,IN,34,None,Website,2024-01-08
C00103,Camille,Gupta, India ,27,Advanced,Website,2024-01-09
C00104,Vikram,Ivanov,india,33,Open Water ,Walk-in,2024-01-03
C00105,Emma,Petrova,INDIA,51,Advanced,Website,January 7 2024
C00106,Pooja,OConnor,Indian,37,Open Water,OTA,2023-12-31
C00107,Priya,Ivanov,INDIA,30,None,Walk-in,07/01/2024
C00108,James,Banerjee,India,15, None,Website,2024-01-03
C00109,Rahul,Tanaka,IN,47,open water,Hotel Partner,04/01/2024
C00110,Pooja,Rossi, India ,21,Open  Water,Website,08/01/2024
C00111,Elena,Menon,INDIA,29,Advanced,Walk-in,2024-01-03
C00112,Lukas,Kim, India ,30,None,Website,06/01/2024
C00113,Rohan,Sharma,NL,20,none,Hotel Partner,December 30 2023
C00114,Neha,Dubois,Israeli,24,None,Walk-in,2024-01-03
C00115,Liam,Taylor,IN,36,none,Referral,2024-01-07
C00116,Arjun,Taylor,IN,39,Open Water,,01/01/2024
C00117,Ananya,Kim,United Kingdom,36,divemaster,Referral,2024-01-07
C00118,Dmitri,Kim,DE,26, None,Referral,2024-01-09
C00119,Sophie,Taylor,india,49,open water,Walk-in,2024-01-03
C00120,Divya,Taylor,Israeli,32,Open Water,Instagram,03/01/2024
C00121,Camille,Schmidt,India,33,None ,Website,2024-01-08
C00122,Ishaan,OConnor, India ,23, Open Water,OTA,2024-01-03
C00123,Elena,Wilson,Italian,41,Open Water ,Referral,04/01/2024
C00124,James,Rao,England,21,Open Water,Website,January 10 2024
C00125,Arjun,Tanaka,United Kingdom,43, Advanced,Instagram,2024-01-08
C00126,Aarav,Taylor,RU,24, Rescue,Referral,2024-01-06
C00127,Liam,Dubois,IN,27,open water,Walk-in,2024-01-09
C00128,Sven,Jansen,israel,32,None,Website,02/01/2024
C00129,Elena,Petrova,INDIA,23,None,Website,05/01/2024
C00130,Kavya,Tanaka,india,35,open water,,2024-01-03
C00131,Ananya,OConnor,IN,42, None,Website,11/01/2024
C00132,Itai,Park,U.K.,44,ADVANCED,Website,09/01/2024
C00133,Karan,Levi,British,43,advanced,,2024-01-07
C00134,Sven,Levi,IT,42,None,,January 4 2024
C00135,Ananya,Levi,IN,48,None,Website,2024-01-10
C00136,Vikram,Schmidt,India,29,Open Water,Website,January 4 2024
C00137,Ishaan,Banerjee, India ,45,Open  Water,,January 4 2024
C00138,Itai,Levi,DE,34,Open Water,Referral,07/01/2024
C00139,Yuki,Taylor,INDIA,53,Open Water,Referral,02/01/2024
C00140,Camille,Rao,Germany,52,Advanced,Walk-in,09/01/2024
C00141,Tom,Jansen,UK,33, Advanced,OTA,2024-01-11
C00142,Dmitri,Nair,USA,28,None,Hotel Partner,2024-01-09
C00143,Olga,Desai,British,22,Advanced ,Walk-in,2024-01-08
C00144,Karan,Bakker,russia,42,OPEN WATER,Walk-in,2024-01-03
C00145,Elena,Sharma,INDIA,30,advanced,Website,2024-01-10
C00146,Tom,Chowdhury,British,42,None,Referral,2024-01-07
C00147,Aarav,Rao,Japan,26,None,,2024-01-07
C00148,Ishaan,Bakker,Indian,41, None,,2024-01-05
C00149,Siddharth,Jansen,INDIA,50,Rescue,OTA,2024-01-11
C00150,Camille,Schmidt,IN,39,none,Website,06/01/2024
C00151,Aditya,Cohen,United Kingdom,30,open water,Hotel Partner,2024-01-11
C00152,Ravi,Reddy,RU,45,None,Instagram,09/01/2024
C00153,Itai,Chowdhury,India,37,None,Referral,10/01/2024
C00154,Minjun,Park, India ,17,open water,Instagram,2024-01-07
C00155,Yuki,Bakker,india,19,None,Instagram,2024-01-12
C00156,Itai,Rao,IL,42,Advanced,Website,10/01/2024
C00157,Sneha,OConnor,Indian,32,Rescue,Walk-in,2024-01-04
C00158,Minjun,Jansen,russia,30,None,,2024-01-07
C00159,Arjun,Smith, India ,43,Open Water,,2024-01-07
C00160,Minjun,Brown,India,18,None,Website,2024-01-11
C00161,Sarah,Tanaka,South Korea,29,Open Water,Walk-in,January 7 2024
C00162,Sneha,Dubois,Australia,28, None,Walk-in,2024-01-09
C00163,Sneha,Desai,INDIA,39,Open Water,Walk-in,2024-01-11
C00164,Noa,Brown,INDIA,45,none,Hotel Partner,2024-01-08
C00165,Pierre,Gupta,india,38, None,,January 6 2024
C00166,Tom,Menon,india,36,Open Water ,OTA,13/01/2024
C00167,Yuki,Smith,England,51,open water,Walk-in,2024-01-05
C00168,Marco,Taylor,australia,35,Divemaster,Referral,14/01/2024
C00169,Tom,Taylor,russia,29,Open Water,,2024-01-12
C00170,Elena,Petrova,Indian,33,None,,2024-01-10
C00171,Daniel,Sharma,RU,33, Open Water,Walk-in,08/01/2024
C00172,Liam,Patel,india,33,none,,07/01/2024
C00173,Dmitri,Wilson,russia,39,Open Water,Referral,2024-01-09
C00174,Daniel,Park,IN,12,Open Water ,Walk-in,2024-01-09
C00175,Daniel,Banerjee,INDIA,35,None,Referral,January 5 2024
C00176,Chloe,Kim,NL,31,None,Referral,09/01/2024
C00177,Aarav,Rao,Italy,33,OPEN WATER,Website,2024-01-12
C00178,Minjun,Desai,India,17,None,OTA,2024-01-13
C00179,Tom,Gupta, India ,32,Advanced,Walk-in,January 8 2024
C00180,Camille,Tanaka,DE,36,advanced,OTA,2024-01-09
C00181,Rahul,Smith,Indian,26,None,Website,2024-01-07
C00182,Emma,Iyer,INDIA,31,None,Hotel Partner,2024-01-07
C00183,Camille,Iyer,FR,32,NONE,Hotel Partner,2024-01-15
C00184,Tom,Kim,IN,25,None,Walk-in,January 14 2024
C00185,Olga,Park,JP,49,None ,Website,2024-01-13
C00186,Sven,Tanaka,Israel,15,None,OTA,January 9 2024
C00187,Marco,Patel,Indian,30,rescue,Referral,January 13 2024
C00188,Marco,Iyer,India,37,Open Water,Instagram,2024-01-09
C00189,Minjun,Rossi, India ,26, Open Water,Walk-in,2024-01-06
C00190,Neha,Kim,INDIA,49,Open Water,Website,2024-01-10
C00191,Dmitri,Ivanov,Russia,30,None,OTA,2024-01-13
C00192,Sneha,Cohen,U.K.,35,Advanced,Referral,13/01/2024
C00193,Minjun,Levi,IN,21,None,,2024-01-10
C00194,Sven,Desai,uk,45,None,Referral,January 15 2024
C00195,Sarah,Iyer, India ,51,NONE,Hotel Partner,17/01/2024
C00196,Meera,Kulkarni,germany,31, Open Water,Instagram,17/01/2024
C00197,Emma,Ivanov,INDIA,,Open Water,Instagram,2024-01-14
C00198,Neha,Chowdhury,korea,51,Open Water,Hotel Partner,16/01/2024
C00199,Priya,Rao,INDIA,12,advanced,Referral,2024-01-18
C00200,Neha,Park,india,17,open water,Walk-in,2024-01-15
C00201,Siddharth,Kim,netherlands,26,None,,2024-01-10
C00202,Hannah,Sharma,india,22,Open Water,Instagram,2024-01-17
C00203,Neha,Sharma,INDIA,47,Open Water ,Referral,January 10 2024
C00204,Hannah,Muller,netherlands,24,Open Water,Instagram,January 10 2024
C00205,Divya,Tanaka,U.K.,26,None,Website,2024-01-13
C00206,Liam,Muller,IN,23, Open Water,Hotel Partner,2024-01-09
C00207,Itai,Muller,Australian,44,Open Water,Instagram,2024-01-08
C00208,Dmitri,Kulkarni,IN,50,NONE,,2024-01-18
C00209,Olga,Schmidt,Israeli,36,none,Hotel Partner,January 16 2024
C00210,Itai,OConnor,USA,,advanced,Walk-in,13/01/2024
C00211,Marco,Taylor,Australian,24,none,Hotel Partner,2024-01-11
C00212,Arjun,Nair, India ,36,Rescue,Hotel Partner,2024-01-17
C00213,Elena,Wilson,germany,,rescue,Website,13/01/2024
C00214,Divya,Smith,KR,15,none,Walk-in,2024-01-13
C00215,Ishaan,Tanaka,Germany,13,none,,10/01/2024
C00216,Priya,Ivanov,France,30,None,Instagram,2024-01-15
C00217,Elena,Iyer,india,57,None,Walk-in,2024-01-17
C00218,Emma,Smith,India,40,none,OTA,2024-01-16
C00219,Lukas,Levi,JP,52,None,Hotel Partner,15/01/2024
C00220,Daniel,Taylor,DE,19,Advanced,,2024-01-10
C00221,Lukas,Reddy,Australian,41,None,Referral,2024-01-19
C00222,Sophie,Tanaka,Indian,,none,OTA,January 10 2024
C00223,Pierre,Petrova,Indian,26,None,Hotel Partner,12/01/2024
C00224,Minjun,Gupta,Netherlands,32,None,Website,2024-01-11
C00225,Emma,Rossi,INDIA,36,none,Walk-in,14/01/2024
C00226,Arjun,Desai,RU,39,none,Hotel Partner,2024-01-14
C00227,Aarav,Petrova,Russian,38,Open Water,,January 18 2024
C00228,Lukas,Taylor,USA,30,none,Walk-in,2024-01-11
C00229,Noa,Bakker,germany,24,Divemaster,Walk-in,January 16 2024
C00230,Aarav,Schmidt,france,14,none,Hotel Partner,January 16 2024
C00231,Yuki,Brown,Korean,24,None,Referral,2024-01-16
C00232,Anouk,Sharma,Indian,35,Open Water,Website,January 14 2024
C00233,Camille,Reddy,india,21, Advanced,Walk-in,2024-01-20
C00234,Divya,Taylor,india,32,Open Water ,Website,15/01/2024
C00235,Ishaan,Muller,India,31, None,Walk-in,2024-01-12
C00236,Siddharth,Kulkarni,England,32,Open Water,Walk-in,January 14 2024
C00237,Rahul,Desai,United States,,ADVANCED,OTA,20/01/2024
C00238,Vikram,Muller,uk,,none,Walk-in,January 20 2024
C00239,Arjun,Gupta,India,38,Advanced ,Walk-in,2024-01-13
C00240,Kavya,Schmidt,india,46,None,Walk-in,2024-01-13
C00241,Ishaan,OConnor,United States,43, Advanced,OTA,2024-01-21
C00242,Sven,Cohen,India,38,None,,15/01/2024
C00243,Marco,Bakker,germany,22,Open Water,Website,2024-01-20
C00244,Siddharth,Taylor,INDIA,30,None,Hotel Partner,2024-01-20
C00245,Sarah,Gupta,United Kingdom,49,None,Walk-in,2024-01-16
C00246,Pooja,Reddy,Netherlands,23,Open Water,Instagram,2024-01-14
C00247,Noa,Muller,India,43,Advanced,Instagram,January 12 2024
C00248,Siddharth,Desai,france,17,None,Walk-in,2024-01-17
C00249,Ravi,Gupta,IN,35,none,Walk-in,2024-01-18
C00250,Tom,Ivanov,Holland,32,DIVEMASTER,Hotel Partner,2024-01-13
C00251,Pooja,Muller, India ,23,None,Walk-in,2024-01-17
C00252,Siddharth,Levi,FR,58,Open Water ,Walk-in,2024-01-16
C00253,Pierre,Tanaka,india,33,NONE,Referral,2024-01-16
C00254,Hannah,Patel,French,23,None,Referral,19/01/2024
C00255,Marco,Dubois,Italian,36,Rescue,Instagram,January 12 2024
C00256,Pierre,Taylor,Russian,24,none,Walk-in,2024-01-20
C00257,Kavya,Levi,INDIA,42,None,Instagram,2024-01-17
C00258,Rahul,OConnor,AU,25,None,Walk-in,20/01/2024
C00259,Sven,Levi,israel,,Open Water,OTA,2024-01-23
C00260,Sarah,Desai,Netherlands,40,None,Instagram,2024-01-22
C00261,Meera,OConnor,India,57,Open Water,,2024-01-15
C00262,Hannah,OConnor,france,33,Open Water,Website,2024-01-18
C00263,Vikram,Rao, India ,45,none,Website,16/01/2024
C00264,Arjun,Reddy,British,32,open water,Referral,2024-01-22
C00265,Pooja,Dubois,Indian,41,None,Referral,2024-01-15
C00266,Karan,Smith,FR,36,Open Water,Instagram,2024-01-19
C00267,Priya,Levi,israel,,NONE,Instagram,January 23 2024
C00268,Rahul,Bakker,American,46,NONE,Referral,2024-01-19
C00269,Daniel,Cohen, India ,35,Advanced,Referral,23/01/2024
C00270,Aditya,Taylor,india,37,None,Website,January 15 2024
C00271,Marco,Ivanov,England,37,Divemaster ,Walk-in,22/01/2024
C00272,Aarav,Menon,Indian,49,none,OTA,January 23 2024
C00273,Rohan,OConnor,india,23,Open Water ,Referral,2024-01-19
C00274,Hannah,Wilson,Netherlands,35,Open  Water,Hotel Partner,22/01/2024
C00275,Pierre,Menon,RU,39,None,Instagram,2024-01-22
C00276,Liam,Smith, India ,26,open water,Instagram,January 20 2024
C00277,Meera,Reddy,India,24,None,Instagram,2024-01-23
C00278,Hannah,Petrova,uk,32,None ,,2024-01-20
C00279,Emma,Rao,Indian,26,NONE,Walk-in,23/01/2024
C00280,Sophie,Brown,Indian,26,Open Water,Instagram,2024-01-24
C00281,Dmitri,Kulkarni,russia,17,Advanced,OTA,25/01/2024
C00282,Yuki,Kulkarni,Indian,36,Rescue,Walk-in,January 17 2024
C00283,Priya,Park,uk,12,none,Walk-in,2024-01-16
C00284,Marco,Park,israel,47,Open Water,Walk-in,2024-01-19
C00285,Aarav,Dubois,us,41,None ,Website,18/01/2024
C00286,Karan,Chowdhury,india,26,Open Water,Instagram,2024-01-22
C00287,Rohan,Petrova, India ,,Rescue,Instagram,2024-01-24
C00288,Noa,Brown,United States,31,Advanced,Walk-in,25/01/2024
C00289,Siddharth,Reddy,INDIA,22,Open Water,Website,2024-01-22
C00290,Liam,Chowdhury,British,25,Open Water,Hotel Partner,2024-01-24
C00291,Sven,Jansen, India ,23,none,,25/01/2024
C00292,Vikram,Bakker,UK,33,none,,2024-01-18
C00293,Camille,Banerjee,INDIA,17,None,Website,January 17 2024
C00294,Karan,Park,Indian,29,None ,Walk-in,17/01/2024
C00295,Marco,Taylor, India ,26,None,Instagram,2024-01-24
C00296,Yuki,Chowdhury,russia,44,None ,Referral,2024-01-22
C00297,Ananya,Ivanov,uk,,Open Water,Website,January 20 2024
C00298,Chloe,Taylor,IN,35,OPEN WATER,Website,16/01/2024
C00299,Liam,Jansen,IN,12,None ,Walk-in,2024-01-18
C00300,Dmitri,Taylor,IN,20,none,Referral,January 25 2024
C00301,Aditya,Cohen, India ,27,None ,Referral,26/01/2024
C00302,Rahul,Brown,IN,37,Open Water,Website,24/01/2024
C00303,James,Rossi,India,36,None,,2024-01-24
C00304,Sneha,Jansen,IL,25,Open Water,Walk-in,2024-01-27
C00305,Pierre,Schmidt,uk,,Open Water,OTA,2024-01-17
C00306,Aarav,Reddy, India ,41,Divemaster,OTA,2024-01-21
C00307,Liam,OConnor,IN,12,None,Referral,2024-01-23
C00308,Anouk,Tanaka,IN,29,None,Walk-in,2024-01-26
C00309,Ishaan,Desai, India ,35,Open Water,Hotel Partner,17/01/2024
C00310,Anouk,Petrova,JP,118,None,Walk-in,2024-01-27
C00311,Minjun,Iyer,American,39,Open  Water,Website,2024-01-26
C00312,Camille,Taylor,Australian,32,Advanced,Referral,January 25 2024
C00313,Pooja,Rao,INDIA,29,OPEN WATER,Referral,2024-01-18
C00314,Divya,Sharma,DE,31,Advanced,Referral,28/01/2024
C00315,Daniel,Kim,Indian,35,ADVANCED,Website,2024-01-26
C00316,Camille,Rao,DE,21,Open Water ,Website,22/01/2024
C00317,Sven,Rao,U.K.,32,Open Water,Walk-in,18/01/2024
C00318,Aditya,Desai,netherlands,49,None,Walk-in,2024-01-28
C00319,James,Brown,IT,26,Advanced,OTA,2024-01-22
C00320,Neha,Nair, India ,12,None,OTA,2024-01-23
C00321,Sarah,Chowdhury,France,41,Open  Water,,20/01/2024
C00322,Hannah,Nair,India,43,Rescue,Hotel Partner,January 21 2024
C00323,Neha,Levi,IN,46,advanced,Walk-in,25/01/2024
C00324,Rahul,Bakker,India,42,none,Website,January 26 2024
C00325,Karan,Banerjee,Israeli,29,Open Water,Referral,2024-01-19
C00326,Daniel,Kim,United Kingdom,43,none,,2024-01-20
C00327,Sneha,Cohen, India ,40,none,,2024-01-26
C00328,Ishaan,Petrova,IN,36, Rescue,Website,2024-01-27
C00329,Rohan,Tanaka,Indian,49,None,Instagram,2024-01-22
C00330,Kavya,Desai,Netherlands,35,Open Water ,Website,23/01/2024
C00331,Ananya,Smith,Indian,30,Open Water,Walk-in,2024-01-26
C00332,Priya,Levi,russia,39,NONE,Hotel Partner,2024-01-24
C00333,Ishaan,Smith,U.S.A.,28, None,OTA,2024-01-23
C00334,Noa,Muller,Indian,27,none,Referral,24/01/2024
C00335,Ishaan,Brown,India,23,Advanced,Website,January 28 2024
C00336,Vikram,Nair,Italy,31,Advanced,Referral,2024-01-20
C00337,Priya,Cohen,IL,22, Open Water,Walk-in,2024-01-28
C00338,James,Gupta,INDIA,35,Rescue,Walk-in,January 28 2024
C00339,Dmitri,Brown,DE,40,None,Walk-in,2024-01-24
C00340,Aditya,Gupta,India,,NONE,Referral,30/01/2024
C00341,Sven,Cohen,netherlands,15,NONE,Walk-in,2024-01-27
C00342,James,Banerjee,USA,19,None,,2024-01-28
C00343,Daniel,Muller,DE,12,ADVANCED,Website,2024-01-30
C00344,Neha,Kim,Australian,42,None,,2024-01-25
C00345,Camille,Smith,india,27,None,Walk-in,2024-01-26
C00346,Camille,Sharma,IN,27,NONE,Website,2024-01-28
C00347,Daniel,Tanaka,india,34, None,Walk-in,28/01/2024
C00348,Liam,Bakker,United Kingdom,32,Advanced,Hotel Partner,2024-01-28
C00349,Aditya,Ivanov,Australia,34,None,Walk-in,2024-01-31
C00350,Olga,Nair,IN,,open water,Walk-in,2024-01-31
C00351,Rohan,Bakker,American,26,Open Water,Website,2024-01-31
C00352,Olga,Ivanov,Indian,,NONE,Referral,2024-01-23
C00353,Rohan,Gupta,Russia,49,None,Walk-in,2024-01-25
C00354,Karan,Chowdhury,IN,34,Advanced,Website,2024-01-29
C00355,Sneha,Bakker,British,26,Open Water ,Instagram,2024-01-27
C00356,Camille,Schmidt,INDIA,21,divemaster,Walk-in,26/01/2024
C00357,Elena,Gupta,England,44,None,Website,January 29 2024
C00358,Tom,Taylor,Indian,37,open water,Walk-in,25/01/2024
C00359,Divya,Cohen,Indian,33,Open Water,Referral,22/01/2024
C00360,Liam,OConnor, India ,35,Open Water,Website,24/01/2024
C00361,Anouk,Petrova,india,,OPEN WATER,Hotel Partner,23/01/2024
C00362,Karan,Tanaka,India,36, None,Referral,22/01/2024
C00363,Noa,Iyer,Indian,5,None,Walk-in,2024-01-22
C00364,Arjun,Brown, India ,24,open water,Website,January 25 2024
C00365,Arjun,Sharma,australia,42,open water,Website,2024-01-29
C00366,Ravi,Chowdhury,Indian,,Rescue,Website,30/01/2024
C00367,Olga,Schmidt,India,25,None,Referral,2024-01-24
C00368,Ananya,Rossi,India,,None,Walk-in,2024-01-26
C00369,Pooja,Ivanov,Indian,43,Advanced ,Walk-in,2024-02-01
C00370,Rahul,Desai,INDIA,23,rescue,Walk-in,2024-01-25
C00371,Emma,OConnor,IN,, None,Website,2024-01-23
C00372,Ravi,Iyer,Dutch,20,None,Walk-in,2024-01-23
C00373,Camille,Iyer,Japan,13,Advanced,Walk-in,2024-02-01
C00374,Noa,Muller,india,16,OPEN WATER,Website,01/02/2024
C00375,Yuki,Menon,U.S.A.,36,None,Referral,2024-01-24
C00376,Anouk,Patel,IN,37,Advanced,Website,2024-02-01
C00377,Arjun,Kulkarni,india,,none,Instagram,2024-02-02
C00378,Ravi,Taylor,IN,38,none,OTA,2024-02-03
C00379,Rohan,Gupta,India,27,none,Website,2024-01-27
C00380,Priya,Bakker,france,31, Rescue,Walk-in,2024-02-01
C00381,Hannah,Gupta,IN,, None,OTA,January 27 2024
C00382,Ananya,Wilson,INDIA,41,none,Referral,29/01/2024
C00383,Rohan,Patel,IN,26,Advanced,Referral,2024-01-31
C00384,Rahul,OConnor,French,40,Open Water,Walk-in,31/01/2024
C00385,Dmitri,Schmidt,RU,34,Advanced,Instagram,2024-01-25
C00386,Sven,Rossi,IN,52,None,Hotel Partner,2024-02-01
C00387,Camille,OConnor,Indian,35,open water,Walk-in,29/01/2024
C00388,Marco,Petrova,Holland,54,None,Walk-in,2024-01-30
C00389,Lukas,Reddy,India,115,open water,Website,2024-01-27
C00390,Sophie,Petrova,IN,50,Open Water,Website,29/01/2024
C00391,Anouk,Kim,INDIA,26,Advanced,OTA,February 3 2024
C00392,Liam,Gupta,france,47,Advanced,Referral,January 30 2024
C00393,Itai,Patel,RU,44,Open Water,Instagram,27/01/2024
C00394,Pooja,Schmidt,India,32,None,Referral,25/01/2024
C00395,Kavya,Schmidt,FR,30,None ,Website,2024-01-27
C00396,Aditya,Taylor,German,33,open water,Website,2024-01-28
C00397,Rohan,Wilson,England,30,None,OTA,31/01/2024
C00398,Tom,Gupta,INDIA,31,Open Water ,Instagram,2024-02-01
C00399,Olga,Nair,KR,38,Open Water,,2024-02-01
C00400,Emma,Cohen,russia,46,open water,Referral,2024-02-02
C00401,Rohan,Kim,Russia,34,OPEN WATER,Hotel Partner,2024-02-02
C00402,Pierre,Smith,IN,30,Open Water,Walk-in,February 2 2024
C00403,Tom,Wilson,japan,26,NONE,Walk-in,2024-01-28
C00404,Aditya,Brown,Australia,34,OPEN WATER,Hotel Partner,January 31 2024
C00405,Sarah,Brown,India,42,None,Walk-in,February 5 2024
C00406,Rahul,Sharma, India ,34,None,OTA,2024-01-31
C00407,Rahul,Schmidt,Indian,21,Advanced,Website,2024-02-05
C00408,Sarah,Chowdhury,Russian,44,Advanced,Walk-in,2024-01-27
C00409,Meera,Jansen,INDIA,26,Open Water,Instagram,January 29 2024
C00410,Arjun,Muller,IL,39,Open Water,Walk-in,January 27 2024
C00411,Sven,Schmidt,us,37,none,Walk-in,2024-01-28
C00412,Chloe,Kulkarni,italy,28,Open Water,Walk-in,2024-01-31
C00413,Yuki,Tanaka,italy,41,open water,,2024-02-03
C00414,Arjun,Banerjee,RU,39,None,Walk-in,01/02/2024
C00415,Karan,Jansen, India ,25,None,,2024-01-27
C00416,Siddharth,Muller,INDIA,31,None ,,04/02/2024
C00417,Neha,Wilson,Russia,49,None,Website,2024-01-31
C00418,Ishaan,Park,INDIA,29,advanced,Referral,January 31 2024
C00419,Camille,Kulkarni,RU,12,None ,Walk-in,February 2 2024
C00420,Aditya,Desai,Australian,31,open water,Referral,2024-01-28
C00421,Rohan,Rossi, India ,46,Open Water,Website,2024-02-01
C00422,Sneha,Iyer,india,55,Rescue ,Walk-in,2024-02-05
C00423,Rohan,Iyer,india,44,Open Water,Walk-in,03/02/2024
C00424,Ravi,Taylor,India,19,none,Referral,2024-02-06
C00425,Yuki,Jansen, India ,38,Divemaster,OTA,29/01/2024
C00426,Noa,Menon, India ,15,Open Water,Hotel Partner,February 6 2024
C00427,Olga,Bakker, India ,44,Advanced,Walk-in,07/02/2024
C00428,Sneha,Sharma,INDIA,18,none,Instagram,01/02/2024
C00429,Emma,Ivanov,United Kingdom,17,Open Water ,Website,2024-02-03
C00430,Priya,Patel,India,37,None,,06/02/2024
C00431,Emma,Kulkarni,India,25, Advanced,Referral,2024-02-02
C00432,Ananya,Menon,INDIA,44,NONE,OTA,31/01/2024
C00433,Minjun,Iyer,Indian,13,advanced,,2024-02-05
C00434,Arjun,Brown,uk,24,Open Water,,2024-02-07
C00435,Divya,Iyer,italy,41,Open Water,Instagram,2024-01-29
C00436,Sarah,Dubois,England,51,OPEN WATER,Website,February 1 2024
C00437,Marco,Chowdhury,USA,36,None,OTA,February 6 2024
C00438,Ravi,Patel,INDIA,12,none,Instagram,2024-01-30
C00439,Ravi,Tanaka, India ,23,Advanced,Hotel Partner,31/01/2024
C00440,Divya,Desai,Israeli,25,None,OTA,2024-02-08
C00441,Ishaan,Cohen,Indian,37,advanced,Website,2024-01-31
C00442,Emma,Bakker,France,,OPEN WATER,Referral,03/02/2024
C00443,Meera,Petrova, India ,30, Divemaster,Walk-in,30/01/2024
C00444,Aditya,Jansen,INDIA,39,Open Water,Instagram,2024-01-29
C00445,Liam,Taylor,INDIA,44,Open Water,Website,February 4 2024
C00446,Ishaan,Kulkarni,india,,OPEN WATER,OTA,2024-02-03
C00447,Sophie,Levi,United Kingdom,44,None,Referral,2024-02-07
C00448,Daniel,Jansen,IN,47,Open Water,,2024-01-30
C00449,Lukas,Gupta,India,21,none,Walk-in,2024-02-07
C00450,Anouk,Muller,IT,33,Advanced,Walk-in,2024-02-01
C00451,Tom,Patel,IN,39,None,Referral,03/02/2024
C00452,Tom,Ivanov,INDIA,37,Open  Water,Referral,February 6 2024
C00453,Anouk,Dubois,UK,18,Advanced,Instagram,30/01/2024
C00454,Noa,Levi,American,33,Open Water,Walk-in,2024-02-03
C00455,Rohan,Bakker,Australia,27,None,Instagram,02/02/2024
C00456,Rohan,Gupta,India,49,None,Walk-in,February 10 2024
C00457,Rahul,Park, India ,25,Divemaster,OTA,08/02/2024
C00458,Ananya,Ivanov,russia,39,OPEN WATER,Hotel Partner,2024-02-03
C00459,Sven,Sharma, India ,32,Open Water,Walk-in,04/02/2024
C00460,Marco,Kim,U.S.A.,52,None ,,01/02/2024
C00461,Marco,Dubois,IN,12,none,Website,07/02/2024
C00462,Noa,Kim, India ,40,None,Walk-in,February 3 2024
C00463,Lukas,Patel,germany,46,Rescue,,2024-02-10
C00464,Siddharth,Taylor,IN,33,open water,,2024-02-08
C00465,Noa,Iyer,india,,None,Website,2024-02-02
C00466,Camille,Sharma,india,53,None,,2024-02-05
C00467,Emma,Smith,Indian,31,None,Website,2024-02-09
C00468,Tom,Park, India ,,None ,Referral,2024-02-03
C00469,Aditya,Ivanov,France,34,Rescue,Website,03/02/2024
C00470,Siddharth,Sharma,india,12,open water,Hotel Partner,07/02/2024
C00471,Ishaan,Cohen,INDIA,46,none,OTA,06/02/2024
C00472,Noa,Rossi,IT,45,Advanced,,2024-02-03
C00473,Liam,Bakker,German,28,NONE,OTA,10/02/2024
C00474,Ishaan,Taylor,Netherlands,24,None,,February 3 2024
C00475,Priya,OConnor,india,29,None,Walk-in,07/02/2024
C00476,Olga,Rossi,India,32,Rescue ,Referral,04/02/2024
C00477,Sophie,Tanaka,India,44,Open Water,Referral,February 4 2024
C00478,Ananya,Desai,Italian,37,None,Hotel Partner,2024-02-12
C00479,Dmitri,Schmidt,Italian,35,Open Water,Referral,2024-02-04
C00480,Dmitri,Reddy,france,20,Advanced ,Website,09/02/2024
C00481,Olga,Wilson,IT,33,Divemaster ,Website,2024-02-08
C00482,Ananya,Patel, India ,34,Open  Water,OTA,08/02/2024
C00483,Ishaan,Kim,France,12,open water,Website,2024-02-05
C00484,Vikram,Levi,Indian,46,Open  Water,Website,2024-02-05
C00485,Emma,Kulkarni,us,34, None,Hotel Partner,2024-02-07
C00486,Dmitri,Cohen,germany,38, None,Website,2024-02-05
C00487,Anouk,Schmidt,India,21,None,Walk-in,February 12 2024
C00488,Kavya,Sharma,British,26,Open Water,Walk-in,2024-02-05
C00489,Anouk,Ivanov,india,19,None,OTA,February 7 2024
C00490,Noa,Taylor,India,46,None,Walk-in,2024-02-09
C00491,Minjun,Menon,Indian,30,none,Walk-in,2024-02-04
C00492,Priya,Tanaka,INDIA,14,None,,2024-02-06
C00493,Siddharth,Nair,Australian,25,None,Walk-in,February 4 2024
C00494,Siddharth,Brown,uk,31,Open Water,Referral,February 9 2024
C00495,Liam,Reddy,India,24,Open Water ,OTA,13/02/2024
C00496,Divya,Rossi,india,30, Divemaster,Website,February 10 2024
C00497,Aditya,Taylor,Israeli,53,Open Water,Website,2024-02-14
C00498,Neha,Wilson,British,30,rescue,Referral,2024-02-10
C00499,Sophie,Wilson,South Korea,41,Open Water,Referral,07/02/2024
C00500,Aditya,Tanaka,IN,21, None,Walk-in,2024-02-14
C00501,Ananya,Smith,IN,38,None,Website,2024-02-07
C00502,Aditya,Iyer,Germany,27,None,Walk-in,2024-02-10
C00503,Aarav,Bakker,India,22,NONE,Hotel Partner,February 13 2024
C00504,Aarav,Gupta,Holland,14,Open Water,Instagram,2024-02-10
C00505,Divya,Dubois,IN,15,None,Hotel Partner,February 5 2024
C00506,Sven,Smith,Korean,,none,,06/02/2024
C00507,Rahul,Ivanov,IN,,None ,,2024-02-10
C00508,Vikram,Sharma,France,27,advanced,Referral,February 12 2024
C00509,Meera,Menon,INDIA,52,NONE,OTA,2024-02-06
C00510,Noa,Iyer,India,32,None ,Walk-in,2024-02-08
C00511,Ravi,Jansen,india,29,Advanced,Walk-in,12/02/2024
C00512,Elena,Cohen,australia,,DIVEMASTER,Referral,14/02/2024
C00513,Siddharth,Rossi,South Korea,33,None,Website,2024-02-14
C00514,Vikram,Petrova,India,31,NONE,Hotel Partner,2024-02-07
C00515,Emma,Nair,INDIA,43,None,Referral,2024-02-15
C00516,Minjun,OConnor,india,20,None,Hotel Partner,2024-02-15
C00517,Sophie,Ivanov,INDIA,25,None,Walk-in,2024-02-12
C00518,Emma,Petrova,japan,30,Advanced,Hotel Partner,2024-02-07
C00519,Hannah,Wilson,French,26,None,Instagram,10/02/2024
C00520,Yuki,Wilson,India,30,Open Water,Hotel Partner,2024-02-07
C00521,Divya,Iyer,india,18,Open Water,Walk-in,2024-02-11
C00522,Kavya,Banerjee,IN,45, Advanced,Referral,14/02/2024
C00523,Anouk,Muller,United States,40, Divemaster,Walk-in,2024-02-14
C00524,Marco,Taylor,india,40,None ,Walk-in,2024-02-17
C00525,Ravi,Banerjee,india,37,None,Walk-in,2024-02-07
C00526,Pooja,Reddy,italy,43,Open Water,Hotel Partner,07/02/2024
C00527,Rohan,Schmidt,Indian,23,Open Water,,February 15 2024
C00528,Anouk,Desai,INDIA,39,NONE,Website,2024-02-07
C00529,Neha,Reddy,israel,59, None,Website,15/02/2024
C00530,Yuki,Menon,INDIA,30,Rescue,Referral,2024-02-12
C00531,Daniel,Desai,FR,34,None ,Walk-in,2024-02-13
C00532,Itai,Smith,India,45,none,Hotel Partner,2024-02-09
C00533,Pierre,Ivanov,INDIA,46,None,Instagram,12/02/2024
C00534,Sarah,Ivanov,IN,31,None,Website,2024-02-09
C00535,Olga,Dubois,Indian,,None,Hotel Partner,17/02/2024
C00536,Pooja,Rao,RU,32,NONE,Website,2024-02-17
C00537,Dmitri,Desai,IN,35,Open  Water,OTA,February 13 2024
C00538,Emma,Bakker,Indian,27,Advanced,OTA,13/02/2024
C00539,Rahul,Iyer,India,36,Advanced,OTA,2024-02-13
C00540,Marco,Iyer,russia,36,None ,Walk-in,February 14 2024
C00541,Ishaan,Gupta,India,29,Advanced,Hotel Partner,2024-02-16
C00542,Daniel,Tanaka,USA,,open water,Instagram,18/02/2024
C00543,Karan,Gupta,india,34,open water,Website,13/02/2024
C00544,Elena,Gupta,India,17,Advanced,Website,February 18 2024
C00545,Pierre,Ivanov,Italian,52,Open Water,Hotel Partner,2024-02-11
C00546,Vikram,Menon,germany,29,Advanced,,February 13 2024
C00547,Ananya,Iyer,INDIA,37,none,Referral,2024-02-17
C00548,Divya,Menon,UK,36, Open Water,Walk-in,17/02/2024
C00549,Ravi,Cohen,IT,40,None,Website,18/02/2024
C00550,Priya,Brown,India,24, None,Website,2024-02-13
C00551,Yuki,Nair,DE,36,OPEN WATER,Referral,2024-02-14
C00552,Daniel,Kulkarni,INDIA,33,none,Hotel Partner,February 9 2024
C00553,Lukas,Jansen,Indian,47,NONE,Walk-in,2024-02-13
C00554,Emma,Cohen,England,30,advanced,Walk-in,2024-02-09
C00555,Arjun,Ivanov,Russia,43,Open Water,Walk-in,2024-02-19
C00556,Kavya,Rao,INDIA,26,Open Water,Website,12/02/2024
C00557,Daniel,Muller,israel,30,Open Water,Instagram,2024-02-10
C00558,Ishaan,Brown,Indian,31,advanced,OTA,2024-02-09
C00559,Karan,Wilson,RU,30,None,OTA,2024-02-10
C00560,Ravi,Menon, India ,58,NONE,OTA,February 15 2024
C00561,Rohan,Chowdhury,Indian,28,None,Walk-in,2024-02-11
C00562,Tom,Gupta,Indian,31,None,Hotel Partner,February 11 2024
C00563,Emma,OConnor,IL,32,Open Water,Walk-in,2024-02-13
C00564,Lukas,Muller,India,31,None,Referral,February 9 2024
C00565,Kavya,Rossi,RU,36,none,OTA,2024-02-15
C00566,Neha,Banerjee,Israeli,30, None,Website,February 10 2024
C00567,Divya,Iyer,Indian,,NONE,Website,10/02/2024
C00568,Rahul,Cohen,Australian,17,none,,2024-02-13
C00569,Meera,Dubois,Korean,36,OPEN WATER,OTA,2024-02-15
C00570,Chloe,Reddy,Italy,31,None ,,2024-02-13
C00571,Arjun,Nair,india,25,OPEN WATER,Website,2024-02-14
C00572,Meera,Ivanov, India ,37,None,Website,14/02/2024
C00573,Chloe,Chowdhury,Russia,51,None ,Walk-in,2024-02-20
C00574,Sven,Levi,Korean,15,Rescue,Referral,2024-02-14
C00575,Aarav,Cohen,india,39,Open Water,Walk-in,February 11 2024
C00576,Dmitri,Wilson,INDIA,,Open  Water,Walk-in,18/02/2024
C00577,Pierre,Muller,India,35,Open Water ,Website,13/02/2024
C00578,Sven,Muller,South Korea,44,none,Hotel Partner,2024-02-19
C00579,Sven,Taylor,INDIA,36,Open Water,Instagram,2024-02-11
C00580,Priya,Patel,India,38,none,Walk-in,February 14 2024
C00581,James,Schmidt,Israeli,40,None ,Website,2024-02-18
C00582,Kavya,Cohen,Germany,14,none,Referral,2024-02-21
C00583,Noa,Patel,INDIA,32,Open Water,Walk-in,February 19 2024
C00584,Hannah,Sharma,india,44,None ,,2024-02-22
C00585,Priya,Cohen,United Kingdom,47,Open Water,OTA,21/02/2024
C00586,Anouk,Brown,Indian,46,None,Referral,2024-02-21
C00587,Aarav,Nair,uk,48,None,Walk-in,2024-02-18
C00588,Camille,Kulkarni, India ,35,None,Hotel Partner,2024-02-15
C00589,Ananya,Muller,INDIA,17,Open Water,,2024-02-13
C00590,Rohan,Bakker,FR,46,NONE,Hotel Partner,February 19 2024
C00591,Olga,Jansen,INDIA,26,Rescue,Hotel Partner,2024-02-22
C00592,Minjun,Petrova, India ,,Open Water,Referral,21/02/2024
C00593,Lukas,Rossi,INDIA,26,None ,Referral,2024-02-13
C00594,Divya,Desai,India,29,Open Water,Hotel Partner,2024-02-18
C00595,Neha,Park,IT,27,ADVANCED,Walk-in,17/02/2024
C00596,Priya,Schmidt,japan,18,open water,Referral,18/02/2024
C00597,Yuki,Kulkarni,Italian,31,open water,Hotel Partner,2024-02-15
C00598,Rahul,Ivanov,IN,36,ADVANCED,Referral,19/02/2024
C00599,Yuki,Wilson,Indian,33,RESCUE,OTA,2024-02-14
C00600,Aarav,Gupta,USA,6,Rescue,Instagram,February 18 2024
C00601,Sophie,OConnor,India,,NONE,Instagram,21/02/2024
C00602,Meera,Sharma,IN,35,None,Instagram,15/02/2024
C00603,Vikram,Bakker,Indian,46, None,Website,2024-02-23
C00604,Lukas,Brown, India ,42,Advanced ,Instagram,2024-02-21
C00605,Minjun,Reddy,Indian,34,None,Walk-in,2024-02-19
C00606,Siddharth,Rao,INDIA,25,None,Instagram,2024-02-17
C00607,Daniel,Gupta, India ,40,RESCUE,Website,2024-02-21
C00608,Minjun,Kim,france,36,open water,Instagram,2024-02-21
C00609,Sven,Rao,India,40,None,Website,2024-02-21
C00610,Emma,Menon,Israeli,67,Rescue,Walk-in,2024-02-16
C00611,Daniel,Kulkarni,United Kingdom,36,Open Water,Walk-in,19/02/2024
C00612,Ananya,Banerjee,INDIA,26,None ,,16/02/2024
C00613,Aarav,Rossi,German,,Open Water,,20/02/2024
C00614,Pooja,Levi,France,40,Open Water,Instagram,February 21 2024
C00615,Aarav,Wilson,INDIA,39,None,Instagram,22/02/2024
C00616,Siddharth,Patel,India,43,Open Water,Instagram,2024-02-16
C00617,Minjun,Reddy,Indian,41,Open Water ,Walk-in,2024-02-25
C00618,Sarah,Menon,FR,,None,Website,2024-02-26
C00619,Liam,Dubois,australia,39,ADVANCED,Website,24/02/2024
C00620,Sarah,Cohen,American,46,None,Referral,February 23 2024
C00621,Sven,Menon,FR,22,NONE,OTA,2024-02-18
C00622,Arjun,Dubois,india,,None,OTA,February 21 2024
C00623,Divya,Levi,France,45,Divemaster ,Walk-in,23/02/2024
C00624,Priya,Tanaka,india,40,none,,22/02/2024
C00625,Chloe,Tanaka,IN,28,Rescue,Referral,2024-02-20
C00626,Sneha,Wilson,IN,38,open water,OTA,February 27 2024
C00627,Karan,Rossi,French,24,none,Walk-in,25/02/2024
C00628,Aarav,Sharma,INDIA,,None,Referral,2024-02-23
C00629,James,Petrova,French,48,Open Water,Instagram,20/02/2024
C00630,Chloe,Kim,INDIA,42,advanced,Hotel Partner,2024-02-23
C00631,Dmitri,Patel,IN,39, Open Water,Website,2024-02-21
C00632,Liam,Brown,IN,35,Advanced,Website,26/02/2024
C00633,Sophie,Cohen,germany,23,Open Water,Instagram,2024-02-27
C00634,Anouk,Reddy,German,44,NONE,Referral,18/02/2024
C00635,Olga,Muller,India,29,Open  Water,Referral,2024-02-18
C00636,Vikram,Muller,Germany,28,None,Instagram,February 24 2024
C00637,Noa,Bakker,India,17,None,Walk-in,2024-02-18
C00638,Itai,Reddy,American,53,rescue,Instagram,2024-02-23
C00639,Pierre,Smith,Indian,37,Rescue,Referral,2024-02-27
C00640,Chloe,Petrova,French,37, Open Water,,2024-02-22
C00641,Aarav,Menon,JP,40,advanced,Walk-in,21/02/2024
C00642,Meera,Tanaka,INDIA,34,Open Water ,Instagram,23/02/2024
C00643,Minjun,Brown,india,26,Open  Water,Website,2024-02-24
C00644,Ravi,Petrova,india,55,open water,OTA,23/02/2024
C00645,Kavya,Desai,KR,,none,,February 22 2024
C00646,Tom,Nair,india,31,None,,2024-02-28
C00647,Neha,Patel,france,47,Open Water,Website,2024-02-26
C00648,Arjun,OConnor,INDIA,34,None,Referral,2024-02-19
C00649,Aarav,Park,AU,22,open water,,25/02/2024
C00650,Anouk,Jansen,IN,38,None,Referral,February 29 2024
C00651,Daniel,Bakker,Indian,31,None,Instagram,21/02/2024
C00652,Sven,Sharma,russia,15,none,Hotel Partner,2024-02-27
C00653,Yuki,Banerjee, India ,20,None,Walk-in,February 27 2024
C00654,Meera,Dubois,RU,56, Advanced,,2024-02-20
C00655,Rahul,Reddy,India,30,Advanced,Walk-in,2024-02-19
C00656,Olga,Reddy,Indian,44,Advanced,Referral,22/02/2024
C00657,Ishaan,Dubois,Italy,16,Open Water,Walk-in,2024-02-28
C00658,Tom,Muller,FR,42,None,Referral,22/02/2024
C00659,Daniel,Banerjee, India ,29,advanced,Hotel Partner,25/02/2024
C00660,Minjun,Smith,italy,31, None,Walk-in,25/02/2024
C00661,Karan,Bakker,uk,43,ADVANCED,Website,24/02/2024
C00662,Aarav,Wilson, India ,25,Advanced,Instagram,2024-02-26
C00663,Sven,Jansen,IN,32,OPEN WATER,,2024-02-27
C00664,Ravi,Cohen,Holland,27,None,Walk-in,23/02/2024
C00665,Sophie,Kim,Indian,43,None,Hotel Partner,2024-02-23
C00666,Aarav,Taylor,Indian,36,None ,,2024-02-29
C00667,Sneha,Cohen, India ,37,Open Water ,Website,24/02/2024
C00668,Aarav,Tanaka,South Korea,45,Open Water,Website,28/02/2024
C00669,Liam,Park,INDIA,32,open water,Hotel Partner,2024-02-24
C00670,Emma,Smith,Israel,30,OPEN WATER,Website,2024-02-23
C00671,Marco,Bakker,Indian,26,None,Walk-in,2024-02-24
C00672,Dmitri,Sharma,INDIA,48,Open Water ,Instagram,26/02/2024
C00673,Sneha,Rao,Indian,38,advanced,Instagram,2024-02-28
C00674,Hannah,Cohen, India ,40,None ,,28/02/2024
C00675,Priya,Muller,netherlands,30,None ,OTA,2024-03-01
C00676,Rahul,Bakker,Indian,52,Advanced,Walk-in,22/02/2024
C00677,Meera,Rao,India,39,None,Referral,March 1 2024
C00678,Priya,Reddy,india,59,None,Website,2024-02-25
C00679,Sarah,Nair,IN,30,advanced,,2024-02-26
C00680,Pierre,Smith,India,34,Open Water,Website,02/03/2024
C00681,Aditya,Schmidt,netherlands,46,none,Instagram,2024-03-04
C00682,Ishaan,Brown,INDIA,37,None ,Website,February 28 2024
C00683,Daniel,Muller, India ,, Open Water,Instagram,23/02/2024
C00684,Ananya,Jansen,UK,23,Advanced,Referral,26/02/2024
C00685,Vikram,Brown,australia,37, Open Water,Instagram,2024-02-29
C00686,Hannah,Dubois,NL,46, None,OTA,01/03/2024
C00687,Yuki,Jansen,Indian,48,OPEN WATER,Instagram,01/03/2024
C00688,Rahul,Bakker,india,,Open Water,Referral,2024-02-28
C00689,Noa,Banerjee,Russia,37,NONE,Hotel Partner,29/02/2024
C00690,Divya,Iyer,INDIA,45, Divemaster,Website,2024-02-23
C00691,Aditya,Kulkarni,South Korea,36,None,Instagram,02/03/2024
C00692,Lukas,Sharma,INDIA,29,Advanced,Website,February 27 2024
C00693,Hannah,Chowdhury,India,50,NONE,Walk-in,26/02/2024
C00694,Vikram,Kulkarni,IN,31,None,OTA,02/03/2024
C00695,Daniel,Banerjee,india,35,None,Instagram,2024-03-03
C00696,Dmitri,Schmidt,INDIA,34,None,Walk-in,March 4 2024
C00697,Sarah,Petrova,india,53,Open Water,Instagram,2024-02-26
C00698,Elena,Smith,india,34,NONE,Hotel Partner,24/02/2024
C00699,James,Chowdhury,Indian,42,NONE,Referral,2024-03-04
C00700,Elena,Wilson,india,47, None,Instagram,28/02/2024
C00701,Yuki,Schmidt,israel,45,Rescue,OTA,2024-03-03
C00702,Tom,Sharma,Indian,23,None ,Referral,2024-02-28
C00703,Emma,Dubois,INDIA,37,None,Website,2024-03-03
C00704,Itai,Reddy,KR,12,Open Water,Website,2024-03-03
C00705,Ravi,Iyer,India,35,Advanced,Website,2024-02-25
C00706,Olga,Taylor,Indian,42,NONE,Walk-in,28/02/2024
C00707,Lukas,Cohen, India ,42,NONE,Walk-in,2024-03-02
C00708,Ravi,Patel,india,39,Open Water,Website,05/03/2024
C00709,Kavya,Reddy,INDIA,29,none,Instagram,2024-02-27
C00710,Meera,Patel,England,27,none,Website,2024-03-03
C00711,Arjun,Cohen,England,,NONE,Hotel Partner,2024-03-06
C00712,Aarav,Schmidt,India,28,OPEN WATER,,February 25 2024
C00713,Kavya,Iyer,IN,39, None,Walk-in,2024-03-03
C00714,Anouk,Kulkarni,U.K.,38,none,Website,2024-02-26
C00715,Aarav,Wilson,French,34,Open Water,Website,February 27 2024
C00716,Sophie,Nair,INDIA,31,Open Water,Walk-in,02/03/2024
C00717,Ishaan,Desai,Germany,25,Open Water,OTA,2024-02-25
C00718,Emma,Menon,France,33,Rescue ,Hotel Partner,2024-02-27
C00719,Elena,Muller,India,32,Open Water,Website,2024-02-29
C00720,Lukas,Kulkarni,RU,21,open water,OTA,February 27 2024
C00721,Yuki,Menon,Australian,19,none,Website,2024-02-27
C00722,Chloe,Smith,india,16,None,,06/03/2024
C00723,Sven,OConnor,india,29, Advanced,Referral,2024-03-06
C00724,Aarav,Menon,india,37,Open Water,Walk-in,2024-03-07
C00725,Yuki,Reddy,UK,15,None ,Referral,02/03/2024
C00726,Dmitri,Brown,Russian,20,None,Referral,06/03/2024
C00727,Vikram,Petrova,Germany,12,Open Water,Referral,05/03/2024
C00728,Pooja,Muller,IN,,None ,Website,07/03/2024
C00729,James,Iyer,U.K.,34,OPEN WATER,OTA,05/03/2024
C00730,Emma,Taylor,INDIA,21,Open Water,Walk-in,2024-03-01
C00731,Sarah,Park,india,29,Advanced,Instagram,March 5 2024
C00732,Ananya,Muller,India,20,None,Instagram,2024-02-29
C00733,Minjun,Park,Russian,31,Divemaster,Referral,04/03/2024
C00734,Chloe,Banerjee,JP,24,Open Water,Instagram,08/03/2024
C00735,Sneha,Smith,Russia,31,None ,Hotel Partner,2024-02-28
C00736,Arjun,OConnor,Indian,19,none,OTA,2024-02-29
C00737,Yuki,Muller,NL,17,advanced,Website,2024-03-08
C00738,Noa,Tanaka,india,25,none,Referral,March 4 2024
C00739,Hannah,Dubois,IN,, Open Water,Hotel Partner,2024-03-09
C00740,Sophie,Brown,India,42,Open  Water,,2024-03-10
C00741,Pierre,Muller,United States,42,None,Instagram,2024-03-03
C00742,Dmitri,OConnor,Germany,17,NONE,Instagram,2024-03-03
C00743,Divya,Reddy,India,18,none,Referral,2024-03-03
C00744,Meera,Levi,india,37,Open Water,Hotel Partner,2024-03-03
C00745,Camille,Tanaka,italy,45,None ,Walk-in,2024-03-10
C00746,Neha,Schmidt,India,30,None,Walk-in,11/03/2024
C00747,Rohan,Cohen,India,,advanced,Hotel Partner,2024-03-11
C00748,Itai,Bakker,AU,39,Open Water ,Website,March 2 2024
C00749,Aditya,Schmidt,U.K.,40,OPEN WATER,Website,2024-03-10
C00750,Chloe,Bakker, India ,42,OPEN WATER,,08/03/2024
C00751,Minjun,Nair,Russian,29,None,OTA,2024-03-11
C00752,Dmitri,Chowdhury,German,23,Open Water,,04/03/2024
C00753,Sarah,Jansen,IN,50, None,Hotel Partner,2024-03-02
C00754,Aarav,Nair, India ,41,open water,OTA,2024-03-09
C00755,Camille,Wilson,india,31,Open Water,Hotel Partner,March 5 2024
C00756,Lukas,Dubois,australia,21,NONE,Referral,04/03/2024
C00757,Liam,Bakker,DE,33,None,Walk-in,05/03/2024
C00758,Rohan,Levi,india,33,open water,Walk-in,2024-03-12
C00759,Aarav,Desai,Holland,36, Open Water,,2024-03-07
C00760,Vikram,Reddy,Indian,25,none,Walk-in,07/03/2024
C00761,Rohan,OConnor,Indian,27,Advanced,Referral,08/03/2024
C00762,James,Bakker,Australia,20,None,Referral,2024-03-11
C00763,Hannah,Nair,Indian,35,NONE,Referral,2024-03-13
C00764,Chloe,OConnor,Israel,47,Open Water,Walk-in,March 9 2024
C00765,Ravi,Levi,India,23,Open Water,Walk-in,2024-03-08
C00766,Rahul,Petrova,Italian,38,advanced,Walk-in,2024-03-03
C00767,Liam,Schmidt,india,21,Open Water ,Walk-in,2024-03-07
C00768,Karan,Patel,IL,23,None,,12/03/2024
C00769,Ananya,Desai, India ,20,Open Water ,Website,04/03/2024
C00770,Olga,Desai,Israeli,43,Open Water ,Referral,2024-03-07
C00771,Siddharth,Nair,DE,36,NONE,Referral,2024-03-07
C00772,Ravi,Menon,Indian,34,None,,2024-03-07
C00773,Yuki,Dubois,Korean,39,open water,Referral,March 10 2024
C00774,Tom,Menon,russia,25,Advanced ,Walk-in,March 13 2024
C00775,Olga,Wilson,IN,39,Advanced,Website,12/03/2024
C00776,Ravi,Banerjee,Australian,39,None,Walk-in,2024-03-08
C00777,Camille,Rao,israel,23,Open Water ,Walk-in,2024-03-04
C00778,Sarah,Dubois,Netherlands,34,None,Website,March 11 2024
C00779,James,Taylor,Italian,58, Advanced,Walk-in,March 4 2024
C00780,Ishaan,Levi,korea,31,ADVANCED,Website,14/03/2024
C00781,Pierre,Petrova,india,28,NONE,Referral,08/03/2024
C00782,Lukas,Park,FR,34,None,Hotel Partner,2024-03-11
C00783,Hannah,Brown,IN,,Advanced,Walk-in,2024-03-05
C00784,Divya,Smith,Netherlands,54,RESCUE,Walk-in,2024-03-05
C00785,Dmitri,Levi,india,41,Open Water ,Website,2024-03-05
C00786,Divya,Rossi, India ,31,Open Water,Instagram,2024-03-05
C00787,Elena,Wilson,IN,43,Rescue,Website,2024-03-15
C00788,Elena,Levi,IL,50, None,Instagram,07/03/2024
C00789,Chloe,Gupta,India,26,Open Water,Website,2024-03-14
C00790,James,Cohen, India ,22,NONE,Website,16/03/2024
C00791,Aditya,Schmidt,IN,43,Advanced,Referral,07/03/2024
C00792,Pooja,Dubois,us,, Divemaster,Walk-in,2024-03-11
C00793,Meera,Sharma,India,26,Advanced ,Website,2024-03-10
C00794,Ananya,Muller,india,33,None ,Walk-in,2024-03-09
C00795,Hannah,Reddy,RU,31,Advanced ,Instagram,2024-03-06
C00796,Emma,Kim,India,45,None ,Referral,2024-03-16
C00797,Aarav,Jansen,India,12,None,,March 6 2024
C00798,Sophie,Schmidt,Indian,49,None,Hotel Partner,15/03/2024
C00799,Elena,Tanaka,india,,Open Water,Instagram,07/03/2024
C00800,Ishaan,Dubois,Indian,41,Open Water,Walk-in,2024-03-16
C00801,Camille,Schmidt,IL,21,Open Water,Hotel Partner,2024-03-11
C00802,Rahul,Tanaka,India,35,none,Walk-in,2024-03-08
C00803,Marco,Park,INDIA,24,Open Water,Website,March 16 2024
C00804,Sophie,OConnor,india,19,Open Water,Walk-in,2024-03-13
C00805,Sophie,Iyer,france,22,open water,Referral,2024-03-12
C00806,Camille,Rao, India ,36,None,Referral,2024-03-09
C00807,Marco,Schmidt,france,37,None ,OTA,2024-03-07
C00808,Divya,Kulkarni,India,,Advanced,Website,2024-03-09
C00809,Ananya,Brown,netherlands,34, None,Website,2024-03-09
C00810,Ishaan,Sharma,italy,40,none,Referral,2024-03-17
C00811,Elena,Desai,IL,31,Advanced,Website,2024-03-14
C00812,Divya,Jansen,germany,32,none,Hotel Partner,2024-03-08
C00813,Minjun,Kulkarni,IN,20,Rescue ,Referral,March 12 2024
C00814,Dmitri,Banerjee,India,5,none,Walk-in,2024-03-13
C00815,Sneha,Banerjee, India ,33,none,Hotel Partner,2024-03-10
C00816,Minjun,Patel,INDIA,26, Open Water,Walk-in,2024-03-12
C00817,Chloe,Taylor,IN,44,Advanced,Instagram,March 9 2024
C00818,Anouk,Reddy,United Kingdom,14, Advanced,Referral,2024-03-18
C00819,Tom,Tanaka,American,39, Rescue,Instagram,2024-03-17
C00820,Hannah,Petrova,INDIA,34,open water,Website,2024-03-10
C00821,Camille,Iyer,NL,21,Open Water ,Referral,2024-03-12
C00822,Vikram,Taylor, India ,28,Open Water,Hotel Partner,2024-03-16
C00823,Sneha,Levi, India ,28,Open Water,Website,2024-03-09
C00824,Chloe,Park,KR,29,NONE,Website,2024-03-18
C00825,Tom,Chowdhury,India,37,none,Referral,March 14 2024
C00826,Emma,Cohen,India,16,open water,Referral,2024-03-19
C00827,Karan,Wilson,Indian,38,open water,Hotel Partner,March 16 2024
C00828,Aarav,Petrova,Italy,49, Advanced,Website,2024-03-15
C00829,Pierre,Wilson,DE,36,NONE,Hotel Partner,2024-03-16
C00830,Arjun,Cohen,German,35,Open Water ,Walk-in,14/03/2024
C00831,Vikram,Iyer,INDIA,30,None,Walk-in,2024-03-14
C00832,Daniel,Kulkarni,India,27, Advanced,Walk-in,2024-03-18
C00833,Rohan,Banerjee,INDIA,33,open water,Referral,2024-03-18
C00834,Daniel,Tanaka, India ,26,OPEN WATER,Instagram,2024-03-15
C00835,Ishaan,Ivanov,India,27,None,Walk-in,2024-03-16
C00836,Camille,Tanaka,Australia,37,Open Water,Walk-in,2024-03-13
C00837,Daniel,Gupta,israel,32,None,Instagram,2024-03-10
C00838,Aditya,Taylor,Japan,20,NONE,Website,2024-03-11
C00839,Rohan,Cohen,IN,37,NONE,Instagram,16/03/2024
C00840,Olga,Nair,israel,49,open water,Website,18/03/2024
C00841,Rohan,Brown,British,29,Open  Water,Hotel Partner,2024-03-14
C00842,Liam,Chowdhury,italy,30,open water,Walk-in,2024-03-15
C00843,Chloe,Wilson,Netherlands,31,None,Walk-in,March 10 2024
C00844,Priya,Petrova,japan,46,None,Instagram,March 12 2024
C00845,Pierre,Sharma,India,30,None,Walk-in,2024-03-13
C00846,Vikram,Patel,JP,20,None,Website,2024-03-20
C00847,Aarav,Brown,Russia,31,None ,Hotel Partner,2024-03-18
C00848,Pierre,Petrova,india,12,None,Referral,2024-03-20
C00849,Pierre,Cohen,IN,34,none,Walk-in,2024-03-11
C00850,Sophie,Ivanov,British,34,Open  Water,Walk-in,March 13 2024
C00851,Sophie,Desai,INDIA,37, None,Hotel Partner,16/03/2024
C00852,Rahul,Menon,Indian,34,Open Water ,Hotel Partner,2024-03-20
C00853,Ananya,Tanaka,IL,47,None,OTA,2024-03-17
C00854,Sneha,Kim,japan,27,None ,Walk-in,2024-03-12
C00855,Elena,Rao,us,29,none,Instagram,15/03/2024
C00856,Rohan,Schmidt,American,35,None,OTA,2024-03-21
C00857,Daniel,Rao,Indian,51,Rescue,Referral,2024-03-15
C00858,Sneha,Tanaka,German,40,Open Water,OTA,2024-03-13
C00859,Sneha,Patel,IN,28,None ,OTA,21/03/2024
C00860,Anouk,Iyer, India ,48,NONE,Walk-in,2024-03-15
C00861,Liam,Kim,U.K.,34,Open Water,,2024-03-16
C00862,Neha,Sharma, India ,30,Advanced,Website,22/03/2024
C00863,Rohan,Petrova,British,28,none,Walk-in,2024-03-23
C00864,Meera,Banerjee,india,36,Open Water,Instagram,20/03/2024
C00865,Marco,Iyer,INDIA,34,none,Website,2024-03-16
C00866,Minjun,Brown,France,37,OPEN WATER,OTA,15/03/2024
C00867,Anouk,Wilson,IN,34,None,Website,2024-03-14
C00868,Itai,OConnor,India,, Advanced,Walk-in,23/03/2024
C00869,Rohan,Desai,FR,,Advanced,Website,20/03/2024
C00870,Liam,Rao,Indian,29,Open Water,Walk-in,15/03/2024
C00871,Ishaan,Ivanov,INDIA,44,none,Walk-in,2024-03-17
C00872,Lukas,Sharma,France,26,Open Water,Referral,2024-03-22
C00873,Arjun,Sharma,Italy,40, None,Website,2024-03-21
C00874,Tom,Tanaka,Indian,42,Divemaster ,Instagram,2024-03-23
C00875,Olga,Tanaka,DE,26,None,Walk-in,2024-03-20
C00876,Ishaan,Schmidt, India ,30,Open Water ,OTA,March 19 2024
C00877,Hannah,Petrova,india,37,None ,Referral,2024-03-16
C00878,Hannah,Sharma,Indian,31,OPEN WATER,Instagram,23/03/2024
C00879,Priya,Levi,india,,Open Water,,2024-03-15
C00880,Karan,Rossi,uk,24,ADVANCED,Walk-in,2024-03-23
C00881,Sneha,Park,Netherlands,35,open water,Walk-in,17/03/2024
C00882,Ishaan,Brown,JP,32,Rescue,Website,2024-03-20
C00883,Priya,Chowdhury,INDIA,49,advanced,,2024-03-25
C00884,Emma,Smith,UK,,divemaster,Walk-in,2024-03-23
C00885,Itai,Park,UK,36,NONE,Referral,16/03/2024
C00886,Rahul,Gupta,australia,25,None,,2024-03-24
C00887,Rohan,Bakker,Korean,43,OPEN WATER,OTA,2024-03-23
C00888,Ishaan,Kim,DE,,None,Hotel Partner,20/03/2024
C00889,Emma,Petrova,india,55, Open Water,Walk-in,2024-03-16
C00890,Anouk,Schmidt, India ,34,NONE,,2024-03-20
C00891,Priya,Ivanov,INDIA,,None,Walk-in,2024-03-21
C00892,Karan,Levi,RU,14,None,Walk-in,2024-03-22
C00893,Liam,Sharma,Holland,47,none,Walk-in,2024-03-19
C00894,Marco,Cohen,Indian,37,None,Referral,2024-03-22
C00895,Arjun,Nair,Indian,42,None,Website,March 23 2024
C00896,Arjun,Kim,Russia,41,ADVANCED,Hotel Partner,2024-03-27
C00897,Chloe,Petrova,IN,30, Open Water,Instagram,2024-03-20
C00898,Aarav,Schmidt,india,,advanced,Website,2024-03-18
C00899,James,Desai,FR,41,open water,Website,2024-03-22
C00900,Anouk,Nair,Korean,40,advanced,Website,20/03/2024
C00901,Aarav,Schmidt,italy,39,Open Water,Website,2024-03-17
C00902,Aarav,Taylor,U.K.,47,Advanced,OTA,2024-03-17
C00903,Dmitri,Sharma,U.K.,20,none,Hotel Partner,28/03/2024
C00904,Sneha,Kulkarni,IN,42,none,Website,2024-03-25
C00905,Hannah,Desai,India,30,advanced,Instagram,March 22 2024
C00906,Sven,Dubois,German,30,None ,Instagram,March 23 2024
C00907,Daniel,Reddy,IT,23,none,,2024-03-24
C00908,Neha,Bakker,Indian,39,NONE,,20/03/2024
C00909,Sophie,Schmidt,FR,43,OPEN WATER,Website,2024-03-28
C00910,Meera,Levi,FR,31,rescue,Walk-in,2024-03-28
C00911,Tom,OConnor,Germany,53,None,Hotel Partner,24/03/2024
C00912,Rahul,Patel,uk,46,None,Referral,2024-03-25
C00913,Ravi,Muller,Indian,23,open water,Referral,March 23 2024
C00914,Lukas,Kim,France,41,ADVANCED,Walk-in,2024-03-21
C00915,Marco,Taylor,British,35,None,OTA,2024-03-24
C00916,Camille,Petrova,india,30,Open Water,Walk-in,2024-03-27
C00917,Aarav,Banerjee,russia,32,open water,Instagram,March 20 2024
C00918,Ishaan,Taylor,USA,42,None,OTA,24/03/2024
C00919,Sarah,Gupta,uk,18,Open Water,Walk-in,27/03/2024
C00920,Minjun,Reddy, India ,60,Divemaster,Website,March 24 2024
C00921,Sneha,Taylor,Russian,31,Open  Water,Walk-in,March 22 2024
C00922,Ananya,Bakker,Italian,41,None,OTA,March 22 2024
C00923,Divya,Dubois,INDIA,20, Divemaster,Website,21/03/2024
C00924,Divya,Schmidt,japan,23,open water,OTA,March 20 2024
C00925,Elena,Schmidt,india,21,Open Water,Walk-in,2024-03-27
C00926,Rohan,Park, India ,20,Divemaster,Instagram,2024-03-28
C00927,Sarah,Brown, India ,43,None ,Walk-in,March 22 2024
C00928,Emma,Menon,Japanese,31,None,Referral,2024-03-21
C00929,Anouk,Levi,India,35,None,Hotel Partner,24/03/2024
C00930,Yuki,Rao,INDIA,5,None,Referral,2024-03-23
C00931,Neha,Wilson,India,43,Advanced,Hotel Partner,20/03/2024
C00932,Pooja,Menon, India ,31, None,Referral,30/03/2024
C00933,Pierre,Levi,RU,18,None,OTA,27/03/2024
C00934,Ishaan,Brown,france,38, Open Water,Referral,2024-03-26
C00935,Sophie,Dubois,India,46,None,OTA,27/03/2024
C00936,Sophie,OConnor,Germany,, Open Water,,March 24 2024
C00937,Vikram,Taylor,Russian,30,NONE,Website,2024-03-26
C00938,Tom,Levi,Indian,29,Rescue ,Website,2024-03-28
C00939,Arjun,Kim,NL,31,none,,2024-03-28
C00940,Tom,Brown,India,34,None,Hotel Partner,2024-03-22
C00941,Pooja,Brown,IN,,Open Water,Referral,2024-03-31
C00942,Emma,Kulkarni,India,29,Open Water,Website,2024-03-24
C00943,Minjun,Kim, India ,33,Rescue,Instagram,2024-03-24
C00944,Priya,Gupta,FR,40, None,Instagram,29/03/2024
C00945,Noa,Kim,india,38,None,Walk-in,2024-03-31
C00946,Yuki,Brown,American,33,Open Water,Instagram,2024-03-23
C00947,Noa,Gupta,IN,47,None,Hotel Partner,31/03/2024
C00948,Ishaan,Banerjee, India ,46,OPEN WATER,Walk-in,March 25 2024
C00949,Marco,Park,germany,43,Advanced ,Walk-in,March 30 2024
C00950,Pierre,Iyer,India,18,Open Water,Referral,March 28 2024
C00951,Sophie,Jansen,Indian,15,Advanced,Walk-in,29/03/2024
C00952,Neha,Chowdhury,india,29,Advanced,Instagram,2024-04-02
C00953,Dmitri,Rao, India ,32,Advanced ,Referral,2024-04-02
C00954,Sarah,Taylor,Russia,,Open Water,Walk-in,2024-03-26
C00955,Ananya,Jansen,Indian,38,Open Water ,Website,2024-03-27
C00956,Rohan,Gupta,IN,43,None,OTA,2024-03-24
C00957,Rohan,Muller,IN,55,Divemaster ,,2024-03-26
C00958,Pierre,Taylor, India ,35,NONE,Website,2024-03-30
C00959,Elena,Park,South Korea,21,none,OTA,29/03/2024
C00960,Itai,Levi,germany,38,Open Water,,2024-03-25
C00961,Pooja,Menon,Germany,42,rescue,Website,2024-03-31
C00962,Rohan,Smith,Korean,38,None,Website,2024-03-24
C00963,Arjun,Chowdhury,IN,28,none,Referral,March 30 2024
C00964,Sneha,Banerjee,American,35,advanced,Website,2024-04-01
C00965,Anouk,Bakker,Holland,28,OPEN WATER,Walk-in,2024-04-01
C00966,Anouk,Iyer,India,49,None,Hotel Partner,24/03/2024
C00967,Hannah,Smith,French,36,Advanced,Hotel Partner,2024-03-29
C00968,Tom,Ivanov,INDIA,,None ,Referral,2024-04-01
C00969,Pooja,Rossi,Russian,,Open Water,Walk-in,2024-03-29
C00970,Meera,Brown,India,33,None,Walk-in,2024-03-26
C00971,Sophie,Iyer,IT,,advanced,Referral,2024-04-04
C00972,Priya,Nair,india,29,None ,Instagram,March 28 2024
C00973,Marco,Chowdhury,Germany,,rescue,Walk-in,30/03/2024
C00974,Sneha,Tanaka,UK,33,NONE,Referral,02/04/2024
C00975,Neha,Tanaka,German,24,Open Water,,2024-03-28
C00976,Camille,Petrova,United States,32,Advanced,Hotel Partner,2024-04-03
C00977,Liam,Tanaka,INDIA,28,Advanced,Walk-in,01/04/2024
C00978,Dmitri,Sharma,INDIA,42,None,Walk-in,05/04/2024
C00979,James,Kulkarni,INDIA,32, None,,2024-03-28
C00980,Minjun,Jansen,us,,rescue,Referral,02/04/2024
C00981,Yuki,Smith,india,46,Advanced ,Website,2024-03-30
C00982,Meera,Tanaka,india,28,Open Water,Instagram,April 1 2024
C00983,Neha,Sharma,JP,34, Open Water,Website,2024-04-06
C00984,Camille,Rossi,france,38,Advanced,Walk-in,April 2 2024
C00985,Ishaan,Cohen, India ,22, Advanced,Walk-in,2024-04-05
C00986,Pierre,Muller,IL,29,None ,Instagram,March 31 2024
C00987,Hannah,Patel,UK,25,None,Website,2024-04-05
C00988,Liam,Muller,India,29,NONE,Walk-in,30/03/2024
C00989,Kavya,Petrova,uk,48,Advanced,Walk-in,March 31 2024
C00990,Marco,Taylor,INDIA,23,OPEN WATER,Instagram,29/03/2024
C00991,Rahul,Menon,australia,45,None,Website,2024-04-05
C00992,Priya,Desai,Australian,,Open Water,Website,April 4 2024
C00993,Sophie,Kim,IN,34,OPEN WATER,Instagram,2024-04-05
C00994,Emma,Cohen,INDIA,35,Open Water,Walk-in,03/04/2024
C00995,Yuki,Kulkarni, India ,28,None,Referral,08/04/2024
C00996,Elena,Wilson,INDIA,12,None,OTA,03/04/2024
C00997,Vikram,Nair,india,,open water,Instagram,2024-04-09
C00998,Priya,Smith,Japanese,21,advanced,Instagram,2024-04-04
C00999,Yuki,Cohen,INDIA,35,None,Walk-in,2024-04-04
C01000,Lukas,Taylor,india,41,None,Hotel Partner,April 2 2024
C01001,Meera,Rao,uk,16,None ,Walk-in,2024-04-06
C01002,Chloe,Levi,U.K.,31,None,Website,10/04/2024
C01003,Minjun,Cohen,india,52,None,OTA,2024-04-02
C01004,Elena,Kulkarni, India ,25,Open  Water,Instagram,2024-04-06
C01005,Kavya,Menon,germany,51,None,Website,April 3 2024
C01006,Liam,Park,South Korea,32,none,,2024-04-04
C01007,Emma,Rossi,russia,33,Advanced ,OTA,2024-04-07
C01008,Liam,Desai,England,14,Open Water ,Website,2024-04-08
C01009,Karan,Menon,Italy,40,advanced,OTA,2024-04-02
C01010,Marco,Kulkarni,Netherlands,30,None ,Website,2024-04-11
C01011,Kavya,Wilson, India ,30,Open Water,Referral,April 11 2024
C01012,Hannah,Ivanov, India ,45,None,Website,2024-04-03
C01013,Elena,Rao, India ,49,rescue,OTA,2024-04-06
C01014,Hannah,Sharma,us,29,advanced,Instagram,07/04/2024
C01015,Elena,Rao,KR,35,none,Hotel Partner,April 5 2024
C01016,Sophie,Cohen, India ,27,OPEN WATER,Walk-in,2024-04-07
C01017,Lukas,Taylor,IN,29,Advanced,Website,2024-04-09
C01018,Dmitri,Dubois, India ,42,Advanced,Website,April 7 2024
C01019,Ananya,Banerjee,UK,12,None,,April 12 2024
C01020,Elena,Wilson,INDIA,36,None,,2024-04-03
C01021,Pooja,Dubois,INDIA,33,OPEN WATER,Website,April 13 2024
C01022,Sven,Desai,IN,39,none,Website,2024-04-09
C01023,Olga,Desai,Israeli,18,advanced,Instagram,2024-04-04
C01024,Tom,Levi,KR,12,None,Walk-in,2024-04-09
C01025,Chloe,Nair,Japan,15,OPEN WATER,Instagram,07/04/2024
C01026,Emma,Patel,Indian,21,NONE,,2024-04-06
C01027,Noa,Petrova,French,35,OPEN WATER,Website,08/04/2024
C01028,Arjun,Sharma,U.K.,38,Open Water,Walk-in,14/04/2024
C01029,Olga,Rao,Germany,38,None,Hotel Partner,2024-04-10
C01030,Divya,Desai,india,22,None,Walk-in,April 8 2024
C01031,Marco,Bakker, India ,49,Advanced ,Walk-in,April 15 2024
C01032,Tom,Wilson,UK,22,Open Water ,Website,2024-04-13
C01033,Aditya,Patel,india,47,None,Website,2024-04-14
C01034,Ravi,Desai,russia,34,Open Water,Referral,07/04/2024
C01035,Tom,Desai,India,29,Open Water ,,2024-04-13
C01036,Camille,Jansen,Indian,32, None,,2024-04-13
C01037,Vikram,Cohen,IN,35,Advanced ,,2024-04-16
C01038,Sarah,Muller,india,34,ADVANCED,Referral,April 9 2024
C01039,Tom,OConnor, India ,29,NONE,Instagram,13/04/2024
C01040,Camille,Kulkarni,INDIA,32,Open Water,Website,2024-04-15
C01041,Pooja,Park,German,22,open water,,14/04/2024
C01042,Sarah,Desai,India,36,Advanced,Walk-in,2024-04-14
C01043,Pierre,Park,INDIA,38,Open Water,Walk-in,2024-04-07
C01044,Karan,Smith,British,25,NONE,Walk-in,10/04/2024
C01045,Tom,Park,IN,,Advanced,Hotel Partner,12/04/2024
C01046,Sophie,Muller,RU,25,Open Water,Walk-in,April 18 2024
C01047,Ananya,OConnor,INDIA,32, None,Instagram,2024-04-08
C01048,Meera,Kim,india,43,Open Water,Website,2024-04-17
C01049,Siddharth,Rossi,IN,22,Open  Water,Website,April 15 2024
C01050,Sophie,Cohen,russia,47,Advanced,OTA,April 16 2024
C01051,Dmitri,Levi,INDIA,24,open water,Website,2024-04-09
C01052,Sophie,Kulkarni,Japan,21,None,Referral,2024-04-17
C01053,Divya,Dubois,us,39, None,Website,10/04/2024
C01054,Sven,Brown,Indian,29,None ,Walk-in,2024-04-14
C01055,Camille,Schmidt,india,27,Open Water,Website,2024-04-18
C01056,Sarah,Menon,Dutch,13,None,Instagram,09/04/2024
C01057,Itai,Park,netherlands,29,None,Website,2024-04-19
C01058,Aarav,Schmidt,Indian,28,None,Website,2024-04-19
C01059,Aarav,Wilson,RU,45, None,OTA,13/04/2024
C01060,Marco,Banerjee,India,39,none,Instagram,14/04/2024
C01061,Rohan,Tanaka,india,36, Open Water,Walk-in,2024-04-12
C01062,Kavya,Nair,australia,23,Advanced,Referral,2024-04-14
C01063,Dmitri,Kim,IN,,None ,Walk-in,2024-04-16
C01064,Siddharth,Sharma,uk,35,Open Water,Walk-in,2024-04-10
C01065,Marco,Brown, India ,33,advanced,Hotel Partner,2024-04-16
C01066,Pierre,Muller, India ,38,Open Water,Instagram,12/04/2024
C01067,Liam,Brown,INDIA,28,None ,,15/04/2024
C01068,Ishaan,Gupta,France,38,Advanced ,Walk-in,2024-04-14
C01069,Olga,Bakker,Indian,22,Open Water,Website,11/04/2024
C01070,Chloe,Tanaka,German,34,advanced,Referral,2024-04-15
C01071,Divya,Banerjee,Israeli,31,None,Referral,19/04/2024
C01072,Camille,Patel, India ,29,Advanced,Website,2024-04-14
C01073,Siddharth,Banerjee,French,51,NONE,Website,2024-04-20
C01074,Yuki,Wilson, India ,33,none,,13/04/2024
C01075,Minjun,Ivanov,INDIA,28,Open Water,Walk-in,2024-04-13
C01076,Olga,Iyer, India ,29,None,Walk-in,2024-04-18
C01077,Marco,Rossi,United Kingdom,36,NONE,Walk-in,11/04/2024
C01078,Yuki,Kulkarni,INDIA,35,None,Referral,2024-04-13
C01079,Yuki,Sharma,Italy,26,Advanced,,17/04/2024
C01080,Ananya,Gupta,france,41,None,Hotel Partner,2024-04-14
C01081,Camille,Cohen,IN,41,advanced,Website,2024-04-18
C01082,Yuki,Iyer,Indian,31,None,Walk-in,18/04/2024
C01083,Siddharth,Tanaka,india,29,none,Walk-in,2024-04-21
C01084,Aditya,Taylor, India ,30,Open  Water,Website,18/04/2024
C01085,Anouk,Cohen,Holland,41,None,Walk-in,2024-04-17
C01086,Sophie,Rossi,IN,33,Open Water,Walk-in,2024-04-19
C01087,Pierre,Nair,india,38,None,Referral,2024-04-14
C01088,Rahul,Wilson,AU,42,Advanced,OTA,2024-04-13
C01089,Arjun,Banerjee,IN,37,None,Hotel Partner,April 17 2024
C01090,Lukas,Levi,india,33,Rescue ,Referral,2024-04-16
C01091,Noa,Kulkarni,British,40,Advanced,Referral,2024-04-18
C01092,Tom,Gupta,India,39,Advanced,Website,16/04/2024
C01093,Aditya,Petrova,England,36,Open Water,Website,April 23 2024
C01094,Ravi,Patel, India ,36,Open  Water,,April 18 2024
C01095,Ravi,Jansen,Indian,27, None,Referral,14/04/2024
C01096,Camille,Banerjee,India,43,Open Water,Walk-in,2024-04-17
C01097,Tom,Wilson,Italy,47,Advanced,OTA,2024-04-22
C01098,Yuki,Smith,United States,47,Open Water,Website,2024-04-20
C01099,Dmitri,Smith,Indian,29, Advanced,Hotel Partner,2024-04-19
C01100,Siddharth,Cohen,INDIA,22,open water,Hotel Partner,2024-04-20
C01101,Dmitri,Wilson,FR,31,Open Water,OTA,2024-04-21
C01102,Lukas,Rao,india,31,none,Walk-in,2024-04-19
C01103,Pooja,Petrova,japan,38,None ,Hotel Partner,16/04/2024
C01104,Dmitri,Reddy,uk,37, Advanced,Hotel Partner,2024-04-16
C01105,Tom,Kim,British,12, Open Water,,22/04/2024
C01106,Elena,Ivanov,India,38,rescue,Instagram,April 15 2024
C01107,James,Muller,Indian,37,None,Referral,2024-04-20
C01108,Itai,Tanaka,United Kingdom,39,None ,Referral,2024-04-17
C01109,Hannah,Rossi,india,39, None,Instagram,2024-04-17
C01110,Meera,Banerjee,india,36,None,Walk-in,2024-04-23
C01111,Olga,Ivanov,india,25,None,Website,22/04/2024
C01112,Aditya,Tanaka,UK,34,None,Referral,2024-04-17
C01113,Karan,Muller, India ,32,None,Walk-in,2024-04-17
C01114,Elena,Ivanov,india,51,None,Website,2024-04-18
C01115,Hannah,Gupta,Germany,35, Advanced,Walk-in,April 16 2024
C01116,Aarav,Petrova,Holland,31,NONE,Website,2024-04-20
C01117,Chloe,Tanaka,INDIA,27,Open  Water,Instagram,19/04/2024
C01118,Siddharth,Ivanov,UK,30,none,Walk-in,April 24 2024
C01119,Rohan,Menon,UK,35,None,Walk-in,2024-04-26
C01120,Meera,Muller,Russian,28, None,OTA,April 27 2024
C01121,Siddharth,Schmidt,russia,20,none,Hotel Partner,2024-04-20
C01122,Ravi,Jansen, India ,43,Rescue,Walk-in,2024-04-22
C01123,Lukas,Menon,INDIA,34,None,Walk-in,2024-04-21
C01124,Hannah,Gupta,INDIA,42,Advanced,Website,2024-04-26
C01125,Olga,OConnor,Indian,34,None,OTA,2024-04-26
C01126,Aarav,Nair,U.S.A.,34, None,Referral,2024-04-23
C01127,Minjun,Kulkarni,INDIA,42,Open Water,Instagram,2024-04-28
C01128,Kavya,Cohen,India,19, Advanced,Walk-in,28/04/2024
C01129,Rohan,Cohen,india,30,Open Water ,Website,2024-04-29
C01130,Siddharth,Chowdhury,japan,41,NONE,,April 25 2024
C01131,Karan,Gupta,JP,26,NONE,Hotel Partner,20/04/2024
C01132,Anouk,Brown,French,34,None,Referral,2024-04-25
C01133,Noa,Kim,italy,38,Advanced,Website,23/04/2024
C01134,Divya,OConnor,germany,30,None,Walk-in,22/04/2024
C01135,Priya,Smith,Israeli,54,Open Water,Walk-in,2024-04-24
C01136,Minjun,Bakker,India,,Open Water,OTA,2024-04-29
C01137,Daniel,Kim,RU,41,none,Website,2024-04-26
C01138,Olga,Levi, India ,47,None,Walk-in,2024-04-26
C01139,Lukas,OConnor,India,39,open water,Walk-in,2024-04-25
C01140,Sarah,Chowdhury,Germany,40,None ,Instagram,2024-04-24
C01141,Sarah,Park, India ,45, Open Water,Referral,2024-04-27
C01142,Ananya,Rossi,RU,,Open Water,Website,2024-04-30
C01143,Liam,Patel,IT,18,None,Hotel Partner,2024-04-29
C01144,Ananya,Petrova,india,22,NONE,Website,April 28 2024
C01145,Itai,Muller,korea,17,None ,Website,April 25 2024
C01146,Sneha,Cohen,FR,43,Open Water,Referral,2024-05-01
C01147,Priya,Muller,India,37,None,Walk-in,2024-04-27
C01148,James,Petrova,india,27,none,Website,April 26 2024
C01149,Meera,Cohen, India ,31, None,Website,April 25 2024
C01150,Aarav,Sharma,IN,45,Open Water,Referral,2024-04-29
C01151,Rohan,Iyer,IL,48,None,Walk-in,24/04/2024
C01152,Camille,Desai,DE,29,ADVANCED,Walk-in,26/04/2024
C01153,Divya,Tanaka,American,15,NONE,Website,2024-04-26
C01154,Itai,Iyer, India ,5,None,Hotel Partner,25/04/2024
C01155,Kavya,Jansen,India,28,Open Water,Website,2024-04-24
C01156,Pierre,Cohen,British,48,RESCUE,Referral,26/04/2024
C01157,Aarav,Iyer,india,29,open water,Hotel Partner,April 25 2024
C01158,Ravi,Rossi,IN,36,Open Water ,,2024-04-30
C01159,Aditya,Wilson,NL,27,Open Water ,,2024-05-01
C01160,Vikram,Tanaka,United Kingdom,47,Advanced,Hotel Partner,2024-05-01
C01161,Karan,Petrova,Netherlands,26,ADVANCED,Referral,2024-05-05
C01162,Liam,Bakker,russia,34, Open Water,OTA,2024-04-27
C01163,Yuki,Iyer,INDIA,36,NONE,Website,27/04/2024
C01164,Sneha,Cohen, India ,38,NONE,Website,03/05/2024
C01165,James,Rossi,india,26,None,Hotel Partner,2024-05-06
C01166,Minjun,Taylor,Indian,36,Advanced,Instagram,2024-05-06
C01167,Rahul,Chowdhury,israel,29,None,Referral,2024-04-28
C01168,Minjun,Park,israel,36,Advanced ,Referral,2024-05-03
C01169,Vikram,Taylor,UK,40,Advanced,Walk-in,07/05/2024
C01170,Chloe,Cohen,NL,45, Open Water,Website,May 1 2024
C01171,Aditya,Patel,india,20,none,Walk-in,2024-04-28
C01172,Rahul,Kulkarni,INDIA,23,none,Website,2024-04-29
C01173,Chloe,Rao,Germany,38,None ,Referral,2024-04-29
C01174,Daniel,Rossi,Russian,35,None,Website,2024-05-06
C01175,Karan,Wilson,japan,38,Rescue,Referral,29/04/2024
C01176,Sneha,Ivanov,Indian,45,None,Referral,2024-05-07
C01177,Divya,OConnor, India ,48,Advanced,Hotel Partner,30/04/2024
C01178,Daniel,Dubois,INDIA,43, None,Website,2024-05-01
C01179,Elena,Muller,India,34,Open Water,Referral,2024-05-02
C01180,Noa,Smith,India,12,NONE,OTA,April 29 2024
C01181,Rohan,Iyer,Indian,38,Open Water,Referral,May 6 2024
C01182,Aditya,Jansen, India ,27,Open Water,Website,2024-05-06
C01183,Yuki,Reddy,israel,12, None,Walk-in,01/05/2024
C01184,Aditya,Jansen,india,40, None,OTA,2024-05-03
C01185,Elena,Sharma,india,34,Open Water,Walk-in,May 10 2024
C01186,Daniel,Rao,IN,20,OPEN WATER,,2024-05-03
C01187,Siddharth,Iyer,German,43, Open Water,OTA,2024-05-10
C01188,Lukas,Desai,United Kingdom,22,Advanced,Walk-in,07/05/2024
C01189,James,Gupta,KR,24,None,Walk-in,30/04/2024
C01190,Hannah,Patel,IN,35, Advanced,Instagram,2024-05-05
C01191,James,Iyer,india,44,Open Water,Website,2024-05-11
C01192,Pierre,Rossi,Israel,19,open water,Hotel Partner,05/05/2024
C01193,Minjun,Patel,DE,23,None,Walk-in,2024-05-06
C01194,Noa,Jansen,Indian,46,None,Hotel Partner,May 4 2024
C01195,Hannah,Schmidt,france,35, Open Water,Walk-in,May 11 2024
C01196,Liam,Petrova,Australian,26,OPEN WATER,Hotel Partner,09/05/2024
C01197,Sarah,Taylor,India,58,None,Walk-in,2024-05-10
C01198,Elena,Gupta,Indian,44,NONE,,04/05/2024
C01199,Sophie,Sharma,India,38,None,Referral,2024-05-04
C01200,Anouk,Rossi, India ,27, Advanced,Website,2024-05-10
C01201,Daniel,Kulkarni,German,37,NONE,Instagram,May 3 2024
C01202,Sarah,Patel,Israeli,43,NONE,Website,2024-05-10
C01203,Camille,Muller,IN,46,Open Water,Website,2024-05-11
C01204,Itai,Menon,France,42,NONE,Website,2024-05-08
C01205,Divya,Smith,India,,None,,08/05/2024
C01206,Kavya,Tanaka,German,28,None,Website,2024-05-08
C01207,Emma,Banerjee,India,27,None,Hotel Partner,May 6 2024
C01208,Meera,Schmidt,INDIA,32, Open Water,Walk-in,May 3 2024
C01209,Vikram,Levi,Australian,30,None,Instagram,2024-05-05
C01210,Aarav,Chowdhury, India ,21, Advanced,Walk-in,2024-05-14
C01211,Chloe,Kim,Russian,30,None ,Website,2024-05-09
C01212,James,Reddy,South Korea,52,Open Water,Hotel Partner,10/05/2024
C01213,Neha,Sharma,india,29,Open Water,Website,2024-05-14
C01214,Liam,Cohen, India ,38,OPEN WATER,OTA,2024-05-05
C01215,Anouk,OConnor,Indian,27,None,Walk-in,2024-05-12
C01216,Chloe,Rao,Germany,28,open water,,11/05/2024
C01217,Siddharth,Bakker,Israel,23,None,OTA,2024-05-15
C01218,Dmitri,Ivanov,Indian,20,None,Referral,2024-05-08
C01219,Priya,Wilson,India,18,NONE,Walk-in,07/05/2024
C01220,Arjun,Petrova,INDIA,,none,Walk-in,2024-05-11
C01221,Lukas,Muller,IN,41, None,Instagram,May 8 2024
C01222,Pooja,Reddy,Russia,49,Advanced,Hotel Partner,2024-05-14
C01223,Dmitri,Gupta,German,34,NONE,,2024-05-15
C01224,Ananya,Nair,INDIA,21,None,Website,2024-05-06
C01225,Siddharth,Sharma,India,20,open water,Referral,2024-05-15
C01226,Itai,Rao, India ,29,Advanced,Walk-in,2024-05-14
C01227,James,Smith,Dutch,, None,Hotel Partner,08/05/2024
C01228,Marco,Park,germany,33,None,Website,May 14 2024
C01229,Ravi,Banerjee,Indian,27,Open Water ,Walk-in,09/05/2024
C01230,Sarah,Jansen,India,31,advanced,,10/05/2024
C01231,Karan,Jansen,Israeli,26,NONE,Walk-in,12/05/2024
C01232,Rohan,Schmidt,India,30,None,Website,May 17 2024
C01233,Elena,Bakker,india,46,ADVANCED,Website,2024-05-15
C01234,Elena,Kim,japan,22,None,Walk-in,10/05/2024
C01235,Kavya,Dubois,IN,32,NONE,,2024-05-17
C01236,Ravi,Schmidt,IN,29,None,Walk-in,2024-05-08
C01237,Tom,Brown,india,24,None,Hotel Partner,May 11 2024
C01238,Rahul,Iyer,IT,37,None,Website,2024-05-11
C01239,Daniel,Cohen,India,33,none,Website,18/05/2024
C01240,Emma,Rossi,Indian,40,None,Website,12/05/2024
C01241,Priya,OConnor,Israel,,Open Water,,2024-05-10
C01242,Pierre,Iyer,india,37,None,Hotel Partner,May 17 2024
C01243,Rahul,Rossi,USA,12,NONE,Hotel Partner,2024-05-09
C01244,Pierre,Muller,japan,,open water,Hotel Partner,16/05/2024
C01245,Elena,Petrova,Russia,19,Advanced,Instagram,2024-05-15
C01246,Pierre,Reddy,U.S.A.,23,advanced,Instagram,May 15 2024
C01247,Anouk,Desai,INDIA,42,None,,May 19 2024
C01248,Dmitri,Park,INDIA,39, None,OTA,2024-05-12
C01249,Aarav,Chowdhury,Korean,30,none,Walk-in,2024-05-15
C01250,Sophie,Chowdhury,INDIA,36,None,Referral,2024-05-11
C01251,Liam,Patel, India ,34,None,Walk-in,2024-05-16
C01252,Ishaan,Ivanov, India ,30,None,Walk-in,17/05/2024
C01253,Noa,Patel,Russian,27,None,Website,2024-05-15
C01254,Ananya,Iyer,Indian,35,None,Referral,2024-05-12
C01255,Camille,Wilson,AU,38,open water,Website,2024-05-12
C01256,James,Muller,Italy,37, Open Water,Walk-in,19/05/2024
C01257,Tom,Wilson,Netherlands,32,Open Water ,Referral,17/05/2024
C01258,Rahul,Brown, India ,34,None,Referral,2024-05-16
C01259,Marco,Kulkarni,india,26, Open Water,Instagram,22/05/2024
C01260,Sophie,Patel, India ,37,NONE,Walk-in,2024-05-20
C01261,Neha,Cohen,RU,39,None,Website,18/05/2024
C01262,Karan,Nair,Indian,35,None,Website,15/05/2024
C01263,Aditya,Rossi,INDIA,40,None ,Walk-in,21/05/2024
C01264,Dmitri,Sharma,Australian,43,None ,Instagram,2024-05-13
C01265,Ananya,Rossi,IN,35,None,Instagram,2024-05-17
C01266,Sven,Gupta,Japanese,36,open water,Referral,2024-05-15
C01267,Aarav,Levi,india,32,Open Water,,23/05/2024
C01268,Daniel,Kulkarni,India,31,Advanced,Walk-in,May 21 2024
C01269,Tom,Menon, India ,28,None,Walk-in,2024-05-23
C01270,Ishaan,Petrova,india,,Open  Water,Walk-in,2024-05-17
C01271,Ravi,Bakker, India ,25,Open Water,Walk-in,14/05/2024
C01272,Kavya,Desai, India ,43,None,Website,2024-05-19
C01273,Sarah,Patel,IN,30,none,Website,2024-05-17
C01274,Kavya,Smith, India ,48,advanced,OTA,2024-05-16
C01275,Dmitri,Kulkarni,India,15,Open Water,Website,20/05/2024
C01276,Divya,Banerjee, India ,50,OPEN WATER,Instagram,21/05/2024
C01277,Siddharth,Kim,Japan,50,None ,Walk-in,2024-05-25
C01278,Arjun,Iyer,france,21,none,Website,15/05/2024
C01279,Kavya,Dubois,INDIA,24,Open Water,,2024-05-15
C01280,Daniel,Kim,DE,36,Open Water,Walk-in,May 24 2024
C01281,Marco,Jansen,IN,31,Advanced,Referral,25/05/2024
C01282,Karan,Nair,Germany,30,None,Referral,2024-05-20
C01283,Dmitri,Iyer,Indian,24,None,Walk-in,2024-05-23
C01284,Lukas,Petrova,UK,47,open water,Referral,2024-05-18
C01285,Pierre,Chowdhury,italy,35,None,Website,2024-05-26
C01286,Aarav,Rossi,uk,38,open water,Referral,2024-05-26
C01287,Siddharth,Kim,INDIA,25,Advanced,Walk-in,May 18 2024
C01288,Priya,Smith,Indian,33,Open Water,Hotel Partner,2024-05-28
C01289,Pooja,Schmidt,india,,ADVANCED,Hotel Partner,2024-05-25
C01290,Elena,Rossi,india,40,Open Water,Walk-in,2024-05-26
C01291,Rohan,Levi,IN,29,open water,Referral,May 21 2024
C01292,Noa,Kim, India ,12,RESCUE,Instagram,24/05/2024
C01293,Divya,Patel,India,,ADVANCED,Hotel Partner,24/05/2024
C01294,Chloe,Kulkarni,France,43,None,,May 23 2024
C01295,Hannah,Sharma,Indian,41, Advanced,Website,2024-05-20
C01296,Rahul,Tanaka,netherlands,35,Open Water,Walk-in,2024-05-26
C01297,Meera,Petrova,germany,40,None,Instagram,2024-05-20
C01298,Meera,Tanaka,IN,47, Advanced,Referral,2024-05-24
C01299,Tom,Schmidt,india,16,none,,2024-05-20
C01300,Ishaan,Nair,INDIA,36,None,Website,2024-05-24
C01301,Kavya,Sharma, India ,39,None,Hotel Partner,25/05/2024
C01302,Marco,Wilson,U.S.A.,27,None ,Website,May 29 2024
C01303,Yuki,Ivanov,germany,36,open water,Instagram,2024-05-22
C01304,Tom,Chowdhury,Russian,29,Advanced,Walk-in,2024-05-28
C01305,Sophie,Kulkarni,INDIA,19,None,Referral,20/05/2024
C01306,Chloe,Patel,Indian,37,NONE,Walk-in,2024-05-25
C01307,Meera,Muller,INDIA,28,Advanced,,2024-05-30
C01308,Pooja,Kim,IL,34, Open Water,,2024-05-25
C01309,Yuki,Chowdhury,australia,50,None ,Referral,30/05/2024
C01310,Divya,Brown,IN,15,Advanced,Walk-in,2024-05-29
C01311,Ananya,Tanaka,India,39,OPEN WATER,OTA,May 29 2024
C01312,Ravi,Schmidt, India ,37,NONE,,June 2 2024
C01313,Emma,Jansen, India ,36,open water,Referral,2024-06-05
C01314,Pooja,OConnor,India,43,ADVANCED,Instagram,2024-06-09
C01315,Daniel,Kulkarni,INDIA,25,Advanced ,Instagram,2024-06-03
C01316,Camille,Iyer,India,27,Open Water,Website,07/06/2024
C01317,Meera,Bakker,IN,32, None,Walk-in,2024-06-10
C01318,Divya,Brown,DE,50, None,Instagram,2024-06-05
C01319,Tom,Schmidt,india,33,ADVANCED,Walk-in,07/06/2024
C01320,Aarav,Ivanov,INDIA,44,None ,Referral,2024-09-17
C01321,Itai,Ivanov,Indian,33,advanced,Walk-in,September 9 2024
C01322,Dmitri,Tanaka,Indian,42,Open Water,OTA,September 13 2024
C01323,Elena,Patel,South Korea,42,None,OTA,19/09/2024
C01324,Dmitri,Smith,IN,52,none,Walk-in,September 19 2024
C01325,Sven,Levi,German,, None,Referral,2024-09-13
C01326,Sven,Banerjee,india,17,rescue,,2024-09-13
C01327,Lukas,Iyer,india,29,None,OTA,16/09/2024
C01328,Noa,Desai,French,44,Open Water ,Website,2024-09-15
C01329,Dmitri,Rao, India ,25,OPEN WATER,,2024-09-17
C01330,Olga,Park,germany,24,None,Walk-in,2024-09-28
C01331,Yuki,Patel, India ,25,None,Website,22/09/2024
C01332,Liam,Ivanov,United States,47, Rescue,Referral,2024-09-24
C01333,Emma,Smith,AU,27,none,,2024-09-25
C01334,Daniel,Dubois,Italian,33, Advanced,Instagram,22/09/2024
C01335,Sophie,Desai,Italy,55,none,OTA,2024-09-23
C01336,Lukas,Taylor,germany,19,None,OTA,2024-09-28
C01337,Kavya,Chowdhury,Korean,39,Open Water,OTA,2024-09-27
C01338,Ravi,Patel,U.K.,36,Open Water,Website,2024-09-25
C01339,Ishaan,Reddy,india,39,Open Water ,Walk-in,28/09/2024
C01340,Sophie,Gupta,Indian,31,OPEN WATER,,2024-09-26
C01341,Meera,Sharma,France,31,none,Website,2024-09-23
C01342,Rahul,Wilson,Israel,43, Open Water,Instagram,25/09/2024
C01343,Arjun,Patel, India ,22,Open Water,Walk-in,26/09/2024
C01344,James,Desai,IN,23,None ,Hotel Partner,30/09/2024
C01345,Liam,Rao, India ,,open water,Referral,26/09/2024
C01346,Daniel,Menon,russia,36,Open Water ,,September 22 2024
C01347,Ananya,Banerjee,Korean,31,None,Website,26/09/2024
C01348,Ravi,Cohen,German,,open water,OTA,2024-10-02
C01349,Divya,Banerjee,Holland,13,none,,03/10/2024
C01350,Priya,Rossi,India,31,Open Water,Walk-in,2024-09-29
C01351,Vikram,Ivanov,United States,23,Advanced ,Walk-in,2024-10-01
C01352,Priya,Ivanov,Indian,16, Open Water,OTA,2024-10-03
C01353,Karan,Smith,British,17,None ,Hotel Partner,2024-09-27
C01354,Olga,Wilson,us,,Open Water,Walk-in,2024-09-24
C01355,Neha,Iyer,United States,23,None ,Walk-in,2024-10-03
C01356,Ananya,Jansen,Japanese,43,None,OTA,2024-10-01
C01357,Divya,Menon,Korean,39, Advanced,Referral,2024-09-27
C01358,James,Petrova,netherlands,25,none,,2024-09-24
C01359,Sven,Reddy,IN,47,None,OTA,04/10/2024
C01360,Minjun,Kim,Korean,39,OPEN WATER,Website,September 25 2024
C01361,Minjun,Rao,Russian,44, None,OTA,2024-09-27
C01362,Camille,Ivanov,India,17, Open Water,Instagram,02/10/2024
C01363,Liam,Menon, India ,46,None,OTA,September 25 2024
C01364,Kavya,Ivanov,USA,60,Open Water,Walk-in,2024-10-01
C01365,Neha,Schmidt,INDIA,35,open water,Website,October 5 2024
C01366,Meera,Brown, India ,41,Advanced,Website,2024-10-02
C01367,Pierre,Schmidt, India ,30,OPEN WATER,Referral,2024-10-04
C01368,Itai,Brown,IN,27,OPEN WATER,OTA,2024-10-02
C01369,James,Gupta, India ,33,Open Water,Instagram,2024-10-03
C01370,Elena,Rao,india,17,None,Hotel Partner,2024-09-28
C01371,Noa,Sharma,Indian,33, Open Water,Walk-in,01/10/2024
C01372,Itai,Rao,Russia,20,None,Walk-in,October 5 2024
C01373,Meera,Desai,Russian,19,None,Website,2024-09-28
C01374,Hannah,Muller,NL,41,Advanced ,Referral,2024-09-27
C01375,Divya,Schmidt,British,,Open Water,Walk-in,01/10/2024
C01376,Anouk,Rossi,British,39,none,Walk-in,28/09/2024
C01377,Kavya,Taylor,india,40,Advanced,Website,30/09/2024
C01378,Pierre,Cohen,Indian,46,None,Instagram,2024-10-03
C01379,Yuki,Rao,Italian,37,Advanced,,2024-10-06
C01380,Minjun,Nair,INDIA,38, None,Website,2024-10-02
C01381,Yuki,Nair,korea,29,None ,,2024-10-04
C01382,Minjun,Tanaka,italy,34,Advanced,Walk-in,2024-10-05
C01383,Karan,Patel,INDIA,36,Open Water ,Walk-in,2024-09-29
C01384,Aditya,Levi,Germany,28,open water,Walk-in,2024-09-30
C01385,Ananya,Iyer,Australia,40,Open Water ,Referral,2024-10-04
C01386,Sarah,OConnor,france,21,Open Water,OTA,2024-10-08
C01387,Sarah,OConnor,Dutch,52, None,Website,2024-10-02
C01388,Siddharth,Cohen,NL,33,None,OTA,2024-10-03
C01389,Noa,Banerjee,India,52,none,Website,2024-10-06
C01390,Camille,Rao,IN,21,NONE,Walk-in,2024-10-09
C01391,Emma,Kim,U.S.A.,52,Open Water ,OTA,2024-10-03
C01392,Daniel,Petrova,IL,14,Open Water,OTA,October 9 2024
C01393,Hannah,Gupta,United States,30,None,Instagram,October 10 2024
C01394,Hannah,Sharma,Indian,24, None,Website,2024-10-09
C01395,Dmitri,Schmidt,india,21,open water,Hotel Partner,2024-10-02
C01396,Camille,Park,India,57,Open Water,Walk-in,03/10/2024
C01397,Pierre,Wilson,Russia,28,Open Water,Walk-in,October 9 2024
C01398,Sneha,Kulkarni,Indian,,none,Referral,08/10/2024
C01399,Aditya,Schmidt,France,25,Advanced,Walk-in,2024-10-02
C01400,Divya,Dubois,INDIA,28,Advanced ,Referral,2024-10-05
C01401,Camille,Wilson,Italy,38,open water,OTA,October 4 2024
C01402,Pierre,Park,INDIA,30,none,,2024-10-10
C01403,Aditya,Levi, India ,28,none,OTA,2024-10-09
C01404,Neha,Desai,india,24,None,OTA,2024-10-05
C01405,Anouk,Brown, India ,20,None,OTA,10/10/2024
C01406,Pierre,Banerjee,United Kingdom,38,ADVANCED,Website,2024-10-06
C01407,Tom,Reddy, India ,21,open water,OTA,2024-10-05
C01408,Siddharth,Kulkarni,IT,,Advanced,Walk-in,06/10/2024
C01409,Rahul,Cohen,IN,34,None,Referral,2024-10-06
C01410,Sarah,Muller,India,42, None,Website,04/10/2024
C01411,Elena,Rao,IN,22,rescue,Walk-in,2024-10-06
C01412,Tom,Smith,India,36,None ,Website,October 2 2024
C01413,Sneha,Desai,England,29, None,OTA,October 5 2024
C01414,Sophie,Levi, India ,42,none,Hotel Partner,2024-10-08
C01415,Chloe,Muller,IN,24,Open Water,Walk-in,10/10/2024
C01416,Daniel,Chowdhury,Japanese,39,open water,Referral,October 12 2024
C01417,Noa,Tanaka,India,37,NONE,Website,October 5 2024
C01418,Itai,Nair,Russian,24,advanced,OTA,2024-10-11
C01419,Liam,Levi,INDIA,27,None,Referral,2024-10-05
C01420,Itai,Patel,Indian,33,Open Water,Instagram,2024-10-09
C01421,James,Smith,Australia,42,None,Hotel Partner,October 10 2024
C01422,Ishaan,Gupta,INDIA,44,OPEN WATER,OTA,2024-10-06
C01423,Olga,Kim,Indian,42,OPEN WATER,Hotel Partner,2024-10-07
C01424,James,Cohen, India ,41,None,Referral,2024-10-09
C01425,Priya,Rao,india,31,Open Water ,Walk-in,2024-10-03
C01426,Emma,Bakker,India,, None,Instagram,2024-10-09
C01427,Divya,Bakker,INDIA,51,None ,OTA,08/10/2024
C01428,Elena,Banerjee,Indian,44,OPEN WATER,Website,08/10/2024
C01429,Ravi,Iyer,us,30,ADVANCED,Walk-in,October 6 2024
C01430,Liam,Nair,germany,22,Advanced ,Instagram,2024-10-07
C01431,Marco,Petrova,IN,39,None ,Referral,2024-10-06
C01432,Sneha,Iyer,British,39,Open Water,Website,October 12 2024
C01433,Hannah,Petrova,IN,32,Open Water ,Referral,2024-10-05
C01434,Ravi,Cohen,us,35,Advanced,,11/10/2024
C01435,Sarah,Jansen, India ,39,none,Referral,06/10/2024
C01436,Liam,Muller,IN,20,none,Walk-in,2024-10-07
C01437,James,OConnor,INDIA,44,Open Water,OTA,2024-10-11
C01438,Vikram,Menon,Germany,,OPEN WATER,Walk-in,2024-10-05
C01439,Vikram,Sharma,Indian,35,ADVANCED,OTA,2024-10-09
C01440,Rohan,Patel,Indian,41,Open Water,Website,2024-10-13
C01441,James,Kulkarni,Indian,44,Open Water,Walk-in,11/10/2024
C01442,Itai,Patel,us,31,None ,Referral,08/10/2024
C01443,Emma,Park,Australian,19, None,OTA,11/10/2024
C01444,Sneha,Sharma,IN,37,open water,Website,2024-10-16
C01445,Meera,Iyer,india,28,None ,Instagram,2024-10-08
C01446,Divya,Chowdhury,india,38,Advanced,Website,2024-10-09
C01447,Arjun,Levi,American,44,Advanced,Referral,12/10/2024
C01448,Ishaan,Ivanov,india,44,None,Website,October 17 2024
C01449,Divya,Chowdhury,South Korea,29,None,OTA,15/10/2024
C01450,Ishaan,Smith,INDIA,40,None ,Website,2024-10-16
C01451,Noa,Kulkarni, India ,,Advanced,Walk-in,2024-10-08
C01452,Elena,Wilson,india,41,Open Water,Referral,18/10/2024
C01453,Rahul,Taylor,australia,32,None,Referral,2024-10-09
C01454,Sarah,Iyer, India ,,open water,Website,2024-10-09
C01455,Olga,Patel,Italy,30,open water,Hotel Partner,2024-10-14
C01456,Dmitri,Cohen,netherlands,, Open Water,Walk-in,11/10/2024
C01457,Sophie,Jansen,israel,41,OPEN WATER,Referral,2024-10-10
C01458,Aditya,Desai,uk,20,None,Website,2024-10-19
C01459,Neha,Cohen,Dutch,38,None,OTA,11/10/2024
C01460,Arjun,Kulkarni,IN,48,Open Water ,Walk-in,2024-10-11
C01461,Chloe,Smith,IN,36,NONE,OTA,October 19 2024
C01462,Olga,Rossi,Netherlands,39,OPEN WATER,OTA,2024-10-15
C01463,Marco,Iyer,Holland,33,NONE,OTA,16/10/2024
C01464,Ananya,Petrova,INDIA,33,Open Water,OTA,17/10/2024
C01465,James,Bakker,germany,,None,OTA,2024-10-12
C01466,Daniel,Smith,INDIA,28,Divemaster,Website,2024-10-15
C01467,Vikram,Rossi,South Korea,42,none,Website,2024-10-10
C01468,Itai,Banerjee,india,22,Open Water,Referral,2024-10-20
C01469,Pierre,Smith,England,44,Open  Water,Website,2024-10-11
C01470,Vikram,Bakker, India ,26,Open Water,OTA,2024-10-20
C01471,Pooja,Muller,india,38,Open Water,OTA,21/10/2024
C01472,Ananya,Reddy,india,29,None,Hotel Partner,October 19 2024
C01473,Yuki,Gupta,germany,36,NONE,Walk-in,2024-10-21
C01474,Sneha,Levi,British,38,None ,OTA,21/10/2024
C01475,Tom,Petrova,IN,40,Open Water,OTA,October 12 2024
C01476,Sarah,Schmidt,germany,23,None,Referral,2024-10-22
C01477,Pooja,Chowdhury,Israel,54,None ,Instagram,2024-10-19
C01478,Lukas,OConnor,DE,32,None,OTA,21/10/2024
C01479,Rahul,Levi,RU,28,Advanced,Instagram,October 20 2024
C01480,Hannah,Brown,Indian,54,None ,Instagram,2024-10-23
C01481,Liam,Reddy,India,27,Advanced,Walk-in,2024-10-19
C01482,Sarah,Jansen, India ,31,Open Water,Walk-in,October 23 2024
C01483,Tom,Desai,germany,34, None,Instagram,2024-10-15
C01484,Elena,Cohen,IL,32,Open Water,OTA,2024-10-14
C01485,Elena,Ivanov,Indian,46, Advanced,,15/10/2024
C01486,Ananya,Bakker,DE,37,Advanced,Website,19/10/2024
C01487,Emma,Menon,IN,36,Open Water ,OTA,2024-10-20
C01488,Emma,Gupta,Germany,22,None,,20/10/2024
C01489,Priya,Muller,Australia,51,NONE,OTA,23/10/2024
C01490,Emma,Kulkarni,Russia,,None ,Referral,13/10/2024
C01491,Emma,Petrova,india,43,Divemaster,Walk-in,2024-10-19
C01492,Pierre,Jansen,India,38,None,Hotel Partner,18/10/2024
C01493,Aarav,Muller,russia,39,None,,17/10/2024
C01494,Olga,Patel,India,30,NONE,OTA,2024-10-21
C01495,Karan,Banerjee,RU,36,None ,Walk-in,2024-10-20
C01496,Siddharth,Tanaka,Indian,26,Open Water,Instagram,2024-10-22
C01497,Yuki,Ivanov,india,36,None,Website,October 22 2024
C01498,Lukas,Banerjee,Netherlands,24,open water,OTA,20/10/2024
C01499,Chloe,Kulkarni,INDIA,23,Open Water,Walk-in,October 21 2024
C01500,Hannah,Ivanov,india,31,OPEN WATER,Referral,22/10/2024
C01501,Aarav,Rossi,Netherlands,29,Advanced,Website,2024-10-18
C01502,Sarah,Banerjee,Italian,30,NONE,Website,26/10/2024
C01503,Divya,Rossi, India ,,Divemaster,Instagram,2024-10-20
C01504,Vikram,Dubois,Germany,21,Rescue,Instagram,2024-10-19
C01505,Aditya,Park, India ,50,none,Walk-in,2024-10-21
C01506,Meera,Chowdhury,France,29,Open Water ,OTA,2024-10-24
C01507,Sophie,Kim,IN,49,NONE,,2024-10-16
C01508,Priya,Muller,Italy,35,none,OTA,26/10/2024
C01509,James,Rao,IN,33,NONE,Website,2024-10-19
C01510,Ananya,Muller,INDIA,35,Rescue,Walk-in,2024-10-24
C01511,Divya,Kulkarni,Indian,,None,OTA,21/10/2024
C01512,Sophie,Dubois,RU,30,Open Water,Instagram,17/10/2024
C01513,Yuki,Chowdhury,IN,23,Open Water,Website,October 17 2024
C01514,Divya,Cohen,USA,30, Open Water,Website,2024-10-21
C01515,Ananya,Jansen,INDIA,39,None,,2024-10-17
C01516,Chloe,Desai,AU,31,NONE,Instagram,2024-10-23
C01517,Dmitri,Rossi,INDIA,32,None,Website,24/10/2024
C01518,Itai,Gupta,Indian,33,None ,Instagram,2024-10-23
C01519,Minjun,Brown,Russian,16, Open Water,Walk-in,2024-10-25
C01520,Itai,Cohen, India ,25,NONE,Hotel Partner,2024-10-26
C01521,Karan,Chowdhury,india,19,none,,October 26 2024
C01522,Divya,Jansen,india,30,None,Referral,23/10/2024
C01523,Sophie,Chowdhury,india,36,none,Referral,October 27 2024
C01524,Elena,Smith,italy,24,None ,Walk-in,26/10/2024
C01525,Karan,Cohen,germany,38,OPEN WATER,OTA,26/10/2024
C01526,Sneha,Rossi,india,14,OPEN WATER,OTA,2024-10-27
C01527,Pooja,Patel,IN,45,OPEN WATER,OTA,2024-10-29
C01528,Karan,Menon,India,32,OPEN WATER,Walk-in,October 24 2024
C01529,Ananya,Levi,India,47,None,Referral,2024-10-23
C01530,Chloe,Sharma,Italy,33,NONE,OTA,October 28 2024
C01531,Sven,Sharma,NL,12,Advanced,Hotel Partner,2024-10-22
C01532,Minjun,Schmidt,U.K.,24,ADVANCED,Walk-in,24/10/2024
C01533,Daniel,Park,INDIA,12,Open Water ,OTA,2024-10-22
C01534,Yuki,Nair,Israeli,28, None,,October 23 2024
C01535,Tom,Banerjee,American,38,Advanced,Walk-in,29/10/2024
C01536,Pooja,Menon,germany,24,none,Hotel Partner,October 25 2024
C01537,Aarav,Chowdhury, India ,50,none,,28/10/2024
C01538,Marco,Kim,Japanese,33, Open Water,Walk-in,23/10/2024
C01539,James,Park,INDIA,39,none,OTA,2024-10-31
C01540,Camille,Rossi,India,40,Open  Water,Website,2024-10-22
C01541,Pierre,Sharma, India ,41,Rescue,,2024-10-23
C01542,Noa,Tanaka,Indian,,Open Water ,OTA,2024-10-27
C01543,Aarav,Kim,us,42,None,Walk-in,2024-10-26
C01544,Sneha,Smith,germany,37,NONE,Walk-in,25/10/2024
C01545,Itai,Ivanov,India,41,None,Instagram,02/11/2024
C01546,Arjun,Ivanov,INDIA,36,None ,OTA,2024-11-01
C01547,Noa,Ivanov,India,63,Open Water ,OTA,2024-11-03
C01548,Elena,Rao,DE,31,Open Water ,Walk-in,2024-10-29
C01549,Siddharth,Wilson,india,26,None,Instagram,2024-11-01
C01550,Rahul,Rao,India,27,Open Water,Walk-in,2024-11-03
C01551,Kavya,Petrova,IT,36, None,Referral,2024-10-28
C01552,Pooja,Menon,India,43,Advanced ,Walk-in,November 3 2024
C01553,Emma,Bakker,japan,30,None,Walk-in,2024-10-24
C01554,Sven,Kim,Indian,25,Open Water,OTA,2024-10-31
C01555,Rohan,Kulkarni,IN,34,None ,Website,2024-10-27
C01556,Pooja,Gupta, India ,29,none,Hotel Partner,2024-10-29
C01557,Elena,Kulkarni,NL,44,None,Walk-in,28/10/2024
C01558,Minjun,Chowdhury,Indian,,RESCUE,Instagram,2024-10-25
C01559,Neha,Reddy,Holland,32,Open Water,Referral,2024-11-02
C01560,Chloe,Jansen,korea,39,Open Water,,2024-10-26
C01561,Ananya,Menon,india,,advanced,Walk-in,31/10/2024
C01562,Aditya,Cohen,france,42,NONE,Walk-in,October 30 2024
C01563,Sophie,Sharma,Israeli,50,Divemaster,Referral,2024-10-26
C01564,Aditya,Smith,England,32,None,Referral,2024-10-26
C01565,Daniel,Rao,india,47,Open Water,,2024-11-01
C01566,Lukas,Taylor,Holland,28,None ,Instagram,2024-11-02
C01567,Meera,Rossi,South Korea,,None,Referral,27/10/2024
C01568,Hannah,Bakker,India,32,Divemaster,Referral,24/10/2024
C01569,Tom,Tanaka,INDIA,13,None ,OTA,2024-11-01
C01570,Emma,Reddy,india,53,None,Walk-in,30/10/2024
C01571,Tom,Ivanov,Holland,24, None,Instagram,25/10/2024
C01572,Ravi,Levi,israel,41,Open Water,OTA,2024-10-30
C01573,Noa,Petrova,India,30,none,Website,29/10/2024
C01574,Aarav,Petrova, India ,40,Open Water,Walk-in,2024-10-26
C01575,Hannah,Chowdhury,United States,34,None,Referral,2024-10-25
C01576,Karan,Brown,Israel,39,Advanced,Walk-in,2024-10-27
C01577,Ravi,Muller,Indian,30,Open Water,Instagram,2024-10-26
C01578,Itai,Wilson,India,30,None,Website,October 29 2024
C01579,Ananya,Levi,German,19,OPEN WATER,OTA,2024-10-27
C01580,Rohan,Cohen,Indian,43,open water,Walk-in,2024-11-01
C01581,Yuki,OConnor,korea,33,Open Water,OTA,November 5 2024
C01582,Rahul,Taylor,india,,None,Referral,2024-11-01
C01583,Ishaan,OConnor,Indian,,None,Website,2024-10-28
C01584,Ananya,Dubois,india,45,Advanced,Website,2024-11-02
C01585,Karan,Gupta,KR,27,NONE,Website,November 5 2024
C01586,Tom,Menon,india,19,Open Water,Walk-in,2024-10-31
C01587,Siddharth,Wilson, India ,24,None ,OTA,October 31 2024
C01588,Yuki,Levi,germany,14,open water,Walk-in,October 31 2024
C01589,Divya,Tanaka,NL,29,none,Website,04/11/2024
C01590,Itai,Sharma,france,48,NONE,Website,30/10/2024
C01591,Rahul,Iyer,germany,38,None,Instagram,November 5 2024
C01592,Divya,Rao,Australian,41, None,OTA,2024-10-31
C01593,Olga,OConnor,IN,19, None,,2024-11-07
C01594,Sven,Patel,IN,,ADVANCED,Website,2024-11-02
C01595,Siddharth,Bakker,Indian,23,Open Water,Instagram,01/11/2024
C01596,Aarav,Cohen, India ,31,Open Water,OTA,2024-11-01
C01597,Ananya,Chowdhury, India ,38,None,Walk-in,07/11/2024
C01598,Emma,Iyer,netherlands,42,Rescue ,Website,2024-10-29
C01599,Siddharth,Brown,INDIA,28,None ,OTA,2024-10-30
C01600,James,Rao,American,49,NONE,Walk-in,2024-10-29
C01601,Meera,Ivanov,Australia,26,Open Water,Instagram,07/11/2024
C01602,Liam,Reddy,india,35, Open Water,Walk-in,2024-10-29
C01603,Neha,Petrova,IN,36,None,Website,2024-11-08
C01604,Emma,Gupta,NL,34,Advanced,Instagram,October 29 2024
C01605,Pooja,Bakker,England,45,None,Walk-in,2024-11-08
C01606,Olga,Tanaka,us,32,divemaster,OTA,04/11/2024
C01607,Meera,Schmidt,IT,41,Advanced,Instagram,2024-11-05
C01608,Neha,Menon,IL,41,None,Hotel Partner,November 2 2024
C01609,Dmitri,Desai,india,,None,Instagram,30/10/2024
C01610,Sven,Bakker,germany,33,Open  Water,Hotel Partner,2024-11-04
C01611,Ravi,Levi,RU,49,Open Water,Referral,08/11/2024
C01612,Noa,Reddy,Germany,24,Open Water,Walk-in,November 8 2024
C01613,Aarav,Petrova,INDIA,43,OPEN WATER,Referral,03/11/2024
C01614,Tom,Cohen, India ,44,Open Water ,Website,09/11/2024
C01615,Elena,Kulkarni,KR,,None,Hotel Partner,2024-11-01
C01616,Lukas,Jansen,German,37,Divemaster,OTA,07/11/2024
C01617,Noa,Cohen,India,38,Open Water,Website,02/11/2024
C01618,Minjun,Patel, India ,50,NONE,Website,05/11/2024
C01619,Arjun,Park,England,43,NONE,Instagram,2024-11-07
C01620,Marco,Rossi, India ,17,None,OTA,2024-11-01
C01621,Liam,Kulkarni,INDIA,31,None,Website,2024-11-03
C01622,Minjun,Muller,INDIA,,NONE,Referral,2024-11-02
C01623,Priya,Bakker,United Kingdom,38,NONE,Referral,03/11/2024
C01624,Aditya,Petrova, India ,54,None,Instagram,07/11/2024
C01625,Chloe,Bakker,INDIA,35,None,,2024-11-10
C01626,Arjun,Brown,INDIA,27,None ,Walk-in,07/11/2024
C01627,Arjun,Sharma,AU,,Open Water ,Instagram,2024-11-03
C01628,Vikram,Park,British,33, None,Walk-in,2024-11-06
C01629,Dmitri,Desai,india,28,none,Hotel Partner,2024-11-10
C01630,Ravi,Smith,IN,33,Open Water,Walk-in,09/11/2024
C01631,Ishaan,Taylor,IN,42,None,OTA,2024-11-04
C01632,Minjun,Nair,japan,37,none,OTA,2024-11-01
C01633,Ravi,Jansen,U.K.,38,Open  Water,Referral,11/11/2024
C01634,Sarah,Gupta, India ,39,Open Water ,Referral,07/11/2024
C01635,Lukas,Brown,AU,44,Open Water,OTA,2024-11-03
C01636,Hannah,Kim,netherlands,34,Advanced,OTA,2024-11-09
C01637,Ishaan,Dubois,France,51,Open Water,Walk-in,09/11/2024
C01638,Vikram,Rao,israel,29,open water,Walk-in,2024-11-04
C01639,Karan,Dubois,India,37,Advanced ,Website,2024-11-02
C01640,Divya,Brown,AU,31,None,Instagram,12/11/2024
C01641,Ravi,Taylor,IN,61, Open Water,Instagram,2024-11-11
C01642,Sarah,Dubois,germany,21,Advanced,OTA,2024-11-08
C01643,Emma,Rao,USA,37,advanced,Walk-in,2024-11-06
C01644,Siddharth,Ivanov,FR,,NONE,OTA,2024-11-13
C01645,Anouk,Schmidt,India,29,open water,,2024-11-07
C01646,Rahul,Kim,French,45,Rescue,Website,2024-11-11
C01647,Pierre,Chowdhury,Russia,42,None,OTA,2024-11-06
C01648,Minjun,Rossi,IL,46,none,Hotel Partner,2024-11-08
C01649,Pooja,Park,Indian,27,Open Water,Website,2024-11-13
C01650,Marco,Jansen,Germany,17,none,Website,2024-11-10
C01651,Hannah,Sharma,Indian,51,OPEN WATER,OTA,2024-11-14
C01652,James,Schmidt,IN,40, None,OTA,2024-11-11
C01653,Vikram,Dubois,france,,None,OTA,2024-11-14
C01654,Pooja,Iyer,india,25,None,Walk-in,05/11/2024
C01655,Dmitri,Ivanov,IN,36,None,Walk-in,2024-11-12
C01656,Pierre,Banerjee,French,33,Open Water ,Walk-in,2024-11-14
C01657,Vikram,Chowdhury,India,,Open Water,Hotel Partner,2024-11-09
C01658,Hannah,Kim,india,35,RESCUE,Website,10/11/2024
C01659,Rohan,Bakker,Indian,36,Divemaster ,Hotel Partner,November 8 2024
C01660,Kavya,Kim,United Kingdom,12,advanced,Referral,2024-11-11
C01661,Aarav,Brown,Israeli,39,None,Instagram,12/11/2024
C01662,Sarah,Schmidt,India,30,None,Referral,2024-11-09
C01663,Sneha,Reddy,Indian,31,OPEN WATER,OTA,2024-11-04
C01664,Daniel,Gupta,Russian,,open water,Referral,2024-11-08
C01665,Kavya,Rao,netherlands,17, None,Referral,12/11/2024
C01666,Priya,Jansen,india,37,Open Water,Instagram,2024-11-10
C01667,Pierre,Jansen,Indian,34,Open Water,,2024-11-07
C01668,Olga,Tanaka, India ,39,None,Website,11/11/2024
C01669,Ravi,Wilson,United Kingdom,21,open water,Walk-in,2024-11-12
C01670,Aditya,Levi,INDIA,60,open water,Website,2024-11-11
C01671,Liam,Schmidt,us,34,advanced,Website,2024-11-11
C01672,Daniel,Gupta,India,28,open water,Referral,November 11 2024
C01673,Dmitri,Brown,france,13,Open Water,OTA,2024-11-13
C01674,Karan,Rossi,Indian,34,Advanced ,Referral,2024-11-06
C01675,Neha,Desai,NL,40,Open Water,Hotel Partner,10/11/2024
C01676,Noa,Petrova,israel,23,NONE,OTA,2024-11-09
C01677,Pierre,Park,australia,31,Open Water ,Walk-in,2024-11-07
C01678,Tom,Menon,us,52,ADVANCED,Walk-in,2024-11-08
C01679,Yuki,Taylor,IN,20,open water,Website,11/11/2024
C01680,Rohan,Sharma,israel,30,none,Hotel Partner,15/11/2024
C01681,Ravi,Petrova,India,40,Open Water,Instagram,November 8 2024
C01682,Sven,Levi,IN,39,Open Water,,15/11/2024
C01683,Rohan,Schmidt,India,40,None,Walk-in,12/11/2024
C01684,Priya,Petrova,U.S.A.,27,none,Walk-in,07/11/2024
C01685,James,Tanaka, India ,35,none,Walk-in,2024-11-07
C01686,Ananya,Petrova,IN,45,None,Website,2024-11-08
C01687,Siddharth,Taylor, India ,25,Open Water ,Website,2024-11-17
C01688,Emma,Desai,Russian,41,Open Water,Instagram,2024-11-15
C01689,Sophie,Menon,IN,30,OPEN WATER,OTA,2024-11-17
C01690,Noa,Kulkarni, India ,33,Open Water,Referral,2024-11-15
C01691,Arjun,Dubois,Netherlands,27,None,Referral,November 13 2024
C01692,Ravi,Chowdhury,IN,16,Advanced,OTA,2024-11-14
C01693,Aditya,Schmidt,French,45,None,Website,08/11/2024
C01694,Minjun,Iyer,NL,30,None,Website,2024-11-10
C01695,Arjun,Muller,India,30,Open Water,Walk-in,2024-11-12
C01696,Daniel,Tanaka,Japanese,44,Open Water,Referral,2024-11-14
C01697,Liam,Bakker,USA,43,NONE,OTA,2024-11-18
C01698,Dmitri,Jansen,India,,NONE,,14/11/2024
C01699,Arjun,Smith, India ,42,None,Walk-in,2024-11-13
C01700,Priya,Wilson,uk,40,OPEN WATER,Referral,2024-11-18
C01701,Dmitri,Levi,IN,37,None,Referral,2024-11-12
C01702,Tom,Muller,india,45,Open Water ,Hotel Partner,2024-11-14
C01703,Yuki,Banerjee,Italy,29,Open Water ,OTA,November 14 2024
C01704,Chloe,Kulkarni,UK,27,Open Water,Walk-in,November 17 2024
C01705,Aarav,Nair,india,27,None,,2024-11-13
C01706,Itai,Banerjee,INDIA,35,advanced,Walk-in,2024-11-14
C01707,Karan,Petrova,IN,37,None ,Website,14/11/2024
C01708,Daniel,Iyer,INDIA,,None,Hotel Partner,2024-11-09
C01709,Tom,Muller,italy,35,Open Water,Walk-in,2024-11-14
C01710,Aarav,Patel,india,47,Open Water,Referral,2024-11-16
C01711,Minjun,Kim,us,41,ADVANCED,Website,2024-11-17
C01712,Ravi,Gupta,DE,20, None,OTA,2024-11-11
C01713,Aarav,Petrova,India,29,NONE,Walk-in,2024-11-20
C01714,Hannah,Gupta,Russian,33,None,Walk-in,2024-11-17
C01715,Divya,Sharma,INDIA,27,None,OTA,2024-11-14
C01716,Pooja,Rao,United Kingdom,44,None ,Walk-in,13/11/2024
C01717,Siddharth,Patel, India ,35,Open Water,OTA,2024-11-14
C01718,Sneha,Ivanov,IT,35,NONE,Website,2024-11-21
C01719,Liam,Park,korea,31,Open Water,Walk-in,16/11/2024
C01720,Kavya,Petrova,INDIA,28,none,Website,2024-11-13
C01721,Ravi,Ivanov,German,26,None,Instagram,November 19 2024
C01722,Yuki,Schmidt, India ,20,None ,OTA,2024-11-14
C01723,Aarav,Menon,Japanese,39,ADVANCED,Instagram,20/11/2024
C01724,Minjun,Nair,IT,25,None ,Walk-in,2024-11-19
C01725,Rohan,Brown,South Korea,36,None,OTA,November 13 2024
C01726,Hannah,Tanaka,India,47,NONE,Instagram,13/11/2024
C01727,Sven,Taylor,netherlands,30,Open Water,,2024-11-15
C01728,Sophie,Petrova, India ,46,Open  Water,Website,2024-11-15
C01729,Hannah,Sharma,Indian,,NONE,Hotel Partner,November 18 2024
C01730,Ananya,Rossi, India ,35,none,Referral,November 20 2024
C01731,Hannah,Levi,IN,39,Advanced,OTA,2024-11-19
C01732,Emma,Wilson,Russian,31,Open Water,Website,16/11/2024
C01733,Elena,Desai,KR,30,OPEN WATER,OTA,2024-11-22
C01734,Minjun,Dubois,INDIA,37,Advanced,Website,20/11/2024
C01735,Meera,Sharma, India ,31,None ,Hotel Partner,2024-11-15
C01736,Chloe,Kim,korea,35,Advanced,Referral,2024-11-14
C01737,Olga,Banerjee, India ,26,open water,Walk-in,13/11/2024
C01738,Elena,Muller,india,,Open Water ,OTA,19/11/2024
C01739,Sophie,Schmidt,India,,Open Water ,Instagram,13/11/2024
C01740,Camille,Dubois,IN,31,None,Hotel Partner,2024-11-15
C01741,Tom,Petrova,India,28,None,Walk-in,November 18 2024
C01742,Minjun,Gupta,Israeli,,rescue,,2024-11-15
C01743,Yuki,Muller, India ,49,None,Hotel Partner,2024-11-18
C01744,James,Iyer, India ,18,Open Water,Website,2024-11-15
C01745,Yuki,Muller,INDIA,29,Open  Water,Website,November 16 2024
C01746,Sneha,Dubois, India ,38,None,Instagram,November 15 2024
C01747,Olga,Iyer,Indian,14,rescue,Walk-in,2024-11-16
C01748,Marco,Smith,England,34,None,OTA,20/11/2024
C01749,James,Banerjee,IN,27,Advanced,OTA,25/11/2024
C01750,Tom,Tanaka,India,39,Open Water,Walk-in,2024-11-17
C01751,Lukas,Rossi,IN,22,None,OTA,2024-11-23
C01752,Minjun,Desai,IT,23,None,,2024-11-21
C01753,Tom,Brown,India,30, Open Water,Walk-in,2024-11-24
C01754,Olga,Chowdhury,India,27,none,OTA,2024-11-24
C01755,James,Brown,Indian,38,Open Water ,Instagram,2024-11-21
C01756,Neha,Tanaka,IL,43,OPEN WATER,Walk-in,November 22 2024
C01757,Sven,Kulkarni,Indian,31,None,Walk-in,November 27 2024
C01758,Sarah,Wilson,NL,27,OPEN WATER,Walk-in,2024-11-19
C01759,Neha,Kulkarni,IT,26,Open Water,Website,2024-11-24
C01760,Sven,OConnor,INDIA,32,none,Walk-in,November 21 2024
C01761,Tom,Taylor,India,25,divemaster,Walk-in,2024-11-18
C01762,Pierre,Desai,IL,44,None ,OTA,24/11/2024
C01763,Ishaan,Brown, India ,31,Advanced,Walk-in,November 19 2024
C01764,Kavya,Kulkarni,India,37,Open Water,Hotel Partner,2024-11-18
C01765,Noa,Nair,Japan,44,Advanced,Website,22/11/2024
C01766,Divya,Tanaka,U.K.,24,Rescue,Walk-in,2024-11-22
C01767,Olga,OConnor, India ,35, Rescue,OTA,2024-11-24
C01768,Karan,Cohen,IN,34,None ,OTA,November 17 2024
C01769,Sarah,Desai,INDIA,,NONE,Walk-in,25/11/2024
C01770,Arjun,Park,United States,44, Advanced,Walk-in,2024-11-18
C01771,Marco,Patel,india,,DIVEMASTER,Walk-in,2024-11-21
C01772,Kavya,Kulkarni,france,33,NONE,OTA,2024-11-18
C01773,Neha,Chowdhury,American,47,NONE,Referral,2024-11-25
C01774,Meera,Chowdhury,NL,54,OPEN WATER,Website,2024-11-18
C01775,Sven,Kulkarni,JP,,Advanced,Referral,21/11/2024
C01776,Daniel,Muller,India,29,None,OTA,November 22 2024
C01777,Priya,Banerjee,India,33,none,OTA,2024-11-19
C01778,Karan,Iyer,IN,33,open water,Walk-in,2024-11-26
C01779,Rahul,Menon,Germany,47,Rescue,Walk-in,2024-11-20
C01780,Pooja,Kulkarni, India ,28,Advanced,Referral,November 19 2024
C01781,Sneha,Banerjee,Netherlands,37,open water,Hotel Partner,22/11/2024
C01782,Divya,Patel,Indian,23, None,Referral,2024-11-26
C01783,Arjun,Rao, India ,35,OPEN WATER,Website,November 26 2024
C01784,Noa,Banerjee,Korean,21, Open Water,Referral,25/11/2024
C01785,Sarah,Smith,INDIA,42, Open Water,Walk-in,2024-11-24
C01786,Lukas,OConnor,Russian,41,Advanced,OTA,2024-11-24
C01787,Noa,Desai, India ,38,Advanced ,Hotel Partner,2024-11-22
C01788,Sven,Gupta,Israeli,24,Open Water ,,2024-11-30
C01789,Itai,Sharma, India ,12,none,Referral,2024-11-29
C01790,James,Iyer,Indian,35, None,Website,30/11/2024
C01791,Ishaan,Cohen,INDIA,32,None,Instagram,2024-11-24
C01792,Divya,Desai,india,42, None,Instagram,2024-11-27
C01793,Dmitri,Kulkarni,INDIA,41,None,Instagram,2024-11-26
C01794,Tom,Wilson,india,31,NONE,OTA,November 22 2024
C01795,Rahul,Tanaka,IN,26,Advanced,Walk-in,2024-11-30
C01796,Tom,Nair,Indian,13,advanced,Hotel Partner,30/11/2024
C01797,Tom,Kulkarni,Germany,49,Advanced,Hotel Partner,2024-11-27
C01798,Aarav,Gupta,INDIA,33,Open Water,Instagram,29/11/2024
C01799,Rahul,Chowdhury,IN,21,Rescue,Website,2024-11-23
C01800,Itai,Cohen,IN,,OPEN WATER,,30/11/2024
C01801,Noa,Sharma,Indian,44,Open Water,Website,01/12/2024
C01802,Siddharth,Brown,India,20,None,Instagram,November 25 2024
C01803,Divya,Menon,India,32,none,OTA,2024-11-24
C01804,Rahul,Chowdhury,Australia,41,None,Walk-in,November 23 2024
C01805,Aditya,Menon,india,23,Open Water,Referral,November 26 2024
C01806,Ananya,Dubois,IN,25,Open Water,Walk-in,24/11/2024
C01807,Sarah,Bakker,India,43,None,Website,November 25 2024
C01808,Noa,Dubois, India ,57,Open Water,OTA,2024-11-29
C01809,Itai,Nair,Australia,,NONE,OTA,November 25 2024
C01810,Kavya,Petrova, India ,31,Advanced,Hotel Partner,2024-11-29
C01811,Sneha,Desai,Israeli,29,ADVANCED,Instagram,2024-11-26
C01812,Divya,Kulkarni,IT,31,None,Walk-in,29/11/2024
C01813,Anouk,Bakker,India,41, Open Water,Instagram,2024-12-01
C01814,Ravi,Dubois, India ,26,None,Hotel Partner,November 23 2024
C01815,Dmitri,Kulkarni,India,31,open water,,2024-11-27
C01816,Dmitri,Smith, India ,32,OPEN WATER,Referral,2024-11-25
C01817,Divya,Chowdhury,FR,27, None,OTA,2024-12-02
C01818,Itai,Brown, India ,37,Open Water ,,2024-12-01
C01819,Ravi,Smith,India,43,None,Website,26/11/2024
C01820,Elena,Reddy,India,32,Rescue,Website,November 23 2024
C01821,Pooja,Iyer,IN,30,none,Website,2024-12-01
C01822,Liam,Patel,India,29,none,Walk-in,2024-11-24
C01823,Noa,OConnor,India,40,Advanced,Walk-in,December 1 2024
C01824,Sarah,Brown,uk,12,Open Water,Walk-in,03/12/2024
C01825,Hannah,Chowdhury,Indian,36,Open Water,Referral,03/12/2024
C01826,Hannah,Ivanov,IN,30, Advanced,Walk-in,30/11/2024
C01827,Sneha,Petrova,japan,28,NONE,Walk-in,03/12/2024
C01828,Sarah,Gupta,United States,38,Open Water,OTA,25/11/2024
C01829,Marco,Gupta,Indian,39,OPEN WATER,Instagram,2024-11-29
C01830,Pooja,Park,United Kingdom,52,Divemaster,Hotel Partner,2024-12-03
C01831,Emma,Petrova,IN,38,NONE,Instagram,2024-12-03
C01832,Ananya,Schmidt,United Kingdom,39,None,OTA,2024-12-01
C01833,Kavya,Taylor,israel,46,None,Website,2024-11-25
C01834,Pierre,Chowdhury,UK,,open water,Referral,2024-12-03
C01835,Sophie,Dubois, India ,24, Advanced,Instagram,2024-12-02
C01836,Divya,Banerjee,japan,24,Open Water ,Walk-in,November 29 2024
C01837,Daniel,Chowdhury,IL,15,Open Water,,2024-12-02
C01838,Rohan,Menon, India ,30,None,Referral,2024-11-26
C01839,Priya,Petrova,India,28,open water,Walk-in,2024-12-05
C01840,Karan,Brown, India ,36,None,Walk-in,2024-12-04
C01841,Camille,Menon,Israel,48, None,Walk-in,2024-11-30
C01842,Chloe,Taylor,india,27,NONE,,2024-11-26
C01843,Hannah,Park, India ,40,None,OTA,November 29 2024
C01844,Priya,Patel, India ,33, Open Water,Walk-in,2024-12-03
C01845,Marco,Park,INDIA,39,Open Water,Instagram,2024-11-30
C01846,Kavya,OConnor,russia,36,open water,Instagram,2024-11-30
C01847,Arjun,Bakker,FR,29,OPEN WATER,Hotel Partner,2024-11-27
C01848,Sarah,Wilson,NL,24,None,Walk-in,2024-12-05
C01849,Anouk,Rossi,india,,NONE,Website,2024-12-05
C01850,Emma,Bakker,UK,40,Advanced,Hotel Partner,2024-12-05
C01851,Olga,Tanaka,IN,18,None,OTA,26/11/2024
C01852,Neha,Reddy,india,39,RESCUE,Walk-in,2024-12-04
C01853,Siddharth,Dubois,NL,31,None,Walk-in,2024-11-30
C01854,Daniel,Nair,uk,32,None,Website,02/12/2024
C01855,Pierre,Kim,russia,23,NONE,Hotel Partner,04/12/2024
C01856,Liam,Kim,RU,31,Open Water,Hotel Partner,2024-12-03
C01857,Marco,Taylor,RU,40,None,Hotel Partner,2024-11-26
C01858,Aditya,Reddy, India ,37,None,Walk-in,November 30 2024
C01859,Camille,Nair, India ,26,NONE,Referral,2024-12-02
C01860,Itai,Levi, India ,43,Open Water,Hotel Partner,2024-11-27
C01861,Noa,Chowdhury, India ,,Open Water,OTA,2024-12-07
C01862,Camille,Rossi, India ,30,ADVANCED,,2024-11-30
C01863,Daniel,Wilson, India ,22,None,Walk-in,06/12/2024
C01864,Chloe,Patel,INDIA,46,open water,Hotel Partner,2024-12-05
C01865,Hannah,Kulkarni, India ,,None,Walk-in,2024-12-06
C01866,Divya,Schmidt, India ,48, None,Walk-in,2024-11-27
C01867,Elena,Wilson,INDIA,24,None,Walk-in,2024-12-04
C01868,Sven,Brown, India ,39,open water,Walk-in,2024-12-03
C01869,Sven,OConnor,India,,None,,2024-11-28
C01870,Itai,OConnor,India,40,none,,December 3 2024
C01871,Anouk,Iyer,IT,19,Advanced,,2024-12-05
C01872,Liam,Kulkarni,India,35,RESCUE,Referral,2024-12-01
C01873,Daniel,Nair,Holland,27,Advanced,OTA,December 7 2024
C01874,Rahul,Bakker,india,32,None,Walk-in,2024-11-29
C01875,Ishaan,Smith,Indian,29,ADVANCED,Website,2024-12-01
C01876,Emma,Cohen,india,118,Open Water ,Instagram,04/12/2024
C01877,Sven,Kulkarni,Indian,31,Advanced,Hotel Partner,29/11/2024
C01878,James,Chowdhury,Italian,33,None,Instagram,08/12/2024
C01879,Liam,Taylor,India,17,None,Instagram,01/12/2024
C01880,Daniel,Banerjee,IN,12,none,Walk-in,December 1 2024
C01881,Sophie,Nair,Japan,43,OPEN WATER,Instagram,2024-12-05
C01882,Olga,Patel,Indian,21,None,Walk-in,2024-12-04
C01883,Daniel,OConnor,INDIA,28,NONE,Referral,December 5 2024
C01884,Neha,Jansen,INDIA,, None,,2024-11-29
C01885,Neha,Schmidt,Russian,40,None ,OTA,2024-12-07
C01886,Pierre,Nair,INDIA,39,open water,Website,2024-12-03
C01887,Sven,Desai,KR,33,Open  Water,OTA,2024-12-04
C01888,Divya,OConnor,UK,21,none,Website,December 2 2024
C01889,Ishaan,Jansen,IN,,None,Referral,02/12/2024
C01890,Anouk,Brown,IN,31,Open Water,OTA,December 9 2024
C01891,Neha,Levi,india,28,NONE,Walk-in,2024-12-04
C01892,Tom,Petrova,FR,38,None,OTA,06/12/2024
C01893,James,Brown,Japanese,6,Open Water,Referral,2024-12-10
C01894,Chloe,OConnor,Indian,32, Advanced,Instagram,2024-12-01
C01895,Neha,Cohen,russia,30,none,Website,2024-12-06
C01896,Sarah,Desai,INDIA,35,Open Water,Referral,2024-12-01
C01897,Sven,Rao,INDIA,36,Advanced,Hotel Partner,2024-12-04
C01898,Karan,Brown,Italian,43,Advanced,Referral,2024-12-06
C01899,Ravi,Jansen,Indian,43, None,,2024-12-02
C01900,Yuki,Patel,IN,38,ADVANCED,OTA,04/12/2024
C01901,Sophie,Tanaka,French,29,Advanced,Instagram,01/12/2024
C01902,Sophie,Rossi,INDIA,61,none,OTA,2024-12-08
C01903,Chloe,Tanaka,Indian,40,None ,Hotel Partner,December 9 2024
C01904,Noa,Sharma,INDIA,38,none,Walk-in,07/12/2024
C01905,Emma,Gupta,Russian,40,advanced,Walk-in,2024-12-08
C01906,Emma,Chowdhury,INDIA,16,Open Water,Instagram,2024-12-06
C01907,Emma,Rao,Israel,59,NONE,Walk-in,2024-12-06
C01908,James,Cohen,Indian,34,None,Hotel Partner,2024-12-08
C01909,Minjun,Ivanov,INDIA,40,None,Hotel Partner,2024-12-04
C01910,Sneha,Dubois,NL,39,None,Hotel Partner,2024-12-08
C01911,Ishaan,OConnor,IN,23,none,Referral,2024-12-06
C01912,Neha,Dubois,india,41,Open Water,Website,2024-12-04
C01913,Itai,Muller,India,23,NONE,Website,2024-12-07
C01914,Emma,Levi,India,24,open water,Website,2024-12-05
C01915,Sneha,Jansen,India,22,none,Website,2024-12-09
C01916,Aditya,Nair,Germany,,ADVANCED,Referral,2024-12-03
C01917,Tom,Dubois, India ,31,none,Hotel Partner,2024-12-05
C01918,Neha,Bakker,Indian,25,None,Walk-in,2024-12-11
C01919,Tom,Kim,Dutch,33, Open Water,Referral,December 4 2024
C01920,Sneha,Chowdhury,RU,,OPEN WATER,Referral,2024-12-03
C01921,Lukas,Nair,india,48,Advanced,Walk-in,2024-12-04
C01922,Olga,Iyer,IN,44,None,Website,2024-12-12
C01923,Noa,Rossi,IL,37,None,OTA,05/12/2024
C01924,Meera,Muller,India,41,rescue,Referral,December 5 2024
C01925,Sneha,Smith,india,34,None,OTA,06/12/2024
C01926,Aditya,Gupta,IL,37,None ,Hotel Partner,2024-12-06
C01927,Sneha,Muller,India,,OPEN WATER,Referral,2024-12-13
C01928,Sophie,Levi,india,31,none,Walk-in,2024-12-07
C01929,Olga,Nair,RU,41, Open Water,Instagram,2024-12-12
C01930,Ishaan,Schmidt, India ,,open water,Hotel Partner,December 10 2024
C01931,Camille,Banerjee,Israeli,31,none,Walk-in,2024-12-11
C01932,Neha,Jansen,NL,,Divemaster,,12/12/2024
C01933,Pierre,OConnor,French,30,ADVANCED,OTA,2024-12-03
C01934,Yuki,Rao,United Kingdom,31,Open Water,Hotel Partner,2024-12-11
C01935,Sophie,Ivanov, India ,31,none,Walk-in,December 7 2024
C01936,Yuki,Desai,USA,36,Advanced,Instagram,December 8 2024
C01937,Rahul,Rossi,Italian,42,Open Water ,Instagram,2024-12-05
C01938,Hannah,Dubois,Italy,25,none,Instagram,2024-12-04
C01939,Ishaan,Jansen,france,34,ADVANCED,Referral,December 7 2024
C01940,Neha,Muller,IL,37,Open Water,Walk-in,December 4 2024
C01941,Noa,Wilson,India,33,None ,Referral,06/12/2024
C01942,Pooja,Jansen,INDIA,35,Open Water ,OTA,2024-12-09
C01943,Sven,Nair,INDIA,18,Open Water,,2024-12-09
C01944,Marco,Nair,Russia,34,NONE,Referral,2024-12-12
C01945,Olga,Levi, India ,39,Rescue ,Referral,December 4 2024
C01946,James,Levi,IL,47,open water,Instagram,2024-12-14
C01947,Lukas,Desai,India,33,Open Water,OTA,2024-12-08
C01948,Meera,Cohen,IN,42,OPEN WATER,OTA,11/12/2024
C01949,Sven,Muller,USA,19,Open Water,Website,2024-12-11
C01950,James,Rao,INDIA,17, Open Water,Walk-in,09/12/2024
C01951,Sarah,Cohen,IN,32,OPEN WATER,OTA,2024-12-04
C01952,Sneha,Rao,RU,47,None,Instagram,2024-12-08
C01953,Dmitri,Brown,IL,44,None,Walk-in,05/12/2024
C01954,Elena,Sharma,German,24,None,Instagram,2024-12-06
C01955,Liam,Cohen,Indian,55,None ,Walk-in,07/12/2024
C01956,Rahul,Wilson,Germany,40,OPEN WATER,Hotel Partner,10/12/2024
C01957,Itai,Ivanov,Indian,36,None,Walk-in,09/12/2024
C01958,Siddharth,Muller,Indian,39,None,Instagram,2024-12-14
C01959,Ishaan,Muller,israel,24,Open Water,OTA,2024-12-14
C01960,Olga,Jansen,australia,46, None,Website,14/12/2024
C01961,Siddharth,Schmidt,USA,18,Open Water,,12/12/2024
C01962,Pierre,Tanaka,IN,47,none,Website,December 9 2024
C01963,Anouk,Kulkarni,India,36,NONE,OTA,December 11 2024
C01964,Ravi,Taylor,uk,42, Advanced,Referral,09/12/2024
C01965,Minjun,Menon,England,33,NONE,Walk-in,December 15 2024
C01966,Yuki,Chowdhury,Indian,43,OPEN WATER,Website,2024-12-11
C01967,Aarav,Smith,Germany,46,None,Walk-in,2024-12-13
C01968,Pierre,Nair,United Kingdom,42,Open Water,Referral,2024-12-13
C01969,Hannah,Gupta, India ,16,advanced,Walk-in,2024-12-09
C01970,Liam,Sharma,Israel,35,Open Water,OTA,09/12/2024
C01971,Lukas,Muller, India ,,Open Water,OTA,December 15 2024
C01972,Neha,Kulkarni,Indian,22,None ,Walk-in,December 14 2024
C01973,Minjun,Cohen,Indian,27,None ,Instagram,2024-12-13
C01974,Aditya,Gupta,Indian,29,Advanced,OTA,08/12/2024
C01975,Rohan,Ivanov,india,30,none,OTA,December 10 2024
C01976,Daniel,Chowdhury,IN,22,none,OTA,12/12/2024
C01977,Ishaan,Ivanov,Holland,48, Open Water,OTA,2024-12-08
C01978,Neha,Cohen,Indian,30,none,Hotel Partner,2024-12-11
C01979,Priya,Banerjee,Israel,34,Open Water,Walk-in,2024-12-09
C01980,Vikram,Smith,INDIA,33,None,,2024-12-13
C01981,Divya,Patel,IN,32,Advanced,OTA,December 14 2024
C01982,Lukas,Rossi, India ,36,Advanced,Instagram,2024-12-15
C01983,Rahul,Schmidt, India ,33,None ,Hotel Partner,2024-12-18
C01984,Dmitri,Jansen, India ,20,OPEN WATER,Instagram,14/12/2024
C01985,Ishaan,Ivanov,JP,6,None,Walk-in,2024-12-12
C01986,Emma,Desai, India ,20,OPEN WATER,Walk-in,2024-12-09
C01987,Daniel,Smith,india,43,None,Website,2024-12-14
C01988,Pierre,Park,INDIA,45,Open Water,Hotel Partner,2024-12-15
C01989,Camille,Ivanov,Indian,51,None ,Website,2024-12-14
C01990,Lukas,OConnor,India,42,none,OTA,December 17 2024
C01991,Sven,Kim,Japanese,23, None,,2024-12-13
C01992,Neha,Petrova,netherlands,24,None,Website,December 18 2024
C01993,Sven,Wilson,INDIA,42,Rescue ,Website,2024-12-17
C01994,Liam,Patel,IL,33,advanced,Referral,2024-12-18
C01995,Pierre,Dubois,India,17,None,Website,December 12 2024
C01996,Sophie,Banerjee,INDIA,23,None,Hotel Partner,2024-12-08
C01997,Vikram,Schmidt,INDIA,31,None,Referral,2024-12-11
C01998,Daniel,Dubois,INDIA,35, Open Water,Instagram,2024-12-14
C01999,Itai,Gupta,INDIA,24, None,Instagram,2024-12-10
C02000,Chloe,Muller, India ,47,ADVANCED,Website,December 10 2024
C02001,Olga,Levi,U.K.,41, None,Walk-in,13/12/2024
C02002,Olga,Cohen,France,26,ADVANCED,Walk-in,2024-12-17
C02003,Sarah,Kim,IN,12,NONE,OTA,December 10 2024
C02004,Neha,Reddy,australia,27, None,Website,2024-12-14
C02005,Yuki,Kim,Japanese,34,None ,Walk-in,December 16 2024
C02006,Rohan,Kulkarni,Indian,33,OPEN WATER,Walk-in,December 18 2024
C02007,Neha,Jansen,India,28,none,Instagram,16/12/2024
C02008,Anouk,Reddy,IN,37,NONE,Website,December 15 2024
C02009,Pooja,Cohen,india,39,NONE,,December 10 2024
C02010,Rohan,Jansen, India ,37,None,,2024-12-13
C02011,Siddharth,Park,India,,Advanced,Instagram,2024-12-16
C02012,Pooja,Jansen,INDIA,48,None,,December 17 2024
C02013,Sarah,Schmidt,Indian,26,ADVANCED,Instagram,2024-12-18
C02014,Aditya,Brown,NL,,open water,Walk-in,2024-12-13
C02015,Noa,Reddy,United Kingdom,36,DIVEMASTER,Referral,2024-12-19
C02016,Pooja,Nair,Italy,31,NONE,Instagram,2024-12-19
C02017,Itai,Bakker,Japanese,27,NONE,OTA,2024-12-10
C02018,Itai,Ivanov, India ,28,None,Website,19/12/2024
C02019,Chloe,Levi,germany,35,NONE,Referral,2024-12-15
C02020,Hannah,Kulkarni,Indian,33, Advanced,Referral,2024-12-18
C02021,Marco,Petrova,Netherlands,27,None,OTA,19/12/2024
C02022,Ishaan,Sharma,Russia,,open water,Walk-in,2024-12-14
C02023,Sarah,Sharma,French,17,Advanced,Referral,13/12/2024
C02024,Divya,Kulkarni,Korean,33,none,Hotel Partner,2024-12-11
C02025,Elena,Kim,india,39,Open Water ,Website,2024-12-17
C02026,Rahul,Rossi,india,31,None,Website,December 12 2024
C02027,Hannah,Muller,india,42,OPEN WATER,Walk-in,15/12/2024
C02028,Liam,Taylor,JP,19,Advanced,Referral,December 21 2024
C02029,Itai,Cohen,Italian,50,Open Water,Website,2024-12-21
C02030,Pooja,Kim,Germany,40,None,Walk-in,19/12/2024
C02031,Itai,Tanaka,DE,33,Open Water,Referral,December 18 2024
C02032,Meera,Ivanov,india,,Open Water,Website,2024-12-12
C02033,Tom,Taylor,Indian,30,None,Website,2024-12-17
C02034,Divya,Menon,India,42,none,Referral,December 17 2024
C02035,Yuki,Kim,India,19,open water,Walk-in,2024-12-14
C02036,Sven,Rossi,IN,34,open water,Website,2024-12-18
C02037,Priya,Rossi,Russia,54, None,OTA,2024-12-13
C02038,Liam,Bakker,South Korea,48,none,Instagram,December 15 2024
C02039,Hannah,Sharma,germany,43,NONE,OTA,2024-12-21
C02040,Sophie,Ivanov,INDIA,54,Open Water,Referral,2024-12-17
C02041,Aditya,Gupta,India,48,advanced,Instagram,17/12/2024
C02042,Rohan,Muller,Dutch,,None ,Hotel Partner,14/12/2024
C02043,Dmitri,Chowdhury,South Korea,71,none,OTA,December 19 2024
C02044,Pooja,Rossi,IN,22,None,OTA,2024-12-13
C02045,Yuki,OConnor,India,32,None,OTA,2024-12-16
C02046,Meera,Muller,Indian,17,OPEN WATER,OTA,2024-12-21
C02047,Liam,Banerjee,INDIA,34,None,OTA,December 22 2024
C02048,Yuki,Jansen,UK,4,ADVANCED,OTA,2024-12-13
C02049,Lukas,Levi,U.S.A.,33,NONE,Referral,2024-12-14
C02050,Elena,Reddy,india,22,OPEN WATER,OTA,22/12/2024
C02051,Elena,Iyer,India,34,Open Water,OTA,15/12/2024
C02052,Rahul,Kulkarni,U.S.A.,41,Advanced,Walk-in,2024-12-13
C02053,Aarav,Nair,Indian,35,Rescue,Referral,16/12/2024
C02054,Neha,Wilson,German,48,Open Water,,2024-12-22
C02055,Daniel,Nair,French,42,Open Water,Hotel Partner,18/12/2024
C02056,Tom,Tanaka,India,39,None,OTA,December 15 2024
C02057,Tom,Rossi,Indian,,None,Website,2024-12-17
C02058,Meera,Petrova,us,22,None,OTA,23/12/2024
C02059,Lukas,Menon, India ,53,None,Walk-in,21/12/2024
C02060,Ananya,Menon,india,31,advanced,Website,December 14 2024
C02061,Noa,Reddy,Indian,13,Open Water ,Instagram,2024-12-19
C02062,Ananya,Rossi, India ,37,none,,2024-12-20
C02063,Dmitri,OConnor,israel,19,advanced,Walk-in,15/12/2024
C02064,Rohan,OConnor,israel,33,NONE,Walk-in,2024-12-15
C02065,Sarah,Rossi,israel,41,None,Referral,December 23 2024
C02066,Ravi,Dubois, India ,24,Open Water,Referral,2024-12-17
C02067,Hannah,Sharma,IN,34,Open Water,Walk-in,2024-12-21
C02068,Rohan,Wilson,South Korea,43,None,Instagram,21/12/2024
C02069,Emma,Wilson,Russian,39, Advanced,Instagram,2024-12-18
C02070,Vikram,Petrova,Israeli,115,ADVANCED,OTA,18/12/2024
C02071,Tom,Banerjee,USA,40,advanced,Instagram,2024-12-25
C02072,Olga,OConnor,German,51,None,Website,21/12/2024
C02073,Dmitri,Schmidt,Indian,25,Open Water,OTA,2024-12-20
C02074,Aditya,Schmidt,Indian,38,None,Website,2024-12-16
C02075,Kavya,Gupta,Korean,30,Open  Water,,23/12/2024
C02076,Tom,Rao,INDIA,59,open water,Walk-in,2024-12-25
C02077,Marco,Gupta,france,41,Open Water,Walk-in,2024-12-23
C02078,Elena,Gupta,INDIA,36,Open Water ,Website,2024-12-26
C02079,James,Sharma,Indian,35,Open Water,Walk-in,2024-12-24
C02080,Karan,Jansen, India ,41,Open Water,Website,December 18 2024
C02081,Pooja,Rossi,Indian,28,none,Website,December 24 2024
C02082,Siddharth,Cohen,IL,44,None,Instagram,2024-12-26
C02083,Divya,Nair,uk,48,Open Water,Website,21/12/2024
C02084,Emma,Jansen, India ,36,None,Hotel Partner,December 18 2024
C02085,Sven,Brown,German,26,Open Water,Instagram,2024-12-27
C02086,Marco,Levi,India,21,None,OTA,20/12/2024
C02087,James,OConnor, India ,29,Advanced,Walk-in,2024-12-19
C02088,Itai,Patel, India ,,Open Water,Website,20/12/2024
C02089,Ishaan,Petrova,DE,27,Divemaster,Hotel Partner,December 20 2024
C02090,Tom,Petrova,FR,,None ,Walk-in,18/12/2024
C02091,Noa,OConnor,india,32,Rescue ,Hotel Partner,2024-12-27
C02092,Ananya,Sharma, India ,22,Rescue,,December 24 2024
C02093,Anouk,Kim,Italian,38,None,Instagram,2024-12-21
C02094,James,OConnor,Russia,27,None,Instagram,2024-12-22
C02095,Lukas,Nair,Italy,,None ,OTA,December 27 2024
C02096,Daniel,Desai,NL,39,Open  Water,Hotel Partner,2024-12-21
C02097,Priya,Bakker,British,36,Open  Water,Walk-in,2024-12-27
C02098,Pierre,Wilson,India,24, Open Water,Referral,2024-12-28
C02099,Meera,Dubois,india,30,Open Water,Referral,2024-12-28
C02100,Dmitri,Iyer,IN,32, Advanced,Instagram,2024-12-27
C02101,Divya,Schmidt,india,14,advanced,Walk-in,25/12/2024
C02102,Ishaan,Rao,Indian,46,none,OTA,2024-12-28
C02103,Aditya,Patel,Russian,17,Advanced ,Website,December 26 2024
C02104,Emma,Tanaka,IN,19,Open Water,OTA,2024-12-24
C02105,Aarav,Jansen,India,33,None,Website,2024-12-18
C02106,Pooja,Muller,Indian,49,open water,,2024-12-27
C02107,Elena,Desai,Dutch,32, Advanced,OTA,28/12/2024
C02108,Ananya,Ivanov,RU,40,Advanced,Website,21/12/2024
C02109,Aditya,Gupta,Netherlands,45, Rescue,OTA,2024-12-27
C02110,Arjun,Smith,australia,34,None,Website,24/12/2024
C02111,Rohan,Brown, India ,19,Open Water,Hotel Partner,26/12/2024
C02112,Ravi,Brown,U.K.,39, None,Hotel Partner,22/12/2024
C02113,Pierre,Iyer,Australian,41,none,Walk-in,2024-12-27
C02114,Olga,Gupta,IN,19,open water,Hotel Partner,2024-12-27
C02115,Hannah,Dubois,Israel,28, None,Referral,2024-12-19
C02116,Neha,Cohen,Israeli,45,Advanced,Referral,December 28 2024
C02117,Vikram,Banerjee,india,41,NONE,Referral,28/12/2024
C02118,Itai,Gupta,Germany,35,Open Water,Walk-in,19/12/2024
C02119,Liam,Jansen,IN,27,OPEN WATER,Referral,29/12/2024
C02120,Chloe,Park,Italian,46,Open Water ,Hotel Partner,23/12/2024
C02121,Kavya,Nair,Israel,50,advanced,,2024-12-27
C02122,Dmitri,Taylor,United Kingdom,12,Advanced,Walk-in,19/12/2024
C02123,Sven,Desai,NL,22,none,Website,2024-12-21
C02124,Marco,OConnor,INDIA,37,none,Walk-in,23/12/2024
C02125,Neha,OConnor, India ,39,Rescue,Instagram,2024-12-27
C02126,Tom,Taylor,india,29,OPEN WATER,Instagram,2024-12-25
C02127,Dmitri,Smith,JP,43,advanced,Website,2024-12-26
C02128,Sophie,Banerjee,france,,None,Instagram,2024-12-25
C02129,Dmitri,Levi, India ,27,NONE,Referral,December 22 2024
C02130,Aarav,Cohen,Japanese,36,None,OTA,27/12/2024
C02131,Liam,Rossi,RU,27,None,Walk-in,26/12/2024
C02132,Sophie,Patel,India,37,Open Water ,Website,2024-12-28
C02133,Chloe,Smith, India ,32,none,Instagram,December 27 2024
C02134,Sven,Sharma,Indian,21,Advanced,Referral,2024-12-20
C02135,Hannah,OConnor,Russian,49,Open Water,OTA,2024-12-30
C02136,Lukas,Reddy,India,45,Advanced ,Hotel Partner,30/12/2024
C02137,Tom,Schmidt, India ,21,ADVANCED,Walk-in,2024-12-24
C02138,Karan,Nair,INDIA,24,None,Referral,31/12/2024
C02139,Chloe,Jansen,IL,27,advanced,Walk-in,31/12/2024
C02140,Divya,Petrova,KR,24,open water,Walk-in,December 24 2024
C02141,Rahul,Ivanov, India ,,None,Walk-in,21/12/2024
C02142,Karan,Menon,Japan,47,Open Water,OTA,2024-12-26
C02143,Kavya,Cohen,germany,,Open Water,,24/12/2024
C02144,Vikram,Sharma,india,37,None,Referral,22/12/2024
C02145,Sven,Jansen,Russia,20,open water,OTA,23/12/2024
C02146,Sophie,Petrova,INDIA,36,open water,Hotel Partner,2025-01-01
C02147,Elena,Ivanov, India ,37,ADVANCED,,December 22 2024
C02148,Emma,Tanaka,United States,44,None,,December 23 2024
C02149,Kavya,Cohen,india,52,None,Website,24/12/2024
C02150,Sven,Kulkarni,Germany,29,NONE,,2024-12-30
C02151,Kavya,Menon,Indian,37,none,Referral,25/12/2024
C02152,Divya,OConnor,India,,none,OTA,2024-12-31
C02153,Pierre,Kim,uk,29,NONE,Website,27/12/2024
C02154,Arjun,Wilson,Indian,34, None,Website,2024-12-23
C02155,Olga,Kim,netherlands,27,None,OTA,December 23 2024
C02156,Kavya,Jansen,RU,30,Advanced,Hotel Partner,2024-12-24
C02157,Meera,Kulkarni,Russian,38,Advanced,Instagram,December 24 2024
C02158,Elena,Brown,Russian,41,NONE,OTA,2024-12-23
C02159,Olga,Menon, India ,14,none,OTA,2024-12-28
C02160,Sneha,Banerjee, India ,34,None,,2024-12-27
C02161,Priya,Gupta,Indian,30, Open Water,Website,2024-12-27
C02162,Vikram,Kulkarni,Indian,26,NONE,OTA,23/12/2024
C02163,Sophie,Wilson,INDIA,41,OPEN WATER,,2024-12-31
C02164,Pooja,Ivanov, India ,40,Open Water,OTA,2024-12-27
C02165,Sarah,Muller,IN,34,rescue,Walk-in,25/12/2024
C02166,Sarah,Rossi, India ,32,RESCUE,OTA,23/12/2024
C02167,Hannah,Wilson,Australia,54,Open Water,Website,December 29 2024
C02168,Minjun,Menon,India,41,None ,Referral,2024-12-28
C02169,Pierre,Smith,Italy,48,advanced,,December 24 2024
C02170,Dmitri,Gupta,india,47,Divemaster,Hotel Partner,December 24 2024
C02171,Rohan,Dubois,India,18,None,Website,2024-12-31
C02172,Dmitri,Rossi,japan,45,open water,,2024-12-29
C02173,Sneha,Patel,Israel,26,OPEN WATER,Hotel Partner,2024-12-26
C02174,James,Menon,India,12,Open Water,Website,December 31 2024
C02175,Priya,Jansen, India ,32,Open Water,OTA,2024-12-28
C02176,Olga,Desai,DE,18,Advanced,Walk-in,2025-01-03
C02177,Liam,Menon,FR,51,open water,Referral,2024-12-25
C02178,Emma,Jansen,India,35,None,Referral,2024-12-25
C02179,Dmitri,Gupta,India,30,None,Instagram,January 1 2025
C02180,Rahul,Kulkarni,IN,36,none,,January 3 2025
C02181,Liam,Reddy,USA,37,rescue,,2024-12-26
C02182,Arjun,Iyer,Russian,49,Open Water,Walk-in,December 28 2024
C02183,Ishaan,Gupta,INDIA,29,Rescue,OTA,2025-01-03
C02184,Rohan,Petrova,france,39,Open Water,Referral,25/12/2024
C02185,Ishaan,Menon,British,24,open water,Walk-in,30/12/2024
C02186,Liam,Brown,uk,43,NONE,OTA,27/12/2024
C02187,Tom,Bakker,IN,40,Advanced,Walk-in,2025-01-04
C02188,Marco,Jansen, India ,24,NONE,Hotel Partner,04/01/2025
C02189,Itai,Rossi,IN,12,Advanced,Walk-in,2025-01-02
C02190,Dmitri,Rossi,FR,48,None ,,2024-12-27
C02191,Pierre,Wilson,INDIA,38,Advanced,Walk-in,2025-01-01
C02192,Rahul,Bakker,russia,40,Rescue,,2025-01-03
C02193,Elena,Cohen,Russia,41,None,OTA,2024-12-28
C02194,Camille,Reddy,india,35,Advanced ,Instagram,2025-01-04
C02195,Sophie,Cohen,France,38,Open Water,Walk-in,03/01/2025
C02196,Elena,Desai,Japanese,29,Rescue,Walk-in,January 1 2025
C02197,Pooja,Brown,British,30,None,Hotel Partner,2025-01-04
C02198,Aarav,Brown,France,30,Open Water,Hotel Partner,01/01/2025
C02199,Arjun,Muller,Indian,40,Open  Water,Hotel Partner,2025-01-04
C02200,Sarah,Rossi,israel,33,none,Hotel Partner,31/12/2024
C02201,Sarah,Petrova,Israeli,18,Divemaster ,Referral,30/12/2024
C02202,Ishaan,Gupta,india,,Advanced,Website,2025-01-06
C02203,Aarav,Menon,Russian,39,Rescue,Walk-in,04/01/2025
C02204,Sarah,Ivanov, India ,49,None,Instagram,2024-12-30
C02205,Sneha,Rossi,INDIA,34, None,OTA,04/01/2025
C02206,Ravi,Ivanov,England,35,none,Website,2024-12-28
C02207,Ishaan,Cohen,India,,Open Water,Walk-in,2024-12-29
C02208,Pooja,Chowdhury,INDIA,36,None,Website,2025-01-01
C02209,Aarav,Wilson,Germany,25, Divemaster,Referral,2025-01-02
C02210,Pierre,Brown,Indian,23, None,OTA,2024-12-30
C02211,Ananya,Taylor,KR,37,Rescue,OTA,2024-12-31
C02212,Chloe,Iyer, India ,26,Open Water ,Walk-in,January 3 2025
C02213,Karan,Rao,INDIA,45,open water,OTA,27/12/2024
C02214,Sophie,Patel,South Korea,39,none,,2024-12-31
C02215,Elena,Kim,india,40, Open Water,Walk-in,05/01/2025
C02216,Chloe,Brown,IN,26,Open Water,Hotel Partner,2025-01-07
C02217,Priya,Sharma,Indian,29,None,Website,December 31 2024
C02218,Tom,Rao, India ,36,None ,Instagram,2024-12-28
C02219,Sarah,Kulkarni,france,19,Open Water ,Website,2024-12-31
C02220,Liam,Bakker,india,38,Advanced ,Website,January 1 2025
C02221,Sven,Menon,Indian,33,None,,2024-12-28
C02222,Yuki,Kim, India ,15,None,OTA,2024-12-31
C02223,Minjun,Wilson,INDIA,35,open water,Website,2025-01-06
C02224,Dmitri,Reddy,IN,47,None,,2025-01-06
C02225,Emma,Cohen,German,35,Advanced,Instagram,2025-01-04
C02226,Sarah,Jansen, India ,26, None,Walk-in,30/12/2024
C02227,Kavya,OConnor,INDIA,32, None,Website,2025-01-04
C02228,Elena,Chowdhury, India ,29,NONE,Instagram,2025-01-08
C02229,Minjun,Tanaka,German,46,Open  Water,Website,January 1 2025
C02230,Emma,Smith,French,15,None,,2025-01-07
C02231,Siddharth,Smith,United Kingdom,31,None,Referral,2025-01-08
C02232,Pooja,Chowdhury,Indian,47,open water,Website,2025-01-01
C02233,Liam,Petrova,United Kingdom,36,NONE,,2025-01-06
C02234,Pooja,Ivanov,india,22,None,Instagram,2025-01-02
C02235,Sophie,Petrova,NL,35,NONE,,2025-01-03
C02236,Camille,Park,RU,34,open water,,2025-01-06
C02237,Sophie,Reddy,British,26, None,Referral,2025-01-05
C02238,Ravi,Gupta,Germany,30,None,Referral,2025-01-06
C02239,Pierre,Nair,IN,40,NONE,,2025-01-08
C02240,Sven,Menon,india,40,OPEN WATER,Hotel Partner,2025-01-09
C02241,Hannah,Cohen,United Kingdom,31,None,,31/12/2024
C02242,Kavya,Nair,IN,27,None,Hotel Partner,2025-01-08
C02243,Ananya,Rossi,United Kingdom,39,Advanced,Hotel Partner,2025-01-03
C02244,Olga,Iyer,Israeli,36,Rescue,,07/01/2025
C02245,Itai,Taylor, India ,29,None,Referral,09/01/2025
C02246,Emma,OConnor,NL,24,Advanced ,Walk-in,2025-01-02
C02247,Rahul,Reddy, India ,43,Open Water,Referral,2025-01-03
C02248,James,Ivanov,IN,33,Open  Water,Referral,January 8 2025
C02249,Sven,Banerjee,india,35,None,Hotel Partner,2025-01-08
C02250,Anouk,Rao,United States,32,DIVEMASTER,Walk-in,04/01/2025
C02251,Elena,Levi, India ,22, Open Water,Website,2025-01-08
C02252,Rahul,Patel,India,21,None,Website,2025-01-06
C02253,Pierre,Reddy,Indian,37,None ,Walk-in,2025-01-10
C02254,Elena,Bakker,india,36,None,OTA,2025-01-10
C02255,Ananya,Brown,Indian,37,None,Walk-in,2025-01-06
C02256,Karan,Bakker,IN,37,Advanced ,Instagram,December 31 2024
C02257,Priya,Patel,IN,30,None,OTA,04/01/2025
C02258,Arjun,Levi,JP,25,OPEN WATER,Website,January 6 2025
C02259,Yuki,Kulkarni,IN,36,Open Water,OTA,2025-01-09
C02260,Camille,Tanaka,INDIA,32,None,Hotel Partner,05/01/2025
C02261,James,OConnor,British,32,open water,Website,2025-01-09
C02262,Vikram,Reddy,IN,22,None,Website,January 5 2025
C02263,Chloe,Nair,INDIA,40,None,OTA,2025-01-10
C02264,Vikram,Cohen,india,44,None,Walk-in,06/01/2025
C02265,Siddharth,Iyer,INDIA,29,NONE,Walk-in,2025-01-02
C02266,Liam,Kulkarni,germany,22,Rescue,Hotel Partner,2025-01-02
C02267,Olga,Ivanov,INDIA,,ADVANCED,Walk-in,2025-01-04
C02268,Tom,Muller,IN,37,NONE,Instagram,2025-01-03
C02269,Aditya,Petrova,INDIA,37,None ,Instagram,2025-01-11
C02270,Tom,Menon,INDIA,23, Open Water,,2025-01-11
C02271,Priya,Jansen,INDIA,37,None,Website,04/01/2025
C02272,Aditya,Dubois,Indian,,Open Water ,,2025-01-08
C02273,Kavya,Levi,Israeli,34,None,Website,January 6 2025
C02274,Sven,Desai,russia,36,Open Water ,OTA,2025-01-12
C02275,Ravi,Tanaka,Dutch,22,Advanced,Instagram,2025-01-06
C02276,Hannah,Dubois,U.S.A.,32,Advanced ,Website,January 3 2025
C02277,Chloe,Kim,American,34, Open Water,Instagram,2025-01-10
C02278,Itai,Brown,india,23,open water,Website,09/01/2025
C02279,Elena,Rossi,Korean,20,None,,January 10 2025
C02280,Karan,Brown,korea,27,None,Walk-in,12/01/2025
C02281,Rohan,Park, India ,41,Open Water,Hotel Partner,05/01/2025
C02282,Aarav,Muller, India ,38,OPEN WATER,Walk-in,08/01/2025
C02283,Olga,Smith,India,41,Advanced ,Instagram,06/01/2025
C02284,Sven,Menon,Indian,,NONE,Website,2025-01-09
C02285,Yuki,Rossi,Indian,38, None,Website,2025-01-03
C02286,Ravi,Rossi,india,34,Advanced,Hotel Partner,11/01/2025
C02287,Dmitri,Tanaka, India ,26,NONE,Hotel Partner,04/01/2025
C02288,Chloe,Tanaka, India ,12,Advanced,Website,07/01/2025
C02289,Minjun,Dubois,United Kingdom,33,None,Website,2025-01-14
C02290,Neha,Menon,Dutch,46,Open Water,OTA,2025-01-04
C02291,Sneha,Park,Russia,28,none,OTA,2025-01-06
C02292,Emma,Taylor,Israel,17,None,Walk-in,January 4 2025
C02293,Ananya,Jansen,IN,43,Advanced ,Walk-in,2025-01-08
C02294,Olga,Smith,india,21,Advanced,Website,January 5 2025
C02295,Kavya,Tanaka,Germany,29,None ,Website,06/01/2025
C02296,Olga,Reddy, India ,,ADVANCED,Walk-in,06/01/2025
C02297,Sarah,Taylor,IN,47,Divemaster,Referral,09/01/2025
C02298,Neha,Rossi,IL,34,None ,,14/01/2025
C02299,Meera,Ivanov,NL,33,None,,January 7 2025
C02300,Arjun,Kim,KR,49,Advanced ,Walk-in,2025-01-09
C02301,Ananya,Rao,Australian,,Open Water,Walk-in,2025-01-07
C02302,Pooja,Cohen,England,36,None,Referral,08/01/2025
C02303,Meera,Rao,RU,29,Open Water ,Referral,2025-01-08
C02304,Sarah,Chowdhury,United Kingdom,24,advanced,OTA,05/01/2025
C02305,Pooja,Sharma,Israeli,38,Advanced ,Website,2025-01-10
C02306,Ishaan,Petrova,India,35,None,Website,January 15 2025
C02307,Vikram,Petrova,India,49,None,Hotel Partner,January 11 2025
C02308,Anouk,Chowdhury,india,43,none,OTA,12/01/2025
C02309,Ananya,Brown,IN,28,None,Walk-in,January 11 2025
C02310,Pooja,Patel,Israel,26,open water,OTA,January 12 2025
C02311,Olga,Sharma,Korean,33,Open Water,Referral,13/01/2025
C02312,Elena,Nair,Indian,13,None,Walk-in,2025-01-12
C02313,Neha,Rao,IN,33,none,Website,2025-01-11
C02314,Karan,Reddy,DE,41,None,OTA,08/01/2025
C02315,Pierre,Reddy,India,,Advanced,Hotel Partner,2025-01-08
C02316,Rohan,Bakker,india,27,open water,Walk-in,2025-01-12
C02317,Elena,Bakker,IN,26,None,Website,January 13 2025
C02318,Arjun,Iyer,India,29,Advanced,,2025-01-08
C02319,Meera,Park,INDIA,17,advanced,Instagram,2025-01-14
C02320,Ishaan,Dubois,INDIA,29,OPEN WATER,Walk-in,2025-01-16
C02321,Anouk,Rossi,IN,53,Rescue,Hotel Partner,2025-01-11
C02322,Pierre,Gupta,IN,19,None,Walk-in,2025-01-11
C02323,Noa,Bakker,United Kingdom,33,ADVANCED,Hotel Partner,2025-01-16
C02324,Aditya,Banerjee,Netherlands,54,Advanced,Walk-in,07/01/2025
C02325,Aarav,Dubois,INDIA,25,Open Water ,Website,2025-01-08
C02326,Aditya,Levi,Japan,41,RESCUE,Walk-in,January 11 2025
C02327,Pierre,Patel,germany,16,None,Website,January 9 2025
C02328,Minjun,Reddy, India ,26,none,OTA,January 9 2025
C02329,Marco,Nair,germany,32,None,Walk-in,07/01/2025
C02330,Itai,Jansen,INDIA,34,Open Water,Website,2025-01-10
C02331,Elena,Brown,india,27,Open Water,Walk-in,2025-01-07
C02332,Marco,Nair,israel,44,Rescue,OTA,2025-01-08
C02333,Pooja,Wilson,Russia,43,Open  Water,Instagram,2025-01-07
C02334,Liam,Wilson,India,15,Open Water ,,2025-01-15
C02335,Sneha,Petrova, India ,59,None,Hotel Partner,2025-01-07
C02336,Siddharth,Nair,RU,36,Open Water,OTA,2025-01-16
C02337,Emma,Kulkarni,uk,31,None,Walk-in,2025-01-16
C02338,Yuki,Muller,Japanese,34,None ,Walk-in,2025-01-07
C02339,Elena,OConnor,IN,14,None,OTA,2025-01-15
C02340,Tom,Wilson,india,27,Open Water,Website,09/01/2025
C02341,Daniel,Chowdhury,Indian,33,None,Hotel Partner,2025-01-11
C02342,Ananya,Levi,UK,28,Open Water,,2025-01-08
C02343,Divya,Taylor,INDIA,38,Open Water,Walk-in,12/01/2025
C02344,Chloe,Bakker,Russian,50,ADVANCED,OTA,2025-01-14
C02345,Daniel,OConnor,England,30,ADVANCED,Referral,2025-01-12
C02346,Olga,Ivanov,india,,open water,Instagram,January 16 2025
C02347,Elena,Chowdhury, India ,27,NONE,Walk-in,January 13 2025
C02348,Emma,Gupta,israel,,open water,Website,14/01/2025
C02349,Neha,Dubois,British,20,None,Website,2025-01-16
C02350,Camille,Tanaka, India ,17,Divemaster,Referral,2025-01-14
C02351,Kavya,Dubois,Dutch,16,None,OTA,2025-01-17
C02352,Pooja,Desai,russia,20,Advanced,OTA,2025-01-15
C02353,Ishaan,Chowdhury,India,29,None,Website,2025-01-18
C02354,Sven,Bakker,INDIA,15,None,Instagram,2025-01-16
C02355,Dmitri,Jansen,United States,15, Open Water,Instagram,2025-01-15
C02356,Aarav,Desai,korea,26,Rescue,,2025-01-14
C02357,Camille,Menon,IL,71,None,Instagram,2025-01-14
C02358,Divya,Bakker, India ,25,None ,Referral,2025-01-14
C02359,Hannah,Rossi,India,34,None ,Website,2025-01-11
C02360,Pierre,Levi,Korean,25,None,Referral,2025-01-16
C02361,Priya,Rossi,uk,22, None,Walk-in,17/01/2025
C02362,Chloe,Kim,korea,34,none,OTA,12/01/2025
C02363,Liam,Iyer,IN,28,none,Walk-in,2025-01-14
C02364,Hannah,Levi,RU,28,Divemaster,OTA,January 13 2025
C02365,Minjun,Desai,IN,24, Advanced,Walk-in,January 18 2025
C02366,Pooja,Wilson,British,37,Advanced,,January 15 2025
C02367,Siddharth,OConnor,UK,25,None,OTA,20/01/2025
C02368,Kavya,Sharma,INDIA,51,Advanced,Hotel Partner,10/01/2025
C02369,Rahul,Rossi, India ,41,OPEN WATER,,10/01/2025
C02370,Sven,Iyer,U.K.,36,None,Hotel Partner,2025-01-19
C02371,Dmitri,Ivanov,IN,35,open water,Referral,2025-01-10
C02372,Camille,Park,JP,,None,Hotel Partner,2025-01-16
C02373,Pierre,Desai,U.K.,28,Advanced,,2025-01-17
C02374,Hannah,Menon, India ,39,OPEN WATER,OTA,2025-01-15
C02375,Sarah,Park,india,44,None,Walk-in,2025-01-17
C02376,Minjun,Park,Indian,47,None,,2025-01-14
C02377,Ishaan,Rao,Germany,,None,Instagram,17/01/2025
C02378,Kavya,Ivanov,france,43,None,Hotel Partner,2025-01-19
C02379,Rahul,Petrova,Indian,45,Advanced,Walk-in,2025-01-15
C02380,Chloe,Iyer,India,,Open Water ,Referral,2025-01-17
C02381,Kavya,Patel,Indian,36,None ,Hotel Partner,2025-01-18
C02382,Tom,Dubois,INDIA,40,None,Website,2025-01-16
C02383,Marco,Petrova,Israeli,41,None,Website,January 14 2025
C02384,Yuki,Levi,United Kingdom,36,NONE,Walk-in,2025-01-17
C02385,Chloe,Chowdhury,Israeli,16,None,Referral,January 13 2025
C02386,Liam,Banerjee,india,30,OPEN WATER,OTA,January 21 2025
C02387,Sven,Menon,Indian,12,Open Water,Referral,2025-01-20
C02388,Daniel,OConnor,Indian,42,DIVEMASTER,Walk-in,22/01/2025
C02389,Meera,Park,india,29,None,Referral,January 13 2025
C02390,Hannah,Dubois,Dutch,34,Open Water,Referral,2025-01-22
C02391,Sneha,Rossi,Australia,28,Advanced,Instagram,January 15 2025
C02392,Noa,Reddy,IN,25,Open Water,Website,January 17 2025
C02393,Aditya,Desai,INDIA,31, None,Website,19/01/2025
C02394,Anouk,Kim,India,25,Advanced,Hotel Partner,2025-01-19
C02395,Priya,Kim,INDIA,42,none,Referral,2025-01-18
C02396,Priya,Muller,india,42, Advanced,Walk-in,2025-01-16
C02397,Tom,Tanaka,KR,38,Divemaster,OTA,18/01/2025
C02398,Meera,Rao,Israeli,32,OPEN WATER,Website,2025-01-18
C02399,Yuki,Gupta, India ,17,Open Water,Referral,14/01/2025
C02400,Aditya,Tanaka,KR,42,Advanced,Website,January 21 2025
C02401,Tom,Tanaka,British,30,Open Water,Referral,2025-01-15
C02402,Chloe,Dubois, India ,48,NONE,Walk-in,2025-01-22
C02403,Vikram,Petrova,India,43,Open Water,,15/01/2025
C02404,Aditya,Reddy,Australia,121,Open Water ,Referral,21/01/2025
C02405,Marco,Nair,Japanese,28, Open Water,Walk-in,16/01/2025
C02406,Ishaan,Dubois,Netherlands,39,Rescue,Walk-in,January 22 2025
C02407,Aditya,Gupta,Indian,13,Advanced,OTA,2025-01-23
C02408,Ravi,Ivanov,india,21,None,OTA,2025-01-16
C02409,Camille,Chowdhury,United Kingdom,23,None,OTA,2025-01-15
C02410,Vikram,Cohen,IN,24, None,Website,14/01/2025
C02411,Priya,Chowdhury,india,29,None,Instagram,2025-01-18
C02412,Minjun,Levi,India,31,none,OTA,2025-01-14
C02413,Olga,OConnor,INDIA,30,none,Website,24/01/2025
C02414,Sophie,Patel,Israeli,28,open water,Website,2025-01-18
C02415,Itai,Park,Indian,35,None,OTA,21/01/2025
C02416,Noa,Patel,KR,50,advanced,OTA,2025-01-15
C02417,Neha,Reddy,INDIA,46,None,Website,2025-01-15
C02418,Liam,Petrova,germany,36,ADVANCED,Website,2025-01-19
C02419,Yuki,Desai,INDIA,30,none,Instagram,22/01/2025
C02420,Noa,Taylor,U.S.A.,12,None,Walk-in,2025-01-23
C02421,Sarah,Jansen,India,118,OPEN WATER,Hotel Partner,2025-01-23
C02422,Sven,Chowdhury,Germany,33,Divemaster ,,15/01/2025
C02423,Kavya,Dubois,KR,,NONE,Walk-in,23/01/2025
C02424,Daniel,Brown,INDIA,34,None,Website,25/01/2025
C02425,Olga,Schmidt,India,34,open water,Walk-in,2025-01-15
C02426,Dmitri,OConnor,Indian,41,none,Walk-in,2025-01-15
C02427,Divya,Menon,IT,30,None ,Referral,2025-01-15
C02428,Olga,Schmidt,Japanese,32,Advanced ,OTA,2025-01-23
C02429,James,Petrova,United Kingdom,34,NONE,Walk-in,2025-01-15
C02430,Rohan,Cohen,Indian,32,advanced,OTA,25/01/2025
C02431,Aditya,Dubois,germany,39,open water,Hotel Partner,2025-01-17
C02432,Anouk,Bakker, India ,21,Rescue,Instagram,2025-01-25
C02433,Sophie,Sharma,INDIA,30,None,OTA,2025-01-23
C02434,Neha,Kulkarni, India ,58,None,Walk-in,2025-01-16
C02435,Itai,Reddy,IN,42,Open Water,Referral,2025-01-24
C02436,Minjun,Rao,India,21,None,Website,2025-01-25
C02437,Divya,Ivanov,Israel,53,Open Water,Website,2025-01-19
C02438,Ravi,Petrova,French,32,OPEN WATER,Walk-in,23/01/2025
C02439,Karan,Chowdhury,U.S.A.,29, None,,24/01/2025
C02440,Ananya,Ivanov,IN,32, None,Referral,18/01/2025
C02441,Karan,Wilson,India,33,None,OTA,24/01/2025
C02442,Anouk,Sharma,Russian,50,Advanced,Walk-in,2025-01-26
C02443,Rohan,Gupta,india,37,NONE,Walk-in,2025-01-26
C02444,Pierre,Dubois,FR,48,Divemaster,Walk-in,January 21 2025
C02445,Ishaan,Levi,india,33,Open  Water,Walk-in,25/01/2025
C02446,Meera,Park,Indian,28,Advanced,Hotel Partner,2025-01-22
C02447,Ananya,Ivanov,India,23,Open Water,Walk-in,24/01/2025
C02448,Siddharth,Schmidt,Australian,47,None,,2025-01-27
C02449,Sarah,Iyer,IN,31,Advanced,,January 26 2025
C02450,Elena,Brown,france,37,open water,OTA,2025-01-17
C02451,Minjun,Kulkarni,Australian,13,Advanced ,Referral,22/01/2025
C02452,Aditya,Chowdhury, India ,31,Open Water,,2025-01-23
C02453,Daniel,Desai,Indian,29,Rescue,Website,2025-01-27
C02454,Lukas,Rossi,India,42, Open Water,OTA,2025-01-21
C02455,Sophie,Smith, India ,40, Open Water,Instagram,2025-01-20
C02456,Neha,Tanaka,Israel,33,none,Instagram,2025-01-21
C02457,Chloe,Rao,IN,20,advanced,Referral,2025-01-20
C02458,Noa,Reddy, India ,38,None,Hotel Partner,21/01/2025
C02459,Olga,Menon,England,27,Advanced ,,2025-01-23
C02460,Kavya,Kulkarni,india,33,Open Water,Walk-in,2025-01-23
C02461,Ishaan,Park, India ,51,Open Water ,Website,2025-01-24
C02462,Arjun,Schmidt,United States,38,Open Water,OTA,2025-01-22
C02463,Ishaan,Sharma,India,68,None,Walk-in,2025-01-19
C02464,Yuki,Ivanov, India ,41,Open Water,,22/01/2025
C02465,Vikram,Rossi,Indian,31,Open  Water,Referral,2025-01-26
C02466,Tom,Taylor,Italy,39,None,Website,21/01/2025
C02467,Neha,Smith,India,51,None,Referral,2025-01-29
C02468,Divya,Kim,india,38,None ,Website,2025-01-21
C02469,Meera,OConnor,Australia,26,None,Walk-in,2025-01-26
C02470,Marco,Bakker,United Kingdom,41,none,OTA,January 21 2025
C02471,Sneha,Dubois,france,40,None,Walk-in,2025-01-27
C02472,Ishaan,Smith,IN,, Advanced,Instagram,2025-01-27
C02473,Dmitri,Gupta,india,42,none,Hotel Partner,2025-01-22
C02474,Aarav,Sharma,UK,28,advanced,Walk-in,January 22 2025
C02475,Anouk,Banerjee,india,29,Open Water,Walk-in,2025-01-24
C02476,Dmitri,Patel,IL,45,NONE,Website,2025-01-20
C02477,Sophie,Bakker,IN,41,advanced,OTA,2025-01-25
C02478,Daniel,Bakker,Indian,50,None,Instagram,22/01/2025
C02479,Daniel,Gupta,British,52,None ,Instagram,26/01/2025
C02480,Aditya,Bakker,France,29,Open Water,Instagram,2025-01-23
C02481,Ananya,Jansen,UK,30,Open Water,Instagram,2025-01-22
C02482,Elena,Ivanov,korea,46,None,Instagram,25/01/2025
C02483,Marco,Rossi,IT,45,None,Walk-in,January 27 2025
C02484,Sophie,Ivanov,us,39,advanced,Walk-in,24/01/2025
C02485,Ravi,Dubois,U.K.,38,Rescue ,Walk-in,January 28 2025
C02486,Chloe,Chowdhury,india,22,None,Walk-in,26/01/2025
C02487,Tom,Petrova,IN,39,None ,Referral,2025-01-26
C02488,Divya,Wilson,india,34,Divemaster,Walk-in,24/01/2025
C02489,Sneha,Dubois,india,14,None,Website,2025-01-27
C02490,Camille,Park,Dutch,53,Advanced,,2025-01-26
C02491,Aarav,Kulkarni,IN,29,Open Water,Instagram,2025-01-21
C02492,Rohan,OConnor,india,,Open Water,OTA,January 23 2025
C02493,Daniel,Banerjee,Italian,47,advanced,Website,2025-01-31
C02494,Karan,Park,Indian,34,NONE,Hotel Partner,2025-01-27
C02495,Sneha,Gupta,india,34,Open  Water,Walk-in,2025-01-27
C02496,Sneha,Rossi,Indian,27,None ,Walk-in,2025-01-25
C02497,Priya,Nair,korea,33,Open Water ,OTA,January 30 2025
C02498,Ravi,Rossi,india,20,None,OTA,2025-01-24
C02499,Noa,Iyer, India ,56,DIVEMASTER,Website,25/01/2025
C02500,Divya,Brown,IN,45,None,Website,2025-01-21
C02501,Pierre,Tanaka,KR,38, None,Walk-in,2025-01-23
C02502,Meera,Kulkarni,INDIA,31,None,Hotel Partner,2025-01-24
C02503,Liam,Kulkarni, India ,14, Open Water,Referral,2025-01-27
C02504,Rohan,Reddy,American,39,Advanced,Walk-in,January 31 2025
C02505,Anouk,Petrova, India ,25,None ,Instagram,2025-01-24
C02506,Divya,Schmidt,U.K.,38,None,OTA,January 28 2025
C02507,Elena,Sharma,Japanese,41,Advanced,Walk-in,January 24 2025
C02508,Divya,Taylor,IL,40,None,Hotel Partner,2025-01-24
C02509,Arjun,Nair,AU,30,Open Water,Walk-in,January 31 2025
C02510,Arjun,Iyer, India ,,NONE,Hotel Partner,2025-02-01
C02511,Dmitri,Iyer,india,40,None ,OTA,23/01/2025
C02512,Emma,Sharma,AU,40,ADVANCED,Walk-in,2025-01-23
C02513,Camille,Levi,France,,Advanced,Hotel Partner,2025-01-28
C02514,Ravi,Chowdhury,NL,39,ADVANCED,OTA,2025-01-31
C02515,Sophie,Tanaka,RU,,None,OTA,23/01/2025
C02516,Hannah,Bakker,us,35,None,,2025-02-01
C02517,Yuki,Cohen,IN,33,Open Water,Referral,2025-01-23
C02518,Pierre,Kulkarni,india,54,None ,Instagram,January 26 2025
C02519,Meera,Smith,UK,40,OPEN WATER,Walk-in,2025-01-24
C02520,Aditya,Levi,INDIA,41,Open Water,Instagram,2025-02-02
C02521,Noa,Cohen,Indian,35,OPEN WATER,Walk-in,2025-01-30
C02522,Neha,Kulkarni,Russian,25,open water,,2025-01-30
C02523,Aditya,Kulkarni,India,17,Rescue,Referral,February 2 2025
C02524,Siddharth,Levi,INDIA,44,None,Walk-in,January 26 2025
C02525,Sarah,Muller,INDIA,48,none,OTA,February 1 2025
C02526,Daniel,Menon,India,,Advanced,Referral,January 31 2025
C02527,Tom,Reddy,russia,39,None ,OTA,23/01/2025
C02528,Vikram,Brown,KR,34,None ,Hotel Partner,2025-02-01
C02529,Liam,Reddy,United Kingdom,35,open water,Website,2025-02-01
C02530,Ishaan,Rao,Indian,34,NONE,Website,2025-01-23
C02531,Rahul,Gupta,IN,32,NONE,Walk-in,2025-01-25
C02532,Rahul,Petrova,IN,35,Rescue ,Referral,2025-01-29
C02533,Rahul,Cohen,South Korea,33,Open  Water,Walk-in,2025-01-28
C02534,Priya,Cohen, India ,26,None,Instagram,2025-01-29
C02535,Aditya,Patel,India,41,None,Website,2025-01-23
C02536,Karan,Tanaka,U.S.A.,41,Rescue,OTA,2025-01-24
C02537,Itai,Taylor,INDIA,43,Advanced,Instagram,January 26 2025
C02538,Daniel,Rossi,Russia,25,Open  Water,,26/01/2025
C02539,Chloe,Schmidt,United States,31,Open Water,Walk-in,2025-01-30
C02540,Pooja,Tanaka,USA,36,Open Water,,2025-01-26
C02541,Chloe,Gupta,india,,open water,,January 27 2025
C02542,Priya,Sharma, India ,39,Open Water,Walk-in,2025-01-29
C02543,Meera,Tanaka,india,38,OPEN WATER,,2025-01-28
C02544,Sophie,Bakker,India,34,Open Water ,,2025-02-01
C02545,Ishaan,Menon,germany,,ADVANCED,Website,2025-02-01
C02546,Sarah,Cohen,korea,28, None,Instagram,2025-02-02
C02547,Ishaan,Kulkarni,IT,47,None,Website,01/02/2025
C02548,Pooja,Brown,INDIA,27,OPEN WATER,OTA,2025-01-27
C02549,Arjun,Bakker,German,35,None,Hotel Partner,30/01/2025
C02550,Sophie,Schmidt, India ,24,divemaster,Website,26/01/2025
C02551,Emma,Banerjee,Germany,38,Open Water,Instagram,2025-02-02
C02552,Hannah,Kim,India,43,Open Water,Instagram,2025-01-31
C02553,Pierre,Desai, India ,,Advanced,Referral,2025-01-30
C02554,Karan,OConnor,italy,27,RESCUE,Website,01/02/2025
C02555,Divya,Schmidt,British,32,None,Referral,2025-02-02
C02556,Arjun,Rossi, India ,50,Open Water,,February 4 2025
C02557,Sven,Brown,India,30,None,Website,25/01/2025
C02558,Daniel,Rossi, India ,56,NONE,,30/01/2025
C02559,Camille,Brown,INDIA,37,None,Website,2025-01-31
C02560,Camille,Brown,Germany,29,none,,2025-01-30
C02561,Marco,Gupta,IN,42,None,Referral,30/01/2025
C02562,Itai,Ivanov,UK,39,open water,Referral,2025-02-02
C02563,Marco,Desai,INDIA,26,None,,2025-01-26
C02564,Emma,Muller,RU,36,None,Referral,05/02/2025
C02565,Siddharth,Desai,Australian,,NONE,OTA,2025-01-26
C02566,Noa,Wilson,uk,22, Advanced,OTA,2025-01-27
C02567,Arjun,Sharma,India,36,None,Referral,2025-02-01
C02568,Anouk,Jansen,France,,open water,OTA,29/01/2025
C02569,Chloe,Cohen, India ,30,RESCUE,Website,01/02/2025
C02570,Priya,Chowdhury,india,33,Open Water ,Hotel Partner,2025-02-01
C02571,Elena,Petrova,United Kingdom,38,None,Walk-in,2025-01-27
C02572,Yuki,OConnor,Russian,32,Open Water,,02/02/2025
C02573,Hannah,Sharma,India,12,open water,Walk-in,2025-02-05
C02574,Anouk,Park,russia,26,Open Water,OTA,28/01/2025
C02575,Rahul,Petrova,India,41,Open Water,Walk-in,2025-02-01
C02576,Lukas,Schmidt,AU,22,None,Walk-in,2025-02-03
C02577,Arjun,Taylor,Indian,36,open water,Website,2025-02-03
C02578,Priya,Chowdhury,AU,41,Open Water,OTA,06/02/2025
C02579,Daniel,Levi, India ,43,open water,Instagram,2025-01-30
C02580,Chloe,Brown,india,26,None,OTA,2025-01-31
C02581,Arjun,Tanaka,DE,34,Open Water,Instagram,2025-01-28
C02582,Noa,Kulkarni,Indian,,Open Water,Instagram,2025-02-02
C02583,Minjun,Muller,USA,30, None,Walk-in,2025-02-02
C02584,Aditya,Cohen,india,30,Advanced,Website,2025-01-28
C02585,Hannah,Desai,German,31,none,Referral,2025-01-30
C02586,Emma,Petrova,israel,16,Open Water,Walk-in,February 5 2025
C02587,Lukas,OConnor,india,29,None,Instagram,2025-01-28
C02588,Minjun,Cohen,india,59,Open Water,OTA,2025-01-31
C02589,Sophie,Brown,Italy,22,Open Water,Website,2025-02-07
C02590,Priya,Ivanov, India ,21, Open Water,Hotel Partner,2025-01-31
C02591,Arjun,Tanaka,us,37, None,,03/02/2025
C02592,Hannah,Menon,india,33,None,Website,2025-02-08
C02593,Vikram,Rao,germany,, Open Water,Walk-in,01/02/2025
C02594,Itai,Kulkarni,INDIA,48, None,Hotel Partner,2025-02-07
C02595,Itai,Park,IN,,Advanced,OTA,2025-01-29
C02596,Kavya,Sharma,india,54,OPEN WATER,Hotel Partner,05/02/2025
C02597,Anouk,Menon,IN,33,open water,Hotel Partner,2025-02-03
C02598,Rohan,Kulkarni,japan,32,none,Instagram,31/01/2025
C02599,Dmitri,Menon,German,,none,Hotel Partner,2025-02-02
C02600,Ravi,OConnor,INDIA,23,Open  Water,OTA,2025-02-06
C02601,Ravi,Iyer,U.S.A.,45,None,OTA,2025-01-30
C02602,Itai,Tanaka,IN,,rescue,Referral,30/01/2025
C02603,Aarav,Kim,Indian,37,None,,2025-02-04
C02604,Camille,Wilson,IN,57, Open Water,,2025-01-30
C02605,Aarav,Menon,India,37,None,Walk-in,31/01/2025
C02606,Chloe,Taylor, India ,18,OPEN WATER,Hotel Partner,2025-02-04
C02607,Vikram,Bakker,DE,32,NONE,Hotel Partner,2025-01-30
C02608,Vikram,Desai,India,40,None ,Walk-in,2025-02-08
C02609,Hannah,Wilson,DE,46,Open Water ,OTA,February 8 2025
C02610,Noa,Patel,INDIA,32,None,OTA,February 7 2025
C02611,Rohan,Muller,INDIA,46,none,,03/02/2025
C02612,James,Taylor,FR,121,none,Instagram,2025-02-02
C02613,Priya,Ivanov,India,33,None,Walk-in,February 2 2025
C02614,Ravi,Smith,Indian,,None ,OTA,04/02/2025
C02615,Rahul,Bakker,Dutch,,None,Website,2025-02-02
C02616,Lukas,Patel,Holland,,None ,Walk-in,2025-02-05
C02617,Rahul,Brown,South Korea,15,advanced,,01/02/2025
C02618,Itai,Brown,Germany,37,None,Hotel Partner,05/02/2025
C02619,Liam,Chowdhury,India,29,Rescue,Referral,03/02/2025
C02620,Camille,Banerjee,Dutch,32,NONE,OTA,2025-02-02
C02621,Tom,OConnor,IN,43,advanced,Website,2025-02-06
C02622,Pierre,Ivanov, India ,28,NONE,Walk-in,2025-02-08
C02623,Ravi,Muller,Indian,36,None,Walk-in,2025-02-10
C02624,Arjun,Petrova,Australian,40,Advanced,OTA,2025-02-03
C02625,Aditya,Taylor,Germany,24, None,Referral,2025-02-09
C02626,Aarav,Kulkarni,UK,45,NONE,Website,05/02/2025
C02627,Ishaan,Schmidt,Russia,42, Open Water,Hotel Partner,2025-02-02
C02628,Priya,Rossi,INDIA,47,NONE,Website,2025-02-03
C02629,Rahul,Schmidt,South Korea,,OPEN WATER,Walk-in,February 2 2025
C02630,Sophie,Schmidt,Indian,50,none,Referral,2025-02-09
C02631,Liam,Ivanov, India ,35,open water,Walk-in,2025-02-09
C02632,Itai,Tanaka,india,39,None,Referral,2025-02-05
C02633,Emma,Sharma,INDIA,61,Open  Water,Walk-in,February 4 2025
C02634,Rahul,Nair,russia,31,None,Instagram,2025-02-06
C02635,Ishaan,Kim,Indian,25,advanced,Website,2025-02-11
C02636,Arjun,Dubois,israel,32,ADVANCED,,02/02/2025
C02637,Meera,Nair,India,32,open water,Instagram,2025-02-04
C02638,Tom,Brown,IT,41,Open Water,Walk-in,2025-02-06
C02639,Vikram,Petrova,Indian,37,None,Hotel Partner,2025-02-11
C02640,Noa,Kulkarni,INDIA,46,Open  Water,Walk-in,2025-02-04
C02641,Divya,Patel,INDIA,37,advanced,Walk-in,09/02/2025
C02642,Lukas,Ivanov,Indian,38, None,OTA,2025-02-04
C02643,Olga,Bakker,germany,34, None,Website,10/02/2025
C02644,Pooja,Brown,UK,,Open  Water,Walk-in,06/02/2025
C02645,Itai,Wilson,Japan,20,Advanced,Instagram,2025-02-03
C02646,Noa,Kim,India,24,Open Water,Walk-in,2025-02-07
C02647,Neha,Rao,Russia,, None,Hotel Partner,2025-02-13
C02648,Tom,OConnor,india,,None,Walk-in,February 7 2025
C02649,Aarav,Reddy,germany,30,Advanced,Walk-in,2025-02-13
C02650,Divya,Sharma,England,59, Open Water,Website,09/02/2025
C02651,James,Rossi,netherlands,41,None ,OTA,February 13 2025
C02652,Divya,Taylor,IT,37,Open Water,,11/02/2025
C02653,Marco,Menon,Indian,32,ADVANCED,Website,04/02/2025
C02654,Rahul,Taylor,USA,51,None,Instagram,09/02/2025
C02655,Priya,Park,russia,38,open water,Instagram,February 7 2025
C02656,Anouk,Petrova,india,33,Advanced,Walk-in,2025-02-12
C02657,Vikram,Brown,France,30,none,Walk-in,13/02/2025
C02658,Pooja,Cohen, India ,40, None,,2025-02-06
C02659,Elena,Bakker,IN,38,Advanced,Walk-in,2025-02-12
C02660,Tom,Smith,germany,47,none,Hotel Partner,2025-02-08
C02661,Minjun,Tanaka,india,12,Advanced,Website,11/02/2025
C02662,Pooja,Iyer,KR,53,Open Water,OTA,09/02/2025
C02663,Minjun,Iyer, India ,20,None,Walk-in,February 7 2025
C02664,Sven,Muller,India,42,None,Website,2025-02-11
C02665,Hannah,Chowdhury, India ,37,None,Website,06/02/2025
C02666,Rahul,Gupta,IN,46,Open Water,Walk-in,2025-02-05
C02667,Sarah,Banerjee,germany,32, None,Instagram,2025-02-08
C02668,Divya,Petrova,IN,62,OPEN WATER,Walk-in,07/02/2025
C02669,Ravi,Kim,IL,36,None ,Walk-in,2025-02-16
C02670,Ravi,Patel,india,39,open water,Walk-in,10/02/2025
C02671,Meera,Nair,india,49,none,OTA,February 15 2025
C02672,Ravi,Sharma,us,12,None,Website,February 9 2025
C02673,Lukas,Rossi,Russia,39,NONE,Walk-in,13/02/2025
C02674,Divya,Muller,India,28,open water,Instagram,2025-02-11
C02675,Ravi,OConnor, India ,18,OPEN WATER,Hotel Partner,2025-02-09
C02676,Aarav,Bakker,Germany,45,OPEN WATER,Website,2025-02-07
C02677,Daniel,Cohen,United States,32, Advanced,OTA,06/02/2025
C02678,Camille,Chowdhury,IN,48,None,Instagram,2025-02-09
C02679,Divya,Nair,Italy,42,Open  Water,,2025-02-15
C02680,Elena,Reddy,INDIA,46,NONE,OTA,07/02/2025
C02681,Anouk,Bakker,INDIA,42, Advanced,Instagram,February 10 2025
C02682,Priya,Desai,England,30,None ,Instagram,13/02/2025
C02683,Minjun,Sharma,Indian,37,None,Hotel Partner,2025-02-06
C02684,Yuki,Muller,NL,34,None,Hotel Partner,2025-02-07
C02685,Itai,Kulkarni,India,12,None,Referral,13/02/2025
C02686,Ravi,Reddy, India ,43,None,Website,2025-02-11
C02687,Pierre,Rossi, India ,52,advanced,Hotel Partner,15/02/2025
C02688,Divya,Gupta,British,36,Advanced ,Walk-in,09/02/2025
C02689,Kavya,Patel,IN,33,open water,OTA,08/02/2025
C02690,Kavya,Banerjee,Dutch,32,Rescue,OTA,08/02/2025
C02691,Daniel,Gupta,India,,ADVANCED,Website,10/02/2025
C02692,Minjun,Levi,Indian,28,open water,Referral,February 12 2025
C02693,Sneha,Muller,Indian,,Open Water,,17/02/2025
C02694,Dmitri,Muller,germany,44,None,,February 10 2025
C02695,Sven,Petrova,italy,39,None,Walk-in,February 9 2025
C02696,Sophie,Dubois,RU,33,None,Walk-in,14/02/2025
C02697,Liam,Taylor, India ,34,rescue,Website,15/02/2025
C02698,Olga,Rossi,IN,,None,Instagram,18/02/2025
C02699,Lukas,Rossi,INDIA,25, Advanced,Instagram,16/02/2025
C02700,Divya,Wilson,India,36,Advanced,,11/02/2025
C02701,Olga,Petrova, India ,32,Open Water ,Walk-in,14/02/2025
C02702,Daniel,Wilson,KR,22,NONE,Referral,2025-02-13
C02703,Ishaan,Cohen,india,33,None,Walk-in,08/02/2025
C02704,Priya,Levi, India ,35,ADVANCED,Instagram,2025-02-15
C02705,Sophie,Jansen,india,,None ,Walk-in,February 16 2025
C02706,Olga,Rossi,U.K.,30,none,Website,2025-02-10
C02707,Ananya,Kulkarni,india,43,Rescue,Referral,2025-02-13
C02708,Neha,Rossi,IT,22,None,,2025-02-12
C02709,Pooja,Iyer,INDIA,27,none,OTA,14/02/2025
C02710,Kavya,Park,Indian,51,none,Website,11/02/2025
C02711,Siddharth,Nair,French,33,Open Water,Instagram,2025-02-18
C02712,Ishaan,Iyer,UK,40,none,Website,2025-02-12
C02713,Dmitri,Wilson,india,48,Open Water,OTA,February 9 2025
C02714,Meera,OConnor,IN,18,Open Water,,09/02/2025
C02715,Itai,Dubois,france,,open water,Website,2025-02-19
C02716,Aarav,Desai,India,48, Open Water,,2025-02-16
C02717,Aditya,OConnor,india,31,None,Walk-in,February 19 2025
C02718,Elena,OConnor,France,26,Advanced,Website,February 12 2025
C02719,Liam,Desai,USA,42,None,Referral,10/02/2025
C02720,Aditya,Menon,INDIA,36,None,Walk-in,2025-02-11
C02721,Yuki,Park,IN,43,none,Walk-in,2025-02-17
C02722,Liam,Rao,United Kingdom,48,None,Instagram,2025-02-16
C02723,Aarav,Petrova, India ,33,Open Water,Instagram,2025-02-18
C02724,Neha,Chowdhury,Australia,49,Open Water,Website,February 16 2025
C02725,Liam,Kulkarni,Indian,27,None ,Walk-in,2025-02-17
C02726,Hannah,Tanaka,India,46,none,Walk-in,2025-02-15
C02727,Yuki,Sharma, India ,,None,Walk-in,2025-02-16
C02728,Neha,Levi,INDIA,42, None,Hotel Partner,2025-02-14
C02729,Divya,Banerjee,NL,28,None,Referral,February 20 2025
C02730,Meera,Petrova,Indian,34,None,Hotel Partner,February 18 2025
C02731,Siddharth,Tanaka,Germany,39,None,Walk-in,2025-02-20
C02732,Elena,Ivanov,india,45,Open Water,Referral,2025-02-10
C02733,Camille,Gupta,india,,None,,2025-02-17
C02734,Divya,Kulkarni,india,25,Rescue,Instagram,2025-02-13
C02735,Tom,Kulkarni,India,16,Open  Water,Hotel Partner,2025-02-16
C02736,Emma,Taylor,Indian,34,NONE,Walk-in,17/02/2025
C02737,Sarah,Brown,India,47,None ,OTA,16/02/2025
C02738,Divya,Reddy,UK,24,NONE,OTA,16/02/2025
C02739,Noa,Brown,Russia,18,None ,Instagram,2025-02-12
C02740,James,Cohen,India,23,NONE,Referral,February 13 2025
C02741,Aditya,Kim,Indian,25,None,Instagram,15/02/2025
C02742,Ravi,Ivanov,Australian,23,NONE,Instagram,2025-02-14
C02743,Arjun,Levi,IN,44,None,OTA,February 12 2025
C02744,Aarav,Bakker,IN,40,None,OTA,2025-02-13
C02745,Camille,Kim,Israel,33,None,Referral,17/02/2025
C02746,Lukas,Levi, India ,31,Advanced,Website,2025-02-15
C02747,Ishaan,Gupta,NL,32,ADVANCED,Walk-in,February 21 2025
C02748,Neha,Banerjee,DE,22,none,Hotel Partner,15/02/2025
C02749,Karan,Iyer,us,23,Open Water,Website,18/02/2025
C02750,Priya,Kim, India ,40,open water,Walk-in,14/02/2025
C02751,Neha,Levi,DE,40, None,,15/02/2025
C02752,Camille,Jansen, India ,28,advanced,,2025-02-22
C02753,Ishaan,Patel,U.S.A.,31,open water,Walk-in,2025-02-21
C02754,Ravi,Gupta,india,40,Divemaster ,OTA,2025-02-16
C02755,Camille,Smith,india,13,Advanced,Referral,2025-02-23
C02756,Liam,Dubois,U.S.A.,26,OPEN WATER,Hotel Partner,2025-02-13
C02757,Kavya,Dubois,india,35,None,Referral,2025-02-17
C02758,Marco,Tanaka,Germany,43,none,Referral,2025-02-22
C02759,Chloe,Dubois, India ,37,none,Walk-in,February 15 2025
C02760,Noa,Reddy, India ,34,none,Walk-in,14/02/2025
C02761,Rohan,Iyer,NL,39, Open Water,Walk-in,2025-02-14
C02762,Sven,Kulkarni,INDIA,26,None,Website,2025-02-17
C02763,Ishaan,Dubois,germany,30,NONE,,2025-02-16
C02764,Ananya,Chowdhury,IN,12,Open Water,,2025-02-19
C02765,Priya,Patel,INDIA,35,None,,February 22 2025
C02766,Marco,Brown,russia,41,None,Referral,2025-02-23
C02767,Olga,Cohen,india,23, None,Hotel Partner,23/02/2025
C02768,Meera,Bakker,IN,13,None,,2025-02-14
C02769,Itai,Desai,IL,22,NONE,Instagram,2025-02-22
C02770,Hannah,Muller,us,49,None,Website,2025-02-15
C02771,Sarah,Smith,Italy,22,none,OTA,February 21 2025
C02772,Priya,Smith,INDIA,28,None ,Walk-in,2025-02-17
C02773,Aarav,Jansen,United Kingdom,44,None,Hotel Partner,2025-02-15
C02774,Aarav,Smith,IN,34,OPEN WATER,Instagram,February 25 2025
C02775,Priya,Bakker,INDIA,38,Advanced,OTA,2025-02-23
C02776,Sarah,Desai,india,,open water,Walk-in,19/02/2025
C02777,Hannah,Reddy,DE,36,None,Hotel Partner,2025-02-16
C02778,Ishaan,OConnor,South Korea,26,Open Water,Instagram,2025-02-21
C02779,Chloe,Gupta,Australian,61,NONE,Hotel Partner,2025-02-17
C02780,Pierre,Dubois,korea,44,None ,Walk-in,18/02/2025
C02781,Rohan,Smith,IN,15,advanced,Referral,2025-02-22
C02782,Neha,Kim,Germany,49,Rescue,,2025-02-19
C02783,Dmitri,Sharma,Russian,20,Open  Water,Referral,2025-02-24
C02784,Liam,Rossi,AU,31,None ,Referral,25/02/2025
C02785,Rohan,Park,india,34,None,Website,20/02/2025
C02786,Rohan,Brown,FR,46,none,,2025-02-17
C02787,Elena,Bakker,United States,45,advanced,Website,February 17 2025
C02788,Noa,Gupta,Indian,25,ADVANCED,OTA,2025-02-23
C02789,Chloe,Rossi,france,,Open Water ,Referral,2025-02-18
C02790,Rahul,Petrova,Netherlands,37,Open Water,Website,2025-02-17
C02791,Olga,Dubois,German,37,Rescue,,17/02/2025
C02792,Minjun,Kulkarni, India ,31,rescue,OTA,2025-02-25
C02793,Minjun,Sharma,Indian,34, None,Website,2025-02-20
C02794,Kavya,Kim,IN,36,Open Water,Hotel Partner,2025-02-21
C02795,Dmitri,Muller,India,,Advanced,OTA,2025-02-22
C02796,Siddharth,Kim,U.K.,42,NONE,Referral,2025-02-23
C02797,Siddharth,Tanaka,us,26,none,OTA,20/02/2025
C02798,Tom,Rao, India ,44,Open Water,Walk-in,February 18 2025
C02799,Itai,Kim,INDIA,40,ADVANCED,Walk-in,2025-02-23
C02800,Kavya,Levi,Indian,35,None,Website,2025-02-22
C02801,Aarav,Patel,UK,44,None,Hotel Partner,19/02/2025
C02802,Siddharth,Gupta,india,40,rescue,Walk-in,2025-02-21
C02803,Sophie,Menon,India,31,open water,Walk-in,2025-02-26
C02804,Karan,Ivanov,Australia,26,None,Hotel Partner,20/02/2025
C02805,Emma,Levi,INDIA,31,open water,OTA,2025-02-25
C02806,Olga,Bakker,INDIA,33,Advanced,Hotel Partner,20/02/2025
C02807,Ishaan,Patel,U.S.A.,25,NONE,Walk-in,2025-02-25
C02808,Ishaan,Dubois,israel,41,OPEN WATER,Walk-in,2025-02-20
C02809,Sarah,Dubois,IN,27,advanced,OTA,2025-02-24
C02810,Emma,Jansen,russia,46,Open Water,Website,27/02/2025
C02811,Lukas,Levi,india,19,NONE,Referral,2025-02-23
C02812,Rahul,Menon,RU,21,none,OTA,2025-02-28
C02813,Ravi,Kim,India,23,Advanced,Walk-in,20/02/2025
C02814,Liam,Muller,AU,24,Rescue,Walk-in,2025-02-24
C02815,Camille,Rao,Australia,29,None,Walk-in,20/02/2025
C02816,Hannah,Patel,israel,37,None,Referral,2025-02-28
C02817,Emma,Bakker,AU,51,None,Walk-in,2025-02-20
C02818,James,Banerjee,INDIA,39,Open Water,Walk-in,25/02/2025
C02819,Ananya,Nair,French,20,NONE,Instagram,27/02/2025
C02820,Sophie,Patel,germany,14,None ,Walk-in,2025-02-22
C02821,Pooja,Muller,India,35,None,Referral,2025-02-23
C02822,Siddharth,Desai,England,15,None,OTA,2025-03-02
C02823,Arjun,Tanaka, India ,41,None,Walk-in,2025-03-02
C02824,Priya,Jansen,INDIA,30,None ,Instagram,2025-02-25
C02825,Tom,Petrova, India ,34,None,Website,01/03/2025
C02826,Noa,Park, India ,20, Open Water,Hotel Partner,24/02/2025
C02827,Divya,Rao,Indian,34,None,Website,2025-02-24
C02828,Liam,Tanaka,French,18,Advanced,OTA,March 2 2025
C02829,Liam,Menon,Indian,42,Open  Water,Referral,2025-02-23
C02830,Aditya,Reddy,INDIA,20,Open Water,Walk-in,28/02/2025
C02831,Ananya,Kulkarni,UK,23,None,Walk-in,2025-02-22
C02832,Noa,Banerjee,INDIA,33,None,Hotel Partner,2025-02-24
C02833,Camille,Jansen,U.K.,38,Open Water,OTA,2025-02-25
C02834,Lukas,Muller,IN,40,None,Website,2025-03-02
C02835,Daniel,Park,INDIA,42,None,Walk-in,2025-02-25
C02836,Lukas,Desai, India ,25,Advanced,OTA,March 1 2025
C02837,Arjun,Brown,Japanese,33,None,OTA,28/02/2025
C02838,Itai,Wilson,Russian,30,None ,Website,2025-02-24
C02839,Vikram,Taylor,French,16,None,Walk-in,28/02/2025
C02840,Hannah,Chowdhury,Russian,26,None,OTA,2025-02-28
C02841,Ravi,Kim,IN,29,open water,Hotel Partner,2025-02-28
C02842,Kavya,Ivanov,Germany,38,Advanced,Walk-in,2025-02-25
C02843,Olga,Schmidt,Indian,22,None,Website,2025-03-02
C02844,Camille,Muller, India ,35,None,Walk-in,05/03/2025
C02845,Lukas,Iyer,United Kingdom,47,none,Website,2025-02-28
C02846,Tom,Rossi,Indian,23,None,Referral,March 5 2025
C02847,Pierre,Wilson,NL,30,Advanced,,01/03/2025
C02848,Lukas,Ivanov,korea,40,Advanced,Website,2025-03-03
C02849,Emma,Park,India,44,None,Instagram,2025-02-25
C02850,Aditya,Cohen,Russian,,Rescue,Website,23/02/2025
C02851,Kavya,Jansen,india,38,Rescue,OTA,03/03/2025
C02852,Daniel,Iyer,india,37,Open  Water,Website,01/03/2025
C02853,James,Sharma,india,,ADVANCED,OTA,27/02/2025
C02854,Rohan,Banerjee,German,52,None,,2025-03-05
C02855,Ishaan,Levi,INDIA,39,none,Instagram,2025-03-03
C02856,Karan,Nair,French,40, Advanced,Instagram,04/03/2025
C02857,Dmitri,Schmidt,India,49,NONE,Website,February 28 2025
C02858,Karan,Taylor,India,28,None,Website,03/03/2025
C02859,Aarav,Gupta,india,35,Open Water,Walk-in,2025-02-27
C02860,Emma,Tanaka,IN,45,open water,Referral,2025-03-02
C02861,Aarav,Brown,INDIA,26,Open  Water,Instagram,01/03/2025
C02862,Karan,Banerjee,Indian,30,NONE,,2025-03-02
C02863,Meera,Kulkarni, India ,37,Open Water ,,2025-02-27
C02864,Elena,Smith,American,26,None,Hotel Partner,2025-03-04
C02865,Kavya,Tanaka,Indian,40,None ,Website,01/03/2025
C02866,Yuki,Rossi,Indian,40,Advanced,Website,03/03/2025
C02867,Rahul,Gupta,Netherlands,28,none,Walk-in,2025-03-04
C02868,Siddharth,Rao,India,27,Rescue,Walk-in,04/03/2025
C02869,Itai,Cohen,INDIA,54,Advanced,Instagram,2025-02-26
C02870,Ananya,Levi,IN,47,None,Referral,04/03/2025
C02871,Camille,Dubois,Indian,38,Advanced,OTA,March 1 2025
C02872,Camille,Desai,IN,41,NONE,Referral,2025-03-08
C02873,Hannah,Wilson,Israeli,28, None,Walk-in,04/03/2025
C02874,Ishaan,Cohen,india,30, None,Website,2025-03-07
C02875,Itai,Petrova,Indian,42,Advanced,Website,28/02/2025
C02876,Pierre,Tanaka,German,33,None,,2025-03-07
C02877,Marco,Petrova,india,18,none,Instagram,March 2 2025
C02878,Kavya,Iyer,India,38,OPEN WATER,Referral,2025-03-06
C02879,Sven,Muller, India ,33,open water,Walk-in,05/03/2025
C02880,Olga,Dubois,IN,25,Open Water ,,March 7 2025
C02881,Siddharth,Cohen,India,27,OPEN WATER,Website,08/03/2025
C02882,Arjun,Wilson,India,44,Advanced ,Walk-in,28/02/2025
C02883,Chloe,Dubois,INDIA,39,None,Website,March 7 2025
C02884,Itai,OConnor,IN,37,Open Water,Walk-in,2025-02-27
C02885,Liam,Kulkarni,australia,23,none,Referral,28/02/2025
C02886,Emma,Schmidt,Australia,37, None,Hotel Partner,07/03/2025
C02887,Dmitri,Petrova,INDIA,35,None,Website,2025-03-08
C02888,Sven,Reddy,Russian,28,Open Water,Walk-in,2025-03-06
C02889,Hannah,Reddy,IN,40, Open Water,Website,2025-03-07
C02890,Pierre,Sharma,United Kingdom,31,None,Hotel Partner,2025-03-06
C02891,James,Levi,india,25,none,Instagram,2025-03-04
C02892,Arjun,Sharma,korea,34,None,Hotel Partner,2025-03-04
C02893,Siddharth,Dubois,DE,33,None,Walk-in,March 7 2025
C02894,Ananya,Sharma,India,,Open Water,Website,2025-03-04
C02895,Meera,Iyer,india,47,None,Hotel Partner,March 5 2025
C02896,Kavya,Ivanov,india,44,None ,,2025-03-07
C02897,Elena,Rao,Indian,36,advanced,Referral,02/03/2025
C02898,Aditya,Cohen,IN,55,Open  Water,Instagram,06/03/2025
C02899,James,Smith,Israel,40,none,Referral,02/03/2025
C02900,Anouk,Kim,uk,33, None,,2025-03-06
C02901,Divya,Bakker,india,36,NONE,,2025-03-02
C02902,Ananya,Ivanov,germany,44,None,Hotel Partner,March 5 2025
C02903,Ravi,Levi,AU,26,Open Water ,Referral,2025-03-02
C02904,Noa,Cohen,Holland,30,None,OTA,March 11 2025
C02905,Sarah,Levi,United Kingdom,34,Open Water,Walk-in,05/03/2025
C02906,Camille,Petrova,Indian,35,none,Instagram,09/03/2025
C02907,Ananya,Iyer,DE,33,advanced,Walk-in,2025-03-08
C02908,Marco,Kim,Indian,42,Open Water,,2025-03-07
C02909,Sophie,Rossi,UK,38, None,Website,06/03/2025
C02910,Sneha,Schmidt,india,36,None,Hotel Partner,2025-03-08
C02911,Neha,Ivanov,IN,26, Open Water,Instagram,2025-03-05
C02912,Yuki,Ivanov,germany,32,advanced,OTA,2025-03-09
C02913,Priya,Desai,IN,32,OPEN WATER,OTA,11/03/2025
C02914,Lukas,Levi,IT,12,Open Water,Hotel Partner,March 6 2025
C02915,Siddharth,Kulkarni,Indian,38,None,,2025-03-09
C02916,Itai,Park,Dutch,36,None,Hotel Partner,2025-03-12
C02917,Siddharth,Taylor,FR,18,None,Referral,2025-03-14
C02918,Arjun,Rossi,korea,38,Open Water,Referral,14/03/2025
C02919,Elena,Muller,India,30,Open Water,Website,07/03/2025
C02920,Liam,Banerjee,German,19,Open  Water,Walk-in,2025-03-14
C02921,Neha,Bakker,Indian,18,Open Water,Referral,2025-03-06
C02922,Divya,Ivanov, India ,48, None,OTA,2025-03-11
C02923,Yuki,Smith, India ,34,None,Referral,2025-03-08
C02924,Sven,Iyer,Dutch,36,None,Website,March 12 2025
C02925,Tom,Dubois, India ,22,Advanced,Instagram,12/03/2025
C02926,Meera,Tanaka,uk,21,None,Hotel Partner,2025-03-13
C02927,Pierre,Cohen,Netherlands,32,Open Water,Referral,2025-03-05
C02928,Anouk,Gupta,india,36,NONE,Website,05/03/2025
C02929,Ishaan,Menon,Dutch,38,Open Water,Walk-in,05/03/2025
C02930,Aarav,Dubois,IN,32, None,Hotel Partner,13/03/2025
C02931,Sneha,Iyer,Indian,40, None,Referral,2025-03-11
C02932,Kavya,Muller,India,27, None,Walk-in,2025-03-11
C02933,Karan,Brown,germany,37,none,Walk-in,2025-03-09
C02934,Liam,Bakker,Russia,39,None,Walk-in,2025-03-12
C02935,James,Cohen,france,,open water,,12/03/2025
C02936,Chloe,Dubois,India,29,NONE,OTA,10/03/2025
C02937,Siddharth,Banerjee,IN,,ADVANCED,,12/03/2025
C02938,Divya,Dubois,india,,Open Water,OTA,2025-03-06
C02939,Divya,Wilson,NL,48,OPEN WATER,Website,14/03/2025
C02940,Aditya,Kim,FR,,Rescue,Walk-in,11/03/2025
C02941,Rohan,Sharma,United Kingdom,31, Open Water,Website,2025-03-11
C02942,Pooja,Dubois,India,21,None,Walk-in,15/03/2025
C02943,Aarav,Dubois, India ,41, Open Water,Website,2025-03-15
C02944,Sarah,Rossi,RU,21,Advanced ,Referral,2025-03-17
C02945,Daniel,Kim,India,39,Open Water ,Hotel Partner,March 9 2025
C02946,Neha,Patel,Australia,39,advanced,Website,11/03/2025
C02947,Neha,Muller,INDIA,29,OPEN WATER,OTA,2025-03-10
C02948,Meera,Park,UK,18,Open Water ,Referral,2025-03-08
C02949,Pierre,Brown,AU,19,Open Water,,2025-03-11
C02950,James,Rossi,DE,,advanced,Instagram,2025-03-11
C02951,Ishaan,Muller,Germany,12,Advanced,Website,10/03/2025
C02952,Sophie,Reddy,India,38, None,Hotel Partner,2025-03-13
C02953,Meera,Smith,German,25,Open Water,Walk-in,2025-03-10
C02954,Karan,Chowdhury,UK,49,None ,Hotel Partner,2025-03-16
C02955,Noa,Cohen,Italy,30,Open Water ,,10/03/2025
C02956,Tom,Wilson,india,33,Open Water,Instagram,2025-03-15
C02957,Kavya,Kulkarni,us,43,Advanced ,Hotel Partner,2025-03-16
C02958,Liam,OConnor,IN,,NONE,OTA,2025-03-13
C02959,Sneha,Kim,korea,21,Open Water ,Website,March 10 2025
C02960,Aditya,Nair,germany,45,Advanced,Hotel Partner,2025-03-16
C02961,Pierre,Tanaka,UK,45,open water,OTA,2025-03-13
C02962,Yuki,Park,Holland,12,Open Water,Instagram,March 18 2025
C02963,Noa,Tanaka,Italy,43,Rescue,OTA,17/03/2025
C02964,Divya,Tanaka,IL,37, Divemaster,Walk-in,2025-03-18
C02965,Emma,Nair,UK,15,None ,Hotel Partner,2025-03-16
C02966,Emma,Muller,Indian,25,Advanced ,Website,2025-03-19
C02967,Lukas,Kulkarni,Indian,22,NONE,Website,2025-03-13
C02968,Camille,Patel,India,22,Open Water,Website,2025-03-10
C02969,Kavya,Muller,netherlands,45,Advanced,Walk-in,2025-03-15
C02970,Camille,Gupta,French,43,OPEN WATER,OTA,2025-03-11
C02971,Sven,Nair, India ,,none,Walk-in,2025-03-13
C02972,Ananya,Iyer,Italy,29, Open Water,,16/03/2025
C02973,James,Rossi,Indian,32,Open Water,Website,March 12 2025
C02974,Neha,Reddy,AU,14,Open Water,OTA,19/03/2025
C02975,Neha,OConnor,Indian,39,None,Hotel Partner,20/03/2025
C02976,Vikram,Kulkarni,Australian,, Advanced,Walk-in,2025-03-14
C02977,Lukas,Gupta,India,28,Advanced,Referral,2025-03-17
C02978,Yuki,Desai,Russia,24,advanced,Referral,19/03/2025
C02979,Minjun,Kulkarni,Germany,24,None,Instagram,2025-03-15
C02980,Ananya,Chowdhury,IN,38, Open Water,Walk-in,2025-03-17
C02981,Sven,Muller,india,26,None,Referral,14/03/2025
C02982,Daniel,Patel,United Kingdom,19,None,Hotel Partner,2025-03-14
C02983,Lukas,Muller,United Kingdom,28,None,Instagram,19/03/2025
C02984,Ravi,Wilson,Germany,32,None,Walk-in,2025-03-15
C02985,Ishaan,Rossi,India,24,Open Water,Instagram,2025-03-14
C02986,Ananya,Smith,india,34,None,Walk-in,12/03/2025
C02987,Tom,Banerjee,DE,34,Open Water ,Walk-in,15/03/2025
C02988,Rahul,Ivanov,Japanese,52,None,Website,March 20 2025
C02989,Itai,Kulkarni,INDIA,30,Rescue ,Referral,2025-03-20
C02990,Tom,Chowdhury,Italy,28,open water,OTA,2025-03-17
C02991,Rohan,Park,German,56,open water,,2025-03-14
C02992,Olga,Rossi,IT,26,none,Referral,12/03/2025
C02993,Ananya,Schmidt,Indian,32,None,,2025-03-18
C02994,Hannah,Desai,Israeli,49,none,Referral,March 12 2025
C02995,Sophie,Reddy,uk,42,Rescue,OTA,14/03/2025
C02996,Arjun,Dubois,India,37,Advanced,Website,13/03/2025
C02997,Noa,Kim,Italian,48,none,OTA,2025-03-13
C02998,Rahul,Ivanov,INDIA,34,None,Walk-in,2025-03-20
C02999,Pooja,Taylor,India,39,Open  Water,,2025-03-18
C03000,Chloe,Kulkarni,India,25,Open Water,Website,17/03/2025
C03001,Tom,Dubois,U.S.A.,40,None,,19/03/2025
C03002,Itai,Ivanov,INDIA,24, Advanced,Walk-in,2025-03-20
C03003,Sven,Chowdhury,INDIA,33,advanced,Walk-in,March 22 2025
C03004,Rahul,Patel,Holland,53,NONE,Referral,March 19 2025
C03005,Yuki,Menon,Indian,17,None,OTA,2025-03-16
C03006,Ravi,Schmidt, India ,31,none,Referral,2025-03-16
C03007,Itai,Park,German,29,None,Instagram,2025-03-16
C03008,Sneha,Park, India ,25,None,Referral,2025-03-14
C03009,Noa,Iyer,England,121,Rescue,OTA,March 22 2025
C03010,Sarah,Sharma,Israel,22,DIVEMASTER,Instagram,20/03/2025
C03011,Aditya,Park,IL,28,Advanced,OTA,17/03/2025
C03012,Marco,Menon, India ,22,none,Walk-in,2025-03-24
C03013,Marco,Patel,United Kingdom,43,Open Water,Website,2025-03-16
C03014,Neha,Dubois,Italy,54,None,Website,2025-03-16
C03015,Emma,Petrova,India,28,NONE,Hotel Partner,2025-03-23
C03016,Sven,Schmidt,France,,Divemaster,OTA,March 17 2025
C03017,Marco,Muller,Russia,31,None ,Walk-in,2025-03-18
C03018,James,Tanaka,IN,25,Open Water,OTA,14/03/2025
C03019,Sneha,Brown, India ,37,Open Water,Instagram,2025-03-18
C03020,Elena,Wilson,India,32,Open Water,Instagram,2025-03-22
C03021,Priya,Sharma, India ,36,None,Website,15/03/2025
C03022,Sarah,OConnor,Indian,36,Open Water,Walk-in,March 15 2025
C03023,Chloe,Schmidt,russia,23,None,OTA,March 17 2025
C03024,Elena,Jansen,INDIA,22,None,Walk-in,March 17 2025
C03025,Ananya,Nair,japan,31,open water,Referral,2025-03-19
C03026,Camille,Schmidt,AU,52,Open  Water,Hotel Partner,2025-03-20
C03027,Chloe,Banerjee,Holland,37,None,OTA,2025-03-16
C03028,Tom,Levi,india,49,Open Water,OTA,2025-03-16
C03029,Pierre,Reddy,U.K.,52,Advanced,OTA,2025-03-22
C03030,Pierre,Menon,Indian,39,None,Referral,23/03/2025
C03031,Pooja,Banerjee,Holland,34,Advanced ,OTA,23/03/2025
C03032,Sven,Rao,IL,43,Open  Water,Hotel Partner,2025-03-24
C03033,Ishaan,Chowdhury,Indian,19,Open Water ,OTA,2025-03-21
C03034,Anouk,Kim,USA,38,none,Referral,March 25 2025
C03035,Divya,Taylor,Russia,39,NONE,Walk-in,2025-03-22
C03036,Kavya,Iyer,Japanese,44,open water,Walk-in,March 23 2025
C03037,Ravi,Wilson,india,45,Open Water,OTA,2025-03-26
C03038,Sarah,Bakker,INDIA,45,None,Website,2025-03-26
C03039,Pooja,Jansen,India,36,none,Website,2025-03-26
C03040,Pierre,Iyer,IN,34,none,Instagram,March 26 2025
C03041,Priya,Brown,italy,35, Advanced,Referral,18/03/2025
C03042,Ishaan,Sharma,india,12,None,Referral,2025-03-18
C03043,Meera,Petrova,Italy,30,open water,Instagram,2025-03-22
C03044,Lukas,Desai,France,39, None,Instagram,18/03/2025
C03045,Hannah,Levi,INDIA,28,Advanced,OTA,2025-03-19
C03046,Ananya,Chowdhury,France,25,Open Water,OTA,2025-03-22
C03047,Rahul,Cohen,india,20,NONE,Referral,2025-03-27
C03048,Siddharth,Patel,india,22,OPEN WATER,Website,2025-03-19
C03049,Meera,Brown, India ,50,Advanced,OTA,2025-03-21
C03050,Divya,Rao, India ,19, None,OTA,2025-03-27
C03051,Hannah,Cohen,USA,32,Open Water,Walk-in,March 19 2025
C03052,Divya,Jansen,AU,41,none,OTA,2025-03-19
C03053,Rohan,Levi,South Korea,32,advanced,,18/03/2025
C03054,Yuki,Rossi,India,13,OPEN WATER,Website,26/03/2025
C03055,Sophie,Rao,india,46,None,Hotel Partner,26/03/2025
C03056,Liam,Dubois,INDIA,36,Open  Water,OTA,2025-03-22
C03057,Siddharth,OConnor,IN,31,None,OTA,March 25 2025
C03058,Dmitri,Cohen,Indian,34,none,Referral,2025-03-19
C03059,Vikram,Levi,India,27,NONE,OTA,2025-03-27
C03060,Rohan,Patel,Italian,45,Open Water,Instagram,2025-03-24
C03061,Sophie,Rossi,Indian,24,none,Website,27/03/2025
C03062,Meera,OConnor,Indian,32,Open Water,Walk-in,March 19 2025
C03063,Karan,Smith,German,40,None,Instagram,18/03/2025
C03064,Sarah,Bakker,Holland,31,Open Water ,OTA,2025-03-21
C03065,Liam,Smith,india,24, None,OTA,March 26 2025
C03066,Sarah,Tanaka,RU,39,None,Instagram,2025-03-23
C03067,Sneha,Rao,Indian,44,open water,Hotel Partner,2025-03-29
C03068,Rahul,Chowdhury, India ,,NONE,Walk-in,2025-03-28
C03069,Yuki,Rao,Russian,,advanced,Referral,24/03/2025
C03070,Pierre,Park,India,27,None,Hotel Partner,2025-03-27
C03071,Ishaan,Dubois,Germany,25,None ,,2025-03-22
C03072,Pierre,Bakker,U.K.,,none,Walk-in,2025-03-19
C03073,Daniel,Nair,germany,18,Open Water,Instagram,2025-03-26
C03074,Rahul,Kim, India ,42,none,Walk-in,26/03/2025
C03075,Arjun,Wilson,france,27,NONE,OTA,March 23 2025
C03076,Emma,Banerjee,Dutch,39, None,Referral,2025-03-28
C03077,Lukas,Nair,IN,,Advanced ,Website,2025-03-27
C03078,Daniel,Chowdhury,United Kingdom,33,OPEN WATER,OTA,2025-03-30
C03079,Rahul,Dubois,India,25,Divemaster,,March 26 2025
C03080,Kavya,Banerjee,INDIA,27,Advanced,Hotel Partner,2025-03-20
C03081,Kavya,Jansen, India ,40,NONE,,2025-03-28
C03082,Chloe,OConnor,India,47,none,Walk-in,2025-03-24
C03083,Sven,Kim,German,30,Open Water,Website,28/03/2025
C03084,Daniel,Petrova,Indian,28,none,Referral,22/03/2025
C03085,Olga,Schmidt,IN,17,open water,Walk-in,23/03/2025
C03086,Vikram,Smith,Russian,27,Rescue ,Walk-in,2025-03-25
C03087,Liam,Wilson,India,47,Open Water,Walk-in,2025-03-26
C03088,Arjun,Jansen,uk,53,None,,March 22 2025
C03089,Camille,Jansen,INDIA,36,NONE,Website,2025-03-29
C03090,Liam,Levi,AU,35,advanced,OTA,2025-03-20
C03091,Marco,Patel,Russian,30,none,Referral,2025-03-22
C03092,Hannah,OConnor,india,20,NONE,Website,22/03/2025
C03093,Tom,Dubois,British,31,Advanced,Referral,23/03/2025
C03094,Sneha,Smith,india,45,open water,OTA,2025-03-22
C03095,Minjun,Bakker,USA,28,Advanced,Website,2025-03-22
C03096,Rohan,Muller, India ,27,ADVANCED,Walk-in,30/03/2025
C03097,Aditya,Kulkarni,IN,25,OPEN WATER,Website,2025-03-23
C03098,Dmitri,Reddy,United Kingdom,25, Divemaster,OTA,2025-03-30
C03099,Ananya,Park,South Korea,39,Open Water ,Walk-in,March 30 2025
C03100,Liam,Dubois,India,39,NONE,Walk-in,25/03/2025
C03101,James,Schmidt,france,36,Open Water,Referral,2025-03-27
C03102,Neha,Rossi, India ,47, Open Water,OTA,2025-03-25
C03103,Pierre,Jansen,American,30,None,Website,2025-03-28
C03104,Elena,Rossi,England,31,Open Water,Walk-in,2025-03-22
C03105,Siddharth,Kim,india,36,None ,Website,2025-03-31
C03106,Neha,Desai,IN,25,None ,Hotel Partner,2025-03-25
C03107,Ananya,Iyer, India ,38,OPEN WATER,Website,March 24 2025
C03108,Anouk,Wilson,India,,None,Referral,2025-03-25
C03109,Dmitri,Park,INDIA,53,Open  Water,OTA,2025-03-28
C03110,Hannah,Iyer,IN,32,None,Instagram,2025-03-30
C03111,Aarav,Levi,Italian,40, Open Water,Referral,2025-03-29
C03112,Ananya,Chowdhury,India,29, Open Water,Walk-in,2025-04-01
C03113,Chloe,Desai,DE,37,OPEN WATER,OTA,23/03/2025
C03114,Minjun,Bakker,India,25,none,OTA,31/03/2025
C03115,Pierre,Rao,IN,45,NONE,OTA,April 1 2025
C03116,Hannah,Desai,NL,37, None,Walk-in,2025-04-01
C03117,Marco,Brown,South Korea,28,None,Instagram,26/03/2025
C03118,Arjun,Menon,U.K.,13,None ,OTA,2025-03-26
C03119,Olga,Jansen,india,34,None,Website,2025-03-23
C03120,Chloe,Chowdhury,INDIA,35,none,Walk-in,2025-04-02
C03121,Yuki,Levi,Russian,34,None ,Hotel Partner,25/03/2025
C03122,Liam,Gupta,IN,,None,OTA,2025-03-29
C03123,Ravi,Tanaka,india,38,none,Hotel Partner,01/04/2025
C03124,Liam,Wilson,Indian,27,none,Website,2025-04-01
C03125,Lukas,Kim,France,29, None,Walk-in,2025-03-31
C03126,Dmitri,Petrova,India,27,none,Website,02/04/2025
C03127,Neha,Schmidt,INDIA,,Open Water,Walk-in,2025-03-27
C03128,Marco,Sharma,india,25,None ,Walk-in,29/03/2025
C03129,Neha,Patel,Indian,5,None,Walk-in,2025-03-28
C03130,Elena,Desai,USA,38,Advanced ,Website,2025-04-01
C03131,Rahul,Rossi,INDIA,23,NONE,Referral,2025-03-28
C03132,Anouk,Rossi,INDIA,32,None,OTA,2025-04-03
C03133,Hannah,Smith,germany,49,open water,Referral,2025-03-30
C03134,Tom,Taylor,netherlands,21,none,Website,March 29 2025
C03135,Anouk,Muller,india,, Advanced,Instagram,2025-03-28
C03136,Marco,Petrova,UK,25,Rescue,OTA,March 30 2025
C03137,Chloe,Levi,U.K.,25,OPEN WATER,Referral,25/03/2025
C03138,Marco,Rossi,U.K.,39,Advanced,OTA,2025-04-03
C03139,Noa,Muller,IT,20,None,Instagram,2025-04-05
C03140,Karan,Sharma,Japanese,19,Advanced,OTA,2025-04-05
C03141,Chloe,Banerjee,Italy,43,None,OTA,2025-04-01
C03142,Rahul,Wilson,AU,48,Open Water ,OTA,26/03/2025
C03143,Emma,Kim,India,30,Advanced,Walk-in,31/03/2025
C03144,Arjun,Levi,Israel,24,NONE,OTA,2025-04-02
C03145,Siddharth,Desai, India ,16,Open Water,Instagram,03/04/2025
C03146,Arjun,Kim,U.K.,49,None,,2025-03-31
C03147,Hannah,Patel,india,37,Open Water,Website,2025-03-30
C03148,Emma,Gupta,India,29,Advanced,Website,2025-03-29
C03149,Tom,Chowdhury,INDIA,36,Open Water,Instagram,March 28 2025
C03150,James,Iyer,INDIA,36,None,Walk-in,2025-04-05
C03151,Rohan,Taylor,DE,15,NONE,Walk-in,2025-04-05
C03152,Arjun,Taylor,India,40,Advanced,Walk-in,2025-04-02
C03153,Ravi,OConnor,INDIA,36,None ,OTA,March 27 2025
C03154,Camille,Patel,FR,28,open water,Hotel Partner,2025-04-03
C03155,Ravi,Desai,Germany,30,Open  Water,Instagram,2025-04-04
C03156,Ananya,Wilson,australia,40,NONE,OTA,April 6 2025
C03157,Ishaan,Muller,INDIA,45,None,OTA,2025-04-07
C03158,Vikram,Jansen,INDIA,42,Advanced ,Walk-in,2025-03-28
C03159,Olga,Menon, India ,35,Open Water,OTA,2025-03-30
C03160,Sven,Park,india,34, Open Water,Hotel Partner,28/03/2025
C03161,Ishaan,Rossi,Indian,30,None,OTA,March 29 2025
C03162,Minjun,Patel,Indian,49,NONE,Walk-in,2025-04-04
C03163,Ishaan,Gupta,INDIA,34,None,Website,02/04/2025
C03164,Sneha,Kulkarni,IN,33,None,Website,31/03/2025
C03165,Karan,Brown,Indian,41,None,Instagram,April 2 2025
C03166,Itai,Chowdhury,British,27,None,Website,2025-04-02
C03167,Yuki,OConnor, India ,32, None,Walk-in,2025-03-29
C03168,Hannah,Kim,U.S.A.,41,None,Website,04/04/2025
C03169,Dmitri,Menon,IN,5, None,Instagram,April 4 2025
C03170,Vikram,Rao, India ,37,none,Website,2025-03-30
C03171,Elena,Chowdhury,russia,41,Open Water,Walk-in,2025-04-06
C03172,Minjun,Levi,italy,48,Advanced,Referral,April 4 2025
C03173,Emma,Wilson,Indian,37,none,OTA,2025-04-01
C03174,Minjun,Rossi,Indian,37,None,Instagram,April 1 2025
C03175,Lukas,Chowdhury,India,57,None,Website,2025-03-31
C03176,Camille,Wilson,India,42, None,,April 7 2025
C03177,Kavya,Kulkarni,IL,42,open water,Walk-in,2025-04-02
C03178,Chloe,Tanaka,British,,Open Water ,Instagram,2025-04-01
C03179,Tom,Cohen,Germany,,Open Water,OTA,01/04/2025
C03180,Kavya,Jansen,india,40,Open Water ,Instagram,2025-04-08
C03181,Lukas,Rossi,India,45,divemaster,Walk-in,2025-04-05
C03182,Aarav,Muller,England,31,open water,Hotel Partner,01/04/2025
C03183,Sophie,Cohen,U.K.,44,Advanced,Instagram,2025-04-03
C03184,Anouk,Nair,IN,36,none,OTA,2025-03-31
C03185,Meera,Kim, India ,27,Advanced,OTA,2025-03-31
C03186,Ishaan,Rao,india,44,None ,Website,2025-04-03
C03187,Liam,Sharma,India,20,Open Water,Walk-in,2025-04-05
C03188,Camille,Kim,india,25,NONE,Walk-in,2025-04-05
C03189,James,Jansen,uk,45,None,Walk-in,2025-04-04
C03190,Olga,Banerjee,RU,20,ADVANCED,Instagram,2025-04-03
C03191,Ishaan,Park,Japan,33,Open Water,Hotel Partner,11/04/2025
C03192,Siddharth,OConnor,India,20,None,Walk-in,2025-04-04
C03193,Elena,Reddy, India ,27,None,Walk-in,2025-04-09
C03194,James,Kim,germany,44,Rescue,Website,2025-04-01
C03195,Marco,Cohen,Indian,32,Advanced,Walk-in,2025-04-04
C03196,Ravi,Rossi,INDIA,26,NONE,Walk-in,2025-04-06
C03197,Emma,Iyer,South Korea,25,Advanced,Website,2025-04-10
C03198,James,Jansen,INDIA,34,None,Instagram,2025-04-12
C03199,Aarav,Menon,KR,53,Open Water ,Hotel Partner,2025-04-10
C03200,Kavya,Levi,British,38,Rescue,OTA,2025-04-06
C03201,Divya,Rao, India ,38,None,Website,02/04/2025
C03202,Lukas,Taylor,IN,21,NONE,Referral,08/04/2025
C03203,Anouk,Tanaka,INDIA,19,Divemaster,OTA,April 6 2025
C03204,Aditya,Menon,Netherlands,23,Rescue ,Website,2025-04-03
C03205,Priya,Dubois,Russian,47, Advanced,Referral,02/04/2025
C03206,Ishaan,Kim,Indian,33,Open Water,Walk-in,2025-04-09
C03207,Pooja,Chowdhury,India,48,Advanced ,Walk-in,2025-04-12
C03208,Siddharth,Ivanov,israel,36,None,Walk-in,2025-04-08
C03209,Pooja,Smith,IL,45,Open Water,Website,2025-04-12
C03210,Hannah,Brown,United States,32,Open  Water,OTA,2025-04-11
C03211,Arjun,Dubois, India ,20,none,Referral,2025-04-04
C03212,Rahul,Sharma,England,42,Open Water,Website,2025-04-07
C03213,Ishaan,Brown,India,31,Open Water,Hotel Partner,2025-04-09
C03214,Siddharth,Wilson,India,,OPEN WATER,Hotel Partner,2025-04-09
C03215,Sven,Dubois,israel,30,Advanced,Website,2025-04-11
C03216,Rohan,Desai,FR,34,None,Website,April 5 2025
C03217,Meera,Ivanov,India,41,Open Water,Website,2025-04-11
C03218,Aarav,Rao,American,29,Advanced,Hotel Partner,09/04/2025
C03219,Chloe,Schmidt,INDIA,18,none,Walk-in,April 8 2025
C03220,Ananya,Levi,Holland,29,Open Water,Website,2025-04-09
C03221,Arjun,Cohen,Indian,30,Advanced,OTA,13/04/2025
C03222,Lukas,Bakker,India,14,none,Instagram,2025-04-11
C03223,Ishaan,Muller,INDIA,40,Advanced ,Walk-in,April 12 2025
C03224,Hannah,Bakker, India ,49,None,Website,05/04/2025
C03225,Ishaan,Menon,IN,36,none,Website,2025-04-08
C03226,Daniel,Desai,INDIA,41,None,,08/04/2025
C03227,Itai,Iyer,INDIA,35,OPEN WATER,Walk-in,14/04/2025
C03228,Sven,Dubois,india,38,None,OTA,2025-04-11
C03229,Aarav,Ivanov,Japanese,,Advanced,Referral,April 7 2025
C03230,Neha,Dubois,DE,30,Open Water,OTA,2025-04-13
C03231,Marco,Kim,Germany,45,Open  Water,,14/04/2025
C03232,Dmitri,Petrova,INDIA,32,NONE,Walk-in,April 10 2025
C03233,Ravi,Park,India,40,None,OTA,11/04/2025
C03234,Daniel,Petrova,DE,25,Advanced,Walk-in,2025-04-12
C03235,Noa,Nair,india,25,Open Water ,Walk-in,2025-04-10
C03236,Sneha,Desai,British,37,None,Walk-in,10/04/2025
C03237,Liam,Taylor,England,43,none,Instagram,17/04/2025
C03238,Itai,Tanaka,Russia,49,None,,2025-04-14
C03239,Rahul,Jansen,Russian,33,open water,OTA,10/04/2025
C03240,Ananya,Reddy,JP,35,Rescue,Walk-in,2025-04-16
C03241,Priya,Kim,Israeli,30,OPEN WATER,,2025-04-11
C03242,Aarav,Cohen,German,43,none,,2025-04-18
C03243,Ravi,OConnor,Russia,21,None,Walk-in,2025-04-08
C03244,Sarah,Patel,U.K.,26,Open Water,Walk-in,2025-04-15
C03245,Rohan,Menon,India,49,Rescue ,OTA,17/04/2025
C03246,James,Tanaka,India,28,Open Water,Instagram,2025-04-14
C03247,Daniel,Wilson,German,42,Advanced,Website,10/04/2025
C03248,Sneha,Schmidt,India,25,None ,Website,April 18 2025
C03249,Rohan,Schmidt, India ,32,None,Referral,14/04/2025
C03250,Minjun,Dubois,INDIA,21,Rescue,Website,2025-04-17
C03251,Siddharth,Levi,India,49,none,OTA,11/04/2025
C03252,Marco,Jansen,India,40,divemaster,Referral,2025-04-18
C03253,Rohan,Rao,INDIA,33,None,Website,April 11 2025
C03254,Marco,Petrova,United States,26,Advanced,OTA,2025-04-15
C03255,Chloe,Cohen,Indian,28, Open Water,Instagram,April 13 2025
C03256,Noa,Ivanov,INDIA,34,NONE,Hotel Partner,18/04/2025
C03257,Emma,Kulkarni,UK,24,Open Water,Walk-in,April 20 2025
C03258,Siddharth,Gupta,Israeli,,Divemaster,Walk-in,2025-04-17
C03259,Liam,Dubois,German,37,Rescue,Website,April 10 2025
C03260,Dmitri,Rossi,India,27,None,,2025-04-12
C03261,Emma,Banerjee,France,42, None,OTA,2025-04-20
C03262,Daniel,Menon,Indian,25,NONE,Website,17/04/2025
C03263,Aditya,Levi,germany,29,None,Walk-in,14/04/2025
C03264,Dmitri,Chowdhury,Indian,19,Open Water ,Instagram,15/04/2025
C03265,Hannah,Nair,INDIA,19,OPEN WATER,OTA,2025-04-15
C03266,Marco,Banerjee,Australia,,rescue,Referral,15/04/2025
C03267,Liam,Kim,South Korea,51,OPEN WATER,Walk-in,2025-04-14
C03268,Itai,Schmidt,UK,,advanced,OTA,16/04/2025
C03269,Neha,Jansen,U.K.,23,open water,Walk-in,April 17 2025
C03270,Ishaan,Kulkarni,IN,39,None,Referral,2025-04-16
C03271,Rahul,Petrova, India ,31,Open Water ,OTA,2025-04-20
C03272,James,Desai,netherlands,37, Open Water,Instagram,April 17 2025
C03273,Lukas,Jansen,INDIA,,None,Referral,12/04/2025
C03274,Neha,Brown,UK,60,None,,April 22 2025
C03275,Ishaan,Bakker,germany,38,open water,Referral,19/04/2025
C03276,Rohan,Park,india,22, None,Website,2025-04-19
C03277,Chloe,Park,India,,advanced,Referral,April 13 2025
C03278,Camille,Schmidt,india,45,None ,Instagram,17/04/2025
C03279,Pooja,Iyer,India,33,NONE,,16/04/2025
C03280,Lukas,Muller,Indian,34,None,Website,2025-04-19
C03281,Vikram,Bakker,India,37,Open Water,Website,22/04/2025
C03282,Camille,Muller, India ,26,None,OTA,April 23 2025
C03283,Vikram,Gupta, India ,45,None,Hotel Partner,2025-04-21
C03284,Vikram,Desai,IT,40,None,Walk-in,2025-04-19
C03285,Noa,Menon,German,32,None ,Referral,2025-04-22
C03286,Sophie,Tanaka,INDIA,47,None,Website,2025-04-20
C03287,Sneha,Rao,India,30, None,Hotel Partner,17/04/2025
C03288,Aditya,Brown,United States,33,rescue,OTA,2025-04-19
C03289,Pooja,Ivanov,IN,30,advanced,OTA,2025-04-16
C03290,Tom,Patel,INDIA,26,None,Walk-in,2025-04-22
C03291,Ananya,OConnor,IN,33,NONE,OTA,2025-04-16
C03292,Tom,Patel,American,,NONE,OTA,April 21 2025
C03293,Chloe,Wilson,Japan,38,Open Water,Walk-in,2025-04-17
C03294,James,Patel,IT,47,Rescue,OTA,2025-04-16
C03295,Neha,OConnor,American,41,Open Water,,2025-04-22
C03296,Itai,Wilson,INDIA,43,none,Website,2025-04-19
C03297,Priya,Cohen,India,32, None,Walk-in,2025-04-23
C03298,Rohan,Ivanov,india,28,NONE,,20/04/2025
C03299,Daniel,Ivanov,IN,24,ADVANCED,Hotel Partner,16/04/2025
C03300,Karan,OConnor,IN,,Open Water,,2025-04-16
C03301,Neha,Kulkarni,Indian,50,none,Walk-in,2025-04-21
C03302,Rohan,Gupta,AU,20, Open Water,Walk-in,2025-04-25
C03303,James,Schmidt,India,43,NONE,Walk-in,2025-04-17
C03304,Aarav,Iyer,Australia,37,None,,2025-04-23
C03305,Priya,Smith,IN,,None,Website,2025-04-18
C03306,Yuki,Rao,korea,41,ADVANCED,Walk-in,2025-04-24
C03307,Daniel,Ivanov,India,37,Open  Water,OTA,2025-04-23
C03308,Sarah,Smith,us,21,Advanced,Referral,2025-04-19
C03309,Camille,Patel,American,31,Open Water,,2025-04-26
C03310,Sarah,Brown,United States,33,none,Instagram,2025-04-22
C03311,Karan,Menon,United States,32,None,Walk-in,2025-04-20
C03312,Divya,Petrova, India ,33,None,OTA,2025-04-25
C03313,Arjun,Schmidt,UK,37,None,Referral,26/04/2025
C03314,Aditya,Chowdhury,india,27,None,OTA,21/04/2025
C03315,Elena,Taylor,RU,51,None,,2025-04-19
C03316,Marco,Jansen,India,42,Open Water ,Walk-in,19/04/2025
C03317,Yuki,Taylor,japan,37,None,Instagram,April 23 2025
C03318,Rohan,Park, India ,33,OPEN WATER,Website,2025-04-20
C03319,Sneha,Nair,FR,31,Open Water,Walk-in,2025-04-27
C03320,Priya,Rao,india,21,advanced,Hotel Partner,18/04/2025
C03321,Ishaan,Ivanov, India ,,none,Walk-in,2025-04-20
C03322,Dmitri,Rossi,IN,30, None,Referral,April 24 2025
C03323,Hannah,Ivanov,INDIA,27,Advanced,Instagram,2025-04-21
C03324,Priya,Kim,russia,,None ,Website,April 25 2025
C03325,Aditya,Patel,RU,33,none,,April 26 2025
C03326,Rahul,Brown,FR,,none,Website,2025-04-19
C03327,Meera,Sharma,netherlands,26, Open Water,OTA,April 29 2025
C03328,Rohan,Wilson,Japanese,39,Advanced ,Hotel Partner,2025-04-25
C03329,Minjun,Rossi,India,29,None,Referral,2025-04-27
C03330,Vikram,Gupta, India ,37,none,OTA,2025-04-25
C03331,Emma,Patel,france,28,None,Referral,2025-04-20
C03332,Liam,Rao,RU,61,OPEN WATER,Website,April 29 2025
C03333,Karan,Cohen,Israeli,24,Open Water,Walk-in,2025-04-25
C03334,Ishaan,Iyer,India,42,None ,,2025-04-29
C03335,Sneha,Bakker,india,36,open water,Instagram,2025-04-30
C03336,Pierre,Tanaka,India,46,Open  Water,Walk-in,2025-04-22
C03337,Olga,Iyer,INDIA,43,RESCUE,,21/04/2025
C03338,Noa,Dubois,Indian,43,NONE,Website,22/04/2025
C03339,Divya,Petrova, India ,,None,OTA,2025-04-27
C03340,Pooja,Wilson,IN,28, Open Water,Walk-in,2025-04-21
C03341,Rahul,Menon,IN,38,OPEN WATER,Instagram,2025-04-24
C03342,Marco,Gupta,Indian,49,NONE,,02/05/2025
C03343,Sven,Nair,france,39,None,Walk-in,2025-04-24
C03344,Ravi,OConnor,Dutch,30,None,Hotel Partner,2025-04-23
C03345,Camille,Brown, India ,24,advanced,OTA,2025-04-29
C03346,Sophie,Banerjee,India,50,Open Water,Website,2025-04-26
C03347,Arjun,Kim,IN,33,OPEN WATER,Walk-in,April 24 2025
C03348,Karan,Schmidt,us,,Open Water,,2025-04-27
C03349,Arjun,Tanaka,germany,19,Advanced,Walk-in,23/04/2025
C03350,Yuki,Tanaka,INDIA,25,Open Water,Walk-in,2025-04-24
C03351,Yuki,Jansen,india,32,None,OTA,April 28 2025
C03352,Sneha,Menon,india,6,Advanced,Instagram,2025-04-29
C03353,Camille,Rossi,American,44, Open Water,Walk-in,2025-05-03
C03354,Rahul,Rao,Indian,45,None,Walk-in,May 2 2025
C03355,Yuki,Nair,Russian,21,None,,April 30 2025
C03356,Anouk,Rossi,korea,41,OPEN WATER,Website,2025-04-29
C03357,Tom,Iyer,india,26,NONE,OTA,27/04/2025
C03358,Ananya,Wilson,Australian,44,Open Water,Instagram,25/04/2025
C03359,Priya,Reddy,India,39,None,Referral,2025-04-28
C03360,Arjun,Menon,France,,None,Website,2025-04-30
C03361,Rahul,Desai,United Kingdom,21,None,,April 30 2025
C03362,Karan,Nair,russia,43,NONE,Website,2025-05-05
C03363,Rahul,Park,INDIA,18,Open Water,Referral,2025-05-02
C03364,Kavya,Reddy,Indian,31,Open Water ,Referral,2025-04-28
C03365,Meera,Rao,Italy,36,OPEN WATER,Walk-in,05/05/2025
C03366,Karan,Muller,IN,34,None,Walk-in,03/05/2025
C03367,Rahul,Petrova,INDIA,41,Open Water,Walk-in,May 2 2025
C03368,Sven,Banerjee, India ,38,None,Referral,2025-04-29
C03369,Neha,Tanaka,India,35, Advanced,Walk-in,2025-05-01
C03370,Vikram,Park, India ,12,Open  Water,OTA,2025-04-26
C03371,Arjun,Jansen,Italian,32,none,Website,2025-05-06
C03372,Anouk,Sharma,United Kingdom,20,OPEN WATER,Website,2025-05-04
C03373,Sophie,Taylor,France,,Open Water ,OTA,2025-05-01
C03374,Minjun,Dubois, India ,,None,,April 28 2025
C03375,Chloe,Reddy,French,41,open water,Instagram,2025-04-30
C03376,Sarah,Kim,france,18,None,Hotel Partner,2025-04-28
C03377,Kavya,Tanaka, India ,52,none,Hotel Partner,07/05/2025
C03378,Aarav,Nair,Indian,118,Divemaster,Walk-in,April 30 2025
C03379,Ravi,Kim,us,42,Rescue,Hotel Partner,05/05/2025
C03380,Dmitri,Rao,INDIA,34,NONE,Walk-in,2025-04-27
C03381,Emma,Iyer,U.K.,17,open water,OTA,April 30 2025
C03382,Arjun,Taylor,IN,33, Open Water,OTA,06/05/2025
C03383,Sophie,Cohen, India ,17,None,OTA,2025-04-30
C03384,Siddharth,Schmidt,Italy,31,None,Instagram,2025-05-08
C03385,Pooja,Banerjee, India ,13,None,Walk-in,2025-05-07
C03386,Kavya,Desai,australia,27,advanced,,2025-05-02
C03387,Ravi,Dubois, India ,36,None,OTA,2025-05-06
C03388,Emma,Chowdhury,Indian,31,ADVANCED,Walk-in,2025-05-01
C03389,Aarav,Smith,United States,32, Rescue,Hotel Partner,08/05/2025
C03390,Elena,Chowdhury,Indian,28,Open Water ,Website,May 7 2025
C03391,Chloe,Patel,India,,None,Instagram,2025-05-06
C03392,Meera,Desai,Indian,31,OPEN WATER,Hotel Partner,May 5 2025
C03393,Minjun,Muller,Indian,46,open water,Walk-in,May 7 2025
C03394,Aarav,Iyer,korea,12,Open Water,,01/05/2025
C03395,Siddharth,Bakker,India,37,None ,Website,2025-05-06
C03396,Rohan,Brown,india,39,None,Walk-in,06/05/2025
C03397,Sarah,Reddy,German,21,Open Water,Instagram,2025-05-04
C03398,Hannah,Jansen,india,38,Divemaster ,Instagram,2025-05-08
C03399,Elena,Rao,india,32,Advanced,Referral,May 7 2025
C03400,Ananya,Chowdhury,Indian,54,Rescue ,Website,2025-05-07
C03401,Hannah,Reddy,U.K.,,none,Walk-in,02/05/2025
C03402,Divya,Petrova,Indian,46, Open Water,Referral,2025-05-03
C03403,Minjun,Smith,INDIA,, Open Water,,03/05/2025
C03404,Sneha,Menon,Indian,36,None ,Instagram,04/05/2025
C03405,Siddharth,Banerjee,Holland,30,Advanced,OTA,2025-05-05
C03406,Pooja,Gupta,Germany,12,None,Walk-in,2025-05-13
C03407,Rohan,Wilson,Russia,37,Advanced ,,May 8 2025
C03408,Dmitri,Wilson,United Kingdom,23,Open Water,OTA,2025-05-10
C03409,Chloe,Tanaka,Russian,18,Open Water,Walk-in,2025-05-09
C03410,Noa,Kim,South Korea,,Open Water ,Website,2025-05-11
C03411,Noa,Rossi,uk,17,None,OTA,2025-05-10
C03412,Arjun,Kim,india,,None,Walk-in,07/05/2025
C03413,Camille,Taylor,Russia,26,Rescue,OTA,2025-05-09
C03414,Yuki,Petrova,india,44,NONE,Hotel Partner,11/05/2025
C03415,Chloe,Petrova,italy,33,Open Water,OTA,05/05/2025
C03416,Daniel,Rao, India ,37,None,Walk-in,2025-05-08
C03417,Pooja,Sharma,germany,33,none,Walk-in,2025-05-07
C03418,Divya,Bakker,Indian,13,none,Website,May 9 2025
C03419,Liam,Wilson,DE,20,Open Water,OTA,2025-05-04
C03420,Daniel,Schmidt,American,28,Divemaster,Website,2025-05-07
C03421,Sven,Nair,KR,, Open Water,Walk-in,2025-05-08
C03422,Sven,Sharma,Korean,24,Open Water,,08/05/2025
C03423,Marco,Smith, India ,40,open water,Instagram,May 11 2025
C03424,Minjun,Rao, India ,38,Open Water,,2025-05-06
C03425,Priya,Banerjee,india,15,None ,Instagram,2025-05-08
C03426,Noa,Iyer,india,39,Open Water,Hotel Partner,07/05/2025
C03427,Sarah,Sharma,India,47,Divemaster,Referral,15/05/2025
C03428,Yuki,Schmidt,russia,15, None,OTA,2025-05-11
C03429,Ravi,Patel,IL,33, Open Water,OTA,2025-05-15
C03430,Arjun,Desai,France,32,Open Water,Referral,2025-05-13
C03431,Sven,Park,IL,36,Open Water,Walk-in,2025-05-17
C03432,Rahul,Smith,IN,5,advanced,OTA,15/05/2025
C03433,Pooja,Banerjee, India ,31,OPEN WATER,Website,2025-05-12
C03434,Pierre,Rao,Indian,30,Open Water,Referral,May 17 2025
C03435,Meera,Desai, India ,39,None,Walk-in,2025-05-14
C03436,Kavya,Smith,australia,45,none,Walk-in,08/05/2025
C03437,Minjun,Nair,RU,18, Open Water,Referral,2025-05-11
C03438,Neha,Brown,india,,None,Website,2025-05-16
C03439,Karan,Levi, India ,28,NONE,Walk-in,2025-05-11
C03440,Ishaan,Cohen,india,50,None,Website,2025-05-17
C03441,Rohan,Bakker,israel,15,None,Website,2025-05-10
C03442,Sneha,Petrova,India,23,None ,Website,2025-05-12
C03443,Rahul,Desai,Indian,23,Advanced ,OTA,12/05/2025
C03444,Ravi,Park, India ,42,Open Water,Walk-in,May 9 2025
C03445,Sarah,Sharma,France,45,none,Website,17/05/2025
C03446,Olga,Menon,India,15,Advanced,Walk-in,May 14 2025
C03447,Meera,Levi, India ,39,NONE,Referral,13/05/2025
C03448,Kavya,Chowdhury,NL,29,RESCUE,Walk-in,2025-05-19
C03449,Anouk,Sharma,IN,30,None,Website,2025-05-15
C03450,Olga,Smith,United Kingdom,34,None,,May 17 2025
C03451,Daniel,Bakker,Israeli,45,Open Water,Website,May 14 2025
C03452,Liam,Patel,IN,39,Open Water,Referral,2025-05-12
C03453,Rohan,Kim,IN,30,None ,OTA,2025-05-12
C03454,James,Petrova,India,45,Open Water,Hotel Partner,2025-05-12
C03455,Ravi,Wilson,IN,48,Advanced,Hotel Partner,2025-05-19
C03456,Divya,Reddy,italy,26,none,Website,May 14 2025
C03457,Anouk,Ivanov,australia,,Open  Water,Walk-in,2025-05-12
C03458,Meera,Taylor,IN,43,None,Walk-in,May 18 2025
C03459,Itai,Smith, India ,40, Advanced,Referral,12/05/2025
C03460,Arjun,Brown,IN,30,None,OTA,2025-05-14
C03461,Rohan,Chowdhury,japan,38,OPEN WATER,Website,May 21 2025
C03462,Sarah,Sharma, India ,24,none,OTA,2025-05-21
C03463,Ananya,Taylor,france,40,None,Instagram,May 18 2025
C03464,Olga,Tanaka, India ,21,none,Walk-in,2025-05-15
C03465,Olga,Iyer, India ,36,NONE,Website,16/05/2025
C03466,Ananya,Rossi,INDIA,43,None,Hotel Partner,2025-05-16
C03467,Marco,Iyer,Indian,22,Open Water,Referral,2025-05-22
C03468,Yuki,Rao,Australian,21,none,Website,May 22 2025
C03469,Tom,Desai,IN,46,None,Instagram,16/05/2025
C03470,Sophie,Reddy,italy,26,None,OTA,2025-05-17
C03471,Tom,Iyer,us,18,None ,OTA,May 18 2025
C03472,Anouk,Reddy,uk,26,None,Instagram,2025-05-17
C03473,Itai,Kim,Italy,25,None,Instagram,15/05/2025
C03474,Arjun,Taylor,UK,30,Open Water,Website,2025-05-17
C03475,Minjun,Rossi,india,31,Advanced,Instagram,14/05/2025
C03476,Pooja,Wilson,IN,33, Open Water,Hotel Partner,14/05/2025
C03477,Rahul,Wilson,IN,,open water,Walk-in,2025-05-22
C03478,Karan,Reddy,germany,18,none,Hotel Partner,2025-05-24
C03479,Hannah,Desai, India ,48,None,OTA,2025-05-19
C03480,Marco,Desai,India,22,Open Water,,2025-05-20
C03481,Ishaan,Patel,India,,Open Water,Walk-in,21/05/2025
C03482,Tom,Tanaka,USA,19,OPEN WATER,Website,May 24 2025
C03483,Rahul,Kim,Indian,31,none,Walk-in,2025-05-25
C03484,Priya,Brown,india,21,none,Instagram,2025-05-17
C03485,Tom,Bakker,Netherlands,40,NONE,OTA,2025-05-17
C03486,Priya,Ivanov,Indian,26,OPEN WATER,Website,25/05/2025
C03487,Kavya,Rao,us,47,Open Water,Referral,2025-05-16
C03488,Dmitri,Schmidt,france,27,ADVANCED,OTA,19/05/2025
C03489,Lukas,Reddy,FR,55,None ,Instagram,2025-05-26
C03490,Noa,Schmidt,INDIA,19,Open  Water,Website,May 23 2025
C03491,Olga,Petrova,England,31,NONE,Walk-in,23/05/2025
C03492,James,OConnor,RU,,Open Water,Website,2025-05-22
C03493,Rohan,OConnor,japan,23,none,OTA,2025-05-22
C03494,Siddharth,Rossi,israel,49,None,Walk-in,2025-05-21
C03495,Aarav,Bakker,INDIA,13,ADVANCED,OTA,2025-05-25
C03496,James,Levi,INDIA,39,open water,Walk-in,2025-05-23
C03497,Itai,Cohen,RU,41,none,Walk-in,2025-05-24
C03498,Itai,Desai,Indian,50,Advanced ,OTA,2025-05-24
C03499,Yuki,Taylor, India ,14,none,Referral,May 20 2025
C03500,Emma,Brown,india,28,NONE,Instagram,2025-05-27
C03501,Arjun,Jansen,Indian,44,None,OTA,May 22 2025
C03502,Aarav,Taylor,india,40,Open Water ,Instagram,May 27 2025
C03503,Sven,Taylor,French,23,open water,OTA,2025-05-19
C03504,Pierre,Chowdhury, India ,25,none,Walk-in,2025-05-20
C03505,Emma,Sharma,Australia,38,advanced,,24/05/2025
C03506,Chloe,Tanaka,INDIA,30,RESCUE,Walk-in,2025-05-24
C03507,Meera,Park,INDIA,23,NONE,,2025-05-28
C03508,Chloe,Reddy,India,36,NONE,Walk-in,22/05/2025
C03509,Priya,Iyer,India,47,None,OTA,May 21 2025
C03510,Camille,Banerjee,france,,NONE,OTA,May 21 2025
C03511,Rohan,Smith,India,28,Open Water,Website,27/05/2025
C03512,Karan,Wilson,Holland,17,OPEN WATER,Hotel Partner,2025-05-25
C03513,Ishaan,Iyer, India ,26,Open Water,OTA,27/05/2025
C03514,Daniel,Smith,russia,23,None,OTA,2025-05-21
C03515,Sophie,Gupta,IN,35,Open Water,Hotel Partner,22/05/2025
C03516,Ishaan,Jansen,India,25,NONE,Referral,21/05/2025
C03517,Arjun,Tanaka,india,56,None,OTA,2025-05-30
C03518,Elena,Kim, India ,28,none,Hotel Partner,2025-06-03
C03519,Daniel,Banerjee,korea,31,open water,Walk-in,2025-05-27
C03520,Arjun,Taylor,france,33,None,OTA,02/06/2025
C03521,Olga,Banerjee,UK,24,none,OTA,30/05/2025
C03522,Dmitri,Gupta,Dutch,42,Open Water ,OTA,2025-05-30
C03523,Chloe,Smith,INDIA,36,None,Instagram,2025-06-03
C03524,Dmitri,Taylor,INDIA,31,NONE,Walk-in,2025-06-01
C03525,Vikram,Muller, India ,48,None,Hotel Partner,2025-06-03
C03526,Camille,Rao,INDIA,5,Advanced,,06/06/2025
C03527,Daniel,Bakker,IN,47,Rescue,Referral,08/06/2025
C03528,Divya,Tanaka,United Kingdom,46,None,Instagram,01/06/2025
C03529,Vikram,OConnor,DE,34,open water,Referral,June 7 2025
C03530,Kavya,Sharma,Indian,40,OPEN WATER,Referral,June 8 2025
C03531,Hannah,Dubois,India,35,advanced,Walk-in,June 8 2025
C03532,Daniel,Gupta,IN,31,advanced,OTA,2025-06-10
C03533,Meera,Dubois, India ,17,DIVEMASTER,OTA,12/06/2025
C03534,Itai,Tanaka,netherlands,33,None,Walk-in,06/06/2025
C03535,Pooja,Wilson,IN,,OPEN WATER,Referral,June 12 2025
C03536,Pierre,Bakker,England,25,NONE,OTA,04/06/2025
C03537,Rahul,Nair, India ,32,OPEN WATER,OTA,2025-06-10
C03538,Vikram,Tanaka,Italy,28,None ,Website,2025-06-05
C03539,Tom,Tanaka,india,44,None,OTA,2025-06-14
C03540,Siddharth,Petrova,United Kingdom,39,None,Referral,2025-09-06
C03541,Hannah,Brown,INDIA,44, None,OTA,2025-09-15
C03542,Daniel,Desai,israel,,NONE,OTA,2025-09-06
C03543,Kavya,Rossi,IL,50, Open Water,OTA,14/09/2025
C03544,Olga,Chowdhury, India ,45, None,,21/09/2025
C03545,Anouk,Wilson,us,31,Open Water,Walk-in,2025-09-20
C03546,Aditya,Park,IN,47,Advanced,Website,2025-09-20
C03547,Sneha,Park,Russian,29,NONE,Referral,2025-09-26
C03548,Aditya,Bakker,Israel,28,Open  Water,Website,September 19 2025
C03549,Priya,Cohen,United Kingdom,,Open Water,OTA,September 27 2025
C03550,Priya,Taylor,IN,36,Advanced,,2025-09-19
C03551,Daniel,Iyer,france,39,Open  Water,Walk-in,2025-09-28
C03552,Siddharth,Cohen,Japan,22,Advanced,Website,2025-09-23
C03553,Dmitri,Cohen,australia,26,OPEN WATER,Walk-in,2025-09-19
C03554,Meera,Smith,INDIA,27,None,Website,September 27 2025
C03555,Yuki,Gupta,England,37,None ,Referral,2025-09-22
C03556,Ravi,Schmidt,IN,, Open Water,,2025-09-23
C03557,Itai,Jansen,INDIA,25,None,OTA,2025-09-30
C03558,Pierre,Bakker,UK,28,OPEN WATER,Hotel Partner,2025-09-24
C03559,Liam,Chowdhury,INDIA,38,ADVANCED,OTA,2025-10-01
C03560,Emma,Park,israel,, Advanced,OTA,27/09/2025
C03561,Sophie,Sharma,IN,32,Advanced,Instagram,2025-10-02
C03562,Kavya,Tanaka,American,,None,Walk-in,2025-09-25
C03563,Camille,Wilson,france,30, None,,2025-09-28
C03564,Marco,Ivanov,uk,41,Open Water,,September 30 2025
C03565,Aditya,Jansen,JP,,none,OTA,2025-10-01
C03566,Neha,Muller,Indian,35,open water,Website,01/10/2025
C03567,Olga,Ivanov,india,38,None,OTA,2025-09-25
C03568,Yuki,Sharma,USA,33, None,,September 23 2025
C03569,Camille,Desai,DE,29,open water,,September 29 2025
C03570,Elena,Park,Holland,19,NONE,OTA,2025-09-25
C03571,Lukas,Park,Indian,39,None,Website,2025-10-03
C03572,Priya,Bakker,German,32,Advanced,Website,September 27 2025
C03573,Ravi,Ivanov,German,24,none,Website,2025-09-26
C03574,Divya,Bakker,IN,37,Open  Water,OTA,2025-09-27
C03575,Neha,Chowdhury,India,, Open Water,Instagram,04/10/2025
C03576,Yuki,Menon,india,32,Advanced,OTA,September 27 2025
C03577,Elena,OConnor, India ,14,Advanced,Referral,27/09/2025
C03578,Ishaan,Dubois,Indian,23,None,Website,30/09/2025
C03579,Dmitri,Kulkarni,French,42,Open Water,,03/10/2025
C03580,Kavya,Rao, India ,48,Advanced ,Instagram,28/09/2025
C03581,Itai,Park,australia,19,None,Website,September 30 2025
C03582,Noa,Taylor,INDIA,40,None ,,2025-10-05
C03583,Olga,Chowdhury,INDIA,,None,Hotel Partner,2025-09-26
C03584,Sarah,Levi,USA,31,None,Hotel Partner,2025-09-27
C03585,Anouk,Kim, India ,42,none,Hotel Partner,October 5 2025
C03586,Yuki,Smith,russia,35,none,Website,01/10/2025
C03587,Minjun,Smith,india,27,None,,2025-09-26
C03588,Sophie,Patel,Indian,28,NONE,Walk-in,2025-10-01
C03589,Rahul,Schmidt, India ,38,none,Walk-in,2025-10-05
C03590,Aarav,Tanaka,Italian,43,Open Water,Website,2025-10-01
C03591,Tom,Gupta,American,21,Advanced,Referral,October 6 2025
C03592,Rahul,Cohen,IL,39,NONE,Walk-in,2025-09-27
C03593,Aarav,Schmidt,INDIA,,Divemaster,OTA,28/09/2025
C03594,Liam,Tanaka,INDIA,,Rescue,Referral,2025-09-29
C03595,Minjun,Taylor,india,30,Advanced,,2025-09-30
C03596,Camille,Chowdhury,KR,26,advanced,,October 6 2025
C03597,Meera,Patel,INDIA,32,Open Water,OTA,30/09/2025
C03598,Ishaan,Menon,INDIA,34, Advanced,Hotel Partner,2025-10-08
C03599,Minjun,Park,RU,34,ADVANCED,Website,29/09/2025
C03600,Liam,Reddy,Indian,37,OPEN WATER,,2025-09-29
C03601,Aarav,Taylor,India,46,None,Website,04/10/2025
C03602,Siddharth,Bakker,IN,46,None ,Walk-in,04/10/2025
C03603,Camille,Brown, India ,37,Open Water,,04/10/2025
C03604,Tom,Iyer,korea,41,None ,,2025-10-08
C03605,Sven,Park,INDIA,45, None,Walk-in,2025-10-08
C03606,Elena,Petrova,IL,32,Rescue,Referral,2025-10-04
C03607,Itai,Ivanov,india,39,Rescue,Website,2025-09-30
C03608,Karan,Nair,india,35, None,Instagram,2025-09-30
C03609,Karan,Cohen,INDIA,28,advanced,Hotel Partner,2025-10-03
C03610,Aarav,Iyer,france,27,Advanced,Website,2025-10-03
C03611,Elena,Desai,Korean,19,OPEN WATER,OTA,October 4 2025
C03612,Olga,Nair,IN,42,OPEN WATER,Walk-in,2025-10-04
C03613,Siddharth,Wilson, India ,20,None,OTA,10/10/2025
C03614,Chloe,Petrova,British,37,ADVANCED,Website,2025-10-08
C03615,Arjun,Kulkarni,Russian,38,Open Water,OTA,2025-10-04
C03616,Rohan,Gupta, India ,45,None,Referral,October 4 2025
C03617,Sneha,Bakker, India ,12,Rescue,OTA,2025-10-04
C03618,Elena,Sharma,AU,29,Open Water,,06/10/2025
C03619,Aditya,Muller,india,,advanced,Walk-in,11/10/2025
C03620,Sneha,Ivanov,Japan,41,Open Water,Referral,2025-10-06
C03621,Priya,Bakker,india,47,None ,OTA,2025-10-10
C03622,Kavya,Bakker, India ,43,OPEN WATER,Hotel Partner,2025-10-04
C03623,Sneha,Tanaka,Australia,30,None,Website,2025-10-06
C03624,Sophie,Reddy,RU,33,None,Walk-in,02/10/2025
C03625,Ananya,Petrova,American,41,None ,OTA,09/10/2025
C03626,Itai,Rao, India ,35,None,Walk-in,2025-10-09
C03627,Anouk,Tanaka,India,34,None,Website,2025-10-09
C03628,Vikram,Petrova,russia,31,None ,OTA,2025-10-04
C03629,Pierre,Kulkarni,American,30,Open Water,OTA,October 3 2025
C03630,Arjun,Wilson,RU,33,Advanced,OTA,07/10/2025
C03631,Emma,Kim,Korean,57,none,,2025-10-05
C03632,Tom,Reddy,india,36,open water,Walk-in,2025-10-05
C03633,Lukas,Patel,India,33,open water,Website,02/10/2025
C03634,Meera,Desai,Japan,43,Rescue,Walk-in,12/10/2025
C03635,Pierre,Chowdhury, India ,29,Advanced,OTA,2025-10-09
C03636,Sneha,Ivanov,IN,13,ADVANCED,Website,03/10/2025
C03637,Liam,Desai, India ,51,Rescue,Walk-in,2025-10-06
C03638,Lukas,Kim,UK,26,None,Referral,08/10/2025
C03639,Sven,Desai,russia,27,OPEN WATER,Instagram,02/10/2025
C03640,Neha,Rossi,INDIA,52,Advanced,OTA,03/10/2025
C03641,Meera,Dubois,UK,42,None,OTA,2025-10-08
C03642,Aarav,Smith,German,40,Advanced,OTA,2025-10-06
C03643,Rahul,Tanaka,India,,NONE,Website,2025-10-13
C03644,Marco,Kim,Indian,33,Open Water,OTA,2025-10-10
C03645,Tom,Cohen,japan,19,Open Water ,Walk-in,2025-10-08
C03646,Hannah,Nair,INDIA,22,NONE,Walk-in,2025-10-12
C03647,Anouk,Petrova,INDIA,43,None,,2025-10-13
C03648,Olga,Levi,Germany,33, Open Water,OTA,12/10/2025
C03649,Ishaan,Rao,British,35,Rescue,Walk-in,2025-10-14
C03650,Rohan,Schmidt,Israel,44,NONE,OTA,2025-10-11
C03651,Camille,Dubois,Indian,44,Divemaster,OTA,2025-10-14
C03652,Pierre,Taylor,japan,51,Open Water ,Referral,2025-10-14
C03653,Aarav,Wilson,IN,36,ADVANCED,Walk-in,2025-10-09
C03654,Minjun,Brown,IN,16,None,,October 7 2025
C03655,Ishaan,Smith,IL,30,advanced,Website,2025-10-15
C03656,Marco,Dubois,RU,42,None,OTA,2025-10-12
C03657,Pooja,Rossi, India ,40,OPEN WATER,OTA,2025-10-12
C03658,Minjun,Rao,INDIA,47,None,OTA,2025-10-05
C03659,Hannah,Wilson,India,18,open water,OTA,2025-10-12
C03660,Priya,Ivanov,INDIA,25,Open Water,Instagram,2025-10-08
C03661,Chloe,Dubois,U.S.A.,33,Open Water,OTA,2025-10-08
C03662,Lukas,Kulkarni,australia,37,Advanced,Referral,October 13 2025
C03663,Karan,Nair,Holland,36,None ,Hotel Partner,October 13 2025
C03664,Neha,Dubois, India ,26,None,Walk-in,2025-10-12
C03665,Sarah,Gupta,Russian,30,None,,2025-10-14
C03666,Yuki,Menon,italy,41,Advanced,Website,06/10/2025
C03667,Divya,Cohen,IN,41, Divemaster,Instagram,12/10/2025
C03668,Rohan,Bakker,germany,26,None,Website,15/10/2025
C03669,Emma,OConnor,Russia,38,NONE,OTA,09/10/2025
C03670,Lukas,Rao,india,41, None,OTA,14/10/2025
C03671,Lukas,Tanaka,Indian,27,ADVANCED,OTA,2025-10-13
C03672,Aarav,Rao,IN,33,Open  Water,OTA,2025-10-16
C03673,Sarah,Nair,Italian,43,Open Water,Instagram,2025-10-17
C03674,Daniel,Tanaka,india,14,NONE,OTA,2025-10-18
C03675,Pooja,Cohen,IN,43,None,Hotel Partner,2025-10-08
C03676,Vikram,Schmidt,Netherlands,44,Advanced ,Hotel Partner,October 15 2025
C03677,Marco,Bakker,Israeli,38,Open Water,OTA,16/10/2025
C03678,Siddharth,Patel,Holland,41,open water,Website,09/10/2025
C03679,Aarav,Smith,IN,35,None,Walk-in,15/10/2025
C03680,Aditya,Smith,UK,37, None,OTA,2025-10-12
C03681,Olga,Iyer,Indian,32,None,OTA,13/10/2025
C03682,Daniel,Kulkarni,IN,30,NONE,Website,12/10/2025
C03683,Yuki,Muller,USA,46,NONE,OTA,2025-10-10
C03684,Karan,Levi,india,20,None,Website,2025-10-10
C03685,Ishaan,Smith,Indian,24,None,Website,2025-10-20
C03686,Ananya,Jansen, India ,31,NONE,Website,2025-10-17
C03687,Meera,Banerjee,U.K.,39,Rescue,Instagram,14/10/2025
C03688,Olga,Kulkarni,us,32,None ,Referral,2025-10-17
C03689,Itai,Patel, India ,22,None ,Walk-in,15/10/2025
C03690,Camille,Dubois,australia,48,OPEN WATER,Referral,2025-10-19
C03691,Itai,Brown,Korean,30,open water,Referral,16/10/2025
C03692,Divya,Rao,AU,18,open water,OTA,13/10/2025
C03693,Priya,Sharma,Indian,16,open water,OTA,2025-10-20
C03694,Minjun,Petrova,IN,31,ADVANCED,Instagram,15/10/2025
C03695,Rahul,Chowdhury,us,44,none,Instagram,October 16 2025
C03696,Meera,OConnor,IN,31,Open Water,OTA,2025-10-12
C03697,Itai,Dubois,Russian,38, Open Water,OTA,19/10/2025
C03698,Rohan,Iyer,India,39,None ,Website,2025-10-14
C03699,Siddharth,OConnor,Japan,50,None,Walk-in,2025-10-18
C03700,Emma,Cohen,Indian,23,None,Walk-in,2025-10-21
C03701,Itai,OConnor,Indian,34,None,OTA,October 12 2025
C03702,Marco,Park,India,26,Open Water,OTA,2025-10-22
C03703,Anouk,Tanaka,korea,28,RESCUE,Instagram,2025-10-14
C03704,Pierre,Iyer,Israeli,23,Open Water,OTA,2025-10-16
C03705,Sven,Rossi,IN,12,None,Hotel Partner,2025-10-15
C03706,Pierre,Tanaka,INDIA,12,NONE,Website,2025-10-17
C03707,Aarav,Schmidt,germany,19,None ,Website,2025-10-20
C03708,Aarav,Petrova, India ,28,none,Walk-in,2025-10-22
C03709,Ravi,Dubois,DE,36,None ,Website,2025-10-22
C03710,Hannah,Sharma,russia,33,Open Water,Referral,19/10/2025
C03711,James,Dubois,germany,31,None,Instagram,18/10/2025
C03712,Neha,Brown,Dutch,55,None,Instagram,October 18 2025
C03713,Neha,OConnor,USA,46,OPEN WATER,,2025-10-16
C03714,Anouk,Sharma,NL,41,None,Referral,October 17 2025
C03715,Aditya,Rossi,INDIA,33,Open Water ,Referral,2025-10-21
C03716,Sarah,Tanaka,IN,,ADVANCED,Walk-in,2025-10-14
C03717,Ravi,Iyer,INDIA,33,None ,Walk-in,October 22 2025
C03718,Sven,Nair,IN,26,Open Water ,Hotel Partner,24/10/2025
C03719,Pooja,Cohen,India,42,None,Instagram,2025-10-19
C03720,Minjun,Nair,Japanese,36,NONE,OTA,24/10/2025
C03721,Sneha,Wilson,KR,38,Rescue ,Instagram,2025-10-21
C03722,Meera,Muller,Indian,,None,OTA,2025-10-24
C03723,Pierre,Banerjee,United Kingdom,21,none,OTA,2025-10-26
C03724,Ananya,Kulkarni,japan,37,NONE,Walk-in,2025-10-16
C03725,Karan,Chowdhury,Indian,30, Open Water,Hotel Partner,2025-10-23
C03726,Sarah,Chowdhury,Indian,43,Advanced,Hotel Partner,2025-10-16
C03727,Lukas,Muller,Indian,42,None,OTA,2025-10-21
C03728,Aarav,Reddy,india,33,Advanced,Website,26/10/2025
C03729,Priya,Cohen,INDIA,39,Rescue,OTA,2025-10-23
C03730,James,Kulkarni, India ,40,NONE,Instagram,October 16 2025
C03731,Sophie,Gupta,IN,44,None,Walk-in,2025-10-25
C03732,Hannah,Taylor,IN,33,Advanced,Referral,2025-10-19
C03733,Priya,Muller,france,,none,Referral,October 18 2025
C03734,Itai,Chowdhury,india,51,Open Water ,Website,2025-10-24
C03735,Ishaan,Petrova,india,23,None,Referral,22/10/2025
C03736,Kavya,Patel,india,26,None,OTA,October 21 2025
C03737,Meera,Smith,India,28,ADVANCED,Walk-in,2025-10-25
C03738,Divya,Jansen,Indian,45,open water,Walk-in,2025-10-28
C03739,Dmitri,Banerjee,IN,34,none,Walk-in,2025-10-28
C03740,Ananya,Muller, India ,29,None,,22/10/2025
C03741,Anouk,Jansen,Indian,36,none,OTA,26/10/2025
C03742,Ravi,Petrova,IN,37,None,Referral,2025-10-24
C03743,Ishaan,Tanaka, India ,26,Advanced,Walk-in,22/10/2025
C03744,Pooja,Patel,Indian,53,open water,OTA,2025-10-24
C03745,Divya,Kim,india,36,None,OTA,2025-10-25
C03746,Rohan,Levi,india,21,NONE,Walk-in,October 28 2025
C03747,Pierre,Dubois,INDIA,33,Advanced ,Instagram,2025-10-25
C03748,Divya,Petrova,England,44,None,Website,2025-10-21
C03749,Meera,Sharma,France,24,None,,October 28 2025
C03750,Liam,Schmidt,india,19,NONE,Instagram,2025-10-24
C03751,Aditya,Menon,Indian,58,None,Website,2025-10-22
C03752,Sophie,OConnor,Australia,44,Divemaster,OTA,2025-10-21
C03753,Rohan,Levi,IN,47,Rescue,Hotel Partner,2025-10-24
C03754,Priya,Brown, India ,39,Open Water,Hotel Partner,2025-10-21
C03755,Karan,Banerjee,INDIA,31,None ,OTA,October 27 2025
C03756,Divya,Patel,UK,28,Open Water ,Hotel Partner,2025-10-24
C03757,Yuki,Levi,France,32,none,Walk-in,2025-10-27
C03758,Arjun,Iyer,French,33,None ,Website,2025-10-27
C03759,Aarav,Rossi,AU,36,OPEN WATER,Website,October 28 2025
C03760,Ishaan,Muller, India ,44,None,,25/10/2025
C03761,Marco,Iyer,U.K.,38,None,Website,26/10/2025
C03762,Liam,Menon,IN,35,Advanced,,2025-10-22
C03763,Priya,Wilson,INDIA,35,None,OTA,2025-10-22
C03764,Lukas,Sharma,netherlands,25,None,Walk-in,28/10/2025
C03765,Pierre,Nair, India ,26,Open Water,OTA,2025-10-25
C03766,Pierre,Muller,IN,25,Open Water,Walk-in,2025-10-29
C03767,Rahul,Reddy,RU,47,None,OTA,2025-10-31
C03768,Noa,Banerjee,South Korea,,advanced,Referral,2025-10-27
C03769,Ananya,Gupta,Australian,36,NONE,OTA,2025-10-31
C03770,Elena,Ivanov,Indian,30,Advanced,OTA,2025-10-30
C03771,Ishaan,Desai, India ,34,none,Referral,October 29 2025
C03772,Sven,Desai,russia,27,Open Water ,Website,2025-10-24
C03773,Chloe,Rao,IN,,Open Water,OTA,November 1 2025
C03774,Minjun,Reddy,U.S.A.,37,ADVANCED,OTA,2025-10-29
C03775,Aarav,Gupta,germany,32,None,Walk-in,2025-10-31
C03776,Pierre,Patel,U.K.,36,Advanced,Website,03/11/2025
C03777,Kavya,Taylor,FR,46,none,Instagram,2025-10-27
C03778,Lukas,OConnor,Japan,,open water,OTA,2025-10-28
C03779,Liam,Kulkarni,DE,43,None,OTA,November 2 2025
C03780,Tom,Muller,Indian,37,None,OTA,2025-10-27
C03781,Vikram,Bakker,Indian,,Open Water,,November 1 2025
C03782,Dmitri,Muller, India ,29,None,,2025-11-02
C03783,Lukas,Smith,india,47,Open Water,OTA,26/10/2025
C03784,Sarah,Patel,France,42,Open  Water,Walk-in,2025-10-27
C03785,Siddharth,Muller,INDIA,5,None ,OTA,2025-10-28
C03786,Kavya,Smith,india,29,Open Water,Walk-in,2025-11-04
C03787,Daniel,Levi,DE,41,none,Website,02/11/2025
C03788,Yuki,Kulkarni,INDIA,41,none,OTA,31/10/2025
C03789,Priya,Kulkarni,India,27,Rescue,Website,29/10/2025
C03790,James,Cohen,RU,41,Advanced,Walk-in,2025-10-30
C03791,Hannah,Park,INDIA,35,ADVANCED,OTA,04/11/2025
C03792,Emma,Ivanov,IN,46,NONE,OTA,29/10/2025
C03793,Noa,Rao,France,25,Open Water,Walk-in,2025-11-04
C03794,Liam,Rao,india,3, None,,05/11/2025
C03795,Elena,Smith,INDIA,58,NONE,Instagram,2025-11-06
C03796,Marco,Kim,USA,32,None,Website,2025-11-05
C03797,Sven,Jansen,India,19,ADVANCED,Instagram,05/11/2025
C03798,Pierre,Wilson,Indian,34,NONE,Referral,30/10/2025
C03799,James,Park,INDIA,40,Open Water,OTA,2025-10-31
C03800,Minjun,Wilson,india,22,open water,,2025-10-31
C03801,Sneha,Nair,australia,22,none,Referral,28/10/2025
C03802,Dmitri,Dubois,india,39,None,Website,October 30 2025
C03803,Rahul,Reddy,russia,39,none,Instagram,November 3 2025
C03804,Priya,Sharma,india,29,none,OTA,2025-11-01
C03805,Elena,Taylor, India ,45,NONE,OTA,2025-11-06
C03806,Sarah,Cohen,USA,45, None,OTA,2025-11-03
C03807,Ananya,Gupta,Indian,36,advanced,,2025-11-01
C03808,Karan,Reddy, India ,38,None,OTA,03/11/2025
C03809,Sophie,Taylor,JP,19,NONE,Walk-in,2025-11-08
C03810,Anouk,Cohen,Korean,33,None,Website,2025-10-31
C03811,Aarav,Rossi, India ,29,open water,Referral,2025-11-05
C03812,Yuki,Patel,india,18,Advanced,OTA,30/10/2025
C03813,James,Kim,Indian,45,Advanced,Website,05/11/2025
C03814,Marco,Wilson,U.K.,29,OPEN WATER,Referral,2025-11-03
C03815,Karan,Menon,IN,,Open Water,Hotel Partner,05/11/2025
C03816,Dmitri,Desai,IN,,Rescue ,Walk-in,06/11/2025
C03817,Meera,Cohen,IN,40, Open Water,Walk-in,2025-11-06
C03818,Minjun,Reddy,British,27,None,Hotel Partner,November 3 2025
C03819,Arjun,Kim,Australian,22,None,Website,2025-11-01
C03820,Pooja,Banerjee,netherlands,26,None,Walk-in,2025-11-03
C03821,Daniel,Rao,Japan,33,none,Hotel Partner,2025-11-04
C03822,Neha,Sharma,INDIA,41,None ,Walk-in,November 1 2025
C03823,Emma,Kulkarni,IN,40,advanced,Referral,2025-11-10
C03824,Marco,Ivanov, India ,30,Advanced ,OTA,2025-11-09
C03825,Priya,Muller,German,21,None,OTA,2025-11-02
C03826,Itai,Desai,india,39,Advanced ,,2025-10-31
C03827,Sophie,Park,uk,22, Open Water,OTA,2025-11-06
C03828,Ravi,Jansen,INDIA,34,DIVEMASTER,Instagram,06/11/2025
C03829,Lukas,Smith,DE,,ADVANCED,Referral,10/11/2025
C03830,Liam,Nair, India ,28,Advanced,OTA,04/11/2025
C03831,Ananya,Schmidt,South Korea,43,none,OTA,2025-11-06
C03832,Priya,OConnor,United Kingdom,29,Open Water,Website,2025-11-01
C03833,Siddharth,Banerjee,INDIA,45,Advanced,Instagram,2025-11-04
C03834,Olga,Wilson,india,23,open water,Referral,2025-11-09
C03835,Camille,Tanaka,IT,38,Open Water,Instagram,2025-11-09
C03836,Meera,Park, India ,43,Open Water,OTA,2025-11-03
C03837,Sarah,Iyer,israel,,Advanced,Walk-in,06/11/2025
C03838,Ishaan,Iyer,British,24,None ,OTA,12/11/2025
C03839,Rohan,Muller,Israel,34,None ,Referral,2025-11-05
C03840,Sophie,Dubois,Indian,23,OPEN WATER,,10/11/2025
C03841,Pooja,Dubois,U.S.A.,27,Open  Water,Website,2025-11-03
C03842,Rohan,Nair,Indian,39,DIVEMASTER,OTA,November 12 2025
C03843,Liam,Reddy,INDIA,41, Open Water,Walk-in,2025-11-12
C03844,Ishaan,Nair,france,34,None,OTA,2025-11-03
C03845,Sophie,Schmidt,Australian,33,Advanced,Website,2025-11-07
C03846,Lukas,Desai,INDIA,31, None,Walk-in,2025-11-08
C03847,Minjun,Iyer, India ,29,Open Water ,Hotel Partner,2025-11-10
C03848,Arjun,Sharma,israel,32,Open Water ,,06/11/2025
C03849,Minjun,Petrova, India ,43,ADVANCED,Website,November 5 2025
C03850,Lukas,Chowdhury,India,15,advanced,,2025-11-05
C03851,Pierre,Sharma,France,19,None,,2025-11-11
C03852,Chloe,Cohen,French,47,open water,Instagram,12/11/2025
C03853,Marco,Gupta,Holland,,OPEN WATER,Hotel Partner,15/11/2025
C03854,Divya,Levi,U.K.,50,Open Water,OTA,11/11/2025
C03855,Itai,Nair, India ,27,None,Referral,2025-11-14
C03856,Liam,Kulkarni,India,24,Open Water,OTA,06/11/2025
C03857,Ananya,Muller,United Kingdom,34,None,Website,2025-11-14
C03858,Liam,Levi,australia,20,open water,Instagram,2025-11-14
C03859,Sven,Smith,india,38,open water,Instagram,2025-11-09
C03860,Divya,Taylor,Indian,37,Open Water,,2025-11-15
C03861,Dmitri,Desai,INDIA,36,none,Walk-in,10/11/2025
C03862,Pierre,Wilson,IN,31,Open Water,Hotel Partner,November 6 2025
C03863,Rahul,Banerjee,DE,29,None,Hotel Partner,2025-11-09
C03864,Arjun,Jansen,INDIA,,Open Water,OTA,November 11 2025
C03865,Sven,Dubois,IN,33,None,Website,2025-11-10
C03866,Meera,Brown,INDIA,20,NONE,Hotel Partner,12/11/2025
C03867,Divya,Brown,india,49,None,,2025-11-12
C03868,Aarav,Petrova,Indian,39,OPEN WATER,Website,2025-11-10
C03869,Karan,Iyer,RU,21,None,OTA,November 12 2025
C03870,Anouk,Park,india,16,open water,,2025-11-13
C03871,Olga,Petrova,Indian,12,None,Hotel Partner,12/11/2025
C03872,Sophie,Iyer,United Kingdom,54,None,Hotel Partner,2025-11-15
C03873,Neha,Muller,India,29,Open Water,Website,2025-11-10
C03874,Sneha,Rossi,IN,24,None,OTA,November 16 2025
C03875,Tom,Patel,Russia,37,Open Water,OTA,14/11/2025
C03876,Minjun,Levi,British,35,Open Water,Referral,18/11/2025
C03877,Dmitri,Petrova,Indian,22, None,Walk-in,18/11/2025
C03878,Noa,Menon,Russia,35,none,OTA,2025-11-15
C03879,Arjun,Patel,FR,22,Open Water,,November 18 2025
C03880,Sneha,Ivanov,india,14,None,Referral,2025-11-17
C03881,Sarah,Sharma,Netherlands,,none,OTA,November 17 2025
C03882,Hannah,Schmidt,IL,12,None ,Referral,2025-11-16
C03883,Rohan,Sharma,india,44,Rescue ,OTA,11/11/2025
C03884,Liam,Reddy,Japanese,,None,OTA,2025-11-20
C03885,Pooja,Park,russia,28,Open Water,OTA,2025-11-16
C03886,Sarah,Wilson,India,36,Advanced,OTA,2025-11-18
C03887,Aarav,Smith,AU,36,None,Walk-in,16/11/2025
C03888,Rahul,Wilson,IT,48,None,,2025-11-19
C03889,Rahul,Bakker,india,,open water,Walk-in,2025-11-10
C03890,Siddharth,Rossi,israel,12,None,Website,2025-11-18
C03891,Chloe,Tanaka,United Kingdom,27,None,OTA,November 16 2025
C03892,Sven,Wilson,india,33,None,Website,2025-11-13
C03893,Noa,Brown,Indian,29, Advanced,Instagram,2025-11-16
C03894,Emma,Kulkarni,INDIA,30,Advanced,Referral,14/11/2025
C03895,James,Bakker,Italian,25,None,,2025-11-11
C03896,Camille,Chowdhury,russia,52,rescue,Referral,2025-11-21
C03897,James,Kim,uk,31,Open Water,Walk-in,November 18 2025
C03898,Ravi,Schmidt,INDIA,41,None,,13/11/2025
C03899,Arjun,Jansen,India,,None,Website,2025-11-18
C03900,Arjun,Desai,russia,46,open water,OTA,November 22 2025
C03901,Sarah,Tanaka, India ,25,None,OTA,2025-11-12
C03902,Rohan,Gupta,russia,29,Advanced,Website,17/11/2025
C03903,Arjun,Chowdhury,india,42,open water,Walk-in,2025-11-21
C03904,Vikram,Rossi,India,, None,OTA,18/11/2025
C03905,Yuki,Menon,INDIA,20,NONE,Walk-in,2025-11-16
C03906,Kavya,Desai, India ,40,None,Hotel Partner,21/11/2025
C03907,Marco,Kulkarni,United Kingdom,29,Open Water,Walk-in,2025-11-14
C03908,Siddharth,Rao,India,33,Open Water,Website,2025-11-23
C03909,Daniel,Sharma,Indian,50,None,Hotel Partner,November 22 2025
C03910,Kavya,Taylor,Dutch,39,Open Water,OTA,November 15 2025
C03911,Ishaan,Nair,India,39,OPEN WATER,Website,2025-11-20
C03912,Neha,Gupta,Australia,45,Advanced,Referral,2025-11-20
C03913,Dmitri,Petrova,American,,open water,Referral,2025-11-21
C03914,Divya,Jansen,India,33,None,OTA,2025-11-16
C03915,Emma,Rao,Indian,35,open water,Website,20/11/2025
C03916,Kavya,OConnor,INDIA,35,Rescue,OTA,20/11/2025
C03917,Rohan,Banerjee, India ,28,Advanced ,OTA,2025-11-20
C03918,Neha,Sharma,germany,30,None,Instagram,2025-11-24
C03919,Rohan,Dubois,UK,38,None,Website,21/11/2025
C03920,Dmitri,Iyer,British,37,None,OTA,2025-11-15
C03921,Ananya,Dubois,india,40,Advanced,Walk-in,2025-11-24
C03922,Sven,Cohen, India ,35,OPEN WATER,Website,2025-11-16
C03923,Aditya,Ivanov,INDIA,45,None,OTA,17/11/2025
C03924,Olga,Reddy,British,32,none,,2025-11-15
C03925,Ravi,OConnor, India ,18,none,OTA,2025-11-15
C03926,Tom,Reddy, India ,45, None,Website,24/11/2025
C03927,Sven,Gupta,INDIA,29,OPEN WATER,OTA,24/11/2025
C03928,Priya,Menon,india,39,None,Website,24/11/2025
C03929,Meera,Patel, India ,19,OPEN WATER,Instagram,2025-11-21
C03930,Chloe,Jansen,Israel,12,Open Water,Walk-in,20/11/2025
C03931,Yuki,Cohen,israel,,None,Instagram,15/11/2025
C03932,Siddharth,Kulkarni,INDIA,38,None,OTA,21/11/2025
C03933,Ishaan,Banerjee,Australian,51,open water,OTA,24/11/2025
C03934,Karan,Nair,IN,38,none,Walk-in,2025-11-21
C03935,James,Park,India,,None,OTA,2025-11-20
C03936,Kavya,Wilson,India,44,None,Referral,2025-11-25
C03937,Ananya,Desai,India,14,None,Walk-in,November 16 2025
C03938,Hannah,Banerjee,England,41, None,,2025-11-23
C03939,Sneha,Rossi,us,24,None,,18/11/2025
C03940,Liam,Chowdhury,IN,28,Open Water,OTA,2025-11-24
C03941,Emma,Kulkarni,IN,,OPEN WATER,Walk-in,2025-11-24
C03942,Vikram,Ivanov,france,,Open Water ,Website,23/11/2025
C03943,Sarah,Menon,Holland,21,None,Website,2025-11-23
C03944,Anouk,Rossi,South Korea,,Open Water,OTA,18/11/2025
C03945,Sarah,Park,india,27,Open Water ,OTA,2025-11-18
C03946,Ravi,Taylor,Russian,31, None,,2025-11-18
C03947,Lukas,Bakker,uk,47,None,Walk-in,2025-11-21
C03948,Vikram,Menon,india,24,NONE,Walk-in,2025-11-23
C03949,James,Tanaka,Indian,,Advanced,OTA,18/11/2025
C03950,Sarah,Menon,United States,42,None,,2025-11-26
C03951,Tom,Patel,KR,12,NONE,,2025-11-27
C03952,Ishaan,Brown,india,31,Advanced,Referral,21/11/2025
C03953,Hannah,Rossi, India ,33,NONE,Walk-in,November 28 2025
C03954,Sneha,Desai,Dutch,36, Open Water,Walk-in,20/11/2025
C03955,Divya,Petrova,Holland,27,Open Water,Walk-in,2025-11-27
C03956,Aarav,Sharma,india,32, Rescue,Website,2025-11-27
C03957,Hannah,Sharma,india,47,none,Walk-in,2025-11-20
C03958,Yuki,Kulkarni,U.K.,40,None,Instagram,November 25 2025
C03959,Pooja,Bakker,india,38,Advanced,Hotel Partner,2025-11-24
C03960,Karan,Gupta, India ,36,none,Walk-in,2025-11-29
C03961,Ravi,Sharma, India ,44,rescue,OTA,2025-11-27
C03962,Ananya,Taylor,INDIA,,advanced,OTA,28/11/2025
C03963,Aarav,Kulkarni,Israeli,,Advanced,OTA,November 21 2025
C03964,Aarav,Rao,U.S.A.,,Open Water,Hotel Partner,21/11/2025
C03965,Yuki,Smith,United States,38,None,Website,November 25 2025
C03966,Camille,OConnor,India,33,RESCUE,Website,2025-11-20
C03967,Vikram,Ivanov, India ,28,Advanced,Hotel Partner,27/11/2025
C03968,Tom,Desai,germany,41,Open Water,Hotel Partner,2025-11-24
C03969,Rahul,OConnor,India,39,advanced,OTA,29/11/2025
C03970,Elena,Jansen,INDIA,51,None,OTA,2025-11-23
C03971,Neha,Jansen,india,36,open water,,November 23 2025
C03972,Kavya,Cohen,South Korea,,None,OTA,24/11/2025
C03973,James,Rao,IN,49,OPEN WATER,Website,2025-11-29
C03974,James,Taylor, India ,27,none,Website,2025-11-27
C03975,Rohan,Desai,USA,27,none,OTA,21/11/2025
C03976,Ravi,Desai,Japan,14,Open Water,Website,30/11/2025
C03977,Lukas,Petrova,Holland,49,ADVANCED,Walk-in,2025-11-23
C03978,Yuki,Rossi,INDIA,26,None,Instagram,November 24 2025
C03979,Emma,Menon,australia,34,Open Water,Walk-in,2025-11-30
C03980,Daniel,Banerjee,American,20,Advanced,OTA,2025-12-01
C03981,Liam,Dubois,IN,45,none,Instagram,25/11/2025
C03982,Vikram,Tanaka, India ,28,Advanced,Website,November 21 2025
C03983,Sven,Park,India,43,None,Website,2025-11-25
C03984,Aditya,Desai,italy,32,None,OTA,2025-11-29
C03985,Meera,Taylor,IN,45,open water,OTA,24/11/2025
C03986,Emma,Dubois,India,27, Open Water,OTA,2025-11-26
C03987,Noa,Menon,Russia,40,None ,OTA,2025-11-22
C03988,Pierre,Jansen,India,16,Open Water,OTA,November 21 2025
C03989,Meera,Dubois,DE,28,None ,Walk-in,2025-11-30
C03990,Sophie,Reddy,korea,,Open Water,OTA,2025-11-21
C03991,Rahul,Schmidt,Indian,27,ADVANCED,OTA,November 21 2025
C03992,Daniel,Desai,Russian,37,Open Water ,Website,22/11/2025
C03993,Aditya,Kulkarni,IN,38, Open Water,Website,26/11/2025
C03994,Chloe,Gupta,NL,29,None ,OTA,2025-11-28
C03995,Rahul,Brown,Holland,44,Advanced ,Website,2025-11-30
C03996,Rohan,Reddy,india,33,Open Water,Website,November 28 2025
C03997,Camille,Schmidt,AU,46,None,OTA,2025-11-30
C03998,Priya,Rao,German,33,Open Water,Instagram,2025-11-28
C03999,Divya,Ivanov,india,37,Open Water,Referral,2025-11-23
C04000,Marco,Schmidt,india,28,Open Water,OTA,2025-12-02
C04001,Sarah,Brown,Indian,37,None,OTA,2025-11-29
C04002,Hannah,Smith,German,38,OPEN WATER,Instagram,November 29 2025
C04003,Lukas,Rossi,russia,43,None,OTA,2025-11-25
C04004,Liam,Smith,uk,43,OPEN WATER,Website,2025-11-28
C04005,James,Schmidt,IN,,None,OTA,2025-11-24
C04006,Neha,Wilson,uk,38,Open Water,Walk-in,23/11/2025
C04007,Rahul,Kim,India,50, Open Water,Instagram,2025-11-29
C04008,Ishaan,Sharma,Russian,48,Open Water,OTA,2025-11-25
C04009,Dmitri,Levi,USA,35,ADVANCED,Walk-in,02/12/2025
C04010,Siddharth,Patel,IN,31, None,OTA,2025-11-22
C04011,Sven,Reddy,Germany,43,NONE,,24/11/2025
C04012,Emma,Ivanov,French,48,advanced,Walk-in,2025-12-01
C04013,Rohan,Rao,Italy,19,Open Water,OTA,December 2 2025
C04014,Sophie,Levi,india,26,None,Walk-in,2025-12-02
C04015,Ishaan,Schmidt,Indian,21,None,,2025-11-30
C04016,Marco,Petrova,U.K.,16,Rescue ,OTA,2025-12-02
C04017,Lukas,Tanaka,INDIA,21,None,Website,2025-12-04
C04018,Sneha,Brown,IN,23,None,Walk-in,2025-11-30
C04019,Siddharth,Sharma,British,,OPEN WATER,Walk-in,2025-12-01
C04020,Chloe,Muller,UK,48,Open Water,Walk-in,November 29 2025
C04021,Dmitri,Kim,Korean,44,open water,Instagram,2025-12-04
C04022,Priya,Brown,india,12,Open Water,OTA,November 30 2025
C04023,Arjun,Patel,india,54,None,Walk-in,24/11/2025
C04024,Siddharth,Wilson,England,28,Open Water ,Walk-in,2025-11-29
C04025,Sneha,Nair,uk,30,None,Instagram,November 27 2025
C04026,Meera,Menon, India ,39,none,Instagram,26/11/2025
C04027,Yuki,Sharma,Indian,31,open water,Website,2025-12-05
C04028,Marco,Bakker,United States,28,Advanced,Referral,November 26 2025
C04029,Priya,Gupta,India,25,None,OTA,2025-12-01
C04030,Sneha,Muller,UK,46,DIVEMASTER,OTA,2025-11-27
C04031,Hannah,Rossi,IN,34,Open Water ,Walk-in,05/12/2025
C04032,Sophie,Gupta,india,31,NONE,Website,2025-12-04
C04033,Noa,Taylor,Indian,29,open water,,05/12/2025
C04034,Rohan,Iyer,KR,32,None ,Website,2025-12-05
C04035,Chloe,Cohen,IN,,None,Walk-in,2025-11-28
C04036,Aditya,Desai,India,15,Open Water,Hotel Partner,November 28 2025
C04037,Divya,Tanaka,Israel,,none,Instagram,02/12/2025
C04038,James,Tanaka,India,44,Open Water ,Website,05/12/2025
C04039,Daniel,Bakker,DE,25,Advanced,Referral,2025-12-03
C04040,Marco,Taylor,IN,30,Advanced,Instagram,2025-12-04
C04041,Karan,Smith,FR,45,Rescue,Website,28/11/2025
C04042,Chloe,Bakker,Korean,32,None,Walk-in,03/12/2025
C04043,Noa,Muller,Indian,41,None ,Instagram,27/11/2025
C04044,Ananya,Park,JP,45,Rescue,OTA,27/11/2025
C04045,Emma,Petrova,USA,,OPEN WATER,OTA,2025-11-26
C04046,Lukas,Menon,India,33, None,Hotel Partner,2025-12-01
C04047,Ishaan,Cohen,INDIA,27,None,Hotel Partner,2025-12-03
C04048,Camille,Muller,INDIA,26,Rescue ,OTA,29/11/2025
C04049,Neha,Reddy,German,20,NONE,Hotel Partner,2025-12-02
C04050,Olga,Ivanov,Israel,34,None,OTA,2025-11-30
C04051,Lukas,Bakker,South Korea,30,None ,Referral,2025-12-01
C04052,Arjun,Park,South Korea,34,none,Instagram,06/12/2025
C04053,Marco,OConnor,INDIA,29,None,Referral,2025-11-30
C04054,James,Muller,British,37,Open Water,Website,06/12/2025
C04055,Sophie,Rossi,korea,36, None,Walk-in,December 4 2025
C04056,Sophie,OConnor,Russian,21,Open Water,Instagram,04/12/2025
C04057,Karan,Petrova,IN,41,advanced,,2025-12-03
C04058,Olga,Dubois,United Kingdom,43,None,OTA,December 3 2025
C04059,Rahul,Taylor,Indian,25,NONE,OTA,02/12/2025
C04060,Tom,Bakker, India ,35,Open Water ,Website,November 30 2025
C04061,Siddharth,Reddy,india,21,Open Water,Website,2025-12-01
C04062,Sneha,Rao,India,30,Open Water,Website,December 6 2025
C04063,Sophie,Menon,France,55,None,Hotel Partner,2025-11-30
C04064,Vikram,Gupta, India ,26,none,Walk-in,02/12/2025
C04065,Yuki,Muller,INDIA,, Open Water,Walk-in,05/12/2025
C04066,Daniel,Brown,Indian,44, Open Water,Walk-in,2025-11-29
C04067,Tom,Park,IT,26,none,Website,2025-12-03
C04068,Aditya,Rao,Indian,40,NONE,Walk-in,2025-12-03
C04069,Marco,OConnor,india,17,Advanced,Walk-in,2025-12-08
C04070,Ishaan,Sharma,Russia,40,open water,,2025-12-09
C04071,Yuki,Brown,Netherlands,35,Open  Water,,2025-12-03
C04072,Tom,Rossi,Indian,29,none,Referral,08/12/2025
C04073,Dmitri,Bakker,india,43,Open Water,Website,2025-12-02
C04074,Sneha,Levi,U.K.,115,Advanced ,OTA,2025-12-08
C04075,Aarav,Petrova,IL,20,open water,Instagram,2025-11-30
C04076,Hannah,Kulkarni,India,,Open Water,Referral,2025-12-05
C04077,Vikram,Muller,Holland,31, None,OTA,04/12/2025
C04078,Lukas,Reddy,INDIA,28,none,OTA,2025-12-07
C04079,Liam,Kulkarni,INDIA,31,Open Water,Hotel Partner,December 5 2025
C04080,Divya,Muller,israel,47,open water,,2025-12-07
C04081,Arjun,Rossi, India ,38,Open Water ,OTA,10/12/2025
C04082,Vikram,Muller,Indian,19,Open Water,OTA,December 4 2025
C04083,Rahul,Chowdhury,india,, Open Water,Website,2025-12-06
C04084,Ananya,Sharma,Japanese,14,None,Website,2025-12-10
C04085,Yuki,Rossi,us,29,Open Water,Walk-in,08/12/2025
C04086,Anouk,Reddy,Russia,23,NONE,OTA,2025-12-10
C04087,Olga,Petrova,IN,39,NONE,Referral,2025-12-01
C04088,Aarav,Park,India,36,none,Website,2025-12-06
C04089,Aditya,Patel,Indian,28,None,OTA,2025-12-06
C04090,Dmitri,Chowdhury,IN,17,advanced,Walk-in,2025-12-01
C04091,Ravi,Nair,FR,28,None,OTA,10/12/2025
C04092,Pooja,Chowdhury,India,42,NONE,Website,03/12/2025
C04093,Neha,Cohen,RU,23,Advanced,Walk-in,02/12/2025
C04094,Aditya,Reddy,korea,30,NONE,OTA,2025-12-11
C04095,Daniel,Muller,IN,20,Open Water,Hotel Partner,2025-12-07
C04096,Yuki,Desai,Indian,28,None,OTA,2025-12-02
C04097,Aarav,Menon,England,13,NONE,,2025-12-09
C04098,Ishaan,Iyer, India ,32, None,Website,05/12/2025
C04099,Rohan,Park,Australia,33,None,Website,06/12/2025
C04100,Ananya,Rossi,German,25,none,OTA,2025-12-06
C04101,Ravi,OConnor,russia,27,None,Referral,2025-12-10
C04102,Liam,Desai,UK,29,Open Water,Instagram,2025-12-02
C04103,Sarah,Petrova, India ,18, Advanced,OTA,2025-12-09
C04104,Ananya,Cohen,INDIA,35, Open Water,Walk-in,07/12/2025
C04105,James,Rao,IN,52,Open Water,OTA,December 6 2025
C04106,Emma,Jansen,Italian,43,None,Instagram,2025-12-06
C04107,Camille,Patel, India ,32,None,OTA,2025-12-07
C04108,Sven,Nair,India,29,None,,December 9 2025
C04109,Sarah,Sharma,Israeli,42,None,Instagram,2025-12-11
C04110,Dmitri,Desai,India,12,Open Water,OTA,2025-12-07
C04111,Elena,Patel,IN,, Open Water,Walk-in,2025-12-13
C04112,Siddharth,Sharma,India,45,rescue,Hotel Partner,2025-12-12
C04113,Anouk,Gupta,INDIA,25,Open Water,OTA,2025-12-08
C04114,Dmitri,Jansen,Russian,19,None,OTA,2025-12-10
C04115,Sarah,Gupta,Germany,34,NONE,OTA,11/12/2025
C04116,Ananya,Kim,IT,34,Advanced,OTA,2025-12-12
C04117,Ishaan,Rao,us,17,Advanced,OTA,2025-12-15
C04118,Daniel,Schmidt,IN,28,none,Instagram,2025-12-13
C04119,Sneha,Tanaka,IN,41,None,OTA,2025-12-07
C04120,Camille,Levi,FR,28,none,Website,2025-12-10
C04121,Itai,Tanaka,australia,35,None ,Referral,December 8 2025
C04122,Camille,Nair,netherlands,16,None,OTA,2025-12-05
C04123,Divya,Muller,Italian,37,Open Water,Hotel Partner,2025-12-09
C04124,Ananya,Petrova,India,40,None ,OTA,2025-12-12
C04125,Olga,Desai,IN,19,None,Website,2025-12-07
C04126,Kavya,Iyer,INDIA,27,NONE,Referral,2025-12-05
C04127,Anouk,Bakker, India ,43,Open Water,Hotel Partner,2025-12-10
C04128,Sven,Iyer,French,26,Open Water ,Website,2025-12-13
C04129,Minjun,Banerjee,india,37,None,Instagram,06/12/2025
C04130,Divya,Wilson,U.K.,,none,Website,2025-12-11
C04131,Rohan,Ivanov,U.S.A.,37,None,Referral,2025-12-06
C04132,Sarah,Dubois,INDIA,29,None ,Instagram,2025-12-06
C04133,Ravi,Smith,Korean,19,Open Water,Walk-in,2025-12-11
C04134,Anouk,Levi,Holland,34,Open Water,Walk-in,2025-12-07
C04135,Neha,Levi, India ,33,open water,Walk-in,December 7 2025
C04136,Sarah,Jansen,russia,27,None,Website,2025-12-14
C04137,Sven,Rossi,India,,None,Website,2025-12-13
C04138,Divya,Park,France,30,None,Hotel Partner,December 12 2025
C04139,Meera,Dubois,India,16,NONE,Instagram,December 7 2025
C04140,Anouk,Rossi,India,40,none,OTA,December 8 2025
C04141,Daniel,Rossi,Israeli,41,Advanced,Referral,2025-12-14
C04142,Tom,Desai, India ,28,Open Water ,Website,December 15 2025
C04143,Camille,Rossi, India ,32,None,Walk-in,2025-12-15
C04144,Divya,Menon,German,29,None,OTA,2025-12-15
C04145,Vikram,Park,NL,28,Open Water,Website,17/12/2025
C04146,Rohan,Gupta,England,12,NONE,Hotel Partner,2025-12-13
C04147,Sven,Wilson, India ,44,None,OTA,December 8 2025
C04148,Ravi,Gupta,INDIA,33,Open Water,OTA,2025-12-14
C04149,Arjun,Rao,uk,45,Open Water,Hotel Partner,2025-12-18
C04150,Ananya,OConnor,Indian,36,None,Website,2025-12-11
C04151,Daniel,Petrova, India ,15,Rescue,,December 15 2025
C04152,Aarav,Banerjee,INDIA,32,Advanced,Hotel Partner,2025-12-17
C04153,Vikram,Wilson,Indian,15,None,,December 16 2025
C04154,Liam,Tanaka,France,28,NONE,OTA,2025-12-09
C04155,Itai,Reddy,IN,22,none,Website,December 14 2025
C04156,Tom,Gupta,Netherlands,23,OPEN WATER,Website,December 13 2025
C04157,Meera,Desai, India ,38,NONE,Website,2025-12-18
C04158,Arjun,Sharma, India ,12,None,Walk-in,2025-12-19
C04159,Emma,Patel,India,34,rescue,Referral,2025-12-19
C04160,Vikram,Wilson,India,38,Advanced,Instagram,2025-12-12
C04161,Sneha,Rao,us,30,ADVANCED,Website,2025-12-16
C04162,Ananya,Kulkarni,IN,30,none,Instagram,2025-12-14
C04163,Yuki,Levi,Russia,35,Open Water ,Walk-in,2025-12-09
C04164,Sarah,Taylor,IN,23,none,Referral,2025-12-13
C04165,Sven,Sharma,French,28,None,Website,December 17 2025
C04166,Itai,Cohen,England,34,Open Water,Instagram,12/12/2025
C04167,Siddharth,Iyer,IN,44,open water,Walk-in,13/12/2025
C04168,Arjun,Kulkarni,india,39,NONE,Instagram,December 17 2025
C04169,Olga,Ivanov,British,35, Open Water,Walk-in,2025-12-16
C04170,Daniel,Wilson,FR,48,none,OTA,2025-12-14
C04171,Minjun,Petrova,india,29,None,Referral,2025-12-12
C04172,Camille,Banerjee, India ,,NONE,Website,11/12/2025
C04173,Vikram,Iyer,india,43,none,Website,20/12/2025
C04174,Meera,Rao, India ,36,None,OTA,2025-12-18
C04175,Divya,Reddy,Dutch,26,None,Hotel Partner,16/12/2025
C04176,Ravi,Banerjee,India,42,None ,OTA,2025-12-20
C04177,Sven,Chowdhury,German,20, None,Referral,2025-12-12
C04178,Emma,Jansen,FR,,Open Water,Walk-in,December 10 2025
C04179,Divya,Wilson,russia,32,none,Website,11/12/2025
C04180,Rahul,Banerjee,England,43,OPEN WATER,OTA,2025-12-13
C04181,Elena,Cohen,German,47,Open Water,Website,2025-12-19
C04182,Divya,Gupta,IN,,Open Water,OTA,2025-12-10
C04183,Arjun,Desai,IN,21,Divemaster,Walk-in,2025-12-16
C04184,Pooja,Iyer,IT,25,advanced,Website,20/12/2025
C04185,Camille,Chowdhury,DE,41,rescue,OTA,2025-12-16
C04186,Divya,Banerjee, India ,40,None,Walk-in,2025-12-13
C04187,Sarah,Ivanov,IN,27,Open Water,Referral,2025-12-14
C04188,Pooja,Nair,Holland,38,None,Referral,December 19 2025
C04189,Ravi,Dubois,Germany,26,None,OTA,2025-12-14
C04190,Yuki,Brown,German,25,None,,2025-12-18
C04191,Olga,Dubois,india,27,Open Water ,Instagram,2025-12-16
C04192,Karan,Jansen,INDIA,36,None,,2025-12-12
C04193,Priya,Nair,Italy,30,OPEN WATER,Website,19/12/2025
C04194,Sophie,Brown,IN,,OPEN WATER,Hotel Partner,December 14 2025
C04195,Minjun,Schmidt,IN,54,None,OTA,2025-12-20
C04196,Pooja,Smith,uk,41,None,OTA,2025-12-21
C04197,Rohan,OConnor,France,36,NONE,,2025-12-12
C04198,Pierre,Kulkarni,India,,None ,OTA,December 21 2025
C04199,Elena,Rao, India ,41,Open Water,Website,15/12/2025
C04200,Tom,Kim,United Kingdom,31,None,,2025-12-22
C04201,Minjun,Bakker,American,33,Open Water,,18/12/2025
C04202,Daniel,Rao,INDIA,35,open water,OTA,2025-12-18
C04203,Aarav,Schmidt,india,43,none,Instagram,23/12/2025
C04204,Vikram,Kim,RU,34,Open Water,Hotel Partner,December 14 2025
C04205,Vikram,Desai,United States,38,NONE,Instagram,2025-12-22
C04206,Sneha,Desai,India,43,None,Website,18/12/2025
C04207,Sophie,Banerjee, India ,25,none,OTA,December 17 2025
C04208,Aditya,Levi,india,21,Rescue,Website,2025-12-16
C04209,Noa,Park,Germany,39,advanced,OTA,2025-12-23
C04210,Anouk,Muller,American,29, None,Website,2025-12-19
C04211,Neha,Rossi,Italian,14, Open Water,OTA,2025-12-21
C04212,Chloe,Patel,India,37,NONE,Website,17/12/2025
C04213,Pooja,Park,India,22,Rescue,Website,2025-12-23
C04214,Liam,Rao,Netherlands,42,None,,23/12/2025
C04215,Dmitri,Patel,IN,33,None,OTA,2025-12-23
C04216,Noa,Rao,INDIA,31,OPEN WATER,OTA,2025-12-25
C04217,Dmitri,Muller,RU,12,none,OTA,18/12/2025
C04218,Aditya,Desai,IN,28,Advanced,OTA,2025-12-19
C04219,Elena,Iyer,IN,46,rescue,Hotel Partner,15/12/2025
C04220,Sven,Taylor,france,,Open Water,Hotel Partner,23/12/2025
C04221,Itai,Brown,Israel,33,Open Water,Walk-in,2025-12-20
C04222,Camille,Menon,india,21,None,OTA,2025-12-20
C04223,Ishaan,Wilson,IN,25,NONE,Hotel Partner,December 16 2025
C04224,Pierre,Patel,Holland,28,Open  Water,Walk-in,2025-12-18
C04225,Anouk,Kulkarni,Russian,27,Open Water,OTA,2025-12-17
C04226,Rahul,Park,Australian,24,Rescue ,Walk-in,24/12/2025
C04227,Chloe,Menon,Indian,32,NONE,Referral,2025-12-19
C04228,Kavya,Rao,Italy,32,Rescue,OTA,2025-12-24
C04229,Anouk,Muller,India,35, Open Water,OTA,2025-12-21
C04230,Pooja,Gupta,Indian,43,none,,2025-12-22
C04231,Minjun,Kim,Russian,16,OPEN WATER,Walk-in,2025-12-17
C04232,Dmitri,Park,Germany,28,None ,,2025-12-26
C04233,Anouk,Smith,U.S.A.,56,Open Water,OTA,19/12/2025
C04234,Elena,Banerjee,india,40,None,Referral,2025-12-24
C04235,Daniel,Schmidt,RU,29,None,OTA,2025-12-25
C04236,Ishaan,Dubois,india,47,rescue,OTA,December 27 2025
C04237,Sneha,Brown,India,15,Advanced,OTA,2025-12-25
C04238,Karan,Sharma,United States,49,Advanced ,Instagram,2025-12-18
C04239,Sarah,Iyer,IL,25,Advanced,Referral,2025-12-23
C04240,Elena,Smith,U.K.,30,OPEN WATER,Website,2025-12-21
C04241,Liam,Levi,russia,21,None,Referral,December 25 2025
C04242,Karan,Tanaka,UK,33,Advanced,Walk-in,21/12/2025
C04243,Ishaan,Levi, India ,12,none,,22/12/2025
C04244,Noa,Wilson,FR,39,advanced,Walk-in,December 21 2025
C04245,Minjun,Bakker,Italy,48,none,OTA,18/12/2025
C04246,Chloe,Schmidt,United Kingdom,28,Divemaster,Referral,2025-12-24
C04247,Noa,Banerjee,france,31,Advanced,Walk-in,December 26 2025
C04248,Rahul,Park,France,35,none,,27/12/2025
C04249,Camille,Dubois, India ,32, None,Referral,2025-12-26
C04250,Priya,Park,Germany,118,Advanced,OTA,December 20 2025
C04251,Meera,Kulkarni,Indian,29,Open  Water,Referral,18/12/2025
C04252,Siddharth,Reddy,germany,45,Open Water,Website,2025-12-27
C04253,Lukas,Wilson,Australia,27,Open  Water,Website,2025-12-28
C04254,Pooja,Brown, India ,33,Open Water,OTA,2025-12-22
C04255,Lukas,Rao,india,29,None,Walk-in,2025-12-18
C04256,Rahul,Gupta,IN,32,Rescue,,2025-12-24
C04257,Minjun,Jansen,germany,52,open water,OTA,2025-12-23
C04258,Arjun,Dubois,German,31,None,Referral,21/12/2025
C04259,Meera,Menon,Italy,39,OPEN WATER,Website,24/12/2025
C04260,Meera,Muller,france,59,Open Water,OTA,2025-12-23
C04261,Pierre,Nair,United Kingdom,34,None,Instagram,December 26 2025
C04262,Rahul,Desai,INDIA,25, Advanced,,2025-12-29
C04263,Rohan,Kim,Holland,17,Advanced,Referral,2025-12-25
C04264,Hannah,Smith,Indian,,Open Water,OTA,26/12/2025
C04265,Noa,Rao,UK,121,OPEN WATER,OTA,2025-12-21
C04266,Itai,Chowdhury,australia,36,None,OTA,2025-12-22
C04267,Hannah,Kulkarni,germany,28, Open Water,Hotel Partner,2025-12-25
C04268,Pierre,Tanaka,India,19,Advanced,Website,December 23 2025
C04269,Sneha,Menon,IN,34,Open Water,Instagram,2025-12-28
C04270,Dmitri,Kulkarni,Indian,39,advanced,,2025-12-24
C04271,Hannah,Desai,American,42,None,Referral,December 23 2025
C04272,Ananya,Park,Dutch,52,None,Walk-in,2025-12-26
C04273,Sneha,Patel,IN,22,None,Walk-in,2025-12-23
C04274,Anouk,Bakker,England,,Open Water,Instagram,2026-01-01
C04275,Siddharth,Nair,U.K.,39,Advanced,Walk-in,2025-12-30
C04276,Olga,Gupta,U.S.A.,19, Advanced,Referral,2025-12-29
C04277,Camille,Sharma,French,37,none,Instagram,28/12/2025
C04278,Noa,Tanaka,INDIA,43,None ,Website,28/12/2025
C04279,Marco,Levi,USA,45,NONE,OTA,December 24 2025
C04280,Kavya,Smith,india,38,None,Hotel Partner,01/01/2026
C04281,Aditya,Rao,AU,25,open water,OTA,January 1 2026
C04282,Neha,Park,USA,22,none,Hotel Partner,24/12/2025
C04283,Sophie,Desai,United Kingdom,47,Open  Water,Walk-in,December 28 2025
C04284,Siddharth,Sharma,us,46,none,Instagram,2025-12-31
C04285,Pooja,Smith,United Kingdom,31,Open Water,Website,25/12/2025
C04286,Liam,Ivanov, India ,44,OPEN WATER,Walk-in,2025-12-23
C04287,Sarah,Nair,India,36,ADVANCED,Website,2025-12-26
C04288,Camille,Gupta,INDIA,37,None,Walk-in,2025-12-27
C04289,Tom,Park,india,47,OPEN WATER,,2026-01-01
C04290,Minjun,OConnor,USA,28,Advanced,Instagram,2025-12-31
C04291,Noa,Cohen,U.K.,29,Advanced,Walk-in,30/12/2025
C04292,Itai,Smith,INDIA,14,none,Walk-in,2025-12-26
C04293,Lukas,Brown,india,35,NONE,Referral,2025-12-26
C04294,Itai,Kim,uk,36,advanced,OTA,2026-01-03
C04295,Karan,OConnor, India ,50,Divemaster,,02/01/2026
C04296,Dmitri,Muller,UK,38,Open Water,Website,2025-12-31
C04297,Sven,Banerjee,NL,27,OPEN WATER,OTA,2025-12-24
C04298,Karan,Wilson,Indian,40,Open Water ,OTA,2025-12-24
C04299,Karan,OConnor,DE,24,None,Walk-in,02/01/2026
C04300,Daniel,Rao,England,26,Open Water,Hotel Partner,January 1 2026
C04301,Sneha,Levi,UK,,None ,OTA,2025-12-30
C04302,Divya,Kulkarni,Indian,43,advanced,OTA,2026-01-02
C04303,Aditya,Chowdhury,IN,30,OPEN WATER,Walk-in,December 27 2025
C04304,Divya,Menon,Indian,35,NONE,Website,2025-12-26
C04305,Dmitri,Cohen,INDIA,38,NONE,OTA,30/12/2025
C04306,Minjun,Kim,Russia,36,none,Website,2026-01-04
C04307,Karan,OConnor,Israel,13,None,Walk-in,01/01/2026
C04308,Anouk,Ivanov,Germany,39,Rescue,Hotel Partner,2025-12-29
C04309,Daniel,Cohen,Holland,46,Advanced,Walk-in,2025-12-27
C04310,Chloe,Tanaka,India,56,None,Walk-in,2026-01-04
C04311,Ishaan,Ivanov,INDIA,40,None ,,27/12/2025
C04312,Daniel,Kim,England,23, Open Water,OTA,2025-12-27
C04313,Rahul,Rossi,Russia,34,None,Website,28/12/2025
C04314,Vikram,Bakker,IN,43,RESCUE,OTA,2026-01-05
C04315,Anouk,Rao,IN,33,OPEN WATER,OTA,2026-01-02
C04316,Noa,Petrova, India ,40,Open Water,OTA,January 5 2026
C04317,Vikram,Cohen,INDIA,36,Rescue ,Hotel Partner,2025-12-31
C04318,Dmitri,OConnor,Israel,37,NONE,Referral,2026-01-04
C04319,Aarav,Desai,U.K.,43,Open Water,Walk-in,02/01/2026
C04320,Sophie,Park,Russian,36,none,Walk-in,2025-12-27
C04321,Sarah,Schmidt, India ,31,RESCUE,,December 28 2025
C04322,Olga,Desai,italy,,NONE,OTA,January 4 2026
C04323,Rohan,OConnor,IN,39,Open Water,OTA,January 2 2026
C04324,Elena,Patel,Indian,27,Open Water,Website,2025-12-29
C04325,Sophie,Menon,DE,44,OPEN WATER,Instagram,January 2 2026
C04326,Ravi,Petrova,india,26,Rescue,OTA,2026-01-06
C04327,Vikram,Kim,russia,27,None ,Walk-in,2026-01-02
C04328,Arjun,Patel,INDIA,39,none,,2025-12-27
C04329,Lukas,Petrova,IT,37,None,Website,2025-12-30
C04330,Chloe,Dubois,Israeli,33,NONE,Walk-in,2025-12-31
C04331,Siddharth,Sharma,Indian,33,None,Referral,2025-12-31
C04332,Minjun,Levi,india,12,NONE,Website,2025-12-29
C04333,Elena,Park,IL,32,None,OTA,2025-12-28
C04334,Lukas,Tanaka,INDIA,43,OPEN WATER,OTA,2026-01-04
C04335,Neha,Dubois,France,52,Open Water,Walk-in,2026-01-01
C04336,Camille,Muller,INDIA,40,None,Walk-in,2026-01-04
C04337,Sven,Levi,Indian,31,None ,OTA,January 6 2026
C04338,Aarav,Brown,IN,28,None,Referral,2026-01-06
C04339,Tom,Kulkarni,DE,25,None ,,December 30 2025
C04340,Vikram,Menon, India ,23,None,Website,2026-01-04
C04341,Meera,Desai,AU,31,Open Water,Walk-in,2026-01-05
C04342,Dmitri,Menon,Dutch,21, Advanced,Walk-in,January 5 2026
C04343,Ananya,Cohen,IN,38,Open Water,Walk-in,2026-01-08
C04344,Anouk,Ivanov,India,31,None ,,2026-01-07
C04345,Dmitri,Patel, India ,41,none,Website,2026-01-06
C04346,Chloe,Bakker,India,49,Open Water,Hotel Partner,01/01/2026
C04347,Lukas,Reddy,IN,37,None,Referral,2025-12-30
C04348,Hannah,Petrova,FR,35,OPEN WATER,OTA,31/12/2025
C04349,Pooja,Desai,india,23,None,OTA,2026-01-01
C04350,Siddharth,Taylor,RU,51,Open Water,OTA,2026-01-06
C04351,Pooja,Levi,INDIA,27,None,OTA,2026-01-06
C04352,Siddharth,Nair,Korean,20,Open Water ,,2025-12-30
C04353,Meera,Jansen,Korean,40,none,,09/01/2026
C04354,Minjun,OConnor, India ,22,None,Walk-in,05/01/2026
C04355,Arjun,Rossi,Netherlands,50,open water,,09/01/2026
C04356,Sarah,Taylor, India ,29,Open Water,Hotel Partner,2026-01-04
C04357,Neha,Chowdhury,japan,36, None,Walk-in,2026-01-08
C04358,Noa,Rao,Indian,41,Rescue,OTA,05/01/2026
C04359,Anouk,Petrova,netherlands,32,None,Walk-in,2026-01-01
C04360,Vikram,Petrova, India ,36,None,,January 3 2026
C04361,Karan,Banerjee,IN,37,None,Walk-in,2026-01-09
C04362,Lukas,OConnor,DE,37,OPEN WATER,Walk-in,06/01/2026
C04363,Sophie,Park,india,,Open Water,OTA,2026-01-08
C04364,Itai,Taylor,RU,47,advanced,Walk-in,2026-01-11
C04365,Arjun,Schmidt,U.S.A.,19,None,OTA,08/01/2026
C04366,Itai,Dubois,IN,34,None,Walk-in,07/01/2026
C04367,Ravi,Chowdhury,French,32,None,Website,07/01/2026
C04368,Olga,Petrova,India,13,OPEN WATER,Hotel Partner,January 9 2026
C04369,Liam,Reddy,India,,Advanced,OTA,2026-01-09
C04370,Rohan,Rao,italy,26,advanced,Instagram,2026-01-08
C04371,Noa,Rossi, India ,25, None,OTA,January 6 2026
C04372,Lukas,Petrova,australia,,None,Website,January 2 2026
C04373,Aditya,Levi,United Kingdom,26,None,Referral,2026-01-06
C04374,Meera,Jansen,INDIA,43,None,OTA,2026-01-02
C04375,Ishaan,Iyer,Indian,24, Open Water,Website,2026-01-05
C04376,Sophie,Dubois,Germany,32,none,OTA,January 11 2026
C04377,Karan,Sharma,INDIA,45,Open Water,OTA,January 3 2026
C04378,Karan,Banerjee,Indian,48,advanced,Referral,January 2 2026
C04379,Lukas,Desai,England,30,None,Referral,January 5 2026
C04380,Lukas,Nair,India,52,none,Walk-in,2026-01-05
C04381,Vikram,Sharma,Russia,30,RESCUE,Website,05/01/2026
C04382,Yuki,Schmidt,France,43,None,OTA,January 8 2026
C04383,Daniel,Taylor,IN,,Advanced,Walk-in,03/01/2026
C04384,Rohan,Tanaka,uk,30,Rescue,Walk-in,2026-01-06
C04385,Kavya,Brown,israel,41,None ,Website,January 6 2026
C04386,Tom,Desai,INDIA,48,Open Water,,2026-01-13
C04387,Aarav,Levi,Netherlands,52,advanced,Website,January 5 2026
C04388,Arjun,Rao,Indian,32,Open Water,OTA,14/01/2026
C04389,Vikram,Petrova,INDIA,27,Advanced,Instagram,2026-01-13
C04390,Elena,Levi,uk,31,OPEN WATER,Website,2026-01-06
C04391,Meera,Levi,IN,15,advanced,OTA,2026-01-07
C04392,Meera,Smith, India ,38,None,OTA,04/01/2026
C04393,Sven,Chowdhury,IN,31,None,OTA,07/01/2026
C04394,Sarah,Chowdhury,IN,33,NONE,OTA,2026-01-11
C04395,Pooja,Jansen,USA,27,Open  Water,Hotel Partner,2026-01-06
C04396,Minjun,Kim,IN,118,Open Water,Website,08/01/2026
C04397,James,Chowdhury,india,37,Open  Water,Hotel Partner,10/01/2026
C04398,Itai,Taylor,U.S.A.,22,Open Water ,OTA,05/01/2026
C04399,Anouk,Petrova,India,50,Open Water,OTA,16/01/2026
C04400,Dmitri,Iyer,NL,30,None,OTA,2026-01-12
C04401,Olga,OConnor,INDIA,37,None ,Instagram,2026-01-16
C04402,Sneha,Bakker,Japanese,19,None,OTA,15/01/2026
C04403,Vikram,Schmidt,French,49,NONE,Walk-in,2026-01-07
C04404,Olga,OConnor,Australian,15,None,,2026-01-13
C04405,Hannah,Wilson,IN,39,Advanced,Hotel Partner,2026-01-12
C04406,Pierre,Patel,india,25, None,OTA,11/01/2026
C04407,Anouk,Menon,INDIA,31, Open Water,Instagram,2026-01-15
C04408,Itai,Iyer,IN,35,open water,Instagram,January 16 2026
C04409,Ananya,Park,India,45,None,OTA,January 9 2026
C04410,Camille,Rossi,India,24,Open  Water,Instagram,15/01/2026
C04411,Pierre,Iyer,IN,43, Open Water,Website,16/01/2026
C04412,James,OConnor,INDIA,38,Rescue,OTA,2026-01-17
C04413,Camille,Tanaka,italy,35,Advanced,OTA,2026-01-16
C04414,Olga,Gupta,IN,5,Open Water,Instagram,2026-01-12
C04415,Pooja,Kim, India ,39,None,OTA,2026-01-08
C04416,Pierre,Wilson,France,27,None,Website,2026-01-15
C04417,Hannah,Desai,RU,27,None,Walk-in,2026-01-14
C04418,Olga,Smith,India,22,ADVANCED,Walk-in,2026-01-10
C04419,Sophie,Smith,russia,25,advanced,OTA,12/01/2026
C04420,Ananya,Desai,IN,20,None,Instagram,2026-01-14
C04421,Priya,Petrova,india,43,open water,Walk-in,2026-01-14
C04422,Emma,Nair,Indian,37,open water,Hotel Partner,2026-01-17
C04423,Aarav,Taylor,india,30,OPEN WATER,OTA,18/01/2026
C04424,Neha,Desai,U.S.A.,50, Advanced,OTA,2026-01-12
C04425,Ravi,Brown,IN,33,None,OTA,2026-01-08
C04426,Daniel,Tanaka,U.S.A.,26,NONE,,2026-01-12
C04427,Noa,Rao,England,32,open water,OTA,2026-01-12
C04428,Ravi,Desai,Israeli,34,Open Water,OTA,January 19 2026
C04429,Priya,Chowdhury,Japan,37,Advanced,Instagram,2026-01-14
C04430,Kavya,Gupta,India,52,NONE,Website,2026-01-10
C04431,Lukas,Brown,INDIA,20,OPEN WATER,Website,2026-01-17
C04432,Ravi,Desai,uk,32,Open Water,Hotel Partner,2026-01-19
C04433,Rahul,Reddy,India,35,NONE,OTA,2026-01-19
C04434,Camille,Ivanov,india,30, None,Website,18/01/2026
C04435,Kavya,Iyer,IL,44,RESCUE,Referral,12/01/2026
C04436,Pooja,Jansen,Dutch,20,None ,OTA,2026-01-09
C04437,Rohan,Desai, India ,52,None,Walk-in,2026-01-16
C04438,Arjun,Rao,IN,25,Open Water,OTA,2026-01-10
C04439,Kavya,Reddy,United States,31,none,OTA,2026-01-09
C04440,Sven,Park, India ,37,None ,OTA,2026-01-18
C04441,Karan,Petrova, India ,27,None ,Walk-in,January 16 2026
C04442,Marco,Kulkarni,Germany,25,Open Water,,2026-01-10
C04443,Noa,Ivanov,INDIA,48,NONE,OTA,2026-01-12
C04444,Aarav,Chowdhury,NL,33,NONE,Hotel Partner,10/01/2026
C04445,Pooja,Rao,Indian,55,none,Walk-in,2026-01-18
C04446,Daniel,Smith,UK,37, None,OTA,2026-01-20
C04447,Daniel,Reddy,india,50,OPEN WATER,Website,11/01/2026
C04448,Siddharth,Bakker, India ,45, None,,2026-01-14
C04449,Sven,Ivanov,Indian,30,NONE,,12/01/2026
C04450,Liam,Muller,India,,Open  Water,OTA,2026-01-19
C04451,Karan,Smith,Indian,38,None,Hotel Partner,2026-01-15
C04452,Sarah,Petrova,IN,39, Open Water,OTA,12/01/2026
C04453,Itai,Kulkarni,INDIA,33,None,Website,2026-01-11
C04454,Camille,Kulkarni,German,52,OPEN WATER,,2026-01-18
C04455,Divya,Muller,germany,22,NONE,OTA,2026-01-13
C04456,Ishaan,Iyer,INDIA,28,None,Walk-in,2026-01-20
C04457,Noa,Petrova,U.K.,28,Open Water,OTA,15/01/2026
C04458,Minjun,Petrova,india,21,Rescue,,2026-01-21
C04459,Hannah,Reddy,india,36,open water,Walk-in,2026-01-17
C04460,Karan,Muller,INDIA,39,None,Walk-in,11/01/2026
C04461,Ishaan,Nair,Indian,12,Advanced,OTA,January 18 2026
C04462,Divya,Levi,Indian,39,DIVEMASTER,Website,21/01/2026
C04463,Dmitri,Patel,IN,38,Open Water,,20/01/2026
C04464,Aditya,Ivanov,India,24,Open Water,OTA,2026-01-14
C04465,Sven,Chowdhury,INDIA,24,Advanced,OTA,2026-01-16
C04466,Dmitri,Taylor,IT,13,NONE,Referral,2026-01-12
C04467,Neha,Brown, India ,48,open water,Hotel Partner,2026-01-18
C04468,Ananya,Patel,IT,37,None,Website,2026-01-12
C04469,Lukas,Muller, India ,42,OPEN WATER,Hotel Partner,2026-01-20
C04470,Elena,Gupta,Indian,49,none,Walk-in,2026-01-18
C04471,Divya,Brown,FR,43, Open Water,Walk-in,2026-01-22
C04472,Lukas,Kim,Russia,51,OPEN WATER,OTA,2026-01-20
C04473,Tom,Nair,Indian,46,advanced,OTA,2026-01-15
C04474,Yuki,Levi,American,41,Advanced,Walk-in,2026-01-17
C04475,Lukas,Gupta,United States,33,Advanced,Walk-in,2026-01-13
C04476,Camille,Kulkarni,AU,40,Advanced,Referral,2026-01-19
C04477,Meera,Muller,IN,36,None ,Hotel Partner,2026-01-24
C04478,Neha,Bakker,IN,38,Open Water,Walk-in,23/01/2026
C04479,Tom,Wilson,Indian,23,None,Walk-in,2026-01-19
C04480,Sven,Tanaka,India,,Advanced,OTA,January 21 2026
C04481,Aarav,Desai,Korean,33,rescue,OTA,January 15 2026
C04482,Aarav,Bakker,Indian,45,Advanced,Instagram,2026-01-20
C04483,Minjun,Levi, India ,32,Open Water,Walk-in,24/01/2026
C04484,Camille,Iyer,India,26, Rescue,Website,2026-01-23
C04485,Marco,Petrova,INDIA,29,None,OTA,January 19 2026
C04486,Camille,Reddy,russia,53,advanced,Hotel Partner,2026-01-19
C04487,Minjun,Desai,IN,,Advanced,Website,January 24 2026
C04488,Pierre,Kulkarni,india,37, None,Walk-in,2026-01-17
C04489,Divya,Cohen,British,35,open water,Walk-in,2026-01-17
C04490,Pooja,Banerjee,AU,22, Advanced,Hotel Partner,2026-01-21
C04491,Arjun,Wilson,U.K.,36,Open Water,Instagram,2026-01-16
C04492,Priya,Gupta,australia,36,None,Hotel Partner,2026-01-17
C04493,Aarav,Wilson,IN,47,None,OTA,2026-01-23
C04494,Priya,Iyer,Indian,22,None,Website,2026-01-25
C04495,Vikram,Rao,india,36,Open  Water,Website,23/01/2026
C04496,Vikram,Jansen,IN,29,open water,Referral,2026-01-19
C04497,Aditya,Patel,IT,15,None,Walk-in,January 18 2026
C04498,Noa,Ivanov,russia,31,DIVEMASTER,Website,January 23 2026
C04499,Dmitri,Iyer,india,38,None,OTA,2026-01-18
C04500,Kavya,Sharma,U.S.A.,3,None,Instagram,17/01/2026
C04501,Lukas,Gupta,uk,32,None ,Walk-in,2026-01-19
C04502,Aarav,Iyer,French,33,OPEN WATER,Referral,17/01/2026
C04503,Karan,Kulkarni,IN,49, None,Walk-in,January 22 2026
C04504,Aarav,Smith,india,41,advanced,Instagram,2026-01-16
C04505,Camille,Sharma,Israel,23,Open Water,Walk-in,January 19 2026
C04506,Lukas,Dubois,italy,36,NONE,OTA,20/01/2026
C04507,Marco,Cohen,Indian,49,None,Hotel Partner,2026-01-27
C04508,Priya,Sharma,japan,40,Open Water ,Website,2026-01-26
C04509,Sarah,Banerjee, India ,43,None,OTA,2026-01-17
C04510,Priya,Taylor,U.K.,20,Open Water ,OTA,January 22 2026
C04511,Aarav,Kim,IN,30,None,Website,20/01/2026
C04512,Anouk,Levi,INDIA,42,none,Walk-in,January 26 2026
C04513,Aditya,Park,india,27,Open Water,Website,January 26 2026
C04514,Arjun,Kim,Indian,12,None,Website,2026-01-28
C04515,Sophie,Rao,IN,27,Open Water,OTA,January 19 2026
C04516,Lukas,Desai,England,27,NONE,,January 24 2026
C04517,Ananya,Dubois,German,53,Open Water,Website,2026-01-18
C04518,Vikram,Iyer,Netherlands,,open water,,January 18 2026
C04519,Lukas,Taylor,germany,40,advanced,OTA,2026-01-20
C04520,Liam,Dubois,uk,43,None,Website,2026-01-29
C04521,Itai,Brown,Indian,23, Advanced,Instagram,January 26 2026
C04522,Divya,Wilson,DE,38,Open Water,Walk-in,19/01/2026
C04523,Neha,Wilson,Israeli,28,divemaster,OTA,2026-01-21
C04524,Pooja,Iyer,Indian,36,Open Water,Website,28/01/2026
C04525,Lukas,Levi,INDIA,41,Divemaster ,OTA,2026-01-27
C04526,Dmitri,Kim,South Korea,,None,OTA,January 27 2026
C04527,Aarav,Park,IN,,None,,21/01/2026
C04528,Ishaan,Muller,Korean,29,Open Water ,OTA,27/01/2026
C04529,Pooja,Wilson,INDIA,40,None,Website,2026-01-29
C04530,Priya,Chowdhury, India ,39,Open Water ,OTA,26/01/2026
C04531,Sven,Nair,IN,39,None,OTA,24/01/2026
C04532,Yuki,Iyer,American,28,None ,,2026-01-26
C04533,Ishaan,Sharma,German,32,OPEN WATER,OTA,2026-01-29
C04534,Pierre,Petrova, India ,35,OPEN WATER,Referral,2026-01-24
C04535,Itai,Brown,INDIA,35,None,Instagram,26/01/2026
C04536,Aarav,Taylor,IN,,None,OTA,24/01/2026
C04537,Pierre,OConnor,India,22,Rescue,Referral,2026-01-29
C04538,Itai,Taylor, India ,,Advanced,Website,January 28 2026
C04539,Minjun,Smith,INDIA,33,None,OTA,2026-01-29
C04540,Ananya,Brown,IN,41,None,Hotel Partner,2026-01-24
C04541,Olga,Levi,India,35,Advanced ,Website,2026-01-24
C04542,Pooja,Taylor,AU,32,None,OTA,2026-01-25
C04543,Marco,OConnor,Israel,,open water,Hotel Partner,2026-01-26
C04544,Aarav,Park,IN,40,None,Hotel Partner,2026-01-31
C04545,Ananya,Bakker,Indian,45,None,Website,31/01/2026
C04546,Priya,Smith,KR,45,Open Water,Instagram,2026-01-27
C04547,Rahul,Nair,Indian,45,None,OTA,2026-01-29
C04548,Arjun,Rossi,netherlands,31,Open Water,OTA,January 25 2026
C04549,Priya,Chowdhury, India ,37,Divemaster,,24/01/2026
C04550,Lukas,Banerjee,India,30,None,Referral,2026-01-26
C04551,Anouk,Gupta, India ,28, None,Hotel Partner,2026-01-27
C04552,Vikram,Smith,JP,24,None,Website,26/01/2026
C04553,Minjun,Iyer,korea,27,none,Website,2026-01-28
C04554,Elena,Iyer,U.S.A.,31, Open Water,Instagram,2026-01-27
C04555,Minjun,Reddy, India ,28,None,OTA,2026-01-27
C04556,Itai,Smith,india,35,Advanced,Referral,2026-01-25
C04557,Tom,Banerjee,Dutch,20,Open Water,Website,January 30 2026
C04558,Daniel,Jansen,IN,40,none,,January 25 2026
C04559,Emma,Park,india,32,Open Water,Walk-in,2026-01-24
C04560,Hannah,Wilson,KR,23,open water,Walk-in,30/01/2026
C04561,Minjun,Ivanov,Indian,36,Advanced ,Website,2026-01-31
C04562,Pierre,OConnor,uk,25,None,,2026-01-26
C04563,Siddharth,Jansen,india,24,NONE,Instagram,2026-01-30
C04564,Minjun,OConnor,India,35,None,Hotel Partner,2026-02-03
C04565,Pierre,Petrova,FR,37,None,OTA,February 2 2026
C04566,Ishaan,Brown,australia,36,NONE,Website,January 25 2026
C04567,Sarah,Kim,British,33,Advanced,Website,January 24 2026
C04568,Tom,Schmidt,Israeli,41, None,Referral,2026-01-25
C04569,Rohan,Tanaka,INDIA,27,Open  Water,OTA,2026-02-02
C04570,James,Rao,United Kingdom,37,Open Water,Hotel Partner,2026-01-30
C04571,Olga,Petrova,india,24,None,Website,2026-01-25
C04572,Hannah,Petrova, India ,27,None,Referral,2026-01-27
C04573,James,Gupta,israel,28,Divemaster,Walk-in,2026-02-01
C04574,Anouk,Patel,INDIA,35,advanced,Walk-in,2026-01-29
C04575,Rahul,Taylor,United Kingdom,40,Open Water,Walk-in,February 2 2026
C04576,Karan,Reddy,India,48,None,OTA,2026-02-05
C04577,Dmitri,Kim, India ,55,None ,Hotel Partner,30/01/2026
C04578,Chloe,Sharma,india,53,None ,OTA,2026-02-04
C04579,Minjun,Muller,German,35,None,OTA,2026-01-27
C04580,Pierre,Muller,IN,18,divemaster,Website,January 26 2026
C04581,Anouk,Jansen, India ,46, None,,2026-01-29
C04582,Aditya,Dubois,India,24,None,Website,2026-01-28
C04583,Neha,Kim,India,41,OPEN WATER,Instagram,2026-01-27
C04584,Camille,Sharma,German,31,ADVANCED,OTA,2026-01-27
C04585,Rohan,Banerjee,IN,26,Advanced,Hotel Partner,02/02/2026
C04586,Ravi,Petrova,India,36,NONE,OTA,February 3 2026
C04587,Aditya,Kim,india,42,open water,Walk-in,2026-01-28
C04588,Meera,Rossi,IN,30,advanced,Walk-in,05/02/2026
C04589,Tom,Jansen,German,41,OPEN WATER,Website,2026-02-03
C04590,Emma,Petrova,india,40,Open Water,OTA,2026-02-06
C04591,Pierre,Bakker,Netherlands,48,None,Referral,2026-01-29
C04592,Noa,Brown,india,39, Advanced,OTA,January 31 2026
C04593,Camille,Desai,USA,, None,Instagram,February 4 2026
C04594,Chloe,Gupta,Indian,30,None,OTA,06/02/2026
C04595,Rahul,Rao,IN,27,none,Instagram,2026-01-27
C04596,Tom,Tanaka,india,28,ADVANCED,Walk-in,2026-02-04
C04597,Siddharth,Nair,india,23,None,OTA,05/02/2026
C04598,Rahul,Patel,INDIA,43,NONE,OTA,05/02/2026
C04599,Dmitri,Rao,RU,34,None,Instagram,2026-01-31
C04600,Rahul,Menon,Israel,31,NONE,Website,2026-02-04
C04601,Tom,Levi,france,21,Advanced,OTA,2026-01-31
C04602,Pierre,Kim, India ,45,none,Walk-in,January 29 2026
C04603,Sneha,Dubois,UK,,none,Walk-in,05/02/2026
C04604,Sophie,Patel,IL,29,Open Water,Walk-in,07/02/2026
C04605,Rahul,Sharma,Italian,42,Open  Water,Instagram,07/02/2026
C04606,Noa,OConnor,German,23,None,OTA,February 3 2026
C04607,Siddharth,Muller,russia,45,Open Water,Hotel Partner,2026-02-03
C04608,Pierre,Kim,German,,None ,Hotel Partner,2026-02-06
C04609,Vikram,Tanaka,Indian,44,None,Website,2026-02-05
C04610,Pierre,Chowdhury,INDIA,37,None,Referral,2026-01-29
C04611,Itai,Petrova,INDIA,40,Open Water,OTA,29/01/2026
C04612,Priya,Jansen,France,23,Open Water,OTA,2026-02-01
C04613,Arjun,Iyer,IT,46,Open Water ,OTA,2026-02-01
C04614,Sophie,Banerjee,British,39,None,OTA,2026-02-06
C04615,Camille,OConnor,india,33,None,Walk-in,2026-02-03
C04616,Vikram,Rossi,Indian,46,None,Walk-in,2026-02-03
C04617,Kavya,Rao,INDIA,44,Open Water,Website,2026-02-02
C04618,Meera,Iyer, India ,42,Advanced,Walk-in,31/01/2026
C04619,Liam,Desai,india,28,advanced,OTA,February 4 2026
C04620,Hannah,Taylor,Indian,42,Open Water ,OTA,2026-02-02
C04621,Yuki,Brown,India,60,none,Hotel Partner,07/02/2026
C04622,Dmitri,Schmidt, India ,35,None,OTA,2026-01-30
C04623,Ishaan,Tanaka,IN,47,None,Referral,January 30 2026
C04624,Elena,Sharma,Indian,35,None,Referral,2026-01-29
C04625,Anouk,Patel,india,30,None,OTA,2026-02-09
C04626,Rohan,Tanaka,INDIA,36,None,OTA,2026-02-04
C04627,Divya,Petrova,Indian,48,None,OTA,2026-02-03
C04628,Neha,Kim,Russia,30,NONE,Instagram,2026-02-05
C04629,Sneha,Petrova,Indian,48,OPEN WATER,Website,2026-02-03
C04630,Aarav,Cohen,Indian,43,open water,,2026-02-07
C04631,Dmitri,Cohen,INDIA,41,Advanced,Walk-in,February 3 2026
C04632,Arjun,Menon,Israel,37,NONE,OTA,2026-02-04
C04633,Pierre,Chowdhury,France,36,Divemaster,Website,09/02/2026
C04634,Ravi,Kulkarni,Russian,36,None,Website,2026-02-05
C04635,James,Kim,DE,47, None,Walk-in,2026-02-06
C04636,Daniel,OConnor,australia,,advanced,OTA,10/02/2026
C04637,Hannah,Tanaka, India ,20,Open Water,Hotel Partner,February 8 2026
C04638,Sarah,OConnor, India ,20,Advanced,Website,February 3 2026
C04639,Divya,Levi,russia,36,Open  Water,OTA,2026-02-08
C04640,Rohan,Jansen,Indian,25,Rescue,Website,2026-02-09
C04641,Itai,Muller,korea,24,Open Water ,Hotel Partner,01/02/2026
C04642,Anouk,Jansen,INDIA,28,open water,OTA,08/02/2026
C04643,Sneha,Dubois,India,45,NONE,OTA,2026-02-03
C04644,Sven,Kim,Russia,13,Open Water,Hotel Partner,2026-02-09
C04645,Hannah,Brown,India,,Open Water ,Hotel Partner,12/02/2026
C04646,Lukas,Kim,IN,30,open water,OTA,11/02/2026
C04647,Ishaan,Muller,Indian,27,Open Water,Walk-in,11/02/2026
C04648,Arjun,Jansen,NL,36,Rescue,OTA,10/02/2026
C04649,Marco,Park,australia,54,open water,Website,08/02/2026
C04650,James,Smith,British,39,open water,Walk-in,2026-02-13
C04651,Sven,Jansen,india,30,Open Water ,OTA,2026-02-06
C04652,Priya,Jansen,Indian,38,NONE,OTA,2026-02-11
C04653,Liam,Kulkarni,IN,43,Advanced,Hotel Partner,08/02/2026
C04654,Daniel,Rossi,INDIA,19,None,Instagram,February 13 2026
C04655,Itai,Dubois, India ,47,Open Water,Website,03/02/2026
C04656,Aarav,Levi, India ,25,Open Water,Referral,2026-02-09
C04657,James,Iyer,United States,41,NONE,OTA,2026-02-06
C04658,Emma,Taylor,India,38, None,Website,February 7 2026
C04659,Camille,Patel,German,30,None,Instagram,February 7 2026
C04660,Lukas,Gupta,KR,15, None,Website,2026-02-13
C04661,Kavya,Iyer, India ,51,Open Water,OTA,2026-02-12
C04662,Sophie,Jansen,india,42,None,OTA,2026-02-12
C04663,Liam,Ivanov,Indian,29,None,Walk-in,2026-02-05
C04664,Liam,Desai,INDIA,16,ADVANCED,OTA,2026-02-05
C04665,Tom,Sharma, India ,49,none,Instagram,February 10 2026
C04666,Vikram,Chowdhury,INDIA,30,ADVANCED,OTA,11/02/2026
C04667,Minjun,Ivanov,India,40,divemaster,OTA,February 9 2026
C04668,Olga,Park,uk,25,None,OTA,2026-02-07
C04669,Kavya,Jansen,Indian,48,Rescue ,Referral,14/02/2026
C04670,Minjun,Nair,INDIA,41,none,OTA,2026-02-13
C04671,Camille,Sharma, India ,24,None,Walk-in,2026-02-07
C04672,Pierre,Bakker,Indian,24,None,OTA,February 14 2026
C04673,Noa,Cohen,korea,33,none,Walk-in,2026-02-08
C04674,Emma,Cohen,NL,44,Advanced,,2026-02-15
C04675,Pooja,Brown,Indian,31,None,Instagram,2026-02-09
C04676,Siddharth,Bakker,United Kingdom,47,Divemaster,,February 14 2026
C04677,Emma,Smith,India,12,NONE,Website,2026-02-09
C04678,Daniel,Rao,IN,19,NONE,OTA,2026-02-12
C04679,Daniel,Jansen,india,31,Divemaster,OTA,13/02/2026
C04680,Sven,Levi,IN,28,None,OTA,2026-02-15
C04681,James,Kim,italy,34,NONE,OTA,2026-02-09
C04682,Dmitri,Nair,IN,23,None,Referral,08/02/2026
C04683,Camille,Wilson,JP,51,advanced,OTA,2026-02-11
C04684,Pooja,Nair,INDIA,28, None,Referral,2026-02-15
C04685,Kavya,Nair,Korean,,Advanced,OTA,2026-02-12
C04686,Elena,Park, India ,,none,OTA,2026-02-10
C04687,Olga,Cohen,IN,,Advanced,OTA,12/02/2026
C04688,Daniel,Sharma,IN,40,None,OTA,15/02/2026
C04689,Vikram,Nair,IN,32,Open  Water,Referral,February 15 2026
C04690,Siddharth,Park,Indian,40,None,Instagram,February 17 2026
C04691,Ravi,Tanaka,French,35,None ,Website,08/02/2026
C04692,Liam,Kulkarni,U.K.,25,None ,OTA,2026-02-09
C04693,Karan,Kim, India ,29,None ,Website,17/02/2026
C04694,Priya,Desai,France,37,NONE,Walk-in,February 14 2026
C04695,Pooja,Patel,India,,ADVANCED,Hotel Partner,08/02/2026
C04696,Aarav,Cohen, India ,24,Divemaster,Walk-in,09/02/2026
C04697,Ananya,Kim,INDIA,41,Open Water ,Website,2026-02-13
C04698,Pooja,Menon,U.K.,40,none,OTA,09/02/2026
C04699,Siddharth,Chowdhury,india,45,Advanced,OTA,February 17 2026
C04700,Minjun,Menon,JP,38,None,Website,2026-02-16
C04701,Aarav,Chowdhury,U.S.A.,48,advanced,Website,2026-02-09
C04702,Daniel,Bakker,RU,43,Open  Water,Website,2026-02-17
C04703,Rohan,Gupta,us,24, None,Referral,2026-02-11
C04704,Liam,Rao, India ,32,None,Instagram,12/02/2026
C04705,Ananya,Park,IL,28, Advanced,Walk-in,18/02/2026
C04706,Priya,Levi,India,,open water,OTA,2026-02-13
C04707,Kavya,Dubois,UK,35,open water,OTA,18/02/2026
C04708,Neha,Schmidt,india,23,None,Walk-in,2026-02-12
C04709,Meera,Patel,Indian,37,None,OTA,February 13 2026
C04710,Pooja,Smith,INDIA,36,Open Water,Instagram,2026-02-10
C04711,Hannah,Bakker,Germany,35,None,Walk-in,2026-02-16
C04712,Rahul,Kim,Israel,26,Open Water,Hotel Partner,February 11 2026
C04713,Marco,Wilson,france,43,advanced,Instagram,2026-02-13
C04714,Daniel,Tanaka,india,30,advanced,Walk-in,February 16 2026
C04715,Emma,Dubois,IN,51,None,Walk-in,2026-02-16
C04716,Vikram,Ivanov,IN,34, None,Instagram,2026-02-19
C04717,Kavya,Dubois,korea,44,NONE,OTA,16/02/2026
C04718,Olga,Schmidt,australia,17,NONE,Instagram,2026-02-18
C04719,Hannah,Wilson,IN,57,open water,,2026-02-16
C04720,Anouk,Petrova,Israeli,,OPEN WATER,OTA,February 18 2026
C04721,Siddharth,Patel,IN,33, None,Website,10/02/2026
C04722,Ravi,Menon,Indian,26,Advanced,OTA,2026-02-17
C04723,Vikram,Chowdhury,American,22,None,Referral,2026-02-11
C04724,Kavya,Schmidt,JP,31,NONE,Instagram,2026-02-19
C04725,Lukas,Desai,NL,25,none,Walk-in,2026-02-17
C04726,Itai,Chowdhury, India ,24,Advanced,OTA,20/02/2026
C04727,Divya,Jansen,India,26,Open Water,Website,2026-02-16
C04728,Hannah,Ivanov,INDIA,24,none,OTA,12/02/2026
C04729,Emma,Petrova,Netherlands,34,RESCUE,OTA,12/02/2026
C04730,Chloe,Brown,IN,21,None,Referral,February 21 2026
C04731,Emma,Rossi,Indian,33,Open Water,Walk-in,February 19 2026
C04732,Lukas,Desai,Indian,17,None,Referral,2026-02-20
C04733,Sarah,Bakker,Indian,55,Advanced,OTA,February 15 2026
C04734,Rahul,Park,India,30,Advanced ,,2026-02-12
C04735,Tom,Levi,United Kingdom,26,None ,Hotel Partner,2026-02-20
C04736,Arjun,Kim,Indian,,None ,OTA,20/02/2026
C04737,Rohan,Menon,india,44,None,OTA,20/02/2026
C04738,Lukas,Banerjee,U.S.A.,,none,Walk-in,2026-02-17
C04739,Arjun,Rossi,italy,30,Advanced,Walk-in,2026-02-13
C04740,Vikram,Rao,Dutch,37,advanced,Instagram,19/02/2026
C04741,Rohan,Banerjee,INDIA,, None,OTA,2026-02-16
C04742,Pooja,Levi,French,25,Open Water,Referral,2026-02-15
C04743,Yuki,OConnor,INDIA,47,Advanced ,Walk-in,2026-02-20
C04744,Karan,Menon,IN,45,Advanced ,OTA,2026-02-13
C04745,Anouk,Rao,AU,31,None,Referral,20/02/2026
C04746,Divya,Chowdhury,germany,,None,,2026-02-18
C04747,Daniel,Petrova,IN,,None ,OTA,2026-02-16
C04748,Lukas,Petrova,Israeli,34,Open Water,OTA,14/02/2026
C04749,Noa,Petrova,British,34,None,Referral,18/02/2026
C04750,Chloe,Dubois,Indian,42,Advanced,OTA,17/02/2026
C04751,Chloe,Kim,Russian,25,Divemaster,Website,2026-02-13
C04752,Emma,Rao, India ,16,None,OTA,15/02/2026
C04753,Aditya,OConnor,uk,39,Open Water,Instagram,2026-02-17
C04754,Sophie,Smith,Israel,29,None,Website,20/02/2026
C04755,Aarav,Banerjee,INDIA,20,OPEN WATER,,2026-02-22
C04756,Lukas,Petrova,U.K.,35, Rescue,Website,February 17 2026
C04757,James,Smith,italy,39,None,Instagram,2026-02-22
C04758,Aarav,Jansen,india,36,advanced,Website,2026-02-21
C04759,Chloe,Nair,Japanese,35,Open Water,Website,February 18 2026
C04760,Pierre,Brown, India ,33,Open Water,Walk-in,2026-02-22
C04761,Yuki,Reddy,South Korea,32,Open Water,Hotel Partner,2026-02-18
C04762,Ishaan,Rao,FR,35,Advanced,Website,2026-02-21
C04763,Liam,Chowdhury,INDIA,28,NONE,OTA,2026-02-23
C04764,Divya,Desai,IN,41, Open Water,Instagram,15/02/2026
C04765,Meera,Chowdhury,INDIA,22,open water,Hotel Partner,2026-02-25
C04766,Meera,Gupta,India,28,None,Website,February 18 2026
C04767,Lukas,Ivanov,INDIA,49,Open Water,Walk-in,2026-02-15
C04768,Sophie,Rao,INDIA,32,None,Instagram,2026-02-16
C04769,Minjun,Rossi,netherlands,12,OPEN WATER,Walk-in,February 25 2026
C04770,Marco,Smith,India,28,None,Walk-in,2026-02-25
C04771,Daniel,Nair,russia,25,Advanced ,OTA,February 22 2026
C04772,Sven,Kim,India,19,open water,Referral,2026-02-20
C04773,Dmitri,Levi,Italy,21,None,OTA,26/02/2026
C04774,James,Iyer,india,36,Advanced,OTA,2026-02-24
C04775,Camille,Sharma,Italian,,None,Referral,2026-02-24
C04776,Ishaan,OConnor,germany,25,none,,February 16 2026
C04777,Minjun,Levi,India,38,None,Referral,February 21 2026
C04778,Ravi,Muller,france,14,None,OTA,21/02/2026
C04779,Camille,Jansen,British,38,OPEN WATER,Instagram,2026-02-16
C04780,Chloe,Petrova,IN,44,Open Water ,Website,2026-02-21
C04781,Hannah,Petrova,KR,50,Open Water ,Walk-in,25/02/2026
C04782,Ananya,Desai,Russian,42,none,OTA,2026-02-24
C04783,Camille,Kulkarni, India ,37,Open Water,Walk-in,2026-02-21
C04784,Emma,Ivanov,Dutch,41, None,Referral,17/02/2026
C04785,Minjun,Park,India,47,NONE,Walk-in,2026-02-19
C04786,Noa,Bakker,japan,36, Open Water,Referral,2026-02-17
C04787,Ananya,Muller, India ,28, Rescue,Walk-in,2026-02-27
C04788,Ravi,Tanaka,INDIA,27,None,Instagram,2026-02-19
C04789,Kavya,Jansen,Indian,,NONE,OTA,2026-02-24
C04790,Pooja,Petrova,india,,NONE,Referral,2026-02-23
C04791,Ishaan,Schmidt,RU,23,Open Water,Website,2026-02-27
C04792,Noa,Jansen,india,42,NONE,Referral,2026-02-26
C04793,Rahul,Park,Russia,44,Open Water,OTA,2026-02-28
C04794,Ravi,Sharma,Netherlands,37,None,OTA,2026-02-22
C04795,Vikram,Gupta,British,22,None,Instagram,2026-02-25
C04796,Rohan,Jansen,India,28,none,OTA,21/02/2026
C04797,James,OConnor, India ,45,advanced,OTA,2026-02-22
C04798,Itai,Dubois,USA,27,None ,OTA,February 20 2026
C04799,James,Bakker, India ,35,None,OTA,2026-02-26
C04800,Camille,Jansen,france,19,none,OTA,2026-02-23
C04801,Aditya,Banerjee,korea,20,None,Hotel Partner,February 24 2026
C04802,Ishaan,Petrova,German,25,Rescue,OTA,February 25 2026
C04803,Sophie,Dubois,INDIA,20,RESCUE,Referral,2026-02-26
C04804,Ishaan,Brown,India,35,Divemaster,Walk-in,27/02/2026
C04805,Daniel,Jansen,Italy,27,NONE,OTA,19/02/2026
C04806,Kavya,Muller, India ,27,None,OTA,2026-02-26
C04807,Pierre,Taylor,Japanese,31,ADVANCED,Website,24/02/2026
C04808,Sarah,Jansen,israel,25, Advanced,Referral,2026-02-21
C04809,Tom,Petrova,Indian,38,None,Walk-in,2026-02-25
C04810,Aarav,Petrova,Germany,27,OPEN WATER,Walk-in,2026-03-01
C04811,Arjun,Schmidt,France,30,None,Instagram,2026-02-26
C04812,Ravi,Levi,Australia,33, None,Hotel Partner,26/02/2026
C04813,Liam,Nair,Indian,34,ADVANCED,Website,February 20 2026
C04814,Dmitri,Chowdhury,Indian,25,NONE,OTA,2026-03-01
C04815,Chloe,Tanaka,Russia,26,NONE,OTA,2026-02-21
C04816,Vikram,Jansen,Israel,41,Open  Water,Instagram,2026-02-25
C04817,Hannah,Nair,us,32,None,Hotel Partner,February 24 2026
C04818,Aditya,Kulkarni,India,33,Open Water,Website,2026-02-23
C04819,Emma,Menon,israel,40,None,Website,2026-02-24
C04820,Itai,Kim,INDIA,34,None,Instagram,February 28 2026
C04821,Daniel,Tanaka,Japan,30,NONE,Hotel Partner,2026-02-21
C04822,Itai,Rao,india,30, Open Water,OTA,24/02/2026
C04823,Itai,Rao,IL,31,Open Water,Hotel Partner,2026-02-23
C04824,Kavya,Kulkarni,IN,42,ADVANCED,Instagram,2026-03-02
C04825,Arjun,Chowdhury, India ,24,None ,Hotel Partner,2026-02-24
C04826,Rohan,Banerjee, India ,41,None ,OTA,03/03/2026
C04827,Ishaan,Menon, India ,43,None,Referral,2026-02-26
C04828,Ananya,Rao,India,23,Open Water,OTA,2026-02-28
C04829,Emma,Schmidt,INDIA,30,Open Water,Website,2026-03-02
C04830,Pierre,Desai,FR,28,None,Walk-in,2026-02-23
C04831,Arjun,Wilson,U.S.A.,,None,Website,2026-02-25
C04832,Vikram,Brown,netherlands,40,None,Website,25/02/2026
C04833,Noa,Jansen,Russia,35,NONE,OTA,2026-02-24
C04834,Aditya,Patel,French,25,none,Instagram,02/03/2026
C04835,Pooja,Sharma,france,30,None,Walk-in,2026-03-01
C04836,Rohan,Ivanov,AU,,Rescue,Walk-in,2026-03-04
C04837,Pooja,Sharma,INDIA,43,none,OTA,2026-02-25
C04838,Hannah,Park, India ,48,None,OTA,2026-03-04
C04839,Dmitri,Rao,france,30,OPEN WATER,OTA,2026-03-03
C04840,Yuki,Sharma,Israeli,12,Open Water,Instagram,2026-02-25
C04841,Anouk,Jansen,india,49,divemaster,OTA,2026-03-03
C04842,Ishaan,Jansen,Italy,32,None,Walk-in,2026-02-26
C04843,Itai,Bakker, India ,, Open Water,Website,February 25 2026
C04844,Pooja,OConnor,IN,31,OPEN WATER,,2026-02-25
C04845,Sophie,Cohen,UK,16,Open Water,OTA,26/02/2026
C04846,Yuki,Tanaka,INDIA,22,None,Walk-in,March 7 2026
C04847,Arjun,Kulkarni,India,23, Open Water,Website,March 7 2026
C04848,James,OConnor,INDIA,25,NONE,Website,2026-03-03
C04849,Hannah,Bakker,DE,,Rescue,OTA,25/02/2026
C04850,Neha,Park,INDIA,16,open water,Walk-in,2026-03-05
C04851,James,Banerjee, India ,19,NONE,OTA,March 3 2026
C04852,Sven,Rossi,USA,38,open water,Walk-in,2026-03-08
C04853,Anouk,Gupta, India ,26,Open Water,OTA,06/03/2026
C04854,Priya,Levi,IN,34,None ,OTA,26/02/2026
C04855,Camille,Kulkarni,israel,31,Advanced,Referral,27/02/2026
C04856,Vikram,Cohen,DE,26, Open Water,Walk-in,2026-03-05
C04857,Tom,Gupta,German,15,None,Website,2026-03-07
C04858,Vikram,Dubois,Germany,35,None,Instagram,2026-03-06
C04859,Dmitri,Iyer,INDIA,48,Open Water ,Hotel Partner,March 8 2026
C04860,Ananya,Kulkarni,USA,35,Divemaster,Website,04/03/2026
C04861,Sneha,Jansen,russia,33,Open Water,OTA,February 27 2026
C04862,Neha,Rao,India,40,NONE,,2026-03-09
C04863,Rohan,Wilson, India ,35,Open  Water,Website,03/03/2026
C04864,Rohan,Ivanov,Russian,25,advanced,Walk-in,2026-02-28
C04865,Yuki,Ivanov,IL,28,open water,OTA,2026-03-03
C04866,Daniel,Banerjee,india,41,none,Referral,2026-03-06
C04867,Vikram,Taylor,INDIA,32,NONE,OTA,2026-03-04
C04868,Aditya,Banerjee,France,29,none,Website,2026-02-27
C04869,Sophie,Park,Indian,24,advanced,OTA,2026-03-05
C04870,Sarah,Rossi,France,16,None,OTA,2026-03-04
C04871,Sven,Petrova, India ,30,NONE,Instagram,2026-02-28
C04872,Sneha,Muller,KR,36,Advanced ,Walk-in,2026-03-02
C04873,Liam,Kulkarni,INDIA,43,Advanced,OTA,2026-03-04
C04874,Rohan,Banerjee,Russian,18,none,Website,2026-03-03
C04875,Lukas,Rao,INDIA,26,Rescue,Hotel Partner,2026-03-10
C04876,Sophie,Brown,Indian,35,divemaster,Walk-in,2026-03-10
C04877,Elena,Wilson,INDIA,30,None ,Referral,2026-03-03
C04878,Ishaan,Iyer,India,35,none,Instagram,2026-03-10
C04879,Hannah,Ivanov,INDIA,48,Open Water,Website,2026-03-03
C04880,Neha,Gupta,INDIA,22,OPEN WATER,Walk-in,2026-03-06
C04881,James,Gupta, India ,52,advanced,Hotel Partner,2026-03-04
C04882,Sophie,Tanaka,france,26,None,OTA,2026-03-03
C04883,Sophie,Desai,Indian,45,None,Hotel Partner,2026-03-06
C04884,Lukas,Cohen,Indian,32,Open Water,OTA,2026-03-07
C04885,Ishaan,Reddy,uk,38,none,OTA,March 2 2026
C04886,Olga,Desai,Netherlands,42,Open Water,Walk-in,March 12 2026
C04887,Meera,Iyer,India,26,Open Water,,March 10 2026
C04888,Rahul,Desai,India,62,None,Walk-in,2026-03-09
C04889,Siddharth,Tanaka,KR,39,open water,OTA,March 2 2026
C04890,Anouk,Chowdhury,United Kingdom,28,Open Water ,Instagram,2026-03-02
C04891,Siddharth,Smith,Indian,38,NONE,,12/03/2026
C04892,Sneha,Brown,Australia,12,open water,OTA,2026-03-08
C04893,Hannah,Rao,Japan,23,None,OTA,12/03/2026
C04894,Liam,Jansen, India ,22,OPEN WATER,Website,12/03/2026
C04895,Sarah,Park, India ,37,Advanced,OTA,2026-03-09
C04896,Rohan,Cohen,india,44,none,Website,13/03/2026
C04897,Siddharth,Rao,IN,30,NONE,Walk-in,March 3 2026
C04898,Kavya,Ivanov,IN,37,None ,Hotel Partner,March 7 2026
C04899,Sophie,Jansen,INDIA,24,NONE,OTA,March 13 2026
C04900,Sneha,Nair,Russian,39,ADVANCED,Instagram,March 13 2026
C04901,Marco,Park,British,,None ,Hotel Partner,08/03/2026
C04902,Tom,Taylor,India,32,Advanced,,06/03/2026
C04903,Daniel,Dubois,uk,46,None,Website,March 10 2026
C04904,Meera,Sharma,Indian,31,open water,OTA,2026-03-08
C04905,Neha,Petrova,FR,31,Advanced ,Hotel Partner,10/03/2026
C04906,Chloe,Brown,DE,42,None,OTA,2026-03-04
C04907,Chloe,Chowdhury,russia,17,open water,Walk-in,13/03/2026
C04908,Minjun,Tanaka, India ,44,None,OTA,March 13 2026
C04909,Karan,Rao,Indian,23,Open Water,Referral,March 7 2026
C04910,Karan,Gupta, India ,33,advanced,Instagram,04/03/2026
C04911,Neha,Desai,germany,27,none,OTA,2026-03-08
C04912,Neha,Bakker,Indian,29,Open Water,Instagram,07/03/2026
C04913,Ananya,Sharma,Germany,42,Open Water,Hotel Partner,2026-03-09
C04914,Karan,Dubois,Indian,49,Divemaster,Hotel Partner,March 13 2026
C04915,Yuki,Jansen,IN,52,Open Water,OTA,05/03/2026
C04916,Noa,Patel,Indian,19,Open Water,OTA,2026-03-14
C04917,Aarav,Reddy,Indian,,OPEN WATER,Referral,2026-03-05
C04918,Kavya,Kulkarni,Indian,46,rescue,,05/03/2026
C04919,Meera,Iyer,Indian,25,none,OTA,2026-03-06
C04920,James,Iyer,German,44,advanced,Hotel Partner,2026-03-11
C04921,James,Patel,india,,None ,,March 13 2026
C04922,Anouk,Rao,USA,35,Advanced,,2026-03-08
C04923,Divya,Park,australia,41,Open  Water,OTA,14/03/2026
C04924,Tom,Desai,Indian,33,None ,Hotel Partner,12/03/2026
C04925,Marco,Banerjee,South Korea,30,None,Hotel Partner,March 11 2026
C04926,Itai,Rao,IN,31,OPEN WATER,Walk-in,2026-03-15
C04927,Meera,Dubois,Russia,18,none,Instagram,2026-03-11
C04928,Chloe,Smith,IN,39,open water,,March 11 2026
C04929,Camille,Ivanov,india,3,None,Referral,2026-03-10
C04930,Sarah,Park,INDIA,24,Open Water ,Website,10/03/2026
C04931,James,Taylor,Japanese,44, Open Water,Walk-in,2026-03-13
C04932,Sneha,Dubois, India ,31,None,Website,08/03/2026
C04933,Chloe,Patel, India ,26, Rescue,,2026-03-06
C04934,James,Reddy, India ,3,Open Water,Hotel Partner,13/03/2026
C04935,Itai,Park,Holland,35,open water,Referral,March 10 2026
C04936,Liam,Taylor,france,40,Open  Water,Website,2026-03-15
C04937,Chloe,Nair,United States,43,None,OTA,2026-03-16
C04938,Ravi,Smith, India ,49, Open Water,Hotel Partner,2026-03-10
C04939,Ananya,Menon,French,42, Open Water,Referral,2026-03-13
C04940,Lukas,Cohen,India,34,Open Water,OTA,11/03/2026
C04941,Noa,Nair, India ,53,None,Walk-in,2026-03-12
C04942,Tom,Park,Indian,28,None,,13/03/2026
C04943,Pierre,Kim,France,57,open water,Walk-in,2026-03-10
C04944,Itai,Jansen,South Korea,34,Open Water,Hotel Partner,2026-03-12
C04945,Sven,Wilson, India ,26,open water,Referral,08/03/2026
C04946,Neha,Patel,DE,23,None ,Walk-in,2026-03-07
C04947,Tom,Nair,India,45,Open Water,Website,16/03/2026
C04948,Arjun,Jansen,Indian,25, Advanced,Hotel Partner,2026-03-09
C04949,Sarah,Nair,Indian,28,none,,2026-03-08
C04950,Marco,Schmidt,IN,28,advanced,Instagram,15/03/2026
C04951,Liam,Wilson,IN,27,advanced,,17/03/2026
C04952,Aarav,Petrova,IN,,advanced,Instagram,2026-03-17
C04953,Sneha,Smith,russia,118,open water,Hotel Partner,2026-03-16
C04954,Itai,Menon,Indian,37,Open  Water,OTA,March 11 2026
C04955,Yuki,Smith,IT,30,OPEN WATER,Website,13/03/2026
C04956,Siddharth,Brown,india,41,none,OTA,2026-03-11
C04957,Yuki,Patel,United Kingdom,40,Open Water,,March 8 2026
C04958,Siddharth,Petrova,france,42,None,Instagram,10/03/2026
C04959,Pooja,Rao,India,38,None ,OTA,12/03/2026
C04960,Ananya,Tanaka,russia,45,None,,2026-03-09
C04961,Meera,Tanaka,Indian,44, Open Water,OTA,17/03/2026
C04962,Kavya,Rossi,India,50,Open  Water,OTA,2026-03-17
C04963,Dmitri,Rossi,IT,43,Advanced,Instagram,2026-03-16
C04964,Elena,Tanaka,IN,35,None,Website,2026-03-10
C04965,Arjun,Menon,india,41, None,Instagram,16/03/2026
C04966,Aditya,Patel,India,,Open Water,Walk-in,2026-03-09
C04967,Aditya,Dubois, India ,37,Advanced,Hotel Partner,20/03/2026
C04968,Liam,Chowdhury,INDIA,32, Open Water,OTA,2026-03-15
C04969,Lukas,Park,United Kingdom,37,open water,,2026-03-12
C04970,Chloe,OConnor,IN,28,None,Walk-in,2026-03-14
C04971,Elena,Levi, India ,30, Open Water,Hotel Partner,2026-03-16
C04972,Sven,Sharma,India,,None,Walk-in,17/03/2026
C04973,Minjun,Brown,IN,44,none,Walk-in,2026-03-11
C04974,Yuki,Taylor,German,31,NONE,Walk-in,2026-03-13
C04975,Emma,Cohen,Italian,33,None,Referral,2026-03-18
C04976,Daniel,Taylor,Indian,45,none,Walk-in,2026-03-11
C04977,Aarav,Cohen, India ,37,None,Walk-in,18/03/2026
C04978,Minjun,Banerjee,IN,,None,Hotel Partner,2026-03-18
C04979,Sven,Patel,IN,38,Advanced,Walk-in,18/03/2026
C04980,Ananya,Gupta,NL,28,None,OTA,15/03/2026
C04981,Daniel,Wilson,india,19,NONE,Hotel Partner,2026-03-15
C04982,Pierre,Petrova,UK,36,Advanced,,2026-03-15
C04983,Meera,Park,INDIA,46,None,Walk-in,2026-03-15
C04984,Priya,Chowdhury,Israel,18,Open Water ,,15/03/2026
C04985,Itai,Bakker,INDIA,, Open Water,Walk-in,March 20 2026
C04986,Priya,Patel,India,25,OPEN WATER,OTA,12/03/2026
C04987,Hannah,Kulkarni,INDIA,,None ,OTA,2026-03-21
C04988,Karan,Taylor, India ,41,none,OTA,2026-03-13
C04989,Lukas,Chowdhury,india,36,None,Walk-in,2026-03-20
C04990,Ananya,Rossi,Italian,21, None,Walk-in,2026-03-19
C04991,Marco,Sharma,RU,34,Advanced,OTA,2026-03-20
C04992,Daniel,Brown,Russian,26,OPEN WATER,Referral,2026-03-17
C04993,Karan,Petrova,India,38,open water,OTA,2026-03-21
C04994,Chloe,Muller, India ,16,Divemaster,Walk-in,17/03/2026
C04995,Meera,Kim,United States,35,None,Walk-in,21/03/2026
C04996,Rohan,Sharma,Israeli,27,OPEN WATER,Website,March 16 2026
C04997,Arjun,Gupta,KR,,NONE,Walk-in,22/03/2026
C04998,Olga,Iyer,INDIA,22,Open Water,Website,March 17 2026
C04999,Kavya,Schmidt,Japan,38,Open Water,Hotel Partner,2026-03-21
C05000,Kavya,Rao,Israel,40,None ,Walk-in,18/03/2026
C05001,Karan,Sharma, India ,40,none,,19/03/2026
C05002,Karan,Kim,JP,38,None,Hotel Partner,2026-03-15
C05003,Emma,Levi, India ,35,NONE,Referral,2026-03-20
C05004,Sneha,Dubois, India ,24,None,OTA,March 20 2026
C05005,Divya,Petrova,Italian,12,None,OTA,2026-03-21
C05006,Ishaan,Patel,India,37,OPEN WATER,OTA,2026-03-19
C05007,Rahul,Bakker,Japan,36,None,OTA,23/03/2026
C05008,Rohan,Kulkarni,IN,39,Rescue,OTA,25/03/2026
C05009,Noa,Petrova,India,16,Open Water ,OTA,2026-03-21
C05010,Rohan,Gupta,Indian,30,Open Water,OTA,2026-03-18
C05011,Kavya,Rao,us,47, Advanced,Walk-in,2026-03-17
C05012,Liam,Rao,netherlands,35,advanced,Hotel Partner,23/03/2026
C05013,Aditya,Brown,IL,50,None ,Website,March 22 2026
C05014,Chloe,Rossi,Indian,31,OPEN WATER,OTA,2026-03-24
C05015,Dmitri,Reddy,Italy,40,Advanced,Instagram,17/03/2026
C05016,Vikram,Kim,United Kingdom,44,None,,26/03/2026
C05017,Vikram,Banerjee,U.S.A.,26,NONE,Hotel Partner,2026-03-19
C05018,Aditya,Chowdhury,israel,39,NONE,Website,2026-03-22
C05019,Chloe,Sharma,IN,29,None ,Website,2026-03-24
C05020,Chloe,Menon,Italian,31,OPEN WATER,Walk-in,18/03/2026
C05021,Ananya,Menon,INDIA,43,Advanced,OTA,2026-03-24
C05022,Emma,Ivanov,RU,12,None,,26/03/2026
C05023,Noa,Gupta, India ,23,None,Hotel Partner,March 20 2026
C05024,Lukas,Taylor,IN,29,None ,,19/03/2026
C05025,Rohan,Rao,germany,35,Open Water,,2026-03-18
C05026,Arjun,Banerjee,INDIA,36,None ,OTA,2026-03-26
C05027,Camille,Bakker,IN,,Open  Water,OTA,2026-03-18
C05028,Anouk,Desai,United Kingdom,19,Open Water ,,2026-03-26
C05029,Hannah,Desai,INDIA,24, Rescue,OTA,2026-03-24
C05030,Divya,OConnor, India ,34,NONE,Instagram,2026-03-22
C05031,Dmitri,Gupta,india,23,OPEN WATER,Instagram,2026-03-20
C05032,Vikram,Kim,india,26,open water,Walk-in,23/03/2026
C05033,Rohan,Ivanov,Indian,44,OPEN WATER,Referral,18/03/2026
C05034,Arjun,Schmidt, India ,22,None,Website,20/03/2026
C05035,Ananya,Jansen,India,26,Advanced ,Instagram,2026-03-29
C05036,Yuki,Cohen,India,34,Advanced,OTA,19/03/2026
C05037,Daniel,Patel,France,50,advanced,Instagram,2026-03-23
C05038,Rahul,Taylor, India ,32,None ,OTA,26/03/2026
C05039,Ravi,Muller,FR,31,None,OTA,2026-03-22
C05040,James,Levi,india,37,Open Water ,Referral,19/03/2026
C05041,Siddharth,Menon,IN,14,Advanced ,OTA,2026-03-24
C05042,Pierre,Petrova,IN,22,ADVANCED,OTA,2026-03-22
C05043,Aarav,Reddy,Indian,45,Advanced,Hotel Partner,25/03/2026
C05044,Rohan,Menon,russia,31,open water,Hotel Partner,23/03/2026
C05045,Karan,Petrova,United States,27, None,OTA,23/03/2026
C05046,Noa,Bakker,UK,37,Divemaster,Walk-in,March 28 2026
C05047,Marco,Petrova,india,24,None,Hotel Partner,2026-03-20
C05048,Pooja,Desai,United States,25,Divemaster,,2026-03-27
C05049,Meera,Kim, India ,34,None,Instagram,21/03/2026
C05050,Aditya,Menon,india,33,None,OTA,30/03/2026
C05051,Priya,Jansen,india,37,None ,Hotel Partner,26/03/2026
C05052,Meera,Wilson,Japanese,32,None,Walk-in,March 27 2026
C05053,Aarav,Banerjee,india,36,Advanced,OTA,2026-03-23
C05054,Chloe,Rossi,DE,17,Open Water,Instagram,30/03/2026
C05055,Priya,Jansen,japan,37, Open Water,Instagram,2026-03-22
C05056,Priya,Cohen, India ,35, None,Walk-in,2026-03-27
C05057,Priya,Iyer,German,46,rescue,Walk-in,2026-03-29
C05058,Meera,Cohen,U.K.,40,none,,2026-03-24
C05059,Camille,Iyer,uk,29,ADVANCED,Website,29/03/2026
C05060,Chloe,Patel,INDIA,27,Open Water,Referral,2026-03-28
C05061,Sophie,Park,England,20, Open Water,Website,2026-03-29
C05062,Daniel,OConnor,india,12,Open Water ,Instagram,March 26 2026
C05063,Dmitri,Rao, India ,29,open water,Walk-in,2026-03-28
C05064,Priya,Schmidt,IN,,Open Water,Instagram,2026-03-26
C05065,Camille,Wilson,us,21, None,Referral,2026-03-30
C05066,Aarav,Dubois,IN,36,None,Website,2026-03-27
C05067,Rahul,Chowdhury,IN,32,None,OTA,2026-03-25
C05068,Ishaan,Kulkarni,IN,28,open water,Website,2026-03-29
C05069,Sarah,Banerjee,India,42,None,Website,2026-03-26
C05070,Priya,Rossi,DE,30,Open Water,OTA,2026-03-24
C05071,Karan,Schmidt,United Kingdom,,None,OTA,01/04/2026
C05072,Siddharth,Park, India ,21,Divemaster ,Referral,2026-03-27
C05073,James,Chowdhury,India,36,NONE,Website,25/03/2026
C05074,Aditya,Brown,INDIA,,Rescue,Instagram,2026-03-28
C05075,Lukas,Muller,Russian,46,Advanced,Referral,2026-03-25
C05076,Ravi,Desai,INDIA,32,None ,Hotel Partner,2026-03-31
C05077,Itai,Rao,India,35,NONE,Website,March 29 2026
C05078,Aarav,Sharma,india,16,None,Walk-in,2026-03-27
C05079,Yuki,Levi,INDIA,22,divemaster,OTA,26/03/2026
C05080,Sven,Sharma,Indian,27,open water,OTA,29/03/2026
C05081,Pooja,Bakker,India,43,None ,OTA,25/03/2026
C05082,Liam,Smith,Russian,46,Open Water,Hotel Partner,March 28 2026
C05083,Meera,Schmidt,IN,27,Open Water,Website,March 28 2026
C05084,Aarav,Desai,india,37,ADVANCED,Hotel Partner,2026-03-26
C05085,Sneha,Brown,IN,31,Open Water,OTA,2026-03-29
C05086,Rahul,Banerjee,INDIA,34,Advanced,Referral,01/04/2026
C05087,Ishaan,Jansen,India,20,Open Water,,2026-04-05
C05088,Sneha,Cohen,IN,16,Advanced,OTA,2026-03-31
C05089,Camille,Cohen,UK,43, None,Hotel Partner,March 28 2026
C05090,Dmitri,Levi,India,39,None,Walk-in,2026-03-30
C05091,Tom,Brown,Russian,,NONE,OTA,2026-04-03
C05092,Rahul,Smith,netherlands,14,none,OTA,2026-04-03
C05093,Marco,Schmidt, India ,31,Open Water,Walk-in,2026-04-01
C05094,James,Ivanov,Netherlands,54,OPEN WATER,,2026-04-02
C05095,Aditya,Patel,india,23,Open Water,Hotel Partner,2026-04-05
C05096,Divya,Banerjee,UK,18,Open Water,Instagram,2026-04-02
C05097,Pierre,Sharma,INDIA,48,None,Instagram,2026-04-03
C05098,Yuki,Tanaka,india,24,Advanced,Walk-in,2026-03-29
C05099,James,Desai,IN,29,Advanced,Walk-in,March 31 2026
C05100,James,Dubois,India,41,NONE,Referral,2026-03-28
C05101,Neha,Chowdhury,IN,,Advanced,OTA,April 6 2026
C05102,Neha,Wilson,Holland,, None,Walk-in,2026-03-29
C05103,Siddharth,OConnor,us,38,Open Water,,2026-03-29
C05104,Arjun,Petrova,IN,25,ADVANCED,OTA,March 28 2026
C05105,Lukas,Desai,India,38,NONE,Website,2026-04-01
C05106,Divya,Iyer,IL,41,None ,OTA,2026-03-31
C05107,Elena,Sharma, India ,40, None,Hotel Partner,2026-04-03
C05108,Aarav,Patel,india,37,Open Water ,Walk-in,2026-04-08
C05109,Meera,Ivanov,INDIA,6,None,,2026-04-08
C05110,Meera,Ivanov,NL,41,Rescue,OTA,2026-03-29
C05111,Priya,Brown, India ,115,None,OTA,April 4 2026
C05112,Sneha,Kim,United States,28,Advanced,OTA,2026-04-09
C05113,Aditya,Iyer,Indian,35,Open Water,Website,2026-04-08
C05114,Aditya,Taylor,germany,44,advanced,OTA,2026-04-01
C05115,Meera,Kulkarni,USA,22,Open Water,Website,2026-04-02
C05116,Karan,Smith,INDIA,34,None ,OTA,02/04/2026
C05117,Tom,Sharma,U.S.A.,43,Open Water,Website,2026-04-03
C05118,Vikram,Banerjee,india,,open water,,2026-04-03
C05119,Rahul,Wilson, India ,48, Open Water,Hotel Partner,2026-03-31
C05120,Marco,Schmidt,Italy,21,None,Website,2026-04-06
C05121,Aarav,Bakker,U.K.,22,None,OTA,2026-03-31
C05122,Ishaan,OConnor,India,22,None,Instagram,2026-04-06
C05123,Noa,Muller, India ,22,Open Water,Walk-in,2026-04-01
C05124,Sven,Sharma,IL,41,Open Water ,OTA,2026-04-01
C05125,Hannah,Brown,Dutch,56,Open Water,Walk-in,06/04/2026
C05126,Ishaan,Menon, India ,35,None,Instagram,2026-04-09
C05127,Chloe,Kim,India,27,none,,2026-04-11
C05128,Ishaan,Reddy,Indian,16,none,OTA,April 7 2026
C05129,Vikram,Park,russia,34,None ,Instagram,2026-04-03
C05130,Ishaan,Sharma,australia,37, None,OTA,2026-04-03
C05131,Chloe,Petrova,INDIA,20,Advanced,OTA,02/04/2026
C05132,Sneha,Levi,IN,28,none,Walk-in,2026-04-08
C05133,Elena,Taylor, India ,,Open Water,Referral,April 9 2026
C05134,Hannah,Ivanov,france,33,Open Water,Walk-in,2026-04-04
C05135,James,Smith,IT,,Advanced,Website,2026-04-10
C05136,Arjun,Wilson,JP,45,None ,Instagram,10/04/2026
C05137,Tom,Patel,India,21,Advanced,,April 5 2026
C05138,Hannah,Chowdhury,INDIA,29,Advanced,OTA,2026-04-09
C05139,Ananya,Menon,uk,36,OPEN WATER,OTA,April 13 2026
C05140,Marco,Patel,IN,23,None,Website,April 5 2026
C05141,Sarah,Wilson,india,51,NONE,Walk-in,2026-04-12
C05142,Lukas,Park,india,22,open water,Instagram,April 10 2026
C05143,Arjun,Ivanov,india,34,rescue,Hotel Partner,2026-04-07
C05144,Yuki,Menon,IN,19,None,Instagram,April 5 2026
C05145,Olga,Desai,India,43,advanced,OTA,2026-04-07
C05146,Yuki,Rao,DE,33,ADVANCED,OTA,2026-04-11
C05147,Ravi,OConnor,Indian,37,none,Instagram,2026-04-08
C05148,Noa,Ivanov,India,28,Advanced,,10/04/2026
C05149,Marco,Park,UK,18,NONE,OTA,2026-04-07
C05150,Siddharth,Muller,India,,Advanced,Walk-in,2026-04-10
C05151,Divya,Petrova,Japan,22,Open Water,OTA,2026-04-06
C05152,Camille,Kulkarni, India ,31,None ,Hotel Partner,2026-04-14
C05153,Sarah,Rao,UK,26,Open Water,Website,2026-04-11
C05154,Minjun,Park,Israeli,32,None,Referral,2026-04-13
C05155,Daniel,Smith,India,38, None,Instagram,2026-04-05
C05156,Sven,Wilson, India ,33,None,Walk-in,2026-04-05
C05157,Yuki,Wilson,India,30,Open Water,Walk-in,April 8 2026
C05158,Ananya,Patel,Italian,44,Advanced,Instagram,2026-04-16
C05159,Emma,Jansen,Israel,12,Advanced,Instagram,2026-04-09
C05160,Aarav,Taylor,Australia,32,None,Instagram,10/04/2026
C05161,Aarav,Brown,INDIA,28,none,OTA,2026-04-08
C05162,Vikram,Park, India ,27,None,Website,14/04/2026
C05163,Anouk,Nair,france,39,None,Instagram,April 12 2026
C05164,Kavya,Muller,australia,33,Advanced ,Referral,14/04/2026
C05165,Minjun,Desai,American,45, Advanced,Website,17/04/2026
C05166,Camille,Levi,IN,31,Advanced,,2026-04-16
C05167,Aarav,Nair,British,37,None,Hotel Partner,2026-04-12
C05168,Divya,Reddy,india,45,none,OTA,09/04/2026
C05169,James,Muller,American,29,Open Water,Referral,2026-04-12
C05170,Ravi,Jansen,Korean,25,None,OTA,2026-04-13
C05171,Hannah,OConnor,DE,55,OPEN WATER,Instagram,2026-04-16
C05172,Anouk,Rossi,israel,27,None ,Instagram,2026-04-11
C05173,Ananya,Dubois,Australia,44,open water,OTA,2026-04-13
C05174,Itai,Levi,Indian,37,None ,OTA,2026-04-15
C05175,Emma,Smith,Netherlands,36, Advanced,Hotel Partner,2026-04-18
C05176,Aditya,Rao,India,12,Open Water,Walk-in,11/04/2026
C05177,Sven,Rao,russia,12,Open Water,OTA,2026-04-11
C05178,Chloe,Desai,UK,16,None,Referral,April 18 2026
C05179,Rohan,Banerjee,IN,41,open water,OTA,2026-04-13
C05180,Aarav,Park,AU,30, Rescue,Referral,April 10 2026
C05181,James,Ivanov,IT,30,OPEN WATER,Instagram,April 18 2026
C05182,Anouk,Tanaka,India,25,Open Water,Website,April 9 2026
C05183,Arjun,Dubois,IN,53,Advanced ,OTA,12/04/2026
C05184,Dmitri,Rao,Russian,29,none,OTA,2026-04-10
C05185,Liam,Bakker,India,41, None,Hotel Partner,April 19 2026
C05186,Arjun,Levi,Indian,27,OPEN WATER,OTA,2026-04-18
C05187,Divya,Menon,netherlands,51,divemaster,,2026-04-10
C05188,Anouk,Iyer,netherlands,36,none,OTA,17/04/2026
C05189,Rohan,Sharma,French,39,none,OTA,2026-04-12
C05190,James,Rossi,India,39,Advanced,Referral,2026-04-14
C05191,Karan,Banerjee,india,29,Open Water ,OTA,April 14 2026
C05192,Pierre,Tanaka,INDIA,40,None,Walk-in,2026-04-18
C05193,Ishaan,Petrova,INDIA,43,None ,Hotel Partner,2026-04-14
C05194,Daniel,Taylor,IT,23,ADVANCED,OTA,April 15 2026
C05195,Neha,Dubois,INDIA,45,Advanced,Instagram,20/04/2026
C05196,Emma,Levi,India,27,Open  Water,OTA,April 12 2026
C05197,Aarav,Gupta,IN,15,OPEN WATER,,2026-04-13
C05198,Hannah,Schmidt,UK,,Open Water,Hotel Partner,2026-04-16
C05199,Elena,Patel,Indian,49,None,Website,2026-04-12
C05200,Neha,Menon,NL,22,Rescue,Walk-in,2026-04-12
C05201,Sarah,Rao,Indian,20,Open Water,Walk-in,2026-04-22
C05202,Rahul,Kulkarni,INDIA,26,None,Instagram,2026-04-19
C05203,Anouk,Taylor,NL,37,None,Instagram,April 18 2026
C05204,Noa,Rao,Russia,25,None,Website,April 20 2026
C05205,Aarav,Gupta,IN,33,Open Water,Instagram,2026-04-18
C05206,Pooja,Cohen, India ,32,None,Website,18/04/2026
C05207,Hannah,OConnor,Indian,53,none,Instagram,2026-04-20
C05208,Hannah,Jansen,INDIA,49,None ,Instagram,2026-04-15
C05209,Aarav,Dubois,uk,35,NONE,Website,2026-04-15
C05210,Elena,OConnor,FR,26,None,Website,2026-04-14
C05211,Sarah,Iyer,India,39,none,Hotel Partner,April 18 2026
C05212,Priya,Dubois,Indian,,none,Website,2026-04-18
C05213,Pooja,Petrova,korea,26,Open Water,Referral,21/04/2026
C05214,Yuki,Kulkarni,German,50,Open Water,Instagram,April 18 2026
C05215,Rohan,Reddy,israel,50,OPEN WATER,Instagram,19/04/2026
C05216,Elena,Wilson,india,27,None,Instagram,2026-04-18
C05217,Sarah,Nair,Russia,29,Open Water,OTA,2026-04-16
C05218,Liam,Bakker,Holland,26,Open Water,OTA,2026-04-19
C05219,Rahul,Tanaka,RU,58,Open  Water,Referral,2026-04-15
C05220,Rahul,Tanaka,IN,,Advanced,Website,2026-04-25
C05221,Neha,Kulkarni,Germany,36, Divemaster,Website,April 21 2026
C05222,Olga,Nair,IN,27,Advanced,Instagram,2026-04-24
C05223,Lukas,Muller,U.K.,21,none,,25/04/2026
C05224,Divya,Gupta,Indian,39,None,OTA,April 19 2026
C05225,Aditya,Rossi,Russian,35,Advanced,OTA,April 21 2026
C05226,Hannah,Kulkarni, India ,43,open water,Hotel Partner,2026-04-21
C05227,Divya,Taylor,FR,32,none,Website,2026-04-25
C05228,Vikram,OConnor,INDIA,45,NONE,Website,2026-04-15
C05229,Chloe,Desai,India,,none,,2026-04-21
C05230,Aditya,Schmidt,INDIA,24,rescue,Website,24/04/2026
C05231,Tom,Dubois,netherlands,41,None,Walk-in,15/04/2026
C05232,Minjun,Petrova,United Kingdom,16,None,Website,2026-04-21
C05233,Liam,Rossi,Israel,36,Open Water ,OTA,2026-04-19
C05234,Yuki,Dubois, India ,39,None,OTA,2026-04-19
C05235,Noa,Kim,India,,none,Hotel Partner,April 23 2026
C05236,James,Ivanov,IN,37,Open Water,Website,2026-04-20
C05237,Ananya,Reddy,germany,56,rescue,Walk-in,2026-04-21
C05238,Yuki,Banerjee,Germany,21,NONE,OTA,2026-04-25
C05239,Ishaan,Levi,India,37,None,Referral,24/04/2026
C05240,Divya,Rao,INDIA,38,Divemaster ,OTA,2026-04-17
C05241,Aarav,Kim,India,37,Rescue,Instagram,26/04/2026
C05242,James,Ivanov,Indian,36,rescue,OTA,2026-04-24
C05243,Kavya,Smith,UK,34,None,OTA,2026-04-19
C05244,Pierre,Menon,IN,26, None,Walk-in,2026-04-22
C05245,Sophie,Iyer,Indian,,open water,,22/04/2026
C05246,Sven,Smith,Indian,36,None ,Hotel Partner,2026-04-25
C05247,Arjun,Banerjee,Indian,23,None,OTA,2026-04-24
C05248,Aarav,Cohen,France,47,Open Water ,Referral,23/04/2026
C05249,Siddharth,Brown,japan,31,Open Water,Referral,25/04/2026
C05250,James,Cohen,USA,37,none,Instagram,2026-04-21
C05251,Ravi,Sharma,AU,26,Advanced,,2026-04-20
C05252,Sarah,Iyer,USA,,NONE,Walk-in,2026-04-25
C05253,Lukas,Rossi,uk,39,Open Water,Website,2026-04-22
C05254,Emma,Reddy,USA,46,Open  Water,Referral,2026-04-28
C05255,Anouk,Kim,india,34, Open Water,Instagram,2026-04-23
C05256,Meera,Levi,DE,27,None ,Website,2026-04-21
C05257,Sneha,Wilson,us,23,none,,21/04/2026
C05258,Liam,Dubois,germany,32,NONE,Walk-in,2026-04-27
C05259,Sophie,Patel,INDIA,21,OPEN WATER,Referral,29/04/2026
C05260,Liam,Muller,india,23,None,OTA,2026-04-21
C05261,Rohan,Brown,IN,36, Open Water,OTA,2026-04-29
C05262,Lukas,Chowdhury,netherlands,51, Open Water,Referral,2026-04-25
C05263,Karan,Petrova,australia,26,Open Water,Referral,2026-04-27
C05264,Sarah,OConnor,russia,26,ADVANCED,Instagram,2026-04-30
C05265,Aarav,Kulkarni,India,,Advanced,OTA,2026-04-21
C05266,Camille,Reddy,Indian,45,None,OTA,2026-04-23
C05267,Aditya,Iyer,India,41, Rescue,,23/04/2026
C05268,Sarah,Jansen,india,43,NONE,Referral,2026-04-24
C05269,Aarav,Ivanov,DE,34,Open Water ,Referral,May 1 2026
C05270,Emma,Taylor,india,51,Open Water,Instagram,24/04/2026
C05271,Arjun,Nair,FR,30,None,OTA,2026-04-25
C05272,Chloe,Kim,India,21, None,Hotel Partner,April 24 2026
C05273,James,Bakker,German,37,advanced,OTA,2026-04-24
C05274,Priya,Rossi,DE,29,None ,,2026-04-27
C05275,Kavya,Banerjee, India ,41,OPEN WATER,OTA,2026-04-25
C05276,Rohan,Schmidt,Indian,,Open Water,OTA,2026-04-28
C05277,Yuki,Kulkarni,India,46,Open Water,Referral,2026-04-24
C05278,Ananya,Gupta,india,43,OPEN WATER,Instagram,28/04/2026
C05279,Anouk,Muller,Indian,24,Advanced,OTA,April 26 2026
C05280,Aarav,Rossi,DE,,None,Walk-in,25/04/2026
C05281,Yuki,OConnor,italy,17,Open  Water,OTA,2026-04-29
C05282,Sophie,Dubois,IN,38,Advanced,Referral,2026-04-25
C05283,Kavya,Kulkarni,IN,28,ADVANCED,OTA,02/05/2026
C05284,Anouk,Banerjee,India,30,Open Water,Hotel Partner,2026-04-29
C05285,Karan,Sharma, India ,37, None,Walk-in,2026-04-23
C05286,Divya,Gupta,india,29,Advanced,OTA,2026-05-03
C05287,James,Desai,INDIA,47,rescue,Website,03/05/2026
C05288,Aarav,Wilson,American,48,NONE,Hotel Partner,May 4 2026
C05289,Rahul,Patel,France,47,Open Water ,Walk-in,2026-05-03
C05290,Neha,Park,india,37,rescue,OTA,25/04/2026
C05291,Anouk,Rossi,Israeli,,None,Referral,2026-04-24
C05292,Lukas,OConnor,England,35,None,Website,April 29 2026
C05293,Kavya,Bakker,INDIA,12,None,Hotel Partner,April 27 2026
C05294,Aarav,Reddy,INDIA,16,Open  Water,,2026-05-03
C05295,Aditya,Petrova,INDIA,23,None ,Referral,April 27 2026
C05296,Karan,Levi,india,42,Open Water ,Website,May 5 2026
C05297,Olga,Taylor,German,,None,Instagram,2026-05-05
C05298,Daniel,Kulkarni,United States,27,Open Water,Website,28/04/2026
C05299,Vikram,Gupta,india,48,Advanced,OTA,May 5 2026
C05300,Lukas,Tanaka,australia,30, None,OTA,2026-05-02
C05301,Sophie,Smith,italy,26,Advanced,Walk-in,03/05/2026
C05302,Elena,Dubois,Israeli,31, None,,26/04/2026
C05303,Olga,Menon, India ,44,open water,Referral,2026-05-03
C05304,Marco,Sharma, India ,51,Open Water ,Website,2026-04-30
C05305,Daniel,Taylor,INDIA,36,none,Walk-in,03/05/2026
C05306,Pierre,OConnor, India ,42,None,OTA,01/05/2026
C05307,Aditya,Desai,India,34,open water,OTA,2026-05-03
C05308,Lukas,Iyer,UK,25,none,Instagram,2026-05-03
C05309,Yuki,Kulkarni,INDIA,49,Open Water,Referral,2026-04-27
C05310,Kavya,Kulkarni,russia,23,Open Water,Walk-in,April 27 2026
C05311,Itai,Ivanov,INDIA,49,Open Water,Referral,2026-05-05
C05312,Neha,Jansen,IN,32,Open Water,Hotel Partner,2026-05-03
C05313,Camille,Iyer,korea,48,Advanced ,OTA,2026-05-05
C05314,Ravi,Smith,INDIA,40,None,Instagram,May 8 2026
C05315,Dmitri,Sharma,Indian,14,None,,2026-04-30
C05316,Sophie,Rossi, India ,23,Advanced,Walk-in,April 28 2026
C05317,Karan,Kim,IN,29,Advanced,Hotel Partner,May 8 2026
C05318,Hannah,Banerjee,Dutch,34,Open Water,Walk-in,2026-05-05
C05319,Lukas,Gupta,Korean,46, Open Water,Instagram,29/04/2026
C05320,Arjun,Patel,India,39,none,,04/05/2026
C05321,Pierre,Wilson,Russian,21,NONE,Hotel Partner,May 2 2026
C05322,Chloe,Desai,INDIA,42,OPEN WATER,Referral,2026-05-05
C05323,Kavya,Levi,IT,47, None,Referral,2026-05-09
C05324,Hannah,Kulkarni,IN,23, Open Water,OTA,May 9 2026
C05325,Aditya,Chowdhury, India ,24,Open Water,Hotel Partner,2026-05-06
C05326,Divya,Wilson,India,25, None,Website,2026-05-03
C05327,Rahul,Kim,Indian,,None,Referral,2026-05-06
C05328,Rahul,Dubois,INDIA,27,open water,Website,2026-05-08
C05329,Pierre,Patel,france,20,NONE,Hotel Partner,2026-05-01
C05330,Marco,Banerjee,France,36,None,Walk-in,2026-05-06
C05331,Divya,Chowdhury, India ,15,None,OTA,2026-05-10
C05332,Camille,Sharma,KR,40,None,,01/05/2026
C05333,Liam,OConnor,france,74,Open  Water,Walk-in,09/05/2026
C05334,Camille,Rossi,India,21,Advanced,OTA,2026-05-01
C05335,Noa,Rao,United Kingdom,30,open water,OTA,2026-05-11
C05336,Pierre,Kulkarni,France,24,OPEN WATER,Walk-in,2026-05-04
C05337,Sophie,Schmidt,Indian,35,Advanced,Walk-in,2026-05-02
C05338,Aarav,OConnor,Holland,22,Open Water,Instagram,07/05/2026
C05339,Sarah,Brown,Indian,37,None,OTA,2026-05-01
C05340,Karan,Iyer,italy,26,Open  Water,Hotel Partner,2026-05-07
C05341,Sven,Tanaka,India,20, None,Walk-in,11/05/2026
C05342,Chloe,Smith,Indian,32,None,Website,2026-05-11
C05343,Meera,Jansen,RU,29,none,,2026-05-10
C05344,Sneha,Rossi,INDIA,20,Advanced,,08/05/2026
C05345,Itai,Brown,French,34,None,,2026-05-12
C05346,Camille,Levi,Japan,44,OPEN WATER,Website,2026-05-05
C05347,Camille,Schmidt,uk,49,none,OTA,2026-05-12
C05348,Aarav,Iyer,uk,53, Open Water,,2026-05-04
C05349,Sophie,Petrova,FR,46,Advanced,Referral,2026-05-08
C05350,Ishaan,Menon,Indian,,Open Water,Website,2026-05-05
C05351,Neha,Banerjee,INDIA,21,OPEN WATER,OTA,2026-05-06
C05352,Chloe,Brown,India,34,None ,,2026-05-10
C05353,Tom,Levi,INDIA,42,None,OTA,2026-05-04
C05354,Aarav,Levi,France,44,None,Website,May 11 2026
C05355,Vikram,Kulkarni,germany,32,Open Water ,Instagram,07/05/2026
C05356,Dmitri,Levi,india,31,advanced,OTA,2026-05-05
C05357,Tom,Nair, India ,20,None,OTA,04/05/2026
C05358,Aarav,Gupta,INDIA,,none,Referral,2026-05-13
C05359,Chloe,Cohen,germany,31, None,Walk-in,2026-05-09
C05360,Meera,Dubois,German,35,Advanced,OTA,08/05/2026
C05361,Itai,Reddy,Russian,25,None,Hotel Partner,May 9 2026
C05362,Meera,Sharma,Dutch,34,OPEN WATER,OTA,2026-05-13
C05363,Noa,Rossi,Indian,,None,Referral,14/05/2026
C05364,Olga,Kulkarni,AU,20,None,Website,2026-05-04
C05365,Noa,Muller, India ,34,Rescue,OTA,2026-05-08
C05366,Emma,Iyer,United Kingdom,25,NONE,OTA,May 4 2026
C05367,Arjun,Taylor,india,43,None,Walk-in,May 11 2026
C05368,Anouk,Gupta,German,48,NONE,OTA,2026-05-15
C05369,Kavya,Rossi,U.K.,43,Rescue,Walk-in,2026-05-12
C05370,Elena,Taylor,India,44,Open  Water,Website,09/05/2026
C05371,Dmitri,Ivanov,AU,,Open Water,OTA,2026-05-15
C05372,Yuki,Sharma,IN,47,open water,OTA,2026-05-10
C05373,Aarav,Gupta,U.S.A.,19,Open Water,Website,12/05/2026
C05374,Pierre,Chowdhury,INDIA,43,Rescue ,Walk-in,11/05/2026
C05375,Daniel,Jansen,Indian,33,open water,OTA,2026-05-05
C05376,Aditya,Petrova,India,53,NONE,OTA,2026-05-05
C05377,Pierre,Schmidt,South Korea,36,OPEN WATER,Walk-in,2026-05-12
C05378,Pooja,Rossi,india,26,None,OTA,2026-05-16
C05379,Minjun,Chowdhury,IT,33,Open Water,Walk-in,2026-05-14
C05380,Divya,Bakker,russia,35,None,OTA,13/05/2026
C05381,Yuki,Gupta,us,34,open water,Referral,2026-05-09
C05382,Anouk,Gupta,India,39,ADVANCED,Hotel Partner,2026-05-15
C05383,Aditya,Rossi,Italian,,NONE,Walk-in,2026-05-06
C05384,Rahul,Cohen,Indian,23,None,Walk-in,2026-05-15
C05385,Sneha,Patel,INDIA,56,Rescue ,Instagram,12/05/2026
C05386,Tom,Smith,INDIA,50,OPEN WATER,Referral,07/05/2026
C05387,Siddharth,Jansen,India,40,Rescue,Instagram,May 14 2026
C05388,Camille,Iyer,Netherlands,29,Open Water,Referral,2026-05-17
C05389,Itai,Taylor,Israeli,15,Advanced ,Instagram,2026-05-17
C05390,Sven,Muller,India,24,Open Water,OTA,15/05/2026
C05391,Pooja,Jansen,India,,Advanced,Referral,2026-05-15
C05392,Ravi,Wilson,IN,37,Open Water,OTA,2026-05-14
C05393,Karan,Bakker,Indian,23,None,Instagram,10/05/2026
C05394,Ananya,Banerjee,india,42,None,Website,13/05/2026
C05395,Aditya,Chowdhury,India,42,none,Instagram,2026-05-14
C05396,Emma,Rossi,Australia,15,Open Water,Instagram,2026-05-13
C05397,Daniel,Gupta,Italian,21,Open Water,Instagram,2026-05-09
C05398,Sarah,Chowdhury,India,46,None,Instagram,May 18 2026
C05399,Emma,Muller,IL,33,None,Instagram,08/05/2026
C05400,Pierre,Taylor,Netherlands,32,Open Water,,May 12 2026
C05401,Itai,Dubois,United States,41,None,Walk-in,2026-05-16
C05402,Neha,Petrova,Indian,,Open Water,Walk-in,2026-05-13
C05403,Daniel,Brown, India ,39,None ,OTA,2026-05-09
C05404,Arjun,Brown,IN,19,None,Referral,09/05/2026
C05405,Ravi,Gupta,American,,Advanced,Hotel Partner,2026-05-19
C05406,Ishaan,Park,uk,56, Open Water,OTA,2026-05-10
C05407,Itai,Brown,russia,36,none,Website,2026-05-14
C05408,Pierre,Muller, India ,42,None,Walk-in,2026-05-13
C05409,Aarav,Muller,IN,63,Open Water ,Website,May 17 2026
C05410,Sneha,Gupta,Indian,33,Open  Water,Hotel Partner,2026-05-20
C05411,Aditya,Gupta,India,28,None,OTA,2026-05-11
C05412,Lukas,Banerjee,germany,48,Open Water ,Instagram,15/05/2026
C05413,Hannah,Smith,India,34,none,OTA,2026-05-10
C05414,Minjun,Patel,USA,26,ADVANCED,OTA,May 17 2026
C05415,Rohan,Wilson,Germany,29,None,Instagram,2026-05-13
C05416,Sneha,Nair,india,43, None,OTA,2026-05-18
C05417,Elena,Menon,NL,32,Open Water,Instagram,2026-05-11
C05418,Ananya,Rossi,IN,14,NONE,OTA,2026-05-18
C05419,Divya,Chowdhury,India,17,open water,Hotel Partner,13/05/2026
C05420,Marco,Gupta,IN,38,Open Water,Walk-in,2026-05-12
C05421,Sophie,Levi,Germany,18,None,Walk-in,2026-05-18
C05422,Rohan,Rao,United States,,None,Walk-in,2026-05-17
C05423,Chloe,Levi,india,49, None,Walk-in,2026-05-19
C05424,Pierre,Nair,IN,38,Advanced,Website,May 18 2026
C05425,Hannah,Park,Israel,33,Divemaster ,Hotel Partner,2026-05-15
C05426,Rohan,Iyer,IN,47,None,Referral,2026-05-22
C05427,Rohan,Muller,INDIA,29,Open Water,Hotel Partner,May 18 2026
C05428,Ravi,Petrova,U.K.,41,OPEN WATER,Referral,20/05/2026
C05429,Siddharth,Dubois,Indian,46,Open Water,Website,2026-05-22
C05430,Liam,Chowdhury, India ,49, None,,2026-05-19
C05431,Sven,Bakker,IN,18,Advanced ,Website,14/05/2026
C05432,Marco,Menon,USA,27,None ,Hotel Partner,16/05/2026
C05433,Tom,Sharma, India ,35,None,Referral,2026-05-20
C05434,Arjun,Rossi,DE,49,None,Website,15/05/2026
C05435,Sven,Reddy, India ,37,None ,OTA,2026-05-16
C05436,Neha,Bakker,india,41, None,Walk-in,16/05/2026
C05437,Siddharth,Rossi,Japan,18,ADVANCED,OTA,2026-05-19
C05438,Pierre,Bakker,Russian,25,Open Water,Referral,23/05/2026
C05439,James,Bakker,UK,30,None ,,22/05/2026
C05440,Meera,Brown,Germany,36,Open Water,Referral,2026-05-18
C05441,Arjun,Iyer,India,33, None,OTA,2026-05-14
C05442,Karan,Reddy,Netherlands,12,Open Water,Referral,May 16 2026
C05443,Lukas,Chowdhury, India ,34,ADVANCED,Instagram,2026-05-23
C05444,Siddharth,Ivanov,NL,19,none,Website,May 20 2026
C05445,Divya,Iyer,Holland,35,NONE,Website,2026-05-15
C05446,Elena,Wilson,Korean,32,NONE,OTA,20/05/2026
C05447,Divya,Iyer,INDIA,38,OPEN WATER,Hotel Partner,May 17 2026
C05448,Anouk,Kulkarni,Indian,,None,Instagram,2026-05-19
C05449,Sneha,Schmidt,Indian,35, None,Referral,May 20 2026
C05450,Minjun,Chowdhury,germany,43,Open Water,Website,2026-05-21
C05451,Itai,Ivanov,INDIA,47,OPEN WATER,Referral,2026-05-19
C05452,Minjun,Bakker,RU,34,Open Water,OTA,22/05/2026
C05453,Lukas,Ivanov,British,31,None,OTA,2026-05-15
C05454,Dmitri,Petrova,INDIA,40,None ,Instagram,2026-05-23
C05455,Elena,Tanaka,Russia,39,Open Water,,20/05/2026
C05456,Elena,Desai,Russia,37, Open Water,OTA,2026-05-18
C05457,Yuki,Rao,korea,43,Open Water,OTA,May 26 2026
C05458,James,Bakker, India ,38,NONE,Hotel Partner,May 24 2026
C05459,Vikram,Levi,USA,,None,Website,May 16 2026
C05460,Daniel,Taylor,australia,26, Open Water,Hotel Partner,26/05/2026
C05461,Sophie,Ivanov,Indian,41,none,Walk-in,May 17 2026
C05462,Karan,Kim,India,29,None,Website,2026-05-16
C05463,Divya,Banerjee,france,23,None,Hotel Partner,18/05/2026
C05464,Vikram,Rossi,germany,29,NONE,Website,2026-05-20
C05465,Emma,Nair,india,42,Open Water ,Instagram,2026-05-26
C05466,Emma,Rossi,IN,33,None,Referral,20/05/2026
C05467,Divya,Ivanov,Indian,30,None ,Walk-in,2026-05-18
C05468,Neha,Kulkarni,india,29,advanced,Website,22/05/2026
C05469,Kavya,Kulkarni,Russia,24,open water,Website,18/05/2026
C05470,Neha,Reddy,DE,43,Open Water,OTA,2026-05-23
C05471,Sven,Banerjee,IN,26,advanced,Walk-in,2026-05-18
C05472,Arjun,Schmidt,Indian,30,None,,2026-05-28
C05473,Sneha,Dubois,India,35,None,OTA,2026-05-26
C05474,Olga,Nair, India ,,Open Water,Referral,2026-05-24
C05475,James,Petrova,INDIA,44,ADVANCED,,21/05/2026
C05476,Meera,Kulkarni,INDIA,31,Open Water,OTA,2026-05-27
C05477,Marco,Jansen,India,,None,OTA,2026-05-23
C05478,Aarav,Ivanov,india,45,none,Walk-in,2026-05-24
C05479,Chloe,Banerjee,india,15,Open Water,OTA,29/05/2026
C05480,Itai,Bakker,Israel,33,Open Water ,Instagram,May 25 2026
C05481,Sneha,Chowdhury, India ,44,None,,2026-05-24
C05482,Elena,Jansen,IN,32,None,Instagram,2026-05-20
C05483,Karan,Park,South Korea,34,NONE,Walk-in,2026-05-27
C05484,Daniel,Nair, India ,46,None,Walk-in,2026-05-29
C05485,Olga,Levi,IN,33,divemaster,Website,24/05/2026
C05486,Aarav,Bakker,India,12,Open Water,Hotel Partner,2026-05-20
C05487,Yuki,Iyer,India,,NONE,Walk-in,2026-05-29
C05488,Rohan,Gupta,Netherlands,,Open Water,Instagram,May 27 2026
C05489,Divya,Levi,India,44,None,Website,2026-05-25
C05490,Divya,Wilson,DE,37,DIVEMASTER,Instagram,2026-05-21
C05491,Vikram,Menon,IN,43,None,Walk-in,2026-05-23
C05492,Vikram,Smith,Indian,34,Divemaster,OTA,May 21 2026
C05493,Sven,Brown,Israel,47,Open Water,Walk-in,2026-05-23
C05494,Sven,Reddy, India ,46, Open Water,OTA,2026-05-29
C05495,Ishaan,Kulkarni, India ,34,Advanced ,Website,24/05/2026
