inquiry_id,inquiry_date,channel,converted_booking_id
Q000027,2023-11-04,OTA,B000035
Q000010,2023-11-05,OTA,B000015
Q000100,2023-11-05,OTA,B000125
Q000046,2023-11-06,Website,B000058
Q000122,2023-11-07,Walk-in,B000153
Q000026,2023-11-08,Instagram,B000034
Q000101,2023-11-08,Hotel Partner,B000126
Q000134,2023-11-08,Website,B000168
Q000008,2023-11-09,Referral,B000012
Q000047,2023-11-09,Referral,B000059
Q000070,2023-11-10,Walk-in,B000087
Q000144,2023-11-11,Website,B000181
Q000114,2023-11-12,OTA,B000143
Q000050,2023-11-13,Website,B000062
Q000068,2023-11-13,Referral,B000085
Q000006,2023-11-15,Website,B000008
Q000067,2023-11-15,Walk-in,B000084
Q000113,2023-11-15,Website,B000142
Q000015,2023-11-17,Referral,B000021
Q000097,2023-11-17,Referral,B000122
Q000208,2023-11-17,Walk-in,B000261
Q000224,2023-11-17,Referral,B000278
Q000023,2023-11-18,Walk-in,B000031
Q000040,2023-11-18,Referral,B000051
Q000155,2023-11-18,OTA,B000194
Q000004,2023-11-19,Instagram,B000005
Q000052,2023-11-19,Referral,B000065
Q000077,2023-11-19,Instagram,B000097
Q000095,2023-11-19,Referral,B000120
Q000025,2023-11-20,Referral,B000033
Q000062,2023-11-20,Website,B000079
Q000073,2023-11-20,Website,B000093
Q000157,2023-11-20,Hotel Partner,B000196
Q000159,2023-11-20,Walk-in,B000199
Q000176,2023-11-20,Referral,B000221
Q000274,2023-11-20,Hotel Partner,B000348
Q000065,2023-11-21,Walk-in,B000082
Q000072,2023-11-21,Hotel Partner,B000090
Q000075,2023-11-21,Referral,B000095
Q000088,2023-11-21,Referral,B000110
Q000013,2023-11-22,Walk-in,B000018
Q000133,2023-11-22,Website,B000167
Q000186,2023-11-22,Website,B000234
Q000218,2023-11-22,Website,B000271
Q000244,2023-11-22,Walk-in,B000302
Q000254,2023-11-22,Walk-in,B000315
Q000309,2023-11-22,Instagram,B000387
Q000055,2023-11-23,Hotel Partner,B000071
Q000132,2023-11-23,Website,B000166
Q000142,2023-11-23,Referral,B000177
Q000194,2023-11-23,Referral,B000242
Q000035,2023-11-24,Hotel Partner,B000046
Q000064,2023-11-24,Hotel Partner,B000081
Q000087,2023-11-24,Website,B000109
Q000202,2023-11-24,Website,B000251
Q000215,2023-11-24,Website,B000268
Q000253,2023-11-24,Hotel Partner,B000314
Q000005,2023-11-25,Referral,B000007
Q000032,2023-11-25,Hotel Partner,B000043
Q000049,2023-11-25,Instagram,B000061
Q000089,2023-11-25,Referral,B000112
Q000121,2023-11-25,Walk-in,B000152
Q000235,2023-11-25,Website,B000290
Q000265,2023-11-25,Walk-in,B000338
Q000278,2023-11-25,Walk-in,B000353
Q000007,2023-11-26,Referral,B000010
Q000036,2023-11-26,Website,B000047
Q000041,2023-11-26,Walk-in,B000053
Q000147,2023-11-26,Instagram,B000185
Q000198,2023-11-26,Hotel Partner,B000247
Q000230,2023-11-26,Walk-in,B000285
Q000270,2023-11-26,Referral,B000344
Q000057,2023-11-27,Referral,B000074
Q000071,2023-11-27,Referral,B000088
Q000174,2023-11-27,OTA,B000219
Q000245,2023-11-27,Walk-in,B000303
Q000295,2023-11-27,Walk-in,B000371
Q000310,2023-11-27,Instagram,B000388
Q000003,2023-11-28,Instagram,B000004
Q000045,2023-11-28,Hotel Partner,B000057
Q000080,2023-11-28,Instagram,B000101
Q000112,2023-11-28,Website,B000141
Q000115,2023-11-28,Website,B000144
Q000118,2023-11-28,Website,B000149
Q000255,2023-11-28,Hotel Partner,B000319
Q000268,2023-11-28,Walk-in,B000342
Q000328,2023-11-28,Walk-in,B000407
Q000009,2023-11-29,Website,B000013
Q000012,2023-11-29,Instagram,B000017
Q000028,2023-11-29,Website,B000036
Q000069,2023-11-29,Website,B000086
Q000076,2023-11-29,Walk-in,B000096
Q000102,2023-11-29,Walk-in,B000127
Q000103,2023-11-29,OTA,B000129
Q000107,2023-11-29,Referral,B000134
Q000168,2023-11-29,Instagram,B000210
Q000177,2023-11-29,Website,B000222
Q000228,2023-11-29,Walk-in,B000283
Q000296,2023-11-29,Instagram,B000372
Q000197,2023-11-30,OTA,B000246
Q000304,2023-11-30,Website,B000382
Q000043,2023-12-01,Walk-in,B000055
Q000149,2023-12-01,Website,B000188
Q000227,2023-12-01,Walk-in,B000282
Q000231,2023-12-01,Instagram,B000286
Q000247,2023-12-01,Instagram,B000305
Q000259,2023-12-01,Website,B000327
Q000280,2023-12-01,Instagram,B000355
Q000394,2023-12-01,Walk-in,B000491
Q000415,2023-12-01,Walk-in,B000529
Q000051,2023-12-02,Instagram,B000063
Q000063,2023-12-02,Referral,B000080
Q000066,2023-12-02,Instagram,B000083
Q000082,2023-12-02,OTA,B000104
Q000117,2023-12-02,Website,B000146
Q000120,2023-12-02,Website,B000151
Q000127,2023-12-02,Walk-in,B000158
Q000226,2023-12-02,Hotel Partner,B000280
Q000237,2023-12-02,Website,B000294
Q000240,2023-12-02,Walk-in,B000297
Q000334,2023-12-02,Website,B000416
Q000352,2023-12-02,Walk-in,B000438
Q000016,2023-12-03,Hotel Partner,B000022
Q000018,2023-12-03,Walk-in,B000024
Q000020,2023-12-03,Walk-in,B000027
Q000053,2023-12-03,OTA,B000069
Q000059,2023-12-03,Walk-in,B000076
Q000084,2023-12-03,Instagram,B000106
Q000106,2023-12-03,Website,B000133
Q000162,2023-12-03,Referral,B000202
Q000166,2023-12-03,Hotel Partner,B000208
Q000173,2023-12-03,Walk-in,B000217
Q000182,2023-12-03,Website,B000229
Q000222,2023-12-03,Instagram,B000275
Q000287,2023-12-03,Referral,B000363
Q000322,2023-12-03,Instagram,B000401
Q000356,2023-12-03,OTA,B000443
Q000451,2023-12-03,Instagram,B000570
Q000039,2023-12-04,Referral,B000050
Q000094,2023-12-04,Walk-in,B000118
Q000169,2023-12-04,Referral,B000211
Q000238,2023-12-04,Hotel Partner,B000295
Q000300,2023-12-04,OTA,B000376
Q000338,2023-12-04,Hotel Partner,B000423
Q000349,2023-12-04,Hotel Partner,B000435
Q000017,2023-12-05,Walk-in,B000023
Q000044,2023-12-05,Hotel Partner,B000056
Q000467,2023-12-05,Instagram,B000590
Q000021,2023-12-06,Referral,B000028
Q000022,2023-12-06,Referral,B000029
Q000048,2023-12-06,Referral,B000060
Q000092,2023-12-06,Website,B000116
Q000098,2023-12-06,Website,B000123
Q000131,2023-12-06,Instagram,B000165
Q000171,2023-12-06,Instagram,B000215
Q000178,2023-12-06,Instagram,B000223
Q000243,2023-12-06,Walk-in,B000301
Q000248,2023-12-06,Website,B000306
Q000263,2023-12-06,Walk-in,B000336
Q000332,2023-12-06,Instagram,B000414
Q000042,2023-12-07,Walk-in,B000054
Q000058,2023-12-07,Hotel Partner,B000075
Q000086,2023-12-07,Instagram,B000108
Q000156,2023-12-07,Referral,B000195
Q000200,2023-12-07,Walk-in,B000249
Q000216,2023-12-07,OTA,B000269
Q000249,2023-12-07,OTA,B000308
Q000286,2023-12-07,Referral,B000361
Q000293,2023-12-07,OTA,B000369
Q000337,2023-12-07,Website,B000422
Q000347,2023-12-07,Referral,B000433
Q000368,2023-12-07,Website,B000456
Q000410,2023-12-07,Website,B000519
Q000110,2023-12-08,Walk-in,B000137
Q000150,2023-12-08,Instagram,B000189
Q000191,2023-12-08,Instagram,B000239
Q000251,2023-12-08,Hotel Partner,B000311
Q000303,2023-12-08,Walk-in,B000380
Q000370,2023-12-08,Hotel Partner,B000460
Q000483,2023-12-08,Referral,B000609
Q000031,2023-12-09,Referral,B000041
Q000078,2023-12-09,Walk-in,B000099
Q000099,2023-12-09,Instagram,B000124
Q000105,2023-12-09,Walk-in,B000131
Q000164,2023-12-09,OTA,B000206
Q000170,2023-12-09,Instagram,B000212
Q000193,2023-12-09,Walk-in,B000241
Q000233,2023-12-09,Referral,B000288
Q000266,2023-12-09,Walk-in,B000340
Q000305,2023-12-09,Referral,B000383
Q000030,2023-12-10,OTA,B000040
Q000090,2023-12-10,Walk-in,B000114
Q000151,2023-12-10,Website,B000190
Q000199,2023-12-10,Referral,B000248
Q000267,2023-12-10,Walk-in,B000341
Q000357,2023-12-10,Referral,B000444
Q000381,2023-12-10,Instagram,B000473
Q000060,2023-12-11,Referral,B000077
Q000109,2023-12-11,Instagram,B000136
Q000126,2023-12-11,Website,B000157
Q000135,2023-12-11,OTA,B000169
Q000146,2023-12-11,Website,B000183
Q000229,2023-12-11,OTA,B000284
Q000241,2023-12-11,Hotel Partner,B000299
Q000271,2023-12-11,Walk-in,B000345
Q000346,2023-12-11,Referral,B000432
Q000444,2023-12-11,Instagram,B000562
Q000553,2023-12-11,Walk-in,B000697
Q000061,2023-12-12,Website,B000078
Q000184,2023-12-12,Walk-in,B000231
Q000333,2023-12-12,Walk-in,B000415
Q000379,2023-12-12,Hotel Partner,B000470
Q000386,2023-12-12,Referral,B000479
Q000393,2023-12-12,Referral,B000490
Q000402,2023-12-12,Instagram,B000507
Q000116,2023-12-13,Walk-in,B000145
Q000153,2023-12-13,Referral,B000192
Q000167,2023-12-13,OTA,B000209
Q000297,2023-12-13,Walk-in,B000373
Q000341,2023-12-13,Referral,B000427
Q000354,2023-12-13,OTA,B000441
Q000383,2023-12-13,Walk-in,B000475
Q000443,2023-12-13,Referral,B000561
Q000489,2023-12-13,Website,B000615
Q000517,2023-12-13,Website,B000654
Q000534,2023-12-13,Walk-in,B000675
Q000033,2023-12-14,Instagram,B000044
Q000056,2023-12-14,Walk-in,B000072
Q000074,2023-12-14,Instagram,B000094
Q000079,2023-12-14,Walk-in,B000100
Q000093,2023-12-14,Hotel Partner,B000117
Q000152,2023-12-14,Referral,B000191
Q000175,2023-12-14,Referral,B000220
Q000217,2023-12-14,Referral,B000270
Q000343,2023-12-14,Website,B000429
Q000365,2023-12-14,Referral,B000453
Q000494,2023-12-14,Instagram,B000622
Q000002,2023-12-15,Website,B000003
Q000165,2023-12-15,Website,B000207
Q000183,2023-12-15,OTA,B000230
Q000213,2023-12-15,Referral,B000266
Q000232,2023-12-15,Website,B000287
Q000250,2023-12-15,Hotel Partner,B000309
Q000439,2023-12-15,Instagram,B000557
Q000519,2023-12-15,Walk-in,B000656
Q000565,2023-12-15,Walk-in,B000713
Q000130,2023-12-16,Walk-in,B000164
Q000136,2023-12-16,Walk-in,B000170
Q000201,2023-12-16,OTA,B000250
Q000209,2023-12-16,Website,B000262
Q000210,2023-12-16,Hotel Partner,B000263
Q000261,2023-12-16,Website,B000329
Q000358,2023-12-16,Website,B000446
Q000362,2023-12-16,Walk-in,B000450
Q000442,2023-12-16,Instagram,B000560
Q000001,2023-12-17,Referral,B000001
Q000085,2023-12-17,Hotel Partner,B000107
Q000141,2023-12-17,Referral,B000176
Q000172,2023-12-17,Website,B000216
Q000220,2023-12-17,Website,B000273
Q000269,2023-12-17,OTA,B000343
Q000291,2023-12-17,Referral,B000367
Q000420,2023-12-17,Walk-in,B000534
Q000441,2023-12-17,Referral,B000559
Q000452,2023-12-17,Walk-in,B000572
Q000453,2023-12-17,Hotel Partner,B000575
Q000536,2023-12-17,Referral,B000678
Q000029,2023-12-18,Walk-in,B000037
Q000037,2023-12-18,Website,B000048
Q000143,2023-12-18,Website,B000180
Q000187,2023-12-18,Instagram,B000235
Q000203,2023-12-18,Hotel Partner,B000252
Q000329,2023-12-18,Walk-in,B000408
Q000409,2023-12-18,Walk-in,B000517
Q000431,2023-12-18,Referral,B000547
Q000459,2023-12-18,OTA,B000581
Q000512,2023-12-18,Referral,B000647
Q000616,2023-12-18,Website,B000782
Q000137,2023-12-19,Referral,B000171
Q000219,2023-12-19,Hotel Partner,B000272
Q000282,2023-12-19,Hotel Partner,B000357
Q000308,2023-12-19,Instagram,B000386
Q000314,2023-12-19,Website,B000392
Q000375,2023-12-19,Hotel Partner,B000465
Q000485,2023-12-19,Walk-in,B000611
Q000125,2023-12-20,Hotel Partner,B000156
Q000140,2023-12-20,Walk-in,B000175
Q000252,2023-12-20,Referral,B000312
Q000385,2023-12-20,Referral,B000478
Q000398,2023-12-20,Walk-in,B000499
Q000599,2023-12-20,Hotel Partner,B000758
Q000633,2023-12-20,Walk-in,B000804
Q000011,2023-12-21,Hotel Partner,B000016
Q000014,2023-12-21,Hotel Partner,B000019
Q000024,2023-12-21,OTA,B000032
Q000124,2023-12-21,Website,B000155
Q000161,2023-12-21,Website,B000201
Q000192,2023-12-21,Referral,B000240
Q000234,2023-12-21,Instagram,B000289
Q000256,2023-12-21,Hotel Partner,B000321
Q000260,2023-12-21,Referral,B000328
Q000437,2023-12-21,Website,B000555
Q000440,2023-12-21,Website,B000558
Q000445,2023-12-21,Referral,B000563
Q000569,2023-12-21,Walk-in,B000717
Q000572,2023-12-21,Website,B000721
Q000600,2023-12-21,Instagram,B000759
Q000083,2023-12-22,Website,B000105
Q000154,2023-12-22,Walk-in,B000193
Q000158,2023-12-22,Hotel Partner,B000198
Q000181,2023-12-22,Hotel Partner,B000228
Q000196,2023-12-22,Website,B000245
Q000214,2023-12-22,Walk-in,B000267
Q000273,2023-12-22,Website,B000347
Q000279,2023-12-22,Walk-in,B000354
Q000298,2023-12-22,Walk-in,B000374
Q000318,2023-12-22,Instagram,B000397
Q000378,2023-12-22,Referral,B000469
Q000380,2023-12-22,Website,B000472
Q000403,2023-12-22,Website,B000509
Q000465,2023-12-22,Walk-in,B000587
Q000498,2023-12-22,Hotel Partner,B000626
Q000515,2023-12-22,OTA,B000652
Q000580,2023-12-22,Website,B000732
Q000091,2023-12-23,Hotel Partner,B000115
Q000246,2023-12-23,Instagram,B000304
Q000292,2023-12-23,Referral,B000368
Q000307,2023-12-23,Referral,B000385
Q000336,2023-12-23,Referral,B000419
Q000373,2023-12-23,Hotel Partner,B000463
Q000412,2023-12-23,Walk-in,B000524
Q000477,2023-12-23,Referral,B000602
Q000019,2023-12-24,Instagram,B000025
Q000054,2023-12-24,Walk-in,B000070
Q000123,2023-12-24,Website,B000154
Q000139,2023-12-24,Instagram,B000173
Q000179,2023-12-24,Walk-in,B000224
Q000180,2023-12-24,Walk-in,B000227
Q000275,2023-12-24,Website,B000349
Q000331,2023-12-24,Instagram,B000413
Q000339,2023-12-24,Referral,B000424
Q000363,2023-12-24,Referral,B000451
Q000417,2023-12-24,Walk-in,B000531
Q000474,2023-12-24,Walk-in,B000598
Q000488,2023-12-24,Instagram,B000614
Q000537,2023-12-24,Referral,B000679
Q000560,2023-12-24,Website,B000707
Q000038,2023-12-25,Referral,B000049
Q000096,2023-12-25,OTA,B000121
Q000104,2023-12-25,Instagram,B000130
Q000145,2023-12-25,Walk-in,B000182
Q000190,2023-12-25,Walk-in,B000238
Q000391,2023-12-25,Walk-in,B000486
Q000471,2023-12-25,Walk-in,B000594
Q000482,2023-12-25,Walk-in,B000608
Q000491,2023-12-25,Referral,B000617
Q000526,2023-12-25,Hotel Partner,B000666
Q000603,2023-12-25,Hotel Partner,B000763
Q000622,2023-12-25,Walk-in,B000789
Q000225,2023-12-26,Hotel Partner,B000279
Q000301,2023-12-26,Instagram,B000378
Q000313,2023-12-26,Referral,B000391
Q000457,2023-12-26,Walk-in,B000579
Q000458,2023-12-26,Walk-in,B000580
Q000504,2023-12-26,Referral,B000636
Q000527,2023-12-26,OTA,B000667
Q000574,2023-12-26,Walk-in,B000724
Q000644,2023-12-26,OTA,B000818
Q000649,2023-12-26,Instagram,B000823
Q000684,2023-12-26,Walk-in,B000869
Q000108,2023-12-27,Referral,B000135
Q000138,2023-12-27,Website,B000172
Q000221,2023-12-27,Walk-in,B000274
Q000276,2023-12-27,Walk-in,B000350
Q000302,2023-12-27,Walk-in,B000379
Q000340,2023-12-27,Instagram,B000426
Q000342,2023-12-27,Website,B000428
Q000348,2023-12-27,Website,B000434
Q000355,2023-12-27,Walk-in,B000442
Q000367,2023-12-27,Website,B000455
Q000390,2023-12-27,Website,B000485
Q000424,2023-12-27,OTA,B000538
Q000428,2023-12-27,Website,B000544
Q000456,2023-12-27,Walk-in,B000578
Q000585,2023-12-27,Hotel Partner,B000737
Q000639,2023-12-27,Walk-in,B000810
Q000148,2023-12-28,Website,B000187
Q000207,2023-12-28,Referral,B000257
Q000223,2023-12-28,Referral,B000277
Q000257,2023-12-28,Referral,B000322
Q000290,2023-12-28,Instagram,B000366
Q000389,2023-12-28,Walk-in,B000484
Q000414,2023-12-28,Website,B000528
Q000511,2023-12-28,Walk-in,B000646
Q000522,2023-12-28,Hotel Partner,B000659
Q000550,2023-12-28,Website,B000694
Q000557,2023-12-28,OTA,B000703
Q000609,2023-12-28,Instagram,B000771
Q000205,2023-12-29,Website,B000255
Q000262,2023-12-29,Instagram,B000331
Q000283,2023-12-29,Walk-in,B000358
Q000312,2023-12-29,Website,B000390
Q000369,2023-12-29,Walk-in,B000458
Q000388,2023-12-29,Referral,B000481
Q000408,2023-12-29,Hotel Partner,B000515
Q000422,2023-12-29,Website,B000536
Q000432,2023-12-29,Referral,B000548
Q000462,2023-12-29,Walk-in,B000584
Q000486,2023-12-29,Hotel Partner,B000612
Q000563,2023-12-29,Referral,B000711
Q000664,2023-12-29,Instagram,B000843
Q000676,2023-12-29,Instagram,B000858
Q000712,2023-12-29,Referral,B000905
Q000081,2023-12-30,Website,B000102
Q000204,2023-12-30,Walk-in,B000254
Q000285,2023-12-30,Hotel Partner,B000360
Q000350,2023-12-30,Website,B000436
Q000454,2023-12-30,Hotel Partner,B000576
Q000478,2023-12-30,Walk-in,B000603
Q000495,2023-12-30,Website,B000623
Q000505,2023-12-30,Referral,B000637
Q000531,2023-12-30,Website,B000671
Q000535,2023-12-30,Walk-in,B000676
Q000702,2023-12-30,Referral,B000893
Q000727,2023-12-30,Instagram,B000922
Q000732,2023-12-30,Instagram,B000928
Q000759,2023-12-30,Hotel Partner,B000966
Q000034,2023-12-31,Hotel Partner,B000045
Q000111,2023-12-31,Walk-in,B000139
Q000206,2023-12-31,OTA,B000256
Q000382,2023-12-31,Website,B000474
Q000436,2023-12-31,Website,B000554
Q000472,2023-12-31,Website,B000596
Q000480,2023-12-31,Website,B000605
Q000538,2023-12-31,Hotel Partner,B000680
Q000738,2023-12-31,Website,B000938
Q000163,2024-01-01,Referral,B000203
Q000188,2024-01-01,Referral,B000236
Q000317,2024-01-01,Hotel Partner,B000396
Q000320,2024-01-01,Walk-in,B000399
Q000372,2024-01-01,Website,B000462
Q000376,2024-01-01,Website,B000467
Q000411,2024-01-01,Website,B000520
Q000475,2024-01-01,Referral,B000599
Q000484,2024-01-01,OTA,B000610
Q000630,2024-01-01,OTA,B000801
Q000648,2024-01-01,Website,B000822
Q000672,2024-01-01,Walk-in,B000853
Q000713,2024-01-01,Referral,B000906
Q005907,2024-01-01,Referral,
Q006255,2024-01-01,Walk-in,
Q006466,2024-01-01,Hotel Partner,
Q000129,2024-01-02,Referral,B000161
Q000404,2024-01-02,Hotel Partner,B000511
Q000423,2024-01-02,Referral,B000537
Q000529,2024-01-02,OTA,B000669
Q000539,2024-01-02,Referral,B000682
Q000642,2024-01-02,Referral,B000814
Q005567,2024-01-02,Hotel Partner,
Q005589,2024-01-02,Walk-in,
Q005655,2024-01-02,Instagram,
Q005677,2024-01-02,Walk-in,
Q005780,2024-01-02,Hotel Partner,
Q005830,2024-01-02,Walk-in,
Q006275,2024-01-02,Walk-in,
Q006336,2024-01-02,Hotel Partner,
Q006445,2024-01-02,Website,
Q000119,2024-01-03,Hotel Partner,B000150
Q000264,2024-01-03,OTA,B000337
Q000284,2024-01-03,Walk-in,B000359
Q000294,2024-01-03,Instagram,B000370
Q000345,2024-01-03,Walk-in,B000431
Q000366,2024-01-03,Referral,B000454
Q000582,2024-01-03,Referral,B000734
Q000596,2024-01-03,Walk-in,B000754
Q000775,2024-01-03,Website,B000988
Q005569,2024-01-03,Hotel Partner,
Q005623,2024-01-03,Walk-in,
Q005667,2024-01-03,Website,
Q005707,2024-01-03,Website,
Q006177,2024-01-03,Walk-in,
Q000160,2024-01-04,Walk-in,B000200
Q000185,2024-01-04,Referral,B000232
Q000306,2024-01-04,Hotel Partner,B000384
Q000315,2024-01-04,OTA,B000394
Q000325,2024-01-04,Walk-in,B000404
Q000335,2024-01-04,Website,B000417
Q000361,2024-01-04,Website,B000449
Q000374,2024-01-04,Hotel Partner,B000464
Q000416,2024-01-04,Walk-in,B000530
Q000455,2024-01-04,Hotel Partner,B000577
Q000513,2024-01-04,Instagram,B000648
Q000549,2024-01-04,Hotel Partner,B000693
Q000592,2024-01-04,Website,B000748
Q000641,2024-01-04,Website,B000812
Q000737,2024-01-04,OTA,B000936
Q000799,2024-01-04,Website,B001021
Q005621,2024-01-04,Website,
Q005812,2024-01-04,Website,
Q005988,2024-01-04,Website,
Q006394,2024-01-04,Walk-in,
Q006438,2024-01-04,Hotel Partner,
Q000281,2024-01-05,Walk-in,B000356
Q000353,2024-01-05,Referral,B000440
Q000399,2024-01-05,Walk-in,B000500
Q000400,2024-01-05,Referral,B000504
Q000466,2024-01-05,Instagram,B000588
Q000500,2024-01-05,Walk-in,B000630
Q000726,2024-01-05,Referral,B000921
Q000763,2024-01-05,Website,B000971
Q000824,2024-01-05,Instagram,B001058
Q005646,2024-01-05,OTA,
Q005679,2024-01-05,Hotel Partner,
Q006036,2024-01-05,Website,
Q006178,2024-01-05,Referral,
Q006311,2024-01-05,Instagram,
Q000189,2024-01-06,Walk-in,B000237
Q000316,2024-01-06,Referral,B000395
Q000401,2024-01-06,Website,B000506
Q000406,2024-01-06,Referral,B000513
Q000413,2024-01-06,Walk-in,B000525
Q000425,2024-01-06,Website,B000539
Q000544,2024-01-06,Website,B000687
Q000601,2024-01-06,Website,B000760
Q000602,2024-01-06,Website,B000762
Q000628,2024-01-06,Website,B000798
Q006088,2024-01-06,Website,
Q006117,2024-01-06,Website,
Q006221,2024-01-06,Referral,
Q006417,2024-01-06,Website,
Q000321,2024-01-07,Instagram,B000400
Q000351,2024-01-07,Walk-in,B000437
Q000359,2024-01-07,Hotel Partner,B000447
Q000405,2024-01-07,Walk-in,B000512
Q000502,2024-01-07,Website,B000633
Q000595,2024-01-07,Referral,B000753
Q000647,2024-01-07,OTA,B000821
Q000673,2024-01-07,Walk-in,B000854
Q000683,2024-01-07,Hotel Partner,B000867
Q000690,2024-01-07,Instagram,B000878
Q000698,2024-01-07,OTA,B000889
Q000778,2024-01-07,Walk-in,B000993
Q000804,2024-01-07,Website,B001027
Q005882,2024-01-07,Hotel Partner,
Q005962,2024-01-07,Website,
Q006023,2024-01-07,Website,
Q006196,2024-01-07,Instagram,
Q006208,2024-01-07,Referral,
Q006242,2024-01-07,Walk-in,
Q006295,2024-01-07,Instagram,
Q006307,2024-01-07,Hotel Partner,
Q006492,2024-01-07,OTA,
Q000344,2024-01-08,Walk-in,B000430
Q000501,2024-01-08,Walk-in,B000631
Q000584,2024-01-08,Walk-in,B000736
Q000625,2024-01-08,OTA,B000792
Q000627,2024-01-08,Referral,B000794
Q000654,2024-01-08,Website,B000830
Q000665,2024-01-08,Referral,B000845
Q000785,2024-01-08,Website,B001003
Q000807,2024-01-08,Website,B001030
Q005767,2024-01-08,Website,
Q005798,2024-01-08,Walk-in,
Q006111,2024-01-08,Instagram,
Q006133,2024-01-08,Walk-in,
Q006439,2024-01-08,Walk-in,
Q000128,2024-01-09,Referral,B000160
Q000239,2024-01-09,Walk-in,B000296
Q000288,2024-01-09,Referral,B000364
Q000311,2024-01-09,Referral,B000389
Q000377,2024-01-09,Instagram,B000468
Q000397,2024-01-09,Website,B000496
Q000447,2024-01-09,Website,B000566
Q000470,2024-01-09,Walk-in,B000593
Q000503,2024-01-09,Walk-in,B000634
Q000507,2024-01-09,Instagram,B000639
Q000524,2024-01-09,Website,B000661
Q000573,2024-01-09,Referral,B000723
Q000661,2024-01-09,Referral,B000840
Q000752,2024-01-09,Referral,B000958
Q000823,2024-01-09,Walk-in,B001057
Q005580,2024-01-09,Walk-in,
Q005688,2024-01-09,OTA,
Q005883,2024-01-09,Walk-in,
Q005899,2024-01-09,Walk-in,
Q005936,2024-01-09,Website,
Q006249,2024-01-09,Walk-in,
Q006366,2024-01-09,Referral,
Q006375,2024-01-09,Walk-in,
Q000212,2024-01-10,Walk-in,B000265
Q000236,2024-01-10,Instagram,B000292
Q000433,2024-01-10,Walk-in,B000549
Q000463,2024-01-10,OTA,B000585
Q000464,2024-01-10,Website,B000586
Q000508,2024-01-10,Hotel Partner,B000640
Q000516,2024-01-10,Walk-in,B000653
Q000520,2024-01-10,Walk-in,B000657
Q000523,2024-01-10,Website,B000660
Q000610,2024-01-10,Walk-in,B000772
Q000635,2024-01-10,Walk-in,B000806
Q000691,2024-01-10,Walk-in,B000880
Q000705,2024-01-10,Referral,B000898
Q000709,2024-01-10,OTA,B000902
Q005849,2024-01-10,Hotel Partner,
Q005934,2024-01-10,Website,
Q006192,2024-01-10,Referral,
Q006294,2024-01-10,Hotel Partner,
Q000319,2024-01-11,Referral,B000398
Q000429,2024-01-11,Walk-in,B000545
Q000438,2024-01-11,OTA,B000556
Q000578,2024-01-11,Walk-in,B000729
Q000797,2024-01-11,Referral,B001018
Q005857,2024-01-11,Website,
Q005955,2024-01-11,Referral,
Q005967,2024-01-11,Walk-in,
Q006205,2024-01-11,Walk-in,
Q006433,2024-01-11,Hotel Partner,
Q000195,2024-01-12,Referral,B000244
Q000547,2024-01-12,Website,B000690
Q000577,2024-01-12,Hotel Partner,B000727
Q000621,2024-01-12,Hotel Partner,B000788
Q000653,2024-01-12,Referral,B000828
Q000750,2024-01-12,Referral,B000956
Q000762,2024-01-12,Walk-in,B000970
Q000765,2024-01-12,Website,B000973
Q000770,2024-01-12,Website,B000982
Q000819,2024-01-12,Hotel Partner,B001049
Q000868,2024-01-12,OTA,B001117
Q005575,2024-01-12,Walk-in,
Q005902,2024-01-12,Instagram,
Q006296,2024-01-12,Walk-in,
Q006447,2024-01-12,Walk-in,
Q006456,2024-01-12,OTA,
Q000211,2024-01-13,OTA,B000264
Q000327,2024-01-13,OTA,B000406
Q000364,2024-01-13,Instagram,B000452
Q000371,2024-01-13,OTA,B000461
Q000460,2024-01-13,Hotel Partner,B000582
Q000479,2024-01-13,Referral,B000604
Q000532,2024-01-13,Referral,B000672
Q000562,2024-01-13,Referral,B000710
Q000587,2024-01-13,Instagram,B000740
Q000597,2024-01-13,Referral,B000755
Q000608,2024-01-13,Hotel Partner,B000769
Q000629,2024-01-13,OTA,B000800
Q000638,2024-01-13,Referral,B000809
Q000667,2024-01-13,Referral,B000847
Q000681,2024-01-13,Referral,B000865
Q000769,2024-01-13,Referral,B000980
Q000876,2024-01-13,Walk-in,B001127
Q005603,2024-01-13,Website,
Q005614,2024-01-13,Instagram,
Q006016,2024-01-13,Website,
Q006385,2024-01-13,OTA,
Q006414,2024-01-13,Instagram,
Q000242,2024-01-14,Website,B000300
Q000272,2024-01-14,Walk-in,B000346
Q000277,2024-01-14,Instagram,B000351
Q000289,2024-01-14,Instagram,B000365
Q000326,2024-01-14,Instagram,B000405
Q000395,2024-01-14,Hotel Partner,B000494
Q000419,2024-01-14,Website,B000533
Q000421,2024-01-14,Walk-in,B000535
Q000540,2024-01-14,Website,B000683
Q000586,2024-01-14,Walk-in,B000739
Q000658,2024-01-14,Walk-in,B000835
Q000795,2024-01-14,Walk-in,B001016
Q005617,2024-01-14,Walk-in,
Q005651,2024-01-14,Website,
Q005683,2024-01-14,Referral,
Q005873,2024-01-14,Website,
Q005944,2024-01-14,Walk-in,
Q005956,2024-01-14,Walk-in,
Q006012,2024-01-14,Hotel Partner,
Q006174,2024-01-14,Walk-in,
Q006287,2024-01-14,Referral,
Q006304,2024-01-14,Instagram,
Q006478,2024-01-14,Referral,
Q000258,2024-01-15,Walk-in,B000325
Q000323,2024-01-15,Instagram,B000402
Q000481,2024-01-15,Walk-in,B000607
Q000533,2024-01-15,Walk-in,B000674
Q000605,2024-01-15,OTA,B000765
Q000669,2024-01-15,OTA,B000850
Q000678,2024-01-15,Hotel Partner,B000862
Q000718,2024-01-15,Walk-in,B000913
Q000735,2024-01-15,Website,B000933
Q000760,2024-01-15,Walk-in,B000967
Q005632,2024-01-15,Referral,
Q005834,2024-01-15,Referral,
Q006116,2024-01-15,Hotel Partner,
Q006131,2024-01-15,OTA,
Q000299,2024-01-16,OTA,B000375
Q000360,2024-01-16,Walk-in,B000448
Q000430,2024-01-16,OTA,B000546
Q000434,2024-01-16,Instagram,B000550
Q000518,2024-01-16,Website,B000655
Q000545,2024-01-16,Hotel Partner,B000688
Q000554,2024-01-16,OTA,B000699
Q000614,2024-01-16,Walk-in,B000780
Q000652,2024-01-16,Referral,B000827
Q000719,2024-01-16,Hotel Partner,B000914
Q000753,2024-01-16,Website,B000959
Q000784,2024-01-16,Instagram,B001001
Q000907,2024-01-16,Walk-in,B001169
Q005742,2024-01-16,Referral,
Q005965,2024-01-16,Website,
Q000330,2024-01-17,Walk-in,B000409
Q000384,2024-01-17,OTA,B000477
Q000407,2024-01-17,Website,B000514
Q000435,2024-01-17,Walk-in,B000553
Q000446,2024-01-17,Website,B000565
Q000450,2024-01-17,OTA,B000569
Q000487,2024-01-17,Walk-in,B000613
Q000556,2024-01-17,Walk-in,B000702
Q000716,2024-01-17,Referral,B000911
Q005570,2024-01-17,Referral,
Q005608,2024-01-17,Walk-in,
Q005636,2024-01-17,Referral,
Q005771,2024-01-17,Referral,
Q005891,2024-01-17,Website,
Q005972,2024-01-17,Website,
Q006035,2024-01-17,Walk-in,
Q006110,2024-01-17,OTA,
Q006370,2024-01-17,Walk-in,
Q006399,2024-01-17,Instagram,
Q000426,2024-01-18,Instagram,B000541
Q000468,2024-01-18,OTA,B000591
Q000509,2024-01-18,Walk-in,B000641
Q000510,2024-01-18,Instagram,B000645
Q000525,2024-01-18,Instagram,B000665
Q000583,2024-01-18,Hotel Partner,B000735
Q000588,2024-01-18,Walk-in,B000742
Q000590,2024-01-18,Walk-in,B000744
Q000593,2024-01-18,Hotel Partner,B000749
Q000606,2024-01-18,OTA,B000766
Q000612,2024-01-18,Website,B000775
Q000687,2024-01-18,OTA,B000873
Q000749,2024-01-18,Walk-in,B000955
Q000780,2024-01-18,Instagram,B000995
Q000843,2024-01-18,Walk-in,B001080
Q000885,2024-01-18,Walk-in,B001138
Q005620,2024-01-18,Website,
Q005713,2024-01-18,Walk-in,
Q006004,2024-01-18,OTA,
Q006145,2024-01-18,Referral,
Q000324,2024-01-19,Walk-in,B000403
Q000449,2024-01-19,OTA,B000568
Q000473,2024-01-19,OTA,B000597
Q000493,2024-01-19,Website,B000620
Q000717,2024-01-19,Instagram,B000912
Q000743,2024-01-19,Walk-in,B000947
Q000745,2024-01-19,Referral,B000949
Q000813,2024-01-19,Hotel Partner,B001040
Q000863,2024-01-19,Website,B001112
Q005568,2024-01-19,Referral,
Q006030,2024-01-19,Website,
Q006187,2024-01-19,Referral,
Q006260,2024-01-19,Walk-in,
Q006341,2024-01-19,Walk-in,
Q006392,2024-01-19,Walk-in,
Q006429,2024-01-19,OTA,
Q000396,2024-01-20,Walk-in,B000495
Q000530,2024-01-20,Walk-in,B000670
Q000543,2024-01-20,Website,B000686
Q000670,2024-01-20,Referral,B000851
Q000708,2024-01-20,OTA,B000901
Q000764,2024-01-20,Hotel Partner,B000972
Q005640,2024-01-20,OTA,
Q006405,2024-01-20,Website,
Q000387,2024-01-21,Website,B000480
Q000469,2024-01-21,Walk-in,B000592
Q000499,2024-01-21,Referral,B000629
Q000521,2024-01-21,Instagram,B000658
Q000623,2024-01-21,Walk-in,B000790
Q000655,2024-01-21,Walk-in,B000831
Q000689,2024-01-21,Website,B000877
Q000805,2024-01-21,Instagram,B001028
Q000856,2024-01-21,OTA,B001102
Q005702,2024-01-21,Instagram,
Q005980,2024-01-21,Website,
Q006009,2024-01-21,Referral,
Q006440,2024-01-21,Referral,
Q000490,2024-01-22,Hotel Partner,B000616
Q000541,2024-01-22,OTA,B000684
Q000618,2024-01-22,Website,B000785
Q000675,2024-01-22,Hotel Partner,B000857
Q005657,2024-01-22,Instagram,
Q005805,2024-01-22,Referral,
Q005856,2024-01-22,OTA,
Q005866,2024-01-22,Referral,
Q005973,2024-01-22,OTA,
Q006359,2024-01-22,Walk-in,
Q006491,2024-01-22,Walk-in,
Q000497,2024-01-23,Instagram,B000625
Q000542,2024-01-23,Referral,B000685
Q000555,2024-01-23,Walk-in,B000700
Q000564,2024-01-23,Referral,B000712
Q000598,2024-01-23,Instagram,B000756
Q000619,2024-01-23,Referral,B000786
Q000624,2024-01-23,Walk-in,B000791
Q000671,2024-01-23,Referral,B000852
Q000710,2024-01-23,Walk-in,B000903
Q000720,2024-01-23,Website,B000915
Q000758,2024-01-23,Hotel Partner,B000965
Q000767,2024-01-23,Walk-in,B000976
Q000828,2024-01-23,Instagram,B001062
Q000884,2024-01-23,Hotel Partner,B001136
Q000898,2024-01-23,Walk-in,B001156
Q000928,2024-01-23,Referral,B001197
Q005774,2024-01-23,Hotel Partner,
Q005917,2024-01-23,Instagram,
Q006090,2024-01-23,Walk-in,
Q006335,2024-01-23,Walk-in,
Q006389,2024-01-23,OTA,
Q006427,2024-01-23,Website,
Q000476,2024-01-24,Website,B000601
Q000528,2024-01-24,Walk-in,B000668
Q000558,2024-01-24,Walk-in,B000704
Q000571,2024-01-24,Instagram,B000719
Q000575,2024-01-24,OTA,B000725
Q000581,2024-01-24,Hotel Partner,B000733
Q000636,2024-01-24,Walk-in,B000807
Q000917,2024-01-24,Hotel Partner,B001184
Q000926,2024-01-24,Website,B001194
Q000982,2024-01-24,Website,B001267
Q005566,2024-01-24,Walk-in,
Q005710,2024-01-24,OTA,
Q005768,2024-01-24,Referral,
Q005877,2024-01-24,OTA,
Q005932,2024-01-24,Walk-in,
Q006095,2024-01-24,Website,
Q006212,2024-01-24,Instagram,
Q006377,2024-01-24,Walk-in,
Q006423,2024-01-24,Walk-in,
Q000496,2024-01-25,OTA,B000624
Q000514,2024-01-25,Walk-in,B000649
Q000568,2024-01-25,Hotel Partner,B000716
Q000694,2024-01-25,Website,B000883
Q000741,2024-01-25,Hotel Partner,B000943
Q000814,2024-01-25,Website,B001041
Q000838,2024-01-25,Hotel Partner,B001074
Q000850,2024-01-25,OTA,B001089
Q001030,2024-01-25,OTA,B001336
Q005747,2024-01-25,Hotel Partner,
Q005863,2024-01-25,Hotel Partner,
Q006032,2024-01-25,Walk-in,
Q006147,2024-01-25,Website,
Q006179,2024-01-25,Walk-in,
Q006245,2024-01-25,Instagram,
Q006280,2024-01-25,Hotel Partner,
Q000392,2024-01-26,Instagram,B000489
Q000567,2024-01-26,Walk-in,B000715
Q000594,2024-01-26,Instagram,B000750
Q000659,2024-01-26,Hotel Partner,B000836
Q000721,2024-01-26,Website,B000916
Q000766,2024-01-26,Walk-in,B000975
Q000771,2024-01-26,Walk-in,B000983
Q000955,2024-01-26,Website,B001229
Q005724,2024-01-26,Website,
Q005748,2024-01-26,Instagram,
Q005920,2024-01-26,Walk-in,
Q005927,2024-01-26,Website,
Q006175,2024-01-26,Referral,
Q000418,2024-01-27,Walk-in,B000532
Q000448,2024-01-27,Website,B000567
Q000551,2024-01-27,Referral,B000695
Q000591,2024-01-27,Walk-in,B000746
Q000640,2024-01-27,OTA,B000811
Q000643,2024-01-27,Website,B000816
Q000768,2024-01-27,Instagram,B000979
Q000779,2024-01-27,Referral,B000994
Q000793,2024-01-27,Walk-in,B001014
Q000817,2024-01-27,Walk-in,B001045
Q000822,2024-01-27,Website,B001055
Q000902,2024-01-27,Hotel Partner,B001162
Q001047,2024-01-27,Referral,B001359
Q005668,2024-01-27,Hotel Partner,
Q005692,2024-01-27,Walk-in,
Q005721,2024-01-27,Walk-in,
Q005828,2024-01-27,Website,
Q005906,2024-01-27,Hotel Partner,
Q005978,2024-01-27,Walk-in,
Q006244,2024-01-27,Instagram,
Q006348,2024-01-27,Referral,
Q006386,2024-01-27,Hotel Partner,
Q006469,2024-01-27,Referral,
Q000461,2024-01-28,Walk-in,B000583
Q000492,2024-01-28,OTA,B000618
Q000579,2024-01-28,Referral,B000731
Q000663,2024-01-28,OTA,B000842
Q000695,2024-01-28,Website,B000885
Q000751,2024-01-28,Website,B000957
Q000761,2024-01-28,Hotel Partner,B000969
Q000792,2024-01-28,Referral,B001012
Q000802,2024-01-28,Website,B001025
Q000854,2024-01-28,Hotel Partner,B001096
Q000910,2024-01-28,Website,B001173
Q001060,2024-01-28,Referral,B001373
Q001072,2024-01-28,Walk-in,B001387
Q005642,2024-01-28,Hotel Partner,
Q005791,2024-01-28,Hotel Partner,
Q005815,2024-01-28,Walk-in,
Q005870,2024-01-28,OTA,
Q006085,2024-01-28,Instagram,
Q006183,2024-01-28,Walk-in,
Q006436,2024-01-28,OTA,
Q006489,2024-01-28,OTA,
Q000546,2024-01-29,OTA,B000689
Q000548,2024-01-29,Website,B000691
Q000626,2024-01-29,Referral,B000793
Q000645,2024-01-29,Walk-in,B000819
Q000680,2024-01-29,Referral,B000864
Q000776,2024-01-29,Instagram,B000990
Q000786,2024-01-29,Walk-in,B001004
Q000798,2024-01-29,Website,B001020
Q000811,2024-01-29,Walk-in,B001038
Q000881,2024-01-29,Website,B001132
Q000944,2024-01-29,Instagram,B001215
Q000980,2024-01-29,Website,B001264
Q005802,2024-01-29,Website,
Q006065,2024-01-29,Instagram,
Q006154,2024-01-29,Website,
Q006483,2024-01-29,Referral,
Q000552,2024-01-30,Walk-in,B000696
Q000611,2024-01-30,Referral,B000774
Q000617,2024-01-30,Website,B000784
Q000660,2024-01-30,Instagram,B000837
Q000686,2024-01-30,Referral,B000872
Q000733,2024-01-30,Website,B000930
Q000831,2024-01-30,Walk-in,B001065
Q000844,2024-01-30,OTA,B001081
Q000865,2024-01-30,OTA,B001114
Q000911,2024-01-30,OTA,B001174
Q000946,2024-01-30,Website,B001220
Q000998,2024-01-30,Walk-in,B001288
Q005578,2024-01-30,Walk-in,
Q005658,2024-01-30,Website,
Q005854,2024-01-30,Walk-in,
Q005874,2024-01-30,Website,
Q000634,2024-01-31,Hotel Partner,B000805
Q000656,2024-01-31,Walk-in,B000832
Q000703,2024-01-31,Instagram,B000894
Q000711,2024-01-31,Walk-in,B000904
Q000777,2024-01-31,Website,B000991
Q000787,2024-01-31,OTA,B001005
Q000862,2024-01-31,Instagram,B001111
Q000867,2024-01-31,Referral,B001116
Q000892,2024-01-31,Website,B001146
Q000943,2024-01-31,Walk-in,B001214
Q000997,2024-01-31,Website,B001287
Q001065,2024-01-31,Website,B001380
Q005577,2024-01-31,Referral,
Q005645,2024-01-31,Instagram,
Q005977,2024-01-31,Walk-in,
Q006060,2024-01-31,Walk-in,
Q006100,2024-01-31,Instagram,
Q006167,2024-01-31,Walk-in,
Q006267,2024-01-31,Walk-in,
Q006476,2024-01-31,Walk-in,
Q006482,2024-01-31,Hotel Partner,
Q000427,2024-02-01,OTA,B000542
Q000559,2024-02-01,OTA,B000706
Q000576,2024-02-01,Walk-in,B000726
Q000637,2024-02-01,Referral,B000808
Q000773,2024-02-01,Hotel Partner,B000986
Q000796,2024-02-01,OTA,B001017
Q000860,2024-02-01,Walk-in,B001107
Q000886,2024-02-01,Website,B001139
Q000970,2024-02-01,OTA,B001248
Q005693,2024-02-01,Instagram,
Q005921,2024-02-01,Referral,
Q005933,2024-02-01,Hotel Partner,
Q006021,2024-02-01,Instagram,
Q006214,2024-02-01,Walk-in,
Q006459,2024-02-01,Website,
Q000774,2024-02-02,OTA,B000987
Q000808,2024-02-02,Website,B001033
Q000821,2024-02-02,OTA,B001054
Q000891,2024-02-02,Instagram,B001145
Q000895,2024-02-02,Instagram,B001153
Q000904,2024-02-02,Walk-in,B001165
Q000938,2024-02-02,Instagram,B001208
Q001013,2024-02-02,Website,B001309
Q001051,2024-02-02,OTA,B001363
Q005684,2024-02-02,Walk-in,
Q005937,2024-02-02,Hotel Partner,
Q006074,2024-02-02,Hotel Partner,
Q006430,2024-02-02,Website,
Q000506,2024-02-03,Referral,B000638
Q000646,2024-02-03,Website,B000820
Q000651,2024-02-03,Referral,B000825
Q000692,2024-02-03,Instagram,B000881
Q000699,2024-02-03,Website,B000890
Q000739,2024-02-03,Referral,B000941
Q000748,2024-02-03,Walk-in,B000954
Q000782,2024-02-03,Hotel Partner,B000999
Q000794,2024-02-03,Instagram,B001015
Q000800,2024-02-03,Website,B001022
Q000950,2024-02-03,Walk-in,B001224
Q000976,2024-02-03,Walk-in,B001259
Q001025,2024-02-03,Hotel Partner,B001328
Q005811,2024-02-03,Walk-in,
Q005928,2024-02-03,Walk-in,
Q006054,2024-02-03,Website,
Q006070,2024-02-03,Walk-in,
Q006286,2024-02-03,Instagram,
Q000650,2024-02-04,Walk-in,B000824
Q000674,2024-02-04,Instagram,B000856
Q000688,2024-02-04,Instagram,B000875
Q000700,2024-02-04,Instagram,B000891
Q000707,2024-02-04,Referral,B000900
Q000772,2024-02-04,Referral,B000984
Q000986,2024-02-04,Website,B001271
Q001002,2024-02-04,Walk-in,B001296
Q005736,2024-02-04,Walk-in,
Q005829,2024-02-04,Website,
Q005895,2024-02-04,Instagram,
Q006176,2024-02-04,Walk-in,
Q006298,2024-02-04,Walk-in,
Q006424,2024-02-04,Walk-in,
Q000570,2024-02-05,Referral,B000718
Q000620,2024-02-05,Walk-in,B000787
Q000632,2024-02-05,Walk-in,B000803
Q000662,2024-02-05,Instagram,B000841
Q000810,2024-02-05,Website,B001037
Q000827,2024-02-05,Referral,B001061
Q000869,2024-02-05,Referral,B001118
Q000875,2024-02-05,Walk-in,B001125
Q000996,2024-02-05,Walk-in,B001285
Q005916,2024-02-05,Hotel Partner,
Q006064,2024-02-05,Referral,
Q006223,2024-02-05,OTA,
Q006420,2024-02-05,Website,
Q000589,2024-02-06,Referral,B000743
Q000724,2024-02-06,Referral,B000919
Q000747,2024-02-06,Referral,B000952
Q000754,2024-02-06,Instagram,B000960
Q000873,2024-02-06,Walk-in,B001123
Q000889,2024-02-06,Instagram,B001142
Q000912,2024-02-06,Website,B001175
Q000983,2024-02-06,Walk-in,B001268
Q001008,2024-02-06,Referral,B001303
Q001075,2024-02-06,Walk-in,B001390
Q005590,2024-02-06,Walk-in,
Q006120,2024-02-06,Hotel Partner,
Q006344,2024-02-06,Walk-in,
Q006367,2024-02-06,Instagram,
Q000631,2024-02-07,OTA,B000802
Q000657,2024-02-07,Website,B000833
Q000677,2024-02-07,Hotel Partner,B000859
Q000685,2024-02-07,Referral,B000870
Q000734,2024-02-07,Walk-in,B000932
Q000841,2024-02-07,Referral,B001077
Q000963,2024-02-07,Website,B001237
Q000968,2024-02-07,Walk-in,B001244
Q000985,2024-02-07,Walk-in,B001270
Q001037,2024-02-07,Instagram,B001345
Q001084,2024-02-07,Website,B001400
Q001086,2024-02-07,Referral,B001402
Q001126,2024-02-07,Walk-in,B001453
Q005600,2024-02-07,Walk-in,
Q005982,2024-02-07,Website,
Q006053,2024-02-07,Referral,
Q006128,2024-02-07,Walk-in,
Q006159,2024-02-07,OTA,
Q006168,2024-02-07,Referral,
Q006246,2024-02-07,Website,
Q006305,2024-02-07,OTA,
Q006330,2024-02-07,Hotel Partner,
Q006398,2024-02-07,Hotel Partner,
Q000682,2024-02-08,Hotel Partner,B000866
Q000744,2024-02-08,Walk-in,B000948
Q000746,2024-02-08,Website,B000950
Q000755,2024-02-08,Referral,B000961
Q000845,2024-02-08,Walk-in,B001082
Q001012,2024-02-08,Instagram,B001307
Q001033,2024-02-08,OTA,B001339
Q005725,2024-02-08,Instagram,
Q006232,2024-02-08,OTA,
Q006409,2024-02-08,Walk-in,
Q000815,2024-02-09,Referral,B001043
Q000849,2024-02-09,OTA,B001088
Q000853,2024-02-09,Website,B001094
Q000994,2024-02-09,Walk-in,B001281
Q005711,2024-02-09,Referral,
Q005741,2024-02-09,Walk-in,
Q005924,2024-02-09,Instagram,
Q006013,2024-02-09,Hotel Partner,
Q006077,2024-02-09,Website,
Q006276,2024-02-09,Website,
Q006395,2024-02-09,Referral,
Q006408,2024-02-09,Walk-in,
Q006448,2024-02-09,Instagram,
Q006458,2024-02-09,Website,
Q000604,2024-02-10,OTA,B000764
Q000697,2024-02-10,Instagram,B000887
Q000852,2024-02-10,Website,B001092
Q000878,2024-02-10,Walk-in,B001129
Q000915,2024-02-10,Walk-in,B001182
Q000924,2024-02-10,Website,B001190
Q000987,2024-02-10,Referral,B001272
Q001017,2024-02-10,OTA,B001316
Q001020,2024-02-10,Website,B001320
Q001063,2024-02-10,Walk-in,B001378
Q005689,2024-02-10,Website,
Q005766,2024-02-10,Walk-in,
Q005773,2024-02-10,Walk-in,
Q005803,2024-02-10,Walk-in,
Q005912,2024-02-10,Website,
Q005950,2024-02-10,Referral,
Q006011,2024-02-10,Instagram,
Q006400,2024-02-10,Walk-in,
Q000561,2024-02-11,Website,B000709
Q000607,2024-02-11,Walk-in,B000767
Q000613,2024-02-11,Walk-in,B000776
Q000715,2024-02-11,Walk-in,B000910
Q000791,2024-02-11,Hotel Partner,B001011
Q000887,2024-02-11,Instagram,B001140
Q000893,2024-02-11,Referral,B001147
Q000927,2024-02-11,Website,B001195
Q000934,2024-02-11,Walk-in,B001203
Q000989,2024-02-11,Instagram,B001274
Q001043,2024-02-11,Walk-in,B001353
Q001069,2024-02-11,Walk-in,B001384
Q005618,2024-02-11,Referral,
Q005660,2024-02-11,OTA,
Q005754,2024-02-11,OTA,
Q005786,2024-02-11,Walk-in,
Q005974,2024-02-11,OTA,
Q006040,2024-02-11,Walk-in,
Q006137,2024-02-11,Instagram,
Q006252,2024-02-11,Website,
Q006384,2024-02-11,Website,
Q000566,2024-02-12,Website,B000714
Q000728,2024-02-12,Walk-in,B000923
Q000781,2024-02-12,Instagram,B000997
Q000816,2024-02-12,Website,B001044
Q000826,2024-02-12,Instagram,B001060
Q000832,2024-02-12,Walk-in,B001066
Q000837,2024-02-12,Walk-in,B001072
Q000839,2024-02-12,Instagram,B001075
Q000897,2024-02-12,Referral,B001155
Q000900,2024-02-12,Hotel Partner,B001158
Q000913,2024-02-12,Website,B001178
Q000960,2024-02-12,OTA,B001234
Q001016,2024-02-12,Referral,B001312
Q001022,2024-02-12,Instagram,B001322
Q001113,2024-02-12,Website,B001439
Q001123,2024-02-12,Walk-in,B001449
Q005806,2024-02-12,OTA,
Q005864,2024-02-12,Walk-in,
Q006045,2024-02-12,Website,
Q006098,2024-02-12,OTA,
Q006101,2024-02-12,Website,
Q006153,2024-02-12,Referral,
Q006215,2024-02-12,Instagram,
Q000615,2024-02-13,Instagram,B000781
Q000693,2024-02-13,OTA,B000882
Q000729,2024-02-13,Instagram,B000924
Q000730,2024-02-13,Website,B000926
Q000806,2024-02-13,Website,B001029
Q000861,2024-02-13,Walk-in,B001109
Q000874,2024-02-13,Website,B001124
Q000935,2024-02-13,Hotel Partner,B001204
Q001058,2024-02-13,OTA,B001370
Q001068,2024-02-13,Walk-in,B001383
Q005964,2024-02-13,Hotel Partner,
Q006262,2024-02-13,Website,
Q006284,2024-02-13,OTA,
Q006302,2024-02-13,Instagram,
Q000704,2024-02-14,Walk-in,B000896
Q000859,2024-02-14,Referral,B001106
Q000871,2024-02-14,Referral,B001120
Q000965,2024-02-14,Website,B001241
Q000995,2024-02-14,Walk-in,B001282
Q001142,2024-02-14,Website,B001474
Q005629,2024-02-14,Walk-in,
Q005664,2024-02-14,Referral,
Q005894,2024-02-14,Hotel Partner,
Q006222,2024-02-14,Website,
Q006351,2024-02-14,Referral,
Q006435,2024-02-14,OTA,
Q006495,2024-02-14,Hotel Partner,
Q000790,2024-02-15,Instagram,B001008
Q000834,2024-02-15,Website,B001069
Q000882,2024-02-15,Website,B001134
Q000962,2024-02-15,Hotel Partner,B001236
Q001005,2024-02-15,Instagram,B001300
Q001040,2024-02-15,Walk-in,B001349
Q001173,2024-02-15,Website,B001511
Q005970,2024-02-15,OTA,
Q006139,2024-02-15,Referral,
Q006306,2024-02-15,Website,
Q006347,2024-02-15,Walk-in,
Q006460,2024-02-15,Referral,
Q006475,2024-02-15,Referral,
Q000679,2024-02-16,Website,B000863
Q000740,2024-02-16,Instagram,B000942
Q000742,2024-02-16,Walk-in,B000945
Q000906,2024-02-16,Referral,B001168
Q000922,2024-02-16,Referral,B001188
Q000953,2024-02-16,Hotel Partner,B001227
Q000974,2024-02-16,Website,B001257
Q000992,2024-02-16,Instagram,B001278
Q001053,2024-02-16,Instagram,B001365
Q005697,2024-02-16,Instagram,
Q005759,2024-02-16,Walk-in,
Q005966,2024-02-16,Hotel Partner,
Q006048,2024-02-16,Walk-in,
Q006096,2024-02-16,Walk-in,
Q006243,2024-02-16,Instagram,
Q006259,2024-02-16,Walk-in,
Q006265,2024-02-16,Website,
Q000666,2024-02-17,Website,B000846
Q000820,2024-02-17,Referral,B001051
Q000840,2024-02-17,OTA,B001076
Q000956,2024-02-17,Website,B001230
Q001021,2024-02-17,Instagram,B001321
Q001049,2024-02-17,OTA,B001361
Q001052,2024-02-17,Referral,B001364
Q005712,2024-02-17,Website,
Q005728,2024-02-17,Referral,
Q005792,2024-02-17,Walk-in,
Q005919,2024-02-17,Walk-in,
Q005926,2024-02-17,Website,
Q006119,2024-02-17,Website,
Q006200,2024-02-17,Walk-in,
Q006254,2024-02-17,Website,
Q006446,2024-02-17,Walk-in,
Q006480,2024-02-17,Instagram,
Q000803,2024-02-18,Walk-in,B001026
Q000842,2024-02-18,Hotel Partner,B001078
Q000866,2024-02-18,Referral,B001115
Q000914,2024-02-18,Referral,B001180
Q000951,2024-02-18,Walk-in,B001225
Q000964,2024-02-18,Instagram,B001239
Q000981,2024-02-18,Walk-in,B001266
Q001004,2024-02-18,Referral,B001298
Q001010,2024-02-18,Hotel Partner,B001305
Q001027,2024-02-18,Referral,B001331
Q001066,2024-02-18,Instagram,B001381
Q001099,2024-02-18,Instagram,B001423
Q001222,2024-02-18,Walk-in,B001574
Q005649,2024-02-18,Referral,
Q005841,2024-02-18,Referral,
Q005851,2024-02-18,Hotel Partner,
Q006115,2024-02-18,Referral,
Q006129,2024-02-18,Referral,
Q006236,2024-02-18,Website,
Q000668,2024-02-19,Walk-in,B000848
Q000757,2024-02-19,Walk-in,B000964
Q000809,2024-02-19,Walk-in,B001035
Q000812,2024-02-19,OTA,B001039
Q000825,2024-02-19,OTA,B001059
Q000855,2024-02-19,Walk-in,B001098
Q000931,2024-02-19,Website,B001200
Q000947,2024-02-19,OTA,B001221
Q000961,2024-02-19,Walk-in,B001235
Q000967,2024-02-19,OTA,B001243
Q001018,2024-02-19,Hotel Partner,B001317
Q001031,2024-02-19,Walk-in,B001337
Q001057,2024-02-19,Referral,B001369
Q001083,2024-02-19,Walk-in,B001399
Q001092,2024-02-19,Walk-in,B001411
Q001101,2024-02-19,Website,B001425
Q001231,2024-02-19,Walk-in,B001584
Q005609,2024-02-19,Instagram,
Q006199,2024-02-19,Referral,
Q006383,2024-02-19,Hotel Partner,
Q006422,2024-02-19,Website,
Q000701,2024-02-20,Instagram,B000892
Q000722,2024-02-20,Instagram,B000917
Q000725,2024-02-20,Hotel Partner,B000920
Q000731,2024-02-20,Walk-in,B000927
Q000736,2024-02-20,Website,B000935
Q000788,2024-02-20,Instagram,B001006
Q000830,2024-02-20,OTA,B001064
Q000847,2024-02-20,Website,B001086
Q000858,2024-02-20,Referral,B001105
Q000879,2024-02-20,Website,B001130
Q000916,2024-02-20,Walk-in,B001183
Q001035,2024-02-20,Walk-in,B001341
Q001070,2024-02-20,Referral,B001385
Q001087,2024-02-20,Walk-in,B001403
Q001105,2024-02-20,Walk-in,B001429
Q001110,2024-02-20,Walk-in,B001436
Q001131,2024-02-20,Instagram,B001461
Q001204,2024-02-20,Walk-in,B001547
Q005672,2024-02-20,Hotel Partner,
Q005787,2024-02-20,Instagram,
Q005923,2024-02-20,Walk-in,
Q005961,2024-02-20,OTA,
Q006047,2024-02-20,OTA,
Q006076,2024-02-20,Referral,
Q006089,2024-02-20,Website,
Q000836,2024-02-21,Hotel Partner,B001071
Q000846,2024-02-21,Hotel Partner,B001084
Q000903,2024-02-21,Website,B001164
Q000920,2024-02-21,Instagram,B001187
Q000933,2024-02-21,Walk-in,B001202
Q001062,2024-02-21,Instagram,B001375
Q001085,2024-02-21,Website,B001401
Q001128,2024-02-21,Website,B001458
Q001146,2024-02-21,Instagram,B001479
Q005583,2024-02-21,Walk-in,
Q005908,2024-02-21,Hotel Partner,
Q006072,2024-02-21,Referral,
Q006073,2024-02-21,Hotel Partner,
Q006241,2024-02-21,Walk-in,
Q006320,2024-02-21,Hotel Partner,
Q006461,2024-02-21,Instagram,
Q000880,2024-02-22,Walk-in,B001131
Q000972,2024-02-22,Walk-in,B001253
Q001006,2024-02-22,Walk-in,B001301
Q001014,2024-02-22,Website,B001310
Q001076,2024-02-22,Website,B001391
Q001080,2024-02-22,Walk-in,B001395
Q001082,2024-02-22,OTA,B001398
Q001097,2024-02-22,Walk-in,B001421
Q001115,2024-02-22,Instagram,B001441
Q001117,2024-02-22,Referral,B001443
Q001192,2024-02-22,Website,B001534
Q005563,2024-02-22,Walk-in,
Q005676,2024-02-22,Referral,
Q006019,2024-02-22,Referral,
Q006027,2024-02-22,Walk-in,
Q006136,2024-02-22,Walk-in,
Q000696,2024-02-23,Walk-in,B000886
Q000706,2024-02-23,Website,B000899
Q000756,2024-02-23,Walk-in,B000962
Q000894,2024-02-23,Website,B001149
Q000925,2024-02-23,Hotel Partner,B001192
Q000936,2024-02-23,Walk-in,B001205
Q000945,2024-02-23,Hotel Partner,B001218
Q000971,2024-02-23,Referral,B001249
Q000973,2024-02-23,Walk-in,B001256
Q000999,2024-02-23,Referral,B001290
Q001045,2024-02-23,Referral,B001356
Q001134,2024-02-23,Website,B001465
Q005648,2024-02-23,Walk-in,
Q005817,2024-02-23,Referral,
Q005872,2024-02-23,Instagram,
Q006000,2024-02-23,Website,
Q006081,2024-02-23,Website,
Q000723,2024-02-24,Referral,B000918
Q000789,2024-02-24,Walk-in,B001007
Q000835,2024-02-24,Referral,B001070
Q000883,2024-02-24,Referral,B001135
Q000888,2024-02-24,Website,B001141
Q000909,2024-02-24,Instagram,B001172
Q001042,2024-02-24,Walk-in,B001352
Q001056,2024-02-24,Website,B001368
Q001104,2024-02-24,Walk-in,B001428
Q001127,2024-02-24,Instagram,B001456
Q006022,2024-02-24,Hotel Partner,
Q006441,2024-02-24,Instagram,
Q006472,2024-02-24,Website,
Q000714,2024-02-25,Walk-in,B000909
Q000818,2024-02-25,Referral,B001046
Q000939,2024-02-25,Referral,B001209
Q000958,2024-02-25,Referral,B001232
Q000979,2024-02-25,OTA,B001263
Q001048,2024-02-25,Referral,B001360
Q001145,2024-02-25,Website,B001478
Q001183,2024-02-25,Website,B001523
Q005699,2024-02-25,OTA,
Q005913,2024-02-25,Walk-in,
Q005983,2024-02-25,Walk-in,
Q000848,2024-02-26,Website,B001087
Q000905,2024-02-26,Instagram,B001166
Q000918,2024-02-26,Walk-in,B001185
Q000954,2024-02-26,Walk-in,B001228
Q000988,2024-02-26,Website,B001273
Q001038,2024-02-26,Walk-in,B001347
Q001149,2024-02-26,Website,B001482
Q001188,2024-02-26,Walk-in,B001530
Q006357,2024-02-26,Website,
Q006402,2024-02-26,OTA,
Q000801,2024-02-27,Walk-in,B001024
Q000829,2024-02-27,Hotel Partner,B001063
Q000877,2024-02-27,Walk-in,B001128
Q000890,2024-02-27,Website,B001143
Q000969,2024-02-27,Instagram,B001247
Q001036,2024-02-27,OTA,B001344
Q001152,2024-02-27,Instagram,B001485
Q001155,2024-02-27,Website,B001489
Q005682,2024-02-27,Referral,
Q006014,2024-02-27,Hotel Partner,
Q006164,2024-02-27,OTA,
Q000783,2024-02-28,Website,B001000
Q000957,2024-02-28,Hotel Partner,B001231
Q001028,2024-02-28,Referral,B001332
Q001079,2024-02-28,Instagram,B001394
Q001088,2024-02-28,Walk-in,B001404
Q001107,2024-02-28,Walk-in,B001433
Q001154,2024-02-28,Website,B001488
Q001169,2024-02-28,Instagram,B001505
Q001206,2024-02-28,Website,B001549
Q005674,2024-02-28,Referral,
Q005835,2024-02-28,Walk-in,
Q006103,2024-02-28,Referral,
Q006194,2024-02-28,Walk-in,
Q006234,2024-02-28,Walk-in,
Q006316,2024-02-28,Referral,
Q006352,2024-02-28,Walk-in,
Q000966,2024-02-29,Hotel Partner,B001242
Q000984,2024-02-29,OTA,B001269
Q000991,2024-02-29,Referral,B001277
Q001039,2024-02-29,OTA,B001348
Q001100,2024-02-29,Referral,B001424
Q001195,2024-02-29,Instagram,B001537
Q005843,2024-02-29,Instagram,
Q006152,2024-02-29,Hotel Partner,
Q006318,2024-02-29,OTA,
Q006350,2024-02-29,OTA,
Q000833,2024-03-01,OTA,B001067
Q000923,2024-03-01,Instagram,B001189
Q001001,2024-03-01,Referral,B001294
Q001061,2024-03-01,Website,B001374
Q001205,2024-03-01,Walk-in,B001548
Q001265,2024-03-01,Instagram,B001636
Q005638,2024-03-01,Instagram,
Q005822,2024-03-01,Walk-in,
Q006033,2024-03-01,Referral,
Q006068,2024-03-01,Website,
Q006132,2024-03-01,Referral,
Q006227,2024-03-01,Walk-in,
Q006268,2024-03-01,Walk-in,
Q006273,2024-03-01,Instagram,
Q006381,2024-03-01,OTA,
Q006450,2024-03-01,Website,
Q001011,2024-03-02,Hotel Partner,B001306
Q001019,2024-03-02,Instagram,B001318
Q001064,2024-03-02,Walk-in,B001379
Q001094,2024-03-02,Instagram,B001413
Q001098,2024-03-02,Walk-in,B001422
Q001114,2024-03-02,Website,B001440
Q001182,2024-03-02,Website,B001521
Q005595,2024-03-02,Referral,
Q005758,2024-03-02,Referral,
Q006257,2024-03-02,Instagram,
Q006363,2024-03-02,Walk-in,
Q006373,2024-03-02,Website,
Q006426,2024-03-02,Walk-in,
Q006431,2024-03-02,Walk-in,
Q000870,2024-03-03,Walk-in,B001119
Q000908,2024-03-03,Referral,B001170
Q000942,2024-03-03,Walk-in,B001212
Q000975,2024-03-03,Walk-in,B001258
Q000978,2024-03-03,OTA,B001262
Q001000,2024-03-03,Referral,B001292
Q001029,2024-03-03,Walk-in,B001334
Q001032,2024-03-03,Instagram,B001338
Q001103,2024-03-03,Website,B001427
Q001141,2024-03-03,Hotel Partner,B001473
Q001180,2024-03-03,Instagram,B001519
Q001256,2024-03-03,Walk-in,B001618
Q001261,2024-03-03,Website,B001631
Q005685,2024-03-03,OTA,
Q005696,2024-03-03,Walk-in,
Q005716,2024-03-03,OTA,
Q005745,2024-03-03,OTA,
Q005796,2024-03-03,Hotel Partner,
Q006002,2024-03-03,OTA,
Q006442,2024-03-03,Walk-in,
Q000851,2024-03-04,Walk-in,B001090
Q000930,2024-03-04,Referral,B001199
Q000949,2024-03-04,Instagram,B001223
Q001044,2024-03-04,Hotel Partner,B001355
Q001046,2024-03-04,Instagram,B001357
Q001089,2024-03-04,Hotel Partner,B001407
Q001144,2024-03-04,Website,B001477
Q001156,2024-03-04,Hotel Partner,B001490
Q001209,2024-03-04,Website,B001553
Q005587,2024-03-04,Website,
Q000929,2024-03-05,Hotel Partner,B001198
Q001007,2024-03-05,Walk-in,B001302
Q001024,2024-03-05,Website,B001326
Q001074,2024-03-05,Referral,B001389
Q001095,2024-03-05,Walk-in,B001419
Q001178,2024-03-05,Walk-in,B001517
Q001193,2024-03-05,Website,B001535
Q005678,2024-03-05,Referral,
Q005714,2024-03-05,Website,
Q005825,2024-03-05,Website,
Q006106,2024-03-05,Referral,
Q006288,2024-03-05,Walk-in,
Q006474,2024-03-05,Website,
Q006488,2024-03-05,Referral,
Q000901,2024-03-06,Walk-in,B001160
Q000937,2024-03-06,Website,B001206
Q001071,2024-03-06,Hotel Partner,B001386
Q001096,2024-03-06,Walk-in,B001420
Q001122,2024-03-06,Instagram,B001448
Q001130,2024-03-06,Walk-in,B001460
Q001162,2024-03-06,Website,B001498
Q001167,2024-03-06,Website,B001503
Q001177,2024-03-06,Walk-in,B001516
Q001202,2024-03-06,Website,B001544
Q001229,2024-03-06,Walk-in,B001582
Q001255,2024-03-06,Website,B001617
Q001278,2024-03-06,Walk-in,B001658
Q005848,2024-03-06,Website,
Q005885,2024-03-06,Website,
Q006238,2024-03-06,Instagram,
Q006465,2024-03-06,OTA,
Q000872,2024-03-07,Referral,B001122
Q001050,2024-03-07,Referral,B001362
Q001164,2024-03-07,Referral,B001500
Q001252,2024-03-07,Instagram,B001614
Q001280,2024-03-07,Referral,B001660
Q005634,2024-03-07,Walk-in,
Q005832,2024-03-07,Hotel Partner,
Q005910,2024-03-07,OTA,
Q005999,2024-03-07,Referral,
Q006056,2024-03-07,Instagram,
Q006062,2024-03-07,Website,
Q006230,2024-03-07,OTA,
Q006282,2024-03-07,Hotel Partner,
Q006293,2024-03-07,Website,
Q006337,2024-03-07,Instagram,
Q000864,2024-03-08,Walk-in,B001113
Q000940,2024-03-08,Website,B001210
Q001023,2024-03-08,Hotel Partner,B001324
Q001157,2024-03-08,Walk-in,B001492
Q001203,2024-03-08,Hotel Partner,B001545
Q001207,2024-03-08,Referral,B001550
Q005840,2024-03-08,Walk-in,
Q006141,2024-03-08,Walk-in,
Q006190,2024-03-08,Walk-in,
Q006387,2024-03-08,Hotel Partner,
Q000899,2024-03-09,Hotel Partner,B001157
Q000919,2024-03-09,Walk-in,B001186
Q000977,2024-03-09,Instagram,B001260
Q001077,2024-03-09,OTA,B001392
Q001078,2024-03-09,Website,B001393
Q001109,2024-03-09,OTA,B001435
Q005601,2024-03-09,OTA,
Q005975,2024-03-09,Walk-in,
Q005981,2024-03-09,Walk-in,
Q006018,2024-03-09,Referral,
Q006061,2024-03-09,Walk-in,
Q006271,2024-03-09,Website,
Q000932,2024-03-10,Hotel Partner,B001201
Q001034,2024-03-10,Website,B001340
Q001120,2024-03-10,Instagram,B001446
Q001199,2024-03-10,Walk-in,B001541
Q001227,2024-03-10,Referral,B001580
Q005656,2024-03-10,Walk-in,
Q006001,2024-03-10,Website,
Q006097,2024-03-10,Website,
Q006219,2024-03-10,Walk-in,
Q006454,2024-03-10,Walk-in,
Q000857,2024-03-11,Referral,B001103
Q000896,2024-03-11,OTA,B001154
Q000941,2024-03-11,Website,B001211
Q001041,2024-03-11,Instagram,B001351
Q001054,2024-03-11,OTA,B001366
Q001210,2024-03-11,Instagram,B001554
Q001336,2024-03-11,OTA,B001726
Q001347,2024-03-11,Hotel Partner,B001743
Q005588,2024-03-11,Walk-in,
Q005639,2024-03-11,Referral,
Q005726,2024-03-11,OTA,
Q006049,2024-03-11,OTA,
Q006171,2024-03-11,Walk-in,
Q000952,2024-03-12,Instagram,B001226
Q001003,2024-03-12,Website,B001297
Q001116,2024-03-12,Walk-in,B001442
Q001118,2024-03-12,Referral,B001444
Q001121,2024-03-12,Walk-in,B001447
Q001181,2024-03-12,Walk-in,B001520
Q001223,2024-03-12,Referral,B001575
Q001293,2024-03-12,Website,B001674
Q005644,2024-03-12,Website,
Q005750,2024-03-12,Walk-in,
Q005821,2024-03-12,Website,
Q005878,2024-03-12,Walk-in,
Q006102,2024-03-12,Walk-in,
Q006122,2024-03-12,OTA,
Q006146,2024-03-12,Hotel Partner,
Q006148,2024-03-12,Walk-in,
Q000990,2024-03-13,OTA,B001276
Q001172,2024-03-13,Instagram,B001510
Q001225,2024-03-13,OTA,B001577
Q005662,2024-03-13,Walk-in,
Q005734,2024-03-13,Walk-in,
Q005951,2024-03-13,Walk-in,
Q006038,2024-03-13,Walk-in,
Q006331,2024-03-13,Walk-in,
Q006393,2024-03-13,Referral,
Q006451,2024-03-13,Website,
Q006485,2024-03-13,Referral,
Q000959,2024-03-14,Walk-in,B001233
Q001009,2024-03-14,Website,B001304
Q001125,2024-03-14,Hotel Partner,B001452
Q001287,2024-03-14,Referral,B001667
Q001321,2024-03-14,Referral,B001709
Q005671,2024-03-14,Walk-in,
Q005789,2024-03-14,Instagram,
Q005839,2024-03-14,Hotel Partner,
Q006052,2024-03-14,Hotel Partner,
Q006093,2024-03-14,Website,
Q001015,2024-03-15,Website,B001311
Q001090,2024-03-15,Referral,B001409
Q001171,2024-03-15,Referral,B001507
Q001175,2024-03-15,Walk-in,B001513
Q001232,2024-03-15,OTA,B001585
Q005602,2024-03-15,Website,
Q005650,2024-03-15,Referral,
Q005819,2024-03-15,Website,
Q005852,2024-03-15,OTA,
Q005892,2024-03-15,Walk-in,
Q005959,2024-03-15,OTA,
Q006123,2024-03-15,Walk-in,
Q006125,2024-03-15,Website,
Q006253,2024-03-15,Walk-in,
Q006380,2024-03-15,OTA,
Q000948,2024-03-16,Hotel Partner,B001222
Q001081,2024-03-16,Instagram,B001397
Q001112,2024-03-16,Website,B001438
Q001158,2024-03-16,Hotel Partner,B001493
Q001165,2024-03-16,Referral,B001501
Q001174,2024-03-16,Referral,B001512
Q001235,2024-03-16,Hotel Partner,B001588
Q001247,2024-03-16,Walk-in,B001608
Q001273,2024-03-16,Walk-in,B001650
Q005594,2024-03-16,Instagram,
Q005809,2024-03-16,Website,
Q005831,2024-03-16,Instagram,
Q005903,2024-03-16,Walk-in,
Q006028,2024-03-16,Walk-in,
Q006041,2024-03-16,Website,
Q006186,2024-03-16,Walk-in,
Q006198,2024-03-16,Referral,
Q006277,2024-03-16,Website,
Q001059,2024-03-17,Hotel Partner,B001372
Q001093,2024-03-17,Referral,B001412
Q001138,2024-03-17,Website,B001470
Q001150,2024-03-17,Instagram,B001483
Q001267,2024-03-17,Hotel Partner,B001640
Q001318,2024-03-17,Walk-in,B001704
Q001335,2024-03-17,Website,B001725
Q005723,2024-03-17,Walk-in,
Q005760,2024-03-17,Hotel Partner,
Q005986,2024-03-17,Instagram,
Q001067,2024-03-18,Hotel Partner,B001382
Q001242,2024-03-18,Instagram,B001600
Q001248,2024-03-18,Website,B001609
Q001258,2024-03-18,Walk-in,B001620
Q001283,2024-03-18,Website,B001663
Q001291,2024-03-18,Walk-in,B001672
Q001297,2024-03-18,Hotel Partner,B001678
Q001373,2024-03-18,Walk-in,B001779
Q005579,2024-03-18,OTA,
Q005581,2024-03-18,Website,
Q005706,2024-03-18,Walk-in,
Q005733,2024-03-18,Instagram,
Q005804,2024-03-18,Referral,
Q006188,2024-03-18,Website,
Q000993,2024-03-19,Hotel Partner,B001280
Q001026,2024-03-19,Hotel Partner,B001329
Q001215,2024-03-19,Referral,B001563
Q001236,2024-03-19,OTA,B001590
Q001245,2024-03-19,Referral,B001603
Q001249,2024-03-19,Walk-in,B001610
Q001325,2024-03-19,OTA,B001713
Q005875,2024-03-19,Instagram,
Q005904,2024-03-19,Hotel Partner,
Q005942,2024-03-19,OTA,
Q005963,2024-03-19,Referral,
Q006046,2024-03-19,Walk-in,
Q006251,2024-03-19,Instagram,
Q001073,2024-03-20,Instagram,B001388
Q001108,2024-03-20,OTA,B001434
Q001135,2024-03-20,OTA,B001466
Q001216,2024-03-20,Instagram,B001564
Q001226,2024-03-20,Hotel Partner,B001578
Q001237,2024-03-20,Website,B001591
Q005753,2024-03-20,Website,
Q005855,2024-03-20,Instagram,
Q005900,2024-03-20,Website,
Q005905,2024-03-20,Website,
Q005945,2024-03-20,Walk-in,
Q005979,2024-03-20,Instagram,
Q006354,2024-03-20,Walk-in,
Q001091,2024-03-21,Walk-in,B001410
Q001220,2024-03-21,Instagram,B001572
Q001263,2024-03-21,OTA,B001633
Q001314,2024-03-21,Referral,B001700
Q001331,2024-03-21,Instagram,B001720
Q001350,2024-03-21,Walk-in,B001748
Q005673,2024-03-21,Referral,
Q005740,2024-03-21,Hotel Partner,
Q005763,2024-03-21,Walk-in,
Q005818,2024-03-21,Referral,
Q006024,2024-03-21,Instagram,
Q006410,2024-03-21,Hotel Partner,
Q006462,2024-03-21,Hotel Partner,
Q001106,2024-03-22,Walk-in,B001430
Q001244,2024-03-22,Hotel Partner,B001602
Q001260,2024-03-22,Walk-in,B001626
Q001295,2024-03-22,Website,B001676
Q001319,2024-03-22,Hotel Partner,B001706
Q005624,2024-03-22,Instagram,
Q005799,2024-03-22,Referral,
Q006428,2024-03-22,OTA,
Q001055,2024-03-23,Website,B001367
Q001168,2024-03-23,Referral,B001504
Q001201,2024-03-23,Walk-in,B001543
Q001282,2024-03-23,Hotel Partner,B001662
Q001344,2024-03-23,Website,B001740
Q005765,2024-03-23,Hotel Partner,
Q005775,2024-03-23,Referral,
Q005779,2024-03-23,Website,
Q006118,2024-03-23,Instagram,
Q001132,2024-03-24,Website,B001462
Q001290,2024-03-24,Referral,B001671
Q005593,2024-03-24,Walk-in,
Q005816,2024-03-24,Walk-in,
Q005909,2024-03-24,Walk-in,
Q006182,2024-03-24,Hotel Partner,
Q006235,2024-03-24,Website,
Q001119,2024-03-25,OTA,B001445
Q001137,2024-03-25,Referral,B001469
Q001148,2024-03-25,Website,B001481
Q001191,2024-03-25,Instagram,B001533
Q001276,2024-03-25,Walk-in,B001656
Q001281,2024-03-25,Hotel Partner,B001661
Q001289,2024-03-25,Website,B001670
Q001303,2024-03-25,OTA,B001686
Q001326,2024-03-25,Referral,B001714
Q005573,2024-03-25,Hotel Partner,
Q005653,2024-03-25,Hotel Partner,
Q005833,2024-03-25,Walk-in,
Q005846,2024-03-25,Hotel Partner,
Q005946,2024-03-25,Walk-in,
Q005995,2024-03-25,OTA,
Q006071,2024-03-25,Instagram,
Q006142,2024-03-25,Hotel Partner,
Q006224,2024-03-25,Walk-in,
Q006321,2024-03-25,Hotel Partner,
Q006329,2024-03-25,Instagram,
Q001140,2024-03-26,Instagram,B001472
Q001151,2024-03-26,Walk-in,B001484
Q001166,2024-03-26,Walk-in,B001502
Q001184,2024-03-26,Website,B001524
Q001190,2024-03-26,Website,B001532
Q001271,2024-03-26,Walk-in,B001646
Q001305,2024-03-26,Walk-in,B001690
Q001312,2024-03-26,Hotel Partner,B001697
Q001348,2024-03-26,Website,B001744
Q001369,2024-03-26,Walk-in,B001774
Q001383,2024-03-26,Website,B001792
Q001432,2024-03-26,Referral,B001855
Q005795,2024-03-26,Website,
Q005827,2024-03-26,Walk-in,
Q005971,2024-03-26,Website,
Q006443,2024-03-26,Instagram,
Q006449,2024-03-26,Website,
Q001176,2024-03-27,Walk-in,B001514
Q001187,2024-03-27,Website,B001529
Q001238,2024-03-27,Hotel Partner,B001592
Q001251,2024-03-27,Walk-in,B001612
Q001275,2024-03-27,OTA,B001652
Q001396,2024-03-27,Website,B001810
Q005681,2024-03-27,Walk-in,
Q005889,2024-03-27,Website,
Q006401,2024-03-27,Walk-in,
Q001170,2024-03-28,Website,B001506
Q001196,2024-03-28,Hotel Partner,B001538
Q001320,2024-03-28,Website,B001707
Q001340,2024-03-28,Walk-in,B001734
Q001357,2024-03-28,OTA,B001756
Q005746,2024-03-28,Walk-in,
Q006034,2024-03-28,Walk-in,
Q006143,2024-03-28,Referral,
Q006206,2024-03-28,Walk-in,
Q006369,2024-03-28,Instagram,
Q001212,2024-03-29,OTA,B001556
Q001214,2024-03-29,Referral,B001560
Q001257,2024-03-29,Website,B001619
Q001274,2024-03-29,Hotel Partner,B001651
Q001333,2024-03-29,Walk-in,B001723
Q001355,2024-03-29,Hotel Partner,B001754
Q001367,2024-03-29,Referral,B001769
Q005596,2024-03-29,Walk-in,
Q005691,2024-03-29,Instagram,
Q005752,2024-03-29,Referral,
Q006166,2024-03-29,Walk-in,
Q006204,2024-03-29,OTA,
Q006233,2024-03-29,Hotel Partner,
Q006272,2024-03-29,Walk-in,
Q006324,2024-03-29,Instagram,
Q006452,2024-03-29,Hotel Partner,
Q001143,2024-03-30,Website,B001476
Q001161,2024-03-30,Walk-in,B001497
Q001233,2024-03-30,Referral,B001586
Q001269,2024-03-30,Instagram,B001644
Q001296,2024-03-30,Referral,B001677
Q001375,2024-03-30,Hotel Partner,B001782
Q001384,2024-03-30,Hotel Partner,B001795
Q005572,2024-03-30,Website,
Q005860,2024-03-30,Instagram,
Q005948,2024-03-30,Instagram,
Q006092,2024-03-30,Referral,
Q006203,2024-03-30,Website,
Q006353,2024-03-30,Walk-in,
Q001111,2024-03-31,Instagram,B001437
Q001129,2024-03-31,Walk-in,B001459
Q001163,2024-03-31,Website,B001499
Q001197,2024-03-31,Walk-in,B001539
Q001200,2024-03-31,Website,B001542
Q001240,2024-03-31,Hotel Partner,B001597
Q001292,2024-03-31,Walk-in,B001673
Q001393,2024-03-31,Referral,B001807
Q005756,2024-03-31,Hotel Partner,
Q005853,2024-03-31,Instagram,
Q005868,2024-03-31,Instagram,
Q006003,2024-03-31,Website,
Q001194,2024-04-01,OTA,B001536
Q001221,2024-04-01,Walk-in,B001573
Q001359,2024-04-01,Walk-in,B001759
Q005659,2024-04-01,Instagram,
Q005675,2024-04-01,Instagram,
Q005751,2024-04-01,Walk-in,
Q005813,2024-04-01,Website,
Q006173,2024-04-01,Referral,
Q006263,2024-04-01,Website,
Q006309,2024-04-01,Walk-in,
Q006343,2024-04-01,Referral,
Q006477,2024-04-01,Walk-in,
Q006484,2024-04-01,Website,
Q001124,2024-04-02,Walk-in,B001451
Q001153,2024-04-02,Website,B001487
Q001160,2024-04-02,Website,B001495
Q001179,2024-04-02,Hotel Partner,B001518
Q001185,2024-04-02,Website,B001527
Q001302,2024-04-02,Referral,B001684
Q001329,2024-04-02,Website,B001717
Q001430,2024-04-02,Walk-in,B001852
Q005622,2024-04-02,Walk-in,
Q005722,2024-04-02,Referral,
Q005730,2024-04-02,Walk-in,
Q005794,2024-04-02,Instagram,
Q005922,2024-04-02,Walk-in,
Q006057,2024-04-02,Instagram,
Q006161,2024-04-02,Walk-in,
Q006180,2024-04-02,Instagram,
Q006396,2024-04-02,Instagram,
Q001147,2024-04-03,Hotel Partner,B001480
Q001213,2024-04-03,Walk-in,B001557
Q001311,2024-04-03,Referral,B001696
Q001313,2024-04-03,Website,B001699
Q001362,2024-04-03,Referral,B001762
Q001407,2024-04-03,Walk-in,B001822
Q001408,2024-04-03,Instagram,B001823
Q005598,2024-04-03,Walk-in,
Q005604,2024-04-03,Hotel Partner,
Q005731,2024-04-03,Instagram,
Q005842,2024-04-03,Walk-in,
Q005915,2024-04-03,Walk-in,
Q005940,2024-04-03,Walk-in,
Q006279,2024-04-03,Instagram,
Q006397,2024-04-03,Walk-in,
Q006486,2024-04-03,Instagram,
Q001102,2024-04-04,Instagram,B001426
Q001224,2024-04-04,Website,B001576
Q001228,2024-04-04,Website,B001581
Q001234,2024-04-04,OTA,B001587
Q001241,2024-04-04,Instagram,B001599
Q001270,2024-04-04,Website,B001645
Q001309,2024-04-04,Referral,B001694
Q005564,2024-04-04,Website,
Q005888,2024-04-04,Website,
Q006333,2024-04-04,Hotel Partner,
Q001219,2024-04-05,Walk-in,B001570
Q001288,2024-04-05,Walk-in,B001668
Q001310,2024-04-05,OTA,B001695
Q001330,2024-04-05,OTA,B001718
Q001365,2024-04-05,Website,B001767
Q001381,2024-04-05,Website,B001789
Q001457,2024-04-05,Walk-in,B001885
Q005938,2024-04-05,Website,
Q005943,2024-04-05,Instagram,
Q005954,2024-04-05,Instagram,
Q005994,2024-04-05,Referral,
Q006209,2024-04-05,Walk-in,
Q006300,2024-04-05,OTA,
Q006323,2024-04-05,Website,
Q006457,2024-04-05,Walk-in,
Q001133,2024-04-06,Referral,B001463
Q001139,2024-04-06,OTA,B001471
Q001277,2024-04-06,Walk-in,B001657
Q001339,2024-04-06,Hotel Partner,B001731
Q001371,2024-04-06,Website,B001776
Q001388,2024-04-06,Walk-in,B001802
Q001395,2024-04-06,Walk-in,B001809
Q001403,2024-04-06,Walk-in,B001817
Q005871,2024-04-06,Walk-in,
Q006121,2024-04-06,Website,
Q006155,2024-04-06,Instagram,
Q006299,2024-04-06,Referral,
Q006326,2024-04-06,Walk-in,
Q001159,2024-04-07,Referral,B001494
Q001266,2024-04-07,Website,B001638
Q001294,2024-04-07,Hotel Partner,B001675
Q001301,2024-04-07,Walk-in,B001683
Q001451,2024-04-07,Website,B001878
Q005687,2024-04-07,Walk-in,
Q005898,2024-04-07,Hotel Partner,
Q005911,2024-04-07,Website,
Q005992,2024-04-07,Referral,
Q006017,2024-04-07,Walk-in,
Q006051,2024-04-07,Walk-in,
Q006063,2024-04-07,Referral,
Q006069,2024-04-07,Website,
Q006086,2024-04-07,OTA,
Q001186,2024-04-08,Referral,B001528
Q001217,2024-04-08,Website,B001565
Q001239,2024-04-08,OTA,B001594
Q001246,2024-04-08,Referral,B001605
Q001284,2024-04-08,Hotel Partner,B001664
Q001308,2024-04-08,Instagram,B001693
Q001366,2024-04-08,Website,B001768
Q005571,2024-04-08,Referral,
Q005643,2024-04-08,Website,
Q005695,2024-04-08,Walk-in,
Q005778,2024-04-08,Walk-in,
Q005781,2024-04-08,Instagram,
Q005808,2024-04-08,Walk-in,
Q005987,2024-04-08,Instagram,
Q006025,2024-04-08,Website,
Q006075,2024-04-08,Walk-in,
Q006080,2024-04-08,Instagram,
Q006151,2024-04-08,Hotel Partner,
Q006237,2024-04-08,Website,
Q006391,2024-04-08,Referral,
Q001211,2024-04-09,Referral,B001555
Q001230,2024-04-09,Website,B001583
Q001279,2024-04-09,Instagram,B001659
Q001307,2024-04-09,Hotel Partner,B001692
Q001392,2024-04-09,Referral,B001806
Q001398,2024-04-09,Website,B001812
Q005663,2024-04-09,Website,
Q005762,2024-04-09,Walk-in,
Q005769,2024-04-09,Referral,
Q005859,2024-04-09,Instagram,
Q006172,2024-04-09,Walk-in,
Q006248,2024-04-09,Website,
Q006418,2024-04-09,Walk-in,
Q001189,2024-04-10,Website,B001531
Q001218,2024-04-10,Website,B001568
Q001317,2024-04-10,Website,B001703
Q001338,2024-04-10,Hotel Partner,B001729
Q005652,2024-04-10,Website,
Q006162,2024-04-10,Instagram,
Q006218,2024-04-10,Walk-in,
Q006453,2024-04-10,Website,
Q001198,2024-04-11,Referral,B001540
Q001286,2024-04-11,Website,B001666
Q001300,2024-04-11,Hotel Partner,B001682
Q001327,2024-04-11,Website,B001715
Q001358,2024-04-11,Walk-in,B001757
Q005574,2024-04-11,Walk-in,
Q005705,2024-04-11,Walk-in,
Q005749,2024-04-11,Website,
Q005837,2024-04-11,Website,
Q006006,2024-04-11,Walk-in,
Q006105,2024-04-11,Walk-in,
Q006126,2024-04-11,Website,
Q006135,2024-04-11,OTA,
Q006261,2024-04-11,Hotel Partner,
Q006285,2024-04-11,Hotel Partner,
Q006455,2024-04-11,Walk-in,
Q001250,2024-04-12,Instagram,B001611
Q001343,2024-04-12,Website,B001739
Q001462,2024-04-12,Website,B001892
Q001463,2024-04-12,Hotel Partner,B001893
Q005918,2024-04-12,Website,
Q005989,2024-04-12,Walk-in,
Q006197,2024-04-12,Website,
Q006264,2024-04-12,Walk-in,
Q006289,2024-04-12,Walk-in,
Q006411,2024-04-12,Walk-in,
Q001254,2024-04-13,Walk-in,B001616
Q001272,2024-04-13,Website,B001647
Q001315,2024-04-13,Hotel Partner,B001701
Q001337,2024-04-13,Walk-in,B001728
Q001394,2024-04-13,Walk-in,B001808
Q001450,2024-04-13,Walk-in,B001877
Q001452,2024-04-13,Hotel Partner,B001879
Q001458,2024-04-13,Hotel Partner,B001887
Q005735,2024-04-13,Website,
Q005836,2024-04-13,OTA,
Q006220,2024-04-13,Referral,
Q006364,2024-04-13,Walk-in,
Q006378,2024-04-13,Website,
Q006434,2024-04-13,Walk-in,
Q006473,2024-04-13,Instagram,
Q001377,2024-04-14,Walk-in,B001785
Q001389,2024-04-14,OTA,B001803
Q001418,2024-04-14,Website,B001836
Q001460,2024-04-14,OTA,B001890
Q005565,2024-04-14,Instagram,
Q005666,2024-04-14,Walk-in,
Q005739,2024-04-14,Walk-in,
Q006327,2024-04-14,Website,
Q006345,2024-04-14,Referral,
Q006479,2024-04-14,Referral,
Q001324,2024-04-15,Referral,B001712
Q001379,2024-04-15,Walk-in,B001787
Q001391,2024-04-15,Walk-in,B001805
Q001422,2024-04-15,Instagram,B001842
Q006037,2024-04-15,Walk-in,
Q006368,2024-04-15,Referral,
Q006406,2024-04-15,Hotel Partner,
Q006419,2024-04-15,Referral,
Q006487,2024-04-15,Website,
Q001243,2024-04-16,Website,B001601
Q001285,2024-04-16,Website,B001665
Q001304,2024-04-16,Website,B001689
Q001349,2024-04-16,Hotel Partner,B001747
Q001354,2024-04-16,Website,B001753
Q001368,2024-04-16,Walk-in,B001773
Q001390,2024-04-16,Walk-in,B001804
Q001397,2024-04-16,Referral,B001811
Q005782,2024-04-16,Hotel Partner,
Q005800,2024-04-16,Instagram,
Q006231,2024-04-16,Website,
Q001253,2024-04-17,Referral,B001615
Q001264,2024-04-17,Referral,B001634
Q001299,2024-04-17,Website,B001680
Q001351,2024-04-17,Instagram,B001749
Q005879,2024-04-17,Hotel Partner,
Q005881,2024-04-17,Walk-in,
Q006008,2024-04-17,Referral,
Q006031,2024-04-17,Hotel Partner,
Q006210,2024-04-17,Hotel Partner,
Q006211,2024-04-17,Referral,
Q006240,2024-04-17,OTA,
Q006290,2024-04-17,Walk-in,
Q001404,2024-04-18,Referral,B001818
Q001466,2024-04-18,OTA,B001896
Q005592,2024-04-18,Hotel Partner,
Q005814,2024-04-18,Hotel Partner,
Q005931,2024-04-18,Hotel Partner,
Q005976,2024-04-18,Walk-in,
Q006170,2024-04-18,Referral,
Q006360,2024-04-18,Website,
Q006463,2024-04-18,Instagram,
Q001376,2024-04-19,Walk-in,B001783
Q001402,2024-04-19,Instagram,B001816
Q001426,2024-04-19,Walk-in,B001846
Q005627,2024-04-19,Website,
Q006066,2024-04-19,Website,
Q006094,2024-04-19,Hotel Partner,
Q006149,2024-04-19,Walk-in,
Q006193,2024-04-19,Referral,
Q006308,2024-04-19,Website,
Q001208,2024-04-20,Website,B001552
Q001328,2024-04-20,Walk-in,B001716
Q001334,2024-04-20,Instagram,B001724
Q005719,2024-04-20,OTA,
Q005850,2024-04-20,Website,
Q005935,2024-04-20,Walk-in,
Q006185,2024-04-20,Walk-in,
Q001259,2024-04-21,Instagram,B001622
Q001298,2024-04-21,Referral,B001679
Q001322,2024-04-21,Hotel Partner,B001710
Q005631,2024-04-21,Website,
Q006340,2024-04-21,Walk-in,
Q006468,2024-04-21,Instagram,
Q001268,2024-04-22,Walk-in,B001642
Q001386,2024-04-22,Walk-in,B001798
Q001428,2024-04-22,Referral,B001850
Q005925,2024-04-22,Walk-in,
Q001306,2024-04-23,Hotel Partner,B001691
Q001401,2024-04-23,Referral,B001815
Q001445,2024-04-23,Walk-in,B001870
Q005591,2024-04-23,Walk-in,
Q005669,2024-04-23,Instagram,
Q005744,2024-04-23,Website,
Q006043,2024-04-23,Website,
Q006083,2024-04-23,Referral,
Q006403,2024-04-23,Website,
Q001341,2024-04-24,Referral,B001736
Q001346,2024-04-24,Hotel Partner,B001742
Q001378,2024-04-24,Walk-in,B001786
Q005661,2024-04-24,Referral,
Q005757,2024-04-24,Website,
Q005824,2024-04-24,Instagram,
Q005880,2024-04-24,Walk-in,
Q005985,2024-04-24,Hotel Partner,
Q001262,2024-04-25,Instagram,B001632
Q001416,2024-04-25,Walk-in,B001832
Q001433,2024-04-25,Website,B001856
Q001468,2024-04-25,Referral,B001898
Q005647,2024-04-25,Walk-in,
Q005718,2024-04-25,Walk-in,
Q005838,2024-04-25,Walk-in,
Q005893,2024-04-25,Website,
Q006189,2024-04-25,Website,
Q006229,2024-04-25,Instagram,
Q001342,2024-04-26,Instagram,B001738
Q001361,2024-04-26,Instagram,B001761
Q001405,2024-04-26,Website,B001819
Q001424,2024-04-26,Walk-in,B001844
Q001464,2024-04-26,Referral,B001894
Q006010,2024-04-26,Hotel Partner,
Q006114,2024-04-26,Website,
Q006207,2024-04-26,Walk-in,
Q006421,2024-04-26,Walk-in,
Q006490,2024-04-26,Walk-in,
Q001316,2024-04-27,Walk-in,B001702
Q001352,2024-04-27,OTA,B001750
Q001360,2024-04-27,OTA,B001760
Q001364,2024-04-27,Instagram,B001765
Q001387,2024-04-27,Instagram,B001800
Q001421,2024-04-27,Website,B001841
Q001444,2024-04-27,Instagram,B001868
Q001467,2024-04-27,Hotel Partner,B001897
Q001470,2024-04-27,Instagram,B001900
Q005611,2024-04-27,Walk-in,
Q005788,2024-04-27,OTA,
Q005984,2024-04-27,Walk-in,
Q006107,2024-04-27,Instagram,
Q006317,2024-04-27,Website,
Q006346,2024-04-27,Walk-in,
Q006361,2024-04-27,OTA,
Q006444,2024-04-27,OTA,
Q006493,2024-04-27,Walk-in,
Q001413,2024-04-28,Walk-in,B001828
Q001459,2024-04-28,Website,B001888
Q005625,2024-04-28,Referral,
Q006156,2024-04-28,Referral,
Q006195,2024-04-28,OTA,
Q006416,2024-04-28,Walk-in,
Q001356,2024-04-29,Website,B001755
Q001363,2024-04-29,Walk-in,B001764
Q001374,2024-04-29,Walk-in,B001780
Q001380,2024-04-29,Hotel Partner,B001788
Q001382,2024-04-29,Website,B001791
Q001399,2024-04-29,Walk-in,B001813
Q001449,2024-04-29,Referral,B001876
Q005597,2024-04-29,Walk-in,
Q005612,2024-04-29,OTA,
Q005729,2024-04-29,Website,
Q005764,2024-04-29,Walk-in,
Q005810,2024-04-29,Hotel Partner,
Q005884,2024-04-29,Referral,
Q005930,2024-04-29,Referral,
Q006042,2024-04-29,Referral,
Q006112,2024-04-29,Walk-in,
Q006301,2024-04-29,Instagram,
Q001353,2024-04-30,Walk-in,B001751
Q001412,2024-04-30,Website,B001827
Q001415,2024-04-30,Website,B001831
Q001435,2024-04-30,Referral,B001858
Q005952,2024-04-30,Walk-in,
Q006015,2024-04-30,Referral,
Q006020,2024-04-30,Hotel Partner,
Q006029,2024-04-30,Walk-in,
Q006127,2024-04-30,Walk-in,
Q006247,2024-04-30,Walk-in,
Q006292,2024-04-30,Hotel Partner,
Q006319,2024-04-30,OTA,
Q001345,2024-05-01,Website,B001741
Q001372,2024-05-01,Walk-in,B001778
Q001409,2024-05-01,Instagram,B001824
Q001423,2024-05-01,Walk-in,B001843
Q005720,2024-05-01,Walk-in,
Q005732,2024-05-01,OTA,
Q005770,2024-05-01,Walk-in,
Q006058,2024-05-01,Walk-in,
Q006104,2024-05-01,OTA,
Q006130,2024-05-01,Referral,
Q006250,2024-05-01,Walk-in,
Q006325,2024-05-01,Walk-in,
Q006407,2024-05-01,Instagram,
Q001332,2024-05-02,OTA,B001721
Q001434,2024-05-02,Website,B001857
Q001455,2024-05-02,Walk-in,B001883
Q005584,2024-05-02,Website,
Q005605,2024-05-02,Walk-in,
Q005941,2024-05-02,Instagram,
Q005958,2024-05-02,Website,
Q006091,2024-05-02,Website,
Q006144,2024-05-02,Walk-in,
Q006313,2024-05-02,Walk-in,
Q001323,2024-05-03,Website,B001711
Q001370,2024-05-03,Hotel Partner,B001775
Q005619,2024-05-03,Referral,
Q005633,2024-05-03,OTA,
Q005820,2024-05-03,Website,
Q005861,2024-05-03,Referral,
Q005957,2024-05-03,Walk-in,
Q001448,2024-05-04,Instagram,B001875
Q001461,2024-05-04,Instagram,B001891
Q001471,2024-05-04,Website,B001901
Q005635,2024-05-04,Instagram,
Q005641,2024-05-04,Website,
Q005704,2024-05-04,Walk-in,
Q005783,2024-05-04,Hotel Partner,
Q005886,2024-05-04,Hotel Partner,
Q006099,2024-05-04,Hotel Partner,
Q006349,2024-05-04,Website,
Q006382,2024-05-04,Website,
Q005607,2024-05-05,Website,
Q005686,2024-05-05,Website,
Q005785,2024-05-05,Walk-in,
Q005801,2024-05-05,Walk-in,
Q005960,2024-05-05,Instagram,
Q006425,2024-05-05,Website,
Q006437,2024-05-05,Hotel Partner,
Q001438,2024-05-06,Walk-in,B001862
Q005997,2024-05-06,Instagram,
Q006150,2024-05-06,Walk-in,
Q006216,2024-05-06,Website,
Q001431,2024-05-07,Walk-in,B001853
Q001437,2024-05-07,Website,B001861
Q001441,2024-05-07,Walk-in,B001865
Q001442,2024-05-07,Referral,B001866
Q001446,2024-05-07,Website,B001871
Q005694,2024-05-07,Walk-in,
Q005823,2024-05-07,Walk-in,
Q006372,2024-05-07,Hotel Partner,
Q006471,2024-05-07,Instagram,
Q001410,2024-05-08,Referral,B001825
Q005947,2024-05-08,Referral,
Q006078,2024-05-08,Referral,
Q006213,2024-05-08,Instagram,
Q006312,2024-05-08,Hotel Partner,
Q006355,2024-05-08,Website,
Q006376,2024-05-08,Referral,
Q001411,2024-05-09,Walk-in,B001826
Q001419,2024-05-09,OTA,B001837
Q001425,2024-05-09,Website,B001845
Q001453,2024-05-09,Website,B001880
Q005582,2024-05-09,Website,
Q005738,2024-05-09,Walk-in,
Q005793,2024-05-09,Website,
Q005897,2024-05-09,Referral,
Q006109,2024-05-09,Walk-in,
Q006158,2024-05-09,Referral,
Q006226,2024-05-09,Website,
Q006365,2024-05-09,Instagram,
Q001414,2024-05-10,Website,B001830
Q001420,2024-05-10,Referral,B001838
Q001440,2024-05-10,Hotel Partner,B001864
Q005776,2024-05-10,Walk-in,
Q005865,2024-05-10,OTA,
Q006050,2024-05-10,Referral,
Q006202,2024-05-10,Walk-in,
Q001429,2024-05-11,Referral,B001851
Q001465,2024-05-11,Walk-in,B001895
Q005585,2024-05-11,Referral,
Q005790,2024-05-11,Walk-in,
Q005847,2024-05-11,Walk-in,
Q006181,2024-05-11,Referral,
Q006412,2024-05-11,Hotel Partner,
Q001447,2024-05-12,Walk-in,B001874
Q001454,2024-05-12,Website,B001882
Q001473,2024-05-12,Walk-in,B001904
Q005700,2024-05-12,Walk-in,
Q005990,2024-05-12,Hotel Partner,
Q006362,2024-05-12,OTA,
Q006470,2024-05-12,Website,
Q001400,2024-05-13,Referral,B001814
Q005743,2024-05-13,Instagram,
Q005797,2024-05-13,Referral,
Q005807,2024-05-13,Walk-in,
Q005680,2024-05-14,OTA,
Q005887,2024-05-14,Walk-in,
Q005969,2024-05-14,OTA,
Q005998,2024-05-14,Hotel Partner,
Q006079,2024-05-14,Hotel Partner,
Q006217,2024-05-14,Instagram,
Q006315,2024-05-14,OTA,
Q006432,2024-05-14,Instagram,
Q001385,2024-05-15,Instagram,B001797
Q005709,2024-05-15,Walk-in,
Q005876,2024-05-15,Website,
Q005914,2024-05-15,Website,
Q006055,2024-05-15,Hotel Partner,
Q006281,2024-05-15,Website,
Q006339,2024-05-15,Instagram,
Q001436,2024-05-16,Walk-in,B001859
Q001456,2024-05-16,Referral,B001884
Q005606,2024-05-16,Instagram,
Q005901,2024-05-16,Hotel Partner,
Q005968,2024-05-16,Referral,
Q006005,2024-05-16,Walk-in,
Q006184,2024-05-16,Referral,
Q006297,2024-05-16,Website,
Q001417,2024-05-17,Website,B001835
Q005599,2024-05-17,Referral,
Q005615,2024-05-17,OTA,
Q005628,2024-05-17,Website,
Q005708,2024-05-17,Walk-in,
Q005727,2024-05-17,Walk-in,
Q006165,2024-05-17,Walk-in,
Q006258,2024-05-17,Walk-in,
Q006310,2024-05-17,Walk-in,
Q005613,2024-05-18,Referral,
Q005630,2024-05-18,OTA,
Q005637,2024-05-18,Referral,
Q005784,2024-05-18,Referral,
Q005953,2024-05-18,Referral,
Q006067,2024-05-18,Walk-in,
Q006108,2024-05-18,Website,
Q006269,2024-05-18,Website,
Q001439,2024-05-19,Hotel Partner,B001863
Q005761,2024-05-19,Instagram,
Q005862,2024-05-19,Website,
Q006007,2024-05-19,Walk-in,
Q006291,2024-05-19,Walk-in,
Q006314,2024-05-19,OTA,
Q005698,2024-05-20,Walk-in,
Q005755,2024-05-20,Hotel Partner,
Q005939,2024-05-20,Walk-in,
Q006044,2024-05-20,Walk-in,
Q006163,2024-05-20,Referral,
Q006374,2024-05-20,Hotel Partner,
Q001406,2024-05-21,Website,B001821
Q001427,2024-05-21,Referral,B001847
Q005610,2024-05-21,Website,
Q005654,2024-05-21,Walk-in,
Q005844,2024-05-21,Instagram,
Q005845,2024-05-21,Website,
Q005890,2024-05-21,Walk-in,
Q006124,2024-05-21,Walk-in,
Q006266,2024-05-21,Walk-in,
Q006283,2024-05-21,Walk-in,
Q006332,2024-05-21,Referral,
Q006481,2024-05-21,Hotel Partner,
Q005670,2024-05-22,Instagram,
Q005991,2024-05-22,Website,
Q006087,2024-05-22,Walk-in,
Q006157,2024-05-22,Referral,
Q006256,2024-05-22,Website,
Q006334,2024-05-22,Walk-in,
Q006415,2024-05-22,Referral,
Q006467,2024-05-22,Walk-in,
Q005777,2024-05-23,OTA,
Q005867,2024-05-23,Website,
Q005996,2024-05-23,Instagram,
Q006169,2024-05-23,Hotel Partner,
Q006322,2024-05-23,Website,
Q006328,2024-05-23,Referral,
Q006342,2024-05-23,Website,
Q001443,2024-05-24,Referral,B001867
Q006026,2024-05-24,Referral,
Q006138,2024-05-24,Referral,
Q006356,2024-05-24,Instagram,
Q006464,2024-05-24,OTA,
Q005896,2024-05-25,Referral,
Q006039,2024-05-25,Hotel Partner,
Q006082,2024-05-25,Hotel Partner,
Q006494,2024-05-25,Website,
Q005586,2024-05-26,Walk-in,
Q005690,2024-05-26,Walk-in,
Q005701,2024-05-26,Hotel Partner,
Q005737,2024-05-26,Walk-in,
Q005826,2024-05-26,Walk-in,
Q006225,2024-05-26,Website,
Q006228,2024-05-26,OTA,
Q006278,2024-05-26,Walk-in,
Q006338,2024-05-26,Hotel Partner,
Q005576,2024-05-27,Website,
Q005858,2024-05-27,Walk-in,
Q005929,2024-05-27,Walk-in,
Q006140,2024-05-27,Referral,
Q006239,2024-05-27,OTA,
Q006358,2024-05-27,Walk-in,
Q006379,2024-05-27,Hotel Partner,
Q005616,2024-05-28,Referral,
Q005665,2024-05-28,Hotel Partner,
Q005772,2024-05-28,Hotel Partner,
Q005993,2024-05-28,Website,
Q006191,2024-05-28,Website,
Q006303,2024-05-28,Website,
Q006390,2024-05-28,Referral,
Q005869,2024-05-29,Instagram,
Q006084,2024-05-29,Website,
Q006160,2024-05-29,Hotel Partner,
Q006274,2024-05-29,Website,
Q005626,2024-05-30,Walk-in,
Q005703,2024-05-30,Hotel Partner,
Q005715,2024-05-30,Hotel Partner,
Q005717,2024-05-30,Website,
Q005949,2024-05-30,Walk-in,
Q006113,2024-05-30,Walk-in,
Q006134,2024-05-30,Website,
Q006371,2024-05-30,Referral,
Q001469,2024-05-31,Instagram,B001899
Q006059,2024-05-31,Website,
Q006201,2024-05-31,Walk-in,
Q006270,2024-05-31,Walk-in,
Q006388,2024-05-31,Website,
Q006404,2024-05-31,Referral,
Q006413,2024-05-31,Website,
Q001472,2024-06-12,Walk-in,B001902
Q001484,2024-07-25,Walk-in,B001916
Q001479,2024-07-29,OTA,B001911
Q001481,2024-08-04,Referral,B001913
Q001490,2024-08-07,OTA,B001924
Q001508,2024-08-08,Referral,B001948
Q001511,2024-08-08,OTA,B001952
Q001498,2024-08-09,Walk-in,B001934
Q001480,2024-08-10,Walk-in,B001912
Q001474,2024-08-11,Walk-in,B001905
Q001477,2024-08-11,Walk-in,B001908
Q001489,2024-08-12,Website,B001923
Q001492,2024-08-12,OTA,B001926
Q001499,2024-08-12,Hotel Partner,B001935
Q001519,2024-08-12,Walk-in,B001965
Q001551,2024-08-13,Walk-in,B002012
Q001501,2024-08-14,Instagram,B001937
Q001509,2024-08-15,Hotel Partner,B001949
Q001534,2024-08-15,Website,B001989
Q001475,2024-08-16,Website,B001906
Q001476,2024-08-16,Referral,B001907
Q001570,2024-08-17,Hotel Partner,B002039
Q001538,2024-08-18,OTA,B001995
Q001557,2024-08-18,OTA,B002021
Q001504,2024-08-19,Referral,B001941
Q001539,2024-08-19,Referral,B001996
Q001560,2024-08-19,Website,B002024
Q001567,2024-08-19,OTA,B002036
Q001604,2024-08-19,Referral,B002082
Q001609,2024-08-19,Referral,B002087
Q001637,2024-08-19,OTA,B002118
Q001525,2024-08-20,Referral,B001972
Q001540,2024-08-20,OTA,B001997
Q001486,2024-08-21,Website,B001920
Q001495,2024-08-21,Hotel Partner,B001931
Q001531,2024-08-21,Walk-in,B001984
Q001537,2024-08-21,Walk-in,B001993
Q001553,2024-08-21,Walk-in,B002014
Q001515,2024-08-22,Website,B001961
Q001550,2024-08-22,Walk-in,B002011
Q001583,2024-08-22,OTA,B002054
Q001491,2024-08-23,Referral,B001925
Q001532,2024-08-23,OTA,B001985
Q001536,2024-08-23,Walk-in,B001992
Q001569,2024-08-23,Instagram,B002038
Q001632,2024-08-23,Website,B002113
Q001483,2024-08-24,Hotel Partner,B001915
Q001670,2024-08-24,Website,B002161
Q001514,2024-08-25,Walk-in,B001960
Q001562,2024-08-25,Website,B002028
Q001628,2024-08-25,Hotel Partner,B002108
Q001652,2024-08-25,Walk-in,B002140
Q001494,2024-08-26,OTA,B001930
Q001506,2024-08-26,Walk-in,B001945
Q001510,2024-08-26,Walk-in,B001950
Q001658,2024-08-26,Hotel Partner,B002146
Q001512,2024-08-27,Instagram,B001954
Q001543,2024-08-27,Website,B002001
Q001589,2024-08-27,Walk-in,B002061
Q001643,2024-08-27,Website,B002125
Q001667,2024-08-27,Walk-in,B002156
Q001485,2024-08-28,Website,B001918
Q001650,2024-08-28,OTA,B002138
Q001496,2024-08-29,OTA,B001932
Q001478,2024-08-30,OTA,B001910
Q001497,2024-08-30,Website,B001933
Q001521,2024-08-30,Referral,B001967
Q001547,2024-08-30,Instagram,B002006
Q001549,2024-08-30,Instagram,B002010
Q001580,2024-08-30,Instagram,B002051
Q001619,2024-08-30,Website,B002098
Q001493,2024-08-31,Walk-in,B001927
Q001541,2024-08-31,OTA,B001998
Q001554,2024-08-31,Referral,B002015
Q001559,2024-08-31,OTA,B002023
Q001564,2024-08-31,Hotel Partner,B002032
Q001565,2024-08-31,Referral,B002034
Q001594,2024-08-31,Instagram,B002067
Q001635,2024-08-31,Referral,B002116
Q001696,2024-08-31,Walk-in,B002196
Q001503,2024-09-01,Referral,B001940
Q001545,2024-09-01,Walk-in,B002003
Q001613,2024-09-01,OTA,B002091
Q001640,2024-09-01,Walk-in,B002122
Q001522,2024-09-02,Website,B001968
Q001526,2024-09-02,Instagram,B001973
Q001571,2024-09-02,OTA,B002040
Q001623,2024-09-02,Referral,B002102
Q001626,2024-09-02,Hotel Partner,B002105
Q001577,2024-09-03,Walk-in,B002048
Q001584,2024-09-03,Referral,B002055
Q001586,2024-09-03,Walk-in,B002058
Q001617,2024-09-03,OTA,B002096
Q001644,2024-09-03,Website,B002127
Q001661,2024-09-03,Referral,B002149
Q001703,2024-09-03,Referral,B002206
Q001530,2024-09-04,Walk-in,B001983
Q001544,2024-09-04,Walk-in,B002002
Q001548,2024-09-05,Walk-in,B002009
Q001552,2024-09-05,Referral,B002013
Q001587,2024-09-05,OTA,B002059
Q001598,2024-09-05,Instagram,B002074
Q001633,2024-09-05,OTA,B002114
Q001639,2024-09-05,Instagram,B002120
Q001487,2024-09-06,Walk-in,B001921
Q001535,2024-09-06,Walk-in,B001990
Q001724,2024-09-06,Referral,B002229
Q001568,2024-09-07,Referral,B002037
Q001585,2024-09-07,OTA,B002057
Q001588,2024-09-07,Website,B002060
Q001666,2024-09-07,Instagram,B002155
Q001718,2024-09-07,Walk-in,B002222
Q001786,2024-09-07,Website,B002308
Q001529,2024-09-08,Referral,B001980
Q001591,2024-09-08,Website,B002064
Q001631,2024-09-08,Walk-in,B002112
Q001638,2024-09-08,Instagram,B002119
Q001671,2024-09-08,Walk-in,B002162
Q001488,2024-09-09,OTA,B001922
Q001500,2024-09-09,Website,B001936
Q001597,2024-09-09,Referral,B002073
Q001645,2024-09-09,Website,B002128
Q001750,2024-09-09,Instagram,B002259
Q001621,2024-09-10,OTA,B002100
Q001772,2024-09-10,Walk-in,B002289
Q001507,2024-09-11,Walk-in,B001946
Q001528,2024-09-11,Website,B001979
Q001600,2024-09-11,Website,B002076
Q001624,2024-09-11,Website,B002103
Q001672,2024-09-11,OTA,B002163
Q001482,2024-09-12,Website,B001914
Q001517,2024-09-12,Website,B001963
Q001572,2024-09-12,Hotel Partner,B002041
Q001647,2024-09-12,Website,B002131
Q001685,2024-09-12,Walk-in,B002180
Q001704,2024-09-12,Walk-in,B002207
Q001743,2024-09-12,OTA,B002249
Q001751,2024-09-12,Walk-in,B002260
Q001794,2024-09-12,Walk-in,B002321
Q001518,2024-09-13,OTA,B001964
Q001524,2024-09-13,Referral,B001970
Q001611,2024-09-13,Referral,B002089
Q001651,2024-09-13,Hotel Partner,B002139
Q001653,2024-09-13,Instagram,B002141
Q001654,2024-09-13,Walk-in,B002142
Q001773,2024-09-13,Referral,B002290
Q001542,2024-09-14,OTA,B002000
Q001558,2024-09-14,Referral,B002022
Q001646,2024-09-14,Walk-in,B002130
Q001692,2024-09-14,Walk-in,B002191
Q001714,2024-09-14,Walk-in,B002218
Q001801,2024-09-14,Walk-in,B002329
Q001707,2024-09-15,OTA,B002210
Q001734,2024-09-15,Instagram,B002240
Q001790,2024-09-15,Walk-in,B002317
Q001555,2024-09-16,Referral,B002017
Q001618,2024-09-16,OTA,B002097
Q001622,2024-09-16,Website,B002101
Q001657,2024-09-16,Website,B002145
Q001665,2024-09-16,Instagram,B002154
Q001682,2024-09-16,Referral,B002175
Q001728,2024-09-16,Referral,B002234
Q001576,2024-09-17,Website,B002047
Q001590,2024-09-17,Referral,B002062
Q001602,2024-09-17,Walk-in,B002080
Q001620,2024-09-17,OTA,B002099
Q001664,2024-09-17,Website,B002153
Q001735,2024-09-17,OTA,B002241
Q001738,2024-09-17,Referral,B002244
Q001793,2024-09-17,Hotel Partner,B002320
Q001579,2024-09-18,Referral,B002050
Q001595,2024-09-18,Walk-in,B002069
Q001662,2024-09-18,Walk-in,B002150
Q001674,2024-09-18,Website,B002166
Q001706,2024-09-18,Instagram,B002209
Q001745,2024-09-18,OTA,B002251
Q001851,2024-09-18,OTA,B002397
Q001513,2024-09-19,Website,B001957
Q001563,2024-09-19,Website,B002030
Q001566,2024-09-19,Website,B002035
Q001610,2024-09-19,Walk-in,B002088
Q001634,2024-09-19,OTA,B002115
Q001711,2024-09-19,Walk-in,B002215
Q001741,2024-09-19,Instagram,B002247
Q001755,2024-09-19,Website,B002265
Q001769,2024-09-19,Instagram,B002286
Q001679,2024-09-20,Walk-in,B002172
Q001680,2024-09-20,Hotel Partner,B002173
Q001687,2024-09-20,OTA,B002182
Q001717,2024-09-20,Hotel Partner,B002221
Q001763,2024-09-20,Walk-in,B002277
Q001822,2024-09-20,Hotel Partner,B002356
Q001833,2024-09-20,Website,B002372
Q001840,2024-09-20,Hotel Partner,B002383
Q001867,2024-09-20,Walk-in,B002419
Q001502,2024-09-21,Walk-in,B001938
Q001582,2024-09-22,Referral,B002053
Q001698,2024-09-22,OTA,B002200
Q001761,2024-09-22,Walk-in,B002275
Q001505,2024-09-23,OTA,B001943
Q001593,2024-09-23,Hotel Partner,B002066
Q001676,2024-09-23,Instagram,B002169
Q001809,2024-09-23,OTA,B002340
Q001573,2024-09-24,Website,B002042
Q001612,2024-09-24,Website,B002090
Q001726,2024-09-24,Referral,B002231
Q001824,2024-09-24,Hotel Partner,B002358
Q001883,2024-09-24,Walk-in,B002437
Q001891,2024-09-24,Walk-in,B002447
Q001520,2024-09-25,Walk-in,B001966
Q001527,2024-09-25,Walk-in,B001975
Q001581,2024-09-25,Website,B002052
Q001592,2024-09-25,Website,B002065
Q001641,2024-09-25,Walk-in,B002123
Q001659,2024-09-25,OTA,B002147
Q001688,2024-09-25,Referral,B002184
Q001759,2024-09-25,Website,B002273
Q001783,2024-09-25,Website,B002304
Q001787,2024-09-25,Website,B002309
Q001546,2024-09-26,OTA,B002004
Q001561,2024-09-26,Referral,B002027
Q001642,2024-09-26,Instagram,B002124
Q001648,2024-09-26,Referral,B002133
Q001656,2024-09-26,Walk-in,B002144
Q001771,2024-09-26,Website,B002288
Q001798,2024-09-26,Referral,B002326
Q001523,2024-09-27,Website,B001969
Q001578,2024-09-27,Instagram,B002049
Q001675,2024-09-27,Website,B002167
Q001797,2024-09-27,Referral,B002325
Q001837,2024-09-27,Website,B002380
Q001859,2024-09-27,OTA,B002407
Q001884,2024-09-27,Hotel Partner,B002439
Q001885,2024-09-27,Walk-in,B002441
Q001136,2024-09-28,Walk-in,B002193
Q001556,2024-09-28,OTA,B002018
Q001599,2024-09-28,Website,B002075
Q001636,2024-09-28,Instagram,B002117
Q001719,2024-09-28,Walk-in,B002223
Q001764,2024-09-28,Website,B002279
Q001796,2024-09-28,Walk-in,B002324
Q001844,2024-09-28,Hotel Partner,B002387
Q001890,2024-09-28,Instagram,B002446
Q001897,2024-09-28,Website,B002457
Q001574,2024-09-29,Instagram,B002045
Q001607,2024-09-29,Website,B002085
Q001678,2024-09-29,Instagram,B002171
Q001701,2024-09-29,OTA,B002204
Q001708,2024-09-29,OTA,B002211
Q001716,2024-09-29,Website,B002220
Q001788,2024-09-29,Website,B002312
Q001834,2024-09-29,Website,B002373
Q001847,2024-09-29,Walk-in,B002391
Q001908,2024-09-29,Website,B002469
Q001913,2024-09-29,Hotel Partner,B002474
Q001614,2024-09-30,Walk-in,B002092
Q001668,2024-09-30,Referral,B002158
Q001673,2024-09-30,Walk-in,B002165
Q001695,2024-09-30,Referral,B002195
Q001863,2024-09-30,Referral,B002413
Q001866,2024-09-30,Walk-in,B002417
Q001920,2024-09-30,OTA,B002484
Q001516,2024-10-01,Walk-in,B001962
Q001533,2024-10-01,Instagram,B001987
Q001575,2024-10-01,OTA,B002046
Q001601,2024-10-01,OTA,B002078
Q001697,2024-10-01,Hotel Partner,B002197
Q001862,2024-10-01,Walk-in,B002410
Q001894,2024-10-01,Hotel Partner,B002454
Q006547,2024-10-01,Website,
Q006568,2024-10-01,Instagram,
Q006582,2024-10-01,Website,
Q006803,2024-10-01,Hotel Partner,
Q006921,2024-10-01,Website,
Q007057,2024-10-01,Walk-in,
Q007612,2024-10-01,Walk-in,
Q007664,2024-10-01,OTA,
Q007797,2024-10-01,OTA,
Q007981,2024-10-01,Walk-in,
Q008062,2024-10-01,Referral,
Q008283,2024-10-01,Website,
Q008300,2024-10-01,OTA,
Q001629,2024-10-02,Website,B002110
Q001630,2024-10-02,OTA,B002111
Q001686,2024-10-02,OTA,B002181
Q001729,2024-10-02,OTA,B002235
Q001814,2024-10-02,Website,B002345
Q001836,2024-10-02,Hotel Partner,B002379
Q001855,2024-10-02,OTA,B002402
Q001873,2024-10-02,Instagram,B002425
Q001887,2024-10-02,Hotel Partner,B002443
Q006611,2024-10-02,Walk-in,
Q007001,2024-10-02,Referral,
Q007643,2024-10-02,Website,
Q007763,2024-10-02,Hotel Partner,
Q007800,2024-10-02,OTA,
Q007913,2024-10-02,Referral,
Q007987,2024-10-02,Walk-in,
Q008235,2024-10-02,Walk-in,
Q001720,2024-10-03,Instagram,B002224
Q001736,2024-10-03,Website,B002242
Q001749,2024-10-03,Website,B002256
Q001826,2024-10-03,Referral,B002361
Q001876,2024-10-03,Hotel Partner,B002428
Q001911,2024-10-03,Walk-in,B002472
Q001955,2024-10-03,Referral,B002521
Q006510,2024-10-03,Website,
Q006662,2024-10-03,Walk-in,
Q006758,2024-10-03,Walk-in,
Q007052,2024-10-03,Website,
Q007366,2024-10-03,Hotel Partner,
Q007506,2024-10-03,Instagram,
Q007646,2024-10-03,Website,
Q008361,2024-10-03,Website,
Q001615,2024-10-04,OTA,B002093
Q001715,2024-10-04,OTA,B002219
Q001725,2024-10-04,Referral,B002230
Q001730,2024-10-04,Walk-in,B002236
Q001775,2024-10-04,Instagram,B002293
Q001831,2024-10-04,Referral,B002369
Q001899,2024-10-04,Website,B002459
Q006500,2024-10-04,Website,
Q006730,2024-10-04,Walk-in,
Q007385,2024-10-04,Website,
Q007715,2024-10-04,Hotel Partner,
Q007834,2024-10-04,Instagram,
Q007991,2024-10-04,OTA,
Q001681,2024-10-05,OTA,B002174
Q001684,2024-10-05,Instagram,B002177
Q001705,2024-10-05,Walk-in,B002208
Q001721,2024-10-05,Referral,B002226
Q001756,2024-10-05,Walk-in,B002269
Q001768,2024-10-05,Website,B002285
Q001828,2024-10-05,Referral,B002365
Q001869,2024-10-05,Website,B002421
Q006623,2024-10-05,OTA,
Q006832,2024-10-05,OTA,
Q007386,2024-10-05,Walk-in,
Q007623,2024-10-05,OTA,
Q007628,2024-10-05,Website,
Q007665,2024-10-05,OTA,
Q007900,2024-10-05,Instagram,
Q001689,2024-10-06,OTA,B002185
Q001800,2024-10-06,OTA,B002328
Q001848,2024-10-06,Walk-in,B002392
Q001878,2024-10-06,Website,B002431
Q001886,2024-10-06,Website,B002442
Q001938,2024-10-06,OTA,B002503
Q001990,2024-10-06,Website,B002568
Q002026,2024-10-06,OTA,B002616
Q002030,2024-10-06,Walk-in,B002625
Q006548,2024-10-06,Walk-in,
Q006562,2024-10-06,Referral,
Q006922,2024-10-06,Instagram,
Q007014,2024-10-06,Referral,
Q007063,2024-10-06,Website,
Q007569,2024-10-06,OTA,
Q007673,2024-10-06,Referral,
Q008355,2024-10-06,Walk-in,
Q001605,2024-10-07,Referral,B002083
Q001776,2024-10-07,Hotel Partner,B002294
Q001777,2024-10-07,Instagram,B002295
Q001778,2024-10-07,Referral,B002297
Q001871,2024-10-07,Referral,B002423
Q001872,2024-10-07,Hotel Partner,B002424
Q001874,2024-10-07,Walk-in,B002426
Q001880,2024-10-07,Instagram,B002433
Q001881,2024-10-07,Walk-in,B002435
Q001914,2024-10-07,Website,B002475
Q006770,2024-10-07,Website,
Q007369,2024-10-07,Website,
Q007504,2024-10-07,Walk-in,
Q007530,2024-10-07,OTA,
Q007633,2024-10-07,Walk-in,
Q007852,2024-10-07,Instagram,
Q008111,2024-10-07,Instagram,
Q008142,2024-10-07,Website,
Q008323,2024-10-07,Website,
Q001603,2024-10-08,OTA,B002081
Q001677,2024-10-08,Website,B002170
Q001690,2024-10-08,OTA,B002186
Q001694,2024-10-08,OTA,B002194
Q001702,2024-10-08,Walk-in,B002205
Q001710,2024-10-08,Walk-in,B002213
Q001782,2024-10-08,Hotel Partner,B002302
Q001820,2024-10-08,Website,B002352
Q001843,2024-10-08,Website,B002386
Q001870,2024-10-08,Referral,B002422
Q001928,2024-10-08,Walk-in,B002492
Q002009,2024-10-08,Walk-in,B002592
Q002038,2024-10-08,Walk-in,B002639
Q006570,2024-10-08,Instagram,
Q006619,2024-10-08,Website,
Q006635,2024-10-08,Hotel Partner,
Q006858,2024-10-08,Walk-in,
Q006890,2024-10-08,Hotel Partner,
Q006993,2024-10-08,Instagram,
Q007370,2024-10-08,OTA,
Q007517,2024-10-08,Website,
Q008488,2024-10-08,OTA,
Q001596,2024-10-09,OTA,B002071
Q001669,2024-10-09,OTA,B002160
Q001740,2024-10-09,Walk-in,B002246
Q001742,2024-10-09,Website,B002248
Q001744,2024-10-09,Walk-in,B002250
Q001829,2024-10-09,Referral,B002366
Q001877,2024-10-09,Referral,B002429
Q001959,2024-10-09,Website,B002532
Q006648,2024-10-09,Instagram,
Q006829,2024-10-09,OTA,
Q006856,2024-10-09,Hotel Partner,
Q007054,2024-10-09,Referral,
Q007571,2024-10-09,Walk-in,
Q007764,2024-10-09,Referral,
Q007941,2024-10-09,Referral,
Q007975,2024-10-09,Website,
Q007996,2024-10-09,Website,
Q008120,2024-10-09,Walk-in,
Q008362,2024-10-09,Walk-in,
Q001616,2024-10-10,OTA,B002094
Q001627,2024-10-10,OTA,B002107
Q001727,2024-10-10,Instagram,B002232
Q001781,2024-10-10,Website,B002300
Q001784,2024-10-10,Referral,B002305
Q001842,2024-10-10,Walk-in,B002385
Q001860,2024-10-10,OTA,B002408
Q001905,2024-10-10,OTA,B002466
Q001921,2024-10-10,Website,B002485
Q001947,2024-10-10,Referral,B002513
Q006732,2024-10-10,OTA,
Q007005,2024-10-10,Website,
Q007167,2024-10-10,Walk-in,
Q007250,2024-10-10,OTA,
Q007348,2024-10-10,Hotel Partner,
Q007557,2024-10-10,Walk-in,
Q007672,2024-10-10,Website,
Q008222,2024-10-10,Hotel Partner,
Q008272,2024-10-10,Referral,
Q001606,2024-10-11,Website,B002084
Q001830,2024-10-11,Walk-in,B002368
Q001934,2024-10-11,Hotel Partner,B002499
Q001939,2024-10-11,OTA,B002504
Q006608,2024-10-11,Instagram,
Q007906,2024-10-11,Website,
Q008258,2024-10-11,Hotel Partner,
Q001660,2024-10-12,Walk-in,B002148
Q001709,2024-10-12,OTA,B002212
Q001737,2024-10-12,Walk-in,B002243
Q001792,2024-10-12,Walk-in,B002319
Q001893,2024-10-12,OTA,B002451
Q001922,2024-10-12,Referral,B002486
Q002031,2024-10-12,Walk-in,B002627
Q006598,2024-10-12,Website,
Q006650,2024-10-12,Walk-in,
Q007281,2024-10-12,Website,
Q007766,2024-10-12,Referral,
Q007928,2024-10-12,Walk-in,
Q001625,2024-10-13,OTA,B002104
Q001683,2024-10-13,Referral,B002176
Q001713,2024-10-13,Walk-in,B002217
Q001841,2024-10-13,Walk-in,B002384
Q001854,2024-10-13,Referral,B002401
Q001949,2024-10-13,Referral,B002515
Q002063,2024-10-13,Website,B002667
Q006544,2024-10-13,Website,
Q006647,2024-10-13,OTA,
Q007172,2024-10-13,Referral,
Q007203,2024-10-13,Walk-in,
Q007205,2024-10-13,OTA,
Q007227,2024-10-13,Walk-in,
Q007448,2024-10-13,Hotel Partner,
Q008038,2024-10-13,Hotel Partner,
Q008114,2024-10-13,Walk-in,
Q001722,2024-10-14,Walk-in,B002227
Q001762,2024-10-14,Referral,B002276
Q001810,2024-10-14,Website,B002341
Q001816,2024-10-14,OTA,B002347
Q001845,2024-10-14,Website,B002389
Q001900,2024-10-14,Hotel Partner,B002460
Q001906,2024-10-14,Instagram,B002467
Q001951,2024-10-14,Walk-in,B002517
Q001964,2024-10-14,Walk-in,B002537
Q002019,2024-10-14,Walk-in,B002607
Q006596,2024-10-14,Instagram,
Q007020,2024-10-14,Walk-in,
Q007194,2024-10-14,OTA,
Q007432,2024-10-14,Walk-in,
Q007758,2024-10-14,Referral,
Q007770,2024-10-14,Website,
Q007820,2024-10-14,Hotel Partner,
Q008480,2024-10-14,Website,
Q001739,2024-10-15,Referral,B002245
Q001770,2024-10-15,OTA,B002287
Q001819,2024-10-15,Hotel Partner,B002351
Q001916,2024-10-15,Instagram,B002477
Q001929,2024-10-15,Website,B002493
Q001994,2024-10-15,Hotel Partner,B002573
Q002091,2024-10-15,Walk-in,B002702
Q006575,2024-10-15,Walk-in,
Q006644,2024-10-15,OTA,
Q007248,2024-10-15,Website,
Q007425,2024-10-15,Walk-in,
Q007556,2024-10-15,OTA,
Q007654,2024-10-15,OTA,
Q007924,2024-10-15,Website,
Q007957,2024-10-15,Walk-in,
Q008110,2024-10-15,OTA,
Q008165,2024-10-15,Referral,
Q008340,2024-10-15,OTA,
Q001608,2024-10-16,Hotel Partner,B002086
Q001655,2024-10-16,Website,B002143
Q001746,2024-10-16,Referral,B002252
Q001748,2024-10-16,Website,B002255
Q001753,2024-10-16,Website,B002263
Q001758,2024-10-16,Instagram,B002271
Q001868,2024-10-16,Walk-in,B002420
Q002003,2024-10-16,Instagram,B002584
Q002074,2024-10-16,Walk-in,B002680
Q006519,2024-10-16,Walk-in,
Q006998,2024-10-16,Walk-in,
Q007070,2024-10-16,Hotel Partner,
Q007124,2024-10-16,Referral,
Q007308,2024-10-16,Website,
Q007387,2024-10-16,OTA,
Q007402,2024-10-16,OTA,
Q008214,2024-10-16,Walk-in,
Q008369,2024-10-16,OTA,
Q001649,2024-10-17,Hotel Partner,B002136
Q001693,2024-10-17,Website,B002192
Q001754,2024-10-17,OTA,B002264
Q001774,2024-10-17,Walk-in,B002291
Q001795,2024-10-17,OTA,B002322
Q001806,2024-10-17,OTA,B002336
Q001811,2024-10-17,OTA,B002342
Q001910,2024-10-17,Hotel Partner,B002471
Q001942,2024-10-17,OTA,B002508
Q001968,2024-10-17,Walk-in,B002541
Q001979,2024-10-17,Website,B002554
Q002029,2024-10-17,Hotel Partner,B002622
Q006641,2024-10-17,Instagram,
Q006684,2024-10-17,Walk-in,
Q006851,2024-10-17,Instagram,
Q007853,2024-10-17,Walk-in,
Q008469,2024-10-17,OTA,
Q001733,2024-10-18,Hotel Partner,B002239
Q001760,2024-10-18,OTA,B002274
Q001808,2024-10-18,OTA,B002338
Q001838,2024-10-18,OTA,B002381
Q001915,2024-10-18,Website,B002476
Q002008,2024-10-18,Referral,B002591
Q006536,2024-10-18,Referral,
Q006626,2024-10-18,Walk-in,
Q006725,2024-10-18,Website,
Q006777,2024-10-18,Walk-in,
Q006844,2024-10-18,Website,
Q006849,2024-10-18,Referral,
Q006868,2024-10-18,OTA,
Q006888,2024-10-18,Referral,
Q006943,2024-10-18,Instagram,
Q007031,2024-10-18,OTA,
Q007049,2024-10-18,Walk-in,
Q007244,2024-10-18,Instagram,
Q007910,2024-10-18,Walk-in,
Q007971,2024-10-18,Website,
Q008115,2024-10-18,Instagram,
Q001700,2024-10-19,Hotel Partner,B002202
Q001732,2024-10-19,Hotel Partner,B002238
Q001752,2024-10-19,Referral,B002262
Q001827,2024-10-19,Website,B002363
Q001849,2024-10-19,Walk-in,B002393
Q001895,2024-10-19,Referral,B002455
Q001912,2024-10-19,Walk-in,B002473
Q001978,2024-10-19,Referral,B002552
Q002013,2024-10-19,Hotel Partner,B002600
Q002044,2024-10-19,Instagram,B002646
Q002101,2024-10-19,Instagram,B002717
Q002104,2024-10-19,Instagram,B002720
Q002108,2024-10-19,Instagram,B002725
Q007547,2024-10-19,OTA,
Q007707,2024-10-19,OTA,
Q007762,2024-10-19,Referral,
Q007962,2024-10-19,Walk-in,
Q008237,2024-10-19,Website,
Q008385,2024-10-19,OTA,
Q008422,2024-10-19,Instagram,
Q008441,2024-10-19,Website,
Q001691,2024-10-20,Hotel Partner,B002187
Q001723,2024-10-20,Walk-in,B002228
Q001747,2024-10-20,Website,B002254
Q001803,2024-10-20,Hotel Partner,B002331
Q001875,2024-10-20,OTA,B002427
Q001925,2024-10-20,Instagram,B002489
Q001953,2024-10-20,Referral,B002519
Q002001,2024-10-20,Referral,B002582
Q002023,2024-10-20,Walk-in,B002611
Q002083,2024-10-20,Hotel Partner,B002693
Q006505,2024-10-20,OTA,
Q006831,2024-10-20,Walk-in,
Q006942,2024-10-20,Hotel Partner,
Q007012,2024-10-20,Referral,
Q007144,2024-10-20,Referral,
Q007315,2024-10-20,OTA,
Q007520,2024-10-20,Website,
Q007713,2024-10-20,Hotel Partner,
Q001663,2024-10-21,Website,B002151
Q001766,2024-10-21,Walk-in,B002281
Q001785,2024-10-21,OTA,B002306
Q001846,2024-10-21,Walk-in,B002390
Q001856,2024-10-21,Website,B002404
Q001857,2024-10-21,Walk-in,B002405
Q001940,2024-10-21,Walk-in,B002505
Q001992,2024-10-21,Walk-in,B002571
Q002014,2024-10-21,Referral,B002601
Q002021,2024-10-21,Hotel Partner,B002609
Q002110,2024-10-21,Referral,B002729
Q002123,2024-10-21,Referral,B002744
Q002127,2024-10-21,OTA,B002749
Q002135,2024-10-21,Referral,B002758
Q002180,2024-10-21,Walk-in,B002812
Q002184,2024-10-21,Referral,B002817
Q006628,2024-10-21,Walk-in,
Q006979,2024-10-21,Walk-in,
Q006991,2024-10-21,Website,
Q007836,2024-10-21,Instagram,
Q008372,2024-10-21,OTA,
Q008471,2024-10-21,Walk-in,
Q001765,2024-10-22,OTA,B002280
Q001818,2024-10-22,Instagram,B002350
Q001858,2024-10-22,Referral,B002406
Q001861,2024-10-22,Walk-in,B002409
Q001903,2024-10-22,OTA,B002464
Q001919,2024-10-22,Website,B002483
Q001926,2024-10-22,Walk-in,B002490
Q001936,2024-10-22,Hotel Partner,B002501
Q001973,2024-10-22,Website,B002546
Q001977,2024-10-22,Walk-in,B002551
Q002010,2024-10-22,Walk-in,B002595
Q002022,2024-10-22,Walk-in,B002610
Q002087,2024-10-22,Referral,B002697
Q002114,2024-10-22,Instagram,B002735
Q002142,2024-10-22,Instagram,B002768
Q006637,2024-10-22,Referral,
Q006717,2024-10-22,Website,
Q006747,2024-10-22,Instagram,
Q006869,2024-10-22,Instagram,
Q007587,2024-10-22,Walk-in,
Q007614,2024-10-22,Instagram,
Q007796,2024-10-22,Website,
Q007944,2024-10-22,Website,
Q008029,2024-10-22,OTA,
Q008251,2024-10-22,Website,
Q001789,2024-10-23,Referral,B002313
Q001805,2024-10-23,Instagram,B002334
Q001902,2024-10-23,Walk-in,B002463
Q001904,2024-10-23,Instagram,B002465
Q001980,2024-10-23,OTA,B002556
Q002046,2024-10-23,Walk-in,B002649
Q006592,2024-10-23,Referral,
Q006886,2024-10-23,Walk-in,
Q007531,2024-10-23,Walk-in,
Q007784,2024-10-23,Website,
Q008138,2024-10-23,Referral,
Q008464,2024-10-23,Walk-in,
Q008475,2024-10-23,Walk-in,
Q001823,2024-10-24,Website,B002357
Q001825,2024-10-24,Referral,B002359
Q001896,2024-10-24,OTA,B002456
Q001983,2024-10-24,Instagram,B002560
Q002039,2024-10-24,Website,B002640
Q002048,2024-10-24,Referral,B002650
Q002179,2024-10-24,Referral,B002810
Q006530,2024-10-24,OTA,
Q006542,2024-10-24,Instagram,
Q007061,2024-10-24,Hotel Partner,
Q007862,2024-10-24,Referral,
Q008377,2024-10-24,OTA,
Q001699,2024-10-25,Website,B002201
Q001779,2024-10-25,Walk-in,B002298
Q001839,2024-10-25,Website,B002382
Q001909,2024-10-25,Hotel Partner,B002470
Q002006,2024-10-25,Instagram,B002588
Q002020,2024-10-25,Website,B002608
Q002095,2024-10-25,Referral,B002706
Q002096,2024-10-25,Walk-in,B002710
Q002097,2024-10-25,OTA,B002711
Q002140,2024-10-25,Instagram,B002764
Q002177,2024-10-25,Instagram,B002807
Q002206,2024-10-25,Walk-in,B002844
Q006723,2024-10-25,Referral,
Q007307,2024-10-25,OTA,
Q007799,2024-10-25,Walk-in,
Q008121,2024-10-25,Instagram,
Q008286,2024-10-25,OTA,
Q008404,2024-10-25,Instagram,
Q001757,2024-10-26,Website,B002270
Q001799,2024-10-26,OTA,B002327
Q001815,2024-10-26,Website,B002346
Q001821,2024-10-26,Walk-in,B002355
Q001931,2024-10-26,Walk-in,B002496
Q001956,2024-10-26,OTA,B002526
Q001961,2024-10-26,Instagram,B002534
Q002066,2024-10-26,Hotel Partner,B002670
Q002073,2024-10-26,Instagram,B002679
Q002082,2024-10-26,Referral,B002691
Q006978,2024-10-26,Referral,
Q007110,2024-10-26,Walk-in,
Q007295,2024-10-26,Walk-in,
Q008384,2024-10-26,Walk-in,
Q001888,2024-10-27,Instagram,B002444
Q001945,2024-10-27,Hotel Partner,B002511
Q001993,2024-10-27,Walk-in,B002572
Q002033,2024-10-27,Walk-in,B002628
Q002042,2024-10-27,Instagram,B002643
Q002176,2024-10-27,Walk-in,B002806
Q006796,2024-10-27,Walk-in,
Q006798,2024-10-27,Website,
Q007099,2024-10-27,Website,
Q007256,2024-10-27,Instagram,
Q007525,2024-10-27,Instagram,
Q007804,2024-10-27,Hotel Partner,
Q008052,2024-10-27,Website,
Q008179,2024-10-27,OTA,
Q008196,2024-10-27,Instagram,
Q008353,2024-10-27,Referral,
Q008481,2024-10-27,Walk-in,
Q001767,2024-10-28,Instagram,B002282
Q002049,2024-10-28,Referral,B002651
Q002080,2024-10-28,Website,B002688
Q002164,2024-10-28,Referral,B002791
Q002220,2024-10-28,OTA,B002860
Q006654,2024-10-28,Walk-in,
Q006757,2024-10-28,Instagram,
Q007584,2024-10-28,Website,
Q007629,2024-10-28,Walk-in,
Q008277,2024-10-28,Walk-in,
Q008352,2024-10-28,OTA,
Q001802,2024-10-29,Walk-in,B002330
Q002185,2024-10-29,Referral,B002818
Q002193,2024-10-29,Website,B002829
Q006763,2024-10-29,Walk-in,
Q006813,2024-10-29,Website,
Q006901,2024-10-29,OTA,
Q007115,2024-10-29,Hotel Partner,
Q007187,2024-10-29,Hotel Partner,
Q007312,2024-10-29,Hotel Partner,
Q007361,2024-10-29,Hotel Partner,
Q007572,2024-10-29,Walk-in,
Q007632,2024-10-29,Referral,
Q007682,2024-10-29,OTA,
Q008096,2024-10-29,Hotel Partner,
Q008180,2024-10-29,Hotel Partner,
Q001712,2024-10-30,Referral,B002216
Q001731,2024-10-30,Website,B002237
Q001791,2024-10-30,Instagram,B002318
Q001932,2024-10-30,OTA,B002497
Q002151,2024-10-30,Instagram,B002778
Q002194,2024-10-30,Walk-in,B002831
Q002255,2024-10-30,Hotel Partner,B002906
Q002324,2024-10-30,Website,B002993
Q006700,2024-10-30,OTA,
Q007082,2024-10-30,Walk-in,
Q007083,2024-10-30,Website,
Q007394,2024-10-30,Website,
Q007979,2024-10-30,Walk-in,
Q008006,2024-10-30,Website,
Q008088,2024-10-30,OTA,
Q008344,2024-10-30,Website,
Q001813,2024-10-31,Website,B002344
Q001817,2024-10-31,OTA,B002348
Q001889,2024-10-31,OTA,B002445
Q001982,2024-10-31,Walk-in,B002559
Q001997,2024-10-31,Walk-in,B002576
Q002012,2024-10-31,Instagram,B002599
Q002024,2024-10-31,Hotel Partner,B002612
Q002028,2024-10-31,Hotel Partner,B002621
Q002068,2024-10-31,OTA,B002672
Q002094,2024-10-31,Hotel Partner,B002705
Q002139,2024-10-31,Walk-in,B002763
Q006524,2024-10-31,Referral,
Q007140,2024-10-31,Instagram,
Q007373,2024-10-31,Hotel Partner,
Q007637,2024-10-31,Website,
Q007769,2024-10-31,Walk-in,
Q007947,2024-10-31,Referral,
Q008021,2024-10-31,Website,
Q008089,2024-10-31,Walk-in,
Q008141,2024-10-31,OTA,
Q008351,2024-10-31,Walk-in,
Q008430,2024-10-31,Hotel Partner,
Q001864,2024-11-01,Hotel Partner,B002415
Q001946,2024-11-01,Website,B002512
Q002053,2024-11-01,Walk-in,B002657
Q002107,2024-11-01,OTA,B002724
Q002147,2024-11-01,Hotel Partner,B002773
Q002172,2024-11-01,Website,B002799
Q006718,2024-11-01,Hotel Partner,
Q006861,2024-11-01,Walk-in,
Q007415,2024-11-01,Walk-in,
Q007566,2024-11-01,Website,
Q007876,2024-11-01,Referral,
Q008143,2024-11-01,Instagram,
Q008412,2024-11-01,Instagram,
Q001879,2024-11-02,OTA,B002432
Q001988,2024-11-02,OTA,B002566
Q002036,2024-11-02,Referral,B002636
Q002051,2024-11-02,Website,B002653
Q002115,2024-11-02,Walk-in,B002736
Q002119,2024-11-02,Walk-in,B002740
Q002152,2024-11-02,Hotel Partner,B002779
Q002229,2024-11-02,Website,B002871
Q002242,2024-11-02,Instagram,B002889
Q002268,2024-11-02,Walk-in,B002921
Q002295,2024-11-02,Website,B002956
Q006707,2024-11-02,OTA,
Q006997,2024-11-02,Website,
Q007011,2024-11-02,Hotel Partner,
Q007461,2024-11-02,Walk-in,
Q007661,2024-11-02,Referral,
Q008017,2024-11-02,Walk-in,
Q008116,2024-11-02,Website,
Q001804,2024-11-03,OTA,B002332
Q001812,2024-11-03,Hotel Partner,B002343
Q001835,2024-11-03,Referral,B002374
Q001865,2024-11-03,OTA,B002416
Q001923,2024-11-03,Walk-in,B002487
Q001950,2024-11-03,OTA,B002516
Q001970,2024-11-03,Walk-in,B002543
Q002007,2024-11-03,Walk-in,B002589
Q002017,2024-11-03,Hotel Partner,B002604
Q002120,2024-11-03,Hotel Partner,B002741
Q002125,2024-11-03,Website,B002746
Q002141,2024-11-03,OTA,B002767
Q002187,2024-11-03,OTA,B002820
Q002259,2024-11-03,Instagram,B002910
Q006754,2024-11-03,Website,
Q006789,2024-11-03,Hotel Partner,
Q007158,2024-11-03,Instagram,
Q007159,2024-11-03,Walk-in,
Q007228,2024-11-03,Referral,
Q007274,2024-11-03,Referral,
Q007397,2024-11-03,OTA,
Q007920,2024-11-03,Instagram,
Q008098,2024-11-03,Walk-in,
Q008221,2024-11-03,Instagram,
Q001807,2024-11-04,Walk-in,B002337
Q001952,2024-11-04,Walk-in,B002518
Q001958,2024-11-04,Referral,B002531
Q001984,2024-11-04,Hotel Partner,B002561
Q002081,2024-11-04,Walk-in,B002690
Q002161,2024-11-04,Website,B002788
Q002265,2024-11-04,Instagram,B002917
Q006606,2024-11-04,Walk-in,
Q006759,2024-11-04,Website,
Q007433,2024-11-04,OTA,
Q007529,2024-11-04,Referral,
Q007564,2024-11-04,Website,
Q007880,2024-11-04,Instagram,
Q007894,2024-11-04,Hotel Partner,
Q008183,2024-11-04,Referral,
Q008309,2024-11-04,Referral,
Q008371,2024-11-04,OTA,
Q001917,2024-11-05,Walk-in,B002478
Q001963,2024-11-05,Website,B002536
Q002057,2024-11-05,Walk-in,B002661
Q002084,2024-11-05,Walk-in,B002694
Q002190,2024-11-05,Instagram,B002824
Q002276,2024-11-05,Website,B002930
Q006518,2024-11-05,Instagram,
Q006595,2024-11-05,OTA,
Q006605,2024-11-05,Website,
Q006607,2024-11-05,Referral,
Q006617,2024-11-05,Walk-in,
Q007142,2024-11-05,Walk-in,
Q007343,2024-11-05,Website,
Q007443,2024-11-05,Referral,
Q007819,2024-11-05,OTA,
Q007854,2024-11-05,Instagram,
Q008154,2024-11-05,Hotel Partner,
Q008176,2024-11-05,OTA,
Q008242,2024-11-05,Referral,
Q008294,2024-11-05,Walk-in,
Q001933,2024-11-06,Walk-in,B002498
Q001967,2024-11-06,OTA,B002540
Q001974,2024-11-06,Website,B002548
Q001998,2024-11-06,Walk-in,B002578
Q002040,2024-11-06,Website,B002641
Q002098,2024-11-06,Walk-in,B002713
Q002118,2024-11-06,Referral,B002739
Q002158,2024-11-06,Hotel Partner,B002784
Q002197,2024-11-06,Website,B002834
Q002292,2024-11-06,OTA,B002953
Q002329,2024-11-06,Instagram,B002998
Q006782,2024-11-06,OTA,
Q007047,2024-11-06,Walk-in,
Q007620,2024-11-06,Website,
Q007795,2024-11-06,Referral,
Q008016,2024-11-06,Instagram,
Q008440,2024-11-06,Website,
Q008444,2024-11-06,OTA,
Q001832,2024-11-07,Walk-in,B002371
Q001901,2024-11-07,Referral,B002462
Q001962,2024-11-07,Instagram,B002535
Q001966,2024-11-07,Walk-in,B002539
Q002086,2024-11-07,Referral,B002696
Q002129,2024-11-07,Walk-in,B002751
Q002186,2024-11-07,Instagram,B002819
Q002212,2024-11-07,Instagram,B002850
Q002226,2024-11-07,Instagram,B002868
Q002267,2024-11-07,Hotel Partner,B002920
Q002269,2024-11-07,Referral,B002922
Q002312,2024-11-07,Referral,B002978
Q002346,2024-11-07,Website,B003022
Q006949,2024-11-07,Hotel Partner,
Q007261,2024-11-07,Walk-in,
Q007656,2024-11-07,Walk-in,
Q007717,2024-11-07,Referral,
Q008013,2024-11-07,Website,
Q001780,2024-11-08,Referral,B002299
Q001852,2024-11-08,Website,B002398
Q001892,2024-11-08,OTA,B002448
Q001937,2024-11-08,Walk-in,B002502
Q002056,2024-11-08,OTA,B002660
Q002065,2024-11-08,Referral,B002669
Q002099,2024-11-08,Hotel Partner,B002715
Q002103,2024-11-08,Instagram,B002719
Q002205,2024-11-08,Referral,B002843
Q002208,2024-11-08,OTA,B002846
Q002304,2024-11-08,Walk-in,B002968
Q002395,2024-11-08,Website,B003081
Q002421,2024-11-08,Referral,B003113
Q007309,2024-11-08,OTA,
Q007408,2024-11-08,Instagram,
Q007507,2024-11-08,Instagram,
Q007891,2024-11-08,OTA,
Q008391,2024-11-08,Website,
Q008477,2024-11-08,Instagram,
Q001924,2024-11-09,OTA,B002488
Q001965,2024-11-09,Instagram,B002538
Q002076,2024-11-09,OTA,B002683
Q002090,2024-11-09,Website,B002700
Q002225,2024-11-09,OTA,B002865
Q002249,2024-11-09,Website,B002898
Q002282,2024-11-09,Website,B002938
Q002348,2024-11-09,Referral,B003026
Q006714,2024-11-09,Walk-in,
Q007029,2024-11-09,OTA,
Q007045,2024-11-09,Website,
Q007230,2024-11-09,Walk-in,
Q007985,2024-11-09,Website,
Q007989,2024-11-09,Referral,
Q008069,2024-11-09,Referral,
Q008418,2024-11-09,Walk-in,
Q001882,2024-11-10,OTA,B002436
Q001986,2024-11-10,Referral,B002563
Q001991,2024-11-10,Walk-in,B002570
Q002093,2024-11-10,OTA,B002704
Q002136,2024-11-10,Walk-in,B002759
Q002222,2024-11-10,OTA,B002862
Q002231,2024-11-10,Walk-in,B002873
Q002245,2024-11-10,Website,B002892
Q002258,2024-11-10,OTA,B002909
Q006535,2024-11-10,Website,
Q006713,2024-11-10,Walk-in,
Q007299,2024-11-10,Website,
Q007476,2024-11-10,Instagram,
Q007554,2024-11-10,Website,
Q007937,2024-11-10,Walk-in,
Q007988,2024-11-10,Walk-in,
Q008345,2024-11-10,Instagram,
Q008485,2024-11-10,OTA,
Q001954,2024-11-11,Hotel Partner,B002520
Q001972,2024-11-11,Instagram,B002545
Q001976,2024-11-11,OTA,B002550
Q001981,2024-11-11,Hotel Partner,B002557
Q002015,2024-11-11,Walk-in,B002602
Q002067,2024-11-11,Referral,B002671
Q002131,2024-11-11,Referral,B002753
Q002137,2024-11-11,OTA,B002760
Q006614,2024-11-11,OTA,
Q006672,2024-11-11,Website,
Q006846,2024-11-11,Instagram,
Q006958,2024-11-11,Referral,
Q007262,2024-11-11,OTA,
Q007338,2024-11-11,OTA,
Q007475,2024-11-11,Website,
Q007489,2024-11-11,Hotel Partner,
Q007535,2024-11-11,OTA,
Q008315,2024-11-11,Hotel Partner,
Q001850,2024-11-12,Website,B002395
Q001898,2024-11-12,OTA,B002458
Q001927,2024-11-12,Walk-in,B002491
Q002069,2024-11-12,OTA,B002673
Q002078,2024-11-12,Website,B002686
Q002200,2024-11-12,Walk-in,B002838
Q002210,2024-11-12,OTA,B002848
Q002266,2024-11-12,Instagram,B002918
Q002279,2024-11-12,OTA,B002933
Q002476,2024-11-12,Website,B003180
Q006580,2024-11-12,Website,
Q006581,2024-11-12,OTA,
Q006664,2024-11-12,Instagram,
Q007097,2024-11-12,Instagram,
Q007207,2024-11-12,OTA,
Q007218,2024-11-12,Website,
Q007257,2024-11-12,Hotel Partner,
Q007427,2024-11-12,Website,
Q007546,2024-11-12,Instagram,
Q007578,2024-11-12,Walk-in,
Q007650,2024-11-12,Website,
Q007757,2024-11-12,Referral,
Q007821,2024-11-12,Website,
Q007889,2024-11-12,Referral,
Q007945,2024-11-12,Instagram,
Q007952,2024-11-12,Referral,
Q007954,2024-11-12,Instagram,
Q001975,2024-11-13,Instagram,B002549
Q002011,2024-11-13,OTA,B002596
Q002045,2024-11-13,Walk-in,B002647
Q002170,2024-11-13,Instagram,B002797
Q002218,2024-11-13,OTA,B002857
Q002251,2024-11-13,Walk-in,B002900
Q002290,2024-11-13,Referral,B002951
Q002307,2024-11-13,Hotel Partner,B002972
Q002313,2024-11-13,OTA,B002980
Q002315,2024-11-13,Referral,B002982
Q002472,2024-11-13,Website,B003175
Q002503,2024-11-13,Hotel Partner,B003211
Q006554,2024-11-13,Instagram,
Q006951,2024-11-13,OTA,
Q007034,2024-11-13,Website,
Q007107,2024-11-13,Website,
Q007771,2024-11-13,OTA,
Q008030,2024-11-13,Walk-in,
Q008039,2024-11-13,OTA,
Q001853,2024-11-14,Referral,B002399
Q001907,2024-11-14,Instagram,B002468
Q001935,2024-11-14,Website,B002500
Q001943,2024-11-14,Referral,B002509
Q002175,2024-11-14,Walk-in,B002805
Q002237,2024-11-14,Referral,B002881
Q002311,2024-11-14,Walk-in,B002977
Q002352,2024-11-14,Walk-in,B003034
Q002403,2024-11-14,Referral,B003092
Q002449,2024-11-14,Website,B003148
Q006506,2024-11-14,Walk-in,
Q006751,2024-11-14,OTA,
Q006835,2024-11-14,Hotel Partner,
Q007085,2024-11-14,Referral,
Q007608,2024-11-14,Website,
Q008083,2024-11-14,Referral,
Q008126,2024-11-14,Instagram,
Q002072,2024-11-15,Walk-in,B002677
Q002089,2024-11-15,Referral,B002699
Q002092,2024-11-15,Referral,B002703
Q002198,2024-11-15,Website,B002835
Q002232,2024-11-15,OTA,B002876
Q002264,2024-11-15,OTA,B002916
Q002402,2024-11-15,Website,B003090
Q002426,2024-11-15,Hotel Partner,B003118
Q007496,2024-11-15,Website,
Q007882,2024-11-15,OTA,
Q001941,2024-11-16,Walk-in,B002507
Q001995,2024-11-16,Walk-in,B002574
Q002043,2024-11-16,Instagram,B002645
Q002052,2024-11-16,Website,B002656
Q002077,2024-11-16,Hotel Partner,B002684
Q002154,2024-11-16,Walk-in,B002781
Q006909,2024-11-16,Hotel Partner,
Q007130,2024-11-16,Referral,
Q007252,2024-11-16,Instagram,
Q007371,2024-11-16,OTA,
Q007423,2024-11-16,Walk-in,
Q007440,2024-11-16,Website,
Q007605,2024-11-16,Website,
Q007734,2024-11-16,Walk-in,
Q007901,2024-11-16,OTA,
Q008014,2024-11-16,OTA,
Q008148,2024-11-16,OTA,
Q008170,2024-11-16,OTA,
Q008233,2024-11-16,Website,
Q008311,2024-11-16,Instagram,
Q008462,2024-11-16,Website,
Q002018,2024-11-17,Walk-in,B002606
Q002138,2024-11-17,OTA,B002762
Q002168,2024-11-17,OTA,B002795
Q002195,2024-11-17,Referral,B002832
Q002223,2024-11-17,Referral,B002863
Q002224,2024-11-17,OTA,B002864
Q002308,2024-11-17,Walk-in,B002973
Q002318,2024-11-17,Walk-in,B002987
Q002443,2024-11-17,Instagram,B003140
Q006515,2024-11-17,Instagram,
Q007006,2024-11-17,OTA,
Q007024,2024-11-17,Website,
Q007044,2024-11-17,Walk-in,
Q007095,2024-11-17,Walk-in,
Q007102,2024-11-17,Website,
Q007213,2024-11-17,Hotel Partner,
Q007421,2024-11-17,OTA,
Q007487,2024-11-17,Walk-in,
Q007680,2024-11-17,Walk-in,
Q007908,2024-11-17,Walk-in,
Q007963,2024-11-17,Walk-in,
Q008105,2024-11-17,Referral,
Q008166,2024-11-17,Referral,
Q008236,2024-11-17,OTA,
Q008329,2024-11-17,Website,
Q008386,2024-11-17,Walk-in,
Q008399,2024-11-17,Walk-in,
Q008498,2024-11-17,Instagram,
Q001948,2024-11-18,OTA,B002514
Q002004,2024-11-18,OTA,B002585
Q002165,2024-11-18,Website,B002792
Q002254,2024-11-18,Walk-in,B002905
Q002283,2024-11-18,OTA,B002939
Q002288,2024-11-18,Walk-in,B002949
Q002291,2024-11-18,Hotel Partner,B002952
Q002294,2024-11-18,Walk-in,B002955
Q002392,2024-11-18,Website,B003077
Q002486,2024-11-18,Website,B003192
Q007071,2024-11-18,Walk-in,
Q007224,2024-11-18,Referral,
Q007368,2024-11-18,Website,
Q007460,2024-11-18,Referral,
Q007731,2024-11-18,Hotel Partner,
Q007786,2024-11-18,OTA,
Q007791,2024-11-18,Referral,
Q007824,2024-11-18,Walk-in,
Q008152,2024-11-18,OTA,
Q008333,2024-11-18,Website,
Q001930,2024-11-19,Walk-in,B002494
Q001989,2024-11-19,Website,B002567
Q002060,2024-11-19,Referral,B002664
Q002109,2024-11-19,Instagram,B002728
Q002213,2024-11-19,Hotel Partner,B002851
Q002284,2024-11-19,Hotel Partner,B002941
Q002317,2024-11-19,Hotel Partner,B002986
Q002332,2024-11-19,Walk-in,B003004
Q002373,2024-11-19,Referral,B003056
Q002391,2024-11-19,Instagram,B003076
Q006573,2024-11-19,Instagram,
Q006676,2024-11-19,Website,
Q006902,2024-11-19,Walk-in,
Q007072,2024-11-19,OTA,
Q007074,2024-11-19,Instagram,
Q007357,2024-11-19,OTA,
Q007488,2024-11-19,Referral,
Q007582,2024-11-19,Website,
Q002000,2024-11-20,Walk-in,B002580
Q002059,2024-11-20,Instagram,B002663
Q002070,2024-11-20,OTA,B002675
Q002121,2024-11-20,Walk-in,B002742
Q002159,2024-11-20,Website,B002785
Q007659,2024-11-20,Walk-in,
Q008150,2024-11-20,Hotel Partner,
Q008269,2024-11-20,Walk-in,
Q001960,2024-11-21,Instagram,B002533
Q001969,2024-11-21,Hotel Partner,B002542
Q001985,2024-11-21,Walk-in,B002562
Q001987,2024-11-21,Walk-in,B002564
Q002025,2024-11-21,Walk-in,B002614
Q002035,2024-11-21,Hotel Partner,B002633
Q002058,2024-11-21,OTA,B002662
Q002166,2024-11-21,Hotel Partner,B002793
Q002181,2024-11-21,Instagram,B002813
Q002211,2024-11-21,Referral,B002849
Q002240,2024-11-21,Instagram,B002887
Q002256,2024-11-21,Referral,B002907
Q002358,2024-11-21,Hotel Partner,B003040
Q002384,2024-11-21,Instagram,B003067
Q002388,2024-11-21,Walk-in,B003072
Q002496,2024-11-21,Walk-in,B003204
Q006673,2024-11-21,Hotel Partner,
Q006934,2024-11-21,Walk-in,
Q007007,2024-11-21,Hotel Partner,
Q007809,2024-11-21,Hotel Partner,
Q007935,2024-11-21,Walk-in,
Q008004,2024-11-21,Referral,
Q008015,2024-11-21,Walk-in,
Q002027,2024-11-22,Instagram,B002619
Q002150,2024-11-22,OTA,B002776
Q002196,2024-11-22,OTA,B002833
Q002252,2024-11-22,Website,B002902
Q002296,2024-11-22,Walk-in,B002957
Q002302,2024-11-22,Walk-in,B002966
Q002320,2024-11-22,Website,B002989
Q002322,2024-11-22,Referral,B002991
Q002325,2024-11-22,Website,B002994
Q002339,2024-11-22,Website,B003012
Q002429,2024-11-22,Website,B003121
Q002510,2024-11-22,OTA,B003220
Q006602,2024-11-22,Walk-in,
Q006885,2024-11-22,Walk-in,
Q007040,2024-11-22,OTA,
Q007180,2024-11-22,Hotel Partner,
Q007313,2024-11-22,OTA,
Q007678,2024-11-22,Walk-in,
Q007982,2024-11-22,Website,
Q008041,2024-11-22,Website,
Q008112,2024-11-22,OTA,
Q008177,2024-11-22,OTA,
Q008195,2024-11-22,Referral,
Q008302,2024-11-22,Walk-in,
Q008405,2024-11-22,OTA,
Q008431,2024-11-22,OTA,
Q001918,2024-11-23,OTA,B002480
Q002079,2024-11-23,Website,B002687
Q002263,2024-11-23,Hotel Partner,B002915
Q002418,2024-11-23,Walk-in,B003110
Q002488,2024-11-23,OTA,B003195
Q002546,2024-11-23,Walk-in,B003262
Q006502,2024-11-23,Hotel Partner,
Q006576,2024-11-23,Instagram,
Q006601,2024-11-23,Instagram,
Q007208,2024-11-23,Website,
Q007686,2024-11-23,Walk-in,
Q007782,2024-11-23,Walk-in,
Q007923,2024-11-23,Website,
Q007972,2024-11-23,OTA,
Q001944,2024-11-24,Instagram,B002510
Q002034,2024-11-24,Referral,B002629
Q002041,2024-11-24,OTA,B002642
Q002113,2024-11-24,Website,B002732
Q002128,2024-11-24,Website,B002750
Q002278,2024-11-24,Website,B002932
Q002327,2024-11-24,Hotel Partner,B002996
Q002399,2024-11-24,Website,B003087
Q002412,2024-11-24,Website,B003104
Q002428,2024-11-24,Website,B003120
Q002460,2024-11-24,Website,B003159
Q006599,2024-11-24,Referral,
Q006685,2024-11-24,OTA,
Q007132,2024-11-24,Website,
Q007204,2024-11-24,OTA,
Q007636,2024-11-24,Walk-in,
Q007835,2024-11-24,Walk-in,
Q007881,2024-11-24,OTA,
Q008308,2024-11-24,Website,
Q008433,2024-11-24,Referral,
Q001957,2024-11-25,Website,B002529
Q002005,2024-11-25,Website,B002586
Q002071,2024-11-25,Hotel Partner,B002676
Q002075,2024-11-25,Hotel Partner,B002681
Q002085,2024-11-25,Website,B002695
Q002112,2024-11-25,OTA,B002731
Q002204,2024-11-25,Website,B002842
Q002215,2024-11-25,OTA,B002853
Q002306,2024-11-25,OTA,B002971
Q002330,2024-11-25,OTA,B002999
Q002389,2024-11-25,Hotel Partner,B003074
Q002414,2024-11-25,Website,B003106
Q006719,2024-11-25,Walk-in,
Q006824,2024-11-25,Hotel Partner,
Q006927,2024-11-25,Instagram,
Q006957,2024-11-25,OTA,
Q007196,2024-11-25,Hotel Partner,
Q007319,2024-11-25,OTA,
Q007341,2024-11-25,Instagram,
Q007365,2024-11-25,Referral,
Q007861,2024-11-25,Walk-in,
Q007905,2024-11-25,Walk-in,
Q008337,2024-11-25,Referral,
Q001971,2024-11-26,Hotel Partner,B002544
Q002122,2024-11-26,Instagram,B002743
Q002148,2024-11-26,Walk-in,B002774
Q002183,2024-11-26,Website,B002815
Q002189,2024-11-26,Referral,B002822
Q002236,2024-11-26,Walk-in,B002880
Q002246,2024-11-26,Website,B002894
Q002248,2024-11-26,Walk-in,B002896
Q002309,2024-11-26,Referral,B002974
Q002341,2024-11-26,OTA,B003016
Q002344,2024-11-26,Website,B003020
Q002356,2024-11-26,Walk-in,B003038
Q007008,2024-11-26,OTA,
Q007126,2024-11-26,OTA,
Q007163,2024-11-26,Hotel Partner,
Q007263,2024-11-26,OTA,
Q007285,2024-11-26,Website,
Q007326,2024-11-26,Website,
Q007642,2024-11-26,Walk-in,
Q007733,2024-11-26,OTA,
Q007953,2024-11-26,OTA,
Q002050,2024-11-27,OTA,B002652
Q002146,2024-11-27,Walk-in,B002772
Q002201,2024-11-27,Referral,B002839
Q002270,2024-11-27,Referral,B002923
Q002334,2024-11-27,Walk-in,B003006
Q002347,2024-11-27,OTA,B003024
Q002353,2024-11-27,Referral,B003035
Q002365,2024-11-27,Walk-in,B003048
Q002369,2024-11-27,Walk-in,B003052
Q002480,2024-11-27,Walk-in,B003186
Q002511,2024-11-27,Website,B003222
Q007174,2024-11-27,Referral,
Q007453,2024-11-27,Walk-in,
Q007631,2024-11-27,OTA,
Q007976,2024-11-27,Walk-in,
Q008298,2024-11-27,OTA,
Q001996,2024-11-28,Referral,B002575
Q002062,2024-11-28,Instagram,B002666
Q002111,2024-11-28,OTA,B002730
Q002117,2024-11-28,Instagram,B002738
Q002124,2024-11-28,OTA,B002745
Q002144,2024-11-28,OTA,B002770
Q002153,2024-11-28,Instagram,B002780
Q002173,2024-11-28,Walk-in,B002801
Q002261,2024-11-28,Website,B002912
Q002310,2024-11-28,Website,B002976
Q002368,2024-11-28,Website,B003051
Q002381,2024-11-28,Website,B003064
Q002508,2024-11-28,Website,B003217
Q002630,2024-11-28,Walk-in,B003370
Q006567,2024-11-28,Hotel Partner,
Q006752,2024-11-28,Hotel Partner,
Q006843,2024-11-28,Instagram,
Q007133,2024-11-28,Walk-in,
Q007375,2024-11-28,OTA,
Q007548,2024-11-28,OTA,
Q007702,2024-11-28,Instagram,
Q008106,2024-11-28,Walk-in,
Q008184,2024-11-28,Instagram,
Q008452,2024-11-28,Instagram,
Q001999,2024-11-29,OTA,B002579
Q002037,2024-11-29,Instagram,B002638
Q002160,2024-11-29,OTA,B002786
Q002350,2024-11-29,Walk-in,B003031
Q002362,2024-11-29,OTA,B003045
Q002375,2024-11-29,Walk-in,B003058
Q002378,2024-11-29,Website,B003061
Q002396,2024-11-29,OTA,B003082
Q002411,2024-11-29,Hotel Partner,B003103
Q002419,2024-11-29,Walk-in,B003111
Q002446,2024-11-29,Walk-in,B003143
Q002453,2024-11-29,Website,B003152
Q002464,2024-11-29,Instagram,B003165
Q002592,2024-11-29,Walk-in,B003320
Q006521,2024-11-29,Walk-in,
Q007789,2024-11-29,Website,
Q007802,2024-11-29,Referral,
Q007909,2024-11-29,Website,
Q008257,2024-11-29,Website,
Q008487,2024-11-29,Walk-in,
Q002002,2024-11-30,Hotel Partner,B002583
Q002016,2024-11-30,Website,B002603
Q002055,2024-11-30,Walk-in,B002659
Q002106,2024-11-30,Referral,B002723
Q002149,2024-11-30,Website,B002775
Q002163,2024-11-30,Referral,B002790
Q002202,2024-11-30,Website,B002840
Q002241,2024-11-30,OTA,B002888
Q002244,2024-11-30,OTA,B002891
Q002262,2024-11-30,Walk-in,B002914
Q002299,2024-11-30,OTA,B002961
Q002383,2024-11-30,OTA,B003066
Q002424,2024-11-30,Referral,B003116
Q002565,2024-11-30,Instagram,B003284
Q002610,2024-11-30,Referral,B003344
Q002666,2024-11-30,Instagram,B003414
Q006543,2024-11-30,Walk-in,
Q006632,2024-11-30,Website,
Q006810,2024-11-30,Website,
Q006867,2024-11-30,OTA,
Q006946,2024-11-30,Walk-in,
Q007137,2024-11-30,Walk-in,
Q007822,2024-11-30,Referral,
Q007918,2024-11-30,Referral,
Q008410,2024-11-30,Walk-in,
Q008447,2024-11-30,Walk-in,
Q002116,2024-12-01,Instagram,B002737
Q002155,2024-12-01,Walk-in,B002782
Q002178,2024-12-01,Instagram,B002809
Q002199,2024-12-01,Website,B002836
Q002209,2024-12-01,Instagram,B002847
Q002214,2024-12-01,OTA,B002852
Q002230,2024-12-01,OTA,B002872
Q002281,2024-12-01,Website,B002937
Q002293,2024-12-01,Website,B002954
Q002338,2024-12-01,OTA,B003011
Q002372,2024-12-01,Hotel Partner,B003055
Q002416,2024-12-01,Hotel Partner,B003108
Q002479,2024-12-01,Walk-in,B003185
Q002487,2024-12-01,Website,B003193
Q002558,2024-12-01,Instagram,B003277
Q006659,2024-12-01,Walk-in,
Q006895,2024-12-01,Walk-in,
Q007449,2024-12-01,Walk-in,
Q007725,2024-12-01,OTA,
Q002169,2024-12-02,Instagram,B002796
Q002192,2024-12-02,Walk-in,B002826
Q002207,2024-12-02,Website,B002845
Q002250,2024-12-02,OTA,B002899
Q002335,2024-12-02,OTA,B003008
Q002340,2024-12-02,Referral,B003015
Q002345,2024-12-02,Hotel Partner,B003021
Q002349,2024-12-02,Instagram,B003028
Q002374,2024-12-02,Website,B003057
Q002379,2024-12-02,Walk-in,B003062
Q002409,2024-12-02,Referral,B003100
Q002438,2024-12-02,Hotel Partner,B003133
Q002551,2024-12-02,Referral,B003267
Q002605,2024-12-02,Website,B003335
Q002637,2024-12-02,Hotel Partner,B003378
Q002641,2024-12-02,Referral,B003383
Q002656,2024-12-02,Hotel Partner,B003402
Q006855,2024-12-02,Website,
Q007779,2024-12-02,OTA,
Q008379,2024-12-02,OTA,
Q008453,2024-12-02,Walk-in,
Q002088,2024-12-03,Walk-in,B002698
Q002126,2024-12-03,Referral,B002747
Q002272,2024-12-03,OTA,B002926
Q002280,2024-12-03,OTA,B002936
Q002321,2024-12-03,Website,B002990
Q002328,2024-12-03,Walk-in,B002997
Q002361,2024-12-03,Instagram,B003044
Q002439,2024-12-03,Website,B003134
Q002452,2024-12-03,Website,B003151
Q002490,2024-12-03,OTA,B003197
Q002491,2024-12-03,Referral,B003198
Q002555,2024-12-03,Referral,B003274
Q002682,2024-12-03,Instagram,B003433
Q006801,2024-12-03,OTA,
Q007249,2024-12-03,Instagram,
Q007850,2024-12-03,OTA,
Q008247,2024-12-03,Walk-in,
Q002061,2024-12-04,Website,B002665
Q002157,2024-12-04,Website,B002783
Q002171,2024-12-04,Walk-in,B002798
Q002203,2024-12-04,Website,B002841
Q002233,2024-12-04,Instagram,B002877
Q002405,2024-12-04,OTA,B003095
Q002485,2024-12-04,OTA,B003191
Q002502,2024-12-04,Referral,B003210
Q002515,2024-12-04,Website,B003226
Q002553,2024-12-04,Hotel Partner,B003271
Q002579,2024-12-04,OTA,B003303
Q006589,2024-12-04,Walk-in,
Q007079,2024-12-04,Website,
Q007459,2024-12-04,Website,
Q008159,2024-12-04,OTA,
Q008203,2024-12-04,Walk-in,
Q002100,2024-12-05,Walk-in,B002716
Q002130,2024-12-05,OTA,B002752
Q002188,2024-12-05,Website,B002821
Q002271,2024-12-05,Instagram,B002924
Q002363,2024-12-05,Instagram,B003046
Q002440,2024-12-05,OTA,B003135
Q002567,2024-12-05,Walk-in,B003286
Q006541,2024-12-05,Website,
Q006930,2024-12-05,Website,
Q007177,2024-12-05,Website,
Q007837,2024-12-05,Website,
Q008001,2024-12-05,Walk-in,
Q008456,2024-12-05,Walk-in,
Q002064,2024-12-06,OTA,B002668
Q002235,2024-12-06,Walk-in,B002879
Q002238,2024-12-06,Referral,B002882
Q002275,2024-12-06,OTA,B002929
Q002305,2024-12-06,Referral,B002970
Q002336,2024-12-06,Walk-in,B003009
Q002386,2024-12-06,OTA,B003070
Q002417,2024-12-06,Walk-in,B003109
Q002422,2024-12-06,Walk-in,B003114
Q002431,2024-12-06,OTA,B003123
Q002442,2024-12-06,Walk-in,B003139
Q002444,2024-12-06,Referral,B003141
Q002459,2024-12-06,Instagram,B003158
Q002513,2024-12-06,OTA,B003224
Q002514,2024-12-06,Instagram,B003225
Q002523,2024-12-06,Website,B003234
Q002533,2024-12-06,Referral,B003246
Q002620,2024-12-06,Website,B003358
Q002674,2024-12-06,Instagram,B003425
Q006549,2024-12-06,Instagram,
Q006657,2024-12-06,Website,
Q006937,2024-12-06,OTA,
Q007503,2024-12-06,Walk-in,
Q008084,2024-12-06,OTA,
Q008130,2024-12-06,Website,
Q008208,2024-12-06,Walk-in,
Q008428,2024-12-06,Website,
Q002191,2024-12-07,OTA,B002825
Q002274,2024-12-07,Walk-in,B002928
Q002319,2024-12-07,Hotel Partner,B002988
Q002481,2024-12-07,Referral,B003187
Q002492,2024-12-07,Walk-in,B003199
Q002550,2024-12-07,OTA,B003266
Q002577,2024-12-07,Walk-in,B003299
Q002584,2024-12-07,OTA,B003308
Q002586,2024-12-07,Walk-in,B003310
Q002600,2024-12-07,Referral,B003329
Q002622,2024-12-07,Walk-in,B003360
Q002717,2024-12-07,Referral,B003479
Q002797,2024-12-07,Walk-in,B003579
Q006551,2024-12-07,Walk-in,
Q006615,2024-12-07,Walk-in,
Q006660,2024-12-07,Walk-in,
Q006825,2024-12-07,Instagram,
Q007101,2024-12-07,OTA,
Q007282,2024-12-07,Walk-in,
Q007455,2024-12-07,OTA,
Q007467,2024-12-07,Referral,
Q007561,2024-12-07,OTA,
Q007704,2024-12-07,Walk-in,
Q007788,2024-12-07,Referral,
Q008161,2024-12-07,Hotel Partner,
Q008395,2024-12-07,Referral,
Q002054,2024-12-08,Referral,B002658
Q002105,2024-12-08,Referral,B002721
Q002134,2024-12-08,Walk-in,B002757
Q002143,2024-12-08,Referral,B002769
Q002221,2024-12-08,Website,B002861
Q002331,2024-12-08,OTA,B003001
Q002337,2024-12-08,Instagram,B003010
Q002343,2024-12-08,Website,B003019
Q002354,2024-12-08,OTA,B003036
Q002367,2024-12-08,Hotel Partner,B003050
Q002376,2024-12-08,Instagram,B003059
Q002377,2024-12-08,OTA,B003060
Q002398,2024-12-08,Referral,B003086
Q002404,2024-12-08,OTA,B003094
Q002433,2024-12-08,Walk-in,B003126
Q002437,2024-12-08,OTA,B003132
Q006784,2024-12-08,Instagram,
Q007033,2024-12-08,Website,
Q007457,2024-12-08,Website,
Q007749,2024-12-08,OTA,
Q007883,2024-12-08,OTA,
Q007899,2024-12-08,Website,
Q008267,2024-12-08,Website,
Q002145,2024-12-09,OTA,B002771
Q002174,2024-12-09,Walk-in,B002802
Q002227,2024-12-09,Hotel Partner,B002869
Q002253,2024-12-09,Instagram,B002903
Q002257,2024-12-09,Instagram,B002908
Q002273,2024-12-09,Website,B002927
Q002323,2024-12-09,OTA,B002992
Q002326,2024-12-09,OTA,B002995
Q002370,2024-12-09,Hotel Partner,B003053
Q002478,2024-12-09,Website,B003184
Q002497,2024-12-09,Referral,B003205
Q002544,2024-12-09,OTA,B003259
Q002645,2024-12-09,OTA,B003388
Q002683,2024-12-09,OTA,B003434
Q006616,2024-12-09,Walk-in,
Q007017,2024-12-09,Walk-in,
Q007354,2024-12-09,Website,
Q007640,2024-12-09,OTA,
Q007689,2024-12-09,OTA,
Q008429,2024-12-09,Instagram,
Q002132,2024-12-10,Website,B002754
Q002133,2024-12-10,Walk-in,B002755
Q002234,2024-12-10,Website,B002878
Q002287,2024-12-10,Referral,B002946
Q002303,2024-12-10,Website,B002967
Q002380,2024-12-10,Walk-in,B003063
Q002436,2024-12-10,Referral,B003131
Q002489,2024-12-10,Walk-in,B003196
Q002507,2024-12-10,Walk-in,B003216
Q002536,2024-12-10,Instagram,B003251
Q002557,2024-12-10,Hotel Partner,B003276
Q002561,2024-12-10,Website,B003280
Q002576,2024-12-10,Referral,B003298
Q006612,2024-12-10,Walk-in,
Q007134,2024-12-10,Walk-in,
Q007342,2024-12-10,OTA,
Q008058,2024-12-10,OTA,
Q002102,2024-12-11,Hotel Partner,B002718
Q002228,2024-12-11,OTA,B002870
Q002300,2024-12-11,Referral,B002963
Q002364,2024-12-11,Walk-in,B003047
Q002387,2024-12-11,OTA,B003071
Q002466,2024-12-11,Hotel Partner,B003168
Q002477,2024-12-11,Referral,B003183
Q002494,2024-12-11,Website,B003201
Q002574,2024-12-11,Walk-in,B003295
Q006842,2024-12-11,Website,
Q006864,2024-12-11,Referral,
Q006970,2024-12-11,Referral,
Q007066,2024-12-11,Walk-in,
Q007192,2024-12-11,OTA,
Q007293,2024-12-11,OTA,
Q007767,2024-12-11,Walk-in,
Q007911,2024-12-11,OTA,
Q002243,2024-12-12,Website,B002890
Q002301,2024-12-12,OTA,B002964
Q002359,2024-12-12,Walk-in,B003041
Q002563,2024-12-12,Walk-in,B003282
Q002575,2024-12-12,Referral,B003296
Q002596,2024-12-12,Website,B003325
Q002617,2024-12-12,Walk-in,B003354
Q002619,2024-12-12,Website,B003357
Q002780,2024-12-12,Hotel Partner,B003554
Q007273,2024-12-12,OTA,
Q007289,2024-12-12,Instagram,
Q007331,2024-12-12,Walk-in,
Q007663,2024-12-12,Walk-in,
Q007668,2024-12-12,Referral,
Q007756,2024-12-12,OTA,
Q007997,2024-12-12,Walk-in,
Q008033,2024-12-12,Website,
Q008470,2024-12-12,Website,
Q002371,2024-12-13,Hotel Partner,B003054
Q002425,2024-12-13,Referral,B003117
Q002467,2024-12-13,Hotel Partner,B003170
Q002474,2024-12-13,OTA,B003177
Q002475,2024-12-13,Walk-in,B003178
Q002535,2024-12-13,Instagram,B003250
Q002587,2024-12-13,OTA,B003311
Q002631,2024-12-13,OTA,B003371
Q002653,2024-12-13,OTA,B003399
Q002805,2024-12-13,Hotel Partner,B003590
Q002838,2024-12-13,Walk-in,B003632
Q006671,2024-12-13,Website,
Q006706,2024-12-13,OTA,
Q006826,2024-12-13,Website,
Q007026,2024-12-13,Walk-in,
Q007253,2024-12-13,Walk-in,
Q007300,2024-12-13,Hotel Partner,
Q007454,2024-12-13,OTA,
Q007511,2024-12-13,OTA,
Q007616,2024-12-13,Website,
Q008232,2024-12-13,Walk-in,
Q008316,2024-12-13,OTA,
Q002162,2024-12-14,Website,B002789
Q002217,2024-12-14,Hotel Partner,B002856
Q002297,2024-12-14,Instagram,B002958
Q002415,2024-12-14,Hotel Partner,B003107
Q002441,2024-12-14,Website,B003136
Q002448,2024-12-14,Website,B003147
Q002456,2024-12-14,Website,B003155
Q002469,2024-12-14,Hotel Partner,B003172
Q002540,2024-12-14,OTA,B003255
Q002547,2024-12-14,Walk-in,B003263
Q002569,2024-12-14,Hotel Partner,B003289
Q002570,2024-12-14,Website,B003290
Q002635,2024-12-14,Referral,B003376
Q002696,2024-12-14,Hotel Partner,B003450
Q002777,2024-12-14,OTA,B003550
Q002886,2024-12-14,Walk-in,B003696
Q006625,2024-12-14,Instagram,
Q006806,2024-12-14,Walk-in,
Q006941,2024-12-14,Walk-in,
Q007212,2024-12-14,Website,
Q007973,2024-12-14,Walk-in,
Q008135,2024-12-14,Website,
Q002182,2024-12-15,Walk-in,B002814
Q002484,2024-12-15,Referral,B003190
Q002506,2024-12-15,Hotel Partner,B003215
Q002524,2024-12-15,Hotel Partner,B003235
Q002568,2024-12-15,Hotel Partner,B003287
Q002618,2024-12-15,Referral,B003356
Q002634,2024-12-15,Walk-in,B003374
Q002676,2024-12-15,Website,B003427
Q002685,2024-12-15,Website,B003437
Q002853,2024-12-15,Walk-in,B003653
Q006938,2024-12-15,Instagram,
Q007165,2024-12-15,Walk-in,
Q007395,2024-12-15,Instagram,
Q007878,2024-12-15,Referral,
Q008273,2024-12-15,Hotel Partner,
Q008438,2024-12-15,Instagram,
Q002285,2024-12-16,Walk-in,B002944
Q002314,2024-12-16,Walk-in,B002981
Q002382,2024-12-16,Referral,B003065
Q002385,2024-12-16,OTA,B003068
Q002423,2024-12-16,Referral,B003115
Q002454,2024-12-16,OTA,B003153
Q002493,2024-12-16,Walk-in,B003200
Q002607,2024-12-16,Hotel Partner,B003338
Q002639,2024-12-16,Instagram,B003381
Q002756,2024-12-16,Referral,B003525
Q002830,2024-12-16,Walk-in,B003620
Q006523,2024-12-16,Website,
Q006613,2024-12-16,Website,
Q007193,2024-12-16,Walk-in,
Q007314,2024-12-16,Instagram,
Q007560,2024-12-16,Walk-in,
Q007589,2024-12-16,Referral,
Q007687,2024-12-16,Walk-in,
Q007714,2024-12-16,Hotel Partner,
Q007748,2024-12-16,Hotel Partner,
Q008049,2024-12-16,Instagram,
Q002167,2024-12-17,Referral,B002794
Q002342,2024-12-17,Website,B003017
Q002406,2024-12-17,Instagram,B003096
Q002408,2024-12-17,Referral,B003099
Q002495,2024-12-17,Hotel Partner,B003203
Q002559,2024-12-17,OTA,B003278
Q002560,2024-12-17,Walk-in,B003279
Q002759,2024-12-17,Website,B003528
Q002784,2024-12-17,Website,B003558
Q002785,2024-12-17,Walk-in,B003559
Q002796,2024-12-17,OTA,B003577
Q002842,2024-12-17,Walk-in,B003637
Q007684,2024-12-17,Website,
Q007775,2024-12-17,Website,
Q008193,2024-12-17,Walk-in,
Q008423,2024-12-17,OTA,
Q002260,2024-12-18,Walk-in,B002911
Q002286,2024-12-18,Hotel Partner,B002945
Q002289,2024-12-18,Website,B002950
Q002393,2024-12-18,Walk-in,B003079
Q002427,2024-12-18,Walk-in,B003119
Q002548,2024-12-18,OTA,B003264
Q002601,2024-12-18,Website,B003330
Q002603,2024-12-18,Website,B003333
Q002609,2024-12-18,Walk-in,B003342
Q002661,2024-12-18,Website,B003409
Q002694,2024-12-18,Walk-in,B003447
Q002697,2024-12-18,Website,B003451
Q002729,2024-12-18,Walk-in,B003491
Q002739,2024-12-18,Walk-in,B003502
Q002824,2024-12-18,Referral,B003614
Q002825,2024-12-18,Walk-in,B003615
Q002882,2024-12-18,Instagram,B003691
Q006528,2024-12-18,Website,
Q006634,2024-12-18,Website,
Q006987,2024-12-18,OTA,
Q006989,2024-12-18,Hotel Partner,
Q007241,2024-12-18,Walk-in,
Q007732,2024-12-18,Walk-in,
Q008229,2024-12-18,Walk-in,
Q008299,2024-12-18,Referral,
Q002366,2024-12-19,Walk-in,B003049
Q002457,2024-12-19,Instagram,B003156
Q002501,2024-12-19,Walk-in,B003209
Q002518,2024-12-19,OTA,B003229
Q002721,2024-12-19,OTA,B003483
Q002726,2024-12-19,Walk-in,B003488
Q002765,2024-12-19,Website,B003538
Q002808,2024-12-19,OTA,B003594
Q002810,2024-12-19,Website,B003596
Q002822,2024-12-19,Website,B003610
Q002833,2024-12-19,Hotel Partner,B003624
Q002856,2024-12-19,Hotel Partner,B003657
Q002911,2024-12-19,Walk-in,B003733
Q006533,2024-12-19,Website,
Q007178,2024-12-19,Referral,
Q007236,2024-12-19,OTA,
Q007237,2024-12-19,Website,
Q007462,2024-12-19,Instagram,
Q007473,2024-12-19,Website,
Q007540,2024-12-19,Instagram,
Q007688,2024-12-19,Walk-in,
Q007751,2024-12-19,Website,
Q008171,2024-12-19,Website,
Q008200,2024-12-19,Hotel Partner,
Q002219,2024-12-20,OTA,B002858
Q002298,2024-12-20,Website,B002960
Q002400,2024-12-20,Walk-in,B003088
Q002413,2024-12-20,Hotel Partner,B003105
Q002604,2024-12-20,OTA,B003334
Q002629,2024-12-20,Walk-in,B003368
Q002662,2024-12-20,Instagram,B003410
Q002727,2024-12-20,Referral,B003489
Q002753,2024-12-20,Referral,B003519
Q002844,2024-12-20,Website,B003640
Q006560,2024-12-20,Walk-in,
Q006609,2024-12-20,Walk-in,
Q007474,2024-12-20,OTA,
Q007638,2024-12-20,Walk-in,
Q008164,2024-12-20,Walk-in,
Q008182,2024-12-20,Walk-in,
Q008482,2024-12-20,Website,
Q002216,2024-12-21,OTA,B002855
Q002239,2024-12-21,OTA,B002885
Q002247,2024-12-21,OTA,B002895
Q002277,2024-12-21,Website,B002931
Q002355,2024-12-21,Website,B003037
Q002451,2024-12-21,Instagram,B003150
Q002516,2024-12-21,Hotel Partner,B003227
Q002543,2024-12-21,Referral,B003258
Q002606,2024-12-21,Walk-in,B003337
Q002640,2024-12-21,Instagram,B003382
Q002701,2024-12-21,Website,B003458
Q006522,2024-12-21,Walk-in,
Q006749,2024-12-21,Walk-in,
Q006776,2024-12-21,Referral,
Q006866,2024-12-21,Referral,
Q007350,2024-12-21,Walk-in,
Q007579,2024-12-21,OTA,
Q007583,2024-12-21,Referral,
Q007693,2024-12-21,Website,
Q007694,2024-12-21,Instagram,
Q008240,2024-12-21,Referral,
Q008303,2024-12-21,Walk-in,
Q008496,2024-12-21,Hotel Partner,
Q002447,2024-12-22,Instagram,B003145
Q002500,2024-12-22,Instagram,B003208
Q002526,2024-12-22,Walk-in,B003237
Q002530,2024-12-22,Instagram,B003242
Q002539,2024-12-22,Referral,B003254
Q002597,2024-12-22,Instagram,B003326
Q002614,2024-12-22,Walk-in,B003348
Q002670,2024-12-22,Walk-in,B003419
Q002735,2024-12-22,Instagram,B003498
Q002741,2024-12-22,OTA,B003504
Q006557,2024-12-22,OTA,
Q006697,2024-12-22,Instagram,
Q007481,2024-12-22,Hotel Partner,
Q002333,2024-12-23,OTA,B003005
Q002434,2024-12-23,Walk-in,B003128
Q002445,2024-12-23,Hotel Partner,B003142
Q002498,2024-12-23,Website,B003206
Q002527,2024-12-23,OTA,B003239
Q002532,2024-12-23,Website,B003244
Q002671,2024-12-23,Walk-in,B003420
Q002691,2024-12-23,Website,B003444
Q002730,2024-12-23,Walk-in,B003493
Q002762,2024-12-23,Walk-in,B003532
Q002776,2024-12-23,Instagram,B003549
Q007143,2024-12-23,Website,
Q007221,2024-12-23,Hotel Partner,
Q007223,2024-12-23,Website,
Q007372,2024-12-23,Website,
Q007576,2024-12-23,Walk-in,
Q007635,2024-12-23,Instagram,
Q008173,2024-12-23,Website,
Q008390,2024-12-23,Walk-in,
Q002435,2024-12-24,Website,B003130
Q002504,2024-12-24,Instagram,B003213
Q002517,2024-12-24,Hotel Partner,B003228
Q002590,2024-12-24,Walk-in,B003316
Q002594,2024-12-24,OTA,B003322
Q002636,2024-12-24,Walk-in,B003377
Q002650,2024-12-24,Referral,B003395
Q002655,2024-12-24,Instagram,B003401
Q002690,2024-12-24,Walk-in,B003442
Q002723,2024-12-24,Instagram,B003485
Q002770,2024-12-24,Instagram,B003543
Q002826,2024-12-24,Referral,B003616
Q007086,2024-12-24,OTA,
Q007407,2024-12-24,Website,
Q008153,2024-12-24,OTA,
Q008417,2024-12-24,Hotel Partner,
Q008419,2024-12-24,Walk-in,
Q008450,2024-12-24,Walk-in,
Q008468,2024-12-24,OTA,
Q002316,2024-12-25,OTA,B002985
Q002351,2024-12-25,OTA,B003032
Q002463,2024-12-25,Walk-in,B003164
Q002465,2024-12-25,Website,B003166
Q002525,2024-12-25,OTA,B003236
Q002580,2024-12-25,Website,B003304
Q002595,2024-12-25,OTA,B003324
Q002613,2024-12-25,Instagram,B003347
Q002658,2024-12-25,Walk-in,B003404
Q002716,2024-12-25,OTA,B003478
Q002783,2024-12-25,Instagram,B003557
Q002787,2024-12-25,Hotel Partner,B003563
Q002791,2024-12-25,OTA,B003570
Q002795,2024-12-25,Referral,B003575
Q002860,2024-12-25,Website,B003662
Q006529,2024-12-25,Hotel Partner,
Q006734,2024-12-25,OTA,
Q007023,2024-12-25,Website,
Q007411,2024-12-25,Website,
Q007490,2024-12-25,Referral,
Q007639,2024-12-25,Walk-in,
Q007792,2024-12-25,Referral,
Q007897,2024-12-25,OTA,
Q007936,2024-12-25,Website,
Q008094,2024-12-25,Website,
Q008238,2024-12-25,Referral,
Q002401,2024-12-26,Instagram,B003089
Q002430,2024-12-26,Walk-in,B003122
Q002432,2024-12-26,Walk-in,B003124
Q002455,2024-12-26,Instagram,B003154
Q002482,2024-12-26,Walk-in,B003188
Q002554,2024-12-26,Walk-in,B003272
Q002703,2024-12-26,Referral,B003460
Q002906,2024-12-26,Hotel Partner,B003726
Q006513,2024-12-26,Website,
Q007297,2024-12-26,Referral,
Q007376,2024-12-26,Website,
Q007759,2024-12-26,Referral,
Q008293,2024-12-26,Referral,
Q002410,2024-12-27,OTA,B003101
Q002538,2024-12-27,Instagram,B003253
Q002632,2024-12-27,Walk-in,B003372
Q002667,2024-12-27,Walk-in,B003415
Q002746,2024-12-27,Instagram,B003509
Q002766,2024-12-27,OTA,B003539
Q002768,2024-12-27,OTA,B003541
Q002794,2024-12-27,Walk-in,B003574
Q002832,2024-12-27,Walk-in,B003623
Q006667,2024-12-27,Website,
Q006698,2024-12-27,Website,
Q006797,2024-12-27,Website,
Q007310,2024-12-27,Referral,
Q007410,2024-12-27,Walk-in,
Q007513,2024-12-27,Walk-in,
Q007558,2024-12-27,Referral,
Q007645,2024-12-27,Referral,
Q008397,2024-12-27,Walk-in,
Q002357,2024-12-28,Walk-in,B003039
Q002360,2024-12-28,Walk-in,B003043
Q002394,2024-12-28,OTA,B003080
Q002420,2024-12-28,Referral,B003112
Q002541,2024-12-28,Website,B003256
Q002627,2024-12-28,Walk-in,B003366
Q002652,2024-12-28,Hotel Partner,B003398
Q002675,2024-12-28,OTA,B003426
Q002715,2024-12-28,Walk-in,B003477
Q002719,2024-12-28,Instagram,B003481
Q002792,2024-12-28,OTA,B003571
Q002802,2024-12-28,OTA,B003585
Q002892,2024-12-28,Walk-in,B003706
Q006507,2024-12-28,Hotel Partner,
Q006688,2024-12-28,OTA,
Q007298,2024-12-28,Website,
Q007948,2024-12-28,Hotel Partner,
Q008008,2024-12-28,Referral,
Q008074,2024-12-28,Instagram,
Q008370,2024-12-28,Website,
Q002390,2024-12-29,Website,B003075
Q002450,2024-12-29,Walk-in,B003149
Q002537,2024-12-29,Walk-in,B003252
Q002588,2024-12-29,Referral,B003313
Q002589,2024-12-29,Website,B003314
Q002591,2024-12-29,Referral,B003318
Q002648,2024-12-29,Referral,B003392
Q002651,2024-12-29,Website,B003396
Q002654,2024-12-29,Walk-in,B003400
Q002732,2024-12-29,Walk-in,B003495
Q002834,2024-12-29,Walk-in,B003625
Q002837,2024-12-29,Website,B003631
Q002887,2024-12-29,OTA,B003698
Q002986,2024-12-29,Website,B003839
Q007032,2024-12-29,Instagram,
Q007156,2024-12-29,Walk-in,
Q007591,2024-12-29,Website,
Q007681,2024-12-29,OTA,
Q002407,2024-12-30,Instagram,B003097
Q002521,2024-12-30,OTA,B003232
Q002529,2024-12-30,Referral,B003241
Q002542,2024-12-30,Website,B003257
Q002545,2024-12-30,Walk-in,B003261
Q002602,2024-12-30,OTA,B003331
Q002672,2024-12-30,Referral,B003421
Q002686,2024-12-30,OTA,B003438
Q002710,2024-12-30,Hotel Partner,B003470
Q002908,2024-12-30,Walk-in,B003729
Q002934,2024-12-30,Website,B003767
Q006905,2024-12-30,Instagram,
Q007586,2024-12-30,Instagram,
Q007864,2024-12-30,Instagram,
Q007939,2024-12-30,Hotel Partner,
Q008145,2024-12-30,Referral,
Q008366,2024-12-30,Hotel Partner,
Q008401,2024-12-30,OTA,
Q002573,2024-12-31,Walk-in,B003294
Q002598,2024-12-31,OTA,B003327
Q002660,2024-12-31,OTA,B003408
Q002752,2024-12-31,Walk-in,B003518
Q002782,2024-12-31,Walk-in,B003556
Q002876,2024-12-31,OTA,B003681
Q006857,2024-12-31,OTA,
Q006912,2024-12-31,Referral,
Q007010,2024-12-31,Website,
Q007339,2024-12-31,Hotel Partner,
Q008078,2024-12-31,Walk-in,
Q002462,2025-01-01,Hotel Partner,B003163
Q002483,2025-01-01,Referral,B003189
Q002531,2025-01-01,Walk-in,B003243
Q002552,2025-01-01,Referral,B003269
Q002673,2025-01-01,Walk-in,B003424
Q002705,2025-01-01,Walk-in,B003463
Q002707,2025-01-01,Walk-in,B003466
Q002742,2025-01-01,Hotel Partner,B003505
Q002747,2025-01-01,Instagram,B003510
Q002821,2025-01-01,Referral,B003609
Q002907,2025-01-01,Website,B003727
Q006775,2025-01-01,OTA,
Q007030,2025-01-01,Hotel Partner,
Q007355,2025-01-01,Walk-in,
Q007662,2025-01-01,OTA,
Q007722,2025-01-01,OTA,
Q008019,2025-01-01,Instagram,
Q008129,2025-01-01,Referral,
Q008312,2025-01-01,Referral,
Q002458,2025-01-02,Website,B003157
Q002473,2025-01-02,OTA,B003176
Q002520,2025-01-02,Walk-in,B003231
Q002583,2025-01-02,Hotel Partner,B003307
Q002633,2025-01-02,OTA,B003373
Q002647,2025-01-02,Referral,B003391
Q002775,2025-01-02,Walk-in,B003548
Q002800,2025-01-02,Walk-in,B003583
Q002817,2025-01-02,Walk-in,B003604
Q006588,2025-01-02,Walk-in,
Q006686,2025-01-02,Referral,
Q006915,2025-01-02,Website,
Q007255,2025-01-02,Hotel Partner,
Q007719,2025-01-02,Instagram,
Q007761,2025-01-02,Website,
Q007886,2025-01-02,Walk-in,
Q008043,2025-01-02,Walk-in,
Q002468,2025-01-03,Instagram,B003171
Q002522,2025-01-03,Instagram,B003233
Q002566,2025-01-03,Hotel Partner,B003285
Q002625,2025-01-03,Walk-in,B003364
Q002734,2025-01-03,Referral,B003497
Q002767,2025-01-03,Instagram,B003540
Q002774,2025-01-03,Referral,B003547
Q002828,2025-01-03,Instagram,B003618
Q002839,2025-01-03,Instagram,B003633
Q002918,2025-01-03,Instagram,B003742
Q003001,2025-01-03,Walk-in,B003857
Q006679,2025-01-03,Referral,
Q006812,2025-01-03,Referral,
Q006986,2025-01-03,Walk-in,
Q007807,2025-01-03,OTA,
Q008051,2025-01-03,Referral,
Q008460,2025-01-03,OTA,
Q002642,2025-01-04,Hotel Partner,B003384
Q002643,2025-01-04,OTA,B003385
Q002688,2025-01-04,Hotel Partner,B003440
Q002790,2025-01-04,OTA,B003567
Q002904,2025-01-04,Website,B003724
Q002914,2025-01-04,Website,B003737
Q002967,2025-01-04,Instagram,B003810
Q003020,2025-01-04,Hotel Partner,B003882
Q006692,2025-01-04,Website,
Q006836,2025-01-04,Website,
Q007683,2025-01-04,Website,
Q007887,2025-01-04,Website,
Q008040,2025-01-04,OTA,
Q008056,2025-01-04,Hotel Partner,
Q008322,2025-01-04,Walk-in,
Q008492,2025-01-04,Walk-in,
Q002528,2025-01-05,Instagram,B003240
Q002556,2025-01-05,Referral,B003275
Q002669,2025-01-05,Walk-in,B003418
Q002677,2025-01-05,Hotel Partner,B003428
Q002700,2025-01-05,Website,B003457
Q002702,2025-01-05,OTA,B003459
Q002840,2025-01-05,Instagram,B003634
Q002850,2025-01-05,Walk-in,B003649
Q002873,2025-01-05,Instagram,B003678
Q002888,2025-01-05,Website,B003699
Q006674,2025-01-05,Instagram,
Q007067,2025-01-05,Referral,
Q007100,2025-01-05,Website,
Q007389,2025-01-05,OTA,
Q007499,2025-01-05,Walk-in,
Q007550,2025-01-05,Walk-in,
Q007599,2025-01-05,OTA,
Q007622,2025-01-05,Instagram,
Q007787,2025-01-05,OTA,
Q007943,2025-01-05,Walk-in,
Q002397,2025-01-06,Walk-in,B003085
Q002505,2025-01-06,Walk-in,B003214
Q002564,2025-01-06,Referral,B003283
Q002626,2025-01-06,Walk-in,B003365
Q002711,2025-01-06,OTA,B003471
Q002720,2025-01-06,Website,B003482
Q002798,2025-01-06,Referral,B003580
Q002801,2025-01-06,Walk-in,B003584
Q002890,2025-01-06,Instagram,B003702
Q002968,2025-01-06,Hotel Partner,B003812
Q006559,2025-01-06,Instagram,
Q006622,2025-01-06,Referral,
Q006859,2025-01-06,Website,
Q007087,2025-01-06,Referral,
Q007176,2025-01-06,Referral,
Q007428,2025-01-06,Referral,
Q007670,2025-01-06,Walk-in,
Q007703,2025-01-06,Walk-in,
Q007738,2025-01-06,Walk-in,
Q008072,2025-01-06,Instagram,
Q008393,2025-01-06,Website,
Q008424,2025-01-06,Instagram,
Q002470,2025-01-07,Website,B003173
Q002499,2025-01-07,Website,B003207
Q002519,2025-01-07,Walk-in,B003230
Q002549,2025-01-07,Walk-in,B003265
Q002593,2025-01-07,OTA,B003321
Q002608,2025-01-07,Website,B003341
Q002851,2025-01-07,Walk-in,B003651
Q002927,2025-01-07,Walk-in,B003755
Q006552,2025-01-07,Hotel Partner,
Q007037,2025-01-07,Website,
Q007247,2025-01-07,Instagram,
Q007311,2025-01-07,OTA,
Q007970,2025-01-07,Website,
Q008127,2025-01-07,Website,
Q002646,2025-01-08,Walk-in,B003389
Q002781,2025-01-08,Walk-in,B003555
Q002815,2025-01-08,OTA,B003602
Q002848,2025-01-08,Website,B003647
Q002857,2025-01-08,Website,B003658
Q002866,2025-01-08,Walk-in,B003670
Q002885,2025-01-08,Hotel Partner,B003695
Q002963,2025-01-08,Walk-in,B003804
Q002993,2025-01-08,Walk-in,B003847
Q006511,2025-01-08,Instagram,
Q006911,2025-01-08,OTA,
Q006965,2025-01-08,OTA,
Q007093,2025-01-08,Instagram,
Q007094,2025-01-08,Hotel Partner,
Q007279,2025-01-08,Website,
Q002562,2025-01-09,Instagram,B003281
Q002571,2025-01-09,Website,B003291
Q002585,2025-01-09,Referral,B003309
Q002599,2025-01-09,Website,B003328
Q002624,2025-01-09,OTA,B003363
Q002649,2025-01-09,Hotel Partner,B003394
Q002689,2025-01-09,Referral,B003441
Q002750,2025-01-09,Walk-in,B003516
Q002754,2025-01-09,Referral,B003522
Q002788,2025-01-09,Hotel Partner,B003564
Q002988,2025-01-09,Walk-in,B003841
Q006765,2025-01-09,Hotel Partner,
Q006805,2025-01-09,Website,
Q007036,2025-01-09,OTA,
Q007447,2025-01-09,Hotel Partner,
Q007539,2025-01-09,Instagram,
Q007755,2025-01-09,Website,
Q008101,2025-01-09,Website,
Q008478,2025-01-09,Walk-in,
Q002509,2025-01-10,Walk-in,B003218
Q002534,2025-01-10,Website,B003249
Q002615,2025-01-10,Instagram,B003352
Q002644,2025-01-10,Website,B003387
Q002724,2025-01-10,Referral,B003486
Q002738,2025-01-10,Instagram,B003501
Q002816,2025-01-10,Website,B003603
Q002917,2025-01-10,Walk-in,B003740
Q002921,2025-01-10,Instagram,B003747
Q002928,2025-01-10,OTA,B003756
Q006696,2025-01-10,OTA,
Q006781,2025-01-10,Walk-in,
Q006852,2025-01-10,OTA,
Q007290,2025-01-10,Instagram,
Q007352,2025-01-10,Website,
Q007406,2025-01-10,Walk-in,
Q007594,2025-01-10,Walk-in,
Q007627,2025-01-10,Walk-in,
Q007844,2025-01-10,Website,
Q007863,2025-01-10,Walk-in,
Q008409,2025-01-10,Hotel Partner,
Q002471,2025-01-11,Website,B003174
Q002572,2025-01-11,Referral,B003293
Q002612,2025-01-11,OTA,B003346
Q002616,2025-01-11,OTA,B003353
Q002679,2025-01-11,Walk-in,B003430
Q002708,2025-01-11,OTA,B003467
Q002731,2025-01-11,Instagram,B003494
Q002736,2025-01-11,OTA,B003499
Q002737,2025-01-11,Website,B003500
Q002740,2025-01-11,Website,B003503
Q002745,2025-01-11,Instagram,B003508
Q002804,2025-01-11,OTA,B003589
Q002809,2025-01-11,OTA,B003595
Q002849,2025-01-11,OTA,B003648
Q002972,2025-01-11,Website,B003820
Q002974,2025-01-11,Walk-in,B003822
Q006571,2025-01-11,OTA,
Q006955,2025-01-11,Website,
Q007046,2025-01-11,OTA,
Q007152,2025-01-11,Instagram,
Q007723,2025-01-11,Hotel Partner,
Q008219,2025-01-11,Referral,
Q008255,2025-01-11,Hotel Partner,
Q008382,2025-01-11,Walk-in,
Q008497,2025-01-11,Referral,
Q002461,2025-01-12,Walk-in,B003162
Q002681,2025-01-12,Walk-in,B003432
Q002693,2025-01-12,OTA,B003446
Q002714,2025-01-12,Website,B003476
Q002831,2025-01-12,Instagram,B003622
Q002879,2025-01-12,Instagram,B003687
Q002895,2025-01-12,Referral,B003710
Q002896,2025-01-12,Referral,B003712
Q002898,2025-01-12,Instagram,B003714
Q002910,2025-01-12,Website,B003731
Q002950,2025-01-12,Walk-in,B003786
Q003018,2025-01-12,Referral,B003880
Q003024,2025-01-12,OTA,B003888
Q003029,2025-01-12,Walk-in,B003896
Q006629,2025-01-12,Referral,
Q006669,2025-01-12,Website,
Q006783,2025-01-12,OTA,
Q006834,2025-01-12,Website,
Q006860,2025-01-12,OTA,
Q006884,2025-01-12,Referral,
Q007000,2025-01-12,Walk-in,
Q007251,2025-01-12,OTA,
Q007466,2025-01-12,OTA,
Q007484,2025-01-12,Referral,
Q007781,2025-01-12,Referral,
Q007974,2025-01-12,Referral,
Q008035,2025-01-12,OTA,
Q008060,2025-01-12,Instagram,
Q008217,2025-01-12,Hotel Partner,
Q008306,2025-01-12,Instagram,
Q002512,2025-01-13,Walk-in,B003223
Q002621,2025-01-13,Website,B003359
Q002659,2025-01-13,OTA,B003407
Q002698,2025-01-13,OTA,B003452
Q002748,2025-01-13,Referral,B003511
Q002793,2025-01-13,Walk-in,B003573
Q002818,2025-01-13,OTA,B003606
Q002889,2025-01-13,Hotel Partner,B003701
Q002909,2025-01-13,Website,B003730
Q002929,2025-01-13,OTA,B003758
Q002956,2025-01-13,Referral,B003795
Q002962,2025-01-13,Walk-in,B003802
Q002994,2025-01-13,Hotel Partner,B003848
Q003015,2025-01-13,Walk-in,B003876
Q003023,2025-01-13,OTA,B003887
Q003060,2025-01-13,Website,B003937
Q003087,2025-01-13,Instagram,B003973
Q003093,2025-01-13,Walk-in,B003981
Q006578,2025-01-13,Referral,
Q006682,2025-01-13,OTA,
Q006872,2025-01-13,OTA,
Q007226,2025-01-13,Instagram,
Q007940,2025-01-13,Instagram,
Q002578,2025-01-14,Referral,B003301
Q002581,2025-01-14,Website,B003305
Q002582,2025-01-14,Website,B003306
Q002699,2025-01-14,Hotel Partner,B003455
Q002757,2025-01-14,Instagram,B003526
Q002811,2025-01-14,Walk-in,B003597
Q002841,2025-01-14,Walk-in,B003635
Q002899,2025-01-14,Referral,B003718
Q002905,2025-01-14,OTA,B003725
Q002938,2025-01-14,Walk-in,B003770
Q002948,2025-01-14,Referral,B003784
Q002957,2025-01-14,Hotel Partner,B003796
Q002965,2025-01-14,OTA,B003807
Q002979,2025-01-14,Website,B003830
Q002987,2025-01-14,Hotel Partner,B003840
Q003002,2025-01-14,OTA,B003858
Q003052,2025-01-14,Website,B003926
Q007092,2025-01-14,Walk-in,
Q007170,2025-01-14,Referral,
Q007660,2025-01-14,Website,
Q007776,2025-01-14,Instagram,
Q007801,2025-01-14,Referral,
Q007932,2025-01-14,Walk-in,
Q008085,2025-01-14,Walk-in,
Q002628,2025-01-15,Walk-in,B003367
Q002687,2025-01-15,Walk-in,B003439
Q002725,2025-01-15,Walk-in,B003487
Q002806,2025-01-15,Instagram,B003591
Q002861,2025-01-15,Website,B003664
Q002865,2025-01-15,Walk-in,B003669
Q002870,2025-01-15,Instagram,B003675
Q002959,2025-01-15,Instagram,B003798
Q003117,2025-01-15,Referral,B004011
Q006643,2025-01-15,OTA,
Q006828,2025-01-15,Referral,
Q007062,2025-01-15,Instagram,
Q007151,2025-01-15,Walk-in,
Q007181,2025-01-15,Instagram,
Q007434,2025-01-15,Hotel Partner,
Q007464,2025-01-15,OTA,
Q007667,2025-01-15,Instagram,
Q007803,2025-01-15,Instagram,
Q007831,2025-01-15,Instagram,
Q008253,2025-01-15,Instagram,
Q008265,2025-01-15,Referral,
Q008317,2025-01-15,Walk-in,
Q008325,2025-01-15,Walk-in,
Q002684,2025-01-16,Website,B003436
Q002704,2025-01-16,Instagram,B003462
Q002751,2025-01-16,Website,B003517
Q002771,2025-01-16,Website,B003544
Q002916,2025-01-16,Website,B003739
Q002926,2025-01-16,Hotel Partner,B003754
Q002966,2025-01-16,Walk-in,B003808
Q002984,2025-01-16,Walk-in,B003837
Q003000,2025-01-16,Walk-in,B003856
Q003021,2025-01-16,OTA,B003883
Q003036,2025-01-16,Instagram,B003904
Q003057,2025-01-16,Instagram,B003933
Q003169,2025-01-16,Walk-in,B004077
Q006508,2025-01-16,Walk-in,
Q006553,2025-01-16,Website,
Q006633,2025-01-16,Website,
Q008007,2025-01-16,Referral,
Q008414,2025-01-16,OTA,
Q002611,2025-01-17,Walk-in,B003345
Q002665,2025-01-17,Instagram,B003413
Q002854,2025-01-17,Referral,B003654
Q002858,2025-01-17,OTA,B003660
Q002923,2025-01-17,Referral,B003751
Q002925,2025-01-17,Instagram,B003753
Q002958,2025-01-17,OTA,B003797
Q003068,2025-01-17,Website,B003946
Q003079,2025-01-17,Website,B003963
Q003136,2025-01-17,Referral,B004036
Q003167,2025-01-17,Walk-in,B004075
Q003200,2025-01-17,Referral,B004114
Q006853,2025-01-17,Instagram,
Q006950,2025-01-17,Hotel Partner,
Q007059,2025-01-17,OTA,
Q007452,2025-01-17,Referral,
Q007597,2025-01-17,Walk-in,
Q002680,2025-01-18,OTA,B003431
Q002778,2025-01-18,OTA,B003551
Q002819,2025-01-18,Website,B003607
Q002852,2025-01-18,Walk-in,B003652
Q002880,2025-01-18,Hotel Partner,B003688
Q002953,2025-01-18,Website,B003790
Q003059,2025-01-18,Referral,B003935
Q003078,2025-01-18,Walk-in,B003962
Q006504,2025-01-18,Instagram,
Q006636,2025-01-18,Hotel Partner,
Q006753,2025-01-18,OTA,
Q006893,2025-01-18,Walk-in,
Q006976,2025-01-18,Instagram,
Q007485,2025-01-18,Instagram,
Q007542,2025-01-18,OTA,
Q007596,2025-01-18,OTA,
Q007604,2025-01-18,Instagram,
Q007812,2025-01-18,Website,
Q007915,2025-01-18,Referral,
Q007927,2025-01-18,Walk-in,
Q008042,2025-01-18,Hotel Partner,
Q008295,2025-01-18,OTA,
Q008408,2025-01-18,Walk-in,
Q002663,2025-01-19,Instagram,B003411
Q002709,2025-01-19,Walk-in,B003469
Q002728,2025-01-19,Instagram,B003490
Q002760,2025-01-19,Hotel Partner,B003529
Q002764,2025-01-19,Walk-in,B003537
Q002829,2025-01-19,Website,B003619
Q002941,2025-01-19,Walk-in,B003775
Q002944,2025-01-19,OTA,B003779
Q003006,2025-01-19,Walk-in,B003862
Q003094,2025-01-19,Instagram,B003982
Q003192,2025-01-19,Walk-in,B004106
Q003203,2025-01-19,Instagram,B004118
Q006935,2025-01-19,Website,
Q007098,2025-01-19,Walk-in,
Q007534,2025-01-19,OTA,
Q007601,2025-01-19,OTA,
Q007798,2025-01-19,Referral,
Q007811,2025-01-19,OTA,
Q008066,2025-01-19,OTA,
Q002718,2025-01-20,Walk-in,B003480
Q002733,2025-01-20,Instagram,B003496
Q002761,2025-01-20,Hotel Partner,B003531
Q002772,2025-01-20,Walk-in,B003545
Q002789,2025-01-20,OTA,B003566
Q002823,2025-01-20,Hotel Partner,B003611
Q002867,2025-01-20,Walk-in,B003671
Q003011,2025-01-20,Instagram,B003869
Q003014,2025-01-20,Walk-in,B003875
Q003171,2025-01-20,Website,B004079
Q007378,2025-01-20,Website,
Q007813,2025-01-20,Walk-in,
Q008063,2025-01-20,Walk-in,
Q008073,2025-01-20,Walk-in,
Q008087,2025-01-20,Instagram,
Q008132,2025-01-20,Referral,
Q008260,2025-01-20,Walk-in,
Q008314,2025-01-20,Walk-in,
Q008342,2025-01-20,Walk-in,
Q008374,2025-01-20,OTA,
Q008493,2025-01-20,OTA,
Q002668,2025-01-21,Hotel Partner,B003416
Q002678,2025-01-21,Hotel Partner,B003429
Q002769,2025-01-21,Instagram,B003542
Q002803,2025-01-21,OTA,B003588
Q002827,2025-01-21,Walk-in,B003617
Q002845,2025-01-21,Walk-in,B003641
Q003152,2025-01-21,Instagram,B004057
Q006563,2025-01-21,Walk-in,
Q006711,2025-01-21,OTA,
Q008192,2025-01-21,Instagram,
Q008275,2025-01-21,Referral,
Q002047,2025-01-22,Instagram,B003593
Q002706,2025-01-22,Walk-in,B003465
Q002744,2025-01-22,Walk-in,B003507
Q002779,2025-01-22,Instagram,B003553
Q002799,2025-01-22,Hotel Partner,B003582
Q002843,2025-01-22,Walk-in,B003639
Q002877,2025-01-22,Referral,B003682
Q003046,2025-01-22,Walk-in,B003918
Q003066,2025-01-22,Walk-in,B003943
Q003135,2025-01-22,Website,B004033
Q006762,2025-01-22,OTA,
Q006838,2025-01-22,Website,
Q006953,2025-01-22,OTA,
Q007409,2025-01-22,Walk-in,
Q007514,2025-01-22,Website,
Q008406,2025-01-22,Walk-in,
Q008454,2025-01-22,Walk-in,
Q002623,2025-01-23,OTA,B003361
Q002657,2025-01-23,Walk-in,B003403
Q002664,2025-01-23,Instagram,B003412
Q002695,2025-01-23,Hotel Partner,B003448
Q002755,2025-01-23,OTA,B003524
Q002813,2025-01-23,Hotel Partner,B003600
Q002902,2025-01-23,OTA,B003721
Q002924,2025-01-23,Walk-in,B003752
Q002970,2025-01-23,OTA,B003816
Q002973,2025-01-23,Website,B003821
Q003022,2025-01-23,Walk-in,B003886
Q003027,2025-01-23,OTA,B003892
Q003041,2025-01-23,OTA,B003909
Q003083,2025-01-23,OTA,B003967
Q003092,2025-01-23,OTA,B003980
Q003131,2025-01-23,Referral,B004029
Q003134,2025-01-23,Instagram,B004032
Q007162,2025-01-23,OTA,
Q007245,2025-01-23,Website,
Q007647,2025-01-23,Walk-in,
Q008025,2025-01-23,Website,
Q008113,2025-01-23,Instagram,
Q008264,2025-01-23,OTA,
Q002878,2025-01-24,OTA,B003684
Q002883,2025-01-24,Referral,B003693
Q002939,2025-01-24,Hotel Partner,B003772
Q002991,2025-01-24,Hotel Partner,B003844
Q003003,2025-01-24,Hotel Partner,B003859
Q003013,2025-01-24,OTA,B003873
Q003016,2025-01-24,Website,B003878
Q003065,2025-01-24,Walk-in,B003942
Q003174,2025-01-24,Walk-in,B004082
Q006916,2025-01-24,Website,
Q007630,2025-01-24,Hotel Partner,
Q007695,2025-01-24,Website,
Q008413,2025-01-24,Instagram,
Q008427,2025-01-24,Referral,
Q002713,2025-01-25,Hotel Partner,B003474
Q002743,2025-01-25,Website,B003506
Q002758,2025-01-25,OTA,B003527
Q002835,2025-01-25,Walk-in,B003628
Q002863,2025-01-25,Walk-in,B003666
Q002897,2025-01-25,Walk-in,B003713
Q002919,2025-01-25,Walk-in,B003743
Q003053,2025-01-25,Walk-in,B003928
Q003062,2025-01-25,Referral,B003939
Q003072,2025-01-25,Website,B003953
Q003103,2025-01-25,Website,B003993
Q006498,2025-01-25,Website,
Q006908,2025-01-25,Instagram,
Q006928,2025-01-25,Referral,
Q007362,2025-01-25,OTA,
Q007617,2025-01-25,OTA,
Q007808,2025-01-25,OTA,
Q002763,2025-01-26,OTA,B003536
Q002846,2025-01-26,OTA,B003642
Q002869,2025-01-26,Website,B003674
Q002875,2025-01-26,Website,B003680
Q002903,2025-01-26,Instagram,B003723
Q002931,2025-01-26,OTA,B003763
Q002955,2025-01-26,Hotel Partner,B003793
Q002977,2025-01-26,Website,B003825
Q003045,2025-01-26,Website,B003917
Q003127,2025-01-26,Website,B004025
Q003224,2025-01-26,Hotel Partner,B004144
Q006561,2025-01-26,Hotel Partner,
Q006584,2025-01-26,OTA,
Q007056,2025-01-26,Instagram,
Q007533,2025-01-26,Walk-in,
Q007833,2025-01-26,Hotel Partner,
Q008123,2025-01-26,Hotel Partner,
Q008287,2025-01-26,Referral,
Q008305,2025-01-26,Instagram,
Q008330,2025-01-26,Walk-in,
Q002638,2025-01-27,Website,B003379
Q002712,2025-01-27,Referral,B003472
Q002773,2025-01-27,Website,B003546
Q002868,2025-01-27,Website,B003672
Q002912,2025-01-27,Walk-in,B003734
Q002945,2025-01-27,Referral,B003780
Q002960,2025-01-27,Website,B003799
Q003111,2025-01-27,Instagram,B004003
Q003251,2025-01-27,Instagram,B004180
Q003328,2025-01-27,Walk-in,B004268
Q006591,2025-01-27,Walk-in,
Q006802,2025-01-27,Hotel Partner,
Q007166,2025-01-27,Instagram,
Q007269,2025-01-27,Instagram,
Q007347,2025-01-27,Walk-in,
Q007412,2025-01-27,Walk-in,
Q007446,2025-01-27,Website,
Q008343,2025-01-27,Walk-in,
Q002872,2025-01-28,Walk-in,B003677
Q002937,2025-01-28,Referral,B003769
Q003073,2025-01-28,Hotel Partner,B003954
Q003098,2025-01-28,Instagram,B003987
Q003142,2025-01-28,Instagram,B004046
Q006677,2025-01-28,Website,
Q006772,2025-01-28,Website,
Q007516,2025-01-28,Website,
Q007600,2025-01-28,Website,
Q007700,2025-01-28,Hotel Partner,
Q007790,2025-01-28,Hotel Partner,
Q007858,2025-01-28,Website,
Q008347,2025-01-28,OTA,
Q002692,2025-01-29,Instagram,B003445
Q002812,2025-01-29,Instagram,B003598
Q002954,2025-01-29,Walk-in,B003792
Q002985,2025-01-29,Walk-in,B003838
Q002997,2025-01-29,Website,B003853
Q003056,2025-01-29,Referral,B003932
Q003074,2025-01-29,Website,B003956
Q003104,2025-01-29,Hotel Partner,B003994
Q003140,2025-01-29,Walk-in,B004043
Q003163,2025-01-29,Walk-in,B004071
Q003240,2025-01-29,Referral,B004164
Q003253,2025-01-29,Instagram,B004183
Q003270,2025-01-29,Referral,B004205
Q003271,2025-01-29,Website,B004206
Q003280,2025-01-29,Referral,B004215
Q006743,2025-01-29,Referral,
Q007491,2025-01-29,Website,
Q007651,2025-01-29,Website,
Q008010,2025-01-29,Website,
Q002749,2025-01-30,Website,B003514
Q002952,2025-01-30,Walk-in,B003789
Q003076,2025-01-30,Hotel Partner,B003959
Q003197,2025-01-30,Instagram,B004111
Q003245,2025-01-30,OTA,B004172
Q003250,2025-01-30,OTA,B004179
Q007153,2025-01-30,Walk-in,
Q007595,2025-01-30,OTA,
Q007669,2025-01-30,OTA,
Q002786,2025-01-31,Hotel Partner,B003561
Q002862,2025-01-31,Walk-in,B003665
Q002871,2025-01-31,Referral,B003676
Q002900,2025-01-31,Walk-in,B003719
Q002940,2025-01-31,Walk-in,B003774
Q002951,2025-01-31,Walk-in,B003787
Q002990,2025-01-31,Hotel Partner,B003843
Q003067,2025-01-31,Hotel Partner,B003945
Q003097,2025-01-31,Hotel Partner,B003986
Q003238,2025-01-31,OTA,B004161
Q003258,2025-01-31,Hotel Partner,B004188
Q003264,2025-01-31,Walk-in,B004196
Q006501,2025-01-31,Instagram,
Q006645,2025-01-31,Instagram,
Q006681,2025-01-31,Walk-in,
Q007403,2025-01-31,OTA,
Q007437,2025-01-31,Website,
Q007553,2025-01-31,Instagram,
Q007754,2025-01-31,Website,
Q007992,2025-01-31,Walk-in,
Q008122,2025-01-31,Walk-in,
Q008147,2025-01-31,Hotel Partner,
Q008446,2025-01-31,OTA,
Q002855,2025-02-01,Walk-in,B003655
Q002922,2025-02-01,Hotel Partner,B003748
Q002998,2025-02-01,OTA,B003854
Q003017,2025-02-01,Hotel Partner,B003879
Q003038,2025-02-01,Walk-in,B003906
Q003151,2025-02-01,OTA,B004056
Q003196,2025-02-01,Referral,B004110
Q003241,2025-02-01,OTA,B004167
Q006788,2025-02-01,OTA,
Q007246,2025-02-01,Hotel Partner,
Q007470,2025-02-01,OTA,
Q007658,2025-02-01,Website,
Q007843,2025-02-01,Hotel Partner,
Q007961,2025-02-01,Walk-in,
Q008284,2025-02-01,Walk-in,
Q008449,2025-02-01,Walk-in,
Q002836,2025-02-02,OTA,B003630
Q002864,2025-02-02,Hotel Partner,B003667
Q003035,2025-02-02,Website,B003903
Q003084,2025-02-02,Hotel Partner,B003968
Q003118,2025-02-02,Walk-in,B004012
Q003161,2025-02-02,Referral,B004067
Q003193,2025-02-02,Referral,B004107
Q003209,2025-02-02,OTA,B004125
Q003310,2025-02-02,Referral,B004248
Q006538,2025-02-02,Walk-in,
Q006794,2025-02-02,Referral,
Q006854,2025-02-02,Website,
Q006917,2025-02-02,Website,
Q007041,2025-02-02,Walk-in,
Q007148,2025-02-02,Walk-in,
Q007323,2025-02-02,Website,
Q007483,2025-02-02,Instagram,
Q007618,2025-02-02,OTA,
Q007998,2025-02-02,Instagram,
Q008131,2025-02-02,Hotel Partner,
Q008341,2025-02-02,Website,
Q002814,2025-02-03,Referral,B003601
Q002847,2025-02-03,Instagram,B003646
Q002894,2025-02-03,Instagram,B003709
Q003004,2025-02-03,Referral,B003860
Q003107,2025-02-03,Walk-in,B003998
Q003156,2025-02-03,Website,B004061
Q003166,2025-02-03,Instagram,B004074
Q003213,2025-02-03,Website,B004131
Q003259,2025-02-03,Walk-in,B004189
Q003362,2025-02-03,Website,B004317
Q006811,2025-02-03,OTA,
Q006848,2025-02-03,OTA,
Q006873,2025-02-03,Instagram,
Q007051,2025-02-03,Website,
Q007069,2025-02-03,Website,
Q007220,2025-02-03,OTA,
Q007330,2025-02-03,Website,
Q007701,2025-02-03,Walk-in,
Q008011,2025-02-03,OTA,
Q008398,2025-02-03,Walk-in,
Q002807,2025-02-04,Walk-in,B003592
Q002983,2025-02-04,OTA,B003836
Q002999,2025-02-04,Walk-in,B003855
Q003030,2025-02-04,Website,B003897
Q003050,2025-02-04,OTA,B003923
Q003070,2025-02-04,Website,B003948
Q003116,2025-02-04,Hotel Partner,B004010
Q003132,2025-02-04,Hotel Partner,B004030
Q003157,2025-02-04,Website,B004062
Q003201,2025-02-04,OTA,B004115
Q003305,2025-02-04,Website,B004243
Q006658,2025-02-04,Website,
Q006739,2025-02-04,Referral,
Q007320,2025-02-04,Walk-in,
Q007401,2025-02-04,OTA,
Q007451,2025-02-04,OTA,
Q007718,2025-02-04,Website,
Q007753,2025-02-04,Website,
Q008099,2025-02-04,Instagram,
Q008248,2025-02-04,Referral,
Q008326,2025-02-04,Instagram,
Q002933,2025-02-05,Referral,B003766
Q002942,2025-02-05,Website,B003776
Q003010,2025-02-05,Walk-in,B003868
Q003025,2025-02-05,Website,B003889
Q003031,2025-02-05,Referral,B003899
Q003048,2025-02-05,Referral,B003920
Q003054,2025-02-05,OTA,B003929
Q003081,2025-02-05,Hotel Partner,B003965
Q003139,2025-02-05,Walk-in,B004041
Q003144,2025-02-05,Hotel Partner,B004048
Q003178,2025-02-05,Website,B004091
Q003369,2025-02-05,Referral,B004325
Q006600,2025-02-05,Walk-in,
Q006818,2025-02-05,Hotel Partner,
Q007211,2025-02-05,Instagram,
Q007292,2025-02-05,OTA,
Q007551,2025-02-05,Instagram,
Q007653,2025-02-05,Walk-in,
Q008032,2025-02-05,OTA,
Q008102,2025-02-05,OTA,
Q008261,2025-02-05,Walk-in,
Q008268,2025-02-05,OTA,
Q002874,2025-02-06,Hotel Partner,B003679
Q002891,2025-02-06,Walk-in,B003703
Q002893,2025-02-06,Instagram,B003708
Q002920,2025-02-06,Walk-in,B003744
Q002943,2025-02-06,OTA,B003778
Q002992,2025-02-06,OTA,B003845
Q003005,2025-02-06,Website,B003861
Q003026,2025-02-06,Walk-in,B003890
Q003034,2025-02-06,Walk-in,B003902
Q003082,2025-02-06,Walk-in,B003966
Q003123,2025-02-06,OTA,B004020
Q003248,2025-02-06,OTA,B004176
Q003380,2025-02-06,OTA,B004338
Q006603,2025-02-06,Website,
Q007382,2025-02-06,Instagram,
Q008065,2025-02-06,Website,
Q008186,2025-02-06,Walk-in,
Q002820,2025-02-07,Website,B003608
Q002859,2025-02-07,Walk-in,B003661
Q003008,2025-02-07,Referral,B003866
Q003033,2025-02-07,Hotel Partner,B003901
Q003042,2025-02-07,Website,B003910
Q003129,2025-02-07,Walk-in,B004027
Q003188,2025-02-07,Website,B004101
Q003211,2025-02-07,Instagram,B004129
Q003220,2025-02-07,OTA,B004138
Q003273,2025-02-07,OTA,B004208
Q003412,2025-02-07,Walk-in,B004378
Q006638,2025-02-07,OTA,
Q006845,2025-02-07,Walk-in,
Q007537,2025-02-07,Referral,
Q007621,2025-02-07,Website,
Q008093,2025-02-07,Website,
Q002881,2025-02-08,Walk-in,B003689
Q003109,2025-02-08,Referral,B004001
Q003246,2025-02-08,Hotel Partner,B004173
Q007043,2025-02-08,Instagram,
Q007615,2025-02-08,OTA,
Q007697,2025-02-08,Hotel Partner,
Q007741,2025-02-08,Referral,
Q007875,2025-02-08,Instagram,
Q008472,2025-02-08,Walk-in,
Q002884,2025-02-09,Website,B003694
Q002930,2025-02-09,Instagram,B003761
Q002969,2025-02-09,Walk-in,B003813
Q002971,2025-02-09,Website,B003819
Q002995,2025-02-09,Walk-in,B003849
Q003037,2025-02-09,Website,B003905
Q003086,2025-02-09,OTA,B003971
Q003143,2025-02-09,Referral,B004047
Q003165,2025-02-09,Referral,B004073
Q003207,2025-02-09,Website,B004123
Q003214,2025-02-09,Walk-in,B004132
Q003228,2025-02-09,Walk-in,B004148
Q003229,2025-02-09,Walk-in,B004149
Q003285,2025-02-09,Hotel Partner,B004220
Q006807,2025-02-09,Walk-in,
Q006865,2025-02-09,OTA,
Q007333,2025-02-09,Referral,
Q007351,2025-02-09,Website,
Q007424,2025-02-09,Hotel Partner,
Q007980,2025-02-09,OTA,
Q008244,2025-02-09,Instagram,
Q008318,2025-02-09,Referral,
Q008354,2025-02-09,Walk-in,
Q002913,2025-02-10,Instagram,B003735
Q002947,2025-02-10,Hotel Partner,B003782
Q003055,2025-02-10,Instagram,B003931
Q003069,2025-02-10,Walk-in,B003947
Q003089,2025-02-10,Referral,B003976
Q003173,2025-02-10,Instagram,B004081
Q003265,2025-02-10,OTA,B004197
Q003365,2025-02-10,Instagram,B004321
Q003375,2025-02-10,Instagram,B004332
Q006630,2025-02-10,OTA,
Q006889,2025-02-10,OTA,
Q007384,2025-02-10,Walk-in,
Q007549,2025-02-10,Hotel Partner,
Q007592,2025-02-10,Instagram,
Q007676,2025-02-10,Hotel Partner,
Q007746,2025-02-10,OTA,
Q002901,2025-02-11,Referral,B003720
Q002915,2025-02-11,Walk-in,B003738
Q003049,2025-02-11,Instagram,B003921
Q003105,2025-02-11,Referral,B003995
Q003120,2025-02-11,Walk-in,B004016
Q003121,2025-02-11,OTA,B004018
Q003206,2025-02-11,Website,B004122
Q003295,2025-02-11,Walk-in,B004231
Q003430,2025-02-11,OTA,B004402
Q006799,2025-02-11,Website,
Q006809,2025-02-11,OTA,
Q007259,2025-02-11,OTA,
Q007465,2025-02-11,Walk-in,
Q007500,2025-02-11,Walk-in,
Q002976,2025-02-12,Referral,B003824
Q003063,2025-02-12,Instagram,B003940
Q003088,2025-02-12,Walk-in,B003974
Q003090,2025-02-12,Hotel Partner,B003978
Q003110,2025-02-12,Website,B004002
Q003115,2025-02-12,Walk-in,B004009
Q003125,2025-02-12,Walk-in,B004022
Q003141,2025-02-12,Hotel Partner,B004044
Q003210,2025-02-12,Instagram,B004128
Q003284,2025-02-12,Walk-in,B004219
Q003286,2025-02-12,Referral,B004221
Q003334,2025-02-12,OTA,B004275
Q006550,2025-02-12,Walk-in,
Q006840,2025-02-12,Walk-in,
Q006940,2025-02-12,Referral,
Q007003,2025-02-12,OTA,
Q007021,2025-02-12,Walk-in,
Q007280,2025-02-12,Instagram,
Q007747,2025-02-12,Website,
Q007832,2025-02-12,Walk-in,
Q007951,2025-02-12,OTA,
Q008095,2025-02-12,Walk-in,
Q002949,2025-02-13,Walk-in,B003785
Q002981,2025-02-13,Referral,B003833
Q002982,2025-02-13,Walk-in,B003834
Q003047,2025-02-13,Instagram,B003919
Q003122,2025-02-13,Website,B004019
Q003153,2025-02-13,OTA,B004058
Q003182,2025-02-13,OTA,B004095
Q003257,2025-02-13,Website,B004187
Q003297,2025-02-13,OTA,B004234
Q003298,2025-02-13,Walk-in,B004235
Q003302,2025-02-13,Walk-in,B004240
Q003314,2025-02-13,OTA,B004252
Q003384,2025-02-13,OTA,B004343
Q003387,2025-02-13,Walk-in,B004346
Q006520,2025-02-13,Website,
Q006847,2025-02-13,Instagram,
Q006992,2025-02-13,Referral,
Q007081,2025-02-13,Instagram,
Q007334,2025-02-13,Hotel Partner,
Q007431,2025-02-13,OTA,
Q007744,2025-02-13,OTA,
Q007760,2025-02-13,Website,
Q007999,2025-02-13,Walk-in,
Q008086,2025-02-13,Referral,
Q008403,2025-02-13,Walk-in,
Q002961,2025-02-14,Referral,B003800
Q002975,2025-02-14,OTA,B003823
Q003028,2025-02-14,Website,B003895
Q003080,2025-02-14,Referral,B003964
Q003096,2025-02-14,Hotel Partner,B003984
Q003421,2025-02-14,Website,B004389
Q006876,2025-02-14,OTA,
Q007344,2025-02-14,Instagram,
Q007570,2025-02-14,Website,
Q007573,2025-02-14,Instagram,
Q007848,2025-02-14,OTA,
Q008027,2025-02-14,Website,
Q008281,2025-02-14,Walk-in,
Q008336,2025-02-14,OTA,
Q008348,2025-02-14,OTA,
Q003085,2025-02-15,OTA,B003970
Q003091,2025-02-15,Referral,B003979
Q003106,2025-02-15,Referral,B003996
Q003159,2025-02-15,Walk-in,B004064
Q003168,2025-02-15,OTA,B004076
Q003222,2025-02-15,OTA,B004142
Q003263,2025-02-15,Hotel Partner,B004195
Q003278,2025-02-15,Website,B004213
Q003320,2025-02-15,Website,B004260
Q003330,2025-02-15,Walk-in,B004270
Q006736,2025-02-15,OTA,
Q007160,2025-02-15,Referral,
Q008020,2025-02-15,Website,
Q008109,2025-02-15,Website,
Q002935,2025-02-16,Referral,B003768
Q002946,2025-02-16,Walk-in,B003781
Q003101,2025-02-16,OTA,B003990
Q003149,2025-02-16,Hotel Partner,B004053
Q003180,2025-02-16,OTA,B004093
Q003242,2025-02-16,OTA,B004168
Q003292,2025-02-16,OTA,B004228
Q003339,2025-02-16,OTA,B004281
Q003378,2025-02-16,Walk-in,B004335
Q006815,2025-02-16,Hotel Partner,
Q006839,2025-02-16,Website,
Q006892,2025-02-16,OTA,
Q007009,2025-02-16,Hotel Partner,
Q007823,2025-02-16,Walk-in,
Q008031,2025-02-16,OTA,
Q002989,2025-02-17,Walk-in,B003842
Q002996,2025-02-17,Referral,B003852
Q003007,2025-02-17,Walk-in,B003863
Q003009,2025-02-17,OTA,B003867
Q003032,2025-02-17,Website,B003900
Q003100,2025-02-17,OTA,B003989
Q003155,2025-02-17,Hotel Partner,B004060
Q003195,2025-02-17,Website,B004109
Q003202,2025-02-17,Walk-in,B004117
Q003300,2025-02-17,Referral,B004237
Q003309,2025-02-17,Instagram,B004247
Q003348,2025-02-17,Instagram,B004299
Q006891,2025-02-17,Website,
Q006954,2025-02-17,Hotel Partner,
Q007127,2025-02-17,Walk-in,
Q007544,2025-02-17,Referral,
Q007568,2025-02-17,Website,
Q007859,2025-02-17,Instagram,
Q008167,2025-02-17,Walk-in,
Q008278,2025-02-17,Instagram,
Q003172,2025-02-18,Hotel Partner,B004080
Q003208,2025-02-18,Hotel Partner,B004124
Q003236,2025-02-18,Instagram,B004158
Q003408,2025-02-18,Walk-in,B004373
Q003455,2025-02-18,Website,B004432
Q006741,2025-02-18,OTA,
Q007103,2025-02-18,Website,
Q007267,2025-02-18,Walk-in,
Q007602,2025-02-18,Website,
Q007829,2025-02-18,Website,
Q008288,2025-02-18,Instagram,
Q008367,2025-02-18,Hotel Partner,
Q002932,2025-02-19,Website,B003765
Q003162,2025-02-19,Website,B004068
Q003243,2025-02-19,Walk-in,B004169
Q003360,2025-02-19,Website,B004315
Q003368,2025-02-19,Walk-in,B004324
Q006691,2025-02-19,Website,
Q006746,2025-02-19,OTA,
Q007136,2025-02-19,OTA,
Q007379,2025-02-19,Walk-in,
Q007868,2025-02-19,Website,
Q008263,2025-02-19,Referral,
Q008304,2025-02-19,Instagram,
Q002964,2025-02-20,Instagram,B003806
Q003012,2025-02-20,Website,B003870
Q003058,2025-02-20,OTA,B003934
Q003064,2025-02-20,Referral,B003941
Q003145,2025-02-20,OTA,B004049
Q003176,2025-02-20,Walk-in,B004085
Q003179,2025-02-20,Referral,B004092
Q003186,2025-02-20,Instagram,B004099
Q003233,2025-02-20,Website,B004154
Q006593,2025-02-20,Walk-in,
Q007266,2025-02-20,OTA,
Q007391,2025-02-20,Website,
Q007965,2025-02-20,OTA,
Q007984,2025-02-20,OTA,
Q008046,2025-02-20,OTA,
Q008125,2025-02-20,Website,
Q008220,2025-02-20,OTA,
Q008250,2025-02-20,Walk-in,
Q003044,2025-02-21,Instagram,B003915
Q003095,2025-02-21,Walk-in,B003983
Q003112,2025-02-21,Hotel Partner,B004004
Q003147,2025-02-21,Website,B004051
Q003148,2025-02-21,Website,B004052
Q003191,2025-02-21,Hotel Partner,B004105
Q003255,2025-02-21,OTA,B004185
Q003282,2025-02-21,Walk-in,B004217
Q003296,2025-02-21,Website,B004232
Q003313,2025-02-21,OTA,B004251
Q003317,2025-02-21,Website,B004257
Q003321,2025-02-21,Hotel Partner,B004261
Q003364,2025-02-21,Website,B004320
Q003374,2025-02-21,Walk-in,B004331
Q003472,2025-02-21,Instagram,B004449
Q003497,2025-02-21,OTA,B004481
Q006693,2025-02-21,OTA,
Q006906,2025-02-21,Website,
Q006929,2025-02-21,Instagram,
Q006971,2025-02-21,Referral,
Q007740,2025-02-21,Referral,
Q007827,2025-02-21,Referral,
Q008191,2025-02-21,Walk-in,
Q002978,2025-02-22,OTA,B003827
Q003039,2025-02-22,OTA,B003907
Q003235,2025-02-22,Referral,B004156
Q006566,2025-02-22,Hotel Partner,
Q006709,2025-02-22,Website,
Q006814,2025-02-22,OTA,
Q006914,2025-02-22,Website,
Q007240,2025-02-22,Hotel Partner,
Q007463,2025-02-22,Referral,
Q007649,2025-02-22,Website,
Q007655,2025-02-22,Walk-in,
Q007699,2025-02-22,Website,
Q007724,2025-02-22,Walk-in,
Q007986,2025-02-22,Instagram,
Q008009,2025-02-22,OTA,
Q008108,2025-02-22,Hotel Partner,
Q008151,2025-02-22,Instagram,
Q008297,2025-02-22,OTA,
Q008335,2025-02-22,Instagram,
Q002980,2025-02-23,OTA,B003832
Q003077,2025-02-23,Instagram,B003960
Q003133,2025-02-23,Instagram,B004031
Q003217,2025-02-23,Walk-in,B004135
Q003290,2025-02-23,Website,B004226
Q003350,2025-02-23,Walk-in,B004301
Q003352,2025-02-23,Hotel Partner,B004304
Q003394,2025-02-23,Website,B004354
Q006961,2025-02-23,Instagram,
Q006990,2025-02-23,Walk-in,
Q007468,2025-02-23,OTA,
Q007830,2025-02-23,Walk-in,
Q007856,2025-02-23,OTA,
Q008079,2025-02-23,Walk-in,
Q008091,2025-02-23,Hotel Partner,
Q003040,2025-02-24,Website,B003908
Q003043,2025-02-24,Hotel Partner,B003914
Q003113,2025-02-24,Referral,B004005
Q003119,2025-02-24,Instagram,B004013
Q003199,2025-02-24,OTA,B004113
Q003239,2025-02-24,OTA,B004162
Q003325,2025-02-24,Website,B004265
Q003326,2025-02-24,Walk-in,B004266
Q003466,2025-02-24,Website,B004443
Q006526,2025-02-24,Instagram,
Q006881,2025-02-24,OTA,
Q007625,2025-02-24,Instagram,
Q008198,2025-02-24,Website,
Q008368,2025-02-24,Website,
Q003051,2025-02-25,Hotel Partner,B003924
Q003075,2025-02-25,Referral,B003958
Q003124,2025-02-25,Website,B004021
Q003212,2025-02-25,Website,B004130
Q003315,2025-02-25,Website,B004253
Q003373,2025-02-25,Walk-in,B004330
Q003377,2025-02-25,Instagram,B004334
Q003386,2025-02-25,Walk-in,B004345
Q003514,2025-02-25,OTA,B004506
Q006932,2025-02-25,Walk-in,
Q006977,2025-02-25,Hotel Partner,
Q007235,2025-02-25,Website,
Q007674,2025-02-25,Walk-in,
Q007934,2025-02-25,Walk-in,
Q008037,2025-02-25,Website,
Q008155,2025-02-25,Walk-in,
Q008389,2025-02-25,OTA,
Q003061,2025-02-26,Website,B003938
Q003183,2025-02-26,Hotel Partner,B004096
Q003227,2025-02-26,Referral,B004147
Q003424,2025-02-26,Website,B004394
Q003450,2025-02-26,Hotel Partner,B004426
Q003508,2025-02-26,Hotel Partner,B004497
Q006620,2025-02-26,Referral,
Q006877,2025-02-26,Instagram,
Q007559,2025-02-26,Website,
Q007846,2025-02-26,OTA,
Q007926,2025-02-26,Walk-in,
Q008070,2025-02-26,Hotel Partner,
Q008146,2025-02-26,Walk-in,
Q008416,2025-02-26,OTA,
Q008486,2025-02-26,Hotel Partner,
Q003126,2025-02-27,OTA,B004023
Q003184,2025-02-27,Walk-in,B004097
Q003272,2025-02-27,Walk-in,B004207
Q003323,2025-02-27,Hotel Partner,B004263
Q003354,2025-02-27,OTA,B004307
Q003370,2025-02-27,OTA,B004326
Q003431,2025-02-27,Walk-in,B004403
Q003433,2025-02-27,Walk-in,B004406
Q006923,2025-02-27,Instagram,
Q007210,2025-02-27,Instagram,
Q007265,2025-02-27,OTA,
Q007272,2025-02-27,Walk-in,
Q007336,2025-02-27,OTA,
Q007721,2025-02-27,OTA,
Q007870,2025-02-27,Walk-in,
Q007958,2025-02-27,Instagram,
Q008292,2025-02-27,Walk-in,
Q003137,2025-02-28,Walk-in,B004038
Q003331,2025-02-28,Walk-in,B004271
Q003333,2025-02-28,Referral,B004274
Q003343,2025-02-28,Walk-in,B004292
Q003382,2025-02-28,OTA,B004341
Q003416,2025-02-28,Hotel Partner,B004383
Q003444,2025-02-28,OTA,B004419
Q003519,2025-02-28,OTA,B004512
Q006733,2025-02-28,OTA,
Q006878,2025-02-28,Hotel Partner,
Q006925,2025-02-28,OTA,
Q007327,2025-02-28,Instagram,
Q007521,2025-02-28,OTA,
Q007938,2025-02-28,Website,
Q008048,2025-02-28,Referral,
Q008067,2025-02-28,Referral,
Q008118,2025-02-28,OTA,
Q008157,2025-02-28,Referral,
Q008190,2025-02-28,Hotel Partner,
Q003185,2025-03-01,Hotel Partner,B004098
Q003198,2025-03-01,Website,B004112
Q003215,2025-03-01,Website,B004133
Q003216,2025-03-01,OTA,B004134
Q003232,2025-03-01,Instagram,B004153
Q003276,2025-03-01,Website,B004211
Q003283,2025-03-01,Walk-in,B004218
Q003332,2025-03-01,Hotel Partner,B004272
Q003337,2025-03-01,Referral,B004279
Q003372,2025-03-01,Website,B004329
Q003376,2025-03-01,OTA,B004333
Q003388,2025-03-01,Instagram,B004348
Q003460,2025-03-01,Walk-in,B004437
Q003474,2025-03-01,Walk-in,B004451
Q003484,2025-03-01,Referral,B004466
Q006722,2025-03-01,Website,
Q006822,2025-03-01,OTA,
Q006903,2025-03-01,Walk-in,
Q007113,2025-03-01,Instagram,
Q007171,2025-03-01,OTA,
Q007215,2025-03-01,Instagram,
Q007565,2025-03-01,OTA,
Q007716,2025-03-01,Website,
Q007921,2025-03-01,Walk-in,
Q007983,2025-03-01,OTA,
Q003071,2025-03-02,Referral,B003951
Q003223,2025-03-02,Website,B004143
Q003225,2025-03-02,OTA,B004145
Q003231,2025-03-02,Website,B004152
Q003234,2025-03-02,Instagram,B004155
Q003392,2025-03-02,Walk-in,B004352
Q003402,2025-03-02,Website,B004363
Q003439,2025-03-02,Walk-in,B004413
Q003541,2025-03-02,Instagram,B004543
Q006663,2025-03-02,Instagram,
Q006670,2025-03-02,Website,
Q006731,2025-03-02,OTA,
Q007495,2025-03-02,OTA,
Q007541,2025-03-02,Website,
Q007768,2025-03-02,Walk-in,
Q008080,2025-03-02,Referral,
Q008128,2025-03-02,Referral,
Q008136,2025-03-02,Walk-in,
Q008223,2025-03-02,OTA,
Q003158,2025-03-03,Website,B004063
Q003205,2025-03-03,Walk-in,B004121
Q003230,2025-03-03,OTA,B004151
Q003252,2025-03-03,Website,B004181
Q003294,2025-03-03,Website,B004230
Q003345,2025-03-03,OTA,B004294
Q003485,2025-03-03,Instagram,B004467
Q003505,2025-03-03,Website,B004491
Q006703,2025-03-03,Website,
Q006726,2025-03-03,Instagram,
Q006737,2025-03-03,Hotel Partner,
Q007091,2025-03-03,OTA,
Q007188,2025-03-03,Referral,
Q007254,2025-03-03,Hotel Partner,
Q007613,2025-03-03,OTA,
Q008320,2025-03-03,Website,
Q003099,2025-03-04,OTA,B003988
Q003102,2025-03-04,Hotel Partner,B003991
Q003138,2025-03-04,Instagram,B004039
Q003170,2025-03-04,Referral,B004078
Q003177,2025-03-04,Walk-in,B004089
Q003262,2025-03-04,Hotel Partner,B004194
Q003266,2025-03-04,Instagram,B004199
Q003436,2025-03-04,Referral,B004410
Q003558,2025-03-04,Referral,B004564
Q006540,2025-03-04,Website,
Q006967,2025-03-04,Referral,
Q006999,2025-03-04,Instagram,
Q007139,2025-03-04,Hotel Partner,
Q007270,2025-03-04,Hotel Partner,
Q007329,2025-03-04,Website,
Q007729,2025-03-04,Walk-in,
Q007772,2025-03-04,Website,
Q008436,2025-03-04,Referral,
Q003108,2025-03-05,OTA,B004000
Q003114,2025-03-05,Website,B004008
Q003221,2025-03-05,OTA,B004140
Q003268,2025-03-05,Walk-in,B004203
Q003308,2025-03-05,OTA,B004246
Q003311,2025-03-05,Walk-in,B004249
Q003358,2025-03-05,Walk-in,B004313
Q003409,2025-03-05,Walk-in,B004374
Q003451,2025-03-05,OTA,B004428
Q003462,2025-03-05,OTA,B004439
Q003476,2025-03-05,Walk-in,B004453
Q006665,2025-03-05,OTA,
Q006740,2025-03-05,Walk-in,
Q006780,2025-03-05,Walk-in,
Q006898,2025-03-05,OTA,
Q007199,2025-03-05,OTA,
Q007593,2025-03-05,Walk-in,
Q007706,2025-03-05,OTA,
Q007826,2025-03-05,Hotel Partner,
Q007871,2025-03-05,Hotel Partner,
Q008081,2025-03-05,OTA,
Q008133,2025-03-05,Referral,
Q003130,2025-03-06,Website,B004028
Q003146,2025-03-06,Walk-in,B004050
Q003150,2025-03-06,Hotel Partner,B004055
Q003187,2025-03-06,OTA,B004100
Q003194,2025-03-06,OTA,B004108
Q003219,2025-03-06,Hotel Partner,B004137
Q003226,2025-03-06,Website,B004146
Q003247,2025-03-06,Hotel Partner,B004175
Q003261,2025-03-06,Walk-in,B004191
Q003318,2025-03-06,Walk-in,B004258
Q003329,2025-03-06,Walk-in,B004269
Q003357,2025-03-06,Walk-in,B004312
Q003414,2025-03-06,Website,B004380
Q003440,2025-03-06,Website,B004414
Q006968,2025-03-06,Instagram,
Q007073,2025-03-06,Instagram,
Q007183,2025-03-06,Hotel Partner,
Q007238,2025-03-06,Walk-in,
Q007652,2025-03-06,Hotel Partner,
Q007752,2025-03-06,Referral,
Q007794,2025-03-06,Hotel Partner,
Q007890,2025-03-06,Website,
Q008494,2025-03-06,Website,
Q003175,2025-03-07,Instagram,B004083
Q003244,2025-03-07,Instagram,B004170
Q003327,2025-03-07,Website,B004267
Q003338,2025-03-07,OTA,B004280
Q003418,2025-03-07,Website,B004386
Q003443,2025-03-07,Walk-in,B004418
Q003524,2025-03-07,Hotel Partner,B004521
Q003553,2025-03-07,Walk-in,B004556
Q006920,2025-03-07,Website,
Q006926,2025-03-07,Instagram,
Q007346,2025-03-07,Walk-in,
Q007458,2025-03-07,Website,
Q007666,2025-03-07,OTA,
Q007840,2025-03-07,Referral,
Q008259,2025-03-07,Referral,
Q008274,2025-03-07,Referral,
Q008451,2025-03-07,Walk-in,
Q003267,2025-03-08,Walk-in,B004201
Q003275,2025-03-08,Hotel Partner,B004210
Q006532,2025-03-08,Walk-in,
Q007498,2025-03-08,Website,
Q007590,2025-03-08,Website,
Q007930,2025-03-08,OTA,
Q007990,2025-03-08,Website,
Q008024,2025-03-08,Walk-in,
Q008271,2025-03-08,Hotel Partner,
Q003189,2025-03-09,Instagram,B004103
Q003237,2025-03-09,Instagram,B004159
Q003281,2025-03-09,OTA,B004216
Q003304,2025-03-09,Hotel Partner,B004242
Q003324,2025-03-09,Website,B004264
Q003425,2025-03-09,Website,B004395
Q003492,2025-03-09,Hotel Partner,B004475
Q003540,2025-03-09,Walk-in,B004541
Q006793,2025-03-09,OTA,
Q006924,2025-03-09,Walk-in,
Q007202,2025-03-09,Referral,
Q007271,2025-03-09,Walk-in,
Q007380,2025-03-09,Instagram,
Q007817,2025-03-09,OTA,
Q008197,2025-03-09,Referral,
Q008230,2025-03-09,Instagram,
Q008241,2025-03-09,Hotel Partner,
Q003154,2025-03-10,Walk-in,B004059
Q003160,2025-03-10,OTA,B004065
Q003218,2025-03-10,Referral,B004136
Q003287,2025-03-10,Website,B004222
Q003342,2025-03-10,Referral,B004289
Q003417,2025-03-10,Website,B004385
Q003532,2025-03-10,Referral,B004532
Q003573,2025-03-10,Referral,B004579
Q003605,2025-03-10,Walk-in,B004616
Q007135,2025-03-10,Walk-in,
Q007138,2025-03-10,Referral,
Q007842,2025-03-10,Referral,
Q008107,2025-03-10,Hotel Partner,
Q008124,2025-03-10,OTA,
Q008282,2025-03-10,Walk-in,
Q003274,2025-03-11,OTA,B004209
Q003279,2025-03-11,Walk-in,B004214
Q003361,2025-03-11,Instagram,B004316
Q003391,2025-03-11,Walk-in,B004351
Q003400,2025-03-11,OTA,B004361
Q003481,2025-03-11,Instagram,B004462
Q003491,2025-03-11,OTA,B004474
Q003568,2025-03-11,Walk-in,B004574
Q006724,2025-03-11,OTA,
Q006952,2025-03-11,Instagram,
Q008075,2025-03-11,Walk-in,
Q008134,2025-03-11,OTA,
Q008181,2025-03-11,OTA,
Q008188,2025-03-11,OTA,
Q003128,2025-03-12,Website,B004026
Q003181,2025-03-12,Website,B004094
Q003254,2025-03-12,OTA,B004184
Q003256,2025-03-12,Instagram,B004186
Q003306,2025-03-12,Referral,B004244
Q003379,2025-03-12,Referral,B004337
Q003415,2025-03-12,Hotel Partner,B004381
Q003452,2025-03-12,Referral,B004429
Q003456,2025-03-12,OTA,B004433
Q003471,2025-03-12,Hotel Partner,B004448
Q003479,2025-03-12,Referral,B004459
Q003546,2025-03-12,Instagram,B004549
Q003610,2025-03-12,Instagram,B004623
Q006687,2025-03-12,Website,
Q006720,2025-03-12,Website,
Q006744,2025-03-12,Walk-in,
Q006750,2025-03-12,Website,
Q006841,2025-03-12,Referral,
Q007053,2025-03-12,Website,
Q007168,2025-03-12,Walk-in,
Q007219,2025-03-12,OTA,
Q007438,2025-03-12,Referral,
Q007439,2025-03-12,Walk-in,
Q007524,2025-03-12,Website,
Q007671,2025-03-12,OTA,
Q007814,2025-03-12,Website,
Q008000,2025-03-12,Hotel Partner,
Q008044,2025-03-12,OTA,
Q008140,2025-03-12,Walk-in,
Q003190,2025-03-13,Walk-in,B004104
Q003277,2025-03-13,Walk-in,B004212
Q003307,2025-03-13,Walk-in,B004245
Q003407,2025-03-13,Walk-in,B004370
Q003432,2025-03-13,Walk-in,B004405
Q003510,2025-03-13,Walk-in,B004500
Q003513,2025-03-13,Walk-in,B004505
Q003518,2025-03-13,Walk-in,B004511
Q003535,2025-03-13,Website,B004535
Q003583,2025-03-13,Instagram,B004592
Q003653,2025-03-13,OTA,B004675
Q006683,2025-03-13,OTA,
Q007147,2025-03-13,Website,
Q007337,2025-03-13,Website,
Q007356,2025-03-13,Instagram,
Q007745,2025-03-13,OTA,
Q007929,2025-03-13,Website,
Q007942,2025-03-13,OTA,
Q008047,2025-03-13,Instagram,
Q008234,2025-03-13,Referral,
Q008307,2025-03-13,Hotel Partner,
Q008432,2025-03-13,Instagram,
Q008434,2025-03-13,Hotel Partner,
Q003336,2025-03-14,Instagram,B004278
Q003341,2025-03-14,OTA,B004287
Q003403,2025-03-14,Hotel Partner,B004364
Q003429,2025-03-14,OTA,B004400
Q003465,2025-03-14,OTA,B004442
Q003503,2025-03-14,Walk-in,B004489
Q007013,2025-03-14,Walk-in,
Q007324,2025-03-14,Hotel Partner,
Q007417,2025-03-14,Walk-in,
Q007508,2025-03-14,Website,
Q007543,2025-03-14,Instagram,
Q007847,2025-03-14,Referral,
Q008231,2025-03-14,Instagram,
Q003289,2025-03-15,Referral,B004225
Q003291,2025-03-15,Referral,B004227
Q003344,2025-03-15,Walk-in,B004293
Q003346,2025-03-15,Website,B004297
Q003359,2025-03-15,Website,B004314
Q003486,2025-03-15,Website,B004469
Q003501,2025-03-15,OTA,B004486
Q003559,2025-03-15,Walk-in,B004565
Q006639,2025-03-15,Website,
Q007027,2025-03-15,Walk-in,
Q007078,2025-03-15,Instagram,
Q007303,2025-03-15,Walk-in,
Q007383,2025-03-15,Website,
Q007644,2025-03-15,Walk-in,
Q007892,2025-03-15,Walk-in,
Q008054,2025-03-15,Hotel Partner,
Q008363,2025-03-15,Walk-in,
Q008458,2025-03-15,OTA,
Q003288,2025-03-16,OTA,B004224
Q003301,2025-03-16,Website,B004239
Q003319,2025-03-16,OTA,B004259
Q003448,2025-03-16,Walk-in,B004424
Q003477,2025-03-16,OTA,B004454
Q006678,2025-03-16,Website,
Q006874,2025-03-16,OTA,
Q006936,2025-03-16,Website,
Q006974,2025-03-16,OTA,
Q007182,2025-03-16,Walk-in,
Q007284,2025-03-16,OTA,
Q007492,2025-03-16,Walk-in,
Q007607,2025-03-16,Walk-in,
Q007624,2025-03-16,Hotel Partner,
Q007641,2025-03-16,Website,
Q007698,2025-03-16,Walk-in,
Q008280,2025-03-16,OTA,
Q008465,2025-03-16,OTA,
Q003293,2025-03-17,Walk-in,B004229
Q003312,2025-03-17,OTA,B004250
Q003316,2025-03-17,Instagram,B004255
Q003399,2025-03-17,Hotel Partner,B004360
Q003453,2025-03-17,Website,B004430
Q003470,2025-03-17,OTA,B004447
Q003552,2025-03-17,Referral,B004555
Q003576,2025-03-17,Walk-in,B004583
Q003587,2025-03-17,Hotel Partner,B004597
Q003627,2025-03-17,Hotel Partner,B004643
Q006768,2025-03-17,OTA,
Q006792,2025-03-17,Walk-in,
Q007231,2025-03-17,Hotel Partner,
Q007335,2025-03-17,Referral,
Q007497,2025-03-17,Walk-in,
Q007838,2025-03-17,Walk-in,
Q008207,2025-03-17,Referral,
Q008245,2025-03-17,Referral,
Q008376,2025-03-17,Referral,
Q003351,2025-03-18,OTA,B004303
Q003495,2025-03-18,Website,B004478
Q003621,2025-03-18,OTA,B004636
Q006652,2025-03-18,Walk-in,
Q006972,2025-03-18,Referral,
Q007469,2025-03-18,OTA,
Q007482,2025-03-18,OTA,
Q007955,2025-03-18,Walk-in,
Q008225,2025-03-18,Instagram,
Q003164,2025-03-19,Referral,B004072
Q003260,2025-03-19,Referral,B004190
Q003383,2025-03-19,OTA,B004342
Q003396,2025-03-19,Website,B004357
Q003398,2025-03-19,Instagram,B004359
Q003434,2025-03-19,OTA,B004407
Q003457,2025-03-19,Instagram,B004434
Q003469,2025-03-19,Walk-in,B004446
Q006509,2025-03-19,OTA,
Q006694,2025-03-19,Walk-in,
Q007509,2025-03-19,Website,
Q007956,2025-03-19,Website,
Q008092,2025-03-19,Referral,
Q003269,2025-03-20,OTA,B004204
Q003381,2025-03-20,Instagram,B004340
Q003426,2025-03-20,Walk-in,B004396
Q003437,2025-03-20,OTA,B004411
Q003562,2025-03-20,Instagram,B004568
Q003592,2025-03-20,Instagram,B004602
Q003601,2025-03-20,OTA,B004612
Q006721,2025-03-20,Walk-in,
Q006871,2025-03-20,Website,
Q007268,2025-03-20,Website,
Q007358,2025-03-20,Walk-in,
Q007675,2025-03-20,Website,
Q007855,2025-03-20,Referral,
Q008357,2025-03-20,OTA,
Q008421,2025-03-20,Walk-in,
Q008483,2025-03-20,Website,
Q003355,2025-03-21,OTA,B004309
Q003367,2025-03-21,Website,B004323
Q003385,2025-03-21,Website,B004344
Q003395,2025-03-21,Walk-in,B004355
Q003404,2025-03-21,Referral,B004365
Q003458,2025-03-21,Hotel Partner,B004435
Q003459,2025-03-21,Walk-in,B004436
Q003467,2025-03-21,Walk-in,B004444
Q003483,2025-03-21,Website,B004464
Q003493,2025-03-21,Walk-in,B004476
Q003531,2025-03-21,Hotel Partner,B004531
Q003575,2025-03-21,Walk-in,B004582
Q003578,2025-03-21,Walk-in,B004585
Q006558,2025-03-21,Walk-in,
Q006572,2025-03-21,Walk-in,
Q007377,2025-03-21,OTA,
Q007477,2025-03-21,OTA,
Q007884,2025-03-21,OTA,
Q008144,2025-03-21,Website,
Q008313,2025-03-21,OTA,
Q003322,2025-03-22,OTA,B004262
Q003390,2025-03-22,Hotel Partner,B004350
Q003427,2025-03-22,Walk-in,B004397
Q003428,2025-03-22,Referral,B004399
Q003480,2025-03-22,Website,B004460
Q003509,2025-03-22,Walk-in,B004499
Q003542,2025-03-22,Walk-in,B004544
Q003566,2025-03-22,Referral,B004572
Q003613,2025-03-22,Walk-in,B004628
Q006830,2025-03-22,Website,
Q006947,2025-03-22,Hotel Partner,
Q007388,2025-03-22,Referral,
Q007742,2025-03-22,Website,
Q008455,2025-03-22,OTA,
Q003303,2025-03-23,Website,B004241
Q003463,2025-03-23,Instagram,B004440
Q003482,2025-03-23,Referral,B004463
Q003517,2025-03-23,Instagram,B004510
Q003523,2025-03-23,Website,B004519
Q003555,2025-03-23,Walk-in,B004558
Q003597,2025-03-23,Hotel Partner,B004608
Q003620,2025-03-23,OTA,B004635
Q003650,2025-03-23,Referral,B004672
Q006512,2025-03-23,OTA,
Q006800,2025-03-23,Website,
Q007316,2025-03-23,Hotel Partner,
Q007340,2025-03-23,Website,
Q007390,2025-03-23,OTA,
Q007609,2025-03-23,Hotel Partner,
Q007677,2025-03-23,Walk-in,
Q003347,2025-03-24,Website,B004298
Q003405,2025-03-24,OTA,B004366
Q003411,2025-03-24,OTA,B004376
Q003515,2025-03-24,Referral,B004507
Q003657,2025-03-24,Website,B004682
Q006704,2025-03-24,Hotel Partner,
Q006764,2025-03-24,Instagram,
Q008206,2025-03-24,Walk-in,
Q008212,2025-03-24,Website,
Q003363,2025-03-25,Referral,B004319
Q003393,2025-03-25,Referral,B004353
Q003464,2025-03-25,OTA,B004441
Q003543,2025-03-25,Website,B004546
Q003545,2025-03-25,Walk-in,B004548
Q003561,2025-03-25,Walk-in,B004567
Q003593,2025-03-25,OTA,B004603
Q003603,2025-03-25,Hotel Partner,B004614
Q006583,2025-03-25,OTA,
Q006585,2025-03-25,OTA,
Q007004,2025-03-25,OTA,
Q007111,2025-03-25,Referral,
Q007225,2025-03-25,Walk-in,
Q007563,2025-03-25,Walk-in,
Q003249,2025-03-26,Referral,B004178
Q003356,2025-03-26,Hotel Partner,B004310
Q003454,2025-03-26,OTA,B004431
Q003560,2025-03-26,Referral,B004566
Q006565,2025-03-26,OTA,
Q006980,2025-03-26,Instagram,
Q007025,2025-03-26,Walk-in,
Q007128,2025-03-26,Website,
Q007149,2025-03-26,Walk-in,
Q007258,2025-03-26,Referral,
Q007626,2025-03-26,Walk-in,
Q003335,2025-03-27,Website,B004277
Q003349,2025-03-27,Walk-in,B004300
Q003435,2025-03-27,Instagram,B004409
Q003494,2025-03-27,Referral,B004477
Q003572,2025-03-27,Instagram,B004578
Q003580,2025-03-27,Website,B004588
Q003631,2025-03-27,Website,B004647
Q006649,2025-03-27,Website,
Q006728,2025-03-27,Walk-in,
Q006918,2025-03-27,OTA,
Q006975,2025-03-27,Hotel Partner,
Q007129,2025-03-27,Walk-in,
Q007201,2025-03-27,Hotel Partner,
Q007914,2025-03-27,Referral,
Q008356,2025-03-27,Referral,
Q008443,2025-03-27,OTA,
Q008476,2025-03-27,OTA,
Q003353,2025-03-28,OTA,B004306
Q003488,2025-03-28,OTA,B004471
Q003504,2025-03-28,OTA,B004490
Q003589,2025-03-28,OTA,B004599
Q003625,2025-03-28,Walk-in,B004641
Q003638,2025-03-28,Instagram,B004657
Q006944,2025-03-28,Instagram,
Q007186,2025-03-28,Website,
Q007522,2025-03-28,OTA,
Q007536,2025-03-28,Referral,
Q007810,2025-03-28,Walk-in,
Q008034,2025-03-28,Website,
Q008158,2025-03-28,Website,
Q003366,2025-03-29,Website,B004322
Q003397,2025-03-29,OTA,B004358
Q003422,2025-03-29,OTA,B004390
Q003461,2025-03-29,Website,B004438
Q003521,2025-03-29,Walk-in,B004517
Q003529,2025-03-29,Walk-in,B004528
Q003585,2025-03-29,Hotel Partner,B004594
Q003665,2025-03-29,Instagram,B004691
Q003696,2025-03-29,Instagram,B004733
Q007019,2025-03-29,OTA,
Q007048,2025-03-29,Website,
Q007197,2025-03-29,Referral,
Q007317,2025-03-29,Website,
Q007710,2025-03-29,Website,
Q007726,2025-03-29,OTA,
Q008104,2025-03-29,Instagram,
Q008168,2025-03-29,Website,
Q008194,2025-03-29,Instagram,
Q008216,2025-03-29,Referral,
Q008290,2025-03-29,Walk-in,
Q003299,2025-03-30,Walk-in,B004236
Q003419,2025-03-30,Hotel Partner,B004387
Q003441,2025-03-30,Hotel Partner,B004415
Q003447,2025-03-30,Website,B004422
Q003534,2025-03-30,OTA,B004534
Q003567,2025-03-30,Website,B004573
Q006537,2025-03-30,OTA,
Q006618,2025-03-30,Website,
Q006837,2025-03-30,OTA,
Q007216,2025-03-30,OTA,
Q007679,2025-03-30,OTA,
Q008175,2025-03-30,Referral,
Q003413,2025-03-31,Referral,B004379
Q003438,2025-03-31,Website,B004412
Q003468,2025-03-31,Instagram,B004445
Q003526,2025-03-31,Instagram,B004524
Q003538,2025-03-31,Walk-in,B004539
Q003544,2025-03-31,OTA,B004547
Q003584,2025-03-31,Hotel Partner,B004593
Q003622,2025-03-31,Walk-in,B004637
Q003645,2025-03-31,Instagram,B004667
Q003687,2025-03-31,OTA,B004719
Q003688,2025-03-31,Instagram,B004721
Q006514,2025-03-31,Walk-in,
Q006577,2025-03-31,Walk-in,
Q006627,2025-03-31,Instagram,
Q006642,2025-03-31,Referral,
Q006646,2025-03-31,OTA,
Q006816,2025-03-31,Walk-in,
Q006862,2025-03-31,Referral,
Q007575,2025-03-31,Website,
Q008215,2025-03-31,Hotel Partner,
Q003340,2025-04-01,Referral,B004282
Q003371,2025-04-01,Website,B004328
Q003537,2025-04-01,Website,B004538
Q003563,2025-04-01,Website,B004569
Q003599,2025-04-01,Hotel Partner,B004610
Q003678,2025-04-01,OTA,B004710
Q006651,2025-04-01,OTA,
Q007217,2025-04-01,Walk-in,
Q007275,2025-04-01,Walk-in,
Q007294,2025-04-01,Referral,
Q007374,2025-04-01,Walk-in,
Q007418,2025-04-01,Referral,
Q007606,2025-04-01,Instagram,
Q007872,2025-04-01,Referral,
Q003423,2025-04-02,Instagram,B004392
Q003489,2025-04-02,Website,B004472
Q003496,2025-04-02,Hotel Partner,B004479
Q003595,2025-04-02,Walk-in,B004605
Q006597,2025-04-02,OTA,
Q007332,2025-04-02,Instagram,
Q007603,2025-04-02,Referral,
Q007708,2025-04-02,Website,
Q008328,2025-04-02,Walk-in,
Q003539,2025-04-03,OTA,B004540
Q003556,2025-04-03,Instagram,B004560
Q003590,2025-04-03,OTA,B004600
Q003602,2025-04-03,Instagram,B004613
Q006517,2025-04-03,Hotel Partner,
Q006787,2025-04-03,OTA,
Q007283,2025-04-03,Instagram,
Q007420,2025-04-03,Referral,
Q007916,2025-04-03,Website,
Q007950,2025-04-03,Walk-in,
Q007964,2025-04-03,Website,
Q008463,2025-04-03,Referral,
Q003420,2025-04-04,Walk-in,B004388
Q003499,2025-04-04,OTA,B004484
Q003511,2025-04-04,Walk-in,B004501
Q003520,2025-04-04,Referral,B004516
Q003522,2025-04-04,Instagram,B004518
Q003604,2025-04-04,Walk-in,B004615
Q006755,2025-04-04,Walk-in,
Q007190,2025-04-04,Website,
Q007712,2025-04-04,Instagram,
Q003389,2025-04-05,Referral,B004349
Q003406,2025-04-05,Website,B004367
Q003449,2025-04-05,Referral,B004425
Q003475,2025-04-05,OTA,B004452
Q003506,2025-04-05,Website,B004492
Q003554,2025-04-05,Walk-in,B004557
Q003588,2025-04-05,Walk-in,B004598
Q003596,2025-04-05,Website,B004606
Q003608,2025-04-05,Walk-in,B004620
Q003611,2025-04-05,Walk-in,B004626
Q003618,2025-04-05,Walk-in,B004633
Q006661,2025-04-05,Website,
Q007055,2025-04-05,Walk-in,
Q007096,2025-04-05,Instagram,
Q007116,2025-04-05,Website,
Q008185,2025-04-05,Website,
Q008205,2025-04-05,Hotel Partner,
Q008218,2025-04-05,OTA,
Q008246,2025-04-05,Hotel Partner,
Q008321,2025-04-05,Instagram,
Q003442,2025-04-06,Walk-in,B004417
Q003445,2025-04-06,Instagram,B004420
Q003500,2025-04-06,Instagram,B004485
Q003516,2025-04-06,Walk-in,B004509
Q003569,2025-04-06,Walk-in,B004575
Q003694,2025-04-06,Referral,B004730
Q003697,2025-04-06,OTA,B004734
Q006870,2025-04-06,OTA,
Q006981,2025-04-06,Walk-in,
Q007121,2025-04-06,Walk-in,
Q007175,2025-04-06,Instagram,
Q007555,2025-04-06,Instagram,
Q007960,2025-04-06,OTA,
Q008068,2025-04-06,OTA,
Q008227,2025-04-06,Website,
Q008346,2025-04-06,Walk-in,
Q008442,2025-04-06,OTA,
Q003410,2025-04-07,Website,B004375
Q003446,2025-04-07,Website,B004421
Q003498,2025-04-07,Walk-in,B004483
Q003530,2025-04-07,Website,B004529
Q003536,2025-04-07,Referral,B004536
Q003634,2025-04-07,OTA,B004650
Q003691,2025-04-07,Hotel Partner,B004726
Q006710,2025-04-07,Instagram,
Q006827,2025-04-07,Referral,
Q006883,2025-04-07,Hotel Partner,
Q007035,2025-04-07,Walk-in,
Q007150,2025-04-07,Instagram,
Q007164,2025-04-07,Instagram,
Q007229,2025-04-07,OTA,
Q007301,2025-04-07,Instagram,
Q007478,2025-04-07,OTA,
Q007692,2025-04-07,Walk-in,
Q007893,2025-04-07,OTA,
Q007993,2025-04-07,Walk-in,
Q008199,2025-04-07,Referral,
Q003548,2025-04-08,Walk-in,B004551
Q003619,2025-04-08,Walk-in,B004634
Q003628,2025-04-08,OTA,B004644
Q003655,2025-04-08,Walk-in,B004678
Q003668,2025-04-08,OTA,B004694
Q006820,2025-04-08,OTA,
Q007479,2025-04-08,Walk-in,
Q007750,2025-04-08,OTA,
Q008156,2025-04-08,Instagram,
Q008178,2025-04-08,Instagram,
Q003644,2025-04-09,OTA,B004666
Q003646,2025-04-09,Referral,B004668
Q003729,2025-04-09,Walk-in,B004779
Q006594,2025-04-09,OTA,
Q006742,2025-04-09,Referral,
Q007146,2025-04-09,Website,
Q007232,2025-04-09,Instagram,
Q007242,2025-04-09,OTA,
Q007291,2025-04-09,Website,
Q007381,2025-04-09,Referral,
Q008473,2025-04-09,Walk-in,
Q003565,2025-04-10,Instagram,B004571
Q003623,2025-04-10,Website,B004639
Q003686,2025-04-10,OTA,B004718
Q007080,2025-04-10,Referral,
Q007089,2025-04-10,OTA,
Q007222,2025-04-10,Instagram,
Q007296,2025-04-10,Walk-in,
Q007978,2025-04-10,Website,
Q008163,2025-04-10,OTA,
Q003401,2025-04-11,OTA,B004362
Q003478,2025-04-11,OTA,B004456
Q003528,2025-04-11,Referral,B004527
Q003550,2025-04-11,OTA,B004553
Q003574,2025-04-11,Walk-in,B004581
Q003616,2025-04-11,OTA,B004631
Q003654,2025-04-11,Website,B004677
Q003715,2025-04-11,Walk-in,B004764
Q006716,2025-04-11,Hotel Partner,
Q006984,2025-04-11,Website,
Q007523,2025-04-11,Walk-in,
Q007611,2025-04-11,OTA,
Q007841,2025-04-11,Walk-in,
Q007857,2025-04-11,Referral,
Q008334,2025-04-11,Hotel Partner,
Q008392,2025-04-11,Hotel Partner,
Q008420,2025-04-11,Walk-in,
Q008435,2025-04-11,Walk-in,
Q003473,2025-04-12,Referral,B004450
Q003525,2025-04-12,Referral,B004523
Q003723,2025-04-12,Walk-in,B004772
Q006729,2025-04-12,Walk-in,
Q006962,2025-04-12,Referral,
Q006983,2025-04-12,OTA,
Q007090,2025-04-12,Instagram,
Q007322,2025-04-12,OTA,
Q007494,2025-04-12,Walk-in,
Q007512,2025-04-12,OTA,
Q003502,2025-04-13,Walk-in,B004487
Q003512,2025-04-13,Hotel Partner,B004502
Q003642,2025-04-13,Referral,B004663
Q003707,2025-04-13,OTA,B004749
Q003716,2025-04-13,OTA,B004765
Q003718,2025-04-13,Website,B004767
Q006689,2025-04-13,Instagram,
Q006766,2025-04-13,Instagram,
Q007039,2025-04-13,OTA,
Q007435,2025-04-13,Referral,
Q007773,2025-04-13,Hotel Partner,
Q008059,2025-04-13,Walk-in,
Q008426,2025-04-13,Hotel Partner,
Q003547,2025-04-14,OTA,B004550
Q003564,2025-04-14,OTA,B004570
Q003577,2025-04-14,Referral,B004584
Q003617,2025-04-14,OTA,B004632
Q003647,2025-04-14,Walk-in,B004669
Q003660,2025-04-14,Website,B004685
Q003663,2025-04-14,Referral,B004689
Q003698,2025-04-14,Website,B004735
Q006701,2025-04-14,Website,
Q006779,2025-04-14,Referral,
Q007120,2025-04-14,Instagram,
Q007367,2025-04-14,OTA,
Q007472,2025-04-14,OTA,
Q007532,2025-04-14,Walk-in,
Q007691,2025-04-14,Referral,
Q007949,2025-04-14,Walk-in,
Q003689,2025-04-15,Hotel Partner,B004724
Q003705,2025-04-15,Instagram,B004745
Q006900,2025-04-15,Walk-in,
Q007068,2025-04-15,Referral,
Q007122,2025-04-15,Referral,
Q007243,2025-04-15,Instagram,
Q008003,2025-04-15,Website,
Q008252,2025-04-15,Website,
Q008383,2025-04-15,Walk-in,
Q008411,2025-04-15,OTA,
Q003487,2025-04-16,Walk-in,B004470
Q003527,2025-04-16,Website,B004526
Q003581,2025-04-16,Website,B004589
Q003594,2025-04-16,Instagram,B004604
Q003607,2025-04-16,OTA,B004619
Q003614,2025-04-16,Walk-in,B004629
Q003632,2025-04-16,Instagram,B004648
Q003648,2025-04-16,OTA,B004670
Q003674,2025-04-16,OTA,B004704
Q003736,2025-04-16,Referral,B004787
Q007064,2025-04-16,Referral,
Q007302,2025-04-16,Referral,
Q007325,2025-04-16,Instagram,
Q007444,2025-04-16,OTA,
Q007793,2025-04-16,Hotel Partner,
Q007839,2025-04-16,OTA,
Q008276,2025-04-16,OTA,
Q008364,2025-04-16,Website,
Q003612,2025-04-17,Referral,B004627
Q003658,2025-04-17,OTA,B004683
Q003667,2025-04-17,Referral,B004693
Q003685,2025-04-17,Walk-in,B004717
Q003738,2025-04-17,Instagram,B004789
Q006624,2025-04-17,Instagram,
Q006785,2025-04-17,Instagram,
Q006899,2025-04-17,Walk-in,
Q007114,2025-04-17,Walk-in,
Q007155,2025-04-17,Walk-in,
Q007185,2025-04-17,Hotel Partner,
Q007364,2025-04-17,Website,
Q007480,2025-04-17,Website,
Q007580,2025-04-17,OTA,
Q007739,2025-04-17,Hotel Partner,
Q007774,2025-04-17,OTA,
Q007922,2025-04-17,Instagram,
Q008332,2025-04-17,Walk-in,
Q003570,2025-04-18,Website,B004576
Q003579,2025-04-18,OTA,B004587
Q003640,2025-04-18,Instagram,B004659
Q003641,2025-04-18,Hotel Partner,B004662
Q003712,2025-04-18,Referral,B004758
Q006604,2025-04-18,Walk-in,
Q006795,2025-04-18,Walk-in,
Q007173,2025-04-18,Walk-in,
Q007191,2025-04-18,OTA,
Q007209,2025-04-18,Website,
Q007349,2025-04-18,Website,
Q007398,2025-04-18,OTA,
Q007400,2025-04-18,Walk-in,
Q007429,2025-04-18,OTA,
Q007430,2025-04-18,Walk-in,
Q007925,2025-04-18,Referral,
Q008045,2025-04-18,Hotel Partner,
Q008090,2025-04-18,Hotel Partner,
Q003533,2025-04-19,OTA,B004533
Q006982,2025-04-19,Website,
Q007141,2025-04-19,Website,
Q007393,2025-04-19,Instagram,
Q007413,2025-04-19,Walk-in,
Q008387,2025-04-19,Instagram,
Q003490,2025-04-20,Website,B004473
Q003549,2025-04-20,Hotel Partner,B004552
Q003551,2025-04-20,Website,B004554
Q003571,2025-04-20,Referral,B004577
Q003600,2025-04-20,Website,B004611
Q003692,2025-04-20,OTA,B004727
Q003734,2025-04-20,Hotel Partner,B004785
Q006745,2025-04-20,Website,
Q006771,2025-04-20,OTA,
Q006819,2025-04-20,Instagram,
Q007527,2025-04-20,Referral,
Q007903,2025-04-20,Referral,
Q007977,2025-04-20,Website,
Q008053,2025-04-20,Referral,
Q008396,2025-04-20,Website,
Q008407,2025-04-20,Walk-in,
Q003636,2025-04-21,Website,B004654
Q003639,2025-04-21,Website,B004658
Q003690,2025-04-21,Walk-in,B004725
Q003695,2025-04-21,Website,B004731
Q006499,2025-04-21,Instagram,
Q006668,2025-04-21,Website,
Q006894,2025-04-21,Website,
Q007154,2025-04-21,Hotel Partner,
Q007157,2025-04-21,Instagram,
Q007456,2025-04-21,Walk-in,
Q008358,2025-04-21,Referral,
Q003507,2025-04-22,Hotel Partner,B004496
Q003591,2025-04-22,OTA,B004601
Q003624,2025-04-22,OTA,B004640
Q003633,2025-04-22,OTA,B004649
Q003673,2025-04-22,Referral,B004703
Q003725,2025-04-22,Referral,B004775
Q006516,2025-04-22,Walk-in,
Q007145,2025-04-22,Hotel Partner,
Q007189,2025-04-22,Website,
Q007634,2025-04-22,Walk-in,
Q008349,2025-04-22,OTA,
Q008380,2025-04-22,Website,
Q008445,2025-04-22,Website,
Q003586,2025-04-23,Website,B004596
Q003630,2025-04-23,Walk-in,B004646
Q003684,2025-04-23,Instagram,B004716
Q003693,2025-04-23,Hotel Partner,B004728
Q006527,2025-04-23,Walk-in,
Q006587,2025-04-23,OTA,
Q006590,2025-04-23,OTA,
Q006708,2025-04-23,OTA,
Q006817,2025-04-23,Instagram,
Q007552,2025-04-23,OTA,
Q008028,2025-04-23,Hotel Partner,
Q008373,2025-04-23,Instagram,
Q008448,2025-04-23,Hotel Partner,
Q003606,2025-04-24,Website,B004617
Q003637,2025-04-24,Walk-in,B004655
Q003662,2025-04-24,Walk-in,B004688
Q003682,2025-04-24,Website,B004714
Q003743,2025-04-24,Website,B004797
Q006699,2025-04-24,Walk-in,
Q006879,2025-04-24,OTA,
Q007737,2025-04-24,Instagram,
Q008169,2025-04-24,Walk-in,
Q008365,2025-04-24,OTA,
Q003651,2025-04-25,Walk-in,B004673
Q003677,2025-04-25,Instagram,B004707
Q003740,2025-04-25,Walk-in,B004794
Q003747,2025-04-25,OTA,B004803
Q006833,2025-04-25,Instagram,
Q006964,2025-04-25,OTA,
Q006973,2025-04-25,Walk-in,
Q006995,2025-04-25,Instagram,
Q007042,2025-04-25,Website,
Q007088,2025-04-25,OTA,
Q007200,2025-04-25,OTA,
Q007304,2025-04-25,Instagram,
Q007501,2025-04-25,Website,
Q007727,2025-04-25,Referral,
Q007743,2025-04-25,OTA,
Q007851,2025-04-25,Instagram,
Q007917,2025-04-25,Hotel Partner,
Q007967,2025-04-25,Website,
Q008461,2025-04-25,Walk-in,
Q003557,2025-04-26,OTA,B004562
Q003582,2025-04-26,OTA,B004590
Q003626,2025-04-26,OTA,B004642
Q006621,2025-04-26,Hotel Partner,
Q006896,2025-04-26,Walk-in,
Q008097,2025-04-26,Referral,
Q008249,2025-04-26,Hotel Partner,
Q008338,2025-04-26,OTA,
Q003680,2025-04-27,Hotel Partner,B004712
Q003681,2025-04-27,Referral,B004713
Q003714,2025-04-27,Website,B004763
Q003720,2025-04-27,OTA,B004769
Q003727,2025-04-27,OTA,B004777
Q007214,2025-04-27,OTA,
Q007519,2025-04-27,Instagram,
Q007705,2025-04-27,OTA,
Q007877,2025-04-27,OTA,
Q007885,2025-04-27,Walk-in,
Q007995,2025-04-27,Walk-in,
Q008026,2025-04-27,Walk-in,
Q003656,2025-04-28,Website,B004681
Q003664,2025-04-28,Website,B004690
Q003713,2025-04-28,Walk-in,B004760
Q003746,2025-04-28,OTA,B004801
Q006503,2025-04-28,Instagram,
Q006631,2025-04-28,Walk-in,
Q006960,2025-04-28,OTA,
Q006994,2025-04-28,Website,
Q007038,2025-04-28,Walk-in,
Q007060,2025-04-28,OTA,
Q007419,2025-04-28,Referral,
Q007526,2025-04-28,Website,
Q007696,2025-04-28,Walk-in,
Q007765,2025-04-28,Website,
Q007818,2025-04-28,OTA,
Q007907,2025-04-28,OTA,
Q003598,2025-04-29,Walk-in,B004609
Q003635,2025-04-29,Walk-in,B004651
Q003652,2025-04-29,Walk-in,B004674
Q007108,2025-04-29,Referral,
Q007363,2025-04-29,Website,
Q007486,2025-04-29,OTA,
Q007562,2025-04-29,Website,
Q007610,2025-04-29,Walk-in,
Q007898,2025-04-29,Instagram,
Q008187,2025-04-29,Website,
Q008425,2025-04-29,Referral,
Q008491,2025-04-29,Hotel Partner,
Q003629,2025-04-30,Walk-in,B004645
Q003702,2025-04-30,Website,B004739
Q003709,2025-04-30,Referral,B004752
Q003744,2025-04-30,Referral,B004799
Q007112,2025-04-30,OTA,
Q007445,2025-04-30,Walk-in,
Q007888,2025-04-30,Instagram,
Q007904,2025-04-30,Walk-in,
Q007919,2025-04-30,Hotel Partner,
Q008076,2025-04-30,Hotel Partner,
Q008211,2025-04-30,OTA,
Q008474,2025-04-30,Walk-in,
Q003609,2025-05-01,Instagram,B004621
Q006564,2025-05-01,OTA,
Q006656,2025-05-01,Walk-in,
Q006680,2025-05-01,OTA,
Q007002,2025-05-01,Walk-in,
Q007233,2025-05-01,Website,
Q007816,2025-05-01,Website,
Q007946,2025-05-01,Referral,
Q008117,2025-05-01,Walk-in,
Q008119,2025-05-01,Walk-in,
Q008209,2025-05-01,Website,
Q008310,2025-05-01,OTA,
Q003649,2025-05-02,Website,B004671
Q006769,2025-05-02,OTA,
Q006966,2025-05-02,OTA,
Q007076,2025-05-02,Walk-in,
Q007585,2025-05-02,Instagram,
Q007873,2025-05-02,Instagram,
Q008022,2025-05-02,Walk-in,
Q008160,2025-05-02,Instagram,
Q008289,2025-05-02,Walk-in,
Q008439,2025-05-02,OTA,
Q003699,2025-05-03,Referral,B004736
Q006913,2025-05-03,Walk-in,
Q006996,2025-05-03,Walk-in,
Q007016,2025-05-03,OTA,
Q007286,2025-05-03,Walk-in,
Q007414,2025-05-03,OTA,
Q007860,2025-05-03,Instagram,
Q008279,2025-05-03,Walk-in,
Q003669,2025-05-04,OTA,B004695
Q003676,2025-05-04,OTA,B004706
Q003722,2025-05-04,OTA,B004771
Q006790,2025-05-04,Walk-in,
Q007450,2025-05-04,Walk-in,
Q007502,2025-05-04,OTA,
Q007730,2025-05-04,Website,
Q008202,2025-05-04,OTA,
Q008489,2025-05-04,Referral,
Q003704,2025-05-05,Walk-in,B004744
Q003711,2025-05-05,OTA,B004757
Q006555,2025-05-05,OTA,
Q007545,2025-05-05,OTA,
Q007581,2025-05-05,OTA,
Q007778,2025-05-05,Walk-in,
Q007785,2025-05-05,OTA,
Q008324,2025-05-05,Hotel Partner,
Q003615,2025-05-06,Instagram,B004630
Q003666,2025-05-06,Website,B004692
Q003701,2025-05-06,Instagram,B004738
Q006666,2025-05-06,Website,
Q006695,2025-05-06,Instagram,
Q006791,2025-05-06,Referral,
Q006919,2025-05-06,Referral,
Q006933,2025-05-06,Hotel Partner,
Q007018,2025-05-06,Referral,
Q007105,2025-05-06,Instagram,
Q007123,2025-05-06,Instagram,
Q007518,2025-05-06,Instagram,
Q007896,2025-05-06,Walk-in,
Q008023,2025-05-06,Referral,
Q003675,2025-05-07,Website,B004705
Q003700,2025-05-07,OTA,B004737
Q003717,2025-05-07,OTA,B004766
Q006715,2025-05-07,Walk-in,
Q006904,2025-05-07,Walk-in,
Q007206,2025-05-07,Website,
Q007277,2025-05-07,Instagram,
Q007493,2025-05-07,OTA,
Q008055,2025-05-07,Referral,
Q008149,2025-05-07,OTA,
Q008174,2025-05-07,Instagram,
Q008467,2025-05-07,Walk-in,
Q003659,2025-05-08,Walk-in,B004684
Q006808,2025-05-08,Hotel Partner,
Q007084,2025-05-08,OTA,
Q007161,2025-05-08,Instagram,
Q007306,2025-05-08,Referral,
Q007805,2025-05-08,Referral,
Q007994,2025-05-08,OTA,
Q008375,2025-05-08,Instagram,
Q003643,2025-05-09,OTA,B004665
Q003679,2025-05-09,Website,B004711
Q006496,2025-05-09,Walk-in,
Q006546,2025-05-09,Website,
Q006738,2025-05-09,Walk-in,
Q007015,2025-05-09,Website,
Q007118,2025-05-09,OTA,
Q007405,2025-05-09,Walk-in,
Q007933,2025-05-09,Referral,
Q008071,2025-05-09,OTA,
Q008189,2025-05-09,Website,
Q008319,2025-05-09,Instagram,
Q008350,2025-05-09,Instagram,
Q006545,2025-05-10,OTA,
Q006931,2025-05-10,OTA,
Q006985,2025-05-10,Walk-in,
Q007109,2025-05-10,Walk-in,
Q007288,2025-05-10,OTA,
Q007321,2025-05-10,Website,
Q007416,2025-05-10,OTA,
Q007471,2025-05-10,Website,
Q007567,2025-05-10,Website,
Q007735,2025-05-10,OTA,
Q008018,2025-05-10,Walk-in,
Q008137,2025-05-10,Walk-in,
Q008172,2025-05-10,Website,
Q008331,2025-05-10,OTA,
Q003710,2025-05-11,OTA,B004756
Q006525,2025-05-11,OTA,
Q007028,2025-05-11,Hotel Partner,
Q007075,2025-05-11,Hotel Partner,
Q007198,2025-05-11,Referral,
Q007345,2025-05-11,Walk-in,
Q007399,2025-05-11,Instagram,
Q007588,2025-05-11,Walk-in,
Q007849,2025-05-11,Hotel Partner,
Q007869,2025-05-11,Walk-in,
Q007968,2025-05-11,Website,
Q008061,2025-05-11,Website,
Q003672,2025-05-12,Walk-in,B004702
Q006569,2025-05-12,Referral,
Q006760,2025-05-12,Instagram,
Q006774,2025-05-12,Hotel Partner,
Q006821,2025-05-12,Referral,
Q006945,2025-05-12,Referral,
Q007179,2025-05-12,Hotel Partner,
Q007234,2025-05-12,Website,
Q007239,2025-05-12,Website,
Q007264,2025-05-12,Website,
Q007278,2025-05-12,Walk-in,
Q007360,2025-05-12,OTA,
Q007436,2025-05-12,Walk-in,
Q007709,2025-05-12,OTA,
Q007969,2025-05-12,OTA,
Q008002,2025-05-12,Instagram,
Q008012,2025-05-12,Instagram,
Q008082,2025-05-12,OTA,
Q008204,2025-05-12,Instagram,
Q008285,2025-05-12,OTA,
Q003670,2025-05-13,Hotel Partner,B004697
Q003708,2025-05-13,Referral,B004750
Q006875,2025-05-13,OTA,
Q007598,2025-05-13,OTA,
Q008360,2025-05-13,Walk-in,
Q006850,2025-05-14,Walk-in,
Q007422,2025-05-14,Website,
Q008050,2025-05-14,Hotel Partner,
Q008301,2025-05-14,OTA,
Q003741,2025-05-15,Walk-in,B004795
Q006887,2025-05-15,Walk-in,
Q006948,2025-05-15,Hotel Partner,
Q007169,2025-05-15,Referral,
Q007392,2025-05-15,Walk-in,
Q007815,2025-05-15,Website,
Q008466,2025-05-15,OTA,
Q003661,2025-05-16,Referral,B004687
Q003671,2025-05-16,Website,B004698
Q003703,2025-05-16,Walk-in,B004740
Q003730,2025-05-16,OTA,B004780
Q006702,2025-05-16,Walk-in,
Q006705,2025-05-16,Walk-in,
Q006735,2025-05-16,Website,
Q006748,2025-05-16,OTA,
Q007119,2025-05-16,OTA,
Q007318,2025-05-16,Referral,
Q007505,2025-05-16,OTA,
Q007515,2025-05-16,Instagram,
Q007685,2025-05-16,Website,
Q007902,2025-05-16,Walk-in,
Q008162,2025-05-16,Website,
Q008262,2025-05-16,Instagram,
Q008415,2025-05-16,Referral,
Q008495,2025-05-16,OTA,
Q006690,2025-05-17,Instagram,
Q006969,2025-05-17,Walk-in,
Q007022,2025-05-17,Website,
Q007125,2025-05-17,Walk-in,
Q007426,2025-05-17,Hotel Partner,
Q007711,2025-05-17,Walk-in,
Q007783,2025-05-17,OTA,
Q008243,2025-05-17,OTA,
Q008359,2025-05-17,Website,
Q008400,2025-05-17,OTA,
Q006767,2025-05-18,OTA,
Q006778,2025-05-18,Website,
Q006963,2025-05-18,OTA,
Q007359,2025-05-18,Website,
Q007574,2025-05-18,Referral,
Q007690,2025-05-18,OTA,
Q007866,2025-05-18,Hotel Partner,
Q008378,2025-05-18,OTA,
Q008479,2025-05-18,Walk-in,
Q003706,2025-05-19,Walk-in,B004748
Q003719,2025-05-19,Hotel Partner,B004768
Q003724,2025-05-19,OTA,B004773
Q003737,2025-05-19,Walk-in,B004788
Q007260,2025-05-19,Website,
Q007538,2025-05-19,Walk-in,
Q007825,2025-05-19,Hotel Partner,
Q008036,2025-05-19,Walk-in,
Q008224,2025-05-19,Referral,
Q003726,2025-05-20,Website,B004776
Q003728,2025-05-20,Hotel Partner,B004778
Q006727,2025-05-20,Hotel Partner,
Q006907,2025-05-20,Walk-in,
Q007353,2025-05-20,Walk-in,
Q007510,2025-05-20,Website,
Q007720,2025-05-20,OTA,
Q007845,2025-05-20,Walk-in,
Q007931,2025-05-20,OTA,
Q008226,2025-05-20,Website,
Q008339,2025-05-20,OTA,
Q003683,2025-05-21,Website,B004715
Q003739,2025-05-21,Walk-in,B004792
Q006655,2025-05-21,Website,
Q006804,2025-05-21,Website,
Q006882,2025-05-21,OTA,
Q006988,2025-05-21,Website,
Q007104,2025-05-21,Walk-in,
Q008103,2025-05-21,Website,
Q008256,2025-05-21,Referral,
Q008484,2025-05-21,Website,
Q006610,2025-05-22,Referral,
Q006756,2025-05-22,Walk-in,
Q006761,2025-05-22,Walk-in,
Q006863,2025-05-22,Website,
Q007077,2025-05-22,OTA,
Q007305,2025-05-22,Instagram,
Q007912,2025-05-22,Website,
Q008201,2025-05-22,Referral,
Q008291,2025-05-22,Website,
Q003731,2025-05-23,OTA,B004781
Q006497,2025-05-23,Referral,
Q006712,2025-05-23,Hotel Partner,
Q007050,2025-05-23,Website,
Q007058,2025-05-23,Referral,
Q007780,2025-05-23,Referral,
Q007867,2025-05-23,Referral,
Q008213,2025-05-23,Referral,
Q008381,2025-05-23,Instagram,
Q003733,2025-05-24,Walk-in,B004784
Q006823,2025-05-24,Website,
Q006959,2025-05-24,Instagram,
Q007874,2025-05-24,Walk-in,
Q008077,2025-05-24,OTA,
Q008210,2025-05-24,Referral,
Q008388,2025-05-24,OTA,
Q006531,2025-05-25,Hotel Partner,
Q006897,2025-05-25,Website,
Q006939,2025-05-25,OTA,
Q007106,2025-05-25,Hotel Partner,
Q007287,2025-05-25,OTA,
Q007619,2025-05-25,Hotel Partner,
Q007736,2025-05-25,Hotel Partner,
Q007959,2025-05-25,Instagram,
Q008228,2025-05-25,Walk-in,
Q008266,2025-05-25,Walk-in,
Q008402,2025-05-25,Instagram,
Q008459,2025-05-25,Walk-in,
Q003721,2025-05-26,Instagram,B004770
Q006556,2025-05-26,Website,
Q006640,2025-05-26,Website,
Q006880,2025-05-26,Walk-in,
Q007195,2025-05-26,Walk-in,
Q007528,2025-05-26,Website,
Q008057,2025-05-26,Instagram,
Q008139,2025-05-26,Referral,
Q008437,2025-05-26,Website,
Q003735,2025-05-27,OTA,B004786
Q006773,2025-05-27,Website,
Q007328,2025-05-27,Instagram,
Q007865,2025-05-27,Referral,
Q008064,2025-05-27,OTA,
Q008457,2025-05-27,OTA,
Q006539,2025-05-28,OTA,
Q006574,2025-05-28,Instagram,
Q006579,2025-05-28,OTA,
Q006910,2025-05-28,Referral,
Q006956,2025-05-28,Website,
Q007396,2025-05-28,OTA,
Q007442,2025-05-28,Hotel Partner,
Q007657,2025-05-28,Walk-in,
Q007777,2025-05-28,Referral,
Q007806,2025-05-28,OTA,
Q007879,2025-05-28,Walk-in,
Q008394,2025-05-28,OTA,
Q006534,2025-05-29,Website,
Q006586,2025-05-29,Referral,
Q006786,2025-05-29,Website,
Q007065,2025-05-29,Referral,
Q007131,2025-05-29,Walk-in,
Q007184,2025-05-29,Referral,
Q007828,2025-05-29,Hotel Partner,
Q007895,2025-05-29,Referral,
Q008239,2025-05-29,Walk-in,
Q008327,2025-05-29,Walk-in,
Q008490,2025-05-29,Hotel Partner,
Q006653,2025-05-30,Walk-in,
Q006675,2025-05-30,Walk-in,
Q007117,2025-05-30,Website,
Q007276,2025-05-30,Hotel Partner,
Q007728,2025-05-30,Referral,
Q007966,2025-05-30,OTA,
Q008254,2025-05-30,Instagram,
Q007404,2025-05-31,Walk-in,
Q007441,2025-05-31,Referral,
Q007577,2025-05-31,Referral,
Q007648,2025-05-31,Website,
Q008005,2025-05-31,OTA,
Q008100,2025-05-31,Hotel Partner,
Q008270,2025-05-31,Instagram,
Q008296,2025-05-31,Hotel Partner,
Q003732,2025-06-02,OTA,B004782
Q003742,2025-06-04,OTA,B004796
Q003745,2025-06-04,OTA,B004800
Q003753,2025-07-31,Walk-in,B004810
Q003762,2025-08-01,OTA,B004822
Q003764,2025-08-05,Walk-in,B004824
Q003749,2025-08-06,OTA,B004806
Q003782,2025-08-08,OTA,B004847
Q003772,2025-08-09,Walk-in,B004833
Q003752,2025-08-13,Instagram,B004809
Q003852,2025-08-13,Referral,B004940
Q003809,2025-08-14,Website,B004880
Q003864,2025-08-14,Website,B004956
Q003769,2025-08-15,Website,B004830
Q003808,2025-08-15,OTA,B004878
Q003819,2025-08-16,Website,B004893
Q003767,2025-08-17,OTA,B004828
Q003801,2025-08-17,Referral,B004871
Q003756,2025-08-18,OTA,B004814
Q003792,2025-08-18,Instagram,B004860
Q003804,2025-08-18,OTA,B004874
Q003757,2025-08-19,Referral,B004815
Q003800,2025-08-19,OTA,B004870
Q003841,2025-08-19,Walk-in,B004922
Q003858,2025-08-20,OTA,B004949
Q003884,2025-08-22,Website,B004980
Q003748,2025-08-23,Referral,B004804
Q003911,2025-08-23,Instagram,B005013
Q003760,2025-08-24,Website,B004818
Q003773,2025-08-24,Walk-in,B004834
Q003790,2025-08-24,Hotel Partner,B004858
Q003803,2025-08-24,Walk-in,B004873
Q003891,2025-08-24,OTA,B004988
Q003927,2025-08-24,Website,B005032
Q003774,2025-08-25,OTA,B004835
Q003814,2025-08-25,Instagram,B004887
Q003794,2025-08-26,Walk-in,B004864
Q003802,2025-08-26,Referral,B004872
Q003848,2025-08-26,Walk-in,B004932
Q003815,2025-08-27,Hotel Partner,B004888
Q003871,2025-08-27,OTA,B004963
Q003827,2025-08-28,Website,B004902
Q003967,2025-08-28,Referral,B005087
Q003799,2025-08-29,Referral,B004869
Q003825,2025-08-29,Hotel Partner,B004901
Q003771,2025-08-30,Walk-in,B004832
Q003807,2025-08-30,Website,B004877
Q003828,2025-08-30,Walk-in,B004904
Q003844,2025-08-30,OTA,B004928
Q003853,2025-08-30,Walk-in,B004941
Q003876,2025-08-30,Hotel Partner,B004970
Q003943,2025-08-30,OTA,B005053
Q003908,2025-08-31,Website,B005010
Q003949,2025-08-31,Instagram,B005062
Q003758,2025-09-01,Walk-in,B004816
Q003770,2025-09-01,Instagram,B004831
Q003787,2025-09-01,Instagram,B004853
Q003798,2025-09-01,OTA,B004868
Q003935,2025-09-01,Referral,B005043
Q003765,2025-09-02,Referral,B004825
Q003766,2025-09-02,Hotel Partner,B004827
Q003829,2025-09-02,OTA,B004905
Q003869,2025-09-02,OTA,B004961
Q003870,2025-09-02,OTA,B004962
Q003885,2025-09-02,Website,B004981
Q003751,2025-09-03,Website,B004808
Q003840,2025-09-03,Website,B004921
Q003845,2025-09-03,Website,B004929
Q003887,2025-09-03,Referral,B004984
Q004000,2025-09-03,Instagram,B005130
Q003938,2025-09-04,Referral,B005047
Q003755,2025-09-05,Website,B004813
Q003791,2025-09-05,Website,B004859
Q003895,2025-09-05,OTA,B004992
Q003750,2025-09-06,OTA,B004807
Q003768,2025-09-06,OTA,B004829
Q003812,2025-09-06,Walk-in,B004883
Q003883,2025-09-06,Website,B004979
Q003974,2025-09-06,Walk-in,B005095
Q003793,2025-09-07,Instagram,B004861
Q003831,2025-09-07,Website,B004908
Q003879,2025-09-07,OTA,B004975
Q003910,2025-09-07,Instagram,B005012
Q003805,2025-09-08,Walk-in,B004875
Q003854,2025-09-08,Walk-in,B004942
Q004033,2025-09-08,OTA,B005171
Q003754,2025-09-09,Referral,B004812
Q003823,2025-09-09,Referral,B004899
Q003865,2025-09-09,Instagram,B004957
Q003874,2025-09-09,Hotel Partner,B004968
Q003915,2025-09-09,Referral,B005017
Q003932,2025-09-09,Website,B005038
Q003960,2025-09-09,Website,B005077
Q003781,2025-09-10,OTA,B004846
Q003796,2025-09-10,Referral,B004866
Q003843,2025-09-10,OTA,B004925
Q003898,2025-09-10,Website,B004997
Q003973,2025-09-10,Instagram,B005094
Q003861,2025-09-11,Hotel Partner,B004953
Q003971,2025-09-11,Website,B005091
Q003784,2025-09-12,Referral,B004850
Q003786,2025-09-12,OTA,B004852
Q003832,2025-09-12,OTA,B004909
Q003886,2025-09-12,Instagram,B004983
Q003893,2025-09-12,Instagram,B004990
Q003899,2025-09-12,OTA,B004999
Q003925,2025-09-12,OTA,B005030
Q003934,2025-09-12,Instagram,B005040
Q003958,2025-09-12,OTA,B005075
Q003777,2025-09-13,OTA,B004840
Q003824,2025-09-13,OTA,B004900
Q003830,2025-09-13,Referral,B004906
Q003759,2025-09-14,Walk-in,B004817
Q003813,2025-09-14,Referral,B004885
Q003820,2025-09-14,Referral,B004895
Q003947,2025-09-14,OTA,B005060
Q003761,2025-09-15,Walk-in,B004821
Q003779,2025-09-15,Website,B004842
Q003849,2025-09-15,Walk-in,B004933
Q003866,2025-09-15,Website,B004958
Q003878,2025-09-15,Hotel Partner,B004974
Q003785,2025-09-16,Website,B004851
Q003795,2025-09-16,Website,B004865
Q003839,2025-09-16,Website,B004919
Q003847,2025-09-16,Referral,B004931
Q003851,2025-09-16,Walk-in,B004938
Q003888,2025-09-16,Walk-in,B004985
Q003904,2025-09-16,Instagram,B005004
Q003909,2025-09-16,Referral,B005011
Q003920,2025-09-16,Instagram,B005023
Q003926,2025-09-16,OTA,B005031
Q003984,2025-09-16,Website,B005110
Q003833,2025-09-17,OTA,B004910
Q003837,2025-09-17,Walk-in,B004916
Q003902,2025-09-17,Walk-in,B005002
Q003907,2025-09-17,Website,B005008
Q003923,2025-09-17,Walk-in,B005026
Q004023,2025-09-17,OTA,B005159
Q003763,2025-09-18,Referral,B004823
Q003783,2025-09-18,Instagram,B004848
Q003862,2025-09-18,Walk-in,B004954
Q003882,2025-09-18,OTA,B004978
Q003921,2025-09-18,OTA,B005024
Q003977,2025-09-18,Instagram,B005098
Q004029,2025-09-18,OTA,B005166
Q003836,2025-09-19,Website,B004915
Q003872,2025-09-19,OTA,B004964
Q003889,2025-09-19,Referral,B004986
Q003894,2025-09-19,Instagram,B004991
Q003914,2025-09-19,OTA,B005016
Q003931,2025-09-19,Hotel Partner,B005036
Q003954,2025-09-19,Hotel Partner,B005070
Q003963,2025-09-19,OTA,B005081
Q003789,2025-09-20,Hotel Partner,B004857
Q003877,2025-09-20,OTA,B004971
Q003961,2025-09-20,Website,B005079
Q003969,2025-09-20,OTA,B005089
Q004004,2025-09-20,OTA,B005134
Q004012,2025-09-20,Walk-in,B005146
Q004046,2025-09-20,Walk-in,B005184
Q004106,2025-09-20,Referral,B005267
Q003939,2025-09-21,OTA,B005048
Q003944,2025-09-21,Instagram,B005055
Q003990,2025-09-21,OTA,B005119
Q003991,2025-09-21,Walk-in,B005120
Q003806,2025-09-22,Hotel Partner,B004876
Q003834,2025-09-22,OTA,B004911
Q003855,2025-09-22,OTA,B004943
Q003966,2025-09-22,OTA,B005084
Q003970,2025-09-22,Referral,B005090
Q004006,2025-09-22,Walk-in,B005137
Q004018,2025-09-22,Walk-in,B005153
Q004019,2025-09-22,Referral,B005154
Q004051,2025-09-22,Referral,B005191
Q004121,2025-09-22,Hotel Partner,B005286
Q003775,2025-09-23,Instagram,B004838
Q003850,2025-09-23,OTA,B004934
Q003924,2025-09-23,OTA,B005029
Q004066,2025-09-23,OTA,B005209
Q003816,2025-09-24,Website,B004889
Q003846,2025-09-24,OTA,B004930
Q003897,2025-09-24,Website,B004994
Q003818,2025-09-25,OTA,B004892
Q003916,2025-09-25,OTA,B005019
Q003941,2025-09-25,Walk-in,B005050
Q004022,2025-09-25,Referral,B005158
Q004095,2025-09-25,Walk-in,B005254
Q003780,2025-09-26,Website,B004843
Q003817,2025-09-26,Walk-in,B004891
Q003822,2025-09-26,Walk-in,B004898
Q003856,2025-09-26,Website,B004944
Q003859,2025-09-26,Instagram,B004950
Q003940,2025-09-26,Walk-in,B005049
Q003776,2025-09-27,Website,B004839
Q003863,2025-09-27,Instagram,B004955
Q004050,2025-09-27,Hotel Partner,B005189
Q004085,2025-09-27,Walk-in,B005238
Q004109,2025-09-27,OTA,B005270
Q004153,2025-09-27,Website,B005325
Q003788,2025-09-28,OTA,B004855
Q003860,2025-09-28,Referral,B004952
Q003867,2025-09-28,Walk-in,B004959
Q003868,2025-09-28,OTA,B004960
Q003896,2025-09-28,OTA,B004993
Q003936,2025-09-28,Walk-in,B005044
Q003965,2025-09-28,Website,B005083
Q003978,2025-09-28,OTA,B005100
Q004024,2025-09-28,Hotel Partner,B005160
Q003797,2025-09-29,Walk-in,B004867
Q003810,2025-09-29,Walk-in,B004881
Q003821,2025-09-29,OTA,B004896
Q003880,2025-09-29,OTA,B004976
Q003906,2025-09-29,Hotel Partner,B005006
Q004034,2025-09-29,OTA,B005172
Q004072,2025-09-29,Website,B005218
Q004077,2025-09-29,Website,B005226
Q004140,2025-09-29,Walk-in,B005310
Q003842,2025-09-30,Referral,B004923
Q003929,2025-09-30,Website,B005034
Q003983,2025-09-30,OTA,B005106
Q004092,2025-09-30,Walk-in,B005248
Q004154,2025-09-30,Walk-in,B005329
Q003811,2025-10-01,OTA,B004882
Q003875,2025-10-01,Walk-in,B004969
Q003905,2025-10-01,OTA,B005005
Q003995,2025-10-01,Instagram,B005124
Q003998,2025-10-01,Referral,B005128
Q004136,2025-10-01,OTA,B005306
Q008958,2025-10-01,Instagram,
Q008962,2025-10-01,OTA,
Q009436,2025-10-01,Walk-in,
Q009602,2025-10-01,Website,
Q009892,2025-10-01,OTA,
Q010209,2025-10-01,Hotel Partner,
Q010268,2025-10-01,OTA,
Q010531,2025-10-01,Website,
Q010703,2025-10-01,Instagram,
Q003903,2025-10-02,Website,B005003
Q003975,2025-10-02,Walk-in,B005096
Q004002,2025-10-02,OTA,B005132
Q004049,2025-10-02,Instagram,B005188
Q004105,2025-10-02,Referral,B005266
Q004172,2025-10-02,OTA,B005352
Q008653,2025-10-02,OTA,
Q008799,2025-10-02,OTA,
Q008912,2025-10-02,Website,
Q008923,2025-10-02,Website,
Q009505,2025-10-02,OTA,
Q009954,2025-10-02,Walk-in,
Q010047,2025-10-02,OTA,
Q010148,2025-10-02,Website,
Q010682,2025-10-02,OTA,
Q003928,2025-10-03,Walk-in,B005033
Q003930,2025-10-03,Hotel Partner,B005035
Q003985,2025-10-03,OTA,B005111
Q004039,2025-10-03,Website,B005177
Q004064,2025-10-03,Website,B005206
Q004101,2025-10-03,OTA,B005262
Q008853,2025-10-03,OTA,
Q009072,2025-10-03,Walk-in,
Q009819,2025-10-03,Website,
Q009860,2025-10-03,Website,
Q009917,2025-10-03,Website,
Q009993,2025-10-03,Instagram,
Q010121,2025-10-03,Instagram,
Q010359,2025-10-03,Website,
Q010617,2025-10-03,Instagram,
Q003778,2025-10-04,OTA,B004841
Q003857,2025-10-04,OTA,B004945
Q003881,2025-10-04,Website,B004977
Q003957,2025-10-04,Instagram,B005074
Q003962,2025-10-04,Walk-in,B005080
Q004042,2025-10-04,OTA,B005180
Q004043,2025-10-04,Website,B005181
Q008864,2025-10-04,Instagram,
Q008972,2025-10-04,Walk-in,
Q009773,2025-10-04,Walk-in,
Q009774,2025-10-04,Hotel Partner,
Q009844,2025-10-04,Walk-in,
Q010063,2025-10-04,Walk-in,
Q010658,2025-10-04,OTA,
Q010716,2025-10-04,Walk-in,
Q010767,2025-10-04,Website,
Q003873,2025-10-05,OTA,B004967
Q003919,2025-10-05,Hotel Partner,B005022
Q003937,2025-10-05,Website,B005045
Q003951,2025-10-05,Walk-in,B005065
Q004015,2025-10-05,Hotel Partner,B005149
Q004086,2025-10-05,OTA,B005239
Q008670,2025-10-05,OTA,
Q009027,2025-10-05,OTA,
Q009031,2025-10-05,Instagram,
Q009308,2025-10-05,Instagram,
Q009776,2025-10-05,Referral,
Q009968,2025-10-05,Instagram,
Q010265,2025-10-05,OTA,
Q010614,2025-10-05,Referral,
Q010688,2025-10-05,OTA,
Q010698,2025-10-05,Referral,
Q003835,2025-10-06,Walk-in,B004914
Q003838,2025-10-06,OTA,B004918
Q003948,2025-10-06,Walk-in,B005061
Q004005,2025-10-06,OTA,B005136
Q004147,2025-10-06,Hotel Partner,B005318
Q008602,2025-10-06,Instagram,
Q008774,2025-10-06,Hotel Partner,
Q008950,2025-10-06,Instagram,
Q009456,2025-10-06,Website,
Q010036,2025-10-06,Walk-in,
Q010067,2025-10-06,Walk-in,
Q010267,2025-10-06,Hotel Partner,
Q010335,2025-10-06,OTA,
Q010628,2025-10-06,Website,
Q010639,2025-10-06,Walk-in,
Q010769,2025-10-06,OTA,
Q003900,2025-10-07,OTA,B005000
Q003959,2025-10-07,Website,B005076
Q003982,2025-10-07,OTA,B005104
Q004011,2025-10-07,Hotel Partner,B005144
Q004032,2025-10-07,Referral,B005169
Q004234,2025-10-07,Referral,B005433
Q008512,2025-10-07,Instagram,
Q009143,2025-10-07,Walk-in,
Q009675,2025-10-07,OTA,
Q009906,2025-10-07,OTA,
Q010056,2025-10-07,Referral,
Q010150,2025-10-07,Hotel Partner,
Q010580,2025-10-07,Walk-in,
Q003890,2025-10-08,Referral,B004987
Q003901,2025-10-08,OTA,B005001
Q003950,2025-10-08,OTA,B005064
Q003993,2025-10-08,Instagram,B005122
Q004036,2025-10-08,OTA,B005174
Q004041,2025-10-08,Walk-in,B005179
Q004098,2025-10-08,Website,B005259
Q004142,2025-10-08,Walk-in,B005312
Q004150,2025-10-08,OTA,B005321
Q008698,2025-10-08,Instagram,
Q008707,2025-10-08,OTA,
Q008804,2025-10-08,Website,
Q009089,2025-10-08,Website,
Q009129,2025-10-08,Hotel Partner,
Q009324,2025-10-08,Hotel Partner,
Q009334,2025-10-08,Walk-in,
Q009494,2025-10-08,Referral,
Q009709,2025-10-08,OTA,
Q010154,2025-10-08,OTA,
Q010223,2025-10-08,Website,
Q010725,2025-10-08,OTA,
Q010727,2025-10-08,Referral,
Q003918,2025-10-09,Walk-in,B005021
Q004030,2025-10-09,Walk-in,B005167
Q004108,2025-10-09,Website,B005269
Q004114,2025-10-09,OTA,B005278
Q004117,2025-10-09,Referral,B005282
Q008536,2025-10-09,Website,
Q009915,2025-10-09,OTA,
Q010172,2025-10-09,Instagram,
Q010195,2025-10-09,Walk-in,
Q010198,2025-10-09,OTA,
Q010242,2025-10-09,Instagram,
Q010394,2025-10-09,OTA,
Q010635,2025-10-09,Walk-in,
Q010706,2025-10-09,Walk-in,
Q002032,2025-10-10,OTA,B004894
Q003945,2025-10-10,OTA,B005056
Q003952,2025-10-10,Website,B005067
Q003955,2025-10-10,Hotel Partner,B005072
Q003996,2025-10-10,Referral,B005125
Q004016,2025-10-10,Website,B005150
Q004055,2025-10-10,Instagram,B005195
Q004074,2025-10-10,Referral,B005221
Q004118,2025-10-10,Website,B005283
Q004130,2025-10-10,OTA,B005297
Q004274,2025-10-10,Hotel Partner,B005478
Q008501,2025-10-10,Walk-in,
Q008741,2025-10-10,Website,
Q008842,2025-10-10,OTA,
Q008880,2025-10-10,OTA,
Q009317,2025-10-10,Hotel Partner,
Q009500,2025-10-10,Instagram,
Q009535,2025-10-10,OTA,
Q009758,2025-10-10,Hotel Partner,
Q009845,2025-10-10,OTA,
Q010076,2025-10-10,OTA,
Q010328,2025-10-10,Walk-in,
Q010497,2025-10-10,Walk-in,
Q010519,2025-10-10,OTA,
Q010729,2025-10-10,Hotel Partner,
Q003922,2025-10-11,OTA,B005025
Q003979,2025-10-11,OTA,B005101
Q004160,2025-10-11,Website,B005336
Q004236,2025-10-11,Website,B005435
Q004249,2025-10-11,Website,B005449
Q008705,2025-10-11,Instagram,
Q008721,2025-10-11,Instagram,
Q008847,2025-10-11,Walk-in,
Q009183,2025-10-11,OTA,
Q009198,2025-10-11,Instagram,
Q009859,2025-10-11,Referral,
Q010419,2025-10-11,OTA,
Q003913,2025-10-12,OTA,B005015
Q003917,2025-10-12,Walk-in,B005020
Q004031,2025-10-12,Instagram,B005168
Q004060,2025-10-12,Hotel Partner,B005201
Q004191,2025-10-12,Instagram,B005376
Q004192,2025-10-12,OTA,B005378
Q004221,2025-10-12,Instagram,B005415
Q008762,2025-10-12,Walk-in,
Q009517,2025-10-12,Instagram,
Q009552,2025-10-12,Website,
Q009755,2025-10-12,Website,
Q010005,2025-10-12,Website,
Q010459,2025-10-12,OTA,
Q010586,2025-10-12,Walk-in,
Q010771,2025-10-12,Instagram,
Q003968,2025-10-13,OTA,B005088
Q003972,2025-10-13,OTA,B005092
Q003987,2025-10-13,OTA,B005116
Q003989,2025-10-13,OTA,B005118
Q004027,2025-10-13,OTA,B005164
Q004048,2025-10-13,Website,B005186
Q004082,2025-10-13,OTA,B005232
Q004103,2025-10-13,Website,B005264
Q004164,2025-10-13,Instagram,B005341
Q008655,2025-10-13,OTA,
Q008768,2025-10-13,OTA,
Q008828,2025-10-13,Hotel Partner,
Q009039,2025-10-13,Instagram,
Q009065,2025-10-13,Walk-in,
Q009247,2025-10-13,Walk-in,
Q009283,2025-10-13,OTA,
Q009310,2025-10-13,Website,
Q009553,2025-10-13,Referral,
Q009567,2025-10-13,OTA,
Q009704,2025-10-13,Website,
Q010422,2025-10-13,Walk-in,
Q003980,2025-10-14,OTA,B005102
Q003981,2025-10-14,Website,B005103
Q004065,2025-10-14,OTA,B005208
Q004135,2025-10-14,Walk-in,B005304
Q004158,2025-10-14,OTA,B005334
Q004222,2025-10-14,Instagram,B005416
Q008588,2025-10-14,Website,
Q008658,2025-10-14,OTA,
Q008714,2025-10-14,OTA,
Q009446,2025-10-14,Instagram,
Q009869,2025-10-14,OTA,
Q010368,2025-10-14,OTA,
Q010544,2025-10-14,Website,
Q010779,2025-10-14,Walk-in,
Q003976,2025-10-15,Website,B005097
Q004020,2025-10-15,Walk-in,B005156
Q004081,2025-10-15,Referral,B005231
Q004100,2025-10-15,Instagram,B005261
Q004177,2025-10-15,OTA,B005358
Q008836,2025-10-15,OTA,
Q008944,2025-10-15,Walk-in,
Q009703,2025-10-15,OTA,
Q010072,2025-10-15,Hotel Partner,
Q003892,2025-10-16,OTA,B004989
Q003912,2025-10-16,Hotel Partner,B005014
Q003956,2025-10-16,Walk-in,B005073
Q004001,2025-10-16,Walk-in,B005131
Q004045,2025-10-16,Hotel Partner,B005183
Q004073,2025-10-16,Hotel Partner,B005220
Q004088,2025-10-16,OTA,B005242
Q004091,2025-10-16,Referral,B005247
Q004139,2025-10-16,Referral,B005309
Q004211,2025-10-16,Walk-in,B005402
Q004269,2025-10-16,Walk-in,B005472
Q004289,2025-10-16,Instagram,B005497
Q008555,2025-10-16,OTA,
Q009316,2025-10-16,Referral,
Q009340,2025-10-16,Website,
Q009723,2025-10-16,Walk-in,
Q010320,2025-10-16,OTA,
Q010740,2025-10-16,OTA,
Q004010,2025-10-17,Referral,B005143
Q004059,2025-10-17,Instagram,B005199
Q004107,2025-10-17,OTA,B005268
Q004186,2025-10-17,Walk-in,B005370
Q004193,2025-10-17,OTA,B005379
Q004232,2025-10-17,Hotel Partner,B005431
Q004253,2025-10-17,Referral,B005453
Q004303,2025-10-17,OTA,B005514
Q009127,2025-10-17,OTA,
Q009329,2025-10-17,OTA,
Q009653,2025-10-17,Walk-in,
Q010568,2025-10-17,Walk-in,
Q010570,2025-10-17,Website,
Q010710,2025-10-17,OTA,
Q010784,2025-10-17,Website,
Q003946,2025-10-18,Referral,B005057
Q004099,2025-10-18,Hotel Partner,B005260
Q004102,2025-10-18,Instagram,B005263
Q004182,2025-10-18,Referral,B005363
Q004228,2025-10-18,Referral,B005425
Q004285,2025-10-18,OTA,B005493
Q008964,2025-10-18,OTA,
Q009225,2025-10-18,Walk-in,
Q009510,2025-10-18,OTA,
Q009533,2025-10-18,Referral,
Q009747,2025-10-18,OTA,
Q010240,2025-10-18,Walk-in,
Q010406,2025-10-18,Website,
Q010529,2025-10-18,Website,
Q010669,2025-10-18,Website,
Q003942,2025-10-19,Walk-in,B005052
Q003953,2025-10-19,Hotel Partner,B005069
Q003986,2025-10-19,Website,B005112
Q004087,2025-10-19,Walk-in,B005240
Q004093,2025-10-19,Instagram,B005249
Q004116,2025-10-19,OTA,B005281
Q004181,2025-10-19,Instagram,B005362
Q004196,2025-10-19,OTA,B005383
Q004218,2025-10-19,Instagram,B005412
Q004270,2025-10-19,OTA,B005473
Q008548,2025-10-19,OTA,
Q008956,2025-10-19,Walk-in,
Q008995,2025-10-19,Instagram,
Q009067,2025-10-19,Website,
Q009266,2025-10-19,Walk-in,
Q009870,2025-10-19,Referral,
Q009971,2025-10-19,Website,
Q010033,2025-10-19,OTA,
Q010245,2025-10-19,Referral,
Q010266,2025-10-19,Website,
Q010583,2025-10-19,OTA,
Q003997,2025-10-20,OTA,B005127
Q004162,2025-10-20,Website,B005339
Q004340,2025-10-20,Walk-in,B005556
Q008895,2025-10-20,Website,
Q008899,2025-10-20,Referral,
Q009111,2025-10-20,Website,
Q009259,2025-10-20,Instagram,
Q009286,2025-10-20,OTA,
Q009415,2025-10-20,Walk-in,
Q009829,2025-10-20,OTA,
Q009839,2025-10-20,Referral,
Q009999,2025-10-20,OTA,
Q010046,2025-10-20,Website,
Q010146,2025-10-20,Website,
Q010230,2025-10-20,Hotel Partner,
Q010345,2025-10-20,Instagram,
Q010496,2025-10-20,Instagram,
Q010701,2025-10-20,OTA,
Q010764,2025-10-20,Website,
Q004025,2025-10-21,Referral,B005162
Q004053,2025-10-21,Website,B005193
Q004169,2025-10-21,Website,B005346
Q008525,2025-10-21,Walk-in,
Q008593,2025-10-21,OTA,
Q008971,2025-10-21,Referral,
Q009100,2025-10-21,Instagram,
Q009328,2025-10-21,OTA,
Q009339,2025-10-21,OTA,
Q009385,2025-10-21,Walk-in,
Q009452,2025-10-21,OTA,
Q009823,2025-10-21,Instagram,
Q009861,2025-10-21,OTA,
Q009925,2025-10-21,Instagram,
Q009958,2025-10-21,Referral,
Q010090,2025-10-21,Walk-in,
Q010382,2025-10-21,OTA,
Q004009,2025-10-22,Referral,B005142
Q004078,2025-10-22,OTA,B005227
Q004155,2025-10-22,OTA,B005330
Q004198,2025-10-22,Walk-in,B005386
Q004257,2025-10-22,OTA,B005459
Q004268,2025-10-22,OTA,B005471
Q008933,2025-10-22,OTA,
Q008961,2025-10-22,OTA,
Q009406,2025-10-22,OTA,
Q009813,2025-10-22,Website,
Q010257,2025-10-22,Walk-in,
Q010446,2025-10-22,Instagram,
Q010462,2025-10-22,Hotel Partner,
Q003933,2025-10-23,OTA,B005039
Q004008,2025-10-23,OTA,B005140
Q004035,2025-10-23,Walk-in,B005173
Q004047,2025-10-23,Website,B005185
Q004057,2025-10-23,Instagram,B005197
Q004067,2025-10-23,Hotel Partner,B005211
Q004183,2025-10-23,Instagram,B005366
Q004244,2025-10-23,Walk-in,B005444
Q004279,2025-10-23,Website,B005483
Q004284,2025-10-23,OTA,B005491
Q004360,2025-10-23,Website,B005581
Q008595,2025-10-23,OTA,
Q008879,2025-10-23,Website,
Q009023,2025-10-23,Website,
Q009515,2025-10-23,OTA,
Q009611,2025-10-23,OTA,
Q009725,2025-10-23,Instagram,
Q010115,2025-10-23,Referral,
Q010130,2025-10-23,Website,
Q010642,2025-10-23,Hotel Partner,
Q010657,2025-10-23,OTA,
Q010717,2025-10-23,Walk-in,
Q003964,2025-10-24,Walk-in,B005082
Q003988,2025-10-24,Walk-in,B005117
Q004026,2025-10-24,OTA,B005163
Q004209,2025-10-24,Website,B005400
Q004331,2025-10-24,Website,B005547
Q008594,2025-10-24,Referral,
Q008701,2025-10-24,OTA,
Q010152,2025-10-24,Walk-in,
Q010176,2025-10-24,Referral,
Q004007,2025-10-25,Website,B005138
Q004021,2025-10-25,OTA,B005157
Q004040,2025-10-25,OTA,B005178
Q004104,2025-10-25,Website,B005265
Q004205,2025-10-25,Instagram,B005394
Q004275,2025-10-25,OTA,B005479
Q004291,2025-10-25,Walk-in,B005501
Q004336,2025-10-25,OTA,B005552
Q004373,2025-10-25,Instagram,B005596
Q008504,2025-10-25,Referral,
Q008886,2025-10-25,Walk-in,
Q008907,2025-10-25,OTA,
Q009218,2025-10-25,Referral,
Q009926,2025-10-25,Website,
Q010155,2025-10-25,OTA,
Q010158,2025-10-25,Referral,
Q010234,2025-10-25,Website,
Q010646,2025-10-25,OTA,
Q010683,2025-10-25,OTA,
Q003992,2025-10-26,Hotel Partner,B005121
Q003999,2025-10-26,Website,B005129
Q004058,2025-10-26,Hotel Partner,B005198
Q004110,2025-10-26,Instagram,B005272
Q004133,2025-10-26,OTA,B005302
Q004170,2025-10-26,OTA,B005348
Q004310,2025-10-26,Instagram,B005522
Q004343,2025-10-26,Instagram,B005560
Q008717,2025-10-26,Walk-in,
Q009097,2025-10-26,Walk-in,
Q009107,2025-10-26,OTA,
Q009180,2025-10-26,Referral,
Q009195,2025-10-26,Website,
Q009239,2025-10-26,Instagram,
Q009293,2025-10-26,Website,
Q009391,2025-10-26,Website,
Q009546,2025-10-26,OTA,
Q009559,2025-10-26,OTA,
Q009674,2025-10-26,OTA,
Q009792,2025-10-26,Referral,
Q009973,2025-10-26,Walk-in,
Q010662,2025-10-26,Hotel Partner,
Q010781,2025-10-26,Website,
Q004157,2025-10-27,Walk-in,B005333
Q004202,2025-10-27,Walk-in,B005391
Q004210,2025-10-27,Website,B005401
Q004219,2025-10-27,Website,B005413
Q004364,2025-10-27,Website,B005585
Q004442,2025-10-27,Instagram,B005685
Q008984,2025-10-27,OTA,
Q009088,2025-10-27,Walk-in,
Q009132,2025-10-27,Instagram,
Q009264,2025-10-27,Walk-in,
Q009539,2025-10-27,Walk-in,
Q009557,2025-10-27,Walk-in,
Q009692,2025-10-27,OTA,
Q009784,2025-10-27,Referral,
Q009803,2025-10-27,Instagram,
Q009928,2025-10-27,OTA,
Q010666,2025-10-27,Website,
Q004037,2025-10-28,Referral,B005175
Q004071,2025-10-28,OTA,B005217
Q004112,2025-10-28,Website,B005276
Q004113,2025-10-28,OTA,B005277
Q004127,2025-10-28,Referral,B005293
Q004129,2025-10-28,Referral,B005295
Q004149,2025-10-28,OTA,B005320
Q004214,2025-10-28,Instagram,B005407
Q008590,2025-10-28,Walk-in,
Q008818,2025-10-28,OTA,
Q009403,2025-10-28,Instagram,
Q009443,2025-10-28,Walk-in,
Q009652,2025-10-28,Instagram,
Q009849,2025-10-28,Walk-in,
Q010123,2025-10-28,Hotel Partner,
Q010513,2025-10-28,OTA,
Q004028,2025-10-29,Website,B005165
Q004054,2025-10-29,Walk-in,B005194
Q004151,2025-10-29,OTA,B005322
Q004200,2025-10-29,Instagram,B005388
Q009192,2025-10-29,OTA,
Q009580,2025-10-29,Walk-in,
Q010481,2025-10-29,Website,
Q010828,2025-10-29,OTA,
Q004111,2025-10-30,Website,B005273
Q004131,2025-10-30,Walk-in,B005298
Q004184,2025-10-30,OTA,B005367
Q004188,2025-10-30,OTA,B005372
Q004260,2025-10-30,Website,B005463
Q004266,2025-10-30,Referral,B005469
Q004388,2025-10-30,OTA,B005616
Q008507,2025-10-30,Referral,
Q008634,2025-10-30,OTA,
Q008808,2025-10-30,Website,
Q009351,2025-10-30,Walk-in,
Q009801,2025-10-30,Website,
Q010052,2025-10-30,Walk-in,
Q010317,2025-10-30,Referral,
Q010372,2025-10-30,OTA,
Q010415,2025-10-30,Instagram,
Q004052,2025-10-31,OTA,B005192
Q004062,2025-10-31,Website,B005204
Q004070,2025-10-31,Website,B005216
Q004089,2025-10-31,Website,B005243
Q004090,2025-10-31,Referral,B005246
Q004094,2025-10-31,OTA,B005251
Q004179,2025-10-31,Website,B005360
Q004247,2025-10-31,Hotel Partner,B005447
Q004248,2025-10-31,Referral,B005448
Q004314,2025-10-31,Walk-in,B005526
Q004332,2025-10-31,OTA,B005548
Q004384,2025-10-31,Instagram,B005612
Q004399,2025-10-31,OTA,B005629
Q008819,2025-10-31,Website,
Q009224,2025-10-31,Website,
Q009313,2025-10-31,Instagram,
Q009648,2025-10-31,Hotel Partner,
Q009815,2025-10-31,Referral,
Q010016,2025-10-31,Referral,
Q010336,2025-10-31,OTA,
Q003994,2025-11-01,Website,B005123
Q004075,2025-11-01,Website,B005223
Q004084,2025-11-01,OTA,B005236
Q004123,2025-11-01,Instagram,B005288
Q004311,2025-11-01,Website,B005523
Q004443,2025-11-01,Website,B005686
Q008840,2025-11-01,Hotel Partner,
Q008909,2025-11-01,Instagram,
Q008975,2025-11-01,OTA,
Q009199,2025-11-01,OTA,
Q009235,2025-11-01,OTA,
Q009320,2025-11-01,Referral,
Q009538,2025-11-01,Referral,
Q009932,2025-11-01,Referral,
Q010039,2025-11-01,Referral,
Q010062,2025-11-01,Hotel Partner,
Q010196,2025-11-01,OTA,
Q010203,2025-11-01,Website,
Q004038,2025-11-02,Instagram,B005176
Q004097,2025-11-02,Hotel Partner,B005257
Q004134,2025-11-02,OTA,B005303
Q004195,2025-11-02,Walk-in,B005382
Q004220,2025-11-02,Walk-in,B005414
Q004327,2025-11-02,Website,B005542
Q004375,2025-11-02,Website,B005598
Q004376,2025-11-02,OTA,B005601
Q004418,2025-11-02,Website,B005656
Q004432,2025-11-02,OTA,B005673
Q004453,2025-11-02,Instagram,B005701
Q004483,2025-11-02,OTA,B005740
Q008585,2025-11-02,OTA,
Q008834,2025-11-02,Referral,
Q008874,2025-11-02,Referral,
Q009305,2025-11-02,OTA,
Q009401,2025-11-02,Walk-in,
Q009618,2025-11-02,Website,
Q009789,2025-11-02,Walk-in,
Q010074,2025-11-02,Walk-in,
Q010346,2025-11-02,OTA,
Q010365,2025-11-02,Instagram,
Q010534,2025-11-02,OTA,
Q004063,2025-11-03,Hotel Partner,B005205
Q004166,2025-11-03,Hotel Partner,B005343
Q004189,2025-11-03,OTA,B005374
Q004233,2025-11-03,OTA,B005432
Q004328,2025-11-03,Hotel Partner,B005543
Q004337,2025-11-03,Website,B005553
Q004468,2025-11-03,Walk-in,B005722
Q008798,2025-11-03,OTA,
Q008978,2025-11-03,OTA,
Q009059,2025-11-03,Instagram,
Q009114,2025-11-03,Website,
Q009708,2025-11-03,OTA,
Q010392,2025-11-03,Instagram,
Q010505,2025-11-03,Website,
Q010557,2025-11-03,OTA,
Q010648,2025-11-03,Website,
Q004013,2025-11-04,Walk-in,B005147
Q004017,2025-11-04,Walk-in,B005151
Q004143,2025-11-04,Hotel Partner,B005314
Q004174,2025-11-04,OTA,B005354
Q004197,2025-11-04,Website,B005384
Q004207,2025-11-04,Referral,B005396
Q004240,2025-11-04,Website,B005440
Q004251,2025-11-04,OTA,B005451
Q004254,2025-11-04,OTA,B005454
Q004263,2025-11-04,Walk-in,B005466
Q004296,2025-11-04,OTA,B005506
Q004297,2025-11-04,OTA,B005507
Q004320,2025-11-04,Referral,B005534
Q004413,2025-11-04,Instagram,B005650
Q009102,2025-11-04,Walk-in,
Q009173,2025-11-04,Walk-in,
Q009240,2025-11-04,OTA,
Q009366,2025-11-04,Referral,
Q009430,2025-11-04,Hotel Partner,
Q009498,2025-11-04,OTA,
Q009609,2025-11-04,Instagram,
Q009658,2025-11-04,Walk-in,
Q009698,2025-11-04,Walk-in,
Q010202,2025-11-04,Referral,
Q010304,2025-11-04,Walk-in,
Q010358,2025-11-04,OTA,
Q010448,2025-11-04,Website,
Q010492,2025-11-04,Instagram,
Q010625,2025-11-04,Walk-in,
Q010812,2025-11-04,OTA,
Q004003,2025-11-05,OTA,B005133
Q004014,2025-11-05,Instagram,B005148
Q004076,2025-11-05,OTA,B005224
Q004096,2025-11-05,Walk-in,B005256
Q004120,2025-11-05,Walk-in,B005285
Q004261,2025-11-05,Website,B005464
Q004299,2025-11-05,OTA,B005509
Q004315,2025-11-05,Walk-in,B005527
Q004330,2025-11-05,Hotel Partner,B005546
Q004401,2025-11-05,OTA,B005632
Q004435,2025-11-05,Walk-in,B005676
Q008514,2025-11-05,Walk-in,
Q008817,2025-11-05,OTA,
Q008866,2025-11-05,Walk-in,
Q008988,2025-11-05,Walk-in,
Q009094,2025-11-05,OTA,
Q009739,2025-11-05,Hotel Partner,
Q010219,2025-11-05,OTA,
Q010486,2025-11-05,OTA,
Q010555,2025-11-05,Website,
Q004137,2025-11-06,Website,B005307
Q004180,2025-11-06,OTA,B005361
Q004271,2025-11-06,Walk-in,B005475
Q004308,2025-11-06,Website,B005520
Q004357,2025-11-06,OTA,B005576
Q004428,2025-11-06,OTA,B005668
Q008809,2025-11-06,Walk-in,
Q008979,2025-11-06,OTA,
Q009115,2025-11-06,Website,
Q009389,2025-11-06,Referral,
Q009637,2025-11-06,Referral,
Q009691,2025-11-06,Website,
Q010071,2025-11-06,Walk-in,
Q010159,2025-11-06,OTA,
Q010493,2025-11-06,Instagram,
Q010691,2025-11-06,Hotel Partner,
Q004061,2025-11-07,Hotel Partner,B005202
Q004068,2025-11-07,OTA,B005213
Q004083,2025-11-07,OTA,B005234
Q004119,2025-11-07,Instagram,B005284
Q004128,2025-11-07,Walk-in,B005294
Q004145,2025-11-07,Walk-in,B005316
Q004199,2025-11-07,Walk-in,B005387
Q004201,2025-11-07,OTA,B005390
Q004239,2025-11-07,Walk-in,B005439
Q004278,2025-11-07,Website,B005482
Q004287,2025-11-07,Instagram,B005495
Q004366,2025-11-07,Walk-in,B005588
Q004396,2025-11-07,Walk-in,B005625
Q004424,2025-11-07,Walk-in,B005664
Q008693,2025-11-07,Website,
Q009827,2025-11-07,OTA,
Q009990,2025-11-07,Walk-in,
Q010057,2025-11-07,Instagram,
Q010661,2025-11-07,OTA,
Q010690,2025-11-07,OTA,
Q010711,2025-11-07,Walk-in,
Q010724,2025-11-07,Instagram,
Q004126,2025-11-08,OTA,B005292
Q004204,2025-11-08,Instagram,B005393
Q004350,2025-11-08,Instagram,B005567
Q004400,2025-11-08,OTA,B005630
Q008704,2025-11-08,Walk-in,
Q008890,2025-11-08,Referral,
Q009058,2025-11-08,Walk-in,
Q009087,2025-11-08,Instagram,
Q009150,2025-11-08,Instagram,
Q009169,2025-11-08,Referral,
Q009374,2025-11-08,OTA,
Q009617,2025-11-08,Instagram,
Q009629,2025-11-08,Walk-in,
Q009721,2025-11-08,OTA,
Q009833,2025-11-08,Website,
Q010216,2025-11-08,Website,
Q004056,2025-11-09,Walk-in,B005196
Q004080,2025-11-09,OTA,B005230
Q004165,2025-11-09,Walk-in,B005342
Q004175,2025-11-09,OTA,B005355
Q004178,2025-11-09,Website,B005359
Q004231,2025-11-09,Walk-in,B005429
Q004374,2025-11-09,Instagram,B005597
Q004383,2025-11-09,OTA,B005611
Q004386,2025-11-09,Instagram,B005614
Q004391,2025-11-09,Website,B005620
Q004423,2025-11-09,OTA,B005663
Q004431,2025-11-09,Hotel Partner,B005672
Q004444,2025-11-09,OTA,B005689
Q004463,2025-11-09,Instagram,B005713
Q008869,2025-11-09,Hotel Partner,
Q009140,2025-11-09,Instagram,
Q009274,2025-11-09,Instagram,
Q009301,2025-11-09,OTA,
Q009369,2025-11-09,OTA,
Q010011,2025-11-09,Referral,
Q010127,2025-11-09,Website,
Q010385,2025-11-09,Website,
Q010453,2025-11-09,Hotel Partner,
Q010463,2025-11-09,OTA,
Q004044,2025-11-10,Walk-in,B005182
Q004144,2025-11-10,Referral,B005315
Q004161,2025-11-10,OTA,B005338
Q004168,2025-11-10,Instagram,B005345
Q004185,2025-11-10,Website,B005368
Q004255,2025-11-10,Hotel Partner,B005457
Q004262,2025-11-10,Walk-in,B005465
Q004281,2025-11-10,OTA,B005485
Q004305,2025-11-10,Website,B005517
Q004346,2025-11-10,Website,B005563
Q004446,2025-11-10,Hotel Partner,B005693
Q004449,2025-11-10,Referral,B005697
Q004493,2025-11-10,Website,B005751
Q004567,2025-11-10,Instagram,B005850
Q009040,2025-11-10,Instagram,
Q009079,2025-11-10,Website,
Q009151,2025-11-10,Hotel Partner,
Q009248,2025-11-10,OTA,
Q009350,2025-11-10,OTA,
Q009428,2025-11-10,Walk-in,
Q009570,2025-11-10,OTA,
Q009760,2025-11-10,Walk-in,
Q009862,2025-11-10,OTA,
Q009961,2025-11-10,Instagram,
Q010633,2025-11-10,OTA,
Q004069,2025-11-11,Instagram,B005215
Q004138,2025-11-11,OTA,B005308
Q004213,2025-11-11,Walk-in,B005404
Q004225,2025-11-11,Hotel Partner,B005420
Q004321,2025-11-11,Instagram,B005535
Q004334,2025-11-11,Walk-in,B005550
Q004392,2025-11-11,OTA,B005621
Q004523,2025-11-11,Walk-in,B005790
Q008545,2025-11-11,OTA,
Q008782,2025-11-11,Walk-in,
Q008932,2025-11-11,OTA,
Q009105,2025-11-11,Hotel Partner,
Q009390,2025-11-11,Walk-in,
Q009473,2025-11-11,Walk-in,
Q009630,2025-11-11,Instagram,
Q009868,2025-11-11,OTA,
Q010082,2025-11-11,Website,
Q010526,2025-11-11,Walk-in,
Q004079,2025-11-12,Referral,B005229
Q004125,2025-11-12,Walk-in,B005291
Q004159,2025-11-12,Website,B005335
Q004212,2025-11-12,Website,B005403
Q004313,2025-11-12,Instagram,B005525
Q008803,2025-11-12,Walk-in,
Q009022,2025-11-12,Walk-in,
Q009070,2025-11-12,OTA,
Q009181,2025-11-12,OTA,
Q009476,2025-11-12,OTA,
Q009587,2025-11-12,Walk-in,
Q009626,2025-11-12,OTA,
Q009715,2025-11-12,Hotel Partner,
Q010381,2025-11-12,Walk-in,
Q004203,2025-11-13,Walk-in,B005392
Q004292,2025-11-13,Hotel Partner,B005502
Q004294,2025-11-13,Walk-in,B005504
Q004324,2025-11-13,Walk-in,B005539
Q004339,2025-11-13,Website,B005555
Q004358,2025-11-13,Referral,B005577
Q004397,2025-11-13,OTA,B005626
Q004404,2025-11-13,Hotel Partner,B005636
Q004458,2025-11-13,OTA,B005707
Q004520,2025-11-13,Referral,B005786
Q004534,2025-11-13,Website,B005803
Q008505,2025-11-13,Website,
Q008622,2025-11-13,Referral,
Q008683,2025-11-13,Instagram,
Q008742,2025-11-13,Website,
Q010089,2025-11-13,Walk-in,
Q010417,2025-11-13,Referral,
Q010443,2025-11-13,OTA,
Q010518,2025-11-13,Walk-in,
Q010743,2025-11-13,Website,
Q010844,2025-11-13,Walk-in,
Q004148,2025-11-14,Walk-in,B005319
Q004194,2025-11-14,Walk-in,B005380
Q004264,2025-11-14,OTA,B005467
Q004267,2025-11-14,Website,B005470
Q004286,2025-11-14,OTA,B005494
Q004361,2025-11-14,OTA,B005582
Q004461,2025-11-14,OTA,B005710
Q004466,2025-11-14,Website,B005720
Q004504,2025-11-14,OTA,B005765
Q004509,2025-11-14,OTA,B005772
Q008517,2025-11-14,OTA,
Q008732,2025-11-14,Instagram,
Q008875,2025-11-14,Hotel Partner,
Q009166,2025-11-14,Instagram,
Q009277,2025-11-14,Instagram,
Q009897,2025-11-14,Website,
Q010509,2025-11-14,OTA,
Q010595,2025-11-14,OTA,
Q010611,2025-11-14,OTA,
Q010730,2025-11-14,Instagram,
Q004173,2025-11-15,Walk-in,B005353
Q004241,2025-11-15,Walk-in,B005441
Q004243,2025-11-15,Website,B005443
Q004387,2025-11-15,Website,B005615
Q004407,2025-11-15,Walk-in,B005639
Q004414,2025-11-15,OTA,B005651
Q004481,2025-11-15,Walk-in,B005737
Q004531,2025-11-15,OTA,B005798
Q008550,2025-11-15,OTA,
Q008861,2025-11-15,Walk-in,
Q008948,2025-11-15,Website,
Q009018,2025-11-15,Referral,
Q009063,2025-11-15,OTA,
Q009117,2025-11-15,Hotel Partner,
Q010204,2025-11-15,Referral,
Q004280,2025-11-16,Website,B005484
Q004351,2025-11-16,OTA,B005569
Q004440,2025-11-16,Website,B005682
Q004441,2025-11-16,OTA,B005683
Q004497,2025-11-16,Referral,B005758
Q008500,2025-11-16,OTA,
Q008696,2025-11-16,OTA,
Q008812,2025-11-16,Walk-in,
Q009168,2025-11-16,OTA,
Q009179,2025-11-16,Walk-in,
Q009333,2025-11-16,OTA,
Q009378,2025-11-16,Website,
Q009612,2025-11-16,Website,
Q009945,2025-11-16,Website,
Q009992,2025-11-16,OTA,
Q010241,2025-11-16,Referral,
Q010272,2025-11-16,Walk-in,
Q010378,2025-11-16,OTA,
Q010768,2025-11-16,Website,
Q004115,2025-11-17,OTA,B005279
Q004146,2025-11-17,Instagram,B005317
Q004226,2025-11-17,OTA,B005422
Q004323,2025-11-17,Website,B005538
Q004355,2025-11-17,Hotel Partner,B005574
Q004476,2025-11-17,OTA,B005732
Q008529,2025-11-17,OTA,
Q008612,2025-11-17,Walk-in,
Q009135,2025-11-17,Referral,
Q009413,2025-11-17,Website,
Q009705,2025-11-17,Website,
Q009821,2025-11-17,OTA,
Q010061,2025-11-17,Referral,
Q010113,2025-11-17,OTA,
Q010194,2025-11-17,Website,
Q010390,2025-11-17,Walk-in,
Q010442,2025-11-17,Hotel Partner,
Q010538,2025-11-17,Referral,
Q010551,2025-11-17,Referral,
Q010593,2025-11-17,Referral,
Q004122,2025-11-18,OTA,B005287
Q004141,2025-11-18,Walk-in,B005311
Q004242,2025-11-18,Walk-in,B005442
Q004246,2025-11-18,Hotel Partner,B005446
Q004277,2025-11-18,Website,B005481
Q004293,2025-11-18,OTA,B005503
Q004338,2025-11-18,Website,B005554
Q004398,2025-11-18,OTA,B005628
Q004402,2025-11-18,Hotel Partner,B005633
Q004426,2025-11-18,OTA,B005666
Q004462,2025-11-18,Walk-in,B005712
Q004482,2025-11-18,Website,B005738
Q004524,2025-11-18,Walk-in,B005791
Q004606,2025-11-18,Hotel Partner,B005904
Q008509,2025-11-18,OTA,
Q008981,2025-11-18,Walk-in,
Q009056,2025-11-18,Walk-in,
Q009472,2025-11-18,Walk-in,
Q009693,2025-11-18,Website,
Q009988,2025-11-18,Referral,
Q010013,2025-11-18,Walk-in,
Q010165,2025-11-18,Hotel Partner,
Q010601,2025-11-18,Website,
Q010608,2025-11-18,OTA,
Q004152,2025-11-19,Hotel Partner,B005324
Q004167,2025-11-19,OTA,B005344
Q004208,2025-11-19,OTA,B005398
Q004216,2025-11-19,Referral,B005410
Q004252,2025-11-19,Instagram,B005452
Q004273,2025-11-19,Walk-in,B005477
Q004298,2025-11-19,OTA,B005508
Q004345,2025-11-19,Referral,B005562
Q004359,2025-11-19,Walk-in,B005578
Q004367,2025-11-19,Walk-in,B005589
Q004464,2025-11-19,Walk-in,B005715
Q004474,2025-11-19,Walk-in,B005730
Q009142,2025-11-19,OTA,
Q009387,2025-11-19,OTA,
Q010384,2025-11-19,OTA,
Q010582,2025-11-19,Instagram,
Q010673,2025-11-19,Walk-in,
Q004132,2025-11-20,Website,B005300
Q004163,2025-11-20,Walk-in,B005340
Q004176,2025-11-20,Website,B005357
Q004256,2025-11-20,Instagram,B005458
Q004335,2025-11-20,Instagram,B005551
Q004394,2025-11-20,Referral,B005623
Q004405,2025-11-20,Walk-in,B005637
Q004459,2025-11-20,Hotel Partner,B005708
Q008615,2025-11-20,Walk-in,
Q008753,2025-11-20,Website,
Q008827,2025-11-20,Referral,
Q008860,2025-11-20,Instagram,
Q009049,2025-11-20,Website,
Q009217,2025-11-20,OTA,
Q009492,2025-11-20,Referral,
Q009673,2025-11-20,Walk-in,
Q009879,2025-11-20,Walk-in,
Q009895,2025-11-20,OTA,
Q009969,2025-11-20,Hotel Partner,
Q010201,2025-11-20,Walk-in,
Q010331,2025-11-20,Website,
Q010818,2025-11-20,Instagram,
Q004124,2025-11-21,OTA,B005289
Q004230,2025-11-21,Website,B005428
Q004318,2025-11-21,Website,B005531
Q004395,2025-11-21,Website,B005624
Q004478,2025-11-21,Website,B005734
Q004485,2025-11-21,Website,B005742
Q004542,2025-11-21,Referral,B005820
Q004560,2025-11-21,Walk-in,B005843
Q004564,2025-11-21,Hotel Partner,B005847
Q004571,2025-11-21,OTA,B005854
Q004572,2025-11-21,OTA,B005856
Q008730,2025-11-21,Referral,
Q009075,2025-11-21,OTA,
Q009985,2025-11-21,OTA,
Q010163,2025-11-21,OTA,
Q010232,2025-11-21,Instagram,
Q010796,2025-11-21,Walk-in,
Q010819,2025-11-21,Instagram,
Q004171,2025-11-22,OTA,B005351
Q004250,2025-11-22,Walk-in,B005450
Q004258,2025-11-22,Website,B005461
Q004272,2025-11-22,OTA,B005476
Q004288,2025-11-22,OTA,B005496
Q004304,2025-11-22,OTA,B005516
Q004322,2025-11-22,OTA,B005536
Q004411,2025-11-22,Walk-in,B005645
Q004415,2025-11-22,OTA,B005652
Q004417,2025-11-22,Walk-in,B005654
Q004419,2025-11-22,Website,B005659
Q004437,2025-11-22,OTA,B005679
Q004477,2025-11-22,Website,B005733
Q004494,2025-11-22,OTA,B005754
Q004499,2025-11-22,OTA,B005760
Q004522,2025-11-22,Website,B005789
Q004578,2025-11-22,Instagram,B005865
Q008570,2025-11-22,Referral,
Q008617,2025-11-22,Hotel Partner,
Q009112,2025-11-22,Walk-in,
Q009252,2025-11-22,Website,
Q009450,2025-11-22,Website,
Q010162,2025-11-22,Website,
Q010311,2025-11-22,OTA,
Q010627,2025-11-22,Instagram,
Q010817,2025-11-22,Walk-in,
Q004215,2025-11-23,Website,B005409
Q004317,2025-11-23,Walk-in,B005530
Q004342,2025-11-23,Instagram,B005558
Q004382,2025-11-23,Referral,B005610
Q004508,2025-11-23,Walk-in,B005769
Q004527,2025-11-23,Website,B005794
Q008735,2025-11-23,Walk-in,
Q009120,2025-11-23,OTA,
Q009344,2025-11-23,OTA,
Q009375,2025-11-23,Referral,
Q009454,2025-11-23,Website,
Q009475,2025-11-23,Referral,
Q009613,2025-11-23,Walk-in,
Q009714,2025-11-23,Hotel Partner,
Q009729,2025-11-23,Instagram,
Q009810,2025-11-23,OTA,
Q010045,2025-11-23,Website,
Q010342,2025-11-23,OTA,
Q010347,2025-11-23,OTA,
Q010488,2025-11-23,Website,
Q004206,2025-11-24,Website,B005395
Q004237,2025-11-24,Website,B005436
Q004259,2025-11-24,Website,B005462
Q004282,2025-11-24,OTA,B005488
Q004283,2025-11-24,Walk-in,B005489
Q004379,2025-11-24,Website,B005606
Q004408,2025-11-24,Referral,B005640
Q004450,2025-11-24,Walk-in,B005698
Q004551,2025-11-24,OTA,B005833
Q004554,2025-11-24,Walk-in,B005837
Q004575,2025-11-24,OTA,B005862
Q008556,2025-11-24,Hotel Partner,
Q008723,2025-11-24,OTA,
Q008814,2025-11-24,OTA,
Q008911,2025-11-24,Walk-in,
Q009309,2025-11-24,Walk-in,
Q009432,2025-11-24,Website,
Q009464,2025-11-24,OTA,
Q009507,2025-11-24,OTA,
Q010760,2025-11-24,Hotel Partner,
Q004223,2025-11-25,OTA,B005417
Q004341,2025-11-25,Referral,B005557
Q004362,2025-11-25,Walk-in,B005583
Q004433,2025-11-25,Walk-in,B005674
Q004456,2025-11-25,Hotel Partner,B005705
Q004472,2025-11-25,OTA,B005726
Q004514,2025-11-25,Instagram,B005778
Q004541,2025-11-25,OTA,B005818
Q009425,2025-11-25,OTA,
Q009576,2025-11-25,OTA,
Q010133,2025-11-25,Hotel Partner,
Q010482,2025-11-25,Instagram,
Q004190,2025-11-26,Website,B005375
Q004295,2025-11-26,OTA,B005505
Q004344,2025-11-26,Walk-in,B005561
Q004368,2025-11-26,Walk-in,B005590
Q004380,2025-11-26,OTA,B005607
Q004390,2025-11-26,OTA,B005619
Q004403,2025-11-26,OTA,B005635
Q004513,2025-11-26,Walk-in,B005777
Q004547,2025-11-26,OTA,B005827
Q004574,2025-11-26,Hotel Partner,B005861
Q004589,2025-11-26,Instagram,B005880
Q004590,2025-11-26,OTA,B005881
Q004608,2025-11-26,OTA,B005907
Q004622,2025-11-26,OTA,B005921
Q008955,2025-11-26,OTA,
Q009006,2025-11-26,Instagram,
Q009346,2025-11-26,OTA,
Q009499,2025-11-26,OTA,
Q009511,2025-11-26,OTA,
Q009556,2025-11-26,Hotel Partner,
Q009764,2025-11-26,Referral,
Q010078,2025-11-26,Walk-in,
Q004156,2025-11-27,Hotel Partner,B005331
Q004300,2025-11-27,Instagram,B005510
Q004306,2025-11-27,Referral,B005518
Q004352,2025-11-27,Website,B005571
Q004356,2025-11-27,OTA,B005575
Q004487,2025-11-27,Walk-in,B005745
Q004528,2025-11-27,Hotel Partner,B005795
Q004579,2025-11-27,OTA,B005867
Q009302,2025-11-27,Hotel Partner,
Q009699,2025-11-27,Walk-in,
Q009783,2025-11-27,OTA,
Q009852,2025-11-27,OTA,
Q010250,2025-11-27,Walk-in,
Q010494,2025-11-27,OTA,
Q004229,2025-11-28,Referral,B005427
Q004416,2025-11-28,Instagram,B005653
Q004489,2025-11-28,OTA,B005747
Q004500,2025-11-28,Walk-in,B005761
Q008656,2025-11-28,Website,
Q008967,2025-11-28,Website,
Q009104,2025-11-28,Referral,
Q009136,2025-11-28,Walk-in,
Q009234,2025-11-28,Referral,
Q009250,2025-11-28,Website,
Q009477,2025-11-28,Website,
Q009756,2025-11-28,Instagram,
Q009888,2025-11-28,Hotel Partner,
Q010058,2025-11-28,Hotel Partner,
Q010101,2025-11-28,OTA,
Q010478,2025-11-28,Walk-in,
Q010512,2025-11-28,Hotel Partner,
Q010528,2025-11-28,Walk-in,
Q010647,2025-11-28,OTA,
Q010813,2025-11-28,OTA,
Q004224,2025-11-29,OTA,B005418
Q004309,2025-11-29,Instagram,B005521
Q004325,2025-11-29,OTA,B005540
Q004329,2025-11-29,OTA,B005545
Q004371,2025-11-29,Referral,B005593
Q004521,2025-11-29,Instagram,B005787
Q004525,2025-11-29,Walk-in,B005792
Q004633,2025-11-29,Walk-in,B005935
Q008531,2025-11-29,Walk-in,
Q008568,2025-11-29,Website,
Q009101,2025-11-29,Instagram,
Q009393,2025-11-29,Referral,
Q009651,2025-11-29,Referral,
Q009989,2025-11-29,OTA,
Q010160,2025-11-29,Walk-in,
Q010343,2025-11-29,Website,
Q010412,2025-11-29,OTA,
Q010588,2025-11-29,Walk-in,
Q004276,2025-11-30,Instagram,B005480
Q004348,2025-11-30,Instagram,B005565
Q004370,2025-11-30,Referral,B005592
Q004389,2025-11-30,Walk-in,B005617
Q004445,2025-11-30,OTA,B005692
Q004447,2025-11-30,Instagram,B005695
Q004465,2025-11-30,Walk-in,B005719
Q004516,2025-11-30,OTA,B005781
Q004544,2025-11-30,Website,B005822
Q008561,2025-11-30,Walk-in,
Q008584,2025-11-30,Website,
Q008668,2025-11-30,Instagram,
Q008927,2025-11-30,Instagram,
Q009184,2025-11-30,Walk-in,
Q009636,2025-11-30,Website,
Q010303,2025-11-30,Instagram,
Q010429,2025-11-30,Website,
Q010458,2025-11-30,Walk-in,
Q010797,2025-11-30,Website,
Q004238,2025-12-01,Website,B005437
Q004319,2025-12-01,Hotel Partner,B005533
Q004349,2025-12-01,Walk-in,B005566
Q004406,2025-12-01,OTA,B005638
Q004454,2025-12-01,Referral,B005703
Q004537,2025-12-01,OTA,B005812
Q004592,2025-12-01,Hotel Partner,B005883
Q004617,2025-12-01,Hotel Partner,B005916
Q004636,2025-12-01,OTA,B005939
Q004655,2025-12-01,Walk-in,B005965
Q009336,2025-12-01,Instagram,
Q009873,2025-12-01,OTA,
Q009905,2025-12-01,Walk-in,
Q009931,2025-12-01,Walk-in,
Q010073,2025-12-01,Website,
Q010185,2025-12-01,OTA,
Q010408,2025-12-01,Instagram,
Q010665,2025-12-01,OTA,
Q004187,2025-12-02,Instagram,B005371
Q004235,2025-12-02,OTA,B005434
Q004409,2025-12-02,Walk-in,B005643
Q004469,2025-12-02,Walk-in,B005723
Q004502,2025-12-02,OTA,B005763
Q004517,2025-12-02,OTA,B005782
Q004595,2025-12-02,OTA,B005891
Q004611,2025-12-02,OTA,B005910
Q004678,2025-12-02,Website,B005993
Q008636,2025-12-02,Website,
Q008729,2025-12-02,OTA,
Q009213,2025-12-02,Hotel Partner,
Q009876,2025-12-02,Instagram,
Q009996,2025-12-02,Instagram,
Q010511,2025-12-02,Walk-in,
Q010536,2025-12-02,Instagram,
Q004227,2025-12-03,Hotel Partner,B005423
Q004369,2025-12-03,Walk-in,B005591
Q004378,2025-12-03,OTA,B005603
Q004412,2025-12-03,OTA,B005646
Q004555,2025-12-03,Website,B005838
Q004565,2025-12-03,Website,B005848
Q004569,2025-12-03,Instagram,B005852
Q004583,2025-12-03,OTA,B005872
Q008686,2025-12-03,OTA,
Q009501,2025-12-03,OTA,
Q009782,2025-12-03,Website,
Q009817,2025-12-03,OTA,
Q009944,2025-12-03,Website,
Q010093,2025-12-03,Hotel Partner,
Q010131,2025-12-03,Referral,
Q010302,2025-12-03,OTA,
Q010826,2025-12-03,OTA,
Q010838,2025-12-03,Instagram,
Q004217,2025-12-04,OTA,B005411
Q004265,2025-12-04,Instagram,B005468
Q004377,2025-12-04,OTA,B005602
Q004381,2025-12-04,Walk-in,B005608
Q004393,2025-12-04,Website,B005622
Q004480,2025-12-04,OTA,B005736
Q004519,2025-12-04,OTA,B005785
Q004550,2025-12-04,OTA,B005830
Q004553,2025-12-04,Referral,B005836
Q004607,2025-12-04,Website,B005905
Q004613,2025-12-04,OTA,B005912
Q004642,2025-12-04,Walk-in,B005948
Q009429,2025-12-04,Referral,
Q009641,2025-12-04,OTA,
Q009766,2025-12-04,Website,
Q010181,2025-12-04,Walk-in,
Q010401,2025-12-04,Instagram,
Q010567,2025-12-04,Website,
Q010689,2025-12-04,Walk-in,
Q004307,2025-12-05,Hotel Partner,B005519
Q004347,2025-12-05,Walk-in,B005564
Q004422,2025-12-05,Referral,B005662
Q004429,2025-12-05,Referral,B005669
Q004436,2025-12-05,Instagram,B005677
Q004503,2025-12-05,OTA,B005764
Q004510,2025-12-05,Website,B005773
Q004530,2025-12-05,OTA,B005797
Q004533,2025-12-05,Referral,B005802
Q004540,2025-12-05,Walk-in,B005817
Q004548,2025-12-05,Website,B005828
Q004615,2025-12-05,Walk-in,B005914
Q004621,2025-12-05,OTA,B005920
Q004627,2025-12-05,OTA,B005929
Q009005,2025-12-05,OTA,
Q009096,2025-12-05,Website,
Q009438,2025-12-05,Hotel Partner,
Q009909,2025-12-05,OTA,
Q010579,2025-12-05,OTA,
Q004245,2025-12-06,Walk-in,B005445
Q004290,2025-12-06,Instagram,B005498
Q004301,2025-12-06,OTA,B005511
Q004312,2025-12-06,Referral,B005524
Q004326,2025-12-06,OTA,B005541
Q004333,2025-12-06,Hotel Partner,B005549
Q004354,2025-12-06,OTA,B005573
Q004365,2025-12-06,OTA,B005587
Q004420,2025-12-06,Walk-in,B005660
Q004457,2025-12-06,Website,B005706
Q004479,2025-12-06,Instagram,B005735
Q004539,2025-12-06,OTA,B005816
Q004561,2025-12-06,Walk-in,B005844
Q004584,2025-12-06,OTA,B005875
Q004604,2025-12-06,OTA,B005902
Q009122,2025-12-06,OTA,
Q009354,2025-12-06,Walk-in,
Q009448,2025-12-06,Website,
Q009451,2025-12-06,Referral,
Q010118,2025-12-06,Hotel Partner,
Q010186,2025-12-06,Website,
Q010214,2025-12-06,Hotel Partner,
Q010804,2025-12-06,OTA,
Q004448,2025-12-07,OTA,B005696
Q004599,2025-12-07,Instagram,B005897
Q004624,2025-12-07,Instagram,B005923
Q004630,2025-12-07,Referral,B005932
Q004713,2025-12-07,Website,B006040
Q008503,2025-12-07,Referral,
Q008687,2025-12-07,Walk-in,
Q008787,2025-12-07,Instagram,
Q009229,2025-12-07,Website,
Q009278,2025-12-07,Walk-in,
Q009323,2025-12-07,Walk-in,
Q009364,2025-12-07,OTA,
Q009449,2025-12-07,Hotel Partner,
Q009604,2025-12-07,Walk-in,
Q009853,2025-12-07,Hotel Partner,
Q010054,2025-12-07,Website,
Q010349,2025-12-07,Website,
Q010591,2025-12-07,Website,
Q004372,2025-12-08,OTA,B005594
Q004421,2025-12-08,OTA,B005661
Q004434,2025-12-08,Walk-in,B005675
Q004452,2025-12-08,Instagram,B005700
Q004475,2025-12-08,Hotel Partner,B005731
Q004618,2025-12-08,Walk-in,B005917
Q004663,2025-12-08,Instagram,B005974
Q004669,2025-12-08,OTA,B005983
Q008675,2025-12-08,Instagram,
Q008945,2025-12-08,Walk-in,
Q009109,2025-12-08,Referral,
Q009191,2025-12-08,Referral,
Q009200,2025-12-08,Website,
Q009995,2025-12-08,Hotel Partner,
Q010229,2025-12-08,Instagram,
Q010357,2025-12-08,OTA,
Q010660,2025-12-08,OTA,
Q010692,2025-12-08,Website,
Q010766,2025-12-08,Walk-in,
Q010777,2025-12-08,Walk-in,
Q004363,2025-12-09,Walk-in,B005584
Q004439,2025-12-09,Referral,B005681
Q004451,2025-12-09,Walk-in,B005699
Q004577,2025-12-09,OTA,B005864
Q004582,2025-12-09,Hotel Partner,B005870
Q004609,2025-12-09,Walk-in,B005908
Q009529,2025-12-09,Walk-in,
Q009589,2025-12-09,Instagram,
Q004316,2025-12-10,Walk-in,B005528
Q004471,2025-12-10,OTA,B005725
Q004490,2025-12-10,Walk-in,B005748
Q004535,2025-12-10,OTA,B005808
Q004637,2025-12-10,OTA,B005941
Q004706,2025-12-10,Referral,B006031
Q004764,2025-12-10,Website,B006109
Q008703,2025-12-10,OTA,
Q008756,2025-12-10,Website,
Q008816,2025-12-10,Instagram,
Q008820,2025-12-10,Walk-in,
Q008833,2025-12-10,Referral,
Q009297,2025-12-10,Instagram,
Q009521,2025-12-10,Instagram,
Q009850,2025-12-10,OTA,
Q010553,2025-12-10,Walk-in,
Q004353,2025-12-11,Website,B005572
Q004556,2025-12-11,OTA,B005839
Q004614,2025-12-11,Walk-in,B005913
Q004662,2025-12-11,Walk-in,B005972
Q004668,2025-12-11,Referral,B005982
Q004694,2025-12-11,Website,B006016
Q004791,2025-12-11,OTA,B006143
Q008716,2025-12-11,Website,
Q008815,2025-12-11,OTA,
Q008970,2025-12-11,Hotel Partner,
Q009984,2025-12-11,OTA,
Q010297,2025-12-11,Website,
Q010656,2025-12-11,Walk-in,
Q004302,2025-12-12,Referral,B005513
Q004498,2025-12-12,Walk-in,B005759
Q004580,2025-12-12,Walk-in,B005868
Q004594,2025-12-12,OTA,B005886
Q004635,2025-12-12,Referral,B005938
Q004672,2025-12-12,OTA,B005986
Q004682,2025-12-12,OTA,B006000
Q004699,2025-12-12,OTA,B006024
Q004782,2025-12-12,Walk-in,B006128
Q008775,2025-12-12,Instagram,
Q008891,2025-12-12,Walk-in,
Q009017,2025-12-12,OTA,
Q009051,2025-12-12,OTA,
Q009527,2025-12-12,OTA,
Q009601,2025-12-12,Website,
Q009830,2025-12-12,OTA,
Q009866,2025-12-12,Referral,
Q010031,2025-12-12,Walk-in,
Q010167,2025-12-12,Referral,
Q010696,2025-12-12,Referral,
Q004512,2025-12-13,Website,B005775
Q004552,2025-12-13,Referral,B005835
Q004610,2025-12-13,Walk-in,B005909
Q004634,2025-12-13,Website,B005937
Q004638,2025-12-13,Referral,B005942
Q004670,2025-12-13,Walk-in,B005984
Q008650,2025-12-13,Website,
Q008959,2025-12-13,Walk-in,
Q009489,2025-12-13,Instagram,
Q009728,2025-12-13,OTA,
Q009900,2025-12-13,Walk-in,
Q009921,2025-12-13,Referral,
Q009962,2025-12-13,Walk-in,
Q010109,2025-12-13,Instagram,
Q010793,2025-12-13,OTA,
Q004385,2025-12-14,Hotel Partner,B005613
Q004467,2025-12-14,Instagram,B005721
Q004506,2025-12-14,Instagram,B005767
Q004515,2025-12-14,Referral,B005779
Q004532,2025-12-14,OTA,B005799
Q004626,2025-12-14,Hotel Partner,B005928
Q004652,2025-12-14,Walk-in,B005960
Q004671,2025-12-14,Website,B005985
Q004685,2025-12-14,Walk-in,B006004
Q008677,2025-12-14,OTA,
Q008986,2025-12-14,Instagram,
Q010380,2025-12-14,Referral,
Q010563,2025-12-14,OTA,
Q010630,2025-12-14,Walk-in,
Q010643,2025-12-14,OTA,
Q004484,2025-12-15,Website,B005741
Q004511,2025-12-15,OTA,B005774
Q004549,2025-12-15,Referral,B005829
Q004673,2025-12-15,Instagram,B005987
Q004688,2025-12-15,Instagram,B006008
Q008854,2025-12-15,Referral,
Q008887,2025-12-15,Referral,
Q009592,2025-12-15,Referral,
Q009722,2025-12-15,Referral,
Q009875,2025-12-15,OTA,
Q010129,2025-12-15,Referral,
Q010329,2025-12-15,Referral,
Q010820,2025-12-15,Instagram,
Q004430,2025-12-16,Website,B005670
Q004438,2025-12-16,OTA,B005680
Q004460,2025-12-16,Walk-in,B005709
Q004495,2025-12-16,Website,B005755
Q004559,2025-12-16,Walk-in,B005842
Q004675,2025-12-16,Walk-in,B005990
Q004679,2025-12-16,OTA,B005995
Q004835,2025-12-16,OTA,B006203
Q008649,2025-12-16,Walk-in,
Q008974,2025-12-16,Referral,
Q009679,2025-12-16,Referral,
Q009786,2025-12-16,OTA,
Q010260,2025-12-16,Website,
Q010338,2025-12-16,Hotel Partner,
Q010524,2025-12-16,Hotel Partner,
Q010525,2025-12-16,Website,
Q010732,2025-12-16,Walk-in,
Q010770,2025-12-16,Walk-in,
Q010787,2025-12-16,Referral,
Q002722,2025-12-17,Website,B006144
Q004425,2025-12-17,Website,B005665
Q004640,2025-12-17,Hotel Partner,B005946
Q004650,2025-12-17,Walk-in,B005958
Q004717,2025-12-17,Walk-in,B006047
Q004736,2025-12-17,Walk-in,B006073
Q008530,2025-12-17,Hotel Partner,
Q008560,2025-12-17,OTA,
Q008843,2025-12-17,Instagram,
Q008917,2025-12-17,Referral,
Q009269,2025-12-17,Walk-in,
Q009600,2025-12-17,Walk-in,
Q009680,2025-12-17,Instagram,
Q009874,2025-12-17,Website,
Q009880,2025-12-17,Website,
Q009981,2025-12-17,OTA,
Q010277,2025-12-17,Referral,
Q010373,2025-12-17,Referral,
Q010508,2025-12-17,Website,
Q010631,2025-12-17,OTA,
Q004488,2025-12-18,Walk-in,B005746
Q004491,2025-12-18,Referral,B005749
Q004496,2025-12-18,OTA,B005756
Q004586,2025-12-18,Website,B005877
Q004588,2025-12-18,OTA,B005879
Q004697,2025-12-18,OTA,B006020
Q004762,2025-12-18,OTA,B006106
Q004813,2025-12-18,OTA,B006177
Q004845,2025-12-18,OTA,B006217
Q009209,2025-12-18,OTA,
Q009383,2025-12-18,Walk-in,
Q009596,2025-12-18,OTA,
Q009676,2025-12-18,Walk-in,
Q009946,2025-12-18,Referral,
Q010736,2025-12-18,Website,
Q004410,2025-12-19,Walk-in,B005644
Q004427,2025-12-19,Referral,B005667
Q004492,2025-12-19,OTA,B005750
Q004557,2025-12-19,Website,B005840
Q004597,2025-12-19,OTA,B005893
Q004729,2025-12-19,OTA,B006061
Q004846,2025-12-19,Walk-in,B006219
Q008630,2025-12-19,Website,
Q009099,2025-12-19,Walk-in,
Q009162,2025-12-19,Hotel Partner,
Q009300,2025-12-19,OTA,
Q009615,2025-12-19,Walk-in,
Q010164,2025-12-19,OTA,
Q010179,2025-12-19,Referral,
Q010452,2025-12-19,Walk-in,
Q010733,2025-12-19,OTA,
Q000921,2025-12-20,Instagram,B005826
Q004486,2025-12-20,Walk-in,B005743
Q004505,2025-12-20,Website,B005766
Q004573,2025-12-20,Website,B005860
Q004616,2025-12-20,OTA,B005915
Q004658,2025-12-20,OTA,B005968
Q004702,2025-12-20,OTA,B006027
Q004805,2025-12-20,Hotel Partner,B006161
Q004869,2025-12-20,OTA,B006248
Q008652,2025-12-20,OTA,
Q008745,2025-12-20,OTA,
Q008780,2025-12-20,Instagram,
Q009093,2025-12-20,Website,
Q009400,2025-12-20,OTA,
Q009763,2025-12-20,Referral,
Q010188,2025-12-20,Walk-in,
Q010457,2025-12-20,Website,
Q010654,2025-12-20,Walk-in,
Q004473,2025-12-21,OTA,B005729
Q004518,2025-12-21,Walk-in,B005783
Q004526,2025-12-21,Referral,B005793
Q004566,2025-12-21,OTA,B005849
Q004629,2025-12-21,OTA,B005931
Q004641,2025-12-21,Walk-in,B005947
Q004704,2025-12-21,Instagram,B006029
Q004730,2025-12-21,Hotel Partner,B006063
Q004735,2025-12-21,Hotel Partner,B006070
Q004806,2025-12-21,Instagram,B006162
Q004857,2025-12-21,Walk-in,B006234
Q008784,2025-12-21,OTA,
Q009412,2025-12-21,Instagram,
Q009545,2025-12-21,Walk-in,
Q009584,2025-12-21,Instagram,
Q009840,2025-12-21,OTA,
Q010030,2025-12-21,Website,
Q010487,2025-12-21,Website,
Q004501,2025-12-22,OTA,B005762
Q004546,2025-12-22,OTA,B005825
Q004625,2025-12-22,OTA,B005926
Q004690,2025-12-22,Website,B006012
Q004698,2025-12-22,Website,B006022
Q004749,2025-12-22,Walk-in,B006090
Q004751,2025-12-22,OTA,B006092
Q008573,2025-12-22,Website,
Q008777,2025-12-22,OTA,
Q009103,2025-12-22,Instagram,
Q009124,2025-12-22,Referral,
Q009226,2025-12-22,OTA,
Q009737,2025-12-22,Instagram,
Q009956,2025-12-22,OTA,
Q010020,2025-12-22,OTA,
Q010434,2025-12-22,Website,
Q010720,2025-12-22,Instagram,
Q010745,2025-12-22,Website,
Q004536,2025-12-23,OTA,B005809
Q004628,2025-12-23,Walk-in,B005930
Q004644,2025-12-23,Walk-in,B005952
Q004680,2025-12-23,OTA,B005996
Q004683,2025-12-23,Website,B006002
Q004734,2025-12-23,Instagram,B006068
Q004758,2025-12-23,OTA,B006101
Q004767,2025-12-23,Walk-in,B006113
Q004786,2025-12-23,Referral,B006134
Q008515,2025-12-23,OTA,
Q008539,2025-12-23,Website,
Q008855,2025-12-23,OTA,
Q009008,2025-12-23,OTA,
Q009076,2025-12-23,Website,
Q010098,2025-12-23,OTA,
Q010293,2025-12-23,Walk-in,
Q010466,2025-12-23,Instagram,
Q004455,2025-12-24,Instagram,B005704
Q004568,2025-12-24,Website,B005851
Q004593,2025-12-24,Walk-in,B005884
Q004632,2025-12-24,Walk-in,B005934
Q004656,2025-12-24,Website,B005966
Q004709,2025-12-24,OTA,B006034
Q004783,2025-12-24,OTA,B006130
Q004792,2025-12-24,Walk-in,B006145
Q004800,2025-12-24,Hotel Partner,B006156
Q004807,2025-12-24,OTA,B006163
Q004818,2025-12-24,OTA,B006182
Q009284,2025-12-24,Referral,
Q009384,2025-12-24,OTA,
Q009634,2025-12-24,Website,
Q009982,2025-12-24,Walk-in,
Q010064,2025-12-24,OTA,
Q010068,2025-12-24,Website,
Q004507,2025-12-25,OTA,B005768
Q004576,2025-12-25,OTA,B005863
Q004596,2025-12-25,OTA,B005892
Q004623,2025-12-25,OTA,B005922
Q004753,2025-12-25,Walk-in,B006094
Q004772,2025-12-25,Website,B006118
Q004810,2025-12-25,OTA,B006171
Q004838,2025-12-25,OTA,B006207
Q008596,2025-12-25,Walk-in,
Q008761,2025-12-25,Referral,
Q009026,2025-12-25,Website,
Q009172,2025-12-25,Instagram,
Q009639,2025-12-25,Walk-in,
Q010430,2025-12-25,Hotel Partner,
Q010437,2025-12-25,Referral,
Q004562,2025-12-26,Website,B005845
Q004695,2025-12-26,OTA,B006017
Q004724,2025-12-26,Instagram,B006056
Q004746,2025-12-26,OTA,B006087
Q004756,2025-12-26,OTA,B006099
Q004799,2025-12-26,Website,B006155
Q004823,2025-12-26,OTA,B006189
Q004909,2025-12-26,OTA,B006300
Q004926,2025-12-26,Walk-in,B006327
Q008592,2025-12-26,Walk-in,
Q008773,2025-12-26,Hotel Partner,
Q008915,2025-12-26,Instagram,
Q009116,2025-12-26,Website,
Q009144,2025-12-26,Website,
Q009540,2025-12-26,OTA,
Q009856,2025-12-26,Website,
Q009924,2025-12-26,OTA,
Q010065,2025-12-26,Walk-in,
Q010423,2025-12-26,OTA,
Q010576,2025-12-26,OTA,
Q004686,2025-12-27,Website,B006005
Q004689,2025-12-27,Referral,B006010
Q004733,2025-12-27,Referral,B006067
Q004771,2025-12-27,Hotel Partner,B006117
Q004775,2025-12-27,OTA,B006121
Q004849,2025-12-27,Walk-in,B006223
Q009322,2025-12-27,OTA,
Q009371,2025-12-27,Walk-in,
Q009555,2025-12-27,OTA,
Q009777,2025-12-27,OTA,
Q010000,2025-12-27,OTA,
Q010360,2025-12-27,Referral,
Q010379,2025-12-27,Website,
Q010502,2025-12-27,Walk-in,
Q004543,2025-12-28,Walk-in,B005821
Q004591,2025-12-28,Website,B005882
Q004603,2025-12-28,Hotel Partner,B005901
Q004605,2025-12-28,Referral,B005903
Q004631,2025-12-28,Walk-in,B005933
Q004645,2025-12-28,Walk-in,B005953
Q004665,2025-12-28,OTA,B005976
Q004781,2025-12-28,Website,B006127
Q004864,2025-12-28,Instagram,B006243
Q004876,2025-12-28,OTA,B006257
Q008699,2025-12-28,OTA,
Q008829,2025-12-28,Walk-in,
Q009254,2025-12-28,Website,
Q009574,2025-12-28,Hotel Partner,
Q009669,2025-12-28,Instagram,
Q009738,2025-12-28,OTA,
Q009980,2025-12-28,Referral,
Q010075,2025-12-28,OTA,
Q004581,2025-12-29,Instagram,B005869
Q004587,2025-12-29,OTA,B005878
Q004619,2025-12-29,OTA,B005918
Q004653,2025-12-29,OTA,B005961
Q004660,2025-12-29,Website,B005970
Q004754,2025-12-29,Website,B006095
Q004778,2025-12-29,OTA,B006124
Q004834,2025-12-29,OTA,B006202
Q008519,2025-12-29,Walk-in,
Q008575,2025-12-29,OTA,
Q008671,2025-12-29,OTA,
Q009131,2025-12-29,OTA,
Q009633,2025-12-29,Website,
Q009957,2025-12-29,OTA,
Q010050,2025-12-29,Walk-in,
Q010086,2025-12-29,Website,
Q010192,2025-12-29,Website,
Q010244,2025-12-29,OTA,
Q004470,2025-12-30,Referral,B005724
Q004612,2025-12-30,OTA,B005911
Q004712,2025-12-30,Hotel Partner,B006039
Q004731,2025-12-30,Website,B006065
Q004763,2025-12-30,Instagram,B006107
Q004770,2025-12-30,Hotel Partner,B006116
Q004798,2025-12-30,OTA,B006154
Q004803,2025-12-30,Instagram,B006159
Q004819,2025-12-30,Hotel Partner,B006183
Q009273,2025-12-30,Walk-in,
Q009466,2025-12-30,Instagram,
Q009565,2025-12-30,OTA,
Q009620,2025-12-30,Walk-in,
Q010166,2025-12-30,Instagram,
Q010498,2025-12-30,OTA,
Q010520,2025-12-30,Referral,
Q010577,2025-12-30,Referral,
Q010705,2025-12-30,Instagram,
Q004545,2025-12-31,Hotel Partner,B005824
Q004647,2025-12-31,Hotel Partner,B005955
Q004664,2025-12-31,Hotel Partner,B005975
Q004667,2025-12-31,Website,B005979
Q004701,2025-12-31,Website,B006026
Q004707,2025-12-31,Website,B006032
Q004715,2025-12-31,Website,B006045
Q004814,2025-12-31,Website,B006178
Q004821,2025-12-31,OTA,B006185
Q008663,2025-12-31,Referral,
Q008722,2025-12-31,OTA,
Q009057,2025-12-31,Hotel Partner,
Q009342,2025-12-31,OTA,
Q009712,2025-12-31,Website,
Q010644,2025-12-31,Referral,
Q010833,2025-12-31,OTA,
Q004598,2026-01-01,Walk-in,B005894
Q004716,2026-01-01,Referral,B006046
Q004727,2026-01-01,Website,B006059
Q004789,2026-01-01,OTA,B006138
Q004808,2026-01-01,OTA,B006165
Q004822,2026-01-01,Hotel Partner,B006186
Q004826,2026-01-01,OTA,B006193
Q008625,2026-01-01,Walk-in,
Q008946,2026-01-01,Referral,
Q008968,2026-01-01,Instagram,
Q009299,2026-01-01,OTA,
Q009312,2026-01-01,OTA,
Q010145,2026-01-01,Walk-in,
Q004563,2026-01-02,Walk-in,B005846
Q004651,2026-01-02,Walk-in,B005959
Q004661,2026-01-02,Walk-in,B005971
Q004681,2026-01-02,Hotel Partner,B005998
Q004714,2026-01-02,OTA,B006043
Q004721,2026-01-02,Instagram,B006052
Q004908,2026-01-02,OTA,B006299
Q008580,2026-01-02,OTA,
Q008740,2026-01-02,OTA,
Q009014,2026-01-02,Walk-in,
Q009125,2026-01-02,OTA,
Q009152,2026-01-02,Hotel Partner,
Q009437,2026-01-02,Website,
Q010444,2026-01-02,OTA,
Q010522,2026-01-02,OTA,
Q004601,2026-01-03,Website,B005899
Q004648,2026-01-03,Referral,B005956
Q004677,2026-01-03,Walk-in,B005992
Q004693,2026-01-03,OTA,B006015
Q004711,2026-01-03,Website,B006036
Q004743,2026-01-03,Walk-in,B006084
Q004761,2026-01-03,Website,B006105
Q004873,2026-01-03,OTA,B006253
Q004885,2026-01-03,Walk-in,B006270
Q008905,2026-01-03,Hotel Partner,
Q009045,2026-01-03,Walk-in,
Q009642,2026-01-03,Walk-in,
Q010439,2026-01-03,Instagram,
Q010734,2026-01-03,Referral,
Q010842,2026-01-03,OTA,
Q004529,2026-01-04,Referral,B005796
Q004538,2026-01-04,Walk-in,B005814
Q004620,2026-01-04,Website,B005919
Q004741,2026-01-04,OTA,B006080
Q004755,2026-01-04,Referral,B006097
Q004776,2026-01-04,Walk-in,B006122
Q004847,2026-01-04,Website,B006220
Q004855,2026-01-04,Website,B006229
Q008609,2026-01-04,Website,
Q009032,2026-01-04,Instagram,
Q009158,2026-01-04,OTA,
Q009253,2026-01-04,Hotel Partner,
Q009290,2026-01-04,Referral,
Q009433,2026-01-04,Website,
Q009561,2026-01-04,OTA,
Q009564,2026-01-04,OTA,
Q010006,2026-01-04,Instagram,
Q010018,2026-01-04,Instagram,
Q010097,2026-01-04,OTA,
Q010564,2026-01-04,Walk-in,
Q010597,2026-01-04,OTA,
Q010629,2026-01-04,Website,
Q010675,2026-01-04,Referral,
Q004558,2026-01-05,OTA,B005841
Q004570,2026-01-05,OTA,B005853
Q004602,2026-01-05,Website,B005900
Q004654,2026-01-05,Instagram,B005964
Q004740,2026-01-05,Hotel Partner,B006079
Q004760,2026-01-05,OTA,B006104
Q004766,2026-01-05,Walk-in,B006112
Q004833,2026-01-05,Website,B006201
Q004913,2026-01-05,Website,B006306
Q004966,2026-01-05,OTA,B006380
Q004968,2026-01-05,Website,B006383
Q008541,2026-01-05,Hotel Partner,
Q008680,2026-01-05,OTA,
Q008724,2026-01-05,Hotel Partner,
Q008916,2026-01-05,Referral,
Q009019,2026-01-05,Referral,
Q009834,2026-01-05,OTA,
Q010367,2026-01-05,Website,
Q010376,2026-01-05,Referral,
Q010499,2026-01-05,OTA,
Q010752,2026-01-05,Referral,
Q004719,2026-01-06,Website,B006049
Q004787,2026-01-06,Referral,B006135
Q004893,2026-01-06,OTA,B006280
Q008522,2026-01-06,Walk-in,
Q008638,2026-01-06,Walk-in,
Q009011,2026-01-06,Referral,
Q009488,2026-01-06,OTA,
Q009770,2026-01-06,Hotel Partner,
Q010616,2026-01-06,Website,
Q010763,2026-01-06,Hotel Partner,
Q004600,2026-01-07,OTA,B005898
Q004643,2026-01-07,Walk-in,B005950
Q004687,2026-01-07,Website,B006006
Q004728,2026-01-07,Hotel Partner,B006060
Q008785,2026-01-07,Referral,
Q008973,2026-01-07,Website,
Q009055,2026-01-07,OTA,
Q009211,2026-01-07,OTA,
Q009407,2026-01-07,Instagram,
Q009824,2026-01-07,Walk-in,
Q009977,2026-01-07,OTA,
Q010330,2026-01-07,Referral,
Q010388,2026-01-07,OTA,
Q010490,2026-01-07,OTA,
Q010523,2026-01-07,OTA,
Q010532,2026-01-07,Hotel Partner,
Q010589,2026-01-07,OTA,
Q010799,2026-01-07,Walk-in,
Q002936,2026-01-08,Walk-in,B006317
Q004649,2026-01-08,Hotel Partner,B005957
Q004710,2026-01-08,Hotel Partner,B006035
Q004718,2026-01-08,Hotel Partner,B006048
Q004739,2026-01-08,OTA,B006078
Q004747,2026-01-08,OTA,B006088
Q004840,2026-01-08,OTA,B006211
Q004842,2026-01-08,OTA,B006213
Q004895,2026-01-08,OTA,B006282
Q004931,2026-01-08,Walk-in,B006332
Q004951,2026-01-08,Walk-in,B006359
Q008518,2026-01-08,Hotel Partner,
Q008586,2026-01-08,OTA,
Q009145,2026-01-08,Referral,
Q009395,2026-01-08,Walk-in,
Q009588,2026-01-08,Walk-in,
Q010110,2026-01-08,Website,
Q004657,2026-01-09,Website,B005967
Q004757,2026-01-09,Instagram,B006100
Q004815,2026-01-09,Instagram,B006179
Q004820,2026-01-09,Walk-in,B006184
Q008825,2026-01-09,Hotel Partner,
Q008935,2026-01-09,Website,
Q009118,2026-01-09,Website,
Q009187,2026-01-09,Instagram,
Q009625,2026-01-09,Website,
Q009878,2026-01-09,Walk-in,
Q009910,2026-01-09,OTA,
Q010008,2026-01-09,Instagram,
Q004750,2026-01-10,Hotel Partner,B006091
Q004809,2026-01-10,Hotel Partner,B006169
Q004874,2026-01-10,Referral,B006254
Q004889,2026-01-10,Referral,B006274
Q004899,2026-01-10,OTA,B006286
Q004924,2026-01-10,OTA,B006323
Q008597,2026-01-10,Walk-in,
Q008605,2026-01-10,OTA,
Q008690,2026-01-10,Walk-in,
Q008918,2026-01-10,OTA,
Q009623,2026-01-10,Website,
Q009912,2026-01-10,Website,
Q010141,2026-01-10,Instagram,
Q010279,2026-01-10,OTA,
Q010470,2026-01-10,Hotel Partner,
Q010699,2026-01-10,Walk-in,
Q004666,2026-01-11,OTA,B005978
Q004817,2026-01-11,OTA,B006181
Q004837,2026-01-11,Referral,B006206
Q004856,2026-01-11,Referral,B006231
Q004867,2026-01-11,Instagram,B006246
Q004870,2026-01-11,OTA,B006250
Q004925,2026-01-11,OTA,B006325
Q008564,2026-01-11,Walk-in,
Q008728,2026-01-11,Walk-in,
Q009442,2026-01-11,OTA,
Q009455,2026-01-11,OTA,
Q009628,2026-01-11,OTA,
Q009797,2026-01-11,Website,
Q009841,2026-01-11,Instagram,
Q009965,2026-01-11,OTA,
Q010500,2026-01-11,Walk-in,
Q010507,2026-01-11,Instagram,
Q010539,2026-01-11,Website,
Q004585,2026-01-12,Instagram,B005876
Q004674,2026-01-12,Walk-in,B005988
Q004705,2026-01-12,OTA,B006030
Q004726,2026-01-12,Walk-in,B006058
Q004738,2026-01-12,Walk-in,B006076
Q004759,2026-01-12,Instagram,B006102
Q004896,2026-01-12,Referral,B006283
Q004946,2026-01-12,OTA,B006353
Q004993,2026-01-12,Walk-in,B006414
Q005040,2026-01-12,Walk-in,B006475
Q008511,2026-01-12,Walk-in,
Q008551,2026-01-12,Walk-in,
Q008772,2026-01-12,OTA,
Q008976,2026-01-12,Walk-in,
Q009050,2026-01-12,Instagram,
Q009052,2026-01-12,Hotel Partner,
Q009126,2026-01-12,OTA,
Q010262,2026-01-12,Walk-in,
Q010393,2026-01-12,Instagram,
Q010421,2026-01-12,OTA,
Q010676,2026-01-12,Website,
Q004700,2026-01-13,Walk-in,B006025
Q004720,2026-01-13,Website,B006050
Q004723,2026-01-13,Referral,B006054
Q004779,2026-01-13,Walk-in,B006125
Q004824,2026-01-13,Website,B006191
Q004875,2026-01-13,Instagram,B006255
Q004883,2026-01-13,OTA,B006268
Q004919,2026-01-13,OTA,B006314
Q004922,2026-01-13,Instagram,B006320
Q004941,2026-01-13,OTA,B006344
Q004943,2026-01-13,Website,B006348
Q004950,2026-01-13,Referral,B006358
Q005009,2026-01-13,OTA,B006434
Q008589,2026-01-13,Website,
Q009551,2026-01-13,Website,
Q010143,2026-01-13,Walk-in,
Q010521,2026-01-13,Referral,
Q004676,2026-01-14,Instagram,B005991
Q004774,2026-01-14,OTA,B006120
Q004841,2026-01-14,OTA,B006212
Q004904,2026-01-14,Walk-in,B006294
Q004914,2026-01-14,Walk-in,B006307
Q005011,2026-01-14,Website,B006437
Q008679,2026-01-14,Walk-in,
Q008940,2026-01-14,Walk-in,
Q009325,2026-01-14,Instagram,
Q009504,2026-01-14,Website,
Q009544,2026-01-14,OTA,
Q009573,2026-01-14,Walk-in,
Q009805,2026-01-14,Hotel Partner,
Q010080,2026-01-14,Website,
Q010085,2026-01-14,Walk-in,
Q010364,2026-01-14,Hotel Partner,
Q010387,2026-01-14,Referral,
Q010728,2026-01-14,Website,
Q010810,2026-01-14,OTA,
Q004639,2026-01-15,OTA,B005945
Q004684,2026-01-15,OTA,B006003
Q004732,2026-01-15,Website,B006066
Q004748,2026-01-15,OTA,B006089
Q004795,2026-01-15,Website,B006149
Q004831,2026-01-15,Website,B006199
Q004879,2026-01-15,Referral,B006264
Q004906,2026-01-15,OTA,B006296
Q008712,2026-01-15,Walk-in,
Q008759,2026-01-15,Walk-in,
Q008889,2026-01-15,Hotel Partner,
Q009148,2026-01-15,OTA,
Q009149,2026-01-15,Website,
Q009919,2026-01-15,Walk-in,
Q009963,2026-01-15,Instagram,
Q009983,2026-01-15,Walk-in,
Q010174,2026-01-15,Website,
Q010210,2026-01-15,Referral,
Q010469,2026-01-15,Referral,
Q010527,2026-01-15,OTA,
Q010726,2026-01-15,OTA,
Q010753,2026-01-15,OTA,
Q004863,2026-01-16,Instagram,B006240
Q004900,2026-01-16,Instagram,B006287
Q005089,2026-01-16,Website,B006541
Q008604,2026-01-16,Walk-in,
Q008702,2026-01-16,Website,
Q008982,2026-01-16,Walk-in,
Q009311,2026-01-16,OTA,
Q009700,2026-01-16,OTA,
Q009975,2026-01-16,Walk-in,
Q010106,2026-01-16,OTA,
Q010178,2026-01-16,OTA,
Q010211,2026-01-16,Website,
Q010348,2026-01-16,OTA,
Q010592,2026-01-16,Instagram,
Q010641,2026-01-16,Website,
Q004659,2026-01-17,Hotel Partner,B005969
Q004691,2026-01-17,Instagram,B006013
Q004692,2026-01-17,Walk-in,B006014
Q004696,2026-01-17,OTA,B006018
Q004722,2026-01-17,OTA,B006053
Q004802,2026-01-17,OTA,B006158
Q004825,2026-01-17,Referral,B006192
Q004830,2026-01-17,Instagram,B006198
Q004850,2026-01-17,Website,B006224
Q004920,2026-01-17,Referral,B006318
Q004933,2026-01-17,Referral,B006335
Q008608,2026-01-17,Referral,
Q009157,2026-01-17,OTA,
Q009337,2026-01-17,Website,
Q009734,2026-01-17,OTA,
Q009835,2026-01-17,Website,
Q010015,2026-01-17,Walk-in,
Q010274,2026-01-17,Referral,
Q010637,2026-01-17,Walk-in,
Q010671,2026-01-17,Instagram,
Q004646,2026-01-18,Website,B005954
Q004708,2026-01-18,Referral,B006033
Q004769,2026-01-18,OTA,B006115
Q004773,2026-01-18,Referral,B006119
Q004793,2026-01-18,Walk-in,B006146
Q004794,2026-01-18,Website,B006148
Q004829,2026-01-18,OTA,B006197
Q004843,2026-01-18,Referral,B006214
Q004865,2026-01-18,Walk-in,B006244
Q005001,2026-01-18,Walk-in,B006424
Q008695,2026-01-18,OTA,
Q008990,2026-01-18,Walk-in,
Q009044,2026-01-18,OTA,
Q009133,2026-01-18,Website,
Q009356,2026-01-18,Walk-in,
Q010084,2026-01-18,Hotel Partner,
Q004790,2026-01-19,OTA,B006141
Q004832,2026-01-19,OTA,B006200
Q004844,2026-01-19,Website,B006216
Q004861,2026-01-19,Walk-in,B006238
Q004890,2026-01-19,OTA,B006276
Q004903,2026-01-19,Website,B006292
Q004939,2026-01-19,OTA,B006341
Q004955,2026-01-19,Instagram,B006366
Q005058,2026-01-19,Instagram,B006499
Q005067,2026-01-19,Hotel Partner,B006511
Q008709,2026-01-19,Walk-in,
Q008897,2026-01-19,Referral,
Q008910,2026-01-19,Hotel Partner,
Q009007,2026-01-19,Website,
Q009036,2026-01-19,Walk-in,
Q009202,2026-01-19,Referral,
Q009210,2026-01-19,OTA,
Q009381,2026-01-19,Website,
Q009967,2026-01-19,Referral,
Q010445,2026-01-19,Referral,
Q010450,2026-01-19,Instagram,
Q010590,2026-01-19,OTA,
Q010845,2026-01-19,Walk-in,
Q004744,2026-01-20,Website,B006085
Q004812,2026-01-20,Referral,B006176
Q004836,2026-01-20,OTA,B006204
Q004886,2026-01-20,Walk-in,B006271
Q004959,2026-01-20,Instagram,B006370
Q005070,2026-01-20,OTA,B006515
Q008633,2026-01-20,OTA,
Q008767,2026-01-20,Walk-in,
Q009762,2026-01-20,Walk-in,
Q010081,2026-01-20,OTA,
Q010094,2026-01-20,Walk-in,
Q010224,2026-01-20,OTA,
Q010599,2026-01-20,Website,
Q004765,2026-01-21,OTA,B006110
Q004887,2026-01-21,Instagram,B006272
Q004916,2026-01-21,OTA,B006311
Q004969,2026-01-21,Website,B006384
Q005050,2026-01-21,Hotel Partner,B006490
Q005087,2026-01-21,OTA,B006536
Q008802,2026-01-21,Website,
Q009399,2026-01-21,Walk-in,
Q009732,2026-01-21,Walk-in,
Q009820,2026-01-21,OTA,
Q010495,2026-01-21,Website,
Q010565,2026-01-21,OTA,
Q004788,2026-01-22,Hotel Partner,B006136
Q004796,2026-01-22,Hotel Partner,B006152
Q004828,2026-01-22,Walk-in,B006196
Q005035,2026-01-22,OTA,B006469
Q005083,2026-01-22,Website,B006532
Q008737,2026-01-22,OTA,
Q009482,2026-01-22,Walk-in,
Q009711,2026-01-22,Walk-in,
Q009749,2026-01-22,OTA,
Q009978,2026-01-22,OTA,
Q010017,2026-01-22,Walk-in,
Q010028,2026-01-22,Walk-in,
Q010139,2026-01-22,Referral,
Q010405,2026-01-22,Referral,
Q004703,2026-01-23,Referral,B006028
Q004737,2026-01-23,Walk-in,B006075
Q004854,2026-01-23,Website,B006228
Q004859,2026-01-23,OTA,B006236
Q004932,2026-01-23,OTA,B006334
Q008754,2026-01-23,Walk-in,
Q009021,2026-01-23,Instagram,
Q009095,2026-01-23,Instagram,
Q009467,2026-01-23,Referral,
Q009670,2026-01-23,Walk-in,
Q009748,2026-01-23,Website,
Q010029,2026-01-23,Walk-in,
Q010191,2026-01-23,OTA,
Q010193,2026-01-23,Website,
Q010255,2026-01-23,Referral,
Q010285,2026-01-23,Hotel Partner,
Q003826,2026-01-24,Hotel Partner,B006131
Q004804,2026-01-24,Hotel Partner,B006160
Q004816,2026-01-24,Website,B006180
Q004929,2026-01-24,Referral,B006330
Q004973,2026-01-24,Instagram,B006388
Q004987,2026-01-24,OTA,B006405
Q004988,2026-01-24,OTA,B006406
Q005004,2026-01-24,OTA,B006429
Q009343,2026-01-24,Referral,
Q009355,2026-01-24,Hotel Partner,
Q009848,2026-01-24,Walk-in,
Q009858,2026-01-24,OTA,
Q010283,2026-01-24,OTA,
Q010289,2026-01-24,OTA,
Q010436,2026-01-24,OTA,
Q010455,2026-01-24,Hotel Partner,
Q004780,2026-01-25,Walk-in,B006126
Q004785,2026-01-25,OTA,B006133
Q004853,2026-01-25,OTA,B006227
Q004892,2026-01-25,Referral,B006278
Q004917,2026-01-25,Referral,B006312
Q004961,2026-01-25,OTA,B006373
Q005000,2026-01-25,Website,B006423
Q005081,2026-01-25,OTA,B006530
Q008776,2026-01-25,OTA,
Q009038,2026-01-25,Instagram,
Q009147,2026-01-25,Walk-in,
Q009190,2026-01-25,OTA,
Q010038,2026-01-25,Hotel Partner,
Q010319,2026-01-25,OTA,
Q010516,2026-01-25,OTA,
Q010634,2026-01-25,Walk-in,
Q004860,2026-01-26,Website,B006237
Q004937,2026-01-26,OTA,B006339
Q004970,2026-01-26,OTA,B006385
Q004990,2026-01-26,OTA,B006408
Q005014,2026-01-26,Instagram,B006441
Q008533,2026-01-26,Instagram,
Q008606,2026-01-26,OTA,
Q008977,2026-01-26,OTA,
Q009208,2026-01-26,Walk-in,
Q004752,2026-01-27,Walk-in,B006093
Q004768,2026-01-27,Instagram,B006114
Q004797,2026-01-27,Website,B006153
Q004852,2026-01-27,OTA,B006226
Q004944,2026-01-27,Referral,B006350
Q004960,2026-01-27,OTA,B006371
Q004999,2026-01-27,OTA,B006421
Q005053,2026-01-27,OTA,B006493
Q005064,2026-01-27,Hotel Partner,B006506
Q005080,2026-01-27,Hotel Partner,B006529
Q005085,2026-01-27,OTA,B006534
Q005098,2026-01-27,Walk-in,B006554
Q005099,2026-01-27,Walk-in,B006555
Q008607,2026-01-27,Website,
Q008801,2026-01-27,Referral,
Q008953,2026-01-27,Walk-in,
Q009010,2026-01-27,OTA,
Q009416,2026-01-27,Instagram,
Q009550,2026-01-27,Referral,
Q009896,2026-01-27,OTA,
Q010237,2026-01-27,Website,
Q010566,2026-01-27,OTA,
Q010613,2026-01-27,Instagram,
Q010707,2026-01-27,Walk-in,
Q010712,2026-01-27,OTA,
Q004725,2026-01-28,Walk-in,B006057
Q004742,2026-01-28,Website,B006083
Q004801,2026-01-28,OTA,B006157
Q004839,2026-01-28,OTA,B006210
Q004872,2026-01-28,Website,B006252
Q004948,2026-01-28,Website,B006355
Q004949,2026-01-28,Website,B006357
Q005007,2026-01-28,Walk-in,B006432
Q005043,2026-01-28,Instagram,B006480
Q005102,2026-01-28,Website,B006560
Q009161,2026-01-28,Hotel Partner,
Q009241,2026-01-28,OTA,
Q009363,2026-01-28,Referral,
Q009622,2026-01-28,Website,
Q010288,2026-01-28,OTA,
Q010396,2026-01-28,Hotel Partner,
Q010547,2026-01-28,Instagram,
Q010626,2026-01-28,OTA,
Q010807,2026-01-28,OTA,
Q004777,2026-01-29,OTA,B006123
Q004784,2026-01-29,OTA,B006132
Q004811,2026-01-29,Website,B006175
Q004878,2026-01-29,OTA,B006261
Q004881,2026-01-29,OTA,B006266
Q004894,2026-01-29,OTA,B006281
Q004934,2026-01-29,Website,B006336
Q004980,2026-01-29,Walk-in,B006397
Q004994,2026-01-29,OTA,B006415
Q005025,2026-01-29,OTA,B006456
Q005146,2026-01-29,Instagram,B006615
Q008892,2026-01-29,Instagram,
Q009174,2026-01-29,OTA,
Q009214,2026-01-29,Website,
Q009445,2026-01-29,Website,
Q009487,2026-01-29,Instagram,
Q009799,2026-01-29,OTA,
Q009809,2026-01-29,Walk-in,
Q009865,2026-01-29,Website,
Q010116,2026-01-29,Website,
Q010149,2026-01-29,Website,
Q010403,2026-01-29,Instagram,
Q010713,2026-01-29,Hotel Partner,
Q010731,2026-01-29,OTA,
Q004745,2026-01-30,Instagram,B006086
Q004858,2026-01-30,OTA,B006235
Q004958,2026-01-30,Website,B006369
Q005013,2026-01-30,Walk-in,B006439
Q005021,2026-01-30,Walk-in,B006449
Q005026,2026-01-30,OTA,B006457
Q005031,2026-01-30,OTA,B006465
Q005057,2026-01-30,OTA,B006498
Q008769,2026-01-30,OTA,
Q009015,2026-01-30,OTA,
Q009207,2026-01-30,OTA,
Q009271,2026-01-30,Walk-in,
Q009368,2026-01-30,Website,
Q009486,2026-01-30,Walk-in,
Q009949,2026-01-30,Instagram,
Q010440,2026-01-30,Instagram,
Q010562,2026-01-30,OTA,
Q003019,2026-01-31,Hotel Partner,B006172
Q004923,2026-01-31,Walk-in,B006322
Q005084,2026-01-31,OTA,B006533
Q005106,2026-01-31,Walk-in,B006564
Q008844,2026-01-31,Instagram,
Q009373,2026-01-31,Walk-in,
Q009654,2026-01-31,OTA,
Q010027,2026-01-31,Website,
Q010786,2026-01-31,Hotel Partner,
Q004827,2026-02-01,OTA,B006195
Q004928,2026-02-01,Walk-in,B006329
Q004962,2026-02-01,Hotel Partner,B006375
Q004964,2026-02-01,Hotel Partner,B006377
Q004974,2026-02-01,OTA,B006389
Q004997,2026-02-01,Instagram,B006418
Q004998,2026-02-01,Hotel Partner,B006419
Q005012,2026-02-01,Hotel Partner,B006438
Q005062,2026-02-01,Walk-in,B006503
Q005123,2026-02-01,OTA,B006587
Q005130,2026-02-01,OTA,B006594
Q008624,2026-02-01,Instagram,
Q008672,2026-02-01,Walk-in,
Q008746,2026-02-01,Instagram,
Q008821,2026-02-01,Instagram,
Q008856,2026-02-01,OTA,
Q009379,2026-02-01,Walk-in,
Q009543,2026-02-01,OTA,
Q009872,2026-02-01,OTA,
Q010153,2026-02-01,OTA,
Q004891,2026-02-02,Website,B006277
Q004915,2026-02-02,Instagram,B006308
Q004952,2026-02-02,Instagram,B006361
Q004967,2026-02-02,Walk-in,B006382
Q005051,2026-02-02,Hotel Partner,B006491
Q005092,2026-02-02,Walk-in,B006546
Q005198,2026-02-02,Hotel Partner,B006690
Q008627,2026-02-02,OTA,
Q008826,2026-02-02,Website,
Q008898,2026-02-02,Website,
Q009086,2026-02-02,Referral,
Q009635,2026-02-02,Walk-in,
Q009667,2026-02-02,Hotel Partner,
Q009707,2026-02-02,Walk-in,
Q010095,2026-02-02,Walk-in,
Q010334,2026-02-02,Hotel Partner,
Q010783,2026-02-02,Walk-in,
Q004851,2026-02-03,OTA,B006225
Q004907,2026-02-03,Hotel Partner,B006297
Q004927,2026-02-03,Walk-in,B006328
Q004972,2026-02-03,OTA,B006387
Q005018,2026-02-03,OTA,B006445
Q005101,2026-02-03,OTA,B006558
Q005163,2026-02-03,Walk-in,B006641
Q005172,2026-02-03,Referral,B006653
Q008989,2026-02-03,Walk-in,
Q009341,2026-02-03,Instagram,
Q010542,2026-02-03,Referral,
Q010739,2026-02-03,OTA,
Q010789,2026-02-03,Website,
Q004848,2026-02-04,Referral,B006221
Q004866,2026-02-04,Walk-in,B006245
Q004918,2026-02-04,Referral,B006313
Q004938,2026-02-04,Instagram,B006340
Q004995,2026-02-04,OTA,B006416
Q005066,2026-02-04,Website,B006509
Q005069,2026-02-04,Walk-in,B006514
Q005118,2026-02-04,Website,B006579
Q005126,2026-02-04,OTA,B006590
Q005202,2026-02-04,Walk-in,B006694
Q005209,2026-02-04,Walk-in,B006703
Q008848,2026-02-04,Referral,
Q008925,2026-02-04,Hotel Partner,
Q009332,2026-02-04,Website,
Q009370,2026-02-04,OTA,
Q009509,2026-02-04,Walk-in,
Q009524,2026-02-04,OTA,
Q010275,2026-02-04,OTA,
Q010409,2026-02-04,Referral,
Q010815,2026-02-04,Hotel Partner,
Q004935,2026-02-05,Referral,B006337
Q004971,2026-02-05,Website,B006386
Q004975,2026-02-05,Walk-in,B006390
Q004984,2026-02-05,Website,B006402
Q005044,2026-02-05,Hotel Partner,B006481
Q005153,2026-02-05,OTA,B006625
Q005194,2026-02-05,Hotel Partner,B006685
Q009186,2026-02-05,OTA,
Q009222,2026-02-05,OTA,
Q009937,2026-02-05,Referral,
Q010212,2026-02-05,Hotel Partner,
Q010476,2026-02-05,Hotel Partner,
Q010697,2026-02-05,OTA,
Q010808,2026-02-05,OTA,
Q005002,2026-02-06,Referral,B006426
Q005019,2026-02-06,Hotel Partner,B006446
Q005095,2026-02-06,Walk-in,B006550
Q005145,2026-02-06,Referral,B006613
Q008571,2026-02-06,OTA,
Q008631,2026-02-06,Website,
Q008757,2026-02-06,OTA,
Q008779,2026-02-06,OTA,
Q008794,2026-02-06,OTA,
Q009113,2026-02-06,Hotel Partner,
Q009558,2026-02-06,OTA,
Q009627,2026-02-06,Hotel Partner,
Q009804,2026-02-06,Instagram,
Q009994,2026-02-06,Walk-in,
Q010238,2026-02-06,OTA,
Q010307,2026-02-06,Hotel Partner,
Q010428,2026-02-06,Instagram,
Q010545,2026-02-06,OTA,
Q010548,2026-02-06,OTA,
Q005032,2026-02-07,OTA,B006466
Q005103,2026-02-07,Walk-in,B006561
Q008558,2026-02-07,Hotel Partner,
Q008783,2026-02-07,OTA,
Q008998,2026-02-07,OTA,
Q009571,2026-02-07,Referral,
Q009798,2026-02-07,Walk-in,
Q010142,2026-02-07,OTA,
Q010383,2026-02-07,OTA,
Q010402,2026-02-07,Website,
Q010824,2026-02-07,Referral,
Q004880,2026-02-08,OTA,B006265
Q004898,2026-02-08,Website,B006285
Q004905,2026-02-08,OTA,B006295
Q004977,2026-02-08,OTA,B006394
Q005024,2026-02-08,Walk-in,B006455
Q005038,2026-02-08,OTA,B006473
Q005046,2026-02-08,OTA,B006484
Q005176,2026-02-08,Referral,B006658
Q008557,2026-02-08,Referral,
Q008684,2026-02-08,Walk-in,
Q009276,2026-02-08,Website,
Q009457,2026-02-08,Instagram,
Q009724,2026-02-08,Walk-in,
Q009979,2026-02-08,Website,
Q010126,2026-02-08,Walk-in,
Q004871,2026-02-09,OTA,B006251
Q004963,2026-02-09,Instagram,B006376
Q005010,2026-02-09,OTA,B006435
Q005093,2026-02-09,Hotel Partner,B006548
Q005104,2026-02-09,Walk-in,B006562
Q005136,2026-02-09,Hotel Partner,B006601
Q008936,2026-02-09,Instagram,
Q009462,2026-02-09,Walk-in,
Q009854,2026-02-09,OTA,
Q009922,2026-02-09,Hotel Partner,
Q009934,2026-02-09,OTA,
Q010040,2026-02-09,OTA,
Q010128,2026-02-09,OTA,
Q010326,2026-02-09,OTA,
Q010774,2026-02-09,OTA,
Q010791,2026-02-09,Referral,
Q004945,2026-02-10,OTA,B006351
Q004957,2026-02-10,Website,B006368
Q005008,2026-02-10,Instagram,B006433
Q005022,2026-02-10,Instagram,B006453
Q005107,2026-02-10,OTA,B006566
Q005139,2026-02-10,Walk-in,B006605
Q005151,2026-02-10,Instagram,B006623
Q005203,2026-02-10,OTA,B006696
Q008849,2026-02-10,OTA,
Q009156,2026-02-10,Walk-in,
Q009194,2026-02-10,OTA,
Q009260,2026-02-10,Walk-in,
Q009560,2026-02-10,Referral,
Q009761,2026-02-10,Website,
Q010144,2026-02-10,Website,
Q010451,2026-02-10,Walk-in,
Q010615,2026-02-10,Website,
Q004882,2026-02-11,Hotel Partner,B006267
Q004910,2026-02-11,Referral,B006301
Q004930,2026-02-11,Instagram,B006331
Q004954,2026-02-11,OTA,B006365
Q004989,2026-02-11,Walk-in,B006407
Q005005,2026-02-11,OTA,B006430
Q005020,2026-02-11,OTA,B006448
Q005039,2026-02-11,Hotel Partner,B006474
Q005052,2026-02-11,Walk-in,B006492
Q005096,2026-02-11,Walk-in,B006551
Q005117,2026-02-11,Walk-in,B006578
Q005141,2026-02-11,Website,B006607
Q005149,2026-02-11,Website,B006620
Q005204,2026-02-11,Hotel Partner,B006697
Q008528,2026-02-11,Hotel Partner,
Q008626,2026-02-11,Website,
Q009001,2026-02-11,OTA,
Q009212,2026-02-11,Referral,
Q009459,2026-02-11,Instagram,
Q009742,2026-02-11,Instagram,
Q009765,2026-02-11,Referral,
Q010035,2026-02-11,OTA,
Q010037,2026-02-11,Website,
Q010292,2026-02-11,OTA,
Q010612,2026-02-11,OTA,
Q010686,2026-02-11,Hotel Partner,
Q004888,2026-02-12,OTA,B006273
Q004897,2026-02-12,OTA,B006284
Q004912,2026-02-12,Hotel Partner,B006303
Q005006,2026-02-12,Instagram,B006431
Q005034,2026-02-12,Hotel Partner,B006468
Q005125,2026-02-12,OTA,B006589
Q005175,2026-02-12,Walk-in,B006656
Q008553,2026-02-12,Referral,
Q009164,2026-02-12,Website,
Q009289,2026-02-12,OTA,
Q009610,2026-02-12,Hotel Partner,
Q010060,2026-02-12,OTA,
Q010091,2026-02-12,OTA,
Q010124,2026-02-12,Referral,
Q010276,2026-02-12,Website,
Q010363,2026-02-12,Walk-in,
Q010471,2026-02-12,OTA,
Q010489,2026-02-12,OTA,
Q010530,2026-02-12,Website,
Q010758,2026-02-12,OTA,
Q004884,2026-02-13,OTA,B006269
Q004936,2026-02-13,OTA,B006338
Q004940,2026-02-13,Website,B006343
Q004983,2026-02-13,Walk-in,B006401
Q005029,2026-02-13,Walk-in,B006462
Q005147,2026-02-13,Instagram,B006617
Q005215,2026-02-13,OTA,B006711
Q009353,2026-02-13,Hotel Partner,
Q009440,2026-02-13,Hotel Partner,
Q009687,2026-02-13,OTA,
Q009713,2026-02-13,OTA,
Q009851,2026-02-13,Walk-in,
Q010177,2026-02-13,Walk-in,
Q010432,2026-02-13,OTA,
Q010517,2026-02-13,Website,
Q010790,2026-02-13,Instagram,
Q004862,2026-02-14,OTA,B006239
Q005041,2026-02-14,Referral,B006477
Q005049,2026-02-14,OTA,B006489
Q005074,2026-02-14,Walk-in,B006520
Q005079,2026-02-14,Instagram,B006528
Q005111,2026-02-14,OTA,B006571
Q005120,2026-02-14,Hotel Partner,B006583
Q005131,2026-02-14,Hotel Partner,B006596
Q005174,2026-02-14,Instagram,B006655
Q005188,2026-02-14,OTA,B006679
Q008578,2026-02-14,Hotel Partner,
Q008628,2026-02-14,Instagram,
Q009231,2026-02-14,Walk-in,
Q009367,2026-02-14,OTA,
Q009607,2026-02-14,OTA,
Q009778,2026-02-14,OTA,
Q010217,2026-02-14,OTA,
Q010252,2026-02-14,Referral,
Q010687,2026-02-14,Hotel Partner,
Q004902,2026-02-15,Instagram,B006291
Q004921,2026-02-15,OTA,B006319
Q004965,2026-02-15,OTA,B006378
Q005042,2026-02-15,Instagram,B006478
Q005063,2026-02-15,Website,B006504
Q005065,2026-02-15,Referral,B006508
Q005086,2026-02-15,Instagram,B006535
Q005162,2026-02-15,Instagram,B006638
Q005248,2026-02-15,Instagram,B006750
Q008750,2026-02-15,Instagram,
Q008760,2026-02-15,Walk-in,
Q009695,2026-02-15,Website,
Q010554,2026-02-15,OTA,
Q010572,2026-02-15,Referral,
Q004978,2026-02-16,Instagram,B006395
Q005027,2026-02-16,Website,B006459
Q005121,2026-02-16,Referral,B006585
Q005134,2026-02-16,Instagram,B006599
Q005148,2026-02-16,Walk-in,B006618
Q008870,2026-02-16,Hotel Partner,
Q009160,2026-02-16,OTA,
Q009265,2026-02-16,Website,
Q009461,2026-02-16,OTA,
Q010111,2026-02-16,OTA,
Q010474,2026-02-16,OTA,
Q004868,2026-02-17,OTA,B006247
Q004877,2026-02-17,OTA,B006258
Q004942,2026-02-17,Hotel Partner,B006347
Q004956,2026-02-17,Hotel Partner,B006367
Q004992,2026-02-17,Walk-in,B006411
Q005023,2026-02-17,OTA,B006454
Q005056,2026-02-17,Hotel Partner,B006496
Q005075,2026-02-17,Website,B006521
Q005100,2026-02-17,Hotel Partner,B006556
Q005144,2026-02-17,OTA,B006612
Q005165,2026-02-17,OTA,B006643
Q005217,2026-02-17,Hotel Partner,B006713
Q005264,2026-02-17,Instagram,B006776
Q005268,2026-02-17,Instagram,B006781
Q005286,2026-02-17,Website,B006801
Q008823,2026-02-17,Walk-in,
Q008922,2026-02-17,Walk-in,
Q008985,2026-02-17,OTA,
Q009004,2026-02-17,Referral,
Q009042,2026-02-17,OTA,
Q009376,2026-02-17,OTA,
Q009414,2026-02-17,OTA,
Q009426,2026-02-17,OTA,
Q009974,2026-02-17,OTA,
Q010096,2026-02-17,OTA,
Q010301,2026-02-17,OTA,
Q010340,2026-02-17,Website,
Q010620,2026-02-17,Walk-in,
Q010748,2026-02-17,Instagram,
Q004947,2026-02-18,OTA,B006354
Q005017,2026-02-18,Hotel Partner,B006444
Q005055,2026-02-18,OTA,B006495
Q005071,2026-02-18,Walk-in,B006517
Q005088,2026-02-18,OTA,B006539
Q005094,2026-02-18,Walk-in,B006549
Q005110,2026-02-18,Walk-in,B006569
Q005115,2026-02-18,Walk-in,B006576
Q005122,2026-02-18,Hotel Partner,B006586
Q005156,2026-02-18,OTA,B006629
Q005260,2026-02-18,Website,B006769
Q005288,2026-02-18,Hotel Partner,B006805
Q008639,2026-02-18,Walk-in,
Q008681,2026-02-18,OTA,
Q009013,2026-02-18,Website,
Q009053,2026-02-18,Instagram,
Q009640,2026-02-18,Walk-in,
Q009690,2026-02-18,Instagram,
Q009871,2026-02-18,OTA,
Q009938,2026-02-18,Instagram,
Q010653,2026-02-18,Referral,
Q010750,2026-02-18,Website,
Q004976,2026-02-19,OTA,B006393
Q004979,2026-02-19,OTA,B006396
Q004981,2026-02-19,Website,B006398
Q004985,2026-02-19,Referral,B006403
Q005116,2026-02-19,Website,B006577
Q005143,2026-02-19,OTA,B006611
Q005180,2026-02-19,Walk-in,B006666
Q005242,2026-02-19,OTA,B006743
Q008871,2026-02-19,Referral,
Q008931,2026-02-19,Website,
Q009398,2026-02-19,OTA,
Q009986,2026-02-19,Walk-in,
Q010263,2026-02-19,Website,
Q010344,2026-02-19,Website,
Q004911,2026-02-20,OTA,B006302
Q005207,2026-02-20,Walk-in,B006700
Q005305,2026-02-20,Website,B006829
Q008726,2026-02-20,Walk-in,
Q008786,2026-02-20,Website,
Q008960,2026-02-20,Walk-in,
Q009360,2026-02-20,Walk-in,
Q010190,2026-02-20,Instagram,
Q010400,2026-02-20,Walk-in,
Q010441,2026-02-20,OTA,
Q010830,2026-02-20,OTA,
Q004953,2026-02-21,Hotel Partner,B006362
Q004991,2026-02-21,OTA,B006410
Q005015,2026-02-21,Website,B006442
Q005016,2026-02-21,Walk-in,B006443
Q005059,2026-02-21,Website,B006500
Q005068,2026-02-21,Referral,B006512
Q005097,2026-02-21,Referral,B006552
Q005164,2026-02-21,Walk-in,B006642
Q005193,2026-02-21,Hotel Partner,B006684
Q005245,2026-02-21,Referral,B006747
Q008574,2026-02-21,Hotel Partner,
Q008598,2026-02-21,OTA,
Q008749,2026-02-21,OTA,
Q008751,2026-02-21,Walk-in,
Q008793,2026-02-21,Walk-in,
Q009423,2026-02-21,Referral,
Q009537,2026-02-21,Walk-in,
Q009569,2026-02-21,Hotel Partner,
Q009901,2026-02-21,Referral,
Q010120,2026-02-21,Walk-in,
Q010314,2026-02-21,Walk-in,
Q010473,2026-02-21,Website,
Q010550,2026-02-21,OTA,
Q010652,2026-02-21,Instagram,
Q005128,2026-02-22,OTA,B006592
Q005129,2026-02-22,Hotel Partner,B006593
Q005186,2026-02-22,Walk-in,B006676
Q005234,2026-02-22,Instagram,B006733
Q005255,2026-02-22,OTA,B006761
Q008583,2026-02-22,OTA,
Q008930,2026-02-22,Instagram,
Q009146,2026-02-22,OTA,
Q009205,2026-02-22,OTA,
Q009717,2026-02-22,OTA,
Q009767,2026-02-22,Referral,
Q010718,2026-02-22,OTA,
Q004901,2026-02-23,Website,B006290
Q005003,2026-02-23,Website,B006428
Q005048,2026-02-23,Hotel Partner,B006488
Q005061,2026-02-23,Website,B006502
Q005073,2026-02-23,Referral,B006519
Q005119,2026-02-23,Hotel Partner,B006580
Q005133,2026-02-23,OTA,B006598
Q005140,2026-02-23,OTA,B006606
Q005168,2026-02-23,OTA,B006646
Q005254,2026-02-23,Hotel Partner,B006759
Q005257,2026-02-23,Walk-in,B006766
Q008682,2026-02-23,OTA,
Q008858,2026-02-23,Walk-in,
Q009175,2026-02-23,Hotel Partner,
Q009718,2026-02-23,Walk-in,
Q009867,2026-02-23,OTA,
Q010169,2026-02-23,OTA,
Q010205,2026-02-23,Instagram,
Q010370,2026-02-23,OTA,
Q010552,2026-02-23,Instagram,
Q005054,2026-02-24,Hotel Partner,B006494
Q005076,2026-02-24,Hotel Partner,B006523
Q005157,2026-02-24,Referral,B006630
Q005173,2026-02-24,Website,B006654
Q005184,2026-02-24,Hotel Partner,B006673
Q005241,2026-02-24,OTA,B006742
Q005253,2026-02-24,Instagram,B006758
Q005258,2026-02-24,OTA,B006767
Q005346,2026-02-24,Referral,B006890
Q008587,2026-02-24,Hotel Partner,
Q009025,2026-02-24,Referral,
Q009203,2026-02-24,Instagram,
Q009245,2026-02-24,Instagram,
Q009621,2026-02-24,Walk-in,
Q009666,2026-02-24,OTA,
Q009706,2026-02-24,Walk-in,
Q009736,2026-02-24,Hotel Partner,
Q009952,2026-02-24,Instagram,
Q010751,2026-02-24,Instagram,
Q004986,2026-02-25,Website,B006404
Q005028,2026-02-25,Website,B006461
Q005179,2026-02-25,Website,B006665
Q005185,2026-02-25,Walk-in,B006675
Q005246,2026-02-25,Walk-in,B006748
Q008865,2026-02-25,OTA,
Q008934,2026-02-25,Website,
Q008997,2026-02-25,Instagram,
Q009002,2026-02-25,Walk-in,
Q009167,2026-02-25,Walk-in,
Q009496,2026-02-25,OTA,
Q009688,2026-02-25,Instagram,
Q009731,2026-02-25,Instagram,
Q009960,2026-02-25,Walk-in,
Q009987,2026-02-25,OTA,
Q010009,2026-02-25,Website,
Q010136,2026-02-25,Instagram,
Q005274,2026-02-26,Referral,B006788
Q005297,2026-02-26,OTA,B006818
Q005351,2026-02-26,OTA,B006897
Q008644,2026-02-26,OTA,
Q008807,2026-02-26,Website,
Q009108,2026-02-26,Hotel Partner,
Q009746,2026-02-26,OTA,
Q009884,2026-02-26,Instagram,
Q010397,2026-02-26,Website,
Q010491,2026-02-26,Instagram,
Q010672,2026-02-26,OTA,
Q010822,2026-02-26,Hotel Partner,
Q005045,2026-02-27,Hotel Partner,B006483
Q005082,2026-02-27,Website,B006531
Q005160,2026-02-27,Walk-in,B006634
Q005225,2026-02-27,Instagram,B006722
Q005237,2026-02-27,Walk-in,B006736
Q005240,2026-02-27,OTA,B006740
Q005306,2026-02-27,Website,B006830
Q005310,2026-02-27,Referral,B006838
Q005344,2026-02-27,Website,B006888
Q008563,2026-02-27,Instagram,
Q008715,2026-02-27,Instagram,
Q008920,2026-02-27,Referral,
Q009037,2026-02-27,Website,
Q009041,2026-02-27,Referral,
Q009119,2026-02-27,OTA,
Q009940,2026-02-27,Referral,
Q009947,2026-02-27,Website,
Q010014,2026-02-27,Referral,
Q010034,2026-02-27,OTA,
Q010477,2026-02-27,Website,
Q010541,2026-02-27,Hotel Partner,
Q010571,2026-02-27,OTA,
Q010609,2026-02-27,Website,
Q010816,2026-02-27,Hotel Partner,
Q003204,2026-02-28,Website,B006637
Q005091,2026-02-28,OTA,B006545
Q005105,2026-02-28,Walk-in,B006563
Q005171,2026-02-28,Website,B006652
Q005181,2026-02-28,OTA,B006668
Q005205,2026-02-28,Instagram,B006698
Q005214,2026-02-28,Website,B006709
Q005219,2026-02-28,OTA,B006715
Q005231,2026-02-28,Referral,B006730
Q005249,2026-02-28,OTA,B006751
Q008642,2026-02-28,Hotel Partner,
Q008796,2026-02-28,OTA,
Q008797,2026-02-28,Referral,
Q008839,2026-02-28,OTA,
Q009434,2026-02-28,Referral,
Q009519,2026-02-28,Website,
Q009542,2026-02-28,Instagram,
Q009743,2026-02-28,Referral,
Q009787,2026-02-28,Hotel Partner,
Q010004,2026-02-28,Instagram,
Q010070,2026-02-28,Walk-in,
Q010316,2026-02-28,Hotel Partner,
Q010395,2026-02-28,Instagram,
Q005047,2026-03-01,Referral,B006487
Q005078,2026-03-01,Walk-in,B006527
Q005150,2026-03-01,Instagram,B006621
Q005155,2026-03-01,Hotel Partner,B006628
Q005167,2026-03-01,Instagram,B006645
Q005224,2026-03-01,OTA,B006721
Q005275,2026-03-01,OTA,B006789
Q005287,2026-03-01,OTA,B006803
Q005360,2026-03-01,Hotel Partner,B006912
Q009176,2026-03-01,OTA,
Q009285,2026-03-01,Walk-in,
Q009382,2026-03-01,Website,
Q009419,2026-03-01,Walk-in,
Q009508,2026-03-01,Website,
Q009744,2026-03-01,Hotel Partner,
Q009785,2026-03-01,Instagram,
Q009908,2026-03-01,Hotel Partner,
Q010069,2026-03-01,Hotel Partner,
Q010269,2026-03-01,OTA,
Q010514,2026-03-01,Walk-in,
Q010785,2026-03-01,Referral,
Q004982,2026-03-02,OTA,B006399
Q005030,2026-03-02,OTA,B006463
Q005033,2026-03-02,Instagram,B006467
Q005077,2026-03-02,Referral,B006524
Q005216,2026-03-02,OTA,B006712
Q005261,2026-03-02,Referral,B006770
Q005294,2026-03-02,Walk-in,B006811
Q005331,2026-03-02,OTA,B006874
Q009110,2026-03-02,Website,
Q009220,2026-03-02,Walk-in,
Q009970,2026-03-02,OTA,
Q009991,2026-03-02,Website,
Q010371,2026-03-02,OTA,
Q005190,2026-03-03,OTA,B006681
Q005259,2026-03-03,Hotel Partner,B006768
Q005300,2026-03-03,Website,B006823
Q005325,2026-03-03,Website,B006863
Q005391,2026-03-03,Walk-in,B006951
Q008614,2026-03-03,Hotel Partner,
Q008667,2026-03-03,OTA,
Q008837,2026-03-03,Instagram,
Q009495,2026-03-03,Walk-in,
Q009898,2026-03-03,Instagram,
Q009951,2026-03-03,Referral,
Q010122,2026-03-03,Walk-in,
Q010353,2026-03-03,Walk-in,
Q005112,2026-03-04,Referral,B006572
Q005169,2026-03-04,Walk-in,B006647
Q005262,2026-03-04,Instagram,B006772
Q005263,2026-03-04,Walk-in,B006773
Q005271,2026-03-04,Website,B006784
Q008535,2026-03-04,Referral,
Q008562,2026-03-04,Website,
Q008648,2026-03-04,OTA,
Q008901,2026-03-04,Hotel Partner,
Q009074,2026-03-04,Website,
Q009196,2026-03-04,OTA,
Q009206,2026-03-04,Instagram,
Q009215,2026-03-04,Walk-in,
Q009268,2026-03-04,Walk-in,
Q009365,2026-03-04,Walk-in,
Q009649,2026-03-04,OTA,
Q009716,2026-03-04,Instagram,
Q004996,2026-03-05,Website,B006417
Q005037,2026-03-05,Hotel Partner,B006472
Q005072,2026-03-05,Hotel Partner,B006518
Q005108,2026-03-05,OTA,B006567
Q005135,2026-03-05,Walk-in,B006600
Q005159,2026-03-05,Hotel Partner,B006632
Q005166,2026-03-05,Instagram,B006644
Q005243,2026-03-05,Walk-in,B006745
Q005247,2026-03-05,Website,B006749
Q005277,2026-03-05,Instagram,B006791
Q008521,2026-03-05,Referral,
Q008665,2026-03-05,OTA,
Q008718,2026-03-05,Referral,
Q008903,2026-03-05,OTA,
Q009513,2026-03-05,Website,
Q009594,2026-03-05,Walk-in,
Q010248,2026-03-05,Walk-in,
Q010309,2026-03-05,Instagram,
Q010679,2026-03-05,Website,
Q010680,2026-03-05,OTA,
Q005036,2026-03-06,Website,B006470
Q005114,2026-03-06,Instagram,B006574
Q005124,2026-03-06,OTA,B006588
Q005142,2026-03-06,Instagram,B006609
Q005191,2026-03-06,Hotel Partner,B006682
Q005313,2026-03-06,Instagram,B006844
Q005380,2026-03-06,OTA,B006938
Q008616,2026-03-06,OTA,
Q008913,2026-03-06,Walk-in,
Q009177,2026-03-06,Website,
Q009246,2026-03-06,OTA,
Q009779,2026-03-06,Walk-in,
Q009882,2026-03-06,OTA,
Q010187,2026-03-06,OTA,
Q010207,2026-03-06,Walk-in,
Q010399,2026-03-06,Website,
Q010831,2026-03-06,Walk-in,
Q005060,2026-03-07,Referral,B006501
Q005090,2026-03-07,Walk-in,B006543
Q005218,2026-03-07,Walk-in,B006714
Q005285,2026-03-07,Instagram,B006800
Q005333,2026-03-07,Walk-in,B006876
Q008621,2026-03-07,OTA,
Q008778,2026-03-07,Referral,
Q009182,2026-03-07,Walk-in,
Q009800,2026-03-07,Walk-in,
Q009807,2026-03-07,OTA,
Q010083,2026-03-07,Website,
Q010220,2026-03-07,Hotel Partner,
Q010249,2026-03-07,OTA,
Q010305,2026-03-07,Referral,
Q010454,2026-03-07,Instagram,
Q010537,2026-03-07,Hotel Partner,
Q010556,2026-03-07,Website,
Q010623,2026-03-07,Instagram,
Q010762,2026-03-07,OTA,
Q010806,2026-03-07,Walk-in,
Q005127,2026-03-08,OTA,B006591
Q005177,2026-03-08,Instagram,B006659
Q005327,2026-03-08,Instagram,B006867
Q005328,2026-03-08,Website,B006868
Q008862,2026-03-08,Hotel Partner,
Q009046,2026-03-08,OTA,
Q009671,2026-03-08,OTA,
Q010256,2026-03-08,Walk-in,
Q010290,2026-03-08,OTA,
Q010350,2026-03-08,Hotel Partner,
Q005109,2026-03-09,OTA,B006568
Q005138,2026-03-09,OTA,B006604
Q005226,2026-03-09,Walk-in,B006723
Q005272,2026-03-09,Website,B006785
Q005282,2026-03-09,Referral,B006797
Q005405,2026-03-09,OTA,B006970
Q008710,2026-03-09,OTA,
Q008893,2026-03-09,Walk-in,
Q009228,2026-03-09,Instagram,
Q009314,2026-03-09,Referral,
Q009326,2026-03-09,OTA,
Q009526,2026-03-09,OTA,
Q009733,2026-03-09,OTA,
Q010251,2026-03-09,Instagram,
Q010281,2026-03-09,Walk-in,
Q010744,2026-03-09,Walk-in,
Q010746,2026-03-09,Instagram,
Q010778,2026-03-09,Instagram,
Q010809,2026-03-09,Website,
Q005113,2026-03-10,OTA,B006573
Q005192,2026-03-10,Website,B006683
Q005199,2026-03-10,Walk-in,B006691
Q005222,2026-03-10,Walk-in,B006719
Q005227,2026-03-10,Instagram,B006724
Q005279,2026-03-10,OTA,B006793
Q005293,2026-03-10,OTA,B006810
Q005352,2026-03-10,Referral,B006898
Q005420,2026-03-10,OTA,B006989
Q008510,2026-03-10,OTA,
Q008929,2026-03-10,Referral,
Q009062,2026-03-10,OTA,
Q009579,2026-03-10,Instagram,
Q009608,2026-03-10,OTA,
Q009665,2026-03-10,Referral,
Q009683,2026-03-10,Referral,
Q009730,2026-03-10,OTA,
Q010226,2026-03-10,Website,
Q010389,2026-03-10,Instagram,
Q010391,2026-03-10,OTA,
Q010504,2026-03-10,Walk-in,
Q005182,2026-03-11,Instagram,B006671
Q005210,2026-03-11,Referral,B006704
Q005252,2026-03-11,Walk-in,B006757
Q005289,2026-03-11,OTA,B006806
Q005299,2026-03-11,Website,B006821
Q005320,2026-03-11,OTA,B006854
Q005353,2026-03-11,OTA,B006900
Q005361,2026-03-11,OTA,B006913
Q005373,2026-03-11,Walk-in,B006929
Q005403,2026-03-11,Instagram,B006968
Q009159,2026-03-11,Hotel Partner,
Q009170,2026-03-11,OTA,
Q009359,2026-03-11,Walk-in,
Q009411,2026-03-11,Instagram,
Q010206,2026-03-11,OTA,
Q010704,2026-03-11,OTA,
Q005323,2026-03-12,Walk-in,B006860
Q005341,2026-03-12,Walk-in,B006885
Q005416,2026-03-12,Walk-in,B006983
Q005417,2026-03-12,OTA,B006985
Q008708,2026-03-12,OTA,
Q009078,2026-03-12,OTA,
Q009590,2026-03-12,Walk-in,
Q009719,2026-03-12,OTA,
Q009966,2026-03-12,OTA,
Q010243,2026-03-12,Hotel Partner,
Q010287,2026-03-12,Hotel Partner,
Q005201,2026-03-13,OTA,B006693
Q005233,2026-03-13,OTA,B006732
Q005307,2026-03-13,Instagram,B006831
Q005452,2026-03-13,Walk-in,B007030
Q008676,2026-03-13,Hotel Partner,
Q009163,2026-03-13,Hotel Partner,
Q010270,2026-03-13,Instagram,
Q010284,2026-03-13,Website,
Q010418,2026-03-13,Walk-in,
Q010765,2026-03-13,Website,
Q010840,2026-03-13,Walk-in,
Q005265,2026-03-14,Hotel Partner,B006777
Q005348,2026-03-14,OTA,B006893
Q005379,2026-03-14,Hotel Partner,B006937
Q008661,2026-03-14,OTA,
Q008867,2026-03-14,Walk-in,
Q009016,2026-03-14,Walk-in,
Q009091,2026-03-14,OTA,
Q009281,2026-03-14,Walk-in,
Q009479,2026-03-14,Referral,
Q009583,2026-03-14,Website,
Q009686,2026-03-14,OTA,
Q009812,2026-03-14,Hotel Partner,
Q009837,2026-03-14,Referral,
Q010059,2026-03-14,Website,
Q010535,2026-03-14,Instagram,
Q005178,2026-03-15,Website,B006664
Q005183,2026-03-15,Referral,B006672
Q005230,2026-03-15,OTA,B006728
Q005256,2026-03-15,Instagram,B006763
Q005267,2026-03-15,Website,B006780
Q005311,2026-03-15,Website,B006840
Q005475,2026-03-15,Walk-in,B007057
Q008640,2026-03-15,Walk-in,
Q008748,2026-03-15,Walk-in,
Q009251,2026-03-15,Hotel Partner,
Q009357,2026-03-15,Referral,
Q009397,2026-03-15,OTA,
Q010632,2026-03-15,OTA,
Q010709,2026-03-15,Website,
Q005154,2026-03-16,OTA,B006627
Q005158,2026-03-16,Hotel Partner,B006631
Q005326,2026-03-16,OTA,B006864
Q005365,2026-03-16,OTA,B006918
Q005372,2026-03-16,Hotel Partner,B006928
Q005382,2026-03-16,Referral,B006940
Q005388,2026-03-16,Website,B006947
Q005428,2026-03-16,Referral,B006999
Q008711,2026-03-16,Hotel Partner,
Q008863,2026-03-16,Website,
Q008991,2026-03-16,OTA,
Q009083,2026-03-16,OTA,
Q009388,2026-03-16,Instagram,
Q009578,2026-03-16,Website,
Q009581,2026-03-16,Walk-in,
Q009661,2026-03-16,OTA,
Q009911,2026-03-16,Instagram,
Q009914,2026-03-16,Instagram,
Q009948,2026-03-16,Walk-in,
Q010002,2026-03-16,Walk-in,
Q010012,2026-03-16,OTA,
Q010561,2026-03-16,Website,
Q010741,2026-03-16,OTA,
Q005132,2026-03-17,Website,B006597
Q005195,2026-03-17,Referral,B006687
Q005251,2026-03-17,Website,B006756
Q005290,2026-03-17,OTA,B006807
Q005304,2026-03-17,OTA,B006828
Q005317,2026-03-17,Referral,B006848
Q005330,2026-03-17,OTA,B006872
Q005359,2026-03-17,OTA,B006910
Q005364,2026-03-17,OTA,B006917
Q005374,2026-03-17,OTA,B006930
Q008540,2026-03-17,Hotel Partner,
Q008873,2026-03-17,OTA,
Q009335,2026-03-17,Website,
Q009408,2026-03-17,Instagram,
Q009710,2026-03-17,Referral,
Q009885,2026-03-17,Instagram,
Q010055,2026-03-17,OTA,
Q010239,2026-03-17,Instagram,
Q010296,2026-03-17,Walk-in,
Q010318,2026-03-17,Hotel Partner,
Q010540,2026-03-17,Referral,
Q010693,2026-03-17,OTA,
Q005137,2026-03-18,Website,B006602
Q005376,2026-03-18,Hotel Partner,B006932
Q005412,2026-03-18,Hotel Partner,B006979
Q008599,2026-03-18,Hotel Partner,
Q008752,2026-03-18,Referral,
Q009073,2026-03-18,OTA,
Q009727,2026-03-18,OTA,
Q009846,2026-03-18,OTA,
Q009877,2026-03-18,Website,
Q010480,2026-03-18,Instagram,
Q005284,2026-03-19,Referral,B006799
Q005415,2026-03-19,Hotel Partner,B006982
Q005434,2026-03-19,OTA,B007007
Q009081,2026-03-19,Website,
Q009619,2026-03-19,Walk-in,
Q010077,2026-03-19,Instagram,
Q010161,2026-03-19,OTA,
Q010213,2026-03-19,Walk-in,
Q010827,2026-03-19,Referral,
Q005152,2026-03-20,OTA,B006624
Q005189,2026-03-20,OTA,B006680
Q005347,2026-03-20,Instagram,B006891
Q005370,2026-03-20,Referral,B006924
Q008547,2026-03-20,OTA,
Q008643,2026-03-20,OTA,
Q008937,2026-03-20,Website,
Q009478,2026-03-20,Instagram,
Q009677,2026-03-20,OTA,
Q009832,2026-03-20,Website,
Q009933,2026-03-20,Website,
Q010022,2026-03-20,OTA,
Q010354,2026-03-20,OTA,
Q010575,2026-03-20,Referral,
Q010659,2026-03-20,Website,
Q010742,2026-03-20,Website,
Q010776,2026-03-20,OTA,
Q010788,2026-03-20,OTA,
Q005187,2026-03-21,Instagram,B006677
Q005208,2026-03-21,Walk-in,B006702
Q005239,2026-03-21,Walk-in,B006739
Q005296,2026-03-21,Hotel Partner,B006817
Q005301,2026-03-21,Walk-in,B006825
Q005368,2026-03-21,Walk-in,B006922
Q005392,2026-03-21,OTA,B006952
Q005414,2026-03-21,OTA,B006981
Q008524,2026-03-21,Walk-in,
Q008591,2026-03-21,OTA,
Q008965,2026-03-21,Instagram,
Q009237,2026-03-21,Instagram,
Q009280,2026-03-21,Instagram,
Q009282,2026-03-21,Instagram,
Q009577,2026-03-21,OTA,
Q009681,2026-03-21,OTA,
Q009808,2026-03-21,Instagram,
Q009847,2026-03-21,Website,
Q009918,2026-03-21,Website,
Q010254,2026-03-21,Website,
Q010366,2026-03-21,OTA,
Q010515,2026-03-21,OTA,
Q010549,2026-03-21,Walk-in,
Q010835,2026-03-21,Walk-in,
Q005170,2026-03-22,Walk-in,B006649
Q005229,2026-03-22,Website,B006727
Q005283,2026-03-22,OTA,B006798
Q005314,2026-03-22,OTA,B006845
Q005337,2026-03-22,OTA,B006880
Q005369,2026-03-22,OTA,B006923
Q005393,2026-03-22,Instagram,B006954
Q005407,2026-03-22,Referral,B006972
Q005421,2026-03-22,Hotel Partner,B006990
Q005446,2026-03-22,OTA,B007023
Q008508,2026-03-22,OTA,
Q008790,2026-03-22,OTA,
Q009098,2026-03-22,Website,
Q009893,2026-03-22,OTA,
Q009916,2026-03-22,Referral,
Q010117,2026-03-22,Website,
Q010447,2026-03-22,OTA,
Q005220,2026-03-23,OTA,B006716
Q005354,2026-03-23,Instagram,B006901
Q005387,2026-03-23,Walk-in,B006946
Q005397,2026-03-23,Instagram,B006959
Q005479,2026-03-23,OTA,B007062
Q005488,2026-03-23,Instagram,B007076
Q008824,2026-03-23,Instagram,
Q008900,2026-03-23,Referral,
Q009204,2026-03-23,Walk-in,
Q009447,2026-03-23,OTA,
Q009485,2026-03-23,Hotel Partner,
Q005357,2026-03-24,OTA,B006906
Q005371,2026-03-24,OTA,B006926
Q005431,2026-03-24,Referral,B007002
Q008766,2026-03-24,Walk-in,
Q008789,2026-03-24,Website,
Q009060,2026-03-24,OTA,
Q009178,2026-03-24,Instagram,
Q009424,2026-03-24,Website,
Q009689,2026-03-24,OTA,
Q010051,2026-03-24,OTA,
Q010280,2026-03-24,OTA,
Q005161,2026-03-25,Walk-in,B006635
Q005200,2026-03-25,OTA,B006692
Q005244,2026-03-25,Walk-in,B006746
Q005291,2026-03-25,OTA,B006808
Q005385,2026-03-25,OTA,B006944
Q005451,2026-03-25,OTA,B007029
Q008657,2026-03-25,Instagram,
Q008942,2026-03-25,OTA,
Q009028,2026-03-25,Instagram,
Q009255,2026-03-25,Walk-in,
Q009586,2026-03-25,Walk-in,
Q009795,2026-03-25,Walk-in,
Q009836,2026-03-25,Walk-in,
Q010282,2026-03-25,Instagram,
Q010465,2026-03-25,Referral,
Q010468,2026-03-25,OTA,
Q010792,2026-03-25,Hotel Partner,
Q005280,2026-03-26,Hotel Partner,B006794
Q005339,2026-03-26,Walk-in,B006882
Q005342,2026-03-26,Hotel Partner,B006886
Q005355,2026-03-26,OTA,B006902
Q005384,2026-03-26,Website,B006943
Q005453,2026-03-26,Website,B007031
Q008654,2026-03-26,Walk-in,
Q008700,2026-03-26,OTA,
Q009287,2026-03-26,Walk-in,
Q009295,2026-03-26,Walk-in,
Q009547,2026-03-26,Referral,
Q009662,2026-03-26,Referral,
Q010103,2026-03-26,OTA,
Q010425,2026-03-26,Walk-in,
Q005206,2026-03-27,Instagram,B006699
Q005213,2026-03-27,OTA,B006708
Q005298,2026-03-27,OTA,B006820
Q005309,2026-03-27,Instagram,B006833
Q005315,2026-03-27,OTA,B006846
Q005332,2026-03-27,OTA,B006875
Q005437,2026-03-27,Walk-in,B007011
Q005494,2026-03-27,Hotel Partner,B007091
Q008619,2026-03-27,Website,
Q008706,2026-03-27,OTA,
Q009171,2026-03-27,OTA,
Q009465,2026-03-27,Walk-in,
Q009493,2026-03-27,OTA,
Q009941,2026-03-27,Walk-in,
Q010021,2026-03-27,OTA,
Q010322,2026-03-27,Instagram,
Q010598,2026-03-27,Referral,
Q005221,2026-03-28,OTA,B006718
Q005281,2026-03-28,Walk-in,B006795
Q005423,2026-03-28,Website,B006992
Q008546,2026-03-28,OTA,
Q008877,2026-03-28,Hotel Partner,
Q009306,2026-03-28,Website,
Q009536,2026-03-28,Referral,
Q009616,2026-03-28,Website,
Q009843,2026-03-28,Website,
Q010104,2026-03-28,Instagram,
Q010772,2026-03-28,OTA,
Q005212,2026-03-29,Website,B006707
Q005235,2026-03-29,Walk-in,B006734
Q005250,2026-03-29,Hotel Partner,B006755
Q005319,2026-03-29,Instagram,B006852
Q005338,2026-03-29,Referral,B006881
Q005406,2026-03-29,Hotel Partner,B006971
Q005443,2026-03-29,OTA,B007017
Q008549,2026-03-29,OTA,
Q008841,2026-03-29,Website,
Q009257,2026-03-29,Walk-in,
Q009261,2026-03-29,Referral,
Q009483,2026-03-29,OTA,
Q009655,2026-03-29,Instagram,
Q009726,2026-03-29,Website,
Q009923,2026-03-29,OTA,
Q010236,2026-03-29,OTA,
Q010410,2026-03-29,Website,
Q010475,2026-03-29,Website,
Q005266,2026-03-30,Instagram,B006778
Q005292,2026-03-30,OTA,B006809
Q005321,2026-03-30,Website,B006858
Q005396,2026-03-30,Referral,B006958
Q005487,2026-03-30,OTA,B007075
Q009267,2026-03-30,Walk-in,
Q009348,2026-03-30,OTA,
Q009582,2026-03-30,Website,
Q009793,2026-03-30,Walk-in,
Q009816,2026-03-30,Referral,
Q010424,2026-03-30,Website,
Q010510,2026-03-30,OTA,
Q010573,2026-03-30,OTA,
Q005196,2026-03-31,OTA,B006688
Q005343,2026-03-31,Walk-in,B006887
Q005377,2026-03-31,OTA,B006934
Q005484,2026-03-31,Website,B007067
Q008791,2026-03-31,OTA,
Q008928,2026-03-31,Website,
Q009141,2026-03-31,Website,
Q009441,2026-03-31,Instagram,
Q009514,2026-03-31,OTA,
Q009528,2026-03-31,OTA,
Q009650,2026-03-31,Instagram,
Q009754,2026-03-31,Walk-in,
Q009788,2026-03-31,Walk-in,
Q010306,2026-03-31,OTA,
Q010313,2026-03-31,OTA,
Q010398,2026-03-31,Hotel Partner,
Q005197,2026-04-01,OTA,B006689
Q005211,2026-04-01,OTA,B006705
Q005270,2026-04-01,Website,B006783
Q005302,2026-04-01,Instagram,B006826
Q005318,2026-04-01,Instagram,B006851
Q005336,2026-04-01,Hotel Partner,B006879
Q005340,2026-04-01,Referral,B006883
Q005456,2026-04-01,Hotel Partner,B007035
Q005474,2026-04-01,Website,B007055
Q008610,2026-04-01,OTA,
Q008881,2026-04-01,Instagram,
Q009330,2026-04-01,OTA,
Q009562,2026-04-01,Instagram,
Q009791,2026-04-01,OTA,
Q010043,2026-04-01,Website,
Q010107,2026-04-01,OTA,
Q010295,2026-04-01,OTA,
Q010339,2026-04-01,Instagram,
Q010484,2026-04-01,Referral,
Q010546,2026-04-01,Website,
Q010569,2026-04-01,OTA,
Q010621,2026-04-01,OTA,
Q010651,2026-04-01,Walk-in,
Q010773,2026-04-01,OTA,
Q005276,2026-04-02,Instagram,B006790
Q005350,2026-04-02,OTA,B006896
Q005473,2026-04-02,Instagram,B007054
Q005503,2026-04-02,Referral,B007102
Q008765,2026-04-02,Instagram,
Q009035,2026-04-02,Instagram,
Q009054,2026-04-02,Instagram,
Q009790,2026-04-02,Walk-in,
Q009802,2026-04-02,Walk-in,
Q010233,2026-04-02,Website,
Q010291,2026-04-02,Instagram,
Q010312,2026-04-02,Walk-in,
Q010321,2026-04-02,OTA,
Q010420,2026-04-02,OTA,
Q010483,2026-04-02,Walk-in,
Q010843,2026-04-02,OTA,
Q002156,2026-04-03,Walk-in,B007082
Q005228,2026-04-03,OTA,B006726
Q005418,2026-04-03,Walk-in,B006986
Q005427,2026-04-03,OTA,B006998
Q005438,2026-04-03,Hotel Partner,B007012
Q005560,2026-04-03,OTA,B007168
Q008806,2026-04-03,OTA,
Q008872,2026-04-03,Walk-in,
Q008999,2026-04-03,Instagram,
Q009068,2026-04-03,OTA,
Q009444,2026-04-03,Website,
Q009520,2026-04-03,OTA,
Q009534,2026-04-03,OTA,
Q009645,2026-04-03,OTA,
Q009899,2026-04-03,OTA,
Q010049,2026-04-03,Referral,
Q010221,2026-04-03,Hotel Partner,
Q010352,2026-04-03,OTA,
Q010375,2026-04-03,OTA,
Q005223,2026-04-04,Website,B006720
Q005232,2026-04-04,Website,B006731
Q005363,2026-04-04,OTA,B006916
Q005410,2026-04-04,Referral,B006977
Q005499,2026-04-04,Hotel Partner,B007096
Q005508,2026-04-04,Instagram,B007107
Q005551,2026-04-04,Instagram,B007157
Q005558,2026-04-04,Walk-in,B007166
Q008526,2026-04-04,OTA,
Q009232,2026-04-04,OTA,
Q009512,2026-04-04,OTA,
Q009826,2026-04-04,Hotel Partner,
Q009883,2026-04-04,OTA,
Q010286,2026-04-04,OTA,
Q010814,2026-04-04,Referral,
Q005324,2026-04-05,Walk-in,B006862
Q005358,2026-04-05,Referral,B006907
Q005362,2026-04-05,Referral,B006915
Q005383,2026-04-05,Website,B006941
Q005394,2026-04-05,Website,B006955
Q005429,2026-04-05,Website,B007000
Q005512,2026-04-05,Hotel Partner,B007114
Q008542,2026-04-05,Instagram,
Q008894,2026-04-05,OTA,
Q009431,2026-04-05,OTA,
Q009530,2026-04-05,Hotel Partner,
Q009745,2026-04-05,OTA,
Q009838,2026-04-05,Walk-in,
Q009920,2026-04-05,Referral,
Q009955,2026-04-05,OTA,
Q010007,2026-04-05,OTA,
Q010200,2026-04-05,Instagram,
Q010351,2026-04-05,OTA,
Q010636,2026-04-05,Instagram,
Q010663,2026-04-05,Referral,
Q005238,2026-04-06,Instagram,B006737
Q005269,2026-04-06,Referral,B006782
Q005322,2026-04-06,Website,B006859
Q005334,2026-04-06,Hotel Partner,B006877
Q005375,2026-04-06,Website,B006931
Q005381,2026-04-06,Referral,B006939
Q005386,2026-04-06,OTA,B006945
Q005390,2026-04-06,Website,B006950
Q005413,2026-04-06,Walk-in,B006980
Q005424,2026-04-06,OTA,B006993
Q005460,2026-04-06,Referral,B007039
Q005482,2026-04-06,OTA,B007065
Q005525,2026-04-06,Website,B007127
Q008567,2026-04-06,OTA,
Q008694,2026-04-06,OTA,
Q009069,2026-04-06,Walk-in,
Q009470,2026-04-06,OTA,
Q009484,2026-04-06,Hotel Partner,
Q009516,2026-04-06,Walk-in,
Q009828,2026-04-06,Website,
Q010024,2026-04-06,Walk-in,
Q010681,2026-04-06,Walk-in,
Q010775,2026-04-06,Instagram,
Q005236,2026-04-07,OTA,B006735
Q005312,2026-04-07,Referral,B006841
Q005395,2026-04-07,Referral,B006956
Q005472,2026-04-07,Instagram,B007051
Q005534,2026-04-07,Instagram,B007136
Q005538,2026-04-07,Website,B007140
Q005559,2026-04-07,OTA,B007167
Q008733,2026-04-07,OTA,
Q009548,2026-04-07,Hotel Partner,
Q009702,2026-04-07,Walk-in,
Q009794,2026-04-07,Walk-in,
Q009825,2026-04-07,Website,
Q009930,2026-04-07,Walk-in,
Q009943,2026-04-07,Walk-in,
Q010102,2026-04-07,OTA,
Q010182,2026-04-07,OTA,
Q010189,2026-04-07,Walk-in,
Q010472,2026-04-07,OTA,
Q010558,2026-04-07,OTA,
Q010596,2026-04-07,Website,
Q005273,2026-04-08,Hotel Partner,B006786
Q005329,2026-04-08,OTA,B006870
Q005345,2026-04-08,OTA,B006889
Q005411,2026-04-08,Website,B006978
Q005447,2026-04-08,Website,B007024
Q005478,2026-04-08,Referral,B007060
Q005511,2026-04-08,Website,B007112
Q005536,2026-04-08,Walk-in,B007138
Q008666,2026-04-08,OTA,
Q009227,2026-04-08,Website,
Q009463,2026-04-08,Walk-in,
Q009585,2026-04-08,Referral,
Q010374,2026-04-08,Referral,
Q005316,2026-04-09,OTA,B006847
Q005445,2026-04-09,Website,B007021
Q005468,2026-04-09,OTA,B007047
Q005505,2026-04-09,Referral,B007104
Q005530,2026-04-09,Website,B007132
Q008876,2026-04-09,OTA,
Q009230,2026-04-09,Referral,
Q009243,2026-04-09,Hotel Partner,
Q009435,2026-04-09,Instagram,
Q009471,2026-04-09,OTA,
Q009531,2026-04-09,OTA,
Q009929,2026-04-09,OTA,
Q010025,2026-04-09,Website,
Q010756,2026-04-09,OTA,
Q010782,2026-04-09,OTA,
Q005278,2026-04-10,OTA,B006792
Q005303,2026-04-10,Instagram,B006827
Q005419,2026-04-10,Walk-in,B006987
Q005528,2026-04-10,Walk-in,B007130
Q005544,2026-04-10,OTA,B007147
Q008543,2026-04-10,OTA,
Q008689,2026-04-10,OTA,
Q009242,2026-04-10,Website,
Q009262,2026-04-10,OTA,
Q009904,2026-04-10,Website,
Q010231,2026-04-10,OTA,
Q010413,2026-04-10,OTA,
Q010674,2026-04-10,Walk-in,
Q005356,2026-04-11,Instagram,B006905
Q005485,2026-04-11,OTA,B007071
Q005524,2026-04-11,Hotel Partner,B007126
Q008713,2026-04-11,OTA,
Q009034,2026-04-11,Website,
Q009082,2026-04-11,Walk-in,
Q010197,2026-04-11,Website,
Q010218,2026-04-11,Referral,
Q010610,2026-04-11,Walk-in,
Q005467,2026-04-12,Referral,B007046
Q008641,2026-04-12,Hotel Partner,
Q008884,2026-04-12,Walk-in,
Q009753,2026-04-12,Referral,
Q009772,2026-04-12,Referral,
Q009913,2026-04-12,Instagram,
Q010258,2026-04-12,OTA,
Q010618,2026-04-12,OTA,
Q005308,2026-04-13,Website,B006832
Q005489,2026-04-13,OTA,B007084
Q008669,2026-04-13,Website,
Q008755,2026-04-13,Hotel Partner,
Q008883,2026-04-13,Walk-in,
Q009672,2026-04-13,Walk-in,
Q009964,2026-04-13,Referral,
Q010246,2026-04-13,Website,
Q010356,2026-04-13,Website,
Q010801,2026-04-13,OTA,
Q005295,2026-04-14,OTA,B006813
Q005378,2026-04-14,Referral,B006935
Q005439,2026-04-14,OTA,B007013
Q005486,2026-04-14,OTA,B007073
Q005540,2026-04-14,Walk-in,B007142
Q008544,2026-04-14,OTA,
Q008632,2026-04-14,Walk-in,
Q008810,2026-04-14,Walk-in,
Q008896,2026-04-14,OTA,
Q009003,2026-04-14,Referral,
Q009189,2026-04-14,OTA,
Q009270,2026-04-14,OTA,
Q009439,2026-04-14,OTA,
Q009886,2026-04-14,Hotel Partner,
Q010125,2026-04-14,OTA,
Q010485,2026-04-14,Instagram,
Q010585,2026-04-14,Website,
Q010722,2026-04-14,OTA,
Q010754,2026-04-14,Walk-in,
Q010800,2026-04-14,Walk-in,
Q010811,2026-04-14,Referral,
Q010832,2026-04-14,Walk-in,
Q005450,2026-04-15,Walk-in,B007028
Q008921,2026-04-15,OTA,
Q008957,2026-04-15,Website,
Q009188,2026-04-15,Walk-in,
Q009701,2026-04-15,Referral,
Q009775,2026-04-15,Instagram,
Q009881,2026-04-15,OTA,
Q010044,2026-04-15,Walk-in,
Q010180,2026-04-15,Walk-in,
Q010449,2026-04-15,OTA,
Q010461,2026-04-15,Instagram,
Q010619,2026-04-15,OTA,
Q010645,2026-04-15,Walk-in,
Q010708,2026-04-15,OTA,
Q010759,2026-04-15,OTA,
Q005366,2026-04-16,Referral,B006919
Q005401,2026-04-16,Hotel Partner,B006964
Q008576,2026-04-16,Website,
Q009080,2026-04-16,Hotel Partner,
Q009197,2026-04-16,OTA,
Q009532,2026-04-16,Walk-in,
Q010355,2026-04-16,Walk-in,
Q010841,2026-04-16,OTA,
Q005400,2026-04-17,Website,B006963
Q005441,2026-04-17,Website,B007015
Q005550,2026-04-17,Instagram,B007154
Q008516,2026-04-17,Walk-in,
Q008534,2026-04-17,Walk-in,
Q008538,2026-04-17,Instagram,
Q008646,2026-04-17,OTA,
Q008771,2026-04-17,Walk-in,
Q008952,2026-04-17,Referral,
Q009298,2026-04-17,Instagram,
Q009331,2026-04-17,OTA,
Q009491,2026-04-17,Walk-in,
Q009685,2026-04-17,Walk-in,
Q009902,2026-04-17,OTA,
Q010650,2026-04-17,Instagram,
Q005408,2026-04-18,OTA,B006974
Q005435,2026-04-18,Referral,B007008
Q005483,2026-04-18,Referral,B007066
Q008601,2026-04-18,Instagram,
Q008685,2026-04-18,Walk-in,
Q008792,2026-04-18,Walk-in,
Q008800,2026-04-18,Walk-in,
Q008987,2026-04-18,OTA,
Q009155,2026-04-18,OTA,
Q009453,2026-04-18,Instagram,
Q009481,2026-04-18,OTA,
Q009864,2026-04-18,Hotel Partner,
Q009953,2026-04-18,Instagram,
Q005430,2026-04-19,OTA,B007001
Q005471,2026-04-19,Instagram,B007050
Q005541,2026-04-19,Walk-in,B007143
Q005562,2026-04-19,Website,B007171
Q008577,2026-04-19,OTA,
Q008795,2026-04-19,OTA,
Q008904,2026-04-19,Hotel Partner,
Q009139,2026-04-19,Referral,
Q009258,2026-04-19,Referral,
Q009377,2026-04-19,Referral,
Q009678,2026-04-19,Referral,
Q009694,2026-04-19,Website,
Q010362,2026-04-19,OTA,
Q010622,2026-04-19,Walk-in,
Q010714,2026-04-19,Instagram,
Q005398,2026-04-20,Hotel Partner,B006960
Q005426,2026-04-20,OTA,B006997
Q005440,2026-04-20,Referral,B007014
Q005458,2026-04-20,Walk-in,B007037
Q005469,2026-04-20,Instagram,B007048
Q005481,2026-04-20,Walk-in,B007064
Q005490,2026-04-20,Walk-in,B007085
Q005497,2026-04-20,Instagram,B007094
Q005507,2026-04-20,Referral,B007106
Q005535,2026-04-20,Referral,B007137
Q005543,2026-04-20,Instagram,B007146
Q008579,2026-04-20,Instagram,
Q009421,2026-04-20,OTA,
Q009605,2026-04-20,Referral,
Q009741,2026-04-20,Instagram,
Q010138,2026-04-20,Website,
Q010606,2026-04-20,OTA,
Q005463,2026-04-21,Instagram,B007042
Q005556,2026-04-21,Website,B007164
Q008645,2026-04-21,Walk-in,
Q008908,2026-04-21,Website,
Q009275,2026-04-21,Walk-in,
Q009338,2026-04-21,OTA,
Q009427,2026-04-21,Referral,
Q009503,2026-04-21,Referral,
Q010151,2026-04-21,Website,
Q010407,2026-04-21,Instagram,
Q005335,2026-04-22,OTA,B006878
Q005470,2026-04-22,Website,B007049
Q005514,2026-04-22,Referral,B007116
Q005537,2026-04-22,Website,B007139
Q008552,2026-04-22,Referral,
Q008613,2026-04-22,OTA,
Q008629,2026-04-22,OTA,
Q008832,2026-04-22,OTA,
Q009077,2026-04-22,Website,
Q009121,2026-04-22,OTA,
Q009292,2026-04-22,Walk-in,
Q009321,2026-04-22,Website,
Q009469,2026-04-22,OTA,
Q009959,2026-04-22,Website,
Q010048,2026-04-22,Hotel Partner,
Q010479,2026-04-22,OTA,
Q010581,2026-04-22,Instagram,
Q010684,2026-04-22,Instagram,
Q005448,2026-04-23,Walk-in,B007025
Q005461,2026-04-23,Instagram,B007040
Q005466,2026-04-23,Walk-in,B007045
Q008720,2026-04-23,Walk-in,
Q008813,2026-04-23,Instagram,
Q008835,2026-04-23,OTA,
Q008845,2026-04-23,OTA,
Q008969,2026-04-23,Walk-in,
Q009085,2026-04-23,Walk-in,
Q010273,2026-04-23,OTA,
Q010333,2026-04-23,OTA,
Q010802,2026-04-23,Referral,
Q005457,2026-04-24,Walk-in,B007036
Q005502,2026-04-24,OTA,B007101
Q005527,2026-04-24,OTA,B007129
Q005557,2026-04-24,Instagram,B007165
Q008581,2026-04-24,Walk-in,
Q008582,2026-04-24,Referral,
Q008811,2026-04-24,Walk-in,
Q008924,2026-04-24,Walk-in,
Q009066,2026-04-24,Walk-in,
Q009263,2026-04-24,Hotel Partner,
Q009417,2026-04-24,Walk-in,
Q009806,2026-04-24,Hotel Partner,
Q010467,2026-04-24,Referral,
Q010501,2026-04-24,Instagram,
Q010670,2026-04-24,Website,
Q010700,2026-04-24,Instagram,
Q005349,2026-04-25,Walk-in,B006894
Q005367,2026-04-25,Instagram,B006920
Q005389,2026-04-25,Instagram,B006949
Q005404,2026-04-25,Instagram,B006969
Q005432,2026-04-25,Website,B007004
Q005462,2026-04-25,Referral,B007041
Q005465,2026-04-25,Hotel Partner,B007044
Q005506,2026-04-25,OTA,B007105
Q005545,2026-04-25,OTA,B007148
Q005555,2026-04-25,Walk-in,B007163
Q008532,2026-04-25,OTA,
Q008603,2026-04-25,Website,
Q008647,2026-04-25,Instagram,
Q008692,2026-04-25,Referral,
Q008744,2026-04-25,OTA,
Q008868,2026-04-25,Hotel Partner,
Q009349,2026-04-25,Instagram,
Q010271,2026-04-25,OTA,
Q005399,2026-04-26,Instagram,B006962
Q005422,2026-04-26,Walk-in,B006991
Q005425,2026-04-26,OTA,B006994
Q005436,2026-04-26,Walk-in,B007009
Q008620,2026-04-26,OTA,
Q008719,2026-04-26,OTA,
Q009064,2026-04-26,OTA,
Q009123,2026-04-26,Walk-in,
Q009219,2026-04-26,OTA,
Q009474,2026-04-26,Walk-in,
Q009523,2026-04-26,OTA,
Q009796,2026-04-26,Referral,
Q010032,2026-04-26,Website,
Q010414,2026-04-26,Referral,
Q010433,2026-04-26,Website,
Q005402,2026-04-27,Walk-in,B006967
Q005449,2026-04-27,OTA,B007027
Q005476,2026-04-27,Walk-in,B007058
Q005521,2026-04-27,OTA,B007123
Q005531,2026-04-27,Hotel Partner,B007133
Q005548,2026-04-27,Instagram,B007152
Q005549,2026-04-27,OTA,B007153
Q008537,2026-04-27,Website,
Q008559,2026-04-27,OTA,
Q008660,2026-04-27,Referral,
Q008947,2026-04-27,Walk-in,
Q008966,2026-04-27,Website,
Q009668,2026-04-27,OTA,
Q009998,2026-04-27,Referral,
Q010132,2026-04-27,Instagram,
Q010171,2026-04-27,Hotel Partner,
Q010361,2026-04-27,Walk-in,
Q010823,2026-04-27,OTA,
Q005442,2026-04-28,OTA,B007016
Q005459,2026-04-28,Instagram,B007038
Q005493,2026-04-28,Referral,B007090
Q005513,2026-04-28,Instagram,B007115
Q008506,2026-04-28,Hotel Partner,
Q008906,2026-04-28,OTA,
Q008980,2026-04-28,OTA,
Q009296,2026-04-28,Walk-in,
Q009890,2026-04-28,Website,
Q010184,2026-04-28,OTA,
Q010749,2026-04-28,Walk-in,
Q005500,2026-04-29,Referral,B007097
Q005529,2026-04-29,Website,B007131
Q005561,2026-04-29,Walk-in,B007169
Q008734,2026-04-29,Hotel Partner,
Q008963,2026-04-29,Walk-in,
Q009048,2026-04-29,Walk-in,
Q009084,2026-04-29,OTA,
Q009294,2026-04-29,Referral,
Q009780,2026-04-29,OTA,
Q010604,2026-04-29,Walk-in,
Q010837,2026-04-29,OTA,
Q005504,2026-04-30,Referral,B007103
Q005547,2026-04-30,Website,B007150
Q008600,2026-04-30,Website,
Q008781,2026-04-30,OTA,
Q009071,2026-04-30,Walk-in,
Q009318,2026-04-30,Walk-in,
Q009595,2026-04-30,Walk-in,
Q009643,2026-04-30,Walk-in,
Q009750,2026-04-30,OTA,
Q009903,2026-04-30,Website,
Q010001,2026-04-30,Referral,
Q010369,2026-04-30,Hotel Partner,
Q010594,2026-04-30,Website,
Q010803,2026-04-30,Instagram,
Q005454,2026-05-01,OTA,B007032
Q005477,2026-05-01,OTA,B007059
Q005496,2026-05-01,Website,B007093
Q005517,2026-05-01,OTA,B007119
Q005520,2026-05-01,Walk-in,B007122
Q008618,2026-05-01,Website,
Q008851,2026-05-01,Walk-in,
Q009029,2026-05-01,Hotel Partner,
Q009201,2026-05-01,Referral,
Q009572,2026-05-01,OTA,
Q009591,2026-05-01,Website,
Q009603,2026-05-01,Website,
Q009631,2026-05-01,OTA,
Q009976,2026-05-01,OTA,
Q010100,2026-05-01,OTA,
Q010170,2026-05-01,Hotel Partner,
Q010737,2026-05-01,Website,
Q005518,2026-05-02,OTA,B007120
Q008736,2026-05-02,OTA,
Q008747,2026-05-02,Walk-in,
Q008805,2026-05-02,OTA,
Q009468,2026-05-02,Referral,
Q009598,2026-05-02,Walk-in,
Q009752,2026-05-02,OTA,
Q010298,2026-05-02,OTA,
Q010411,2026-05-02,Website,
Q010664,2026-05-02,Hotel Partner,
Q010821,2026-05-02,Instagram,
Q005539,2026-05-03,OTA,B007141
Q008520,2026-05-03,Website,
Q008637,2026-05-03,Walk-in,
Q008763,2026-05-03,Website,
Q009358,2026-05-03,OTA,
Q009422,2026-05-03,Website,
Q009522,2026-05-03,Instagram,
Q009684,2026-05-03,Instagram,
Q010119,2026-05-03,Hotel Partner,
Q010377,2026-05-03,Referral,
Q010503,2026-05-03,Instagram,
Q010584,2026-05-03,OTA,
Q005409,2026-05-04,Website,B006976
Q005480,2026-05-04,Website,B007063
Q005553,2026-05-04,Walk-in,B007160
Q008664,2026-05-04,OTA,
Q008919,2026-05-04,OTA,
Q008939,2026-05-04,OTA,
Q009153,2026-05-04,Hotel Partner,
Q009420,2026-05-04,Walk-in,
Q009814,2026-05-04,Referral,
Q010137,2026-05-04,Instagram,
Q010308,2026-05-04,OTA,
Q005444,2026-05-05,OTA,B007019
Q005491,2026-05-05,OTA,B007087
Q005495,2026-05-05,Referral,B007092
Q005533,2026-05-05,Website,B007135
Q008938,2026-05-05,Instagram,
Q009009,2026-05-05,Referral,
Q009185,2026-05-05,Walk-in,
Q009327,2026-05-05,Instagram,
Q009409,2026-05-05,Website,
Q010315,2026-05-05,Walk-in,
Q010416,2026-05-05,OTA,
Q005532,2026-05-06,Walk-in,B007134
Q008857,2026-05-06,Referral,
Q009043,2026-05-06,Hotel Partner,
Q009090,2026-05-06,Instagram,
Q009092,2026-05-06,Referral,
Q010010,2026-05-06,OTA,
Q010099,2026-05-06,Website,
Q010135,2026-05-06,Website,
Q010798,2026-05-06,Hotel Partner,
Q010825,2026-05-06,Hotel Partner,
Q005433,2026-05-07,OTA,B007006
Q005498,2026-05-07,Website,B007095
Q008565,2026-05-07,OTA,
Q008673,2026-05-07,Instagram,
Q009288,2026-05-07,Walk-in,
Q009657,2026-05-07,Walk-in,
Q010199,2026-05-07,Website,
Q010560,2026-05-07,Hotel Partner,
Q010735,2026-05-07,Referral,
Q005464,2026-05-08,OTA,B007043
Q008659,2026-05-08,OTA,
Q008731,2026-05-08,OTA,
Q009221,2026-05-08,Walk-in,
Q009233,2026-05-08,Walk-in,
Q009599,2026-05-08,Walk-in,
Q009663,2026-05-08,Walk-in,
Q009740,2026-05-08,OTA,
Q009751,2026-05-08,Website,
Q010092,2026-05-08,OTA,
Q010325,2026-05-08,Hotel Partner,
Q010460,2026-05-08,Website,
Q010464,2026-05-08,Walk-in,
Q010607,2026-05-08,Instagram,
Q010715,2026-05-08,Referral,
Q005519,2026-05-09,Instagram,B007121
Q008994,2026-05-09,Website,
Q009138,2026-05-09,Hotel Partner,
Q009831,2026-05-09,Hotel Partner,
Q010578,2026-05-09,OTA,
Q010694,2026-05-09,Referral,
Q009020,2026-05-10,OTA,
Q009304,2026-05-10,OTA,
Q009638,2026-05-10,OTA,
Q009656,2026-05-10,Referral,
Q009696,2026-05-10,Walk-in,
Q010341,2026-05-10,Website,
Q010559,2026-05-10,OTA,
Q010640,2026-05-10,OTA,
Q010721,2026-05-10,Referral,
Q010747,2026-05-10,Website,
Q008527,2026-05-11,OTA,
Q008651,2026-05-11,Walk-in,
Q008691,2026-05-11,OTA,
Q008738,2026-05-11,OTA,
Q008852,2026-05-11,Hotel Partner,
Q008882,2026-05-11,Instagram,
Q008926,2026-05-11,OTA,
Q010173,2026-05-11,OTA,
Q010278,2026-05-11,Instagram,
Q010836,2026-05-11,OTA,
Q005455,2026-05-12,Referral,B007034
Q005516,2026-05-12,Referral,B007118
Q005522,2026-05-12,OTA,B007124
Q005526,2026-05-12,Hotel Partner,B007128
Q009134,2026-05-12,Walk-in,
Q009193,2026-05-12,Walk-in,
Q009682,2026-05-12,Website,
Q010157,2026-05-12,Walk-in,
Q010259,2026-05-12,Referral,
Q010324,2026-05-12,Referral,
Q010574,2026-05-12,Referral,
Q010603,2026-05-12,Referral,
Q010649,2026-05-12,Referral,
Q005509,2026-05-13,Website,B007108
Q005510,2026-05-13,Walk-in,B007110
Q005546,2026-05-13,Walk-in,B007149
Q008758,2026-05-13,Website,
Q008914,2026-05-13,Walk-in,
Q009216,2026-05-13,OTA,
Q009566,2026-05-13,OTA,
Q010215,2026-05-13,Website,
Q010235,2026-05-13,OTA,
Q010685,2026-05-13,Referral,
Q005523,2026-05-14,OTA,B007125
Q005552,2026-05-14,Website,B007158
Q008566,2026-05-14,Instagram,
Q008727,2026-05-14,OTA,
Q008822,2026-05-14,OTA,
Q009061,2026-05-14,Website,
Q009154,2026-05-14,OTA,
Q009345,2026-05-14,OTA,
Q009418,2026-05-14,Website,
Q009554,2026-05-14,OTA,
Q009593,2026-05-14,Instagram,
Q009597,2026-05-14,Referral,
Q009647,2026-05-14,Hotel Partner,
Q009720,2026-05-14,Referral,
Q009855,2026-05-14,OTA,
Q009887,2026-05-14,OTA,
Q010261,2026-05-14,OTA,
Q010404,2026-05-14,Walk-in,
Q010543,2026-05-14,Instagram,
Q010587,2026-05-14,Walk-in,
Q010755,2026-05-14,Walk-in,
Q010829,2026-05-14,OTA,
Q005501,2026-05-15,Website,B007098
Q008572,2026-05-15,Instagram,
Q008770,2026-05-15,Walk-in,
Q008878,2026-05-15,Hotel Partner,
Q009361,2026-05-15,OTA,
Q009646,2026-05-15,Walk-in,
Q010780,2026-05-15,Referral,
Q005492,2026-05-16,Website,B007088
Q008502,2026-05-16,Website,
Q008523,2026-05-16,Website,
Q008554,2026-05-16,Instagram,
Q008850,2026-05-16,OTA,
Q009244,2026-05-16,Walk-in,
Q009256,2026-05-16,OTA,
Q009303,2026-05-16,OTA,
Q009307,2026-05-16,OTA,
Q009606,2026-05-16,Website,
Q009939,2026-05-16,Walk-in,
Q010019,2026-05-16,OTA,
Q010506,2026-05-16,Website,
Q010834,2026-05-16,OTA,
Q005515,2026-05-17,Website,B007117
Q008678,2026-05-17,OTA,
Q008996,2026-05-17,Referral,
Q009033,2026-05-17,OTA,
Q009942,2026-05-17,Website,
Q010026,2026-05-17,Website,
Q010299,2026-05-17,OTA,
Q010327,2026-05-17,Instagram,
Q010602,2026-05-17,Referral,
Q009130,2026-05-18,Hotel Partner,
Q009392,2026-05-18,Walk-in,
Q009460,2026-05-18,Website,
Q009624,2026-05-18,OTA,
Q010042,2026-05-18,Referral,
Q010253,2026-05-18,OTA,
Q010805,2026-05-18,Instagram,
Q005542,2026-05-19,OTA,B007144
Q008569,2026-05-19,OTA,
Q009380,2026-05-19,OTA,
Q010108,2026-05-19,Walk-in,
Q010222,2026-05-19,Referral,
Q010247,2026-05-19,Walk-in,
Q010264,2026-05-19,Hotel Partner,
Q010431,2026-05-19,Website,
Q010668,2026-05-19,OTA,
Q008788,2026-05-20,Website,
Q009165,2026-05-20,Walk-in,
Q009236,2026-05-20,Hotel Partner,
Q009249,2026-05-20,OTA,
Q009272,2026-05-20,OTA,
Q009410,2026-05-20,Referral,
Q009818,2026-05-20,Walk-in,
Q010168,2026-05-20,OTA,
Q010655,2026-05-20,Hotel Partner,
Q005554,2026-05-21,Website,B007162
Q008623,2026-05-21,OTA,
Q008662,2026-05-21,Walk-in,
Q008725,2026-05-21,Walk-in,
Q008831,2026-05-21,Walk-in,
Q008983,2026-05-21,Website,
Q009458,2026-05-21,Walk-in,
Q009541,2026-05-21,Walk-in,
Q009568,2026-05-21,Walk-in,
Q009857,2026-05-21,Walk-in,
Q009863,2026-05-21,Walk-in,
Q009907,2026-05-21,OTA,
Q010294,2026-05-21,OTA,
Q010386,2026-05-21,Walk-in,
Q010702,2026-05-21,Walk-in,
Q010757,2026-05-21,Walk-in,
Q010794,2026-05-21,Referral,
Q008859,2026-05-22,Walk-in,
Q008943,2026-05-22,Website,
Q008949,2026-05-22,Walk-in,
Q008992,2026-05-22,Instagram,
Q009315,2026-05-22,Walk-in,
Q009402,2026-05-22,Walk-in,
Q009506,2026-05-22,OTA,
Q009518,2026-05-22,Referral,
Q009889,2026-05-22,Instagram,
Q010105,2026-05-22,OTA,
Q010112,2026-05-22,Website,
Q010183,2026-05-22,Referral,
Q010227,2026-05-22,Website,
Q008688,2026-05-23,Instagram,
Q008951,2026-05-23,OTA,
Q008954,2026-05-23,OTA,
Q009279,2026-05-23,OTA,
Q009404,2026-05-23,Walk-in,
Q009644,2026-05-23,Website,
Q009771,2026-05-23,Walk-in,
Q009811,2026-05-23,OTA,
Q009936,2026-05-23,Website,
Q009997,2026-05-23,Walk-in,
Q010023,2026-05-23,Instagram,
Q010053,2026-05-23,Hotel Partner,
Q010114,2026-05-23,Instagram,
Q010140,2026-05-23,Walk-in,
Q010600,2026-05-23,OTA,
Q010839,2026-05-23,Instagram,
Q008499,2026-05-24,Website,
Q008902,2026-05-24,Walk-in,
Q009030,2026-05-24,OTA,
Q009223,2026-05-24,Walk-in,
Q009319,2026-05-24,Instagram,
Q009575,2026-05-24,OTA,
Q009614,2026-05-24,OTA,
Q009842,2026-05-24,OTA,
Q009927,2026-05-24,OTA,
Q010066,2026-05-24,Website,
Q010228,2026-05-24,OTA,
Q010332,2026-05-24,OTA,
Q010435,2026-05-24,Website,
Q010533,2026-05-24,Instagram,
Q010678,2026-05-24,Hotel Partner,
Q008611,2026-05-25,Walk-in,
Q008743,2026-05-25,Instagram,
Q008888,2026-05-25,Walk-in,
Q008941,2026-05-25,Instagram,
Q009106,2026-05-25,Website,
Q009137,2026-05-25,Walk-in,
Q009238,2026-05-25,OTA,
Q009386,2026-05-25,OTA,
Q009632,2026-05-25,Referral,
Q010003,2026-05-25,Instagram,
Q010088,2026-05-25,Walk-in,
Q010667,2026-05-25,Instagram,
Q010677,2026-05-25,Website,
Q010761,2026-05-25,Referral,
Q008697,2026-05-26,Walk-in,
Q008764,2026-05-26,Website,
Q008830,2026-05-26,OTA,
Q008846,2026-05-26,Instagram,
Q009012,2026-05-26,Walk-in,
Q009128,2026-05-26,Walk-in,
Q009291,2026-05-26,Website,
Q009372,2026-05-26,Website,
Q009480,2026-05-26,OTA,
Q010134,2026-05-26,OTA,
Q010147,2026-05-26,OTA,
Q010795,2026-05-26,Website,
Q008838,2026-05-27,Instagram,
Q009000,2026-05-27,Website,
Q009664,2026-05-27,Referral,
Q009759,2026-05-27,OTA,
Q009769,2026-05-27,Referral,
Q009822,2026-05-27,Instagram,
Q010041,2026-05-27,Instagram,
Q010426,2026-05-27,Instagram,
Q010605,2026-05-27,Hotel Partner,
Q008635,2026-05-28,Referral,
Q009362,2026-05-28,Referral,
Q009549,2026-05-28,Hotel Partner,
Q009563,2026-05-28,OTA,
Q009659,2026-05-28,Walk-in,
Q009697,2026-05-28,Instagram,
Q009735,2026-05-28,Walk-in,
Q009768,2026-05-28,Referral,
Q009950,2026-05-28,OTA,
Q009972,2026-05-28,OTA,
Q010310,2026-05-28,Website,
Q010323,2026-05-28,OTA,
Q010638,2026-05-28,Hotel Partner,
Q010738,2026-05-28,Referral,
Q008993,2026-05-29,Walk-in,
Q009347,2026-05-29,OTA,
Q009490,2026-05-29,Walk-in,
Q009781,2026-05-29,OTA,
Q009894,2026-05-29,Walk-in,
Q009935,2026-05-29,OTA,
Q010156,2026-05-29,Referral,
Q010300,2026-05-29,Instagram,
Q010337,2026-05-29,Walk-in,
Q010427,2026-05-29,OTA,
Q010624,2026-05-29,OTA,
Q010723,2026-05-29,OTA,
Q008513,2026-05-30,Referral,
Q008674,2026-05-30,OTA,
Q008739,2026-05-30,Website,
Q008885,2026-05-30,Walk-in,
Q009024,2026-05-30,OTA,
Q009497,2026-05-30,Website,
Q010087,2026-05-30,OTA,
Q010719,2026-05-30,OTA,
Q009047,2026-05-31,Walk-in,
Q009352,2026-05-31,Instagram,
Q009394,2026-05-31,Walk-in,
Q009396,2026-05-31,Referral,
Q009405,2026-05-31,Website,
Q009502,2026-05-31,Walk-in,
Q009525,2026-05-31,Website,
Q009660,2026-05-31,Website,
Q009757,2026-05-31,Instagram,
Q009891,2026-05-31,OTA,
Q010079,2026-05-31,OTA,
Q010175,2026-05-31,Website,
Q010208,2026-05-31,OTA,
Q010225,2026-05-31,Walk-in,
Q010438,2026-05-31,OTA,
Q010456,2026-05-31,Website,
Q010695,2026-05-31,Hotel Partner,
